	0	1	2	3	4	5	6	7	8	9	10	11	12	13	14	15	16	17	18	19	20	21	22	23	24	25	26	27	28	29	30	31	32	33	34	35	36	37	38	39	40	41	42	43	44	45	46	47	48	49	50	51	52	53	54	55	56	57	58	59	60	61	62	63	64	65	66	67	68	69	70	71	72	73	74	75	76	77	78	79	80	81	82	83	84	85	86	87	88	89	90	91	92	93	94	95	96	97	98	99	100	101	102	103	104	105	106	107	108	109	110	111	112	113	114	115	116	117	118	119	120	121	122	123	124	125	126	127	128	129	130	131	132	133	134	135	136	137	138	139	140	141	142	143	144	145	146	147	148	149	150	151	152	153	154	155	156	157	158	159	160	161	162	163	164	165	166	167	168	169	170	171	172	173	174	175	176	177	178	179	180	181	182	183	184	185	186	187	188	189	190	191	192	193	194	195	196	197	198	199	200	201	202	203	204	205	206	207	208	209	210	211	212	213	214	215	216	217	218	219	220	221	222	223	224	225	226	227	228	229	230	231	232	233	234	235	236	237	238	239	240	241	242	243	244	245	246	247	248	249	250	251	252	253	254	255	256	257	258	259	260	261	262	263	264	265	266	267	268	269	270	271	272	273	274	275	276	277	278	279	280	281	282	283	284	285	286	287	288	289	290	291	292	293	294	295	296	297	298	299	300	301	302	303	304	305	306	307	308	309	310	311	312	313	314	315	316	317	318	319	320	321	322	323	324	325	326	327	328	329	330	331	332	333	334	335	336	337	338	339	340	341	342	343	344	345	346	347	348	349	350	351	352	353	354	355	356	357	358	359	360	361	362	363	364	365	366	367	368	369	370	371	372	373	374	375	376	377	378	379	380	381	382	383	384	385	386	387	388	389	390	391	392	393	394	395	396	397	398	399	400	401	402	403	404	405	406	407	408	409	410	411	412	413	414	415	416	417	418	419	420	421	422	423	424	425	426	427	428	429	430	431	432	433	434	435	436	437	438	439	440	441	442	443	444	445	446	447	448	449	450	451	452	453	454	455	456	457	458	459	460	461	462	463	464	465	466	467	468	469	470	471	472	473	474	475	476	477	478	479	480	481	482	483	484	485	486	487	488	489	490	491	492	493	494	495	496	497
cell0	37	35	37	31	36	39	30	42	33	45	39	28	36	35	33	42	40	43	46	40	32	52	29	33	26	51	32	37	28	34	40	26	41	31	31	33	29	38	40	49	33	27	35	38	30	29	27	30	33	27	26	30	27	34	50	31	37	30	35	40	44	44	49	36	37	23	36	45	26	38	25	28	35	36	30	27	41	35	25	27	27	34	36	31	32	24	33	31	37	35	29	37	39	45	32	36	31	34	35	30	38	26	37	35	33	23	41	34	32	48	46	35	36	27	30	43	37	37	43	40	26	33	47	38	35	35	36	47	38	31	34	17	47	34	31	26	33	31	41	35	41	35	34	33	33	34	43	28	33	31	42	33	45	28	32	32	28	39	38	33	48	37	29	52	30	41	28	35	34	32	34	34	36	36	18	36	33	31	30	29	33	26	39	39	37	34	31	39	39	26	29	43	29	30	48	43	38	37	32	29	30	36	38	34	27	34	27	37	26	31	37	32	48	40	28	32	30	30	39	37	33	36	38	33	30	33	40	31	33	40	33	39	34	28	43	37	26	43	28	46	40	34	38	37	29	31	32	33	49	34	35	48	33	41	42	35	27	38	36	32	46	36	47	32	41	44	30	32	37	38	35	32	37	27	31	30	31	38	29	30	45	35	38	25	30	40	42	27	34	36	36	24	38	38	39	23	30	38	41	41	35	39	36	43	24	37	43	39	34	32	26	30	34	34	31	41	29	30	36	24	37	35	28	36	34	37	34	33	37	39	34	44	32	37	37	37	33	27	31	33	36	31	39	41	29	35	38	39	49	46	33	30	34	39	27	44	32	42	33	31	35	39	44	31	32	23	40	36	46	34	45	35	33	34	30	39	32	35	40	39	33	36	36	35	38	49	49	39	33	34	29	32	28	48	39	32	39	35	28	26	28	25	36	41	33	40	28	37	35	45	34	38	30	30	32	30	33	39	31	34	29	41	25	34	39	37	35	28	43	32	29	38	29	34	34	28	23	43	39	43	27	45	31	40	35	28	47	37	47	29	28	44	28	40	28	31	22	30	37	31	32	38	41	39	37	40	36	34	39	40	44	34	35	31	32	24	29	31	22	43	25	37	34	34	37	30	40	31	30	40	36	39	37	22	45	34	39	34
cell1	81	68	74	63	81	68	74	65	73	57	60	82	83	79	71	70	67	57	67	66	81	68	67	66	71	50	74	73	70	65	60	87	71	66	65	66	66	61	66	71	68	64	66	71	55	57	82	78	78	81	59	54	63	82	66	66	49	68	62	65	76	60	76	71	69	54	61	60	65	61	86	58	71	57	74	68	73	71	53	82	71	72	76	72	63	62	75	66	57	59	74	73	61	52	62	64	64	73	60	59	55	85	57	51	66	48	63	58	64	65	67	67	57	64	70	63	69	79	55	62	69	61	59	67	68	75	71	72	73	58	77	75	68	55	66	71	78	73	80	82	57	77	81	77	79	75	73	70	63	77	72	75	63	72	74	65	81	81	58	66	63	70	62	77	66	75	62	62	72	77	54	63	65	92	56	72	70	64	76	68	68	66	68	61	81	50	62	61	89	60	53	73	57	76	72	65	76	74	73	73	99	57	62	73	56	67	62	77	58	71	72	72	78	72	71	70	54	65	63	63	69	58	70	71	61	67	74	76	73	63	76	63	88	66	70	74	60	71	76	76	77	67	72	59	63	61	65	70	70	78	66	67	76	69	71	65	72	106	57	76	52	73	63	78	76	87	72	63	61	61	63	64	59	74	74	66	57	59	61	62	81	70	80	63	63	56	70	64	63	80	72	76	69	69	68	70	77	76	68	56	74	81	53	81	77	61	66	76	71	77	73	73	71	75	79	79	69	76	68	81	74	71	67	64	56	67	75	79	60	66	69	65	53	75	66	64	75	78	59	63	77	64	75	63	82	65	67	74	70	65	70	69	66	55	63	62	69	82	55	48	74	82	76	65	56	54	66	52	42	64	68	73	59	53	66	63	81	76	64	79	64	89	77	71	81	60	69	68	71	55	69	66	57	59	73	61	69	86	73	70	76	63	54	72	70	59	73	57	53	61	65	74	65	77	61	66	61	69	78	56	84	65	58	77	69	62	88	56	72	61	59	66	83	58	56	67	68	57	66	71	69	78	73	55	64	84	77	53	62	75	59	80	65	61	66	61	81	62	76	83	78	59	86	62	71	77	65	70	59	47	75	71	70	72	74	74	64	61	72	80	60	87	62	67	67	78	59	64	61	58	64	74	78	75	68	61	61	67
cell2	63	44	50	62	55	54	44	31	58	67	49	53	56	47	58	44	40	50	46	50	46	55	57	42	61	52	48	53	47	50	50	52	55	41	41	41	52	48	42	33	43	45	59	65	49	60	46	57	61	63	41	36	49	52	55	64	36	54	56	68	56	48	59	45	57	43	71	46	51	54	56	45	51	48	53	45	49	58	47	50	50	53	53	54	53	56	48	62	49	51	47	60	53	50	59	41	39	47	48	55	58	57	50	48	45	49	53	49	40	54	44	59	54	41	49	47	59	37	43	56	45	49	68	45	42	64	40	65	49	44	45	52	46	60	54	43	48	70	57	51	68	52	57	52	67	49	42	67	48	47	38	37	47	50	41	61	50	52	58	57	64	50	50	53	46	53	51	58	52	50	45	50	47	59	52	55	54	53	59	63	45	55	55	62	52	65	59	60	61	44	49	60	58	48	63	38	53	51	46	63	48	47	68	55	51	54	54	59	49	50	52	54	60	42	52	61	51	52	48	66	61	43	36	54	56	60	62	44	51	39	67	50	48	60	57	48	50	46	54	39	65	42	56	42	59	52	48	61	48	53	64	31	50	40	58	57	50	71	51	59	57	46	53	33	61	59	55	44	47	54	43	55	46	44	50	49	46	61	52	46	77	40	57	56	57	50	52	48	55	56	55	54	63	49	70	55	47	54	53	54	51	54	49	53	57	53	59	60	63	53	66	44	53	41	49	38	43	53	50	68	55	56	50	50	61	39	56	50	50	52	47	56	58	45	56	31	46	44	46	51	49	54	63	63	41	45	48	45	59	45	61	57	50	58	50	56	47	51	47	47	50	45	52	54	55	38	47	46	59	49	51	55	52	44	54	56	69	57	59	41	52	53	59	47	53	50	51	52	50	48	47	50	41	59	51	59	49	57	55	45	40	40	57	57	43	50	56	44	62	59	61	49	48	45	53	60	41	68	36	56	39	64	46	60	45	57	55	50	42	54	50	52	60	49	44	48	45	36	54	53	58	55	42	54	67	61	64	57	41	63	38	74	59	65	59	42	55	47	57	57	65	50	47	51	41	54	54	61	52	47	49	49	36	40	52	48	50	46	52	64	48	53	42	62	58	49	59	56	47	41	59	54	56	67	46	38	35	44
cell3	65	51	64	60	56	59	71	47	60	60	58	42	49	62	65	54	64	40	51	46	50	53	67	43	48	52	43	73	58	52	57	61	54	44	49	50	64	55	67	57	65	49	50	47	60	58	51	54	43	64	52	59	75	57	49	64	48	73	62	51	63	49	48	61	53	51	51	62	47	52	47	51	51	48	47	51	38	59	58	52	50	42	64	52	43	57	62	55	54	62	49	74	48	54	44	52	51	59	65	56	59	47	58	56	51	42	62	50	45	60	61	60	54	44	43	58	56	42	51	63	50	57	50	51	52	62	62	47	54	70	54	66	65	61	52	46	73	58	51	54	57	60	74	65	63	52	63	57	52	42	65	45	53	52	54	51	58	63	54	60	62	55	60	61	63	71	51	58	59	63	54	54	50	74	45	49	61	55	51	50	63	48	63	45	60	42	44	60	44	48	56	72	80	48	57	52	64	61	52	59	69	51	80	56	51	62	62	42	60	59	58	50	50	60	58	51	46	53	53	54	56	53	39	59	47	39	43	50	49	52	46	49	62	61	52	62	66	49	55	57	56	58	65	52	46	60	53	61	57	54	50	61	53	54	57	49	56	39	45	48	51	62	59	62	73	58	45	63	64	53	58	54	47	49	58	64	62	57	53	57	53	48	45	53	53	48	57	44	49	48	46	46	55	59	46	47	53	55	63	51	55	65	58	53	48	65	62	44	59	51	71	58	45	57	60	52	46	66	56	66	51	58	68	34	49	46	60	56	63	47	56	65	56	55	57	60	56	49	44	41	53	64	63	52	52	64	53	49	64	57	55	53	55	57	63	44	62	56	46	56	65	42	60	56	49	64	40	68	59	47	57	56	53	48	56	64	40	79	67	52	52	57	56	56	55	54	53	50	52	57	49	44	57	44	47	49	64	65	54	50	50	50	55	47	47	51	39	41	50	46	50	50	51	43	35	68	56	57	75	54	55	44	57	55	48	40	57	46	64	47	59	54	57	59	56	57	50	44	45	54	41	52	54	49	51	59	56	56	50	45	43	58	43	46	60	63	51	45	62	47	49	57	53	55	52	54	65	63	48	60	58	46	76	54	57	60	48	60	54	69	59	66	52	53	57	54	53	55	59	56	73	55	56	56	43	55	55	42
cell4	35	19	28	31	16	19	31	22	43	29	27	40	31	23	25	36	26	26	22	32	31	29	39	28	22	19	27	27	35	35	28	25	40	27	23	18	28	38	19	41	29	22	28	33	34	44	25	32	28	27	32	32	36	29	28	30	24	35	25	34	25	30	15	28	28	28	26	31	27	39	36	16	34	28	29	21	33	28	23	32	27	25	29	27	26	20	28	34	27	21	33	24	33	18	19	28	20	35	28	25	27	22	30	25	31	25	28	39	23	25	20	37	25	31	24	23	33	35	27	18	23	34	39	26	31	26	27	19	22	32	34	27	28	21	33	29	31	24	19	28	23	22	36	29	21	24	34	33	38	22	26	23	23	34	26	22	29	35	28	34	34	25	26	23	31	38	30	27	32	26	18	26	25	32	27	30	24	38	30	31	25	20	41	27	29	29	30	26	32	20	29	24	22	31	29	28	26	36	31	21	26	28	30	23	23	31	36	25	40	24	32	36	31	27	24	23	28	30	19	27	35	27	27	26	31	28	41	28	34	25	31	35	28	36	33	25	34	28	30	32	23	37	26	29	33	25	42	28	23	40	28	43	27	21	35	32	28	30	31	32	25	24	36	34	32	24	13	28	34	34	32	27	39	32	43	16	30	32	33	27	27	25	41	34	20	28	28	31	34	34	27	23	34	38	35	28	23	26	31	22	29	45	27	23	23	20	37	25	24	31	21	22	34	24	27	33	24	25	28	20	30	29	24	22	35	30	29	27	23	32	29	28	31	33	34	24	24	28	17	23	29	31	36	30	32	32	29	32	42	23	28	38	23	31	27	20	26	22	25	25	41	23	31	31	18	25	28	24	31	23	29	18	28	27	36	29	32	18	35	29	27	30	25	29	20	24	35	28	23	28	23	30	22	19	22	30	34	32	30	23	31	31	32	22	26	28	27	30	38	38	41	34	26	25	23	42	30	31	35	37	35	30	20	35	38	21	35	23	38	22	29	23	38	34	28	26	32	31	25	21	26	32	32	35	30	40	29	28	22	22	28	28	25	26	31	30	27	32	31	41	36	19	22	27	25	32	22	26	25	21	35	36	25	35	22	22	25	24	32	43	21	34	33	24	34	25	28	27	38	27	39	32	37	28	29	30	32	19
cell5	64	61	63	55	58	57	54	66	62	54	61	56	65	61	64	69	58	57	73	58	66	66	69	52	75	74	73	65	71	62	48	66	66	63	47	57	63	67	69	72	46	61	58	53	71	65	57	106	123	133	125	100	119	131	125	129	141	131	105	133	149	131	129	129	127	122	133	128	96	112	131	121	125	113	127	121	122	123	123	136	116	58	75	57	0	0	0	51	62	70	65	64	51	61	54	63	48	49	58	62	75	56	73	48	43	48	66	73	69	69	73	48	50	43	83	69	67	56	61	62	56	61	61	62	68	61	62	49	63	55	80	60	60	56	73	54	66	65	74	57	65	52	61	45	64	56	55	73	45	66	68	57	62	50	58	62	59	59	67	76	86	46	78	71	64	66	69	61	80	89	59	49	61	72	65	76	61	55	71	75	72	51	59	73	49	74	65	78	72	62	54	64	57	61	65	50	71	67	73	67	63	65	64	69	58	56	61	73	61	60	64	67	73	58	75	70	68	52	66	72	61	53	52	60	52	63	75	58	51	57	59	69	74	64	60	61	52	58	69	64	64	65	77	59	57	59	61	57	73	65	72	67	63	47	75	68	52	71	57	55	58	59	76	52	68	67	58	76	56	70	47	71	59	55	67	56	79	56	64	59	69	62	65	55	53	77	61	50	79	59	59	70	52	58	62	62	69	62	51	57	48	64	58	67	63	52	82	64	67	76	67	68	67	53	78	64	55	57	56	55	70	46	57	60	54	54	68	66	63	66	59	68	64	58	73	54	53	62	63	70	61	69	72	49	56	72	76	65	65	73	57	53	58	56	52	53	60	70	56	55	64	52	63	56	72	60	49	55	64	51	73	65	56	69	72	71	57	56	64	63	59	76	57	59	74	64	76	54	56	64	55	59	68	63	63	71	55	62	68	84	63	50	59	62	70	53	65	76	76	69	53	74	52	62	59	71	64	64	72	64	52	56	51	67	61	56	57	57	60	64	75	69	58	60	74	40	49	69	73	70	75	54	68	66	78	70	67	70	77	65	56	60	62	70	58	65	74	60	49	58	73	68	82	51	66	68	61	82	65	57	61	79	59	55	67	47	73	71	63	69	63	61	41	53	64	66	69	60	48	54	71	66	58	60	67	64	56	67
cell6	45	61	55	54	48	64	53	52	64	44	46	55	68	47	44	54	47	64	39	38	50	52	59	66	55	62	70	65	63	60	48	54	57	62	60	64	62	54	67	66	57	49	59	53	58	69	60	116	100	107	96	110	129	108	117	124	109	105	100	119	115	115	109	109	107	105	118	96	97	109	127	105	116	111	138	124	102	123	111	113	112	70	58	58	0	0	0	59	56	58	55	55	56	44	48	40	51	46	58	53	55	45	56	42	44	39	57	60	49	69	55	57	50	33	56	50	63	51	55	74	46	67	48	46	50	64	47	52	53	72	42	60	49	54	50	63	71	40	51	53	62	56	48	60	69	45	58	77	52	57	51	71	61	42	75	57	71	53	72	66	60	55	63	58	42	54	60	50	46	54	60	53	60	54	59	52	72	72	64	71	64	49	48	57	61	60	46	78	46	58	57	46	48	60	74	54	60	64	53	68	54	49	58	57	47	54	64	61	57	46	54	47	60	57	59	66	46	42	45	64	45	49	47	44	59	68	72	52	51	70	76	59	65	51	51	60	56	50	49	46	44	50	65	58	56	69	54	63	55	49	51	54	52	59	51	54	47	55	55	49	42	68	52	48	45	47	60	53	48	54	54	56	57	49	70	47	55	42	59	63	42	56	66	68	62	57	61	66	53	49	56	43	62	62	54	60	49	58	47	54	42	58	45	46	51	50	64	50	51	50	47	42	43	41	65	50	43	59	66	55	53	56	42	47	52	65	64	45	46	57	66	47	53	59	67	61	47	68	68	47	73	67	48	43	62	65	47	61	66	49	52	53	42	44	49	50	56	54	59	49	59	51	55	53	55	58	54	62	57	53	54	60	50	52	38	68	59	61	44	57	52	72	55	61	52	57	57	64	54	52	55	47	44	48	52	54	67	53	54	47	53	53	56	42	74	60	53	61	57	45	55	35	73	58	59	66	61	56	59	67	42	57	53	59	67	56	58	57	52	54	47	52	47	47	53	65	54	58	54	62	58	56	61	48	62	63	48	50	60	51	36	61	54	58	61	54	60	56	65	62	56	52	58	37	52	66	71	77	67	45	61	47	46	49	43	54	38	58	53	62	62	48	53	53	64	59	70	44	60	53	51	53	54	45	52	46	43	45
cell7	37	21	29	24	32	26	33	25	33	37	39	33	40	29	43	29	24	34	34	27	24	32	33	37	35	35	47	34	44	35	38	45	45	38	37	38	27	44	37	34	23	48	30	38	34	40	39	19	36	34	40	40	34	40	24	46	30	42	41	44	38	28	29	33	32	36	30	40	29	36	31	41	27	24	38	39	37	43	37	44	28	27	51	30	33	30	36	33	22	25	36	41	32	25	37	37	35	30	26	29	37	32	37	31	23	22	38	37	28	45	49	31	34	34	43	39	29	34	30	26	29	38	38	31	43	43	33	39	38	41	37	45	51	26	40	30	41	28	31	35	29	40	43	39	25	31	33	36	39	24	31	41	40	34	32	29	52	36	36	35	33	32	39	33	38	39	28	30	35	29	23	32	25	36	36	32	38	44	22	40	35	27	40	29	28	32	42	35	41	38	45	22	31	34	30	34	47	36	32	36	32	38	30	33	39	37	32	41	36	34	34	43	36	38	29	27	40	28	42	32	39	43	37	27	41	20	38	30	29	47	47	40	39	42	32	38	31	36	38	48	43	36	38	35	34	38	32	40	47	33	35	38	30	43	27	38	36	30	36	36	28	30	31	33	23	43	27	34	28	25	33	44	29	37	44	35	31	32	32	25	39	27	36	33	31	36	35	32	29	35	32	36	46	36	43	39	28	42	22	30	33	53	42	34	31	29	31	32	42	40	32	36	36	36	38	40	40	36	31	31	28	35	25	31	38	37	32	41	27	39	31	41	34	38	45	33	30	33	31	33	32	31	42	30	39	31	28	47	38	25	38	23	41	31	28	34	34	29	33	39	31	38	33	29	40	40	35	36	56	33	29	36	46	33	42	36	36	29	31	37	33	41	36	29	38	37	34	35	29	32	31	34	33	25	32	24	38	28	37	29	31	36	41	34	42	45	34	23	40	43	39	40	39	49	37	49	31	33	36	34	37	48	40	36	31	30	35	31	35	28	43	36	26	36	30	18	15	28	26	32	36	34	36	36	33	30	36	41	36	45	35	46	34	36	31	31	41	31	40	41	34	25	36	32	31	34	32	44	33	47	35	30	35	39	32	28	24	29	29	39	44	32	39	30	38	35	39	30	36	36	48	31	40	32	36	30	38	25
cell8	50	53	30	55	32	39	31	29	42	39	39	43	46	36	35	37	37	53	47	48	50	36	31	45	45	40	49	39	43	41	50	52	57	39	34	31	46	47	45	38	44	36	42	31	47	28	38	47	37	36	56	45	40	37	44	49	33	41	29	47	43	41	51	34	39	46	28	37	50	35	47	43	52	41	36	20	41	35	54	45	53	43	34	36	42	43	49	37	38	37	39	38	47	42	44	41	53	42	33	37	49	35	44	43	45	43	40	41	55	43	39	38	42	41	42	46	38	54	41	41	44	32	37	39	31	52	31	51	37	38	39	40	39	44	52	39	41	39	45	45	47	44	47	38	53	43	46	48	41	31	45	47	35	35	43	35	45	60	48	48	43	37	48	41	33	34	38	57	49	40	44	32	42	46	47	50	48	39	33	46	34	40	42	53	35	42	45	38	39	57	38	47	40	39	45	50	39	41	47	35	43	37	35	45	45	31	47	32	49	36	50	20	47	35	35	40	42	30	44	60	48	47	46	41	45	57	39	44	40	36	35	61	45	37	32	43	34	56	30	38	45	52	43	42	39	41	38	47	51	53	42	38	40	44	38	54	52	41	40	36	42	48	32	49	35	37	37	50	47	38	34	51	45	40	40	36	37	35	36	39	35	46	45	36	31	42	31	36	46	36	47	42	41	36	41	53	42	47	44	44	37	41	40	47	40	40	45	38	40	40	43	36	31	29	40	46	25	34	44	39	40	45	30	27	43	51	30	53	50	37	42	33	44	53	44	39	46	47	41	39	54	32	55	48	37	38	42	44	56	33	34	43	34	55	41	37	39	47	28	44	41	36	39	42	40	32	39	46	48	38	48	43	41	38	36	42	42	35	42	44	51	43	37	36	37	46	38	44	53	40	39	32	45	45	38	49	48	31	50	45	45	30	38	40	32	46	39	46	40	46	39	57	45	38	47	41	47	29	39	50	55	34	31	42	60	44	49	53	35	32	43	30	45	41	57	29	33	41	42	49	41	36	44	48	36	49	54	42	44	51	39	40	43	60	40	48	51	45	27	40	58	43	41	50	49	48	44	46	38	42	47	47	32	44	42	40	29	41	38	40	37	34	42	37	33	35	44	32	36	44	39	35	56	35	43	42	49	37
cell9	49	55	57	52	40	48	57	41	50	44	52	53	50	63	50	43	43	55	46	43	50	64	59	47	73	53	55	52	38	52	57	52	68	41	48	51	63	43	60	41	43	37	62	45	57	62	41	53	57	54	51	48	51	51	56	48	56	56	49	59	51	52	56	75	55	43	52	53	50	41	63	48	66	54	49	41	48	54	29	52	44	55	55	47	39	48	61	54	49	66	46	47	46	58	55	49	42	48	55	47	57	54	47	47	43	47	55	48	58	52	59	56	48	49	50	59	62	45	56	57	43	41	47	48	58	41	35	71	64	46	56	61	54	47	48	50	46	33	56	55	70	60	54	48	50	63	57	54	61	47	52	45	51	59	56	56	50	55	62	65	57	52	42	55	58	61	52	68	55	63	50	50	52	50	42	55	46	51	62	63	50	34	57	51	48	63	47	54	37	61	53	54	47	46	51	48	40	40	47	44	57	44	52	66	50	47	68	58	53	58	58	57	56	39	52	49	52	47	51	62	50	54	55	53	47	55	47	58	44	45	54	63	63	53	55	61	43	60	59	45	52	52	48	43	58	51	53	66	52	57	39	71	40	47	60	53	55	38	54	54	59	53	68	52	55	50	45	66	51	49	53	47	40	44	39	47	40	59	58	60	47	55	42	58	49	58	59	55	46	41	53	55	61	44	41	46	52	51	60	43	59	46	63	62	51	48	54	41	57	55	57	43	48	42	53	75	58	48	55	54	46	69	48	55	49	52	47	58	54	54	52	41	57	65	39	45	53	58	55	46	42	41	50	52	46	53	65	51	49	68	48	48	42	64	47	59	38	46	61	46	60	46	50	38	48	48	56	51	53	52	53	59	53	40	52	71	43	61	49	34	62	46	56	57	52	71	50	69	54	45	62	63	46	59	41	45	45	42	50	47	65	44	48	43	43	49	50	63	52	53	67	47	49	45	47	51	54	55	63	58	55	35	58	44	57	55	60	52	58	61	57	49	50	44	44	53	48	45	56	56	45	65	38	43	48	54	49	49	59	59	43	72	51	53	46	48	53	42	41	41	59	39	49	47	57	55	55	56	55	48	49	53	52	42	36	54	34	42	48	61	51	43	48	64	52	57	46	50	54	59	40	56	41	54	49	51	36	57
cell10	53	48	38	41	44	49	47	42	48	54	48	60	62	44	53	32	47	49	46	45	47	43	53	58	47	36	49	60	43	43	44	60	59	32	44	41	39	42	60	44	44	36	47	43	54	44	43	51	52	48	57	41	52	56	41	53	52	54	45	53	49	50	67	51	55	51	43	56	40	51	47	42	50	52	40	36	44	43	53	52	44	54	61	47	61	54	62	54	61	36	42	50	47	35	50	64	47	44	40	53	49	45	57	42	50	40	51	49	47	46	45	53	51	47	53	43	43	52	45	48	39	37	53	37	50	47	67	46	52	45	62	57	52	44	45	55	59	63	40	44	54	56	45	46	38	60	46	51	53	52	54	45	49	50	48	45	44	44	57	37	46	43	66	43	59	56	45	52	56	44	41	49	46	48	33	56	50	54	48	51	49	47	38	44	61	52	43	38	46	45	42	51	59	48	46	39	54	39	38	48	35	47	54	54	35	31	53	47	41	37	50	46	53	53	45	51	51	45	42	43	51	64	43	56	49	52	58	40	56	50	60	45	46	48	40	54	45	51	41	42	72	55	68	57	38	42	41	56	48	49	44	43	36	52	47	55	46	54	59	40	42	55	48	53	59	55	42	55	46	55	56	38	40	60	53	36	52	41	50	50	44	55	52	48	51	39	48	50	60	41	45	56	40	60	60	46	44	58	48	41	41	44	37	45	42	43	51	56	41	54	48	51	52	31	51	47	40	56	40	36	44	51	45	51	33	48	52	45	46	44	47	40	39	46	45	56	54	65	49	48	57	43	54	48	58	54	64	51	46	57	55	41	41	28	37	44	33	53	60	58	51	62	47	54	41	50	50	46	57	40	48	44	46	56	55	52	55	44	58	58	57	57	52	45	56	44	53	47	67	51	56	43	47	51	36	38	67	56	41	39	41	48	53	51	55	43	39	42	49	54	46	52	47	43	37	42	49	47	57	55	42	42	52	50	42	39	51	52	46	51	43	53	58	57	48	44	65	46	46	51	47	59	45	39	49	52	59	54	48	50	45	63	43	57	38	57	52	36	47	55	49	51	39	56	49	54	38	52	40	53	46	43	57	54	58	50	36	62	50	64	47	53	50	64	47	52	48	35	40	57	51	41	56	40	53	40	50	58
cell11	51	57	53	48	51	45	40	54	50	42	39	42	47	56	39	26	45	40	50	47	30	40	53	35	39	45	37	54	55	41	37	50	38	39	42	37	54	49	46	34	43	39	35	42	58	46	42	75	91	85	91	81	79	90	77	88	109	93	73	97	87	81	83	104	90	68	95	88	72	86	84	79	78	86	79	96	88	85	89	115	76	51	46	44	47	38	58	40	42	33	39	46	40	44	42	36	34	32	45	52	41	31	37	32	29	46	32	48	46	38	46	47	47	44	35	41	48	39	59	50	36	49	36	39	40	46	31	51	57	37	46	49	49	38	56	54	49	39	48	47	61	47	57	43	49	38	41	41	54	30	41	44	33	42	44	42	50	33	49	50	44	42	48	43	45	53	45	55	46	50	44	43	42	39	50	49	32	45	56	40	34	50	39	46	27	59	59	42	50	32	26	46	46	44	44	38	52	57	50	47	52	38	51	41	59	47	39	55	40	34	46	50	47	33	40	38	39	48	42	54	43	32	47	33	37	48	51	50	43	40	50	34	45	36	35	45	41	29	49	47	58	48	44	47	56	48	46	36	50	48	48	50	44	42	48	42	39	36	45	34	39	45	44	36	44	54	45	42	46	48	53	55	39	46	44	46	46	45	53	52	54	30	65	34	36	32	35	49	48	41	40	55	47	50	38	44	34	54	38	49	33	34	35	44	40	32	54	47	51	56	44	48	30	39	55	56	51	29	40	53	45	50	35	36	42	43	45	49	45	46	46	56	42	40	41	42	56	45	39	36	52	50	42	51	38	39	35	42	45	44	31	32	51	50	30	43	48	45	40	34	39	57	50	30	46	44	37	53	50	37	44	44	38	48	40	58	37	46	45	46	44	46	53	32	47	57	57	38	46	45	54	54	57	43	45	40	55	52	48	37	43	32	53	40	52	41	43	41	47	42	49	45	39	52	46	51	44	37	55	54	36	42	37	54	40	47	44	43	39	47	57	39	50	45	44	48	37	54	34	48	52	51	44	39	45	62	55	53	36	45	42	44	55	43	46	48	49	25	38	46	47	37	40	40	52	49	37	45	43	50	48	41	38	35	62	59	42	47	38	63	33	39	39	57	44	47	40	38	43	46	43	41	45	48	45	38	52	35
cell12	43	56	62	48	41	64	45	46	57	36	55	42	55	54	49	41	40	37	38	49	55	51	53	50	40	43	50	34	46	52	27	56	55	39	42	44	66	47	49	42	63	58	40	51	36	49	41	41	31	47	66	48	47	52	45	53	46	39	49	61	51	42	53	56	49	42	38	43	59	49	57	34	47	57	55	36	45	53	38	53	35	49	39	46	41	46	56	59	46	46	52	53	43	49	49	45	38	47	40	46	46	36	49	54	42	40	37	60	38	44	47	49	49	55	31	39	57	43	42	44	38	53	53	44	55	55	39	48	36	50	65	50	59	44	43	52	48	35	53	53	50	32	51	51	48	34	39	64	46	47	40	43	39	43	51	46	37	41	34	51	35	48	52	46	46	44	32	48	55	67	50	41	42	62	54	43	39	34	47	46	61	56	54	41	48	45	38	36	49	43	36	62	44	37	42	46	48	48	38	49	62	45	33	44	46	40	36	48	57	42	46	42	65	37	52	44	45	39	48	43	54	36	51	40	53	43	58	49	48	32	51	54	51	46	40	49	45	48	46	39	37	56	51	44	44	43	47	44	40	66	52	38	45	49	56	40	54	43	41	45	45	56	51	39	47	48	38	48	41	43	55	47	38	67	60	38	48	46	48	51	45	43	41	32	49	36	48	45	44	38	41	42	39	51	49	48	49	48	57	50	44	40	44	45	39	43	48	43	45	48	45	41	45	39	48	39	46	56	59	41	41	52	37	29	37	45	46	45	47	52	51	43	42	54	56	44	51	53	32	45	40	53	58	44	53	48	52	41	47	34	36	41	43	42	46	48	46	52	47	52	56	57	56	43	48	51	39	40	42	46	48	39	33	40	49	51	36	41	45	45	35	48	53	43	42	53	45	39	40	48	46	47	32	46	61	46	43	40	44	44	57	33	43	52	46	57	36	60	51	42	73	42	51	42	48	68	49	62	49	38	45	43	48	44	54	40	48	48	44	44	42	58	60	54	39	47	55	34	39	49	45	41	51	51	52	50	51	45	50	43	54	43	49	49	48	44	53	42	49	38	50	40	57	43	51	43	47	48	48	49	48	59	40	48	50	40	47	48	52	64	46	47	32	42	52	39	61	48	58	44	52	49	44	50	46	49	50	43
cell13	40	31	46	50	42	44	43	45	54	40	48	28	34	43	41	48	44	53	40	39	41	47	43	45	50	51	39	53	44	39	39	56	52	43	36	46	44	46	47	54	47	44	42	43	44	53	44	42	54	44	46	46	39	49	37	54	59	37	54	60	32	53	42	50	49	39	32	43	35	43	39	56	43	55	40	47	38	43	34	41	38	50	64	41	48	49	54	48	49	70	35	58	45	42	56	33	42	38	51	45	35	38	46	47	38	32	42	57	37	31	51	62	42	32	53	44	36	35	41	50	39	47	40	49	51	51	41	46	34	52	55	48	31	36	52	50	49	42	37	46	43	52	44	48	39	50	38	44	39	49	43	49	35	48	52	40	40	56	51	38	38	52	50	47	46	43	32	43	40	45	42	47	27	51	39	50	38	44	48	47	41	33	40	47	45	43	47	41	49	34	42	60	52	46	44	46	53	33	41	35	46	43	52	55	38	60	59	43	49	48	46	58	53	44	50	41	35	37	50	56	41	39	43	43	47	51	37	31	48	45	50	45	45	51	39	41	45	38	43	51	45	50	59	51	47	36	34	58	56	43	45	44	49	46	34	43	32	43	44	45	44	51	54	47	51	45	37	47	41	36	39	37	43	33	50	36	43	53	43	49	45	48	56	34	46	38	45	47	44	48	43	46	47	32	58	51	50	49	61	40	33	50	47	38	42	45	45	37	43	29	54	37	38	41	53	43	48	57	30	46	42	43	41	33	26	41	33	51	35	46	37	43	47	49	40	41	55	46	44	39	42	39	46	40	46	38	46	43	53	56	51	39	51	46	46	30	27	38	28	60	39	50	43	45	52	48	50	44	45	42	45	45	33	50	50	44	45	58	35	45	46	49	35	39	41	48	51	50	39	49	39	43	31	43	35	38	41	39	45	46	41	48	28	46	37	40	29	44	49	49	48	51	54	41	36	41	46	45	52	60	42	55	51	34	34	41	38	51	39	50	50	42	47	32	36	38	36	36	45	44	50	39	57	55	50	51	58	52	46	40	49	49	44	47	39	48	52	47	36	42	47	41	40	49	44	44	40	49	36	51	59	39	38	47	38	34	38	61	47	55	34	41	45	44	60	39	44	47	43	50	36	57	47	31	44	29	34	40
cell14	36	42	55	51	46	43	58	40	56	44	36	51	56	74	57	51	49	39	63	41	47	35	35	52	62	46	52	53	51	45	58	58	51	56	52	39	46	51	47	47	61	48	41	53	41	45	52	69	51	42	54	44	69	53	50	53	56	47	36	65	53	58	49	51	51	54	40	46	47	37	49	48	53	50	44	41	57	41	58	54	46	40	50	43	48	51	62	33	60	63	40	54	48	53	48	55	57	50	57	49	47	40	53	41	48	53	62	61	55	40	72	66	48	31	57	54	70	43	38	49	36	55	59	53	69	52	38	47	60	48	55	51	50	39	44	54	61	49	42	54	44	54	61	53	53	43	44	49	54	41	51	44	39	48	51	46	49	49	62	56	37	51	50	49	42	56	64	49	47	57	46	34	50	60	50	53	46	59	65	52	54	46	58	39	56	55	39	47	42	58	55	42	38	52	48	37	50	46	57	60	42	51	53	64	37	52	51	63	42	45	56	39	56	41	61	48	57	51	46	63	58	46	47	42	49	50	51	56	42	46	53	61	43	53	51	48	43	43	57	49	44	58	59	48	65	50	41	53	52	45	50	48	53	57	62	62	48	53	53	47	52	53	40	45	62	50	42	55	47	53	52	65	49	47	67	55	57	46	51	53	49	59	46	38	46	56	40	43	50	44	50	49	46	47	52	60	54	53	49	58	47	57	47	51	53	61	46	59	54	51	46	46	44	33	61	49	49	65	49	49	37	50	54	44	52	49	51	45	44	50	54	40	49	56	51	49	63	58	52	46	63	57	66	61	56	35	48	56	50	51	44	54	26	49	59	48	41	45	40	45	54	42	34	68	54	45	38	47	50	42	44	60	47	58	48	47	49	52	47	52	43	50	52	54	56	52	60	40	52	54	55	50	58	60	35	47	49	40	54	54	34	55	47	53	44	75	39	45	38	54	60	41	46	54	43	57	54	50	55	59	52	38	54	57	50	41	37	56	51	47	43	45	54	62	55	46	50	52	49	37	54	52	67	48	68	47	54	44	38	57	53	56	53	58	48	60	42	45	39	52	50	55	60	53	45	57	53	55	50	52	66	49	54	40	50	54	48	37	47	68	49	43	51	51	62	55	46	53	41	49	53	43	57	36	55	53	47	50
cell15	69	74	81	75	70	69	86	66	67	66	76	65	93	87	74	73	67	81	77	77	59	64	65	74	79	80	65	73	84	83	75	73	72	89	68	97	90	80	82	89	60	73	71	73	88	72	61	79	92	75	69	56	75	73	58	72	73	79	87	78	91	61	81	79	56	74	69	61	71	55	85	81	65	84	71	63	65	67	72	81	59	75	75	70	70	87	90	92	73	74	98	86	55	71	79	81	62	72	79	71	66	66	68	74	67	76	64	72	61	65	84	92	70	73	72	85	63	71	75	81	68	72	72	72	75	78	60	90	81	68	73	76	82	66	86	54	81	79	83	84	84	67	68	66	68	73	86	75	62	69	78	67	60	63	78	98	82	87	76	79	76	89	98	63	78	78	82	71	94	73	79	93	70	81	86	80	76	72	77	94	67	78	57	68	91	86	73	77	79	69	68	78	73	82	68	83	77	72	60	83	74	72	74	59	79	74	63	79	75	59	73	88	77	79	87	66	75	61	67	79	74	65	66	68	68	84	69	78	71	60	71	72	87	62	72	65	74	75	68	71	80	72	81	76	84	80	75	75	88	71	81	56	75	73	77	78	79	83	69	68	80	88	96	62	81	72	66	107	85	76	66	66	78	67	76	68	88	60	78	71	73	61	78	66	67	66	76	68	74	78	84	77	68	71	77	66	66	70	80	71	72	81	64	80	74	77	83	80	71	61	78	91	71	74	72	74	60	79	82	69	69	82	88	59	81	67	69	73	69	63	75	77	60	61	72	62	52	68	66	79	79	72	88	76	78	73	62	70	86	67	74	66	74	74	62	77	80	73	71	81	67	62	74	64	76	81	83	73	73	62	73	68	82	80	67	67	82	74	75	83	89	99	79	70	70	86	89	71	65	72	69	74	63	63	70	71	63	78	68	86	69	85	84	82	50	84	72	84	67	87	89	68	77	69	75	84	66	79	75	72	79	61	78	58	77	61	80	80	65	74	67	65	69	84	46	62	68	75	88	70	71	76	63	59	82	91	75	85	84	76	58	103	79	80	77	68	67	66	84	83	72	83	82	63	67	83	80	93	83	76	73	86	75	67	77	75	69	77	66	85	78	77	55	70	86	73	82	66	56	72	82	86	64	74	84	69	79	82
cell16	19	21	27	24	23	23	28	17	23	15	15	23	25	20	18	21	22	28	30	15	25	27	24	12	23	26	22	24	38	20	29	23	25	23	15	20	24	16	33	23	15	22	18	34	17	26	24	20	20	23	27	13	23	25	25	22	23	27	17	21	19	22	25	28	22	25	21	22	27	31	26	20	25	20	27	16	19	21	21	22	25	23	21	24	32	18	33	21	32	20	22	26	21	17	22	19	20	26	22	24	22	31	24	12	26	12	16	28	20	20	16	27	24	24	16	18	24	29	22	19	26	30	28	15	21	26	24	34	20	18	23	19	27	19	27	20	16	23	24	25	25	34	16	29	21	23	19	24	23	22	13	24	26	22	25	27	21	30	16	28	19	16	18	25	18	18	19	30	25	23	35	25	16	32	12	20	16	17	22	25	29	23	24	23	25	22	28	15	22	12	28	22	25	19	26	17	27	21	21	20	20	10	24	24	33	17	23	25	20	24	27	24	24	17	31	30	22	19	24	19	25	22	23	26	25	18	20	23	20	20	30	21	20	27	21	28	22	20	22	24	25	23	18	21	17	19	20	32	17	17	20	24	23	27	15	24	21	18	17	17	20	17	22	17	20	23	18	27	28	20	17	19	18	20	21	19	21	20	22	17	19	25	30	21	22	21	28	15	17	29	20	31	18	20	19	19	25	25	31	22	14	16	16	22	23	24	18	33	28	17	18	25	24	19	28	24	16	24	25	15	20	19	26	20	16	20	26	25	16	17	20	16	29	16	28	18	21	28	21	24	26	27	28	18	15	24	30	19	22	21	16	24	24	25	17	36	23	15	18	19	19	27	26	21	20	22	29	22	21	25	22	20	21	16	22	18	33	19	18	24	23	26	30	32	11	25	26	22	13	30	23	21	16	28	24	18	19	18	25	20	22	21	21	18	19	24	17	20	23	21	23	27	23	20	15	23	20	18	23	23	19	24	18	24	29	19	26	24	28	26	27	11	23	17	28	14	20	24	31	28	19	29	18	27	26	19	18	28	23	22	18	20	24	29	27	21	25	20	26	25	21	20	16	21	29	26	24	22	13	18	19	32	18	28	25	26	21	22	21	18	26	23	21	17	22	23	22	18	25	25	20	30	18	21	16	20	16	18
cell17	46	53	44	52	50	33	37	42	53	36	41	53	59	42	35	40	33	36	46	41	45	38	37	45	46	53	52	35	45	44	47	43	47	52	32	45	60	49	44	45	50	49	52	45	52	33	38	38	38	52	39	51	36	44	44	43	40	45	38	54	49	45	47	46	47	46	50	46	35	47	49	49	42	51	44	49	45	50	45	58	36	36	40	47	44	46	48	58	36	62	56	44	55	47	49	38	42	32	50	34	53	46	34	46	45	47	41	42	44	51	51	51	46	41	48	43	50	49	31	38	42	37	40	36	43	53	51	42	55	53	43	53	47	40	46	42	47	39	47	54	54	53	44	57	43	36	42	49	41	41	56	33	51	49	38	46	47	39	42	68	47	42	54	50	40	64	43	56	41	69	48	50	45	48	45	35	30	46	43	45	48	44	43	47	47	36	46	47	51	43	37	62	48	40	50	42	41	42	37	35	52	48	55	53	36	46	52	65	40	65	58	52	43	39	47	47	61	50	52	46	43	36	42	37	37	41	42	41	49	48	52	50	33	65	40	49	46	37	40	53	44	59	57	34	50	36	48	51	45	46	35	38	42	45	55	50	42	42	47	40	46	38	50	46	49	51	32	40	47	47	32	52	36	46	66	57	40	31	42	49	50	43	39	46	56	44	41	36	35	42	40	45	60	51	50	39	47	36	46	58	44	45	41	50	43	49	53	40	39	46	40	60	55	42	56	57	47	42	51	49	51	45	42	25	29	48	47	60	48	54	41	55	45	41	54	40	39	54	43	38	46	47	54	43	48	42	42	53	47	39	45	39	38	38	38	41	43	41	33	50	43	39	46	42	39	44	42	57	54	47	38	43	45	44	49	33	48	51	41	42	35	43	45	52	38	60	50	52	46	46	41	45	33	54	51	47	48	50	41	38	48	35	40	36	45	57	48	43	45	38	48	53	41	32	49	52	50	61	43	38	42	37	37	45	40	40	50	39	34	45	44	40	48	40	50	43	57	47	46	47	45	52	48	38	41	58	49	37	37	30	47	47	34	49	45	44	48	46	43	48	39	52	43	44	43	57	47	48	49	40	46	41	32	41	36	52	43	42	44	53	49	43	38	40	53	40	47	36	47	43	53	60	51	46	48	42	44	32
cell18	55	48	47	56	42	56	33	53	47	32	53	46	57	46	58	50	44	54	61	39	47	48	41	56	44	44	50	62	44	40	41	44	48	56	43	45	35	59	56	50	47	34	53	63	47	38	60	53	56	53	44	53	52	50	46	61	64	52	50	54	61	45	47	56	51	50	57	40	54	58	59	48	49	46	61	46	55	48	42	45	50	46	44	59	49	49	41	55	38	40	56	62	39	55	57	51	46	43	60	39	53	39	55	52	49	44	53	64	45	54	52	41	43	35	43	52	41	51	45	54	34	45	38	57	57	44	48	68	42	47	44	51	57	32	44	38	65	55	53	64	39	52	52	52	62	52	61	57	39	40	59	69	49	48	56	57	48	52	42	53	49	41	57	43	59	42	40	45	57	56	51	61	42	52	52	59	44	43	48	51	59	53	47	59	42	64	48	49	52	36	40	61	37	61	55	50	73	48	35	37	47	40	51	54	57	63	48	67	50	50	53	49	47	49	49	48	48	51	39	55	35	60	46	49	44	42	61	41	67	45	48	71	55	54	44	56	55	58	48	41	68	53	63	40	42	65	43	58	37	64	45	50	54	49	65	50	49	36	45	59	62	63	44	31	55	56	40	35	46	51	48	49	46	60	61	50	57	52	38	54	57	33	49	45	45	55	50	52	40	33	59	59	53	51	52	79	44	54	39	49	47	52	42	54	49	44	58	40	43	43	57	41	57	50	53	41	51	56	40	52	58	51	55	37	48	42	64	57	58	57	45	47	46	43	40	51	42	50	45	38	52	52	66	46	50	51	54	60	52	60	47	47	51	53	57	55	57	42	45	49	57	61	48	42	39	47	39	45	58	44	60	43	38	56	50	44	47	56	56	46	57	55	50	52	45	40	40	54	57	48	49	63	57	40	37	46	49	45	50	56	56	49	59	50	45	58	58	45	42	55	50	44	44	44	56	51	61	57	53	58	55	50	62	37	41	49	42	48	64	39	66	40	45	46	49	40	47	45	45	46	45	66	50	52	48	52	51	56	60	37	42	53	55	56	54	63	59	48	57	54	43	40	56	36	51	57	57	76	35	47	51	61	48	46	45	50	56	42	56	68	37	49	55	33	44	50	67	63	53	63	52	55	55	66	49	38	39	46
cell19	60	46	48	47	54	40	53	54	51	49	59	56	36	52	46	46	57	53	57	52	47	49	66	54	56	60	51	56	51	60	53	40	55	58	53	49	54	46	55	57	63	65	45	52	40	47	55	52	37	59	56	52	42	43	48	54	50	52	51	56	48	60	48	68	55	57	55	56	56	37	62	49	64	50	58	47	58	56	42	46	57	62	57	60	60	52	60	56	66	64	51	64	53	49	42	47	44	48	54	64	50	52	53	46	34	45	65	54	60	42	61	65	56	42	55	50	55	56	44	43	46	44	47	48	56	44	54	66	57	46	41	52	62	60	53	54	65	51	66	69	58	50	44	43	54	56	61	62	47	52	47	50	57	60	55	42	56	64	62	51	56	52	49	56	53	62	33	55	44	53	49	45	52	56	45	45	54	53	55	63	50	41	53	51	51	48	46	54	49	46	45	58	44	55	53	50	67	52	35	57	50	49	48	47	51	67	55	63	66	46	47	55	50	51	47	44	58	54	42	54	55	50	50	54	50	50	41	54	49	51	73	55	41	48	55	46	41	51	46	64	63	55	64	61	64	61	44	65	48	54	50	50	46	62	56	39	59	59	36	59	57	52	57	48	51	58	48	53	60	58	59	50	45	57	46	56	69	52	45	65	56	49	55	60	57	50	46	54	62	42	63	56	62	46	43	58	65	46	61	57	52	57	43	52	58	57	59	53	62	29	55	44	57	57	53	52	51	64	64	51	52	46	54	49	49	59	43	61	51	52	50	63	48	52	63	48	39	66	51	30	63	53	61	40	52	48	51	49	66	50	42	56	65	55	50	58	54	51	36	44	56	48	59	42	66	64	69	51	61	44	50	48	56	49	42	57	57	65	52	52	54	61	55	46	47	46	52	60	51	55	55	47	60	57	43	64	48	70	43	66	65	41	45	51	63	54	53	48	58	54	56	53	44	49	44	56	51	54	59	49	44	58	60	61	64	55	56	58	54	54	52	56	57	55	62	58	43	53	45	60	54	52	54	42	65	57	40	49	47	57	51	48	50	58	50	44	55	41	52	36	49	56	48	57	47	56	55	63	52	46	47	59	62	61	48	50	39	65	46	60	49	41	45	40	70	46	42	44	56	47	52	71	57	35	52	46	38	55
cell20	50	36	44	42	45	35	46	51	35	37	42	32	48	42	46	45	48	37	46	38	40	49	45	43	43	49	35	41	61	41	46	45	49	52	43	40	45	54	39	42	50	52	47	45	27	43	49	48	34	47	38	42	44	48	48	43	57	37	48	45	52	48	51	50	36	46	54	40	40	56	45	54	42	41	45	51	41	48	41	48	36	46	41	42	38	42	48	32	44	45	35	38	45	29	38	33	34	51	39	41	45	39	39	42	36	41	36	53	47	51	40	42	45	38	30	27	55	43	46	50	35	27	37	41	50	45	37	55	41	41	38	47	43	40	45	51	46	39	40	27	33	36	47	46	46	35	39	47	53	46	51	38	41	44	45	41	48	45	45	46	45	44	54	52	49	49	28	39	59	55	42	31	40	48	31	46	40	43	40	42	41	47	42	45	46	50	63	45	33	49	42	41	49	28	47	31	53	40	36	37	37	48	34	52	45	54	36	44	51	44	28	39	45	35	28	40	37	36	42	42	36	34	49	34	38	37	55	44	46	38	48	40	48	37	41	40	43	49	34	36	42	47	44	51	53	33	36	58	56	46	45	46	49	44	55	41	45	56	40	55	42	53	43	38	47	50	30	47	35	35	51	43	41	40	46	41	42	41	45	44	45	29	43	43	51	44	43	32	38	40	48	38	37	31	51	45	45	37	53	44	59	40	35	38	38	39	40	49	46	42	54	27	52	37	44	47	50	43	55	47	48	35	42	49	44	40	45	35	47	49	39	49	40	41	54	35	45	49	51	32	37	48	49	33	46	38	40	42	60	42	45	53	38	50	39	39	39	37	50	45	42	44	48	43	45	41	37	42	40	50	45	48	47	44	35	46	45	33	34	39	34	39	61	46	37	44	47	41	44	35	43	45	27	38	44	39	47	47	42	47	43	42	42	35	31	50	37	31	44	57	45	38	48	36	42	48	46	44	46	43	33	36	46	34	41	35	41	34	41	30	46	33	41	38	57	26	50	37	46	27	52	48	49	46	53	55	49	41	44	50	33	43	51	42	38	45	45	37	43	44	45	42	35	43	42	54	53	43	36	31	38	56	45	42	36	39	36	49	34	49	40	42	37	48	40	29	33	55	42	35	38	45	51	43	37	37	35	28
cell21	30	26	33	24	37	26	31	22	26	24	31	32	27	32	30	20	24	29	27	25	28	35	26	34	23	30	38	28	29	34	21	25	38	30	38	25	22	33	36	38	25	22	30	30	29	27	22	21	26	26	27	24	26	27	29	24	26	30	31	24	20	23	27	28	37	19	39	40	31	23	23	28	36	32	26	37	22	30	41	29	14	28	20	30	16	25	26	30	28	26	29	23	22	29	28	30	32	30	31	21	32	30	30	21	36	34	20	21	25	27	25	33	28	33	32	28	33	33	28	37	28	26	24	35	33	27	24	34	28	26	20	25	18	36	34	28	29	25	41	29	32	25	30	33	31	26	28	24	28	24	36	28	28	33	34	26	34	30	33	27	35	17	38	27	35	32	39	30	41	26	27	22	26	24	24	30	24	27	31	36	24	24	34	22	35	27	25	30	37	25	23	30	14	31	34	27	34	29	26	28	39	24	26	23	22	27	36	33	26	34	27	30	23	23	21	43	28	30	23	31	23	33	24	20	27	31	26	17	34	30	30	28	30	31	35	30	29	34	26	31	28	16	33	25	25	45	33	33	38	31	27	32	19	32	38	30	28	29	37	25	21	25	25	24	34	24	23	29	24	28	20	30	35	17	35	32	25	29	25	31	28	32	33	20	30	26	38	33	18	33	29	29	31	26	26	28	29	26	24	28	22	27	21	38	29	18	32	35	20	35	26	22	28	28	30	38	25	30	31	37	25	29	16	28	19	33	40	27	25	27	29	39	27	29	30	45	24	32	23	25	37	31	30	26	26	31	33	36	31	17	32	26	34	33	29	31	33	22	26	30	28	27	19	18	36	33	17	29	28	33	28	31	28	27	28	26	30	38	30	39	31	35	24	27	37	39	27	25	19	33	20	32	20	20	29	36	33	32	26	33	47	37	27	29	32	22	28	36	27	26	27	19	28	38	29	31	32	22	31	39	34	31	25	27	29	32	30	31	31	33	25	32	26	36	26	29	25	30	25	27	31	39	29	22	32	34	27	38	29	34	33	29	18	33	19	33	27	38	33	26	30	24	30	28	17	25	38	26	25	23	30	38	26	30	32	27	29	20	26	25	20	31	34	28	24	40	27	26	31	17	21	26	30	21	28	33	31	28
cell22	43	46	51	52	57	71	44	47	51	46	58	42	40	56	35	67	51	57	57	62	61	59	59	55	49	49	85	55	56	47	53	47	39	48	48	47	56	52	64	46	47	51	41	59	49	56	44	50	58	54	55	43	58	54	51	44	48	51	56	61	63	39	53	43	58	58	67	57	57	44	47	47	46	55	57	53	56	42	61	65	53	60	59	42	46	56	67	56	79	50	57	64	60	68	64	49	53	46	68	48	43	55	41	54	50	48	58	66	50	44	42	53	64	50	53	72	54	47	52	41	45	37	53	40	63	54	45	48	64	62	68	61	71	45	57	51	65	61	44	56	50	48	64	57	58	51	46	64	52	57	49	45	46	50	59	44	45	56	51	49	52	47	64	40	48	46	36	45	61	60	52	53	53	52	53	40	37	61	55	58	50	64	42	56	54	43	50	49	55	47	41	49	53	47	62	50	68	56	48	47	54	51	44	51	48	63	48	54	45	46	50	43	45	52	48	49	57	38	58	45	48	44	62	40	64	58	51	47	53	52	55	57	58	55	42	45	57	66	53	50	58	46	53	39	61	59	38	68	62	59	45	35	57	48	44	57	56	50	51	46	55	47	45	59	51	52	47	61	52	61	48	57	67	57	78	54	56	55	58	58	68	48	53	43	45	64	55	51	59	49	53	59	57	54	61	54	49	54	57	49	44	42	56	52	62	54	61	62	56	55	62	49	44	47	71	61	53	47	52	48	61	52	57	42	37	48	41	63	45	49	57	57	56	50	63	68	43	56	40	42	74	43	59	53	51	45	51	42	54	54	71	46	48	51	43	53	49	58	56	47	52	48	58	42	48	50	56	53	44	46	68	49	56	44	43	53	58	56	56	60	52	51	59	54	55	54	61	64	53	65	60	55	56	56	64	41	46	57	40	46	67	52	47	51	61	65	49	41	51	70	64	58	50	55	57	61	48	47	41	49	40	52	55	50	70	60	67	58	43	52	51	51	54	49	52	44	54	45	51	51	57	46	53	64	54	52	42	47	49	52	42	58	48	68	40	63	49	50	64	58	47	45	53	56	46	53	46	56	47	52	69	67	56	46	56	47	49	59	49	72	48	43	46	40	56	51	46	61	58	56	60	71	70	41	44	43	54	44
cell23	80	76	93	70	75	82	75	73	84	67	77	90	77	89	84	73	77	108	87	89	76	79	95	55	80	87	71	85	83	83	65	76	73	89	85	73	68	84	91	82	61	93	91	81	78	80	71	174	136	157	151	150	175	155	154	169	177	161	158	181	138	189	153	179	176	151	143	143	135	156	157	172	135	153	142	159	191	147	152	152	150	80	72	83	73	70	80	86	91	101	88	93	69	82	79	77	80	72	78	82	81	52	77	69	79	74	88	93	81	72	79	85	61	77	79	74	80	79	80	74	74	81	73	72	76	84	76	75	74	69	83	68	78	68	82	75	74	64	81	73	57	81	66	72	65	74	67	91	85	74	86	92	80	80	61	81	84	90	79	89	78	71	93	80	70	87	79	69	97	84	86	69	82	68	66	86	64	88	72	81	65	73	89	75	78	82	80	74	82	92	76	80	77	71	78	78	73	80	78	83	75	78	57	92	77	69	91	67	81	74	104	85	74	93	90	62	82	69	78	83	70	72	64	80	67	78	80	82	86	76	89	76	67	89	70	86	79	66	70	83	70	98	83	67	81	84	73	83	110	83	69	72	80	85	74	83	77	90	84	83	77	96	93	67	88	65	68	76	82	95	93	76	88	93	85	77	70	62	74	89	71	78	100	76	85	78	77	91	99	86	68	82	88	85	74	78	86	87	80	79	69	71	77	86	85	80	84	79	85	70	95	60	75	70	70	91	75	68	80	66	93	81	83	75	65	62	102	78	78	72	73	76	75	83	94	75	87	79	83	83	99	79	91	81	76	87	77	77	83	85	75	86	87	67	72	88	85	87	70	85	81	71	80	81	74	78	65	102	88	79	83	97	88	83	84	87	81	79	85	82	81	93	77	81	74	99	83	70	71	71	71	79	96	61	71	81	77	84	69	81	92	65	84	68	78	72	89	86	84	79	86	66	91	75	66	90	67	86	81	84	85	81	95	96	57	88	89	85	79	76	74	64	102	87	82	61	78	65	68	83	70	83	99	69	94	84	72	86	75	75	75	93	71	87	83	82	72	84	87	83	80	70	91	83	67	91	86	96	74	84	77	86	74	79	94	87	70	87	71	91	86	88	72	76	70	71	68	68	69	95	99	81	110	72	90	73	69	64
cell24	21	26	21	29	29	32	30	36	31	18	26	31	37	27	30	37	33	42	35	37	32	22	30	24	33	32	39	36	29	24	41	32	27	34	25	27	43	28	32	28	26	31	23	33	30	29	28	61	70	60	66	66	64	41	63	62	70	69	67	67	70	55	59	56	46	56	76	63	64	72	54	65	65	55	68	66	58	63	54	59	74	27	23	25	26	34	31	29	31	42	36	28	25	29	25	29	35	29	33	30	32	18	28	27	18	27	27	26	26	21	36	40	27	26	27	33	34	21	31	33	29	36	26	38	37	28	32	23	32	27	33	31	33	34	29	27	31	35	38	33	41	21	30	33	23	28	28	38	27	22	37	27	34	29	33	31	28	38	33	39	39	30	32	32	42	28	31	25	41	28	35	30	25	32	23	29	31	42	36	32	39	33	36	27	33	27	29	37	26	41	39	25	36	24	25	41	31	27	43	33	36	28	41	21	29	27	42	26	38	30	40	26	39	23	25	31	37	34	29	36	23	23	24	33	34	39	44	18	31	39	37	43	44	43	24	26	30	29	40	34	32	27	36	30	32	41	31	30	36	32	32	28	25	36	26	26	29	17	33	30	38	28	26	32	34	34	28	31	33	32	27	32	35	32	29	27	29	33	28	21	30	21	30	31	30	18	28	29	27	21	24	32	40	24	30	38	30	25	22	26	31	41	22	21	38	30	32	21	29	24	30	20	35	28	48	27	26	34	26	23	33	28	34	25	28	40	24	24	28	35	35	35	37	32	26	29	36	38	30	27	35	29	21	35	29	33	32	39	32	28	30	40	35	30	30	29	25	27	27	33	28	36	31	34	29	27	42	37	25	31	47	29	28	27	31	31	26	38	33	27	34	32	24	34	30	20	22	27	26	30	22	26	26	39	31	24	29	40	22	36	35	26	33	28	31	47	35	39	21	38	36	34	27	30	23	40	36	30	29	29	31	28	32	26	32	28	26	21	24	21	29	25	22	26	35	20	29	26	34	30	27	35	34	28	24	27	32	27	29	24	29	30	34	27	39	25	23	29	28	34	21	30	34	27	31	24	27	35	30	27	36	33	30	26	46	43	33	37	30	30	23	38	25	32	26	27	36	32	26	33	37	41	28	37	28	31	38	19
cell25	72	53	61	54	44	58	57	66	55	82	70	51	72	60	57	51	61	70	59	54	57	58	63	59	63	58	58	59	62	51	66	74	72	79	62	54	63	65	72	62	66	67	66	66	75	60	47	49	62	61	74	61	66	62	64	66	65	64	63	66	73	70	64	55	49	47	51	66	66	58	67	64	67	77	61	71	67	76	56	64	64	69	54	62	48	42	81	60	67	68	62	74	63	60	50	56	60	60	58	48	43	59	77	56	63	52	60	65	53	53	61	58	58	56	79	39	51	72	57	68	57	66	52	68	65	62	63	70	63	52	64	60	66	76	64	48	58	42	65	70	66	59	51	64	47	60	68	78	68	51	65	62	60	52	74	42	61	56	59	55	61	63	76	65	63	55	61	73	72	53	64	54	47	44	76	58	62	51	63	77	69	50	54	66	60	71	75	53	74	61	61	51	55	59	50	69	56	66	65	76	53	57	66	49	67	78	79	69	58	55	65	61	59	51	59	73	60	54	59	66	68	66	52	54	56	61	69	63	59	66	74	74	64	53	59	57	63	55	62	58	73	70	67	65	55	55	51	69	85	62	74	66	52	66	62	61	59	76	61	55	53	50	66	49	76	58	55	62	60	70	50	66	56	65	75	63	46	74	62	74	69	72	85	54	66	52	70	59	70	59	60	58	65	76	55	58	55	55	68	64	63	51	65	53	79	57	60	50	71	64	77	52	72	62	73	72	61	83	64	67	60	52	58	56	64	58	77	79	60	70	58	61	67	68	66	50	67	62	63	54	62	48	67	57	54	63	72	79	56	62	63	61	57	70	58	71	59	59	58	60	73	59	61	43	64	67	62	67	53	64	59	77	66	72	60	62	66	66	58	55	69	60	63	72	58	54	66	51	53	71	51	49	62	59	56	64	68	59	60	65	70	64	70	49	58	55	44	58	67	63	69	66	60	59	51	86	58	57	78	72	52	46	83	64	70	77	73	44	60	54	57	63	53	60	56	54	73	60	68	50	84	50	70	58	64	79	57	62	47	53	69	76	73	68	70	54	59	55	50	61	65	71	77	49	62	78	71	75	61	67	48	60	72	50	54	61	60	45	51	65	66	60	68	60	74	62	56	56	55	63	72	64	60	53	46	65	49	50
cell26	49	48	49	55	39	41	46	44	42	42	31	41	45	47	36	50	33	41	46	48	46	45	42	29	48	40	42	36	50	53	47	41	41	38	44	44	49	56	49	37	48	52	36	59	48	40	52	40	31	45	36	34	37	46	36	43	41	51	40	42	54	34	42	59	46	33	50	44	37	44	52	36	43	47	38	46	36	37	45	51	45	39	32	50	49	43	44	32	55	54	36	52	35	42	45	45	38	48	43	43	35	46	53	57	41	40	45	56	39	32	47	35	44	37	53	28	33	28	24	44	32	40	37	43	57	50	32	44	48	41	30	34	42	38	52	38	41	36	45	52	48	34	51	44	28	38	51	41	34	41	46	46	42	46	44	32	61	54	39	57	35	38	47	56	51	40	32	43	50	51	46	30	43	39	43	37	35	48	47	41	40	33	32	43	34	59	46	52	38	47	32	33	56	39	48	44	47	45	44	31	58	38	39	66	43	36	33	53	51	44	55	46	49	48	57	45	55	34	45	39	48	33	49	42	65	51	48	42	44	31	64	43	44	47	42	33	38	42	51	35	60	43	48	31	44	44	39	44	51	39	36	39	43	52	48	40	56	39	64	40	30	42	46	42	54	45	47	50	42	43	30	37	43	39	57	39	43	38	38	43	33	46	47	48	42	42	42	43	37	38	37	46	47	46	41	42	32	45	46	37	44	45	37	44	61	37	54	29	47	27	47	38	38	44	50	49	32	50	48	48	39	53	40	38	49	42	47	49	39	45	37	45	41	32	44	45	35	36	51	40	58	42	55	54	37	34	51	49	36	32	45	39	45	48	47	41	39	42	46	35	51	33	48	30	48	41	35	43	44	58	54	48	31	38	45	35	43	48	48	41	38	40	44	49	31	50	51	48	38	45	50	48	35	48	45	39	38	46	40	40	46	43	44	45	32	50	40	42	49	59	41	41	52	45	39	62	40	40	48	39	38	36	44	38	56	32	50	41	49	31	41	41	24	34	45	37	38	36	48	39	51	45	39	48	50	56	44	50	50	48	37	45	36	43	47	38	51	28	51	53	45	45	49	49	33	32	51	41	54	40	43	46	42	50	37	48	43	41	37	42	45	54	38	45	45	53	52	44	46	42	49	40	48	51	41	45	40	47
cell27	52	38	39	36	44	47	57	47	54	36	59	54	49	54	50	38	53	34	59	47	34	47	51	50	42	32	47	40	41	44	37	54	50	41	43	46	45	53	63	51	51	46	63	46	39	52	45	51	44	50	51	43	51	49	52	51	45	51	45	41	44	44	48	45	49	46	47	46	42	60	49	41	58	39	46	50	36	48	50	54	45	50	47	51	46	55	41	44	46	52	38	45	51	28	39	40	42	47	52	44	56	35	45	37	57	34	47	45	54	38	54	47	47	39	50	48	49	36	38	47	38	39	46	41	52	58	50	49	51	54	48	55	45	36	42	57	60	54	45	57	53	54	42	45	44	37	39	50	48	52	41	41	48	51	48	42	58	37	43	49	41	47	41	48	42	58	47	36	51	51	38	35	45	60	52	52	41	40	48	50	51	34	61	50	40	48	56	49	43	40	31	41	43	39	37	53	47	40	47	40	60	43	50	61	46	49	61	60	48	44	47	47	41	42	46	52	53	47	25	46	50	43	40	32	46	58	47	39	51	45	59	42	51	37	48	50	47	48	53	47	51	38	45	43	40	48	55	47	63	48	48	51	51	41	44	57	49	52	42	53	46	41	55	45	57	47	34	41	55	51	48	35	38	46	47	47	56	58	42	45	33	34	53	50	38	39	40	45	49	56	45	42	48	36	46	48	30	56	52	44	44	42	39	53	46	62	57	48	47	51	45	49	55	56	50	55	46	53	44	43	50	46	46	37	56	44	58	56	50	50	47	46	43	47	58	42	35	59	43	49	42	41	60	39	42	44	48	35	48	58	37	52	55	46	47	42	45	54	36	46	41	60	57	48	56	40	45	48	59	41	53	47	51	50	46	44	47	36	50	46	58	58	53	47	50	47	51	46	43	37	44	42	57	53	48	44	46	50	40	60	49	37	45	50	56	54	33	50	39	49	46	53	57	44	46	48	51	45	48	56	40	54	48	49	44	45	61	39	57	54	39	44	60	43	55	46	41	52	47	42	48	59	42	51	45	50	40	50	45	42	46	39	47	52	59	43	46	42	53	55	48	45	61	39	39	60	44	47	33	48	53	44	41	45	43	35	43	35	50	42	39	39	32	35	49	55	54	45	47	42	57	44	59	44	35	41	48	38
cell28	30	32	48	33	36	41	34	29	43	39	38	40	37	32	41	33	30	28	51	27	34	42	40	27	32	36	37	37	43	28	31	34	41	38	36	33	30	30	39	43	40	31	37	38	23	31	27	39	28	39	34	27	21	29	36	33	36	42	34	42	35	35	50	30	31	33	34	35	44	34	56	24	36	28	25	45	49	36	26	39	47	33	48	37	41	35	39	32	35	27	37	42	35	29	37	37	22	39	35	36	38	23	41	35	21	26	38	43	36	46	49	43	24	36	43	32	41	30	34	40	24	34	37	35	46	38	37	28	33	41	42	27	39	34	40	35	47	36	34	33	27	31	38	29	33	28	34	37	34	29	46	33	30	31	28	38	36	46	32	34	25	32	35	34	28	41	50	38	53	54	30	34	23	28	41	40	39	39	42	31	32	29	44	27	30	43	36	42	46	33	37	40	35	26	32	36	44	33	25	35	27	27	40	43	43	41	36	46	33	27	35	35	31	24	28	30	33	40	39	42	38	44	21	36	34	45	45	28	31	34	41	34	44	27	41	33	31	40	34	35	32	39	32	35	29	44	33	45	31	42	31	34	33	33	42	38	42	32	43	34	42	33	26	44	40	33	27	30	37	38	34	35	31	28	34	37	32	31	44	31	30	32	36	31	32	38	42	36	45	28	37	25	37	33	45	29	29	23	40	38	33	37	31	38	31	28	26	39	37	39	42	29	29	36	44	39	42	35	27	28	36	37	43	25	34	46	33	39	33	45	38	35	36	47	38	35	31	35	22	22	29	32	43	35	28	32	42	40	36	27	42	36	48	46	33	29	44	32	54	29	24	38	26	35	24	36	49	38	44	26	35	23	38	28	51	38	37	43	33	35	33	35	40	32	26	39	25	38	30	40	38	29	36	52	28	36	25	34	30	36	36	32	37	30	37	35	34	38	34	56	33	28	31	35	36	40	30	32	28	36	45	38	33	40	28	31	31	30	32	26	25	35	37	36	35	37	44	19	37	31	27	32	33	30	35	33	38	42	30	29	32	40	35	43	34	28	39	39	41	33	30	27	45	29	34	34	43	41	27	23	39	38	30	30	37	37	23	30	31	34	32	37	35	44	41	33	35	38	36	39	47	44	33	22	39	31	22	29
cell29	50	48	44	43	43	32	45	46	47	38	45	41	55	52	43	33	40	53	58	48	50	40	54	54	40	28	39	51	38	38	44	38	29	47	38	42	42	42	53	56	44	48	41	42	44	41	43	53	39	63	43	33	39	35	43	56	42	51	43	39	35	42	53	37	54	50	33	45	44	56	44	43	44	54	41	39	33	30	40	56	31	37	35	41	39	45	40	53	50	53	33	46	43	47	35	30	40	47	40	45	49	54	38	35	28	31	43	33	41	37	38	38	46	41	44	33	54	42	38	37	38	35	34	52	36	35	35	54	50	50	41	58	38	49	42	45	47	44	36	48	35	39	47	32	32	38	48	49	45	29	39	57	40	48	53	49	42	35	44	42	61	42	44	42	58	49	40	41	39	48	38	49	51	40	41	42	37	36	46	46	50	35	28	52	55	33	39	45	47	40	40	38	49	48	49	52	38	47	50	42	38	36	61	38	45	45	46	46	47	59	37	52	55	42	49	43	41	36	51	44	39	45	40	39	27	39	53	36	42	40	47	46	43	56	51	43	41	37	47	43	46	34	34	46	50	49	45	50	47	47	46	38	61	30	41	42	47	46	40	42	41	46	44	38	63	33	39	51	56	61	36	39	35	49	36	32	45	42	48	36	35	46	48	49	55	44	47	48	36	39	35	48	39	35	44	52	46	50	28	30	40	50	34	46	42	49	49	39	35	35	49	45	46	55	52	51	36	45	38	45	46	52	39	49	35	36	45	36	39	53	52	64	45	38	37	45	50	43	37	33	55	29	41	41	48	42	43	43	44	54	34	44	50	47	37	50	43	53	39	35	57	42	39	39	53	38	51	42	37	45	43	39	50	23	50	56	39	42	39	35	42	44	47	45	54	48	56	39	51	41	56	50	41	41	43	42	53	35	40	45	48	48	44	37	44	48	43	48	43	40	51	41	53	42	52	43	45	47	39	47	47	57	29	61	43	39	35	33	39	41	34	49	46	52	28	38	38	32	42	37	33	47	48	28	36	48	46	35	53	51	43	43	49	37	29	49	40	44	47	48	42	44	39	44	45	49	43	49	54	33	37	32	57	47	42	44	39	35	46	53	44	45	36	44	43	44	44	44	39	51	35	52	52	34	42	45	43	52
cell30	74	69	72	76	71	69	53	70	67	67	60	68	72	64	90	70	57	90	67	66	54	81	82	68	76	66	71	55	84	69	57	71	89	67	66	64	68	50	76	61	81	86	76	66	56	60	76	123	138	125	140	123	138	134	133	168	137	142	154	176	161	151	155	153	144	123	149	117	150	131	149	150	147	145	133	157	140	131	141	157	146	80	63	69	0	0	0	80	75	87	64	70	85	59	80	70	53	72	62	77	69	74	59	47	66	78	76	72	76	64	63	70	63	62	82	68	93	85	61	67	72	68	59	70	68	61	65	80	64	57	62	67	73	60	64	76	69	79	77	70	65	79	66	63	80	74	80	86	48	62	85	70	78	67	73	67	75	64	78	52	69	61	79	92	83	88	70	59	78	66	77	78	49	72	78	63	74	74	81	77	77	64	63	75	53	67	65	65	66	70	66	72	56	72	78	68	66	66	68	74	73	74	76	71	62	81	88	79	76	72	76	63	71	66	84	63	71	69	73	67	75	66	70	55	60	73	76	70	78	58	58	72	87	66	63	74	74	64	65	60	78	70	81	78	76	74	54	88	90	72	73	76	76	76	94	72	71	60	66	75	67	73	71	63	71	80	68	68	80	66	69	63	63	65	84	71	76	77	74	86	70	66	68	84	62	62	55	82	77	76	61	71	54	70	67	70	69	86	68	69	62	70	70	68	63	52	79	64	76	73	103	66	64	69	75	63	66	85	72	79	69	68	75	64	77	79	81	82	63	74	69	92	57	81	69	59	59	88	57	55	77	65	83	71	66	59	63	85	71	73	81	75	76	45	77	74	70	63	69	59	75	64	69	72	86	78	68	66	64	56	65	54	89	54	75	70	72	73	70	61	64	89	70	87	65	96	68	79	66	61	64	77	58	57	67	54	68	77	71	80	92	64	59	80	69	71	67	79	61	77	78	73	77	65	64	82	65	69	59	77	65	68	73	87	55	63	72	68	73	67	68	62	64	78	62	69	84	61	71	53	73	78	72	75	71	78	56	72	53	62	61	73	75	73	66	68	72	67	78	61	78	62	82	68	66	76	61	85	65	55	66	71	67	74	81	85	76	72	63	54	89	70	71	65	65	83	88	77	79	57	69	73	68	77	62	64	63	84
cell31	64	46	48	67	48	53	61	68	48	57	53	58	52	65	62	53	58	68	59	63	44	55	55	67	47	58	46	53	63	67	59	62	68	56	74	56	61	41	64	64	65	49	52	62	71	44	50	90	115	119	93	117	115	110	121	112	100	117	113	113	128	98	146	135	129	100	118	108	109	109	114	110	139	125	124	114	119	112	101	135	89	67	54	52	0	0	0	54	62	63	57	53	61	51	55	50	59	40	43	56	52	70	65	53	44	47	59	57	52	63	49	54	68	61	58	57	46	59	45	55	57	49	56	61	49	52	54	67	47	65	68	61	70	57	60	65	61	55	57	55	61	52	65	62	60	51	71	57	58	81	56	54	57	59	66	51	67	67	64	56	48	45	66	80	77	69	53	51	68	64	60	47	49	57	64	64	69	58	58	70	48	48	40	39	45	61	40	45	59	42	57	53	56	61	50	57	62	54	49	49	59	43	59	50	45	65	60	63	66	53	56	49	64	50	45	53	55	58	51	47	50	61	47	54	63	59	47	62	64	66	58	71	62	66	65	44	54	56	60	58	49	68	66	50	44	52	50	58	53	60	42	57	56	48	71	49	59	58	64	66	46	48	64	53	63	64	55	66	64	69	57	49	57	59	54	61	51	60	70	52	67	65	54	59	60	61	46	65	49	50	56	57	47	50	63	74	69	58	75	53	54	74	63	55	46	47	61	48	49	54	68	46	47	63	56	57	58	69	60	45	50	46	45	43	64	58	66	44	55	43	58	42	56	55	58	60	57	62	65	54	61	53	65	51	55	49	63	70	55	70	61	73	56	63	65	64	49	56	49	65	50	67	71	61	60	60	65	54	62	60	52	61	59	55	74	51	34	51	73	65	63	78	59	71	57	46	57	57	58	58	51	59	45	49	58	42	61	52	64	50	67	62	58	48	49	61	48	47	61	54	45	54	55	62	48	65	63	69	69	50	61	63	46	57	63	66	62	64	57	49	74	46	68	50	80	52	55	53	63	48	51	66	53	61	60	67	47	78	57	65	36	59	64	68	60	67	55	57	54	49	49	54	56	56	46	65	58	57	67	49	66	60	40	41	57	53	60	62	60	77	58	64	45	60	57	61	58	57	62	47	49	62	63	42	63	53	37	50
cell32	72	83	74	65	68	82	77	72	77	73	84	85	90	79	75	83	70	87	101	68	75	83	80	73	83	88	85	85	78	87	85	73	82	75	66	87	88	83	98	74	64	61	91	88	80	84	93	83	69	84	79	73	86	85	81	78	83	81	84	77	82	79	62	80	92	61	90	81	76	88	86	74	84	78	72	70	79	71	68	87	79	77	91	92	93	73	85	84	88	84	67	83	88	73	81	78	72	95	66	77	80	71	79	69	60	56	78	92	69	89	78	94	84	77	82	61	73	78	75	74	83	98	76	80	84	80	79	92	104	91	64	72	90	77	97	89	86	89	95	91	75	91	84	79	66	68	71	93	67	93	88	87	81	88	70	75	79	70	79	79	77	77	83	61	89	83	70	86	91	86	76	71	85	84	78	74	81	98	97	78	70	75	70	82	73	75	87	81	81	71	71	72	75	79	65	83	81	73	79	93	89	75	91	88	88	98	89	61	85	73	86	82	87	63	99	69	76	70	92	83	108	71	70	71	72	88	74	73	80	75	76	65	90	88	104	73	72	82	85	76	75	94	80	74	78	85	76	82	111	68	64	88	105	80	77	98	87	86	77	80	83	68	88	70	65	86	58	78	84	73	80	73	71	86	85	85	73	78	98	78	78	87	71	72	67	83	91	73	81	85	95	81	69	86	75	69	81	90	75	80	74	108	79	95	67	87	76	78	77	74	79	74	87	64	85	102	74	85	73	71	71	92	74	75	77	60	87	99	83	74	84	81	62	70	88	87	68	81	84	87	86	80	106	83	66	66	99	64	95	90	79	78	73	81	87	78	74	73	93	79	84	72	80	78	79	63	69	74	88	82	94	80	62	72	71	82	83	87	83	75	64	84	66	111	79	91	75	92	76	83	79	77	88	80	77	85	67	80	82	72	58	72	65	89	75	54	66	77	73	91	98	84	74	95	88	94	73	82	90	78	72	77	88	87	91	86	81	86	77	73	82	96	78	75	76	79	77	86	90	74	98	83	79	76	88	88	71	86	66	83	56	88	84	89	75	81	82	71	80	96	87	78	100	77	75	100	80	72	87	76	91	85	79	88	88	77	83	81	67	76	58	83	82	84	82	91	92	76	78	87	97	78	93	76	62	67	54	71
cell33	77	61	72	79	72	71	65	57	61	78	62	85	71	76	64	56	66	60	62	74	54	63	78	77	68	61	66	64	52	58	59	70	77	73	76	64	80	60	88	68	73	60	77	71	71	72	63	63	72	75	50	72	58	81	70	88	64	52	72	79	81	73	86	64	69	52	55	77	84	59	57	74	66	76	65	69	61	79	55	62	57	73	64	65	60	67	81	61	75	83	71	85	77	45	66	70	63	68	63	72	53	56	55	62	61	73	80	70	65	57	61	69	63	70	66	57	80	74	55	56	69	62	64	72	53	84	58	64	75	69	70	68	66	70	59	55	60	71	62	72	66	70	74	62	72	58	64	77	61	55	69	61	51	86	67	70	77	69	72	82	72	56	67	51	61	94	59	67	70	66	65	49	58	64	55	77	62	80	74	87	73	49	72	73	64	76	79	65	63	73	66	57	77	72	83	61	68	57	53	79	69	66	67	60	64	66	59	88	78	73	70	86	68	78	76	59	69	65	60	76	63	74	61	57	67	58	59	70	65	73	71	65	72	68	64	81	71	84	68	79	77	80	79	73	75	88	62	66	69	63	61	42	69	79	82	68	71	66	61	87	62	70	63	56	91	66	62	79	70	82	65	51	55	70	84	70	84	80	78	94	66	71	69	87	58	64	68	72	76	74	59	67	78	67	75	77	50	80	64	70	59	75	62	65	57	79	81	67	59	74	55	75	58	61	74	72	54	74	57	76	58	67	65	72	82	68	71	50	67	72	78	74	75	78	57	77	58	71	70	66	78	60	76	72	66	55	73	72	71	65	60	55	65	71	77	68	52	81	69	63	71	63	54	66	73	69	61	60	58	70	61	54	63	63	62	67	65	63	58	59	65	67	65	79	68	75	69	67	73	49	88	73	62	72	53	66	66	83	72	57	75	59	77	59	59	65	68	49	71	67	77	63	56	73	52	71	68	72	60	63	59	71	83	69	62	56	61	69	82	69	71	52	55	75	53	66	76	62	72	73	83	64	63	61	63	80	65	72	63	65	62	83	57	63	62	64	63	59	71	87	83	61	56	70	52	82	63	85	74	59	78	67	72	58	77	78	54	52	58	81	64	65	67	56	78	79	100	57	60	69	56	59	64	58	69	53	59	75
cell34	46	57	44	63	50	52	71	58	63	34	56	48	40	62	46	51	49	49	50	60	62	49	58	49	62	65	60	54	57	50	44	52	64	65	59	58	66	51	59	62	54	35	59	62	52	61	54	60	44	55	50	50	58	57	65	68	56	60	45	72	56	62	61	50	57	52	46	57	45	55	49	52	52	52	43	35	64	43	60	36	56	69	65	64	50	46	66	58	76	56	65	60	52	49	48	53	65	46	49	49	55	54	64	49	48	43	47	51	47	39	67	57	54	36	58	55	55	49	51	49	57	57	52	68	56	55	54	67	59	53	48	46	67	44	52	56	58	56	65	59	64	54	50	52	37	57	47	60	41	44	69	51	49	63	56	53	63	46	43	57	56	56	56	59	51	57	59	57	45	59	45	41	52	53	57	49	52	48	55	69	63	43	55	60	55	53	48	55	61	42	50	63	56	62	60	69	60	48	44	40	74	57	62	66	58	60	61	56	54	40	59	60	55	43	63	53	59	60	50	57	57	64	52	54	49	53	64	54	53	54	49	58	71	66	57	53	56	61	51	46	69	67	62	50	54	56	54	52	71	60	42	49	62	58	39	49	59	50	54	50	48	63	65	44	64	51	45	63	57	46	37	44	50	46	63	54	61	35	58	49	56	39	63	46	54	53	52	62	46	55	62	53	60	50	53	51	56	51	60	43	54	57	50	64	53	49	70	41	49	62	47	46	51	43	50	63	33	40	57	70	69	55	51	59	52	46	57	42	63	57	58	55	58	43	55	49	40	73	56	67	53	48	69	47	56	42	48	50	47	53	61	39	63	48	55	48	60	62	68	40	58	56	47	61	45	56	57	43	52	45	63	59	52	48	64	52	47	48	62	52	59	64	48	62	63	59	46	68	50	50	55	49	61	48	44	58	56	48	50	42	45	48	63	48	55	54	50	53	56	68	56	62	64	36	43	72	60	44	59	66	57	52	57	46	58	41	53	40	52	58	52	53	64	39	53	49	63	48	57	50	62	52	63	58	58	67	45	64	62	62	52	55	55	53	41	53	41	51	45	63	56	54	50	56	55	66	57	68	60	41	64	58	50	57	52	58	41	53	49	54	50	55	53	58	69	70	68	49	56	49	52	51	52	68	54	59	51	52
cell35	96	70	77	75	88	62	96	69	83	88	72	84	86	71	88	73	88	74	82	85	79	84	75	68	89	80	70	82	81	93	68	92	94	74	70	96	82	97	81	89	90	74	75	67	85	69	78	80	96	83	72	73	77	85	70	82	77	94	93	83	83	70	79	96	72	73	79	94	72	79	77	81	88	92	72	96	79	75	60	69	79	91	83	95	71	62	89	68	79	86	82	82	80	68	64	74	81	70	77	82	82	70	78	61	69	65	80	84	61	71	93	72	77	87	87	78	74	74	67	85	64	93	78	76	79	78	91	80	78	77	69	76	77	72	94	75	99	85	74	85	59	68	70	77	95	80	69	77	86	79	70	69	86	96	75	83	92	73	90	76	78	79	103	87	91	71	68	76	85	95	76	70	83	92	90	88	65	92	92	80	82	75	79	85	67	89	71	95	66	67	79	79	71	87	91	82	83	88	81	76	93	71	76	103	69	88	69	96	78	76	97	87	82	66	94	86	84	83	71	76	92	69	76	78	88	79	80	64	79	83	92	57	85	68	84	91	67	79	80	75	89	88	80	64	79	81	79	87	91	73	102	80	77	95	75	86	100	84	70	79	74	67	95	77	90	80	82	97	87	65	67	85	82	86	110	79	77	82	76	74	85	72	90	68	76	74	66	79	69	85	72	82	84	82	74	90	77	94	71	67	90	93	76	92	93	74	101	76	78	67	85	66	87	66	71	95	67	69	74	90	80	81	88	69	83	85	72	85	86	86	79	89	80	92	70	68	82	72	77	76	108	87	83	83	78	86	78	98	74	76	93	76	81	99	70	78	69	91	86	77	81	83	88	80	84	66	94	73	93	66	81	99	89	68	61	80	91	72	89	78	81	81	85	85	74	80	98	64	80	92	83	100	87	88	59	75	80	98	67	64	72	63	91	81	67	72	78	86	73	85	82	76	77	86	92	80	70	98	73	72	84	86	89	74	69	74	76	80	66	78	74	83	68	89	79	69	82	79	83	74	74	81	93	88	75	89	73	83	78	86	72	89	79	63	64	85	90	66	86	85	78	79	81	76	75	98	60	107	78	65	78	67	72	82	77	96	72	72	87	85	72	104	69	98	115	81	66	91	78	78	76	84	85	65	64	64	67	76
cell36	48	52	56	55	73	61	63	57	65	42	56	50	61	50	77	59	45	54	81	68	40	42	54	44	53	49	73	52	55	58	62	54	58	63	54	65	58	70	57	45	57	48	53	48	42	51	35	59	69	65	43	48	35	50	54	57	57	63	47	70	53	62	54	58	57	58	52	44	53	63	60	65	63	61	37	52	56	47	58	72	51	51	58	52	52	46	66	62	55	56	52	70	55	37	52	53	47	49	47	51	70	44	69	46	59	41	45	49	46	68	57	53	41	46	62	58	77	45	64	44	61	69	48	54	54	51	42	60	55	54	51	69	55	48	62	57	57	63	48	57	61	55	60	60	47	61	54	64	68	69	62	51	58	53	66	53	55	63	55	57	73	42	65	67	45	61	54	55	64	55	52	52	48	59	54	55	47	32	68	51	54	48	63	57	47	76	54	49	65	54	67	59	50	45	54	52	54	51	57	58	51	52	44	52	49	57	64	51	57	62	49	49	56	45	62	54	53	44	60	63	60	51	60	57	50	50	64	43	55	56	62	60	75	49	59	45	49	52	44	46	59	49	66	50	50	55	59	50	56	59	52	63	46	53	59	49	73	41	50	57	53	66	58	55	51	56	52	60	54	48	55	46	63	64	75	48	66	57	52	60	58	50	41	53	49	56	42	52	57	63	55	49	50	53	45	65	59	64	55	47	52	52	60	70	55	57	67	37	46	53	61	45	48	57	73	77	50	60	55	68	49	49	56	51	53	55	51	54	43	48	47	65	50	67	57	45	54	59	50	49	67	49	59	54	67	46	45	48	54	63	54	49	57	48	51	48	45	41	53	43	51	42	68	46	50	54	60	58	52	39	56	58	73	61	53	69	61	54	60	46	51	54	55	60	56	59	58	50	57	50	51	61	53	54	47	41	57	45	51	45	62	41	56	46	48	68	47	59	56	68	57	51	62	41	34	65	43	55	57	63	53	55	58	48	51	46	66	62	66	57	46	56	76	57	58	54	50	51	48	49	44	56	56	50	49	55	66	62	46	55	32	63	57	56	43	63	52	46	73	61	63	46	57	41	52	57	52	57	50	67	55	48	40	63	58	46	41	39	57	66	60	50	52	44	48	69	65	51	55	59	51	42	39	57	54	51	49	36
cell37	76	58	68	67	59	58	55	75	69	62	58	69	61	61	57	52	65	63	67	65	64	64	73	54	53	71	58	55	64	77	66	58	69	69	43	58	65	64	89	63	51	54	51	69	70	72	50	65	59	65	60	70	63	56	69	77	69	61	84	67	68	68	63	70	71	63	67	62	57	56	59	51	71	57	68	54	63	51	59	64	55	64	61	76	57	65	57	56	65	60	56	58	55	58	69	55	51	59	62	61	63	51	71	51	70	45	63	64	71	63	74	67	69	54	52	60	71	57	62	60	59	57	62	64	59	56	58	84	63	55	70	40	66	52	69	59	59	45	58	57	70	72	59	63	61	55	52	64	64	62	54	45	63	64	63	72	69	73	58	47	80	46	72	62	53	72	58	55	68	51	53	57	81	53	63	56	51	62	66	63	57	71	59	62	67	70	51	52	56	49	70	58	59	72	62	68	61	63	58	57	66	60	64	71	55	57	48	70	79	53	55	70	61	56	55	51	66	45	51	65	54	57	55	64	63	62	57	54	63	47	67	69	79	49	55	68	56	54	67	59	69	68	59	54	54	61	70	69	65	82	72	64	75	53	56	68	65	73	64	54	72	63	67	55	74	63	64	67	66	57	63	64	48	53	49	64	64	70	57	65	73	68	62	60	54	73	44	65	63	55	56	48	79	60	67	51	63	67	65	63	53	59	47	61	74	71	67	78	49	57	63	61	54	51	69	63	58	67	45	64	73	72	50	62	62	60	54	52	54	56	67	71	49	65	67	65	59	47	82	60	65	47	67	75	66	77	62	56	60	73	74	63	62	68	65	66	58	53	58	67	57	67	71	59	54	62	51	57	55	50	73	70	50	56	58	66	50	55	58	54	49	57	61	64	53	70	62	49	60	58	81	50	64	65	54	59	66	50	45	57	74	59	52	60	63	60	68	54	70	62	59	59	43	68	58	60	44	55	54	65	77	52	66	66	57	55	67	72	60	55	65	67	54	72	65	61	56	66	62	51	68	60	62	65	50	76	76	71	40	59	57	87	59	78	67	72	52	59	77	59	70	58	63	61	57	57	65	67	45	60	71	65	63	50	71	60	48	56	61	63	47	60	50	58	53	55	48	63	60	67	61	50	74	55	63	68	41	65
cell38	47	39	48	52	45	50	42	45	44	34	57	42	48	48	45	44	34	52	55	47	49	50	46	51	41	45	60	55	46	58	39	53	61	60	33	40	52	43	39	41	52	35	42	46	46	36	40	33	40	47	39	37	51	54	49	50	45	45	43	52	49	50	41	52	43	42	47	51	43	42	30	44	41	35	38	40	49	41	36	37	36	52	42	36	50	51	39	47	46	40	37	45	36	42	31	52	34	41	49	31	48	37	52	38	47	29	54	48	43	48	58	42	47	32	43	40	51	43	43	47	42	36	41	53	39	44	40	60	46	50	48	52	59	37	47	55	48	48	51	28	39	46	47	50	41	47	47	61	43	56	36	44	47	26	45	36	51	42	55	32	52	42	60	42	51	53	43	45	39	34	32	38	39	50	35	42	56	46	49	43	47	50	37	45	36	52	54	39	51	36	38	46	33	39	43	40	45	38	48	43	48	45	51	46	35	42	35	35	43	47	34	44	34	43	51	33	46	41	51	46	35	51	38	33	51	33	43	44	43	41	64	39	53	53	38	43	40	43	57	41	51	49	51	47	46	50	41	50	47	40	51	44	53	51	43	47	49	48	40	39	36	48	50	45	48	54	48	56	30	52	36	34	50	45	41	35	39	42	47	58	41	44	54	46	41	47	48	42	59	42	43	49	48	39	44	44	50	40	59	40	35	48	56	39	52	44	53	45	45	38	50	39	34	51	37	51	44	55	41	37	46	52	42	40	42	45	50	52	36	46	47	55	33	60	42	40	46	40	46	31	56	45	50	49	52	41	47	56	44	33	40	48	41	43	30	52	44	40	46	46	63	26	43	35	38	39	54	42	38	33	39	40	34	38	47	49	34	61	42	51	42	48	52	53	44	59	49	48	43	34	51	37	47	37	36	42	36	38	47	44	46	40	45	41	41	46	55	54	38	42	52	39	46	46	48	48	52	40	48	37	44	47	50	43	43	41	43	50	45	38	63	40	61	41	31	54	47	39	42	36	41	51	46	38	36	49	41	51	38	28	43	42	50	52	36	36	44	30	51	35	31	36	44	48	36	57	43	51	46	47	38	38	35	43	45	45	39	41	42	55	46	50	33	47	40	39	35	51	38	50	51	42	51	32	48	44	41	40
cell39	62	50	48	39	49	40	60	45	63	62	41	50	51	50	48	45	48	49	65	52	55	48	43	60	56	42	56	49	53	52	47	52	62	57	44	54	52	50	48	66	54	48	54	47	59	61	49	44	46	40	43	47	55	49	51	58	57	56	47	61	48	51	55	53	55	31	56	63	54	54	35	34	59	50	58	46	58	47	45	53	49	39	44	50	58	41	53	57	56	48	47	61	52	54	43	60	46	45	41	45	42	55	48	46	47	34	47	46	48	44	53	50	45	45	50	65	47	47	39	48	46	50	45	47	55	49	50	49	51	47	50	40	52	43	58	51	62	49	57	65	43	69	55	39	52	49	52	45	45	47	56	44	42	39	46	49	55	52	50	45	47	50	45	44	47	62	49	44	68	61	40	50	41	41	51	47	51	46	57	60	37	50	46	48	39	46	47	55	37	47	50	47	53	50	53	36	62	44	48	38	47	49	52	66	46	58	44	67	59	49	57	45	40	39	55	45	52	46	49	55	46	56	64	52	41	43	47	63	39	49	53	36	56	51	37	52	48	57	53	47	50	40	64	45	43	55	43	50	51	51	42	51	63	51	58	42	61	42	47	36	53	48	40	54	48	50	38	54	44	43	46	43	37	47	49	53	50	49	61	53	51	31	54	55	47	44	57	40	46	53	43	51	44	47	51	42	48	54	50	52	42	68	40	46	43	47	56	50	54	45	60	48	35	51	50	56	35	48	41	50	58	48	44	51	46	51	45	55	51	47	56	51	51	56	51	44	38	45	45	49	58	47	55	47	42	49	43	50	53	50	50	56	53	46	56	47	45	56	47	50	47	52	53	42	43	39	48	57	61	48	46	45	50	42	44	59	41	33	51	37	53	62	47	57	60	43	43	53	43	37	52	42	39	47	38	44	48	45	59	47	35	34	42	48	41	46	51	50	43	54	52	44	47	44	51	62	43	56	46	64	40	35	42	42	48	38	49	52	48	40	40	40	45	48	46	46	31	42	49	42	49	55	59	54	47	45	49	51	37	47	41	58	49	40	44	41	58	48	52	54	49	43	47	46	58	42	51	51	65	54	43	46	55	43	51	42	44	47	40	58	43	42	43	36	58	53	42	48	45	51	55	61	64	53	42	50	40	53
cell40	46	40	36	38	44	28	35	33	37	33	40	34	30	37	42	39	32	50	34	39	34	40	26	31	45	44	44	35	36	45	40	51	39	31	40	48	42	54	35	34	35	46	32	36	30	36	44	41	44	40	50	32	33	30	34	35	36	41	44	42	35	36	42	37	34	41	49	35	39	44	32	43	31	36	34	42	44	39	35	50	30	50	39	39	35	36	37	44	40	38	34	28	43	30	33	40	37	44	39	45	31	35	29	41	38	28	42	34	43	49	45	43	42	40	48	34	41	47	42	37	41	48	34	37	42	38	30	41	36	48	41	33	48	46	43	32	38	48	45	43	47	40	37	36	34	49	39	43	33	42	37	27	30	41	41	47	42	40	49	53	40	36	37	41	45	29	40	27	39	53	35	37	41	46	41	35	33	40	32	44	45	33	37	51	36	43	36	40	31	37	33	41	42	42	37	38	47	38	38	46	46	43	48	38	28	52	40	32	33	36	35	44	45	31	35	47	30	42	39	35	39	35	37	38	40	36	39	47	28	31	46	32	39	36	35	44	43	34	40	37	39	48	41	42	45	45	43	39	43	38	42	29	38	45	38	36	32	41	37	39	39	48	39	27	43	40	48	49	33	39	33	35	39	37	54	35	43	38	33	43	46	32	40	29	43	28	43	34	42	33	52	38	37	40	37	44	37	41	44	36	30	37	43	31	41	42	62	39	30	44	26	46	31	31	46	41	31	39	31	39	34	50	38	30	29	40	31	36	30	34	50	40	31	46	54	48	28	44	40	33	39	27	48	57	28	41	41	34	40	40	46	42	42	36	43	42	33	36	31	31	44	47	33	37	46	40	39	33	30	34	41	43	46	36	34	40	38	44	47	48	38	36	38	41	34	43	49	40	41	42	45	42	31	40	44	37	45	43	36	38	42	43	36	40	32	44	42	44	42	51	35	33	36	47	36	46	34	32	37	47	43	36	29	41	39	47	43	32	35	40	26	35	41	40	41	37	35	26	50	40	38	34	54	37	38	49	39	26	40	48	50	32	55	42	36	34	39	32	38	54	41	37	33	45	39	50	33	36	42	31	41	40	38	45	35	27	34	32	54	36	44	47	37	35	56	40	36	46	43	33	39	37	49	40	42	44	37	38
cell41	76	61	76	66	59	60	61	75	62	73	53	73	54	65	52	51	68	62	63	61	55	69	59	66	78	65	68	64	66	75	70	63	68	56	59	62	70	62	72	53	65	64	68	60	69	59	49	67	58	62	76	60	52	51	70	58	52	78	76	85	67	54	76	72	63	56	74	49	74	63	61	52	77	50	58	61	73	71	54	63	74	64	73	65	68	50	67	64	84	41	86	80	58	63	71	67	63	70	56	50	74	58	53	60	62	62	64	60	60	73	55	69	48	69	62	64	78	70	48	56	63	76	57	81	69	69	62	76	64	62	60	56	80	76	67	63	65	72	71	67	73	61	71	66	43	62	60	84	68	74	66	56	79	65	61	58	55	60	56	69	67	58	82	85	78	71	66	79	60	63	54	61	58	81	54	88	62	67	60	58	64	61	56	58	54	73	62	68	64	55	61	46	64	59	70	76	72	50	55	74	51	59	68	68	64	78	65	60	66	66	56	67	51	63	57	70	69	59	70	52	65	56	60	54	71	69	63	60	67	66	88	71	78	67	71	59	65	74	77	48	64	62	71	53	56	66	55	74	79	60	62	55	57	65	54	61	57	61	70	63	51	67	71	45	65	77	58	60	47	84	62	65	57	49	82	50	62	59	65	76	56	76	55	55	74	68	76	74	68	63	46	51	69	72	73	62	57	56	56	63	70	50	60	79	66	62	69	61	63	61	65	58	63	60	51	80	67	67	61	64	63	75	65	63	47	63	67	63	69	45	67	66	45	76	60	71	72	82	52	55	80	68	69	49	69	63	74	55	63	73	63	74	74	53	62	66	63	67	52	64	59	72	68	53	63	57	59	67	75	68	63	67	63	49	66	56	67	57	69	60	66	71	66	56	58	74	70	64	59	58	69	60	54	70	57	41	75	61	63	67	58	61	76	63	60	72	70	72	70	79	68	48	72	70	54	71	75	67	66	55	55	57	72	58	64	71	73	89	59	63	69	64	69	59	55	67	60	72	55	67	61	60	72	58	58	82	69	63	74	53	47	58	44	57	63	58	69	65	67	59	65	72	71	54	71	60	57	68	68	74	71	61	51	68	69	68	55	31	38	66	51	76	52	63	66	66	47	61	62	50	55	92	49	58	57	54	67	64
cell42	39	34	35	30	27	29	33	38	29	30	28	41	40	34	35	36	33	38	33	29	44	31	38	32	43	35	35	46	35	44	30	37	54	36	29	39	37	36	31	31	45	31	40	39	46	34	32	36	25	38	40	33	39	35	28	32	26	28	40	35	24	28	36	39	32	41	30	23	27	29	38	38	34	33	32	37	32	39	34	39	36	22	33	42	36	42	43	33	37	42	34	35	37	25	26	34	32	34	29	48	36	33	37	42	43	30	40	41	27	34	27	29	33	39	42	39	34	30	31	31	25	36	38	33	27	41	37	29	25	24	28	29	33	29	26	38	24	40	31	36	39	31	38	33	32	27	30	28	45	19	39	33	28	31	24	25	34	32	36	39	32	23	38	34	25	41	33	27	37	34	36	23	41	41	34	38	42	36	35	39	42	34	41	38	47	34	27	26	20	31	31	29	41	28	40	26	39	30	33	41	26	32	36	38	36	25	31	30	33	36	39	38	30	29	40	28	31	25	36	35	32	31	28	39	36	37	33	38	38	34	44	38	38	29	35	24	33	30	38	29	33	36	30	27	42	29	32	35	46	32	29	21	34	38	38	34	34	34	19	32	36	28	29	43	38	40	36	35	34	38	28	36	41	34	42	26	28	33	31	36	44	34	31	38	33	28	32	28	27	27	28	28	36	32	27	36	41	41	24	31	36	30	28	29	33	35	37	22	30	28	35	30	41	26	39	42	34	41	38	50	38	28	35	30	28	21	29	44	30	21	44	27	38	34	35	45	39	46	30	32	26	35	47	36	39	36	42	39	32	32	41	30	41	37	26	43	36	34	32	29	35	32	43	36	35	33	43	30	38	32	40	33	53	35	36	44	34	24	35	29	32	38	32	37	31	35	45	37	22	50	46	36	32	29	24	36	37	32	36	33	36	30	37	39	23	30	30	32	29	30	37	31	39	28	27	33	42	40	35	42	42	35	35	39	26	34	37	33	33	34	25	35	37	45	30	27	38	36	33	36	40	34	41	31	35	35	32	42	34	36	31	33	28	33	27	27	36	31	26	37	27	32	38	30	20	26	41	36	31	33	34	34	47	32	33	39	39	32	21	37	29	37	30	38	37	35	50	30	36	35	29	45	31	24	34	35	33	38
cell43	48	64	57	77	66	68	53	63	59	58	63	60	71	66	55	52	52	61	70	63	54	55	68	51	62	65	47	66	67	69	61	60	66	56	52	69	65	54	60	72	66	75	62	62	62	48	57	134	122	109	107	107	123	117	114	147	113	121	116	158	117	123	119	116	118	114	122	107	119	124	110	125	136	121	120	111	124	109	116	149	121	55	47	61	63	47	50	75	67	62	46	66	52	54	60	62	38	64	64	53	77	60	53	49	69	57	73	52	61	72	64	73	59	56	63	49	60	50	63	53	60	60	70	52	67	59	53	65	66	39	59	55	57	48	63	50	63	64	54	74	66	51	57	58	58	65	59	55	59	59	68	72	59	58	60	64	52	65	56	64	67	56	71	51	61	84	55	66	62	67	53	63	61	59	60	69	66	61	54	77	77	60	56	69	63	62	63	67	49	48	48	59	42	51	77	68	57	61	54	59	60	51	54	64	71	63	66	66	68	59	60	55	64	53	61	61	65	46	52	67	69	61	49	59	68	50	56	59	55	52	62	65	60	65	67	59	63	54	63	53	53	51	60	64	67	66	58	69	54	69	59	54	59	59	69	53	56	64	66	67	59	62	53	55	57	58	63	74	70	67	53	60	62	54	70	70	63	70	50	52	40	59	67	46	58	42	59	51	54	50	55	68	59	53	53	75	77	58	63	54	61	64	66	48	56	65	63	63	62	57	53	67	62	67	63	76	60	62	58	59	54	62	65	59	65	56	61	56	68	52	49	71	70	59	51	59	60	45	62	62	67	56	68	72	58	63	70	63	61	65	65	52	54	58	56	60	55	67	41	50	64	60	62	47	63	55	51	65	55	40	53	60	51	60	67	68	72	61	61	57	50	62	52	53	62	63	89	55	46	65	61	49	68	54	61	54	57	59	66	70	60	49	47	49	44	66	59	61	61	60	62	65	68	44	56	58	60	44	60	61	64	53	58	57	54	50	51	59	67	46	58	59	58	45	70	68	51	46	49	59	70	71	60	72	59	69	59	58	62	72	58	57	69	61	56	51	64	77	67	63	60	51	61	59	58	71	49	66	51	60	60	67	54	50	68	64	66	45	44	68	46	56	40	58	70	52	48	57	76	67	58	59	75	48	64	52	55	47
cell44	51	42	49	40	32	59	52	51	45	37	58	43	38	48	53	52	51	37	50	50	42	47	50	31	46	34	37	37	48	40	50	63	54	45	49	53	53	52	53	49	40	37	46	47	63	41	45	108	100	94	93	71	87	94	65	106	97	102	83	105	112	105	91	86	104	73	88	91	88	97	97	96	103	91	81	85	81	100	81	110	67	32	46	38	0	0	0	41	60	43	51	34	46	44	38	39	50	37	55	40	58	40	46	47	40	40	37	53	48	49	44	51	41	44	43	42	45	52	47	53	34	44	45	48	51	50	40	47	45	54	60	43	51	42	46	61	40	46	37	45	43	41	41	34	39	37	50	44	39	52	39	45	45	48	38	50	47	47	39	42	47	41	51	38	46	46	47	42	47	41	50	49	45	46	34	44	49	41	50	56	48	41	46	30	40	42	57	50	48	35	49	48	39	40	43	48	47	45	43	48	53	34	37	47	49	50	44	48	45	54	49	45	53	36	43	37	49	49	57	53	49	46	41	51	33	45	56	44	47	45	36	39	40	42	54	43	52	40	48	41	43	46	58	45	44	45	50	36	51	62	39	44	44	37	46	42	50	65	31	42	47	55	42	37	49	43	37	39	59	41	55	41	40	50	50	42	42	36	51	47	42	43	52	42	48	45	39	41	44	41	38	51	48	47	47	41	36	48	40	47	46	43	50	50	47	48	49	49	36	41	40	42	47	36	48	37	40	50	48	46	38	55	41	49	41	41	58	52	45	49	32	37	33	41	41	48	45	49	54	48	42	48	46	44	50	30	60	52	42	40	36	36	54	43	36	41	45	40	40	44	52	49	46	37	58	40	52	50	59	39	48	47	46	42	33	50	47	59	46	35	46	44	36	45	38	48	50	54	46	50	42	35	46	48	41	42	35	45	34	51	55	40	40	51	31	44	53	40	42	45	62	45	51	52	48	55	45	52	32	41	46	48	40	45	51	39	49	49	49	48	47	63	49	50	48	56	49	44	48	48	53	51	31	47	44	44	52	46	52	61	48	49	42	43	45	44	46	47	50	46	37	50	42	49	46	61	42	53	46	55	46	42	39	56	34	49	49	49	52	49	39	42	45	40	39	46	47	38	49	36	45	50	57	40	41	52	42	29
cell45	63	62	70	70	65	59	67	66	60	68	72	82	76	59	73	70	71	84	74	75	64	92	72	60	66	58	78	87	88	79	83	76	79	79	60	55	68	70	73	74	69	58	56	72	84	64	69	72	60	83	63	58	67	70	70	58	75	81	80	78	72	60	77	75	72	73	83	69	58	62	75	61	75	62	70	65	83	78	67	77	73	74	77	62	75	60	69	56	73	77	55	69	54	65	66	71	68	64	54	75	66	57	73	64	60	55	64	77	59	60	71	76	61	58	73	61	78	64	47	68	58	66	71	58	76	75	55	76	66	66	74	66	56	53	64	81	68	73	66	85	73	53	75	59	80	62	73	66	75	65	88	52	68	67	65	68	82	84	78	73	69	55	84	61	84	75	42	69	91	69	60	65	68	71	54	62	61	56	64	77	67	52	51	55	56	73	86	71	56	76	67	60	80	66	62	56	66	52	70	70	77	57	67	67	76	74	70	70	72	64	72	65	69	71	75	65	53	55	73	65	70	44	63	71	80	67	70	63	74	51	87	66	72	65	69	76	60	60	66	75	76	82	79	61	61	68	69	59	65	81	59	57	72	56	84	76	51	65	55	76	66	87	59	62	72	82	65	65	80	67	63	72	69	63	82	65	66	75	60	68	77	69	64	89	74	69	55	56	69	59	69	59	52	61	71	67	68	72	69	64	55	64	76	73	76	51	88	60	65	58	78	56	56	67	50	76	54	86	67	72	63	63	67	72	69	59	82	63	66	70	67	62	65	58	63	67	69	61	66	58	62	48	78	53	76	76	75	79	63	49	72	60	70	59	67	63	69	84	50	60	85	69	67	59	87	57	58	70	61	66	80	66	85	68	73	83	67	62	54	64	64	78	59	70	67	76	78	59	80	81	51	61	72	62	63	65	63	85	53	71	74	62	76	78	52	58	78	75	74	51	73	65	68	64	60	69	71	68	62	79	70	53	77	72	59	73	67	79	72	62	58	68	89	58	69	67	73	62	67	76	76	73	73	65	83	78	74	72	63	73	46	73	93	71	65	73	51	55	69	81	77	62	70	68	71	76	75	81	68	76	61	70	60	68	57	57	62	73	65	67	74	64	54	58	56	71	81	52	57	72	63	78	65	71	66	77	64	63
cell46	63	46	59	71	53	61	52	55	80	51	65	61	67	50	69	56	69	63	60	55	54	64	60	68	63	60	67	60	55	54	59	59	81	74	64	58	54	60	66	52	48	54	50	58	48	64	69	115	120	103	124	117	115	113	125	131	121	118	116	124	138	111	121	130	128	121	127	113	121	109	124	133	106	127	121	121	104	113	104	124	111	62	62	61	58	73	67	47	69	79	54	62	66	52	58	57	54	59	74	52	59	64	69	73	69	51	63	62	60	62	62	55	72	69	51	54	76	65	72	50	59	50	48	59	68	71	63	65	58	60	52	61	65	48	68	62	62	39	42	55	53	64	65	48	56	68	65	64	50	63	57	46	48	53	64	58	47	64	50	59	73	49	49	54	61	59	57	64	63	50	65	59	60	57	75	49	68	63	60	63	53	41	51	56	58	79	76	60	61	60	69	58	55	65	66	51	64	49	55	58	63	62	60	66	62	55	53	74	60	56	50	55	68	55	58	43	70	62	62	57	62	56	51	65	42	60	66	59	58	47	77	57	54	71	66	64	66	52	49	60	60	69	58	62	74	68	62	62	51	68	54	54	63	55	61	62	49	57	53	71	66	68	59	52	72	56	62	50	55	66	48	52	62	61	62	47	56	47	41	57	66	52	77	44	51	62	62	59	74	65	52	64	65	68	62	72	48	67	61	43	50	54	50	81	58	60	54	37	59	47	59	59	43	46	54	70	65	46	68	65	62	56	62	54	65	56	63	57	46	67	62	56	47	66	61	70	56	62	62	52	52	56	80	77	60	71	57	68	70	50	56	58	52	56	62	62	51	74	58	67	59	48	62	65	51	67	58	67	56	61	71	73	68	57	57	70	49	52	53	43	53	75	54	52	70	57	68	58	67	59	57	73	70	51	57	55	52	57	42	60	66	70	64	51	58	55	84	68	59	68	72	52	67	57	64	62	60	48	55	65	65	57	54	54	43	34	43	65	55	61	50	65	48	54	80	60	68	56	59	55	62	58	49	58	65	82	58	57	59	60	62	67	44	54	63	52	60	36	55	63	52	67	70	59	69	63	53	72	53	32	64	51	48	62	50	66	58	67	62	73	56	49	54	65	54	57	64	61	51	71	63	53	53	57	52	59	55	68
cell47	94	75	64	100	81	83	91	71	66	91	94	83	94	98	90	74	75	81	88	67	78	71	78	87	71	78	83	94	81	81	79	100	99	90	73	85	82	77	98	84	98	85	73	77	84	118	73	179	182	175	161	141	161	184	182	206	152	168	169	186	151	171	149	190	191	145	152	170	145	155	142	152	168	160	152	143	175	135	146	153	164	85	89	85	0	0	0	80	93	81	80	88	77	82	79	66	76	85	84	81	83	58	88	65	83	78	85	74	66	88	91	85	89	87	87	70	98	80	82	93	71	89	83	79	86	105	78	70	85	79	74	83	76	81	80	84	71	82	88	91	85	83	94	62	85	68	89	77	83	76	99	75	64	61	77	86	80	88	70	72	82	82	84	91	69	80	105	83	85	75	94	66	85	93	90	91	84	70	82	74	85	75	81	92	81	70	64	76	85	73	73	74	82	89	75	101	87	76	82	84	91	86	96	73	67	111	69	75	94	84	81	87	95	83	84	71	82	84	68	72	89	62	70	89	83	82	73	86	70	86	94	81	81	89	91	71	72	87	84	87	101	89	94	65	92	101	71	81	83	86	91	81	91	92	93	80	80	78	71	75	70	92	86	81	76	72	81	87	75	78	85	93	69	88	81	87	65	83	84	70	89	90	75	73	77	78	73	88	78	75	76	96	93	86	81	77	91	89	79	84	79	82	67	87	74	92	85	80	78	98	72	80	76	71	73	85	77	93	67	81	87	89	78	66	99	79	75	95	65	94	92	87	68	91	66	72	95	92	84	76	75	89	90	88	80	81	95	97	82	87	79	81	87	70	87	79	87	91	76	73	68	79	81	69	81	81	98	86	92	87	78	79	81	87	65	77	76	99	79	75	78	102	90	69	87	73	76	70	75	68	82	81	81	71	72	70	81	100	71	83	84	61	72	59	73	107	92	72	83	83	104	71	66	85	92	106	92	78	74	81	84	72	97	83	82	75	89	86	67	95	90	72	78	87	92	69	80	72	85	78	98	84	82	66	81	82	90	97	81	93	73	99	72	88	81	79	101	74	90	98	72	67	94	82	87	91	81	88	84	69	60	75	86	80	89	73	78	82	65	88	77	79	75	79	77	68	83	93	78	79	90	78	78	83	68	71	55	69
cell48	64	67	55	64	61	46	70	55	69	62	46	62	62	63	44	49	59	52	64	54	61	66	63	57	62	57	73	67	50	72	61	54	61	60	57	59	60	51	70	60	68	60	51	59	58	65	51	57	59	67	57	60	75	48	62	71	67	68	67	62	72	58	52	62	67	47	57	58	48	64	62	54	57	62	45	59	55	60	59	64	59	57	46	49	54	58	69	68	62	66	39	69	56	40	73	63	44	59	37	63	72	49	58	44	63	53	56	60	46	53	55	69	50	64	77	59	67	61	64	57	56	58	70	50	63	75	58	66	77	60	49	59	67	51	70	52	52	61	52	64	55	58	61	65	53	44	67	68	55	54	51	56	60	54	55	54	71	62	65	53	64	63	52	63	51	78	56	57	68	59	64	52	43	51	73	52	49	65	58	70	65	61	61	55	70	56	61	57	38	52	64	63	59	71	59	72	51	69	49	55	61	68	62	74	62	84	52	49	51	68	63	60	58	57	54	59	51	51	43	71	54	68	46	57	51	49	53	61	51	58	70	57	74	53	54	55	48	55	74	73	45	60	64	56	47	69	63	72	79	51	72	70	64	56	49	68	54	59	64	58	59	63	64	45	51	75	33	66	58	52	56	47	56	68	58	55	61	66	68	52	66	57	74	67	63	60	58	53	58	61	47	57	63	51	75	67	59	64	68	67	71	53	67	61	58	52	71	56	55	66	55	46	67	56	79	65	61	55	55	75	58	56	65	50	60	59	63	65	55	58	70	54	57	60	62	57	51	62	58	60	73	54	68	51	61	61	72	58	65	64	50	57	56	56	55	67	77	58	58	53	64	55	70	65	49	66	70	58	58	51	67	66	49	54	54	70	63	58	59	59	58	61	62	67	59	55	57	71	54	57	66	62	59	59	59	60	50	73	71	59	57	47	51	69	60	58	45	58	57	60	67	52	57	55	52	55	59	67	53	59	64	67	49	58	58	42	54	66	65	46	71	61	55	66	54	52	52	58	51	63	73	60	62	61	57	63	51	56	68	51	52	60	66	73	61	48	53	56	51	68	55	45	66	62	66	75	74	57	59	57	59	60	52	61	56	70	48	62	60	64	64	56	55	71	59	60	61	68	46	50	72	72	68	35	56	50	65	65
cell49	33	36	39	40	27	30	34	35	37	38	19	38	38	33	25	26	24	31	34	37	28	29	30	26	28	23	32	36	32	34	32	26	24	47	24	37	42	31	33	34	42	24	34	29	35	35	33	35	38	24	28	28	21	24	31	33	28	37	34	23	38	35	28	33	27	35	32	31	29	28	22	28	27	20	32	35	27	31	24	31	36	28	35	43	33	27	25	28	32	27	26	26	29	27	46	24	28	28	25	48	33	31	37	26	22	33	19	31	31	29	32	30	34	27	26	36	40	38	27	21	17	34	24	24	31	30	33	33	29	26	17	40	28	29	27	35	33	32	33	35	32	35	33	35	31	37	37	29	31	37	28	26	29	31	36	30	38	29	30	32	25	30	41	30	32	25	25	35	34	28	28	25	27	38	39	30	27	29	30	41	30	25	22	24	21	33	23	38	24	31	31	34	39	29	32	22	29	29	27	30	40	37	32	24	33	32	26	31	27	31	29	39	30	31	23	30	25	36	38	31	25	30	28	21	25	20	27	37	29	27	28	41	30	33	46	26	26	22	31	26	26	28	34	32	26	33	30	23	44	28	23	29	27	35	26	31	28	28	27	28	37	38	35	25	40	34	30	30	15	42	21	31	32	27	36	27	29	36	35	27	33	25	41	35	28	28	33	29	24	31	23	50	24	25	25	30	33	31	40	40	36	31	26	36	23	25	39	27	29	28	28	31	30	21	38	17	21	39	25	28	30	32	40	32	32	29	29	37	34	42	23	28	31	30	31	26	30	25	20	34	34	21	31	33	37	29	32	21	33	27	29	22	22	36	22	28	23	26	33	31	35	33	26	25	33	36	25	30	28	19	42	33	26	28	28	21	35	27	28	28	28	28	37	40	27	32	27	29	24	30	28	22	27	30	36	17	17	27	33	42	29	36	22	25	31	30	30	28	25	36	33	30	30	35	29	44	33	31	26	26	32	20	34	26	33	25	22	38	29	41	26	22	33	30	25	28	26	27	25	35	30	27	33	35	32	44	36	27	23	28	27	31	35	26	33	24	20	26	32	32	25	30	35	36	36	26	24	30	29	29	28	40	37	34	31	25	24	25	28	36	37	29	32	37	27	28	23	36	31	22	36	34	42	25	37	24	31	27
cell50	58	45	50	52	51	39	49	37	59	52	53	46	48	44	40	46	46	40	42	46	36	62	46	39	52	44	44	33	36	46	59	43	41	46	46	51	52	43	49	54	43	40	41	47	44	45	36	57	42	41	55	56	51	34	50	46	47	50	47	41	52	54	54	45	46	42	38	38	44	53	49	43	63	36	38	50	42	54	36	48	48	38	42	39	40	47	52	53	48	58	45	47	45	36	37	42	52	48	49	47	54	57	42	38	43	41	53	53	44	43	44	41	58	52	45	58	50	38	45	56	46	50	50	40	55	40	50	55	47	51	51	53	56	47	61	44	55	44	61	45	46	48	47	58	53	44	57	54	44	46	36	40	50	48	46	52	46	62	63	41	49	44	52	44	42	55	40	53	61	41	42	54	45	48	39	48	56	32	44	70	49	48	37	52	55	48	59	40	40	48	47	45	43	48	39	44	56	51	49	37	38	46	38	47	47	56	41	53	52	51	45	47	64	45	50	43	51	52	44	45	42	47	58	55	46	58	49	53	58	46	42	47	44	59	44	45	30	35	45	49	53	61	40	36	36	38	60	55	61	40	37	45	52	42	47	61	55	42	43	43	63	45	56	43	39	43	34	58	42	45	41	37	47	45	43	51	58	46	49	48	57	47	51	28	45	52	53	49	54	55	48	45	47	48	63	50	60	52	41	52	40	51	46	45	45	36	46	46	43	42	49	38	50	53	53	56	33	59	52	41	44	60	40	42	47	39	46	34	51	46	32	49	41	41	49	29	44	52	45	30	42	31	67	46	35	42	41	51	52	41	31	39	64	49	34	40	50	52	54	45	43	32	49	40	48	53	43	48	44	43	42	61	60	36	47	53	51	55	39	33	39	47	54	49	63	45	57	44	54	54	43	47	40	40	39	49	53	67	44	54	52	45	42	38	43	44	41	44	49	55	50	40	34	44	46	65	51	51	47	53	32	47	51	56	30	52	45	36	53	38	48	39	59	43	39	44	47	38	39	49	46	61	42	44	40	44	47	36	43	41	39	46	50	44	51	34	47	44	49	58	43	46	48	55	39	50	45	44	49	42	53	44	47	58	43	44	37	43	60	57	45	59	36	42	52	52	41	45	44	29	48	51	38	44	46	42	43	33
cell51	45	31	34	36	26	32	27	34	38	24	32	38	39	35	34	35	39	34	32	39	32	39	36	34	40	32	39	31	33	40	39	38	37	27	29	36	27	33	37	38	41	25	26	30	27	35	32	34	32	32	39	29	40	27	37	38	35	22	31	30	40	46	32	35	23	34	31	28	30	34	38	36	37	28	29	26	38	34	40	38	19	42	39	33	29	34	45	30	31	40	38	28	29	24	29	25	25	36	39	34	44	36	41	29	31	28	24	28	37	30	32	43	37	27	35	19	34	30	34	38	27	33	29	33	30	39	28	32	40	29	34	36	33	29	26	29	27	32	29	43	31	35	44	30	43	33	31	32	43	31	48	45	32	38	31	26	38	37	42	35	45	21	34	36	33	32	31	34	39	40	34	38	32	40	25	43	28	34	22	31	37	28	39	42	39	34	37	27	30	33	33	51	32	25	40	32	37	38	34	34	32	31	41	33	38	41	34	32	29	28	32	32	27	35	37	35	35	37	26	36	44	35	33	26	38	30	30	32	44	42	29	43	27	33	39	30	28	26	27	32	24	42	37	25	40	38	39	32	49	38	36	39	24	31	42	27	20	29	46	28	33	40	28	28	42	38	28	34	35	28	38	30	30	26	33	37	33	42	29	43	40	31	31	28	27	28	35	36	35	29	34	41	29	33	42	31	32	29	36	33	44	42	38	42	38	38	38	38	33	41	34	35	38	32	48	36	18	33	41	30	32	33	37	29	33	34	37	39	27	35	27	46	27	34	34	33	22	36	27	20	37	28	36	34	31	31	32	23	33	37	39	35	34	42	37	30	42	35	32	35	32	26	28	33	35	39	20	41	33	33	39	37	32	37	30	27	35	36	44	32	34	31	39	40	42	35	35	33	29	30	28	35	35	35	42	31	26	37	33	33	27	25	33	28	32	26	30	17	32	41	35	36	37	24	33	41	34	37	35	37	22	38	30	27	34	35	40	45	35	37	38	34	40	38	27	29	27	40	43	23	33	50	19	30	25	41	36	36	26	49	32	34	30	40	22	27	42	33	29	36	37	46	32	34	34	31	25	33	39	38	39	39	32	38	35	31	29	33	36	42	36	33	33	28	34	36	38	36	33	36	32	31	40	32	32	43	33	17
cell52	43	32	34	54	42	46	36	43	40	46	53	47	52	35	34	40	36	43	41	33	40	49	42	36	46	53	38	48	25	45	31	42	47	49	43	45	39	47	38	40	45	40	36	47	50	46	44	42	38	42	42	38	45	35	37	39	39	35	37	44	44	48	49	35	38	46	33	52	35	44	43	38	33	43	48	37	30	43	43	41	35	39	44	42	50	41	40	42	42	40	47	41	53	42	37	39	33	36	43	32	49	51	53	39	42	36	44	38	46	45	39	42	40	41	29	30	47	27	41	41	32	35	30	40	47	35	45	40	43	41	35	43	41	30	51	50	50	52	42	44	42	49	41	40	35	53	38	45	31	40	51	31	34	39	34	48	34	38	37	40	49	40	48	32	45	50	26	36	55	54	49	42	32	36	46	42	40	55	39	45	40	36	43	39	53	45	48	45	46	49	42	49	44	36	49	49	49	25	41	37	44	24	43	45	35	37	48	44	46	50	56	42	49	34	62	42	34	40	47	37	43	42	46	34	33	55	39	39	47	41	34	51	40	50	45	35	42	28	56	46	45	48	56	30	32	53	43	49	39	47	38	38	36	33	46	54	45	45	51	40	39	47	55	50	40	51	41	44	43	56	51	43	46	41	54	34	41	48	41	43	41	45	55	51	36	42	36	38	46	38	44	48	37	39	51	31	40	36	51	38	50	41	50	48	41	32	39	32	35	49	55	32	42	34	53	49	40	47	41	48	37	32	32	37	49	28	49	40	37	39	43	55	35	43	53	45	37	41	42	30	48	43	48	50	42	45	39	39	41	41	51	34	41	39	45	49	36	49	31	40	49	31	44	42	38	36	38	56	45	30	38	43	40	52	44	36	43	42	37	39	34	45	45	43	37	38	39	51	46	41	33	44	38	41	42	44	36	34	35	28	45	49	38	40	43	33	29	32	39	43	49	37	29	37	43	45	41	31	50	47	53	47	34	43	34	37	43	41	41	49	42	45	38	51	36	47	35	30	48	39	56	37	48	36	40	43	49	35	32	48	39	37	43	48	37	42	37	34	49	41	39	43	37	57	32	49	51	46	33	37	39	35	37	45	45	36	36	46	35	40	35	46	44	47	43	37	35	41	38	49	49	42	39	27	33	36	29	34
cell53	74	74	74	65	73	68	67	74	75	61	79	51	63	93	86	72	75	56	76	69	64	65	99	71	88	68	70	85	84	74	79	72	81	77	49	69	89	87	79	80	78	76	76	73	71	68	90	73	78	68	82	77	74	70	92	77	66	75	67	100	90	90	77	78	83	53	75	77	77	68	76	71	60	53	77	76	79	70	73	77	72	73	80	89	71	71	85	73	73	71	70	79	68	70	76	68	58	74	66	83	86	49	62	73	66	67	85	80	73	64	89	91	81	60	66	73	76	63	81	70	65	80	85	63	73	86	61	72	78	73	95	78	79	64	86	82	86	75	82	69	76	64	83	76	69	81	58	90	59	64	75	64	73	75	77	72	73	83	75	81	75	61	75	84	74	91	85	72	86	94	74	71	100	77	88	78	66	66	88	64	82	67	83	69	89	84	61	72	87	66	85	74	79	70	80	65	83	82	62	80	78	79	66	89	69	87	85	71	85	73	82	73	80	76	63	76	82	79	69	81	78	69	67	67	65	73	70	67	79	71	81	82	76	83	78	78	61	65	86	71	85	83	71	71	69	89	81	87	80	89	66	73	57	91	88	71	62	67	76	94	81	97	92	73	86	73	69	78	70	82	80	76	68	72	89	73	84	74	61	72	65	72	88	72	74	68	81	65	81	72	82	87	76	77	78	64	90	96	63	62	65	77	84	76	71	69	78	69	70	78	78	64	75	66	70	81	61	88	61	86	72	76	85	62	89	69	59	65	67	73	70	70	70	92	82	79	74	63	81	55	74	78	88	77	69	58	72	73	79	82	64	70	78	63	73	76	89	67	71	82	76	69	76	66	67	65	67	89	79	57	102	71	97	60	70	67	84	67	67	60	79	71	68	82	75	76	79	62	72	76	79	90	67	85	69	64	77	70	86	76	52	68	67	64	69	67	82	75	71	88	86	74	67	75	69	94	79	92	79	87	64	81	63	75	70	70	77	69	64	72	59	72	88	64	69	59	64	79	68	73	81	66	87	67	64	84	86	88	90	80	64	81	85	60	68	82	63	64	63	80	74	66	84	87	82	84	88	98	71	83	78	75	79	66	71	67	66	78	84	64	55	60	65	68	88	72	79	74	76	69	73	78	73	79	66	56	64	51
cell54	57	59	56	66	55	50	54	56	66	51	56	70	55	47	57	56	44	45	59	59	54	61	55	49	57	54	67	69	60	53	57	50	66	58	47	58	59	50	79	54	63	51	67	58	48	51	55	81	59	58	51	57	50	64	61	60	44	76	52	75	66	44	62	64	42	48	48	64	48	58	57	60	53	67	58	72	55	68	57	71	58	45	60	65	58	50	55	55	73	62	59	61	58	38	60	49	59	62	67	46	67	55	60	44	56	50	54	64	48	69	52	78	75	48	68	50	64	55	55	66	58	73	61	60	58	71	49	61	67	60	69	44	77	68	53	64	79	56	48	44	46	47	68	56	66	58	49	57	57	45	48	55	67	47	67	55	57	71	58	61	49	53	59	57	46	66	57	47	61	64	62	48	63	58	47	58	62	62	45	63	54	63	56	59	54	69	60	45	66	51	44	68	51	66	57	49	66	58	53	61	63	53	49	64	49	68	51	66	66	58	60	53	61	51	77	48	50	60	54	69	53	68	58	43	58	53	56	71	51	46	67	62	57	55	57	50	53	42	62	64	61	51	56	56	61	71	55	70	76	52	53	66	51	51	51	60	59	55	67	62	55	58	74	44	60	46	58	60	63	63	58	67	53	56	61	52	70	54	69	53	75	71	64	51	46	63	63	55	59	76	72	43	53	49	63	64	64	48	59	58	66	64	48	69	64	47	59	48	60	59	57	55	51	50	62	63	53	59	56	54	53	52	68	52	50	51	56	54	52	66	53	46	65	50	63	59	53	49	59	48	59	55	59	50	54	48	54	60	59	75	59	43	66	51	61	54	49	65	40	57	51	57	62	48	66	58	72	62	58	51	80	62	39	49	60	55	49	67	55	54	56	62	74	56	55	48	49	67	56	62	53	60	56	69	60	61	54	62	57	66	62	43	60	58	62	47	55	46	43	52	64	43	59	53	58	62	66	44	70	57	57	63	56	56	65	47	60	74	64	53	56	50	56	55	52	64	61	51	51	69	60	62	54	52	55	45	53	58	47	40	63	68	55	66	56	60	59	59	66	74	65	36	60	65	71	48	54	70	51	52	70	55	74	54	68	57	41	54	50	61	44	62	53	50	56	63	68	58	54	63	62	51	59	60	37	55	60	56
cell55	41	28	31	49	33	40	37	30	35	50	41	34	34	47	40	35	41	31	43	35	28	45	34	35	32	44	53	43	48	37	46	42	38	40	35	39	40	40	32	44	36	40	40	45	43	35	49	43	33	38	37	29	44	36	47	49	43	54	30	38	28	38	33	32	32	47	35	37	37	31	45	30	39	51	43	43	50	45	27	46	40	36	34	43	46	39	37	37	44	48	33	51	41	39	37	31	45	44	28	42	40	41	40	40	32	28	38	41	35	32	49	45	30	42	42	33	46	27	45	40	31	36	38	33	52	32	46	56	39	38	38	49	36	39	43	39	43	31	35	40	41	35	43	32	41	43	44	59	35	39	57	35	36	39	47	38	54	50	41	36	37	47	46	42	45	39	35	50	32	38	37	34	32	41	29	40	29	37	32	40	40	37	61	37	40	41	35	38	33	33	35	38	39	42	42	43	46	41	41	49	36	38	44	45	45	40	45	35	30	37	39	50	44	48	45	39	35	38	43	38	39	29	45	36	37	43	31	30	35	43	35	43	37	51	44	26	35	41	58	47	48	32	38	39	37	45	36	42	44	47	44	46	47	52	41	33	48	34	26	52	55	51	41	40	49	40	28	40	47	39	38	42	46	39	36	37	46	40	49	30	57	34	41	36	37	35	41	32	38	39	36	32	31	43	39	37	45	40	41	35	42	44	44	44	38	41	46	37	35	34	31	40	40	36	35	33	37	45	37	39	45	35	31	31	41	39	49	41	33	38	32	33	45	32	41	30	35	30	28	38	35	40	35	36	47	39	34	43	45	46	44	41	33	40	35	36	30	35	36	39	33	47	41	30	36	35	48	50	37	34	45	33	34	36	28	38	38	39	43	36	43	35	34	35	30	49	48	36	41	39	42	32	46	47	42	29	26	39	42	44	44	32	34	38	34	35	43	22	33	38	38	44	34	36	27	38	47	32	40	39	38	28	43	35	44	40	32	41	41	40	39	41	33	43	39	30	29	34	37	25	44	31	47	25	55	48	35	42	34	38	29	61	29	47	40	39	37	33	46	33	29	35	43	37	40	48	41	55	46	35	38	27	46	38	41	43	47	36	45	43	35	36	35	35	44	39	47	23	38	40	40	52	50	43	34	42	28	34
cell56	41	41	35	47	31	26	38	43	34	28	42	39	18	32	41	31	26	31	37	56	37	45	23	31	37	35	36	36	32	44	33	49	48	35	32	34	30	46	39	44	41	38	24	36	49	31	47	40	39	31	30	28	48	25	38	38	39	45	28	30	43	40	43	43	34	41	32	31	36	31	38	34	41	32	33	40	39	43	35	40	34	47	37	37	28	36	34	33	44	38	37	38	28	34	39	31	34	26	36	39	34	34	45	27	36	26	36	32	36	33	45	30	30	32	43	27	41	28	36	37	40	34	38	24	29	43	39	38	26	30	44	45	34	36	24	35	35	43	35	31	33	41	48	41	28	43	35	47	27	34	35	30	35	29	37	28	40	38	34	37	41	32	47	37	40	35	31	30	38	35	39	32	25	45	36	23	29	34	39	42	41	38	36	37	43	35	29	48	34	32	35	26	33	41	39	40	33	26	41	41	26	28	36	31	36	43	45	56	35	41	45	27	32	30	39	39	31	44	28	34	30	36	36	38	39	36	34	30	39	33	32	43	43	35	24	31	31	32	28	29	30	42	37	42	36	26	42	39	36	43	31	34	35	41	36	34	37	36	30	37	27	36	42	22	26	45	42	47	34	34	26	40	35	33	34	26	35	34	47	44	36	48	25	35	30	36	35	33	36	29	33	27	36	38	34	47	37	44	42	27	32	49	37	29	28	31	47	33	31	47	30	34	34	36	50	34	23	31	35	28	31	35	41	31	32	41	30	42	29	34	32	44	43	34	36	39	33	45	30	25	31	36	39	36	26	34	38	34	29	38	29	27	43	40	32	28	40	38	30	40	33	27	40	28	40	45	38	50	40	44	39	38	39	35	39	31	27	41	45	31	28	28	40	53	24	38	42	37	36	22	39	30	31	35	29	31	40	33	39	28	29	33	31	36	38	29	39	42	28	37	40	32	26	31	32	45	25	38	36	48	21	30	36	32	40	33	25	32	30	25	35	34	26	32	18	38	29	36	33	34	39	51	42	33	52	40	46	40	42	33	30	37	34	38	29	32	27	38	31	38	39	39	31	41	37	49	42	35	45	30	43	37	33	33	34	42	34	43	32	41	36	42	31	40	32	42	48	36	36	41	33	22	35	39	31	31	23	33
cell57	40	40	50	45	61	45	47	43	46	52	55	50	47	52	50	54	39	36	53	52	49	59	46	59	44	55	56	42	40	40	52	47	58	44	40	55	47	60	54	45	52	39	45	46	60	59	60	99	81	92	91	104	92	101	100	87	86	99	90	115	104	90	111	114	93	110	94	103	102	102	94	94	108	92	87	91	97	85	102	109	79	60	39	57	0	0	0	56	48	48	55	51	49	57	41	43	46	54	58	37	56	54	44	30	48	42	49	41	46	43	46	54	52	46	46	42	51	56	45	43	50	50	48	41	48	48	56	50	42	41	46	49	51	56	51	39	48	47	35	42	52	50	52	64	50	45	40	71	48	43	41	43	56	54	52	53	43	47	40	47	49	53	61	46	46	63	38	49	43	41	44	49	54	55	50	43	53	45	43	56	46	43	43	51	52	49	38	59	53	37	39	39	46	37	56	41	43	56	45	54	50	57	59	48	45	50	45	49	44	53	60	42	47	53	57	46	53	52	33	56	45	37	31	48	53	37	51	53	42	52	46	61	43	49	45	47	43	52	57	46	64	64	49	44	46	57	44	51	54	54	51	42	43	49	63	44	40	53	46	70	41	55	57	41	44	53	45	60	50	49	56	50	59	49	51	47	54	45	45	44	43	53	52	39	48	61	61	43	43	50	38	58	42	51	43	47	48	61	56	49	43	42	51	40	56	44	57	50	36	43	51	47	54	45	63	71	46	50	52	46	46	47	66	60	42	49	51	52	42	47	54	44	44	51	49	47	43	50	47	50	43	52	47	61	64	58	60	52	57	53	30	46	57	41	47	58	41	68	47	51	48	36	57	44	50	49	54	50	44	41	38	34	47	48	45	45	40	54	44	43	49	59	52	47	59	44	52	51	39	43	41	52	48	54	43	42	44	55	32	39	54	46	58	42	44	47	36	46	48	46	58	55	51	48	56	58	43	47	48	42	56	48	40	38	34	39	35	57	49	45	54	41	58	42	48	45	49	40	49	54	67	67	53	41	52	54	61	38	41	54	53	46	55	45	41	49	61	40	47	53	44	44	57	48	41	45	48	45	37	43	54	56	38	34	54	42	38	46	54	50	59	48	47	51	56	51	47	43	57	51	62	48	57	51	41	41	37	28
cell58	42	22	27	34	41	36	23	37	29	32	36	26	34	40	35	33	43	28	36	32	21	38	38	21	39	30	42	32	34	33	39	32	25	25	34	44	35	33	36	26	36	35	28	38	23	33	31	44	34	40	40	31	36	35	36	36	23	36	35	42	36	34	37	35	26	46	30	30	32	44	27	27	30	30	41	37	43	39	38	42	34	31	33	38	42	31	36	32	29	48	35	35	36	28	31	45	28	32	45	25	33	39	30	27	26	36	37	33	38	28	39	38	29	36	39	39	27	29	26	33	40	33	30	31	35	37	32	41	37	26	27	33	34	36	40	31	37	30	23	36	44	36	25	33	35	32	33	41	42	38	38	33	28	32	37	29	37	36	40	32	30	24	39	31	35	33	38	39	29	36	31	24	30	35	30	30	23	23	24	32	28	30	46	42	39	36	29	23	39	25	34	26	24	31	35	39	40	25	25	23	34	30	27	43	21	33	37	27	35	34	30	26	30	41	33	32	35	30	35	36	30	19	36	34	37	32	35	27	34	32	35	33	31	22	26	33	39	26	39	28	36	42	23	31	30	30	24	43	47	41	27	40	30	30	35	35	31	20	32	31	32	22	28	32	25	39	28	35	25	30	34	30	33	42	45	28	38	48	36	40	33	31	29	28	47	35	36	34	31	23	37	24	35	19	39	40	26	40	41	34	40	34	33	27	34	37	42	27	31	42	41	20	31	30	28	33	29	30	40	36	32	33	39	24	30	45	39	38	28	28	30	28	37	30	34	24	57	33	38	26	40	21	38	20	28	27	34	38	28	31	26	28	34	34	27	34	33	28	37	38	25	41	40	22	25	26	35	46	31	35	38	36	49	30	38	53	33	28	31	35	36	30	35	50	32	33	29	34	40	37	33	32	39	36	22	26	32	47	28	36	38	28	31	29	27	26	29	41	41	33	35	37	24	34	36	39	37	38	33	36	36	23	33	22	30	25	32	38	33	27	42	37	45	35	33	36	32	34	32	33	37	31	33	24	41	38	25	33	41	31	27	37	33	42	24	37	29	26	33	33	35	28	40	40	36	43	37	39	34	32	37	44	24	27	33	31	27	33	37	32	36	32	31	39	37	44	35	32	25	30	28	36	31	24	28	28	29	22
cell59	38	38	37	39	32	35	40	47	44	36	27	40	29	49	42	54	34	33	35	39	33	34	32	40	35	44	44	48	42	37	44	39	26	48	38	39	49	37	36	33	33	40	48	44	38	47	42	41	39	39	37	32	44	34	44	37	31	40	38	37	41	38	36	33	27	34	27	36	39	41	46	40	47	36	33	41	33	43	39	51	51	38	40	34	42	33	45	46	39	43	39	37	40	22	50	37	29	36	43	35	40	32	47	29	39	37	37	39	30	41	39	52	43	32	39	40	40	31	29	34	55	39	39	28	34	37	32	34	35	55	45	43	44	34	43	32	43	38	39	41	40	27	40	44	38	48	36	46	32	43	41	38	41	39	28	47	36	40	40	34	39	35	37	43	33	35	39	30	41	48	52	37	34	48	42	42	39	25	36	38	51	30	30	41	38	42	44	46	38	29	31	42	38	44	49	50	43	34	48	37	32	36	45	32	40	46	48	48	52	46	42	31	35	34	37	36	34	40	27	36	36	44	41	46	34	36	51	42	42	26	56	39	44	31	54	41	40	39	37	45	32	38	45	34	40	48	44	45	62	32	47	38	36	31	41	40	40	39	41	35	39	42	32	40	29	33	36	42	53	40	41	63	33	49	49	31	42	38	40	36	35	39	42	47	45	35	37	39	31	42	35	38	45	40	37	40	47	39	32	31	46	48	41	41	40	31	35	33	33	35	42	45	37	30	41	42	39	45	31	37	37	39	28	39	32	35	35	36	30	37	45	41	39	25	40	48	34	25	34	24	56	42	45	38	39	31	46	43	38	43	41	36	41	38	46	34	34	44	40	44	32	41	50	32	40	52	36	51	37	37	40	42	43	46	37	49	36	45	44	43	46	61	36	49	51	50	49	51	42	41	38	32	43	42	20	29	28	30	39	48	43	29	45	43	42	37	46	39	24	36	42	41	31	42	35	40	42	36	28	46	38	36	40	29	35	36	32	24	39	34	43	26	39	39	44	45	42	43	44	31	45	34	43	31	26	50	35	39	40	32	34	32	47	52	31	53	35	48	31	34	32	47	51	49	36	43	38	47	39	29	48	35	46	34	27	39	43	41	52	34	38	33	24	50	41	39	44	41	41	36	37	42	45	37	33	42	43	35
cell60	63	40	57	50	54	62	62	53	60	50	55	54	52	41	50	43	41	46	62	63	50	48	40	53	48	65	50	56	48	54	66	52	58	44	49	46	59	59	57	46	57	42	48	65	49	60	50	56	43	53	36	40	57	73	44	59	43	49	51	64	54	54	41	48	49	55	39	51	47	50	60	64	54	42	55	53	49	48	41	59	41	58	58	55	46	44	39	53	56	52	48	63	54	46	46	49	39	43	48	56	67	41	41	42	52	39	53	64	63	43	51	40	58	47	60	49	55	57	42	48	58	48	63	52	55	48	40	55	47	51	60	52	53	48	45	49	54	49	47	57	52	40	65	47	49	58	77	57	40	43	56	41	47	52	54	47	61	67	58	50	44	58	61	62	51	58	61	54	53	55	37	60	39	51	48	60	51	67	54	48	57	47	58	46	56	65	46	49	54	45	53	53	39	38	51	48	52	51	38	51	46	49	73	47	53	59	49	53	51	51	49	43	59	51	58	64	49	43	45	48	53	61	44	56	55	65	56	36	55	62	69	57	56	42	58	53	47	57	51	68	49	57	63	33	66	61	54	59	65	54	51	56	46	68	55	56	57	65	56	52	48	58	72	32	61	47	44	68	61	45	47	52	51	49	58	45	49	51	58	68	48	45	54	49	49	50	38	47	38	51	50	47	58	49	61	61	49	46	54	42	56	40	55	62	46	52	43	40	57	53	39	50	47	49	56	66	47	49	66	60	50	44	33	43	46	48	57	53	57	50	59	49	51	53	56	56	58	69	49	56	66	59	53	42	50	49	63	61	47	45	51	58	52	49	46	47	40	56	49	40	62	44	49	50	53	53	55	58	57	39	55	35	61	50	55	49	61	59	67	47	53	63	54	59	53	60	54	55	45	48	52	67	48	57	59	52	68	62	49	67	63	49	50	54	44	61	51	58	44	47	46	64	72	53	55	63	49	55	66	50	45	45	42	51	49	49	56	59	57	50	57	60	56	43	52	44	61	39	47	63	64	57	46	42	59	63	68	48	46	63	49	67	37	38	71	59	65	39	53	39	53	43	49	49	53	59	59	69	45	43	64	57	51	53	49	50	41	55	53	48	56	55	53	60	56	47	42	43	58	52	53	57	62	50	52	52	41	45
cell61	65	64	62	74	59	57	67	72	66	73	58	78	68	80	69	59	57	64	71	61	77	68	60	64	76	77	60	74	68	64	76	83	70	70	68	58	59	68	61	73	76	61	85	73	55	55	68	66	63	67	61	71	48	75	79	83	79	83	75	67	73	72	72	63	56	71	61	64	65	71	76	75	68	63	77	58	60	75	71	88	67	69	71	53	57	63	68	57	62	81	71	81	65	69	68	57	66	50	60	59	65	53	70	53	57	70	70	80	55	66	75	77	62	51	81	72	62	67	56	57	64	66	76	82	56	56	61	80	65	60	60	82	62	53	70	84	77	69	74	68	69	66	59	73	67	69	62	69	58	78	70	54	65	78	82	70	67	63	89	71	55	45	79	67	69	80	70	84	79	59	72	64	66	67	59	65	74	50	78	65	74	67	53	67	68	80	84	59	78	73	64	73	68	78	57	80	58	69	69	63	71	65	51	87	66	88	74	66	68	59	67	55	83	68	72	75	72	64	70	94	69	66	67	51	76	61	70	75	76	73	82	58	81	66	52	62	72	76	69	72	61	62	60	55	62	67	67	75	80	67	63	59	64	51	61	82	78	73	68	68	61	61	76	57	78	64	58	58	65	60	77	73	73	84	80	64	60	81	73	61	73	59	79	75	80	69	64	64	72	66	75	88	65	52	70	57	64	69	71	57	55	81	78	78	79	54	98	49	69	67	84	61	73	54	83	58	72	71	68	63	75	80	59	69	67	59	74	58	65	57	69	76	54	73	88	63	68	68	59	58	78	71	67	69	65	63	76	82	71	70	64	57	77	62	69	67	72	72	66	83	65	72	58	62	67	46	68	65	70	51	80	65	65	56	68	64	64	71	78	64	84	70	72	63	85	63	76	67	66	76	72	73	54	60	54	59	69	78	59	78	71	72	69	54	72	55	58	82	74	52	70	52	51	76	76	85	49	65	86	65	66	71	65	77	77	75	65	75	67	63	68	55	67	76	74	63	60	63	62	77	76	79	62	76	72	65	69	78	59	73	66	73	58	61	65	63	85	58	64	68	59	59	65	80	82	87	77	75	65	71	68	60	71	61	76	64	62	62	74	80	70	69	71	65	59	75	75	64	66	72	76	51	71	63	59	58	57	79
cell62	55	61	59	65	47	59	67	53	66	54	61	50	58	42	63	64	48	51	58	55	46	55	48	70	55	58	52	45	68	66	55	67	51	72	63	66	62	47	64	51	64	56	66	49	53	54	55	59	42	52	42	44	64	54	45	60	74	69	61	77	50	68	61	63	65	56	59	52	49	58	52	66	76	48	56	71	63	48	49	72	43	55	67	81	64	55	72	52	62	61	52	68	39	55	50	59	55	65	50	52	72	51	56	48	55	44	53	67	59	56	62	64	57	45	45	66	65	52	49	57	61	57	59	64	60	57	52	61	52	63	62	58	63	48	54	61	51	60	55	57	54	60	53	60	52	55	51	76	41	62	60	55	60	63	47	54	53	49	50	65	54	67	42	72	78	57	53	56	52	70	59	51	58	51	53	48	52	65	53	52	52	60	59	58	57	73	65	59	59	40	45	54	58	50	43	51	61	68	54	64	56	56	63	64	54	52	59	60	72	62	47	65	62	50	57	54	59	47	50	59	64	52	57	42	54	56	38	63	54	58	67	65	52	48	55	51	76	59	64	55	56	74	65	59	51	60	58	68	35	60	75	57	64	62	61	56	59	57	60	49	74	65	68	58	65	70	49	63	71	46	60	51	48	72	62	70	63	53	71	63	39	58	65	66	62	57	56	60	64	50	59	53	42	55	54	61	56	58	68	59	61	60	47	53	51	69	73	47	63	49	75	46	58	47	61	62	57	68	61	63	50	60	47	57	63	47	61	61	54	46	53	50	49	58	61	59	47	53	50	46	47	52	70	58	53	48	54	58	57	45	60	52	63	57	53	50	77	51	58	66	51	57	53	56	67	54	42	51	55	56	58	51	51	54	64	57	56	54	59	54	41	70	64	62	76	68	64	49	45	56	61	56	54	42	61	56	57	71	48	56	58	40	50	52	67	52	66	68	59	60	63	46	55	63	49	78	43	55	55	59	52	53	57	60	53	43	59	60	50	53	59	58	63	48	52	50	60	53	51	61	68	59	65	60	55	63	70	37	68	56	50	53	64	69	54	48	47	51	60	69	54	65	62	41	45	68	52	65	57	61	52	45	60	57	63	46	55	53	67	73	59	49	60	58	57	55	54	55	63	61	59	58	65	46	49	53	49	59
cell63	31	23	20	22	13	16	21	32	34	23	30	18	33	25	36	22	15	27	24	25	26	29	26	20	33	21	23	25	29	22	21	26	34	14	19	19	18	20	28	24	27	21	25	21	29	26	13	22	26	21	20	23	28	21	16	21	22	25	25	17	23	25	25	31	23	26	31	23	21	23	24	23	22	18	22	22	22	25	20	26	27	27	24	19	30	23	27	22	24	18	25	17	28	23	21	28	31	22	24	19	33	23	28	23	25	20	25	23	22	28	19	22	27	16	26	30	26	17	19	21	23	30	20	35	32	18	23	34	20	27	25	29	18	15	27	29	28	27	21	31	28	34	35	25	23	28	17	24	33	30	22	25	27	34	24	28	20	21	16	23	23	28	18	27	31	25	28	24	14	25	28	26	20	27	24	25	34	21	30	27	28	21	35	17	22	24	26	19	36	15	26	26	28	27	31	16	29	23	17	22	25	23	35	24	22	25	24	20	26	26	23	21	21	20	28	23	19	17	27	27	17	13	21	26	25	28	20	34	27	15	33	24	30	29	22	20	26	28	26	32	18	20	20	23	25	22	30	28	25	29	29	21	17	27	19	21	26	29	22	18	21	30	29	21	32	20	22	27	20	29	18	18	21	27	27	21	33	29	26	19	26	20	21	30	22	25	23	16	27	28	23	29	23	25	25	16	27	26	31	24	21	18	17	26	20	20	19	26	30	32	32	15	21	29	27	30	29	19	15	26	24	26	14	23	22	23	36	23	26	29	27	14	27	24	21	19	28	19	15	20	26	28	29	40	19	28	29	27	30	16	22	17	25	27	28	26	32	23	31	28	29	18	24	23	31	31	26	28	22	27	32	24	20	22	34	30	23	27	29	21	22	21	25	28	25	24	27	24	25	28	19	28	21	22	25	19	26	21	25	23	31	25	28	26	23	20	28	27	18	27	16	19	16	22	19	33	35	22	22	34	23	22	23	20	25	22	29	19	22	21	30	26	24	28	23	18	19	24	30	31	21	30	20	18	18	29	36	28	25	30	25	25	32	24	25	28	27	22	31	32	42	28	30	24	32	28	24	27	23	34	25	25	24	19	26	25	19	23	22	22	17	17	28	28	25	23	32	21	20	32	23	23	27	20	30	21	13	22
cell64	43	53	42	43	48	49	47	77	53	52	49	43	48	51	50	44	65	63	46	60	50	58	58	59	38	52	59	49	56	63	57	42	58	51	53	66	60	61	59	49	42	52	50	54	55	61	49	53	57	58	56	50	47	58	63	48	49	44	50	46	55	60	53	55	58	42	52	56	50	62	63	66	58	70	57	42	51	42	51	52	59	48	50	60	59	49	64	61	54	64	55	52	57	43	46	43	47	44	45	38	47	55	55	40	48	40	53	51	55	46	33	63	54	45	63	37	74	50	44	50	47	72	58	61	53	51	48	50	52	49	61	51	57	46	59	51	61	53	52	55	67	55	61	59	43	48	61	53	58	57	55	43	47	49	47	57	49	61	48	59	58	50	57	45	56	53	51	65	41	46	53	49	54	43	50	50	49	51	50	62	49	44	46	58	49	44	64	48	53	37	55	71	55	45	48	55	54	44	53	60	62	54	54	46	44	54	59	56	56	62	53	57	47	51	48	50	52	49	45	51	52	54	60	47	46	50	46	49	43	44	61	58	65	55	75	56	40	54	54	59	46	57	51	48	64	41	55	55	74	54	52	53	53	60	65	56	58	60	49	53	57	68	64	38	65	49	37	61	61	50	58	51	47	42	53	61	40	47	50	46	31	57	48	57	41	58	40	47	56	52	61	41	53	49	44	67	60	47	59	54	57	48	42	53	44	62	52	52	47	59	48	55	69	51	41	48	51	50	44	49	50	55	60	47	43	64	49	64	46	50	52	55	56	49	71	49	46	55	63	41	59	40	56	56	58	47	54	42	55	59	46	52	55	62	51	54	49	47	57	45	55	45	48	45	48	54	61	58	48	60	64	58	65	36	70	61	51	55	58	38	51	55	52	47	56	52	65	60	68	55	52	54	74	49	56	49	50	64	47	55	52	55	56	64	68	56	56	46	53	58	58	49	53	44	55	53	59	56	55	57	56	49	40	37	40	52	67	51	49	50	45	48	44	41	55	53	52	46	57	49	53	49	57	43	59	54	51	45	46	39	49	59	39	68	61	54	51	47	56	50	48	40	55	44	51	54	51	62	56	50	58	55	58	59	47	56	48	68	55	57	56	40	43	62	60	57	60	50	51	45	56	53	56	52	35	57	41	55
cell65	39	48	45	41	46	41	49	42	61	57	49	59	47	38	42	47	41	56	55	25	45	56	49	52	51	45	49	53	53	54	76	52	49	51	47	50	51	47	41	54	41	48	58	46	46	51	41	54	49	43	42	38	59	55	37	50	41	59	59	46	50	49	54	54	40	63	61	39	50	40	55	37	55	47	46	51	45	43	51	43	45	42	56	51	48	48	58	46	50	48	42	65	63	48	42	40	35	55	55	51	45	41	55	40	47	56	42	44	52	46	48	43	49	62	53	47	53	41	47	53	49	36	54	52	56	50	49	57	54	46	45	42	47	49	52	42	57	44	66	42	49	36	46	61	52	42	44	66	44	62	42	39	53	53	51	33	43	40	39	41	46	34	46	62	58	59	55	54	58	55	52	52	55	55	39	58	49	59	54	39	48	61	45	56	64	51	61	48	52	50	55	47	52	56	55	56	61	54	40	50	45	34	52	45	57	47	55	48	49	48	50	50	57	46	44	60	48	37	51	47	58	45	45	51	29	39	50	42	49	52	45	48	51	49	38	52	42	44	52	47	44	47	66	47	46	37	43	49	57	55	46	40	64	40	56	55	45	61	55	42	52	51	54	51	63	51	48	40	48	50	54	42	51	53	68	46	43	43	54	51	45	47	51	39	55	46	47	56	46	50	51	44	61	51	62	59	44	56	56	45	48	39	45	41	44	49	44	60	39	39	47	49	50	45	58	53	42	57	43	42	51	49	50	60	51	47	49	43	39	49	37	58	49	61	49	32	47	49	41	46	54	49	51	58	58	39	66	51	46	43	42	31	48	52	38	41	34	44	47	44	44	48	52	42	54	34	56	48	43	37	53	55	54	41	46	56	45	53	55	47	63	60	54	49	53	40	56	44	41	52	46	51	43	48	42	39	50	47	40	38	50	42	47	38	39	42	52	49	50	46	58	51	41	44	55	35	55	54	47	58	38	37	44	55	51	53	57	60	59	49	56	44	51	48	49	56	55	56	50	43	50	40	49	55	50	60	40	45	56	50	36	45	61	48	58	44	49	42	45	50	58	53	53	51	45	45	57	54	40	33	40	47	42	46	52	64	57	51	47	51	35	52	44	44	50	53	45	39	59	48	54	57	53	38	57	51	51	51
cell66	61	67	53	45	41	49	47	52	51	48	58	61	59	50	55	46	56	65	57	52	59	58	51	50	58	50	51	49	62	55	53	68	52	57	52	73	58	40	66	47	54	50	58	47	52	60	53	115	98	142	101	107	111	89	102	119	109	127	105	86	131	100	114	115	112	107	128	112	97	114	132	89	101	104	107	108	90	112	93	116	113	52	51	56	52	45	59	45	43	57	61	54	44	58	47	32	55	50	57	33	48	54	60	42	63	54	54	52	54	48	61	57	50	56	52	62	43	55	43	53	50	47	50	56	67	48	50	67	67	64	59	52	60	44	55	61	47	51	53	53	52	60	49	50	56	48	57	65	39	56	42	49	72	38	53	59	60	53	49	62	71	49	54	47	62	64	55	46	48	51	39	53	48	64	55	43	52	49	55	56	58	65	46	63	54	72	42	64	46	45	45	59	73	53	57	57	51	53	51	56	56	56	54	67	51	54	56	56	57	49	51	50	63	50	52	60	54	51	42	52	55	56	52	47	55	52	51	50	50	63	62	58	63	47	47	48	56	41	50	52	63	80	62	63	46	63	49	67	55	71	62	65	48	65	65	53	59	47	60	38	35	57	59	58	65	58	48	50	49	48	40	45	48	59	54	61	60	56	65	50	57	60	48	65	41	59	66	52	49	48	56	61	50	61	51	65	52	50	51	52	56	56	53	53	54	41	62	52	56	47	66	53	55	42	61	50	48	63	59	57	51	51	44	42	47	58	53	59	50	47	66	49	54	48	52	56	58	67	49	46	69	51	48	72	52	47	51	55	50	59	57	40	50	50	50	53	61	58	63	56	47	64	48	40	49	54	44	50	55	49	61	56	54	61	72	69	50	57	48	36	57	55	51	76	37	63	58	54	54	52	65	54	47	47	52	51	69	61	54	52	53	51	55	52	49	46	47	58	60	58	47	41	67	54	53	66	54	59	55	64	51	46	55	51	63	60	49	52	73	45	57	61	55	69	59	55	50	50	66	50	54	53	57	50	61	53	58	53	62	63	50	63	58	46	70	62	48	60	53	59	60	47	46	49	52	62	49	48	49	52	46	54	37	68	46	60	45	50	45	54	44	64	55	47	64	59	70	57	64	44	59	60	54	50	55	57	45	40
cell67	84	69	80	65	75	99	70	73	77	76	81	75	98	94	72	69	78	68	70	58	83	85	80	78	64	85	80	58	70	63	78	78	77	72	70	83	92	72	75	75	74	69	68	79	71	72	65	63	82	81	74	71	72	66	60	100	69	70	78	91	86	77	84	93	76	58	66	58	70	93	76	66	79	57	85	80	79	76	65	100	66	69	83	69	69	94	98	72	86	76	77	79	82	71	67	85	75	83	56	63	71	75	75	55	66	61	78	88	75	76	76	82	88	77	71	64	74	68	83	83	51	81	61	80	82	66	74	72	67	67	89	79	76	57	62	79	89	79	65	76	87	84	95	67	74	67	75	101	81	83	86	72	69	89	63	84	84	65	80	74	81	70	83	76	63	72	70	73	63	79	66	62	69	84	66	75	74	76	87	88	92	75	74	86	64	87	71	75	63	73	75	65	78	81	80	81	74	69	76	80	80	78	81	73	69	67	93	78	88	73	89	98	70	73	98	75	91	70	71	78	94	76	75	83	70	83	69	76	89	69	84	84	65	68	73	69	60	82	85	82	78	98	67	87	73	90	76	71	80	89	75	73	65	91	87	77	70	73	68	74	87	80	83	57	69	73	68	73	72	95	82	81	67	75	60	78	74	89	73	71	59	82	78	64	63	91	77	61	88	91	75	92	78	77	61	88	80	80	96	63	79	91	76	95	71	84	88	76	72	57	77	72	89	76	80	105	60	75	75	83	83	80	81	55	80	75	79	84	75	76	82	77	55	84	84	84	76	66	78	70	69	69	86	87	65	69	84	74	80	64	80	77	72	83	78	83	75	65	73	84	84	93	88	97	73	73	73	70	98	70	91	91	78	82	87	63	79	78	85	69	74	100	67	73	91	87	77	68	64	62	83	98	85	99	84	96	64	91	70	71	71	69	70	85	65	69	55	87	78	87	77	87	80	89	70	91	72	73	77	89	79	75	85	68	73	68	62	83	61	79	85	72	85	70	75	68	72	87	68	77	88	99	80	62	81	88	89	66	74	79	74	87	83	76	75	66	69	63	94	86	86	75	82	59	85	76	86	89	73	73	77	72	80	79	71	74	69	73	88	96	80	78	78	65	78	77	72	77	78	80	92	75	74	74	70	68	63	74
cell68	20	36	33	21	28	28	25	28	23	27	31	21	34	23	23	33	35	19	13	25	17	29	45	29	22	29	29	28	23	28	25	28	33	27	26	21	17	29	36	26	23	31	26	24	25	16	21	18	23	25	22	13	28	26	33	25	23	24	28	34	34	26	28	24	27	18	24	27	31	27	24	22	23	19	31	20	27	35	24	22	30	22	25	25	21	27	29	32	18	19	26	29	32	21	26	25	26	22	28	19	24	29	39	32	34	21	26	30	19	31	35	30	25	27	26	24	26	24	26	28	19	29	27	23	32	16	27	36	29	25	30	20	31	30	34	31	33	32	30	38	22	30	26	19	30	24	25	28	23	26	26	21	27	27	24	29	33	22	23	20	25	29	32	27	23	37	25	26	21	25	19	22	20	28	29	27	24	36	24	35	32	27	23	20	25	35	21	23	30	26	21	20	28	23	36	31	30	31	28	25	31	27	26	23	31	24	39	16	32	28	36	25	30	31	22	30	31	27	34	31	18	22	34	21	24	29	30	27	22	23	18	22	28	24	27	29	24	12	26	29	21	21	29	25	23	28	10	32	32	36	27	25	19	23	22	18	30	33	31	21	31	29	33	21	23	30	22	24	18	30	24	18	24	21	29	26	21	26	31	24	29	22	26	25	24	36	26	24	30	23	25	23	29	26	23	33	25	25	20	23	26	28	29	31	28	17	25	27	23	20	25	17	23	20	23	30	25	26	33	22	27	28	17	26	28	25	38	32	26	26	31	25	29	33	19	26	20	29	21	33	22	21	34	22	25	27	22	20	24	22	23	27	24	29	24	34	22	27	36	26	25	33	27	20	26	26	32	32	26	34	25	30	27	27	29	27	20	29	34	27	23	25	28	36	23	21	35	21	25	27	30	30	26	23	28	37	31	24	27	21	31	25	27	18	29	19	16	29	24	23	29	26	27	30	25	23	22	26	23	25	31	23	23	19	38	29	29	19	17	33	31	21	24	20	21	28	20	24	28	25	16	31	22	21	21	28	30	35	24	33	27	31	32	25	26	27	26	23	23	21	23	21	23	18	18	19	21	32	34	20	29	28	32	27	27	27	33	32	26	28	21	31	26	31	39	34	30	27	23	26	21	17	31	27	29	17	30	19
cell69	34	34	38	32	40	41	47	40	51	41	40	47	42	40	45	41	33	35	53	47	33	32	48	41	41	38	42	40	46	35	40	32	50	31	39	39	24	39	36	37	35	39	40	41	40	35	34	27	52	44	44	42	41	56	38	44	46	50	46	46	42	35	29	50	41	49	41	48	41	41	43	22	42	33	43	41	33	48	46	42	38	43	37	35	42	31	57	39	48	37	44	48	34	38	43	53	33	36	30	46	45	31	58	32	41	41	47	43	44	46	53	40	47	42	42	36	36	47	38	34	34	37	32	40	46	45	31	37	35	36	42	33	53	33	41	41	28	49	49	38	49	52	40	34	38	47	51	50	48	43	45	36	30	41	42	40	37	44	44	54	45	29	50	39	41	50	32	31	33	45	34	27	43	41	36	40	45	42	39	47	39	32	42	40	38	31	29	39	38	35	36	36	46	47	56	48	42	35	37	43	42	34	45	39	24	42	52	34	42	37	45	40	49	33	40	40	52	34	38	42	53	32	33	39	27	37	36	47	32	23	42	36	54	42	32	38	34	47	54	34	43	35	42	42	33	44	33	44	43	40	51	48	40	39	46	43	41	36	38	21	49	40	54	46	45	47	36	39	46	49	41	40	42	39	45	30	35	56	46	41	41	47	47	32	31	43	42	48	33	45	43	44	40	36	45	35	40	37	40	39	31	34	37	47	43	38	47	37	43	41	48	37	45	42	44	54	35	35	32	47	45	47	57	31	35	35	44	40	43	33	43	51	40	38	47	31	44	36	32	29	42	41	48	34	34	39	39	33	44	41	38	34	41	41	40	47	42	41	38	39	37	52	28	39	40	31	35	29	41	31	52	54	43	35	36	47	39	42	41	24	37	44	35	56	41	44	43	43	43	44	35	38	40	45	45	43	34	34	37	34	29	36	38	38	38	40	36	34	37	43	57	33	29	43	34	35	42	46	37	47	43	35	44	40	33	43	34	33	39	39	42	39	36	43	37	33	37	38	28	42	50	28	52	48	39	39	39	44	40	46	39	48	47	42	41	34	48	24	36	45	36	38	35	43	48	44	43	51	44	42	55	39	39	36	46	40	44	35	39	43	37	29	42	45	38	39	41	44	37	37	48	30	50	37	28	44	51	48
cell70	61	43	62	42	79	71	56	72	65	56	46	67	65	71	60	48	54	55	42	65	53	53	56	56	65	52	56	69	66	68	65	64	71	62	49	64	52	62	48	63	43	58	50	68	63	49	60	60	63	49	46	33	48	48	61	52	62	58	48	70	47	49	54	66	58	41	59	70	67	38	47	70	56	61	60	53	54	49	64	47	55	60	48	68	51	62	44	63	71	62	71	60	49	48	51	56	58	66	70	36	53	72	56	48	52	57	44	54	49	45	51	72	54	62	59	57	62	43	50	60	37	66	57	57	103	59	60	79	51	52	68	59	49	56	63	60	62	67	54	54	52	55	60	52	48	57	53	74	64	54	66	54	55	56	45	49	58	45	66	62	58	36	61	64	74	72	45	71	74	55	51	46	69	51	60	58	63	61	60	80	66	53	59	49	56	54	47	63	66	58	52	47	76	60	50	61	64	62	54	65	68	51	62	61	48	65	68	77	65	52	67	61	66	53	53	66	57	50	55	60	36	46	70	61	53	54	51	48	66	74	57	61	48	58	52	57	54	48	49	54	60	55	67	64	59	57	52	59	57	62	59	53	57	62	63	57	55	65	61	53	55	58	57	45	59	67	48	71	53	61	41	55	50	48	54	51	59	60	55	51	73	54	65	54	56	42	57	58	66	52	44	40	49	59	57	60	47	55	57	66	54	73	47	59	62	55	61	48	40	51	44	43	48	56	59	62	56	51	72	55	52	79	74	56	69	53	59	65	55	49	65	61	42	65	70	61	61	63	50	60	60	52	58	58	64	55	67	59	55	46	55	51	66	61	50	48	49	50	45	58	65	62	62	48	63	74	57	54	56	53	60	53	57	58	63	62	55	67	57	57	51	59	61	68	51	69	74	66	45	59	44	52	50	63	59	59	61	56	45	62	68	58	58	67	58	64	49	53	57	56	68	48	68	48	45	77	56	52	61	53	61	54	59	57	57	64	62	58	51	48	54	39	56	58	64	59	46	62	57	53	57	73	68	53	54	70	87	57	63	65	57	70	52	55	41	41	63	52	64	51	52	58	59	55	81	69	61	57	52	59	62	55	58	58	72	60	40	57	47	66	57	65	47	52	70	57	64	56	48	52	69	54	68	42	54	54	53	56
cell71	18	24	32	22	27	26	29	31	25	23	36	29	31	36	29	28	37	33	28	27	26	33	24	34	33	35	23	28	24	44	27	38	45	39	38	23	34	31	34	31	30	30	31	29	33	28	33	37	27	25	27	29	30	31	46	21	22	29	32	37	22	30	36	29	42	35	30	32	23	30	31	19	28	36	27	34	23	27	22	29	22	28	29	32	24	38	18	38	36	33	26	28	22	33	25	37	27	34	30	42	32	34	29	34	32	30	26	47	40	22	41	27	30	23	31	26	27	34	25	27	24	23	34	36	29	25	32	32	24	37	30	37	24	31	44	27	31	33	28	33	30	26	44	26	27	22	36	29	36	28	17	30	29	33	26	30	38	39	22	33	21	23	32	26	20	24	23	31	27	24	20	32	29	24	26	22	34	32	24	28	27	24	33	32	26	20	27	31	22	19	32	32	30	34	24	22	32	29	26	40	28	32	24	35	23	31	36	34	34	22	28	31	32	19	28	31	33	29	34	35	34	20	29	28	30	31	33	36	34	28	39	27	34	33	33	19	29	25	33	37	32	37	26	22	37	28	28	31	29	37	21	22	33	33	31	30	22	27	24	29	20	29	39	30	28	32	25	28	30	30	24	26	40	18	32	24	29	31	27	32	24	28	34	29	29	36	25	26	27	33	30	34	31	29	29	27	27	30	27	24	26	34	30	21	30	31	18	25	35	31	25	24	25	28	29	34	21	33	24	32	31	28	37	20	27	31	30	25	34	26	29	34	25	26	45	38	28	33	29	22	28	35	40	33	27	31	41	30	29	27	21	27	34	47	29	46	32	29	32	27	30	31	30	35	42	30	34	31	28	32	40	29	30	33	30	42	39	32	37	23	27	31	25	32	42	27	26	27	36	29	30	34	32	24	32	22	31	42	26	28	37	17	22	27	35	29	41	33	28	19	28	32	26	26	24	31	32	35	28	36	37	23	31	28	20	22	34	33	21	31	32	41	24	26	34	35	27	17	23	26	23	28	37	29	31	31	37	28	38	30	24	32	30	30	23	20	28	33	31	40	26	34	32	28	31	34	32	24	32	38	26	32	31	31	22	35	31	24	29	31	26	22	29	31	39	29	30	34	27	27	36	38	28	28	30	27	28	22
cell72	81	66	66	78	71	66	65	63	85	82	70	79	78	81	67	74	56	90	68	77	72	56	77	71	78	71	97	79	81	73	72	69	83	65	65	71	77	55	78	60	76	85	82	79	84	75	74	74	80	67	80	58	77	77	84	87	62	62	65	77	74	73	85	77	63	57	62	69	61	69	72	85	69	81	73	83	84	76	62	82	64	68	73	68	76	83	69	80	67	62	61	70	63	64	73	68	74	86	53	72	66	60	91	58	63	61	60	61	89	64	75	88	72	67	75	80	96	77	64	78	68	78	63	71	82	73	75	83	69	53	72	66	73	64	85	72	76	82	84	72	67	79	69	81	87	63	88	90	70	81	63	70	71	91	70	74	89	78	86	75	63	94	72	80	75	108	69	69	76	95	79	72	71	74	61	63	74	75	96	88	71	77	73	66	74	75	67	70	73	74	80	75	81	68	84	68	88	78	68	77	63	78	91	79	73	74	78	76	87	70	87	72	92	71	63	73	84	70	70	73	95	73	68	75	77	73	72	70	67	70	83	73	72	76	61	67	58	92	70	65	71	78	76	70	75	55	67	86	74	70	83	50	82	67	80	92	71	80	70	66	66	88	72	70	80	92	56	72	85	88	77	87	76	77	69	63	65	71	75	74	72	70	74	60	66	68	55	78	72	75	72	73	71	70	69	74	74	89	68	58	64	69	77	87	69	70	95	71	71	53	75	66	78	70	56	75	68	92	73	89	79	85	81	57	62	88	76	66	80	67	77	99	62	74	84	83	85	78	70	65	71	80	101	64	73	69	66	78	70	72	62	73	81	81	65	73	72	80	72	58	65	70	83	68	80	80	63	88	90	80	87	77	83	65	63	78	65	60	96	71	71	102	81	83	90	77	97	67	72	65	67	70	76	73	65	54	75	57	56	76	78	56	71	86	80	65	64	64	79	89	85	57	70	82	75	79	70	67	92	82	70	83	64	67	79	66	81	79	70	70	79	55	73	89	76	69	80	61	71	69	83	84	68	81	74	84	64	78	75	76	57	80	80	81	55	84	64	78	77	74	84	73	78	75	77	76	74	77	67	65	97	68	83	70	79	71	69	78	68	82	65	77	71	78	74	77	90	77	78	59	91	78	78	73	88	84	74	60
cell73	56	51	40	55	49	53	60	38	49	60	60	62	55	55	73	48	48	49	52	55	53	39	56	45	54	51	55	56	49	56	46	40	48	69	53	61	52	62	61	55	57	54	48	60	49	66	59	63	54	56	56	44	47	64	48	62	53	49	62	67	58	63	54	55	61	46	46	51	51	63	53	56	48	61	51	48	51	56	51	61	51	50	54	55	58	49	60	52	50	33	49	54	52	41	47	48	41	51	56	52	53	51	52	46	59	56	47	52	58	40	59	49	58	42	54	40	73	44	59	53	43	61	50	40	64	51	61	60	51	47	50	69	36	61	50	66	57	45	79	47	57	45	49	46	49	54	71	75	52	46	48	43	39	50	47	51	54	53	32	63	55	55	63	44	55	71	58	62	55	59	53	58	45	51	51	64	46	39	51	56	65	49	44	62	43	53	45	41	59	47	63	46	49	48	53	55	43	42	53	57	51	51	40	41	53	54	62	46	52	39	57	64	60	46	57	57	57	36	46	60	63	57	53	56	53	51	63	56	54	53	62	44	58	63	46	54	62	52	49	46	56	63	58	42	53	44	58	70	77	49	62	34	54	56	45	54	53	59	42	66	51	69	52	54	49	53	44	50	57	68	59	59	40	48	77	47	46	57	50	59	42	58	61	44	44	55	66	57	52	52	47	49	75	71	57	51	60	55	74	65	46	55	47	59	42	64	61	54	44	53	54	48	53	55	66	65	54	72	58	59	55	61	53	58	50	59	56	40	48	40	49	49	50	46	55	43	53	41	50	44	55	38	61	59	52	55	54	52	51	48	51	62	48	40	52	56	52	53	52	52	53	49	49	44	47	61	49	57	53	50	56	61	60	50	64	56	53	53	45	52	48	56	58	58	53	80	47	57	63	51	58	61	47	57	68	46	43	61	54	55	60	46	56	42	48	54	54	53	51	53	49	58	43	58	61	69	45	65	45	65	57	59	70	54	65	58	50	46	49	49	59	45	41	36	54	56	56	49	60	55	66	58	57	59	53	62	50	66	50	55	58	57	54	56	54	72	57	50	45	52	52	47	47	59	69	64	55	63	59	43	60	53	42	66	41	52	59	51	41	51	46	41	47	72	48	71	55	54	47	42	45	49	65	58	52	47	51	56
cell74	54	68	68	46	53	58	49	71	50	67	55	46	73	62	66	57	61	58	54	73	70	62	75	68	57	53	63	64	54	50	49	53	60	69	50	55	68	47	53	53	65	52	74	64	66	57	58	53	65	56	52	55	79	66	60	57	66	57	51	60	57	61	86	74	59	75	60	54	45	49	70	69	74	62	60	67	71	58	67	74	68	55	60	57	57	56	71	58	56	60	54	61	65	69	58	63	54	45	44	52	73	40	61	58	68	52	70	55	46	55	74	69	53	62	61	67	74	57	66	58	54	66	42	61	54	70	52	64	59	63	53	54	63	59	68	51	72	62	59	66	63	71	74	48	53	63	69	62	57	51	71	47	69	64	66	45	65	75	64	70	78	63	69	71	54	60	61	61	59	53	70	54	61	51	67	70	62	71	74	69	60	57	64	57	53	62	80	61	78	56	44	59	69	55	58	51	69	56	60	48	72	65	51	49	59	81	73	55	71	66	76	60	63	62	59	50	64	57	62	70	58	56	57	62	66	65	65	70	58	71	82	70	47	54	53	66	53	60	57	52	61	70	61	47	61	70	57	69	74	71	70	85	63	50	62	52	63	75	55	67	63	62	75	55	54	66	50	69	76	66	62	75	57	54	60	58	56	66	52	52	58	63	76	53	58	63	55	67	69	58	66	65	73	55	66	65	70	62	52	64	49	63	72	67	70	68	82	48	65	63	54	54	61	55	62	80	52	68	57	64	63	65	54	53	63	60	84	56	46	64	64	68	69	69	49	59	64	69	51	66	53	81	80	65	71	58	65	73	55	62	67	47	47	62	52	47	62	64	66	62	61	63	60	49	67	58	74	62	76	47	78	75	73	65	71	67	45	68	77	60	52	64	57	65	62	73	51	67	63	69	58	68	66	50	54	62	58	69	62	66	49	61	58	56	68	66	52	65	59	75	61	56	70	51	44	54	71	68	75	72	54	74	56	48	65	64	59	52	74	54	51	50	52	67	71	49	69	56	56	61	73	68	70	54	76	68	70	58	66	62	56	73	44	56	72	59	63	50	63	88	67	48	68	67	68	64	73	68	50	69	66	59	40	65	58	60	58	51	47	76	54	83	63	57	59	56	87	59	49	76	68	53	71	60	54	34	56	58
cell75	56	41	41	49	42	44	38	49	39	40	51	38	27	43	40	32	39	39	35	39	39	40	36	47	40	39	48	38	47	44	52	40	40	38	40	42	45	33	42	42	48	36	29	55	29	31	38	69	74	78	65	77	78	76	91	79	76	85	84	107	79	82	88	81	54	94	92	72	75	87	68	82	100	78	83	90	84	83	69	88	69	42	37	40	34	32	36	31	40	37	50	41	54	34	43	39	38	33	56	37	47	36	47	40	39	38	44	46	36	41	31	37	40	33	37	50	48	36	32	50	30	40	40	31	53	39	45	47	38	40	42	53	34	42	40	45	55	45	44	55	42	30	42	40	40	53	49	46	33	38	33	31	41	31	32	46	29	47	47	37	41	43	44	33	38	34	28	35	42	48	26	39	39	45	33	49	33	37	37	39	41	49	56	37	38	41	37	31	46	33	32	42	39	39	37	40	41	35	41	33	34	44	50	42	43	52	38	35	37	35	38	47	36	31	32	32	45	37	45	48	40	30	42	32	44	47	35	38	49	34	52	45	45	48	30	34	36	35	43	30	33	43	35	33	34	46	49	39	41	44	42	27	58	42	49	36	47	38	39	45	36	45	45	29	61	42	32	61	28	50	39	36	41	54	48	41	43	48	57	45	26	52	42	38	45	34	42	43	43	37	43	38	35	45	39	51	42	43	47	43	44	33	36	52	37	46	46	47	43	40	37	33	41	40	49	43	41	55	61	50	48	37	46	53	53	48	52	31	60	46	38	36	30	39	36	43	40	38	41	35	43	42	47	33	47	36	54	34	50	50	38	52	42	30	33	41	31	38	34	36	28	65	43	32	39	36	47	39	38	28	43	42	42	32	39	32	43	35	51	30	29	44	35	54	32	43	47	40	31	41	44	33	38	32	37	35	42	38	44	31	56	41	43	52	41	34	32	37	38	42	40	48	35	38	44	54	37	42	41	53	44	36	39	42	41	44	46	36	50	39	34	46	31	32	34	26	48	36	42	42	45	42	50	35	41	54	51	36	33	37	34	43	31	34	47	42	37	38	47	48	39	43	45	41	46	40	48	47	46	30	33	47	32	35	48	39	22	37	39	44	37	39	34	49	47	45	33	41	40	44	39	55	49	38	40	35	38	50
cell76	61	60	59	57	67	62	73	53	70	64	50	66	64	70	64	62	56	68	67	58	50	81	61	80	61	57	62	79	60	66	72	75	67	61	58	57	78	69	74	73	55	59	68	53	78	63	63	51	70	54	62	46	62	56	67	61	53	72	70	75	58	55	65	79	55	58	60	66	62	57	70	63	53	53	52	69	55	63	60	63	52	55	52	57	55	68	65	51	68	49	74	74	51	66	53	57	57	61	79	68	52	64	63	53	48	53	59	72	66	52	64	67	65	58	64	60	62	62	52	58	51	52	54	73	74	57	54	69	51	65	63	65	56	64	63	72	66	64	65	70	75	52	52	53	62	55	68	71	60	60	61	68	46	54	55	49	69	65	65	61	71	61	60	54	54	59	45	47	62	62	70	62	68	53	65	66	58	58	66	87	57	56	59	63	48	65	49	57	67	64	70	63	60	51	52	58	71	64	49	62	55	51	54	77	48	64	55	68	65	73	61	58	72	68	66	67	59	43	56	60	72	62	67	62	63	66	46	57	72	57	49	55	60	57	61	68	65	70	66	57	53	62	73	55	59	59	58	54	64	79	54	57	48	60	78	67	68	64	50	62	65	74	55	59	69	55	61	71	69	64	55	44	56	67	51	62	47	56	60	53	50	53	67	59	63	60	55	71	49	58	77	56	55	62	57	53	49	84	44	65	63	63	52	58	62	63	78	60	57	67	65	54	52	51	60	64	53	63	69	60	66	58	68	63	52	39	62	60	58	65	50	77	57	42	55	82	54	55	47	56	67	55	63	69	58	50	71	50	57	63	72	53	55	50	53	69	56	67	56	68	61	49	69	48	57	59	61	53	67	56	54	55	70	59	74	62	53	66	73	58	52	64	63	75	63	67	52	51	59	50	55	52	63	54	51	64	58	50	63	63	72	68	68	63	58	51	58	57	57	63	62	62	49	55	62	64	63	73	70	86	41	62	52	79	60	76	52	56	58	51	62	69	53	55	58	53	50	49	62	62	74	56	52	67	51	74	47	60	59	53	62	79	62	53	59	62	64	49	61	73	62	61	44	72	60	61	61	56	60	56	70	64	60	57	60	58	47	58	74	64	61	56	68	57	68	73	65	64	50	59	62	79	57	58	74	49	58	54
cell77	62	76	63	59	52	67	62	52	64	62	68	77	74	58	54	62	65	52	56	73	55	78	55	74	67	67	68	75	65	63	62	68	76	49	65	64	64	58	66	71	73	53	70	71	63	84	75	72	71	75	55	63	61	64	75	82	64	70	72	77	67	70	70	67	59	54	82	54	87	65	69	62	51	68	45	60	71	57	56	73	68	69	68	76	56	60	88	67	69	68	62	58	57	63	69	65	61	71	70	57	60	61	56	57	60	45	63	54	67	62	71	67	82	68	67	78	80	42	53	64	73	58	56	73	75	73	64	74	70	63	54	80	63	71	58	69	76	67	69	67	60	60	74	66	63	64	61	58	82	69	84	60	64	64	56	67	78	71	64	70	63	62	62	70	68	81	79	71	56	66	68	68	65	68	73	52	71	73	80	87	73	44	49	61	63	76	64	76	69	77	62	64	64	63	67	62	74	48	68	63	70	52	66	61	66	54	70	60	68	59	70	73	65	67	66	67	68	69	56	69	65	67	62	40	68	64	67	63	44	72	61	73	81	59	57	64	53	62	63	59	61	74	67	56	72	66	64	81	92	78	63	67	67	56	67	67	63	71	69	68	75	78	68	64	56	73	57	68	50	66	64	68	59	76	67	65	60	77	70	71	60	64	67	52	58	64	73	63	43	56	67	75	71	57	62	58	56	65	72	53	53	78	58	77	54	56	77	49	64	78	70	58	68	64	77	75	70	68	82	71	67	72	64	61	71	66	78	64	66	71	63	70	54	70	75	59	70	58	64	46	58	65	68	61	63	80	73	41	64	56	32	77	56	68	73	90	63	71	71	72	62	78	71	53	61	67	68	54	69	65	64	66	61	66	61	53	62	63	63	55	71	76	65	73	73	65	58	64	50	54	83	63	58	62	60	61	62	69	57	59	59	67	63	67	59	49	65	60	65	72	65	64	65	59	61	68	83	74	87	78	65	61	60	44	65	60	64	73	65	59	74	57	65	59	67	54	68	58	63	58	82	61	58	62	49	61	68	56	72	75	69	83	68	61	57	47	66	58	75	63	70	70	52	76	68	69	79	91	72	76	67	75	71	63	67	65	58	61	62	77	54	67	55	60	73	65	75	69	58	74	85	59	84	78	64	62	61	67
cell78	58	45	48	50	52	46	48	46	48	43	49	45	58	56	43	56	56	43	50	56	48	59	54	65	48	36	63	41	52	49	54	54	58	51	65	59	51	49	56	55	59	50	45	62	57	50	46	47	54	51	60	45	40	46	45	69	42	57	58	56	65	56	39	50	48	53	58	60	45	51	58	53	62	56	51	65	52	50	55	65	45	48	59	49	43	41	67	39	61	59	49	56	49	44	50	47	29	46	42	37	49	51	53	48	40	50	55	54	40	45	45	48	46	43	53	48	59	49	45	51	47	37	49	60	46	53	49	53	44	53	52	57	52	48	46	46	61	61	61	50	57	46	44	66	52	52	50	46	53	46	50	42	45	46	44	42	61	62	53	55	38	56	48	57	56	65	48	47	55	60	53	55	61	55	52	54	49	62	53	55	62	44	47	61	57	53	41	50	54	54	44	52	44	44	63	42	54	41	52	57	51	49	59	49	65	49	45	51	66	38	55	65	41	45	66	60	56	52	44	61	52	50	40	49	62	42	63	48	35	38	71	65	48	41	42	50	43	48	44	53	67	49	57	40	49	58	36	55	57	42	56	43	59	55	51	55	53	52	42	51	52	53	66	47	54	56	55	54	55	51	54	50	47	60	49	48	55	46	59	64	53	53	77	54	41	58	51	37	52	53	51	66	50	53	47	40	47	71	46	44	47	54	46	52	48	44	48	42	64	57	49	42	43	40	70	57	35	45	50	57	57	51	51	49	57	48	61	49	63	55	56	57	44	52	55	43	48	52	49	48	58	41	56	49	49	55	47	43	66	54	50	47	57	47	56	40	46	45	53	57	61	60	53	50	56	46	70	39	53	38	57	55	50	44	61	62	44	50	66	52	56	50	58	54	55	56	53	40	44	57	39	61	47	55	42	40	45	55	56	53	53	45	58	47	41	55	58	62	45	55	59	55	52	50	44	67	44	60	53	62	48	48	43	37	48	58	46	49	47	46	49	42	56	51	45	47	62	47	57	49	45	57	53	46	37	64	47	43	55	63	43	55	64	58	42	46	60	46	44	61	58	48	52	52	48	50	46	61	50	58	56	48	44	50	52	49	42	45	53	62	48	31	41	50	57	60	54	47	47	62	60	53	45	51	46	44	45	41
cell79	61	52	55	49	43	54	61	44	59	48	40	50	53	52	53	53	54	52	64	56	59	61	53	46	51	43	53	54	53	63	50	66	61	45	46	54	46	60	41	68	52	59	64	46	48	53	52	48	58	53	60	57	60	57	55	47	44	44	46	71	57	55	61	60	57	51	69	70	68	56	55	48	63	58	37	45	47	58	59	46	47	46	47	46	66	51	55	60	52	52	53	50	49	49	44	54	53	45	44	50	53	54	48	45	39	59	38	53	54	52	51	49	62	46	55	60	43	53	53	30	54	59	58	48	44	49	46	54	45	56	59	69	61	53	56	50	42	48	54	52	39	50	56	54	46	52	60	59	63	47	44	51	45	54	42	53	55	54	49	49	52	53	48	59	37	54	62	61	41	62	46	56	53	60	65	53	55	68	58	68	53	56	52	45	46	63	48	54	49	53	49	60	38	45	51	38	58	48	44	44	47	51	45	62	48	52	46	60	58	52	41	47	51	42	57	51	59	46	36	60	46	53	61	57	38	57	57	51	62	50	60	64	45	43	54	43	45	52	67	48	56	44	59	45	58	54	51	56	64	57	40	39	53	66	68	56	53	41	64	48	53	56	50	39	62	56	48	53	55	57	39	54	39	50	78	55	47	60	52	56	44	56	48	50	53	45	40	43	53	43	41	60	45	40	60	52	53	57	58	56	44	48	51	54	54	46	63	49	52	47	43	36	49	45	43	74	42	70	42	53	46	51	54	35	45	48	57	48	48	56	59	62	38	51	57	59	53	40	55	48	48	51	71	45	43	34	54	47	43	63	50	41	51	51	52	53	46	48	44	44	61	61	48	49	57	45	46	51	52	51	61	53	57	43	53	55	51	48	49	44	41	50	60	56	61	66	46	58	53	51	40	44	54	58	55	54	50	40	41	47	53	49	37	51	51	38	45	44	43	51	48	55	44	46	52	45	51	56	45	47	48	43	55	46	42	46	53	52	42	45	52	54	50	59	48	63	56	48	47	46	50	61	49	74	45	49	51	48	59	64	43	65	55	53	53	44	35	39	54	56	43	42	59	46	54	63	50	49	54	55	57	50	33	43	44	57	46	45	53	58	49	54	55	50	50	52	64	42	54	42	57	50	43	41	46	45	44	57
cell80	67	42	53	56	33	58	51	45	51	46	53	55	49	52	62	40	50	52	51	52	48	57	53	51	49	60	58	49	51	52	45	51	55	47	50	50	43	59	59	53	54	44	41	58	55	47	58	92	113	114	114	86	92	107	96	108	107	113	97	113	118	109	120	112	97	82	104	94	95	97	103	112	134	92	103	102	108	107	100	119	87	57	52	48	0	0	0	62	46	47	49	52	43	57	35	47	40	53	52	52	47	55	37	44	42	53	41	74	54	44	56	41	48	54	64	57	61	61	44	57	35	57	50	60	48	54	37	60	49	49	54	48	51	43	48	37	55	46	50	54	59	50	66	49	52	45	64	53	41	60	54	47	49	58	48	53	39	55	55	62	56	52	61	46	49	56	64	65	53	77	50	51	56	49	51	58	63	62	60	56	40	36	43	53	55	50	48	65	41	50	48	58	51	47	59	61	60	48	29	59	68	37	51	59	54	57	63	49	48	61	54	55	54	49	48	54	39	47	52	50	55	63	67	50	49	53	49	64	66	40	51	59	56	52	47	57	51	50	54	50	59	62	47	55	52	55	48	45	53	54	56	54	47	55	53	51	48	36	50	58	43	49	46	47	61	48	39	49	51	48	56	46	58	55	50	60	59	46	54	57	57	42	67	57	60	63	48	53	46	48	66	62	58	49	46	68	48	47	44	52	39	44	55	48	60	59	49	40	44	44	57	56	60	46	70	58	52	49	44	43	56	54	53	42	49	39	55	54	54	41	44	49	50	50	50	39	57	47	47	47	53	48	54	42	47	48	61	66	49	49	69	49	48	49	49	43	41	60	44	65	52	58	50	41	47	49	56	65	49	46	45	52	60	44	44	52	54	52	47	48	39	52	48	50	62	48	75	56	57	60	53	64	56	48	44	40	60	51	54	42	48	51	56	41	41	52	56	46	55	53	62	52	43	51	38	71	52	52	49	58	57	43	55	47	52	48	50	40	49	51	40	57	59	63	48	53	52	40	56	50	74	48	61	51	46	72	43	56	50	53	36	66	58	57	52	57	52	50	45	51	55	40	61	51	57	73	54	69	48	62	52	50	44	48	38	55	41	44	54	49	57	49	40	52	65	42	60	41	51	46	62	48	55	50	45	59	48	47
cell81	44	36	42	32	42	38	44	31	44	28	43	38	49	34	38	36	46	40	41	44	31	40	44	34	36	38	37	37	39	46	39	31	42	30	44	40	41	47	36	33	34	33	37	35	31	48	44	38	39	33	36	39	35	33	31	56	36	34	39	47	37	48	41	34	40	40	38	39	35	42	34	48	43	40	31	40	40	46	31	43	44	43	37	32	36	30	41	28	45	36	32	56	37	32	40	42	43	43	27	30	30	34	48	27	42	36	31	38	29	31	37	36	40	27	43	33	41	43	41	35	27	35	30	38	49	34	30	54	45	28	37	38	38	28	30	32	36	48	34	44	36	44	33	41	36	49	34	29	37	32	34	36	32	40	35	37	36	37	40	49	38	32	48	35	31	36	36	34	46	31	48	33	36	45	35	37	28	45	35	28	35	39	33	31	32	41	34	35	34	30	33	33	32	43	36	41	49	36	34	37	43	37	38	48	30	33	36	44	35	45	27	37	38	41	32	31	29	33	25	36	40	26	32	34	31	40	30	47	38	38	36	36	47	39	53	34	39	39	51	41	32	38	42	43	38	39	35	36	48	41	29	41	37	35	34	39	37	33	42	34	21	33	41	27	48	37	46	40	37	32	35	43	34	42	45	29	36	43	37	43	31	40	41	35	43	38	48	42	46	33	33	32	45	23	38	40	38	38	33	39	50	39	49	37	30	33	41	29	37	35	38	28	34	32	36	42	20	32	24	30	43	40	40	40	32	36	47	38	40	37	36	28	33	27	28	26	42	43	36	27	48	40	41	34	46	35	29	46	40	37	46	39	49	29	39	46	38	38	35	45	32	37	39	41	37	48	34	37	43	38	35	60	37	32	41	40	42	30	44	36	47	31	35	54	37	43	33	39	33	35	29	34	37	28	36	46	41	37	34	46	38	39	28	34	32	31	40	37	35	47	26	42	33	26	34	30	28	36	38	34	31	37	36	34	46	45	32	42	38	30	29	34	32	33	46	34	27	33	45	41	45	48	41	45	40	43	40	41	35	45	37	38	40	44	39	23	43	33	30	48	33	43	42	40	46	40	35	33	32	45	23	37	30	45	35	26	34	38	36	35	32	36	30	34	48	40	28	36	39	36	39	42	33	26	42	31	34	25
cell82	48	44	45	41	39	39	51	50	60	57	48	52	50	46	56	39	43	52	45	53	49	53	48	49	63	50	46	47	48	47	41	29	59	54	45	47	53	40	43	52	56	47	44	46	57	44	44	81	90	94	95	91	90	92	83	90	103	92	85	107	92	98	96	102	85	81	89	103	108	97	98	94	93	85	101	102	88	83	79	101	95	53	45	53	62	57	55	49	48	42	50	44	38	37	54	42	40	52	40	47	40	46	46	37	41	52	45	35	35	57	49	62	35	40	49	45	50	39	32	28	43	47	53	33	57	40	48	40	42	55	54	59	44	42	51	34	70	44	43	47	46	35	44	47	34	33	46	51	46	57	53	57	50	46	37	45	44	45	58	56	48	48	49	36	43	58	38	42	52	41	42	49	38	45	39	55	56	49	42	60	42	34	45	36	48	44	42	47	52	38	41	39	37	45	49	52	53	47	44	39	57	47	42	45	46	61	49	55	51	53	42	45	53	30	41	45	50	50	39	46	26	53	43	40	55	40	54	29	32	62	45	53	46	46	47	62	47	35	38	41	59	40	42	40	46	57	46	39	50	39	43	46	38	35	49	51	51	40	47	39	49	40	56	42	51	51	43	55	47	48	49	39	39	51	49	45	63	55	33	42	29	47	57	39	41	58	41	40	28	50	37	42	40	43	41	50	40	44	42	41	53	59	40	50	46	49	49	49	43	45	49	44	47	31	40	50	33	55	40	42	46	41	46	57	42	37	56	61	53	42	52	63	55	54	41	41	58	47	47	41	57	50	55	43	50	63	50	57	40	47	46	46	52	50	28	40	47	44	50	41	38	38	42	53	54	53	59	54	40	49	44	44	54	39	43	45	55	48	48	43	50	56	31	59	63	38	48	55	55	50	39	34	35	41	44	40	44	54	44	42	41	25	40	34	51	35	49	52	32	42	62	52	41	45	38	38	48	48	40	56	61	43	43	38	54	49	46	50	38	52	54	48	46	43	57	46	44	40	53	42	51	34	50	42	39	47	50	44	48	54	38	48	51	44	41	48	43	39	63	45	47	44	41	42	54	53	38	72	57	50	42	53	39	34	45	53	51	43	57	46	48	36	46	34	43	53	48	50	41	41	36	56	46	49	39	33	28	48
cell83	46	47	38	46	45	45	41	63	41	48	58	52	38	48	47	55	31	52	46	38	43	37	49	48	54	30	50	45	54	37	53	48	46	58	43	46	62	37	55	56	53	42	51	38	36	45	41	45	45	35	44	43	40	50	62	37	41	50	43	56	45	39	56	52	41	48	50	54	42	33	56	34	45	40	41	55	46	39	47	58	35	56	46	46	45	41	50	42	42	44	47	42	47	39	37	33	51	43	49	44	37	56	46	44	46	53	40	54	49	52	44	48	44	45	53	47	51	36	42	33	35	48	36	47	43	44	50	41	32	34	41	45	52	52	39	52	59	40	51	44	42	64	49	45	51	42	34	53	50	47	51	45	38	28	53	52	54	33	55	47	42	43	40	47	55	47	50	49	55	40	43	30	41	36	40	37	45	68	40	63	50	48	47	39	58	40	29	48	46	42	48	41	36	50	37	40	58	35	49	46	45	65	36	45	52	45	47	43	46	40	54	46	51	48	49	43	39	47	50	37	37	44	47	50	50	53	52	57	47	39	50	50	51	36	53	45	39	45	56	41	45	52	53	41	42	46	51	56	39	61	53	41	52	48	48	38	32	39	46	57	50	47	38	39	58	38	29	33	50	54	34	54	42	48	44	48	49	40	47	40	41	47	49	35	51	56	47	43	54	52	40	43	41	58	51	47	48	49	59	51	59	41	50	38	44	42	49	50	49	36	57	42	45	47	35	52	42	40	44	45	51	45	58	38	44	42	57	46	38	45	39	53	32	54	40	32	37	36	44	48	50	32	55	48	46	44	50	47	42	48	39	44	43	48	43	56	61	47	49	38	49	38	38	37	53	35	45	39	38	38	31	52	38	56	42	40	43	39	53	43	35	68	42	54	58	62	45	42	42	44	40	42	40	51	54	22	40	38	45	53	45	52	42	42	50	43	49	48	40	55	56	46	40	47	36	49	44	47	38	45	40	42	41	41	49	49	42	45	49	36	47	47	41	48	48	46	51	37	44	44	53	69	40	49	45	41	61	52	43	47	37	53	37	41	44	46	37	43	35	52	60	36	49	42	52	43	39	59	45	35	44	46	45	45	38	51	40	49	34	53	34	42	55	54	49	52	37	51	40	49	65	55	66	50	40	45	50	45
cell84	64	63	51	46	39	60	55	49	60	55	67	60	62	68	52	62	57	58	61	53	36	49	54	56	59	75	51	57	61	61	57	44	57	52	53	40	50	47	35	55	53	58	65	44	54	53	39	53	51	59	46	48	48	60	49	52	56	60	50	62	55	47	68	56	44	50	52	51	51	55	66	54	54	57	50	58	59	61	39	64	41	49	46	42	48	61	57	53	53	49	56	59	49	43	60	53	44	47	60	53	44	45	55	51	44	45	58	57	57	43	58	60	54	45	42	51	53	45	55	52	58	72	55	49	62	48	52	64	53	51	65	58	55	49	63	51	41	60	53	52	52	41	51	43	55	48	57	64	45	58	58	45	54	59	50	44	53	47	69	54	61	31	62	49	46	52	58	41	53	60	48	49	59	61	62	48	61	43	49	60	44	46	50	48	62	38	41	57	53	50	57	61	50	56	55	56	53	45	49	47	54	47	54	50	39	54	54	63	49	58	59	51	51	54	48	47	44	49	74	50	46	48	63	39	53	52	67	46	52	43	52	58	56	47	47	35	39	58	61	41	65	68	65	58	52	59	59	58	64	54	44	41	52	61	57	53	56	54	50	58	43	53	53	47	63	66	45	56	55	48	43	43	62	57	55	54	54	55	57	47	58	35	64	55	54	57	57	69	53	61	46	51	54	55	51	56	72	45	57	54	55	58	38	58	70	52	76	42	54	44	51	56	49	57	60	56	52	74	58	54	53	66	56	51	62	63	51	36	47	53	58	59	47	69	61	58	52	57	52	41	57	56	44	51	58	55	73	49	47	52	61	54	56	62	45	58	64	56	40	44	60	66	54	49	62	59	51	63	70	35	53	33	63	51	53	62	48	58	63	54	53	71	51	64	60	55	61	60	58	40	49	41	38	45	56	54	54	60	48	45	64	45	62	57	59	45	52	57	55	68	56	57	62	42	50	57	54	52	50	61	59	47	52	54	54	70	62	49	55	56	52	39	50	36	56	54	48	55	48	48	50	58	63	46	48	43	56	56	49	60	45	54	60	47	55	59	49	53	49	53	47	56	63	53	65	44	48	58	49	32	54	46	55	54	57	50	42	46	67	48	52	48	42	57	56	52	54	55	53	65	57	49	58	41	70	43	55	57
cell85	61	61	57	70	53	58	65	67	67	63	59	55	72	72	69	61	57	54	67	75	60	63	55	71	59	76	62	60	80	57	58	80	69	66	67	51	71	60	88	58	63	54	58	69	69	81	59	62	61	65	73	59	60	58	64	65	80	69	61	84	54	64	86	75	64	69	69	60	60	60	59	78	73	53	74	72	66	43	56	70	65	73	57	63	62	69	60	75	57	66	57	65	74	56	52	51	65	59	66	51	81	61	80	57	60	53	61	83	65	59	63	74	63	66	62	58	82	67	50	64	58	54	47	62	66	79	61	68	65	70	68	77	61	54	69	58	80	55	65	60	72	71	78	71	48	66	63	63	45	82	63	51	56	66	55	69	71	68	53	70	67	48	65	54	87	81	76	59	60	71	57	65	64	79	60	62	56	69	64	74	67	69	67	66	70	46	56	73	55	73	63	70	52	75	66	82	78	71	71	65	63	47	71	64	44	67	64	82	56	70	48	67	78	56	60	60	62	53	64	64	64	71	56	71	55	72	63	82	63	69	85	62	67	84	56	66	59	54	65	56	59	70	57	59	80	68	58	67	71	91	57	69	76	51	61	55	71	66	69	69	67	66	65	63	61	60	65	66	68	58	54	68	59	61	69	73	67	77	71	69	68	69	74	71	55	54	60	63	68	56	60	94	64	60	71	75	72	74	64	58	51	74	60	69	70	60	65	65	75	58	45	69	58	59	67	59	62	81	86	63	47	79	62	55	55	59	64	72	72	57	74	75	51	70	54	64	72	54	56	53	64	65	83	70	67	62	78	72	64	54	68	73	69	69	58	57	55	63	77	56	66	69	69	57	63	60	74	65	71	58	88	69	46	69	56	59	54	52	50	73	63	68	76	64	63	72	73	71	74	56	71	72	59	72	59	57	68	67	57	73	69	54	60	53	63	77	64	67	62	68	61	51	78	70	62	72	61	70	77	60	64	69	74	73	47	52	64	66	69	52	77	68	65	68	75	59	59	62	63	84	67	54	57	64	77	56	63	59	62	65	52	72	64	61	62	64	89	63	62	79	58	65	58	71	54	70	80	78	60	64	56	66	66	61	68	61	52	71	58	74	49	68	58	55	69	69	58	76	52	66	71	51	60	67	53	58	55	42
cell86	41	36	33	27	33	40	47	30	33	38	41	35	36	43	48	27	34	27	39	34	33	32	47	38	38	39	35	44	36	26	42	31	34	45	36	35	50	44	38	42	26	33	30	30	33	27	30	33	35	38	41	38	42	40	33	46	43	36	28	40	48	31	41	33	33	32	31	38	40	24	46	32	46	35	38	45	32	43	25	36	33	32	30	37	44	44	37	32	33	34	33	38	48	26	28	48	48	40	28	31	30	39	36	36	36	20	30	45	29	37	43	34	29	34	37	40	36	32	31	28	35	33	34	32	35	40	37	40	41	41	37	38	32	32	51	43	39	47	45	45	29	24	38	33	32	36	31	42	32	40	40	31	44	24	40	40	35	29	39	29	37	33	43	34	35	37	34	30	42	35	32	34	30	40	35	45	38	42	40	26	42	39	29	35	52	41	33	29	36	23	38	29	34	32	36	27	39	40	29	34	49	32	39	31	37	34	44	37	37	44	33	37	36	42	42	32	33	30	35	40	30	41	41	22	39	33	36	35	38	33	38	35	36	28	36	48	36	41	45	45	39	40	45	30	36	38	27	32	43	32	37	44	39	40	29	34	41	35	38	33	37	33	40	25	38	31	34	40	48	33	38	31	33	42	41	29	33	27	48	44	34	31	46	25	27	43	36	44	37	34	35	40	25	32	34	37	30	44	28	34	39	45	33	39	31	39	39	41	37	38	38	32	39	36	38	33	36	28	29	37	42	32	37	28	33	34	29	32	31	34	39	35	25	38	44	37	41	45	39	29	31	33	40	36	41	28	35	26	35	32	30	27	40	36	33	29	38	33	24	32	39	42	31	21	29	31	34	36	36	30	47	32	34	28	37	40	33	24	39	45	30	36	48	34	42	38	34	38	31	45	28	49	27	34	37	24	36	34	41	31	30	32	37	34	28	33	35	36	38	36	40	30	39	35	37	37	32	37	29	37	39	39	38	26	40	33	32	36	36	36	36	28	35	42	47	33	31	31	34	29	29	50	24	29	35	47	37	47	32	35	35	44	41	36	30	37	34	21	30	34	32	40	35	41	39	33	40	44	28	35	39	37	29	35	33	22	30	26	34	41	24	33	39	34	37	43	29	30	42	31	37	30	43	34	32	34	21	35
cell87	39	35	41	35	43	44	42	53	48	44	32	45	39	37	42	37	48	38	39	48	41	50	43	39	39	46	47	39	39	57	47	53	63	41	54	38	46	50	50	43	52	43	51	39	46	52	51	54	45	44	44	61	48	58	50	45	48	48	43	49	50	47	62	40	52	45	48	37	50	57	38	48	42	38	38	43	44	49	58	48	47	50	40	52	53	50	57	51	52	54	40	52	35	40	56	46	49	49	54	39	30	36	33	34	44	30	60	42	48	42	62	48	43	40	54	53	47	48	44	45	42	45	52	45	51	43	42	42	50	45	45	44	52	38	50	41	49	30	59	49	51	41	47	57	58	55	47	47	52	33	59	42	52	45	38	47	41	41	37	47	40	44	42	47	49	46	41	37	54	47	40	36	39	43	40	46	50	59	52	66	53	42	41	43	57	44	44	41	57	56	40	50	36	43	43	52	43	53	37	44	39	47	43	42	47	54	37	62	52	47	41	43	41	43	39	45	48	26	46	55	42	49	46	37	34	57	43	41	46	47	66	44	49	54	48	39	45	45	55	49	57	41	57	36	35	49	55	48	46	58	47	40	51	41	58	46	57	59	55	48	40	57	48	39	49	59	31	49	47	60	31	45	42	41	59	38	41	41	37	43	45	39	49	53	44	41	42	45	45	49	30	50	48	45	49	33	34	51	53	46	39	37	62	49	34	54	54	44	60	48	37	40	49	50	54	62	41	54	49	49	58	40	43	50	39	42	39	46	42	39	36	35	43	40	46	35	33	40	38	46	46	44	56	36	37	47	58	43	46	37	43	45	49	55	44	50	50	45	45	46	38	49	36	33	44	50	60	48	51	47	45	43	52	42	46	65	33	60	45	46	37	46	49	49	43	42	51	36	53	49	43	43	40	48	46	47	51	52	33	34	56	45	32	35	41	36	43	48	44	45	59	37	45	39	59	42	48	50	37	39	47	46	28	47	52	48	46	46	47	45	39	45	58	45	42	29	47	34	44	44	49	52	58	48	42	53	46	41	40	36	46	59	52	56	32	55	42	39	43	53	56	52	49	57	43	57	50	49	49	47	57	43	55	41	48	41	45	37	42	47	35	43	41	44	41	47	40	38	47	46	44	40	43	45	31	45	36	45
cell88	79	79	58	68	61	72	72	68	80	78	62	77	85	76	70	69	68	79	60	64	71	80	66	65	84	77	78	92	76	78	66	67	91	84	71	70	79	69	88	78	73	69	67	69	91	86	58	159	145	173	132	143	143	134	143	148	160	170	150	162	153	155	143	168	146	139	144	136	161	140	143	149	159	150	139	148	154	188	129	160	158	54	68	75	0	0	0	85	83	68	70	83	85	78	71	73	55	69	55	81	88	64	80	63	62	66	73	82	73	81	71	99	71	66	78	68	81	74	64	64	65	79	77	75	80	79	52	75	77	61	78	85	78	58	80	86	85	76	81	74	60	77	83	85	65	88	80	79	77	71	75	67	82	58	72	88	70	74	67	74	63	76	74	64	75	77	57	75	71	68	74	61	81	73	76	77	79	86	83	68	80	70	76	65	66	63	62	64	70	68	77	63	66	75	91	76	76	92	67	80	72	71	94	97	72	73	58	86	95	80	73	75	68	82	81	71	78	74	59	71	82	69	76	86	65	73	77	68	93	70	76	70	82	87	77	62	73	82	78	81	85	67	82	65	85	74	69	71	95	91	64	64	90	85	87	68	86	67	60	66	85	92	97	56	78	82	55	79	73	71	70	80	79	64	73	71	85	85	60	80	76	79	82	78	65	80	64	73	67	72	60	65	64	99	58	62	76	75	76	62	63	73	80	72	80	73	83	75	69	65	69	71	82	62	77	86	67	75	82	60	72	80	66	71	70	74	61	87	85	64	85	87	64	60	77	74	62	84	70	67	76	86	99	90	67	73	68	74	82	67	76	67	69	70	73	67	70	71	81	64	77	79	65	78	80	73	76	85	72	74	87	88	75	54	68	76	77	72	76	70	74	64	82	77	90	77	82	69	90	85	80	89	68	63	78	71	72	67	67	77	67	58	71	62	74	84	69	73	67	84	78	64	79	74	66	86	72	78	81	85	79	77	58	71	73	72	76	70	74	67	65	69	75	78	74	73	68	76	63	68	95	85	81	56	68	83	83	73	89	59	58	71	73	75	71	72	78	65	71	68	77	78	72	84	74	94	63	82	81	68	80	66	73	85	73	84	65	91	81	71	72	69	63	71	62	73	80	65	68	76	97	100	72	60	66	64	64	64
cell89	38	41	34	39	28	34	43	33	38	40	52	42	34	42	33	31	50	50	31	28	32	49	48	40	32	37	43	37	35	45	43	36	42	45	26	43	40	29	38	41	44	35	42	31	36	26	49	37	33	37	31	43	24	49	39	39	45	45	36	48	36	36	40	47	45	37	37	46	40	41	35	36	35	35	39	37	44	29	25	36	28	43	26	37	47	39	31	41	34	42	40	47	48	37	29	41	26	50	39	44	39	47	36	41	39	36	29	52	36	29	37	37	38	36	36	36	40	45	43	36	34	42	27	34	42	37	32	39	40	28	37	37	35	48	45	27	46	31	34	42	40	37	38	31	30	25	38	43	40	54	47	30	39	36	52	40	38	41	49	41	55	36	35	32	40	39	37	39	39	36	37	38	38	34	43	38	50	47	39	40	34	43	36	40	48	46	33	38	63	35	42	41	36	31	43	47	45	36	38	30	29	44	38	36	37	45	42	48	45	38	40	35	51	33	41	31	44	28	36	46	59	44	48	47	36	27	35	51	33	44	46	29	30	34	40	40	37	44	50	39	35	48	42	44	40	46	43	48	27	46	30	42	36	44	45	40	35	36	36	45	50	42	45	43	32	42	34	39	41	36	43	50	35	36	46	26	41	38	35	50	47	46	45	41	37	42	33	32	32	48	44	42	31	41	42	38	28	32	41	37	36	39	42	28	39	38	39	40	41	40	34	52	31	41	42	35	43	49	49	38	34	45	37	36	31	31	45	39	39	37	38	39	31	30	42	33	36	28	48	31	54	28	37	57	40	31	44	37	40	42	34	43	44	47	37	42	33	52	39	33	46	37	35	36	43	41	49	38	26	36	45	41	38	32	42	49	33	32	31	38	33	38	46	34	44	62	40	34	36	47	45	38	29	43	40	32	45	50	39	43	36	35	49	41	38	22	42	27	43	34	43	42	35	41	33	48	49	44	36	41	38	39	37	46	37	38	34	52	44	26	43	32	35	30	37	33	40	31	44	42	37	35	46	29	35	44	40	53	34	39	31	41	37	44	35	33	50	18	61	47	35	38	40	40	31	44	36	47	34	30	41	44	30	30	36	33	30	46	32	39	33	32	28	22	28	36	35	56	43	34	22	32	45	30	34	33	32	30
cell90	39	21	38	47	38	38	37	29	47	40	32	39	55	24	32	34	29	20	38	40	28	37	40	38	46	34	32	31	42	36	43	38	31	38	32	29	48	31	39	48	35	38	41	44	34	39	38	34	34	39	36	32	38	41	45	40	35	40	37	44	34	36	38	52	38	40	46	38	34	41	30	32	32	41	30	36	44	39	48	26	32	53	39	59	29	43	43	43	43	33	32	39	29	29	24	33	28	36	26	46	36	37	28	32	31	37	23	51	43	53	38	34	35	27	42	28	34	33	33	31	33	36	34	32	34	44	42	42	37	44	28	37	44	32	34	32	44	33	38	44	52	40	39	40	39	42	30	48	27	31	44	40	40	45	38	29	29	49	44	27	44	38	36	45	39	61	30	33	40	38	33	32	32	41	32	42	32	30	39	39	36	30	42	36	36	43	39	35	44	24	47	35	34	38	35	31	40	42	31	32	49	40	37	47	24	40	48	32	37	44	43	38	37	41	29	30	39	42	43	31	36	26	39	31	23	45	41	34	34	41	39	43	39	36	32	29	35	29	41	35	34	38	55	33	35	50	30	46	38	49	47	34	45	39	41	28	31	39	34	41	36	45	34	26	32	44	29	38	38	42	32	49	26	37	32	41	46	42	45	37	38	26	47	43	27	35	37	37	42	21	39	42	41	36	36	34	40	32	34	29	40	48	40	42	24	36	34	30	38	34	41	32	31	34	42	44	32	41	28	41	39	34	33	39	33	37	29	38	43	33	29	43	39	30	40	47	41	37	37	40	36	32	32	31	33	30	26	46	35	40	30	39	34	47	46	42	34	36	35	42	36	45	45	37	32	28	27	45	43	36	46	32	36	46	27	49	49	38	37	34	39	44	36	43	29	47	49	39	33	38	33	34	34	40	29	33	47	34	38	49	18	35	31	33	34	35	31	42	39	40	37	38	35	29	36	48	39	33	38	31	37	22	31	30	37	35	36	29	38	28	38	43	32	37	37	32	39	35	35	52	37	45	39	39	24	47	33	44	40	33	29	40	35	44	28	44	25	32	38	48	34	29	27	31	39	42	42	54	44	33	40	49	41	42	37	33	24	32	28	37	27	35	39	36	43	53	47	33	43	49	38	41	42	29	37	30	36	27
cell91	44	58	47	47	52	57	52	42	51	47	38	51	51	57	45	35	42	50	62	48	54	66	51	49	62	47	59	44	52	61	46	50	53	54	58	46	50	54	54	47	47	56	50	64	34	33	38	44	47	50	55	57	46	45	38	49	66	60	55	44	50	32	61	49	55	52	64	45	44	49	53	47	52	48	60	37	53	39	44	54	49	54	49	44	63	51	53	69	44	55	43	57	36	52	49	56	40	49	59	49	46	51	56	53	47	34	59	55	43	45	47	45	55	45	60	48	54	54	41	50	39	57	43	42	43	50	53	47	50	62	54	35	54	49	57	44	60	48	50	55	57	51	43	43	52	47	67	54	48	42	51	46	45	53	53	49	60	46	46	49	54	38	51	48	55	68	53	40	73	48	63	51	37	46	64	43	48	34	39	62	52	63	50	52	49	47	44	41	52	50	61	61	44	52	54	49	57	42	46	46	60	46	56	47	52	59	48	59	70	47	37	62	48	39	35	52	51	40	44	56	54	52	59	45	51	47	50	45	60	54	60	50	53	62	61	51	56	34	57	61	52	57	59	50	47	53	63	52	71	58	44	42	61	51	57	57	48	58	35	49	51	53	52	44	65	56	46	49	49	54	39	49	51	56	53	54	39	45	50	39	39	57	54	60	56	53	55	49	63	51	55	41	43	57	54	50	57	49	51	48	51	50	55	58	47	46	50	39	54	54	42	45	42	55	47	68	61	44	58	56	57	45	45	47	40	60	52	62	37	46	44	59	49	63	60	49	44	45	49	42	64	55	59	54	54	45	49	61	57	63	42	48	54	53	33	49	41	42	45	34	54	47	54	58	38	55	47	44	58	66	53	50	50	57	48	59	57	50	44	63	41	44	42	53	47	63	51	50	46	47	58	62	43	63	56	52	41	59	62	58	52	39	50	61	63	58	54	64	56	64	68	47	60	41	50	51	46	59	61	54	55	49	45	53	50	63	51	57	51	50	46	55	48	40	44	59	45	54	43	59	48	60	50	50	47	66	62	48	48	39	41	53	52	53	53	57	62	54	46	49	55	43	54	53	49	65	50	71	41	52	52	59	48	50	48	54	43	45	46	66	48	60	37	48	57	63	41	40	46	57	60	61	50	58	49	47	42	60
cell92	55	57	74	56	59	64	43	62	77	63	53	76	64	61	60	65	41	56	56	74	59	66	57	63	73	62	63	63	64	63	64	61	74	52	71	83	58	74	71	72	64	52	67	74	77	58	55	57	62	59	56	64	55	71	54	62	80	54	55	93	69	63	64	83	74	67	68	64	54	61	72	61	59	53	62	58	67	53	60	72	62	56	54	62	62	67	61	63	60	66	51	62	66	57	76	50	60	41	68	62	49	63	74	64	54	59	74	56	64	53	58	58	57	52	68	57	65	59	63	64	53	58	52	65	64	57	56	89	59	57	46	64	55	49	67	79	67	63	55	64	59	41	66	70	47	77	53	61	59	50	68	45	73	45	57	72	58	62	60	62	83	50	79	82	64	80	45	72	68	80	70	53	52	54	75	57	45	63	65	82	56	57	59	75	65	61	50	67	66	52	68	73	55	74	62	56	74	79	62	66	60	45	70	53	69	80	66	61	63	66	59	69	65	55	63	63	68	57	53	56	72	58	58	64	58	63	66	70	62	55	74	72	69	64	58	68	60	59	76	62	74	65	61	57	45	70	61	69	74	73	50	60	59	59	62	55	64	72	59	62	56	61	52	50	64	63	58	60	52	53	63	65	53	50	84	64	57	54	62	60	58	55	64	65	56	53	51	63	73	48	51	56	63	63	74	69	62	58	48	44	61	73	53	69	45	65	68	58	72	52	63	59	56	65	72	63	64	65	41	61	60	67	66	50	69	60	64	69	63	51	78	63	58	61	67	51	50	59	63	57	60	49	68	62	49	54	53	59	66	61	59	58	61	65	69	60	50	70	66	62	62	53	65	59	70	59	55	64	57	67	68	55	55	52	66	60	62	55	63	54	67	66	79	47	57	64	62	75	65	53	52	67	45	78	56	48	54	57	59	67	78	47	60	66	48	64	67	70	60	61	65	45	62	71	67	72	61	85	49	68	52	50	72	54	53	63	48	67	71	48	61	61	65	58	57	51	58	65	51	65	50	70	69	64	50	76	65	56	52	58	59	66	68	75	61	54	62	61	73	71	71	50	71	71	62	64	59	55	70	65	69	73	47	63	52	57	48	56	51	51	53	56	64	44	58	68	59	47	57	67	61	66	56	62	58	43	51	55
cell93	47	52	47	53	43	59	50	46	50	42	41	56	48	61	48	51	49	36	65	45	50	53	54	55	43	44	53	62	52	51	57	45	65	44	47	50	60	47	51	36	40	58	63	43	38	47	44	39	42	38	49	50	48	49	43	64	47	49	57	58	46	58	50	50	41	48	44	45	55	50	42	49	53	39	40	45	48	47	31	56	42	49	52	50	40	49	58	50	54	40	48	39	41	42	45	46	47	31	38	48	45	46	43	41	38	45	48	59	48	41	48	34	50	37	57	46	44	50	47	62	41	47	57	42	43	58	44	54	49	51	42	53	56	44	63	54	48	52	43	51	48	45	39	52	50	51	53	68	44	58	43	38	49	35	55	57	52	47	49	55	64	51	61	39	53	50	28	70	45	37	44	51	36	43	54	44	48	44	51	52	50	42	55	63	47	42	45	55	37	46	35	48	54	52	58	52	58	50	43	51	46	42	47	47	43	45	46	50	43	50	49	53	48	48	48	49	39	41	35	49	39	43	44	53	47	51	69	40	57	52	51	49	40	45	49	53	45	48	52	48	60	44	48	49	49	45	55	65	58	49	45	50	44	60	42	56	48	39	50	49	51	39	51	50	46	42	43	55	49	56	47	61	44	48	55	46	53	46	50	55	41	39	47	34	42	45	54	49	34	54	46	53	48	52	45	55	58	46	54	52	46	47	56	51	44	49	57	50	53	52	46	40	44	47	50	52	44	48	42	35	44	55	49	40	49	45	47	50	51	39	57	49	45	43	52	48	46	51	51	39	56	36	50	58	55	49	42	38	57	56	47	52	58	44	47	57	48	46	40	40	44	39	59	37	44	55	71	48	33	46	58	41	53	44	66	47	46	34	48	49	34	40	49	60	53	60	43	47	37	50	43	61	38	44	46	42	52	41	47	51	53	43	45	40	40	49	51	44	40	35	51	41	52	42	40	57	45	52	41	60	44	35	58	48	50	55	47	53	52	46	41	54	44	38	48	57	36	41	47	43	62	56	53	56	51	55	49	48	42	58	50	44	48	49	42	47	44	38	46	60	54	60	53	50	38	53	47	48	35	44	49	55	41	51	45	52	48	56	48	47	50	42	45	44	43	45	56	46	39	48	51	47	39	39	43	43	50	41
cell94	80	60	72	62	69	93	88	63	82	53	66	76	81	81	77	60	51	68	63	59	68	68	74	87	85	74	75	81	67	78	77	81	67	79	64	97	67	59	82	65	89	51	61	66	70	90	62	75	68	72	76	70	81	72	70	72	82	68	68	83	63	76	67	81	61	67	69	80	78	95	82	72	79	67	59	72	83	68	62	84	65	68	68	71	74	57	87	81	67	69	56	71	59	76	71	65	77	63	87	74	76	59	73	63	60	74	72	62	72	62	93	81	54	63	76	64	80	67	55	70	68	73	71	69	72	73	67	60	76	68	81	64	65	73	76	69	76	61	60	63	63	84	80	57	67	71	78	74	76	67	85	68	50	82	81	79	84	76	64	77	78	76	73	85	79	75	67	66	79	58	61	55	60	75	79	105	70	85	82	74	75	59	56	56	70	92	63	76	64	73	62	72	58	88	88	76	86	63	73	72	77	69	56	76	69	88	69	55	70	75	73	73	64	67	65	71	80	66	66	83	84	59	72	52	72	72	69	96	72	64	80	78	62	72	65	57	66	68	86	84	71	75	73	68	83	80	65	69	62	67	63	65	73	72	86	68	50	62	74	76	74	68	86	64	75	63	43	62	69	62	79	78	56	57	71	67	69	75	68	84	73	55	71	74	75	79	69	73	70	67	82	73	76	63	72	91	60	75	81	65	67	87	74	90	75	80	79	70	75	68	58	54	64	57	76	76	60	69	56	87	68	81	76	60	67	61	71	85	79	72	65	76	65	57	67	91	73	82	85	77	70	72	67	75	69	65	69	77	73	65	57	72	88	67	57	66	66	78	77	79	68	53	73	64	76	64	76	92	62	63	100	83	77	69	54	62	69	65	66	64	67	77	57	79	80	75	88	62	79	72	85	65	76	67	65	52	86	69	63	80	66	72	64	60	58	62	81	66	69	73	68	77	83	80	68	74	63	70	75	82	74	74	75	76	64	55	67	60	64	71	85	61	80	67	81	75	66	69	70	66	78	85	77	62	77	61	58	77	86	82	71	74	65	68	70	74	58	66	62	79	73	64	68	81	71	67	77	69	72	64	97	85	83	59	60	66	79	49	70	72	51	68	61	59	87	71	73	56	72	82	66	65	66	67	70	71	64	48
cell95	70	49	66	55	63	49	62	62	56	54	51	50	76	69	77	58	55	67	63	72	43	65	64	65	56	61	55	66	55	51	61	50	61	58	66	55	54	68	68	52	57	61	63	57	57	64	70	56	69	70	66	54	50	60	75	69	62	59	68	72	62	63	63	61	63	67	54	50	63	66	72	61	82	60	62	70	68	72	50	78	61	67	63	67	64	69	77	62	79	60	62	68	57	54	67	41	65	49	45	59	66	59	74	46	46	53	60	77	60	58	63	63	54	52	70	68	65	55	50	66	51	55	50	52	61	70	70	69	65	51	73	65	44	45	65	77	66	54	65	71	54	60	72	56	65	63	64	78	56	66	72	57	58	51	66	51	62	64	60	66	69	52	66	68	57	59	62	51	62	55	63	71	58	63	47	85	49	54	61	64	65	65	60	70	74	66	54	58	59	62	57	67	56	61	63	66	72	67	61	69	70	51	63	65	62	67	66	60	64	52	54	53	63	51	56	57	58	60	61	65	64	49	73	63	62	79	77	59	54	48	79	64	63	54	67	60	52	47	63	72	58	71	54	49	62	55	61	77	69	55	50	44	59	57	71	53	48	55	82	75	68	74	76	55	77	62	60	66	62	67	64	52	72	59	79	43	57	64	63	59	64	50	73	66	52	56	58	54	61	55	66	66	66	56	61	47	54	58	64	55	84	59	47	55	47	55	83	68	62	56	75	45	68	63	62	74	53	63	54	61	68	59	65	65	61	64	50	60	63	58	63	71	54	66	60	77	70	59	70	51	71	60	79	71	67	56	76	65	69	58	58	56	59	61	51	61	63	74	63	63	60	59	58	45	63	70	70	64	63	56	75	59	86	57	72	60	59	62	63	55	65	62	67	53	59	67	68	71	46	58	66	59	62	54	67	59	52	63	58	68	55	53	52	68	42	57	64	57	55	70	68	57	47	58	67	64	66	63	65	72	67	65	57	70	60	58	53	65	66	61	47	55	67	57	76	68	62	55	55	66	58	70	73	59	57	70	52	58	49	53	56	46	55	70	49	68	72	47	60	65	54	59	72	56	57	68	64	66	68	59	63	61	65	60	65	48	50	54	58	60	55	68	54	58	56	61	73	56	53	48	60	65	58	70	64	65	65	46
cell96	57	56	53	71	67	55	47	61	64	49	56	63	61	58	52	59	60	60	65	55	54	77	52	70	62	51	60	51	68	61	78	58	67	50	47	69	79	68	68	52	77	64	60	68	61	69	66	70	76	67	55	53	66	53	52	58	63	59	58	60	58	54	69	74	69	53	47	78	52	58	64	56	69	48	67	76	65	64	54	70	65	51	67	67	60	75	63	61	60	59	58	51	65	64	65	73	43	50	75	61	64	56	53	63	63	53	54	62	82	61	78	76	72	53	49	69	54	54	61	64	59	81	71	57	70	73	73	82	67	53	67	55	62	54	63	64	69	70	66	59	65	67	71	50	72	59	73	67	59	54	66	48	62	64	65	58	59	67	59	68	68	66	67	59	55	55	67	48	63	62	45	54	63	56	67	54	55	71	52	55	70	57	69	57	58	76	61	75	61	58	64	73	76	66	56	62	74	57	68	67	91	52	60	63	60	59	50	68	76	65	56	71	67	64	50	61	49	52	63	53	50	66	60	59	56	56	71	66	66	56	68	81	71	60	61	62	47	59	63	52	77	58	67	64	72	64	67	66	70	77	66	62	67	47	78	77	59	76	64	60	54	69	78	58	58	67	52	89	59	54	53	66	68	79	69	68	73	57	60	70	63	54	65	55	59	81	57	69	57	66	48	67	66	64	64	56	76	64	69	63	56	72	58	60	51	59	70	67	52	58	69	57	64	56	59	69	60	76	62	70	46	72	66	49	59	47	65	53	47	55	68	64	58	74	59	55	63	42	54	57	60	57	69	52	64	62	60	63	62	57	62	61	65	57	59	70	48	55	59	65	49	61	73	54	62	62	57	70	54	65	65	65	57	69	56	71	51	67	61	50	48	57	62	71	60	66	65	66	72	57	85	62	76	61	46	54	55	55	52	61	55	58	65	65	49	68	63	54	59	72	66	65	61	65	52	73	61	59	71	70	55	59	55	64	55	64	53	72	63	55	58	78	65	56	69	59	46	58	68	66	65	70	72	61	59	80	65	64	61	68	46	78	61	61	65	61	47	52	69	60	76	50	63	62	57	53	59	64	66	69	68	54	62	67	55	78	61	71	61	67	54	63	58	51	54	72	72	51	56	71	68	76	87	50	57	53	47	60
cell97	69	52	69	46	59	53	64	47	51	46	72	69	82	60	50	41	50	49	63	50	45	57	51	53	58	52	65	64	68	69	66	55	64	58	59	38	54	58	82	66	69	52	61	56	60	63	48	56	56	49	54	48	59	43	59	60	65	64	51	83	69	74	48	55	73	55	53	56	44	53	57	64	65	66	52	50	69	64	53	64	47	56	54	59	49	72	62	43	70	52	46	50	60	52	45	48	59	46	45	52	57	54	60	49	47	45	51	63	47	55	48	65	61	40	72	45	60	53	60	70	57	55	46	55	58	49	41	57	49	50	46	64	54	56	59	67	68	51	51	57	57	58	60	49	66	63	75	63	55	55	49	52	53	59	63	51	45	57	57	50	56	43	62	60	62	62	56	75	62	80	51	35	46	58	55	66	45	67	59	67	57	55	44	50	47	62	46	64	66	50	48	47	50	66	64	64	53	70	59	54	48	56	56	77	48	61	53	67	72	54	54	78	47	57	65	49	56	45	54	50	55	56	54	52	53	57	62	64	42	65	56	53	48	46	72	48	55	63	52	47	55	57	61	58	53	59	54	49	70	49	65	57	65	62	64	50	45	60	62	58	49	54	59	46	48	63	52	47	48	67	50	65	56	70	73	47	53	68	65	63	52	59	60	53	63	63	69	62	54	51	52	64	56	41	55	55	65	62	55	62	48	64	44	51	57	55	64	54	56	57	44	58	61	45	63	62	57	48	57	53	57	58	54	55	59	48	63	57	66	58	61	47	50	56	68	62	75	46	42	55	65	49	59	64	53	57	58	60	59	64	55	48	50	47	56	54	54	56	59	55	65	57	56	55	46	59	64	57	55	46	49	68	58	40	61	54	52	61	51	51	41	73	48	62	64	65	68	54	69	48	64	57	58	48	42	45	61	49	42	61	53	51	44	39	43	51	45	69	63	63	57	59	41	64	56	61	57	55	55	59	55	54	49	57	55	52	65	61	46	59	66	49	44	56	63	53	57	60	58	55	62	67	66	57	58	61	61	46	52	62	53	53	54	49	52	59	56	54	56	66	68	59	59	58	63	50	45	73	64	67	67	65	49	49	52	67	54	54	65	64	48	42	45	53	57	53	47	56	63	49	68	57	64	64	70	47	46	56
cell98	102	88	91	96	80	100	121	72	95	95	88	99	108	120	97	99	81	93	104	90	83	103	104	97	102	86	106	99	93	100	94	97	93	91	93	91	107	98	98	105	99	81	101	95	92	92	85	99	83	97	80	93	94	76	77	102	85	106	104	91	104	101	92	97	106	97	103	89	86	101	107	93	110	103	88	97	93	91	94	109	93	108	100	101	99	73	89	100	87	98	102	106	103	82	108	110	87	78	83	69	88	99	93	81	97	81	81	107	80	104	103	89	99	90	107	93	88	83	77	92	62	80	106	91	91	93	92	98	89	106	102	101	93	93	87	92	94	89	96	93	85	74	94	120	95	95	91	104	111	91	97	87	89	117	98	96	89	96	102	86	96	87	114	93	99	116	81	94	86	99	79	81	110	94	106	84	76	89	90	128	92	113	95	93	88	80	111	87	94	104	111	89	86	100	109	108	96	90	91	74	100	86	106	83	97	97	113	85	114	89	106	87	90	87	94	99	90	91	100	106	96	84	106	85	121	103	117	88	100	82	100	109	107	98	79	98	91	96	106	87	95	93	104	79	100	85	92	90	105	91	85	117	106	104	113	91	95	112	97	86	94	99	108	91	90	99	84	86	91	76	87	97	119	98	122	89	86	92	93	92	107	86	97	90	99	82	105	91	83	104	94	92	107	93	99	106	94	97	97	79	92	106	101	116	82	86	118	96	116	92	103	87	94	89	107	91	93	104	89	91	103	89	96	74	93	85	111	103	90	91	73	101	85	96	82	112	90	96	77	76	89	73	113	91	92	86	83	89	86	90	112	102	78	89	87	82	87	110	82	98	90	91	86	93	91	90	104	97	93	85	94	92	94	89	79	87	105	88	90	94	92	101	110	108	104	89	113	92	97	85	99	102	81	79	99	90	85	100	79	93	88	110	89	94	78	91	88	97	104	95	102	101	99	97	97	102	91	93	114	97	97	96	86	97	100	85	79	115	104	94	98	88	100	92	112	76	110	81	78	105	96	93	96	93	110	103	93	95	111	98	83	97	100	82	86	117	90	81	89	106	93	88	123	82	90	86	106	108	94	92	94	86	83	96	92	105	88	82	96	112	69	93	90	91	104	100	96	93	98	109	104	113	102	74	90	92	84	81
cell99	38	46	51	45	36	60	54	35	44	51	47	41	43	47	36	41	39	53	46	44	38	41	47	49	45	38	51	50	41	44	47	59	45	46	46	43	45	40	45	45	39	35	51	55	41	39	46	53	35	41	45	55	44	55	47	46	46	39	41	41	36	44	43	46	58	36	54	37	29	57	46	40	62	46	45	45	46	43	34	46	49	53	30	43	38	43	39	45	35	43	43	54	42	47	53	49	37	45	49	43	46	34	46	43	40	37	42	50	30	44	59	53	48	55	43	51	37	48	40	47	38	46	35	46	46	48	50	45	48	46	43	34	40	36	57	43	35	32	37	47	38	47	44	51	46	37	41	46	55	53	54	54	45	41	46	42	46	43	42	56	48	37	38	46	48	52	29	40	46	40	40	40	45	35	47	53	44	51	51	48	38	50	42	44	40	46	44	54	54	51	45	53	38	53	40	47	44	48	44	39	45	50	44	39	49	60	49	52	54	60	57	44	47	35	48	46	44	44	60	52	27	41	37	44	45	57	40	51	50	38	56	37	56	43	41	39	44	50	51	47	49	43	49	37	41	34	45	52	48	53	46	50	54	59	40	41	40	49	51	50	45	47	41	36	46	58	42	52	58	31	48	37	44	54	50	40	49	46	48	34	47	44	54	40	66	49	40	40	41	43	32	53	50	35	45	51	40	48	51	52	49	56	45	42	39	50	53	39	47	41	41	54	50	52	58	60	39	51	43	42	48	46	43	42	49	44	39	53	37	45	53	39	43	43	43	37	43	49	51	34	49	43	48	28	43	31	41	54	44	30	49	39	52	51	46	44	41	49	42	42	51	43	48	40	39	55	52	44	40	37	59	49	48	49	57	37	47	44	50	51	40	54	44	42	41	35	42	42	44	40	35	47	45	43	35	35	37	44	36	63	49	39	49	42	52	44	38	52	32	53	46	40	50	37	39	47	35	47	49	34	44	48	55	51	34	39	45	37	41	43	41	40	57	34	45	47	42	47	40	46	55	47	56	42	39	47	49	35	38	38	38	52	45	44	52	39	52	40	52	52	64	45	34	40	43	38	46	56	44	45	50	53	41	36	43	45	49	36	40	50	36	39	36	44	53	55	46	48	44	44	44	44	44	44	46	50	37	43
cell100	27	29	22	20	25	23	27	33	18	32	28	23	27	19	21	27	22	31	18	23	23	18	24	26	29	30	26	38	25	21	20	23	21	23	29	25	25	29	19	29	22	27	24	31	31	26	25	29	24	21	28	22	27	29	24	32	37	32	30	41	23	32	31	28	27	19	29	37	23	27	24	36	31	17	35	34	38	23	22	24	20	33	25	19	26	22	30	32	21	33	41	29	19	36	38	24	25	23	25	29	30	21	26	16	19	33	24	27	23	20	33	29	25	38	24	29	29	24	24	30	29	37	23	27	26	17	26	36	23	29	28	25	32	26	30	38	28	17	23	29	36	29	21	22	30	32	24	23	22	26	33	27	25	27	21	21	26	28	24	28	32	20	29	23	29	34	24	17	27	26	23	30	22	19	24	26	21	24	33	27	26	26	32	21	32	27	36	31	29	23	37	30	31	32	37	38	32	30	19	28	26	26	29	43	32	23	30	35	30	29	26	38	25	32	38	30	20	26	26	30	32	22	21	26	26	25	21	27	24	37	29	32	20	23	25	23	21	28	30	28	24	33	35	20	41	39	27	34	20	36	26	20	36	24	25	26	29	19	24	26	30	33	24	24	30	31	20	28	28	23	12	31	19	24	28	26	27	31	30	22	18	21	33	31	27	29	28	30	20	26	37	22	36	22	33	22	25	19	31	35	21	27	24	38	29	29	25	23	39	19	32	20	30	24	24	39	27	27	22	37	33	25	30	25	26	22	26	26	31	30	27	29	32	27	30	33	20	13	26	20	20	28	39	25	23	28	34	32	21	32	29	25	26	24	16	27	22	27	30	24	34	25	21	27	29	34	25	28	41	29	23	26	23	21	31	42	28	20	30	29	27	26	29	28	29	24	23	26	29	22	27	18	26	29	33	32	25	33	24	22	26	28	27	25	22	30	28	29	19	26	27	26	35	25	30	19	32	32	30	24	29	29	29	25	25	26	32	32	35	23	31	27	27	27	28	20	27	21	25	27	35	26	25	33	17	25	28	36	33	27	23	25	39	29	34	27	37	30	33	36	38	30	29	31	34	32	28	36	24	31	25	24	33	27	19	29	22	23	26	34	21	26	30	28	27	30	36	27	33	29	33	33	28	32	30	24	41	24
cell101	74	74	72	75	63	74	80	55	81	72	88	67	101	85	83	72	63	78	86	82	65	77	72	93	74	75	83	88	81	97	87	73	84	87	90	69	85	75	92	90	90	69	81	82	71	84	78	80	83	79	82	70	79	71	84	95	87	88	75	103	86	75	73	87	81	85	79	79	79	78	91	73	66	75	72	92	88	79	65	78	66	85	86	76	54	87	83	79	73	88	93	91	74	67	93	80	77	88	84	86	79	73	81	67	81	81	80	72	78	80	86	85	76	66	81	61	72	88	62	71	86	80	82	66	74	69	78	88	65	60	62	70	88	70	81	66	90	80	83	85	83	91	83	87	73	74	73	71	63	88	78	66	73	93	68	74	82	80	77	68	77	84	82	73	75	89	72	78	72	86	78	53	74	83	97	69	93	86	69	85	80	87	77	84	81	88	74	74	71	56	96	83	82	86	84	76	112	82	79	85	75	78	74	103	77	85	80	77	73	89	81	51	93	68	95	68	84	81	93	81	74	67	72	83	77	75	66	87	65	80	83	86	71	79	66	71	62	89	81	72	82	97	83	72	68	92	67	100	71	62	76	83	79	89	92	79	91	69	89	96	73	111	78	62	80	87	64	84	85	92	88	84	65	65	77	69	80	82	78	78	69	67	80	78	76	75	84	73	88	68	81	84	61	64	78	66	76	93	74	68	79	77	71	77	73	84	62	59	77	91	66	61	87	63	96	80	63	76	78	74	84	102	73	75	88	81	70	70	83	69	93	86	71	93	92	64	67	66	75	60	80	75	95	79	90	85	68	68	63	84	94	84	103	77	75	79	77	77	82	92	68	74	77	73	75	84	92	81	75	73	88	65	63	70	70	91	75	75	79	76	73	82	72	76	79	69	80	71	69	60	70	67	81	81	79	64	70	81	60	93	79	71	60	71	68	71	74	82	82	88	87	62	73	87	72	70	76	88	61	82	76	67	84	87	81	70	82	59	84	82	82	68	76	58	88	69	57	77	73	72	80	90	76	73	68	62	65	88	84	63	61	90	77	79	74	79	74	70	71	87	88	81	78	87	71	89	82	79	67	78	84	80	70	81	66	73	77	76	73	80	74	79	70	71	78	97	89	82	67	83	95	68	85	66	68	71	51	73
cell102	43	44	38	30	35	32	49	35	49	48	43	44	41	47	40	33	39	40	40	50	38	50	39	33	32	54	38	40	42	47	36	33	42	47	47	37	43	50	45	45	56	47	40	49	35	54	51	87	95	65	89	74	89	76	87	78	83	84	75	90	69	80	98	89	76	82	87	70	85	82	100	76	91	97	72	68	70	91	77	68	68	36	36	43	0	0	0	39	51	44	43	57	43	35	33	37	46	42	29	44	48	50	49	38	37	38	49	42	42	35	51	44	42	30	48	46	48	33	29	47	38	43	38	41	38	37	32	47	43	36	38	34	45	25	49	54	49	36	49	39	42	57	42	46	49	50	36	46	44	39	40	43	47	27	45	41	43	44	47	39	44	44	55	49	43	48	35	39	45	40	34	41	31	50	49	51	31	34	41	26	42	38	36	45	41	48	31	34	50	40	51	47	39	37	59	52	46	52	54	35	24	37	53	39	41	34	35	44	42	35	30	34	56	50	52	42	35	37	45	36	43	39	46	43	32	43	37	51	41	28	43	48	45	42	34	43	39	52	41	39	42	38	49	50	37	41	41	46	49	48	49	43	54	49	56	38	43	49	31	40	31	52	50	47	47	46	40	43	39	44	42	44	44	50	50	44	51	39	45	46	41	28	49	45	35	33	38	39	35	48	33	35	42	35	39	42	43	53	46	39	42	48	39	43	38	32	53	40	36	37	39	30	33	42	48	60	40	44	40	40	37	36	41	48	29	51	40	46	31	31	42	50	40	44	45	31	43	43	43	36	46	47	51	39	39	38	41	44	39	50	33	38	49	42	28	45	38	46	31	53	52	46	45	39	34	41	50	46	51	48	39	42	45	44	42	30	42	49	44	42	45	47	36	54	42	41	46	42	45	29	51	42	42	41	45	47	39	35	43	42	43	35	48	33	48	39	34	33	42	31	47	31	32	38	32	39	35	50	35	39	44	40	29	44	41	47	39	51	38	42	35	31	44	41	58	51	42	51	36	38	40	35	42	35	35	45	46	46	47	45	31	39	59	43	39	39	34	34	43	43	48	34	42	38	46	53	50	44	41	45	51	36	42	37	48	33	33	41	48	43	27	41	27	29	39	44	41	43	37	44	34	38	38	44	39	35	35	33
cell103	48	49	51	39	33	51	51	51	46	49	51	51	58	48	49	47	53	38	53	45	50	52	54	51	40	51	45	52	63	49	61	39	51	39	44	45	52	48	57	62	56	48	58	55	52	47	47	45	53	39	49	42	44	51	61	63	54	47	46	58	50	50	50	62	67	49	46	48	51	49	52	36	61	43	42	53	53	50	48	53	60	42	44	38	50	56	57	42	50	43	47	59	49	46	43	53	53	46	48	52	47	47	53	41	57	45	52	46	47	38	59	52	45	43	48	43	62	40	45	45	59	42	47	58	62	61	40	55	55	41	52	42	51	48	42	53	60	51	33	54	47	56	42	45	50	51	51	59	44	45	53	38	55	49	48	42	45	48	49	44	52	47	57	48	50	56	42	44	48	55	54	42	46	38	58	52	43	52	55	46	58	55	45	45	58	63	55	46	51	44	56	56	53	44	58	51	51	51	57	59	48	40	58	50	50	55	60	46	55	37	55	42	48	31	38	53	44	51	47	52	52	46	38	53	35	43	59	51	48	46	55	42	43	51	43	43	47	54	57	50	44	46	59	45	63	50	43	54	61	65	52	52	45	61	51	43	56	44	53	51	49	53	47	44	53	58	47	51	50	58	39	41	46	48	54	47	52	50	54	46	37	46	53	44	45	58	50	52	41	57	42	65	56	41	50	44	58	51	51	46	49	65	57	52	46	36	52	45	58	54	58	38	38	44	50	46	35	49	36	64	55	52	55	46	46	46	51	52	63	54	34	46	49	57	57	38	48	46	47	38	59	56	56	53	55	40	58	45	40	61	45	42	48	50	60	43	26	55	72	49	47	48	57	45	45	56	58	53	46	33	54	36	47	55	45	42	57	52	44	46	49	37	38	54	56	63	50	45	42	66	60	50	50	54	41	39	52	48	48	64	58	53	38	34	49	50	53	53	51	62	55	44	50	54	37	49	48	45	47	61	35	39	47	52	49	42	40	58	44	52	47	43	54	54	43	59	64	50	38	60	58	49	56	49	48	53	58	35	60	43	44	53	49	43	40	44	45	46	62	55	53	37	39	70	48	59	49	54	46	60	51	46	54	54	38	54	51	42	48	49	52	52	49	50	59	40	47	41	50	54	47	34	52	48	51	55	38	47
cell104	82	75	64	69	69	62	64	67	67	57	63	56	71	68	74	58	62	78	85	72	49	57	66	68	68	71	71	75	77	62	63	63	80	88	74	63	82	74	81	75	72	68	76	83	80	72	80	65	65	85	64	69	89	81	63	85	65	70	66	79	85	81	65	68	58	74	74	78	83	79	77	58	55	67	66	74	74	62	51	90	53	61	65	82	65	72	72	73	67	75	75	66	67	75	67	65	79	72	68	62	67	70	78	60	66	58	70	84	77	80	57	72	68	80	81	66	81	69	63	63	66	77	66	75	87	74	61	102	63	59	82	68	67	64	75	66	68	72	73	65	70	73	78	63	73	69	70	66	81	80	65	75	71	58	94	76	60	82	83	70	58	72	69	78	72	98	71	77	76	79	82	70	65	76	58	68	72	79	70	78	63	74	70	75	75	65	76	82	77	55	61	77	70	66	69	66	55	71	80	67	69	80	76	72	72	83	79	67	70	81	57	76	76	63	57	72	60	62	64	75	71	60	58	52	58	78	81	60	68	73	76	64	80	74	85	70	76	82	70	67	73	87	69	74	64	77	62	83	81	71	73	77	81	77	93	66	85	68	70	56	63	83	74	65	71	70	65	76	67	55	69	82	65	72	93	63	64	66	67	63	68	67	76	73	74	61	74	68	77	67	66	71	60	82	72	66	69	76	85	59	73	75	58	80	58	62	74	77	77	69	64	68	74	70	68	80	46	67	70	98	64	73	69	70	80	68	74	73	60	63	66	75	63	66	65	64	54	65	65	60	83	64	75	63	82	57	74	65	91	61	54	66	70	75	58	70	65	70	75	62	70	82	60	72	82	69	66	79	91	69	82	77	63	83	86	74	76	67	83	56	57	74	75	74	75	76	96	57	75	76	74	89	74	88	68	65	73	75	61	73	75	69	62	57	46	78	78	81	62	71	82	76	61	73	73	71	71	77	77	73	63	68	74	67	55	73	72	71	82	80	89	61	75	59	68	74	64	74	65	80	80	67	77	52	87	63	68	68	78	78	69	95	59	68	78	78	71	73	72	76	71	55	86	59	71	66	73	79	81	63	80	76	67	70	72	56	73	56	66	82	53	72	60	75	67	66	71	70	71	78	73	71	81	62	65	69	66	83
cell105	31	26	28	31	28	35	25	22	29	31	28	24	27	29	31	28	36	40	39	31	25	27	24	21	28	36	31	49	23	33	30	28	34	29	39	28	24	26	30	41	32	36	32	32	28	23	38	22	21	20	30	23	28	25	30	35	20	40	30	34	30	31	25	28	37	30	23	32	32	30	35	28	34	35	28	36	26	37	22	36	32	36	29	29	29	35	20	34	35	34	33	32	28	29	26	30	31	28	29	30	26	25	38	24	29	30	26	29	27	32	39	33	25	27	38	25	29	26	20	29	29	31	33	33	26	21	30	38	34	31	29	22	27	35	15	35	33	30	28	26	30	34	40	30	37	37	30	36	40	33	32	38	35	29	28	25	36	33	38	35	27	28	37	37	34	32	26	33	26	28	31	27	36	26	31	32	33	25	44	32	28	28	33	29	31	30	31	27	26	26	33	29	25	34	30	36	34	25	28	33	28	31	34	34	33	32	33	27	30	24	33	34	27	33	33	24	27	21	33	26	28	28	16	16	22	27	45	31	21	29	36	28	27	29	29	24	32	23	33	18	30	11	44	28	35	29	28	19	37	39	32	31	28	31	34	22	32	41	33	20	24	30	32	22	31	31	31	29	42	33	27	23	31	28	29	27	31	27	35	34	32	28	30	31	21	30	27	30	29	29	23	36	29	23	35	32	32	26	35	24	27	26	26	20	38	25	37	24	35	26	29	35	28	26	37	29	34	23	24	28	28	40	31	21	35	29	26	27	27	22	32	43	32	32	34	34	36	35	22	32	35	33	30	27	31	26	33	33	33	32	37	30	36	37	22	38	29	40	30	29	30	23	26	32	38	42	27	32	28	30	38	31	39	28	20	26	41	34	34	33	22	25	18	24	26	31	27	28	27	27	28	40	29	28	29	32	23	29	29	24	25	22	30	22	28	23	35	33	32	35	50	34	24	22	32	44	29	37	32	35	37	40	34	28	35	32	31	28	25	23	36	32	32	35	37	27	33	31	31	29	37	34	34	25	24	24	36	32	26	30	27	27	27	37	25	22	40	20	46	37	36	24	29	28	28	30	38	25	31	29	44	34	32	38	24	37	27	25	27	33	28	30	31	31	36	21	31	22	26	34	38	24	30	30	29	29	34	26
cell106	30	41	31	39	27	34	31	39	46	36	24	32	25	39	35	26	28	35	39	33	36	31	27	28	40	42	38	40	34	36	36	29	26	26	29	42	37	27	33	37	34	37	36	39	34	37	34	64	66	75	70	73	60	73	63	69	63	67	70	77	78	70	66	51	69	64	70	64	58	65	79	75	64	60	66	61	61	73	53	69	74	27	33	32	0	0	0	23	41	35	31	29	29	30	30	35	42	30	40	31	31	35	35	36	34	28	32	30	25	30	34	33	42	30	31	29	40	29	27	35	28	35	33	38	44	34	27	34	39	24	35	33	24	23	38	28	34	37	33	35	38	24	34	33	37	30	35	36	31	30	43	32	41	30	30	33	41	32	34	39	34	28	45	35	42	35	36	35	34	43	36	33	29	39	33	37	35	25	22	34	45	28	41	28	37	36	23	31	31	34	25	28	30	34	36	35	37	31	46	28	27	27	45	35	37	31	34	36	29	38	32	38	27	32	33	43	26	32	33	32	36	36	29	33	40	30	28	41	30	33	28	31	46	35	35	23	31	30	40	34	31	38	38	34	34	35	32	35	35	19	44	27	31	49	33	27	38	36	37	29	32	22	30	35	30	30	32	37	35	39	40	28	39	27	28	32	30	31	28	27	34	33	38	34	34	32	37	36	33	31	20	34	25	25	40	34	29	35	24	29	31	47	43	37	36	20	40	32	31	33	27	39	29	27	25	39	35	39	31	49	29	34	46	39	32	33	35	40	32	44	24	32	32	40	33	29	34	41	32	20	40	25	27	39	36	41	32	37	23	23	39	35	31	38	33	40	28	26	33	29	24	48	37	34	21	38	27	46	47	26	41	27	34	31	42	38	40	34	30	27	40	47	35	31	35	38	25	37	30	28	38	43	25	39	36	31	40	22	32	35	26	38	22	32	22	38	33	33	32	41	35	33	29	30	24	38	36	32	43	26	29	36	37	32	34	27	26	35	30	28	35	38	31	36	40	30	33	26	29	32	39	41	34	40	30	35	47	27	48	29	25	48	37	36	33	23	34	29	37	30	33	39	33	31	39	34	33	33	28	35	38	34	37	43	38	41	35	33	27	33	38	27	30	28	28	34	40	31	35	41	39	34	34	37	23	33	24	30
cell107	30	28	32	39	26	31	32	27	35	31	44	25	33	41	36	36	33	30	30	27	20	28	35	35	28	30	26	38	34	32	32	33	35	24	27	34	22	31	38	24	33	33	28	30	20	45	32	38	25	24	21	34	34	43	28	43	30	41	25	35	34	33	31	27	19	30	32	44	35	37	33	24	43	32	26	39	35	19	25	37	19	29	30	29	35	30	38	32	39	27	19	33	38	29	36	36	30	26	22	28	33	36	34	32	27	30	27	32	35	32	42	35	24	30	24	32	26	17	25	32	26	27	32	33	28	36	37	35	37	26	35	37	37	21	21	39	35	32	34	33	28	24	24	35	23	26	34	29	29	24	38	41	35	27	37	30	32	29	34	37	39	22	27	33	32	34	28	27	30	34	36	24	25	33	30	39	33	21	41	29	39	28	33	38	33	37	31	34	34	25	27	22	26	42	39	29	22	23	24	22	34	31	32	43	24	35	30	39	28	30	42	32	31	24	24	35	25	33	29	29	35	40	31	27	31	23	31	25	43	25	37	34	32	31	24	29	21	30	28	31	32	39	37	31	29	31	22	30	31	20	22	27	25	29	27	32	23	29	33	32	30	27	36	37	34	21	23	35	23	32	30	31	27	36	25	28	32	23	29	39	33	21	38	22	34	36	35	17	34	19	28	32	40	29	33	37	30	36	22	30	38	25	32	38	26	32	34	34	43	37	44	29	33	34	37	30	29	21	30	18	37	30	32	32	27	26	27	29	34	35	41	28	36	22	37	22	27	21	27	21	33	27	40	34	25	33	38	26	31	31	49	33	23	33	19	26	32	31	36	25	28	23	32	29	27	25	31	28	36	36	25	47	27	31	42	36	30	21	29	21	31	22	25	27	34	29	28	35	33	37	25	41	33	36	24	27	28	35	28	32	39	31	40	37	21	40	20	25	32	34	27	30	18	41	29	34	35	24	22	32	26	37	29	24	24	23	31	25	17	29	36	34	33	21	39	28	32	26	32	41	29	36	29	24	39	38	22	33	19	30	25	23	32	32	22	22	31	30	32	34	36	27	19	28	24	31	29	36	25	23	40	34	23	41	35	26	29	34	28	29	27	42	19	29	31	31	23	20	29	30	41	43	22	34	27	27	31	25
cell108	31	32	46	40	40	26	39	27	55	33	35	40	41	31	37	37	29	47	41	35	50	37	43	39	40	38	41	46	39	38	45	46	56	38	29	41	34	43	56	34	35	35	36	37	40	35	44	85	80	65	81	75	61	86	86	82	67	72	84	85	72	79	85	91	65	74	76	73	67	88	60	77	91	86	75	83	81	85	62	85	69	35	33	36	0	0	0	32	28	36	39	35	38	29	30	38	30	34	34	36	36	26	45	34	34	44	41	32	38	37	37	46	30	34	35	34	53	40	24	32	28	36	46	38	34	28	28	48	36	35	39	40	45	39	45	46	47	35	41	26	38	36	39	37	35	33	43	46	40	27	35	34	30	36	30	42	41	40	30	31	38	37	42	34	47	36	43	35	36	39	39	36	38	37	44	38	33	36	41	34	44	39	37	32	54	40	39	46	29	23	29	45	37	34	35	38	32	33	42	31	31	46	39	40	41	36	34	37	44	45	39	30	28	31	38	38	43	29	41	31	44	32	34	36	34	30	30	42	41	35	42	41	36	34	42	30	35	35	36	37	39	40	27	46	29	44	40	39	44	47	42	41	36	35	48	36	44	37	36	39	40	39	39	38	38	36	26	48	40	34	27	50	42	42	34	42	36	32	46	45	36	37	40	38	29	47	33	45	43	46	32	46	31	31	46	42	35	35	40	27	52	36	44	43	43	37	37	30	27	32	37	43	29	28	54	43	34	30	45	38	23	33	36	38	35	43	34	34	55	49	38	44	26	45	40	39	34	31	27	32	46	45	38	29	39	30	48	41	41	47	33	40	32	46	40	31	43	39	43	34	43	44	41	28	34	39	40	39	47	30	37	44	38	51	35	52	24	47	28	35	37	37	36	54	47	38	41	36	46	40	33	34	41	37	37	41	36	39	30	35	43	26	31	30	28	24	35	35	45	35	28	38	35	33	33	38	39	39	54	51	29	36	33	41	33	30	48	44	43	41	39	28	34	27	43	43	39	35	38	42	46	36	36	33	38	41	51	33	42	38	30	32	39	51	41	43	24	24	44	36	33	34	34	30	37	43	33	38	40	37	30	43	40	29	30	33	32	41	31	47	27	37	32	34	48	40	45	34	41	36	39	29	42	31	32	32	30	25
cell109	70	59	47	51	47	63	63	51	54	62	55	64	50	64	62	60	44	49	51	49	58	48	50	64	50	52	63	51	58	59	46	55	70	58	53	48	65	56	61	69	64	58	70	52	61	53	47	57	60	51	46	44	58	47	47	50	53	53	52	61	59	55	66	55	56	58	50	59	61	59	64	51	52	52	54	49	64	57	55	57	53	49	49	70	43	56	70	66	55	60	47	63	57	46	48	42	54	49	49	61	55	39	56	40	50	42	64	65	60	47	59	60	54	47	55	55	63	58	45	45	52	48	51	50	60	60	63	53	65	49	59	61	57	50	57	50	68	57	57	63	48	44	61	57	53	44	57	69	59	41	60	47	41	46	55	49	59	47	58	65	49	48	64	42	66	68	55	54	57	59	45	34	34	56	42	57	66	47	53	53	63	48	54	59	46	59	54	49	63	57	53	64	51	62	58	59	66	52	48	40	67	44	55	58	43	63	48	61	64	57	65	65	54	54	56	47	67	54	61	59	45	50	59	41	45	47	72	38	48	58	81	64	66	61	53	42	58	53	50	52	60	43	62	38	40	63	45	51	55	58	55	66	47	49	56	67	55	60	53	54	65	56	64	52	58	67	53	54	55	56	38	53	59	61	61	51	69	50	50	55	47	64	58	48	51	49	55	52	51	56	43	66	53	51	68	69	52	62	56	53	59	63	54	66	72	51	62	57	57	55	59	52	50	61	58	60	50	60	56	60	60	65	60	65	45	53	62	52	53	55	52	49	41	53	61	68	46	55	49	52	71	39	49	63	57	50	55	48	68	67	72	55	69	52	59	50	58	64	55	62	41	50	48	56	65	47	65	62	58	52	61	55	42	60	47	59	54	52	49	67	58	68	53	57	58	51	62	55	56	59	56	55	50	47	45	55	59	64	53	55	61	49	51	51	52	56	58	44	54	38	65	56	57	46	48	60	48	53	42	51	45	55	63	51	61	51	50	55	54	53	74	51	73	51	56	55	68	52	57	47	62	59	59	56	39	68	50	46	54	57	44	60	53	54	43	46	43	52	47	48	57	67	65	54	45	63	50	63	46	58	59	62	60	47	48	50	38	58	40	54	66	55	49	54	58	49	75	59	57	48	43	54	60	55	62	47	49	42
cell110	66	52	48	48	46	45	67	47	53	45	51	60	51	55	48	49	37	71	64	51	50	54	47	55	43	64	54	55	58	58	52	72	61	69	63	68	48	66	58	47	61	62	62	47	54	40	65	64	59	56	61	54	59	44	57	68	59	55	71	64	65	56	54	66	50	63	76	76	59	58	59	58	63	49	47	60	57	49	45	62	59	49	55	62	60	66	74	60	46	54	60	41	60	44	47	52	43	59	56	58	49	54	71	50	47	45	60	39	48	59	48	46	50	46	72	43	65	63	50	60	48	50	51	56	66	48	56	66	48	63	61	53	49	57	59	71	49	55	46	66	57	45	56	59	51	53	56	67	52	50	63	51	47	52	50	57	54	65	41	61	70	61	70	60	60	63	63	70	55	64	48	46	34	47	62	63	51	48	53	59	54	53	46	62	49	58	45	48	49	44	49	58	57	60	63	70	70	55	39	42	60	50	75	66	51	51	55	66	65	51	63	70	53	61	52	64	63	47	52	54	43	54	54	62	53	63	54	56	49	52	76	58	57	64	65	59	52	48	59	53	57	53	50	46	37	61	57	58	78	46	56	54	62	49	57	59	62	63	56	49	59	47	58	46	74	53	58	66	46	55	56	47	66	52	72	63	63	53	60	47	54	56	62	52	68	48	59	41	57	57	67	55	70	56	62	56	58	71	51	57	63	56	40	56	63	68	68	47	53	64	59	77	51	52	53	58	53	66	41	58	53	53	51	54	54	58	71	43	68	55	53	57	66	42	60	51	50	60	62	53	54	63	77	74	58	42	50	61	56	60	52	50	57	57	64	64	61	58	50	52	54	53	49	60	49	69	64	63	58	55	64	55	54	52	59	64	60	50	58	36	46	79	64	67	57	44	54	64	53	59	48	53	64	51	50	53	49	50	44	53	72	53	50	63	55	55	47	62	64	56	64	49	51	47	59	68	63	49	66	57	60	48	56	68	55	53	60	64	56	62	52	42	63	55	69	41	51	44	64	48	60	59	64	63	66	55	55	60	47	61	51	66	56	66	65	59	65	48	60	62	59	55	60	64	60	59	50	77	53	42	66	75	45	68	59	57	60	64	49	64	53	49	62	65	52	53	61	57	68	75	55	52	39	64	66	61	51	58
cell111	64	56	54	47	49	64	59	49	64	41	50	60	55	48	49	49	46	40	53	43	58	44	45	46	52	48	49	52	67	53	52	54	80	51	50	48	57	43	50	59	59	52	49	62	63	47	54	66	52	41	46	50	55	60	46	55	58	56	58	57	58	42	46	47	54	50	54	53	50	55	49	50	67	48	43	45	50	39	45	58	52	59	40	54	57	60	71	53	54	51	56	57	43	44	45	45	36	63	56	64	50	50	60	45	44	49	39	54	53	59	58	66	43	50	61	43	58	49	49	61	44	52	39	32	46	52	56	50	50	47	55	39	58	55	57	53	63	49	52	43	48	51	48	49	52	57	50	45	61	67	66	46	46	53	47	52	58	47	44	49	53	35	50	48	50	65	58	62	64	46	53	41	48	50	56	53	46	55	57	55	44	53	45	47	62	59	47	48	67	58	51	46	55	42	65	48	62	53	40	53	56	48	49	59	59	66	51	47	74	52	54	48	49	60	58	43	53	56	45	62	45	59	41	34	49	41	59	51	46	38	72	64	69	56	61	51	39	49	63	53	59	62	60	37	50	56	58	63	74	49	52	55	46	45	70	50	53	57	61	60	43	69	60	50	56	56	45	51	48	54	48	59	64	61	46	35	55	45	70	40	59	48	56	50	52	49	42	56	38	55	47	53	68	52	51	49	49	46	36	55	47	52	49	46	45	48	66	53	54	63	64	43	65	51	63	72	54	66	41	57	54	54	59	38	52	49	50	52	53	54	61	44	46	61	45	48	50	52	64	33	55	58	70	54	42	55	63	44	51	41	56	56	59	55	48	40	40	69	45	42	44	67	61	55	58	63	49	62	47	46	50	39	47	55	50	42	49	48	50	41	55	56	48	54	40	51	49	39	67	48	55	62	49	36	46	43	58	50	57	39	71	60	50	52	49	37	51	52	67	49	57	45	61	65	41	55	64	65	54	52	60	47	45	46	63	64	59	44	54	55	52	46	58	66	53	47	49	38	57	54	47	55	57	37	60	57	43	52	51	55	30	51	54	60	59	48	58	57	55	58	60	38	43	44	53	59	56	50	61	49	67	46	46	54	40	47	40	40	45	49	50	51	41	41	49	66	50	45	51	60	40	42	56	45	49	58	38	47
cell112	27	36	39	30	24	37	38	36	32	39	35	36	27	36	42	30	28	27	31	30	25	43	25	35	21	29	22	36	23	39	28	30	37	29	28	30	38	34	48	36	27	31	39	38	28	43	29	32	31	27	29	30	21	27	35	27	30	31	31	28	41	34	31	28	26	32	39	43	30	28	36	29	28	34	32	27	35	23	19	36	19	28	33	27	27	31	31	33	26	28	31	26	24	32	41	24	36	35	31	34	35	33	25	32	24	23	28	31	26	31	51	30	31	34	32	42	28	25	37	30	34	29	26	34	30	31	36	30	29	44	28	27	28	22	28	37	37	29	25	30	41	23	36	35	34	27	38	36	31	30	33	30	38	24	28	30	31	31	30	41	30	31	30	37	33	35	26	30	39	29	19	31	34	45	38	29	37	33	34	39	35	27	28	39	34	32	37	31	17	32	34	27	29	34	33	35	32	37	31	33	33	26	39	25	29	33	36	26	34	26	20	36	42	24	28	43	29	30	22	30	31	23	33	32	33	30	26	30	39	33	25	37	38	36	31	23	27	23	31	29	28	33	38	26	33	28	21	33	47	28	37	34	33	31	17	23	40	29	21	34	33	34	25	32	28	39	27	27	31	25	33	29	35	33	27	35	35	31	30	38	21	27	25	25	30	33	26	26	25	27	31	43	29	30	22	29	28	30	35	31	42	34	41	37	32	31	34	35	27	28	35	36	35	31	34	30	31	35	31	41	35	41	23	24	36	26	30	25	27	27	30	23	22	26	30	34	39	31	37	24	28	39	32	22	37	29	34	27	34	37	47	30	29	19	30	21	20	34	21	36	32	29	39	35	31	22	24	40	29	31	24	29	31	26	32	43	28	29	33	34	29	34	29	41	37	42	28	30	35	28	31	44	30	28	24	21	30	38	31	36	36	30	42	39	36	32	37	29	27	32	40	27	32	28	28	34	39	32	27	31	38	32	34	32	35	31	28	33	24	22	30	34	38	27	33	40	28	22	34	42	25	28	37	34	36	38	33	22	32	32	38	31	29	32	33	35	37	48	40	33	29	28	45	31	27	47	35	36	26	45	41	29	27	28	32	31	20	24	32	37	29	35	26	35	35	34	36	34	26	32	27	31	29	29	28	35	19	29
cell113	18	24	25	17	21	19	25	20	19	34	24	26	20	24	19	24	19	15	25	26	28	23	26	27	34	26	22	18	17	21	26	29	25	25	20	22	17	19	20	18	25	21	25	19	28	28	25	31	21	21	20	24	28	32	29	33	26	24	31	23	22	16	26	31	27	16	24	24	32	32	31	21	29	19	21	14	25	25	31	23	20	25	20	18	22	31	26	19	26	17	23	22	19	24	21	20	17	18	22	20	27	26	25	19	19	28	27	27	18	23	23	27	12	21	20	23	23	21	24	22	24	24	20	28	22	31	18	30	20	25	20	24	28	30	28	28	28	20	24	33	22	24	32	19	24	18	20	20	29	35	34	29	26	29	22	21	17	24	23	24	20	22	29	24	22	28	21	21	31	29	26	31	30	21	29	20	26	28	19	16	16	35	15	24	22	20	19	24	25	25	23	21	17	30	26	24	28	27	25	31	28	19	20	31	17	21	26	22	36	35	25	31	23	23	23	24	34	25	17	27	19	23	21	24	23	31	23	24	22	24	23	18	23	27	22	22	22	25	23	21	19	22	32	24	25	35	11	30	32	15	32	25	24	30	25	28	20	23	25	18	21	24	20	14	25	22	22	17	23	26	26	19	26	21	30	24	34	22	24	21	26	21	20	30	11	17	22	24	24	26	24	22	26	31	22	22	23	16	28	24	23	29	31	25	18	23	18	25	20	24	24	30	28	21	18	31	19	25	24	19	28	24	28	27	21	21	34	25	15	17	26	20	20	31	29	34	28	27	26	18	21	25	23	20	30	14	18	20	20	26	24	30	20	19	17	22	23	27	17	28	27	25	25	18	27	20	23	27	26	15	25	27	26	23	15	36	32	31	32	24	27	35	26	21	29	21	29	33	29	17	22	24	28	18	32	16	23	19	16	34	23	25	21	27	32	26	26	24	34	16	24	16	21	24	11	39	28	16	27	30	25	21	28	24	18	25	32	22	30	21	17	23	17	19	30	26	24	30	26	34	19	24	22	27	17	31	25	26	21	25	19	25	23	27	29	22	37	32	29	20	18	29	31	27	29	27	40	32	24	23	15	26	25	23	32	34	26	14	23	33	21	26	29	18	30	18	22	10	21	33	26	35	26	16	19	26	22	21
cell114	57	54	56	48	46	46	42	40	45	51	45	57	41	38	46	53	53	53	49	43	40	59	53	49	47	58	46	48	48	49	42	56	63	43	45	50	54	65	44	68	37	42	60	52	58	36	54	49	45	63	42	45	43	62	57	56	50	44	56	43	46	54	60	62	46	44	36	40	47	37	42	43	53	54	53	39	50	53	38	63	31	51	39	55	55	41	47	44	53	46	56	56	54	59	51	52	59	44	48	47	38	47	49	50	43	36	43	50	49	49	50	50	47	46	49	46	52	38	46	41	44	48	48	43	52	43	43	45	51	53	44	57	45	52	45	51	50	57	56	49	53	49	59	47	55	61	37	60	44	52	46	49	46	47	43	44	55	45	56	45	42	44	41	49	47	46	57	54	56	54	45	44	54	62	48	49	57	55	48	53	56	42	57	54	32	45	40	43	38	51	48	56	49	40	38	50	70	59	42	43	45	44	43	64	50	65	53	53	47	56	56	52	56	53	46	46	44	46	58	51	45	50	44	44	50	38	47	40	43	54	47	56	49	50	47	47	48	57	35	42	42	52	59	32	53	34	43	53	54	61	45	45	50	46	47	37	36	48	42	45	45	62	61	49	58	52	40	53	35	42	44	54	38	50	48	56	54	53	52	51	44	50	55	57	49	41	50	44	42	39	33	59	52	42	63	42	63	45	47	56	50	45	58	52	46	57	53	40	46	46	55	41	45	43	53	53	40	52	55	35	51	41	59	42	37	50	50	35	62	42	53	60	51	55	46	64	53	44	44	36	47	50	46	45	36	53	37	44	47	60	47	51	52	46	49	65	41	45	53	49	49	46	60	40	47	47	60	34	54	45	45	37	44	45	49	63	54	48	51	44	50	60	55	46	43	58	56	51	62	34	39	55	44	46	43	51	29	47	42	56	52	39	45	47	47	48	53	47	41	51	58	38	41	44	42	61	41	46	40	49	44	40	50	42	59	54	40	35	39	53	45	54	47	42	47	39	33	48	55	48	48	51	52	41	46	53	66	71	50	53	47	46	52	38	43	48	55	37	60	53	40	57	61	39	53	52	42	58	41	43	45	49	48	45	56	53	46	50	56	57	45	50	46	50	56	41	60	46	53	49	57	44	44	53	45	41	39	51
cell115	54	34	35	34	32	41	45	35	33	49	41	41	44	29	47	44	35	39	48	38	55	40	49	37	44	37	58	43	41	48	57	42	45	37	49	39	53	46	49	41	35	42	42	50	41	45	35	36	41	41	50	27	40	55	34	41	41	45	31	45	52	39	60	53	42	37	49	41	39	45	55	29	48	40	42	35	35	41	39	40	38	47	33	39	35	38	53	44	54	50	51	39	45	52	36	39	33	37	39	42	35	52	41	42	38	31	36	48	42	36	37	46	29	35	45	42	37	39	31	39	40	55	49	45	50	50	53	34	42	46	61	45	37	50	46	50	52	40	38	44	39	37	36	33	40	41	52	38	44	42	39	43	43	42	33	35	44	34	51	34	37	33	56	48	41	40	32	44	48	45	38	45	34	46	52	53	37	24	40	52	35	34	51	57	52	49	35	40	37	28	37	49	37	39	56	60	44	50	44	62	39	35	41	44	33	56	38	52	36	41	47	47	40	41	39	39	39	50	27	45	37	38	56	42	47	46	47	44	42	31	43	38	40	36	34	41	43	36	57	42	51	45	40	49	45	42	39	41	43	46	41	41	28	35	49	41	41	36	46	38	41	30	46	40	50	53	43	47	44	40	38	46	44	41	41	43	35	39	57	54	44	36	33	52	34	35	40	46	43	38	35	46	50	29	39	32	37	35	39	36	37	45	50	46	26	38	44	33	56	33	37	37	40	44	51	56	36	50	44	56	45	50	35	49	35	31	37	37	47	47	44	44	49	35	38	46	40	36	36	24	41	50	40	37	44	39	40	48	49	44	54	37	46	40	48	49	27	39	39	36	40	36	57	40	36	47	51	57	45	34	56	38	48	36	55	49	33	55	38	44	37	34	44	42	48	43	41	40	42	42	28	39	42	39	36	31	42	37	35	47	35	31	43	38	40	38	31	43	47	37	49	39	35	39	33	45	44	42	40	30	42	50	30	37	35	48	33	44	36	34	38	47	42	44	41	35	41	33	31	33	38	60	53	40	57	41	53	38	28	35	40	46	40	41	49	43	42	36	30	57	42	32	43	34	37	56	42	43	37	36	49	50	52	49	33	40	42	39	48	53	38	47	30	39	39	47	44	40	32	42	30	58	40	39	41	34	35	41
cell116	65	57	50	64	54	50	63	55	51	56	56	51	59	58	63	48	54	59	55	42	51	62	66	58	61	51	62	69	64	52	77	56	73	56	55	44	60	56	52	49	63	48	44	57	48	56	55	115	96	114	127	97	108	139	122	115	106	106	103	135	116	118	115	120	109	83	125	113	102	103	104	106	110	104	116	96	120	88	113	108	102	46	66	61	0	0	0	55	44	73	67	57	49	60	63	47	46	56	53	47	56	39	69	49	47	49	56	49	46	57	58	65	52	50	48	49	56	57	64	67	47	59	73	42	59	65	46	64	46	55	54	62	56	44	51	56	56	64	62	60	63	54	56	62	59	56	57	64	56	45	62	60	52	51	55	41	58	72	44	61	59	58	66	53	43	52	37	63	63	65	56	39	67	60	56	56	60	58	75	69	76	65	63	51	64	64	39	58	51	48	45	64	61	51	64	58	65	51	43	47	61	50	55	66	48	60	52	58	58	49	51	65	61	41	55	49	58	58	49	59	50	58	48	63	40	53	61	52	57	63	58	58	71	58	52	47	58	60	54	47	67	56	63	59	49	54	54	65	53	52	55	59	53	58	59	62	55	61	62	52	53	65	59	44	50	61	42	48	64	54	42	48	50	69	50	54	62	55	60	48	62	57	71	63	57	45	56	48	49	54	65	50	55	54	49	50	57	51	57	60	74	64	56	66	48	60	59	63	50	55	64	57	52	64	51	56	55	55	56	55	62	53	53	43	60	57	62	60	55	50	50	57	61	50	64	32	47	65	62	51	54	54	67	66	62	60	62	62	53	62	61	47	52	61	51	67	52	64	48	47	50	54	55	50	55	50	56	57	49	59	60	68	65	62	62	57	50	53	59	40	42	55	54	58	54	68	61	50	51	66	61	62	49	47	47	47	54	51	59	59	64	46	55	42	52	56	55	48	46	54	60	56	50	57	41	56	48	70	58	58	44	52	51	51	54	66	41	47	51	53	57	47	53	43	50	43	59	52	50	51	53	65	67	59	60	46	54	58	46	50	51	65	77	54	39	50	68	56	48	58	71	47	46	48	59	51	43	67	54	48	46	57	53	41	41	60	51	53	55	47	54	46	52	55	49	59	56	64	58	40	53	51	67	50	55	45	47	51
cell117	63	57	56	56	51	76	67	71	61	59	55	63	55	52	44	47	56	56	46	42	59	64	53	55	73	62	65	47	65	64	54	66	80	69	58	48	60	55	64	50	68	46	63	73	54	72	41	112	118	114	121	108	119	130	118	149	104	136	132	123	126	124	118	120	122	123	130	103	108	131	131	102	128	110	112	116	121	131	105	125	109	56	57	50	0	0	0	59	66	57	56	65	53	58	57	48	48	67	61	68	48	66	59	47	71	51	59	74	50	55	60	63	62	56	56	55	63	67	58	53	60	57	69	63	47	52	65	68	64	65	63	71	68	53	45	53	67	63	66	48	54	60	56	67	48	47	60	63	59	52	53	53	56	64	55	81	78	60	60	47	47	62	65	69	48	64	48	46	58	58	66	48	59	59	66	56	49	61	70	64	54	46	54	60	74	64	70	59	64	51	67	66	56	60	62	56	64	66	65	65	52	75	61	62	57	71	58	60	68	56	58	67	59	58	67	49	73	46	52	72	68	60	48	72	54	55	50	75	61	66	71	66	66	53	54	47	56	62	57	48	49	59	60	60	63	55	58	59	81	46	57	65	60	69	68	54	56	65	61	71	57	57	56	57	58	71	56	72	72	68	63	57	54	60	65	63	60	63	50	45	44	56	52	63	60	64	66	60	46	60	58	65	58	64	52	62	69	53	61	56	56	77	48	59	50	55	77	44	82	62	55	46	57	62	62	60	55	64	69	59	59	56	65	46	55	52	74	51	69	47	56	53	47	65	58	75	46	60	63	59	62	56	56	56	60	68	69	51	52	69	70	57	63	48	56	64	52	46	64	66	56	66	51	43	54	53	68	43	49	54	73	55	66	66	49	61	83	64	74	58	55	57	70	69	61	62	45	50	58	80	50	66	51	52	55	59	58	77	63	62	55	60	64	52	57	51	52	55	56	61	50	50	65	60	50	55	57	71	62	72	61	59	48	56	77	50	51	64	56	60	70	59	52	60	60	51	43	59	53	51	56	52	52	54	52	72	63	67	71	64	57	64	51	67	52	68	57	63	59	62	69	60	83	62	66	57	59	68	62	45	68	57	50	56	58	56	60	50	52	71	58	56	42	69	71	58	58	53	67	71	65	59	56	43	65	59	63	46
cell118	60	47	65	52	45	42	45	49	39	53	51	58	54	47	46	42	45	52	49	54	57	40	44	59	53	50	47	51	53	57	51	44	63	54	34	49	67	48	53	51	45	44	48	41	53	46	45	48	41	41	50	51	56	53	55	27	59	53	42	50	43	50	42	53	31	45	52	55	48	54	56	54	49	45	55	50	56	43	40	40	47	69	66	57	47	47	57	43	54	50	45	55	52	61	51	39	36	52	52	45	41	51	53	45	55	43	34	56	52	49	55	56	61	41	52	46	60	47	49	56	53	40	48	47	56	60	41	67	58	48	49	49	60	48	49	43	64	54	62	53	53	41	41	44	52	49	57	48	32	43	53	47	50	55	53	48	33	57	47	63	52	44	56	48	46	61	41	50	56	59	39	45	46	38	34	51	54	58	43	71	50	35	49	50	60	58	53	53	47	40	57	59	54	46	56	50	55	44	53	48	57	67	47	50	43	39	52	65	49	64	45	41	53	38	64	59	41	47	60	53	53	43	44	61	54	68	42	42	44	52	58	63	56	54	46	47	49	51	50	59	56	54	52	54	47	53	50	62	59	58	49	58	62	42	52	47	50	51	37	51	54	61	57	47	62	52	35	48	57	37	51	62	55	48	60	49	49	54	59	55	58	51	55	36	46	49	45	50	44	48	40	61	47	63	52	55	52	60	53	55	41	59	48	54	49	58	49	40	60	60	54	64	53	54	42	60	50	49	37	45	42	49	53	59	56	53	55	40	47	39	67	54	58	60	60	43	46	52	51	43	57	51	42	47	52	44	45	41	53	57	49	52	52	44	43	50	44	59	51	37	61	48	49	48	46	63	48	69	58	46	59	46	50	46	37	63	38	53	33	42	42	67	50	50	63	45	52	51	53	63	56	45	51	44	53	46	53	53	48	48	44	34	48	43	41	52	39	45	48	52	59	55	39	54	54	52	44	68	48	54	63	51	57	52	52	54	48	62	51	39	60	36	62	45	42	60	52	50	59	41	52	65	62	61	43	51	61	42	58	53	37	55	69	48	39	44	48	45	37	48	52	35	65	51	49	52	57	69	55	52	54	51	49	48	41	55	60	49	48	59	53	45	51	57	52	47	38	44	60	43	60	47	43	52	48	42	40	44
cell119	59	67	70	64	57	56	66	45	53	77	68	52	64	55	72	46	55	59	63	63	61	48	60	74	61	59	47	55	62	71	62	62	64	61	57	55	45	66	69	61	60	58	76	69	75	58	67	78	59	61	59	66	47	54	63	66	67	58	61	72	66	58	75	58	60	62	61	61	57	74	55	51	46	58	54	50	46	53	68	71	50	76	53	59	73	57	57	55	71	65	52	69	52	73	62	48	59	57	59	53	62	61	53	51	59	57	55	71	67	64	65	66	65	65	65	64	68	68	57	71	53	70	69	62	58	71	51	73	50	58	65	57	69	58	59	60	66	61	57	75	62	58	51	57	54	48	77	69	65	61	53	58	68	52	55	65	83	50	53	62	56	58	58	59	62	65	44	57	72	64	66	45	60	65	56	53	55	59	57	58	57	64	55	56	63	51	60	57	65	56	62	61	57	60	71	65	77	54	72	66	57	66	62	54	59	53	67	76	77	64	53	56	61	55	61	59	65	47	65	68	73	63	57	64	47	59	55	50	78	74	54	55	60	63	61	49	58	64	68	54	55	77	69	52	63	66	63	52	65	76	68	63	53	69	58	52	61	70	52	57	79	63	63	51	53	68	44	63	63	70	49	55	57	68	60	49	56	62	61	48	57	57	63	66	52	66	58	52	67	44	50	54	61	67	76	66	59	61	49	56	66	56	46	63	64	65	57	45	51	69	68	47	46	57	58	75	76	74	60	60	55	56	65	53	82	60	72	63	60	62	63	60	49	62	55	49	67	59	64	43	69	62	74	53	53	67	59	66	57	71	61	67	59	51	59	64	47	49	59	57	65	70	59	64	58	55	50	57	64	48	62	69	62	46	61	57	63	66	78	52	53	68	54	73	54	54	58	65	51	54	74	56	60	70	56	43	68	58	59	59	55	58	63	59	59	50	58	54	52	69	64	53	58	70	55	72	67	45	65	54	71	50	67	75	58	65	47	45	53	64	57	58	52	67	66	56	50	52	51	52	58	55	55	65	60	87	54	60	53	71	50	69	77	61	54	49	60	60	77	64	51	67	50	69	59	73	52	65	47	55	58	64	51	63	51	54	60	68	52	75	62	51	52	56	70	63	57	56	53	62	69	65	54	55	51	55	62	37
cell120	54	47	52	61	61	51	75	46	39	60	50	56	39	61	44	42	52	34	53	43	51	68	50	44	46	50	45	70	53	51	44	49	53	54	45	47	50	57	62	57	56	42	58	59	41	59	35	59	48	55	71	44	47	77	51	47	68	47	51	54	53	48	68	56	55	49	46	49	56	51	59	53	40	40	55	49	42	52	54	58	43	39	55	44	51	49	56	52	53	52	51	54	47	54	41	51	44	51	49	49	43	52	52	48	55	49	54	43	52	43	60	50	52	50	52	54	60	40	54	50	43	60	52	38	62	50	48	58	50	46	68	48	41	40	60	44	52	43	48	49	56	61	56	45	53	59	53	64	55	47	55	51	54	53	41	56	59	52	43	46	56	49	60	46	52	62	51	53	47	56	53	54	53	53	55	57	48	60	63	58	54	58	52	39	60	55	50	51	54	54	39	51	54	45	56	40	53	38	50	49	63	46	62	50	44	52	52	59	53	51	47	67	62	55	42	38	49	40	50	62	46	42	50	51	70	51	43	47	44	42	54	49	52	52	52	52	37	51	44	42	62	69	58	64	45	53	48	57	56	56	53	35	68	50	60	53	55	43	63	66	56	43	65	48	60	46	33	56	67	53	50	63	63	42	54	47	54	46	53	44	43	43	50	49	43	42	53	48	52	63	55	50	46	48	72	51	54	51	53	40	54	61	41	44	53	52	61	50	61	44	42	44	51	47	56	55	49	52	51	62	50	61	49	46	39	49	59	47	56	49	39	60	41	55	64	65	47	58	55	42	57	53	67	48	47	46	48	46	39	55	55	47	49	42	48	62	48	50	44	51	55	36	26	46	48	58	40	50	46	56	57	66	52	42	42	46	60	42	40	54	50	54	50	56	57	73	57	46	58	50	45	50	53	60	43	40	52	53	53	58	50	50	43	50	48	44	59	42	62	57	53	52	57	67	58	44	62	60	56	58	47	43	53	48	52	63	59	50	37	55	61	54	61	45	42	41	50	57	58	55	68	64	52	51	48	56	54	54	45	72	48	54	49	58	50	39	36	55	44	59	52	62	46	67	45	69	51	52	50	54	58	44	46	47	52	53	34	66	49	66	39	54	50	52	51	51	63	42	69	36	50	48	57	37	32	42	53	45
cell121	65	52	57	60	53	67	61	55	62	46	65	65	61	57	55	29	51	48	56	48	54	69	52	57	52	59	61	68	58	58	54	56	65	68	40	56	64	55	60	65	63	61	50	56	73	52	62	42	61	59	54	58	55	51	42	51	46	66	58	54	55	67	62	61	56	54	58	50	60	47	56	63	48	50	54	68	43	53	45	61	63	50	56	68	50	59	70	52	60	54	46	50	53	37	53	46	55	51	57	51	49	53	60	49	39	50	52	53	50	59	63	59	63	46	73	62	64	46	56	59	54	63	55	55	59	52	62	62	51	57	49	50	65	42	66	68	64	51	57	47	47	58	62	55	49	53	57	68	73	57	58	55	59	56	59	46	41	66	71	60	48	45	70	57	70	60	54	53	50	49	59	56	44	68	40	65	44	60	46	52	48	56	48	49	67	60	54	55	53	54	48	50	58	48	67	68	53	50	61	62	52	68	49	47	54	56	58	62	73	63	53	62	57	49	70	44	45	56	55	63	49	59	54	45	47	59	55	57	59	61	65	44	59	62	47	52	51	61	58	44	56	75	63	55	51	51	52	51	61	57	70	54	51	60	54	49	50	65	65	54	54	54	59	63	59	53	55	60	56	65	61	49	65	69	59	67	61	69	51	59	48	65	63	54	46	50	56	42	47	46	70	57	54	50	58	58	47	66	55	56	54	53	71	54	45	68	60	49	66	53	82	51	47	48	54	64	59	49	53	58	58	44	66	56	53	55	52	71	39	47	45	82	64	48	47	65	60	63	55	52	51	55	57	50	62	56	60	54	76	54	45	58	52	64	68	52	44	68	58	54	54	60	64	58	62	55	57	60	65	43	57	54	48	54	58	60	51	61	54	62	45	59	59	62	54	60	63	53	59	55	63	66	51	59	62	48	55	52	58	53	57	59	54	54	54	51	47	52	33	55	60	39	57	52	53	64	69	51	54	56	57	52	62	60	51	73	55	57	44	48	56	63	58	39	55	48	56	57	53	47	65	62	56	47	57	63	53	60	64	45	49	63	43	57	47	56	59	71	62	69	59	47	64	58	45	52	48	63	63	43	62	56	60	61	52	53	52	60	46	70	44	44	53	60	60	60	59	62	60	69	65	58	51	45	49	59	47	58
cell122	38	35	36	41	34	43	47	50	47	42	44	40	42	44	34	35	43	33	40	42	41	29	47	38	42	40	34	48	36	49	44	37	43	37	42	34	45	42	45	32	33	39	44	31	36	44	36	35	38	42	30	32	36	45	45	36	44	43	32	47	43	43	40	41	42	42	34	51	42	32	42	36	36	45	36	50	31	26	36	31	38	39	45	29	31	40	34	38	33	43	32	32	44	48	38	45	36	41	38	29	30	37	44	37	36	30	41	43	37	40	38	46	39	40	36	52	39	41	32	37	39	42	33	39	42	40	29	47	46	24	37	36	35	30	56	38	41	48	31	39	40	30	52	30	33	38	43	56	45	39	33	36	46	29	46	40	33	48	43	36	45	38	32	44	39	47	38	49	30	44	33	37	39	38	36	36	49	39	31	36	50	36	43	29	46	55	33	44	44	40	49	28	47	45	33	37	49	33	38	32	43	49	47	47	48	29	44	45	42	49	40	36	41	44	37	33	42	46	44	30	32	25	45	43	31	42	48	38	40	50	48	48	43	34	45	38	43	33	38	44	34	44	47	45	41	48	42	43	49	36	39	34	47	50	40	24	36	40	41	44	37	44	36	33	47	40	29	40	40	44	31	43	43	30	52	48	34	38	30	42	32	38	36	48	39	41	42	34	40	44	34	32	34	39	31	40	40	40	20	37	41	37	36	40	46	45	33	43	32	37	39	35	41	35	59	37	43	43	37	36	33	32	41	47	41	44	35	54	39	38	40	52	44	35	37	37	35	32	37	39	26	37	47	33	42	48	35	31	32	37	44	38	40	39	35	43	40	34	42	37	30	34	45	33	41	44	41	30	42	33	44	38	35	38	44	39	41	38	31	27	34	40	43	42	52	44	49	39	41	29	43	37	36	46	39	38	40	45	45	37	48	33	38	38	33	37	36	34	42	35	40	38	40	45	33	35	43	42	44	40	36	42	38	30	50	31	46	40	49	39	43	29	34	43	30	35	46	36	38	36	38	44	41	33	49	53	40	49	37	45	40	52	37	29	41	35	44	49	39	51	37	42	43	29	33	47	41	42	38	31	50	39	34	41	27	36	29	35	25	34	27	35	29	34	42	43	37	40	36	35	50	39	37	47	34	31	29	38
cell123	59	43	52	43	50	40	56	38	51	43	39	51	53	39	38	42	37	43	53	45	34	42	50	52	43	46	37	59	54	48	44	42	44	47	49	40	47	56	52	44	44	43	51	50	47	50	51	46	44	48	46	44	45	50	47	57	42	55	46	44	44	44	49	44	43	41	48	46	30	43	41	53	64	53	46	37	47	52	44	46	41	46	31	49	36	34	29	34	48	43	30	50	45	45	43	31	43	44	49	35	44	33	48	34	58	33	43	51	49	39	40	40	47	38	58	36	40	39	43	44	30	39	46	42	43	48	40	49	46	40	32	43	46	35	42	45	55	47	45	46	56	47	51	48	34	48	40	66	51	44	49	46	47	55	50	39	47	58	35	48	36	48	52	50	47	36	51	45	57	45	43	54	34	47	53	47	40	55	41	55	51	44	43	36	56	36	48	47	51	47	40	40	37	33	55	44	44	32	54	43	43	36	54	31	53	51	41	45	46	31	50	51	54	51	49	52	37	51	55	53	48	37	45	55	38	45	47	52	52	35	49	48	48	46	51	38	39	57	49	42	56	48	48	39	65	62	37	52	46	42	36	42	42	43	64	57	48	38	42	41	51	44	47	38	52	46	43	55	40	47	42	39	37	53	54	50	46	46	48	55	37	45	40	44	41	46	49	60	60	57	46	50	40	49	44	53	40	57	59	54	39	47	52	48	38	51	51	45	49	57	44	37	49	42	52	54	27	51	47	47	52	51	46	36	51	40	48	59	45	41	48	41	43	43	68	47	44	49	46	40	46	43	46	37	48	53	43	43	48	63	43	45	39	48	56	49	36	49	39	32	49	41	46	36	43	45	53	49	56	54	46	50	45	46	44	42	35	47	51	41	39	46	39	45	42	44	57	47	47	48	38	37	51	39	33	47	49	44	49	44	42	34	28	42	44	55	44	45	39	44	56	35	43	38	42	67	42	52	37	55	50	32	49	34	43	48	47	36	51	34	58	42	49	49	39	53	50	52	36	42	55	48	60	46	36	58	52	39	48	48	41	37	57	42	49	31	39	46	51	36	37	50	46	38	50	46	44	53	43	46	46	57	48	43	39	54	40	41	39	48	53	46	48	54	37	47	48	52	55	52	54	57	37	41	35	44	44	45
cell124	52	64	52	43	49	58	47	51	46	47	57	60	44	69	69	39	43	52	50	38	30	63	47	43	60	51	51	54	40	62	50	53	50	40	52	66	62	34	54	49	63	47	51	45	54	52	50	51	57	49	42	56	51	46	46	46	38	60	43	47	57	51	76	70	54	62	58	44	45	54	53	63	44	57	47	55	58	55	44	39	41	46	46	46	55	47	47	44	53	51	55	51	51	37	57	56	48	51	46	58	35	67	49	46	49	45	57	55	47	57	59	51	52	44	52	39	72	49	50	40	41	57	35	46	52	52	62	50	63	60	48	50	58	46	55	47	72	42	47	47	56	43	49	44	56	45	59	56	59	47	48	56	63	56	44	39	43	44	53	59	53	54	53	56	57	60	59	66	44	49	53	37	36	41	57	52	37	54	65	64	52	53	43	45	36	52	48	63	47	58	42	42	39	56	59	48	50	46	59	46	55	54	51	59	46	61	44	49	59	52	46	55	54	40	51	44	49	44	52	55	51	46	43	47	49	37	52	50	46	46	58	62	44	51	42	40	43	52	39	48	61	66	51	54	62	64	56	40	60	66	45	51	56	52	60	44	43	61	55	52	55	56	66	47	52	57	43	44	56	58	53	45	45	68	49	49	42	48	53	53	54	39	52	41	60	44	55	58	43	47	53	55	47	54	55	52	57	41	52	44	54	49	34	52	53	52	59	45	59	43	51	48	45	31	62	60	50	55	38	47	72	64	41	34	52	46	54	56	49	44	57	62	49	48	60	56	42	49	52	50	59	47	61	59	63	49	60	54	54	52	47	47	56	43	51	57	48	58	50	59	43	50	53	32	38	56	52	46	45	52	56	37	41	49	52	55	48	43	45	56	41	61	58	40	50	51	45	45	45	33	37	50	50	54	43	50	49	58	54	60	48	54	49	42	67	43	47	42	49	56	58	43	40	57	38	55	49	45	56	49	53	64	36	62	49	37	50	55	55	51	45	32	49	50	66	52	67	54	44	42	61	48	46	57	42	55	57	43	55	47	47	55	50	45	44	70	56	52	56	66	39	48	59	46	40	58	57	51	53	51	44	56	48	39	48	50	52	45	43	44	49	50	40	59	60	56	44	56	56	42	46	54	44	48	42	50	41	46
cell125	62	60	57	47	47	62	68	56	66	64	67	62	60	65	58	71	65	51	47	59	46	71	62	65	55	68	53	59	66	66	52	55	65	50	53	53	58	55	51	79	62	67	67	59	65	59	41	58	52	54	57	65	60	61	69	51	58	69	73	54	59	67	76	76	58	59	56	64	60	58	68	61	52	48	49	58	63	71	64	65	63	52	62	62	61	49	68	51	71	75	72	67	57	65	40	63	56	49	57	72	62	68	72	58	59	54	46	57	62	55	74	52	52	51	55	64	55	50	56	77	57	57	67	68	54	74	49	56	61	48	59	64	48	65	69	53	76	72	61	61	66	56	68	58	54	71	84	58	60	64	61	64	62	67	54	71	68	67	79	62	70	63	82	49	74	59	60	65	53	72	54	56	51	49	65	56	79	61	58	67	65	55	68	58	65	75	63	57	55	60	58	49	63	51	71	58	67	62	69	53	61	43	58	60	59	62	47	58	70	67	66	82	51	61	49	72	44	63	61	67	65	70	70	73	55	64	66	59	67	56	68	72	71	62	61	51	50	56	62	64	66	60	67	66	63	70	45	73	67	46	60	62	60	74	63	61	53	59	67	63	67	62	61	57	61	61	54	63	50	55	59	65	70	50	73	52	55	51	57	59	42	62	69	62	76	66	65	65	57	46	61	57	57	49	43	58	52	62	69	56	70	54	68	60	63	48	70	46	51	53	78	51	64	59	64	70	55	49	50	62	63	60	70	57	48	64	66	71	48	64	55	61	57	54	59	53	63	63	57	59	72	61	77	73	49	61	63	81	66	63	56	66	53	63	58	75	49	67	61	60	63	53	63	56	61	61	77	51	60	71	65	58	69	53	68	61	58	53	64	59	60	56	68	56	66	67	61	60	69	60	70	72	46	56	52	63	53	52	58	54	64	72	58	57	61	67	62	57	53	60	78	65	55	62	72	74	57	56	71	76	59	62	64	65	55	70	67	57	39	55	71	65	61	56	60	57	68	57	53	61	68	76	61	62	50	67	71	75	60	48	62	73	57	62	60	69	44	56	61	58	66	62	71	61	70	61	56	54	62	54	72	73	60	54	58	57	48	54	54	73	62	65	58	56	70	80	59	65	75	70	68	57	54	57	67	60	52	44
cell126	37	43	38	49	52	37	49	47	36	35	42	41	29	43	40	32	37	53	42	38	35	39	37	46	44	35	44	38	44	42	34	53	50	41	35	30	40	41	47	51	34	44	31	54	42	50	56	74	108	83	88	70	89	70	83	81	97	93	72	84	70	105	95	83	79	102	79	93	82	92	107	71	99	85	79	107	102	98	72	80	77	43	54	26	0	0	0	46	41	35	40	45	45	33	38	31	43	39	39	45	34	28	54	42	37	30	56	43	43	47	38	46	36	49	56	39	38	54	47	40	33	42	50	48	37	37	33	46	40	43	44	48	59	38	40	36	39	41	47	50	46	35	54	39	47	53	49	41	49	34	48	38	42	33	28	45	40	43	37	40	33	44	48	45	45	65	34	40	52	36	33	43	34	45	41	39	34	49	35	47	56	45	47	43	57	46	41	39	53	41	36	47	31	43	45	37	50	49	42	32	50	43	48	45	57	50	45	51	51	36	38	44	42	41	44	27	50	33	42	39	42	40	45	47	50	54	35	39	36	44	55	63	52	53	48	33	36	36	49	38	46	47	47	47	36	50	50	43	40	46	44	59	39	51	47	38	44	52	46	47	48	54	38	36	42	63	39	47	44	61	34	35	52	40	51	49	47	40	47	58	51	36	39	44	34	46	47	41	42	45	42	36	41	49	44	39	38	48	46	48	52	43	50	38	44	52	53	41	49	51	34	32	42	44	51	58	52	44	37	42	42	46	45	37	45	37	45	29	50	39	48	44	49	41	40	48	38	52	37	37	49	35	52	46	53	40	43	45	36	40	39	46	33	53	45	40	47	41	51	45	50	33	36	30	41	42	43	49	38	43	42	53	50	42	41	36	41	60	40	46	36	51	45	43	45	39	41	45	47	42	35	40	45	48	40	34	41	36	38	34	43	33	47	31	33	41	50	47	49	55	38	42	35	48	35	39	45	49	40	56	40	43	40	51	48	35	35	42	34	36	36	39	47	33	41	43	42	31	47	45	40	48	50	38	49	52	44	49	33	39	37	44	37	45	43	44	36	27	55	41	39	41	52	47	43	56	41	44	47	41	43	45	36	47	37	44	48	45	32	40	41	34	49	47	44	42	53	43	39	49	36	55	40	35	41	39	32	27
cell127	69	47	54	58	48	40	58	58	58	57	51	55	50	46	61	47	55	71	69	69	55	64	55	55	58	53	48	65	66	61	43	52	53	72	40	49	65	41	60	58	58	44	42	63	58	49	47	61	45	69	40	42	56	56	76	58	63	56	50	71	81	73	59	45	54	44	55	55	54	54	49	36	50	51	55	65	64	49	53	56	45	64	55	58	54	58	73	56	47	62	56	59	52	53	64	49	53	43	56	66	63	47	61	64	63	63	53	56	63	51	55	49	51	35	61	58	79	54	61	57	52	41	53	47	59	59	55	62	79	60	58	66	63	54	62	62	54	45	59	60	43	59	61	66	60	55	52	64	44	44	48	51	49	47	59	63	63	45	45	48	55	51	60	74	55	65	57	58	59	70	40	63	50	68	63	62	51	62	55	68	53	41	49	58	56	75	51	80	58	58	62	56	60	45	56	58	57	65	50	54	44	64	54	54	49	59	47	63	62	52	66	55	51	44	63	65	61	51	48	60	55	50	41	63	53	62	68	61	63	63	62	65	58	59	74	55	52	56	62	57	49	60	58	58	53	67	55	71	47	57	65	49	58	67	74	65	43	44	57	59	54	59	69	50	64	53	46	50	64	58	47	56	54	58	61	61	57	66	56	56	46	68	59	57	55	57	56	59	50	49	42	56	56	60	49	56	49	53	54	54	62	69	38	51	70	50	58	79	53	65	52	63	53	54	69	80	63	47	53	38	56	58	54	57	50	62	69	50	56	65	50	53	56	60	59	59	50	62	46	53	54	50	76	57	58	42	53	60	61	55	51	50	56	67	45	57	56	57	52	52	46	52	44	57	49	53	58	61	57	46	51	71	58	60	62	62	50	60	51	41	44	62	70	55	58	46	70	65	54	62	62	57	53	51	54	66	46	54	44	56	56	60	47	59	36	54	49	48	57	62	49	50	51	52	73	64	54	57	61	63	58	54	56	40	55	46	61	54	57	49	44	61	51	59	46	43	60	48	54	67	55	70	51	36	66	51	49	70	62	62	70	62	47	55	46	54	57	43	64	47	61	63	64	57	65	68	47	61	38	59	61	61	63	50	47	47	66	63	52	57	52	51	44	44	63	66	59	48	41	59	59	61	60	52	44	63	52	46
cell128	54	40	40	46	49	49	46	39	56	52	46	54	51	38	43	41	43	54	47	46	45	45	42	44	42	41	47	43	50	35	35	47	51	32	47	41	42	45	49	41	51	51	40	48	38	34	39	92	98	85	78	70	86	87	100	94	85	96	101	99	88	78	92	119	94	92	91	101	105	88	94	96	97	86	94	91	97	86	99	98	83	53	42	47	0	0	0	50	59	59	40	52	55	34	41	43	45	43	38	39	45	30	51	41	32	45	37	36	47	48	52	43	53	43	62	30	46	33	34	33	43	40	38	44	52	35	48	34	45	45	44	36	41	42	54	45	42	49	40	47	53	44	67	42	51	46	43	43	46	40	42	47	40	32	39	41	37	40	45	46	52	52	45	41	50	52	42	48	55	38	43	44	32	47	47	36	40	45	48	39	50	61	47	37	46	51	45	40	39	45	37	59	44	50	47	42	42	35	42	39	47	36	55	34	46	33	46	34	40	48	71	41	50	51	49	36	46	32	41	43	45	46	46	51	44	44	40	39	49	37	50	42	58	45	48	45	40	29	45	33	60	54	51	38	51	56	46	60	62	42	51	54	40	46	54	45	44	46	41	42	49	40	41	38	44	57	37	53	50	44	32	40	47	48	48	40	38	45	39	46	31	58	48	37	39	51	38	37	57	41	34	51	40	48	51	43	42	59	42	36	44	37	41	45	33	39	60	55	51	42	42	50	37	34	45	40	34	48	46	38	39	42	37	41	45	45	42	53	35	26	56	45	42	46	57	41	34	57	65	41	48	40	49	53	52	45	47	41	39	56	55	58	50	49	35	44	48	37	35	49	47	44	51	38	35	34	46	51	46	48	53	47	39	47	44	55	45	50	46	36	41	53	44	48	49	52	32	46	40	34	41	42	49	47	48	44	48	37	41	39	39	32	46	47	48	39	51	36	52	47	60	36	36	51	45	47	48	53	56	50	46	35	51	39	35	44	51	45	50	40	39	43	51	27	35	33	44	34	42	48	53	44	46	34	48	49	52	48	45	31	40	40	39	38	40	35	38	38	40	48	35	39	34	55	45	37	40	45	40	41	49	56	40	39	53	30	32	42	28	47	32	30	33	43	53	44	46	37	39	45	45	42	37	54	41	44	36	39
cell129	40	46	42	43	41	38	36	42	46	48	56	54	58	46	44	45	37	52	46	41	63	44	49	40	49	61	30	51	42	32	48	55	49	45	36	44	48	40	57	55	51	44	50	57	44	45	50	40	50	46	51	46	52	42	53	43	44	49	66	54	53	53	45	55	36	42	57	47	35	43	58	37	38	44	55	56	43	54	45	45	44	48	48	49	59	51	41	37	52	48	46	60	48	40	35	57	46	31	40	48	35	41	49	39	37	45	55	45	45	33	52	55	40	53	47	48	63	44	47	47	44	48	37	36	50	36	44	61	60	41	58	46	53	38	46	41	48	44	47	63	43	48	56	56	59	50	45	45	38	38	55	34	51	41	50	42	36	44	46	47	49	52	58	42	45	46	44	47	44	57	50	42	45	42	36	56	50	66	39	51	47	36	41	42	39	40	43	57	44	44	51	46	45	42	55	44	59	41	45	45	51	50	40	47	40	58	52	56	52	56	39	51	58	44	49	51	49	48	43	52	43	47	55	45	49	43	52	28	46	50	51	39	50	41	44	42	46	39	38	42	45	64	48	33	50	30	48	42	55	51	39	31	45	44	54	40	37	51	44	42	49	46	45	42	43	49	44	44	52	55	49	38	52	53	45	43	49	43	42	50	44	41	42	37	48	72	48	41	61	45	40	40	47	48	44	50	50	49	41	32	44	46	46	43	42	51	51	40	46	51	48	51	50	44	46	57	50	59	36	38	36	43	50	45	48	43	40	55	44	53	49	48	38	65	59	57	42	53	37	39	56	50	57	47	39	34	45	45	43	50	48	51	41	40	51	53	41	59	44	43	45	40	51	44	48	54	34	46	55	42	47	49	48	43	42	42	49	42	35	42	30	51	51	50	50	38	45	37	52	49	46	51	46	41	34	45	52	55	58	43	43	44	33	34	45	29	31	54	50	54	67	55	51	39	41	45	39	41	52	51	50	48	36	51	45	48	34	55	48	38	45	47	59	38	43	37	62	50	47	45	56	42	52	40	38	46	48	49	44	40	32	48	43	46	43	39	40	47	47	47	51	52	57	52	47	35	45	41	42	50	50	31	42	50	43	44	43	45	46	49	37	39	35	55	52	35	40	37	40	54	34	55	61	42	43	55	38	36
cell130	77	56	56	53	46	60	70	69	79	40	64	63	59	59	55	47	63	56	67	52	48	68	59	68	59	62	67	56	69	53	66	71	52	58	52	55	74	59	56	57	57	58	59	69	62	49	74	69	65	55	65	59	50	63	68	58	71	63	54	75	58	51	59	76	48	69	70	68	68	64	72	42	72	57	77	55	62	63	67	65	48	69	53	57	59	67	76	61	64	42	56	72	60	75	65	52	48	56	52	60	52	50	67	57	58	50	51	63	58	66	63	63	66	57	61	66	70	60	62	71	48	71	63	79	75	58	61	64	52	61	55	49	52	53	56	63	63	48	54	51	63	62	64	48	59	60	77	68	58	63	75	49	64	57	58	58	69	58	58	56	73	60	64	71	59	78	58	77	69	62	69	69	50	43	60	63	80	60	62	60	61	53	57	62	61	62	53	74	72	57	58	59	67	47	47	68	69	67	60	59	66	60	73	63	70	57	56	52	85	52	67	81	57	68	57	69	83	67	50	57	67	47	47	53	60	73	62	64	66	70	81	74	76	57	53	64	56	71	59	51	77	60	58	62	65	58	62	58	60	68	55	56	65	58	62	62	82	66	58	69	61	59	59	73	74	65	56	60	66	65	66	56	65	52	86	58	53	72	52	60	73	66	59	69	56	58	60	76	67	53	51	60	74	58	56	63	53	73	68	64	57	78	56	55	62	63	72	49	57	50	71	52	57	51	82	81	42	66	52	55	58	62	69	48	51	68	63	51	56	52	59	55	51	62	86	56	66	66	62	61	63	54	73	71	64	58	58	71	63	54	60	54	63	70	60	49	64	59	56	60	54	64	65	61	67	71	61	61	69	58	58	57	53	73	60	67	65	70	60	68	51	65	55	71	63	67	53	62	65	52	65	53	60	63	55	66	64	51	49	53	60	67	54	57	63	60	60	74	65	60	79	63	52	45	59	71	44	66	52	58	66	54	74	66	65	52	72	65	61	59	70	69	60	67	62	61	62	60	51	59	59	63	60	60	61	53	57	63	64	71	69	51	54	65	51	66	67	47	51	81	61	56	71	43	60	67	55	79	74	69	74	50	68	61	64	42	57	64	51	65	62	55	39	63	73	59	46	62	62	71	65	72	56	60	68	44	65	78
cell131	37	21	16	33	20	26	43	29	26	27	21	32	29	28	25	33	18	25	33	31	31	29	22	21	21	21	32	26	30	30	29	26	32	28	19	25	26	25	26	25	32	21	25	27	29	25	38	24	26	27	34	24	28	29	20	34	27	33	26	32	32	30	35	20	31	19	31	21	27	24	18	25	35	29	27	37	32	24	21	18	30	33	30	37	25	27	34	29	25	32	18	33	25	30	26	30	24	32	24	19	22	25	33	31	28	26	19	22	26	19	31	21	26	17	33	34	25	33	28	29	25	35	16	21	29	28	19	31	32	34	27	29	24	24	24	34	30	23	24	28	22	24	31	29	22	26	27	29	25	41	32	18	23	24	20	19	26	27	31	28	26	23	30	28	20	21	23	34	22	32	24	23	30	25	34	29	18	31	30	23	33	22	28	26	28	17	32	26	37	26	25	20	21	34	33	24	18	17	20	22	29	20	36	26	32	17	26	29	31	29	22	32	27	28	25	21	27	27	27	21	26	19	30	13	21	28	24	16	30	22	39	33	30	29	20	18	33	21	27	25	25	21	32	29	24	29	28	28	31	22	23	21	28	26	28	32	31	19	27	25	26	23	20	21	33	21	15	37	28	31	25	22	28	29	27	30	23	18	21	27	24	23	30	24	27	26	28	29	20	29	17	27	31	24	31	33	22	33	23	16	31	29	26	25	31	23	29	30	26	27	34	23	28	21	26	29	20	30	33	29	32	34	18	23	28	20	29	27	24	35	23	22	26	29	28	30	31	33	22	27	33	23	29	21	28	23	27	25	30	25	32	23	35	27	29	40	24	26	33	23	27	30	29	25	24	18	28	28	35	29	39	36	29	22	29	26	19	18	22	27	30	33	28	26	21	33	29	19	22	23	23	24	26	32	23	31	23	38	25	26	17	22	29	28	21	24	18	28	31	32	35	21	38	25	19	22	29	27	33	27	29	29	24	30	29	23	23	24	28	23	28	27	32	29	22	28	22	20	25	18	36	33	22	33	37	39	22	24	26	25	22	38	33	21	31	31	28	32	30	31	29	24	24	26	33	34	17	33	33	32	25	23	21	25	22	30	29	14	22	23	27	25	27	23	23	29	29	17	22	32	27	20	23	26	29	33	22	28
cell132	34	33	36	29	22	33	36	33	37	40	31	33	26	43	18	31	25	31	34	44	36	31	29	41	36	33	31	28	29	31	27	33	45	31	37	30	36	23	26	27	41	32	24	34	35	29	32	35	34	40	27	39	30	37	30	29	40	41	45	37	27	36	40	37	35	23	36	35	39	25	33	35	39	24	33	31	34	36	20	32	24	30	47	30	33	45	34	39	26	39	30	39	29	23	32	25	28	29	40	24	35	28	40	28	26	32	35	45	46	37	37	30	35	25	38	25	39	27	34	28	29	30	42	37	29	24	25	39	36	39	32	30	37	16	37	23	40	31	27	32	37	21	27	30	41	38	24	31	40	26	34	31	31	32	36	29	37	34	22	35	45	29	36	39	27	38	31	26	31	40	27	40	26	34	32	29	41	27	30	37	36	42	34	27	35	35	25	35	34	29	30	24	38	33	34	27	30	40	25	33	34	33	46	33	24	40	33	39	29	37	33	37	43	30	38	19	39	24	31	33	31	23	39	38	32	32	37	26	29	31	34	44	23	27	29	31	42	22	37	29	32	41	29	24	30	34	35	33	38	38	32	31	25	38	32	39	30	27	32	42	36	40	24	28	30	41	25	29	39	32	24	37	33	36	32	39	32	38	26	34	28	36	32	28	34	42	33	27	29	34	41	29	35	38	40	40	38	37	39	23	43	43	39	24	29	30	33	35	27	29	27	34	32	28	43	40	38	32	32	38	37	49	29	32	31	41	28	35	37	43	27	38	23	30	35	28	39	36	30	30	28	31	31	30	34	35	25	32	31	25	17	34	38	42	24	31	27	46	31	33	36	23	23	29	45	36	37	35	31	23	38	39	22	36	28	33	33	32	27	31	34	29	37	38	28	40	29	31	39	30	21	24	26	36	33	41	33	33	21	29	29	27	45	34	38	34	28	47	34	38	35	32	26	32	38	38	32	23	35	33	42	38	35	29	23	38	35	43	35	32	29	25	35	50	35	24	27	32	39	30	26	35	33	36	42	34	41	30	35	35	26	38	23	36	31	28	29	28	43	31	35	37	34	42	36	47	34	36	30	28	44	37	35	40	30	36	36	36	41	32	30	36	33	25	35	39	37	44	37	29	32	36	33	30	32	28	30	28
cell133	31	36	26	35	19	33	35	31	33	36	29	41	37	31	28	26	43	35	17	31	29	24	43	28	35	27	18	36	32	40	33	23	37	37	30	30	29	32	37	27	22	29	31	42	30	23	21	26	30	36	35	16	34	31	29	29	35	26	36	33	30	45	30	32	22	23	34	32	28	24	27	43	28	24	32	25	32	36	27	31	21	35	31	32	32	34	33	24	37	41	33	24	27	37	25	27	33	35	35	34	30	32	36	27	28	26	34	26	32	22	35	41	36	24	29	29	34	37	29	35	29	35	27	38	34	27	31	37	37	32	29	28	18	29	23	19	30	31	38	42	36	26	36	31	41	32	33	39	36	29	30	31	25	27	33	24	37	25	21	40	39	20	40	41	30	24	32	23	27	37	23	33	41	26	24	32	30	34	32	36	35	34	39	29	33	21	27	28	29	36	31	39	24	21	39	31	40	33	27	37	36	31	42	37	33	26	30	27	24	36	38	36	23	24	35	27	38	25	40	24	34	28	20	28	27	39	37	34	29	23	33	31	36	32	35	27	26	29	39	29	37	29	27	24	32	28	33	30	34	27	28	27	23	27	39	35	24	29	30	36	28	38	29	37	32	36	27	25	34	28	33	28	32	43	38	29	40	17	36	32	30	22	18	32	26	22	31	29	32	30	24	47	26	29	28	41	39	36	36	35	33	37	28	24	27	26	32	24	27	27	22	41	22	37	41	22	27	37	39	26	32	45	22	24	15	31	44	29	37	30	32	21	28	29	38	40	24	26	42	23	34	38	19	29	31	23	32	33	33	31	20	43	33	25	41	26	32	23	20	37	16	28	35	35	37	24	37	24	31	25	28	32	40	33	31	38	27	34	25	29	35	21	29	36	34	37	33	26	34	21	25	29	30	35	37	29	17	24	29	24	28	27	21	19	31	31	27	24	35	39	38	29	41	28	24	38	33	34	37	34	36	24	35	32	36	28	27	35	26	22	34	31	32	27	26	25	33	29	25	42	33	26	31	27	28	48	30	39	30	33	37	43	30	36	36	29	26	30	39	30	28	21	38	22	38	24	38	31	27	40	29	39	29	28	36	37	31	26	29	29	26	27	24	29	41	34	27	28	37	32	32	33	30	30	39	35	18	20
cell134	27	18	21	24	24	21	19	26	21	18	21	17	32	26	21	25	20	21	20	31	33	18	22	27	21	23	23	30	30	17	20	21	24	21	20	25	29	20	28	29	24	29	30	21	25	32	26	40	50	39	53	45	46	48	44	41	41	39	54	56	43	53	49	47	35	43	41	63	50	53	63	40	42	37	53	52	49	39	45	53	55	26	27	22	0	0	0	22	22	29	23	31	15	24	29	30	23	28	17	15	33	27	21	28	21	16	27	30	19	21	27	30	28	27	23	22	19	21	19	25	18	21	23	19	28	32	28	24	20	16	20	23	25	12	27	16	27	29	23	21	21	32	21	21	22	19	21	25	29	18	33	18	24	25	24	26	30	30	31	23	29	23	32	35	24	30	31	30	25	38	17	21	32	28	23	26	21	25	25	34	24	20	23	22	25	28	28	30	35	16	25	42	30	22	21	17	21	22	17	23	30	20	19	26	17	19	24	21	24	34	27	31	23	16	21	16	33	22	32	21	19	30	16	17	15	25	24	26	20	26	22	17	25	20	26	22	17	29	21	25	20	29	20	18	34	27	26	25	24	23	28	26	28	22	33	22	17	24	16	23	23	23	23	24	17	29	21	28	22	28	11	30	23	24	27	24	26	24	22	22	31	25	25	26	21	30	30	29	31	21	17	30	31	26	17	35	30	21	21	22	24	20	16	27	19	24	26	23	25	21	29	17	36	32	22	21	34	18	29	26	24	37	21	14	19	18	21	26	22	24	20	34	13	22	35	19	31	18	27	22	25	24	24	23	21	15	25	20	42	19	26	25	24	18	23	27	18	28	26	14	30	25	39	19	17	14	27	20	27	26	28	32	23	20	25	30	22	26	27	29	26	30	22	23	20	24	22	27	24	24	24	21	23	22	25	17	27	27	23	28	28	18	34	15	24	32	23	27	23	22	26	33	19	22	23	24	23	17	20	27	35	17	15	20	22	23	35	31	19	19	18	23	23	16	19	23	25	25	29	20	25	27	29	24	18	25	19	23	20	27	17	33	19	22	15	30	18	26	23	29	25	24	26	28	24	28	22	21	18	28	28	28	29	19	25	26	23	15	18	27	28	22	15	16	22	27	28	19	26	29	23	19	23	20	16	24	22	28
cell135	45	31	38	35	35	31	42	39	29	47	49	46	46	38	44	41	45	41	48	35	35	45	39	43	36	42	42	41	48	27	42	37	45	44	35	44	52	44	40	33	33	38	36	42	28	28	35	72	65	80	73	78	64	80	75	73	82	77	74	99	90	85	78	77	79	71	76	75	71	88	97	70	77	69	64	77	79	83	69	89	69	49	45	47	36	42	39	39	43	39	35	51	41	37	36	39	25	41	33	45	51	38	29	31	27	29	29	38	25	39	41	43	32	33	42	44	41	38	35	23	40	31	36	52	35	41	44	43	41	46	41	42	23	44	41	27	44	50	35	36	25	30	40	52	36	54	41	46	38	38	47	39	37	39	38	44	36	40	39	31	51	33	34	37	35	38	37	43	33	43	41	42	37	38	36	40	33	50	46	50	35	37	34	32	40	51	43	49	35	36	46	41	31	33	45	43	51	48	31	34	37	39	35	36	38	42	42	48	39	32	41	46	44	46	31	40	32	28	38	36	29	38	42	36	31	42	57	40	49	40	46	38	43	40	44	48	41	38	54	47	38	38	40	38	26	45	36	40	62	38	32	48	38	49	40	53	36	32	44	45	39	37	41	49	39	37	52	34	32	36	39	47	50	48	33	38	36	40	32	44	31	39	39	41	42	34	41	36	36	35	30	52	43	40	45	39	43	38	37	42	35	45	32	35	41	42	36	38	48	37	42	30	25	36	46	36	38	31	40	40	41	47	51	26	38	33	35	52	33	49	39	40	49	41	42	37	33	49	34	35	33	34	44	37	43	35	39	32	42	47	34	30	41	49	48	40	47	53	42	38	34	44	44	46	32	35	47	40	48	46	48	27	38	42	47	51	35	44	39	29	42	36	47	46	42	49	48	39	40	48	41	36	35	47	28	47	51	49	22	38	48	32	52	44	46	37	34	43	37	38	40	49	32	33	45	39	45	43	45	40	35	30	36	36	36	24	38	51	36	50	37	30	43	35	51	26	42	34	39	39	25	41	35	36	37	42	41	49	55	34	30	39	38	33	49	42	31	44	41	52	52	45	46	39	38	38	38	42	44	43	36	36	34	39	35	40	40	45	31	44	32	36	43	41	34	43	49	32	45	33	38	41	38	33	28	33	31	27
cell136	61	61	70	61	60	64	66	73	48	59	61	64	63	69	70	60	38	46	60	68	56	52	59	55	77	64	61	51	64	51	59	54	70	57	59	56	65	61	53	55	53	59	65	64	55	72	64	55	69	71	70	60	64	75	54	76	47	65	65	69	49	67	66	74	60	74	70	55	57	45	76	50	76	69	53	69	50	67	50	67	45	62	62	69	54	48	62	64	59	72	57	66	57	52	72	63	69	53	74	54	52	59	66	49	66	52	81	64	67	55	60	50	61	57	70	55	71	60	56	82	54	66	58	46	63	76	52	72	54	61	63	57	61	60	66	65	54	60	52	67	63	52	65	48	49	69	55	82	61	46	49	51	62	45	56	32	65	71	52	63	48	50	58	59	59	56	54	63	50	64	60	51	62	61	69	76	68	63	60	55	74	51	59	47	72	59	56	69	67	61	54	71	57	49	54	61	69	60	60	65	63	59	61	71	71	62	60	75	80	69	72	63	48	58	69	75	48	59	75	52	63	66	46	44	57	51	62	72	46	65	75	76	66	57	52	61	54	48	73	66	72	57	74	62	61	61	54	55	50	59	63	62	56	61	71	67	76	61	53	60	55	59	66	49	80	60	57	65	54	61	63	63	70	52	63	57	52	65	67	70	76	60	54	58	60	45	73	62	69	67	49	75	44	64	52	58	57	55	60	45	51	57	57	58	49	53	66	43	51	65	58	42	55	53	64	79	68	67	60	64	59	48	58	57	52	61	63	62	55	57	67	58	55	63	58	69	68	68	52	52	68	66	81	58	58	71	58	49	52	54	71	54	53	72	53	61	59	62	59	59	45	43	53	64	63	58	63	53	66	48	55	55	63	57	52	71	69	48	54	58	50	67	60	69	49	58	59	73	57	67	57	59	61	72	50	55	52	55	58	67	52	48	58	51	61	55	65	61	63	68	65	66	67	54	58	69	58	57	74	68	45	66	60	69	60	53	58	67	57	54	55	47	58	70	50	65	64	72	74	66	67	67	58	57	58	47	70	66	47	57	51	61	38	64	65	54	61	43	55	66	69	54	63	56	45	68	69	63	55	64	62	64	55	67	48	64	46	61	48	68	54	59	61	54	68	67	54	61	70	63	62	66	55	59	53	58	46	47
cell137	61	39	47	45	54	48	42	37	51	48	38	49	55	45	52	39	46	36	47	49	46	34	47	47	62	47	37	50	46	50	28	40	37	39	40	45	47	51	46	47	45	49	32	42	29	36	60	39	67	45	46	37	33	46	44	38	55	31	51	49	43	45	48	42	44	45	44	42	40	49	38	43	52	43	33	31	55	57	40	45	38	38	42	42	44	53	45	38	46	52	31	48	35	44	44	36	43	67	33	50	39	43	45	47	45	39	38	44	51	46	37	58	42	36	46	39	42	39	39	37	33	41	42	34	46	45	29	48	51	33	47	30	43	41	39	45	51	36	45	48	47	44	46	47	50	51	44	53	35	54	46	49	49	45	41	43	39	45	48	47	48	42	46	57	49	40	43	40	38	49	44	36	36	39	44	42	36	50	45	30	51	41	38	37	37	52	35	41	49	43	29	37	49	43	53	56	53	50	26	41	34	40	46	36	52	54	51	57	44	41	36	40	53	34	42	48	37	33	46	46	37	48	35	41	46	48	45	65	43	54	42	54	54	43	45	54	50	37	37	52	60	47	51	48	43	46	35	56	45	48	51	37	46	54	63	40	45	48	42	52	43	38	45	43	49	50	26	51	39	44	37	47	37	50	54	44	48	45	44	41	36	32	40	27	45	39	54	38	42	42	36	36	55	48	38	45	46	37	51	50	47	37	52	45	51	40	54	33	43	32	33	36	47	39	51	59	31	48	46	57	40	50	50	35	44	39	45	48	43	51	35	54	44	41	51	48	37	53	40	29	47	40	51	40	43	51	40	44	39	44	42	42	36	51	43	50	43	50	46	41	39	52	39	36	47	40	39	34	48	43	48	54	35	41	32	54	36	46	47	32	34	57	46	35	34	55	55	36	53	48	51	48	40	40	32	34	36	41	35	44	42	34	42	46	38	40	40	64	50	45	44	55	45	49	45	42	43	34	44	51	46	37	31	54	57	47	50	42	46	38	49	51	40	40	47	38	53	48	42	42	47	48	51	49	40	58	48	43	40	49	42	46	53	38	45	37	49	47	46	50	54	43	49	49	41	59	43	51	46	32	39	42	40	49	56	56	43	44	49	43	43	39	42	44	41	43	40	50	48	55	43	44	41	39	47	38	50	45
cell138	43	49	53	57	55	49	47	45	56	56	47	62	51	38	48	45	45	35	56	49	50	55	53	43	46	57	49	48	58	55	42	43	55	57	54	49	45	50	74	61	53	47	49	57	50	49	64	44	54	47	49	45	55	52	55	56	41	45	59	46	46	55	55	45	54	47	57	42	47	52	60	44	44	44	55	62	53	48	50	54	53	46	51	54	40	64	58	49	61	60	45	66	44	56	57	35	40	50	46	43	57	45	65	56	52	54	49	51	44	50	50	50	45	42	70	50	55	47	49	51	33	50	48	40	46	50	68	47	55	58	52	64	52	57	65	44	72	68	57	43	55	48	57	46	54	47	48	45	53	39	50	55	47	48	49	38	64	50	55	47	57	50	47	41	56	65	52	51	55	53	50	43	47	62	46	46	55	56	55	53	57	43	57	51	57	47	41	40	49	55	51	48	61	45	67	43	64	56	57	49	59	47	54	56	50	56	52	58	55	55	48	53	46	47	48	48	55	27	61	62	56	56	55	53	46	44	54	53	46	31	65	51	50	56	46	46	55	54	64	60	58	44	57	42	55	62	40	65	60	43	41	46	55	48	58	56	68	38	41	48	34	56	64	47	67	60	59	58	58	56	47	49	53	52	52	52	49	57	78	60	43	59	59	52	50	42	43	43	47	51	51	49	48	54	49	53	46	51	43	46	44	44	34	55	44	54	54	40	55	38	53	50	40	56	57	60	43	58	61	58	66	52	47	56	64	64	56	52	68	44	39	48	62	54	63	39	53	59	49	47	67	44	58	46	51	49	55	65	56	59	52	55	55	53	45	47	37	50	38	65	54	53	51	48	43	39	53	46	54	35	61	38	52	37	52	65	41	57	61	60	40	46	39	52	50	69	45	55	56	54	46	49	48	47	45	47	44	46	52	46	66	41	50	50	36	39	41	42	53	58	50	56	47	52	50	55	54	48	55	50	60	62	36	47	60	43	50	50	42	55	53	55	44	49	53	50	54	40	32	49	56	43	50	48	53	40	44	43	52	58	54	68	54	48	48	43	48	39	50	56	47	52	61	43	43	54	55	59	49	46	55	54	62	54	43	57	47	46	55	58	48	42	45	46	41	53	41	44	57	56	47	58	63	37	53	46	42	32
cell139	73	59	61	65	62	63	80	69	49	65	65	64	84	62	73	63	61	68	76	70	61	57	52	61	64	63	73	51	71	77	70	72	69	68	52	61	71	71	73	55	71	55	50	63	60	67	75	71	57	74	51	67	62	75	62	65	59	69	64	72	74	65	80	71	83	64	78	67	65	67	62	65	71	62	76	70	70	59	57	76	76	57	69	62	63	77	85	65	74	70	64	68	65	67	72	55	49	64	61	68	57	64	65	71	63	57	59	64	53	58	49	80	52	58	77	74	59	51	61	54	60	64	63	59	72	60	76	62	50	68	58	77	64	46	77	65	79	72	76	74	76	66	74	59	58	75	68	61	55	66	75	84	65	66	73	65	66	65	51	63	61	64	63	58	65	73	75	64	68	79	63	71	52	64	76	73	73	71	70	71	59	60	59	75	63	63	74	55	63	46	62	61	61	65	62	64	74	59	65	70	58	66	73	70	79	76	65	58	72	56	71	79	88	62	92	65	83	63	59	66	81	67	64	58	70	73	68	71	66	58	61	77	67	79	63	56	62	56	69	68	75	69	70	65	72	81	66	79	61	68	68	66	54	79	75	56	74	58	71	71	67	73	81	46	68	53	63	68	66	57	60	53	52	56	73	65	61	78	73	74	62	63	70	62	47	72	66	59	76	54	52	59	68	68	69	66	53	80	70	62	62	76	52	74	73	56	60	68	56	58	67	65	59	65	67	73	43	44	73	63	65	60	70	60	47	59	72	85	65	69	78	56	71	67	67	58	66	63	72	59	77	61	68	51	69	68	69	69	70	62	60	70	63	60	62	61	60	60	66	49	64	76	62	68	70	64	71	52	71	76	78	72	68	59	58	84	61	55	52	68	49	87	65	70	62	77	74	82	71	60	58	56	71	58	63	76	78	75	46	67	61	57	65	65	69	66	65	75	52	77	70	54	62	76	56	61	85	66	70	77	69	70	78	56	64	75	69	70	70	62	65	67	63	62	58	55	67	66	59	57	61	68	58	63	60	89	64	67	70	73	64	72	69	70	70	65	76	66	72	80	73	65	78	70	74	72	59	79	60	68	67	61	64	53	71	74	57	54	70	69	57	62	69	59	74	79	87	58	56	79	63	59	74	59	56	58	57	68
cell140	73	66	77	71	75	66	62	74	69	76	79	68	60	67	72	65	79	72	72	76	80	79	69	74	73	77	66	72	65	79	76	67	85	55	76	65	72	88	81	62	63	65	65	72	60	73	67	73	63	79	71	73	67	80	85	93	88	84	69	85	76	61	71	82	73	69	69	97	65	61	68	65	67	70	72	63	68	69	59	71	66	69	71	86	62	73	81	73	64	92	72	65	51	57	66	70	63	58	65	68	66	58	69	77	79	61	64	69	71	74	64	61	74	57	66	68	67	67	65	66	64	76	69	70	55	70	62	75	64	72	60	67	76	64	86	84	71	70	63	69	70	81	77	76	66	66	77	83	74	71	79	69	65	62	76	92	87	76	84	70	76	66	81	74	78	63	73	72	74	72	61	62	72	76	75	79	77	71	83	76	79	65	81	70	78	68	73	64	67	71	70	61	62	72	83	76	84	76	72	66	60	73	74	76	82	75	59	87	64	81	71	77	82	70	78	88	78	82	96	82	59	66	61	71	80	65	75	82	75	56	79	69	89	95	68	65	61	67	72	73	82	75	75	85	64	73	77	77	66	107	82	73	86	81	80	84	57	84	66	58	71	82	67	66	68	62	69	76	76	67	68	58	70	69	73	68	69	63	69	57	63	73	85	68	73	74	73	71	72	77	73	64	67	80	78	72	77	76	76	63	72	76	60	62	81	77	79	59	69	75	66	63	64	70	80	65	58	81	54	64	62	71	73	64	75	75	75	64	65	68	66	83	72	64	69	75	66	71	90	57	80	58	81	74	75	71	66	57	62	79	80	61	61	85	72	63	79	82	67	65	58	75	71	64	60	54	82	62	89	57	103	60	88	67	75	76	89	71	75	62	61	77	59	76	63	75	69	76	62	66	81	69	68	64	72	73	61	70	59	82	76	55	75	70	69	65	80	77	67	56	78	65	58	44	56	88	61	58	98	75	57	65	64	70	62	81	59	73	67	60	67	68	72	70	75	78	66	70	78	80	59	83	78	76	80	74	68	58	65	63	73	77	92	79	65	64	71	74	76	72	68	53	62	84	61	76	72	84	66	58	85	76	77	59	85	80	67	71	82	88	67	72	59	78	59	68	85	68	70	74	79	74	74	78	60	56	54	64
cell141	54	32	38	53	49	47	60	61	56	45	48	40	48	50	40	46	49	36	37	42	42	51	63	58	42	36	41	48	49	57	51	51	59	55	49	45	57	54	71	55	52	42	66	34	47	46	48	51	42	44	42	38	50	50	33	52	53	44	38	55	54	61	59	62	43	48	60	46	34	42	50	42	47	54	43	47	41	51	49	51	46	59	38	42	47	44	58	55	64	52	48	51	57	46	41	41	41	42	39	42	40	44	35	45	37	48	51	50	54	55	62	52	57	51	49	50	51	48	36	43	43	38	45	46	55	47	46	45	46	48	45	45	38	50	54	41	44	47	61	48	50	51	49	47	44	44	45	41	45	41	50	44	49	50	34	39	49	34	47	48	57	37	43	45	46	52	49	59	34	66	42	56	37	33	36	46	49	44	49	47	41	42	37	46	54	47	46	43	50	44	41	38	46	65	45	49	42	47	41	42	51	38	48	53	51	38	44	42	38	44	71	59	43	43	51	49	62	45	41	39	35	47	46	47	39	39	58	43	42	60	50	61	46	50	48	48	56	54	46	54	46	63	56	57	51	60	39	61	49	55	44	46	47	40	52	53	44	52	40	47	39	58	37	33	43	41	45	53	44	59	39	41	44	41	56	54	57	50	61	44	53	41	51	46	53	42	46	48	59	50	39	48	52	42	38	44	44	59	49	49	50	49	50	42	51	47	49	34	39	47	61	44	49	44	67	69	45	46	52	51	45	51	46	31	47	50	52	51	47	44	52	42	51	60	50	44	39	57	40	42	59	40	53	73	51	51	55	41	58	50	45	40	46	52	51	51	51	48	47	31	54	48	50	38	41	37	58	46	39	46	49	56	51	52	59	42	41	42	36	46	49	65	44	54	47	55	47	40	34	47	36	49	46	40	45	37	54	39	41	44	47	43	41	45	37	42	46	35	46	56	47	50	43	48	56	54	41	58	39	52	50	43	44	47	57	33	61	42	41	38	45	49	47	35	43	38	54	43	56	56	53	62	52	33	43	46	44	42	46	53	40	46	43	48	35	47	60	38	40	47	49	46	46	40	54	54	46	44	58	39	45	45	48	50	45	48	43	58	45	54	32	59	60	55	54	50	59	54	57	48	61	49	38	45	37	35	61	37
cell142	70	72	82	74	69	64	69	81	75	76	81	88	79	66	60	66	74	65	78	67	85	69	77	79	72	79	74	73	76	74	81	69	77	77	59	74	66	80	62	76	61	60	67	85	72	67	74	66	73	78	60	76	64	71	55	74	74	83	59	78	76	72	74	73	65	71	78	81	75	73	67	75	77	64	56	87	61	60	70	79	65	84	73	77	59	62	73	77	65	64	77	72	88	80	85	79	58	61	67	63	75	47	74	66	65	55	74	57	64	70	74	68	77	49	63	66	76	76	65	75	54	82	70	65	90	88	65	86	77	93	70	88	85	72	64	60	74	84	78	68	74	61	84	71	73	74	71	99	66	74	68	72	69	68	61	63	53	78	68	88	96	63	76	69	67	88	73	67	70	84	59	56	72	71	67	60	72	66	65	68	71	64	65	62	85	66	66	71	76	76	66	78	75	73	66	67	89	70	69	76	72	68	68	78	67	64	59	79	75	63	62	80	62	78	74	74	78	69	70	86	69	62	51	57	63	75	71	71	73	65	74	67	75	78	64	71	54	56	66	72	67	79	54	65	68	82	74	83	75	81	74	66	67	67	69	73	83	61	78	74	90	77	84	78	88	71	74	67	65	81	74	51	70	70	77	81	68	76	88	59	81	74	82	53	65	81	62	75	66	74	55	65	89	76	74	66	65	82	68	78	65	68	66	67	61	77	75	60	62	82	65	62	85	64	80	72	70	72	63	88	84	68	64	74	66	65	78	78	78	64	68	83	86	90	91	69	58	88	75	68	72	64	97	97	58	71	86	72	60	61	70	66	59	72	67	80	76	61	76	65	49	69	69	68	68	58	58	75	75	72	69	73	67	81	62	90	76	67	81	66	62	82	67	67	83	71	73	78	72	73	69	67	59	59	64	71	67	85	55	68	65	80	77	58	66	56	67	71	75	82	78	80	57	59	47	69	78	76	66	87	77	80	51	67	72	72	75	91	60	69	70	63	67	68	81	65	76	61	76	69	63	66	58	75	74	81	80	69	81	82	62	78	61	79	79	59	84	71	74	71	77	70	85	77	71	81	77	67	72	89	79	67	74	56	71	61	61	47	63	90	74	66	67	58	85	69	75	65	77	60	64	80	84	70	60	76	68	60
cell143	50	35	54	39	57	50	50	46	44	44	47	58	56	58	56	39	43	46	63	38	50	39	46	38	58	46	56	55	63	46	53	44	43	45	58	49	48	48	44	40	47	40	44	57	43	47	35	92	80	80	103	94	84	105	102	99	93	100	98	92	94	104	107	104	95	92	109	90	84	81	98	91	108	95	100	82	112	97	90	87	102	52	48	46	51	59	55	45	54	44	52	62	50	44	57	51	35	45	54	49	44	50	41	38	52	35	48	44	46	38	53	45	58	47	51	41	56	52	54	56	48	44	49	55	46	48	43	54	44	48	53	45	59	58	59	49	57	37	48	46	56	48	49	44	48	45	50	64	40	41	73	60	45	49	44	49	46	42	57	44	57	43	50	57	54	38	48	45	53	56	54	43	45	53	67	46	44	52	48	38	49	49	32	33	45	48	53	45	52	44	46	70	51	37	53	43	38	52	55	43	54	45	54	53	47	55	62	46	43	61	50	44	63	31	47	39	50	38	58	60	40	35	45	56	44	39	42	51	61	36	60	51	50	43	52	67	45	58	51	29	61	47	53	46	57	52	42	48	57	44	54	59	48	45	55	49	40	31	47	46	63	43	61	35	57	48	40	52	46	41	55	54	55	46	55	46	50	47	49	57	54	49	49	49	43	47	49	35	50	44	51	48	64	43	54	59	58	51	57	42	41	50	56	62	46	40	68	51	53	48	48	53	37	55	45	46	53	50	45	39	46	57	52	52	47	61	46	55	28	54	40	51	49	49	54	50	43	56	51	46	43	50	47	45	33	46	64	47	62	58	40	44	39	57	33	53	37	44	43	60	62	47	41	46	30	54	47	59	36	51	48	51	57	43	51	51	59	65	52	44	37	52	36	44	60	44	45	49	44	46	67	48	42	50	48	54	53	61	52	45	55	42	37	51	50	41	48	52	47	61	54	55	48	53	43	41	45	46	45	50	40	44	52	39	53	47	50	49	51	45	38	51	46	52	37	48	55	54	67	53	49	56	47	41	59	38	42	51	62	46	45	66	43	42	45	64	53	45	53	43	51	56	59	51	62	46	41	59	42	48	54	63	40	44	51	41	31	43	54	40	36	45	47	51	36	47	55	46	42	54	46	59	42	50	36	38	43	47
cell144	30	38	43	32	29	29	46	32	44	34	31	41	41	47	37	41	36	33	38	52	47	40	38	36	39	37	32	40	36	37	37	31	40	40	31	32	42	29	47	37	33	43	36	39	53	45	36	36	30	37	47	32	39	32	41	33	37	52	39	31	38	43	40	47	26	46	34	32	16	37	37	29	42	34	32	34	32	30	28	58	40	36	29	42	36	23	35	39	47	30	37	40	38	36	38	42	31	37	25	32	32	35	46	25	39	41	36	39	37	36	35	26	43	36	35	29	34	38	44	26	34	35	44	32	38	32	40	29	28	35	47	46	39	26	38	39	40	27	31	35	34	33	35	53	28	41	35	43	38	35	36	36	34	40	41	33	32	33	42	33	34	32	39	44	38	43	48	40	36	32	37	38	44	33	47	40	39	41	38	36	34	40	37	49	41	24	39	42	35	42	27	23	24	32	40	42	42	34	37	39	37	33	40	24	33	40	40	43	44	47	39	36	35	37	32	32	43	37	34	53	28	21	36	40	33	36	41	35	41	34	39	34	33	46	31	44	28	51	42	34	56	45	35	34	34	24	37	48	39	33	52	31	33	37	35	42	31	44	41	35	36	52	35	39	36	45	33	28	40	37	30	32	33	32	47	37	32	36	34	41	40	45	37	46	47	37	36	28	34	37	31	38	37	36	36	48	46	44	41	33	33	44	39	53	29	37	36	33	35	43	40	33	38	37	48	33	19	35	35	41	37	41	42	26	29	41	40	37	41	30	38	42	44	39	35	32	33	43	31	26	50	36	37	41	39	27	32	38	32	37	42	37	35	46	33	41	37	29	35	34	47	31	35	30	42	29	36	33	38	40	48	30	28	33	37	40	35	40	39	28	49	41	36	35	45	40	36	46	50	45	33	46	37	26	28	32	33	39	47	39	43	39	45	35	38	39	35	39	42	43	38	37	36	25	28	40	29	31	49	36	32	26	39	32	48	39	42	39	24	39	43	44	46	39	28	36	40	40	42	46	44	45	36	30	44	37	36	34	41	43	32	28	44	36	41	41	46	48	36	48	32	37	31	33	41	39	42	33	36	43	32	38	48	36	36	30	37	48	34	36	54	38	40	54	36	34	42	42	32	34	42	33	37	28	36	30	29	39
cell145	35	52	55	42	34	37	33	36	37	36	28	41	38	37	39	46	36	46	43	46	46	49	36	47	45	33	42	35	24	43	49	26	50	45	46	42	44	43	47	46	44	41	49	28	39	32	35	46	33	42	37	34	41	36	47	49	40	56	42	36	28	48	54	31	40	50	39	38	34	43	52	47	29	38	38	43	42	41	37	57	42	42	37	45	44	51	44	26	35	47	44	38	53	34	52	36	39	44	44	35	32	51	46	26	32	43	33	45	31	41	51	39	40	40	42	35	47	33	35	32	47	33	42	40	35	39	43	43	49	33	39	41	31	35	53	36	40	43	28	46	26	40	47	35	47	48	34	54	45	43	41	34	45	38	41	40	37	42	52	47	45	38	35	39	24	36	49	42	51	39	38	45	37	49	38	43	31	35	27	53	47	45	52	51	40	39	46	50	43	36	37	34	36	43	46	31	41	42	32	42	51	40	42	64	35	47	43	40	40	33	45	45	41	37	43	30	34	41	42	44	45	47	37	39	36	32	38	54	41	39	34	43	46	41	32	38	41	43	39	47	43	41	45	41	51	60	41	37	48	39	49	35	44	41	50	35	44	42	31	54	42	42	52	42	31	46	29	48	42	43	44	45	50	40	62	52	26	39	55	48	51	42	43	38	44	41	46	47	39	36	33	32	37	39	41	39	37	59	42	32	26	51	41	49	40	35	54	37	33	26	36	40	43	30	47	43	36	55	33	51	41	45	31	46	43	29	37	39	42	32	39	38	37	51	35	50	42	42	36	32	42	40	48	40	37	45	33	33	41	39	34	38	38	39	42	32	37	47	20	37	31	42	34	41	45	33	44	38	33	37	40	52	55	45	52	48	45	45	44	34	45	35	38	31	29	36	41	35	37	48	51	33	35	42	36	37	34	50	36	45	37	28	40	42	23	37	30	35	35	47	37	38	39	46	35	39	35	40	41	54	31	44	36	35	41	40	47	48	33	36	24	52	33	34	49	39	38	34	34	48	45	41	41	46	36	43	39	43	35	56	28	32	23	47	36	34	39	37	48	35	37	43	51	36	41	50	42	47	49	39	42	45	36	39	39	36	43	28	36	46	32	36	50	37	53	39	44	33	40	41	51	34	49	31	37	39	33	37
cell146	36	34	37	30	28	27	37	33	33	24	30	37	25	30	33	26	33	29	36	43	32	24	28	32	32	28	21	30	36	37	40	35	37	23	31	29	40	28	36	35	24	33	27	34	27	26	28	30	20	32	31	40	32	27	21	29	32	39	27	27	30	33	31	29	33	31	25	25	29	38	26	36	41	28	26	44	30	31	20	33	29	33	24	21	37	33	24	29	36	33	32	27	22	31	30	39	38	32	33	27	34	46	22	26	31	41	29	32	33	34	40	30	30	29	25	29	27	35	30	33	21	36	33	36	44	41	34	39	35	38	32	31	42	25	31	24	34	27	36	36	30	26	32	33	30	30	23	41	23	31	41	27	31	36	32	30	35	30	28	35	42	30	36	29	29	42	26	23	27	29	27	34	29	32	42	33	32	44	26	35	27	29	32	45	22	26	33	34	25	29	34	36	44	34	33	25	27	30	32	35	36	25	38	36	29	39	32	21	32	25	28	38	34	31	17	39	30	23	38	36	30	28	29	28	28	27	36	32	32	34	41	36	26	36	37	26	31	27	31	26	39	45	41	28	26	33	25	34	50	38	32	25	27	48	41	28	27	34	39	35	30	24	44	25	32	36	35	31	37	28	20	38	27	27	29	32	27	37	29	34	37	25	36	35	27	21	27	23	33	28	25	35	23	24	24	33	26	39	29	29	30	39	30	26	30	42	28	37	37	33	28	28	29	34	33	38	39	34	23	25	29	29	29	28	25	33	31	37	27	29	28	37	32	36	31	19	28	27	31	30	29	26	32	39	35	28	21	26	33	33	40	36	29	32	20	25	30	29	26	28	33	31	32	25	28	25	27	29	26	24	30	33	32	31	38	34	30	31	31	29	31	32	28	33	23	27	39	31	33	32	37	34	30	28	36	32	20	36	30	42	19	37	37	29	21	27	30	28	34	31	26	26	27	42	36	36	30	25	35	33	30	22	26	34	21	21	26	20	14	36	35	24	30	35	30	31	37	38	25	28	30	34	22	31	35	33	15	40	37	30	27	33	30	33	28	31	40	30	30	42	34	35	36	27	34	29	35	28	33	27	36	37	19	31	36	30	28	28	25	34	29	35	30	26	37	30	31	39	25	21	34	33	23	29	46	34	27	38
cell147	34	42	33	48	23	40	37	32	34	36	49	41	42	30	26	38	26	39	41	49	34	46	41	39	40	41	45	40	34	26	51	37	38	30	48	34	46	38	41	33	41	32	36	44	38	37	39	42	33	36	35	28	37	41	47	40	36	42	26	42	36	44	32	43	37	37	29	35	35	35	51	38	30	43	35	36	37	39	38	37	37	38	36	46	35	40	41	41	40	32	48	44	41	32	30	30	39	35	29	36	31	43	46	31	26	30	35	34	34	43	42	53	33	26	47	42	36	32	32	40	45	44	36	38	48	45	34	37	36	24	35	32	31	35	37	48	36	39	35	39	40	47	41	28	38	44	30	38	50	39	28	48	44	42	40	30	28	32	38	38	27	43	44	42	34	40	32	44	43	30	36	39	31	35	38	40	34	43	28	46	37	46	32	27	32	50	37	26	50	27	30	46	32	38	38	37	38	32	34	35	23	31	38	28	36	41	31	45	34	46	43	39	33	42	34	40	44	39	36	34	31	34	33	41	39	26	45	40	32	34	39	38	45	28	33	40	36	43	31	38	35	41	32	44	32	50	34	39	40	30	32	44	33	38	35	51	48	35	34	37	29	40	36	36	31	44	37	32	23	44	41	39	35	35	48	29	29	40	43	32	39	42	45	31	45	45	36	33	32	39	42	46	43	38	41	33	34	28	39	31	31	41	32	43	39	41	48	35	35	36	41	37	33	33	41	38	27	38	36	43	41	34	37	33	43	45	37	48	37	39	35	41	35	46	35	33	39	51	39	38	47	40	42	34	46	45	49	32	31	32	37	25	33	41	48	34	37	34	36	28	39	34	40	27	34	44	29	23	38	33	29	34	46	35	39	44	31	27	30	27	27	40	29	45	41	29	42	34	38	34	37	38	31	41	32	28	32	38	34	34	41	38	37	34	41	28	39	35	29	42	51	43	41	37	33	40	24	37	36	37	44	43	43	39	31	35	37	54	40	40	35	42	38	34	38	33	37	26	42	43	32	40	37	40	29	46	37	39	33	31	31	42	36	40	40	39	41	29	31	40	54	36	38	39	30	41	43	44	29	45	35	44	34	27	29	47	34	36	29	40	24	35	33	32	32	44	50	46	37	48	31	31	31	43	33	43	30	37
cell148	49	41	47	49	45	39	45	31	50	33	44	54	41	51	45	36	35	47	52	44	31	38	50	46	30	38	43	47	58	39	40	49	52	43	41	55	48	44	46	42	31	50	38	45	37	47	41	37	35	48	30	30	44	45	39	49	51	45	40	55	49	54	40	42	45	56	39	43	49	40	36	36	58	45	45	39	47	40	43	42	47	51	42	37	43	30	42	47	47	48	39	40	45	24	47	49	42	38	47	32	41	48	58	41	42	35	39	50	40	49	46	37	42	32	46	34	44	47	40	47	43	39	42	37	48	53	43	44	50	46	42	43	51	35	47	39	49	39	37	55	45	39	49	35	40	44	35	42	34	45	57	43	43	37	33	40	39	43	44	35	52	35	39	26	42	53	33	52	51	59	49	47	53	48	44	41	31	45	53	60	39	40	42	43	45	46	45	49	40	47	42	54	41	40	44	48	38	41	48	45	54	44	45	42	32	43	44	48	42	42	33	43	37	35	44	50	42	35	41	55	39	43	40	58	46	33	50	46	41	35	38	34	50	38	44	46	35	42	54	39	49	45	36	31	47	39	40	57	44	47	41	38	34	32	49	41	44	39	44	46	42	55	43	41	37	43	39	36	45	54	45	45	39	42	41	43	40	49	28	56	48	43	45	32	39	34	47	44	45	44	37	38	40	46	44	36	48	40	40	32	46	39	33	50	48	29	36	47	43	48	55	47	44	37	55	37	36	44	43	32	51	50	56	49	33	64	50	58	41	37	38	45	31	46	59	51	39	41	41	50	41	39	56	49	43	44	40	35	41	40	45	28	53	36	40	42	40	52	43	37	39	30	47	36	44	38	39	43	50	39	46	42	44	40	34	44	35	48	29	50	49	52	35	40	37	41	40	28	53	37	39	52	42	44	35	37	44	59	35	33	52	44	36	40	55	45	44	50	40	54	52	47	39	40	43	55	46	49	52	47	36	33	48	30	47	46	45	46	39	40	52	42	44	43	43	43	38	38	34	43	39	41	32	45	42	56	52	49	31	33	39	48	52	38	39	39	43	45	35	51	58	34	42	26	46	48	52	56	52	45	59	34	41	40	41	46	30	31	40	41	37	52	28	33	51	47	41	47	46	50	56	49	73	50	40	38	41	47
cell149	61	64	69	58	63	55	61	49	56	55	63	86	69	47	70	59	54	58	65	50	47	55	67	64	66	54	74	69	59	69	62	67	76	74	60	55	53	64	87	50	67	61	63	55	69	45	56	118	107	138	106	128	107	107	117	123	91	131	112	136	139	138	132	133	114	134	144	112	121	132	139	108	126	139	115	122	112	116	102	137	108	73	55	53	55	68	58	44	68	67	72	71	55	48	67	64	70	57	68	71	66	64	66	55	74	64	54	63	53	61	59	69	60	52	60	57	70	62	53	77	58	65	54	48	64	66	53	71	61	51	60	65	74	62	54	57	59	51	57	49	52	63	62	50	65	58	57	62	64	54	71	58	74	56	61	53	54	45	54	63	72	52	53	71	58	53	53	60	69	60	72	51	53	62	61	50	68	69	57	64	60	52	58	64	54	64	56	63	60	64	54	59	65	69	70	56	76	61	66	54	62	55	72	59	80	63	61	63	64	58	58	66	54	54	67	62	73	52	70	53	72	61	48	60	62	64	75	76	62	55	70	71	60	69	56	44	66	59	61	59	72	75	60	57	76	68	52	70	59	62	63	69	56	69	62	65	59	52	68	65	65	67	72	55	64	66	48	65	57	61	47	60	76	60	71	58	70	61	73	53	61	58	61	61	61	58	62	66	61	66	49	73	50	58	56	73	67	72	59	67	58	51	52	77	66	77	71	56	57	59	66	49	58	44	62	60	62	51	57	63	74	57	50	63	57	66	75	67	47	49	65	57	49	65	63	44	48	69	65	54	59	59	49	57	62	58	53	64	55	54	52	60	54	62	53	60	54	55	59	66	65	72	56	62	58	61	57	58	59	64	73	66	60	51	72	67	63	61	49	55	54	75	49	55	66	61	64	51	67	65	58	58	64	79	65	52	56	60	62	58	61	53	60	63	43	59	56	65	63	76	78	51	62	68	62	71	50	49	64	55	59	66	56	61	64	57	61	57	53	46	62	53	53	65	53	64	58	61	61	60	63	62	78	77	58	80	70	52	63	59	39	69	62	72	51	57	64	58	58	71	63	70	69	60	51	65	56	73	64	71	59	62	60	49	63	51	65	49	68	54	72	64	68	50	62	81	60	53	61	64	56	65	59	51	66	62	63	53
cell150	96	92	63	76	94	102	104	85	74	76	74	73	67	73	93	74	86	96	83	75	76	95	77	75	70	83	84	67	86	71	76	83	83	91	72	82	83	84	101	79	64	87	70	74	88	66	87	75	72	81	76	66	83	70	66	66	81	80	88	98	74	79	81	83	78	91	98	83	84	77	89	92	64	80	78	76	80	69	64	97	64	76	99	87	76	65	88	69	107	76	78	82	81	65	84	71	79	74	78	85	66	69	82	80	76	60	83	102	81	89	83	86	93	103	88	57	82	72	79	86	72	74	77	79	68	84	70	80	75	87	86	86	73	79	79	94	104	60	62	77	83	92	75	77	64	77	86	90	75	74	85	75	83	92	73	67	94	78	64	80	90	73	88	74	94	98	93	77	81	86	75	77	83	64	78	76	64	77	93	82	88	81	83	69	61	87	89	87	77	80	83	84	76	88	82	74	71	78	60	67	80	77	81	78	77	65	77	74	82	83	76	84	58	65	79	59	84	59	75	85	95	83	73	79	83	75	65	72	67	67	86	84	86	74	70	74	70	84	102	80	80	95	75	64	68	82	81	77	89	75	79	80	76	89	84	65	93	85	76	67	80	90	69	71	91	101	69	89	72	80	78	70	96	84	84	79	98	86	87	86	67	74	83	80	75	97	70	80	83	83	59	89	77	78	80	69	92	78	80	66	81	86	91	91	79	77	82	64	64	78	86	81	82	69	71	58	78	90	71	66	86	107	93	78	98	82	90	79	70	67	71	68	58	78	81	88	80	82	57	65	77	70	97	76	84	75	75	71	71	105	86	79	73	78	90	78	63	67	97	73	75	69	79	81	62	64	82	81	74	63	93	99	83	83	82	91	92	79	83	71	68	85	68	87	82	104	93	83	67	75	74	88	69	68	78	73	81	91	72	76	79	72	63	73	71	82	76	97	93	103	90	89	77	71	71	82	63	82	104	74	71	76	77	80	94	71	76	66	68	88	75	75	78	77	73	68	75	73	91	95	86	96	95	66	63	88	75	77	86	86	62	77	74	81	91	74	73	70	87	98	91	64	80	73	81	89	71	87	74	71	100	75	76	76	82	61	73	72	72	93	77	94	70	79	87	76	91	96	88	78	93	78	84	80	69	70	80	82
cell151	29	23	35	31	18	31	34	38	30	32	30	27	39	33	39	28	27	37	25	35	25	42	31	29	28	38	37	45	26	38	40	32	41	25	31	27	29	30	27	37	37	28	35	24	34	34	20	27	26	40	26	40	23	25	28	30	25	35	36	34	35	24	35	35	39	32	24	26	29	30	33	37	37	32	29	40	29	38	25	35	27	30	30	28	39	34	35	38	30	24	40	38	45	33	32	33	27	22	27	22	37	34	36	31	23	32	40	27	33	35	35	36	31	24	28	22	40	30	28	28	25	34	32	21	34	30	35	42	26	32	26	37	27	36	36	34	56	30	34	40	31	26	17	22	27	31	24	27	32	25	21	22	37	34	17	31	37	32	32	29	34	35	37	36	31	40	27	40	39	36	31	35	30	32	45	32	31	33	41	31	25	19	33	30	43	28	30	30	31	32	35	30	30	39	29	30	33	38	32	22	33	35	40	36	27	23	25	30	24	36	32	42	37	21	34	30	37	29	33	26	35	38	40	32	24	30	27	35	27	28	40	36	37	38	40	32	29	25	26	28	27	32	45	24	28	29	19	36	30	29	32	28	37	31	42	28	37	31	40	30	34	33	32	25	52	36	21	27	26	40	24	29	22	32	35	30	32	41	36	37	27	32	38	36	31	31	34	44	31	38	32	27	36	31	37	28	33	19	33	32	29	33	33	38	37	35	32	32	25	28	28	31	34	33	34	27	28	44	24	30	25	29	29	34	31	30	31	33	41	36	30	38	31	29	39	30	20	27	28	30	50	35	46	31	26	26	36	29	33	22	29	36	25	39	34	29	17	31	35	37	26	29	24	30	39	25	33	31	26	31	42	42	36	31	30	32	27	37	33	28	44	28	36	40	25	42	48	22	32	40	32	30	29	35	46	24	26	35	26	23	45	24	24	35	40	24	41	33	23	36	36	28	29	42	34	31	19	32	31	36	23	22	37	31	37	37	27	20	31	28	38	30	29	28	30	39	36	29	22	19	35	32	34	31	36	37	40	30	31	38	33	26	14	29	24	34	34	17	35	27	35	30	34	22	29	36	23	43	22	34	30	26	34	30	33	33	20	23	30	33	23	30	30	23	43	27	30	36	31	34	28	26	45	30	19	23	23	26
cell152	52	38	51	61	55	41	48	42	59	50	52	56	58	47	50	59	55	65	55	58	45	64	61	50	51	40	61	57	51	52	55	47	54	43	46	56	52	42	68	57	61	48	61	58	42	58	60	66	64	59	47	49	50	50	50	42	63	68	51	60	63	63	40	49	64	29	44	55	56	54	63	47	64	52	42	51	52	63	39	54	49	63	55	59	46	44	70	59	55	44	61	61	65	52	66	48	49	52	56	48	68	52	63	46	58	58	39	59	48	57	59	52	53	43	59	56	51	40	64	54	37	52	66	61	48	67	43	62	57	60	52	58	48	63	59	48	54	56	50	38	53	51	67	49	50	46	59	72	52	61	67	53	50	44	45	49	44	51	53	67	66	48	55	56	52	57	43	48	58	69	40	48	36	54	44	43	57	50	56	55	61	48	53	51	59	53	56	42	43	54	43	49	53	51	64	59	64	52	40	56	49	57	47	50	50	53	64	62	59	62	59	53	44	62	59	70	56	54	44	39	57	38	42	55	59	59	72	50	61	56	71	52	65	53	46	63	49	53	42	46	69	61	75	57	67	40	52	71	48	66	62	61	59	54	56	58	47	57	43	56	55	52	63	45	50	46	49	59	56	58	53	47	46	58	63	45	60	45	58	60	65	49	56	55	41	53	54	63	54	49	55	54	58	46	65	54	45	55	57	63	52	47	49	52	47	55	54	57	54	42	55	52	52	63	61	51	53	58	51	57	57	48	38	49	61	65	51	57	55	47	54	65	64	53	58	59	45	59	49	47	53	60	52	48	48	54	78	53	59	49	51	52	46	65	43	55	39	48	48	59	42	59	47	44	47	65	49	64	57	51	52	65	57	52	54	70	59	47	42	53	42	57	54	77	54	65	52	50	44	51	52	54	50	50	43	57	48	56	47	59	56	39	44	54	47	59	49	58	61	53	46	59	52	50	52	54	51	47	63	69	51	55	52	51	46	33	62	50	52	59	56	46	55	44	68	48	60	54	54	46	56	41	52	63	55	55	52	52	54	61	55	62	51	57	48	57	42	57	63	55	52	48	68	56	59	51	48	62	64	55	53	63	61	55	50	59	57	49	54	68	49	62	45	44	49	55	47	56	60	50	50	52	49	41	61	56	52	46
cell153	42	33	27	41	25	35	34	36	38	29	34	29	48	32	35	36	32	30	42	40	36	33	40	30	38	32	40	32	35	37	30	35	44	45	35	33	32	37	39	38	31	28	32	41	34	41	37	38	29	40	31	29	25	38	35	46	37	40	38	31	29	32	37	33	38	37	36	30	29	39	43	27	34	40	41	43	41	37	41	28	44	38	31	34	29	35	33	27	34	42	48	34	36	38	44	39	31	28	36	29	31	35	35	36	43	27	27	30	30	31	36	32	33	36	32	43	33	36	33	29	26	38	35	36	37	40	46	36	27	32	43	31	38	30	35	29	57	36	40	31	30	28	35	35	42	23	42	37	36	30	35	33	25	34	29	35	38	30	40	34	27	40	39	34	41	43	42	40	48	31	33	36	33	40	32	30	32	33	28	40	36	34	23	24	32	38	28	37	35	31	38	29	27	36	25	43	27	47	24	29	26	28	39	37	40	35	35	38	50	41	39	33	31	33	29	30	30	38	41	52	27	48	31	31	44	36	36	32	34	35	32	45	40	34	32	40	31	25	44	41	35	50	46	37	36	41	25	40	38	38	39	38	40	40	37	50	31	29	24	39	24	38	45	43	35	31	25	37	28	35	31	29	47	53	41	33	33	41	45	52	24	33	40	41	40	28	42	40	31	38	40	41	26	32	39	32	29	26	24	32	32	43	48	26	38	31	28	35	26	21	29	39	46	43	35	27	33	35	29	24	48	25	27	27	38	42	33	28	32	27	31	35	40	30	38	33	32	44	33	25	41	34	40	48	42	41	29	40	42	42	31	39	55	37	27	39	22	35	37	27	21	33	33	39	45	33	40	33	31	44	54	38	30	27	24	40	38	40	40	34	33	36	39	38	40	33	31	39	31	27	37	31	30	41	44	41	48	49	39	30	39	27	40	42	33	30	32	25	32	24	36	35	30	37	28	42	28	33	32	48	31	35	32	40	35	25	35	33	37	35	30	29	30	35	32	27	36	32	31	37	38	29	40	25	39	44	42	32	27	30	46	42	39	30	35	35	37	31	41	54	41	50	41	36	32	41	30	30	22	42	39	40	42	24	35	35	35	32	42	44	32	33	29	33	41	54	38	47	30	32	31	37	25	39	37	31	27	41
cell154	59	45	57	42	56	58	55	57	48	51	51	51	71	52	55	54	43	64	63	55	60	57	65	35	63	50	51	48	52	56	73	53	70	47	72	55	56	47	69	48	63	56	42	54	54	60	45	52	48	56	51	53	60	48	53	53	48	66	52	65	53	55	57	51	46	49	54	43	50	64	55	44	55	63	55	56	67	60	42	55	36	63	38	50	55	51	61	53	54	57	59	67	53	51	47	56	49	52	49	74	46	56	70	58	55	51	54	60	51	64	64	44	63	53	56	64	62	56	41	47	45	59	56	42	52	65	66	68	42	68	61	70	40	50	64	57	62	50	47	61	41	35	56	52	55	70	52	51	39	43	66	63	55	70	45	51	52	64	53	42	70	53	57	56	62	56	48	46	66	52	56	48	54	39	51	64	59	68	46	69	47	46	52	57	53	62	48	38	70	61	50	64	49	64	54	54	74	64	38	58	63	48	52	65	54	50	55	57	64	51	51	71	59	57	58	49	53	56	65	54	51	48	64	52	57	62	59	63	53	50	75	63	52	46	48	62	60	50	63	49	63	62	67	56	53	47	44	50	56	52	65	51	58	60	71	44	47	49	55	61	67	56	72	46	67	67	48	55	63	63	50	65	53	57	58	41	50	56	54	60	48	58	54	59	54	59	63	70	56	45	51	72	59	40	52	48	49	68	56	43	67	50	62	66	55	58	75	55	49	41	51	45	50	52	50	65	53	54	46	60	45	65	64	45	40	51	55	40	67	59	65	63	49	51	66	59	59	55	46	43	60	51	58	40	52	58	53	58	48	37	50	50	63	51	50	51	55	54	51	47	46	62	59	46	68	48	57	59	61	53	68	64	41	46	51	55	69	57	59	44	66	58	63	59	55	63	57	68	54	50	42	56	67	55	53	55	60	56	57	58	49	55	51	56	50	54	64	53	52	62	49	39	63	56	57	48	46	56	58	68	65	70	53	57	53	51	65	60	54	57	64	45	59	52	60	67	66	52	56	53	64	63	64	67	55	55	65	60	44	47	53	69	48	60	54	59	64	55	54	54	61	58	76	58	67	59	63	65	54	56	59	57	51	60	53	54	53	54	46	66	50	51	39	51	53	71	66	48	59	67	60	70	68	69	44	50	60	58
cell155	49	50	39	50	47	44	45	43	45	41	36	38	33	64	48	46	31	51	39	34	34	38	37	49	35	40	52	48	32	44	50	57	35	53	38	42	46	62	43	52	42	50	56	48	43	41	42	109	107	96	81	87	94	98	94	88	94	94	102	109	92	86	103	94	91	84	114	110	98	109	108	77	93	81	84	92	97	96	74	106	90	49	45	52	0	0	0	50	53	51	32	40	37	39	47	53	38	44	48	53	49	47	42	49	49	47	49	46	45	45	41	40	46	28	45	40	54	42	49	41	41	44	43	44	51	37	35	42	34	43	41	47	42	34	56	46	54	50	51	50	36	49	48	34	34	46	52	53	44	40	54	36	54	38	40	47	40	43	39	52	41	47	47	45	44	58	49	35	38	46	39	29	38	43	59	57	39	40	50	61	44	38	46	43	45	55	47	57	52	43	55	50	36	42	37	51	51	45	42	53	52	46	56	52	40	46	53	41	37	40	46	41	49	53	46	54	48	41	60	45	44	43	47	38	48	49	43	46	54	58	57	50	40	42	42	61	37	30	42	55	45	33	66	42	44	52	45	55	40	58	40	45	37	43	45	41	41	43	46	50	39	43	57	34	35	46	35	51	32	45	46	45	49	43	49	58	37	53	45	58	43	42	57	49	42	52	58	46	53	45	55	49	37	45	38	38	60	60	36	46	41	46	35	55	51	53	48	43	69	48	51	48	39	38	39	56	44	41	55	53	44	50	37	41	38	42	45	52	56	41	39	52	45	41	56	48	50	52	46	42	64	39	46	63	40	41	50	48	45	33	52	40	54	45	42	52	51	41	44	56	53	42	59	41	34	35	41	35	52	45	51	49	54	33	42	49	64	43	46	40	54	53	57	35	41	50	45	48	48	53	46	40	46	49	43	45	43	46	42	32	47	47	49	33	46	46	41	38	41	44	35	37	31	46	52	52	42	56	51	56	29	34	47	46	48	33	40	36	38	46	46	52	44	52	42	50	53	43	48	53	49	54	51	53	55	46	38	38	50	51	36	64	50	40	46	39	46	42	55	45	28	46	48	34	48	53	50	43	45	34	64	54	40	39	52	43	37	43	55	57	39	43	29	50	54	47	48	45	50	49	60	53	43	44	42	41	43	41
cell156	34	25	24	28	40	38	32	27	23	30	25	26	37	22	22	23	30	21	27	24	23	35	27	32	33	20	26	31	23	36	26	30	26	32	27	30	26	31	35	28	28	31	28	30	27	35	19	23	24	36	24	22	37	28	25	32	26	31	24	31	23	27	23	31	28	29	26	25	34	40	25	23	23	23	21	38	20	34	19	27	25	24	28	30	25	31	36	25	32	32	33	27	23	30	19	25	36	31	24	31	24	23	33	19	25	26	17	27	38	26	33	23	32	27	40	20	27	26	26	23	22	29	31	36	34	25	29	34	34	28	29	28	35	27	35	27	20	28	40	26	27	30	36	26	32	31	37	32	25	33	35	32	27	33	35	17	24	34	21	22	25	25	44	26	33	27	19	27	37	25	18	30	23	37	26	21	31	25	24	30	24	25	29	30	23	32	15	33	29	24	26	34	28	32	36	28	27	25	26	26	28	25	30	26	26	19	31	37	36	32	34	31	33	24	30	30	24	25	27	37	26	39	23	36	35	30	28	24	21	24	31	32	27	33	34	29	27	17	31	23	33	32	34	19	35	19	26	26	28	22	25	27	22	24	30	18	28	36	30	37	30	38	32	21	24	23	24	16	23	33	25	20	30	28	24	28	29	28	30	29	26	31	32	20	26	32	27	31	29	34	21	24	25	23	28	27	30	28	29	21	27	25	30	26	19	26	36	29	34	36	37	28	35	30	43	28	24	33	28	32	33	20	15	21	26	30	27	24	34	27	29	27	24	31	33	18	26	29	24	28	20	32	33	27	38	25	24	24	27	21	30	29	37	28	25	22	20	37	31	20	36	18	43	28	21	26	30	31	37	24	29	25	29	22	26	30	29	28	25	26	27	31	25	35	26	31	33	26	16	27	28	28	30	21	24	26	32	35	25	33	26	24	28	23	38	33	36	23	28	27	27	32	27	15	21	31	37	27	31	35	26	25	33	21	28	18	43	27	24	26	27	28	26	26	24	27	20	27	24	23	36	31	37	31	24	32	27	39	30	31	28	30	29	37	35	24	29	25	33	30	23	29	37	26	27	38	29	34	28	27	22	31	34	28	17	16	29	29	20	25	19	21	24	24	29	27	31	32	24	22	26	29	25	32	18	20	25	28
cell157	56	72	61	71	56	50	69	54	65	47	50	67	53	57	66	56	51	64	70	74	65	85	71	69	80	71	63	50	81	66	65	56	61	51	56	63	67	75	76	81	79	54	54	55	70	60	49	41	55	85	54	66	55	59	68	58	53	62	63	71	66	65	54	69	70	67	65	67	51	59	73	60	72	79	60	64	60	59	49	64	63	63	63	52	46	45	65	57	64	83	57	67	70	56	53	64	63	67	67	60	70	79	66	49	75	48	67	77	58	63	62	59	43	56	77	54	80	64	52	61	72	53	52	79	76	74	51	76	65	60	65	63	69	68	69	58	64	59	78	67	72	56	70	59	59	58	59	69	57	58	78	63	63	60	59	75	66	67	64	69	70	54	65	64	71	82	63	79	65	47	64	50	65	53	72	70	63	66	70	80	66	60	54	59	61	66	56	57	59	62	51	67	55	48	55	66	55	75	63	54	68	62	72	62	67	62	61	65	53	45	68	60	83	57	72	60	69	53	60	64	63	48	68	51	54	60	65	64	64	64	84	84	89	85	77	76	55	62	59	60	72	82	78	71	67	57	72	61	67	60	80	76	66	81	45	58	60	57	57	54	54	62	83	47	77	71	49	60	69	73	63	49	50	75	66	83	51	64	67	67	54	63	59	63	66	66	54	65	57	72	67	56	52	65	62	66	75	57	58	75	56	75	77	60	65	69	70	53	71	59	68	51	58	58	76	72	73	69	56	62	63	54	72	65	65	61	64	57	74	53	53	66	57	79	65	66	67	62	53	52	81	61	83	59	52	54	56	67	80	69	60	61	54	53	56	58	55	46	67	63	61	67	66	67	74	62	67	69	80	63	51	59	72	59	63	69	55	64	72	56	62	56	56	64	77	71	72	66	72	81	57	80	58	63	60	54	57	55	53	54	56	45	62	68	54	71	60	64	69	67	64	52	60	63	57	64	66	47	68	78	64	55	57	65	50	66	59	59	60	45	64	72	50	67	46	62	58	51	74	81	71	85	70	75	67	60	69	60	65	57	53	61	59	65	60	57	64	52	82	63	71	56	58	56	68	74	50	58	69	80	74	60	55	63	66	58	58	52	80	70	53	50	60	77	73	72	72	67	62	74	61	53	55	61	76	68	51	57
cell158	41	40	44	46	31	49	54	41	44	35	43	33	40	33	35	32	33	34	45	44	40	36	37	42	43	45	34	39	46	31	54	42	24	46	39	45	41	46	40	45	42	50	34	43	38	49	34	83	69	82	72	79	73	81	82	92	103	86	102	77	105	96	99	87	84	69	86	72	70	96	83	69	84	89	87	84	74	92	70	99	64	36	31	40	33	36	45	52	41	41	30	43	38	45	41	38	34	36	41	36	42	42	46	38	35	34	37	44	46	40	50	43	33	35	37	42	45	27	37	53	33	38	33	42	59	34	33	40	40	34	33	44	37	40	41	34	46	44	41	30	30	54	45	41	43	37	36	39	37	29	44	33	30	48	55	37	45	43	39	39	45	25	51	46	34	55	48	47	39	42	32	36	46	48	41	30	41	46	31	40	33	43	40	43	47	46	34	45	38	32	32	39	43	33	61	41	41	31	36	45	40	33	33	34	38	40	34	43	36	39	47	34	43	35	44	35	43	37	39	49	40	31	40	40	40	24	37	33	48	49	29	39	42	49	42	40	36	29	39	45	49	40	51	35	36	44	39	37	32	43	37	35	43	34	43	30	58	45	47	42	41	61	43	47	58	49	35	30	45	42	28	38	38	43	48	36	43	37	29	39	40	39	40	41	35	35	45	47	47	42	33	50	48	36	30	45	43	59	37	34	45	36	39	41	36	43	40	32	48	39	33	34	37	29	46	51	54	43	42	27	36	44	39	46	36	39	52	38	43	38	41	41	46	35	45	42	44	48	43	23	41	35	50	47	43	48	39	46	48	40	57	35	40	35	37	47	30	26	45	40	32	34	30	34	48	53	37	36	41	29	49	41	44	38	35	43	40	46	40	43	27	41	50	42	47	47	33	38	41	42	44	34	42	40	42	44	38	32	36	39	37	38	33	54	33	29	19	31	49	52	43	43	41	38	54	46	48	38	36	54	42	42	37	34	47	35	33	31	46	33	29	37	32	39	50	44	37	33	34	34	42	28	47	35	46	56	27	35	34	43	41	48	46	49	39	42	40	28	44	36	44	45	37	35	45	44	43	22	38	57	41	47	37	31	48	27	40	46	46	39	27	45	34	35	37	44	38	30	36	41	42	46	30	27	41	34	51	42
cell159	31	38	35	46	36	55	40	50	25	41	31	44	47	41	49	35	41	42	42	48	36	41	39	53	42	39	46	46	40	33	37	39	42	43	42	48	38	33	33	52	42	34	39	51	37	44	42	34	43	41	41	28	35	35	46	66	47	38	50	61	40	51	46	36	52	44	44	48	37	37	46	39	42	40	35	48	42	32	31	44	34	42	50	44	45	56	48	31	41	48	37	37	42	35	40	38	38	50	33	32	33	35	50	42	32	33	41	40	51	57	55	40	43	45	54	37	37	38	35	42	38	41	44	55	56	35	49	48	35	49	44	45	45	45	37	30	45	43	47	43	43	36	44	51	48	35	40	56	42	45	54	39	40	41	36	44	46	45	41	42	32	29	46	38	38	44	36	32	39	38	33	44	41	43	32	38	40	45	47	43	40	30	47	31	38	31	45	35	36	36	27	37	47	41	45	39	30	38	47	34	39	38	40	42	34	40	47	41	60	41	35	40	29	44	53	26	42	47	44	51	43	30	40	53	40	41	53	42	37	37	37	36	45	39	49	41	27	36	37	37	45	49	45	49	36	51	41	46	46	45	39	40	40	51	43	40	34	50	42	34	36	47	38	48	46	33	38	39	42	43	47	35	35	46	36	33	45	35	38	46	40	53	49	42	32	34	43	51	46	46	26	39	49	38	38	45	40	48	42	39	33	44	38	42	45	40	56	50	29	34	43	35	42	49	44	47	41	43	44	41	37	47	36	48	39	34	46	35	37	38	45	43	34	37	48	30	34	42	37	32	46	37	55	40	41	37	47	35	47	57	43	45	45	35	37	36	45	49	63	32	44	48	41	42	37	51	33	49	44	44	46	36	47	41	42	48	36	47	35	40	33	32	39	45	48	33	42	38	51	34	40	49	38	48	39	31	46	42	44	40	45	36	45	28	53	46	41	40	39	43	49	40	44	37	32	40	42	37	39	46	47	34	38	44	52	43	47	48	40	39	47	52	44	45	46	40	38	31	46	28	38	42	42	56	44	38	46	45	38	40	52	41	58	50	34	37	46	30	39	57	51	43	47	33	45	42	39	46	36	41	45	51	38	53	44	36	37	33	45	41	45	38	33	37	30	50	31	29	43	39	48	38	54	40	40	38	32	37
cell160	37	31	29	30	47	31	39	34	25	37	41	43	44	44	26	28	39	34	39	33	31	33	33	39	38	31	39	43	42	36	36	42	43	32	35	34	34	40	37	41	30	36	27	28	39	34	44	41	32	36	29	35	46	31	42	40	33	39	34	29	30	33	39	32	28	26	39	38	33	37	35	42	31	33	36	26	42	33	32	40	37	35	44	23	31	37	47	32	39	32	37	38	33	30	41	32	30	35	24	32	33	33	41	33	33	29	29	38	27	33	40	42	37	33	40	40	32	34	38	31	28	41	33	37	35	34	31	41	29	39	26	32	38	35	27	33	37	31	36	27	31	34	42	33	37	33	42	45	36	38	37	34	24	36	45	27	39	32	43	35	38	23	37	42	42	34	36	29	33	47	34	37	36	35	32	34	24	46	37	30	37	33	25	36	31	32	26	35	39	36	29	40	31	33	31	30	28	39	28	40	38	32	40	45	37	33	42	54	37	37	32	34	35	25	30	28	34	30	30	39	34	36	36	39	32	39	37	36	40	39	36	43	40	37	28	29	36	39	26	29	27	30	43	37	46	39	28	38	38	30	41	29	33	36	37	35	47	35	41	44	37	37	53	36	37	25	51	42	32	33	44	32	48	39	38	33	43	41	32	45	30	37	43	45	35	36	33	26	36	28	35	41	30	29	30	38	26	42	36	31	37	23	40	32	43	33	46	24	36	36	30	25	33	34	38	35	30	40	33	39	32	35	29	31	40	31	42	23	47	21	45	36	35	41	27	40	31	37	24	36	43	34	40	26	34	33	32	33	38	46	34	26	39	39	29	36	37	49	30	41	29	32	37	26	29	34	45	31	42	42	43	49	39	38	38	44	40	38	35	27	26	52	41	33	27	36	37	36	44	37	38	33	30	26	37	30	37	38	28	44	50	34	36	36	34	38	30	24	27	31	29	46	43	23	38	48	31	34	28	33	32	29	39	50	33	35	41	36	40	44	39	31	36	42	33	24	25	35	40	30	33	35	34	31	30	39	33	39	29	35	28	26	37	26	31	27	36	34	31	35	27	31	39	37	32	38	25	45	39	41	33	37	39	38	31	34	32	24	37	33	34	37	41	39	35	37	48	36	31	29	35	38	23	39	20	36	31	36
cell161	44	48	26	46	35	34	44	41	40	39	47	34	34	37	45	41	43	44	33	33	42	48	40	42	39	35	39	46	43	37	45	40	44	35	37	39	50	47	36	48	48	46	31	40	45	45	36	47	42	61	46	30	33	35	43	40	41	41	37	39	39	48	31	50	40	36	32	34	36	33	43	38	41	43	35	37	44	27	34	43	49	43	34	44	30	40	40	53	51	34	47	54	48	31	49	37	36	38	36	40	33	27	30	30	36	27	36	49	39	40	57	33	44	35	42	27	46	37	36	39	38	36	46	28	46	31	39	43	44	43	34	41	35	33	42	45	42	37	39	41	37	37	35	43	38	39	44	49	37	35	51	29	28	39	29	38	53	32	38	43	31	34	30	37	41	43	37	38	46	40	42	40	43	44	45	38	32	45	47	31	36	43	40	37	42	47	28	46	35	46	59	46	37	34	45	41	41	24	35	29	41	48	42	42	55	35	49	39	37	36	39	46	37	32	40	36	32	34	35	41	52	39	33	50	41	35	51	43	49	43	44	50	40	46	45	44	24	34	43	36	41	41	48	43	35	32	39	38	36	41	32	38	38	45	31	42	38	33	33	34	36	55	57	38	41	38	40	33	43	48	38	43	40	35	36	37	26	48	59	34	40	36	42	35	45	38	43	41	38	43	36	41	28	33	34	33	49	48	43	38	47	44	41	43	50	40	43	39	45	38	49	38	45	37	36	42	30	39	30	46	37	49	42	32	52	34	53	41	39	39	42	46	48	44	40	43	50	42	44	35	42	35	54	37	30	37	39	48	31	31	41	38	37	36	34	28	38	36	33	23	31	43	27	40	47	52	39	31	32	37	32	34	48	38	35	50	49	42	35	27	41	50	45	30	41	42	34	37	43	44	35	45	35	41	35	25	39	40	43	43	47	42	40	37	42	46	36	34	45	39	35	36	44	31	41	52	40	37	44	33	38	48	39	50	46	42	33	29	36	38	53	38	44	31	44	50	43	33	41	42	31	23	42	32	47	41	36	35	31	42	39	25	35	36	37	42	39	46	31	45	34	40	42	44	40	42	36	55	53	46	37	39	52	36	33	37	42	46	44	39	37	40	31	34	51	49	33	34	44	28	26	46	46	27	33	38	39	37
cell162	61	55	54	50	47	51	56	52	52	53	54	56	68	67	57	58	48	44	54	53	49	57	59	53	60	56	49	63	50	63	62	58	59	57	50	54	65	53	59	50	57	71	61	48	46	63	51	61	54	43	67	43	50	53	57	59	47	59	53	57	60	48	66	76	56	57	49	49	56	47	68	48	59	67	52	57	54	43	58	54	62	49	59	56	50	59	49	55	52	61	53	67	69	55	52	58	54	41	46	48	49	44	65	54	47	43	52	51	56	41	63	57	58	46	64	52	64	44	52	42	48	49	50	59	61	57	47	52	49	59	48	47	73	51	57	60	69	70	55	54	53	61	55	56	53	60	51	48	62	41	65	60	49	62	48	52	47	60	55	60	48	37	66	63	53	52	64	58	56	71	52	61	56	55	47	48	46	55	74	64	61	48	61	47	44	57	47	53	44	70	57	61	64	49	50	45	78	58	58	65	50	49	40	52	58	59	42	53	59	44	58	48	54	49	51	53	59	59	55	45	61	56	52	62	44	43	61	58	56	51	66	58	72	60	51	53	45	53	47	48	65	65	50	51	57	58	59	60	59	57	51	51	65	70	42	58	57	62	56	52	56	65	65	52	54	51	52	55	44	58	63	48	52	48	60	46	54	53	57	64	61	52	55	56	62	50	53	51	51	54	50	56	64	42	63	47	56	56	59	48	59	58	41	52	62	53	47	64	51	59	59	44	71	63	74	63	52	64	46	51	59	43	43	65	42	41	67	42	64	56	56	61	62	56	48	56	53	63	51	45	51	62	61	55	42	61	56	44	38	67	72	61	55	61	37	58	47	65	54	54	53	55	53	45	54	49	52	73	45	53	57	66	53	59	56	45	47	47	56	48	55	53	55	53	52	52	50	49	49	49	50	54	48	56	49	57	48	56	63	57	57	43	55	43	49	50	55	49	62	55	59	54	44	68	59	70	49	69	47	52	68	42	61	58	62	52	39	60	52	53	60	61	52	58	58	43	54	45	55	54	53	65	53	46	66	55	59	52	45	68	46	68	67	52	46	50	51	59	44	53	53	78	62	46	50	54	53	71	50	54	68	54	44	58	63	49	58	69	53	54	51	59	48	53	66	59	53	47	60	55	50	52	60	50	56	57	46	55
cell163	47	43	47	56	36	38	41	49	42	56	39	50	41	49	39	48	34	37	52	44	33	45	49	49	43	41	34	44	57	47	44	66	53	40	51	58	45	54	60	48	49	36	46	56	49	50	40	43	45	43	50	45	55	47	34	36	57	46	42	47	44	40	48	46	43	48	45	52	34	52	40	35	43	43	40	52	49	42	47	42	56	52	52	49	43	45	55	45	49	36	41	52	43	37	46	44	41	56	37	46	49	31	47	43	52	41	42	45	39	52	48	45	40	46	45	48	50	41	36	47	50	44	39	45	46	42	43	56	40	37	42	54	47	35	47	44	43	54	31	34	43	43	49	40	32	35	46	58	48	42	52	57	45	34	35	43	44	50	41	55	51	34	62	56	37	54	52	41	40	42	45	36	47	52	30	53	36	40	36	63	50	46	46	41	49	49	43	50	46	43	44	40	41	50	48	45	52	46	48	48	36	37	54	41	44	47	52	42	44	37	41	45	47	37	44	38	35	41	54	55	44	49	49	41	46	45	40	52	41	51	47	50	56	26	56	44	44	46	44	38	46	45	45	46	38	45	47	41	50	61	51	53	39	46	46	62	49	46	44	36	55	39	43	31	42	47	46	62	53	47	32	56	49	49	45	38	45	45	55	51	54	46	46	45	27	45	42	52	55	43	48	49	54	45	45	60	46	45	56	36	48	51	52	47	47	50	60	55	50	41	54	45	30	46	49	43	45	39	35	53	45	51	57	37	43	39	41	42	40	45	53	45	44	48	38	36	49	51	32	42	43	48	51	34	51	50	39	50	43	49	53	51	45	49	56	47	52	41	36	32	45	40	45	42	42	39	48	43	39	50	55	40	40	39	53	62	43	35	42	40	41	48	42	44	44	63	50	36	46	43	29	34	44	41	42	32	42	39	40	56	50	40	39	53	45	38	55	37	53	45	49	37	41	39	38	38	49	48	51	58	45	52	45	44	48	53	43	40	39	47	45	32	41	55	53	40	56	32	33	30	44	39	33	42	51	57	45	43	55	46	48	38	33	53	44	46	54	43	49	52	54	47	33	32	42	41	33	33	32	52	49	50	44	45	43	42	34	43	32	54	37	39	37	54	49	44	52	46	56	39	46	41	42	46	42	56	39	40
cell164	63	51	47	56	41	50	60	44	53	54	51	42	57	52	48	38	45	52	46	43	43	46	52	62	50	57	64	50	63	45	51	61	71	55	55	45	50	61	73	57	53	48	52	59	52	56	45	38	56	53	49	53	56	52	57	47	59	48	52	64	67	62	64	56	59	44	51	53	56	51	36	47	56	56	45	56	43	54	46	71	41	54	47	38	39	58	50	55	64	46	52	57	55	61	54	55	57	56	54	61	54	41	47	48	49	51	64	55	56	67	64	59	50	55	48	43	55	49	60	51	48	45	56	56	66	51	47	74	60	54	34	61	46	43	51	54	43	60	51	53	58	49	61	47	51	53	51	74	58	52	64	45	43	50	42	55	68	49	52	57	45	43	60	45	53	56	58	67	51	58	59	55	47	54	47	57	48	59	48	53	49	47	55	63	53	66	42	55	52	55	53	68	54	46	52	65	58	64	38	37	47	55	51	61	61	53	47	69	67	54	48	58	44	64	64	61	38	41	58	52	54	47	48	52	53	64	52	63	48	50	61	62	55	48	59	50	53	43	65	55	64	64	50	53	46	46	57	55	63	55	49	63	45	49	56	45	65	47	52	49	42	62	41	65	59	58	55	58	61	50	64	56	55	50	50	45	53	59	47	48	43	52	46	59	62	56	55	52	51	39	49	54	46	59	54	52	49	72	69	47	44	52	43	64	52	53	57	53	58	47	59	44	40	59	46	61	39	54	60	49	58	57	45	39	54	57	70	48	50	55	61	53	52	72	58	61	53	59	48	45	59	42	58	55	42	46	52	51	52	59	41	39	47	63	48	56	53	50	57	48	52	61	56	30	62	57	49	49	40	47	56	52	58	54	65	69	48	51	48	63	50	50	57	40	50	59	61	58	62	47	68	53	61	48	43	49	60	56	42	52	39	33	60	59	66	45	51	49	54	53	44	49	54	34	55	43	68	55	50	56	54	49	54	65	51	60	48	49	46	50	58	46	55	42	61	52	50	45	50	55	53	57	52	44	57	61	51	50	53	48	56	61	58	59	51	55	59	47	55	72	42	41	51	50	51	48	57	60	57	36	40	53	52	55	58	51	47	49	49	57	45	61	47	48	52	56	47	45	41	48	55	63	38	39	50	57	44	40
cell165	63	52	54	60	42	48	57	40	57	66	52	55	60	47	57	46	50	61	42	50	55	33	43	54	49	45	57	60	61	58	69	44	60	73	43	49	61	53	69	56	55	51	56	52	54	51	50	94	123	119	104	101	108	120	106	116	108	123	109	110	114	118	115	119	103	123	117	121	107	117	115	103	111	115	118	90	119	111	92	121	110	64	58	64	0	0	0	64	67	68	45	54	36	43	46	49	54	57	50	49	44	59	46	54	53	67	52	64	46	46	46	57	52	49	57	51	54	44	43	71	53	52	53	62	61	53	51	67	42	49	42	36	65	43	37	53	52	58	53	59	64	54	63	54	54	53	54	60	68	56	61	49	35	49	38	51	49	47	63	53	49	40	48	49	54	54	55	49	58	58	49	53	51	71	69	50	57	59	47	61	56	43	52	53	50	59	58	49	49	48	45	64	50	50	48	52	69	56	72	72	56	58	72	44	40	53	52	67	44	54	49	68	50	76	74	59	51	45	43	51	62	55	29	49	58	48	57	51	58	52	60	47	54	60	47	44	53	61	45	57	56	55	59	60	45	55	43	50	80	42	44	56	53	51	56	64	50	62	46	59	49	54	63	45	50	58	49	46	50	61	58	51	40	58	68	48	56	44	57	60	60	53	52	62	69	55	55	57	51	48	58	53	61	51	66	55	46	58	58	46	57	45	54	49	54	48	58	53	48	56	60	47	59	46	33	60	58	65	44	58	45	51	52	43	42	62	52	52	54	52	47	50	52	62	65	60	45	79	71	55	51	64	61	61	61	59	41	52	49	43	47	49	44	62	39	52	46	43	45	53	50	64	47	47	65	52	53	55	58	53	57	49	61	60	59	54	49	60	42	44	52	67	53	62	78	66	52	46	44	50	49	53	56	50	46	50	67	56	44	54	50	53	63	50	58	47	64	71	61	64	64	55	51	59	44	70	62	59	54	61	68	44	67	53	50	54	47	59	48	43	41	50	52	53	59	39	54	37	56	54	59	40	59	57	57	59	59	56	49	51	55	47	51	51	56	50	50	41	43	56	56	57	51	44	55	52	47	58	57	48	64	59	50	50	37	45	53	47	53	50	59	52	44	66	61	61	53	62	53	54	46	52	50	44	41	43	43	43
cell166	72	71	72	81	66	64	87	73	67	61	75	56	68	77	77	65	78	70	73	70	63	81	72	75	71	76	72	68	70	71	62	56	83	64	67	68	78	80	77	72	88	64	57	62	75	84	71	56	62	66	72	61	79	59	58	82	82	61	76	73	63	53	75	68	78	83	80	55	81	83	65	62	80	58	70	73	76	58	70	82	66	70	79	66	68	63	76	82	69	70	68	60	88	69	65	74	63	66	58	65	75	79	76	67	59	54	63	70	57	73	77	65	78	71	67	59	81	73	70	76	63	73	74	68	66	76	74	60	61	60	80	70	74	79	87	67	63	77	74	64	80	69	70	72	70	64	76	80	73	56	73	62	82	66	65	62	77	66	67	65	70	68	79	67	84	80	73	73	73	69	73	60	55	69	74	88	93	80	80	69	78	82	58	70	68	70	65	72	65	74	67	66	74	73	61	83	63	62	90	67	77	68	69	59	61	89	70	65	71	73	74	74	79	64	72	54	78	67	75	69	76	85	70	70	70	77	87	71	72	74	96	90	74	97	64	63	73	78	72	81	76	63	71	69	70	90	70	69	68	73	76	73	81	65	71	72	78	77	84	66	72	84	86	61	72	76	45	92	77	79	73	77	70	66	58	78	66	68	73	71	65	77	59	58	67	74	74	85	58	58	73	67	64	60	64	74	72	59	51	61	68	65	67	67	83	65	74	61	77	80	67	64	76	59	60	81	68	71	58	85	79	71	71	58	73	75	76	61	66	69	70	72	66	87	71	81	73	68	71	67	81	60	81	47	65	75	73	77	61	76	67	72	63	70	59	59	61	61	62	53	70	76	75	69	81	74	86	74	67	74	72	78	54	54	57	83	60	61	71	62	62	92	69	67	65	66	63	53	66	72	72	68	71	74	61	76	54	81	71	61	77	62	90	72	69	87	68	67	76	77	78	69	69	74	54	67	71	77	74	67	75	63	89	66	95	77	77	65	74	72	68	86	58	63	70	64	85	59	63	72	62	65	67	67	80	79	62	69	70	66	65	98	67	86	57	85	70	58	73	69	82	65	85	59	80	83	70	97	75	72	77	61	64	70	73	94	61	59	81	99	74	66	63	72	86	66	77	68	73	78	75	77	66	91	57	64	57	57
cell167	37	46	48	43	29	43	53	33	42	41	44	34	53	44	45	40	38	64	46	33	39	46	37	44	53	48	42	40	53	42	48	42	48	48	51	46	47	42	40	35	33	43	58	47	33	35	53	47	48	40	43	41	39	43	43	45	44	60	40	60	40	33	38	42	32	33	38	47	39	44	48	43	41	41	49	38	43	47	43	32	41	51	43	48	48	47	43	43	31	31	53	45	31	35	41	36	48	46	42	48	32	34	46	44	35	34	36	52	42	44	46	28	43	52	52	42	51	50	36	43	42	47	43	45	45	43	29	47	45	46	44	51	43	51	44	47	49	52	39	40	40	46	42	47	37	39	37	59	39	38	50	47	36	46	55	39	40	32	49	53	38	48	36	34	30	44	42	37	44	41	48	49	39	36	40	35	53	49	36	47	44	43	38	40	47	56	36	47	29	46	45	41	49	33	41	52	48	40	40	46	64	35	42	49	37	55	48	50	55	49	55	48	48	38	34	42	37	41	44	44	44	47	40	42	41	50	48	45	35	45	36	37	40	41	46	39	36	50	38	45	40	45	39	32	56	45	47	46	48	34	41	36	45	53	46	50	45	41	49	47	38	49	51	41	57	45	45	50	41	40	46	35	62	37	43	44	31	46	56	42	58	39	45	43	39	42	45	38	44	29	33	45	45	36	43	43	38	40	44	43	45	51	44	55	40	47	47	42	44	46	34	33	41	37	43	38	35	46	42	55	47	41	46	46	48	42	41	39	33	60	39	48	47	44	49	50	40	44	45	28	35	51	45	31	37	41	43	38	48	47	60	44	44	37	38	43	41	47	41	50	39	42	39	38	44	37	41	45	44	31	31	31	41	49	48	31	49	40	54	44	28	46	42	51	54	40	45	45	29	52	41	42	38	41	35	43	49	35	42	46	50	30	36	39	32	44	46	37	43	43	53	36	42	41	35	47	45	48	43	39	38	40	42	47	42	50	39	41	63	49	38	56	43	41	46	45	48	54	39	39	45	46	45	34	47	50	46	44	44	42	37	41	35	43	33	47	42	48	45	35	52	31	43	34	37	47	47	63	36	36	45	58	44	37	50	41	38	31	43	46	41	40	34	41	45	49	33	35	37	42	42	50	49	33	43	47	37	34
cell168	28	27	35	27	31	39	39	26	36	22	22	27	35	31	33	42	31	25	37	28	32	28	34	43	37	24	39	27	35	29	29	38	34	36	34	38	30	30	35	31	21	27	21	27	35	28	32	23	28	39	38	27	25	34	24	39	38	41	28	41	34	28	34	38	44	26	29	42	23	34	39	25	21	24	39	33	28	30	34	29	36	27	31	33	27	33	29	37	42	41	25	38	26	25	23	34	34	24	23	43	29	29	37	29	25	23	30	28	37	21	35	28	23	26	36	37	39	32	37	22	26	37	24	28	29	37	36	24	36	24	37	31	40	29	25	30	31	38	37	25	30	39	32	31	34	23	26	48	39	19	42	28	34	32	35	35	33	30	36	33	31	36	36	31	34	38	31	37	30	31	25	31	25	25	34	29	25	34	29	39	29	35	26	37	28	26	39	40	43	35	39	38	32	28	42	24	29	30	36	20	29	29	34	34	19	26	30	38	33	28	24	20	48	32	37	24	37	28	26	32	34	34	23	33	25	18	35	36	24	24	30	32	38	37	31	30	31	24	33	30	27	20	29	36	27	37	26	31	24	26	33	36	27	39	30	32	36	29	27	31	28	29	32	33	28	28	35	40	39	35	35	37	35	22	36	27	40	34	27	25	27	31	45	34	46	33	28	36	27	27	25	29	36	42	29	45	35	31	35	31	20	29	32	43	25	32	37	23	22	36	31	23	32	28	33	36	37	31	43	30	26	35	27	35	30	34	28	32	24	16	35	34	35	35	32	36	30	35	29	30	37	21	34	32	26	23	36	31	35	27	31	26	31	29	28	23	29	22	23	25	30	25	25	36	35	30	36	30	21	26	23	23	24	42	32	38	26	32	27	32	28	40	44	23	29	27	29	30	30	41	29	20	34	34	28	36	36	31	34	31	22	24	21	31	27	26	30	27	33	30	33	31	28	31	31	37	34	31	33	39	30	31	37	15	39	28	35	28	31	34	34	31	41	19	38	33	26	24	33	39	34	29	30	25	27	32	38	28	33	27	27	37	34	35	22	34	33	31	29	25	29	28	30	26	33	44	28	43	35	31	32	20	33	28	23	33	37	25	36	29	25	37	30	22	28	27	27	31	35	40	33	31	33	38	31	23	27	24
cell169	73	44	56	86	63	76	81	75	75	57	67	68	63	80	66	68	53	64	59	58	55	74	64	64	55	62	76	67	65	81	81	74	67	79	63	74	64	63	75	67	74	75	72	73	67	56	75	73	72	70	63	60	65	64	79	77	66	61	80	70	62	62	67	67	59	52	79	67	61	64	67	72	69	80	68	51	71	56	68	75	66	62	70	59	55	66	90	66	68	61	61	72	75	58	52	69	58	67	44	73	73	74	66	63	64	63	69	65	57	61	74	69	69	50	69	61	88	56	59	76	63	60	64	60	56	75	61	67	72	73	67	62	87	55	65	79	67	65	85	68	78	56	66	62	63	76	59	68	66	61	63	70	64	81	52	74	70	77	46	58	66	70	80	68	60	76	54	58	72	69	69	60	61	58	86	75	69	66	62	75	61	59	56	54	69	57	62	57	73	58	55	60	65	64	71	73	68	62	64	70	65	57	74	62	72	67	76	86	72	58	80	66	63	46	74	72	71	61	71	76	67	69	55	66	69	54	67	78	65	56	70	61	44	77	66	56	50	78	78	64	74	70	74	53	56	62	54	50	88	62	64	77	58	72	74	48	68	56	59	64	52	75	54	64	69	65	62	67	58	69	67	60	60	73	80	66	69	85	74	78	59	59	70	64	73	64	72	69	73	56	70	76	62	63	66	75	73	88	68	58	55	58	69	87	62	77	69	71	70	63	63	57	69	67	70	77	64	78	53	62	68	59	68	63	58	67	80	57	61	61	55	66	58	73	65	61	43	73	57	53	75	59	70	61	61	64	64	70	60	57	67	52	62	70	51	58	70	73	70	60	65	56	87	46	66	52	67	55	75	47	67	58	75	64	60	54	72	66	69	73	64	71	74	80	65	86	70	53	65	48	55	86	52	63	68	58	75	80	64	93	61	48	67	60	77	67	72	68	74	67	72	75	73	48	57	75	62	67	73	78	59	62	59	52	66	78	62	73	53	65	51	53	59	68	64	61	65	51	69	67	75	76	54	69	75	78	60	57	70	62	68	65	65	73	50	73	65	61	52	64	62	75	69	59	65	72	63	72	61	48	78	75	64	60	60	56	67	69	58	63	74	74	52	62	60	75	75	60	54	66	59	67	71	61	68	61	50	50
cell170	41	49	37	46	40	42	31	35	38	54	36	42	54	60	43	38	58	40	43	44	34	53	45	39	61	45	59	42	51	46	39	34	53	39	43	39	45	51	55	56	27	50	49	47	46	45	39	88	93	86	101	92	90	102	69	91	74	94	82	79	92	104	87	90	103	82	66	101	93	90	77	92	100	102	93	80	100	87	73	90	85	35	47	47	34	42	54	47	49	29	43	43	46	43	40	39	36	40	36	44	40	42	44	47	41	42	46	46	45	55	50	38	40	47	49	48	50	38	38	48	42	48	48	47	40	34	37	49	39	36	37	45	50	36	31	53	47	47	42	47	61	48	41	39	41	42	53	48	37	38	50	49	46	41	50	42	43	46	45	48	37	47	49	53	38	42	38	39	46	40	59	35	44	41	40	31	45	54	43	44	39	50	45	40	45	34	34	44	50	47	47	38	46	45	34	40	41	41	46	39	38	38	37	60	51	42	35	43	53	30	39	47	44	38	36	37	47	34	56	45	36	38	33	46	42	46	49	36	44	47	50	43	45	47	54	45	36	42	44	41	53	55	44	46	51	52	37	63	57	42	42	43	50	52	41	43	39	38	39	38	41	51	56	40	39	43	40	52	40	46	37	29	40	43	44	48	41	56	44	46	38	40	44	44	41	46	35	37	49	40	43	40	43	40	43	48	37	39	43	35	54	48	46	49	33	41	57	46	34	41	54	29	36	37	54	62	46	50	42	47	49	43	38	28	40	55	38	43	48	36	42	46	25	39	50	40	29	37	22	44	40	41	59	47	40	36	51	36	56	42	52	33	44	43	40	36	37	46	51	39	46	33	41	39	39	37	44	43	39	47	55	42	44	43	43	43	33	42	48	50	53	51	44	33	47	48	45	42	32	45	42	40	41	38	43	40	47	48	31	38	40	47	32	52	49	44	34	45	37	45	45	51	49	47	56	51	47	37	48	56	44	39	28	31	39	40	37	47	49	30	33	45	51	40	44	45	46	43	42	46	42	33	42	40	51	42	45	38	51	47	47	44	36	57	47	44	46	40	45	47	38	38	44	40	63	52	41	63	36	46	44	50	37	40	45	39	38	47	42	49	42	40	44	48	33	55	45	39	39	45	48	47	35	48	39	35	37	40
cell171	64	80	59	69	55	57	76	61	63	77	71	68	81	62	79	70	69	63	61	69	52	80	66	68	68	70	80	68	75	61	79	72	80	64	57	64	65	63	62	74	75	56	67	70	56	68	72	138	126	130	131	129	126	133	118	175	129	150	143	135	147	129	121	144	140	131	148	119	147	135	134	121	142	140	126	153	145	123	130	124	130	77	55	58	0	0	0	73	58	68	57	72	52	59	62	52	52	54	78	75	63	53	86	48	49	52	77	67	68	73	73	70	68	65	56	60	76	62	60	59	65	68	58	68	76	57	67	68	62	60	58	78	77	55	52	55	76	58	60	58	59	68	74	77	63	69	57	81	51	60	74	59	58	54	63	56	64	73	81	58	60	45	71	69	62	67	48	55	56	67	66	67	61	78	77	61	58	62	77	65	80	65	60	65	67	69	61	71	77	71	55	65	52	79	53	68	70	66	72	83	72	74	67	71	62	60	67	80	62	69	68	65	60	70	64	59	66	52	72	82	60	54	66	53	59	58	62	72	53	55	80	60	75	69	79	69	54	72	71	68	76	68	57	51	61	64	71	82	94	78	62	56	59	46	80	57	54	68	69	60	55	78	78	83	66	69	62	73	76	77	65	69	78	71	82	66	61	68	78	68	82	58	87	54	59	77	74	75	66	67	75	85	54	72	64	78	68	54	62	73	66	81	52	74	86	81	69	70	74	67	76	54	61	62	69	71	57	76	63	56	58	62	62	63	50	62	57	77	67	68	59	71	66	72	75	77	55	75	64	72	78	67	58	76	74	64	75	63	65	71	60	63	78	60	78	68	58	64	67	60	71	62	80	56	82	58	64	66	76	64	70	77	69	60	58	59	79	65	56	69	62	60	68	61	69	84	76	74	62	66	76	84	60	71	68	65	69	63	59	71	79	48	67	73	50	71	85	67	72	66	57	56	46	66	59	72	76	55	66	76	45	54	61	67	56	72	72	61	62	60	68	74	70	64	78	71	75	50	63	58	54	83	85	64	61	71	60	63	66	70	76	77	70	62	71	65	52	66	71	83	73	75	70	61	65	71	51	79	67	79	64	62	77	63	75	58	59	59	57	68	57	44	55	57	60	65	76	67	77	62	65	75	69	69	66	69	65	55
cell172	57	40	45	54	41	65	53	38	39	59	56	55	57	38	46	43	50	36	53	62	57	48	40	65	57	64	53	61	52	53	59	50	62	59	65	57	64	48	74	45	58	53	56	58	69	40	53	59	54	53	61	49	44	54	58	54	58	58	51	57	47	58	59	49	35	65	48	58	56	58	54	65	45	50	59	56	42	55	48	58	49	55	61	49	60	64	58	53	62	63	60	59	44	49	42	45	53	57	66	52	48	41	66	48	58	39	64	52	60	63	57	63	56	46	54	54	67	44	42	59	50	62	44	50	47	51	55	48	53	62	47	62	54	45	58	50	59	57	50	55	50	50	58	57	45	53	60	58	52	43	60	55	54	50	48	47	50	44	45	48	54	42	66	57	42	67	54	65	42	50	62	55	55	53	60	74	51	56	58	64	44	60	47	46	50	70	55	46	44	57	47	52	47	42	66	56	55	49	66	52	68	42	63	62	61	51	63	49	68	46	52	42	54	64	49	45	43	48	46	67	67	45	42	59	60	51	40	69	51	52	65	61	55	50	48	58	60	69	58	44	57	49	66	51	66	55	45	49	57	66	51	49	46	60	67	48	65	35	45	40	41	56	61	49	51	64	55	49	65	54	52	57	43	59	56	48	47	55	61	59	68	48	56	50	55	65	57	47	52	46	39	55	51	65	50	59	37	58	49	56	53	56	60	60	55	59	56	49	59	56	40	58	57	45	49	66	55	60	52	63	51	53	55	45	52	60	65	62	45	51	61	53	51	54	55	54	43	63	58	57	58	50	72	62	58	44	47	63	53	45	47	56	42	54	55	61	62	63	59	62	59	59	55	54	57	50	56	47	52	40	59	50	52	53	41	57	52	57	52	50	54	52	49	53	45	56	51	47	58	56	48	48	47	54	67	45	53	53	54	53	47	44	37	50	48	56	68	63	50	51	60	49	61	54	56	57	59	74	54	55	57	43	62	59	50	54	53	48	43	54	58	48	51	39	56	70	57	49	40	48	58	72	63	53	53	61	50	62	53	62	53	56	61	56	56	46	58	53	55	63	54	59	40	56	51	58	44	49	47	62	68	52	50	51	58	56	35	54	55	50	49	58	48	38	66	53	60	51	59	52	56	55	55	58	68	59	49	53
cell173	50	50	43	49	47	42	47	45	48	51	41	54	41	48	45	42	26	39	64	46	44	50	48	37	41	44	53	57	52	60	40	47	46	40	33	43	43	49	52	55	41	55	44	42	49	61	35	53	35	34	42	39	42	46	46	50	44	57	42	37	54	50	56	50	50	51	44	51	55	66	44	35	38	54	49	46	45	38	42	53	40	48	43	52	37	46	47	35	43	28	53	53	42	38	44	42	55	44	36	49	50	51	49	45	48	41	54	56	47	51	50	52	43	40	51	57	47	47	49	55	49	59	52	39	53	51	37	46	47	50	51	43	48	56	40	53	37	55	35	37	44	39	46	46	36	48	52	47	50	45	46	46	61	51	51	51	59	50	53	44	43	43	41	63	43	49	34	43	42	44	58	38	37	56	44	54	54	41	47	57	51	61	43	49	44	64	43	54	54	52	47	51	45	42	55	37	61	54	45	43	40	42	42	41	48	53	59	45	48	39	43	51	59	44	54	38	47	41	42	50	55	38	40	48	53	60	46	51	54	29	39	43	41	39	40	44	36	49	51	42	56	59	58	48	40	55	42	55	34	45	37	49	55	42	40	50	50	46	44	36	68	40	42	36	49	37	51	53	49	49	38	50	43	59	41	57	43	39	40	45	42	38	49	51	51	45	50	44	38	43	47	47	41	42	46	41	43	53	37	38	50	52	37	50	55	40	46	42	31	37	53	41	52	50	43	53	28	50	54	45	44	45	39	48	37	44	50	44	34	44	39	42	44	50	39	38	40	44	38	36	48	31	47	47	36	42	33	53	48	41	41	44	47	46	38	50	40	48	45	41	48	46	50	55	52	51	52	43	49	45	37	48	43	43	52	49	52	49	49	47	45	47	39	47	37	60	42	41	48	49	49	49	40	47	44	45	46	50	48	49	51	38	36	38	46	44	45	44	49	57	62	46	37	36	37	50	54	48	49	41	42	56	37	50	41	49	51	39	38	42	47	60	46	54	43	43	49	43	37	58	56	67	50	40	45	52	41	41	60	61	39	42	48	57	34	41	48	37	37	51	40	49	49	42	40	58	52	50	42	49	42	39	47	52	43	50	45	42	46	46	48	39	48	62	44	50	53	43	38	56	39	45	49	34	43	53	34	36
cell174	47	35	68	56	60	55	53	52	61	48	59	69	52	51	74	54	44	55	54	58	46	52	55	69	53	51	64	51	52	52	63	63	59	50	44	49	46	68	44	40	70	48	45	55	64	47	49	45	60	48	51	54	53	60	61	62	53	56	45	63	53	61	48	48	55	63	56	51	46	63	51	52	70	57	41	38	57	56	43	65	59	51	50	58	56	57	59	48	71	57	51	43	50	47	60	49	61	47	59	45	58	34	52	44	42	55	46	57	47	46	53	53	47	49	50	57	58	58	51	58	40	64	58	62	59	45	52	41	58	50	47	59	48	53	54	43	53	53	54	53	65	59	47	69	56	59	47	51	53	55	56	54	51	62	52	38	55	58	58	66	67	64	49	59	64	54	51	52	52	57	48	47	44	64	59	56	48	47	44	52	59	62	51	55	52	67	58	56	60	51	49	51	45	46	61	53	61	63	49	54	48	55	50	51	49	46	49	47	55	49	53	43	57	45	49	59	66	42	55	56	52	46	47	55	60	59	53	66	41	51	67	54	58	57	54	46	53	63	66	56	57	73	45	42	55	63	54	63	60	56	47	47	45	50	57	47	51	75	42	65	55	65	48	56	40	52	52	57	51	61	55	70	50	43	44	63	64	45	54	42	45	47	61	45	46	49	59	55	53	39	50	63	48	49	51	55	52	55	45	60	54	56	54	68	64	59	53	61	49	69	55	57	46	64	67	54	43	54	50	46	55	45	66	45	48	48	60	42	51	51	50	46	48	53	55	61	46	58	46	51	49	52	57	42	49	55	48	58	59	49	48	70	66	49	58	44	37	64	64	65	64	54	56	56	49	65	47	55	54	64	59	54	76	37	60	67	57	57	46	57	44	48	48	62	51	57	54	54	50	55	66	44	50	57	49	43	48	60	49	47	49	49	42	45	53	58	52	51	44	57	55	43	47	47	57	43	51	60	59	60	43	51	43	52	65	50	50	55	54	50	71	46	66	60	41	45	64	52	71	51	63	64	58	52	48	66	53	69	52	61	41	63	46	64	56	48	50	41	56	58	60	51	48	46	63	57	49	57	58	50	49	59	57	42	49	45	54	43	54	69	56	63	56	54	53	62	39	45	43	48	50	57	56	54	53	48	51	47
cell175	85	79	75	85	68	62	71	68	87	66	93	82	88	76	99	74	68	89	76	87	67	83	76	83	91	82	77	90	96	93	79	93	76	75	84	98	94	85	111	98	86	82	77	87	86	85	77	83	104	92	80	84	99	99	94	105	86	101	93	91	92	75	93	76	87	87	90	80	78	76	86	99	89	101	84	91	80	71	99	89	76	108	83	84	101	65	93	82	96	77	81	86	76	94	89	63	78	71	91	91	82	90	96	76	80	80	83	85	85	80	73	85	81	82	98	73	121	85	71	90	67	85	96	89	82	98	81	99	88	101	77	83	95	77	79	78	81	81	87	80	103	84	63	85	89	92	91	103	76	94	93	73	92	96	72	77	91	103	90	75	72	84	88	78	97	85	70	74	90	80	87	85	79	83	90	90	111	76	105	89	85	74	88	82	64	97	75	88	101	81	73	100	96	79	106	73	105	86	68	80	84	88	77	94	95	84	103	83	104	99	97	89	104	110	93	77	87	67	75	90	87	85	70	90	85	91	92	96	83	81	104	97	90	101	98	73	74	92	100	74	88	103	97	94	80	96	73	100	112	81	82	99	83	92	96	80	70	83	89	89	79	97	93	79	71	97	73	108	89	88	64	101	85	80	101	85	91	80	83	82	83	65	96	88	84	88	84	87	77	94	62	76	81	79	91	81	87	100	88	82	80	70	84	79	83	83	94	84	88	86	109	81	87	72	86	89	75	107	69	87	82	94	80	87	78	80	88	77	82	94	72	89	89	87	96	91	87	76	86	77	97	72	93	90	84	85	91	92	90	100	104	65	77	72	91	79	96	80	65	92	96	94	94	82	89	93	106	93	85	77	93	78	97	70	87	77	87	93	79	80	81	100	65	88	93	114	67	86	90	70	90	95	85	86	85	91	88	98	71	83	83	59	82	89	87	87	91	90	76	89	97	92	78	87	79	95	91	87	100	92	84	76	67	95	99	78	89	92	72	101	71	94	74	92	78	83	79	77	73	97	76	92	83	79	87	94	101	89	77	87	78	95	98	91	79	97	93	84	84	87	79	81	110	78	79	100	91	102	112	66	104	102	81	89	77	98	62	70	98	80	77	87	75	82	86	98	77	76	72	88	89	78	94	81	88	83	63	76
cell176	107	63	63	99	112	82	88	93	107	77	80	97	91	92	99	79	81	74	107	86	84	94	90	87	87	77	106	93	93	93	102	90	112	91	85	80	75	100	96	97	82	70	94	84	91	82	83	178	171	178	168	181	181	173	188	200	194	176	181	192	189	172	200	183	173	202	198	193	166	180	164	182	207	158	153	195	160	180	165	210	151	84	97	98	0	0	0	66	89	91	78	85	65	82	74	79	80	73	73	103	87	92	68	81	89	88	95	88	74	78	120	89	99	98	91	82	91	88	87	104	74	83	84	98	86	95	85	88	97	76	77	100	96	98	99	101	90	88	90	99	96	97	74	86	88	97	85	113	75	100	82	80	66	88	84	78	85	97	84	95	83	102	106	83	77	94	93	94	79	85	82	80	87	88	83	109	97	83	86	100	85	74	87	71	76	100	89	92	83	87	73	76	82	94	98	102	97	83	85	94	73	79	100	90	99	83	113	80	111	91	93	107	97	79	92	90	80	67	83	75	90	97	99	86	74	87	82	83	86	73	113	81	83	76	93	88	93	106	106	92	102	121	85	96	79	90	74	93	97	103	86	85	85	90	81	78	87	86	80	106	86	97	96	84	110	80	75	118	107	89	83	87	82	85	83	81	95	94	89	100	108	92	103	80	86	65	81	84	94	75	84	83	94	100	87	100	89	91	83	97	76	89	70	112	89	90	95	76	79	84	100	87	82	65	91	100	71	91	77	92	87	89	78	76	83	96	101	101	78	84	84	101	75	68	86	89	70	88	102	82	91	98	95	90	85	85	83	79	102	90	93	84	101	88	92	98	95	70	92	89	86	80	91	89	67	92	105	83	77	79	103	99	98	87	81	107	84	82	82	82	71	122	74	101	83	97	88	102	86	87	91	83	85	94	81	86	80	97	89	81	85	79	80	83	73	73	88	86	98	94	105	82	78	90	81	111	92	85	101	82	89	103	84	91	93	62	93	86	90	81	107	86	100	83	90	100	93	69	110	86	110	111	84	99	86	87	87	90	98	76	89	99	90	85	80	83	92	82	93	100	94	86	88	76	110	88	98	99	79	82	102	83	89	80	85	93	77	98	68	84	75	87	76	95	87	77	105	94	81	73	100	100	83	98	111	86	75	84
cell177	44	40	57	49	46	32	47	45	55	46	44	51	53	42	54	56	51	37	40	49	33	46	38	48	46	59	53	53	51	47	38	45	66	49	49	57	45	46	67	51	49	53	41	56	48	43	65	41	40	49	52	29	52	41	52	57	42	51	60	45	61	52	48	40	51	43	43	42	53	47	45	45	52	49	45	52	49	41	40	44	52	43	41	34	54	43	66	51	56	41	70	60	41	55	42	46	59	57	51	49	44	48	49	48	56	38	43	61	40	51	61	52	44	52	47	36	40	56	35	55	39	48	41	47	53	59	46	52	49	48	43	53	54	56	53	47	68	44	46	43	42	49	51	50	48	51	61	53	55	44	35	50	50	51	39	52	42	60	43	48	60	39	48	63	51	33	44	51	55	54	53	39	39	50	55	57	45	46	44	56	54	53	40	51	52	52	56	42	54	54	41	50	46	48	50	43	52	41	48	46	48	61	55	52	53	53	45	62	47	51	53	69	50	43	51	47	53	57	46	53	50	45	47	42	48	50	48	59	51	60	35	48	64	55	66	47	38	39	51	54	59	57	54	47	40	60	54	45	57	45	54	33	33	52	55	49	51	40	48	55	39	45	45	49	49	43	55	43	64	54	47	48	49	50	59	48	57	43	50	46	44	44	43	51	56	48	47	42	49	36	50	49	51	46	54	61	47	63	39	43	39	37	45	54	62	45	64	34	51	55	47	51	41	60	54	57	42	41	43	48	54	39	41	36	48	44	38	44	54	51	55	54	56	42	51	53	44	44	42	49	40	54	50	45	39	72	51	45	51	50	48	38	48	54	54	46	34	50	64	30	41	47	41	49	48	47	64	65	60	50	41	41	39	50	38	61	50	57	49	45	53	60	52	67	61	59	52	62	41	56	53	46	50	53	47	57	46	38	44	48	55	47	54	42	43	50	46	62	52	52	59	41	46	47	58	60	58	43	53	44	50	49	46	54	54	46	51	42	44	45	38	49	41	59	47	59	51	60	57	62	48	49	52	50	52	47	61	48	41	38	46	46	43	59	46	48	38	46	47	57	56	39	50	61	46	47	49	70	46	41	38	43	54	39	46	43	40	42	50	56	48	54	38	49	44	35	56	58	38	51	41	51	52	50	40	48	43	56
cell178	59	38	50	57	37	61	52	60	47	49	40	40	65	65	51	54	53	46	67	35	57	44	58	46	47	44	44	45	44	56	55	49	40	52	36	50	42	52	47	53	58	60	46	59	40	46	51	47	50	57	46	57	43	36	51	50	42	38	51	46	52	47	50	60	50	54	42	42	45	48	53	56	42	50	42	49	53	46	53	45	56	62	39	57	54	69	62	56	51	52	46	60	54	61	63	37	46	46	49	42	49	43	60	40	47	40	61	64	49	46	50	44	51	46	42	47	62	35	43	49	42	55	43	52	50	44	46	52	47	54	50	66	49	51	54	39	58	41	52	41	57	52	53	59	60	62	54	51	48	55	49	52	41	46	52	52	57	47	59	56	56	57	53	53	44	70	59	48	51	55	44	47	59	43	58	57	37	52	55	57	39	47	53	35	49	55	56	37	45	44	45	48	53	49	61	44	46	48	47	38	53	51	52	44	50	39	59	61	48	56	52	49	56	42	48	42	42	41	49	52	53	62	49	49	56	45	50	48	49	51	64	52	52	62	47	34	50	65	50	31	39	52	59	45	57	58	68	58	54	54	55	47	49	52	53	54	49	50	51	46	52	47	62	45	55	52	41	48	60	47	35	39	37	58	41	51	42	46	48	48	41	57	59	37	37	47	54	49	60	50	55	49	57	57	53	52	47	43	51	52	49	47	49	47	45	54	51	46	44	51	57	36	56	45	66	60	59	45	36	44	56	51	59	38	38	54	49	54	58	51	56	56	49	66	48	48	51	55	47	28	61	52	58	39	51	53	60	50	49	45	51	48	52	43	56	59	40	50	51	55	45	54	51	45	41	49	50	44	44	28	51	45	46	60	52	55	59	48	52	39	56	53	54	50	49	51	54	61	33	49	54	36	33	60	52	62	45	51	35	46	56	48	59	33	40	50	52	48	52	55	56	63	40	61	44	65	46	40	49	73	58	55	53	46	50	45	65	43	47	48	42	52	47	45	64	46	54	50	47	54	63	41	56	46	49	68	55	42	47	43	39	58	52	54	52	50	44	49	53	59	54	40	51	48	50	53	45	66	51	49	58	49	53	45	44	57	56	49	43	61	51	37	56	53	58	50	49	34	52	56	50	61	59	51	52	50	45	52
cell179	79	72	58	58	38	69	67	83	63	60	53	73	81	65	76	64	54	49	82	59	68	62	68	67	73	77	74	58	76	61	83	68	63	75	43	63	60	71	69	80	60	60	62	55	67	64	74	63	88	69	66	55	64	66	59	84	52	80	70	71	70	79	62	85	85	60	67	46	51	60	73	58	66	60	68	65	59	69	62	67	64	72	66	67	63	51	84	62	71	60	68	71	70	64	73	49	59	60	73	78	58	53	64	60	54	42	71	77	50	65	66	90	69	54	66	61	69	61	59	58	52	61	59	59	61	65	58	69	80	68	55	66	87	77	66	66	75	67	64	76	62	45	83	73	68	60	63	57	59	74	60	61	63	53	65	58	72	68	58	59	63	72	69	60	69	68	62	69	60	77	65	60	65	76	59	68	68	61	64	61	51	72	65	50	70	55	61	62	83	75	53	72	57	83	62	68	68	47	64	71	68	69	71	67	66	73	75	69	68	57	63	73	71	69	73	70	58	58	60	67	70	68	83	67	68	59	75	60	71	64	68	57	74	65	59	51	50	66	70	66	63	60	78	64	65	80	77	57	75	63	75	61	51	63	69	64	56	73	61	73	76	78	93	56	83	59	48	65	63	90	65	66	56	78	66	63	69	69	70	75	62	55	66	71	60	72	55	68	72	55	63	69	65	63	72	77	62	71	65	69	58	69	87	77	67	71	65	56	56	61	67	71	59	60	68	85	72	61	57	72	70	59	74	60	54	53	62	64	66	58	58	76	67	68	46	63	54	80	64	42	70	69	73	56	65	62	67	65	70	75	54	61	73	54	62	82	65	69	70	58	59	58	64	60	63	66	59	61	77	70	82	47	55	66	55	81	58	69	75	50	57	55	61	72	71	73	74	70	60	57	69	71	68	55	83	66	55	66	55	78	56	68	59	70	65	46	68	62	68	61	69	64	80	69	67	69	57	57	78	80	63	60	73	85	67	63	61	57	74	55	71	66	62	69	68	75	61	52	63	52	69	63	79	81	54	98	72	72	60	80	57	69	76	81	64	57	60	80	69	73	63	55	43	75	71	70	50	75	72	59	75	63	76	51	60	71	54	54	53	73	63	57	73	50	69	60	65	63	67	54	62	56	77	70	62	69	61	60
cell180	45	27	34	31	34	39	35	26	33	34	41	37	46	48	39	37	36	33	51	34	35	22	46	30	34	47	41	34	46	43	36	45	44	32	48	35	37	41	34	28	37	33	38	40	30	36	44	75	78	66	69	80	88	81	71	70	73	77	87	90	77	95	80	83	88	62	65	69	62	73	89	71	66	76	94	74	85	59	77	78	69	37	44	33	0	0	0	31	43	37	44	31	42	37	30	28	29	40	32	28	39	31	48	33	30	37	34	32	39	39	51	27	49	30	49	36	37	36	31	39	44	41	47	41	47	37	27	54	33	43	26	35	49	36	37	38	40	35	39	41	48	32	40	34	25	35	32	39	37	42	39	35	36	40	37	34	37	41	45	42	42	44	36	44	38	58	35	48	47	35	47	52	33	43	36	32	39	30	29	46	37	38	39	38	33	40	48	41	47	47	40	38	41	28	40	46	44	32	35	29	45	41	45	34	38	45	30	46	26	31	36	35	30	21	25	35	49	38	35	41	33	25	40	30	42	33	39	43	41	45	51	36	39	31	29	31	35	43	31	34	33	49	41	27	24	37	37	37	51	41	47	32	46	36	39	47	51	40	43	39	31	38	49	37	25	37	35	29	33	40	36	41	31	35	38	29	40	28	37	32	37	36	34	38	30	36	35	36	30	42	35	27	42	42	42	55	39	31	47	38	47	55	38	48	48	32	39	22	49	33	37	31	43	30	38	37	26	44	41	40	46	46	35	31	32	35	25	47	31	26	42	29	28	47	46	32	38	51	36	31	33	36	53	31	31	42	38	57	30	37	34	34	33	47	37	39	38	36	38	38	29	24	37	46	39	28	39	42	41	36	49	40	47	33	29	42	45	46	46	43	31	51	37	50	30	41	35	34	42	38	35	49	37	37	47	37	45	38	20	28	51	41	43	43	30	34	50	35	28	42	38	38	39	33	44	55	38	33	38	40	45	30	26	36	32	45	36	40	28	26	36	35	29	34	33	37	51	36	43	31	43	43	49	39	35	42	51	45	33	32	37	34	41	30	38	31	28	34	44	30	39	33	32	46	34	45	40	47	32	50	43	30	29	25	31	26	28	37	32	42	35	30	35	47	29	43	44	32	39	29	31	32	41	29	34	37	29	42
cell181	55	36	51	60	50	51	55	47	47	55	56	45	52	45	54	60	51	49	51	53	50	64	44	42	52	56	55	55	54	49	50	68	57	57	58	43	58	46	50	52	50	60	45	63	38	51	58	65	44	48	60	37	56	57	65	58	53	54	50	51	40	57	64	48	44	55	53	47	52	49	55	60	65	41	53	58	46	46	52	41	41	59	57	50	46	45	58	59	57	49	46	49	67	59	51	52	48	51	52	65	54	46	56	44	56	55	60	48	60	50	72	48	55	46	43	46	64	59	49	43	46	44	55	55	52	39	68	54	57	47	47	52	61	72	66	47	56	54	60	61	48	57	61	68	63	44	49	53	58	49	39	40	63	47	56	48	68	42	55	47	53	58	59	52	54	60	57	48	50	69	52	57	59	50	55	47	58	56	47	75	52	56	52	56	47	64	54	47	56	53	49	53	43	54	56	56	50	61	52	54	54	54	64	50	61	44	57	51	53	53	60	54	54	48	56	41	45	42	43	63	40	68	55	56	50	67	54	39	49	62	79	54	54	39	59	55	45	52	54	50	52	59	63	55	53	61	47	66	61	55	50	53	50	57	56	61	49	48	54	59	51	71	55	50	50	58	46	54	54	55	47	58	57	55	66	53	42	63	61	59	61	49	66	42	49	55	60	50	48	71	56	50	55	62	52	56	61	66	50	42	59	57	61	72	59	50	51	51	48	60	64	43	52	36	67	63	52	52	64	47	55	71	60	46	62	47	61	68	60	55	45	57	44	59	49	58	60	44	45	50	51	53	54	49	50	54	45	50	62	49	61	52	46	55	59	52	47	49	42	46	46	43	52	38	53	64	65	43	52	45	61	44	43	51	48	49	54	60	51	66	60	72	57	56	51	68	63	46	69	48	56	62	43	47	45	32	35	58	52	60	62	46	48	49	50	66	50	51	48	63	64	60	50	55	48	43	50	46	47	51	61	52	61	65	48	38	50	54	44	48	50	41	71	43	58	53	50	43	42	68	50	51	40	57	60	61	52	47	48	55	67	59	52	53	52	59	59	48	58	61	62	38	50	59	60	69	59	68	49	63	48	54	50	52	49	46	44	48	45	44	52	47	44	61	53	51	52	47	77	55	67	62	59	53	39	63	53	50
cell182	50	53	49	51	43	47	55	54	52	40	32	43	58	43	41	47	38	39	53	46	46	54	51	49	49	44	47	53	52	49	56	50	70	37	48	42	55	47	60	47	56	48	52	43	37	48	35	41	46	62	31	45	51	52	53	54	57	61	49	62	56	38	50	70	49	44	37	45	42	47	42	53	52	38	44	48	44	49	38	38	55	49	51	54	61	35	58	38	47	47	52	54	34	39	36	38	36	48	50	33	50	47	53	50	45	42	31	41	44	47	69	56	50	49	50	55	59	46	55	41	54	43	51	44	54	47	40	49	52	46	49	50	46	51	46	51	54	36	60	66	47	50	39	47	50	42	48	44	52	35	40	39	63	42	53	61	53	52	39	46	54	44	63	46	39	59	53	63	50	54	50	33	53	42	46	39	40	51	55	49	49	44	48	54	38	41	39	46	46	55	41	45	54	55	46	56	61	40	52	40	38	51	44	38	39	50	37	54	53	40	47	36	57	50	38	55	46	49	51	66	31	50	57	53	59	52	48	50	45	49	44	53	46	56	38	49	45	52	52	54	48	54	53	35	47	52	35	45	56	61	50	39	52	56	44	40	40	51	45	48	34	49	50	36	41	49	28	46	46	46	51	37	40	55	41	48	49	51	42	46	46	53	47	49	43	45	51	36	51	46	37	49	53	47	45	52	43	52	56	46	55	45	45	51	42	52	60	48	54	35	46	44	41	33	57	45	42	40	46	48	55	48	50	44	37	51	53	65	48	51	57	63	35	51	54	38	48	65	50	41	61	47	55	45	52	39	51	47	45	56	37	50	64	42	37	43	45	39	42	49	53	48	47	47	39	39	50	52	42	39	50	45	52	46	50	49	46	47	57	33	35	48	57	60	53	45	53	60	47	46	47	43	51	60	43	35	57	49	57	58	54	38	43	58	41	41	40	45	42	37	50	53	49	47	51	49	36	49	56	49	30	47	45	51	47	48	44	53	46	38	49	44	39	33	45	42	54	39	55	56	60	41	42	53	47	50	47	66	51	53	58	58	49	56	43	48	55	44	46	48	45	51	41	45	49	45	42	63	48	55	47	46	58	49	36	43	55	52	52	40	39	48	46	49	51	54	58	38	46	38	54	55	59	37	46	61	36	36
cell183	48	47	47	55	45	45	56	43	50	50	68	53	59	46	43	57	70	59	47	52	51	57	56	41	40	53	48	52	56	65	53	62	55	49	64	43	65	63	67	51	58	68	58	61	55	57	56	53	61	54	44	44	58	63	59	59	54	74	53	49	60	50	44	45	41	69	63	60	53	61	44	71	51	54	51	41	47	56	35	65	46	50	56	60	53	56	50	43	48	50	62	67	54	46	51	49	56	47	44	49	42	57	53	49	36	35	57	48	49	45	50	39	51	47	52	39	60	56	48	54	40	61	61	61	75	60	47	80	49	61	54	59	53	56	51	62	63	44	45	70	54	31	50	48	50	45	54	49	59	52	64	55	43	42	62	47	47	60	63	60	53	39	61	59	49	53	53	48	40	61	51	57	48	63	37	61	47	46	64	67	46	43	46	58	50	55	52	60	54	57	45	59	71	45	62	61	58	48	54	42	73	45	55	43	55	54	62	68	48	57	43	56	61	52	56	32	66	58	63	57	52	48	41	44	48	59	51	39	46	57	46	55	66	53	56	60	51	59	65	49	47	69	48	68	51	54	48	61	52	44	50	41	59	54	57	44	54	60	52	57	54	67	57	46	56	51	48	50	63	55	61	53	49	57	66	43	65	36	62	58	69	74	68	46	49	50	59	51	50	48	60	51	53	62	54	58	42	50	44	48	55	55	44	56	48	48	51	43	48	61	52	50	37	38	63	54	54	55	44	51	50	57	46	54	30	55	55	62	47	62	45	60	53	50	55	59	49	42	54	56	52	52	40	54	47	43	56	56	56	56	69	51	54	46	48	52	53	55	42	54	47	53	49	50	52	58	48	62	53	55	62	56	48	55	57	53	54	55	61	42	47	56	46	73	61	48	65	49	48	42	58	46	65	56	62	53	54	46	67	54	51	38	55	41	39	47	47	55	52	60	52	47	61	63	43	53	59	54	51	60	46	50	52	54	49	47	56	62	55	64	45	53	54	61	68	41	52	52	43	44	64	67	63	52	57	56	44	56	52	59	43	51	49	50	60	66	45	38	51	47	51	49	60	48	57	54	53	63	56	40	51	48	63	44	48	60	58	52	52	57	49	49	61	61	65	78	44	41	56	56	67	63	47	53	32	49	40	45
cell184	36	43	37	49	40	29	31	46	38	27	39	28	50	26	26	31	42	39	46	46	27	34	43	42	47	33	42	43	34	30	29	51	30	40	33	28	39	44	39	51	40	43	37	34	41	34	31	40	41	43	31	35	41	36	35	35	45	43	32	33	37	39	33	31	37	41	39	36	38	35	35	36	39	30	39	37	41	35	45	37	39	38	26	34	30	32	44	38	39	43	36	45	32	34	30	41	43	31	39	40	39	29	26	35	25	35	28	32	29	33	45	30	31	33	35	29	29	36	34	34	31	39	31	35	29	26	35	36	37	30	38	41	34	30	40	38	48	43	40	39	41	33	45	56	31	29	43	37	32	34	44	41	33	35	35	30	38	44	42	36	42	36	29	45	35	36	44	37	51	45	36	33	26	33	37	40	28	45	28	36	46	46	43	34	43	28	28	42	42	37	33	45	39	44	45	40	36	49	45	39	33	35	33	33	37	38	32	45	48	37	42	33	33	38	31	30	32	31	38	24	51	28	33	37	29	34	42	46	37	25	39	41	37	47	37	38	33	53	38	40	28	35	46	40	33	31	34	42	34	43	34	36	34	40	49	38	41	42	42	34	34	42	38	27	39	35	39	38	30	35	30	36	32	38	40	31	44	25	36	36	34	38	35	42	35	33	35	48	36	38	35	49	32	32	48	24	31	38	49	25	46	30	36	40	39	37	40	34	37	47	36	24	38	25	37	56	25	34	35	37	38	51	31	35	29	28	34	35	36	35	45	45	26	36	43	37	33	44	45	38	33	43	39	39	33	31	31	35	38	27	37	42	45	32	45	34	30	35	38	28	37	35	42	40	37	35	49	37	37	44	52	40	46	38	37	42	27	41	37	31	42	33	43	39	39	35	38	32	47	39	43	40	48	41	31	29	31	41	29	35	43	24	32	31	26	29	35	36	32	34	42	39	38	33	33	40	44	40	31	42	46	31	26	40	28	33	32	25	35	36	36	40	37	28	36	38	33	49	34	39	50	33	29	25	45	44	26	29	48	36	26	33	22	46	32	38	38	32	36	28	36	35	40	29	36	43	34	35	37	45	42	53	30	36	36	28	54	41	30	37	29	48	31	29	36	33	51	35	35	38	34	48	48	53	29	35	26	34
cell185	27	34	31	30	25	28	30	35	30	32	30	28	37	29	21	36	30	36	26	39	26	31	45	25	31	34	35	29	26	35	31	36	39	25	26	29	37	30	29	31	33	23	28	24	27	33	31	33	41	37	33	32	27	23	39	29	28	33	32	40	37	28	44	24	34	33	31	29	30	27	33	24	34	26	29	32	27	24	17	31	30	33	38	41	35	29	26	33	33	27	31	27	30	35	25	25	27	30	27	23	24	28	26	30	23	21	32	24	21	30	25	19	27	29	36	31	29	29	25	31	30	36	29	24	35	30	30	27	24	24	34	29	32	23	32	23	38	34	27	31	37	27	25	24	42	25	26	36	28	21	30	31	34	28	19	26	31	32	22	36	25	40	36	31	32	28	26	30	38	35	28	32	34	26	38	25	41	26	31	30	35	31	21	31	36	44	28	35	28	25	27	34	31	30	33	36	32	38	35	29	29	26	33	34	27	35	41	35	27	29	27	17	35	33	24	25	32	31	35	31	30	29	29	30	26	28	27	21	34	31	28	39	35	23	25	27	37	31	29	27	33	43	30	24	30	38	30	39	31	26	25	26	34	33	32	36	25	24	28	35	24	28	37	27	26	34	17	34	33	32	32	26	31	44	33	20	33	33	30	31	26	33	38	27	33	29	27	29	31	24	27	29	30	36	24	35	36	43	28	31	30	21	26	32	26	24	48	35	31	21	27	32	27	20	24	22	27	27	23	29	22	27	31	22	30	29	29	34	23	33	35	32	21	31	39	31	34	31	32	32	33	32	30	41	39	27	34	24	23	40	30	29	33	31	29	38	26	30	28	25	28	33	28	22	38	31	28	24	39	19	43	32	26	32	26	33	41	21	21	27	29	30	39	31	31	26	33	21	34	34	27	26	30	29	35	23	25	35	24	25	31	30	30	35	39	30	24	28	30	22	30	37	35	22	24	28	22	37	33	41	23	35	35	27	34	20	36	23	26	26	27	28	22	31	31	32	25	36	36	26	33	30	40	23	22	36	33	39	19	22	40	29	32	37	37	33	34	30	32	22	33	21	32	35	35	34	34	40	19	38	30	29	28	29	31	24	25	28	28	39	37	26	23	32	42	44	27	21	32	31	39	36	30	36	23	36	25	25
cell186	25	29	31	31	28	30	24	27	27	34	28	22	19	25	26	21	28	28	33	23	18	21	28	22	29	27	28	22	15	21	28	35	31	29	15	31	27	23	32	28	24	30	23	23	23	27	21	22	16	25	31	22	28	26	32	19	29	28	30	33	28	29	33	25	19	29	27	30	29	16	18	31	27	25	27	22	30	21	37	29	26	30	30	27	28	26	26	34	34	25	26	28	31	19	32	15	28	19	30	23	34	24	16	23	22	32	28	28	26	23	21	30	20	30	25	27	24	23	38	22	25	30	29	23	25	30	24	27	28	22	24	29	33	26	26	32	35	26	24	28	30	24	30	25	30	24	42	29	21	12	26	21	23	38	25	23	34	24	31	27	29	26	28	20	28	34	21	29	31	35	32	25	31	19	31	27	18	21	28	31	23	22	22	39	15	33	33	24	19	21	22	22	28	27	31	27	38	29	23	23	29	26	27	29	27	20	17	25	23	36	34	30	31	25	20	23	33	24	18	27	27	34	25	29	29	31	22	25	24	24	31	26	30	35	23	22	27	31	23	20	36	37	22	22	19	22	20	29	32	28	24	23	21	23	35	27	20	23	27	24	27	28	32	32	29	28	26	26	31	25	21	23	23	20	28	28	16	22	17	26	21	25	28	24	27	27	37	28	20	34	27	17	22	33	27	23	22	31	27	25	23	26	36	16	25	16	32	24	25	36	31	32	22	29	31	25	23	33	21	29	25	28	26	31	25	24	40	31	33	30	34	20	15	27	25	36	24	23	30	29	37	31	29	25	22	21	27	23	41	20	24	17	19	25	31	20	17	34	24	31	31	29	17	20	29	18	29	21	23	26	26	22	19	28	28	21	26	27	26	28	38	26	28	25	24	23	26	35	24	27	35	17	21	24	29	26	21	26	18	31	25	27	24	20	24	30	24	29	26	22	32	20	28	23	23	23	26	22	19	19	23	26	20	18	29	23	31	28	29	26	22	28	31	29	18	17	17	22	26	29	31	34	30	27	25	30	22	29	28	16	25	13	27	31	25	33	22	19	27	35	27	20	35	29	24	19	26	33	32	25	30	28	29	35	15	28	21	26	30	23	28	27	18	15	23	34	35	27	23	29	25	35	22	22	24	32	26	19
cell187	51	26	38	32	39	35	31	29	37	35	37	30	42	40	32	35	37	32	33	31	42	47	40	32	40	40	35	44	37	33	39	39	35	35	35	36	37	36	31	45	38	23	27	42	23	38	37	36	34	41	35	28	35	27	29	45	38	34	39	41	41	37	32	44	36	22	31	25	29	35	33	34	34	34	36	37	20	25	43	46	36	37	35	48	43	29	43	39	30	40	25	26	32	33	42	30	23	41	30	28	33	33	34	21	26	37	29	40	27	45	35	39	32	31	31	22	44	38	30	44	26	39	44	23	38	42	39	38	52	29	37	45	37	31	49	28	36	37	28	41	42	29	28	37	34	40	31	42	33	31	56	35	33	39	44	37	33	42	34	37	31	37	40	28	34	40	22	33	23	44	40	31	40	35	33	34	41	38	40	40	43	36	40	42	25	41	27	29	36	32	44	32	41	36	25	40	36	37	36	36	38	32	36	37	26	25	34	40	45	32	31	35	37	33	43	28	37	27	38	30	39	37	28	42	42	26	36	33	32	23	40	29	32	42	43	28	32	33	30	38	40	39	44	29	29	38	36	42	44	38	33	37	46	26	35	30	27	44	33	39	44	28	37	25	35	53	21	27	34	26	24	36	35	39	48	28	39	37	44	43	27	36	31	37	33	43	35	37	43	27	25	41	38	28	37	32	44	22	27	24	39	29	35	38	27	41	35	30	45	46	35	31	39	51	40	45	30	33	31	32	33	41	43	26	32	37	31	30	32	39	44	36	27	38	44	36	32	36	39	28	47	33	37	40	28	24	36	42	32	36	32	34	33	37	27	27	31	41	41	34	35	31	51	27	31	36	31	28	32	33	32	32	32	30	47	42	34	32	34	39	37	39	22	44	32	33	24	36	32	39	28	31	30	28	23	31	36	23	31	32	34	34	40	29	34	30	43	36	35	38	43	30	29	32	34	38	46	34	31	23	39	38	34	38	39	30	41	36	31	40	33	24	31	37	23	33	32	28	35	37	38	40	37	42	28	34	39	40	42	35	39	26	23	30	29	34	41	34	39	53	32	43	44	39	35	29	33	30	34	41	47	42	31	34	32	34	32	41	34	31	32	38	28	48	37	40	43	28	27	33	34	35	24	33	32	31	38	31
cell188	37	35	42	37	36	33	51	47	37	52	35	45	32	44	47	38	42	40	43	36	44	50	39	40	45	29	34	48	47	34	47	52	38	41	45	46	44	44	37	48	41	38	29	36	46	49	30	49	42	47	43	34	48	57	43	53	47	43	45	44	52	36	32	34	47	42	40	48	45	30	48	45	42	33	39	48	35	45	36	42	39	39	40	47	54	44	52	36	45	32	27	47	45	40	42	56	32	37	51	45	37	46	47	38	40	43	41	40	38	53	39	30	39	35	38	44	32	35	32	58	37	50	39	33	38	48	41	43	50	46	56	33	53	45	42	43	43	41	57	37	45	37	45	39	41	42	43	61	41	39	47	55	42	42	36	30	58	39	43	50	34	47	55	61	33	47	34	42	37	44	57	50	43	47	44	35	44	41	55	47	32	37	39	34	31	51	36	33	44	44	28	43	46	48	40	48	47	34	37	40	39	38	28	44	49	46	55	42	53	43	39	38	42	34	42	30	35	38	41	47	47	37	36	42	40	39	42	42	44	41	51	38	37	45	42	48	44	43	46	37	36	46	39	38	39	37	46	44	43	36	31	53	43	45	41	44	49	42	39	46	38	47	44	41	60	41	32	45	48	45	38	39	46	44	63	51	49	45	53	38	55	39	40	40	34	45	23	44	40	31	36	39	41	46	36	41	35	45	49	29	27	36	43	51	37	54	53	38	37	49	38	46	48	41	51	37	38	59	38	33	52	52	42	34	34	45	48	35	45	39	51	37	25	59	42	46	33	46	41	35	41	46	47	37	42	39	49	42	35	40	52	39	46	44	35	48	34	42	33	47	43	38	31	31	45	43	48	51	47	44	46	31	49	30	33	42	46	48	32	41	38	51	39	47	49	33	47	46	44	47	49	41	38	51	44	34	53	40	37	48	35	39	36	26	41	51	38	37	37	37	71	38	40	44	35	33	38	44	52	46	34	23	33	39	49	36	49	40	30	46	31	30	40	43	51	40	41	36	52	34	51	51	46	46	57	42	42	43	33	42	27	35	43	32	39	45	34	41	46	47	31	54	61	60	36	49	55	49	49	44	40	45	38	39	44	54	35	55	35	50	44	56	28	41	41	57	39	37	40	40	59	46	34	49	39	35	39	40
cell189	41	46	56	44	47	41	34	54	43	41	44	38	44	42	39	36	40	44	39	42	43	42	50	40	54	38	52	40	47	54	43	41	42	39	42	54	39	52	52	40	53	46	43	50	41	32	39	44	38	52	41	39	48	49	34	50	40	49	64	57	47	65	39	55	42	38	48	43	48	34	57	51	40	40	48	47	51	63	38	45	48	47	37	39	37	41	51	52	44	36	36	40	41	36	48	44	39	40	40	39	37	32	41	42	38	44	48	52	39	48	40	36	49	54	39	43	35	47	38	45	43	46	35	49	49	40	39	50	32	50	34	61	51	31	39	43	39	32	45	46	34	37	34	52	45	43	48	52	34	41	30	43	46	33	44	37	43	35	37	48	54	48	52	53	43	54	52	43	49	48	28	39	52	56	36	54	40	45	31	53	43	46	49	45	44	57	40	51	44	41	35	29	48	47	44	40	43	48	49	42	45	33	35	48	36	43	48	49	46	38	43	44	49	39	35	41	40	44	39	38	49	40	38	37	50	51	54	46	50	40	54	43	49	35	44	44	38	36	38	41	41	37	57	45	41	47	38	34	56	44	38	50	36	45	47	47	47	45	44	41	47	48	39	34	42	51	40	40	41	35	51	36	32	48	47	43	40	38	43	43	43	41	46	46	42	39	41	40	36	39	43	40	51	53	50	42	33	57	50	53	43	48	45	51	47	46	42	34	44	45	51	36	39	41	47	42	39	41	56	51	43	42	52	41	37	41	44	44	43	48	35	49	36	40	48	41	40	52	41	37	59	41	42	43	40	39	50	34	38	49	44	43	59	42	34	49	42	58	46	26	52	59	28	40	50	47	46	47	48	49	36	39	42	46	49	49	34	40	46	44	47	46	55	42	36	40	56	47	48	48	50	38	54	38	31	43	46	50	54	40	52	36	38	41	45	43	27	46	53	76	65	40	46	46	31	66	41	42	37	62	32	44	41	41	40	54	37	39	44	47	39	47	32	49	55	48	39	44	33	49	51	43	48	46	40	52	40	45	43	37	48	48	44	51	44	39	39	42	39	42	43	50	56	42	50	44	50	54	40	39	44	48	50	43	35	32	35	37	43	41	50	38	36	60	43	41	54	41	50	45	43	56	39	38	47	50	39	56
cell190	85	76	88	79	80	89	81	83	104	93	89	82	84	84	74	78	71	93	93	85	90	112	87	70	79	78	91	93	74	79	78	69	82	102	89	77	82	81	102	91	76	95	72	84	89	81	97	87	82	79	85	90	81	71	85	82	84	84	91	135	98	83	90	92	82	71	86	82	75	76	96	94	77	85	90	95	107	90	86	97	78	82	85	89	76	73	109	77	88	96	70	107	69	88	79	87	73	71	85	70	88	87	81	74	77	75	84	84	84	94	70	79	81	62	90	93	83	66	88	78	73	74	83	78	84	97	83	96	86	70	75	69	88	92	92	86	80	89	63	89	87	85	84	98	98	96	85	101	73	74	85	98	68	80	87	73	75	85	80	84	83	67	95	71	94	87	91	72	81	88	70	84	80	79	91	87	73	78	85	94	65	88	66	83	107	95	85	100	84	92	87	103	83	76	88	75	92	84	76	80	90	77	81	83	72	83	88	90	92	86	92	88	95	91	79	68	84	75	78	79	74	74	66	87	100	100	85	88	80	100	81	98	88	80	69	80	68	88	78	86	82	105	83	78	84	90	80	85	91	83	92	80	90	104	91	72	61	82	71	96	72	98	78	81	89	81	84	82	88	108	95	94	95	70	87	85	93	76	87	92	66	82	88	65	83	83	81	81	89	81	76	74	86	76	91	85	95	88	84	83	81	84	91	80	78	82	93	86	83	80	100	63	82	74	67	111	66	85	84	90	85	82	85	68	87	84	78	65	81	87	77	112	85	85	100	77	82	71	86	73	82	80	90	81	84	85	97	85	73	91	88	84	100	92	93	81	79	95	81	81	75	102	76	61	91	94	80	81	80	79	101	79	100	98	75	98	94	69	87	64	81	91	77	92	93	83	104	84	94	81	79	77	86	89	75	94	95	98	85	88	84	82	95	100	60	78	73	95	91	86	95	99	108	72	83	100	97	96	79	98	80	88	82	76	77	61	93	78	96	78	67	77	85	76	89	83	69	73	92	90	97	83	93	65	83	88	75	75	88	69	77	81	104	84	78	87	81	81	78	94	88	86	88	93	69	108	86	76	98	91	95	90	100	95	96	90	73	72	76	99	73	70	76	85	84	80	104	83	84	96	89	101	88	102	80	76	71	78
cell191	76	71	67	63	59	64	81	66	58	66	75	71	74	66	61	71	51	63	64	51	57	75	67	80	75	60	68	84	62	66	68	66	55	76	78	62	63	74	61	65	69	72	65	72	79	57	67	135	132	138	122	116	156	128	129	162	160	148	124	132	142	118	144	154	118	129	136	141	127	156	154	118	121	124	115	126	123	109	130	127	119	51	65	70	0	0	0	57	64	71	72	72	68	55	70	59	62	72	65	50	66	52	65	70	54	57	58	62	50	67	65	51	80	50	72	71	72	58	44	57	60	70	73	53	81	72	61	69	64	61	60	78	74	83	75	51	59	59	65	67	74	80	68	61	66	56	63	67	62	69	64	57	55	60	47	65	69	72	80	73	69	52	76	65	57	71	73	66	54	76	67	68	62	59	59	57	57	59	44	62	58	59	48	75	71	69	67	61	76	60	58	57	57	51	75	58	70	73	55	56	57	55	64	55	63	73	57	73	82	70	76	72	72	72	70	53	54	65	54	60	74	60	59	61	53	56	60	60	61	56	79	66	66	65	69	66	74	59	63	72	79	73	68	55	64	63	73	60	71	69	62	66	61	70	81	70	58	70	69	75	71	74	63	82	70	68	61	66	53	68	78	52	65	78	62	70	65	73	87	59	68	64	65	61	66	66	62	76	76	70	68	77	62	60	78	60	57	71	70	61	56	76	77	67	60	67	76	66	69	60	80	80	55	43	72	58	58	81	80	60	60	75	73	61	72	69	72	62	73	77	67	56	65	65	60	68	75	60	68	60	69	71	73	60	69	59	65	55	58	61	58	57	76	70	59	55	55	75	62	72	53	68	80	59	70	66	62	62	73	69	68	55	84	50	83	70	60	58	78	66	55	76	74	71	77	79	71	77	74	62	62	83	64	79	53	65	74	79	54	68	61	63	71	66	72	62	69	62	68	67	66	66	58	65	67	75	54	54	81	63	68	64	68	80	60	72	62	64	81	66	69	63	71	64	92	55	54	56	46	68	79	79	77	66	69	80	61	61	78	64	52	73	72	57	66	62	61	75	62	72	72	56	70	70	74	92	66	81	66	76	65	68	61	69	64	70	57	71	61	67	53	49	54	68	86	85	62	70	64	53	79	87	61	73	64	73	47	46
cell192	29	39	40	40	38	27	37	27	36	30	30	27	41	34	33	31	29	34	43	40	34	34	32	28	41	41	39	40	45	28	42	32	46	33	46	26	35	36	47	27	29	33	38	39	40	40	31	32	43	34	29	27	32	27	38	46	24	35	40	46	39	20	39	30	26	41	36	43	38	39	50	43	38	37	27	30	35	40	48	32	37	33	41	39	34	28	29	28	26	39	30	41	33	29	36	37	23	31	38	37	33	36	33	34	23	27	23	52	22	34	33	40	41	21	42	31	35	47	33	38	37	36	26	36	41	45	27	38	31	30	33	39	33	23	35	35	32	32	35	47	36	36	42	47	36	33	52	37	26	50	35	43	26	46	45	25	40	42	35	33	31	33	41	33	45	37	37	29	34	41	25	34	35	39	39	47	38	40	37	39	41	37	41	34	51	27	31	34	43	23	25	34	29	46	27	44	49	27	25	32	41	36	44	39	27	31	48	59	41	30	45	40	44	32	44	34	44	30	27	32	38	44	36	36	32	25	29	29	34	34	40	33	40	30	31	20	40	26	24	37	43	48	43	32	34	30	29	39	37	39	31	27	30	36	39	40	33	43	33	36	41	21	50	23	26	40	37	48	38	40	36	29	21	42	38	28	34	31	26	37	25	27	46	35	24	22	40	32	40	32	41	41	38	33	47	44	41	33	35	33	47	36	39	42	25	31	31	26	34	43	37	33	38	31	30	46	42	34	29	33	29	52	55	40	35	41	41	36	37	35	33	40	28	34	31	27	37	36	28	29	35	37	36	39	40	42	40	35	42	46	44	29	28	27	29	51	39	37	45	31	43	37	34	43	37	39	30	37	27	40	40	31	34	44	37	39	39	44	29	34	37	37	35	39	40	30	43	36	47	35	25	35	33	46	24	38	25	30	27	39	39	27	37	34	33	37	32	39	32	37	47	36	33	31	38	52	32	40	39	30	42	29	34	37	26	43	43	40	36	41	35	37	37	34	31	24	33	33	27	27	42	47	33	30	32	33	36	36	40	35	33	36	27	41	40	27	44	30	33	45	39	31	34	26	36	35	25	37	33	50	29	37	42	38	38	40	37	32	33	41	22	33	24	39	33	41	26	41	36	23	41	48	32	36	37	43	29	32
cell193	47	56	53	56	45	55	61	66	49	51	46	56	45	68	63	42	50	44	57	48	49	62	45	59	48	51	55	49	58	58	51	48	51	47	49	53	41	60	58	63	41	51	62	52	66	39	44	50	65	41	47	68	65	59	49	61	47	59	61	66	47	53	58	53	54	61	58	50	51	45	47	54	48	49	53	53	54	41	50	60	39	57	40	61	41	51	48	52	69	56	54	65	57	43	60	51	47	55	38	51	55	49	42	58	60	55	57	57	53	50	45	54	59	54	44	53	52	53	52	48	49	57	57	52	72	62	55	46	55	65	50	65	59	58	49	48	49	42	62	53	44	63	47	51	38	39	38	70	64	51	63	45	45	59	59	63	59	56	53	41	44	52	71	55	61	44	46	43	55	43	52	65	48	59	49	56	48	45	54	59	62	53	46	64	45	37	46	49	50	59	38	59	57	60	56	44	59	46	43	52	59	45	48	52	52	52	58	61	54	45	59	51	65	50	54	55	61	33	59	55	59	49	53	49	49	47	64	51	69	50	68	50	55	44	55	57	45	48	42	53	50	63	54	48	44	50	60	63	59	50	63	56	55	43	58	59	46	45	51	63	55	54	60	51	66	52	51	63	45	63	57	47	50	52	61	49	54	46	69	54	52	57	50	45	53	66	59	59	61	54	50	70	50	53	55	48	49	58	59	49	51	63	48	57	48	65	65	53	54	47	48	57	53	50	53	59	50	55	52	55	47	65	62	37	57	46	55	61	60	60	59	49	37	46	69	66	45	60	55	50	55	54	57	44	51	34	75	45	59	49	40	53	56	47	53	60	54	50	45	46	51	48	59	54	58	52	46	41	55	35	52	59	44	58	50	60	61	50	46	50	60	50	44	47	52	59	57	64	52	56	68	48	48	52	50	59	56	59	49	44	56	46	54	48	57	49	61	45	61	52	55	41	58	51	50	71	55	55	62	59	55	58	44	53	61	36	54	49	49	62	45	57	58	67	38	47	40	49	56	64	54	54	50	60	59	56	57	53	49	50	43	73	59	60	49	40	48	54	66	57	58	57	59	47	48	62	60	53	52	71	62	61	53	54	55	52	49	52	54	55	45	50	58	38	53	63	60	42	50	53	51	47	61	40	52	62	29	41
cell194	56	37	29	54	33	49	35	46	61	44	45	37	53	38	30	34	40	42	47	44	43	55	42	46	46	41	37	39	40	31	39	59	57	45	42	34	32	46	37	39	31	49	39	60	39	42	42	49	39	35	42	41	61	40	37	37	53	52	46	44	39	54	51	52	35	40	29	51	49	49	46	43	55	43	44	36	46	33	38	31	30	39	47	55	41	41	47	36	33	47	32	51	40	38	44	44	30	52	33	40	45	40	49	42	45	35	36	44	45	47	45	47	39	32	42	40	50	41	44	35	43	47	35	39	40	45	40	41	45	50	33	41	47	41	37	49	51	40	36	36	31	37	53	40	37	39	41	52	36	48	43	38	33	51	42	46	44	44	54	56	52	41	42	45	39	47	40	48	46	44	48	39	33	45	52	51	44	39	41	42	47	36	57	32	47	41	42	37	51	40	35	40	43	43	33	42	38	45	30	42	44	28	45	46	45	44	44	43	52	43	40	48	45	48	43	47	27	43	48	52	44	30	33	45	46	43	57	31	40	38	37	43	41	45	44	49	42	36	44	42	44	45	50	28	42	50	49	47	49	50	41	36	50	43	35	43	37	53	45	39	40	53	54	38	44	45	44	44	46	43	38	42	42	50	44	45	39	49	47	37	40	33	37	24	42	41	36	43	40	43	35	36	46	40	33	62	47	39	54	43	48	40	38	37	37	51	56	47	54	49	38	49	33	36	54	54	36	42	55	51	35	41	45	39	36	36	42	40	55	43	38	45	33	46	37	32	46	37	40	33	43	32	52	46	40	42	31	40	30	51	35	46	50	49	49	42	34	35	38	30	41	45	38	45	49	42	40	51	57	34	44	59	50	38	33	32	51	35	43	39	47	44	39	48	41	48	40	39	38	44	44	47	44	46	38	40	38	37	28	40	48	47	37	47	44	28	41	48	45	43	42	40	50	33	39	47	49	43	49	61	38	36	25	44	37	47	37	37	43	46	40	33	49	49	31	32	49	51	34	28	41	49	45	36	47	40	51	49	49	39	41	42	44	40	38	47	53	32	54	40	51	36	51	57	42	40	42	58	54	51	36	46	41	58	34	41	40	50	47	42	31	38	50	46	43	41	48	36	44	55	37	41	39	41	37	43	38	48
cell195	37	37	44	50	38	44	53	47	45	48	33	49	48	41	43	41	38	47	61	46	36	52	40	57	54	38	47	53	41	52	38	44	37	40	40	42	54	50	43	47	63	37	31	54	36	34	60	88	85	88	67	86	88	100	97	105	68	88	81	102	103	89	84	98	80	90	84	83	79	86	90	86	79	89	111	88	92	94	85	90	74	42	54	51	0	0	0	51	46	51	40	38	38	32	50	48	30	37	50	51	43	51	36	41	39	36	42	40	43	46	44	46	38	39	47	45	42	33	35	46	46	44	35	51	45	40	35	46	40	45	39	41	34	36	44	53	43	40	32	52	46	42	31	38	41	53	46	51	51	41	40	47	43	55	40	40	47	49	39	46	47	29	47	50	42	69	38	49	50	46	50	28	40	35	48	62	44	47	49	54	55	35	38	46	50	60	30	38	39	41	44	37	36	42	36	49	48	29	38	53	41	50	52	44	34	39	40	51	42	48	37	54	45	35	44	38	42	49	51	66	45	33	57	37	35	40	40	46	47	46	45	47	41	47	35	44	44	41	49	38	58	47	43	46	42	46	38	50	43	45	40	45	48	53	44	57	49	49	43	56	44	36	51	38	64	46	43	46	57	41	54	35	63	33	55	45	46	43	44	47	55	47	48	47	41	41	43	37	43	37	33	44	53	42	33	49	59	46	43	40	44	42	39	46	38	50	44	57	43	45	40	38	55	36	47	59	38	49	44	45	49	52	40	40	53	49	25	44	46	36	47	32	38	55	42	39	36	42	45	37	55	36	44	47	38	46	37	38	41	44	51	41	39	52	38	45	43	46	47	45	38	49	36	36	45	43	37	41	37	39	42	54	39	52	46	46	38	42	42	38	40	59	32	46	44	42	43	48	48	36	38	45	44	48	46	53	41	44	40	47	40	40	45	36	40	44	44	46	42	40	48	47	42	50	45	43	44	41	53	37	45	45	54	47	43	45	49	50	54	42	46	47	45	26	39	51	35	41	44	46	50	53	37	41	39	49	54	39	38	46	42	40	47	45	54	41	52	40	38	49	43	35	48	45	43	40	44	49	51	47	55	43	43	50	51	48	46	35	39	45	39	40	42	41	52	55	45	36	50	42	56	51	51	47	56	46	44	56
cell196	54	33	47	48	41	46	53	47	46	48	51	55	42	45	41	39	41	55	49	53	43	46	45	58	49	50	47	56	51	44	51	59	51	51	61	42	48	46	48	52	64	36	61	38	57	42	56	53	52	40	50	37	43	53	55	55	57	53	55	66	48	55	54	53	51	48	50	58	55	55	54	60	48	42	53	47	48	58	51	54	42	38	54	47	42	57	59	37	50	58	51	47	40	45	48	57	50	45	54	47	56	44	61	47	47	51	47	50	42	52	50	45	56	45	40	49	50	54	46	53	55	53	53	54	59	67	37	46	55	40	51	60	47	43	68	52	61	43	53	51	43	55	62	39	43	53	53	57	47	48	64	63	50	42	40	60	69	51	61	54	52	50	51	43	56	52	43	52	64	58	48	55	50	44	61	63	47	53	52	66	54	43	45	55	53	52	48	44	58	56	46	59	41	64	52	50	73	37	55	54	58	57	50	64	54	72	42	56	53	51	53	42	50	55	48	37	54	35	49	55	52	42	57	56	49	43	48	55	54	53	44	58	52	46	36	42	53	48	49	49	54	44	56	41	56	63	44	48	57	70	46	43	53	45	80	57	48	44	53	64	51	58	56	39	39	47	50	59	57	48	52	50	48	59	53	38	50	54	51	58	52	45	49	48	43	45	64	45	58	50	42	57	56	42	58	42	56	53	58	55	51	44	46	50	39	54	58	42	49	37	47	48	58	50	54	56	43	49	50	53	51	46	44	39	57	41	49	52	45	62	51	56	57	61	41	49	57	41	63	54	48	52	47	58	35	43	50	50	52	48	45	55	54	48	37	56	53	36	49	47	50	65	48	47	52	43	50	51	46	42	47	55	55	49	58	48	50	39	50	49	59	49	50	59	39	44	59	56	42	43	46	45	46	52	40	41	64	54	42	57	59	40	46	59	55	57	56	49	48	45	52	55	40	58	46	62	50	47	46	59	48	44	52	49	52	38	60	46	41	40	52	39	49	41	57	52	54	59	46	39	59	54	54	50	48	41	59	38	51	57	40	62	42	57	53	46	53	47	47	59	53	56	64	38	41	52	52	66	48	43	49	46	52	52	61	52	52	50	38	56	44	33	45	49	51	37	54	47	39	54	63	48	68	45	48	43	43	43
cell197	64	43	61	56	52	50	62	63	62	50	56	58	86	61	53	55	47	69	69	51	63	45	59	66	61	54	55	52	59	62	60	70	61	60	57	64	47	62	63	71	60	61	65	54	66	54	68	67	63	55	57	56	58	53	44	71	66	56	52	56	53	64	56	62	69	52	56	66	61	57	52	58	53	50	60	66	42	57	50	57	61	59	49	52	54	65	65	67	60	61	61	67	68	44	46	52	46	51	58	56	59	57	56	55	49	51	58	56	53	45	56	61	56	64	65	49	53	47	58	54	53	50	60	61	67	50	59	62	58	65	64	59	53	67	59	67	77	66	42	56	41	59	67	58	57	48	45	67	60	44	59	47	48	58	60	57	51	55	44	66	57	47	76	55	59	50	51	59	57	71	59	48	49	68	51	76	50	58	62	69	49	51	55	40	44	60	54	63	50	61	59	74	57	56	59	48	60	59	43	51	68	43	60	57	53	67	56	57	63	45	62	54	51	44	46	63	74	47	65	55	61	66	61	71	68	62	56	66	50	54	70	63	55	67	55	70	50	47	59	51	59	45	64	56	58	58	50	62	60	55	46	72	48	63	54	57	50	63	53	74	52	63	70	68	69	49	53	71	58	63	50	65	49	49	63	60	58	45	58	72	52	78	68	60	55	51	50	60	62	55	53	57	53	67	51	49	65	62	52	57	57	57	54	64	50	53	59	65	58	57	50	61	56	44	60	57	58	56	64	56	75	56	57	53	49	62	57	70	63	49	66	54	56	56	53	66	59	64	63	46	60	64	68	59	45	58	58	62	57	48	54	62	41	64	59	52	56	48	52	44	64	57	58	64	61	70	60	57	65	56	55	61	57	71	66	53	59	45	68	50	54	57	54	58	48	65	64	53	59	53	59	58	44	57	67	39	56	50	50	68	61	59	44	64	57	59	64	52	58	52	75	46	72	50	49	75	74	55	51	63	60	67	47	51	53	58	55	50	56	61	54	63	56	65	48	56	55	48	69	59	67	66	65	60	60	72	64	57	54	67	45	63	51	70	66	57	55	63	64	50	49	55	65	50	55	51	68	60	60	54	72	65	65	52	47	48	55	58	42	61	53	47	48	52	70	60	56	58	50	58	72	64	65	36	57	48	44	48
cell198	38	45	49	47	41	48	61	32	38	42	45	46	57	44	39	29	37	37	60	45	51	40	45	38	37	40	52	38	53	54	49	38	51	46	45	40	50	45	54	43	45	45	55	37	47	50	42	95	82	82	89	82	67	88	83	96	85	96	97	92	91	92	96	86	80	81	83	80	72	83	78	93	81	79	78	81	98	87	91	95	92	34	48	49	0	0	0	40	56	35	40	43	41	34	40	46	52	39	41	44	34	32	42	42	41	52	44	51	44	37	45	27	52	31	43	43	44	45	40	39	48	39	51	46	45	33	32	55	32	38	52	42	44	40	34	53	40	35	43	47	51	46	53	45	35	40	47	45	45	46	42	38	51	51	36	45	55	44	47	50	52	47	34	50	32	51	42	61	40	37	47	44	50	43	45	37	40	52	38	31	38	49	41	47	33	50	46	30	39	44	45	44	51	34	52	33	46	26	44	47	45	44	48	41	48	46	56	51	39	42	37	45	38	45	44	42	62	50	51	48	42	39	32	46	49	54	61	46	44	43	45	35	46	41	56	49	32	44	63	31	44	46	51	48	38	41	37	48	46	46	36	42	43	43	57	44	42	44	52	44	32	49	49	43	39	42	34	51	31	37	34	41	31	36	41	45	43	48	40	49	55	43	47	50	53	33	40	50	53	37	43	42	26	39	42	54	40	62	52	44	47	41	33	37	46	42	41	40	42	48	40	26	33	41	43	34	39	44	40	45	53	42	39	42	27	44	58	45	38	43	40	56	35	45	45	46	42	44	36	50	43	44	36	44	46	31	56	39	55	41	46	50	53	39	30	33	39	51	38	46	41	42	42	34	40	34	52	44	46	44	35	41	37	37	35	42	41	45	41	60	36	48	48	43	45	55	54	36	54	34	33	37	44	38	35	40	45	34	41	40	48	48	43	44	39	39	48	41	39	40	55	48	40	50	36	44	47	47	46	55	47	31	39	40	38	45	48	41	53	39	49	38	46	44	39	49	43	37	54	39	50	51	44	41	38	49	39	36	43	60	42	52	46	45	47	44	36	36	38	47	35	44	41	41	53	39	44	49	36	49	48	41	40	36	40	26	38	45	52	41	51	36	44	51	49	40	45	32	30	42	32	53	48	41	49	34	39	41
cell199	64	61	71	48	61	84	64	68	61	81	57	59	62	58	65	61	65	74	71	54	51	64	70	85	50	57	71	90	59	79	72	65	93	69	63	60	53	66	69	65	81	66	60	66	51	66	83	53	64	60	40	57	67	60	64	70	79	55	71	80	54	61	61	57	65	66	75	71	58	71	78	73	68	79	69	69	72	71	69	88	62	70	68	66	63	60	76	67	70	66	46	87	56	72	76	52	75	58	63	68	75	72	66	53	62	43	61	69	47	74	61	73	61	58	74	69	66	50	56	63	60	56	61	65	65	83	64	77	57	64	71	65	83	72	68	79	72	60	75	56	45	52	68	65	69	71	75	71	73	69	56	66	70	79	62	60	61	58	56	73	68	61	68	71	74	70	62	77	76	76	72	50	68	64	76	72	56	66	64	63	58	62	74	64	67	76	65	77	70	56	54	55	49	62	79	74	68	56	66	63	42	68	65	70	70	78	72	58	57	49	78	72	81	63	68	63	78	57	71	69	72	53	70	66	57	58	54	80	71	63	84	66	73	52	75	62	62	60	61	63	71	68	64	69	72	62	71	73	77	78	71	60	76	57	71	53	59	65	68	59	61	80	67	56	59	74	59	64	77	69	69	58	55	74	83	62	64	81	53	71	66	65	66	67	55	55	63	55	68	65	64	67	64	85	66	73	64	78	62	66	71	65	61	65	68	54	70	54	59	73	68	56	72	74	81	72	67	78	74	67	65	80	58	51	59	68	55	72	73	62	68	75	60	66	72	73	67	72	65	68	70	68	64	66	61	65	78	62	61	74	63	65	67	63	81	66	61	54	70	56	76	82	64	66	61	64	70	71	81	87	65	70	53	51	63	74	76	70	57	65	63	89	73	75	78	70	74	56	64	68	68	68	64	55	56	63	58	56	48	56	77	70	76	68	76	60	65	68	68	58	65	69	67	62	49	82	60	74	66	80	67	59	70	69	50	59	80	57	60	60	61	66	67	64	59	54	74	58	65	52	77	74	65	62	68	69	72	56	57	71	66	75	64	58	74	66	61	75	60	74	62	64	74	64	61	67	68	65	63	53	67	74	55	71	63	70	51	65	85	74	57	68	57	67	77	72	61	56	56	63	62	80	64	62	77	51	55	60
