	0	1	2	3	4	5	6	7	8	9	10	11	12	13	14	15	16	17	18	19	20	21	22	23	24	25	26	27	28	29	30	31	32	33	34	35	36	37	38	39	40	41	42	43	44	45	46	47	48	49	50	51	52	53	54	55	56	57	58	59	60	61	62	63	64	65	66	67	68	69	70	71	72	73	74	75	76	77	78	79	80	81	82	83	84	85	86	87	88	89	90	91	92	93	94	95	96	97	98	99	100	101	102	103	104	105	106	107	108	109	110	111	112	113	114	115	116	117	118	119	120	121	122	123	124	125	126	127	128	129	130	131	132	133	134	135	136	137	138	139	140	141	142	143	144	145	146	147	148	149	150	151	152	153	154	155	156	157	158	159	160	161	162	163	164	165	166	167	168	169	170	171	172	173	174	175	176	177	178	179	180	181	182	183	184	185	186	187	188	189	190	191	192	193	194	195	196	197	198	199	200	201	202	203	204	205	206	207	208	209	210	211	212	213	214	215	216	217	218	219	220	221	222	223	224	225	226	227	228	229	230	231	232	233	234	235	236	237	238	239	240	241	242	243	244	245	246	247	248	249	250	251	252	253	254	255	256	257	258	259	260	261	262	263	264	265	266	267	268	269	270	271	272	273	274	275	276	277	278	279	280	281	282	283	284	285	286	287	288	289	290	291	292	293	294	295	296	297	298	299	300	301	302	303	304	305	306	307	308	309	310	311	312	313	314	315	316	317	318	319	320	321	322	323	324	325	326	327	328	329	330	331	332	333	334	335	336	337	338	339	340	341	342	343	344	345	346	347	348	349	350	351	352	353	354	355	356	357	358	359	360	361	362	363	364	365	366	367	368	369	370	371	372	373	374	375	376	377	378	379	380	381	382	383	384	385	386	387	388	389	390	391	392	393	394	395	396	397	398	399	400	401	402	403	404	405	406	407	408	409	410	411	412	413	414	415	416	417	418	419	420	421	422	423	424	425	426	427	428	429	430	431	432	433	434	435	436	437	438	439	440	441	442	443	444	445	446	447	448	449	450	451	452	453	454	455	456	457	458	459	460	461	462	463	464	465	466	467	468	469	470	471	472	473	474	475	476	477	478	479	480	481	482	483	484	485	486	487	488	489	490	491	492	493	494	495	496	497
cell0	84	98	87	91	108	107	101	100	103	101	115	100	78	109	94	107	102	89	108	66	74	100	88	79	113	107	102	86	83	103	88	78	98	111	117	119	123	105	106	113	89	94	95	102	91	90	83	103	101	113	110	100	107	103	91	106	107	101	91	105	103	91	92	93	98	111	117	97	99	107	94	99	103	82	107	105	103	100	90	96	90	90	103	90	97	97	113	107	109	97	96	104	95	87	92	113	90	99	100	94	107	104	87	90	98	93	86	103	85	101	87	101	116	91	103	108	113	113	100	110	105	109	102	110	105	110	96	102	92	87	88	90	112	94	82	116	84	122	95	96	120	95	104	100	94	104	97	114	106	87	94	89	89	108	104	115	92	105	83	92	115	107	118	93	96	122	107	110	107	120	125	118	87	118	95	98	96	94	108	99	89	104	105	96	98	102	83	86	75	112	90	81	104	112	91	105	102	96	103	103	81	103	110	105	117	121	84	119	101	85	122	94	90	89	94	97	98	106	107	112	93	98	77	92	112	95	96	86	112	95	89	95	101	126	79	98	96	111	98	110	93	82	104	113	53	42	47	37	56	57	48	46	41	51	54	48	62	44	56	36	48	63	58	55	48	58	44	44	38	50	53	66	53	60	51	37	66	51	45	47	45	57	47	60	46	47	48	54	52	55	58	50	45	38	59	54	43	52	44	53	60	56	49	58	47	51	49	58	45	33	52	42	46	43	60	59	53	53	45	41	48	47	44	36	52	39	48	50	47	50	43	43	45	66	52	51	57	48	59	51	49	51	59	40	49	45	44	44	54	53	47	51	63	53	49	50	41	33	51	39	39	43	48	47	62	35	45	36	50	47	61	56	66	47	45	55	59	55	58	40	57	40	31	46	41	50	43	53	56	52	47	71	54	48	58	42	41	53	41	55	48	38	55	51	52	58	47	62	57	50	55	52	45	62	47	52	56	43	51	51	50	39	50	51	45	42	39	54	56	49	37	64	54	38	51	39	49	49	50	40	49	47	55	48	50	44	45	56	70	44	40	46	46	67	45	71	65	56	60	49	51	49	46	51	41	41	59	50	54	53	48	45	40	56	54	58	41	47	47	44	54	52	58	53	56	60	54	64	38	45	41	51	56	46	66	54	46	57
cell1	91	89	96	110	88	96	118	82	93	83	91	99	76	100	94	86	86	76	107	96	107	89	98	91	102	87	84	101	93	95	87	79	103	102	104	94	81	90	75	72	86	78	94	108	90	88	56	95	85	80	81	92	106	85	91	97	85	100	104	99	80	83	85	98	84	83	83	88	93	85	92	94	100	92	73	101	96	96	84	87	96	83	98	75	81	90	109	104	80	83	88	95	75	78	103	97	87	79	69	98	86	93	79	84	113	89	105	103	112	97	81	91	96	87	102	85	115	96	91	116	84	93	105	110	72	102	92	73	94	118	93	66	78	102	108	88	100	99	101	99	93	112	91	81	80	74	82	82	91	104	84	112	98	91	93	94	77	108	69	83	104	87	103	68	80	86	88	98	105	91	95	85	90	100	86	93	100	91	95	92	61	92	88	87	73	84	85	101	89	95	82	81	102	107	77	119	89	110	80	99	84	100	109	83	92	95	101	102	103	79	102	103	87	111	80	93	89	108	93	96	68	80	89	90	112	70	92	92	84	86	100	107	88	112	85	101	87	95	98	97	94	80	105	83	61	37	59	51	46	49	46	47	52	54	41	40	31	50	32	39	51	49	49	42	42	44	38	49	35	34	46	46	49	44	40	44	54	44	45	41	46	50	47	47	47	62	55	49	45	45	44	60	40	41	45	46	49	41	45	32	50	46	63	52	54	50	51	53	47	51	52	54	59	44	51	55	43	46	33	43	50	49	41	47	47	37	44	44	56	39	44	49	38	63	53	39	45	47	43	36	40	44	46	36	48	44	41	50	39	57	47	52	48	39	50	36	42	37	51	38	47	35	41	39	59	49	40	42	39	50	43	50	42	58	48	37	53	49	30	57	45	46	41	49	52	47	47	56	44	38	59	46	45	34	43	49	51	51	35	55	46	49	45	34	51	58	42	40	65	54	51	54	37	50	50	39	47	42	32	44	46	49	55	47	49	42	49	56	41	40	50	54	56	41	50	50	40	35	43	46	35	45	61	52	47	39	48	47	50	47	44	48	48	46	47	42	53	43	38	44	52	48	29	43	46	50	56	48	40	38	58	52	47	43	35	42	25	46	36	50	49	43	46	42	37	43	61	36	42	48	46	37	49	50	49	52	38	51
cell2	108	82	113	126	132	93	95	108	85	128	106	137	93	112	95	101	102	103	110	89	100	104	107	96	106	130	92	103	109	108	100	98	107	106	100	102	94	110	85	102	105	101	108	97	100	83	77	122	92	99	98	91	89	100	102	85	108	92	103	93	112	108	115	98	100	97	102	96	93	98	103	89	107	108	81	98	113	95	97	94	125	85	127	73	97	99	105	98	104	90	90	115	84	106	99	113	119	104	87	109	116	101	95	110	93	112	100	104	88	93	102	100	96	113	109	105	109	139	99	96	99	102	120	116	113	111	130	88	113	108	103	101	100	117	97	98	128	118	119	125	116	95	103	97	80	105	92	106	128	80	110	87	124	107	90	104	97	91	107	103	118	108	114	110	95	112	108	127	93	103	96	112	106	96	91	104	126	106	116	101	90	103	103	119	98	116	122	103	91	116	89	99	116	125	113	98	116	101	112	107	98	110	111	119	113	105	95	121	81	93	101	93	88	99	105	116	115	101	100	96	114	109	94	104	106	77	120	102	105	117	93	94	112	120	110	103	91	107	82	86	105	81	82	112	68	66	53	50	66	52	49	62	61	46	50	43	64	39	49	57	59	58	59	53	48	50	45	50	56	60	46	50	51	47	52	51	58	51	43	44	47	46	44	56	49	64	62	54	51	48	46	49	51	48	47	45	52	54	65	36	35	45	36	58	70	52	44	46	58	42	61	61	72	52	51	52	50	46	45	44	56	55	51	54	65	46	49	47	59	49	56	48	59	60	57	51	52	60	47	57	47	53	57	52	53	51	64	71	54	57	45	44	52	66	49	55	45	43	66	58	34	66	57	45	36	54	60	55	57	56	55	45	47	53	45	50	58	59	55	52	44	47	45	55	58	59	52	58	51	52	46	61	52	48	46	42	46	47	60	56	41	67	68	39	47	43	40	56	43	55	77	50	45	51	39	44	45	61	32	53	46	55	52	52	66	54	72	62	50	62	39	52	44	51	59	51	48	59	54	49	44	63	57	54	60	54	63	51	63	43	53	47	48	58	55	54	51	58	61	52	50	56	39	48	40	63	58	35	53	42	54	48	55	58	43	58	59	49	54	57	53	52	49	68	47	46	53	50	46	46	40	41	49	47	62	40	70	55
cell3	84	66	78	84	69	70	72	71	66	92	75	66	65	77	60	80	67	66	81	64	69	59	68	64	69	56	61	68	74	69	64	59	65	84	66	60	72	79	79	79	79	78	67	57	52	65	63	77	72	60	68	75	74	83	68	64	78	75	75	92	66	66	81	75	66	79	53	70	76	75	64	75	87	63	67	0	0	0	0	0	0	0	0	0	0	0	0	1	0	0	74	76	60	72	81	85	73	59	68	69	79	67	69	66	77	84	72	62	67	75	69	96	75	67	68	71	77	81	81	87	66	84	92	70	65	68	84	92	60	74	61	80	56	75	74	72	88	67	68	69	73	73	77	76	68	74	62	78	75	63	73	80	64	76	73	77	69	64	58	60	65	69	78	59	50	62	74	81	76	88	63	67	64	70	63	82	74	56	96	75	59	46	77	69	74	74	66	62	65	66	58	82	71	81	72	82	83	87	59	69	80	57	75	69	74	75	71	72	59	68	79	64	62	77	69	64	59	78	71	78	59	64	57	63	64	73	57	53	68	98	78	64	73	81	69	73	59	72	72	68	44	69	69	81	99	62	85	57	72	74	60	71	82	68	62	74	63	78	58	61	64	99	51	69	76	68	69	63	83	62	85	61	75	62	63	76	78	81	73	81	62	67	77	74	59	71	60	80	77	79	81	75	75	76	72	60	64	56	76	69	61	77	56	62	75	71	65	93	78	81	74	65	63	71	71	67	58	66	74	62	71	80	72	63	83	53	66	79	67	84	67	71	75	79	96	81	70	89	76	73	74	67	56	79	69	74	59	89	65	67	60	77	78	63	67	69	53	79	79	67	60	65	67	63	63	76	52	87	60	59	81	51	63	59	68	69	93	56	51	59	74	69	60	79	50	66	67	72	62	68	70	64	72	48	79	74	73	71	71	65	67	72	74	67	54	83	67	79	58	59	84	71	75	66	73	77	73	63	62	59	73	70	69	70	68	56	61	70	55	54	50	61	75	59	56	63	67	61	58	63	71	62	72	59	78	80	75	77	88	72	78	70	70	73	81	65	83	64	72	75	58	70	56	65	80	74	71	81	96	70	72	52	70	70	65	62	69	65	81	73	75	68	81	68	78	81	80	65	63	77	67	87	93	64	69	71	67	86
cell4	108	88	84	124	103	104	105	121	95	115	108	95	90	99	114	99	103	92	129	99	99	100	96	100	102	110	90	115	108	104	85	93	91	110	102	99	102	117	98	94	124	97	104	131	97	100	88	98	100	95	101	110	102	117	102	94	104	100	95	109	101	92	87	111	105	73	92	82	97	112	118	121	134	99	103	101	97	98	99	107	115	107	120	95	95	86	89	106	100	98	113	96	90	102	120	114	118	121	114	117	117	107	85	95	105	76	96	94	96	83	112	118	110	85	114	86	113	109	121	126	107	97	103	113	105	106	123	86	100	99	80	84	103	104	92	104	117	96	128	106	115	103	94	108	101	100	101	114	104	110	106	94	99	110	102	109	90	89	76	106	120	113	108	88	101	105	109	110	95	116	92	107	101	106	89	95	113	85	94	98	86	96	99	110	87	103	111	99	105	94	89	103	93	110	84	122	110	101	103	96	113	96	115	108	102	100	99	119	102	116	88	113	110	89	96	98	96	106	89	107	91	97	85	102	123	96	88	99	115	114	118	99	106	110	89	91	115	127	96	122	86	85	101	99	60	54	53	43	52	59	50	60	35	57	63	51	43	47	52	44	53	72	46	49	53	46	44	55	69	59	37	47	54	50	53	42	54	47	49	65	61	58	49	48	50	62	50	54	56	54	43	54	52	44	53	55	60	56	62	53	50	51	47	44	54	59	51	61	67	65	57	49	53	50	55	44	42	48	49	47	55	46	58	58	47	45	54	43	66	44	49	54	53	62	51	62	69	55	59	52	38	55	37	46	48	56	55	54	45	51	51	64	41	48	53	36	58	51	42	50	58	58	53	59	50	50	47	41	45	48	49	42	53	47	45	58	59	44	60	37	58	59	45	58	44	43	52	61	43	48	58	41	50	48	51	40	66	53	37	50	45	55	58	57	31	39	40	48	45	68	54	51	45	67	45	40	55	44	39	49	43	44	59	57	56	46	65	59	49	52	50	48	54	46	55	59	53	46	47	45	54	55	46	28	42	55	45	42	63	35	47	53	46	54	45	47	41	64	46	50	59	50	39	50	57	55	64	38	50	45	45	48	41	56	49	59	49	34	45	55	41	58	44	59	60	48	45	54	34	59	41	61	49	56	50	48	60	64
cell5	49	40	41	58	60	48	44	39	46	40	39	42	41	45	44	45	39	39	42	34	27	37	31	46	49	37	36	39	46	42	43	40	33	43	44	23	50	46	39	64	51	39	42	49	51	46	23	55	41	38	42	36	50	54	46	39	41	44	47	44	43	48	37	36	29	33	41	31	49	42	50	43	39	47	36	0	1	0	0	0	0	0	0	0	0	0	0	0	0	0	44	40	37	43	53	39	52	53	51	37	43	35	41	50	38	40	28	29	51	40	33	47	36	42	35	32	42	30	35	56	45	53	46	56	44	35	50	49	48	56	34	44	43	37	44	36	44	38	33	46	37	62	51	50	32	42	50	39	46	42	44	48	43	48	41	49	30	38	32	37	37	53	50	42	48	52	46	42	47	46	47	47	35	29	27	44	48	37	56	40	36	36	39	49	26	40	44	31	44	43	36	41	46	52	47	39	40	41	47	35	31	39	45	47	61	29	50	46	41	41	39	38	35	37	37	37	34	35	40	43	43	35	34	46	59	44	50	44	53	42	47	51	44	29	37	41	44	36	41	43	55	33	45	48	44	40	50	43	43	52	37	44	50	47	40	44	48	44	49	51	41	45	40	35	34	50	48	48	39	37	36	39	45	42	48	49	52	45	54	43	47	41	36	41	43	35	46	37	46	38	57	48	45	41	44	37	42	39	32	39	51	34	42	40	42	56	36	44	38	47	40	35	36	36	50	46	33	43	47	38	40	48	55	47	45	36	43	31	60	36	39	47	44	51	61	40	44	45	52	49	44	36	33	39	35	45	22	40	42	46	47	56	45	48	38	51	41	44	38	37	54	40	40	33	33	40	34	49	37	40	40	40	45	42	31	44	53	48	52	60	48	35	41	44	35	46	44	45	44	53	38	51	42	34	40	37	40	38	32	39	35	41	31	44	39	43	39	43	51	40	35	46	33	52	40	38	45	46	50	40	34	48	43	40	53	42	35	44	47	37	36	42	36	47	37	42	45	48	35	41	38	30	39	48	49	35	46	43	36	36	37	47	41	49	32	34	40	46	39	40	33	52	43	38	50	38	40	44	43	35	36	46	33	42	35	40	49	38	52	43	40	41	40	49	36	41	54	48	44	44	44	39	33	47	51	55	46	44
cell6	108	117	141	134	137	149	144	139	139	141	110	135	102	139	129	119	117	120	145	128	140	154	139	126	119	133	125	116	127	127	114	119	151	129	154	139	130	131	158	139	139	120	118	131	134	148	123	138	143	139	141	135	131	136	133	105	139	142	130	128	126	140	118	118	149	114	132	106	118	140	130	136	135	125	126	133	113	123	138	148	127	137	152	121	136	123	141	131	141	128	117	137	102	131	126	130	129	114	128	143	135	136	129	121	148	138	138	157	137	116	111	105	127	113	145	102	137	155	141	152	136	129	122	177	127	154	131	142	134	116	132	130	149	127	135	126	128	137	160	125	139	130	132	151	129	123	139	143	145	136	128	136	137	118	153	139	128	119	108	136	170	128	147	138	122	132	128	138	125	109	127	137	131	137	119	133	124	125	144	136	133	137	117	126	139	139	129	136	129	137	106	121	143	140	126	144	122	121	133	150	123	133	152	135	119	135	152	140	135	139	132	142	142	130	129	134	136	125	137	119	126	125	125	130	141	121	135	117	120	121	138	121	144	118	132	146	130	162	120	142	126	126	144	154	63	63	74	59	54	61	65	78	57	62	63	60	59	77	60	49	74	75	66	63	48	61	60	68	63	62	57	59	65	43	59	77	63	44	63	66	71	62	88	81	66	65	65	61	66	72	55	63	61	59	64	67	62	49	68	67	55	63	69	64	78	62	65	73	75	72	75	63	54	69	49	71	64	71	63	61	67	65	84	65	65	61	62	59	62	66	60	51	68	82	62	62	68	60	46	58	61	65	81	70	74	81	47	68	62	73	68	74	60	74	52	85	77	62	58	47	55	74	67	58	84	58	67	65	59	70	65	66	66	72	53	67	81	80	60	64	79	52	56	77	56	70	74	74	85	67	76	62	78	64	55	68	66	68	71	61	59	60	69	62	70	54	61	67	60	45	66	83	69	74	69	71	69	74	56	59	59	59	76	63	74	48	73	81	69	76	70	62	64	72	74	65	78	80	64	62	63	61	67	63	65	64	67	58	71	60	53	71	53	56	69	77	61	74	52	75	61	67	67	53	72	61	74	64	74	61	68	61	67	55	63	77	68	61	84	73	83	53	66	72	69	76	58	57	69	62	60	59	76	52	73	67	54	57
cell7	49	38	56	57	57	64	58	59	42	60	55	51	40	63	57	65	42	43	55	54	45	60	53	53	63	32	52	65	49	46	58	47	65	55	57	47	48	44	53	69	64	52	46	58	55	67	49	54	53	60	48	54	56	57	52	52	59	54	47	64	41	58	67	51	57	52	60	46	58	62	41	56	60	52	52	0	0	0	0	0	0	0	0	0	0	0	0	0	0	0	50	61	43	62	67	63	56	47	54	74	68	54	46	69	60	52	52	51	52	52	67	59	56	51	54	51	60	51	64	59	52	51	46	63	57	56	62	50	54	48	50	50	50	48	55	54	58	57	62	54	49	44	63	59	55	53	41	56	68	57	41	57	49	45	54	57	42	63	46	42	59	61	62	53	47	53	59	54	65	51	43	58	54	46	45	53	58	61	61	47	54	48	57	47	56	56	68	57	58	56	51	46	46	63	49	58	73	50	44	49	57	54	65	56	58	48	58	74	47	54	49	58	60	56	36	73	44	67	57	55	38	69	64	42	73	50	57	46	62	52	62	50	64	61	47	54	55	50	47	48	44	58	49	47	46	53	41	50	51	53	55	45	63	54	61	49	57	61	48	53	51	61	51	58	53	52	49	47	57	54	50	51	58	65	68	49	65	53	61	53	58	51	52	62	57	49	52	60	44	73	55	59	69	48	66	63	59	49	55	53	77	51	40	59	61	64	49	50	62	45	44	62	53	60	56	52	57	44	49	40	54	74	54	47	53	44	60	53	60	47	50	74	53	70	58	63	59	65	60	57	64	47	53	50	59	51	52	57	62	58	52	50	55	56	53	62	56	48	46	45	54	50	53	52	55	69	48	71	53	62	51	57	56	60	57	50	62	49	53	49	46	42	53	39	50	65	45	50	51	43	58	54	49	49	48	51	56	54	63	46	63	47	54	55	51	45	43	63	37	54	46	58	62	57	59	56	66	52	46	49	45	59	52	58	62	46	56	36	48	61	49	50	46	50	54	60	50	47	65	55	55	66	58	63	64	56	56	56	47	67	52	64	45	54	44	50	72	70	63	55	49	68	41	52	55	49	71	44	49	66	50	50	41	56	53	43	47	48	54	41	65	53	44	47	53	65	69	50	49	52	49	65	61	49	59	42	60	60
cell8	72	68	90	64	81	86	66	65	92	64	77	81	70	95	65	69	79	69	71	71	68	64	60	78	78	80	89	76	73	83	73	67	92	91	76	80	84	77	93	84	69	74	68	71	77	64	70	80	74	72	64	104	82	70	69	64	71	82	64	75	64	58	72	89	106	69	63	58	65	69	69	75	85	60	62	0	1	0	0	0	0	0	0	1	0	0	0	0	0	0	72	71	61	73	87	81	84	61	99	69	81	62	80	66	70	71	83	86	82	79	75	79	79	75	68	79	78	87	68	76	86	81	87	79	76	88	83	74	80	60	70	72	83	74	62	72	81	67	73	70	63	73	71	90	65	89	65	76	75	84	69	71	51	78	79	81	64	73	66	70	70	72	75	72	79	73	55	78	74	77	74	72	72	83	72	81	81	77	74	65	57	56	73	82	63	65	62	77	65	63	68	67	76	96	59	75	67	79	81	83	81	81	78	90	92	66	70	67	73	80	83	90	70	79	66	69	72	65	79	80	80	68	64	73	87	71	86	76	73	91	82	75	72	85	64	84	75	80	78	93	78	84	77	76	93	69	82	64	89	77	93	76	76	70	76	70	75	84	72	77	73	70	81	82	82	76	76	73	61	74	77	74	78	101	74	82	89	64	79	83	72	89	73	67	80	77	58	81	61	84	83	66	87	68	72	65	77	57	80	90	68	80	51	82	89	81	75	87	71	79	64	64	78	92	68	65	60	75	84	70	66	85	74	69	67	77	81	79	80	82	64	92	66	79	78	91	69	84	76	64	67	70	63	68	60	73	75	66	76	75	84	80	92	76	65	73	78	81	59	63	85	78	69	94	79	88	80	63	67	101	65	85	77	79	83	85	98	82	60	56	79	71	67	101	73	83	62	82	80	62	85	73	80	65	72	76	76	75	64	75	76	78	81	78	56	60	68	78	77	76	77	80	69	79	72	86	79	64	67	62	69	68	78	90	76	67	81	105	80	84	78	64	72	75	88	81	78	69	80	59	89	93	70	67	84	76	81	77	68	57	75	75	81	68	74	65	73	70	79	74	72	77	64	72	70	82	96	65	89	74	81	80	80	67	68	74	68	66	71	67	73	75	69	60	65	65	77	66	60	80	66	70	70	69	90	67	81	90
cell9	42	50	46	48	57	50	48	55	46	50	58	45	48	55	44	53	65	49	61	46	57	56	52	56	50	50	53	60	50	52	44	51	56	67	46	43	52	50	50	41	52	49	49	36	48	46	47	51	50	46	53	55	58	50	44	56	41	42	55	59	55	47	51	61	42	41	53	60	54	52	46	45	36	37	46	0	0	0	0	0	0	0	0	0	0	0	0	0	0	0	40	60	56	43	64	52	54	52	47	50	53	38	61	66	42	58	56	52	50	50	60	49	60	38	48	49	59	51	49	74	46	53	60	56	51	56	52	42	53	64	55	60	50	46	49	57	56	52	51	44	51	43	54	42	42	40	32	51	50	53	51	55	48	49	52	54	53	40	50	54	61	43	55	42	44	49	38	58	47	55	42	44	45	38	56	57	48	60	38	47	44	51	41	58	37	46	53	46	46	40	38	54	60	62	44	62	57	52	50	57	51	49	62	55	51	56	53	49	48	50	37	47	43	49	43	52	56	44	48	60	42	37	63	42	53	44	37	54	49	52	42	44	49	60	66	52	48	56	52	51	59	42	55	42	45	55	49	54	52	61	39	49	45	58	48	62	49	43	54	50	58	48	52	52	52	58	48	43	43	47	53	52	68	46	39	44	52	41	46	52	52	38	64	48	43	37	35	45	54	66	47	56	56	60	44	75	52	51	53	59	52	55	41	46	65	52	43	56	56	42	54	65	47	48	47	56	43	42	48	47	63	62	48	47	50	59	71	57	38	48	49	57	64	62	50	62	49	43	46	46	47	45	63	49	53	49	38	58	40	51	37	56	51	55	53	55	49	51	43	47	52	47	60	52	42	50	63	27	60	50	59	47	42	53	48	62	58	43	40	51	41	51	38	51	49	45	59	38	58	55	57	53	56	37	39	50	60	45	49	42	51	57	51	49	43	55	47	46	48	53	56	53	51	53	48	38	41	43	56	47	62	41	52	54	49	47	57	43	43	43	58	48	58	52	52	65	49	48	60	44	46	56	52	39	51	52	58	51	42	48	57	50	50	60	62	60	63	51	37	51	40	49	51	47	46	56	67	45	46	49	51	42	48	55	49	43	60	53	47	51	57	48	46	49	44	47	54	51	38	44	40	64	52	58	55	47	53	60
cell10	73	80	64	66	71	67	68	70	71	60	70	66	52	77	54	62	74	46	77	82	68	66	77	67	65	74	68	63	65	80	77	70	66	72	83	61	72	73	62	67	63	67	56	74	60	66	57	66	60	67	71	62	73	89	63	55	50	67	70	79	61	62	69	52	77	59	68	53	63	60	69	73	82	70	66	58	74	71	53	54	66	71	89	65	58	59	63	78	52	84	65	57	72	64	74	84	63	64	58	65	61	64	52	70	74	78	68	66	64	63	64	53	70	61	84	77	72	64	63	71	78	74	72	59	67	66	85	58	73	81	64	70	68	69	78	74	74	60	74	74	68	69	73	68	69	59	62	71	69	70	63	57	74	70	53	71	74	82	46	81	78	75	78	63	60	56	76	71	56	67	68	67	51	50	62	88	68	70	70	62	47	77	63	84	65	63	58	65	85	63	66	54	74	65	57	63	73	69	82	69	57	59	58	51	64	74	84	92	52	47	67	84	70	60	55	78	74	66	51	54	63	65	69	59	74	61	68	67	58	69	73	69	67	68	66	54	81	66	49	74	59	63	75	66	38	27	34	36	36	41	44	37	26	31	30	37	35	36	33	28	42	38	31	33	28	29	33	29	45	34	30	36	38	29	29	45	38	33	26	42	34	38	43	29	40	41	34	38	28	34	30	35	33	30	38	29	34	34	30	39	38	30	33	34	28	32	33	29	28	46	35	33	43	39	37	33	41	24	39	26	25	21	33	36	42	25	29	32	43	38	28	42	44	43	36	37	40	48	29	42	36	36	37	35	34	32	27	25	28	42	23	28	39	31	27	38	28	24	41	35	39	31	37	37	35	26	34	33	35	28	41	31	43	35	28	35	39	24	20	31	31	28	32	28	27	37	33	36	39	37	42	39	28	37	37	29	34	35	49	37	32	26	48	44	31	30	25	26	37	22	41	35	34	36	27	41	29	27	32	27	35	41	32	49	38	33	37	38	36	38	27	27	34	32	24	36	40	30	33	41	33	36	28	36	44	39	34	32	31	42	16	42	42	32	46	42	26	33	30	34	31	42	34	23	39	32	36	29	44	29	33	27	35	33	22	35	35	22	34	46	26	29	32	23	35	27	45	40	30	36	32	39	27	47	36	34	36	31
cell11	72	57	72	63	76	62	64	52	61	80	62	82	68	62	63	59	54	64	64	66	70	83	73	83	72	77	55	55	55	66	63	59	62	62	68	48	77	59	70	73	41	63	60	64	76	58	58	60	66	52	60	60	71	42	62	60	71	62	46	80	62	62	66	54	65	52	60	65	59	55	59	56	66	64	61	51	58	70	67	74	58	61	74	61	67	44	59	55	61	77	72	78	53	64	60	71	55	58	60	76	69	58	56	63	52	61	63	59	55	68	66	70	72	62	60	60	94	66	60	87	72	70	70	69	58	79	63	55	60	43	48	55	66	75	56	56	67	70	72	58	55	63	61	54	68	49	52	56	62	56	50	71	73	68	74	58	52	73	55	61	68	77	75	73	66	51	57	73	57	77	52	67	71	64	66	77	73	89	72	56	57	47	54	60	71	67	82	50	57	62	67	56	83	82	63	57	73	56	68	64	64	68	64	85	65	61	71	64	60	63	65	53	62	57	73	60	57	71	70	71	64	60	66	61	67	50	74	60	63	66	69	56	70	70	54	65	75	75	58	71	59	65	55	65	42	31	35	47	25	29	22	30	32	31	35	38	32	27	38	27	32	25	32	44	31	31	49	35	36	19	32	30	31	33	30	31	32	30	33	35	27	30	46	31	34	37	27	34	26	24	31	37	30	25	41	34	26	25	31	21	38	28	36	37	38	36	38	44	34	32	22	35	35	38	29	31	37	42	36	26	24	39	26	32	38	28	31	31	44	22	34	33	28	37	44	29	39	34	32	36	37	26	41	33	29	30	29	35	42	31	34	31	38	45	40	32	23	20	20	26	42	31	27	35	35	30	23	28	24	28	30	32	28	34	31	34	28	36	23	30	24	36	34	33	33	26	26	23	29	32	39	40	35	35	21	26	30	25	33	18	30	33	36	30	22	29	37	36	37	37	39	41	20	31	23	24	35	41	27	34	32	28	31	28	38	16	30	33	37	32	19	29	34	35	30	30	34	30	31	35	30	42	32	19	39	28	27	37	33	25	27	36	31	34	24	30	47	29	31	33	31	40	27	26	31	27	38	29	29	38	28	24	35	34	29	21	21	34	43	34	40	32	39	30	34	28	26	29	28	38	18	29	42	26	24	20	44	32
cell12	137	144	162	176	165	154	171	153	148	165	144	158	143	149	143	153	141	155	150	121	190	144	178	154	163	153	163	141	172	146	132	142	155	158	178	142	159	157	165	155	152	152	149	159	159	152	133	174	148	164	139	148	161	150	126	151	173	167	155	153	142	153	170	156	179	139	148	171	158	162	146	140	170	149	159	138	163	138	157	157	177	170	155	130	157	168	133	184	139	128	140	160	148	153	165	174	173	158	159	152	173	149	159	157	167	159	144	165	141	121	155	178	135	144	169	155	157	186	148	177	158	147	173	159	140	164	163	147	144	132	171	126	135	152	161	171	163	167	145	150	179	140	159	173	151	148	156	150	167	142	152	156	164	143	182	153	144	159	139	153	155	173	155	148	145	150	140	169	153	162	166	169	133	162	132	156	174	161	153	146	148	149	148	165	159	163	165	140	150	138	130	132	163	203	158	150	164	154	147	144	176	128	182	147	161	140	148	167	159	153	159	155	155	149	156	162	152	170	159	145	140	135	168	148	181	142	174	147	158	155	151	136	175	141	167	141	156	182	157	147	151	152	132	173	82	92	80	79	72	82	71	79	66	68	54	77	54	64	76	73	84	91	94	88	72	74	74	72	89	90	88	63	84	72	79	69	88	63	89	82	57	91	82	78	87	92	77	90	75	85	74	80	74	82	85	57	78	82	64	86	79	62	90	92	83	90	77	85	78	101	81	85	82	80	74	85	88	73	92	64	69	70	91	67	96	68	65	73	93	70	61	73	78	85	98	84	89	74	70	82	75	78	82	71	85	92	87	79	61	77	77	85	72	72	85	63	84	78	84	86	73	77	63	87	86	70	79	91	85	82	76	59	66	85	73	80	88	70	75	70	78	66	82	82	76	75	89	87	87	81	69	93	65	86	76	86	67	75	71	80	71	78	87	91	78	83	78	88	75	75	69	67	82	84	73	72	81	81	74	77	58	81	69	84	75	74	75	80	78	78	76	78	88	84	79	65	71	64	78	93	97	68	73	79	79	78	84	81	83	64	78	70	80	71	82	76	65	72	80	80	79	79	73	102	69	102	85	60	85	79	87	76	71	83	49	61	88	57	94	74	61	64	77	83	77	73	85	73	93	83	64	81	58	67	60	73	89	74
cell13	158	155	179	161	155	150	188	184	156	148	170	160	141	164	158	143	151	159	171	154	151	161	159	167	163	160	159	173	171	157	148	167	169	177	198	144	168	147	153	166	131	158	168	149	148	142	141	143	152	162	144	149	171	146	171	150	182	182	153	184	157	163	177	160	155	128	155	168	120	141	145	180	184	150	151	153	157	149	158	165	152	180	192	173	130	151	162	174	147	153	163	161	148	116	149	167	145	146	144	153	171	140	156	158	166	164	147	179	121	163	160	159	142	143	158	170	172	170	160	154	157	158	155	160	157	195	152	152	172	157	158	156	133	173	148	173	155	162	162	162	135	183	154	151	150	144	149	157	174	174	130	152	154	137	187	163	162	158	142	171	162	156	192	171	141	165	150	169	164	156	167	161	152	142	143	184	169	145	208	143	150	159	157	170	135	172	157	166	139	168	152	130	195	163	156	180	156	131	178	179	150	152	154	184	146	161	154	141	165	155	166	161	148	160	135	166	146	157	162	159	140	151	152	169	159	132	159	148	142	169	165	165	153	131	160	159	167	185	159	182	142	165	165	167	86	93	80	93	63	82	87	78	77	76	82	77	67	76	65	79	78	104	84	93	70	73	87	75	82	74	74	91	63	61	91	71	88	86	79	84	75	81	83	87	81	86	65	94	94	87	87	66	78	76	90	92	96	75	81	90	81	72	81	98	91	92	86	89	71	83	67	69	83	72	80	67	78	82	74	81	78	68	79	85	74	66	79	85	89	75	72	86	89	81	73	80	70	77	79	81	82	77	70	75	77	92	54	72	78	74	66	93	93	74	61	74	57	69	77	57	69	82	79	107	66	60	77	69	85	97	82	79	83	74	67	91	107	90	90	84	87	62	80	92	81	78	71	79	89	87	68	78	76	81	74	69	69	89	69	89	76	97	96	79	81	70	88	85	86	73	78	93	97	80	82	72	81	97	81	80	83	63	73	74	83	71	75	107	84	92	76	76	85	76	76	66	68	83	48	85	75	82	84	76	70	66	81	84	74	77	64	75	78	84	78	101	79	73	82	80	70	88	78	80	79	75	85	73	107	58	80	76	74	61	58	75	73	72	84	71	79	76	67	81	74	85	86	74	63	75	68	91	68	98	78	90	97	89
cell14	84	94	90	95	96	99	105	100	78	96	83	90	88	89	104	84	91	74	101	106	89	87	92	81	95	100	84	92	76	85	97	98	91	102	99	74	91	70	86	111	87	89	82	100	94	73	78	97	94	93	81	89	94	92	90	87	71	96	80	94	77	83	92	89	96	88	94	91	82	98	88	96	92	93	81	99	87	99	90	82	72	102	108	87	81	97	76	89	75	82	112	69	90	88	91	97	101	79	93	95	97	99	98	103	100	112	102	100	91	81	100	109	98	102	99	88	122	98	79	106	83	100	83	100	92	86	102	87	81	87	86	100	80	96	81	87	109	97	89	100	83	88	94	94	73	78	107	95	110	71	87	78	99	95	80	90	87	107	91	71	115	101	99	93	99	95	91	84	86	80	98	95	77	89	89	84	80	74	102	83	81	78	80	97	93	101	101	99	87	98	89	60	111	113	91	112	101	89	91	88	85	94	89	105	73	79	104	109	86	90	98	117	86	118	85	103	82	79	93	80	89	76	88	96	96	94	101	81	59	101	104	82	89	97	93	100	89	88	80	85	86	107	89	85	52	41	59	54	56	51	46	48	40	42	49	48	38	50	40	34	55	48	29	54	48	46	53	43	66	53	51	46	44	45	53	35	45	38	43	51	33	47	35	54	46	52	46	39	38	40	50	49	53	36	46	40	52	47	40	58	40	36	35	46	49	50	51	54	55	58	36	47	58	52	32	52	40	41	45	39	40	51	50	47	40	54	48	49	45	32	35	60	47	50	50	40	38	48	52	34	43	55	54	43	39	52	47	50	38	44	50	45	66	37	42	38	51	48	48	41	43	31	41	51	50	43	50	41	37	45	48	48	51	49	48	53	43	40	45	50	54	46	37	46	33	44	48	40	60	50	55	55	50	28	53	35	38	40	41	46	46	50	50	50	32	56	35	39	46	42	50	53	39	40	51	53	40	51	37	44	49	38	32	33	44	49	48	46	31	41	56	44	38	47	44	44	53	39	52	42	56	50	47	38	59	46	47	43	45	42	39	54	47	52	57	40	43	45	46	50	47	59	40	44	47	50	59	38	49	41	54	32	51	44	51	36	45	44	41	56	58	38	48	35	38	46	58	47	41	60	55	52	57	51	57	34	56	38
cell15	87	75	76	95	84	88	98	89	89	90	73	86	64	102	94	74	88	77	76	95	95	83	73	90	79	86	87	86	91	85	87	87	92	108	90	85	88	77	96	94	90	79	98	84	87	80	86	77	81	111	87	84	89	81	82	81	79	86	65	88	82	100	78	82	79	85	89	86	87	78	77	73	88	82	94	82	83	90	62	82	87	93	84	83	88	81	97	102	87	89	108	87	84	81	83	91	94	88	91	96	87	79	74	75	96	102	92	79	73	78	90	90	66	63	99	82	99	87	70	81	86	84	111	105	93	98	78	97	82	80	89	85	104	88	83	81	100	83	93	76	94	71	87	104	72	86	63	84	90	80	90	86	85	73	77	85	91	80	78	94	106	98	92	80	100	77	80	96	106	85	79	73	82	66	76	80	95	72	90	91	76	82	92	83	89	79	95	91	76	91	84	63	82	95	79	110	78	86	95	90	88	74	91	76	96	89	92	94	67	89	97	75	96	67	74	89	81	85	86	75	72	80	88	69	89	82	94	77	76	87	82	89	91	110	89	85	80	90	69	84	60	74	88	86	41	54	60	35	36	53	47	35	36	42	56	51	45	52	36	49	44	32	55	49	45	44	41	51	44	45	53	36	48	44	36	44	47	35	45	52	41	38	56	35	47	51	41	32	33	54	48	36	58	31	31	44	44	44	40	40	65	34	52	54	40	54	34	42	42	47	40	32	41	48	45	45	40	49	60	40	35	40	48	31	46	36	52	38	50	37	46	53	45	47	25	53	50	43	50	36	38	43	46	43	52	39	56	30	36	39	47	39	60	43	39	43	46	34	25	41	46	46	59	37	45	53	31	43	45	47	34	36	41	41	53	38	60	45	45	45	49	42	29	49	44	46	42	35	35	40	52	56	44	41	41	32	39	51	42	44	44	54	49	49	34	43	64	38	44	40	35	46	45	53	39	52	33	36	38	40	32	36	41	44	43	40	50	39	41	36	41	46	46	47	34	36	36	36	40	41	59	46	44	41	50	58	46	49	44	25	46	44	38	51	39	39	48	36	33	52	38	42	42	41	36	35	50	36	57	41	39	43	40	44	46	42	49	41	48	43	40	57	37	41	48	40	46	54	43	51	32	41	44	42	45	42	45	46
cell16	138	165	144	162	161	136	154	151	118	163	139	137	126	144	140	154	148	175	138	159	128	157	138	126	156	151	141	131	166	149	151	142	156	170	167	130	142	137	155	124	123	111	146	137	137	136	143	141	137	147	129	151	153	127	137	135	136	154	174	159	146	129	157	150	138	144	163	153	151	138	142	142	161	149	137	136	129	125	151	161	152	147	195	142	147	142	140	146	137	138	139	147	138	141	166	157	143	144	149	171	187	140	139	156	153	149	138	162	142	144	132	157	146	106	149	132	155	155	152	161	148	142	158	168	139	145	153	147	142	124	162	140	125	138	142	147	138	153	129	142	147	138	122	130	142	128	117	143	146	136	133	136	164	138	155	146	119	158	127	151	167	155	182	134	139	144	156	159	153	148	125	145	172	129	158	168	160	136	154	104	123	146	147	150	117	137	143	144	141	146	140	116	175	161	140	157	177	138	158	142	132	141	148	157	139	149	178	169	167	134	155	147	153	139	137	141	150	141	132	153	132	157	136	153	154	129	183	141	133	170	160	138	152	178	156	147	129	177	135	157	138	142	140	153	83	81	69	64	83	76	79	68	76	66	61	74	60	70	68	73	71	95	86	61	75	70	70	69	84	102	90	75	59	76	67	76	78	94	69	78	77	83	74	61	66	85	58	82	58	84	81	79	71	72	77	82	70	68	71	76	80	83	73	81	64	75	72	66	75	66	80	70	79	82	72	82	58	70	80	61	76	76	83	69	77	56	91	88	83	60	72	86	86	81	75	82	72	76	70	80	65	74	72	81	81	82	82	77	64	59	65	90	69	73	53	80	80	70	66	58	60	68	61	69	64	69	79	52	74	68	82	75	68	66	66	88	94	96	70	75	80	87	70	66	65	68	71	84	84	74	74	86	67	61	73	65	70	68	76	76	76	51	87	72	66	78	77	76	76	86	74	79	72	77	66	76	78	78	64	57	78	85	86	59	76	65	94	74	51	82	62	63	88	63	83	77	73	78	62	69	70	82	82	71	84	76	72	61	78	69	55	56	70	64	67	66	75	72	80	91	75	86	70	82	78	73	75	77	71	77	97	64	74	57	58	68	60	73	78	83	80	57	63	87	78	80	79	68	63	67	63	76	83	65	62	61	69	74
cell17	25	27	32	41	32	44	47	43	34	42	36	37	19	33	40	40	34	39	33	31	43	39	29	32	24	36	35	33	36	29	31	31	41	27	41	42	35	34	40	36	31	36	33	42	30	31	27	35	35	37	27	32	35	27	39	35	36	36	43	38	31	34	26	28	30	33	39	37	25	36	37	35	30	28	30	0	1	0	0	0	0	0	0	0	0	0	0	0	0	0	36	36	33	40	38	38	30	34	29	41	42	33	32	38	30	25	44	42	25	35	39	30	41	32	35	33	35	39	27	45	42	35	40	33	36	43	38	31	32	32	36	28	47	36	20	25	36	48	40	28	31	37	35	34	28	27	38	32	43	41	41	36	32	31	28	38	35	42	30	29	30	36	32	44	44	22	32	36	40	41	33	26	45	30	37	40	36	26	35	26	31	29	35	40	36	34	30	27	31	33	26	29	29	48	28	32	29	33	35	32	30	30	32	25	42	50	38	35	34	41	40	36	33	45	31	28	40	30	37	37	24	30	38	44	38	25	42	29	35	35	29	36	44	36	39	42	42	30	30	34	34	29	34	37	30	41	32	40	37	37	33	29	37	41	27	31	36	38	37	25	40	36	32	46	40	32	22	41	38	26	38	29	44	29	32	40	28	28	27	42	22	39	38	25	42	34	36	34	30	31	38	42	31	39	35	34	30	37	40	39	34	34	35	29	36	38	33	43	34	30	26	35	33	34	45	24	36	34	23	25	28	28	30	42	28	37	40	33	31	38	42	30	27	35	31	35	35	43	37	34	34	29	52	30	44	39	26	37	30	48	30	34	43	29	32	39	30	33	34	37	34	36	43	47	32	33	31	38	36	50	39	30	39	31	33	35	36	45	44	34	55	32	29	34	45	34	42	38	38	49	38	37	33	43	29	35	29	37	39	32	32	35	39	34	33	31	34	32	35	33	38	32	34	36	38	39	41	33	28	26	30	24	30	36	37	34	38	40	29	36	35	28	37	30	30	39	42	37	29	27	37	25	34	34	28	31	42	39	39	32	28	41	36	39	26	28	43	32	40	48	26	47	35	39	29	37	37	40	40	33	25	25	36	32	30	47	34	28	45	29	34	30	44	27	37	41	39	28	27	37	40	30	46	43	37	30	40	40
cell18	64	65	78	91	103	73	77	74	62	75	79	63	61	76	83	65	65	74	76	63	90	75	72	77	78	68	69	80	84	70	71	59	85	70	64	59	73	61	82	62	76	78	60	74	80	76	75	77	42	59	93	73	73	70	72	60	74	87	71	72	74	75	67	87	88	53	73	71	80	64	69	78	78	61	66	77	62	77	61	61	64	84	91	75	61	68	75	84	73	62	63	77	71	79	59	84	74	73	72	83	67	70	70	81	72	77	76	81	65	84	81	75	60	54	74	74	99	84	81	85	77	87	74	71	76	63	83	49	75	65	62	75	72	67	80	68	73	87	83	78	83	75	71	74	60	73	79	88	58	65	68	76	80	75	71	51	47	72	61	75	97	82	69	84	73	81	76	70	91	69	68	77	78	77	72	84	73	80	71	48	69	67	81	88	70	55	62	70	69	90	68	51	66	76	85	76	79	63	76	84	62	69	73	74	71	57	82	85	73	95	68	82	73	56	77	79	74	82	74	73	77	75	63	85	90	66	96	84	61	75	85	62	63	95	76	74	76	67	55	78	55	66	62	65	44	30	38	40	42	36	32	39	45	41	39	32	39	41	34	30	25	39	44	47	48	30	24	39	27	37	41	37	42	46	36	43	46	34	52	38	43	32	30	42	29	31	48	36	37	44	37	45	48	44	42	35	33	30	32	39	41	29	40	39	36	40	32	47	46	27	37	32	49	34	31	41	36	29	44	26	49	31	53	37	34	26	40	30	37	23	46	39	42	48	41	36	42	28	37	33	33	38	38	42	38	36	34	41	17	41	31	44	26	27	32	36	32	28	39	28	47	42	35	36	44	38	28	38	29	44	38	29	38	38	27	39	40	39	29	40	41	32	34	42	38	42	42	37	38	30	42	38	35	39	33	24	36	32	29	27	41	30	39	38	32	44	35	36	34	50	41	40	37	38	26	32	34	43	30	34	45	33	31	41	43	22	47	49	44	33	30	36	42	38	44	32	44	24	34	33	31	38	29	40	38	32	33	34	41	38	37	29	33	46	42	37	45	42	40	36	34	37	40	41	38	34	40	40	36	47	38	39	43	34	33	39	33	32	40	45	39	41	33	20	36	38	39	40	35	36	46	34	37	30	42	47	55	34
cell19	130	110	120	139	118	116	115	116	94	128	122	107	102	112	112	107	112	107	121	129	122	141	111	126	135	108	111	116	114	120	122	92	109	107	123	144	104	96	120	97	122	107	100	120	124	112	93	117	121	118	98	102	122	120	114	122	109	105	110	110	115	94	116	113	103	103	114	124	117	107	110	104	138	102	109	133	100	110	99	114	118	103	135	110	118	141	109	115	103	141	95	112	122	99	124	122	103	101	126	127	138	110	109	96	122	124	127	123	118	108	99	117	126	93	122	120	130	118	108	125	99	119	109	127	113	149	116	117	118	103	132	109	118	119	103	122	126	117	96	111	122	115	111	110	98	98	108	111	110	109	103	122	135	125	133	110	100	102	140	106	122	125	136	118	104	109	124	115	115	130	110	124	119	128	91	117	121	97	126	111	88	115	137	123	128	107	118	105	124	119	115	97	136	131	100	108	110	129	95	113	111	114	110	123	114	105	108	123	130	78	119	124	124	114	118	108	112	118	110	122	122	110	116	104	120	89	131	110	113	110	131	105	92	133	143	112	102	108	101	117	107	108	114	120	72	60	51	47	53	60	51	54	67	51	50	72	54	66	55	47	51	81	74	69	66	55	61	53	58	39	62	51	61	52	48	59	59	53	51	62	70	60	58	47	66	66	52	64	54	59	54	61	69	59	51	54	55	54	61	51	66	53	57	63	62	46	62	74	51	69	63	56	52	46	62	54	54	63	64	59	59	64	51	72	61	32	55	69	55	49	53	65	66	79	54	67	55	45	51	61	54	57	52	48	58	58	63	53	56	68	68	57	57	67	53	64	53	56	39	52	36	52	73	61	51	45	60	55	62	55	56	59	46	62	63	56	57	53	57	58	52	67	59	60	55	47	69	61	55	52	57	56	55	60	62	63	53	57	53	69	62	57	66	68	46	63	52	68	67	54	63	69	57	49	46	66	61	58	52	57	62	57	58	50	43	55	58	62	56	60	50	56	57	58	49	72	45	57	59	61	55	54	59	55	68	48	53	60	47	56	53	55	59	52	59	45	52	67	51	69	54	49	39	52	65	67	49	55	51	52	66	44	52	61	53	58	65	57	61	47	54	71	66	63	66	60	64	77	54	51	44	60	44	53	48	56	66	59
cell20	87	80	96	87	93	78	84	118	78	96	84	79	82	90	83	83	80	85	89	103	74	64	87	85	84	87	65	88	71	88	74	81	79	86	96	90	69	94	97	82	82	73	74	85	82	94	81	83	84	107	79	92	102	87	90	92	93	79	73	104	71	81	93	75	92	63	87	92	88	100	83	88	89	89	67	88	78	75	93	86	87	96	100	68	84	76	91	77	93	86	87	82	72	105	93	80	96	82	74	98	95	87	90	78	90	98	91	88	82	87	72	84	98	89	92	74	81	94	83	90	85	85	97	79	98	92	85	87	96	100	82	69	96	98	81	82	86	82	85	89	80	81	69	91	67	79	100	64	104	82	85	86	79	80	74	100	76	80	71	94	82	77	85	94	81	67	111	93	76	75	84	84	83	75	74	78	84	82	84	103	81	86	86	99	77	100	101	74	82	73	71	97	86	113	90	89	87	74	80	100	102	58	95	81	89	73	97	79	66	79	73	95	82	101	90	86	84	87	86	86	84	68	99	78	84	89	86	61	79	96	68	75	97	71	75	76	97	79	98	70	88	83	72	90	46	43	45	44	54	44	45	49	41	50	51	47	53	44	43	42	43	36	34	39	47	39	42	33	46	37	43	36	53	40	39	41	69	53	43	45	40	39	54	39	36	44	39	47	40	53	44	43	48	44	52	44	40	39	47	41	51	45	63	42	39	53	39	53	42	46	47	43	42	49	48	47	41	40	42	21	50	50	35	48	42	30	53	40	41	39	35	46	48	71	36	52	41	43	44	34	40	46	51	30	46	34	45	55	45	45	44	53	51	41	32	40	35	26	38	36	41	35	36	34	49	35	55	42	40	40	42	48	38	46	42	50	41	35	39	40	55	29	28	50	64	37	35	38	39	37	39	52	45	44	30	37	47	34	40	48	44	51	52	42	42	36	35	46	41	43	46	50	48	46	29	37	44	40	43	39	41	29	44	36	33	38	46	49	44	49	34	36	33	47	45	48	39	51	36	42	54	42	45	39	43	55	37	36	41	40	33	41	46	46	38	49	50	46	48	43	34	46	41	31	33	50	39	39	33	45	50	34	34	42	44	39	41	36	40	52	54	30	54	39	56	45	51	31	44	41	37	55	43	43	39	32	50	38
cell21	94	98	99	98	96	101	114	101	90	114	91	94	82	99	79	89	97	94	92	97	111	86	84	83	111	92	94	95	90	85	94	94	112	95	107	98	92	93	95	95	87	87	86	94	77	92	82	108	102	91	88	114	97	100	83	94	106	97	88	120	91	90	99	95	111	75	101	88	93	101	84	90	97	79	94	98	108	80	81	95	89	110	110	102	79	88	110	88	105	109	117	93	100	92	96	91	95	106	85	99	104	97	103	111	89	73	98	90	113	96	91	100	100	89	90	86	89	95	78	106	89	107	93	95	83	106	82	96	88	81	91	110	68	90	104	87	96	104	84	96	84	107	83	86	93	91	85	95	97	87	84	103	100	87	91	88	94	105	94	104	112	109	104	92	119	90	113	104	104	84	104	91	97	100	83	94	94	87	108	96	87	98	90	96	99	95	96	77	98	82	115	89	124	126	80	88	99	100	111	85	97	85	91	109	94	85	84	109	105	86	92	94	95	95	90	92	71	115	99	89	80	103	103	106	100	84	98	98	87	118	106	89	107	101	83	99	96	107	106	115	87	92	92	97	51	61	55	48	52	48	50	44	62	44	51	49	49	43	47	49	43	50	58	52	46	44	49	32	44	49	50	53	54	39	50	44	49	39	59	51	50	62	55	61	57	46	53	44	44	57	53	57	44	52	62	49	49	54	43	49	45	48	52	57	52	51	51	59	52	48	46	57	54	46	39	47	49	45	57	29	49	54	54	51	48	37	55	34	57	49	42	47	66	54	58	56	46	42	54	43	47	49	52	43	45	42	41	38	41	43	59	44	58	52	45	44	56	46	52	49	47	55	46	39	46	51	44	44	32	49	55	57	39	49	43	72	60	55	37	44	50	42	39	48	43	53	48	61	50	46	55	63	47	37	44	40	45	50	49	38	53	34	47	47	49	44	53	45	36	58	53	57	36	62	45	37	42	40	38	38	40	45	40	41	43	36	50	48	50	56	47	45	46	44	37	38	39	59	54	38	43	48	36	37	55	66	51	41	50	47	46	52	40	44	37	54	66	48	61	41	44	48	40	41	46	46	46	54	52	48	57	58	42	43	40	48	47	42	46	40	40	55	46	51	46	44	52	47	50	55	53	50	49	37	45	56	44	47
cell22	113	89	95	102	94	100	82	94	84	95	88	107	74	91	88	80	78	84	96	88	87	93	82	92	96	105	87	101	77	87	92	78	89	85	89	83	93	90	84	100	86	83	83	95	101	97	86	93	104	70	80	71	114	95	98	96	81	77	81	86	99	100	93	86	82	93	92	76	109	80	103	81	88	89	96	93	88	78	86	95	96	97	109	90	91	96	82	103	82	76	101	96	89	76	79	115	103	87	98	101	107	86	79	73	109	104	85	97	87	90	101	83	79	90	95	88	106	97	84	98	103	104	83	99	95	93	93	100	86	79	87	81	89	111	83	82	95	92	91	114	107	88	92	85	74	100	69	88	85	86	71	82	87	92	97	95	86	85	77	73	111	84	92	95	88	89	91	98	105	82	90	98	112	89	83	92	105	91	109	92	71	87	83	103	89	87	97	94	98	97	95	81	89	112	95	99	100	98	103	106	83	98	107	93	87	84	98	95	90	82	77	104	101	79	87	93	86	91	96	90	92	84	86	99	109	92	88	92	84	85	103	84	99	93	103	94	78	116	95	91	94	94	100	93	47	57	37	46	42	55	43	46	40	41	50	37	50	49	49	36	49	42	47	46	41	45	52	47	42	46	48	51	60	43	50	40	58	36	40	41	58	38	44	55	47	37	47	42	50	46	40	51	41	34	41	51	38	43	47	41	37	51	52	43	34	49	43	49	48	40	51	50	51	48	38	52	35	40	50	44	39	56	50	52	40	42	53	47	44	52	49	51	54	50	56	39	46	54	34	30	37	50	46	42	36	56	42	54	40	44	33	33	42	51	36	36	50	34	48	46	47	49	50	51	55	40	54	43	47	46	45	39	32	44	39	36	43	49	36	41	51	42	38	68	26	53	48	56	52	41	45	36	37	37	43	43	35	47	43	55	55	48	49	37	44	46	41	57	41	42	46	50	31	50	34	50	54	45	37	40	48	41	47	52	47	41	33	52	34	44	39	42	53	45	53	41	37	43	39	43	42	53	35	44	46	53	45	30	51	39	48	50	45	52	50	46	48	49	48	48	38	47	33	48	51	50	51	40	64	39	39	59	47	31	40	44	53	38	42	40	52	58	44	38	38	38	43	41	42	46	47	53	48	53	47	41	47	49
cell23	106	98	115	105	103	110	111	104	113	109	109	120	91	127	95	103	104	100	97	115	106	102	112	98	105	96	111	101	120	106	104	103	132	114	102	104	105	108	108	130	124	115	112	88	100	101	103	116	103	113	93	119	123	114	117	106	112	107	121	121	117	121	138	101	120	97	84	122	106	99	100	97	114	105	91	108	117	121	101	113	110	122	121	96	99	93	102	108	117	118	116	105	97	105	101	102	93	99	99	115	110	93	90	97	93	110	88	97	105	110	105	108	105	102	119	92	103	92	106	110	102	111	94	113	111	122	108	95	111	105	98	111	100	112	95	120	118	121	103	105	118	116	112	95	109	113	81	103	97	114	108	111	96	82	102	109	91	104	92	95	122	114	119	118	101	115	101	131	99	114	76	138	111	119	107	105	130	112	121	96	108	112	92	97	110	97	112	110	98	112	101	92	110	125	105	117	114	96	115	91	110	107	119	104	103	94	124	99	109	96	113	121	113	106	105	88	111	120	112	101	104	118	108	100	121	97	114	93	120	125	115	122	120	135	111	108	98	124	96	102	123	106	114	99	49	61	51	56	47	66	50	52	67	55	52	56	52	52	61	48	55	64	63	43	51	52	53	48	43	52	60	49	52	45	50	54	60	55	55	53	46	49	50	54	62	44	57	51	51	66	46	58	63	62	56	48	50	49	49	73	50	49	53	55	44	57	62	65	57	50	53	66	57	37	52	60	46	46	53	47	57	59	54	55	67	31	62	50	52	48	58	57	49	62	47	64	68	52	53	51	44	58	37	57	50	51	52	53	51	53	43	56	56	54	56	61	44	52	46	48	59	55	67	59	57	52	61	40	58	58	44	60	58	48	59	48	69	45	58	59	62	54	46	59	58	52	54	55	67	47	50	56	59	43	54	54	63	50	45	56	31	61	53	53	52	60	47	44	55	57	39	61	50	48	46	60	51	60	44	50	66	66	53	63	60	41	52	51	41	52	44	47	41	50	45	44	46	51	52	48	50	62	53	48	55	73	44	52	31	60	41	57	40	49	60	49	57	62	55	57	49	59	49	48	40	56	56	38	51	49	57	46	49	61	45	49	58	48	51	49	57	44	46	52	61	41	63	54	50	60	38	64	61	41	51	41	58	63
cell24	156	134	136	144	146	162	142	153	157	134	142	158	142	150	144	135	160	143	147	130	171	144	121	132	140	147	141	144	155	140	123	149	128	158	135	129	146	132	168	146	145	135	145	143	159	130	134	168	148	176	161	158	158	139	157	140	150	141	131	151	138	144	159	116	142	123	134	151	132	141	126	114	149	152	125	155	149	143	148	124	137	146	172	141	160	122	132	126	155	154	162	145	157	135	153	130	149	142	134	137	162	143	137	165	157	140	133	155	132	156	146	126	155	119	174	139	155	167	125	169	152	149	137	147	139	171	155	140	153	107	127	139	132	145	128	131	152	136	164	136	153	157	148	134	99	161	138	130	148	137	139	151	161	147	138	155	123	153	120	129	171	164	157	159	153	141	158	159	137	148	139	170	148	143	135	146	161	144	156	110	131	136	137	163	147	135	141	139	152	155	145	153	153	179	115	182	153	146	152	148	114	120	163	152	150	136	127	173	139	138	163	156	147	159	152	149	144	120	144	154	117	148	153	168	167	113	165	143	123	155	124	149	169	170	158	152	136	158	156	137	145	112	144	153	68	64	65	64	77	87	66	61	71	70	82	78	70	83	65	65	65	85	75	77	61	79	81	75	73	64	91	71	66	85	65	69	77	85	75	82	62	73	86	77	83	87	71	73	84	80	77	80	85	76	72	80	79	64	65	66	94	80	68	85	72	90	79	72	62	76	69	64	71	62	52	73	67	63	94	61	70	70	68	75	69	75	70	79	69	75	77	69	90	84	74	73	78	83	71	73	56	81	60	64	73	62	70	81	72	79	67	81	81	81	82	82	67	63	55	59	73	80	74	79	59	66	82	51	71	83	77	59	61	70	68	71	60	79	74	54	77	62	74	70	63	66	75	69	95	67	72	75	79	56	73	78	61	72	68	68	78	77	69	69	69	76	74	69	78	55	74	70	80	90	61	76	77	70	68	72	87	80	67	67	73	65	79	74	61	72	68	45	68	74	70	74	79	71	66	82	92	79	61	78	95	72	56	70	72	51	63	80	69	65	64	57	78	66	80	80	67	71	52	66	80	90	74	73	77	84	75	73	65	68	76	77	88	66	71	72	85	58	76	51	57	58	81	81	74	68	60	76	78	70	79	77	64	72
cell25	102	103	101	102	106	90	99	94	107	87	100	97	108	103	90	82	102	106	100	106	94	74	121	100	92	106	99	88	106	101	105	99	93	105	98	103	104	111	109	80	95	93	118	112	97	82	99	117	101	103	113	108	112	96	82	116	96	88	105	93	86	90	102	106	104	98	112	105	86	110	86	87	98	115	98	98	108	95	125	91	106	128	103	92	82	103	81	109	78	88	101	104	94	75	112	100	112	96	96	131	100	108	87	104	120	118	88	106	100	92	101	93	90	72	101	102	104	107	75	105	117	105	105	109	92	118	114	93	102	96	100	90	96	94	82	109	107	99	111	110	107	92	93	109	108	102	87	91	97	105	88	95	93	97	85	99	91	103	91	111	84	100	117	100	93	97	120	101	105	111	90	107	84	99	91	105	104	99	118	88	91	94	87	106	115	85	112	97	104	94	104	66	115	121	93	93	97	98	101	113	114	93	122	103	104	96	99	103	101	78	113	99	111	94	87	82	83	75	102	83	98	102	102	102	89	80	117	97	104	114	91	82	99	98	104	108	70	117	105	96	97	82	96	94	56	49	61	48	58	59	54	39	54	57	51	54	45	42	43	40	56	63	52	52	49	46	49	50	44	51	44	48	41	43	62	44	63	55	47	63	53	41	55	52	50	48	50	64	49	51	41	48	48	51	41	64	48	43	46	39	52	52	54	45	39	57	62	55	65	48	43	43	50	43	51	48	52	58	49	52	50	53	55	70	43	53	40	45	47	62	42	41	48	55	55	60	46	59	49	59	43	53	58	51	47	38	50	55	42	47	50	61	54	45	52	52	51	46	43	63	39	56	45	49	56	39	42	51	42	49	40	58	51	43	45	41	66	48	55	47	45	38	51	53	57	47	50	41	55	33	54	44	50	35	34	41	37	55	55	44	41	37	42	44	41	42	41	40	36	39	43	43	34	61	52	59	45	57	47	49	53	55	32	57	54	42	45	48	34	53	34	54	42	50	42	49	52	42	53	36	50	60	50	42	56	43	39	48	57	33	47	47	43	53	47	52	45	44	47	57	52	53	54	58	44	54	39	37	38	46	58	39	49	46	35	57	39	40	43	58	46	46	63	43	57	36	62	47	29	49	51	51	51	47	41	50	52	52
cell26	104	128	117	122	115	117	126	121	113	109	112	136	123	93	99	92	109	97	102	119	115	123	128	98	146	130	92	97	111	117	130	113	104	120	121	124	126	110	108	120	129	111	99	108	87	102	93	119	131	122	112	109	107	99	113	105	104	111	107	96	92	123	112	104	108	113	115	118	117	116	121	83	131	114	121	137	129	112	122	134	127	113	132	103	126	127	113	113	132	124	125	118	113	101	124	106	135	113	102	113	135	105	104	106	101	131	105	129	108	124	109	106	104	96	107	101	153	123	109	140	125	123	101	99	104	139	129	114	127	103	126	111	110	121	108	103	106	121	120	106	119	125	119	116	108	103	101	111	124	112	99	121	109	110	110	143	107	115	89	131	127	107	124	115	112	115	133	122	112	110	112	100	120	122	91	131	115	114	108	118	115	132	124	104	132	124	116	101	102	127	104	85	116	119	96	122	136	132	132	111	125	114	140	118	103	124	121	104	105	125	108	126	89	140	111	122	120	120	103	125	90	108	113	105	114	93	115	115	102	115	98	123	147	141	117	129	90	129	121	112	111	120	133	118	65	42	54	54	80	74	43	73	54	73	57	56	52	65	67	46	61	68	56	57	72	65	55	51	56	57	56	59	44	68	57	49	65	60	39	74	59	56	59	58	54	68	53	54	58	64	57	57	64	58	49	55	49	70	63	60	67	53	49	57	41	68	67	61	54	68	54	56	68	59	64	52	64	65	56	57	45	61	63	52	60	59	55	49	74	68	61	74	54	82	52	68	52	69	53	60	54	77	51	53	36	59	49	57	51	55	54	68	45	48	54	52	55	55	44	49	55	51	40	64	52	55	65	54	71	48	43	35	44	70	76	61	61	75	51	67	51	67	44	61	53	70	45	55	56	58	55	51	69	56	55	47	49	62	62	72	66	64	61	57	56	51	66	67	60	57	62	57	51	58	50	45	50	47	60	51	49	49	61	59	63	53	57	64	58	53	55	41	50	58	54	52	61	69	64	64	56	56	58	57	60	59	50	65	54	59	65	47	59	57	55	70	69	68	49	60	50	76	55	76	56	62	64	62	66	55	73	53	41	60	74	61	48	58	61	43	46	50	70	55	71	56	64	52	60	56	52	62	43	62	50	42	57	46
cell27	50	50	63	61	44	48	61	48	44	54	53	50	46	62	54	56	60	53	52	44	63	54	46	51	62	44	42	47	58	55	45	59	53	60	49	40	59	53	51	50	47	61	42	58	47	51	37	47	54	54	51	41	50	44	43	55	52	66	50	53	52	45	47	51	53	44	46	56	48	54	59	43	46	56	47	48	65	45	57	40	45	49	51	43	46	62	49	65	42	55	54	51	61	55	41	46	53	62	56	50	54	63	55	48	39	49	35	58	39	46	52	53	55	31	52	45	62	61	46	54	52	67	41	65	54	58	57	54	50	40	45	53	49	51	42	62	58	68	54	60	63	39	58	57	44	59	45	48	51	71	57	38	50	57	47	63	41	64	42	56	62	55	58	56	49	49	58	48	51	51	50	44	48	57	55	61	44	50	61	52	43	48	43	52	41	51	43	37	65	48	48	50	46	82	44	64	41	51	55	38	51	58	61	49	40	37	45	64	57	69	44	65	49	51	58	39	59	53	48	46	47	49	48	51	61	53	57	52	55	45	49	42	40	68	55	69	46	59	48	45	38	44	41	44	28	26	35	23	23	33	27	31	28	29	28	20	28	30	24	20	23	23	34	30	17	32	30	25	26	23	26	30	28	35	31	27	25	24	22	19	23	25	36	33	22	32	27	37	27	25	33	18	29	16	31	28	29	16	16	25	23	30	22	22	24	35	25	23	29	28	35	24	28	27	19	22	23	27	24	28	24	23	29	25	22	29	20	28	22	29	18	33	19	23	36	29	34	30	30	25	23	33	26	24	32	28	29	22	34	30	32	16	32	22	25	30	18	27	24	20	24	33	26	34	34	23	20	23	28	33	32	18	27	17	28	21	29	23	20	32	24	29	27	22	27	35	27	27	28	24	30	28	21	27	20	27	24	30	24	31	24	24	32	27	22	27	18	29	33	29	24	32	29	36	25	21	23	17	23	35	28	31	22	26	38	29	34	22	28	33	34	21	23	27	26	20	34	23	28	28	24	31	23	16	27	28	32	20	20	33	30	28	30	35	23	23	28	25	25	25	17	21	27	23	28	25	27	14	23	33	24	27	27	25	24	20	20	17	23	19	25	20	28	24	10	27	26	32	30	23	30	31	30	31	32	29	25	25
cell28	97	80	108	109	104	85	98	95	87	83	81	97	81	104	95	78	91	118	88	86	95	86	99	92	87	95	98	88	105	106	84	89	102	111	102	83	105	106	109	101	81	105	84	88	102	91	91	108	83	82	100	99	104	89	97	80	105	109	90	99	77	104	105	96	123	83	81	99	86	103	113	114	96	94	76	106	88	106	90	93	87	94	102	82	92	106	84	99	88	99	84	99	86	103	99	90	100	116	89	100	93	105	91	94	104	99	95	105	84	106	104	109	108	71	94	84	116	97	100	88	82	83	115	93	104	95	108	103	105	76	116	87	96	101	84	95	108	101	91	103	94	90	104	92	98	104	86	93	96	91	79	87	90	92	105	83	89	92	100	94	98	101	111	94	84	94	86	124	86	91	91	108	84	102	79	96	111	106	115	102	86	110	85	91	83	94	107	83	88	99	97	101	101	117	104	95	88	101	97	99	99	78	97	90	89	80	91	76	86	82	84	113	96	97	91	74	83	95	94	88	86	100	83	105	101	96	92	80	85	104	91	127	116	97	89	107	104	108	109	98	71	89	87	91	54	42	46	49	55	42	44	48	72	36	47	48	44	55	43	43	50	54	40	55	51	41	51	38	47	53	42	48	45	46	50	38	41	42	41	56	54	42	55	51	40	62	57	61	62	57	38	51	44	56	41	57	36	47	44	42	51	40	50	45	49	51	62	45	44	40	42	46	53	55	49	46	44	53	63	38	43	58	53	46	47	39	46	47	51	61	41	61	51	58	41	57	38	40	40	61	62	41	62	38	48	57	36	44	38	51	44	41	58	60	47	42	56	49	49	39	50	44	51	52	56	45	46	50	41	36	43	50	47	55	34	49	47	44	42	37	42	41	37	48	50	45	57	50	44	48	52	58	40	47	45	40	40	46	57	45	42	37	52	39	40	54	44	43	45	52	49	45	42	51	38	51	50	50	43	41	47	35	51	45	50	41	47	58	56	56	48	38	50	49	43	50	42	50	44	40	46	54	53	42	46	51	46	43	39	41	39	52	44	52	55	57	56	46	42	49	45	42	45	41	54	41	45	50	57	53	46	47	46	47	51	42	56	46	42	47	49	45	50	35	41	46	38	42	52	45	48	40	35	52	63	34	40	54
cell29	73	61	71	81	88	80	77	63	70	102	74	87	74	76	76	81	90	68	66	77	77	72	67	82	67	81	81	75	68	66	80	61	75	84	89	65	93	69	87	63	74	59	84	70	82	73	62	77	85	73	82	71	85	79	73	67	80	66	75	78	62	72	70	70	82	69	71	77	72	67	70	67	83	75	68	73	73	65	78	61	65	72	83	62	76	77	88	80	78	68	75	76	50	69	69	66	73	82	56	86	86	70	69	72	64	57	69	81	72	62	78	76	85	61	84	67	91	78	66	78	86	82	75	73	66	71	85	78	80	80	71	67	69	77	66	73	78	78	85	68	79	61	65	85	67	68	80	76	76	66	67	72	70	61	87	89	64	75	59	52	64	80	78	81	64	80	76	83	81	71	78	81	83	73	59	89	74	77	84	52	63	74	76	67	91	70	69	78	71	79	54	71	70	98	52	94	69	76	74	82	69	74	62	66	68	63	76	100	68	93	80	87	75	66	74	83	59	59	86	59	58	75	75	83	73	61	86	65	83	86	72	66	68	82	65	69	65	89	59	96	75	75	80	81	44	38	52	32	38	47	41	45	28	41	42	38	33	39	42	36	32	36	42	37	42	34	39	43	38	42	36	38	33	40	39	32	39	34	47	39	30	50	31	47	31	34	41	31	41	35	33	28	42	46	39	42	37	31	42	38	36	40	34	36	27	43	35	44	35	45	30	32	38	41	38	36	35	52	31	31	36	40	32	41	33	36	33	40	45	43	34	37	55	48	60	36	37	44	40	37	36	56	34	30	46	34	39	34	35	38	31	34	45	35	32	39	39	36	30	27	33	33	47	38	52	35	31	38	37	46	42	37	40	32	42	36	39	40	37	32	34	37	42	35	39	38	44	41	41	41	36	32	48	28	28	28	35	36	35	32	30	28	37	39	34	40	29	53	37	43	45	37	34	46	36	42	41	31	43	29	37	38	42	39	40	35	37	41	45	37	41	33	30	35	33	26	33	42	40	38	42	40	23	38	50	41	41	32	35	29	28	25	43	31	38	50	33	48	40	45	40	35	28	50	34	40	46	39	48	39	42	37	34	43	22	34	42	25	35	37	30	41	29	40	43	43	37	42	31	27	31	43	25	45	36	38	34	51
cell30	83	71	61	62	63	70	56	80	73	86	58	79	69	69	72	57	57	64	73	70	54	72	55	64	76	69	58	79	59	71	62	68	67	59	81	59	64	75	65	57	71	63	64	55	64	51	56	71	61	71	80	56	66	69	68	69	56	69	70	79	65	64	73	73	66	58	59	71	76	51	68	72	78	71	53	65	69	60	72	59	66	91	74	69	62	72	54	85	58	78	76	71	63	64	62	77	67	64	65	78	80	59	73	72	72	71	60	69	70	62	63	59	69	70	75	56	70	51	73	73	85	59	74	66	51	76	90	69	71	60	75	69	45	73	59	60	81	67	73	79	63	61	64	75	50	59	68	72	66	58	60	87	91	74	65	73	62	65	53	84	71	61	69	67	56	57	60	72	52	66	77	55	60	63	56	66	87	78	76	65	63	63	74	72	66	60	78	67	59	74	62	60	65	89	61	69	61	58	66	71	60	63	73	81	74	56	66	84	60	56	63	74	63	54	69	78	69	50	56	68	52	67	60	69	76	54	61	63	68	78	76	64	62	75	68	66	67	58	83	63	58	57	63	63	38	32	33	36	35	32	35	37	39	27	45	40	34	29	26	28	26	40	32	38	41	29	30	42	29	41	26	28	32	35	21	32	38	28	39	35	35	40	40	35	39	35	41	27	33	25	33	42	34	29	40	36	44	24	37	35	25	34	35	37	27	37	25	34	26	41	29	28	42	33	44	31	36	32	33	29	31	31	29	24	37	35	32	40	36	35	39	32	33	39	26	37	39	43	26	22	27	33	45	29	29	42	45	36	16	24	32	31	33	38	34	27	40	36	24	30	41	36	30	38	38	28	28	25	21	27	37	31	34	36	34	27	32	42	30	25	38	30	32	34	32	32	35	33	29	30	37	43	29	29	28	37	38	38	35	33	26	37	39	35	31	27	36	38	40	39	28	33	36	25	37	31	22	34	29	42	37	33	32	43	32	25	35	39	31	31	28	30	31	30	46	35	33	25	36	35	28	35	41	22	28	32	37	29	36	36	32	29	33	40	32	28	31	20	42	33	28	37	27	41	39	33	34	27	43	32	50	38	32	35	34	39	29	31	27	34	27	37	23	30	30	37	25	34	32	34	33	36	33	31	27	37	36	28
cell31	73	68	89	79	69	62	68	68	62	77	81	76	56	78	65	61	58	72	69	68	89	68	60	66	86	70	69	80	81	72	78	65	77	76	84	77	77	66	75	62	67	66	62	58	87	87	74	71	69	81	65	61	76	73	73	68	87	82	68	97	66	92	69	78	79	63	86	78	71	65	78	72	61	76	59	67	65	67	79	79	70	81	54	62	73	76	71	94	77	73	80	64	61	73	64	77	69	50	75	82	76	72	64	72	58	82	68	75	72	70	90	81	84	66	87	86	94	91	70	98	71	58	76	86	66	49	80	79	70	64	69	78	76	71	69	77	83	74	74	80	77	63	79	79	64	67	68	79	97	64	77	69	60	71	72	75	68	73	55	71	78	79	78	61	63	66	70	94	85	56	69	80	72	59	65	88	78	77	80	65	65	77	71	75	80	69	75	87	71	84	66	59	77	92	70	77	60	85	56	73	56	77	92	69	76	57	87	75	80	61	70	76	79	62	72	83	75	85	82	72	64	74	87	67	85	64	85	71	74	86	79	70	81	77	68	73	69	78	69	65	63	61	79	73	36	54	36	38	34	43	34	44	29	37	31	36	38	43	33	40	41	35	32	46	35	36	36	36	24	34	40	49	36	52	41	38	37	32	39	31	27	24	38	24	34	37	28	37	42	36	26	37	49	42	34	39	33	38	33	56	31	30	31	38	29	32	31	40	41	35	31	35	45	42	43	41	42	33	34	33	50	39	36	36	35	40	58	41	31	29	32	41	26	33	32	40	44	49	19	33	32	40	37	40	41	28	38	35	33	34	42	28	38	35	34	30	34	32	26	48	33	41	34	42	37	26	40	32	29	39	42	35	37	24	36	55	42	40	36	33	31	44	34	39	33	45	38	37	27	27	27	34	24	29	32	40	41	41	40	34	25	30	36	33	31	40	37	32	27	42	22	49	32	42	30	49	32	36	37	41	39	38	34	37	47	24	39	45	39	50	36	32	47	28	37	37	45	38	28	30	45	45	33	32	34	33	36	39	41	29	24	31	38	30	34	40	37	40	40	50	40	43	33	52	36	39	39	44	39	38	41	45	35	55	33	34	29	48	40	33	31	32	41	31	34	33	34	40	39	35	37	34	42	31	43	25	45	40
cell32	43	35	36	58	42	37	45	37	57	44	39	45	41	50	38	31	30	44	33	37	49	54	44	39	42	42	43	48	39	36	48	42	51	43	44	52	47	56	55	44	38	42	43	47	44	44	29	63	43	52	46	36	36	44	40	38	42	49	45	45	32	41	41	46	41	44	49	50	29	49	46	46	55	41	29	0	0	0	0	0	0	0	0	0	0	0	0	0	0	0	51	42	53	40	51	26	34	32	44	43	53	40	29	39	46	43	49	45	51	30	43	51	44	37	46	54	46	34	36	51	48	38	46	48	27	68	52	45	46	51	56	33	52	49	38	42	39	43	48	42	39	47	47	40	39	42	41	50	34	48	35	30	49	31	44	44	41	36	42	55	51	37	50	44	41	33	44	49	48	40	48	49	56	47	40	53	35	42	40	51	36	48	37	44	42	50	47	36	47	45	44	43	31	61	48	48	37	41	38	46	39	36	50	45	41	37	44	43	37	45	48	45	45	49	37	45	46	39	52	54	37	40	35	39	39	49	45	46	42	51	26	45	38	44	57	52	41	47	47	34	44	45	57	40	52	48	28	42	50	40	49	35	62	38	39	30	39	63	37	48	54	49	45	57	40	57	44	34	35	39	47	34	38	37	37	48	46	41	41	50	48	31	37	36	37	44	40	36	38	51	58	51	52	46	44	46	59	45	42	41	45	43	44	47	47	46	38	52	42	35	51	33	35	38	37	39	50	52	55	42	45	36	47	47	45	33	49	46	46	38	47	33	37	42	46	52	48	46	38	37	37	31	35	35	27	41	55	56	57	56	38	45	44	39	46	42	31	41	45	41	40	51	34	53	49	32	45	45	44	53	41	48	45	47	45	49	42	29	41	49	41	33	41	38	40	36	52	45	36	54	50	45	43	49	38	37	42	48	33	30	50	44	40	50	41	52	44	46	44	44	43	50	41	47	41	54	38	45	36	45	63	39	38	61	58	50	37	41	36	49	51	47	46	58	44	51	54	44	40	50	44	58	37	38	47	46	39	55	42	45	41	48	38	36	43	39	58	36	47	37	48	36	34	41	41	44	48	37	53	50	45	36	37	38	33	39	39	48	29	26	39	39	38	28	46	41	40	40	37	42	34	46	37	43	34	42	44	44
cell33	57	61	55	72	49	62	69	68	58	72	67	60	56	66	63	41	67	60	63	55	80	54	67	53	65	48	53	61	62	48	57	54	64	58	71	71	55	66	62	53	72	58	56	72	65	56	50	62	59	64	68	63	64	62	59	51	79	55	71	71	61	63	71	86	76	55	62	70	56	49	56	68	66	67	59	0	0	0	0	0	0	0	0	0	0	0	0	0	0	0	62	63	66	60	75	54	67	59	64	75	64	70	56	76	67	56	63	74	57	65	70	82	60	51	66	55	73	67	67	67	59	60	55	65	61	58	70	41	58	60	61	57	73	64	61	64	70	72	48	62	69	56	63	65	51	46	60	66	71	69	60	41	60	73	58	59	67	64	59	55	69	63	69	86	62	51	64	67	70	67	54	60	70	71	60	70	59	50	61	65	59	42	63	57	60	58	60	58	58	66	59	56	70	62	59	67	68	60	63	57	56	53	70	56	58	68	82	38	55	73	82	56	60	61	61	79	72	58	56	62	50	63	63	62	68	52	70	75	55	54	74	70	77	60	60	68	56	55	58	55	62	72	65	57	69	73	72	79	60	59	65	67	70	55	66	58	63	58	48	54	66	71	53	55	55	71	55	63	61	63	84	54	63	72	58	78	75	63	72	88	72	45	83	51	58	64	50	53	64	66	53	61	71	61	57	58	67	76	64	59	61	56	49	86	56	65	69	73	64	59	50	56	59	65	52	60	49	64	59	57	67	67	77	60	65	62	64	68	66	73	49	74	68	63	71	72	61	69	59	59	57	64	59	68	66	48	48	57	62	64	54	75	44	85	64	64	75	46	46	53	63	71	65	51	66	57	67	42	52	53	66	50	70	63	53	61	70	62	50	48	68	73	53	81	61	77	69	79	67	56	75	59	71	76	48	58	71	64	57	63	53	54	44	67	55	56	49	61	71	66	63	73	60	74	46	67	54	64	69	55	58	57	66	63	60	48	77	78	52	71	66	50	57	64	61	74	54	63	72	70	60	63	64	60	64	61	63	61	55	46	59	65	67	69	68	65	57	54	71	73	63	64	61	80	57	63	67	59	78	52	67	62	54	61	68	66	52	65	76	51	62	61	62	63	59	65	73	59	58	46	56	66	63	62	67	52	70	64
cell34	60	68	89	72	61	61	85	62	71	68	60	76	55	77	57	74	75	57	64	64	72	67	63	78	63	48	55	70	59	75	61	70	69	61	79	68	63	70	64	59	65	68	60	60	64	65	62	63	84	65	51	59	72	68	63	62	58	68	53	81	60	52	78	58	68	65	75	67	68	57	60	67	54	56	60	69	57	67	51	55	70	63	75	65	63	54	66	68	72	66	70	57	60	73	70	62	69	64	44	67	77	58	52	72	64	65	63	58	51	69	75	60	77	58	80	65	69	79	61	69	74	71	69	68	69	85	63	63	68	62	76	57	70	53	68	72	67	65	72	64	78	66	56	60	46	53	54	79	66	52	58	59	68	70	77	66	50	67	48	67	76	72	68	47	51	60	66	85	55	60	67	65	61	64	69	51	62	70	81	57	52	83	62	70	67	69	67	69	60	64	61	66	66	70	54	66	66	80	70	70	69	56	68	88	76	55	70	62	63	69	57	63	71	56	58	70	66	74	72	70	61	51	58	69	55	43	63	63	81	74	76	59	73	66	69	47	83	59	80	71	61	59	78	56	44	28	31	33	27	35	40	35	32	29	32	33	27	35	44	29	29	23	30	40	30	32	36	35	22	22	29	29	37	38	28	31	36	32	29	47	37	32	35	37	43	36	30	46	31	39	32	30	29	26	28	31	35	31	46	44	41	25	34	35	28	22	33	36	30	42	40	26	35	34	24	32	39	33	34	25	33	33	32	34	28	33	39	38	34	30	33	24	38	41	33	30	39	31	37	37	36	31	38	31	30	32	30	22	41	30	21	25	41	40	39	27	29	44	27	37	27	43	37	35	42	30	29	24	25	32	26	24	32	30	44	28	33	31	30	28	39	34	28	26	30	28	40	42	38	37	36	30	25	22	29	35	32	43	31	29	35	40	26	33	28	28	42	25	34	28	25	41	25	32	40	21	31	26	34	33	32	28	40	35	33	28	38	44	34	35	32	37	21	45	24	38	32	29	35	29	20	30	31	34	35	33	33	30	35	32	32	36	33	26	39	32	36	31	32	36	33	35	30	36	38	37	34	26	33	38	30	28	25	33	28	30	26	32	41	45	35	31	38	43	39	39	47	36	27	28	35	27	31	42	37	27	37	37
cell35	84	92	94	107	89	100	115	99	99	89	88	74	89	110	96	100	108	85	81	97	99	93	100	85	110	101	88	107	103	94	97	99	89	105	104	82	113	96	99	99	97	91	108	105	102	99	96	80	110	112	106	102	89	104	90	101	88	87	99	98	97	112	109	108	105	82	104	94	94	89	90	109	91	91	88	101	93	96	90	100	110	79	109	101	106	113	88	92	88	99	97	90	89	89	99	101	95	90	93	112	110	89	75	102	86	115	95	99	94	82	94	86	89	89	98	93	105	125	94	103	101	103	102	95	88	112	94	124	101	87	85	87	92	100	89	116	112	100	98	90	88	85	116	88	101	97	96	105	106	85	91	99	101	85	101	108	75	85	89	90	123	86	106	101	89	103	87	105	95	72	100	83	97	91	73	104	99	105	81	99	89	87	91	87	113	78	82	99	96	97	100	83	91	109	77	86	107	89	104	107	112	102	122	107	99	98	100	102	102	110	95	103	131	102	78	92	109	98	112	94	94	100	93	100	95	93	90	104	83	98	112	108	97	106	96	98	86	105	96	103	82	106	98	99	46	51	42	45	38	42	38	53	45	45	48	44	38	51	56	60	41	37	46	50	47	31	52	53	52	49	48	56	51	50	46	38	49	42	46	51	53	52	44	51	50	67	45	42	46	39	54	57	44	37	50	45	55	52	63	58	42	48	47	54	35	57	47	50	42	59	49	63	55	54	45	62	46	50	62	39	64	32	46	48	51	37	44	62	50	43	35	47	32	55	47	49	48	56	44	44	35	52	44	50	49	42	43	49	34	53	43	45	49	48	48	54	36	58	47	41	44	42	45	47	42	51	60	34	44	40	54	55	45	58	34	36	53	48	39	36	50	53	32	48	45	48	41	51	54	55	38	49	42	40	60	55	59	52	46	41	45	59	54	52	49	44	45	49	61	59	25	52	51	46	51	45	47	49	40	45	57	51	50	57	43	40	57	48	43	43	47	46	51	46	46	42	58	52	51	46	59	47	52	50	52	52	54	42	71	49	44	71	42	40	63	52	54	64	43	51	45	56	52	52	52	43	53	42	49	53	49	45	52	46	39	46	50	54	43	56	50	43	39	42	40	54	32	39	37	57	42	48	59	45	41	41	47	57
cell36	67	80	88	94	81	84	96	83	86	93	73	77	80	97	91	63	80	65	96	98	91	83	77	77	85	89	73	91	74	110	83	92	103	73	88	80	75	81	79	89	96	87	79	74	72	94	70	85	88	98	85	92	86	89	91	87	78	78	79	91	81	88	76	91	86	78	89	96	79	90	76	79	90	81	95	95	84	83	67	93	93	71	110	81	70	83	70	78	86	83	83	86	82	77	78	80	83	82	85	113	91	80	76	79	79	77	94	70	77	86	94	98	70	72	82	82	94	87	57	82	97	71	108	95	102	96	65	97	91	72	104	64	76	88	76	87	85	68	98	84	99	94	93	86	72	88	77	76	77	62	83	75	94	68	91	103	73	76	71	86	94	86	84	82	86	70	83	86	80	77	96	86	70	84	71	82	65	81	82	97	65	80	88	83	69	70	80	75	69	93	72	65	102	111	86	98	76	91	86	86	64	75	77	84	76	75	87	92	67	95	88	70	93	75	79	84	82	89	78	92	81	86	70	74	94	75	90	82	82	88	79	83	101	98	77	100	79	101	75	92	65	89	81	76	55	52	41	52	38	52	43	51	50	42	39	48	36	46	47	34	37	46	39	53	36	42	41	50	35	46	37	47	51	48	35	34	54	34	48	53	49	33	48	53	55	48	41	51	43	39	38	46	56	39	47	43	38	38	51	49	46	40	38	44	37	34	35	43	47	49	41	45	25	32	48	39	43	35	36	39	35	39	59	32	57	45	37	28	36	36	53	50	41	35	48	49	53	43	36	40	37	41	44	32	40	38	33	41	36	45	49	53	48	38	44	32	34	42	30	27	33	40	55	51	44	39	53	43	30	43	43	44	48	33	48	53	60	44	47	41	37	39	30	41	40	40	44	44	33	35	37	37	46	45	39	38	43	50	36	34	39	40	60	43	57	42	32	34	48	34	30	51	37	54	42	35	42	42	34	35	52	26	43	42	51	44	52	48	34	43	37	32	45	31	50	35	41	39	42	48	40	45	59	46	52	43	43	39	42	40	48	42	49	42	38	46	41	39	32	38	40	45	32	50	47	37	47	29	46	46	33	47	31	49	34	40	39	35	42	40	40	41	41	41	42	43	46	41	41	49	38	52	44	50	49	45	48	51
cell37	30	35	39	46	48	44	59	38	49	38	41	50	37	51	32	43	50	45	42	47	38	62	46	40	44	57	38	40	42	41	27	44	37	48	37	49	47	43	42	43	37	40	45	41	42	40	48	33	43	44	49	43	40	59	46	46	49	45	41	47	53	45	33	52	38	37	47	44	38	60	47	50	42	35	37	0	0	0	0	0	0	0	0	0	0	0	0	0	0	0	43	45	51	45	47	46	46	36	62	45	52	51	43	42	33	44	40	54	41	32	53	48	45	39	51	53	63	46	45	59	41	47	39	54	47	49	42	38	51	37	48	47	58	50	33	56	51	48	42	43	54	38	44	44	45	49	27	40	62	50	48	46	43	44	45	50	38	46	27	43	40	48	49	47	43	51	53	58	51	46	47	46	42	50	31	48	51	41	49	31	34	44	48	26	41	38	37	53	40	44	35	39	54	51	45	47	45	45	49	52	31	41	42	47	51	42	45	52	42	33	39	42	39	39	44	36	38	38	44	48	37	36	52	41	49	49	37	44	42	41	54	35	45	45	47	39	43	37	48	49	39	38	40	48	37	39	58	29	48	46	39	42	51	44	48	42	35	48	41	29	44	38	48	39	48	34	45	35	43	50	45	48	37	53	49	47	32	33	39	67	39	40	44	43	42	43	57	43	42	53	53	35	47	41	45	43	46	33	42	42	38	29	37	36	41	39	55	54	40	35	46	40	36	45	47	50	41	42	41	40	57	51	41	42	38	38	43	51	51	36	45	45	42	44	40	57	30	51	42	38	36	43	49	37	45	44	35	46	32	50	26	49	47	33	36	34	47	39	46	36	39	42	29	62	33	40	31	36	43	50	47	44	35	35	50	43	49	41	43	41	48	39	33	43	41	45	39	52	49	43	44	42	62	35	44	38	38	38	50	40	34	42	45	46	51	47	36	41	37	41	46	48	36	49	28	40	44	34	34	43	39	46	35	40	48	38	60	59	51	42	42	40	49	44	39	48	39	42	46	51	41	47	37	41	46	40	45	45	52	38	44	47	40	40	37	39	36	48	43	38	39	47	44	46	36	51	41	27	50	35	40	41	43	30	43	40	46	42	45	46	32	38	42	25	40	41	45	48	48	44	49	48	40	45	30	44	53	47
cell38	123	125	121	128	135	133	118	123	121	137	141	129	119	149	127	120	135	133	127	116	150	123	135	135	110	117	132	135	136	125	110	109	150	145	129	131	125	132	143	132	123	136	117	128	117	121	118	137	120	118	135	132	129	129	127	109	144	114	125	140	111	142	120	153	131	115	114	152	133	140	120	128	139	124	129	115	134	123	102	123	119	138	146	130	118	114	114	114	147	157	129	130	146	135	136	131	128	133	126	126	146	119	109	145	138	135	129	137	123	115	137	128	131	108	145	119	134	146	136	158	131	130	142	132	135	144	144	128	126	106	120	112	149	126	117	134	134	141	142	122	136	121	134	128	130	136	105	133	147	145	110	115	143	127	150	148	112	114	108	109	126	129	149	118	132	114	137	147	123	123	121	113	122	124	105	113	154	122	124	114	116	128	128	112	117	149	129	130	130	138	130	106	144	153	128	141	131	111	134	140	128	136	155	130	114	113	137	132	116	153	132	149	126	118	135	134	130	121	123	128	124	121	124	122	139	127	129	105	138	124	128	141	129	152	122	113	122	116	122	122	140	123	115	138	77	68	63	56	63	74	68	65	79	66	60	59	61	66	66	55	67	68	60	73	75	59	56	71	73	70	72	58	52	64	75	70	63	53	62	68	68	57	63	67	64	52	61	53	61	84	52	62	49	68	56	79	52	66	67	71	60	53	69	80	71	67	54	80	51	74	58	59	65	64	64	61	62	58	78	68	71	63	80	66	66	65	58	59	63	59	62	69	71	59	58	59	63	61	55	68	56	73	74	51	54	68	63	62	58	64	50	55	54	66	69	70	52	50	66	62	60	62	73	74	72	60	77	62	61	60	65	55	48	63	66	68	77	52	58	62	62	59	69	65	48	81	63	66	65	73	57	65	62	58	75	66	65	54	58	66	80	76	49	63	75	60	61	63	73	63	59	57	55	64	67	73	69	68	52	42	67	66	71	63	63	45	70	78	60	61	44	46	57	55	53	66	62	58	65	71	66	74	69	48	71	54	63	74	54	53	77	63	62	67	65	57	65	49	63	57	52	59	59	64	63	59	60	69	57	69	76	63	58	68	66	52	67	61	60	48	61	50	59	58	76	60	72	70	60	69	73	84	71	60	60	53	75	67
cell39	114	106	129	98	141	121	116	106	109	128	93	101	93	127	126	106	134	116	117	117	120	101	105	113	94	109	96	109	103	132	119	101	114	123	133	96	131	117	108	116	110	121	126	125	132	116	122	104	121	118	115	126	123	116	101	105	101	109	117	120	99	116	105	105	95	97	116	103	109	96	107	126	126	89	92	105	108	121	117	112	119	128	131	97	107	110	116	119	107	106	110	116	98	107	107	125	105	131	116	135	115	106	103	114	120	109	103	125	129	110	113	112	101	97	122	111	130	112	98	111	97	123	130	126	108	114	129	108	133	99	109	102	102	110	115	111	105	108	113	116	101	136	123	102	94	115	104	122	124	115	81	115	108	120	98	116	111	105	92	115	119	121	125	110	123	110	83	135	114	124	105	107	105	120	99	104	131	126	114	94	122	89	116	119	121	102	105	110	103	139	99	105	120	147	87	130	126	110	117	115	123	127	119	114	101	104	103	122	114	102	115	124	143	119	110	115	122	125	125	98	118	129	113	115	135	107	112	119	100	108	111	109	117	120	114	125	95	120	120	117	104	110	106	104	58	55	44	60	56	63	56	50	58	61	56	55	50	60	59	57	43	55	63	69	51	57	66	67	59	62	60	55	57	42	46	55	60	53	51	54	47	53	57	55	62	54	55	54	54	71	50	62	53	57	71	49	60	62	60	39	51	60	67	51	46	66	57	64	59	63	54	45	64	65	51	49	55	72	53	53	51	45	50	58	67	47	69	45	52	55	53	58	50	83	62	77	59	65	56	68	47	69	52	53	62	63	52	73	48	90	54	54	58	58	44	65	50	57	49	41	54	51	54	52	47	65	62	46	54	62	55	38	41	60	42	57	71	53	60	47	48	56	44	62	55	53	48	61	47	53	58	85	63	41	50	67	60	46	46	51	52	58	67	69	61	42	46	66	37	63	56	57	44	59	60	56	56	55	45	35	68	64	50	60	76	41	69	62	56	55	66	51	46	66	47	51	50	60	60	54	51	50	54	47	47	55	64	39	51	41	46	67	46	62	57	49	59	51	64	64	43	72	52	63	52	53	71	52	58	50	56	43	60	55	55	66	60	53	56	53	59	57	32	57	48	63	56	72	67	53	55	51	44	70	66	52	56	62
cell40	153	126	138	151	160	153	158	143	150	136	148	163	138	149	168	140	143	123	128	129	170	149	140	158	143	134	126	138	135	137	139	138	125	160	146	141	140	124	142	152	131	118	159	168	148	154	139	138	138	135	160	140	137	148	120	139	143	136	146	159	133	153	138	146	170	145	135	133	123	135	124	148	156	141	146	147	149	106	143	155	117	136	181	116	140	160	138	152	131	162	131	137	147	138	138	148	122	120	134	145	131	127	131	150	148	147	141	122	124	118	144	145	143	145	144	145	165	139	137	166	125	144	147	164	134	154	136	130	145	148	158	149	126	162	137	131	145	142	145	141	142	139	145	154	128	140	143	145	170	132	150	140	133	141	149	164	146	124	121	126	153	135	129	155	149	129	140	163	141	128	158	149	128	144	141	172	149	141	161	135	144	137	158	151	148	146	154	150	130	148	119	117	154	169	132	141	127	129	153	155	142	136	151	136	136	121	173	130	140	133	144	136	157	135	129	126	147	126	144	145	131	146	127	140	142	126	150	138	148	166	146	128	162	135	129	142	156	144	133	129	149	139	133	117	77	69	75	87	66	67	66	67	75	79	69	70	65	76	69	65	73	72	75	61	76	90	82	80	82	74	74	71	70	65	59	64	67	64	69	79	72	73	74	63	67	61	60	70	56	60	77	83	88	57	76	93	64	68	80	57	66	69	68	77	69	72	75	86	67	83	61	67	70	83	55	75	59	53	71	58	69	70	73	81	68	60	68	84	74	83	74	91	93	83	67	74	87	76	61	69	68	65	57	66	56	70	62	77	54	78	79	74	81	73	74	77	72	70	53	74	72	63	84	83	70	72	63	69	82	89	92	75	74	72	66	64	72	72	59	65	74	64	68	66	65	70	53	84	72	73	62	75	82	62	52	50	75	55	72	86	63	77	78	66	61	65	77	64	75	68	73	70	67	92	57	66	64	70	66	64	64	77	68	79	73	69	72	78	70	74	73	60	78	63	54	75	74	67	78	72	69	77	69	62	72	79	73	77	70	53	64	81	81	88	67	68	79	63	77	61	69	82	63	80	80	80	78	82	64	62	69	70	63	84	65	53	62	75	72	71	71	50	59	72	77	72	68	89	54	84	68	76	58	69	68	78	76	74
cell41	81	74	83	118	78	86	130	85	97	103	96	105	76	88	92	90	83	85	99	83	90	98	87	75	88	100	98	93	93	90	95	87	94	105	92	89	110	95	81	111	91	96	97	102	93	86	92	86	93	97	100	96	84	84	84	91	87	79	75	94	66	67	109	87	97	91	87	111	98	94	92	106	89	108	78	96	99	77	95	102	82	84	83	79	90	60	94	79	90	104	81	76	107	94	83	75	87	103	105	110	82	79	70	97	98	69	75	98	101	72	80	101	90	92	93	90	108	97	106	109	86	106	98	97	81	90	112	91	112	108	99	92	103	97	94	81	86	93	98	95	95	85	110	97	86	84	80	87	86	95	89	106	90	82	84	81	67	81	83	72	109	85	104	87	97	104	94	114	95	97	81	93	73	83	77	78	118	80	96	77	89	80	78	106	86	87	104	123	82	111	67	96	112	102	87	101	103	110	79	97	79	87	93	103	106	83	114	95	82	92	83	92	104	80	77	89	80	110	98	101	80	97	92	92	89	82	96	88	97	105	98	90	93	92	98	102	89	78	94	92	89	64	99	99	55	56	55	40	54	44	52	54	53	46	52	41	50	39	64	33	52	58	44	58	64	42	39	51	48	47	47	49	37	44	44	50	41	37	41	46	37	45	54	53	42	45	34	47	41	44	46	48	41	53	41	43	52	54	41	48	49	32	42	55	43	54	46	52	55	45	44	41	49	37	43	51	53	58	46	28	59	58	43	51	50	36	43	42	43	57	50	55	46	55	52	49	40	45	56	62	50	59	34	38	45	38	38	40	38	52	51	46	62	47	34	44	43	42	44	40	39	43	52	38	40	59	61	58	38	52	44	39	41	45	43	52	43	44	47	50	49	56	39	53	42	49	34	43	51	42	42	52	45	34	40	41	39	34	37	51	36	52	50	63	31	50	43	47	53	47	55	49	41	43	36	45	51	61	42	38	48	44	41	39	63	26	57	56	43	46	50	44	37	48	51	41	45	31	50	52	41	49	35	39	54	51	61	44	47	44	38	47	41	43	50	52	61	53	62	54	51	41	35	55	48	66	51	49	47	36	38	35	48	44	47	39	34	41	36	50	43	46	48	43	46	50	45	45	41	44	35	45	44	43	48	40	38	44
cell42	77	68	78	79	82	79	71	72	67	96	76	71	64	77	80	76	64	78	90	79	82	72	75	76	76	82	74	88	94	79	67	77	102	73	79	66	79	74	74	85	78	75	63	88	73	75	77	81	78	83	81	79	81	73	90	68	76	75	76	91	66	70	72	81	73	59	96	93	88	69	63	75	91	79	75	81	86	67	73	90	81	76	72	79	57	74	86	91	74	91	63	73	75	65	83	97	71	89	62	93	59	79	96	77	72	94	79	70	76	84	84	78	84	66	80	75	77	80	76	92	72	85	91	103	77	57	97	66	72	61	75	87	61	74	47	91	82	65	79	72	98	76	88	83	78	69	66	81	89	76	77	84	88	68	70	84	75	68	75	67	106	66	79	76	93	69	75	83	85	69	87	64	78	67	67	81	77	59	96	62	67	85	73	97	87	81	62	77	67	87	74	63	83	91	71	62	70	81	61	79	84	75	79	78	86	65	65	92	85	58	66	80	63	97	86	88	98	78	82	76	67	84	92	73	78	63	79	70	82	85	70	81	88	79	71	69	62	84	83	76	84	72	73	91	37	42	31	38	34	36	42	42	31	38	33	42	37	43	40	30	32	49	42	52	38	35	45	49	47	49	40	37	45	34	45	56	31	34	40	32	42	38	36	39	47	41	31	43	35	48	41	34	38	35	49	37	55	42	42	39	46	41	42	46	39	33	56	41	46	36	35	37	39	41	29	40	52	43	44	28	40	47	50	32	46	36	35	25	33	38	33	39	47	48	38	42	42	45	36	39	31	42	43	25	50	40	35	43	36	33	44	44	44	48	37	37	27	31	34	46	30	48	30	35	37	42	32	31	42	37	39	28	52	38	38	34	56	33	54	39	43	44	37	40	51	43	46	42	39	43	37	31	41	33	43	38	43	38	32	31	36	33	34	48	29	33	40	35	32	43	40	34	50	44	42	33	33	37	33	40	51	33	40	38	37	41	48	45	38	43	39	34	29	32	38	41	27	47	55	32	39	57	30	45	32	37	40	41	41	41	33	50	38	37	34	47	49	42	38	37	24	34	37	42	37	36	38	40	44	47	46	46	40	43	39	44	37	37	44	45	49	35	48	34	41	41	28	40	30	41	42	35	47	45	32	36	36	36
cell43	92	73	92	80	104	91	78	101	87	100	104	75	71	103	92	68	100	94	89	96	86	89	86	88	104	114	81	84	98	105	75	77	101	88	108	93	93	90	88	93	91	94	96	105	95	88	89	105	90	102	79	85	83	83	96	57	91	66	83	104	90	85	110	96	102	83	96	83	88	86	85	99	98	81	91	89	68	75	107	115	79	81	96	78	78	68	84	106	90	95	104	87	93	84	83	83	84	92	92	81	81	94	110	84	94	88	98	79	81	72	90	95	109	79	87	87	99	108	81	97	103	98	77	93	93	92	81	97	101	80	94	87	76	119	92	86	87	86	92	98	103	98	106	92	90	80	64	90	97	94	110	76	93	92	82	110	73	95	86	85	105	93	107	86	93	95	83	101	86	75	94	94	86	100	91	87	105	97	116	85	86	92	92	93	88	96	89	83	82	91	86	87	89	105	87	81	86	80	80	86	91	101	99	91	95	81	75	92	80	76	85	88	89	74	83	84	86	92	106	74	104	78	91	106	93	78	107	81	91	95	102	84	87	93	88	91	77	101	97	84	94	88	110	91	49	36	42	44	50	52	32	49	53	40	38	41	49	46	43	49	45	45	45	39	46	41	54	46	33	40	48	52	47	50	33	45	48	46	44	45	46	44	40	55	38	54	49	54	38	47	43	49	43	41	58	44	47	48	47	39	45	48	46	52	50	53	46	55	37	45	36	39	44	43	46	31	50	55	41	41	47	41	38	39	44	32	53	28	46	48	37	48	50	56	30	40	46	53	41	46	40	51	53	45	47	49	32	54	42	44	41	48	47	51	61	45	48	62	44	26	42	48	36	58	46	48	45	40	44	53	60	35	38	51	38	47	54	40	44	41	49	35	53	48	50	58	44	49	53	51	47	52	51	43	38	48	31	46	50	55	39	61	53	40	46	37	37	37	45	45	50	45	30	43	48	59	49	53	35	33	41	51	47	44	44	38	45	37	51	53	37	41	39	44	52	47	55	51	37	49	55	35	43	44	47	58	47	43	45	30	43	48	35	60	51	49	42	33	52	34	43	37	38	41	38	56	58	34	44	40	53	44	38	40	50	41	53	41	43	42	31	46	43	35	42	52	37	45	44	45	40	52	55	40	43	53	45	42
cell44	99	95	112	104	109	103	110	106	110	108	115	122	87	116	96	92	89	94	106	87	117	110	87	80	93	101	78	101	94	111	83	87	124	110	92	102	103	109	107	114	108	94	96	94	102	112	103	97	94	104	113	95	88	101	94	100	90	115	88	108	90	97	115	100	121	95	104	111	125	100	89	90	99	97	101	89	96	100	102	107	95	106	122	92	117	106	116	118	107	95	107	97	111	102	104	114	120	104	100	124	117	81	84	91	122	89	101	119	89	101	122	109	91	98	121	82	137	92	93	102	113	90	103	116	103	96	109	108	104	81	107	80	97	95	85	104	84	98	118	91	98	100	108	112	96	105	96	96	110	94	93	113	121	108	97	102	73	104	93	86	115	103	112	103	80	110	127	105	106	104	103	102	104	102	90	119	109	96	113	86	84	108	109	97	98	103	90	98	90	107	114	94	106	111	97	91	113	92	110	117	97	100	94	111	113	115	104	97	89	98	129	99	104	95	106	118	80	92	88	95	97	99	103	100	98	110	103	88	109	99	109	98	101	117	114	112	102	102	117	116	92	104	92	125	60	44	57	56	52	61	52	51	52	43	50	66	55	47	45	56	42	53	59	53	43	45	54	41	57	60	68	46	46	44	41	51	51	56	55	55	42	45	51	54	37	58	60	45	62	53	50	50	68	41	49	47	52	58	57	60	63	51	42	59	67	58	50	68	49	59	66	55	49	54	45	42	52	44	48	40	50	52	56	41	48	35	42	57	45	54	55	52	59	53	55	48	49	52	47	50	46	58	59	42	65	41	47	45	56	43	48	42	63	51	57	51	56	49	49	38	48	49	51	47	54	57	49	37	57	69	45	42	47	43	60	43	47	51	55	54	50	36	47	52	52	49	45	48	65	58	55	67	36	43	44	48	55	51	42	45	46	44	52	63	43	48	52	56	65	52	50	50	49	52	39	49	46	57	49	46	61	52	49	53	59	51	50	49	52	59	52	53	50	45	36	55	49	47	47	63	49	64	54	54	48	48	60	56	46	45	58	50	54	68	36	45	67	48	49	50	37	45	37	53	51	50	54	44	61	57	51	51	63	38	53	52	62	46	52	48	39	45	53	42	52	67	51	44	23	50	36	65	55	35	55	42	49	51
cell45	106	85	118	104	105	113	119	96	82	106	95	94	97	113	89	88	108	104	97	114	95	92	111	95	99	95	98	127	102	96	104	96	96	114	110	97	108	86	107	91	110	86	102	109	89	79	85	108	102	116	111	102	97	110	103	97	107	97	95	111	101	87	94	104	112	89	108	100	93	116	102	95	116	121	97	111	102	125	90	100	93	121	118	81	91	105	98	117	105	110	90	100	83	108	111	130	96	113	107	104	106	123	89	94	120	87	106	105	72	90	109	84	93	99	106	111	111	96	77	129	98	102	109	101	99	97	99	99	108	103	96	91	100	98	97	109	109	95	84	109	133	104	100	106	95	97	116	110	108	90	97	86	97	91	93	100	80	102	76	96	114	99	99	119	102	90	90	110	118	97	108	93	102	76	91	94	113	101	121	91	94	96	99	96	78	106	91	108	91	111	97	96	93	126	101	100	90	116	84	94	89	89	96	97	110	102	99	122	88	93	100	105	102	91	87	93	97	91	95	99	95	77	95	107	119	97	113	126	80	108	121	95	117	112	100	92	100	106	106	110	112	113	105	106	57	52	45	45	51	58	57	57	51	48	50	40	57	64	61	40	54	53	38	48	65	54	52	53	46	45	52	49	57	45	57	44	59	47	47	50	59	38	64	53	44	42	48	42	48	56	50	38	46	45	56	60	46	58	40	50	53	40	51	49	52	42	49	58	52	57	30	48	55	47	51	36	59	59	46	42	64	49	46	51	60	34	48	48	45	50	44	48	51	61	49	55	53	40	49	48	50	55	54	44	49	43	49	47	43	56	49	47	54	69	50	33	53	48	45	46	51	51	55	58	59	38	41	60	58	43	43	53	43	56	44	57	56	52	46	51	50	47	47	48	45	52	68	55	53	60	50	52	36	48	44	53	47	53	48	44	42	48	46	43	49	51	45	38	55	40	45	43	48	55	43	38	57	44	61	43	39	62	44	51	44	36	55	59	48	52	48	46	41	48	55	45	46	45	64	42	40	37	55	45	56	70	61	45	67	49	56	45	44	52	49	40	45	43	51	39	52	57	43	49	61	43	46	40	48	56	56	65	38	45	64	37	47	46	71	51	53	37	49	48	44	58	51	57	47	64	65	55	48	46	43	63	45	52
cell46	26	29	34	46	38	41	38	33	37	40	36	42	23	30	26	31	24	30	26	25	40	34	36	37	32	42	42	30	33	34	37	24	44	32	28	32	35	23	39	34	32	39	24	39	29	31	31	38	38	32	33	31	40	49	31	23	42	41	44	38	35	37	27	29	33	35	29	33	23	29	29	26	41	35	26	0	0	0	0	0	0	1	0	0	0	0	0	0	0	0	35	26	36	33	30	32	29	31	46	42	38	23	31	24	29	27	34	51	40	41	28	49	50	34	48	26	39	47	33	41	46	53	35	55	34	31	30	27	43	24	43	35	30	38	30	30	36	33	31	27	21	35	43	44	35	31	33	49	42	39	36	33	35	40	32	46	23	38	25	37	44	49	37	37	25	32	29	49	32	36	34	42	37	34	36	44	36	48	38	32	29	44	28	32	27	37	34	39	33	30	37	39	27	34	39	34	29	32	39	35	28	37	21	26	34	32	43	28	29	38	33	45	34	32	34	38	32	34	34	36	26	34	30	33	38	34	39	37	35	42	41	32	36	38	47	39	30	41	37	33	29	49	39	41	40	34	33	43	42	26	31	26	39	52	37	34	36	33	36	32	30	31	39	39	36	44	35	34	38	38	40	40	29	26	34	32	42	34	31	42	26	31	38	38	33	38	44	35	41	34	26	29	39	37	36	30	29	32	34	42	32	41	36	43	42	41	38	46	35	35	33	25	37	40	34	36	40	37	35	33	32	35	31	44	36	23	39	39	38	39	33	36	29	44	27	30	35	36	31	31	30	48	35	38	28	33	29	44	32	31	36	24	40	33	33	39	39	33	29	29	27	34	43	42	33	34	33	35	33	32	35	28	32	39	32	25	38	27	31	27	43	42	32	45	33	44	41	30	31	37	25	36	31	24	37	38	37	33	51	30	36	42	32	50	28	32	39	39	37	31	29	37	30	36	19	39	31	29	32	22	44	34	34	34	39	33	30	42	25	38	37	44	41	31	31	31	34	45	35	32	38	38	44	29	44	35	34	22	27	32	32	36	31	39	32	32	35	29	29	34	29	38	38	27	31	31	35	40	19	32	33	41	31	47	34	37	23	32	35	36	28	40	38	43	41	34	36	36	31	29	33	44	50	42	39	40	39	45
cell47	96	97	95	103	88	86	92	99	105	96	89	100	110	102	79	108	110	80	105	99	115	94	100	98	84	90	102	93	107	94	107	80	117	133	103	91	116	98	88	110	94	83	119	78	91	71	98	109	97	80	88	101	113	109	112	94	94	105	101	100	97	113	87	91	106	95	93	86	98	95	90	114	102	98	73	85	105	109	81	106	98	101	107	89	108	96	96	106	98	102	85	100	83	108	107	81	89	104	104	101	101	108	117	105	90	94	93	99	97	112	86	106	91	77	100	95	97	110	74	111	93	103	82	114	103	105	100	95	89	95	118	96	89	107	91	97	97	114	81	98	111	100	93	94	107	97	77	95	101	82	88	102	108	107	100	106	85	107	94	80	101	96	92	101	96	92	105	95	110	85	89	98	93	103	86	97	101	104	106	89	86	87	99	95	83	102	100	89	101	117	96	95	96	121	72	108	79	81	97	119	99	102	134	96	89	91	109	108	89	95	115	106	111	96	94	104	93	94	109	93	98	89	94	104	112	87	107	98	92	120	106	89	109	108	102	103	100	114	105	109	104	84	100	91	60	57	49	41	49	54	61	42	50	39	48	43	53	62	38	52	51	61	50	50	52	52	53	63	49	36	50	44	35	45	50	48	44	40	53	45	48	53	38	52	38	42	37	55	41	50	57	50	44	52	46	59	48	38	63	52	48	54	46	42	49	54	45	37	46	51	66	36	54	52	36	47	42	41	52	39	47	42	45	48	46	35	48	60	45	53	42	54	53	47	60	60	44	43	38	57	42	62	39	35	61	53	39	45	51	51	55	46	53	43	51	41	46	48	40	44	44	46	51	48	50	46	59	51	46	42	57	43	39	47	44	41	66	32	48	55	50	35	43	44	53	55	51	45	61	55	50	65	57	46	40	35	46	48	46	52	42	55	63	51	45	53	51	60	38	59	51	50	40	45	45	49	53	46	41	39	51	55	55	65	53	45	52	57	47	59	42	55	65	68	49	55	45	35	45	44	52	51	46	43	64	55	53	44	39	47	34	49	56	46	49	49	46	40	39	36	38	54	52	53	55	53	56	40	67	54	48	52	54	51	42	36	47	46	52	67	52	50	56	50	56	55	53	52	45	45	43	59	42	43	62	45	45	48
cell48	115	91	119	110	92	105	100	97	99	117	120	120	86	114	101	92	108	94	106	100	120	84	110	95	88	121	89	115	97	100	118	100	102	96	110	87	92	107	76	107	108	95	92	87	98	101	85	92	92	109	106	97	112	116	108	80	103	92	107	104	87	89	112	107	87	105	104	120	93	94	88	104	108	114	98	68	104	83	89	98	101	100	111	96	104	105	100	102	108	94	94	90	126	113	108	91	107	101	100	109	97	103	99	109	104	102	91	111	86	103	110	102	120	104	112	93	111	94	80	96	93	114	97	109	96	111	84	102	101	100	107	91	98	107	91	105	110	100	101	115	115	100	108	92	93	98	101	108	104	113	116	105	104	107	110	110	99	97	90	103	98	96	104	87	107	82	93	101	122	107	101	105	120	96	101	128	108	99	110	107	92	88	96	102	110	108	97	102	97	119	111	98	106	118	109	128	101	94	106	100	98	82	106	106	94	104	105	98	87	97	97	107	97	107	94	113	87	99	96	122	114	102	88	98	117	80	89	83	92	90	103	86	112	115	100	97	85	104	99	113	102	86	125	108	66	67	51	42	63	44	51	53	56	41	49	54	41	48	43	46	53	52	63	48	51	52	68	57	41	59	60	70	59	48	53	56	53	46	48	53	55	48	49	45	61	38	40	53	47	56	50	58	58	48	41	46	44	49	45	53	59	45	51	61	56	57	47	51	46	58	55	33	49	55	54	44	39	44	54	40	35	56	52	42	57	41	59	52	64	53	47	60	62	66	61	49	59	40	45	49	51	67	48	46	53	45	41	51	51	41	45	45	54	45	45	43	52	40	37	47	41	46	54	50	52	45	50	46	41	61	58	50	65	50	44	62	63	48	54	59	68	56	50	52	48	62	56	59	45	58	41	68	55	60	52	43	46	55	56	56	50	52	55	49	44	47	47	50	55	64	43	63	50	59	41	53	58	61	49	64	46	58	46	54	48	51	67	56	50	67	44	44	59	50	48	47	45	39	42	58	49	52	44	51	59	40	46	46	48	48	57	42	43	60	50	63	69	45	51	53	57	51	47	51	54	56	47	56	53	56	54	55	51	42	41	57	49	49	52	53	59	46	47	55	50	65	56	43	63	39	56	52	68	64	49	42	56	46
cell49	180	187	220	217	169	237	202	196	212	198	203	216	167	205	174	158	206	202	202	181	198	225	210	189	204	215	182	224	195	215	182	178	195	189	249	197	190	187	205	211	188	216	196	187	187	174	196	217	174	210	195	200	193	223	176	179	187	182	193	235	184	186	209	182	189	171	197	204	216	196	194	217	217	197	184	203	162	181	186	211	171	218	249	170	169	185	196	188	199	195	210	188	188	186	181	217	212	176	196	203	230	174	201	202	222	189	214	201	190	197	193	201	213	180	198	179	220	222	201	227	201	182	198	223	224	197	213	166	196	178	196	225	194	202	208	218	227	189	200	221	209	186	197	215	205	210	194	213	214	189	202	187	183	169	214	197	200	214	166	232	223	206	226	193	215	215	232	208	212	182	210	227	208	209	179	230	225	210	216	177	171	208	211	186	202	195	195	199	204	213	183	171	195	247	206	220	194	166	199	217	161	221	214	229	184	215	180	251	190	194	174	190	197	189	164	206	190	194	207	174	199	198	183	204	203	187	211	202	192	242	210	191	189	186	192	204	191	187	187	220	195	208	210	200	114	98	95	91	117	101	82	100	96	85	84	110	101	113	92	104	105	119	103	107	100	99	114	96	110	104	96	90	119	101	97	100	112	90	97	98	100	96	115	87	92	107	88	105	105	98	106	108	128	75	124	86	111	81	101	103	100	81	87	102	100	103	112	106	114	113	94	96	92	97	99	106	108	93	86	80	101	107	100	92	96	77	92	98	105	117	98	104	104	129	101	126	108	100	96	100	100	105	103	89	102	83	88	99	106	94	88	113	100	93	109	109	79	90	86	99	103	134	104	108	108	102	89	98	91	94	92	104	94	88	99	93	95	106	105	77	103	121	94	100	98	84	95	103	111	93	116	113	112	93	91	73	106	110	94	98	93	96	116	111	83	107	94	102	92	81	85	106	82	113	89	109	83	81	101	76	111	100	104	97	88	101	92	98	90	95	97	104	112	108	104	88	104	118	90	111	97	92	102	89	96	114	101	83	106	100	98	112	112	121	101	89	115	85	92	102	98	108	92	86	106	99	106	102	101	108	104	89	79	91	86	116	74	87	94	100	97	88	106	108	97	90	91	120	109	101	103	111	110	102	115	112	81	93
cell50	173	152	190	180	184	179	184	170	155	167	160	173	129	179	137	154	161	178	161	195	152	157	177	160	155	177	155	185	164	165	147	146	157	149	184	163	174	158	151	191	146	151	168	175	182	140	186	151	166	158	146	168	180	168	154	178	167	152	146	179	175	149	171	157	169	153	182	160	146	160	163	146	145	165	149	172	169	149	161	154	166	178	195	138	163	155	154	166	175	170	142	169	179	153	161	159	171	167	170	162	197	167	144	182	151	151	160	150	145	152	164	203	186	166	165	152	165	193	140	195	164	170	180	171	171	186	176	159	190	145	165	162	153	184	137	162	173	158	154	160	167	160	161	164	149	160	159	167	159	153	179	158	154	162	156	187	151	184	141	149	206	200	158	172	162	145	151	160	174	175	185	153	172	173	172	186	196	159	191	139	150	164	158	159	177	152	158	177	172	182	163	165	138	187	156	164	147	151	161	165	154	150	186	171	148	175	168	183	145	162	174	183	174	154	158	158	136	157	157	173	154	164	163	173	169	152	149	143	160	196	200	142	149	176	174	158	173	184	145	172	173	161	186	183	98	67	69	97	88	85	87	84	78	86	92	84	99	81	72	89	91	92	98	110	95	90	87	78	60	93	69	75	83	74	72	74	102	85	87	95	78	77	83	110	79	78	79	77	80	91	78	87	100	80	81	79	62	81	78	84	94	88	74	100	86	104	93	105	76	89	101	83	89	101	82	90	74	86	86	69	70	91	82	74	79	90	85	82	87	68	81	94	82	95	87	93	102	82	73	84	75	80	96	79	71	85	66	80	71	80	77	86	107	78	66	75	82	85	58	90	79	84	78	90	88	71	71	81	82	98	85	67	74	81	82	98	121	70	62	87	93	74	84	79	70	96	86	95	82	95	89	102	68	85	79	84	60	92	86	86	60	93	87	83	74	78	90	88	85	78	80	88	75	98	80	87	82	83	83	78	89	66	83	100	84	86	78	87	80	79	93	94	88	87	72	94	74	81	90	76	86	99	88	81	88	90	80	80	101	95	81	76	71	90	82	89	96	91	87	79	68	81	80	84	79	108	85	80	85	89	80	95	88	67	85	83	81	92	84	83	97	72	81	81	84	86	100	83	64	82	78	78	88	78	55	71	93	83
cell51	87	69	82	61	76	76	103	76	77	65	90	69	58	68	87	69	60	79	76	64	90	72	67	72	70	74	60	79	81	83	64	85	74	71	70	83	63	80	62	89	67	72	76	73	79	73	77	82	78	79	91	68	80	79	59	59	74	74	69	81	68	70	84	64	96	58	69	102	60	77	77	66	85	74	63	83	76	64	61	79	66	91	95	67	78	70	75	67	96	66	93	74	98	77	69	70	85	70	78	81	83	61	73	68	60	86	79	74	73	82	67	68	79	49	88	74	72	74	64	70	76	79	77	78	80	83	68	62	89	77	84	91	80	85	64	73	93	67	75	89	82	71	81	75	69	81	69	88	79	60	74	81	69	79	69	72	61	78	84	87	67	89	101	73	87	75	75	74	78	78	87	79	83	89	78	97	86	76	75	53	70	78	56	105	78	77	69	82	64	80	68	60	67	91	65	77	65	62	75	85	74	69	83	86	79	73	81	86	79	81	80	100	92	52	76	85	86	80	59	75	53	64	63	77	73	60	81	59	68	87	71	79	85	66	79	77	58	67	69	71	68	75	75	66	41	47	28	29	29	25	37	44	43	37	35	23	35	38	33	28	36	39	41	37	37	33	37	45	38	42	44	39	47	37	27	30	47	26	39	47	42	32	44	44	25	34	28	27	31	41	45	49	34	31	40	30	40	35	40	39	40	36	28	39	40	43	50	33	40	46	28	30	42	35	36	37	20	36	43	28	46	28	31	40	28	32	48	23	31	42	44	40	40	45	45	46	37	36	33	36	40	44	40	27	34	36	41	37	39	43	31	38	54	47	33	25	42	36	32	24	36	30	35	42	38	31	31	45	35	35	43	34	44	38	38	40	44	25	34	35	32	30	34	27	33	44	33	34	49	36	28	37	36	36	49	35	27	38	29	31	34	40	38	28	30	45	36	42	35	36	44	33	35	41	35	33	31	30	37	31	33	30	31	43	50	35	38	43	35	38	35	45	38	46	51	41	38	30	44	39	40	37	40	32	28	40	26	30	41	35	35	47	31	40	36	29	38	31	54	32	32	34	31	33	38	30	39	33	23	36	39	34	38	33	39	23	35	30	42	43	45	26	30	39	39	36	37	30	32	42	33	45	37	40	30	39	58	21
cell52	47	33	39	54	41	55	41	45	32	39	36	38	34	43	46	50	28	26	48	31	49	54	44	29	43	43	39	50	54	52	43	55	45	37	45	43	37	47	52	46	38	51	47	33	38	37	37	58	46	44	43	41	42	49	35	37	37	43	37	50	46	40	49	44	47	35	44	44	59	49	35	42	49	38	34	0	0	0	0	0	0	0	0	0	0	0	0	0	0	0	49	43	40	34	45	55	45	43	39	45	33	34	38	45	50	29	35	39	44	53	48	46	41	40	48	43	49	38	40	55	39	47	36	45	47	49	46	40	43	36	41	47	62	34	37	43	44	54	45	38	46	41	46	49	46	41	55	38	51	41	43	29	44	43	45	39	42	45	47	36	43	47	45	41	54	42	35	61	43	42	48	41	45	37	38	41	54	47	52	41	35	34	36	36	36	36	39	45	50	51	37	40	46	53	40	50	48	49	55	43	36	43	46	46	52	45	46	60	45	34	45	46	33	46	49	39	39	45	46	42	44	50	57	33	44	36	48	43	45	44	47	39	51	47	34	49	46	52	39	53	42	53	37	57	51	48	45	39	41	53	37	34	33	59	47	43	44	54	43	36	36	47	46	45	42	37	43	33	54	65	37	35	56	50	31	37	50	38	48	39	33	48	42	45	40	33	33	59	39	51	37	58	45	54	36	39	43	42	51	49	31	37	30	45	43	41	47	50	39	38	36	47	54	45	50	31	39	58	58	39	46	52	51	42	45	45	36	44	46	47	40	49	51	52	41	44	49	44	46	52	38	39	38	41	34	41	37	37	41	40	38	42	48	49	40	36	42	40	34	39	32	46	43	48	53	37	38	32	39	48	43	45	43	43	34	46	53	44	51	43	50	53	25	51	37	41	39	43	43	46	42	42	38	46	38	42	46	42	41	50	43	48	55	49	43	46	45	38	44	43	51	54	41	35	34	50	41	49	43	38	37	46	46	35	49	46	46	55	39	35	36	37	38	48	36	33	31	45	39	54	42	43	34	46	31	42	45	48	33	35	42	41	29	34	37	36	48	50	38	46	44	50	43	52	38	51	57	46	35	45	40	42	49	40	37	35	35	48	51	39	42	41	46	51	48	41	44	48	36	35	31	63	44	37	45	36	48	34
cell53	52	60	58	70	66	63	62	52	58	63	59	66	59	63	64	53	55	51	61	69	63	70	59	69	83	69	68	65	74	55	56	54	65	76	44	52	64	57	57	85	66	63	64	65	62	73	50	59	64	48	62	64	72	69	65	57	52	47	51	72	64	55	71	60	74	54	57	66	58	63	56	64	63	58	65	56	76	58	55	53	66	64	63	50	48	69	55	60	58	65	87	55	57	53	59	71	60	65	72	74	61	65	69	51	62	56	60	65	48	68	65	67	71	61	65	68	73	60	50	68	64	69	69	60	48	77	76	59	69	51	80	64	60	57	67	69	67	59	72	62	65	69	53	57	70	54	49	85	50	58	46	58	57	44	59	55	70	59	67	59	88	72	75	65	63	65	53	67	72	56	76	70	64	55	55	62	58	81	58	53	55	55	79	68	57	55	72	71	56	58	56	56	63	86	49	61	67	65	77	56	67	60	61	68	52	45	63	50	49	63	57	62	80	61	67	60	57	65	76	52	51	50	80	64	67	63	67	60	50	68	45	57	68	69	68	53	50	47	58	56	53	44	65	68	33	24	30	21	35	42	33	32	30	30	29	33	27	36	25	32	34	36	37	23	27	28	37	31	30	26	29	26	38	25	15	28	42	33	36	29	36	39	23	28	33	31	26	35	25	31	38	33	34	17	32	35	36	30	35	40	34	33	34	35	39	36	30	32	27	30	31	26	32	33	31	31	24	24	27	29	31	34	33	39	23	34	35	32	33	25	34	25	32	28	28	32	30	31	33	36	29	31	27	31	29	35	34	35	35	31	19	36	30	34	43	33	37	33	33	25	33	31	35	26	31	31	35	33	22	29	27	32	33	34	42	40	31	32	34	27	31	23	34	32	31	24	32	38	23	31	38	39	30	33	40	33	37	21	31	41	27	37	36	32	27	28	34	27	23	37	27	33	37	33	29	31	30	19	26	28	23	24	35	35	30	26	33	38	32	36	39	24	28	38	40	45	30	31	33	26	31	36	29	39	26	41	34	28	32	26	30	24	31	34	30	31	41	26	35	42	45	31	22	21	33	41	32	31	30	25	35	26	33	33	25	32	34	28	34	19	32	27	29	19	38	34	33	36	28	26	31	33	31	30	39	37	32	38
cell54	37	28	41	42	36	27	42	38	42	46	32	36	34	49	36	41	31	30	54	34	58	35	44	42	41	56	30	47	34	51	43	55	38	35	30	33	35	39	37	55	38	34	42	39	41	29	25	38	39	33	36	34	45	53	28	41	47	38	22	52	43	28	41	35	44	34	39	27	56	35	43	38	48	46	36	0	0	1	0	0	0	0	0	0	0	0	0	0	0	0	37	34	32	37	40	44	37	44	50	48	46	46	46	36	50	37	41	45	37	41	44	34	49	36	51	36	51	36	43	40	50	55	35	43	38	36	32	48	43	34	42	44	29	55	43	26	43	38	48	43	41	37	35	54	33	47	44	45	36	40	39	39	40	51	40	37	42	43	36	40	36	40	46	46	40	38	38	52	36	40	36	36	35	41	35	48	48	46	48	30	29	41	43	35	40	48	36	40	41	51	33	32	33	48	37	43	37	34	46	40	48	43	45	40	57	36	41	51	38	49	43	41	38	37	47	43	37	39	35	43	39	45	34	43	27	38	46	28	37	42	28	38	37	35	38	51	41	56	38	35	37	38	37	46	37	44	39	38	37	41	37	43	37	43	59	46	40	47	40	29	31	56	44	43	42	31	50	39	51	44	55	38	45	37	39	49	48	45	37	34	39	43	36	38	38	42	23	48	36	53	40	43	47	35	40	32	38	47	41	35	49	45	45	48	33	43	50	46	29	37	45	40	36	45	45	46	36	34	50	45	39	35	45	49	36	31	45	42	41	46	38	40	33	46	39	34	33	48	54	35	33	39	40	38	47	43	37	39	30	32	25	41	55	49	48	38	30	36	39	30	31	31	39	35	38	39	50	28	44	43	52	47	42	37	43	46	46	46	46	47	48	37	38	35	48	44	49	42	39	39	35	44	50	35	33	37	46	33	32	46	39	43	37	42	35	27	34	46	46	41	45	34	40	48	31	41	44	38	36	41	47	34	48	44	48	40	38	50	39	40	42	29	39	38	46	43	29	41	44	39	46	41	43	37	48	38	44	54	48	37	42	33	36	33	50	34	35	44	29	36	29	51	38	36	36	45	36	28	40	38	42	41	33	40	35	50	35	48	43	43	33	40	43	40	41	30	44	44	35	44	19	44	48	42	44	36	62	37
cell55	129	99	97	109	108	101	107	85	107	127	103	108	101	95	106	82	78	113	129	103	111	111	113	92	111	120	93	109	114	114	118	99	119	114	128	97	114	99	94	102	107	106	91	102	105	110	94	116	102	93	104	93	100	103	96	114	114	98	103	121	91	92	114	95	143	102	117	109	97	118	99	97	134	93	109	115	96	119	101	104	119	91	97	98	121	112	107	112	94	111	92	117	104	97	101	120	84	101	111	114	97	94	101	120	112	105	128	118	106	115	106	103	102	102	116	101	113	116	86	143	99	100	104	99	100	121	108	98	100	86	120	93	106	97	83	98	119	115	98	86	102	98	113	102	89	106	120	116	115	103	99	98	110	98	106	106	96	112	105	101	136	110	102	86	106	98	116	124	107	95	109	113	92	113	84	117	112	99	117	99	117	94	98	117	93	104	121	115	96	117	99	92	93	117	88	97	94	93	92	119	89	103	112	110	98	113	115	118	103	111	96	127	98	103	105	120	82	93	77	112	94	87	95	111	112	102	100	94	100	116	109	114	101	121	127	108	110	96	118	103	95	81	122	102	66	48	50	46	56	53	43	35	49	60	43	62	53	50	65	48	53	58	44	49	66	66	50	51	60	56	55	61	43	60	54	44	56	54	45	75	46	61	54	43	56	47	54	53	51	53	60	45	62	51	55	47	53	40	43	57	51	59	48	51	56	74	48	62	67	48	52	46	55	46	46	66	43	58	41	43	53	45	50	59	48	45	49	49	46	46	49	66	54	67	48	67	62	55	58	48	52	57	55	49	47	43	50	56	49	54	56	51	52	55	43	44	55	39	55	43	50	52	57	64	50	49	46	48	42	52	61	39	44	43	53	60	58	42	54	60	54	46	44	62	43	52	50	55	61	40	60	56	52	49	46	44	48	53	51	58	50	49	36	51	55	47	56	62	46	50	64	56	47	57	54	55	39	42	47	45	55	47	49	52	46	46	42	57	54	63	58	44	41	52	43	48	46	38	58	53	58	46	55	51	45	58	59	53	49	38	51	52	45	39	47	43	66	52	64	59	51	58	39	62	54	57	51	46	50	55	51	48	37	41	64	52	48	45	52	69	52	46	51	38	54	48	55	52	42	43	49	54	44	52	50	52	63	57
cell56	151	133	142	160	148	134	133	122	123	138	136	173	126	128	132	132	135	142	140	119	114	137	133	138	118	151	121	145	127	144	155	132	143	172	139	118	145	155	156	140	127	132	119	137	126	133	130	126	112	124	125	123	150	123	132	122	175	137	135	144	116	135	150	114	135	138	137	143	105	122	143	125	131	129	102	154	142	147	142	156	124	148	153	121	134	131	147	153	149	143	147	140	130	145	145	132	144	122	122	148	147	134	126	143	126	125	143	126	154	111	128	142	132	141	125	121	152	132	132	149	149	122	140	137	138	163	138	136	141	124	134	129	127	143	128	137	147	141	139	136	151	134	140	145	140	139	138	112	135	152	120	137	147	138	139	140	99	134	95	145	137	145	141	148	131	143	148	140	130	130	115	130	132	131	113	135	164	126	149	123	110	141	134	156	130	139	153	143	97	136	113	109	148	163	130	136	148	139	147	133	129	107	151	136	141	131	161	137	115	135	147	135	131	122	128	146	141	127	140	121	128	132	139	121	135	121	136	131	139	126	144	127	127	148	151	153	137	155	162	140	122	127	146	160	73	87	74	68	82	76	60	100	68	61	74	70	61	58	65	69	61	89	69	69	74	77	71	69	67	63	87	66	60	56	69	77	70	61	59	66	65	59	71	81	67	67	64	62	79	65	65	82	72	59	82	77	71	78	62	67	67	63	72	73	76	82	76	66	87	58	72	62	69	76	79	80	75	70	81	61	78	64	41	62	60	66	82	69	59	54	72	75	57	79	63	81	69	69	67	68	47	74	75	57	67	64	58	68	74	64	59	65	57	68	73	83	71	64	58	50	67	62	65	69	64	68	67	66	66	82	57	66	68	66	56	69	84	65	55	65	73	50	58	79	71	73	63	56	63	86	60	57	59	54	58	67	58	66	72	64	64	63	63	68	73	62	64	58	63	64	52	59	65	81	62	63	48	73	72	48	60	63	54	82	64	82	76	63	67	80	68	58	64	53	63	68	75	69	60	87	62	68	76	68	72	66	61	72	75	59	77	67	59	54	86	53	79	81	71	64	63	57	59	71	72	59	53	61	82	74	75	66	65	69	65	66	71	66	64	67	63	53	70	63	67	68	68	59	66	54	64	65	64	68	84	53	69	70
cell57	77	81	67	73	87	86	71	75	89	90	81	81	69	79	77	54	93	83	90	76	84	80	69	88	81	96	61	69	68	84	74	66	82	89	92	71	77	80	77	76	74	90	76	76	74	66	73	90	81	71	79	94	102	95	67	77	85	84	89	81	71	82	90	82	63	67	76	93	76	60	59	89	81	75	69	84	103	87	66	57	80	84	105	66	92	69	69	104	74	85	85	87	78	71	77	84	77	76	67	86	83	58	57	69	92	86	67	83	68	90	86	70	74	68	80	79	89	81	78	73	74	81	76	95	59	70	88	72	68	64	74	77	96	66	66	81	73	76	81	73	87	66	79	84	75	61	84	89	77	76	90	83	73	79	81	83	71	90	61	91	74	77	80	76	69	66	73	73	92	64	69	82	76	86	65	81	85	89	88	83	76	83	83	81	77	72	88	73	74	79	69	53	91	85	56	84	64	84	67	77	80	77	85	87	81	61	76	81	83	82	82	86	83	75	66	80	66	70	86	69	54	73	74	79	74	70	96	85	73	83	76	63	92	84	80	71	79	84	77	68	78	78	62	80	44	36	32	29	26	37	34	45	42	33	34	38	30	25	42	44	39	50	42	38	51	50	35	25	37	43	42	32	43	39	40	39	31	31	30	51	31	57	45	40	31	47	44	39	40	40	38	41	35	39	40	29	38	24	45	34	35	32	32	36	50	38	53	34	28	43	35	29	47	44	48	43	35	34	39	37	53	35	46	33	38	29	40	32	60	36	32	40	39	49	48	36	39	28	31	38	32	30	35	30	42	35	45	22	37	28	35	45	28	42	33	36	31	34	32	43	36	35	41	33	39	32	44	36	36	37	31	55	45	43	35	50	38	30	42	36	39	37	38	46	42	27	38	45	37	40	32	39	42	33	35	37	42	43	51	28	35	35	45	41	25	39	33	36	47	45	36	40	32	51	42	40	34	33	39	34	33	41	32	33	40	32	36	39	34	38	28	33	52	39	32	33	46	37	38	35	38	34	42	33	32	44	35	43	41	48	35	41	39	44	41	34	57	53	41	36	40	50	37	29	39	43	32	42	42	36	40	40	33	53	44	41	41	38	38	38	39	44	33	48	47	41	35	37	31	34	28	33	24	37	43	32	34	40
cell58	66	73	83	79	70	77	68	105	69	76	94	80	66	96	94	62	74	62	78	82	86	79	86	68	80	71	74	84	82	101	80	81	66	78	88	61	90	88	74	88	97	66	69	91	84	74	74	96	67	87	81	77	89	74	64	66	82	92	63	103	72	71	98	78	82	69	75	69	59	64	85	73	74	71	93	65	76	76	91	83	75	69	94	67	79	73	69	82	68	76	98	77	63	76	75	71	69	83	78	68	91	78	63	77	85	98	78	73	74	86	76	84	72	68	91	72	89	86	78	93	73	91	73	84	84	93	80	67	88	67	79	72	81	92	78	75	102	88	80	95	103	68	71	63	68	64	76	78	94	77	80	87	84	68	80	67	80	97	79	71	87	72	92	85	92	68	87	79	68	71	83	80	94	88	66	79	70	95	69	74	62	77	83	107	73	81	75	82	81	83	63	69	84	97	79	88	74	78	77	77	77	75	75	83	80	74	82	84	69	66	79	95	103	72	71	69	50	72	81	72	70	97	68	73	83	79	87	87	77	83	86	82	88	87	69	74	76	93	88	92	61	89	63	90	37	38	36	52	43	40	34	43	41	37	32	36	44	45	28	45	35	48	38	39	40	45	35	32	41	37	42	33	41	45	43	33	53	34	46	52	34	35	49	39	42	45	41	36	44	40	35	42	46	34	42	45	32	50	35	37	37	39	41	44	34	47	30	41	42	41	38	28	53	37	44	53	47	40	36	35	37	36	53	37	50	32	27	43	37	34	35	37	43	55	58	51	42	55	39	39	22	31	40	33	42	46	37	54	49	28	40	42	47	39	46	44	41	41	33	36	46	38	35	29	37	28	40	29	31	33	37	26	39	41	42	49	50	42	32	36	37	45	36	41	34	44	46	28	42	36	47	51	35	34	29	33	28	50	33	48	43	44	35	36	35	35	37	42	41	32	48	49	33	50	43	45	35	36	34	29	39	37	29	49	50	43	36	48	42	46	43	38	34	49	40	47	40	33	44	52	46	42	44	32	36	42	44	35	45	39	36	38	37	41	41	43	37	47	51	50	27	31	35	44	40	48	42	40	48	43	38	35	30	50	32	39	37	35	45	38	32	31	34	29	45	41	44	43	33	39	40	35	43	39	36	32	29	47
cell59	35	26	31	22	22	29	28	24	17	21	28	30	28	28	20	31	16	23	27	31	31	18	28	37	25	26	24	26	32	36	39	26	30	22	28	19	30	23	30	18	28	23	33	23	19	20	17	36	32	32	33	32	30	30	25	20	21	31	21	27	25	20	23	24	25	21	32	32	28	21	19	22	30	30	28	0	0	0	0	0	0	0	0	0	0	0	0	0	0	0	27	33	20	16	27	26	24	21	28	27	21	24	25	26	25	23	14	18	25	25	24	41	26	20	21	17	34	30	26	29	36	31	25	28	25	24	28	26	28	29	24	20	34	23	14	25	24	29	22	28	27	25	27	23	27	24	22	35	41	29	27	16	22	32	35	29	22	28	20	22	28	18	28	20	24	24	22	21	22	32	14	44	28	28	17	24	16	21	19	21	31	26	32	20	25	21	29	19	28	35	25	26	32	30	22	18	19	27	28	19	28	20	26	26	34	14	25	25	21	28	19	27	25	32	27	28	21	35	33	27	27	26	15	20	20	21	24	27	31	32	23	32	21	26	24	25	21	29	27	32	22	26	30	23	34	20	28	24	28	26	19	40	30	28	23	27	19	29	29	30	26	26	27	29	25	25	32	27	28	23	18	26	28	20	34	31	27	20	22	28	18	39	16	20	29	23	29	24	22	33	22	26	14	21	19	27	23	32	27	27	24	27	28	24	31	25	20	30	23	25	34	14	29	32	33	31	26	28	20	19	31	20	32	23	25	25	40	26	27	21	24	33	17	25	18	20	28	38	18	24	22	26	26	19	29	29	23	21	27	35	26	23	24	33	29	15	21	19	21	22	19	17	22	24	28	32	17	25	29	25	21	27	21	22	23	14	33	23	21	30	27	36	25	24	27	27	25	27	28	30	27	29	24	19	22	27	36	33	26	28	25	25	29	29	26	26	21	25	14	28	27	29	30	22	23	17	23	32	27	19	33	24	24	24	25	30	24	31	25	27	29	25	21	22	22	25	26	29	25	24	21	21	26	26	25	30	25	32	26	35	21	28	36	25	20	27	29	30	30	27	23	24	19	29	24	20	22	20	27	18	35	24	27	14	19	23	23	25	27	30	31	29	24	25	38	27	25	25	27	16	24	33	31	19	27	22	34	26
cell60	83	77	88	110	85	73	87	88	102	101	96	104	96	89	92	66	94	85	91	87	107	82	105	91	115	105	88	110	79	92	91	76	98	95	108	98	101	77	89	83	91	89	74	93	87	93	76	103	95	94	91	86	95	85	95	86	102	95	89	106	85	100	86	91	91	88	100	92	99	90	96	95	93	75	83	86	84	76	88	98	78	98	99	93	83	77	107	76	85	96	91	87	94	90	93	105	81	105	80	89	114	90	84	109	97	83	94	92	90	89	98	99	105	86	115	85	94	108	90	106	89	88	88	98	94	104	91	82	99	95	103	82	95	84	71	94	73	104	98	101	95	81	93	91	87	88	90	97	94	104	81	78	83	112	103	88	68	99	72	99	97	98	93	75	83	92	78	114	94	87	96	93	95	95	75	103	87	89	100	91	65	95	99	95	95	101	85	77	77	92	88	61	103	120	94	100	97	84	100	91	89	76	91	90	98	99	99	99	101	110	82	102	82	100	101	95	98	101	75	93	79	110	97	88	93	91	89	86	85	88	106	69	100	118	112	82	97	94	85	78	96	76	95	91	39	49	40	37	55	58	49	37	42	44	46	36	49	48	42	41	62	58	45	51	54	50	45	38	34	47	40	52	41	48	45	47	56	65	44	44	38	42	54	61	47	54	47	36	52	40	59	42	63	42	47	33	42	41	45	40	54	41	54	36	38	51	38	42	52	51	42	52	38	45	41	52	39	37	33	46	50	48	50	45	42	43	58	45	49	52	45	49	43	55	36	63	54	45	48	40	42	49	43	52	50	50	47	49	48	43	44	40	63	46	49	57	35	51	44	32	40	35	48	51	45	42	42	47	35	42	49	34	50	44	51	31	54	37	44	38	42	42	39	47	37	50	37	33	37	42	49	52	41	46	40	42	50	45	45	37	49	54	47	49	40	45	32	47	44	44	41	47	39	52	44	58	50	48	39	36	45	40	49	42	50	52	59	44	48	61	55	56	47	38	44	28	45	51	46	53	49	35	50	38	41	40	40	33	53	49	41	47	40	44	52	60	35	57	53	47	31	46	40	33	53	45	57	44	48	50	55	42	43	41	49	46	48	53	49	41	58	38	45	45	48	39	43	35	41	48	39	45	36	46	43	43	42	34
cell61	70	54	71	87	82	89	73	68	68	74	79	56	51	69	69	84	50	71	70	82	88	85	57	59	84	72	71	71	80	70	65	57	67	64	74	75	65	62	64	78	51	67	61	59	81	79	79	71	54	80	80	82	90	61	67	76	82	78	68	84	68	66	74	58	62	59	76	90	64	87	61	74	66	61	67	71	81	58	72	67	74	77	73	62	68	59	76	69	79	77	81	73	78	76	60	67	68	63	82	88	68	68	54	78	70	72	67	70	65	82	61	70	53	71	70	73	62	68	64	96	60	68	80	72	71	61	86	69	68	72	80	81	69	67	54	67	63	72	80	77	61	63	69	77	65	83	67	67	66	68	64	65	59	60	60	68	66	67	74	72	73	70	83	82	81	66	66	75	69	67	77	67	68	68	79	67	63	61	63	59	61	76	57	74	66	81	78	88	60	57	73	67	68	82	69	72	78	71	84	75	56	51	75	72	70	60	73	57	49	68	69	70	71	67	61	72	62	66	73	68	79	75	63	74	80	65	61	62	54	70	63	55	89	75	68	71	75	76	66	76	67	67	66	64	31	29	35	30	47	40	40	38	29	31	36	37	17	42	27	35	33	56	46	41	32	31	32	30	37	41	34	35	38	34	39	25	33	32	31	31	32	36	46	29	32	36	30	37	33	34	33	34	46	39	35	37	37	26	40	42	46	31	36	42	31	47	35	28	41	39	44	27	33	29	25	30	38	28	37	16	44	34	44	40	30	38	42	34	41	38	39	39	44	48	38	39	50	36	38	32	33	19	40	27	35	30	38	34	29	35	44	39	36	28	41	41	29	30	26	35	35	40	48	32	37	28	34	32	41	32	35	31	32	37	30	25	44	43	33	50	26	38	23	37	33	31	46	27	26	34	37	41	37	32	28	40	39	37	33	32	31	41	49	28	26	31	35	29	39	44	39	46	40	40	38	40	43	33	29	38	35	43	33	30	40	36	29	25	25	30	31	28	38	33	24	43	37	30	36	35	23	32	35	40	40	41	31	45	34	23	30	30	24	36	40	36	38	41	32	26	36	40	33	41	44	40	45	30	33	32	57	36	33	25	41	40	28	24	42	37	36	38	28	36	38	44	37	37	38	39	28	37	26	35	36	40	42	44
cell62	101	47	92	79	96	79	102	111	88	93	79	78	87	90	81	84	69	75	91	70	89	75	73	94	83	72	75	106	90	90	98	72	78	81	89	91	97	91	76	83	66	82	90	66	81	102	59	79	72	111	74	94	83	91	88	91	90	83	73	81	77	76	83	85	90	58	85	91	82	78	72	87	87	76	84	96	86	90	82	82	81	87	95	65	76	76	76	95	80	94	97	78	75	92	92	72	84	77	71	108	77	75	70	81	61	65	82	85	76	70	82	94	99	65	73	66	99	89	81	77	77	98	88	87	79	77	74	82	76	82	64	73	80	80	68	83	75	78	93	68	78	84	84	73	84	65	64	76	84	73	91	90	93	88	80	81	69	84	82	71	94	83	100	76	79	55	87	104	98	72	77	69	89	75	91	89	88	71	81	74	76	87	79	73	80	72	91	77	72	85	78	68	64	97	76	80	97	76	87	90	81	66	65	85	71	69	78	90	70	91	88	95	97	86	91	92	80	102	80	86	75	106	71	92	93	87	80	69	77	71	79	80	77	90	81	96	78	80	74	92	66	78	73	88	34	34	48	42	46	44	41	44	39	46	29	43	39	38	38	36	42	42	37	39	43	42	39	45	44	49	48	41	37	32	38	37	39	34	34	29	46	33	42	40	34	46	39	40	38	46	29	36	47	39	57	38	45	36	37	40	45	36	45	48	47	38	39	42	51	32	37	30	38	42	44	37	31	37	39	34	34	43	41	42	47	32	48	35	50	32	49	46	42	51	33	32	45	47	41	39	39	42	42	26	38	37	40	47	36	47	34	39	40	38	38	49	37	37	38	40	30	42	35	37	28	42	31	37	35	44	56	37	39	34	47	42	52	35	44	36	39	46	31	54	55	44	44	49	51	47	30	51	45	40	29	49	36	43	42	38	43	32	43	42	40	37	42	38	46	45	46	48	40	46	44	32	37	44	27	47	43	36	42	49	39	39	38	36	42	42	33	29	44	44	39	35	36	48	45	45	45	45	34	40	61	44	48	45	39	33	39	41	41	36	45	37	53	43	39	31	39	36	35	54	46	39	42	40	41	48	53	38	38	34	33	47	47	45	27	55	45	38	38	45	42	55	55	38	34	33	33	46	49	37	43	36	38	45
cell63	85	72	74	82	97	94	70	72	69	72	87	84	62	75	66	82	80	56	68	63	82	73	53	72	65	56	66	74	87	63	67	62	89	87	91	76	74	69	69	69	66	78	60	59	79	61	79	62	89	77	83	82	75	76	67	64	68	85	57	79	73	75	79	80	76	73	74	66	80	69	78	74	67	84	77	66	78	74	75	68	73	82	83	62	73	64	83	79	65	69	75	83	71	79	78	67	94	69	76	81	80	54	66	74	62	65	84	76	54	66	71	79	86	76	82	66	84	79	68	77	65	97	65	76	55	72	77	63	80	69	82	75	84	76	58	73	71	67	90	73	77	77	66	65	61	68	72	76	79	81	55	75	80	89	79	78	73	77	61	73	95	84	84	87	61	74	61	66	63	68	73	85	80	81	75	59	63	71	79	80	62	85	81	81	81	67	80	64	75	62	69	85	82	111	77	83	64	88	72	68	63	66	83	88	77	74	70	83	63	68	65	80	83	65	75	68	86	72	70	81	73	63	75	93	83	76	69	78	65	81	58	75	68	71	65	81	76	83	65	70	75	57	59	71	40	28	38	31	34	48	27	42	31	36	38	28	46	46	41	35	35	41	25	41	31	29	36	46	45	43	39	41	48	34	37	34	42	38	38	41	38	29	41	41	30	37	25	38	39	43	35	36	54	28	41	33	39	24	38	31	43	36	37	43	47	40	41	44	50	40	46	26	44	39	36	36	31	28	43	30	39	35	33	33	53	36	40	36	41	49	41	42	32	40	38	45	48	41	36	44	26	40	40	40	34	33	33	44	36	34	33	35	42	34	40	42	22	39	34	22	40	37	33	26	41	38	34	35	29	40	41	33	37	44	36	36	42	44	35	36	46	33	43	44	47	30	46	29	43	35	37	34	37	36	44	42	47	37	33	34	37	38	46	41	35	35	41	38	40	36	32	44	30	27	31	36	44	48	28	31	43	28	36	45	29	41	32	42	47	46	47	38	40	24	38	43	19	39	44	37	47	34	34	39	35	34	43	38	37	37	22	31	30	52	44	38	45	36	37	39	29	37	27	39	35	36	33	34	34	42	50	40	47	38	38	44	25	29	31	39	31	30	35	42	35	39	45	45	35	46	32	34	40	32	38	38	41	39
cell64	93	93	109	92	98	94	112	89	85	107	100	106	81	97	104	78	104	84	89	104	106	92	91	113	83	88	99	99	113	95	83	102	91	90	78	84	101	90	64	89	99	81	84	105	88	81	76	87	97	97	84	91	113	89	89	91	116	89	94	109	82	85	109	86	95	90	86	96	88	102	78	109	109	84	89	110	94	95	105	91	78	98	110	67	84	93	76	79	86	83	94	72	99	86	94	91	116	99	95	107	107	85	85	105	117	105	89	100	103	84	94	92	81	85	97	87	98	100	88	106	85	86	91	83	104	107	114	108	89	81	111	76	96	87	80	103	95	93	101	107	85	93	78	101	103	107	92	90	91	83	80	87	94	93	87	95	70	96	88	92	113	96	115	79	86	85	108	102	109	106	100	89	94	91	84	90	92	84	87	76	95	84	93	73	109	95	84	112	82	108	86	77	101	103	100	98	96	72	93	98	79	99	108	87	97	102	99	94	92	95	108	94	84	85	88	102	92	114	90	99	79	98	104	93	89	79	114	83	92	106	83	94	98	96	81	99	90	105	88	87	99	81	83	100	46	38	51	39	58	47	40	54	42	36	40	53	43	56	52	45	41	53	42	52	42	48	43	42	36	51	53	43	46	55	41	50	48	43	46	59	56	49	54	58	45	54	34	52	47	47	40	58	38	53	45	44	52	44	43	41	48	46	36	56	46	45	56	42	50	59	47	41	45	51	64	53	51	47	53	44	53	43	43	41	62	38	43	29	52	50	37	53	34	59	60	45	51	51	49	53	41	51	55	39	52	45	43	50	39	42	37	48	35	55	46	49	53	41	50	50	42	44	51	45	49	39	48	34	39	45	46	44	35	42	51	40	60	46	54	41	55	44	38	41	39	48	50	48	52	44	45	56	42	33	44	45	43	53	57	47	62	48	43	47	52	40	42	50	43	44	37	46	39	60	36	42	51	42	42	46	35	53	46	42	48	27	46	57	49	36	47	41	40	58	52	49	44	34	49	59	46	48	58	53	43	34	50	49	44	49	39	48	52	56	57	50	43	47	44	44	52	43	48	54	47	44	47	47	53	45	42	41	44	50	44	39	44	34	58	34	42	36	35	34	44	56	40	40	50	44	47	45	47	43	41	61	50	42
cell65	56	61	66	52	45	60	54	49	61	75	66	63	60	62	41	67	51	60	75	60	61	73	51	58	48	55	52	53	60	61	62	55	66	57	66	65	45	66	64	54	49	57	66	56	58	55	45	60	55	55	59	55	54	65	44	57	53	49	52	66	56	63	77	49	49	57	54	56	65	59	50	64	63	61	48	55	62	53	49	54	62	49	80	40	55	51	46	61	65	52	56	45	64	50	50	58	60	66	50	54	55	53	45	52	68	67	54	67	49	38	53	62	65	42	60	64	59	58	47	76	59	59	64	62	59	75	67	79	60	55	68	60	60	45	58	67	67	50	55	57	56	64	59	68	46	73	58	60	44	59	56	53	61	67	54	60	49	71	46	67	59	46	67	54	54	48	52	70	69	53	50	58	50	51	55	62	71	55	56	60	67	64	48	52	66	58	55	48	43	54	73	50	60	54	58	68	56	52	76	53	60	44	71	58	48	47	60	59	59	72	68	52	55	45	51	61	51	66	63	72	56	51	55	58	54	53	62	65	56	54	61	48	67	46	70	62	43	62	47	51	57	53	55	58	33	38	27	32	23	31	18	36	33	28	39	25	22	32	23	27	24	33	25	26	27	20	29	26	33	27	29	34	28	34	21	27	35	23	22	36	35	28	39	31	36	26	23	30	38	44	33	23	30	32	33	32	18	32	33	24	27	21	31	27	38	33	24	30	32	45	28	25	34	22	32	30	29	34	33	12	26	31	17	26	31	27	26	25	27	33	36	33	25	33	42	35	34	38	31	34	27	28	29	30	25	23	38	22	19	30	34	26	27	22	31	26	28	17	31	26	31	27	33	27	25	32	23	20	22	38	16	30	31	28	31	38	39	24	25	14	38	21	28	31	30	35	29	19	26	30	20	29	27	28	29	31	27	35	29	37	31	26	30	27	24	35	27	32	28	23	33	29	37	25	26	25	37	29	34	21	42	29	21	23	21	21	29	30	28	28	32	26	30	28	30	23	24	36	26	37	34	26	22	37	23	29	28	29	24	20	35	27	33	22	29	34	37	23	28	31	32	25	24	21	30	35	33	24	24	30	26	31	28	25	36	27	28	29	27	33	27	24	28	24	31	25	29	29	34	26	21	33	29	30	33	33	21	32
cell66	46	56	76	66	72	57	64	74	52	68	48	64	60	70	67	63	67	56	59	71	85	59	58	52	58	68	52	63	52	64	72	55	64	75	57	57	60	58	59	62	49	51	66	70	65	69	63	51	61	54	59	83	51	69	54	56	58	70	65	57	60	60	82	55	63	59	46	61	67	72	58	70	82	47	73	54	67	65	64	56	48	72	73	46	63	62	65	81	65	57	51	61	64	53	71	72	56	69	54	72	78	64	58	73	52	58	62	61	60	63	68	72	62	49	73	58	70	83	54	71	62	82	58	66	58	79	56	67	78	63	69	52	64	79	64	61	62	64	63	49	70	70	55	80	65	63	72	61	68	68	56	64	51	66	68	62	56	58	58	63	57	62	60	60	60	56	67	60	65	61	68	69	67	47	48	71	71	74	79	63	78	59	68	71	78	60	66	58	39	68	65	67	63	67	60	59	67	58	66	63	76	56	81	75	64	72	58	64	58	74	56	64	75	57	63	83	63	55	60	60	56	67	58	62	81	51	66	57	67	69	58	56	69	72	74	67	53	68	58	62	53	58	66	67	38	30	27	39	27	28	27	28	30	37	23	33	34	38	25	24	34	37	38	35	39	37	30	32	20	34	28	14	29	33	36	36	33	28	33	35	27	22	30	26	25	42	30	40	29	30	31	32	32	37	28	30	37	36	26	36	26	34	26	41	31	52	25	34	32	46	29	29	29	34	32	35	35	34	31	22	32	31	29	29	29	27	31	32	32	33	25	40	39	37	43	38	39	40	32	43	29	35	33	35	39	39	31	37	39	35	29	19	23	38	32	42	25	32	27	27	27	28	43	43	26	35	24	28	30	39	32	32	23	33	27	32	32	30	29	26	36	26	34	42	33	37	28	29	39	31	24	21	29	35	25	24	24	40	35	27	30	31	36	28	29	30	36	29	36	36	33	35	27	43	32	28	31	26	39	32	33	24	24	26	34	25	37	31	31	36	30	30	29	27	29	25	25	24	31	28	35	30	34	26	44	36	38	30	29	30	29	34	32	33	31	35	29	30	33	27	32	25	26	31	29	30	38	28	24	29	33	24	25	35	26	39	26	24	34	24	27	20	26	26	37	33	28	41	29	35	24	46	34	26	44	27	37	30
cell67	176	180	185	187	155	184	188	171	168	184	199	176	153	200	190	158	173	147	173	155	184	203	199	156	179	185	180	202	197	182	176	169	213	195	182	179	192	181	201	172	171	155	182	168	196	162	208	164	182	190	177	171	212	186	181	167	184	189	152	184	148	184	179	191	167	147	130	182	170	162	184	167	193	159	141	186	192	169	171	143	191	191	200	153	180	199	165	185	174	181	187	159	178	180	205	177	176	154	187	184	206	161	162	172	165	193	158	189	152	155	172	163	162	157	200	180	176	195	179	188	195	197	194	194	181	169	204	181	201	150	198	194	174	172	170	167	177	193	204	184	185	172	177	165	177	146	159	190	199	193	172	190	181	169	180	181	157	167	145	162	208	200	216	182	196	181	181	160	188	172	176	166	186	167	169	226	177	172	190	162	177	187	176	177	179	176	176	173	176	209	179	194	188	224	164	192	186	179	191	195	168	180	205	170	179	172	173	176	158	191	183	182	171	181	156	184	160	167	186	154	175	182	183	191	188	161	192	156	160	206	175	194	185	178	165	182	218	200	170	191	194	169	155	158	107	93	94	79	90	86	80	103	87	79	82	88	80	70	90	74	91	102	78	88	90	94	75	88	98	97	92	64	103	96	105	84	98	96	69	85	71	76	82	90	82	88	89	98	95	94	84	95	103	87	97	82	89	104	89	82	78	92	69	102	103	91	86	99	90	87	81	88	90	89	84	76	88	89	97	85	90	83	98	84	78	78	115	72	91	88	94	84	92	87	75	91	80	104	97	100	76	96	101	99	84	84	90	81	87	94	77	100	93	79	101	74	99	93	88	88	90	110	105	94	83	77	92	90	85	92	108	80	97	78	92	91	105	92	80	77	74	68	87	83	89	96	102	93	84	106	98	80	93	82	75	83	90	83	84	91	95	88	81	90	85	97	92	86	90	90	97	106	74	94	90	110	72	91	90	80	100	87	95	89	76	98	111	113	88	94	96	86	93	81	88	81	91	95	89	84	95	78	75	94	80	104	78	101	87	76	89	91	92	104	89	117	116	89	84	93	69	89	94	93	99	88	90	93	80	82	84	85	92	80	73	77	81	76	88	95	86	70	94	85	100	85	77	89	110	74	70	97	116	101	96	85	108	87
cell68	79	60	57	83	86	58	44	69	64	75	63	53	61	63	61	49	64	71	73	56	72	71	38	77	70	74	52	65	72	65	68	59	57	76	68	65	61	70	74	73	58	68	66	66	47	65	62	55	54	73	65	77	84	59	66	64	67	72	70	80	63	42	61	77	75	61	59	84	66	73	39	39	75	72	52	71	62	72	71	74	56	55	60	61	55	60	72	65	68	71	82	75	69	67	54	80	59	66	60	76	70	70	62	69	55	70	64	73	53	68	62	79	62	65	65	62	61	84	64	70	62	66	81	60	78	70	65	56	59	65	54	69	59	61	74	72	74	66	61	62	64	89	60	72	51	66	58	75	67	69	67	58	66	56	67	61	49	64	64	60	62	60	66	66	65	59	59	69	55	68	67	59	64	58	74	65	81	65	76	65	57	71	61	67	71	60	63	67	51	64	76	43	67	82	85	64	67	65	82	65	68	62	66	63	64	64	63	72	50	56	80	72	80	71	62	86	70	67	68	76	52	61	61	56	61	57	76	63	57	55	61	75	57	66	59	74	58	71	66	62	60	73	81	69	39	33	37	28	33	38	37	39	37	35	27	22	33	39	24	39	39	42	44	38	31	30	33	23	39	33	31	22	29	37	30	32	49	28	28	46	43	35	32	34	29	36	27	28	29	40	37	34	35	22	33	31	36	27	25	32	40	29	21	34	32	42	54	43	39	34	23	34	36	26	26	38	27	25	35	25	28	33	34	51	34	34	27	26	31	30	32	42	18	32	32	38	26	29	28	27	29	47	40	32	30	26	36	31	33	37	30	38	46	37	33	37	31	39	34	30	34	26	26	28	36	32	26	32	41	37	25	20	39	38	34	33	31	29	37	14	33	28	25	30	31	24	26	25	41	45	26	42	28	26	25	32	47	39	35	40	35	36	31	31	29	33	29	39	28	33	36	38	26	37	24	25	23	33	26	27	35	37	38	28	35	31	33	31	37	34	37	23	29	30	31	34	38	24	35	32	41	37	29	19	41	30	36	34	46	26	36	37	31	31	26	34	37	32	37	37	25	30	32	25	27	23	29	33	27	27	42	33	22	35	48	37	28	20	39	30	34	29	37	40	31	24	48	34	24	33	27	40	30	41	44	24	33	32
cell69	69	59	57	55	76	85	59	69	77	57	68	82	56	62	75	89	65	64	70	71	83	72	61	64	58	61	60	66	73	76	54	62	67	71	76	42	74	72	84	77	72	76	77	62	56	65	67	77	69	61	62	80	63	70	58	74	66	71	63	58	66	67	77	70	85	64	74	68	57	71	51	59	76	60	69	70	62	76	77	71	56	70	67	64	68	72	73	69	69	68	74	67	70	77	84	83	66	51	66	68	78	65	65	78	67	73	76	73	76	58	95	69	69	72	73	56	85	92	71	92	66	58	72	64	60	84	78	70	70	58	75	80	58	77	64	69	51	79	88	72	80	68	76	65	63	50	61	74	61	75	58	59	74	66	61	79	69	74	55	79	89	69	65	79	66	58	71	81	67	80	56	78	72	58	58	79	68	74	72	58	65	72	74	65	65	69	66	59	72	70	56	65	96	88	64	57	70	63	78	59	62	69	85	71	79	61	83	83	45	61	62	77	72	56	66	74	75	76	99	60	67	68	68	72	75	53	57	70	72	79	103	60	65	81	59	75	67	76	73	69	73	57	65	73	44	40	42	37	33	42	35	41	38	32	31	30	40	28	30	34	41	45	41	29	46	35	37	32	39	37	33	36	28	45	41	34	28	32	35	30	35	28	46	42	30	40	35	36	28	28	37	31	37	26	39	42	38	38	32	42	32	46	52	30	44	45	33	36	37	35	29	25	36	40	32	42	38	27	41	33	23	32	30	29	45	30	30	29	48	44	34	32	41	40	40	36	35	35	26	35	33	40	33	39	39	31	30	36	41	38	21	33	37	26	48	43	39	35	35	39	39	29	32	27	42	44	34	27	27	33	46	29	32	27	33	40	38	25	26	29	35	30	39	28	37	29	32	37	32	40	28	26	37	31	35	29	40	43	43	53	30	25	28	31	37	32	39	31	44	33	29	49	23	34	28	32	24	41	40	26	41	36	35	32	32	27	43	35	35	38	24	25	34	46	33	35	41	37	35	36	39	31	31	35	40	37	31	29	32	31	37	37	36	43	39	39	40	32	41	41	28	35	18	32	30	30	32	38	36	32	35	39	39	24	30	33	34	44	36	35	32	32	30	38	36	40	39	33	31	32	38	35	40	44	30	30	31	43
cell70	142	142	156	172	165	169	188	172	162	155	178	162	146	175	155	146	154	151	172	167	177	161	174	157	190	160	140	169	157	177	159	134	179	166	171	179	168	165	157	184	150	168	179	167	149	160	142	158	154	161	155	157	203	154	142	173	163	162	163	193	147	157	177	160	171	151	151	183	136	147	175	175	172	158	148	161	159	139	158	152	175	177	206	133	152	148	177	152	170	163	166	178	152	153	152	157	184	165	157	164	171	189	144	152	157	174	156	144	157	144	176	160	146	158	185	159	164	176	161	206	174	170	168	165	130	166	187	165	180	153	167	169	148	159	154	168	155	182	162	167	169	161	155	186	158	168	141	164	164	176	138	154	161	175	164	166	170	176	151	172	175	167	145	151	168	160	165	181	153	148	172	152	160	156	162	140	170	148	184	155	160	156	168	175	173	154	173	167	159	182	165	154	145	203	171	140	177	148	217	178	165	158	184	163	154	163	179	188	156	153	159	156	148	166	154	157	166	151	171	163	154	160	153	172	170	137	177	187	137	170	174	175	155	160	178	162	158	186	147	152	167	144	133	148	87	91	99	78	78	105	89	98	71	64	74	70	96	66	91	80	80	99	108	89	82	73	83	64	93	84	75	82	92	83	74	77	100	67	79	111	80	74	87	88	98	83	82	86	79	103	101	98	78	90	93	78	88	94	63	66	78	67	75	90	102	103	91	87	78	116	87	76	83	90	91	107	88	84	78	69	99	91	94	74	77	74	93	91	112	70	95	85	94	95	108	106	64	85	93	80	62	61	83	81	81	64	82	66	88	90	75	83	81	86	72	73	80	71	90	68	68	87	71	76	80	76	81	73	78	85	80	93	69	79	74	75	91	93	74	69	86	73	82	85	85	87	83	72	87	84	83	78	100	89	87	78	79	77	105	76	84	74	84	71	85	91	90	90	77	76	72	71	68	80	77	94	69	73	74	78	94	82	64	86	91	82	73	94	79	81	73	88	90	62	77	95	81	80	81	77	86	85	81	79	90	101	75	82	77	81	74	78	82	74	98	84	90	95	92	96	78	67	63	84	89	105	69	82	88	81	87	90	75	87	78	82	68	91	88	77	75	80	77	83	80	96	75	104	82	71	78	90	76	73	83	77	74	82
cell71	203	203	213	234	221	247	237	228	203	245	217	261	202	250	204	216	208	204	217	191	229	206	216	211	264	221	191	234	235	237	208	199	229	218	202	200	254	213	214	220	175	224	232	247	232	217	229	228	217	223	211	218	247	215	216	214	221	229	237	230	223	220	248	234	253	212	230	233	213	206	211	238	222	216	234	174	234	214	226	211	219	226	262	227	229	211	225	238	212	209	245	221	203	203	218	221	214	212	245	272	235	257	221	243	216	226	208	204	184	234	237	219	238	221	228	207	202	230	216	248	234	226	250	249	219	249	237	234	248	211	261	237	222	228	204	221	245	239	231	236	235	206	221	208	228	214	194	250	247	217	218	207	204	209	225	259	216	254	183	219	239	222	261	230	192	212	218	237	215	235	235	227	212	247	215	289	232	235	245	201	189	244	232	233	222	195	242	234	224	228	192	180	221	260	209	237	245	201	206	250	255	205	242	259	216	204	229	230	210	208	213	210	239	229	224	223	228	231	227	216	198	239	221	252	257	197	226	224	194	262	246	228	209	249	209	232	221	254	230	217	206	196	219	243	142	120	96	95	118	112	112	133	116	107	104	116	112	123	109	114	111	124	132	136	129	98	129	113	118	96	118	104	119	129	113	109	129	111	108	126	118	122	138	128	114	121	93	133	128	103	102	113	115	104	85	131	138	123	117	107	108	104	87	117	119	119	118	135	111	123	127	104	127	138	103	114	106	89	107	116	116	123	119	119	104	101	107	117	123	124	113	114	120	112	106	131	111	101	117	127	99	117	108	109	113	110	106	117	113	105	98	129	114	107	98	132	109	96	91	91	114	120	111	140	111	105	113	118	91	114	134	115	111	112	87	134	152	124	103	116	121	125	99	117	89	133	108	136	109	117	128	117	107	100	105	115	118	114	113	133	106	111	109	100	105	110	130	146	98	115	118	108	111	141	98	126	104	99	97	97	113	103	98	111	79	107	113	122	129	134	103	105	113	96	119	102	98	120	114	110	95	95	119	114	118	116	99	102	119	92	104	107	114	122	128	128	129	116	111	109	101	116	117	99	113	119	129	103	102	125	112	111	102	103	123	110	105	109	110	127	130	111	116	106	109	121	122	121	125	116	106	124	114	110	100	104	118	100
cell72	73	77	66	79	67	74	56	77	55	66	57	74	62	72	55	76	56	59	77	62	78	63	68	59	75	83	67	76	64	80	60	80	74	71	66	61	66	74	72	65	73	77	71	78	65	62	69	76	54	71	68	87	84	58	67	76	66	53	73	70	56	53	67	76	77	52	64	64	80	64	71	63	69	54	63	77	72	64	63	66	55	68	83	53	69	79	71	84	73	59	69	66	67	58	69	74	66	63	61	71	77	73	76	63	68	62	69	71	68	52	63	68	83	74	70	58	77	92	70	67	76	66	91	75	60	73	79	70	69	50	86	53	64	59	49	64	63	74	56	73	82	78	66	64	58	61	76	67	64	64	63	69	64	57	82	67	63	67	61	68	62	84	71	65	54	61	59	68	73	70	80	62	76	66	62	59	78	72	75	70	53	59	66	52	60	73	69	61	52	76	56	57	63	83	54	75	73	54	63	79	74	71	66	70	68	70	73	72	74	67	68	54	76	51	68	68	56	58	64	79	43	56	71	73	61	67	87	61	53	66	72	59	68	71	77	76	51	77	79	70	59	61	56	66	33	33	30	34	35	45	32	35	45	33	42	25	34	39	33	28	46	45	32	31	27	35	33	28	45	38	39	30	25	28	33	42	34	31	30	41	43	26	44	27	32	40	38	41	47	45	37	25	24	41	31	28	25	36	38	37	40	26	27	43	31	43	39	34	42	40	27	33	35	38	43	41	44	26	25	26	30	34	26	27	29	34	41	40	33	31	29	31	32	33	38	39	44	32	26	37	31	24	20	31	28	35	26	42	35	30	45	39	40	30	29	32	32	27	38	28	27	29	27	38	40	27	30	28	28	37	37	37	30	24	29	49	39	37	23	32	40	31	29	38	24	38	20	31	36	45	31	37	24	39	38	30	36	33	33	34	31	33	35	37	21	34	36	42	32	33	33	30	39	26	24	32	31	34	37	26	34	30	27	31	39	20	41	40	29	26	43	32	36	31	35	33	29	35	28	32	37	33	26	28	43	34	35	27	30	34	33	24	30	42	45	35	46	41	41	35	29	40	37	42	33	27	44	29	30	37	41	37	29	34	25	39	36	38	29	30	37	20	39	39	38	41	29	36	30	37	27	36	38	38	23	33	42	32
cell73	41	36	38	59	39	44	46	42	34	40	44	38	34	50	38	55	40	53	49	42	45	42	34	49	50	48	42	55	48	49	45	42	34	53	42	49	41	46	38	41	43	35	50	40	48	29	36	39	39	34	44	36	45	48	45	41	33	40	49	37	45	33	41	47	42	53	35	56	44	52	32	45	53	38	36	0	0	0	0	0	0	0	0	0	0	0	0	0	0	0	46	52	40	50	45	53	49	34	36	41	39	43	35	39	46	52	31	41	33	35	40	45	37	25	53	48	55	39	34	48	37	46	43	46	50	48	45	49	39	37	40	47	41	36	44	39	54	41	30	44	48	41	36	44	44	39	44	46	46	50	34	30	47	46	46	36	37	41	43	40	45	36	44	46	43	43	48	55	51	49	30	35	49	45	36	45	57	48	60	41	43	37	30	44	37	48	39	39	42	46	39	41	49	60	41	44	50	54	40	48	42	33	46	41	49	44	53	51	42	42	42	50	51	41	47	43	37	47	45	40	24	42	37	44	51	32	46	39	34	50	40	47	48	45	42	38	47	58	52	45	37	45	34	36	53	39	34	58	45	38	54	46	42	42	63	35	42	44	41	28	36	43	31	43	40	38	47	55	48	36	41	30	50	44	41	48	50	44	36	51	40	30	35	45	41	38	39	43	34	33	53	37	48	43	35	43	50	38	40	54	41	46	39	36	47	56	43	59	46	39	40	49	45	43	32	43	30	38	41	40	51	36	37	39	44	40	38	51	47	39	47	46	47	53	37	51	50	50	54	49	40	42	47	40	40	39	44	56	31	40	47	46	52	43	44	46	36	35	43	39	47	43	43	38	41	42	53	38	40	47	40	33	38	40	46	41	46	47	32	50	46	44	50	43	39	35	44	45	35	54	45	38	46	35	24	34	49	38	37	38	43	52	46	37	37	36	39	39	43	39	44	48	41	37	39	37	36	37	32	35	34	47	40	35	47	43	58	45	38	44	43	41	39	40	45	40	40	43	47	34	44	45	34	31	31	46	33	51	46	37	37	41	57	40	39	45	45	30	54	39	41	34	31	54	50	40	45	35	41	40	44	47	45	40	44	37	42	42	42	62	40	36	44	42	44	50	50	40	43	43	42	42	38	33	40	42	42	43
cell74	98	90	128	108	126	99	109	97	103	120	90	104	93	123	109	105	104	95	105	115	116	120	97	107	105	120	103	135	90	88	94	124	111	107	113	112	113	95	117	108	124	115	124	129	85	113	100	104	101	122	130	111	104	103	109	118	111	92	96	123	84	120	108	87	115	92	106	112	113	118	103	85	125	106	119	100	123	108	106	106	95	115	130	94	98	91	106	103	109	116	89	89	111	87	101	106	95	96	90	109	110	112	106	115	117	103	120	118	100	111	99	104	107	96	88	106	127	120	94	111	103	114	109	116	105	90	96	125	126	109	115	99	112	104	102	97	86	124	103	105	117	99	101	98	100	95	94	112	117	105	89	97	114	90	104	98	98	100	98	117	107	118	102	97	127	108	118	147	105	105	99	87	88	99	109	115	93	99	114	100	90	115	111	113	101	96	106	100	113	105	103	113	100	142	92	96	106	85	130	110	89	113	103	113	89	94	120	120	93	130	111	117	121	98	96	109	103	98	113	116	96	87	102	80	108	95	111	87	123	117	89	111	120	106	88	110	111	102	102	110	97	102	119	98	54	52	54	59	56	59	43	56	56	52	43	63	50	46	51	37	46	51	61	55	38	56	62	43	40	47	58	56	55	54	50	53	51	51	55	68	47	49	52	50	51	49	53	58	52	48	42	64	57	62	54	46	61	42	51	51	63	62	50	58	68	71	52	53	50	54	62	51	54	55	58	48	56	50	46	42	45	58	59	54	60	56	59	48	63	45	59	52	46	70	67	63	58	57	44	58	43	52	51	56	43	52	52	66	50	67	56	59	54	51	52	46	48	53	56	47	43	45	57	58	62	60	47	48	40	50	62	32	47	69	47	51	52	43	29	47	59	40	52	51	45	51	42	49	68	66	48	45	52	43	44	44	69	41	40	58	49	34	65	50	39	47	49	57	66	55	52	62	49	50	44	63	49	59	42	53	73	49	50	57	53	46	59	60	57	57	41	44	49	56	52	57	55	54	53	49	63	57	57	62	61	46	69	40	70	46	58	50	68	49	37	49	42	47	54	60	46	49	47	55	48	39	51	61	54	56	52	59	46	50	46	54	54	46	55	60	60	55	66	60	63	60	49	56	57	57	58	50	49	50	51	55	63	52
cell75	158	151	164	156	172	160	175	158	187	169	156	170	156	141	140	154	151	138	146	149	161	168	158	154	164	180	170	140	155	151	157	159	168	192	156	174	164	151	163	187	149	131	157	162	187	152	150	162	148	175	174	177	186	159	145	147	165	146	145	145	134	152	165	166	158	152	167	161	144	146	167	156	171	153	134	169	156	160	136	155	149	156	168	135	172	162	141	174	138	154	150	149	134	161	167	168	179	168	154	188	174	140	137	162	142	155	150	173	145	144	183	190	128	132	156	157	184	165	165	169	162	151	155	171	143	179	196	144	155	147	151	140	155	166	179	167	163	161	151	165	175	161	134	137	150	146	152	160	188	145	164	154	144	168	164	159	141	173	136	169	179	159	161	147	165	175	192	163	167	164	184	173	134	166	160	179	156	177	159	146	152	164	171	153	170	154	170	164	173	167	144	154	179	189	146	143	143	155	168	176	154	145	165	176	163	160	177	166	138	160	174	183	157	163	141	193	136	152	146	158	144	176	144	154	202	140	177	157	174	180	163	146	199	161	173	166	158	175	175	148	157	142	176	166	81	80	78	97	93	93	90	77	83	70	94	75	68	79	65	79	86	93	76	85	82	78	85	80	82	83	82	85	86	90	84	72	90	76	66	94	107	101	72	93	77	73	66	65	73	99	88	81	91	64	82	78	60	84	77	79	67	70	86	81	104	85	72	105	76	89	88	71	87	73	67	95	82	89	64	59	72	64	81	79	93	68	72	72	85	74	86	87	76	89	89	88	91	87	77	82	74	81	93	84	86	76	66	69	65	89	75	89	73	74	73	77	71	78	79	71	66	79	75	83	79	60	76	64	71	86	79	74	80	96	59	83	85	85	63	84	91	77	74	88	91	80	73	90	78	76	81	89	89	67	70	92	83	76	79	61	95	80	87	72	68	81	80	82	74	92	84	102	69	88	52	67	93	71	69	69	90	73	84	76	76	77	81	89	78	90	68	88	84	80	67	65	81	75	81	84	76	78	71	71	83	76	92	94	86	69	69	95	67	87	72	86	97	79	74	81	81	75	87	73	81	87	78	71	81	65	94	85	84	81	88	80	70	55	79	90	83	55	78	79	74	77	90	94	82	81	76	72	94	74	88	76	75	88
cell76	62	56	67	69	86	52	82	70	76	79	75	72	63	78	63	65	76	73	74	76	75	72	80	75	67	63	72	59	66	77	71	69	84	91	84	72	60	81	75	74	50	68	74	62	72	71	59	68	66	67	79	89	85	71	76	68	59	88	68	73	75	61	74	77	66	65	66	75	63	78	77	74	75	61	63	62	67	60	80	73	69	66	81	69	75	71	61	82	95	75	57	63	56	60	64	69	65	82	76	71	72	83	70	72	85	67	72	59	72	66	73	81	73	65	73	68	87	74	76	78	59	72	83	89	100	79	74	68	95	67	57	76	75	74	60	74	65	74	84	68	67	70	53	71	70	62	66	65	72	80	60	70	65	72	72	80	72	73	61	69	80	69	81	64	82	75	61	79	81	71	76	64	82	70	62	79	69	87	71	74	82	62	74	76	69	78	70	88	61	79	75	80	80	74	62	71	74	70	66	82	69	87	81	90	66	76	74	83	65	79	64	69	62	61	71	79	65	57	57	67	55	82	69	80	78	68	90	60	71	90	71	50	83	78	70	76	68	88	73	60	70	63	75	73	41	37	35	30	36	20	46	39	39	36	39	34	29	46	42	40	38	52	38	44	44	38	24	35	29	35	31	22	51	38	34	44	36	33	40	40	31	33	40	46	32	37	32	36	25	32	31	29	40	35	28	37	31	31	39	38	43	39	36	35	40	46	35	42	31	41	44	42	36	38	35	43	35	28	27	33	41	35	33	38	38	40	35	25	38	44	47	47	46	39	28	43	34	37	38	42	35	41	34	29	39	37	26	36	34	45	36	36	42	31	37	41	33	35	25	37	34	49	32	40	35	38	40	29	41	34	31	33	41	49	32	27	51	37	27	47	34	37	43	43	32	36	46	44	35	35	36	46	31	23	36	41	33	33	32	40	35	34	50	32	30	35	34	33	41	30	38	41	35	43	33	28	38	36	27	25	39	25	33	34	28	34	44	37	26	46	34	39	27	32	35	29	37	44	33	26	37	47	38	38	45	30	40	42	39	35	36	39	33	32	35	27	53	21	30	40	38	37	31	46	39	35	42	32	38	29	40	46	32	40	41	33	32	37	39	36	34	36	41	33	32	22	43	40	28	35	37	31	46	33	31	30	30	34
cell77	82	99	88	87	78	96	81	74	87	83	99	80	75	95	86	84	95	86	93	97	98	85	88	102	84	95	78	101	107	92	70	94	90	89	106	104	97	94	93	87	79	76	91	93	86	65	69	76	81	87	87	94	89	94	90	79	87	99	80	93	86	89	81	81	118	94	93	92	80	93	90	73	89	92	77	79	78	89	91	111	105	75	92	60	87	89	81	95	79	99	94	95	96	88	100	94	88	85	88	99	92	92	78	77	95	91	99	90	84	83	86	90	92	68	105	71	115	105	72	88	79	83	97	86	102	78	92	89	91	70	83	88	105	86	85	89	83	91	76	78	86	82	90	105	77	86	71	85	93	86	66	98	85	98	85	82	79	110	73	90	97	104	89	90	103	81	102	94	85	108	98	82	72	92	86	106	93	80	110	69	84	89	85	95	90	105	85	77	80	94	93	80	94	92	83	83	88	105	79	101	90	85	91	83	85	81	110	77	67	77	94	89	85	78	85	93	82	88	86	93	82	105	84	81	95	78	101	90	109	85	85	75	99	102	102	77	77	95	83	90	84	93	90	90	54	48	41	38	46	61	42	45	41	46	54	65	43	49	35	53	41	36	32	41	46	34	47	40	39	47	52	41	49	35	49	51	46	36	46	59	48	40	55	51	49	64	48	49	48	49	46	55	44	52	45	54	43	38	49	46	41	50	40	51	41	49	41	37	37	53	42	39	42	53	51	47	40	55	46	35	38	49	52	57	46	42	50	38	43	46	48	52	38	43	47	48	45	41	33	49	34	45	40	39	49	40	48	48	32	45	45	37	48	54	40	51	47	37	42	44	43	50	42	47	50	42	58	40	37	49	45	29	50	39	43	57	52	47	45	46	46	35	47	52	33	51	42	52	43	41	44	44	47	65	29	38	36	44	48	46	39	38	49	35	43	46	45	47	41	38	38	39	49	54	46	52	43	38	31	35	43	41	59	46	31	48	54	58	40	37	34	32	45	44	42	52	41	45	49	55	48	61	38	45	55	47	53	40	46	49	47	34	37	51	48	44	46	47	59	47	38	34	34	49	43	28	41	33	51	47	45	54	47	37	38	40	36	36	50	52	36	43	40	43	48	50	40	43	45	37	43	49	42	50	43	47	50	56
cell78	106	132	124	129	130	132	123	122	124	137	100	133	111	116	133	87	126	118	136	102	134	115	120	129	100	113	123	118	112	121	115	101	133	140	112	132	133	125	138	107	107	105	127	131	128	141	108	103	115	124	127	126	136	135	114	112	129	112	112	129	106	115	134	123	139	104	115	122	115	141	123	103	122	106	109	138	116	112	138	133	142	125	146	120	110	101	98	141	127	119	138	128	96	115	118	130	110	111	116	129	134	101	103	109	109	114	119	113	101	105	109	117	108	115	137	124	152	129	115	158	105	121	130	139	117	110	112	108	109	116	116	136	113	123	137	115	114	115	123	125	119	108	124	121	117	128	113	110	130	125	102	128	119	118	142	115	94	114	105	107	141	122	134	133	134	105	123	122	114	125	118	120	138	133	126	141	118	122	165	111	115	121	130	149	122	120	112	101	129	119	115	118	122	156	94	130	124	96	113	128	115	115	135	109	113	129	125	128	116	126	128	113	112	127	92	137	129	104	114	120	116	115	122	128	135	109	105	110	132	135	121	125	117	144	109	117	122	134	110	137	105	118	139	144	58	63	58	66	58	77	41	65	61	59	59	67	59	73	65	51	69	65	61	70	50	55	50	70	60	78	66	51	77	72	58	60	65	59	54	65	77	68	47	53	61	77	68	57	54	62	72	65	48	63	54	63	54	50	57	49	67	66	66	56	53	49	52	51	65	62	45	59	65	61	57	52	60	58	57	45	63	49	57	60	66	39	54	49	79	48	66	73	53	66	62	60	74	65	53	70	44	61	61	60	60	45	58	65	41	61	69	58	62	69	49	57	58	59	52	45	62	62	61	58	67	60	62	53	51	49	58	45	67	66	63	68	47	51	57	51	56	56	44	67	65	78	56	64	58	59	57	64	53	55	64	51	57	57	66	46	54	61	70	62	62	55	40	67	82	56	53	57	62	66	50	65	65	59	60	49	62	42	57	59	64	64	65	70	51	60	71	59	54	75	50	66	72	56	65	61	47	61	51	61	68	71	71	59	56	49	44	74	62	56	67	67	70	72	36	63	57	63	56	73	52	50	51	46	48	59	51	69	59	51	57	49	62	47	61	45	76	64	56	62	66	80	63	68	49	46	53	69	42	54	60	59	63	62
cell79	110	105	111	124	108	98	112	102	100	112	103	113	93	108	127	85	118	90	102	110	133	111	120	116	117	121	103	105	135	93	116	101	98	125	129	94	135	106	91	123	107	101	112	114	100	95	102	100	117	116	99	136	99	108	104	119	111	108	93	105	103	99	118	90	116	97	106	113	94	114	88	85	91	110	99	118	123	108	112	118	115	110	124	92	93	127	102	112	111	110	115	86	120	102	117	107	96	106	103	129	127	89	109	96	112	107	105	124	118	105	120	114	101	105	133	108	108	106	98	123	114	132	104	128	108	105	124	106	123	80	97	114	120	122	98	107	101	114	117	108	114	105	111	98	113	112	100	107	126	108	102	122	111	102	124	123	99	103	89	94	136	121	124	107	102	84	89	137	115	90	118	111	120	107	91	115	106	117	126	124	88	103	99	119	112	102	123	102	102	121	106	99	102	137	113	106	99	94	104	108	112	96	103	111	109	105	110	131	141	105	103	106	123	92	109	117	115	112	93	86	109	121	95	107	104	108	99	101	106	147	115	98	103	141	115	117	95	117	106	108	104	100	110	118	63	67	50	49	53	57	55	56	52	47	51	43	40	51	48	56	39	55	51	53	40	65	60	53	59	59	65	56	61	47	51	48	55	50	49	62	48	57	50	66	48	61	59	57	63	59	66	46	65	54	62	60	64	64	41	60	54	42	57	55	67	48	58	64	51	55	52	72	40	49	61	59	48	52	67	58	59	50	60	46	65	51	49	59	61	56	48	55	53	73	63	63	63	60	57	56	60	58	57	46	52	49	57	44	49	48	39	51	59	58	59	55	53	52	56	52	52	49	65	47	64	37	66	38	55	61	53	48	67	58	55	58	71	47	62	59	65	55	57	60	57	53	58	62	64	50	54	55	45	44	57	61	48	53	54	45	55	61	43	60	45	52	53	53	52	61	58	56	47	60	47	64	43	50	42	48	58	49	40	62	59	45	62	65	35	75	44	52	63	42	57	56	57	51	57	57	52	52	61	70	54	52	36	57	62	45	53	50	60	66	39	45	54	54	64	58	63	66	54	59	61	57	48	51	50	62	49	41	51	50	61	54	58	45	57	54	50	39	54	56	60	68	55	51	42	50	45	53	51	54	64	45	56	66
cell80	87	80	99	103	89	94	73	70	81	85	95	95	82	102	60	72	82	83	90	87	86	86	83	91	98	74	89	79	92	95	96	92	71	91	89	85	73	86	79	82	89	83	87	67	81	71	76	92	84	77	59	81	99	103	77	83	85	88	93	82	86	77	75	95	95	58	88	94	77	86	81	84	98	79	70	85	87	62	69	76	69	81	94	87	93	86	101	74	78	82	92	102	92	87	83	84	102	83	94	111	77	84	78	71	84	70	79	92	67	84	90	86	88	77	110	77	95	82	90	93	90	86	102	85	82	84	100	84	97	78	89	80	88	94	79	89	96	84	91	78	102	99	89	85	78	97	97	68	98	83	82	97	72	79	104	94	71	84	66	86	84	109	94	86	90	78	92	83	91	92	77	82	85	84	83	85	92	92	91	89	80	69	78	90	82	86	77	82	80	95	68	66	99	104	95	84	97	78	92	91	62	92	80	88	76	97	74	87	64	63	87	84	85	84	70	83	78	83	102	87	69	85	76	84	91	75	72	79	84	109	104	92	91	97	75	86	98	84	67	91	81	62	85	115	45	39	44	48	45	47	45	47	35	48	42	46	44	40	54	46	48	46	35	38	36	31	43	65	36	46	30	47	42	34	50	52	44	48	33	59	39	40	39	51	46	46	44	44	37	48	45	42	57	27	51	44	43	40	40	29	47	46	42	51	39	44	53	52	35	42	46	49	52	53	54	42	44	48	36	32	32	40	53	43	46	43	33	52	46	47	42	56	37	53	36	43	37	42	39	44	36	52	48	36	37	51	46	40	56	43	44	54	48	51	32	55	44	48	37	34	32	27	48	51	42	33	47	37	40	58	57	49	42	35	39	39	56	35	43	41	50	50	31	51	50	37	49	39	48	45	48	40	35	44	45	39	44	51	46	34	43	47	53	51	46	47	42	44	45	39	45	39	37	34	32	31	34	38	36	40	40	39	46	43	43	47	39	61	41	38	41	34	45	52	29	43	39	44	38	47	42	55	42	46	47	55	39	49	47	42	44	37	38	55	43	66	44	47	40	51	51	37	45	31	47	34	54	36	43	42	42	34	44	44	37	40	32	41	36	42	47	34	56	34	33	48	46	43	43	40	41	42	37	58	51	23	39	42
cell81	83	90	86	95	89	81	98	73	90	89	96	96	73	83	94	92	67	99	90	118	93	86	87	87	106	88	90	98	84	85	88	99	87	94	99	111	82	97	107	102	96	81	97	98	89	84	90	97	72	87	93	81	110	100	80	96	99	128	88	89	84	88	98	104	115	77	99	89	98	104	93	97	88	94	89	93	91	88	92	95	104	76	106	98	77	94	102	98	85	97	83	88	91	81	89	89	98	96	92	107	104	93	96	75	95	91	71	95	73	99	98	92	92	72	87	77	98	94	85	93	85	93	99	82	94	87	107	91	104	95	90	76	87	91	67	85	97	101	95	96	109	87	100	86	95	93	89	104	98	74	97	80	74	95	89	97	80	85	72	85	88	98	119	97	96	82	97	96	101	94	72	83	79	83	98	92	109	75	93	96	74	86	88	76	107	85	80	82	79	82	96	89	98	108	93	92	81	80	88	95	94	90	102	90	100	86	95	111	69	113	98	87	89	95	102	117	76	75	84	88	89	100	78	93	87	74	115	90	99	103	90	104	96	84	110	98	94	105	90	103	93	88	101	100	42	49	49	47	34	37	52	50	50	48	42	42	36	38	51	43	51	57	49	47	44	48	54	37	48	50	53	55	39	48	35	57	42	42	64	55	45	44	41	35	52	46	37	45	52	42	36	44	39	47	53	41	40	47	45	58	33	42	48	49	56	44	53	55	59	51	49	32	42	41	33	47	54	40	50	43	40	34	47	38	51	36	36	45	48	46	44	47	55	48	47	45	48	38	32	52	54	45	46	60	40	45	44	44	40	47	36	43	58	39	51	40	42	37	45	35	45	39	48	49	62	59	51	42	56	58	51	50	42	44	38	47	59	43	37	37	42	46	32	51	48	51	50	55	58	43	38	41	51	40	47	49	51	45	52	63	37	44	44	51	44	43	46	48	41	46	38	63	49	42	51	41	41	39	42	32	42	34	27	41	52	45	38	56	48	47	43	43	42	43	39	47	53	46	57	50	39	45	38	30	49	50	55	49	59	56	41	53	42	51	54	55	50	49	43	57	47	40	44	46	41	45	58	45	54	57	52	40	41	44	57	55	38	50	51	46	43	37	45	54	33	41	48	52	59	39	46	42	45	49	49	35	54	45
cell82	30	33	20	34	28	37	29	28	29	36	28	42	24	34	26	21	47	32	40	38	40	36	37	48	41	40	25	36	24	42	23	23	34	27	33	29	37	35	29	40	26	26	30	36	30	33	24	26	30	31	36	38	39	42	30	27	37	23	32	43	27	30	32	32	33	26	35	27	25	26	21	22	24	25	34	0	0	0	0	0	0	0	0	0	0	0	0	0	0	0	27	29	28	26	32	25	31	31	37	41	23	24	23	29	45	30	36	30	29	31	27	39	30	29	29	37	26	36	35	34	37	28	33	30	20	39	35	45	40	29	45	37	26	35	32	36	37	39	24	33	35	28	33	32	29	25	22	32	34	30	25	30	38	30	36	34	23	39	23	24	37	32	38	37	24	28	35	33	33	39	29	35	39	31	26	35	41	25	42	27	33	39	29	52	41	23	38	33	34	31	29	33	43	36	31	54	33	40	35	27	32	33	47	29	28	24	28	36	30	22	30	43	30	37	41	32	33	31	27	37	21	38	33	38	40	25	32	28	27	34	37	21	26	40	38	37	28	31	29	40	23	28	28	26	39	42	24	29	32	30	41	40	29	33	32	29	32	20	18	25	24	39	37	31	29	27	30	25	27	40	31	30	28	41	43	29	31	37	30	38	32	45	24	28	26	35	32	25	40	35	41	31	36	41	45	39	31	25	28	31	23	26	32	28	37	33	33	42	32	32	38	26	34	31	30	28	37	29	36	31	34	33	33	35	30	41	38	26	36	30	35	31	33	39	39	38	27	41	29	38	19	33	31	39	39	26	17	38	21	20	32	32	34	35	36	21	39	30	30	30	35	32	36	36	26	25	30	27	33	27	25	32	37	34	29	40	50	27	25	30	45	29	33	34	32	24	31	33	34	30	34	36	42	27	27	27	30	38	32	23	36	42	34	36	34	27	39	36	37	33	28	40	26	35	25	38	29	16	38	37	23	34	25	30	31	31	42	30	43	40	33	26	23	30	31	20	27	39	29	28	29	30	21	28	40	33	44	27	28	33	29	28	29	38	30	35	40	27	29	26	27	30	21	37	34	25	31	30	21	22	39	26	32	29	39	33	34	42	36	40	26	39	24	24	37	26	26	30	25	35	38	27	38	26	41	31	46	38
cell83	101	98	93	96	90	81	106	81	84	86	98	107	80	96	93	85	93	89	96	97	90	86	81	92	84	78	59	85	90	93	91	88	94	100	104	92	86	66	76	86	90	91	88	85	85	71	88	85	97	92	102	112	105	79	79	83	90	90	88	102	75	98	91	80	100	102	94	110	85	99	94	102	74	85	92	96	85	80	87	105	101	97	88	84	93	84	92	110	103	104	96	85	90	68	86	105	93	96	87	98	117	86	96	93	86	75	92	93	98	74	97	84	92	80	108	92	93	99	77	86	78	88	84	105	82	123	84	90	82	85	99	103	98	83	92	88	103	81	84	74	97	79	99	97	73	100	89	73	93	87	81	89	98	89	96	100	74	92	69	95	87	89	97	76	99	83	105	112	86	101	96	98	101	97	80	92	86	97	109	80	65	80	78	95	86	81	87	82	91	107	82	72	93	107	80	94	97	79	90	89	86	73	98	87	92	86	89	98	97	73	73	80	88	85	83	87	72	79	77	80	78	99	91	102	91	69	82	109	93	93	93	92	91	80	100	97	96	77	84	90	73	100	100	99	50	47	43	48	38	49	44	41	48	50	43	38	31	53	44	37	42	41	32	60	45	46	55	45	61	46	59	34	43	44	41	41	52	45	31	37	33	35	44	46	51	38	43	49	48	47	69	46	40	36	47	44	43	41	50	35	49	45	48	43	41	54	44	64	40	41	50	47	49	50	53	46	24	46	48	43	58	41	42	30	48	29	44	48	42	48	34	44	34	38	48	48	35	39	47	45	35	42	56	50	46	52	28	46	41	32	46	44	46	47	53	39	43	47	38	40	40	50	39	50	50	49	43	42	46	50	46	41	41	39	39	44	46	44	51	38	37	44	53	37	44	45	47	48	50	43	47	50	62	38	44	43	36	45	39	43	46	45	41	36	44	39	40	53	49	56	67	51	38	35	42	49	51	52	36	41	46	33	38	49	49	51	45	45	40	38	41	41	47	39	47	44	38	51	42	30	42	52	37	36	45	41	33	38	44	34	34	57	39	42	40	36	56	48	43	48	41	61	30	45	53	44	50	39	38	41	36	63	50	42	47	32	41	35	41	58	47	35	39	40	54	54	57	48	44	40	33	46	65	41	51	41	57	46
cell84	100	84	94	87	82	102	100	101	92	84	93	81	83	95	92	67	94	80	100	79	104	104	80	88	100	99	74	86	85	96	81	72	97	105	101	96	87	98	100	90	93	67	86	73	77	82	75	105	82	74	89	98	92	97	80	75	98	93	97	88	84	78	78	105	97	68	83	86	99	63	86	86	88	86	92	107	105	77	79	102	87	80	86	87	88	91	81	94	83	86	80	86	90	85	72	91	91	100	76	94	106	81	71	94	97	69	74	95	76	80	81	92	96	76	96	98	92	96	81	104	78	85	87	99	73	85	100	80	98	87	103	110	86	98	87	88	97	98	88	96	85	85	101	83	83	103	92	81	89	100	103	72	84	87	77	80	83	86	88	83	94	84	99	85	81	96	89	84	101	89	101	90	85	87	80	93	101	82	110	107	70	110	85	103	103	90	91	107	80	86	77	77	96	106	75	94	93	82	81	96	94	79	97	95	87	84	91	84	82	76	68	97	97	96	86	76	86	86	94	87	74	92	84	95	86	84	85	84	96	101	91	79	91	116	105	91	74	88	86	83	91	94	78	102	43	56	59	38	39	49	48	44	52	38	38	42	37	42	38	36	56	49	47	43	51	44	60	35	35	44	47	42	57	36	47	34	52	39	46	46	48	48	48	49	49	43	39	47	38	36	41	52	48	41	51	42	43	45	47	49	45	41	42	47	47	47	45	56	43	39	49	35	33	39	40	44	60	46	34	44	37	55	42	43	42	34	36	44	61	32	45	52	42	51	46	59	38	49	43	47	54	33	37	39	46	41	41	49	41	56	33	35	46	53	37	44	37	44	40	27	54	58	31	51	49	55	47	42	37	34	52	37	39	41	54	48	40	41	46	40	39	46	36	52	46	48	45	49	47	48	41	37	51	44	39	47	43	44	41	44	40	35	48	45	42	46	41	37	33	44	38	63	51	48	43	38	50	41	36	34	49	40	53	56	54	46	52	44	40	49	40	35	54	29	49	47	37	48	42	35	49	44	41	53	42	49	45	44	41	44	43	49	49	51	35	47	40	48	34	45	42	44	37	48	41	52	36	41	54	35	43	39	53	53	51	38	46	44	48	35	47	38	41	35	39	50	45	54	42	36	53	50	59	46	39	39	46	34
cell85	114	101	106	103	114	103	92	97	91	108	98	88	99	97	104	95	94	101	100	115	123	113	106	88	105	122	95	98	101	102	97	110	112	97	110	96	114	102	120	121	92	97	96	107	96	97	100	91	99	105	97	100	107	100	103	96	109	105	90	109	91	114	107	75	116	103	106	100	110	93	105	108	109	105	97	102	125	100	91	79	87	129	117	98	106	119	102	122	116	96	110	97	130	83	102	107	117	96	111	93	95	78	98	74	83	99	100	92	101	102	109	100	89	117	111	102	108	100	86	118	104	118	102	115	95	97	107	116	125	96	97	119	99	91	88	101	115	130	121	94	125	89	77	91	77	90	102	93	108	98	102	99	92	97	90	104	127	100	81	108	103	99	98	103	107	82	98	126	103	94	117	113	96	92	83	95	122	124	104	92	76	102	97	137	116	93	131	92	105	109	90	110	98	124	96	116	107	83	92	112	95	110	104	110	84	92	98	101	108	100	82	112	106	100	102	111	78	95	136	92	100	108	110	102	87	96	106	77	122	106	97	88	94	95	102	109	103	108	96	87	108	83	120	118	59	62	50	67	52	59	53	51	59	42	48	40	55	63	56	56	44	50	61	56	47	54	44	50	74	66	55	67	48	55	69	51	42	45	69	65	55	53	49	65	52	56	58	52	49	49	62	62	59	49	58	56	53	34	36	48	50	48	46	60	62	49	50	54	49	65	46	40	69	47	53	53	49	64	45	42	63	43	47	51	53	49	65	54	53	58	44	66	50	53	40	42	71	54	59	48	48	41	54	51	50	56	39	48	44	50	48	46	54	53	56	46	48	50	50	45	49	51	52	65	47	38	60	36	45	55	48	50	64	52	36	47	67	48	49	51	59	54	35	49	61	52	51	53	58	63	56	62	44	58	38	42	59	44	49	49	56	57	57	52	47	45	63	58	55	54	46	53	54	61	37	59	42	43	38	49	53	48	62	59	45	36	45	51	50	49	58	43	50	51	51	48	54	59	49	51	68	52	40	56	64	48	55	52	48	45	50	48	45	51	66	46	43	50	60	57	55	52	51	57	45	46	55	38	62	60	48	58	43	49	46	46	42	49	47	54	60	53	43	51	48	56	52	49	42	51	51	58	53	53	46	51	65	53
cell86	70	76	76	92	85	80	88	85	74	90	74	78	66	89	65	82	81	71	71	93	80	84	85	83	86	95	69	83	72	80	78	77	89	78	72	73	78	75	84	75	77	80	81	76	81	79	87	92	65	74	88	71	89	79	84	90	74	78	69	92	84	70	75	88	80	75	88	66	86	66	65	90	89	90	67	89	98	81	80	77	92	74	74	72	79	71	85	91	96	82	82	84	75	85	73	80	78	67	70	84	81	87	53	79	89	74	81	78	68	73	84	79	80	80	84	91	87	79	80	82	79	85	98	104	78	76	78	75	71	76	88	97	64	84	80	97	77	69	79	95	80	78	79	98	79	67	70	85	63	85	70	88	82	94	91	82	98	76	65	65	94	88	88	81	73	75	86	82	76	86	81	88	77	80	71	79	89	84	105	71	67	80	73	79	85	79	88	76	89	91	85	78	84	104	72	92	79	60	79	82	82	78	93	94	85	77	81	83	69	71	88	84	72	85	82	81	89	78	102	95	74	87	64	83	101	90	84	83	68	98	80	69	82	87	87	83	71	86	82	67	84	80	93	84	41	46	51	30	52	49	42	47	42	39	46	39	39	50	42	40	43	47	41	44	37	37	35	35	48	44	43	51	59	33	38	51	45	43	39	39	37	32	30	40	43	43	39	45	42	46	41	46	45	35	31	40	49	37	40	40	48	40	38	47	46	54	44	52	37	31	37	34	32	38	43	35	25	41	34	35	37	48	37	45	46	37	44	37	45	32	36	37	44	37	41	53	53	48	35	45	44	37	28	42	39	35	34	39	54	44	35	40	42	44	36	44	36	40	34	40	34	38	49	52	46	34	50	40	48	42	47	29	45	47	35	46	30	44	36	36	42	42	28	42	41	39	36	42	37	32	48	29	37	29	38	42	37	40	49	45	45	38	40	39	39	48	40	33	42	38	43	44	36	40	27	51	34	32	34	35	35	46	35	48	56	42	32	43	39	42	43	42	42	39	39	39	43	42	51	43	32	42	40	36	32	30	38	41	48	38	40	39	52	42	43	39	38	42	40	48	45	35	42	52	39	42	43	48	46	47	36	49	35	39	35	39	34	37	49	46	47	28	43	41	43	38	41	40	38	37	35	56	32	39	32	43	33	42
cell87	100	99	103	120	110	111	91	105	94	109	105	120	108	127	102	91	106	107	125	117	107	114	115	90	110	132	116	129	116	120	102	102	104	132	113	103	111	111	117	105	108	116	97	104	135	95	102	102	129	109	120	101	108	97	117	87	121	116	98	105	99	112	121	105	132	102	99	113	102	109	123	121	123	110	94	102	91	97	90	107	107	109	102	96	120	112	100	113	105	117	123	107	93	108	106	128	107	95	108	107	117	123	122	116	120	119	121	124	99	107	117	97	132	100	109	100	119	115	91	108	107	116	128	103	122	115	123	96	116	111	115	94	106	109	110	134	114	135	94	125	120	106	108	97	111	94	114	103	118	100	122	108	116	114	113	123	84	125	94	108	125	112	91	120	119	122	136	117	127	114	115	115	117	116	97	99	111	110	100	90	107	98	103	119	86	117	118	120	114	114	101	92	108	144	81	96	117	121	123	112	100	123	110	139	111	97	128	102	106	129	120	115	120	122	113	105	104	106	123	112	86	99	119	98	104	90	112	116	93	141	111	108	119	116	99	94	89	121	128	118	94	109	117	123	61	64	67	48	59	64	59	59	49	67	59	56	48	57	56	57	55	58	67	55	57	63	64	56	46	64	61	49	55	52	54	72	63	52	63	55	55	54	67	55	65	51	43	70	45	51	49	63	52	55	50	59	52	43	76	46	51	51	63	47	62	68	57	55	67	71	55	48	52	49	55	51	56	39	60	47	60	42	64	48	62	50	47	45	61	57	80	68	49	53	49	59	53	51	65	51	38	61	65	41	77	60	55	39	53	54	55	63	59	55	65	57	59	48	50	46	41	52	55	57	55	55	52	52	60	59	52	50	54	59	55	44	67	58	44	60	48	58	63	73	60	60	68	56	37	49	56	52	54	45	56	47	44	70	47	46	51	60	58	71	45	44	55	58	66	49	60	44	47	53	46	49	45	62	40	52	68	40	56	52	60	51	62	50	60	55	53	44	62	46	58	55	55	59	52	58	56	66	49	47	55	53	52	51	52	67	55	47	54	59	54	61	74	62	64	60	64	55	46	57	56	53	64	50	60	55	55	51	61	60	61	51	58	48	56	56	66	49	47	48	59	62	64	54	41	51	58	58	55	65	44	51	53	60
cell88	115	114	133	153	122	151	157	117	129	128	143	122	112	128	131	131	133	129	126	118	133	120	142	136	123	156	110	131	146	144	111	135	155	135	148	128	135	125	145	113	110	135	130	127	133	113	111	139	121	120	117	131	133	133	121	140	131	119	132	157	113	141	149	122	154	102	129	124	113	110	139	116	130	123	131	139	164	109	126	125	114	133	157	124	135	121	123	132	118	129	121	124	130	116	124	125	127	144	119	117	141	102	126	133	128	124	136	142	135	113	135	118	113	116	141	136	157	159	127	142	125	147	124	135	129	148	143	112	155	132	133	120	132	129	108	130	126	144	130	131	137	128	112	146	117	144	109	131	150	113	129	104	125	137	130	120	124	128	100	125	141	141	140	116	141	129	124	149	123	125	102	141	112	115	136	144	147	100	147	114	114	129	121	139	132	125	160	132	107	137	131	115	133	163	106	133	126	133	118	131	135	124	122	132	125	143	109	133	116	136	142	127	141	118	132	121	129	132	133	120	108	111	146	141	127	110	142	129	116	125	134	106	127	169	125	140	127	131	131	124	124	130	149	141	70	69	79	66	59	69	75	66	80	53	83	62	67	60	83	55	57	62	59	55	61	58	59	54	63	70	68	61	63	55	65	61	62	73	64	62	62	59	66	53	62	80	57	66	52	68	55	78	67	63	69	68	62	50	64	59	61	59	72	60	64	79	69	72	71	76	76	58	60	65	59	55	64	70	82	40	73	91	62	50	58	67	68	52	59	65	61	72	79	47	44	80	66	73	71	75	56	54	56	57	59	70	69	61	54	62	51	69	80	61	61	55	59	79	64	68	69	61	61	63	79	68	60	72	74	77	62	59	61	61	64	57	59	65	63	61	65	62	48	67	69	93	62	67	77	82	61	54	66	59	56	64	77	64	58	62	58	66	68	53	46	65	77	63	54	54	59	72	59	78	54	63	61	78	46	68	66	72	59	87	60	55	73	73	57	70	54	60	58	63	68	61	70	66	71	76	71	62	72	72	67	68	61	71	65	64	55	73	63	59	62	54	75	71	67	65	51	81	47	72	50	57	70	54	83	68	65	61	63	56	71	69	54	58	69	83	68	60	59	60	67	78	78	68	70	48	62	74	63	54	67	65	70	66
cell89	49	47	47	56	52	57	53	59	49	43	43	54	53	43	41	42	54	49	47	41	61	55	50	45	46	45	52	46	64	57	44	39	42	41	62	48	56	48	58	49	49	49	52	51	48	47	44	54	42	43	46	51	34	43	54	39	52	44	39	41	44	45	53	55	43	39	51	43	51	38	55	34	57	40	45	0	0	0	0	0	0	0	1	0	0	0	0	0	0	0	51	43	45	42	49	48	50	43	51	37	52	41	44	44	61	52	50	48	38	45	46	40	54	48	64	46	45	62	49	54	61	52	51	54	61	53	56	60	39	44	53	50	47	64	45	48	54	48	45	59	48	43	43	61	39	52	48	40	56	52	51	42	51	52	47	51	44	57	45	56	49	45	44	55	42	64	49	37	52	60	35	47	53	48	46	63	47	44	52	45	39	50	45	48	59	40	44	53	51	63	35	52	51	57	48	55	49	51	47	55	46	44	43	54	57	46	50	56	46	47	46	67	51	49	40	54	56	44	58	47	36	50	53	47	56	47	66	65	35	49	52	47	47	57	47	43	45	42	48	53	51	46	54	50	51	55	44	51	45	59	51	52	48	49	41	50	50	58	52	50	55	63	57	67	44	49	63	43	53	44	42	53	42	42	44	49	52	53	53	52	41	47	48	54	44	55	42	65	52	45	52	57	60	49	49	42	44	44	44	51	47	49	46	57	41	66	52	56	43	55	49	60	49	49	52	54	57	42	51	48	48	51	57	46	60	37	61	54	56	50	44	60	46	56	47	61	50	45	63	54	47	54	41	51	52	45	43	36	46	57	40	57	52	44	34	57	55	55	49	42	48	59	40	54	57	49	57	49	57	44	48	55	42	48	43	57	46	58	47	38	47	55	47	51	35	70	48	53	59	71	47	49	51	51	42	54	58	58	62	48	50	40	53	51	49	56	47	54	52	40	48	54	55	46	40	42	55	51	49	36	59	51	45	54	54	52	60	54	45	54	54	48	50	55	48	57	46	54	57	50	66	57	41	48	42	44	58	43	53	43	35	68	42	41	56	48	46	72	57	58	48	49	51	44	57	48	61	44	49	53	60	58	54	50	49	57	44	43	66	41	50	40	46	45	53	69	59	57	42	46	48	46	59	39	48	51	54	52
cell90	104	95	107	114	124	111	106	101	93	128	110	109	108	113	103	92	107	95	103	109	123	108	108	96	106	109	97	97	96	104	99	87	118	117	105	104	119	108	108	112	102	131	77	110	105	108	104	114	98	110	109	97	118	102	99	123	93	105	87	112	101	101	107	88	93	125	102	112	127	100	115	91	102	102	110	118	109	92	106	124	116	118	126	107	114	110	106	122	87	114	106	114	108	89	103	103	109	105	96	89	126	93	86	106	108	120	112	111	93	105	105	110	112	83	108	109	106	104	114	120	128	111	108	114	92	108	120	113	93	87	97	80	103	114	97	102	126	101	104	105	125	111	117	108	91	91	95	105	110	89	106	107	91	98	105	128	108	90	87	109	119	100	116	107	112	106	117	104	104	102	105	120	89	86	99	100	110	119	112	88	101	110	98	123	114	112	101	100	110	122	83	95	111	122	102	137	106	97	120	123	99	86	122	97	96	84	101	121	109	89	110	128	123	102	106	119	121	109	105	106	101	110	106	113	112	103	116	87	85	117	104	105	118	117	103	105	113	117	93	94	98	99	122	97	69	49	51	48	52	56	49	52	61	37	51	51	34	40	68	46	47	56	73	50	55	51	68	45	44	51	50	54	58	50	51	44	53	50	62	55	54	50	49	61	45	47	57	48	48	57	64	50	64	53	58	46	52	62	46	44	61	49	46	48	62	58	51	63	54	47	49	61	51	57	63	49	59	51	62	47	54	69	60	44	62	50	57	62	50	56	41	53	52	65	60	65	45	58	48	47	40	45	57	54	54	47	37	66	57	51	56	55	44	54	49	50	50	44	52	44	42	52	57	66	62	42	59	49	40	51	60	61	43	44	42	61	70	50	47	64	66	59	43	51	43	41	48	57	61	56	51	43	52	39	49	43	64	56	36	69	50	64	56	44	51	47	51	57	42	61	61	65	58	54	63	51	46	57	45	59	51	67	44	57	51	43	60	53	41	53	52	53	49	57	48	51	51	51	48	51	48	53	46	34	56	46	54	45	53	40	47	52	55	71	56	39	54	58	60	57	48	60	46	50	56	44	59	48	52	37	66	54	41	53	44	45	56	61	47	46	36	53	46	56	54	54	55	68	40	53	34	58	49	71	63	58	50	52
cell91	93	74	97	105	110	100	85	100	88	101	101	102	95	99	78	98	108	83	105	96	97	91	96	113	94	103	92	98	109	89	91	84	111	106	106	92	100	105	89	96	73	79	101	90	106	99	108	104	109	104	91	96	102	95	108	97	92	94	81	65	71	92	106	78	107	80	93	100	90	90	101	94	101	81	81	94	121	84	87	91	94	96	108	103	93	77	109	92	103	104	105	107	76	80	107	84	108	93	98	112	112	77	79	84	93	95	86	111	84	74	105	108	101	97	97	98	95	112	104	132	108	104	90	100	105	99	104	96	91	85	80	86	93	96	93	108	105	112	99	102	114	89	105	100	103	102	86	77	110	78	102	98	93	96	91	103	89	105	86	87	117	96	112	85	95	106	88	91	94	101	97	91	103	100	96	124	111	110	107	79	84	82	114	119	97	100	107	95	100	112	80	101	97	111	84	113	98	95	99	89	97	107	126	108	99	92	97	86	111	107	106	102	96	78	84	98	99	103	111	91	104	87	108	94	97	82	98	101	93	101	99	103	91	86	105	92	86	105	106	108	84	88	83	94	46	61	55	60	49	60	47	55	52	43	48	56	39	57	30	41	57	47	40	43	48	48	40	54	40	51	44	33	52	57	49	46	45	66	39	47	50	45	36	62	49	44	51	51	48	35	51	51	46	46	43	42	42	37	46	46	39	44	48	57	45	55	52	36	49	53	38	50	37	59	50	51	55	58	50	36	50	44	51	44	48	28	45	56	52	40	64	50	43	61	57	77	45	43	31	40	51	49	55	46	47	45	48	58	49	46	39	46	37	50	43	49	43	49	48	51	51	57	53	50	47	52	54	20	56	47	53	49	42	45	56	37	55	52	51	46	49	48	41	50	43	51	47	46	48	44	44	61	52	50	54	46	53	64	52	49	44	57	56	56	38	49	39	50	53	49	54	51	50	56	43	70	51	53	52	42	48	52	45	58	52	45	45	47	41	52	43	40	40	41	51	42	46	57	45	56	45	42	43	60	53	43	50	46	33	33	48	51	40	41	54	46	56	48	43	56	53	49	51	48	36	51	49	49	53	43	52	50	45	47	40	39	53	45	51	48	44	46	47	40	50	46	44	53	47	54	42	47	64	45	46	45	49	51
cell92	89	81	101	100	93	101	127	121	95	99	104	97	105	107	93	93	88	98	76	101	86	76	103	101	85	124	100	111	101	90	105	84	96	98	97	87	106	80	82	100	106	83	102	90	89	96	78	92	76	84	100	105	111	92	94	83	77	102	84	82	78	88	106	87	105	85	94	103	81	76	97	87	113	88	75	93	106	101	91	110	86	92	123	84	95	86	85	102	97	99	96	100	87	74	95	110	88	104	113	113	113	101	113	89	91	101	95	105	99	106	85	84	95	95	105	86	107	121	119	103	81	110	102	110	91	105	96	100	100	99	105	110	101	98	68	90	105	115	104	91	98	101	105	93	85	82	81	104	93	88	91	98	93	103	108	85	92	96	85	111	97	98	106	81	94	83	99	114	117	90	87	76	90	84	86	87	106	111	120	93	69	101	99	121	84	102	86	84	94	110	90	82	107	119	83	114	98	89	88	96	94	86	100	100	83	83	107	91	86	91	83	97	104	100	91	92	100	81	88	92	81	89	76	94	114	84	101	97	95	115	116	111	115	87	98	97	115	82	88	79	98	75	111	89	55	59	50	42	45	50	48	64	42	40	46	54	35	46	52	64	51	50	44	47	52	42	64	50	49	51	38	47	53	57	42	46	60	53	53	58	49	49	57	61	44	46	39	55	47	40	57	42	51	62	58	41	34	69	54	54	48	42	49	43	52	49	42	50	45	47	55	41	50	49	40	44	46	51	38	37	44	39	49	51	55	51	44	40	35	42	37	42	45	56	48	59	46	48	29	51	57	58	51	47	45	42	44	54	40	52	43	57	49	45	37	41	43	50	37	46	46	42	54	48	53	42	52	43	42	61	58	44	45	47	33	50	44	41	41	56	53	36	53	40	43	57	46	52	49	53	50	46	46	34	47	50	44	46	57	47	59	50	55	36	44	38	43	57	53	51	54	48	43	63	36	51	58	49	55	52	26	41	48	55	36	38	50	52	38	47	51	48	60	49	47	45	52	49	35	48	52	44	38	46	58	43	53	55	50	27	51	42	41	43	47	42	46	53	62	47	37	38	38	54	45	49	57	50	62	43	59	57	42	48	43	54	38	43	48	59	50	55	48	46	43	56	46	42	32	55	47	42	53	51	45	53	63	48
cell93	87	77	75	79	105	71	83	80	80	66	57	78	69	79	82	78	88	79	78	81	83	80	81	69	100	85	89	74	71	76	83	78	80	86	83	76	67	79	84	76	86	58	73	67	71	80	60	85	76	70	66	81	81	85	86	80	88	72	71	84	72	98	75	90	80	59	71	75	79	80	59	74	83	66	72	83	84	72	75	78	65	77	89	63	94	68	92	71	85	61	81	68	78	81	84	86	92	79	74	84	83	89	65	66	81	69	83	71	76	81	65	89	80	74	68	73	69	75	76	92	72	80	99	81	89	86	93	62	67	83	74	59	77	63	72	80	99	75	76	74	70	71	81	79	77	75	89	89	86	66	80	73	82	79	81	89	70	65	57	79	91	70	94	74	67	75	69	75	86	75	89	82	81	90	72	89	70	65	90	66	72	71	80	90	83	86	73	76	86	83	83	75	76	89	66	80	85	88	97	86	77	57	70	87	85	77	66	78	80	85	79	82	79	75	72	72	84	83	80	85	73	86	75	70	83	67	76	84	86	78	96	92	69	87	74	68	89	75	64	91	80	84	73	82	38	33	36	35	39	51	42	41	31	26	38	41	33	51	44	36	37	40	45	40	38	40	42	38	47	39	44	39	46	44	36	46	37	37	46	34	34	30	33	36	33	47	40	38	34	48	40	40	46	34	37	38	43	34	41	44	35	34	40	49	38	46	37	34	36	50	30	35	40	43	38	41	27	36	40	31	35	44	35	41	42	30	41	33	54	35	26	41	27	39	50	45	43	36	29	44	42	36	42	39	35	40	44	38	33	41	27	54	36	30	26	36	44	39	45	42	29	35	36	43	38	30	42	40	31	36	41	37	39	38	42	48	37	40	29	32	50	36	28	38	39	40	28	48	46	45	46	41	26	41	33	37	43	36	38	46	43	47	47	36	36	32	31	46	37	48	39	41	35	44	35	52	39	27	35	42	43	40	35	46	44	39	43	51	24	36	47	49	40	34	43	40	51	43	59	33	33	39	33	43	41	41	28	31	36	36	34	33	36	46	43	41	38	37	53	45	45	46	38	37	45	43	40	30	30	46	43	35	39	44	23	37	39	26	44	27	45	32	42	41	38	47	46	38	40	38	34	39	29	45	37	41	39	34
cell94	50	52	49	60	55	58	61	41	49	57	50	55	49	58	58	47	48	54	55	47	51	50	45	52	54	53	38	58	49	68	44	55	55	55	68	48	60	51	45	55	59	46	51	54	56	38	49	54	59	51	55	60	61	61	53	46	51	59	64	58	59	57	65	38	51	51	44	44	47	44	47	61	51	46	41	0	0	0	0	0	0	0	0	0	0	0	0	0	0	0	54	48	49	48	54	61	51	54	55	69	54	44	46	53	57	62	70	51	46	47	69	47	56	43	60	64	40	53	53	42	47	62	47	62	49	63	60	52	52	43	51	55	61	63	44	58	64	55	66	60	43	53	49	57	56	36	39	62	59	48	50	45	57	46	55	49	36	57	56	46	60	52	65	63	64	57	53	58	56	60	51	54	49	58	51	59	57	44	49	43	47	41	56	59	53	56	49	52	41	42	47	48	52	60	53	49	45	55	44	43	56	42	70	55	50	43	46	43	51	51	50	38	56	51	42	66	49	57	63	52	51	47	51	72	64	52	44	44	74	46	70	45	48	51	51	56	45	55	56	47	48	64	55	61	55	60	56	61	52	67	61	61	52	56	61	54	48	46	57	56	46	59	45	55	54	50	50	58	57	56	48	39	49	51	51	66	66	45	61	62	47	46	46	73	58	67	62	63	52	52	51	57	49	40	62	58	67	54	50	59	52	49	39	63	59	32	66	54	50	56	50	48	49	53	49	51	46	50	64	44	51	50	55	50	54	44	52	50	48	44	43	56	54	55	51	53	58	68	44	40	48	68	60	52	46	53	63	55	47	56	55	54	47	59	46	55	46	59	53	50	64	45	53	51	56	46	63	49	55	60	43	48	42	57	61	59	64	60	45	63	60	51	48	57	49	63	57	50	40	56	46	46	53	41	55	37	60	53	57	52	53	44	52	53	32	43	46	43	48	64	59	76	53	61	43	58	62	48	36	51	48	48	45	50	64	39	49	54	50	45	50	51	54	44	46	40	56	63	51	54	50	61	58	59	54	50	63	49	56	48	54	48	57	63	60	46	69	66	63	60	42	52	53	54	56	49	61	64	49	58	55	53	59	60	53	47	43	61	62	51	65	52	47	46	64	56	53	49	68	48	58	52	41	53	59	64	66	58
cell95	89	96	91	60	102	114	101	106	91	93	89	107	67	116	88	98	76	102	97	90	103	90	102	85	90	116	101	98	100	104	84	94	95	114	99	94	90	85	93	73	96	103	88	77	92	84	79	107	90	105	91	91	85	101	86	73	90	79	87	88	101	110	97	73	100	82	114	95	96	84	88	75	94	83	97	99	103	86	105	93	91	108	101	85	82	85	91	93	94	81	84	93	87	82	92	88	96	95	76	93	113	91	90	108	83	75	89	96	93	64	98	105	93	90	103	87	98	95	93	110	95	108	103	96	80	102	106	69	87	77	88	91	110	94	91	90	94	86	94	81	103	102	91	92	91	91	73	87	92	89	89	91	81	82	79	85	80	101	75	105	115	91	86	96	93	102	96	101	105	79	113	92	83	96	80	103	104	88	100	70	90	74	89	93	95	85	99	92	82	94	87	95	89	120	91	91	84	97	77	101	101	83	98	105	94	85	98	101	91	89	87	108	79	83	82	102	85	91	93	86	85	81	94	96	88	89	109	98	115	99	87	89	97	89	107	73	78	98	105	92	87	83	91	111	49	44	43	47	47	51	41	36	42	38	55	42	46	41	42	37	55	52	51	49	38	52	42	39	48	57	61	42	44	59	30	49	41	53	47	49	50	58	35	60	54	45	42	55	36	45	40	43	58	48	52	43	41	50	40	65	45	50	36	42	44	39	50	53	40	43	46	40	47	48	47	34	37	41	44	47	53	51	49	39	42	52	48	53	33	49	38	53	45	60	49	54	42	53	41	44	44	33	47	41	46	48	50	51	55	46	39	56	38	51	43	45	48	45	57	36	41	50	44	44	48	49	41	39	51	53	45	57	42	45	36	42	60	52	28	46	38	52	31	47	51	71	36	49	60	54	55	45	54	34	45	44	41	53	45	59	54	37	54	55	49	55	51	38	51	56	57	48	43	47	47	40	50	56	40	35	55	36	40	63	45	42	41	44	47	49	47	51	50	50	42	36	46	49	47	33	52	49	52	53	51	56	50	47	62	47	42	44	48	50	25	44	48	41	55	59	54	40	51	46	50	47	41	38	43	53	52	49	51	37	40	46	43	27	45	48	39	46	51	45	43	54	50	51	48	38	47	42	44	53	69	41	57	53
cell96	167	182	165	210	213	197	191	197	159	184	163	171	147	192	163	151	170	162	168	173	199	175	191	180	171	187	175	195	191	187	186	163	203	185	197	142	178	193	226	184	174	146	185	171	187	180	165	206	205	182	164	194	192	191	200	173	191	166	167	190	166	172	200	153	170	143	202	180	165	179	182	153	201	160	151	169	184	173	184	201	162	187	230	150	164	186	171	193	155	181	187	182	160	153	166	191	183	164	169	202	195	171	172	193	176	169	201	174	174	180	179	162	169	170	187	162	205	176	152	174	163	188	200	203	175	190	199	189	179	158	176	176	201	176	175	172	200	175	185	157	158	161	153	186	166	205	172	181	182	163	166	172	151	194	172	165	174	177	147	181	201	200	183	170	186	148	193	204	186	178	191	177	181	162	156	201	173	194	196	175	138	160	156	185	168	195	186	157	177	208	180	171	177	220	165	190	197	152	196	175	186	165	179	158	169	179	168	210	168	169	159	187	183	166	162	183	185	153	193	170	177	158	186	187	192	172	222	155	177	175	193	154	193	179	176	177	191	156	180	171	159	195	169	190	104	92	73	98	101	85	97	98	100	69	89	96	97	94	83	99	99	80	100	90	83	91	98	97	98	81	90	77	87	90	78	73	105	71	84	86	91	104	98	96	80	109	84	91	94	105	76	81	110	78	82	80	94	77	95	92	111	89	83	101	82	112	84	109	93	94	87	77	96	90	102	101	87	74	88	80	86	102	89	82	86	68	96	86	93	76	80	87	94	79	98	96	82	94	73	81	100	99	79	81	88	99	70	75	92	92	91	106	92	105	92	85	77	73	90	78	91	73	74	88	89	107	96	73	78	90	95	103	91	89	84	93	91	82	88	82	83	71	102	94	101	88	80	91	100	93	76	94	85	92	74	77	85	95	77	89	92	92	84	105	81	99	60	73	86	94	86	82	72	89	68	91	74	67	105	77	76	76	77	85	88	90	95	109	62	87	100	78	70	94	113	92	92	94	92	76	83	87	92	70	92	81	98	86	85	73	85	89	105	102	94	70	83	90	85	70	81	89	75	100	91	87	80	88	94	76	92	82	86	112	101	90	85	77	97	69	95	73	75	86	82	89	93	101	91	84	69	99	97	95	90	85	100	83
cell97	158	146	173	147	144	153	146	152	153	165	154	167	151	157	132	145	138	139	147	142	143	158	158	154	161	162	153	142	161	163	143	146	153	129	181	152	166	135	162	128	153	158	132	150	138	136	144	161	159	150	142	170	149	156	147	144	148	160	149	169	137	171	138	148	160	127	160	149	133	154	171	164	150	129	162	147	145	141	157	150	152	148	181	135	165	144	143	186	172	143	169	171	153	133	160	193	167	138	125	168	155	145	168	151	130	164	132	138	148	124	137	152	152	120	167	128	161	168	129	173	160	174	157	162	165	159	166	130	171	156	157	140	144	136	134	167	151	180	148	138	152	159	147	147	139	168	138	141	146	147	160	157	153	144	175	141	136	137	128	140	170	161	152	153	150	144	162	169	129	186	139	162	154	151	150	137	180	147	165	159	116	146	143	150	156	173	151	157	136	177	163	132	163	164	154	181	122	168	164	162	156	145	155	133	152	127	163	172	145	141	154	136	159	136	164	167	134	155	151	149	135	144	158	149	162	120	157	159	147	150	158	167	135	176	152	157	155	188	132	148	152	157	148	147	99	73	52	85	92	89	76	76	79	56	92	78	57	92	85	75	81	90	81	72	92	68	66	80	83	92	83	68	74	80	76	78	67	62	82	88	79	84	84	85	68	74	74	76	71	81	77	74	71	71	77	64	68	66	78	68	85	69	71	58	79	69	82	78	86	84	81	81	72	84	65	79	73	85	84	80	77	66	53	73	98	74	76	70	90	80	75	75	86	102	82	88	89	67	82	82	85	59	96	70	80	68	58	65	88	62	63	74	86	76	79	64	66	66	75	92	70	68	94	89	82	76	75	71	76	74	87	75	69	89	66	80	86	54	74	72	67	88	52	62	62	73	65	61	59	73	72	78	69	66	72	65	74	65	67	72	72	84	97	92	66	60	85	77	78	79	80	76	81	91	69	67	89	67	63	70	89	79	81	80	78	84	76	98	71	64	78	85	70	68	59	80	85	70	86	77	64	91	91	66	67	78	80	70	101	68	64	92	63	79	84	72	89	83	83	66	58	81	69	66	81	66	85	79	77	68	95	73	60	72	74	70	85	63	72	67	83	59	71	72	76	83	71	71	70	65	61	75	72	72	74	57	66	83
cell98	49	44	54	55	56	64	68	59	64	53	51	54	41	61	49	48	54	50	57	52	46	63	56	54	48	60	47	65	47	58	61	40	49	63	56	52	49	56	48	55	50	63	51	61	47	43	45	52	52	51	50	46	49	65	45	73	58	66	59	63	55	57	55	56	66	61	56	48	66	45	48	59	53	57	42	0	0	0	0	0	0	0	0	0	0	0	0	0	0	0	64	53	61	41	68	55	54	57	42	53	46	53	40	42	52	48	58	55	47	45	48	49	54	56	65	48	65	48	33	61	45	50	57	48	45	51	67	52	71	49	53	38	53	46	43	51	59	51	52	53	56	35	42	69	52	55	57	45	45	47	43	52	55	52	46	55	63	47	47	55	68	64	47	48	59	60	54	59	47	60	54	65	66	44	40	33	61	57	64	56	49	55	57	55	52	58	51	54	55	68	54	40	56	76	53	72	53	40	53	57	52	63	62	58	57	47	47	55	46	58	59	50	59	68	55	52	57	50	66	51	47	44	59	56	55	47	51	49	61	57	55	56	61	60	49	54	57	58	48	54	56	37	49	47	54	63	69	45	49	58	59	72	47	43	54	52	57	63	53	60	53	60	46	42	58	47	54	58	60	52	65	52	43	76	54	63	71	43	61	55	54	59	55	46	50	59	52	64	62	57	58	47	58	54	57	57	63	52	42	57	48	50	46	70	43	58	48	45	54	52	61	49	48	52	51	51	54	48	48	48	52	43	52	43	62	49	48	52	60	59	59	62	62	63	56	43	37	68	56	63	50	52	51	44	54	51	46	40	51	63	33	43	61	52	59	45	52	37	44	57	59	56	64	52	53	59	48	44	47	68	66	53	60	50	45	65	64	41	55	59	51	42	31	55	41	55	50	51	44	56	57	60	50	51	41	54	45	58	61	48	60	72	46	62	63	58	55	69	55	56	58	47	40	58	57	52	41	54	45	50	55	55	54	65	64	50	40	60	48	52	64	57	61	50	39	53	60	47	33	56	43	58	59	50	44	65	61	58	47	58	65	61	65	63	32	48	42	56	67	60	49	72	61	61	54	53	46	56	64	54	58	42	48	48	49	75	48	47	74	52	55	40	46	57	49	55	53	62	58	49	48	56	67	38	43	49	56	49
cell99	65	72	81	80	86	68	101	77	78	78	72	72	85	80	66	66	67	73	76	73	68	71	90	58	71	66	67	83	82	92	78	83	80	72	84	68	80	68	64	76	83	81	57	78	74	85	72	53	80	78	74	75	90	80	62	86	77	70	70	80	68	70	64	66	75	63	69	75	79	77	81	70	83	65	69	69	64	87	78	84	79	87	85	65	73	84	73	68	72	77	95	68	84	77	89	78	65	72	79	76	88	79	65	74	63	73	74	85	83	75	89	79	82	78	82	67	72	77	61	97	93	92	57	79	73	74	78	66	58	67	71	62	70	85	75	57	81	80	80	80	82	83	79	78	78	93	74	82	80	79	74	82	77	63	85	78	56	73	71	66	82	82	89	59	69	77	78	83	64	87	74	80	86	81	75	79	83	66	97	60	73	75	79	66	93	65	83	82	89	65	75	72	73	87	73	78	76	91	70	89	93	68	86	79	74	73	77	87	66	67	82	87	73	64	58	85	77	68	79	80	75	70	86	82	75	65	73	71	86	83	88	67	74	73	86	76	63	103	94	90	76	69	83	92	42	36	40	38	40	50	39	37	47	23	44	38	42	52	59	37	41	41	47	32	41	25	34	35	38	41	47	29	35	43	44	40	35	42	39	56	32	42	44	35	45	47	40	37	38	33	35	48	48	37	51	39	37	30	35	45	48	36	34	47	43	40	30	44	39	43	47	39	54	53	45	33	24	36	33	42	36	36	38	41	38	36	43	31	41	36	29	42	34	42	49	48	35	41	31	43	37	34	43	38	39	43	48	46	33	38	32	44	41	44	30	53	36	33	26	24	45	36	43	32	35	37	31	37	33	44	44	30	33	37	40	46	42	41	37	35	40	37	32	39	30	42	44	40	34	47	32	42	34	42	35	45	37	31	47	32	30	40	38	34	24	49	33	34	32	31	29	32	42	47	32	36	41	39	34	32	40	33	36	36	40	45	39	31	36	48	33	43	36	45	35	45	32	49	41	46	27	33	32	50	35	37	46	48	35	39	33	46	38	38	37	32	50	33	47	36	38	55	43	43	35	41	38	43	35	41	52	42	23	46	55	43	48	32	39	24	36	37	49	35	40	38	35	31	47	40	34	50	39	41	49	40	40	37
