	0	1	2	3	4	5	6	7	8	9	10	11	12	13	14	15	16	17	18	19	20	21	22	23	24	25	26	27	28	29	30	31	32	33	34	35	36	37	38	39	40	41	42	43	44	45	46	47	48	49	50	51	52	53	54	55	56	57	58	59	60	61	62	63	64	65	66	67	68	69	70	71	72	73	74	75	76	77	78	79	80	81	82	83	84	85	86	87	88	89	90	91	92	93	94	95	96	97	98	99	100	101	102	103	104	105	106	107	108	109	110	111	112	113	114	115	116	117	118	119	120	121	122	123	124	125	126	127	128	129	130	131	132	133	134	135	136	137	138	139	140	141	142	143	144	145	146	147	148	149	150	151	152	153	154	155	156	157	158	159	160	161	162	163	164	165	166	167	168	169	170	171	172	173	174	175	176	177	178	179	180	181	182	183	184	185	186	187	188	189	190	191	192	193	194	195	196	197	198	199	200	201	202	203	204	205	206	207	208	209	210	211	212	213	214	215	216	217	218	219	220	221	222	223	224	225	226	227	228	229	230	231	232	233	234	235	236	237	238	239	240	241	242	243	244	245	246	247	248	249	250	251	252	253	254	255	256	257	258	259	260	261	262	263	264	265	266	267	268	269	270	271	272	273	274	275	276	277	278	279	280	281	282	283	284	285	286	287	288	289	290	291	292	293	294	295	296	297	298	299	300	301	302	303	304	305	306	307	308	309	310	311	312	313	314	315	316	317	318	319	320	321	322	323	324	325	326	327	328	329	330	331	332	333	334	335	336	337	338	339	340	341	342	343	344	345	346	347	348	349	350	351	352	353	354	355	356	357	358	359	360	361	362	363	364	365	366	367	368	369	370	371	372	373	374	375	376	377	378	379	380	381	382	383	384	385	386	387	388	389	390	391	392	393	394	395	396	397	398	399	400	401	402	403	404	405	406	407	408	409	410	411	412	413	414	415	416	417	418	419	420	421	422	423	424	425	426	427	428	429	430	431	432	433	434	435	436	437	438	439	440	441	442	443	444	445	446	447	448	449	450	451	452	453	454	455	456	457	458	459	460	461	462	463	464	465	466	467	468	469	470	471	472	473	474	475	476	477	478	479	480	481	482	483	484	485	486	487	488	489	490	491	492	493	494	495	496	497
cell0	61	59	52	46	48	53	58	58	58	50	58	46	54	55	59	51	49	58	63	49	51	55	67	56	54	66	61	52	48	50	52	50	50	66	53	50	42	50	49	55	49	46	40	68	49	49	42	49	45	51	55	47	50	58	58	47	51	53	48	58	51	47	55	63	48	53	52	55	52	45	53	45	59	51	51	50	47	61	50	54	47	40	45	44	42	57	45	63	55	50	38	49	50	43	51	53	59	49	55	66	47	48	47	45	49	48	60	60	47	53	46	46	53	49	56	48	55	56	52	61	50	42	54	57	48	48	65	53	61	45	58	48	41	48	54	49	48	61	43	51	51	50	56	55	43	50	44	58	44	54	55	50	60	47	35	49	59	46	42	50	64	52	66	68	53	46	56	61	42	51	41	52	54	47	54	66	51	52	63	43	46	44	56	47	56	57	49	47	54	55	48	43	58	59	46	47	59	48	57	57	64	52	67	66	51	45	45	53	47	35	53	52	53	63	55	43	44	51	43	48	45	48	45	50	45	45	60	51	48	48	56	51	50	51	37	44	42	57	41	41	52	51	36	67	46	47	51	52	52	59	56	67	43	40	47	53	44	57	54	46	46	67	55	53	46	50	40	55	61	68	55	48	47	46	41	35	50	48	46	64	62	53	53	56	50	53	35	44	33	58	47	56	61	45	49	43	45	42	59	55	40	53	42	52	46	47	52	60	45	78	38	43	60	45	39	51	49	53	51	35	52	39	52	59	57	41	51	62	49	48	57	40	46	56	54	62	54	54	51	41	31	56	43	46	48	49	45	54	42	70	44	53	51	48	57	53	46	57	36	48	47	44	56	46	46	48	45	38	37	39	52	46	47	47	45	53	47	45	49	51	44	49	36	51	53	50	47	51	50	55	46	56	63	46	67	36	59	49	57	43	45	55	47	54	48	54	56	61	66	41	54	61	53	55	51	46	50	48	34	40	57	51	62	45	60	54	52	51	52	43	37	39	53	41	44	46	48	59	63	53	49	57	72	44	51	49	47	53	53	42	42	48	50	52	46	41	52	53	43	57	39	62	37	55	57	41	59	42	39	51	38	52	53	49	49	51	54	50	43	47	47	33	50	42	40	57	49	63	46	40	46	55	52	39	49	43	58	56
cell1	44	40	40	57	43	39	38	43	55	44	48	54	33	49	36	50	36	48	48	49	34	54	48	50	46	32	51	42	47	40	47	42	60	45	44	50	48	37	40	47	41	37	47	42	55	43	49	45	35	46	55	37	53	48	31	55	50	45	38	55	49	46	50	47	43	54	37	47	30	45	45	50	43	57	44	58	39	56	47	44	40	47	50	41	37	40	39	47	48	50	50	48	50	50	39	39	47	42	47	49	53	39	40	43	46	56	61	62	58	45	46	52	52	40	58	41	43	48	49	67	50	59	58	50	54	50	63	42	49	50	48	46	35	46	33	54	35	46	56	42	51	33	37	43	29	45	41	48	43	38	48	40	49	38	52	49	45	58	49	43	63	45	58	58	46	47	42	60	45	41	55	47	40	41	52	49	41	47	44	41	32	51	46	49	40	38	54	31	49	44	56	39	58	44	47	43	45	48	48	50	38	35	49	50	49	57	50	60	37	50	36	53	38	44	48	46	27	44	35	35	29	35	47	40	35	50	43	49	32	60	47	55	44	39	53	48	36	32	38	53	47	44	63	33	49	48	52	54	43	56	44	52	46	46	38	39	41	40	32	38	37	44	51	47	48	48	47	44	61	56	46	40	38	48	44	52	47	43	52	44	55	29	42	48	45	39	36	41	49	49	60	43	37	43	60	40	43	52	47	46	53	43	30	56	45	40	37	80	34	55	39	43	57	45	40	48	39	47	44	46	49	44	48	54	46	37	58	50	53	33	42	50	44	50	44	50	49	50	44	47	49	62	40	41	40	45	50	43	36	55	34	41	56	40	41	46	33	54	42	50	41	40	42	47	49	50	39	40	49	41	39	31	54	51	43	44	57	47	33	55	48	25	45	47	50	46	47	48	43	50	52	54	66	55	40	38	42	51	39	54	33	49	40	44	42	48	53	46	51	37	45	61	46	53	42	51	41	44	36	36	53	34	47	51	46	44	45	51	36	54	47	37	36	56	48	46	48	46	28	46	54	33	42	44	49	51	42	41	57	57	49	53	54	38	45	55	62	45	51	44	51	44	41	52	54	50	36	33	53	41	50	51	46	35	51	35	37	43	50	54	57	36	42	52	57	41	51	54	49	48	45	55	36	29	51	42	49	52
cell2	41	38	50	67	46	52	59	47	54	56	56	41	49	50	45	53	48	49	55	44	55	57	53	47	58	54	51	64	56	50	51	62	57	59	50	49	51	45	53	60	47	44	47	60	52	51	63	44	55	49	41	47	52	56	59	54	57	62	54	55	40	42	49	59	58	41	47	53	56	53	56	55	62	57	54	53	43	53	66	48	49	50	58	39	43	56	51	46	40	65	39	54	59	45	62	46	49	42	49	53	73	53	54	59	40	45	54	64	51	48	48	60	53	58	53	51	50	49	38	44	58	60	64	49	42	54	55	58	54	49	50	43	56	60	48	57	55	43	52	56	57	58	46	64	48	32	51	55	62	45	47	42	54	45	54	63	49	53	50	55	53	43	69	57	63	52	52	54	49	56	65	60	45	45	43	57	55	47	53	36	45	54	62	55	51	53	46	64	68	57	46	44	64	60	59	50	51	50	61	62	52	44	59	56	49	60	44	46	35	53	43	56	51	45	56	54	49	54	41	64	48	56	47	49	78	47	46	46	35	64	65	52	54	51	70	56	45	60	49	57	43	56	59	67	56	60	47	61	50	58	52	53	55	55	55	40	50	58	46	49	53	62	58	50	58	50	51	58	50	64	51	53	52	49	50	51	74	56	60	54	44	45	54	52	50	60	38	45	42	52	30	62	58	42	64	64	51	42	36	59	46	41	52	59	63	66	57	49	48	46	52	52	53	49	46	57	42	59	56	37	54	52	58	45	42	45	60	55	45	54	55	50	75	70	38	59	58	42	48	57	55	48	55	58	62	54	50	60	39	57	47	45	47	62	43	43	53	40	45	46	45	47	52	58	65	56	64	44	44	59	57	52	54	64	40	69	61	59	56	60	55	57	43	47	52	50	50	41	54	50	49	48	53	44	43	52	46	46	63	53	47	50	42	39	53	46	46	57	53	43	44	63	53	62	57	60	57	55	51	60	47	58	53	49	50	55	44	63	56	58	47	42	60	47	54	52	52	47	60	65	58	51	66	55	43	46	55	42	57	51	34	51	42	57	52	55	61	49	61	58	60	53	42	58	54	58	65	41	53	41	46	57	49	48	53	46	61	57	48	43	60	56	38	45	64	61	58	65	44	62	55	41	57	54	58	46	57	62
cell3	80	75	61	70	83	56	75	85	82	76	67	61	69	66	72	53	73	77	71	66	86	69	54	62	55	84	59	71	81	73	75	59	64	72	73	79	72	64	77	71	68	81	57	72	70	67	57	128	160	158	154	121	162	152	138	127	148	150	121	151	139	135	162	138	135	108	131	146	142	114	138	142	127	141	109	139	153	138	122	137	137	90	86	71	77	65	80	70	66	76	75	54	80	74	52	68	71	72	73	78	70	77	63	80	74	72	64	80	69	68	74	61	61	66	73	72	91	83	72	82	71	80	73	83	70	72	64	74	65	65	69	72	61	65	64	68	79	70	59	75	58	68	75	67	68	66	71	62	85	61	65	61	66	64	72	62	82	71	64	55	83	69	78	70	78	49	65	75	73	61	80	51	63	66	65	72	63	81	78	63	61	66	56	74	84	62	66	71	75	79	49	66	64	70	62	83	61	57	78	72	70	71	63	78	61	77	83	83	68	71	62	66	69	78	68	78	72	76	78	67	74	79	88	83	65	66	63	68	81	68	70	78	71	75	57	71	65	89	76	62	71	79	78	80	80	74	70	74	61	75	65	71	91	63	69	76	63	85	71	66	74	67	78	63	66	78	69	82	79	55	76	65	82	87	78	68	87	69	65	87	66	68	73	79	74	76	72	81	59	83	69	67	74	60	85	80	70	57	67	65	63	60	77	78	67	83	76	90	87	76	56	63	63	58	72	72	70	63	81	61	80	76	64	78	87	63	84	59	62	72	64	91	76	89	57	81	71	61	83	80	59	85	75	65	64	41	68	72	57	75	77	66	77	79	66	68	54	77	57	62	60	83	63	76	76	78	68	69	66	70	73	61	68	73	62	61	97	56	63	60	72	71	65	70	71	64	82	64	75	66	84	61	78	74	56	69	54	74	73	60	77	72	79	81	71	73	75	90	80	82	74	79	58	63	70	76	64	62	73	74	75	60	69	80	58	69	57	75	74	72	65	63	61	75	67	78	56	70	72	79	55	68	79	49	61	75	74	68	94	63	58	72	82	58	61	52	76	69	69	77	66	72	62	72	71	81	68	66	85	69	90	59	69	77	64	74	71	80	78	88	65	64	65	60	72	80	65	90	76	63	69	67	69	80	75	55	45	87
cell4	60	51	57	56	40	57	50	59	54	49	41	58	56	52	47	62	58	62	47	52	58	53	46	53	49	54	37	43	49	50	39	44	44	60	69	46	40	59	57	53	58	51	56	55	34	48	43	54	57	56	36	50	55	44	44	47	57	45	49	44	43	56	52	56	55	44	52	49	60	46	58	70	54	48	35	51	51	47	44	58	44	48	49	38	46	39	51	46	61	48	49	43	47	57	66	45	60	45	43	54	65	52	52	48	63	53	53	52	51	54	46	52	59	43	63	43	60	53	61	64	52	34	56	63	65	60	54	44	52	45	53	59	41	57	47	46	57	47	49	43	53	44	59	53	45	56	54	45	73	46	63	63	53	52	52	69	42	49	51	61	61	42	48	58	45	46	48	46	62	61	53	67	48	47	49	46	63	45	53	59	51	49	50	47	60	63	51	55	55	54	42	52	52	58	51	53	51	46	40	48	59	50	52	50	36	48	55	66	45	50	55	53	61	55	40	53	39	52	63	53	47	63	45	56	49	45	55	58	58	35	52	59	45	60	59	59	42	61	40	40	48	49	51	52	63	68	68	50	40	65	53	58	40	48	47	38	53	59	46	44	50	54	60	55	69	46	52	42	53	46	57	57	51	65	65	51	53	48	50	59	60	41	58	68	44	36	57	44	36	52	56	52	59	50	52	60	49	37	55	45	54	56	46	55	60	55	47	50	61	49	47	60	54	47	51	46	47	60	46	56	44	54	69	41	52	38	42	44	69	61	47	53	48	65	58	44	58	49	43	51	51	52	48	44	36	60	40	50	46	55	50	59	41	55	48	43	48	33	48	58	47	47	49	55	61	45	64	44	48	62	49	40	61	59	43	61	63	53	40	50	55	48	60	55	49	56	54	44	57	53	60	50	65	40	49	45	38	46	67	70	44	49	61	50	50	44	53	49	59	56	52	58	45	60	48	44	50	46	42	43	41	49	71	44	52	48	56	58	51	55	46	52	58	43	56	58	53	39	49	58	51	53	43	49	46	57	43	55	44	33	41	45	54	58	56	49	60	48	46	56	38	49	34	53	39	55	65	46	43	44	52	49	52	43	47	56	51	51	57	54	50	44	51	48	49	52	45	57	37	58	47	41	50	47	56	52	71	57
cell5	42	52	41	54	38	40	38	40	45	38	41	45	46	36	27	39	37	38	28	42	44	34	40	30	35	30	46	31	48	50	49	48	44	52	44	48	27	48	37	39	47	37	41	50	43	51	51	101	73	81	86	90	107	93	97	73	64	106	85	85	81	81	87	108	87	87	83	85	116	109	85	86	94	72	78	86	81	86	83	88	83	25	62	46	0	0	0	63	48	43	40	40	34	40	27	41	45	32	51	52	35	40	41	47	42	47	41	45	44	30	41	35	44	39	53	36	53	42	49	47	51	44	49	36	51	60	51	59	34	39	33	38	37	41	22	33	43	62	46	51	40	50	43	36	39	44	36	48	56	44	44	56	49	38	41	44	33	51	38	35	50	45	43	41	35	27	43	58	37	41	32	42	41	35	33	39	52	51	55	35	42	50	39	47	42	36	54	43	33	43	43	42	46	49	43	50	40	53	44	48	36	47	49	46	45	38	48	45	44	41	30	47	48	49	34	45	34	42	33	38	40	45	37	43	44	41	47	45	42	44	47	42	45	45	43	43	45	33	43	35	33	39	49	38	35	43	45	42	40	51	47	43	37	51	41	48	35	49	37	43	50	59	44	41	61	39	43	43	40	36	47	49	42	48	37	51	55	25	41	43	48	39	54	54	37	46	28	47	35	42	39	49	56	41	27	44	41	42	45	34	34	42	44	33	52	57	29	40	43	39	45	33	42	34	35	47	39	46	48	34	42	49	50	42	46	38	40	42	46	49	45	39	41	51	34	46	38	38	26	39	50	49	52	38	40	34	37	42	27	40	40	49	55	42	33	43	45	46	38	33	37	36	46	46	32	40	41	45	35	41	38	45	37	41	42	45	64	56	27	41	53	33	40	46	47	33	46	49	45	48	34	50	36	26	37	37	51	38	55	43	47	39	44	41	49	39	39	41	43	42	56	49	43	45	45	32	40	40	46	42	47	34	38	29	47	39	53	57	47	42	48	37	36	34	43	47	52	42	36	53	31	52	42	39	47	32	33	39	45	47	36	34	40	33	37	41	49	52	55	40	35	38	27	40	46	44	36	38	47	44	48	48	45	33	45	50	48	42	48	42	40	28	48	41	44	41	52	34	47	44	40	45	42	35	49	30	48	46
cell6	60	63	59	72	59	67	60	65	71	60	65	63	61	62	66	63	74	56	70	78	59	58	59	62	64	65	58	63	58	62	64	55	75	69	72	68	68	64	70	71	52	58	87	75	80	89	53	73	66	94	69	59	74	69	64	57	68	78	62	78	63	70	66	75	60	60	52	49	51	54	68	66	73	44	50	76	56	84	57	67	54	69	75	51	68	68	79	68	73	52	54	48	45	59	66	79	68	60	67	80	75	72	66	72	70	81	82	60	58	61	71	68	84	56	77	67	78	65	68	80	50	79	60	68	66	77	57	70	74	55	59	72	72	68	70	78	56	85	65	70	75	72	67	71	56	75	54	66	77	55	75	53	59	55	62	76	66	60	52	72	63	74	68	71	75	49	64	71	68	68	58	81	57	53	48	79	81	60	65	55	45	58	65	75	58	63	73	75	58	76	55	59	63	85	67	62	76	90	68	63	56	57	58	80	82	59	72	66	67	47	67	66	58	55	81	59	62	66	70	64	69	69	50	63	80	63	58	69	69	79	73	51	73	66	62	56	58	80	83	63	59	60	64	71	78	69	68	77	51	79	54	70	60	79	67	55	70	71	74	60	68	74	72	58	58	70	71	58	79	49	78	64	82	71	57	56	75	61	74	79	64	52	69	78	52	73	58	72	64	72	60	71	63	48	70	65	66	70	68	72	65	57	64	57	67	79	50	76	68	72	73	65	52	65	70	67	63	45	69	44	73	60	82	60	71	67	61	56	57	77	65	71	67	76	57	57	72	78	63	64	57	67	62	66	69	75	57	67	65	75	55	55	69	78	65	68	63	43	67	76	62	62	70	71	66	67	59	67	67	73	62	57	65	63	49	66	63	63	62	64	68	64	68	61	62	51	81	69	63	59	68	78	58	63	67	45	66	78	63	70	63	72	78	64	57	61	69	55	76	77	68	70	69	80	50	78	59	58	66	55	60	56	71	64	81	47	69	67	64	69	64	67	63	67	68	67	53	65	92	58	78	70	78	69	72	70	66	79	68	60	62	68	75	64	65	73	65	71	69	54	50	76	67	63	57	64	61	68	59	68	70	76	52	70	59	67	60	50	66	65	63	63	70	61	73	71	60	66	65	59	61	75	76	66	67	51	70	57
cell7	33	47	48	59	61	52	52	56	47	54	51	58	41	63	42	61	58	61	68	48	60	57	61	63	69	56	55	36	57	53	58	59	60	51	49	53	63	43	58	58	57	48	40	39	52	41	55	124	112	104	112	91	110	107	122	112	116	108	114	112	94	101	106	104	112	109	113	108	97	110	106	104	134	107	86	123	111	102	112	117	95	51	61	43	51	49	53	58	52	61	47	45	52	54	61	62	62	39	46	55	58	69	48	46	53	51	51	70	44	43	70	58	58	38	55	50	52	48	53	70	42	53	52	66	55	51	57	46	43	52	56	47	68	56	43	59	62	54	55	47	52	52	46	40	44	61	40	58	58	50	47	46	54	43	58	61	57	51	46	46	51	49	55	67	43	64	53	62	48	49	51	53	29	58	46	50	57	54	53	37	45	53	46	44	42	55	51	45	59	67	54	40	59	60	56	60	52	57	53	39	63	44	43	61	55	57	57	63	35	47	43	66	52	48	54	55	49	63	60	50	41	34	59	55	54	44	43	47	47	50	53	40	43	57	56	53	49	55	57	49	55	67	53	50	61	61	60	52	46	50	54	51	50	57	38	48	58	41	50	62	48	60	65	63	40	58	52	47	53	62	62	59	52	45	55	57	60	41	56	47	53	42	50	51	64	66	52	57	53	74	57	56	45	51	50	63	56	62	51	55	57	52	64	62	52	57	59	53	64	63	50	57	39	67	57	55	50	50	56	42	47	72	58	60	46	46	61	54	56	52	43	64	62	65	46	67	51	51	56	61	52	57	59	49	61	54	65	51	46	58	49	65	57	40	54	62	50	68	33	50	50	49	62	60	50	53	55	49	52	55	49	47	62	71	50	48	73	50	59	58	50	47	53	65	56	50	59	64	63	56	53	48	69	52	52	61	60	47	59	65	42	42	43	53	44	48	51	49	66	66	48	65	61	62	42	44	46	38	55	59	52	53	61	67	49	46	61	62	45	53	47	58	51	53	60	49	53	44	69	51	65	58	53	53	63	56	62	50	66	44	53	48	58	46	46	46	72	43	56	57	65	62	37	49	51	49	61	55	51	49	55	51	52	64	48	47	54	46	55	64	60	50	59	55	55	64	36	57	53	62	53	67	50	59	58	52	51	56
cell8	70	62	72	78	71	81	77	74	73	84	73	74	52	90	61	44	82	72	84	66	71	75	75	68	86	93	92	85	90	89	67	75	88	77	75	65	67	69	77	75	65	71	78	70	61	77	73	150	136	140	185	159	178	156	142	157	155	162	140	153	126	184	161	138	168	147	152	150	158	149	153	152	147	133	123	153	131	150	149	179	120	106	80	62	0	0	0	66	73	72	67	77	83	74	86	64	61	57	68	89	79	63	71	81	68	84	82	74	87	87	67	77	60	80	77	65	94	77	78	89	66	83	69	79	72	75	82	71	82	65	78	84	73	71	82	76	84	70	79	78	64	82	79	67	85	78	61	83	80	70	79	80	77	82	62	78	58	64	77	74	77	69	78	63	74	95	63	97	80	64	73	87	75	67	89	77	87	66	92	77	59	83	78	83	88	84	67	78	79	67	73	63	63	87	72	71	79	72	70	76	68	75	83	90	76	62	79	82	70	57	72	73	69	83	81	78	64	54	68	65	56	61	88	85	70	71	78	80	63	65	77	64	83	68	67	79	64	76	86	61	62	79	61	82	83	83	82	70	87	77	76	85	70	51	81	71	83	78	65	83	75	89	70	88	69	79	85	82	86	81	84	80	85	69	83	79	85	67	86	75	77	86	71	76	72	83	76	79	86	71	73	71	67	57	69	66	78	86	67	85	79	65	73	80	74	80	90	91	71	64	69	86	83	105	100	97	74	66	81	67	75	81	74	60	73	68	88	74	71	93	78	73	65	73	87	89	55	79	62	88	73	70	69	69	76	68	55	85	64	84	60	71	76	66	58	74	74	67	65	63	57	86	86	70	81	65	57	86	51	77	77	58	97	74	88	72	88	83	74	78	72	73	74	63	77	75	76	80	71	81	63	68	68	58	74	76	74	85	77	94	75	67	77	77	67	69	97	75	77	81	79	82	68	69	62	76	71	67	72	54	68	79	78	72	80	56	62	74	65	71	82	82	70	90	71	78	63	73	73	70	75	75	76	56	67	74	75	70	83	60	73	79	80	77	80	93	88	67	84	69	81	83	68	89	76	69	79	84	79	67	83	68	70	69	59	84	59	75	79	80	58	56	66	77	63	72	89	87	79	85	62	63	87	84	66	73	92	68
cell9	62	38	58	47	50	58	49	43	32	40	44	54	41	50	48	50	48	48	49	42	43	48	49	48	55	72	45	61	56	43	49	40	56	57	62	48	42	48	43	42	45	53	56	42	44	48	43	109	111	92	94	97	117	113	100	97	99	90	96	102	87	112	102	90	109	79	100	104	110	87	100	87	106	109	108	103	102	88	112	109	84	51	52	37	0	0	0	60	39	48	54	50	58	42	60	51	65	50	50	57	63	50	42	45	50	40	65	56	47	40	44	57	58	41	41	64	60	53	46	64	45	45	58	48	43	58	43	43	66	45	53	51	57	51	44	50	68	65	53	46	57	44	51	45	44	57	41	49	61	34	54	44	62	51	53	44	38	58	36	51	58	46	50	55	52	44	55	55	55	49	43	49	51	52	47	54	50	41	46	42	46	42	50	51	58	36	45	46	49	61	45	48	40	58	57	53	62	52	59	51	43	54	52	61	57	49	57	70	55	35	56	49	50	56	43	50	70	60	56	49	48	49	51	56	66	50	58	50	67	54	65	44	44	47	52	47	49	66	51	39	45	46	55	57	58	57	63	62	43	67	53	60	47	41	59	55	56	51	49	40	48	66	40	50	42	52	46	40	52	57	67	49	55	44	66	46	44	41	50	71	47	51	56	41	49	56	40	47	56	48	41	47	48	50	57	55	47	48	49	56	32	42	48	42	44	63	45	60	50	50	53	42	49	59	57	50	52	47	45	47	43	41	61	43	64	35	46	48	55	48	50	53	38	54	55	42	42	50	61	43	44	46	45	61	47	50	46	50	59	55	38	58	49	51	59	50	36	55	44	46	41	49	65	54	53	53	56	56	59	61	60	44	48	48	60	55	60	49	49	45	46	56	33	52	49	48	54	51	56	52	53	51	56	61	53	56	55	50	51	45	43	62	55	41	49	46	50	55	55	53	45	42	69	57	42	49	53	45	54	45	48	66	60	46	61	41	39	47	46	45	54	43	56	43	64	57	51	51	57	55	48	40	50	41	42	46	51	49	60	40	63	40	42	62	50	49	56	64	57	58	48	47	43	43	57	41	66	51	52	54	46	44	46	50	53	58	57	36	33	49	38	52	50	42	44	52	53	55	48	56	46	54	49	54	56	36	56	56
cell10	30	46	30	27	35	28	32	24	32	28	43	38	27	36	28	24	33	26	42	40	33	32	33	34	34	42	34	36	26	19	28	33	34	34	32	50	37	35	27	23	36	31	26	29	35	28	34	31	33	31	32	59	45	32	41	31	36	31	29	32	29	37	31	27	35	37	29	34	43	37	25	38	25	42	26	31	31	37	31	25	26	36	38	33	35	36	31	28	29	28	25	34	31	27	47	24	32	24	38	40	33	32	33	34	28	35	31	34	39	22	25	33	28	31	33	28	35	29	28	63	30	45	36	41	40	29	31	36	28	39	34	27	29	31	32	33	33	33	29	36	40	29	36	32	33	22	34	40	43	29	30	33	35	35	33	36	20	33	25	38	28	47	32	36	33	29	27	32	47	31	34	45	37	35	30	38	45	33	49	34	29	31	22	25	31	37	22	35	38	28	28	26	32	33	44	32	36	39	28	25	23	36	33	29	48	36	32	36	33	34	32	29	26	23	39	35	31	26	38	25	28	38	29	39	47	32	30	41	30	36	26	26	36	30	34	29	40	42	38	30	38	26	31	31	35	42	32	30	39	25	38	43	25	36	43	30	29	26	35	22	35	38	32	42	31	25	40	36	30	29	35	43	39	30	33	34	42	30	29	40	32	30	31	41	22	29	37	40	38	37	28	38	23	26	30	34	35	22	23	38	38	35	35	37	31	45	32	33	22	40	31	28	30	34	26	37	34	32	45	27	35	38	32	40	34	28	34	34	33	35	30	30	36	37	28	40	31	31	46	31	40	42	41	28	39	28	30	31	32	32	28	39	37	40	31	41	29	33	35	37	31	31	33	40	33	34	39	22	28	36	36	26	26	39	28	21	28	54	35	26	37	36	25	33	28	33	27	32	32	34	36	40	27	36	29	28	27	41	28	36	40	36	24	33	29	29	45	29	32	32	36	34	35	26	34	38	36	34	28	44	32	34	30	32	26	38	43	34	24	41	36	32	29	23	36	32	33	42	30	28	30	41	26	32	38	32	18	34	29	26	31	40	25	45	30	27	40	37	26	35	40	34	33	31	33	35	26	28	37	36	34	41	39	36	27	31	22	31	39	45	32	19	29	32	43	33	30	33	44	38	43	24	29	39	34	29	34	32
cell11	28	28	27	35	28	26	34	37	19	49	34	36	30	35	31	28	38	25	28	25	41	32	34	38	32	25	31	39	28	26	43	33	35	15	45	39	32	25	25	35	30	31	29	25	28	37	40	32	29	34	24	33	34	35	33	39	34	29	27	21	25	30	31	18	40	27	31	44	32	21	36	28	33	33	27	34	42	34	35	22	28	35	36	27	31	37	30	35	24	30	34	33	27	22	30	28	35	28	22	30	33	22	37	29	44	26	35	33	35	20	27	35	26	32	41	34	36	30	21	34	34	24	29	31	30	27	40	31	47	40	37	29	32	32	35	27	36	40	24	35	39	25	20	34	23	25	34	34	41	33	29	28	40	39	30	30	16	40	25	31	24	42	27	35	25	22	27	23	19	27	29	32	26	24	25	34	25	31	33	23	25	22	39	33	25	33	30	35	30	39	31	35	36	27	38	40	36	29	36	27	32	39	35	35	27	44	36	31	24	34	24	22	20	33	27	32	38	35	31	20	30	24	26	38	34	28	37	32	34	20	37	22	31	31	33	48	35	34	33	29	27	26	35	40	41	31	26	30	29	34	31	33	32	22	25	20	24	41	40	21	26	40	36	36	35	35	33	34	35	32	46	28	25	33	28	39	27	24	18	36	35	31	33	37	26	45	22	37	38	33	32	26	30	31	37	27	32	25	33	30	33	31	34	34	29	35	33	34	34	36	27	22	29	42	37	41	34	27	34	31	38	37	32	26	30	36	32	31	27	37	31	36	25	37	40	40	29	32	37	35	24	38	35	25	42	32	27	36	27	20	30	30	36	28	33	34	37	24	33	18	42	30	32	35	44	28	32	28	31	28	22	30	29	30	26	31	25	31	38	33	31	36	24	29	26	27	34	34	26	38	24	33	40	27	28	42	34	49	25	27	31	20	38	36	22	30	40	48	40	32	26	33	30	36	32	36	26	28	30	32	32	31	39	35	32	22	25	33	32	23	20	34	26	34	39	17	36	22	32	34	26	42	41	32	30	28	32	31	35	27	35	33	28	37	24	29	40	41	40	34	27	33	19	29	31	40	36	34	35	26	41	36	29	34	25	22	35	28	37	28	26	42	36	34	24	31	29	33	31	20	32	44	34	33	38	25	44	35
cell12	89	78	73	89	65	79	74	82	83	85	77	92	73	85	86	82	76	77	64	88	83	66	94	90	92	63	79	94	86	70	79	76	93	70	64	89	80	77	68	83	51	71	76	97	78	67	68	97	79	76	74	88	78	74	109	78	95	79	71	74	72	70	80	89	76	64	92	82	91	72	78	93	75	77	61	93	76	79	84	76	72	92	78	61	80	75	64	78	79	70	70	73	83	82	81	91	82	71	76	89	80	81	71	65	72	92	81	78	72	74	80	74	92	75	86	78	92	74	79	94	64	81	84	73	89	83	88	66	57	70	74	65	61	68	79	78	78	86	82	71	69	66	77	74	88	66	69	73	78	74	77	53	77	72	79	74	70	86	64	83	77	73	73	84	79	71	81	56	94	60	69	75	90	76	79	64	66	72	85	81	63	72	80	78	70	64	79	70	78	95	83	73	88	102	85	96	81	79	84	89	85	74	87	86	83	83	72	85	71	80	76	87	74	74	70	88	93	100	90	71	75	73	72	71	77	60	86	83	64	93	71	65	90	84	83	82	72	77	78	77	68	78	71	88	91	88	78	90	70	73	82	74	74	82	85	87	69	83	83	82	71	92	77	80	85	59	74	70	90	58	91	65	72	82	87	66	89	80	83	88	80	54	73	60	93	78	66	62	63	76	75	73	67	66	86	97	70	73	79	82	80	80	84	84	75	85	66	101	84	71	89	85	81	71	64	79	67	70	72	73	102	66	82	77	68	68	94	78	74	83	71	81	78	91	70	87	95	88	63	97	62	85	84	73	78	84	80	78	82	76	75	65	88	70	72	57	62	60	64	76	69	71	62	75	81	77	65	79	77	77	83	63	77	66	85	77	81	62	73	61	64	71	54	67	92	90	88	67	77	96	75	74	84	62	61	72	83	89	71	89	90	64	110	95	64	80	78	91	80	76	85	69	66	87	78	82	78	61	73	63	90	90	88	76	72	63	84	68	73	71	91	56	77	80	73	67	83	69	81	88	83	80	62	71	96	95	77	70	76	77	89	71	84	90	83	83	84	71	80	93	79	88	59	69	82	86	91	78	87	74	96	72	67	88	89	72	75	82	84	84	77	87	76	62	78	84	80	68	74	64	81	67	88	77	87	78	96	87
cell13	67	75	70	85	88	90	80	101	91	86	93	89	69	103	75	75	64	84	80	89	80	73	91	65	90	87	60	86	78	71	70	47	74	97	76	99	66	84	70	82	69	94	74	72	72	64	73	102	75	71	90	95	74	74	83	90	82	96	79	90	61	86	88	92	80	76	72	78	56	88	85	64	86	71	83	73	87	67	90	73	72	74	97	57	80	72	87	72	90	87	72	75	80	85	96	75	86	74	82	79	86	71	84	83	76	77	75	91	76	76	73	94	78	60	84	87	79	71	60	87	82	72	82	71	60	72	76	73	90	78	77	97	84	83	70	85	75	81	59	75	86	87	66	89	82	72	65	62	75	92	86	84	78	65	73	81	89	90	79	85	89	75	84	76	66	79	81	84	82	87	86	76	75	75	76	89	83	61	108	66	72	74	80	80	79	83	77	91	64	77	78	76	75	88	65	94	69	73	82	71	73	68	101	75	80	63	80	86	88	75	80	85	78	82	95	82	68	84	67	86	80	81	85	84	94	79	73	76	64	86	74	78	77	96	63	90	85	90	80	79	90	66	85	63	105	89	69	95	78	86	75	87	90	81	76	63	66	77	58	76	62	81	85	79	82	79	66	67	88	95	105	87	86	83	74	71	91	66	77	93	97	60	77	75	67	81	66	92	68	101	91	91	79	72	92	91	72	85	69	82	90	72	65	82	93	91	93	91	86	92	78	69	78	91	78	101	70	78	90	71	79	71	79	58	82	65	82	70	81	92	80	86	70	88	75	86	85	90	65	71	69	73	70	82	65	66	84	64	76	90	47	90	81	81	81	77	75	76	85	83	75	78	84	74	77	69	59	68	67	72	84	76	72	84	94	77	83	80	68	76	89	94	59	88	85	83	84	73	83	65	79	94	99	72	65	80	74	96	80	74	68	71	90	90	71	67	84	95	84	83	97	91	77	96	79	90	73	87	79	72	76	85	83	71	68	94	68	71	65	78	83	81	76	65	91	102	88	68	84	95	85	75	89	71	87	82	73	68	83	66	66	76	67	68	75	75	101	93	73	69	84	87	69	89	68	97	81	78	97	85	91	93	77	81	64	89	64	60	82	81	89	61	67	83	72	85	75	82	88	73	89	84	77	77	91	91	86	94
cell14	44	53	54	57	43	44	46	58	45	43	38	44	39	37	50	38	46	38	41	43	49	33	42	45	41	49	47	42	47	53	41	40	53	47	47	47	39	50	39	35	57	43	40	45	36	39	47	51	33	46	37	41	44	41	34	47	49	51	40	49	45	44	50	36	35	45	42	38	53	32	43	53	43	48	37	40	45	46	44	44	50	58	44	34	43	49	46	49	48	41	50	45	48	45	43	46	42	48	48	42	52	37	50	48	58	43	32	46	48	47	47	46	48	44	59	41	41	52	32	57	42	48	44	43	52	60	53	41	51	41	40	45	35	46	46	52	46	54	47	41	44	47	48	35	37	42	55	40	41	49	42	40	58	40	40	47	47	47	47	38	59	40	50	56	33	40	39	41	37	40	51	43	40	38	35	53	53	57	48	32	43	43	39	51	41	44	39	46	41	55	45	47	51	61	40	45	49	52	50	51	47	47	46	38	35	55	52	35	42	40	49	50	47	36	42	48	49	46	47	42	48	48	51	34	40	28	61	37	45	34	58	50	42	46	40	39	43	42	29	55	44	38	26	48	56	42	45	33	40	59	39	68	45	34	40	53	38	44	45	44	53	48	49	48	44	50	59	33	50	43	64	56	32	48	35	48	48	42	46	43	40	35	45	39	59	36	43	44	40	54	45	47	44	40	53	36	52	36	38	31	49	41	37	54	52	61	50	41	44	36	51	37	52	52	41	42	56	45	52	45	41	47	55	40	39	41	46	49	50	46	46	46	52	52	43	44	52	42	54	41	45	58	42	55	51	33	38	44	44	51	44	44	53	44	44	41	46	62	31	36	45	47	40	39	44	41	44	46	46	44	45	31	66	32	43	56	47	40	51	50	51	41	52	61	37	32	57	46	49	43	37	43	59	37	41	39	36	52	45	46	51	36	43	41	42	50	50	44	50	40	61	58	53	54	48	45	47	47	41	40	39	46	47	40	39	40	45	50	53	43	51	29	49	49	35	33	37	38	37	49	41	46	51	45	34	58	52	44	38	31	38	53	40	47	36	45	64	45	44	48	50	62	52	47	40	44	48	39	44	36	54	36	43	38	45	60	44	36	38	31	47	52	50	44	28	45	44	48	46	39	44	52	39	48	45	38	43	34
cell15	42	44	43	35	41	47	42	42	42	57	40	37	35	39	39	39	39	44	51	52	54	40	46	37	38	47	43	41	49	33	41	46	48	38	58	31	61	43	36	54	48	41	45	43	48	42	36	36	43	45	35	36	50	52	45	33	59	34	39	50	31	32	50	30	45	44	42	35	28	28	32	40	53	53	36	37	49	53	33	44	46	38	45	42	47	45	55	43	49	52	36	40	36	52	46	54	34	50	27	52	48	37	41	40	47	44	45	53	39	38	51	39	39	37	42	39	47	42	35	53	48	34	43	36	41	40	48	40	59	41	38	46	38	41	36	46	58	34	46	49	37	38	59	52	35	42	55	47	46	41	49	49	49	41	45	45	35	52	48	39	40	67	44	44	45	47	43	48	56	47	46	51	37	41	39	45	40	31	47	47	49	48	39	47	43	49	32	36	49	34	43	35	47	36	48	45	43	41	33	44	46	37	45	41	44	41	52	50	41	33	45	31	48	54	41	35	43	46	36	37	53	33	39	38	41	36	41	36	33	50	52	33	56	44	31	46	51	53	38	40	48	42	46	50	43	42	35	36	45	41	36	56	40	34	38	60	39	49	47	46	41	41	38	53	50	43	53	66	36	40	42	38	44	41	52	46	40	34	49	51	36	33	49	51	33	44	39	47	43	47	44	43	31	41	46	48	43	45	61	48	39	36	29	40	46	55	39	54	41	44	40	39	40	46	36	44	38	42	39	34	32	51	46	35	54	32	40	34	40	56	49	49	49	48	44	44	41	51	45	53	35	38	39	37	42	54	33	41	43	31	49	51	41	48	33	42	52	50	32	41	40	62	39	41	49	34	36	35	40	56	54	37	34	48	52	49	55	34	54	37	53	47	41	43	41	43	44	49	49	47	39	49	34	44	29	30	37	51	38	41	43	50	45	45	51	45	41	57	38	41	37	42	44	32	34	47	34	42	42	22	51	41	39	43	42	51	56	42	45	39	55	39	41	41	41	45	45	35	50	31	35	34	45	39	44	44	38	49	40	47	32	43	40	55	53	47	54	49	42	41	40	46	43	36	36	46	43	42	46	53	39	37	43	37	32	36	48	44	44	48	53	37	46	35	48	54	54	44	41	32	39	48	45	41	40	48	42	34
cell16	80	71	53	67	80	97	68	73	73	89	87	73	71	83	63	74	83	67	71	93	74	68	91	82	73	80	70	74	51	80	62	68	71	63	86	59	84	72	77	60	81	67	78	70	64	76	75	74	85	72	53	70	80	76	69	82	68	59	65	70	60	75	83	67	72	65	70	80	69	69	77	79	82	60	69	91	77	77	87	72	84	67	85	68	68	66	81	88	79	89	65	73	92	64	63	88	72	75	68	100	77	63	70	78	65	64	63	69	71	55	75	89	58	61	87	70	88	75	63	88	88	71	86	83	67	63	81	61	67	81	81	74	79	67	59	74	84	65	73	71	84	72	69	82	57	83	70	95	85	86	78	68	51	63	76	73	70	64	62	70	98	82	82	85	78	63	67	92	78	68	79	66	91	80	78	75	66	74	86	62	66	67	76	77	69	84	74	65	84	73	59	73	77	79	66	81	71	95	64	82	65	52	84	83	68	89	69	87	58	67	64	78	75	86	70	85	56	79	68	80	73	75	74	82	84	76	71	74	78	75	73	72	84	75	81	74	59	88	76	71	84	83	57	74	80	74	71	54	75	83	73	86	76	62	80	76	74	65	68	70	72	93	63	82	63	64	75	71	72	69	69	62	75	68	71	68	80	74	70	91	78	79	55	72	66	71	72	61	78	70	89	71	82	71	90	83	78	62	85	75	67	58	60	93	83	88	74	84	85	67	75	68	87	89	76	62	90	66	74	61	70	68	87	74	62	70	76	84	71	65	73	81	85	83	69	82	75	80	69	83	85	67	81	61	84	71	60	81	71	75	80	77	83	80	71	81	63	66	64	54	66	85	84	82	81	74	77	79	72	81	58	63	73	59	73	84	84	73	66	73	75	82	84	68	72	69	72	83	67	64	74	61	78	71	80	70	72	76	68	75	73	67	79	56	85	80	61	55	83	70	81	90	57	74	71	84	77	83	69	58	63	70	71	65	87	76	71	65	78	72	68	71	68	81	73	81	80	68	71	89	64	78	69	79	69	82	80	50	74	59	75	82	63	88	78	78	74	81	80	77	60	73	61	82	85	78	86	58	74	70	86	73	75	54	82	62	68	66	70	76	69	58	83	88	91	58	82	89	68	87	68	83	85	63	67	81	72	70
cell17	37	37	36	29	35	28	23	32	34	34	41	37	27	32	27	42	24	38	39	32	46	35	32	37	35	35	31	48	41	35	34	28	37	41	37	28	29	47	28	41	38	44	43	22	30	32	35	81	72	58	53	60	59	77	69	62	75	79	56	77	50	61	67	69	76	56	61	67	62	74	71	62	79	69	51	70	67	52	66	52	65	29	27	35	40	37	33	38	29	27	37	40	29	23	34	34	30	29	33	43	36	43	36	49	38	36	32	32	31	33	34	45	34	18	45	27	33	30	43	38	41	36	38	38	36	40	32	48	42	29	48	35	31	38	25	28	35	36	37	39	30	24	35	31	35	37	35	48	32	30	36	28	34	54	38	42	32	39	29	37	29	46	29	27	51	20	28	41	34	39	30	30	31	42	42	43	34	31	31	43	38	25	29	30	45	38	34	38	29	39	38	25	20	46	41	29	37	26	29	24	24	30	36	26	42	39	35	45	29	25	40	36	32	27	32	41	32	31	36	40	34	42	25	30	38	28	39	34	44	42	33	34	46	33	33	36	47	38	42	22	28	38	32	33	42	41	47	42	31	38	29	30	34	41	41	33	29	30	36	37	35	32	39	43	28	40	30	34	27	34	34	34	30	29	41	36	32	19	34	35	38	46	31	27	25	38	33	44	39	31	43	38	39	35	32	36	27	34	29	44	39	26	30	37	39	40	46	26	27	29	40	24	22	39	38	34	29	28	25	26	28	23	37	27	27	39	35	34	38	42	38	41	35	36	41	39	42	37	46	38	31	44	36	31	35	33	38	33	25	39	24	30	34	39	45	33	31	28	26	39	47	48	41	24	37	38	32	35	23	43	33	36	36	37	24	41	31	42	34	28	45	29	17	47	35	34	36	40	21	24	41	30	38	34	33	35	36	39	33	34	31	38	29	41	23	35	24	44	39	34	35	33	32	33	32	36	57	33	29	49	44	36	33	39	42	29	43	44	25	31	26	26	27	37	33	32	33	37	31	44	31	41	31	19	29	39	36	34	48	36	26	31	49	33	23	25	36	31	39	26	27	43	29	36	36	43	38	29	38	27	32	33	30	33	31	33	31	34	22	42	37	29	36	27	36	37	32	28	29	41	31	35	35	41	36	30	32	37
cell18	33	34	30	43	35	46	39	32	34	35	33	40	29	41	29	35	24	32	31	35	39	36	37	30	42	39	31	41	31	37	42	27	36	51	44	36	49	37	43	33	39	37	30	33	23	51	23	28	46	44	32	41	39	37	39	42	44	38	38	33	40	35	41	44	34	26	36	48	27	41	30	28	43	37	52	37	43	30	37	43	39	38	46	37	31	38	39	44	34	28	39	32	31	42	41	42	36	36	32	34	38	39	29	39	46	46	28	39	35	31	31	38	32	30	43	35	46	50	41	46	44	44	36	45	45	33	26	35	37	27	37	42	25	41	35	39	35	45	33	28	38	23	32	33	39	34	33	39	36	35	39	33	45	42	35	30	34	36	29	39	42	45	47	49	36	42	46	38	34	36	45	37	36	31	40	35	28	39	43	34	34	36	33	31	42	37	41	17	34	40	27	34	37	34	33	39	36	36	45	37	38	31	37	43	31	37	40	53	44	28	46	34	43	33	22	43	31	26	53	36	36	46	37	28	44	38	33	31	32	44	45	30	42	32	45	44	41	46	29	36	37	29	31	31	33	36	52	29	38	40	29	38	51	39	44	40	32	29	34	28	48	51	45	36	41	29	38	41	40	32	45	37	43	46	39	24	46	45	37	43	48	48	33	45	31	38	40	26	42	30	27	36	42	34	46	35	37	26	36	37	35	40	31	43	43	40	30	36	40	52	34	34	45	39	38	36	31	35	44	28	43	37	30	32	52	30	43	32	46	32	36	33	41	58	25	38	37	38	38	39	47	34	32	40	33	34	46	37	36	28	18	36	40	39	41	40	42	44	31	29	31	43	22	33	37	35	38	31	38	37	29	29	42	34	35	35	46	39	29	33	35	38	25	43	47	33	38	46	42	42	37	44	40	32	27	34	27	29	40	31	44	32	44	38	38	39	33	33	38	39	39	45	29	41	44	41	38	27	32	34	45	30	33	43	32	36	35	42	29	36	26	27	32	37	37	38	27	35	50	39	36	39	26	32	40	32	32	42	39	37	35	38	33	30	40	28	40	47	39	54	32	35	31	42	47	51	40	30	41	25	42	33	34	34	41	37	36	38	42	43	40	29	35	36	40	34	45	35	28	32	47	45	30	39	45	31	45	32
cell19	68	46	61	57	63	58	67	54	61	40	49	49	40	61	41	50	52	56	72	56	64	55	54	50	55	47	56	56	49	59	62	46	56	51	67	44	60	47	71	49	42	53	61	61	52	61	49	48	70	52	53	67	59	62	62	59	42	68	55	54	53	55	63	56	72	47	56	60	54	69	48	53	57	65	52	50	58	68	46	57	68	66	61	58	52	53	76	74	51	58	54	67	62	62	77	58	62	63	58	72	69	50	40	59	75	66	57	73	60	51	55	76	55	40	69	47	63	55	66	58	65	62	54	54	59	62	56	66	51	61	55	59	52	69	65	59	66	62	69	59	67	62	65	47	56	65	71	50	68	58	45	40	52	52	48	54	53	57	37	46	64	69	65	54	63	58	78	58	48	60	58	58	72	55	52	52	61	55	63	53	49	50	58	61	48	68	73	58	46	59	53	66	62	69	64	53	57	46	73	67	50	53	72	63	55	54	57	57	57	63	69	76	53	64	54	60	56	67	68	54	57	60	58	59	66	47	64	52	45	71	69	51	50	45	53	59	51	66	53	56	61	60	55	53	62	54	54	52	56	54	63	60	67	61	57	58	49	59	53	41	62	70	44	73	71	68	70	64	54	69	62	53	65	53	64	70	63	57	59	66	68	56	68	67	64	54	51	49	54	59	53	56	64	59	56	57	57	65	50	59	62	60	39	54	52	53	49	57	44	54	61	60	54	63	57	56	67	56	59	58	61	44	52	53	62	51	54	75	73	62	51	63	55	60	64	72	61	50	52	55	55	57	73	60	59	53	55	68	63	60	58	61	82	52	52	56	55	56	64	50	60	62	59	75	54	54	59	67	65	67	63	56	52	72	55	51	61	50	58	54	58	59	49	63	56	67	58	54	59	67	46	57	47	42	61	57	47	61	50	58	72	50	73	60	41	56	67	48	57	65	56	51	49	68	41	58	45	47	59	47	68	61	50	45	56	56	56	52	44	51	46	61	63	55	60	54	65	51	48	64	58	57	70	40	51	58	57	56	48	49	43	52	46	51	59	72	65	67	61	47	45	51	60	52	55	63	59	57	36	53	71	55	60	57	60	46	58	54	50	49	44	57	52	47	54	57	63	67	41	50	55	74	59	63	51	51	51	60
cell20	41	62	37	49	65	36	36	42	37	31	32	36	50	51	46	51	50	47	45	45	44	49	33	54	41	45	43	42	44	48	35	45	39	37	38	31	55	43	47	51	46	38	41	42	43	39	45	48	40	43	44	40	48	34	42	35	42	38	46	52	54	48	50	36	43	36	52	40	38	37	30	46	38	39	37	39	44	36	41	38	46	36	32	48	41	40	37	35	45	39	51	46	34	39	44	37	33	36	49	50	35	34	46	54	51	48	35	43	38	50	44	46	33	36	47	42	57	28	40	41	39	42	48	50	45	36	44	31	40	42	35	47	54	42	44	40	37	47	48	41	52	38	37	45	43	48	53	52	40	43	47	34	45	40	36	45	36	40	41	38	39	36	61	36	32	44	37	46	38	49	46	46	38	41	38	45	46	31	46	25	36	41	55	42	55	52	33	36	39	38	34	42	57	44	39	46	36	41	51	38	38	43	45	45	43	32	51	57	40	35	46	49	57	48	34	38	47	32	38	42	41	56	42	43	41	50	31	55	32	32	44	45	44	63	59	40	43	43	51	49	39	45	42	58	47	43	43	45	47	53	33	39	39	51	38	26	44	35	39	38	51	48	47	33	43	39	46	49	40	37	44	38	42	45	49	51	45	39	49	36	32	42	38	32	48	47	47	38	44	55	32	37	43	39	37	40	45	50	37	45	36	52	38	34	35	55	37	42	38	44	57	36	43	44	41	37	41	39	50	32	42	40	36	50	50	44	49	37	37	50	28	42	26	50	38	40	58	43	51	49	39	50	43	32	40	40	43	40	47	41	49	50	44	40	46	41	39	43	35	35	25	37	33	51	44	32	50	35	44	46	39	37	39	39	41	39	52	43	40	44	55	40	39	31	46	47	30	49	41	39	43	46	41	42	43	36	36	42	37	55	38	41	52	48	40	37	40	42	39	45	43	43	40	45	36	43	49	39	25	27	44	37	31	35	37	39	35	44	33	36	36	34	37	39	35	36	43	52	45	55	40	39	51	42	47	34	31	46	37	32	45	50	40	44	47	41	56	34	46	45	41	33	40	48	50	51	45	44	53	39	51	45	34	53	46	38	41	36	48	39	31	42	33	43	42	51	41	43	37	47	40	33	36	44	50	34	49	46
cell21	47	35	59	47	55	41	46	34	53	47	45	50	45	45	35	40	60	40	40	42	68	47	48	35	66	55	55	48	39	41	44	44	46	50	52	47	48	54	52	43	47	52	44	55	51	49	51	36	43	45	36	46	64	48	36	42	43	60	58	49	42	54	54	41	56	35	45	42	45	47	51	44	57	44	43	46	37	62	49	56	48	70	48	49	36	49	42	49	38	44	38	42	48	61	47	45	56	45	48	58	45	47	46	55	46	43	50	33	59	49	48	43	49	43	54	48	51	37	45	56	53	52	48	50	55	49	51	40	47	38	42	43	41	44	43	48	58	51	48	62	58	46	54	40	42	55	50	37	41	50	53	60	50	53	46	46	41	45	47	55	50	52	45	54	45	41	42	45	35	48	50	46	55	50	48	52	39	33	46	44	38	45	48	65	34	62	52	49	46	51	44	44	45	59	56	53	34	52	51	56	47	52	55	46	51	55	47	39	37	39	40	48	54	43	48	53	53	45	48	30	36	51	50	39	55	51	46	49	59	49	50	57	57	56	61	45	40	29	50	45	40	47	43	50	44	45	56	38	52	51	50	69	42	42	52	37	47	46	40	34	53	59	37	47	62	54	46	38	32	46	45	31	59	42	43	49	49	44	47	47	57	42	55	44	47	41	47	53	45	52	52	47	47	47	48	53	45	37	48	41	53	52	44	50	42	47	50	63	46	47	45	41	49	46	32	52	49	44	42	45	53	40	58	51	43	47	49	47	41	48	43	49	53	63	59	43	39	48	42	55	57	52	44	53	42	46	48	52	55	57	46	43	50	54	52	51	44	43	43	45	39	49	40	51	40	58	50	52	44	64	51	53	51	41	48	56	48	51	47	41	50	46	48	40	49	48	45	46	55	41	47	59	38	36	54	43	43	51	52	51	50	37	50	49	23	57	50	52	43	55	44	65	43	50	48	45	49	40	43	59	58	44	46	39	56	36	54	48	39	43	40	39	46	50	46	40	41	56	53	51	56	40	47	53	47	67	43	48	46	35	38	53	56	46	54	40	59	39	42	41	51	49	48	70	55	39	47	51	55	41	47	48	34	43	49	55	57	51	48	48	46	36	40	47	37	51	47	56	53	52	51	62	42	58	42	31	52	45
cell22	35	40	58	55	42	50	45	49	57	52	40	49	42	50	41	42	50	43	41	49	55	33	48	54	58	44	55	47	37	45	41	36	39	44	37	40	44	52	53	52	35	45	42	46	40	39	36	40	58	50	66	66	48	58	43	35	32	63	45	46	39	49	56	44	41	52	34	48	50	53	48	46	39	33	53	43	55	53	43	38	40	50	50	33	45	43	69	44	46	54	43	34	61	39	57	46	56	48	48	43	43	41	45	41	38	40	42	46	50	53	51	57	47	44	52	38	43	43	46	54	53	49	53	58	43	50	43	49	62	27	43	41	44	52	38	48	46	35	46	50	55	41	39	68	45	43	37	51	50	35	41	33	46	44	57	38	42	41	36	56	60	47	45	41	40	42	51	42	60	44	35	51	45	48	46	55	50	41	42	43	42	37	44	58	49	48	48	55	32	46	35	53	49	60	49	40	34	42	50	47	44	48	69	38	46	41	46	46	51	63	48	50	54	46	47	48	40	51	36	50	46	40	41	41	36	35	38	43	64	47	53	50	52	45	35	44	40	46	42	40	53	43	49	51	46	52	42	46	54	53	39	52	54	44	37	35	33	39	51	34	46	51	50	48	48	41	53	53	49	44	43	40	58	39	49	43	55	37	42	52	43	43	58	50	45	40	42	48	53	46	35	55	54	37	48	45	41	46	47	42	36	38	49	46	42	49	38	60	45	42	42	50	39	48	39	56	39	53	52	50	45	55	43	50	59	41	43	37	33	50	47	59	46	59	57	49	42	55	50	53	45	40	37	47	42	45	33	43	34	39	37	46	46	53	56	57	43	46	33	45	55	40	53	46	54	54	40	49	41	54	39	40	40	38	52	42	44	36	44	40	46	53	35	35	43	50	45	46	50	53	51	42	42	42	32	49	53	54	36	55	48	54	51	46	44	46	52	38	47	44	50	58	38	52	51	65	40	47	44	53	45	55	55	56	43	48	45	50	41	42	38	45	43	38	37	43	45	43	43	53	48	56	40	48	41	37	46	42	49	48	45	52	46	46	51	52	44	54	57	58	41	41	45	44	49	43	58	38	45	53	50	46	47	46	50	52	46	28	51	46	42	45	42	47	46	48	48	53	53	45	40	54	52	56	48	43	65	43
cell23	47	53	44	61	62	55	63	44	46	61	42	61	54	61	46	62	64	56	45	52	44	57	62	53	61	64	43	54	48	59	50	46	51	66	64	46	51	51	66	47	36	52	49	52	55	44	48	38	47	59	46	58	59	43	49	53	62	40	44	44	59	49	61	52	62	51	50	60	51	55	66	55	64	48	50	58	66	43	69	62	45	47	53	48	56	55	58	43	56	45	39	42	44	48	49	50	45	55	49	53	53	58	59	58	51	46	49	60	50	53	53	65	62	56	51	60	67	47	62	57	51	54	37	56	50	56	39	48	51	58	43	30	41	46	51	55	57	49	53	50	50	66	65	59	44	59	43	54	54	50	42	52	60	59	45	57	33	48	46	44	52	53	66	51	57	48	52	46	60	54	53	49	61	53	47	52	69	45	52	49	54	58	59	48	52	64	54	43	50	48	54	55	57	68	54	60	45	50	61	50	69	49	59	52	45	42	59	56	71	59	60	56	50	49	44	44	47	57	42	54	55	49	53	65	68	48	70	46	54	69	63	54	56	55	53	48	51	68	48	41	35	55	48	53	52	54	61	46	50	45	52	65	45	54	46	38	54	40	53	45	54	53	43	56	65	55	55	59	47	53	57	59	57	49	47	58	65	49	55	53	46	47	58	61	48	41	60	65	55	58	48	51	55	45	62	52	50	40	73	48	58	55	53	62	48	62	51	46	52	68	51	43	57	41	51	51	48	61	57	48	49	55	63	52	65	46	46	47	66	61	42	62	59	67	56	61	62	66	48	52	48	59	49	49	72	46	54	57	51	53	56	48	61	58	53	57	51	55	56	50	45	58	42	66	42	50	53	49	53	57	46	64	69	57	55	41	50	48	52	52	52	61	51	56	57	47	48	56	48	51	67	62	52	45	48	50	52	61	57	50	60	52	57	67	45	41	66	59	65	61	53	39	60	62	48	63	58	50	39	52	54	47	57	62	51	41	45	60	59	63	60	57	57	44	62	76	43	60	43	66	59	59	41	42	71	52	62	61	63	43	54	48	56	64	53	64	65	48	44	70	45	59	33	54	45	64	66	45	58	47	59	41	33	38	59	54	36	45	47	47	50	49	50	54	53	58	64	51	56	54	48	68	49	46	49	45	55	55
cell24	60	75	68	90	73	71	67	76	78	85	70	83	54	60	60	77	75	79	70	73	75	76	64	65	68	84	77	63	68	86	63	57	89	73	75	60	87	71	72	77	59	89	56	68	76	70	54	75	77	66	80	65	87	67	62	69	84	61	64	81	73	57	89	71	73	56	74	67	69	69	61	51	72	50	74	82	79	85	69	70	65	63	76	56	80	60	72	79	85	77	75	81	73	85	68	71	81	77	81	75	70	79	69	52	55	68	57	71	68	68	80	74	73	59	76	54	64	75	80	66	77	78	76	77	64	71	75	65	86	64	59	87	73	64	65	61	92	84	55	79	74	80	74	72	74	63	70	71	87	76	63	60	79	63	92	61	57	59	62	67	74	71	77	65	87	72	86	84	69	65	68	78	64	82	56	68	82	65	87	61	58	66	69	79	83	62	73	79	63	63	63	59	74	86	72	84	80	77	66	78	83	75	80	71	75	74	65	77	60	84	81	74	61	77	81	71	60	74	84	72	49	72	80	80	75	70	84	88	67	78	79	72	86	71	71	91	73	56	79	71	65	72	70	76	64	72	70	56	74	86	87	81	69	79	64	67	63	71	57	62	73	88	86	62	93	64	69	93	71	72	66	72	64	70	71	68	97	69	83	78	86	73	93	72	60	68	69	71	67	61	78	70	70	85	74	95	71	62	62	75	71	63	76	77	95	92	90	83	57	79	74	70	74	70	70	63	79	90	76	67	73	67	76	70	74	65	71	60	76	81	64	80	72	85	73	74	92	65	59	81	74	83	74	81	73	76	63	76	82	78	73	59	71	83	88	70	79	74	70	62	67	67	77	70	64	59	65	75	66	84	68	68	59	67	66	74	75	70	58	69	90	58	76	71	81	72	81	69	81	79	77	70	79	51	70	66	54	96	65	67	79	95	77	67	77	69	57	68	81	68	84	72	78	88	65	75	67	61	59	61	70	72	79	65	88	70	74	64	60	79	74	73	76	64	70	66	79	77	72	73	55	62	76	64	74	71	72	95	74	74	89	76	80	73	87	68	70	69	87	71	54	75	78	65	67	80	96	68	77	49	72	71	70	69	62	73	62	63	75	61	66	63	60	71	84	82	62	85	72	61	74	66	64	64	72	67	77	65
cell25	59	49	51	45	62	55	43	57	42	50	52	58	38	48	45	53	48	57	64	54	67	58	45	50	47	76	48	58	61	50	39	45	55	56	48	51	51	52	42	42	44	41	57	37	59	43	51	44	50	49	52	57	48	47	34	50	48	46	57	40	48	45	49	31	41	45	46	43	46	48	46	48	62	36	37	59	32	50	47	44	54	65	62	41	46	49	48	56	45	48	44	49	64	40	61	60	56	53	44	54	68	64	38	39	49	59	47	43	37	49	45	55	32	39	36	58	61	44	52	48	54	42	48	50	46	54	58	57	63	43	43	49	58	55	45	44	60	42	54	54	33	54	52	45	48	54	50	58	50	47	53	42	42	49	49	48	47	51	42	43	47	46	48	52	37	50	40	45	56	52	57	45	50	54	39	56	50	44	55	48	42	52	45	39	43	56	43	51	42	54	51	46	55	42	44	42	58	47	57	60	48	49	36	56	46	55	55	58	47	56	40	52	37	54	43	52	43	56	47	47	37	62	36	47	63	43	46	63	42	55	53	46	48	55	54	44	48	54	44	37	53	50	56	48	68	42	45	47	60	60	57	48	52	63	44	40	53	50	44	40	60	54	40	40	46	52	51	36	36	56	58	55	63	48	45	65	57	51	50	71	54	50	41	50	47	45	47	49	56	46	50	54	60	41	49	51	39	46	45	42	62	60	44	52	39	54	46	54	51	65	51	58	49	53	46	51	35	52	49	41	41	54	45	45	52	53	57	43	43	44	52	60	52	53	56	64	52	47	49	61	55	49	51	49	54	50	54	63	51	61	43	38	70	52	32	62	45	53	51	52	49	49	56	46	44	41	56	41	45	55	56	48	44	52	48	47	57	41	51	64	46	47	42	60	50	64	39	39	52	45	48	55	65	46	35	50	50	46	46	56	64	55	58	57	43	58	38	45	40	52	65	44	37	63	52	54	61	53	52	53	52	49	44	55	48	46	54	35	46	45	61	50	43	33	42	48	35	46	68	46	40	54	45	44	51	63	56	57	68	35	57	46	52	45	44	52	49	67	43	48	37	61	44	61	47	62	68	39	64	40	61	51	40	52	59	41	46	41	48	52	43	58	48	36	53	57	54	44	43	50	47	45	46	50	62	31	57	44
cell26	49	72	42	63	61	62	65	50	54	74	42	59	48	67	56	54	74	56	39	69	64	54	64	40	67	58	59	60	74	53	66	60	62	67	53	64	50	52	62	56	55	64	67	57	44	44	56	56	54	58	53	54	73	54	52	54	51	52	52	60	46	55	70	52	65	47	80	58	46	62	50	65	68	71	51	50	57	61	49	47	44	70	66	55	58	59	59	52	55	63	69	56	47	57	60	52	54	47	67	74	68	56	39	54	70	69	53	60	47	63	60	49	47	62	62	59	63	66	63	74	54	58	60	51	68	53	65	50	75	62	63	68	67	58	54	62	61	63	69	61	76	54	58	63	61	62	57	55	62	63	59	66	55	52	69	67	52	57	57	61	67	62	72	62	57	68	63	67	60	52	62	62	56	56	56	60	62	61	63	51	53	60	66	70	49	55	52	47	52	59	44	48	57	55	54	55	50	73	47	61	56	46	47	80	54	53	64	62	59	59	48	79	67	54	58	58	56	60	52	53	49	64	71	54	64	49	71	60	61	61	73	56	53	71	74	49	73	52	54	66	56	58	52	60	56	61	68	57	66	77	52	52	52	58	56	48	40	58	54	49	49	74	56	68	57	63	56	67	45	59	75	50	55	66	58	66	66	49	61	62	48	54	60	66	62	71	58	49	56	67	59	59	64	53	60	64	76	49	61	74	67	54	69	66	57	62	66	51	61	70	47	60	54	57	60	52	55	50	45	49	49	49	62	47	65	47	60	53	54	52	65	58	69	68	54	88	44	63	48	63	50	61	74	52	66	55	55	54	66	56	56	57	64	75	56	48	48	54	45	56	59	81	61	63	50	64	76	47	48	60	62	62	55	50	31	62	80	45	41	46	54	53	50	57	51	55	55	69	50	45	66	71	51	40	48	53	54	74	57	59	66	55	57	51	61	61	54	55	67	57	67	60	57	65	58	53	56	69	48	47	72	63	74	46	62	45	55	67	53	62	56	51	53	47	65	69	60	42	62	59	69	54	54	59	66	58	54	62	58	50	49	66	53	59	52	66	50	52	65	65	46	64	48	68	48	63	79	56	57	56	52	57	54	53	48	71	51	57	54	51	57	65	58	62	57	60	65	59	54	50	62	64	56	57	79	58	54	53
cell27	21	16	22	26	42	26	28	36	24	29	21	27	17	25	25	17	26	25	27	34	30	26	36	26	26	22	22	26	30	18	29	26	19	30	20	35	20	26	39	31	28	21	22	23	24	27	29	33	24	32	26	21	44	26	24	24	25	25	26	29	26	26	27	27	26	26	25	22	20	26	22	27	37	22	25	26	26	19	20	26	28	30	34	28	20	32	26	34	32	29	34	21	32	27	23	25	27	24	30	27	42	30	26	30	21	27	32	28	21	28	24	23	12	24	27	21	33	23	40	31	32	20	33	31	28	23	33	24	23	29	20	26	22	32	32	30	40	31	27	38	20	31	23	28	15	37	27	20	22	21	24	19	20	22	45	34	23	30	13	26	28	25	21	35	23	24	30	26	22	31	23	34	24	25	25	37	20	39	19	26	24	31	32	29	37	27	36	26	32	27	31	27	25	31	28	24	30	27	25	22	31	29	28	27	25	33	34	33	33	21	28	29	35	28	24	28	17	20	30	27	16	21	28	25	28	24	28	24	25	27	22	29	26	33	28	26	24	22	27	26	29	22	29	27	32	34	18	19	20	27	31	27	30	24	24	20	28	28	26	21	27	31	35	21	37	29	27	25	32	33	21	24	46	20	29	29	22	19	34	29	29	28	23	26	20	27	24	34	25	33	19	31	31	17	23	28	34	22	32	20	39	26	30	34	37	30	24	26	25	31	26	30	18	26	26	27	19	20	21	29	34	22	32	23	25	25	28	33	35	20	22	22	28	29	29	27	31	24	28	24	23	22	30	29	23	27	21	37	21	33	25	28	31	34	30	30	27	18	25	21	19	23	26	29	30	21	24	18	25	19	28	14	29	22	20	23	39	17	31	27	30	37	29	24	23	24	29	32	16	31	17	29	22	16	28	34	30	23	23	23	26	24	36	19	26	21	24	32	17	21	20	30	19	40	35	34	22	28	23	37	24	29	24	23	29	15	22	31	32	25	24	21	30	31	21	30	20	28	21	36	29	27	29	23	28	33	18	21	29	26	27	23	30	26	19	28	30	21	35	24	26	24	23	35	27	34	31	19	29	29	28	22	26	25	27	19	27	20	26	29	31	18	29	22	28	29	25	25	32	21	25	24	19	25	31	28	25	20
cell28	44	47	42	62	46	47	54	51	40	52	39	44	43	48	49	39	45	39	44	58	48	50	58	48	41	41	41	51	41	48	32	49	42	52	50	42	46	51	57	55	48	45	37	55	46	50	48	61	48	49	59	57	49	48	44	38	53	45	40	55	39	50	52	37	55	53	36	44	44	44	51	50	54	38	51	34	46	26	50	36	55	46	44	54	35	58	38	59	42	59	42	42	54	48	46	47	46	39	45	50	55	44	39	50	45	47	37	49	47	38	53	48	46	44	52	53	50	56	60	41	57	45	59	33	41	59	53	37	48	49	42	51	51	38	38	40	68	60	57	43	48	41	55	49	50	36	43	47	43	39	49	55	44	41	34	54	43	51	36	32	47	59	53	51	54	43	48	52	41	45	52	48	62	51	50	44	44	34	61	43	47	38	47	56	40	39	37	51	50	37	40	48	46	52	47	44	45	39	48	48	50	40	43	47	40	34	52	51	57	52	50	41	44	48	44	55	46	43	42	45	35	48	66	40	55	36	55	45	39	51	52	51	51	48	57	43	38	54	44	45	32	38	50	45	47	44	48	43	49	62	45	61	52	40	58	48	55	44	43	49	46	61	49	46	50	63	52	49	52	48	55	47	54	51	54	53	55	43	51	46	54	33	41	51	61	47	51	47	56	49	50	55	57	47	54	47	40	46	49	38	38	56	41	46	48	56	52	55	36	35	45	48	43	44	58	44	48	52	45	45	45	47	47	58	59	50	45	63	38	46	58	43	52	54	59	48	64	41	54	39	39	49	40	51	48	44	49	38	52	32	43	48	52	51	44	48	49	46	44	42	34	48	47	45	64	42	51	41	45	61	43	52	41	55	51	44	70	48	52	60	65	29	47	44	49	41	45	54	50	35	53	65	36	34	48	37	39	45	47	51	47	57	48	51	58	34	45	64	45	59	58	56	53	48	48	41	50	55	48	34	49	42	45	50	63	51	40	50	43	48	40	37	57	43	57	43	53	48	45	40	41	48	44	42	45	53	58	30	52	46	41	49	41	52	42	55	54	48	49	46	53	59	32	42	43	51	55	44	43	56	51	46	39	43	43	45	44	47	49	43	57	38	43	48	46	43	51	54	37	41	42	51	54	48	56	50	40	52
cell29	34	33	47	49	38	38	40	38	30	49	36	42	30	49	34	37	35	35	28	44	47	32	36	44	44	38	44	38	33	36	37	42	35	40	45	34	34	39	29	44	34	39	32	36	42	28	29	46	41	33	45	29	38	41	31	27	38	39	38	34	27	42	42	43	35	28	39	36	37	32	38	39	60	37	42	43	55	32	41	29	40	50	42	36	36	53	31	43	41	40	43	37	35	44	38	31	50	33	28	38	39	26	29	52	45	37	24	41	34	44	47	38	45	26	47	27	38	48	33	48	31	36	44	48	34	42	36	42	32	33	45	33	28	38	35	51	37	34	42	37	36	35	21	40	31	35	38	36	39	26	53	42	36	51	40	42	28	28	34	43	37	41	32	43	32	26	31	40	34	42	46	31	41	30	37	38	32	40	44	32	22	41	27	27	34	40	33	28	43	41	42	26	34	56	40	41	46	30	41	33	33	35	50	32	37	39	43	38	35	40	27	40	40	35	39	38	37	36	40	27	25	38	41	37	38	47	40	35	46	51	35	42	48	44	38	36	51	42	41	49	37	37	40	50	41	43	38	37	21	53	28	39	38	25	31	27	26	44	36	24	27	45	29	31	43	50	48	37	35	37	40	32	35	28	37	41	43	36	30	44	36	38	34	50	27	38	31	42	26	37	41	38	33	38	34	37	31	40	39	40	28	30	39	31	33	36	40	49	40	31	43	39	37	34	32	40	32	33	33	30	35	40	41	39	38	30	36	38	32	36	30	44	38	37	33	39	39	41	42	33	31	38	41	27	26	41	32	33	28	44	31	50	30	38	34	45	37	39	35	22	33	36	38	30	46	30	36	39	40	45	31	38	36	40	35	38	42	40	42	27	40	31	28	48	30	42	38	35	46	33	42	44	44	32	27	43	39	38	39	31	46	43	38	37	42	31	32	49	38	52	42	46	41	34	33	39	44	36	31	41	35	44	37	33	37	32	33	36	30	33	24	25	40	41	32	50	37	35	44	37	31	38	46	37	42	47	38	39	36	42	35	37	29	45	41	31	34	44	26	42	41	29	37	49	39	24	40	38	40	28	46	42	33	37	31	42	36	41	41	30	35	28	35	41	31	33	36	28	48	33	36	41	43	34	34	43	43	34
cell30	39	32	29	38	27	38	37	37	27	36	38	41	32	38	33	32	38	34	43	34	24	32	30	35	36	25	17	29	32	22	32	25	30	53	40	32	41	36	34	47	41	32	45	25	25	25	36	38	32	28	27	28	45	31	36	21	38	36	42	37	31	40	32	27	32	20	39	28	28	32	37	45	26	19	31	35	33	24	37	40	36	28	36	35	38	32	31	31	24	34	28	24	30	28	45	29	40	32	33	31	29	29	39	34	35	30	32	31	40	30	33	34	40	33	32	31	40	36	48	32	33	38	34	35	32	24	38	26	31	25	34	28	27	27	34	30	28	35	29	41	27	46	40	26	34	38	41	45	37	33	39	45	28	34	39	34	26	43	30	30	42	32	37	34	33	37	38	38	33	37	40	26	30	41	31	37	29	17	43	37	26	34	30	30	33	40	38	34	30	26	44	36	32	49	36	40	31	29	29	45	34	34	39	26	27	32	27	27	29	40	38	34	37	35	39	24	38	30	27	35	31	27	27	25	32	28	29	38	35	37	32	28	27	36	27	34	38	32	35	32	37	36	23	40	40	36	32	34	34	46	48	26	27	31	36	37	36	36	35	33	35	36	32	30	21	36	28	28	36	34	32	34	32	30	24	41	38	18	32	41	32	38	35	34	37	24	35	25	27	33	34	31	36	38	32	35	36	35	32	32	29	39	32	39	32	33	21	40	29	37	42	31	35	41	31	32	30	27	39	27	32	33	33	33	40	39	43	24	31	30	39	33	42	44	29	40	38	26	29	36	25	36	38	27	28	31	25	32	33	40	27	32	32	30	36	38	33	34	34	32	31	34	32	30	31	35	30	30	31	47	27	24	32	39	40	34	33	26	39	39	45	22	25	18	39	42	27	30	36	34	36	33	20	38	25	28	27	28	32	29	19	40	36	29	31	29	22	35	33	33	28	40	33	30	35	38	31	40	30	25	39	28	38	26	33	34	25	31	35	34	37	37	27	25	31	32	27	36	35	39	30	30	28	33	34	31	32	31	22	36	38	28	30	19	48	28	33	30	25	26	23	40	33	33	24	34	31	38	41	35	24	26	30	40	35	46	27	26	33	35	28	28	34	29	49	34	32	46	40	27	35	33	32	36	30	38	34	32
cell31	27	34	51	41	38	35	37	33	50	37	43	28	41	30	34	39	29	31	36	37	51	35	43	46	23	35	24	38	44	42	40	44	29	30	37	42	44	42	41	35	33	30	43	34	35	49	30	35	33	42	47	42	28	36	41	30	37	30	41	39	40	28	35	39	44	35	39	33	41	37	42	40	23	30	27	49	42	27	44	34	33	41	36	30	34	42	36	37	38	38	31	28	40	41	29	37	39	43	35	42	36	29	33	41	50	32	38	41	35	36	31	35	36	33	40	40	34	30	34	39	34	40	33	42	29	31	40	35	36	38	37	42	35	35	28	34	30	37	34	39	52	40	38	31	37	43	37	42	43	31	34	44	44	38	38	37	19	49	40	25	36	35	41	42	39	43	24	30	35	46	40	42	27	34	31	43	36	32	36	45	29	37	35	44	38	38	32	37	44	27	24	35	43	42	31	38	38	31	37	33	23	32	36	40	44	44	34	41	30	38	40	33	37	42	33	30	48	34	38	33	32	29	30	43	41	32	50	33	46	52	30	25	38	40	36	31	38	37	32	39	41	25	35	27	47	47	33	40	41	39	33	39	36	35	36	24	40	41	41	28	40	43	32	46	40	43	44	35	45	35	32	32	39	37	37	39	48	44	38	48	41	32	37	30	46	42	27	41	31	30	34	37	47	36	42	41	36	29	37	40	36	32	34	33	40	43	32	45	34	50	36	29	36	43	41	54	36	42	45	26	32	36	41	32	42	36	37	45	33	37	31	41	23	37	36	49	41	31	25	37	36	49	24	30	34	34	32	37	29	47	32	37	37	41	33	43	45	28	38	32	34	31	27	33	41	48	33	27	36	44	49	46	24	28	31	34	36	34	46	53	46	26	31	38	36	43	32	29	34	30	34	44	52	36	35	31	39	31	41	38	18	33	34	40	23	41	39	35	32	36	37	43	41	44	32	32	44	36	40	31	44	44	32	35	50	33	29	35	48	39	38	28	40	32	35	26	30	33	38	39	45	43	34	33	39	35	49	36	40	26	37	33	34	50	40	33	42	38	33	53	33	48	27	32	44	36	54	26	41	36	52	32	34	45	41	34	22	24	32	45	30	34	29	40	28	40	36	30	34	20	30	48	39	29	39	45	44	42
cell32	50	39	40	44	57	45	37	45	43	36	49	43	40	45	40	40	45	49	42	41	50	47	49	33	48	43	34	43	37	31	41	40	37	51	40	38	41	41	36	27	41	44	34	46	38	43	29	85	94	75	87	89	94	75	92	82	91	86	76	84	101	104	80	76	98	62	95	86	80	84	81	83	84	91	89	76	97	80	79	70	79	38	40	44	0	0	0	59	42	39	49	52	39	38	48	46	39	51	54	55	47	43	36	49	43	41	51	45	45	34	44	55	40	37	45	50	56	46	40	47	40	45	42	43	45	41	48	44	45	37	39	34	38	34	45	55	42	38	40	41	38	44	41	42	27	42	39	45	54	40	41	40	52	39	46	49	40	42	39	44	52	47	43	57	43	41	33	47	46	46	40	40	57	45	38	44	45	50	44	37	48	32	39	46	40	38	37	30	34	42	47	39	45	42	48	49	51	44	48	52	42	31	59	44	39	47	43	44	42	37	49	34	36	37	38	44	37	34	38	47	37	39	41	48	52	43	49	40	45	34	41	51	48	40	46	50	39	48	55	48	45	51	41	54	40	42	48	34	45	43	43	47	57	50	48	37	46	45	47	51	40	54	54	38	43	47	44	49	64	45	50	37	56	46	50	33	40	36	41	44	48	61	44	48	46	43	38	36	48	46	55	49	44	43	41	49	37	43	37	44	41	47	44	37	53	46	35	60	59	43	44	35	44	46	38	53	36	42	45	27	37	37	48	43	46	44	43	46	48	37	46	52	46	60	43	49	38	37	31	38	38	41	46	38	41	44	43	29	38	29	41	48	46	51	38	43	40	49	41	46	39	49	46	48	48	55	39	39	42	39	46	34	34	42	39	49	59	51	48	40	51	41	40	42	42	56	33	34	47	38	43	41	47	29	45	45	56	36	34	40	44	50	52	32	52	36	47	41	39	51	41	52	31	37	34	42	47	46	44	35	40	40	36	55	40	38	46	49	31	42	41	35	38	44	43	37	42	51	42	42	32	44	43	47	49	45	43	44	37	34	45	38	33	51	43	45	45	41	37	55	42	38	42	38	38	41	36	43	55	42	56	51	32	46	36	41	48	35	54	55	39	40	41	35	36	37	39	41	37	37	31	54	38	41	50	42	50	42
cell33	47	65	72	61	60	58	67	64	56	84	62	61	60	57	70	58	51	62	58	59	83	52	69	72	73	62	60	55	68	67	62	50	82	61	65	46	67	66	57	57	60	81	62	62	50	55	48	136	115	124	128	111	148	128	128	127	145	131	114	138	125	122	147	129	142	123	149	102	122	125	124	132	124	138	122	128	142	99	116	117	116	63	64	57	0	0	0	76	60	51	61	65	55	56	77	56	70	70	53	64	72	66	75	43	56	66	79	56	67	60	62	69	49	68	76	71	76	73	74	63	54	71	59	67	50	83	62	74	63	59	59	68	55	52	62	65	89	60	59	64	55	57	64	54	67	63	58	63	84	62	46	62	62	50	73	56	48	58	44	58	75	51	60	63	67	65	70	66	70	71	61	60	65	50	57	52	59	59	73	87	75	44	58	56	67	50	67	73	59	59	70	70	57	66	54	65	68	58	73	72	60	64	55	69	68	59	89	61	53	53	65	64	59	47	61	55	75	71	68	50	62	64	57	68	59	62	65	55	72	68	63	56	63	67	64	56	61	63	61	60	55	55	47	58	68	78	60	62	63	79	45	52	68	49	64	55	65	64	62	55	60	83	61	79	71	51	72	62	73	66	60	58	53	51	67	65	74	54	58	57	65	49	61	66	46	56	68	73	62	74	51	61	69	58	75	78	79	50	67	57	51	63	76	66	70	61	77	62	70	55	57	58	65	57	79	70	58	67	70	57	71	56	65	66	64	62	72	52	73	50	55	62	68	76	53	82	66	69	59	58	42	65	67	54	65	53	69	72	57	90	59	42	75	69	48	52	68	68	59	49	58	65	72	66	68	65	70	71	63	62	70	63	64	58	49	59	74	59	58	55	71	56	59	65	44	64	80	56	67	65	70	63	65	51	43	55	65	69	64	60	61	62	74	53	62	59	67	62	53	68	58	54	51	72	58	60	75	74	59	64	63	50	67	67	58	53	67	53	69	72	67	56	56	59	67	51	69	68	71	81	68	70	67	67	63	66	60	54	58	73	75	59	65	64	74	86	71	72	65	61	55	76	58	69	65	63	72	43	73	60	75	61	62	63	60	67	56	65	63	62	50	62	70	74	79	73	63	72	56	59	67	68	76	71	55	62	67	59
cell34	27	28	27	30	32	28	30	28	35	34	29	38	34	30	27	36	18	32	34	28	38	16	18	25	42	32	31	25	36	29	30	36	41	28	38	33	30	32	33	33	31	31	32	38	39	26	40	36	33	31	31	34	44	43	36	27	35	28	24	40	32	37	32	28	38	33	35	30	27	36	23	30	37	30	29	39	20	21	26	37	24	30	38	24	26	39	25	29	28	32	27	35	28	42	29	29	30	36	38	28	38	23	37	49	31	31	27	32	35	30	36	29	37	25	28	28	29	32	33	38	29	33	36	39	40	28	29	36	27	29	23	36	23	46	31	36	37	34	44	31	31	39	33	28	30	33	40	32	34	22	26	27	32	36	32	36	31	35	24	31	36	25	44	27	30	30	32	39	47	32	32	34	33	31	22	36	34	35	33	34	33	25	37	30	37	34	39	27	26	39	26	22	30	29	28	29	30	30	47	25	23	26	29	31	29	30	38	30	28	31	39	35	31	36	18	33	41	30	36	27	24	27	34	43	43	26	25	32	27	45	27	24	36	27	47	37	31	43	37	40	41	37	31	29	25	31	35	27	33	38	31	37	40	35	35	27	25	35	27	32	32	44	47	30	33	25	30	30	32	26	28	27	33	28	26	34	52	31	28	46	24	25	39	33	33	38	29	54	38	32	32	33	29	21	28	35	30	39	34	35	22	34	26	32	30	34	25	36	36	35	32	31	31	30	30	37	26	30	42	25	39	29	33	35	33	37	44	41	33	29	38	45	30	27	31	32	44	33	24	37	24	26	40	31	24	30	35	34	23	39	22	33	40	28	24	28	36	28	37	32	34	28	34	34	47	30	35	21	25	29	35	31	32	36	42	24	39	40	31	33	33	28	27	27	35	37	32	29	40	19	35	35	15	32	26	39	24	33	29	23	37	35	39	35	28	35	35	38	32	23	32	42	27	33	28	30	32	26	23	29	34	28	33	36	45	33	33	29	32	25	36	40	32	32	32	32	40	27	32	40	36	31	36	37	29	26	42	32	34	34	21	30	32	33	58	36	31	25	32	36	34	47	28	33	35	40	33	28	41	29	32	28	44	37	30	32	27	39	37	33	38	24	31	30	36	26	46	33	31	17	30	28	35	30	35	20	33	25
cell35	40	37	55	57	45	65	54	43	49	53	51	52	45	73	42	43	37	45	47	54	58	60	44	45	46	58	55	37	50	51	43	62	46	49	47	48	50	44	49	48	50	40	48	53	52	53	38	46	43	45	42	43	55	60	54	47	48	44	45	49	52	50	50	41	51	39	57	49	58	49	47	54	59	50	47	59	55	43	54	41	44	55	58	55	42	51	41	46	46	55	52	44	51	37	46	56	59	48	43	61	53	43	35	61	56	45	55	48	41	32	56	50	47	39	48	45	44	43	64	53	41	57	51	45	56	59	50	56	50	50	40	57	54	52	53	42	54	53	54	46	45	59	39	48	54	49	43	46	46	58	42	41	43	42	56	47	37	35	40	57	66	44	54	43	54	37	48	49	49	45	48	45	53	65	46	52	48	42	45	52	42	39	44	47	49	55	44	41	43	68	45	47	58	58	45	46	43	42	52	53	47	51	48	44	49	51	50	54	43	50	47	42	62	55	55	49	49	47	47	48	55	44	52	65	54	35	51	44	58	62	53	33	48	57	51	47	50	40	49	50	43	49	60	38	51	50	41	52	47	58	30	52	42	35	45	41	42	46	61	60	46	58	49	63	43	48	61	48	50	50	61	39	57	47	47	53	43	46	58	50	49	41	35	54	35	49	32	42	47	57	58	46	51	43	54	47	53	50	48	40	53	37	43	47	50	59	57	50	47	50	47	40	45	56	56	49	52	56	43	39	50	42	37	38	58	46	57	44	50	52	58	54	50	47	47	62	47	50	45	41	46	61	56	47	41	48	40	59	51	52	42	48	52	48	43	39	58	48	43	39	39	42	44	44	64	65	32	42	50	48	58	48	56	42	63	47	50	43	55	36	46	44	46	44	43	58	54	52	56	46	39	55	51	44	46	51	52	60	35	52	27	43	56	44	40	53	48	58	35	43	54	41	46	43	45	57	53	45	38	42	53	50	52	43	49	46	55	57	43	62	47	43	51	53	39	61	46	44	56	56	49	51	46	44	57	53	57	45	53	31	43	45	73	50	55	46	64	50	46	43	44	57	43	55	68	48	46	37	56	47	78	42	46	53	37	53	39	47	49	50	35	44	47	39	57	53	49	42	50	43	49	44	54	33	41	44	37	58
cell36	43	47	46	41	47	39	39	42	39	44	38	46	32	29	38	34	45	45	39	49	45	35	42	40	54	56	41	43	48	46	37	32	38	39	33	38	38	41	56	35	36	44	44	28	50	38	39	43	46	44	41	44	45	41	40	37	41	42	44	46	37	51	48	36	43	36	44	53	44	37	44	38	54	36	44	33	39	26	41	41	33	40	52	43	34	48	57	38	37	55	36	41	36	49	25	44	37	47	39	45	44	46	38	41	29	47	37	44	39	41	38	47	46	46	42	48	40	38	33	47	47	39	34	47	42	33	42	45	47	51	48	37	35	37	42	43	51	41	47	35	47	33	47	38	41	49	33	45	47	42	42	38	48	42	44	46	41	38	40	46	39	38	38	46	40	38	33	49	43	42	39	40	46	44	38	35	46	43	34	36	40	49	54	39	40	36	45	44	40	43	36	42	39	65	37	36	36	42	46	43	36	39	40	45	26	48	28	41	38	39	50	43	52	40	41	45	39	36	42	47	35	35	53	51	46	35	44	37	46	41	34	39	43	43	47	40	37	45	54	43	37	42	41	44	41	39	50	48	56	49	35	39	46	40	40	41	45	38	42	45	45	53	50	50	42	43	41	45	35	49	39	49	37	51	41	50	46	44	37	45	39	38	44	36	38	45	48	40	43	59	39	43	41	37	44	41	41	39	35	39	32	41	42	46	42	44	65	50	36	44	39	46	37	38	42	38	36	52	47	45	39	50	44	38	45	31	49	44	43	34	35	50	42	43	44	47	49	36	40	43	42	50	48	34	42	43	45	43	41	37	42	37	38	41	39	40	34	38	48	39	35	32	47	51	38	34	41	28	40	48	52	51	36	33	36	35	69	51	28	42	42	35	32	40	39	36	45	45	48	49	32	44	47	44	35	41	41	45	39	42	40	33	40	41	44	45	34	49	44	33	44	37	37	53	42	47	37	44	42	33	39	49	48	49	38	40	44	36	31	49	40	36	32	42	37	45	45	44	44	40	42	40	34	39	38	37	43	38	48	37	35	42	32	41	29	38	42	32	41	38	28	45	36	54	39	43	48	41	33	47	53	39	41	46	37	42	32	39	34	38	54	40	41	38	41	37	41	32	39	41	36	44	46	44	34	38	46	49
cell37	45	43	47	51	35	39	51	42	38	38	45	47	27	49	41	39	41	46	56	44	60	52	49	49	40	49	38	51	50	38	46	37	41	50	49	30	41	41	42	41	54	41	33	37	46	53	44	91	69	74	109	99	82	97	85	95	87	90	84	76	95	99	89	98	87	52	89	76	82	98	82	90	94	86	71	83	94	71	92	80	87	43	52	38	54	37	39	42	41	51	41	43	41	37	37	43	33	27	42	59	40	36	45	56	47	37	42	39	45	49	46	34	44	45	39	44	54	40	34	43	48	37	47	39	46	44	48	44	49	41	41	39	49	43	29	32	41	41	45	39	43	41	37	44	41	47	35	50	45	36	40	36	38	43	52	53	47	39	39	42	58	53	48	42	45	37	45	54	50	53	54	43	46	54	37	48	39	42	51	36	48	34	46	61	45	48	35	37	38	44	56	32	45	43	43	48	49	41	42	58	37	32	44	54	30	47	50	49	47	42	46	33	46	46	43	38	52	41	40	38	35	44	48	62	40	59	43	24	43	49	57	39	47	49	36	47	39	46	52	35	40	46	42	33	41	38	34	40	37	54	41	57	52	43	44	41	43	43	48	36	43	52	40	41	50	40	48	47	55	46	35	49	43	44	50	46	36	51	35	35	46	44	42	41	45	34	31	41	46	36	47	48	41	36	48	55	38	34	51	43	39	41	45	48	43	34	40	44	33	37	46	38	48	39	49	50	54	49	44	39	40	49	42	41	49	41	64	45	45	48	47	49	35	45	40	50	30	42	41	50	36	35	35	37	43	46	49	44	50	45	44	42	41	45	40	54	39	44	37	39	40	40	43	36	45	36	34	30	32	39	39	44	34	60	37	55	47	48	38	40	35	39	46	32	50	48	43	42	37	33	42	39	33	42	41	51	44	44	46	36	39	51	44	55	32	40	40	44	38	41	44	49	42	55	39	42	46	45	42	37	46	41	40	53	55	48	36	52	43	30	34	33	31	48	44	51	41	46	44	45	39	35	47	37	54	43	37	50	66	42	38	44	57	49	53	53	35	54	40	37	31	51	42	41	45	36	42	48	44	32	46	42	38	48	31	30	49	40	45	52	35	41	31	32	51	39	37	55	54	39	38	61	35	38	50	44	45	49
cell38	67	51	64	67	50	75	80	70	57	73	64	61	60	75	58	57	62	56	68	81	73	68	67	62	62	69	69	58	69	69	69	66	63	68	69	74	48	69	63	77	56	60	65	68	69	62	61	69	69	65	83	78	84	61	63	63	65	55	57	70	59	56	60	74	66	63	68	63	63	50	72	70	72	68	69	50	57	56	71	64	50	65	74	58	56	59	62	72	57	66	54	71	65	67	73	72	76	61	54	84	53	69	44	62	66	68	75	76	69	57	51	58	62	67	59	62	63	72	59	69	81	68	69	74	80	75	67	56	67	69	81	67	63	70	54	58	70	59	69	58	61	50	64	46	55	65	60	62	67	82	73	61	58	65	69	51	69	55	48	72	68	67	59	63	46	52	72	60	84	74	58	73	59	65	57	74	83	69	76	57	60	64	65	62	64	79	60	63	68	72	65	80	56	68	46	62	86	69	82	80	55	67	72	68	69	58	69	57	69	73	63	81	80	60	46	67	50	59	69	56	55	64	71	67	73	67	62	82	73	59	58	74	68	64	70	84	55	71	57	63	51	72	58	69	72	74	69	54	68	62	49	78	69	64	69	66	67	65	71	56	52	87	69	73	62	54	73	77	78	59	63	60	69	59	60	57	80	60	81	79	66	61	54	72	64	58	67	64	55	79	72	75	71	67	78	65	58	56	61	63	71	63	70	57	51	76	73	72	66	76	58	64	59	81	59	71	56	70	62	50	62	67	64	68	69	51	51	52	89	61	67	69	69	88	64	68	80	67	51	60	49	90	61	69	72	70	64	72	58	57	59	68	60	72	58	60	67	66	55	68	51	69	73	57	64	72	75	55	75	68	68	59	70	76	60	53	80	50	60	48	75	67	49	52	78	69	76	73	56	76	69	80	77	72	65	52	68	64	68	79	63	70	52	88	70	53	59	74	69	77	76	80	67	61	64	75	53	44	62	58	66	74	69	64	61	59	79	70	61	63	64	58	57	62	61	62	61	63	65	62	50	71	61	70	65	79	64	87	70	61	62	63	53	70	81	63	72	67	64	57	62	73	53	53	71	75	66	60	49	58	54	62	58	63	53	82	80	44	57	72	62	43	72	59	65	78	62	52	52	70	51	80	61	57	65	61	75	69
cell39	50	38	51	53	65	54	51	60	49	56	57	57	51	67	53	46	48	56	71	59	73	49	47	53	51	61	51	56	53	51	55	46	73	58	57	41	57	60	83	50	60	53	53	59	57	59	46	78	53	70	54	40	58	45	56	60	45	51	53	60	58	58	68	47	47	49	57	45	56	57	49	42	73	52	45	52	59	38	55	54	55	53	64	46	52	51	45	62	56	60	63	48	69	60	60	51	46	46	55	60	57	57	66	70	57	52	50	64	56	53	61	55	45	54	64	47	63	62	50	73	63	67	46	68	64	55	52	45	59	63	57	46	55	50	43	64	66	68	64	74	49	58	70	53	52	52	53	54	50	54	47	42	48	52	57	62	52	54	48	59	69	52	70	46	62	44	56	66	60	48	68	64	43	68	66	59	72	52	48	55	38	57	54	66	66	48	65	50	50	71	50	55	66	71	54	58	43	51	45	56	61	45	76	65	53	49	59	50	52	70	67	71	46	54	46	41	61	57	55	56	52	57	51	50	50	55	54	52	63	67	47	50	60	58	55	56	66	58	68	53	55	56	49	59	57	53	61	40	52	55	50	63	54	54	38	51	53	68	59	46	53	54	63	57	82	80	66	60	65	55	69	50	60	58	48	56	66	35	56	67	62	57	49	58	57	60	47	53	51	69	60	65	51	63	62	49	65	44	57	45	55	56	62	50	75	67	57	75	48	55	56	53	63	55	62	52	54	53	61	42	45	56	57	57	49	47	61	64	73	45	57	69	43	56	57	47	62	69	49	60	54	58	63	42	54	56	48	52	58	62	43	56	41	61	55	48	51	49	59	47	53	48	53	57	52	51	61	56	61	55	57	49	41	57	69	54	69	53	57	38	42	61	48	41	51	70	55	68	56	63	67	62	57	58	37	59	60	57	43	62	53	59	65	44	50	40	56	47	54	58	51	58	43	70	60	55	49	50	43	56	54	65	57	60	54	31	53	49	62	55	63	48	60	60	48	62	54	48	52	66	56	52	49	53	51	45	48	49	60	45	42	55	46	52	55	55	66	43	55	45	58	54	53	49	45	62	39	52	52	39	69	58	56	53	65	50	52	48	57	59	52	40	51	51	64	55	55	58	44	50	40	53	58	44	53	55	59	56
cell40	65	73	70	76	56	74	75	62	69	56	81	67	69	79	50	79	72	71	73	67	79	80	67	78	86	67	69	75	67	64	61	86	75	69	88	76	68	72	82	65	78	71	90	57	75	76	63	72	67	79	88	72	73	70	63	55	77	77	61	79	68	68	62	78	73	53	59	60	70	66	61	77	84	72	63	58	62	86	67	56	69	78	81	73	72	65	62	90	64	73	60	60	79	74	81	71	72	52	70	70	81	59	63	61	58	61	69	77	60	75	70	69	84	64	83	61	78	101	65	80	77	86	77	77	68	72	79	74	64	69	88	61	65	60	60	61	76	70	79	83	102	61	72	78	65	92	70	66	61	76	68	78	82	89	65	68	63	62	58	72	88	68	83	76	82	81	75	77	87	66	89	76	84	66	60	85	70	52	68	58	62	56	71	67	79	78	78	74	65	92	63	56	85	82	46	76	78	56	78	65	60	70	67	80	70	56	73	75	71	67	66	54	77	67	58	67	80	65	66	61	77	72	68	71	78	71	78	73	55	85	75	66	72	78	76	59	60	94	93	68	70	80	78	73	74	80	81	70	68	63	64	97	78	56	70	68	73	85	62	55	56	68	65	69	81	63	76	71	83	70	78	76	85	80	75	66	77	60	57	71	66	69	85	67	66	81	58	63	77	80	74	70	69	67	84	62	85	67	67	60	67	81	67	69	70	64	60	73	78	90	75	60	68	77	68	64	77	91	79	49	73	73	64	57	69	58	70	56	56	80	70	62	60	62	70	71	89	79	79	80	80	71	79	60	77	84	66	62	61	73	68	63	82	68	68	81	59	63	60	60	68	78	75	66	79	73	73	77	51	65	77	58	72	61	56	79	92	69	67	72	70	79	69	75	61	69	77	87	71	68	65	74	61	55	68	65	65	75	64	70	83	71	81	90	62	66	72	61	73	59	74	82	75	68	60	90	52	73	65	65	76	69	84	65	73	74	73	82	65	84	91	70	56	79	66	76	84	61	64	69	72	58	81	74	70	78	60	81	70	72	60	70	79	63	57	54	73	76	71	73	80	81	52	68	55	74	83	55	63	60	64	69	79	63	59	64	63	63	84	70	78	59	69	58	74	65	87	73	65	81	76	92	86	72	74	76	83	75
cell41	35	33	58	47	56	43	42	48	40	47	47	46	39	50	45	44	34	49	37	42	44	47	37	46	37	47	37	52	56	41	42	45	64	60	54	40	44	51	55	34	46	39	47	40	52	33	45	41	42	49	43	57	47	56	42	41	52	49	46	40	44	45	38	40	54	39	57	41	44	38	56	52	54	34	59	39	48	43	32	50	50	46	55	35	42	32	40	41	47	42	55	55	42	51	38	44	46	45	58	59	52	43	34	51	30	40	46	47	35	44	52	53	58	45	51	34	51	43	55	48	35	56	44	51	61	50	47	33	57	33	46	35	48	37	41	38	47	47	53	50	54	42	56	36	45	38	43	52	47	48	51	47	41	42	44	46	37	40	35	49	52	38	53	43	38	41	53	48	49	44	47	43	40	59	37	53	49	36	50	58	57	42	36	50	45	51	56	42	46	50	39	36	51	61	41	52	54	45	55	53	39	37	56	46	41	46	39	55	50	38	33	50	42	39	44	57	50	49	40	54	45	53	43	49	44	42	36	53	46	54	34	36	56	57	48	42	55	51	52	39	38	32	50	48	49	44	48	48	43	62	42	53	40	46	54	42	40	52	33	38	40	53	54	47	40	49	39	41	58	36	45	40	55	41	54	42	47	48	43	42	51	49	41	48	46	40	44	41	51	37	40	59	42	49	44	37	41	34	45	44	52	54	52	51	45	44	47	53	45	48	44	38	55	55	38	38	55	36	54	46	37	34	47	44	44	46	53	47	60	34	45	46	57	69	49	50	40	56	39	48	46	34	40	39	49	38	38	43	39	47	51	55	52	53	51	37	47	38	38	31	37	54	46	48	55	44	51	41	43	50	49	40	47	46	43	43	44	34	45	44	51	44	40	44	35	41	46	45	44	52	54	52	41	36	47	37	40	51	31	54	52	51	41	46	37	49	34	51	56	39	45	55	43	61	33	53	56	42	38	41	48	39	33	42	47	43	50	51	42	57	43	39	46	34	45	32	45	42	43	61	55	54	41	46	46	48	43	48	61	53	39	50	51	44	44	44	55	39	56	48	42	44	41	52	53	55	54	32	31	45	42	54	45	39	48	45	43	36	32	44	51	42	67	46	47	55	50	54	49	61	46	48	52	56	46	45	49	50
cell42	39	36	30	38	45	30	41	40	40	38	31	41	39	31	30	45	30	48	43	32	31	43	27	51	40	41	46	40	46	46	36	31	45	33	44	35	37	38	24	40	37	34	47	54	39	32	33	49	32	31	37	36	52	44	31	40	35	31	33	39	32	48	47	41	28	38	40	34	37	37	41	23	46	35	34	43	39	45	28	35	44	37	40	47	38	48	44	43	47	44	35	30	45	39	47	37	44	40	38	41	40	41	45	35	30	44	27	36	39	30	42	57	40	37	32	39	45	43	43	44	39	35	45	46	40	39	40	51	24	36	38	37	34	45	35	42	40	47	43	28	34	42	38	37	32	49	34	21	35	30	44	29	46	40	35	29	39	39	35	37	55	39	48	39	56	27	38	48	40	33	31	28	36	55	39	53	40	35	51	29	31	32	55	41	30	42	32	30	48	44	36	41	30	59	31	38	36	32	44	39	42	36	43	42	40	39	40	41	32	42	35	39	31	49	40	34	41	39	43	35	32	43	42	28	47	39	40	35	41	41	33	36	46	47	39	46	45	44	45	31	41	42	35	58	42	41	39	47	37	41	42	45	36	26	36	41	37	47	29	29	43	40	45	42	42	51	45	35	39	24	41	32	32	32	32	31	44	43	38	39	46	38	46	40	39	47	34	32	45	32	34	33	37	45	32	53	30	26	31	40	38	62	41	23	30	37	45	50	40	36	40	29	32	45	37	30	44	49	31	35	38	35	46	48	32	36	39	28	44	44	31	41	38	45	32	42	37	32	35	33	34	35	29	45	29	41	37	40	33	33	39	42	35	44	35	28	31	34	40	24	30	34	26	52	56	41	39	46	39	43	34	30	42	44	35	44	40	42	36	41	51	26	36	40	35	37	46	38	43	30	39	45	51	48	26	33	32	43	43	40	36	35	39	36	41	45	30	40	38	40	32	51	43	38	37	41	43	39	36	42	30	44	48	49	50	39	41	34	30	38	38	25	43	50	33	39	42	29	34	44	44	53	40	41	38	44	34	35	36	39	47	35	33	65	35	31	42	40	44	39	38	45	35	38	41	43	33	36	38	34	34	50	32	48	43	42	36	38	32	26	26	40	36	49	49	41	35	33	30	46	35	39	41	30	52	28	37	33
cell43	42	36	43	49	58	58	63	40	47	44	51	45	45	50	42	38	40	59	50	52	49	37	45	43	46	49	32	36	46	44	54	47	50	60	46	39	47	44	34	41	39	39	44	44	46	48	44	44	40	39	37	42	49	47	46	34	50	69	51	35	38	50	49	41	54	38	61	45	43	61	43	53	51	39	41	47	30	36	42	42	38	46	51	32	47	49	42	51	51	42	42	46	52	46	48	43	51	35	50	49	54	39	44	49	54	56	40	54	43	50	36	45	45	36	52	42	57	41	35	68	40	47	46	38	45	39	53	46	39	42	43	42	52	40	33	41	38	44	51	40	46	41	65	39	46	37	38	34	47	38	49	44	50	53	63	42	38	48	39	61	56	51	47	38	49	28	56	50	43	46	52	50	41	44	33	45	57	38	42	43	39	35	52	37	46	42	47	41	33	53	28	45	37	53	44	56	59	48	56	53	51	49	39	33	41	35	45	42	42	35	45	47	29	51	41	43	33	40	45	40	40	40	31	52	60	34	52	45	47	50	53	45	59	38	51	51	46	59	44	45	35	54	42	54	50	43	42	47	48	42	34	52	48	39	44	43	38	42	50	43	36	48	56	47	51	59	39	54	47	45	50	42	54	57	49	57	49	42	58	46	43	40	51	40	43	48	44	33	46	48	46	51	53	40	41	41	44	52	58	50	48	33	44	58	37	52	42	50	52	68	44	37	37	51	42	64	57	44	54	41	32	39	45	49	39	42	60	43	53	47	36	41	41	41	54	40	54	48	43	41	48	49	52	40	34	38	49	39	41	41	41	48	61	37	32	40	41	39	37	54	42	54	47	38	34	49	49	40	48	53	41	30	52	42	59	39	61	53	41	55	48	31	41	41	55	42	43	47	54	47	43	51	53	36	46	38	40	46	42	56	37	44	53	37	38	49	49	44	39	51	44	42	35	49	43	31	40	47	32	35	50	38	52	53	59	34	48	35	42	51	44	35	37	46	42	51	55	46	46	50	36	58	58	31	45	58	49	43	31	38	34	49	38	48	48	39	50	50	51	39	48	39	34	47	54	35	53	33	48	50	43	53	54	53	36	38	48	44	39	49	43	35	47	58	37	57	46	48	45	42	42	43	49	44	47	49	39	38
cell44	61	54	57	47	47	40	57	49	57	57	51	53	52	50	41	57	52	52	55	46	49	56	67	47	46	59	41	47	54	49	54	47	53	51	67	60	50	41	46	56	58	47	45	51	59	35	48	56	45	63	59	53	60	60	61	40	72	41	48	57	46	51	59	56	53	52	54	41	57	57	47	47	57	49	37	45	43	48	51	56	62	56	59	41	54	62	55	49	58	39	54	54	46	51	52	57	70	28	44	51	50	48	40	45	55	49	45	59	52	56	60	47	47	49	47	52	50	61	49	63	54	56	60	57	50	60	48	58	61	49	49	51	54	47	51	50	55	55	48	44	58	53	46	57	49	54	55	52	50	47	46	55	55	59	35	47	42	53	49	41	66	48	70	46	52	55	37	55	69	49	55	50	47	42	58	60	54	52	54	33	43	62	48	54	61	57	65	58	48	53	53	43	49	65	48	45	52	47	42	69	55	44	67	57	51	56	53	60	53	50	62	51	50	59	66	58	45	45	61	37	52	57	59	58	58	41	47	49	53	64	43	48	42	58	52	59	59	48	36	47	40	50	53	40	50	49	60	36	47	57	53	56	56	57	50	41	54	55	51	42	53	59	49	40	60	54	52	48	63	48	56	57	57	51	57	44	52	54	48	67	50	54	52	40	58	52	47	62	44	56	51	61	63	57	34	61	51	59	56	56	41	64	44	52	56	58	61	58	56	63	65	58	50	57	60	48	47	51	48	42	45	56	40	45	61	37	44	57	63	48	37	46	59	64	43	57	50	59	45	47	46	50	53	50	51	50	42	52	48	55	41	43	56	59	49	63	60	51	49	49	39	52	46	49	58	55	61	58	38	59	55	45	46	43	55	44	51	47	38	56	59	35	45	53	46	67	45	53	49	49	49	46	43	50	61	49	58	44	46	37	56	57	61	40	43	55	51	61	59	66	48	59	61	52	42	50	54	53	45	46	50	48	39	39	58	40	48	53	45	59	53	44	46	46	51	60	56	53	49	48	46	56	46	44	60	50	48	43	58	46	45	53	51	49	54	51	66	49	71	55	47	50	49	58	47	54	66	55	30	58	48	52	53	49	51	53	49	53	44	57	45	53	53	42	56	76	56	62	54	35	51	50	57	48	52	39	65	55
cell45	49	46	43	52	53	39	42	44	37	38	37	42	40	50	53	44	47	43	59	40	40	56	49	38	49	64	53	54	48	45	49	46	57	53	63	38	47	52	58	56	45	53	40	47	65	38	51	67	54	50	41	47	49	53	52	57	55	43	48	42	49	60	53	48	43	44	46	59	53	55	39	44	44	52	57	39	40	53	54	52	41	64	51	54	47	45	46	58	45	46	47	36	50	49	49	42	47	42	46	58	64	53	49	57	53	45	48	48	42	57	42	42	51	47	55	53	54	61	55	62	62	49	49	45	51	42	60	55	50	49	39	42	46	63	58	51	45	52	53	55	63	55	58	62	45	39	53	54	57	66	54	57	45	38	53	52	53	44	44	65	60	48	50	45	48	47	46	60	37	55	52	50	44	50	32	60	45	61	58	39	40	41	55	55	46	51	47	47	48	46	45	41	58	66	54	53	56	48	45	42	37	36	50	49	54	53	50	56	46	48	63	60	65	54	54	68	46	52	51	66	49	43	65	45	50	36	51	54	47	51	40	35	47	53	51	42	46	48	54	48	52	51	46	44	42	46	38	45	47	53	49	53	44	51	60	58	54	38	50	54	60	64	68	53	55	48	62	68	54	46	45	57	42	61	47	61	43	47	63	62	47	34	50	67	63	45	47	44	52	58	50	51	53	52	49	68	41	42	55	50	35	51	47	40	54	66	52	51	48	50	58	52	55	46	55	52	48	49	56	55	45	49	52	52	46	44	50	47	51	61	46	61	42	61	52	63	53	50	40	62	64	38	53	57	43	37	49	58	50	43	44	45	56	60	46	54	65	45	39	47	49	50	52	57	37	45	48	43	50	46	59	46	65	44	52	60	53	52	37	47	49	41	38	55	47	61	45	46	49	45	44	45	47	45	61	55	66	57	40	55	38	45	48	41	40	48	51	37	59	54	52	45	33	55	62	51	42	50	39	58	44	48	45	54	58	42	45	35	37	49	41	44	56	49	40	43	52	48	45	51	50	49	65	48	61	57	50	53	58	41	51	53	55	50	54	41	55	43	64	51	45	54	52	47	51	49	52	52	48	54	48	37	52	43	50	41	43	38	48	49	50	43	63	50	60	52	63	57	56	55	43	51	50	40	46	65	52	52
cell46	37	37	30	34	32	35	41	40	40	40	34	31	28	30	35	31	31	28	35	41	30	33	39	39	42	44	24	31	35	30	40	22	42	36	35	44	42	29	29	39	27	35	33	25	38	38	36	79	61	63	63	74	75	79	73	58	73	68	51	55	67	78	76	75	64	40	70	77	73	61	64	56	79	68	58	78	73	62	64	68	61	40	37	33	25	29	31	39	35	26	34	40	38	43	34	43	40	38	35	33	32	36	32	45	39	37	39	24	34	28	33	36	38	34	34	39	40	37	33	37	40	35	31	44	31	27	39	38	55	43	26	27	27	39	31	29	26	33	33	39	33	37	27	33	36	28	26	28	34	37	28	25	30	33	35	23	47	40	39	34	29	38	37	34	20	36	32	35	37	33	36	38	40	34	27	29	39	44	43	33	32	43	37	36	36	36	35	44	34	26	29	35	33	38	28	30	44	27	29	43	35	33	44	32	29	32	44	40	27	31	44	39	31	29	34	40	27	29	41	26	38	53	49	34	39	29	46	21	36	31	28	29	24	33	33	38	38	40	34	33	35	26	35	35	32	35	40	39	48	45	24	39	40	23	31	33	46	32	32	40	42	49	37	37	39	29	33	33	33	32	33	29	40	34	32	33	38	44	33	39	40	33	33	33	38	55	30	48	30	26	29	38	35	29	40	39	33	32	38	32	27	27	43	31	37	35	39	41	29	38	37	34	36	36	27	39	37	40	35	23	35	30	27	33	24	28	43	34	39	27	35	37	22	35	41	38	31	28	30	34	38	27	46	39	36	38	21	24	30	34	24	41	49	39	31	37	34	26	34	37	39	30	22	37	35	38	32	39	36	25	34	33	36	41	34	37	42	40	41	40	38	33	30	29	35	34	37	34	43	27	29	30	43	39	29	37	36	36	39	37	30	43	36	40	28	34	36	34	29	32	28	44	25	29	32	25	30	33	34	27	32	32	35	35	22	35	29	36	25	34	35	33	30	29	43	37	35	40	40	25	27	39	33	42	27	31	29	24	21	30	40	44	39	38	37	41	37	37	44	47	31	38	33	30	25	51	26	24	36	32	38	26	34	36	43	27	35	36	30	33	31	26	36	40	35	29	29	45	26	35	22	40	49	33	43	31	31	44
cell47	42	52	50	42	58	57	55	51	49	45	54	44	51	54	46	49	38	35	48	46	47	52	47	52	36	53	46	55	43	46	44	51	57	53	59	41	48	44	66	61	56	56	52	44	47	50	51	50	42	52	42	55	57	48	61	51	52	43	38	60	45	49	60	50	55	36	46	53	60	45	38	47	59	42	52	50	53	36	47	59	43	64	50	37	57	41	48	62	59	57	43	43	54	42	58	42	45	53	42	40	66	40	57	50	43	39	44	51	39	43	46	49	52	53	45	45	51	49	35	54	54	57	46	53	49	45	52	61	48	39	46	51	47	50	48	54	52	65	51	40	45	47	46	53	47	43	44	69	61	50	39	35	56	43	59	61	58	48	44	39	41	54	58	41	47	43	51	56	57	48	63	55	50	41	47	49	47	34	45	55	52	48	60	46	47	52	42	54	39	42	48	47	58	54	46	43	46	45	49	49	53	42	53	54	49	41	44	45	54	49	41	51	59	44	42	50	46	50	55	52	55	52	61	57	43	47	50	61	54	58	42	59	48	47	57	43	44	49	49	37	51	77	59	39	52	56	33	44	52	53	52	57	45	47	50	35	50	50	59	41	39	61	46	46	49	54	53	54	50	47	61	51	55	49	42	45	61	46	46	52	43	50	45	54	55	66	56	40	43	60	54	37	52	49	60	53	45	50	60	39	57	55	54	46	51	45	52	64	56	51	55	50	38	55	46	50	44	46	41	45	51	55	49	45	48	49	60	50	45	54	34	51	35	55	53	62	39	59	42	53	60	66	50	37	58	38	38	43	50	68	45	36	61	55	57	53	53	48	45	44	46	69	55	55	55	43	50	51	49	59	49	47	54	46	48	50	54	37	31	49	61	47	37	50	48	48	51	58	54	55	46	61	59	52	43	44	34	39	43	46	43	46	49	49	44	43	39	40	46	48	40	60	45	54	33	48	46	48	41	37	39	45	48	46	46	52	44	47	39	52	49	33	48	40	51	46	44	47	48	56	37	50	56	44	54	64	48	51	38	52	40	53	56	48	53	55	48	48	54	55	46	47	51	52	47	53	49	48	52	51	62	44	44	40	44	58	52	54	52	54	56	47	52	53	58	44	56	57	35	47	51	54	55	42	48	58	73	50
cell48	51	52	44	52	61	43	48	51	49	51	55	55	34	56	49	42	56	44	61	42	47	55	46	61	59	56	49	49	52	41	49	50	70	53	56	59	50	33	45	52	60	50	46	56	48	48	52	56	56	39	50	51	56	54	58	47	51	50	71	55	48	45	49	32	48	48	42	72	43	54	46	48	46	48	34	52	48	48	45	41	33	44	65	40	55	56	51	57	52	50	52	42	48	37	39	53	44	54	47	50	53	37	51	50	51	53	36	44	52	49	50	44	46	44	53	49	41	56	51	54	46	56	52	52	54	44	62	47	52	35	44	49	66	36	45	59	47	43	62	57	50	52	46	58	63	45	57	64	52	41	57	60	50	53	51	43	58	50	34	69	61	39	48	55	53	53	54	43	59	42	59	66	57	49	45	60	52	51	49	57	53	62	66	52	58	57	61	54	59	50	36	53	58	55	58	57	55	52	51	63	46	52	62	56	46	45	40	47	57	56	50	47	49	53	52	57	57	47	38	61	57	59	48	51	58	45	57	54	43	47	51	47	45	48	47	46	50	50	44	37	46	49	55	63	52	60	57	45	59	55	48	45	51	61	47	49	39	56	45	44	47	62	45	37	50	45	39	49	46	38	42	51	49	45	51	40	67	48	50	66	53	48	60	37	40	68	44	59	43	61	54	55	43	37	52	49	56	46	48	56	59	44	56	58	61	63	47	56	49	53	58	55	49	49	59	59	53	52	43	45	54	53	55	47	57	44	53	49	54	47	44	64	58	44	42	51	68	61	50	50	45	44	52	47	45	52	47	51	39	46	41	59	66	57	58	47	46	40	49	44	45	49	41	51	46	50	53	55	61	52	48	42	57	56	45	44	58	42	51	33	55	55	47	62	54	62	58	57	59	55	54	49	56	46	49	40	49	53	52	61	43	58	56	38	31	43	53	54	62	59	47	60	52	54	47	59	64	38	51	42	54	47	65	46	48	38	53	67	52	58	57	48	42	56	61	57	52	42	41	50	38	28	50	46	42	52	50	41	54	46	63	51	50	66	57	57	59	57	53	57	40	56	43	47	59	62	53	39	59	58	49	60	60	52	55	54	43	55	58	38	43	39	56	47	62	51	70	51	56	50	53	41	68	50	42	56	57	51
cell49	95	100	97	100	110	96	112	86	113	110	81	103	90	99	108	92	92	102	101	100	102	89	107	90	101	102	93	92	108	97	87	81	122	97	97	98	120	104	124	103	96	103	102	96	98	76	77	117	91	96	84	102	108	118	99	77	117	96	99	96	75	108	99	106	104	76	105	97	91	98	101	116	108	99	90	81	107	94	88	96	120	104	118	76	101	100	98	93	125	106	107	110	96	105	90	97	96	97	111	103	112	105	106	97	93	98	88	98	91	99	116	111	114	88	97	112	95	112	100	117	100	110	107	98	94	112	124	87	92	95	88	85	103	105	100	104	121	115	104	91	106	102	112	86	93	119	100	102	108	69	103	93	94	115	100	102	78	108	92	87	102	110	132	96	92	94	106	114	90	116	90	99	95	94	84	80	116	94	103	103	86	106	105	100	99	98	97	92	102	106	83	97	109	135	100	109	89	103	91	120	89	84	98	107	92	82	89	128	104	100	87	114	94	99	98	96	101	104	105	99	96	88	84	129	106	87	109	107	97	99	132	109	122	104	117	100	92	105	86	103	85	107	94	96	128	83	107	97	84	95	112	112	95	81	117	84	91	98	106	98	78	108	107	114	111	100	84	99	84	101	106	90	95	109	109	80	108	103	98	117	97	97	127	105	89	100	94	108	113	116	90	115	102	99	104	108	83	98	87	115	102	91	99	111	98	109	101	103	105	105	98	109	90	103	102	93	96	89	95	91	87	71	98	101	110	78	113	102	100	93	95	94	118	112	109	107	90	91	74	96	96	104	102	90	106	108	93	112	80	107	109	87	112	125	97	107	107	94	99	68	110	97	89	99	86	106	92	90	94	106	91	81	97	107	92	102	109	107	83	112	91	105	77	105	102	105	102	98	116	95	110	114	103	91	96	92	106	102	98	114	98	86	121	96	80	116	97	92	118	103	90	118	102	106	88	109	98	86	88	91	84	97	95	96	105	100	111	105	70	98	82	76	80	77	86	102	114	86	92	94	88	124	104	107	113	100	106	95	109	91	94	93	86	96	95	101	115	111	87	97	84	107	90	104	94	102	76	80	95	91	107	110	83	100	94	108	97	81	107	114	96	93	96	96	95	101	110	98	97	102	92	102	114	91	103	101	110	95
cell50	81	77	89	83	95	90	89	81	71	90	87	88	75	105	78	79	60	96	87	75	82	96	85	81	89	79	84	81	94	73	88	75	89	101	89	81	94	77	79	71	93	90	87	68	95	84	85	91	98	97	72	78	79	89	83	72	77	63	91	91	76	75	84	77	96	79	73	90	89	62	82	90	89	89	75	83	91	74	84	91	71	71	99	68	85	86	78	69	81	72	91	90	101	74	93	79	90	82	81	120	76	79	84	99	77	86	90	90	61	67	90	97	85	87	66	88	78	85	74	106	68	75	80	105	103	79	82	82	91	71	68	72	75	100	74	94	79	92	93	77	78	91	89	86	74	78	62	95	86	90	104	81	82	79	75	96	81	78	67	93	94	78	92	86	91	73	73	84	83	79	89	79	81	71	67	78	100	100	95	86	66	101	64	95	73	90	89	83	76	87	75	75	77	114	72	90	86	80	81	84	87	83	91	78	80	65	100	72	82	95	77	88	84	75	77	74	87	90	87	77	71	77	86	89	73	69	97	88	74	78	97	78	80	76	95	91	74	88	82	94	75	74	85	90	84	83	74	76	82	91	80	70	79	88	76	71	82	81	81	91	91	95	84	88	87	93	79	78	93	96	97	93	81	76	102	77	94	77	66	101	90	88	101	83	63	97	77	97	71	81	76	107	79	78	71	98	76	98	71	90	79	68	91	88	84	85	98	100	91	100	104	83	86	83	80	74	72	79	93	78	73	96	97	75	72	48	89	85	109	96	102	100	64	81	83	100	72	77	86	79	75	72	98	100	73	82	70	91	74	86	92	101	76	92	78	85	77	89	83	67	95	81	75	90	91	97	100	72	75	68	72	87	75	98	69	79	105	80	75	93	81	88	82	76	91	91	103	93	81	80	92	84	79	67	87	72	83	80	75	83	81	59	91	88	80	88	74	90	82	100	90	71	71	86	75	82	84	87	74	78	70	77	90	101	96	76	89	94	70	81	74	89	78	86	75	64	79	91	83	92	76	62	85	76	93	90	91	81	80	67	84	79	83	83	97	89	83	90	86	82	69	93	67	74	84	76	83	73	82	81	66	79	94	84	92	112	86	74	83	86	78	88	88	81	84	85	77	85	77	83	73	81	75	87	93	76	90	92
cell51	33	41	30	49	30	45	49	36	29	40	43	49	28	45	40	35	36	29	32	39	34	44	29	28	36	41	40	34	32	41	36	41	29	45	29	38	38	43	35	36	37	33	41	38	41	31	36	29	40	52	34	39	31	46	42	37	34	31	36	34	34	27	33	40	38	27	27	40	39	31	43	31	39	33	37	42	37	34	35	37	28	45	46	33	39	47	33	34	29	48	40	36	26	33	43	41	48	34	41	35	46	36	35	44	29	41	31	38	32	37	32	35	26	42	50	39	41	27	44	60	42	45	36	42	42	39	43	34	34	29	27	30	45	35	34	40	43	47	34	44	40	37	27	41	48	41	43	34	51	28	29	36	39	33	43	53	37	35	32	46	42	41	41	27	39	32	23	39	37	30	50	39	36	27	35	35	39	30	45	25	21	32	38	41	40	44	41	50	25	35	43	41	36	47	38	46	37	35	35	38	35	32	44	35	33	37	47	37	39	33	36	44	47	40	36	35	33	28	49	29	41	34	30	38	47	23	45	36	25	47	40	31	34	35	44	38	33	42	33	33	34	35	43	27	36	35	39	33	43	46	43	30	44	34	34	26	28	48	32	49	33	33	30	33	43	42	39	48	36	40	42	40	33	36	43	29	41	35	43	42	36	30	42	39	38	37	39	56	36	31	31	36	42	41	40	42	45	38	42	41	31	33	34	27	39	39	37	52	36	46	41	39	31	33	39	41	33	41	32	35	29	31	28	40	40	39	35	39	33	41	26	40	40	43	26	43	40	33	47	31	37	41	41	32	42	39	37	48	33	39	35	40	40	31	40	36	38	39	42	31	43	39	33	44	36	38	41	50	28	40	36	33	36	29	34	30	37	39	32	33	31	26	40	44	42	35	33	35	39	41	35	33	31	28	31	36	31	45	37	34	44	30	46	38	43	40	26	29	35	34	35	38	25	39	35	26	39	32	36	40	36	33	31	33	33	33	34	33	30	41	37	33	24	42	27	41	42	31	41	37	33	46	38	29	33	48	36	38	32	38	41	33	38	32	40	34	40	37	33	41	37	24	41	37	26	42	39	33	42	37	36	41	25	38	36	46	30	29	47	34	36	29	37	39	36	37	39	31	29	49	36	37	37	36	29	50	35	36
cell52	51	44	46	59	45	38	33	49	50	38	40	52	30	36	43	37	34	47	43	59	50	37	47	48	40	46	44	34	46	44	46	39	44	47	48	44	51	42	42	36	48	40	30	43	51	46	48	91	86	92	100	96	91	94	86	89	74	100	97	96	81	91	88	69	107	74	89	69	77	88	88	84	103	75	102	97	81	77	72	107	83	46	39	33	0	0	0	46	46	34	47	48	33	39	41	44	31	37	37	63	53	42	49	37	46	49	43	51	33	49	50	47	43	52	59	42	51	46	36	40	42	39	38	49	37	51	39	33	44	43	54	41	33	46	28	49	48	52	51	50	53	31	34	32	54	46	40	40	48	43	41	52	32	56	44	40	43	28	37	38	64	33	38	41	50	42	39	36	37	38	46	39	41	34	47	55	49	32	41	42	38	44	33	40	45	41	41	46	51	65	30	48	53	52	41	54	43	56	46	43	43	36	46	45	41	38	48	53	45	43	40	53	49	41	33	39	42	44	45	56	38	46	52	45	35	44	48	52	45	53	49	50	42	42	54	39	48	43	44	34	48	50	40	33	36	44	42	51	49	50	43	43	45	48	55	32	49	46	39	47	39	50	44	39	45	42	54	41	48	49	44	48	50	46	43	41	49	40	42	48	46	46	44	45	36	41	38	46	45	52	43	55	49	37	33	51	37	39	39	46	45	44	37	52	41	50	39	32	27	46	35	54	45	59	46	45	39	52	45	34	52	44	46	52	47	33	62	35	39	53	46	50	57	52	55	53	42	55	38	43	33	40	38	46	29	39	44	37	33	40	39	49	36	50	31	43	37	34	49	42	39	41	35	54	49	49	35	37	44	53	42	33	38	36	30	47	52	46	41	54	40	43	50	45	43	52	35	34	43	48	39	47	40	35	44	39	38	42	38	47	41	49	54	53	44	46	45	39	48	43	46	52	52	42	50	53	60	41	34	38	51	36	49	50	56	51	56	49	33	46	49	39	46	41	43	51	40	36	41	36	47	43	40	36	40	48	38	37	50	38	46	45	42	43	44	40	48	44	45	45	31	32	47	49	46	46	48	46	49	52	42	43	37	33	51	34	38	36	40	37	42	36	42	50	46	47	52	44	34	47	41	44	55	46	47	45	47	30
cell53	28	31	35	33	30	33	28	26	32	26	30	45	31	36	48	17	27	24	24	31	39	29	35	29	35	24	27	27	30	32	40	30	26	43	36	41	35	35	29	25	33	28	35	22	35	38	21	41	33	30	38	32	26	35	28	38	32	27	34	24	25	29	25	26	30	29	30	32	42	32	26	23	37	39	26	27	24	26	34	34	26	34	44	24	28	22	27	19	32	29	28	21	31	34	41	27	28	32	32	31	39	29	36	26	37	43	23	42	35	30	44	31	38	28	29	33	37	26	27	34	32	23	28	35	38	33	26	27	37	27	27	36	31	35	35	33	35	26	39	33	33	26	26	31	25	30	25	24	23	26	23	35	34	33	33	30	27	34	26	31	34	23	28	42	33	29	40	38	24	38	28	33	43	26	28	26	32	23	42	24	28	29	32	39	29	36	45	37	46	33	23	22	34	34	28	28	23	29	25	42	42	34	30	35	36	27	43	35	41	30	29	22	39	33	39	35	29	27	29	34	22	46	44	29	36	31	33	34	32	34	32	28	30	32	35	36	47	30	28	23	29	42	32	26	29	35	31	31	24	28	15	24	36	29	25	26	34	30	33	35	26	46	35	36	37	31	29	29	20	39	32	22	21	25	37	21	30	29	25	29	34	31	35	38	33	25	24	28	33	28	32	33	41	33	29	45	30	32	31	38	34	30	37	37	38	45	36	39	32	45	32	30	40	25	44	23	34	34	36	19	23	30	25	34	27	20	28	33	42	24	29	38	32	39	33	33	38	35	20	33	27	38	21	26	25	29	34	27	18	26	28	30	30	22	31	34	36	35	20	24	38	38	27	34	42	34	27	34	41	25	24	26	25	31	38	27	31	27	29	31	26	31	24	28	34	35	30	32	37	35	28	35	36	30	28	27	40	29	34	19	31	21	32	39	33	35	26	29	41	34	38	38	23	28	44	28	38	31	31	30	27	27	32	32	29	22	37	31	30	30	19	25	32	26	32	27	26	37	28	20	31	30	34	21	36	28	27	18	36	32	25	27	28	31	25	28	42	40	36	25	44	26	33	37	41	37	31	30	22	23	37	24	23	30	39	32	27	23	31	22	34	26	39	32	25	43	33	36	25	32	29	23	30	31	35	29	31	36
cell54	50	28	31	33	37	43	38	29	26	38	36	63	39	41	44	30	52	47	47	39	38	53	38	32	30	48	35	48	36	33	38	39	41	43	33	40	44	40	44	34	40	46	41	45	38	43	30	80	74	69	95	84	87	75	85	75	86	77	77	80	90	65	109	77	82	72	81	81	87	76	74	88	75	77	66	70	79	77	80	77	56	43	49	36	0	0	0	38	43	51	46	50	38	23	41	32	45	35	32	43	38	40	33	44	36	49	37	36	43	39	33	45	40	27	49	38	47	41	30	35	36	44	45	37	43	61	46	46	38	27	35	43	45	54	48	47	44	35	35	41	43	44	43	54	27	47	37	50	40	43	48	38	44	34	51	37	35	35	42	48	58	52	41	40	42	39	43	39	40	40	34	38	38	53	29	44	32	46	39	37	33	38	46	32	35	32	39	37	43	37	36	38	41	41	40	35	41	35	36	46	37	37	52	43	50	32	35	53	43	37	41	37	34	29	40	45	45	37	34	40	37	34	45	54	44	35	44	34	35	54	43	36	40	39	41	32	41	39	34	35	46	33	38	43	47	46	37	40	37	49	34	44	47	32	46	44	36	38	47	35	38	47	47	41	35	25	42	41	31	37	44	40	39	42	48	28	37	48	50	50	45	35	47	44	43	62	33	46	35	51	30	46	45	30	41	44	51	49	38	35	42	47	35	40	36	47	38	39	36	36	47	33	33	47	39	24	41	39	40	38	45	46	39	42	38	36	37	42	51	45	32	50	31	52	40	40	49	44	34	28	31	41	32	46	49	34	33	31	41	41	34	46	39	43	30	37	33	50	36	46	47	48	58	35	38	37	33	28	43	31	39	39	52	37	35	38	42	43	34	34	39	32	49	44	28	45	29	50	40	37	47	48	43	36	43	33	43	39	33	32	41	37	33	33	35	42	46	31	40	29	41	41	34	48	37	45	40	36	41	44	46	31	39	43	41	28	47	37	31	36	35	26	43	34	48	43	41	40	45	45	24	48	45	55	45	53	36	37	43	34	41	55	45	44	38	37	42	53	39	34	49	48	41	37	36	41	46	29	38	38	40	40	40	36	32	39	40	33	43	44	56	34	54	48	47	40	51	47	43	44	44	43	45	32	37	30	40	40
cell55	52	48	57	45	40	59	55	59	40	65	41	50	53	48	52	61	51	40	57	52	40	48	75	54	44	60	64	51	51	46	61	53	59	57	66	59	53	64	59	60	51	52	51	52	58	52	53	66	56	50	47	56	57	46	54	45	48	51	77	58	55	47	52	40	63	48	50	48	44	48	53	64	51	52	54	63	55	49	54	53	64	49	61	41	52	49	56	54	46	65	58	53	55	53	61	54	57	54	61	50	50	61	62	50	53	53	59	52	55	44	45	51	54	60	62	53	54	43	39	47	66	46	58	55	49	67	67	61	61	44	45	59	54	52	43	47	54	56	48	54	58	56	59	58	56	48	50	56	53	64	47	43	45	56	53	56	52	41	50	44	46	61	76	57	44	48	45	53	56	55	58	57	46	48	50	55	58	50	59	51	40	42	43	53	46	56	72	58	55	46	47	54	53	68	54	60	67	55	47	57	55	54	63	63	48	42	54	43	51	60	49	57	48	52	55	56	53	63	59	53	54	66	51	55	42	53	47	66	45	49	65	49	50	49	48	51	55	61	69	45	53	50	55	48	58	47	72	43	43	46	47	60	57	57	61	46	49	66	47	36	54	61	54	61	56	56	70	49	50	47	60	51	58	50	63	49	73	53	63	54	51	49	56	47	66	68	50	39	45	57	44	31	53	59	50	54	64	39	65	47	60	48	49	47	56	36	45	69	61	55	62	52	59	38	52	43	48	69	55	36	57	50	56	55	55	59	54	55	49	40	42	58	42	70	62	57	53	51	47	53	46	42	42	44	52	45	78	48	46	54	50	48	61	43	57	56	62	42	53	32	46	38	45	66	62	56	50	50	55	51	49	42	61	60	36	46	55	54	67	40	45	44	38	64	57	45	51	41	61	53	50	52	41	53	48	40	48	58	57	52	59	53	71	47	42	49	52	52	55	60	65	62	42	48	43	56	53	64	53	57	61	47	41	61	64	52	68	66	44	80	47	46	49	57	44	62	56	57	69	55	41	59	58	50	49	52	46	60	64	52	55	73	53	45	56	45	78	58	60	66	42	46	49	42	56	54	73	39	44	54	57	63	45	57	51	61	43	59	55	53	42	53	53	57	53	55	51	64	47	36	47	63	49	63	61	44	53	44
cell56	55	69	80	74	76	87	76	66	64	69	57	61	68	74	66	59	63	69	63	64	82	55	74	73	66	86	63	77	64	85	55	53	74	67	63	61	75	72	72	60	64	69	77	64	59	66	63	64	79	67	69	60	77	59	85	66	56	62	59	96	50	69	73	62	69	65	66	81	54	64	66	78	61	81	71	67	68	59	69	54	74	62	64	61	58	52	61	70	64	55	75	60	69	62	73	67	87	64	71	70	69	66	67	73	73	79	63	83	64	63	63	68	64	60	79	59	66	81	52	67	54	66	75	75	63	86	66	58	64	75	57	65	57	66	66	54	71	78	75	63	72	61	71	72	57	67	56	70	67	90	88	68	77	78	77	81	71	74	54	50	61	69	62	71	72	52	63	68	70	68	65	68	59	83	53	81	73	70	75	79	63	60	80	73	64	79	64	65	60	84	69	65	77	74	66	80	82	70	70	54	67	71	77	72	70	68	67	88	64	64	57	60	69	67	69	80	52	65	69	61	75	69	74	62	75	74	73	69	62	67	67	64	62	56	63	62	71	66	64	81	65	57	85	72	83	81	69	76	78	79	50	78	75	58	69	70	68	67	70	76	62	54	86	85	65	66	71	73	63	61	65	60	79	58	76	65	91	82	72	93	79	82	89	80	60	75	52	86	53	83	74	71	76	49	73	72	70	77	66	74	75	65	75	62	65	72	84	70	66	60	71	59	75	83	61	76	71	76	67	71	56	63	79	54	79	61	48	64	65	73	77	61	72	77	53	70	70	79	67	55	58	76	71	50	74	56	56	73	69	72	69	66	63	68	68	79	58	71	65	54	83	63	77	69	73	60	76	68	70	72	71	71	80	53	59	75	82	73	70	69	76	67	60	66	70	86	68	83	73	55	83	62	61	74	61	73	69	62	76	65	76	80	79	55	60	65	69	70	70	89	78	87	68	79	75	80	66	57	56	56	65	62	76	69	77	61	88	67	66	73	56	77	79	60	75	58	62	60	67	69	62	83	63	61	62	69	54	73	72	59	75	66	64	65	65	62	75	70	81	72	69	76	68	63	73	75	82	64	78	80	78	65	62	59	56	72	60	58	83	61	81	46	56	60	66	68	58	63	75	73	63	72	68	62	74	60	74	70
cell57	40	35	49	53	35	42	28	38	44	37	34	56	40	51	28	24	29	40	39	33	40	40	36	38	36	54	43	48	39	42	42	38	41	46	35	32	35	32	37	40	27	53	35	32	37	39	33	36	37	45	38	48	26	37	41	25	42	43	39	37	37	33	45	31	39	27	38	43	36	33	34	33	36	35	33	39	42	48	32	34	47	39	39	39	33	32	48	36	36	37	48	47	35	40	43	42	37	34	33	46	53	35	40	33	46	33	40	38	32	38	44	32	28	31	36	45	41	39	42	54	37	52	45	50	44	51	29	32	39	37	29	40	54	41	35	33	47	41	39	45	39	43	36	42	36	39	35	33	44	41	41	41	35	32	45	41	35	35	25	44	37	30	42	40	36	44	33	46	41	38	36	30	34	36	43	32	51	35	43	48	32	33	34	38	32	40	34	23	35	34	37	36	35	45	35	36	34	30	47	44	42	29	39	41	36	40	46	34	32	42	39	30	29	44	40	29	25	37	39	40	38	38	30	31	37	27	39	38	34	43	50	43	37	32	40	32	30	39	39	49	41	41	28	31	46	40	36	45	38	40	38	45	40	44	40	43	32	43	40	27	34	43	45	34	36	49	39	37	42	43	40	31	35	33	30	43	27	35	31	39	31	43	50	37	36	44	44	41	30	46	29	36	42	36	40	43	50	39	37	37	39	26	28	42	39	52	48	44	43	35	51	39	49	25	28	46	31	39	41	31	45	39	40	40	30	33	48	23	33	39	42	47	41	54	47	37	35	33	47	38	34	35	32	30	40	37	31	33	34	45	35	37	36	42	30	26	33	39	43	31	25	38	31	36	39	34	37	26	30	36	35	31	43	53	39	45	48	53	37	36	49	43	47	42	35	46	34	44	49	49	40	27	42	47	45	38	50	38	27	33	40	30	39	39	24	42	31	48	45	33	34	45	41	35	42	40	31	31	44	45	27	39	47	45	34	43	46	34	53	43	33	27	51	49	40	53	51	47	27	37	40	36	41	36	33	49	39	30	27	34	27	48	40	29	50	46	44	32	65	30	32	43	41	42	36	49	35	39	40	40	32	45	29	41	42	47	36	32	33	34	34	38	35	33	40	43	41	35	38	28	45	41	45	40	37	39	41	42
cell58	30	45	49	41	49	47	41	43	38	35	38	46	26	44	39	24	45	36	47	50	47	35	44	34	53	37	40	35	40	45	30	41	42	37	45	30	34	30	51	49	33	42	36	35	37	42	36	28	35	34	42	58	45	47	30	28	36	32	24	30	34	47	32	38	37	34	46	32	47	38	45	44	39	42	31	34	34	34	37	41	38	51	41	39	46	40	46	44	36	33	47	43	38	31	49	41	35	37	41	36	39	35	40	37	32	39	37	42	39	27	43	37	37	36	30	39	47	55	43	48	44	39	40	34	41	30	30	48	53	26	45	32	27	39	23	43	53	44	28	37	44	33	39	39	42	37	36	34	46	38	41	38	33	40	37	53	37	46	25	42	48	51	44	50	41	44	36	41	40	55	36	39	45	45	43	43	37	48	48	33	40	31	36	39	42	32	27	33	41	59	42	36	52	40	43	53	40	43	45	43	41	25	44	36	44	37	37	57	40	32	51	36	44	38	40	30	40	49	30	36	37	34	35	46	54	37	45	37	35	49	36	41	34	54	40	47	40	56	43	42	36	34	37	36	42	50	37	30	42	33	33	46	45	56	38	35	40	29	45	36	49	44	44	52	35	23	42	27	40	38	32	45	41	30	41	40	48	46	40	40	39	43	44	43	55	41	46	36	37	39	35	39	50	43	38	43	37	34	50	37	42	35	41	42	57	45	47	46	48	48	39	33	45	31	32	45	42	38	47	29	45	40	36	36	30	43	35	45	33	28	32	40	37	33	45	49	46	53	36	48	30	32	28	45	37	39	41	42	35	39	43	39	45	45	32	45	34	30	46	24	26	37	35	54	43	29	46	33	39	32	33	41	42	38	35	50	44	47	28	43	49	41	45	39	45	51	48	39	43	38	38	44	48	37	35	38	43	36	36	38	33	45	38	48	34	45	30	42	43	42	44	52	43	38	45	36	45	49	41	27	35	34	44	52	34	29	48	53	35	50	35	38	36	40	35	39	42	51	49	45	40	40	27	28	42	45	50	37	43	28	42	47	44	35	39	32	38	49	38	41	40	45	41	40	39	39	38	35	55	47	51	32	37	40	35	44	36	43	45	43	24	26	39	35	29	34	58	50	30	32	36	40	40	41	37	33	52	41
cell59	28	24	24	27	25	35	33	22	34	30	26	31	21	20	37	28	16	29	31	24	24	29	23	25	27	19	34	28	24	27	24	20	28	28	15	19	31	24	20	26	25	23	24	27	22	14	23	54	50	39	35	50	66	47	49	47	48	55	43	59	52	47	36	49	50	36	38	57	51	54	45	46	59	59	57	56	51	42	53	44	64	32	22	25	0	0	0	26	26	30	23	30	25	20	24	28	30	23	35	33	37	22	18	29	24	23	27	27	19	29	32	26	21	17	26	23	26	30	25	31	35	26	28	32	18	33	23	25	23	26	21	28	29	17	17	22	24	32	24	26	26	27	18	28	17	28	28	25	22	11	22	29	21	29	24	27	26	34	22	33	27	17	30	21	25	23	28	30	33	24	26	27	23	23	27	34	26	37	38	25	24	28	24	30	23	26	18	25	37	18	26	21	25	31	22	34	34	25	35	30	26	29	30	31	21	25	29	25	24	30	18	30	35	24	20	24	21	20	28	20	25	28	22	29	24	26	22	26	39	35	24	24	26	32	22	28	24	30	35	31	31	30	22	26	30	22	35	26	33	25	18	22	20	26	18	18	32	29	29	30	22	23	33	38	34	22	23	23	29	21	30	24	19	30	25	26	26	25	16	21	17	28	25	38	24	14	28	27	18	31	25	28	27	23	40	28	27	16	25	19	30	20	26	12	25	31	35	25	31	29	27	24	27	23	28	20	26	34	19	27	23	23	32	23	27	21	26	28	34	25	28	23	16	29	30	30	28	29	27	27	26	20	27	21	21	27	20	26	15	32	32	22	26	22	25	21	28	30	30	30	27	23	32	20	36	17	30	22	23	26	22	24	24	26	20	27	39	23	29	26	22	20	29	25	29	25	30	41	27	30	30	20	31	25	26	24	28	22	24	27	24	21	34	18	17	22	29	31	37	27	29	34	36	33	20	23	29	35	23	18	20	18	21	27	19	30	35	26	21	28	26	23	20	19	18	20	20	21	27	36	21	25	23	32	27	26	26	19	26	27	21	28	24	14	19	35	23	30	25	22	30	24	19	28	24	23	19	16	27	21	40	26	26	25	19	23	36	23	31	20	27	20	20	18	25	25	19	25	20	28	20	23	31	19	22	16	31	32
cell60	43	39	44	50	54	52	41	50	56	48	41	49	35	56	52	47	53	36	45	39	44	47	48	43	48	35	42	47	39	60	34	38	69	47	55	49	44	44	56	59	37	45	53	44	46	45	35	49	40	45	45	41	42	37	55	42	32	38	47	48	37	48	48	38	50	43	48	46	48	45	40	52	51	51	38	50	49	47	52	41	44	54	41	32	40	41	30	46	52	39	40	60	46	47	50	42	44	43	51	42	50	36	38	37	40	49	34	43	40	36	58	50	38	48	51	39	53	51	48	49	54	49	56	36	47	48	49	45	43	44	37	44	49	53	33	43	47	53	47	35	40	44	57	49	41	39	40	52	41	50	42	38	55	53	49	61	37	44	32	45	57	54	63	54	39	42	47	42	42	42	54	56	52	42	46	52	55	52	49	47	46	34	48	43	48	49	43	33	43	51	41	48	58	57	36	44	43	35	47	45	38	37	55	52	63	38	39	53	47	40	46	44	50	45	42	31	40	33	45	44	48	54	46	54	38	41	45	56	43	62	52	44	45	51	43	47	42	55	43	40	46	40	49	39	51	49	44	45	48	59	51	45	50	52	35	56	43	46	45	41	36	52	45	58	44	48	42	52	40	41	42	49	43	54	39	44	50	40	41	43	56	50	40	38	54	49	46	48	40	37	44	42	47	42	52	43	51	38	50	41	46	49	43	42	37	46	50	51	42	53	42	47	38	47	62	55	47	43	48	44	34	34	46	34	36	46	55	39	62	58	41	50	50	52	59	57	31	53	41	37	37	54	56	39	41	44	44	50	50	38	41	51	49	48	42	43	49	40	40	44	38	42	54	45	50	55	47	42	33	39	57	49	42	47	44	60	59	38	32	42	34	41	42	47	45	50	53	62	53	47	42	48	42	31	40	37	45	51	43	53	49	48	56	35	38	44	49	54	37	47	39	50	44	53	60	38	46	46	33	29	59	50	51	50	62	39	35	53	46	38	42	44	40	39	42	45	41	41	43	50	51	41	53	54	32	47	42	42	42	38	36	47	40	51	45	32	56	38	47	39	39	52	42	41	43	59	49	43	47	38	44	42	38	47	39	45	50	47	51	53	42	46	45	48	31	54	40	29	39	51	30	42	59	43	61	32	52	46
cell61	35	37	39	43	37	30	33	40	43	22	32	37	31	34	29	25	37	24	35	37	39	41	45	34	52	40	34	38	30	33	19	27	29	41	29	43	37	35	37	33	29	31	46	36	30	33	21	39	31	40	32	37	31	35	30	36	35	38	33	37	35	49	40	27	30	38	34	33	30	32	27	29	43	35	29	26	23	27	26	45	45	34	43	35	34	36	39	34	32	39	31	34	43	40	36	43	36	29	23	21	38	33	37	36	32	41	33	33	32	27	33	27	38	29	41	37	32	42	35	35	37	40	40	36	41	39	38	33	41	45	28	35	29	43	35	40	38	51	44	36	41	26	34	47	25	27	35	21	45	41	31	24	33	31	38	46	47	37	34	20	49	24	38	31	34	29	38	30	38	38	30	32	38	38	25	38	50	38	36	43	28	43	34	53	32	36	32	29	33	35	29	26	35	47	28	27	45	37	41	40	33	34	34	34	30	35	36	37	39	37	30	34	31	33	41	35	37	26	36	30	34	37	40	25	44	31	31	27	27	46	36	41	25	39	42	46	29	35	45	25	33	43	38	31	36	46	43	39	42	50	39	40	38	41	37	31	35	36	46	35	37	37	33	47	29	40	36	31	29	26	40	31	33	35	29	24	37	34	34	38	29	32	37	44	41	41	36	43	25	34	34	34	31	37	21	49	39	34	28	38	48	36	34	34	23	38	32	39	37	37	40	45	27	31	35	37	45	40	39	25	34	32	31	45	42	25	27	30	25	34	38	26	39	35	37	38	36	27	34	39	33	27	44	27	42	30	32	42	43	38	31	34	39	32	45	30	32	34	31	36	40	22	33	28	42	24	36	37	37	28	30	30	40	33	28	28	37	36	37	23	36	34	41	37	30	34	38	38	35	39	25	33	32	32	34	27	34	28	34	44	33	33	39	39	37	48	25	26	35	46	41	43	29	29	34	40	28	29	34	33	42	31	30	35	40	37	36	44	35	33	42	37	35	27	37	34	33	36	29	42	32	32	40	40	44	39	30	37	41	23	38	34	29	37	31	36	43	40	40	33	23	39	33	31	40	33	24	29	34	39	42	39	37	35	30	26	32	30	28	28	48	27	32	25	34	35	45	28	44	28	27	46	24	39	29	29	38	29
cell62	40	39	35	49	34	44	41	47	39	40	35	41	28	37	41	38	47	34	38	42	45	35	44	49	40	44	50	44	38	40	44	29	50	48	50	43	56	40	51	42	33	36	42	41	40	37	31	47	37	43	52	48	43	44	49	29	37	48	38	47	38	41	47	40	45	39	37	48	33	49	47	35	43	50	33	38	47	51	37	53	45	39	57	27	35	43	26	49	45	34	42	44	50	38	37	47	28	41	42	43	40	44	35	29	55	38	46	37	51	43	44	34	37	45	49	32	44	37	45	48	38	54	43	33	46	44	40	40	39	34	37	44	40	47	49	40	33	47	47	42	36	43	53	45	43	35	36	51	50	37	39	43	40	43	49	40	36	28	32	48	44	54	55	54	39	28	42	51	43	44	42	47	39	41	38	45	51	24	37	40	32	38	36	42	36	48	58	42	39	33	42	27	34	45	35	38	44	42	41	39	38	37	47	57	40	44	34	50	45	26	42	43	42	42	36	52	43	39	39	39	37	49	48	54	52	44	47	50	36	48	36	52	51	40	37	40	48	43	39	48	51	38	42	51	37	38	35	53	51	53	39	41	31	40	45	42	42	41	40	40	42	46	36	48	45	40	45	45	54	41	29	52	49	48	44	45	40	35	39	45	29	39	41	50	37	42	43	45	44	37	51	37	41	52	57	33	43	36	35	45	55	33	41	48	50	47	50	47	46	53	32	43	35	40	36	63	40	38	46	28	46	45	45	49	40	30	31	46	38	45	43	46	27	34	41	35	38	45	29	51	39	37	34	27	47	35	28	33	38	45	39	38	52	38	37	50	33	41	35	30	44	45	38	41	36	38	33	38	36	47	35	40	44	46	42	38	49	36	44	32	44	44	38	45	46	33	47	37	31	32	38	46	38	30	36	47	40	37	28	38	28	39	47	51	28	54	35	41	34	44	43	47	36	48	36	47	36	49	37	34	38	40	38	45	47	38	37	51	43	40	28	37	35	45	31	43	34	46	46	50	41	46	44	39	42	33	50	43	46	32	31	58	44	41	44	39	36	31	38	48	44	45	36	48	47	50	60	45	53	45	38	46	39	41	42	35	36	42	37	42	49	40	50	30	35	54	32	48	44	30	34	46	50	36	46	42	39	43
cell63	47	22	45	31	41	39	39	38	41	33	50	44	32	39	31	37	33	29	35	44	26	41	24	37	37	32	32	33	43	34	39	26	34	47	36	37	39	35	43	34	34	37	31	40	41	38	37	47	32	31	31	30	37	41	44	31	36	40	30	41	32	27	38	42	52	33	42	44	39	42	33	28	22	30	32	50	31	40	38	49	31	47	46	31	39	38	41	43	32	40	35	42	44	36	44	37	41	39	39	44	37	33	31	39	37	37	44	38	30	31	50	48	25	36	39	32	39	35	30	42	53	31	39	40	39	42	42	46	38	35	37	36	23	28	45	39	47	47	29	36	34	36	34	32	38	29	34	35	36	39	30	38	33	33	34	33	28	37	30	31	43	29	25	37	34	38	46	49	31	42	39	31	34	43	37	37	32	41	35	22	31	37	35	40	41	32	26	38	30	39	38	31	34	40	33	43	33	33	37	34	43	38	51	47	44	28	49	35	24	46	35	33	35	36	27	34	31	40	44	28	37	36	36	36	35	33	44	32	40	42	41	35	37	31	52	31	36	48	49	36	48	34	39	43	32	40	45	31	38	37	43	44	52	35	36	39	29	36	39	44	39	35	39	40	33	34	47	35	41	41	39	44	23	43	42	50	45	32	40	51	44	34	20	57	40	42	39	34	40	47	31	41	34	34	39	42	37	39	41	38	49	28	38	42	38	30	42	47	34	30	26	37	41	38	32	29	31	32	40	34	33	45	34	28	30	25	36	37	32	40	30	40	37	49	41	47	35	37	31	39	29	29	43	31	26	44	38	33	36	32	36	31	49	31	36	28	34	42	38	25	32	30	35	41	29	30	42	33	45	50	39	27	45	35	33	44	39	42	34	36	46	29	32	43	44	47	39	46	20	39	35	27	33	34	44	39	36	34	47	40	29	35	44	34	31	41	38	38	38	33	31	42	37	38	30	43	31	44	27	33	37	32	40	42	44	42	45	44	32	32	44	33	29	35	28	42	34	29	40	40	33	39	39	30	38	40	34	26	46	42	44	40	39	50	56	46	51	37	43	54	25	27	22	44	42	28	36	37	44	35	36	41	23	50	26	38	37	35	43	38	31	38	39	42	41	29	41	48	19	39	30	42	35	20	41	40	41	42
cell64	44	48	53	38	46	47	42	52	45	47	36	46	52	52	54	36	46	46	44	43	52	51	52	39	37	59	43	63	50	46	50	48	60	65	57	46	50	43	40	49	35	57	44	39	40	46	38	53	57	45	42	41	54	45	51	42	34	43	53	51	42	52	49	54	37	36	52	54	47	49	38	52	49	44	41	40	45	38	50	50	44	48	51	33	47	50	47	38	41	49	48	53	51	45	44	52	50	55	39	44	39	46	44	48	46	59	36	63	57	42	60	52	54	35	60	45	63	57	37	60	51	35	54	54	56	44	45	46	40	42	46	45	45	50	43	50	55	60	40	49	40	42	38	43	52	53	39	46	48	25	46	42	46	44	46	42	44	56	49	55	47	62	48	39	42	44	44	33	36	46	49	52	50	40	45	51	41	52	75	44	42	51	50	42	62	44	46	50	39	53	54	50	53	56	44	38	34	47	45	44	47	45	49	50	47	34	50	51	51	46	39	65	52	41	51	53	49	38	37	53	48	54	53	45	51	30	40	66	58	56	44	42	41	46	43	45	48	48	34	45	39	38	26	43	60	51	48	48	53	58	48	51	51	43	42	51	55	44	43	47	56	48	64	45	53	43	54	41	44	47	55	48	44	44	51	41	53	35	49	57	50	51	39	42	48	49	34	56	38	52	43	49	54	58	51	43	49	51	46	40	51	58	45	40	50	60	57	49	58	66	54	49	41	51	37	48	61	47	47	38	50	45	52	47	45	36	48	39	58	48	70	55	48	58	59	53	52	45	35	44	54	48	53	46	58	42	42	37	58	38	51	47	48	51	45	51	47	54	36	48	51	59	44	36	48	35	42	46	38	56	46	39	38	47	40	55	52	40	49	55	58	38	37	53	31	61	47	60	38	45	46	49	52	27	52	41	46	54	37	42	45	53	41	60	45	53	46	41	40	47	47	63	38	54	49	56	50	53	48	44	53	47	61	52	50	40	47	41	41	50	43	41	51	51	49	51	62	44	37	47	40	41	47	39	44	47	50	37	63	36	50	54	50	47	37	39	49	43	47	48	46	40	37	38	40	47	52	39	44	36	60	38	45	49	35	38	51	33	54	40	61	43	49	45	49	48	52	45	37	39	46	42	56	46	47	52	50	42
cell65	27	25	35	24	28	42	30	32	32	29	25	36	24	18	22	19	23	23	19	28	36	26	31	29	33	30	28	18	24	28	23	28	22	28	29	33	22	35	30	32	31	26	39	27	33	14	35	32	26	35	31	31	22	27	22	29	31	23	19	27	29	32	26	32	27	23	33	28	26	29	33	32	26	27	29	28	26	37	19	32	30	26	34	27	33	24	28	29	23	34	24	34	37	25	29	33	26	30	28	28	38	28	20	16	32	26	26	24	27	28	25	26	27	25	29	24	32	30	25	34	29	37	34	23	23	29	23	24	28	40	25	25	32	36	20	33	25	19	31	23	27	39	26	25	19	28	25	21	23	24	32	17	20	30	30	42	22	23	28	39	29	37	27	20	24	18	19	31	37	23	31	26	24	33	38	23	33	28	16	25	25	25	28	27	22	23	33	32	29	23	24	25	27	35	29	30	27	26	31	28	27	21	30	30	32	29	25	25	37	27	27	30	25	39	35	28	21	17	26	32	19	24	24	30	36	27	22	35	27	35	29	31	26	20	21	31	26	32	32	26	21	27	32	29	30	25	23	26	23	27	31	35	26	25	36	36	24	32	32	31	32	31	33	34	28	35	43	27	21	23	25	26	37	13	24	33	26	30	24	37	27	25	30	32	27	45	22	32	13	28	22	25	32	33	34	30	33	21	27	15	30	28	20	39	29	33	26	43	36	26	28	28	31	40	28	33	28	46	21	30	32	33	36	38	25	23	21	34	32	28	27	33	35	27	24	25	34	28	26	36	25	29	23	26	41	28	27	19	30	28	23	24	42	34	31	32	26	21	30	19	42	30	32	24	26	34	23	30	23	28	31	27	30	32	25	29	24	19	23	20	23	22	24	22	25	33	22	37	33	22	31	28	18	24	35	23	33	27	25	21	24	37	37	35	23	30	27	35	24	31	26	32	30	37	29	23	26	26	29	27	35	30	23	29	29	33	29	25	35	36	25	23	32	26	35	35	33	25	24	30	41	26	25	27	32	29	28	27	30	23	35	35	25	23	17	28	33	14	21	32	27	22	22	30	30	21	26	25	33	21	24	26	37	34	27	30	28	26	24	31	30	29	32	25	21	28	24	23	32	25	30	35	35	24	34	28	27	35
cell66	36	23	28	35	28	45	29	22	36	38	29	32	25	28	33	28	27	37	41	31	26	34	33	25	38	33	25	40	23	46	27	31	41	40	35	29	27	22	23	25	42	34	38	39	32	31	20	36	35	36	23	30	31	18	27	35	29	36	35	31	26	26	28	24	34	28	31	27	32	33	31	28	38	28	29	23	30	24	24	41	33	34	35	36	31	32	39	33	35	34	31	39	35	34	32	30	36	31	38	33	36	26	39	31	35	34	29	28	22	29	31	22	34	26	31	25	41	38	28	26	29	23	32	40	29	38	30	41	28	31	32	28	28	30	40	26	31	19	30	36	34	31	38	24	26	29	20	40	31	29	22	21	35	30	34	34	32	38	32	34	46	26	35	36	31	23	29	43	23	31	34	31	34	29	28	32	23	30	38	36	33	37	39	33	34	36	42	39	28	29	21	23	27	35	25	46	28	27	28	38	42	30	29	31	24	25	36	39	31	32	22	29	29	33	30	35	28	21	23	32	23	35	33	42	38	23	33	24	26	33	34	27	31	34	38	31	37	27	32	45	26	30	28	33	31	30	44	33	37	42	33	42	34	31	29	29	32	38	34	29	27	35	29	28	32	25	32	33	26	35	43	40	26	20	30	36	38	33	38	28	27	45	43	35	33	28	31	25	25	41	31	40	36	32	33	35	31	29	33	39	37	26	29	31	33	35	29	29	36	30	27	29	39	28	32	28	34	27	22	30	26	33	29	23	42	25	34	29	37	25	33	37	31	41	39	36	34	37	33	34	25	33	27	27	23	34	33	41	31	42	34	32	31	41	27	31	35	30	28	22	27	27	38	29	35	24	27	31	28	31	43	28	33	29	33	43	35	37	38	38	34	24	31	31	28	40	30	24	38	44	30	38	29	29	22	30	40	34	38	23	31	19	41	29	26	26	38	27	28	36	36	26	32	28	31	28	31	34	39	23	37	30	31	39	33	33	30	24	33	38	37	17	26	26	28	27	38	40	34	38	34	34	25	38	30	36	31	21	35	23	31	26	28	28	37	31	26	33	33	26	24	34	27	32	38	47	38	29	26	29	46	31	28	22	33	21	30	34	31	32	32	31	25	37	38	37	33	34	26	38	19	28	33	25	32	35	27	31
cell67	88	88	88	88	93	77	101	74	90	97	91	73	81	114	85	105	93	79	74	82	91	84	96	90	97	116	97	90	101	89	80	78	87	96	106	84	93	80	96	92	98	93	75	101	93	86	84	101	70	76	84	81	92	84	93	97	88	85	75	82	85	101	99	84	104	88	98	89	77	66	87	99	85	81	104	88	85	102	82	85	79	109	104	97	83	87	88	101	87	96	77	81	94	97	101	86	100	83	87	99	104	84	81	74	98	82	94	110	76	107	92	93	75	84	114	89	88	89	77	86	104	98	83	91	91	104	103	99	95	73	89	93	84	73	79	101	80	95	108	79	96	109	96	89	80	73	77	97	101	72	82	92	93	85	91	106	96	82	82	90	113	91	83	82	84	97	79	87	88	73	79	97	92	105	90	96	94	75	106	94	96	71	72	85	105	101	70	102	90	95	99	82	91	107	78	100	95	86	78	79	77	86	102	89	85	81	88	99	69	77	90	100	82	70	89	92	96	86	109	83	72	86	87	89	82	65	79	86	66	82	91	86	100	77	104	98	71	95	95	88	94	86	86	88	95	78	102	95	92	97	76	82	91	74	91	79	87	104	85	94	80	99	92	82	88	98	92	86	71	81	95	79	86	90	79	87	107	90	98	108	99	93	105	99	72	87	79	103	92	89	86	97	68	87	96	81	97	86	78	102	92	71	99	96	95	110	92	96	109	99	98	83	81	107	78	82	92	87	102	81	96	82	83	88	85	63	108	103	86	91	83	84	80	115	80	113	88	96	84	92	85	96	87	81	98	90	86	93	90	86	100	83	82	96	90	82	63	75	95	84	93	95	93	100	101	81	84	82	99	94	92	77	87	90	83	89	105	94	79	98	84	75	78	90	84	104	105	84	91	90	99	92	91	88	92	83	79	99	89	80	78	101	97	87	66	99	72	107	80	80	66	96	88	110	84	96	98	82	86	69	84	83	89	98	84	73	106	112	101	76	95	105	83	82	79	98	72	102	94	97	89	104	84	94	85	80	92	69	66	68	91	93	88	107	86	92	92	89	90	97	101	93	92	94	103	102	91	73	90	79	113	82	73	88	80	83	88	67	85	92	104	84	102	67	89	83	63	85	94	63	94	99	91	82	87	96	113	95
cell68	35	23	32	38	28	38	44	37	27	31	34	38	27	33	38	28	30	23	26	28	31	28	23	32	36	35	35	35	34	41	29	29	32	34	30	40	26	28	35	32	36	26	35	34	31	35	25	37	31	42	34	33	42	29	24	24	36	29	23	29	26	36	37	31	33	23	37	39	37	33	39	20	33	25	23	30	27	30	31	29	33	31	41	38	38	33	32	40	33	33	31	27	30	38	25	32	19	27	23	38	31	27	28	33	33	28	33	34	33	26	24	32	21	30	39	23	44	28	40	33	29	35	28	43	39	37	34	32	35	28	44	32	29	30	36	27	38	30	35	34	35	38	15	33	30	31	34	39	49	32	35	38	27	43	42	23	36	38	34	34	41	37	28	32	31	31	34	36	42	34	41	34	31	29	27	32	24	34	29	26	31	33	33	24	40	35	38	30	35	39	32	26	24	48	31	28	37	42	25	33	42	36	39	35	39	33	31	38	24	22	26	29	31	41	22	25	42	36	33	24	33	32	33	35	29	34	38	31	18	37	34	33	27	25	30	29	35	32	31	30	44	26	44	31	35	28	34	25	36	30	28	26	34	42	32	38	35	33	26	23	34	44	28	40	26	34	28	41	38	31	29	32	40	33	39	29	30	33	31	38	34	36	41	35	30	38	29	32	34	37	30	28	41	35	40	42	33	32	30	34	24	30	29	29	38	29	38	28	30	27	30	47	32	27	42	31	29	32	32	22	42	28	23	35	39	34	42	35	34	23	29	35	32	42	36	37	37	27	40	25	24	32	41	34	28	40	22	37	34	31	25	37	37	31	34	28	29	34	23	39	33	23	40	32	33	31	31	31	43	31	28	28	39	24	16	24	36	31	36	29	23	29	28	28	29	32	51	36	44	39	38	35	24	15	28	27	39	38	33	36	28	27	33	40	29	31	38	23	42	28	39	34	26	35	34	43	31	49	32	21	34	48	37	46	26	28	24	22	32	28	32	26	26	40	39	31	34	27	27	30	31	36	35	34	33	31	33	20	41	28	34	41	33	49	44	24	42	33	40	33	32	26	25	34	39	42	24	38	42	35	43	29	25	37	31	41	38	23	41	22	32	29	30	33	26	41	36	36	31	33	29	32	29	32	39	37	31	44
cell69	40	25	34	27	27	39	40	36	35	33	31	35	36	38	29	33	40	35	27	38	38	31	46	28	21	31	22	30	40	35	33	43	41	46	34	29	32	31	42	32	44	34	40	31	31	31	35	37	35	38	36	25	35	41	32	35	27	29	34	39	33	44	38	30	46	28	41	38	35	28	32	30	53	40	25	43	39	40	31	28	29	26	47	23	32	27	31	32	34	40	35	28	34	36	42	40	38	29	34	35	36	38	31	33	25	31	30	39	30	25	34	38	31	31	43	31	37	33	35	37	31	25	32	43	35	35	40	40	38	27	34	58	35	25	30	34	40	32	47	29	31	31	39	45	31	30	23	31	38	37	24	36	34	27	44	33	33	37	20	32	41	33	40	40	34	20	28	40	41	35	37	36	40	31	43	34	32	32	40	43	32	45	29	39	41	40	27	27	35	37	28	31	38	40	27	36	38	32	27	36	23	32	46	29	38	29	36	40	35	39	37	39	30	36	33	34	41	34	30	35	29	25	39	39	36	32	50	42	25	38	37	35	37	32	37	44	34	36	41	43	29	37	32	34	35	37	26	35	30	43	34	28	31	30	33	31	43	39	21	27	34	41	35	40	48	36	39	44	29	35	34	56	43	32	37	35	27	31	32	37	39	23	29	29	38	38	32	32	31	29	33	40	36	41	32	36	34	38	35	32	35	38	29	32	37	36	49	36	29	43	31	25	39	29	36	34	35	27	29	27	36	34	35	28	36	34	40	31	42	35	45	36	37	37	22	28	29	35	31	26	36	28	39	24	43	37	30	31	33	38	32	38	37	36	40	43	37	28	34	29	34	38	34	33	44	33	39	42	37	47	46	18	34	42	23	42	39	33	31	25	39	43	25	32	39	29	45	48	41	35	36	37	34	27	25	28	37	37	34	46	32	29	36	34	33	33	39	44	39	31	24	34	38	41	20	36	29	49	35	40	36	25	41	34	32	35	45	38	34	39	34	39	35	38	28	28	49	33	31	41	33	38	35	37	39	27	36	35	41	31	32	41	33	38	42	34	40	30	30	25	26	34	29	35	45	26	46	39	35	27	41	41	36	42	30	31	47	28	38	41	32	26	21	46	43	28	33	25	30	23	35	42	28	31	36	36	38	41
cell70	91	62	84	99	81	81	80	84	78	79	78	95	58	68	94	62	90	92	81	89	79	79	93	68	80	92	84	85	82	78	85	80	105	82	78	78	75	84	102	95	68	75	78	85	66	83	69	76	77	76	84	91	71	78	82	96	89	76	78	97	87	74	74	90	71	71	88	80	78	80	89	74	96	73	72	75	77	77	71	95	71	75	95	85	73	81	79	79	63	93	85	72	89	78	82	74	95	85	83	97	101	87	71	72	88	95	73	79	80	83	75	87	85	78	58	84	89	95	74	102	72	81	83	106	86	87	94	69	87	87	91	62	76	70	85	90	98	80	70	78	90	75	84	95	84	84	76	79	94	85	70	78	83	83	88	77	73	87	73	93	92	78	91	86	88	102	86	79	68	67	80	83	71	78	81	74	67	79	88	71	75	75	93	98	85	91	85	85	74	71	81	82	91	106	96	94	81	82	83	69	93	82	83	57	82	74	76	86	77	89	81	89	86	72	98	72	74	83	88	77	87	67	73	78	80	90	82	102	101	98	81	86	70	105	88	88	88	81	71	69	78	74	75	77	84	84	97	84	94	105	69	86	96	97	76	85	82	87	79	80	71	86	81	94	83	70	84	87	72	99	85	83	84	88	97	66	94	66	89	82	77	63	82	97	61	88	64	88	74	88	77	88	83	77	76	77	76	77	94	87	85	86	75	86	60	100	83	75	84	68	80	71	106	88	72	88	81	93	69	75	75	66	68	75	91	68	75	70	85	79	82	96	79	82	101	86	84	78	84	89	63	73	88	72	96	75	69	85	79	80	76	103	85	75	72	83	83	70	79	72	89	87	85	83	96	89	76	81	63	82	77	78	93	102	77	96	106	79	79	67	65	71	81	101	102	86	100	84	93	82	82	99	83	77	82	65	92	91	75	82	86	88	86	88	67	68	78	86	90	84	77	94	79	79	87	70	77	86	65	71	79	79	68	82	77	70	83	70	79	72	62	95	78	78	73	75	73	81	83	96	77	96	79	84	82	100	80	96	70	72	80	65	85	87	78	85	99	84	61	104	77	91	79	76	91	88	70	84	70	70	88	65	98	80	84	79	93	83	91	87	83	77	80	85	89	91	93	83	74	72	91	87	74	72	78	70	87	102
cell71	90	95	122	113	117	109	123	122	99	124	101	99	101	102	118	103	109	109	101	109	116	105	123	103	117	116	111	93	119	102	113	108	137	130	118	120	108	104	118	107	113	121	126	85	91	113	105	99	107	104	88	106	139	111	107	106	105	93	99	117	127	109	107	109	126	94	93	117	111	126	124	116	147	105	115	88	99	103	104	116	116	122	142	114	99	108	113	113	113	127	107	109	111	88	102	131	118	98	109	119	114	100	101	100	94	106	123	112	122	123	116	128	129	94	130	93	127	117	118	121	103	98	119	136	116	128	117	101	107	89	118	114	133	100	103	104	151	145	119	96	121	106	126	126	97	112	84	104	122	93	119	77	95	101	112	132	94	106	86	109	125	120	112	119	105	114	109	123	115	127	107	103	111	108	103	147	119	115	121	116	104	97	100	102	103	102	103	121	123	124	114	94	153	136	103	109	108	95	103	118	105	107	130	105	124	97	104	124	103	98	135	110	107	99	94	105	104	106	108	115	95	115	93	128	124	103	120	99	96	109	113	112	97	138	97	122	119	106	115	128	95	117	105	121	122	121	105	111	116	84	110	102	107	105	118	81	101	108	97	100	96	117	108	125	124	122	101	127	108	121	98	118	109	112	106	128	134	122	118	111	115	125	109	118	119	113	109	116	121	122	115	142	117	96	141	133	107	109	112	119	133	110	121	113	109	123	127	108	118	114	117	116	96	95	129	109	102	119	133	103	112	118	110	128	118	92	132	111	98	109	111	142	106	120	107	118	110	115	107	122	112	124	108	103	113	97	105	99	111	116	98	101	119	118	112	108	96	93	123	90	125	95	117	117	121	103	113	109	94	122	138	91	100	100	108	128	118	102	88	115	110	119	105	141	101	129	108	127	113	121	107	117	109	115	95	106	102	112	107	95	103	98	125	124	88	106	119	89	112	124	108	128	92	117	111	120	129	107	98	93	99	108	113	143	114	92	103	122	116	111	122	107	109	138	113	124	117	111	104	134	106	118	112	108	107	118	133	127	111	87	103	118	102	117	122	123	138	102	113	128	108	121	101	114	102	120	118	110	122	108	107	116	97	108	105	94	106	98	117	94	119	87	128	105	99	153	108	114	103	100	121	130	120	105	107	108	135	111
cell72	29	33	39	32	39	40	36	39	35	33	29	33	33	30	41	33	33	23	34	39	29	38	33	30	44	43	31	41	40	33	28	27	37	31	41	23	35	38	53	37	24	27	43	44	37	28	32	35	27	45	33	28	31	46	25	27	36	33	37	28	26	38	44	37	41	33	36	32	29	43	42	32	35	42	32	33	29	33	42	33	22	31	37	28	37	28	43	34	39	33	30	41	33	37	38	33	41	23	37	41	32	38	39	38	36	33	38	22	23	29	31	38	32	26	43	38	31	35	41	44	32	31	21	23	34	24	44	29	27	25	40	35	34	42	30	59	42	44	44	41	26	34	42	32	40	30	41	35	30	29	32	25	34	36	36	45	26	42	27	47	38	22	32	38	38	47	43	36	37	37	27	34	42	38	33	38	33	41	42	30	26	34	36	31	25	28	31	25	23	33	30	28	32	32	28	29	29	25	27	36	24	32	36	36	33	32	34	34	33	45	33	28	39	31	25	34	40	32	23	21	27	46	41	26	49	31	30	33	34	41	31	21	37	40	25	35	32	38	39	34	26	34	34	47	39	35	36	34	27	27	36	28	26	32	35	28	31	31	29	22	23	38	37	29	39	38	40	36	37	27	43	34	40	33	37	31	27	28	35	57	36	28	23	39	27	40	26	26	32	36	28	34	32	35	36	32	37	42	34	39	42	24	26	39	38	34	29	49	40	34	30	47	34	37	38	30	31	25	32	30	44	29	28	31	31	36	29	30	29	22	24	34	45	36	42	42	29	36	23	35	34	41	46	34	38	27	34	51	32	41	36	35	31	34	33	34	33	26	34	32	32	40	40	45	39	30	35	37	33	52	36	38	32	46	38	24	33	38	33	29	26	30	27	44	49	34	37	32	41	30	31	32	36	41	24	40	35	40	31	32	34	32	34	41	32	42	25	36	42	39	35	44	35	42	36	33	36	37	33	38	31	40	31	34	24	29	41	35	27	29	38	26	32	28	37	41	30	33	37	26	30	32	54	34	40	34	37	36	42	27	43	37	43	29	32	38	24	32	31	44	25	35	31	35	36	38	46	28	35	24	43	40	24	26	26	34	36	40	29	36	36	37	25	36	33	34	40	43	29	32	31	34	33	31	35	26	41	43
cell73	31	45	37	43	40	45	42	51	50	35	45	39	36	43	39	31	59	45	46	57	54	36	45	41	32	41	38	36	46	41	49	46	49	47	52	37	43	44	45	42	40	31	38	44	40	44	40	81	88	99	96	100	98	91	91	80	83	99	76	96	74	81	81	88	103	95	95	94	75	81	97	80	75	93	75	73	90	87	70	91	75	44	55	38	0	0	0	41	34	39	50	49	37	36	44	44	47	38	56	44	41	44	41	44	41	40	47	44	35	40	48	45	38	40	50	35	40	54	26	64	51	47	41	55	37	47	51	55	57	42	45	57	43	48	35	50	37	55	43	47	39	44	49	41	36	48	38	49	41	44	50	43	40	56	48	61	39	44	33	31	55	42	44	48	39	35	35	40	53	53	45	34	33	49	46	41	43	35	38	31	43	47	34	36	45	48	39	49	48	45	32	26	33	34	44	42	47	51	39	35	45	56	56	42	46	28	32	33	25	41	35	42	38	34	24	47	38	41	32	41	37	32	39	42	40	41	38	34	42	45	42	35	50	43	29	45	43	43	39	48	42	44	43	48	48	27	48	42	54	53	55	35	45	33	42	45	44	40	49	45	38	51	45	48	53	39	47	50	48	37	47	30	43	48	39	48	48	44	37	50	54	37	58	40	45	44	41	44	43	54	40	43	60	42	43	69	46	46	43	44	45	54	48	58	38	42	51	48	51	43	50	45	54	40	37	44	28	48	43	40	47	48	47	31	44	31	51	36	50	31	37	43	48	50	45	33	53	40	31	43	44	42	42	41	44	37	36	52	42	47	37	49	39	43	33	51	44	47	37	39	31	48	43	48	36	37	36	39	32	49	46	46	42	41	44	42	42	38	36	23	52	51	41	43	40	33	44	47	41	36	38	44	48	38	58	34	47	32	33	33	57	49	49	46	43	42	31	45	53	44	38	56	37	45	47	43	43	46	55	40	38	40	42	30	42	41	38	37	46	36	38	32	36	42	32	40	47	35	37	46	41	49	39	37	45	45	59	39	38	39	38	49	35	41	51	30	46	46	45	47	37	45	35	57	41	46	41	41	43	43	42	53	45	44	39	43	33	36	43	32	38	32	38	36	50	53	42	54	47	39	41	46	56	48	47	31	46	29
cell74	56	53	43	58	55	66	53	45	48	35	53	49	54	45	48	69	53	55	53	55	44	55	43	47	54	56	46	61	67	55	58	43	58	53	56	67	65	57	66	57	48	68	52	49	47	59	36	62	60	39	38	50	63	54	59	52	58	53	36	58	41	53	61	51	55	46	65	58	59	52	57	48	50	45	60	65	50	60	67	48	55	59	67	44	54	50	52	65	57	44	59	59	55	43	44	51	67	48	44	48	64	46	43	56	50	55	61	43	58	63	59	49	57	39	58	50	58	54	47	65	61	50	55	54	53	74	61	41	63	45	57	62	54	56	50	70	53	45	59	52	60	51	54	53	44	56	49	54	60	52	50	52	49	43	69	50	46	46	48	51	58	52	54	58	51	59	41	49	54	56	40	56	60	56	49	58	45	60	58	57	37	48	48	57	60	46	42	45	70	46	44	45	60	60	60	46	50	46	68	46	52	45	65	63	61	58	58	52	57	48	60	57	56	46	48	44	55	50	55	62	58	58	49	58	63	48	62	48	57	57	64	59	40	63	50	64	56	65	46	50	49	42	56	47	66	51	55	66	49	55	55	52	58	42	69	42	54	56	49	46	51	52	56	57	41	58	57	54	39	55	69	58	46	69	44	50	46	48	41	64	54	43	60	65	51	62	60	39	64	69	48	46	53	52	48	57	54	54	67	51	57	38	44	55	57	71	48	63	49	58	45	47	52	62	61	57	30	57	56	37	59	43	56	64	40	44	60	41	56	58	54	51	57	66	60	61	47	55	50	41	56	52	69	60	49	70	51	70	50	45	52	57	50	61	42	39	51	50	53	37	57	44	55	47	61	42	45	57	46	55	44	43	59	41	57	49	60	46	64	41	64	59	35	52	49	54	62	50	53	45	54	58	52	49	30	57	58	60	39	54	43	48	46	53	64	56	54	54	58	49	61	58	46	72	43	50	54	44	47	54	60	54	53	61	67	53	53	49	48	51	40	57	53	58	44	44	62	73	56	48	48	55	48	48	41	56	52	57	47	52	66	57	60	52	49	52	52	48	50	51	63	57	46	55	44	58	50	46	62	57	58	57	49	46	50	66	56	41	53	51	52	48	50	59	56	57	58	61	52	44	42	52	46	50	64	63	65	57
cell75	78	79	80	78	92	70	70	75	77	95	96	84	73	93	63	74	79	98	83	91	80	73	78	79	83	62	61	65	82	74	73	75	78	85	78	74	92	67	71	82	80	62	71	70	71	82	63	83	59	78	83	65	80	87	75	65	78	77	83	90	60	67	87	77	83	71	71	76	85	81	85	79	89	87	66	73	77	67	60	81	60	75	89	65	54	87	70	83	82	74	81	62	69	72	81	97	78	84	74	68	81	87	74	80	83	71	92	78	69	78	80	68	81	77	82	81	95	95	83	96	86	106	76	77	70	94	86	88	81	81	89	90	90	67	65	64	96	79	65	72	78	87	77	60	72	74	73	87	82	87	81	72	85	60	76	85	69	85	73	67	93	77	85	78	74	65	80	65	99	62	71	92	71	87	63	92	89	73	91	70	72	90	63	75	76	74	74	98	86	86	68	74	75	91	55	77	89	76	79	81	71	73	66	84	82	78	92	89	66	77	87	82	79	86	71	79	70	69	87	81	72	67	74	78	86	69	83	75	75	91	83	85	95	84	78	85	87	91	77	77	74	77	104	71	82	66	60	65	84	74	84	95	80	75	74	77	79	103	77	87	102	75	97	86	80	65	78	80	73	75	78	74	73	78	75	78	73	71	105	91	80	87	85	73	76	71	82	82	68	88	72	99	68	74	63	86	76	80	91	67	79	79	80	87	91	95	73	89	82	71	78	74	81	71	87	90	73	69	74	71	75	78	86	68	78	60	72	73	68	77	80	96	88	91	93	86	87	94	86	69	67	100	79	69	79	86	91	61	88	80	58	97	89	83	85	85	83	77	66	80	82	83	79	77	83	69	74	73	83	78	102	72	87	72	63	86	84	76	84	78	67	77	68	93	84	97	102	76	72	92	96	75	71	69	73	77	79	82	78	70	87	107	89	82	92	66	101	94	71	78	68	96	82	94	75	83	82	76	62	71	91	78	77	71	75	72	76	86	65	60	68	91	75	77	93	86	81	82	72	89	71	89	68	82	76	88	82	65	84	82	72	83	69	77	88	80	90	82	63	74	77	92	63	86	85	73	79	94	83	78	88	88	65	82	67	82	73	73	67	58	77	72	68	72	73	76	71	78	71	76	89	85	83	70	77	67	65	81
cell76	28	40	32	42	38	44	32	36	30	26	32	34	27	26	37	28	38	29	28	36	28	38	39	28	26	30	28	37	32	29	35	25	31	32	33	38	38	30	33	44	43	29	51	36	37	40	32	49	35	42	37	38	62	38	36	45	36	35	34	36	29	29	42	27	39	26	34	23	31	35	38	35	24	33	40	36	28	33	36	32	36	39	27	21	32	38	21	32	35	38	31	35	34	39	31	31	42	43	40	36	39	37	36	41	30	38	36	35	40	44	40	33	42	42	44	31	41	29	34	44	39	33	35	31	41	38	31	35	46	34	36	32	39	44	34	32	32	38	35	31	37	31	33	45	29	30	38	38	32	25	32	41	45	57	42	37	30	42	26	27	40	29	34	29	36	43	34	39	41	41	32	43	31	33	37	38	38	37	44	33	33	44	33	27	37	43	42	29	24	36	32	39	36	40	24	31	38	34	29	37	36	39	32	27	43	31	40	26	46	31	33	26	33	35	24	32	24	35	33	36	28	34	28	30	38	30	31	35	29	30	46	32	34	35	29	44	27	36	33	43	33	35	30	41	35	37	29	33	29	34	27	29	37	33	43	46	43	24	33	26	44	35	48	45	35	34	37	33	34	46	53	33	33	30	27	38	33	35	29	38	39	42	45	43	26	38	33	47	33	33	32	35	29	35	31	40	36	33	32	43	24	31	42	28	39	36	37	33	41	53	35	38	38	37	36	38	50	19	31	36	46	43	31	33	39	23	36	36	33	39	33	34	48	33	29	38	48	41	45	42	40	39	37	38	39	30	30	47	40	42	28	37	38	35	44	40	38	31	29	31	33	42	43	43	42	42	37	32	38	45	33	30	38	32	24	33	34	36	38	37	37	42	40	37	35	35	31	37	34	35	35	42	37	29	33	27	30	33	37	28	45	29	35	27	36	28	26	40	47	36	40	41	30	51	33	45	30	34	33	34	39	37	33	36	40	34	40	45	30	36	28	35	34	33	32	39	36	53	39	33	34	30	41	33	33	42	34	54	28	31	37	25	38	41	35	47	37	29	37	42	37	31	48	30	42	34	31	45	35	42	36	36	42	35	19	30	34	41	33	37	37	33	26	35	30	31	34	46	31	31	31	49	49	48	36	34	52	37
cell77	30	47	57	35	44	39	55	41	42	44	40	53	34	46	36	35	48	38	50	44	41	49	39	50	46	49	45	44	46	39	47	33	38	44	54	41	44	45	35	53	43	47	50	46	54	48	38	54	39	48	63	41	47	49	40	45	39	35	44	39	40	41	76	39	59	34	59	60	44	37	37	48	51	54	37	36	45	44	34	54	56	40	56	40	58	41	43	55	45	41	60	48	47	47	39	50	42	49	42	47	58	50	44	50	37	55	52	58	49	40	57	47	35	43	42	47	40	40	52	52	51	48	45	43	48	42	55	38	45	45	46	39	52	41	36	54	46	42	33	50	43	47	46	38	40	42	48	44	43	44	36	50	58	59	42	38	41	55	46	34	51	59	52	44	31	38	43	51	42	45	52	48	47	45	38	31	47	32	51	45	48	42	41	48	49	42	47	48	45	42	42	44	44	42	35	50	36	46	41	45	42	31	56	52	51	40	53	49	47	55	44	44	54	42	48	49	42	39	38	52	50	40	41	46	55	40	44	46	35	40	36	48	35	47	40	42	44	46	41	45	46	44	37	45	60	54	39	39	49	48	50	43	42	46	41	46	47	55	51	43	38	44	39	43	47	52	50	58	47	58	48	38	45	49	51	35	49	36	46	60	42	43	52	46	54	54	44	44	51	52	31	42	46	41	41	49	42	40	35	36	44	43	45	43	46	60	45	43	48	46	48	52	49	39	58	43	34	50	49	41	49	52	42	48	42	42	37	38	40	52	45	47	30	51	55	43	28	44	31	45	47	34	50	39	50	48	51	27	50	37	39	38	43	39	40	45	43	33	38	43	42	42	28	57	48	35	31	46	51	42	52	39	30	50	44	56	50	53	45	34	51	53	52	39	45	54	59	42	41	48	47	51	51	50	33	35	49	54	45	42	53	41	37	55	45	58	43	42	54	41	41	53	41	56	36	53	43	42	49	52	46	43	51	50	52	38	41	39	47	42	34	37	55	36	36	46	43	47	44	46	37	39	55	40	44	54	51	49	48	38	49	46	46	36	42	49	44	43	51	57	48	42	35	39	37	50	53	40	59	52	49	37	43	43	43	42	53	50	44	55	38	54	39	49	42	41	43	52	35	33	43	32	46	46	51	49	62	45
cell78	53	64	71	72	49	62	62	62	58	72	72	60	56	73	63	60	47	52	52	69	69	56	41	54	56	66	43	71	62	63	60	73	65	82	71	72	64	55	67	56	47	55	55	58	65	62	69	68	59	67	60	70	56	60	53	61	66	73	48	60	54	56	65	43	59	47	62	64	64	57	58	65	64	59	66	54	76	68	55	54	53	71	71	64	46	53	56	60	67	71	67	46	58	56	58	56	57	54	59	86	61	50	68	73	56	53	60	78	50	59	67	54	56	54	63	43	82	70	56	71	70	77	60	47	70	70	75	63	67	64	61	59	65	72	56	49	68	58	69	71	76	58	67	64	60	59	55	73	67	61	59	62	66	63	48	64	51	66	51	54	64	45	58	59	56	56	67	49	63	62	51	48	56	63	40	50	57	65	71	52	64	67	59	74	58	56	68	56	65	44	53	63	68	79	67	54	65	66	65	74	71	53	56	65	68	68	72	64	54	44	63	69	45	62	52	59	61	70	75	66	53	65	70	65	84	56	61	59	71	63	62	57	56	54	61	69	59	67	57	65	56	63	55	73	75	59	56	57	72	64	47	62	55	60	55	54	58	51	61	59	68	59	66	48	59	55	62	49	58	56	52	47	59	55	77	47	80	54	52	77	70	62	72	58	60	66	48	62	62	64	57	60	75	60	50	62	50	47	65	63	63	64	54	60	55	66	62	62	58	69	55	47	54	69	45	53	52	58	71	48	52	61	64	58	48	52	67	65	69	58	65	85	55	76	69	56	69	70	67	66	57	52	47	66	55	72	63	59	49	57	44	65	57	64	65	57	63	57	46	65	63	69	60	72	65	53	63	58	50	70	54	59	59	54	69	72	69	62	57	66	60	48	64	54	54	62	59	53	56	68	77	74	60	72	55	55	74	70	54	50	48	59	56	52	53	68	52	53	43	56	54	73	64	70	42	54	47	47	46	64	62	63	46	66	67	52	57	60	53	62	55	61	52	55	59	59	60	58	63	56	59	54	66	70	54	58	55	54	68	60	66	69	54	58	61	55	69	57	60	50	64	66	58	70	58	60	71	48	66	60	64	77	46	36	53	63	70	60	79	63	72	53	43	56	61	64	67	58	48	63	43	80	63	57	60	63	71	69
cell79	51	45	48	61	50	53	59	57	37	50	54	62	58	64	46	57	58	52	45	51	55	60	63	69	57	47	51	63	49	48	47	57	49	69	53	67	47	59	50	57	49	62	59	54	35	42	47	56	45	70	59	61	67	58	60	52	52	53	60	49	56	52	71	49	59	45	47	65	55	60	57	59	59	53	68	56	75	53	68	53	60	49	66	48	54	45	53	56	49	56	57	44	57	59	41	62	49	59	50	47	53	57	48	51	54	52	59	60	61	51	57	63	51	55	53	47	68	51	44	53	56	66	61	62	52	64	62	47	53	48	51	67	59	55	40	57	66	62	54	57	52	54	58	68	50	53	68	47	57	52	56	54	50	57	57	61	56	62	46	41	55	43	45	63	55	52	59	62	52	61	55	50	46	54	44	54	58	57	58	60	59	66	38	54	59	60	54	56	66	55	53	42	52	81	47	58	56	50	52	53	49	56	48	51	47	63	54	45	57	59	55	45	47	56	53	51	62	70	54	43	40	63	53	63	61	45	59	38	56	61	68	52	68	62	41	49	56	56	60	50	57	40	46	69	44	52	60	79	55	58	43	58	54	54	56	50	67	51	47	48	56	68	59	45	51	45	56	60	49	66	74	69	53	44	49	56	63	46	59	61	58	45	54	52	54	67	47	48	62	61	55	61	57	54	52	52	65	46	57	37	54	48	58	48	59	63	50	58	50	64	57	43	50	51	51	52	61	48	56	44	64	66	41	51	64	67	51	53	73	59	43	50	63	64	59	59	50	54	63	44	38	64	67	58	66	57	63	59	58	55	50	60	44	58	49	44	57	41	40	61	45	56	51	51	61	53	62	67	50	70	53	51	40	45	48	62	60	56	41	65	50	49	43	47	57	65	44	46	56	47	56	53	56	51	60	42	60	46	55	54	50	52	57	59	37	48	49	46	47	59	57	66	49	44	35	60	38	56	64	54	49	54	54	43	41	46	58	61	59	48	46	56	57	65	45	57	58	62	42	52	51	47	42	46	71	53	49	66	58	52	45	54	57	55	65	52	68	53	48	63	53	41	58	43	52	42	54	51	54	63	59	53	55	57	53	57	53	54	57	48	54	47	68	50	68	43	53	66	44	69	57	58	38	43	64	57	57	70
cell80	44	35	42	56	45	51	49	37	39	44	30	41	45	46	46	42	50	38	36	41	46	27	36	36	57	53	48	53	62	47	37	38	41	45	49	49	51	41	36	38	44	35	38	40	38	33	45	30	41	30	29	42	52	51	39	39	45	43	46	36	38	48	58	37	39	44	35	51	48	44	42	42	52	55	28	50	49	32	40	45	41	54	58	36	37	45	41	57	43	40	40	35	39	52	51	45	45	53	37	56	51	36	29	49	42	45	44	40	29	34	35	44	36	32	52	40	55	56	41	51	39	37	38	34	48	49	46	30	48	49	44	37	36	44	36	30	48	59	32	33	45	38	43	30	32	47	53	44	49	40	47	37	50	42	47	46	33	54	42	37	54	42	36	39	37	43	35	38	44	37	52	50	40	47	37	49	48	39	43	34	31	36	28	49	44	48	45	36	37	43	33	40	52	46	34	36	45	48	41	48	37	52	39	39	50	39	37	40	46	37	41	44	34	32	44	51	33	40	46	45	42	47	37	50	45	20	42	42	40	45	45	41	46	38	52	44	51	47	46	36	36	43	49	38	54	53	41	56	45	41	42	48	51	47	40	49	37	51	35	48	37	42	50	35	36	34	51	43	38	29	41	51	38	40	33	37	39	51	44	46	41	33	43	43	46	56	45	46	39	56	50	39	35	48	43	40	46	36	39	44	44	38	32	32	39	57	49	62	41	39	42	53	50	58	35	38	39	40	49	47	41	39	42	37	37	35	44	35	54	48	47	39	29	44	41	42	37	60	37	45	42	36	51	37	30	34	42	46	43	47	52	52	50	44	51	32	38	47	39	44	44	50	44	33	57	39	49	46	41	49	39	36	42	53	47	52	27	38	42	44	39	41	45	51	38	51	42	48	58	41	36	49	35	36	34	44	54	46	41	32	30	36	47	46	61	33	32	54	29	43	47	52	44	57	48	37	42	39	43	42	40	37	34	44	36	34	46	47	48	43	42	54	32	49	33	44	37	37	35	41	49	51	37	35	46	60	49	44	39	31	36	53	44	39	44	54	46	45	41	44	43	31	39	38	48	35	28	39	54	50	39	32	44	52	36	40	40	42	29	41	43	46	36	34	47	50	37	43	40	44	39	43	38	32	47	33	67	49
cell81	53	41	50	56	49	56	48	57	39	49	43	36	42	57	48	43	38	40	59	42	44	45	42	37	39	41	46	60	46	52	51	47	60	48	38	40	54	54	45	45	47	40	51	46	33	38	43	40	41	61	53	50	48	32	60	49	52	58	47	57	48	42	61	48	47	43	43	48	45	50	39	50	40	52	44	44	64	43	64	54	50	48	50	44	48	48	41	41	62	48	55	34	53	47	58	51	45	45	46	49	60	49	52	49	55	55	42	46	50	44	31	51	53	41	54	45	54	50	48	53	45	46	53	47	43	49	43	38	40	52	57	39	44	45	44	42	45	34	35	42	46	71	51	52	41	51	42	44	48	42	44	37	51	55	41	41	36	49	38	48	55	53	60	41	48	57	40	46	44	45	54	38	45	44	44	44	45	39	58	36	43	45	33	50	49	45	46	46	46	52	41	42	62	53	44	51	53	50	46	41	36	53	42	45	47	44	49	44	48	53	48	41	45	31	35	53	50	47	53	57	42	42	53	50	58	48	39	33	46	50	52	43	50	45	45	55	35	38	48	38	37	46	44	36	66	45	60	39	34	50	44	38	47	39	41	45	43	38	43	30	44	51	51	57	46	53	53	42	51	45	40	43	53	50	44	48	58	34	46	51	54	39	57	52	48	58	40	50	59	46	44	55	42	41	34	56	40	55	46	49	54	43	38	49	46	52	34	46	57	45	38	44	44	49	40	55	37	36	44	46	47	47	42	49	45	31	44	43	57	44	41	46	42	58	58	53	39	53	51	44	34	52	48	49	37	48	56	47	45	53	36	47	36	52	46	48	49	37	48	49	52	47	47	51	37	46	50	43	49	69	44	61	48	44	46	35	62	55	46	53	37	48	36	48	45	50	42	44	52	40	44	44	56	46	36	39	44	37	43	51	53	49	57	37	49	46	42	38	46	37	61	37	34	68	39	43	62	54	38	33	47	33	45	52	49	51	30	51	56	46	50	43	43	32	50	36	50	38	44	38	37	49	41	43	52	47	46	52	46	40	41	49	45	46	41	40	42	42	44	43	31	47	45	44	47	47	51	41	43	34	52	50	44	49	46	42	43	43	58	48	53	48	44	48	50	55	47	50	36	51	47	54	47	55	43	42	46	43
cell82	38	34	36	33	32	39	25	36	37	39	37	20	37	32	36	33	25	21	38	30	35	33	27	31	36	32	27	28	38	30	41	33	36	37	39	30	23	27	30	32	27	21	21	31	39	32	23	61	63	66	63	59	82	60	69	49	62	65	71	68	64	70	56	62	72	67	62	63	64	75	69	72	76	69	51	69	56	66	49	67	72	32	30	30	0	0	0	45	49	27	36	37	33	28	29	26	23	20	31	38	26	26	25	44	43	20	41	41	25	32	37	32	30	28	29	30	36	31	40	34	33	39	28	36	35	31	45	25	27	28	29	39	32	41	41	33	31	37	33	33	47	26	34	43	31	31	31	26	37	26	22	28	30	30	36	41	30	30	33	36	37	26	38	34	40	23	23	21	31	20	44	33	30	37	30	33	48	33	34	25	25	37	27	45	32	28	27	26	55	34	29	26	41	41	38	35	47	31	22	35	31	28	45	40	38	40	32	38	43	31	38	23	30	29	28	36	33	26	28	28	33	33	30	33	32	31	30	39	26	34	39	35	42	30	25	29	26	38	40	25	34	34	23	34	31	38	34	19	36	40	27	28	34	35	34	31	33	20	31	32	35	37	42	30	44	26	29	39	31	30	46	31	35	25	32	22	36	29	19	27	38	30	27	35	24	26	40	31	32	35	34	44	30	28	34	32	27	29	33	40	37	33	39	30	35	38	29	30	23	31	30	34	23	45	33	35	37	32	32	28	32	24	34	23	24	34	29	30	43	24	42	29	34	40	34	44	28	37	36	34	33	39	28	24	31	27	28	31	29	28	34	27	35	35	42	31	29	33	45	29	26	28	29	41	41	32	35	25	31	29	25	24	27	28	35	36	41	30	21	37	29	33	34	47	35	36	24	38	32	34	34	46	24	26	30	16	36	22	35	33	34	22	29	42	26	36	26	37	39	23	25	24	27	33	33	46	34	30	34	31	31	28	31	34	32	32	38	25	28	33	24	18	28	24	20	40	34	42	25	25	37	34	27	34	20	31	34	29	39	26	30	31	35	35	33	28	39	36	33	35	25	35	25	44	21	36	27	38	39	29	35	38	24	22	26	43	36	33	24	33	37	30	26	38	29	24	29	39	24	31	23	38	27	22	34	30	45	36
cell83	39	31	53	54	44	44	36	48	47	49	48	37	55	47	42	52	42	39	38	50	48	50	38	42	56	39	57	48	46	37	40	35	44	46	53	45	47	36	45	39	53	37	51	45	50	25	51	43	42	41	35	54	49	37	41	35	41	52	40	55	40	55	56	36	43	36	41	54	45	33	30	33	67	38	52	54	56	45	43	39	47	55	37	42	57	50	40	50	39	45	46	39	48	32	32	47	65	50	38	40	54	47	42	33	45	35	41	41	59	39	44	49	50	34	45	30	48	58	45	64	41	35	48	44	39	39	49	40	50	52	60	53	38	58	25	41	47	47	47	50	41	52	44	38	41	41	42	39	46	52	47	54	43	53	59	53	42	38	46	56	48	43	52	42	43	37	50	41	44	46	42	57	46	32	41	49	44	41	45	41	54	37	54	43	53	38	38	36	35	61	41	40	35	49	49	53	63	37	58	35	51	36	45	46	42	39	38	48	43	45	50	32	45	41	48	43	45	36	47	51	44	47	49	41	39	36	47	42	48	46	49	49	44	59	45	45	37	47	46	59	35	49	56	38	53	50	44	41	47	63	44	44	38	43	47	37	36	52	57	42	46	52	52	41	49	39	41	34	49	50	46	38	42	57	54	48	58	32	38	47	46	40	53	47	53	47	54	37	39	41	57	46	55	49	54	43	36	48	49	49	43	27	44	38	48	58	44	52	38	48	45	46	45	50	37	50	46	47	46	40	39	42	42	42	51	33	40	45	44	53	36	45	47	45	62	36	44	48	43	51	41	50	40	38	42	46	22	55	50	43	56	54	61	42	52	46	40	46	49	37	39	45	39	49	42	42	46	52	45	40	42	42	37	54	46	61	56	38	41	38	53	26	32	45	49	32	37	45	37	46	41	59	39	42	43	45	55	40	37	46	45	46	48	59	40	35	37	39	54	53	44	40	44	52	39	48	50	41	40	39	58	56	35	41	45	45	46	45	43	39	43	37	38	29	42	37	42	34	55	42	40	46	47	51	49	41	48	43	49	56	48	43	53	54	39	50	35	46	40	46	45	45	38	46	40	48	44	39	51	43	43	47	54	57	44	47	48	33	50	29	37	48	40	44	43	42	39	48	30	33	32	30	50	32	47	58	53	44
cell84	45	29	39	56	48	43	43	38	44	51	41	41	42	45	45	41	42	39	38	33	49	38	41	30	46	48	36	38	30	54	26	43	38	47	52	45	62	47	50	41	43	44	40	48	37	40	47	42	39	39	33	62	45	38	32	48	41	41	40	51	43	53	38	38	57	40	45	35	43	33	28	43	56	47	39	46	41	46	41	40	43	46	54	52	50	46	45	53	46	42	43	54	50	45	51	36	39	51	35	41	55	41	36	40	36	48	44	41	32	40	49	45	46	34	41	48	51	55	48	70	43	51	42	50	39	41	40	46	52	42	40	40	46	49	42	51	45	39	39	47	48	54	39	46	31	47	38	52	47	39	34	40	33	40	41	48	33	56	43	39	59	43	49	51	42	31	36	47	48	60	41	40	54	48	44	42	40	41	46	20	44	38	36	48	54	41	53	40	35	49	43	45	46	43	45	56	46	48	33	40	26	44	55	40	52	35	54	35	48	51	45	41	41	49	54	37	47	44	39	38	39	45	40	37	37	45	51	48	38	47	54	28	45	39	47	51	55	44	42	44	34	33	51	36	47	47	68	37	46	41	38	47	49	40	41	42	50	55	44	45	53	42	46	50	42	42	39	46	44	51	39	44	49	40	49	45	55	37	38	37	48	54	56	42	33	47	55	51	38	54	36	48	41	41	43	50	48	44	37	49	41	47	47	49	43	37	52	36	40	53	49	34	48	47	43	39	39	49	37	39	58	52	48	35	50	44	63	40	55	61	48	49	50	45	35	52	33	40	46	52	40	46	43	40	52	34	35	50	50	48	41	42	29	44	29	49	41	41	39	42	35	38	46	47	45	40	38	48	37	53	32	59	51	57	33	45	69	32	41	38	52	36	37	47	34	51	33	47	56	52	42	56	41	44	54	34	35	41	53	49	48	37	47	49	43	31	63	53	39	47	45	59	36	62	40	42	44	54	44	40	51	48	49	46	39	46	46	52	44	45	47	39	46	33	39	37	37	50	49	37	40	43	43	35	50	34	41	42	53	31	33	37	35	42	49	42	45	52	36	41	35	48	55	49	49	37	55	32	44	37	48	48	45	47	43	34	30	45	48	43	44	36	31	42	45	62	40	54	44	36	39	52	54	43	45	36	54	38
cell85	45	50	47	56	40	55	46	54	45	52	57	43	43	60	46	38	49	63	62	54	52	53	62	43	47	55	44	59	43	56	49	44	45	60	71	38	51	50	54	60	55	59	43	49	45	52	45	49	55	40	45	52	51	53	50	49	45	49	71	43	46	50	63	49	50	47	48	34	58	57	58	47	41	51	34	50	54	40	50	54	54	45	67	54	53	56	55	55	64	55	52	52	67	59	53	48	55	63	47	52	54	67	49	55	47	50	53	54	49	43	55	54	50	42	74	57	46	40	49	48	46	63	62	65	49	67	63	43	43	54	45	55	48	51	51	58	55	49	37	52	41	45	51	58	46	62	44	46	42	42	58	47	41	58	61	59	59	52	47	45	54	47	57	66	47	53	42	53	61	60	55	45	56	50	54	59	42	41	69	48	52	62	47	57	43	50	50	55	51	56	51	49	45	58	58	45	51	48	63	55	56	52	60	68	45	49	65	54	53	57	55	46	56	52	55	67	52	52	50	55	47	41	53	57	56	47	59	56	46	66	64	56	52	68	49	60	60	55	53	45	36	55	46	49	62	44	58	53	45	46	46	50	45	45	47	48	51	42	44	57	50	69	59	57	51	57	53	52	47	61	56	50	57	61	58	43	56	61	59	52	49	48	47	41	57	53	39	53	53	62	51	63	56	40	55	38	47	39	56	52	61	47	62	56	55	62	52	65	43	45	31	53	46	51	53	40	43	49	51	48	49	45	62	51	61	40	48	52	58	55	46	69	51	52	54	60	41	55	43	45	45	51	36	54	45	40	57	57	41	45	41	49	56	68	47	52	57	53	46	60	52	37	37	61	55	54	57	44	52	54	58	42	51	48	57	58	57	55	57	57	36	49	38	51	56	41	50	47	49	46	44	55	41	50	40	49	47	57	50	52	53	56	64	44	50	53	59	39	49	52	58	52	42	60	40	62	53	51	52	55	50	51	64	51	39	43	58	50	47	39	58	52	44	52	53	73	32	48	46	46	47	63	48	42	42	49	59	39	48	49	50	42	70	51	65	51	57	39	59	51	60	55	50	52	46	39	47	54	57	46	59	41	40	57	51	52	63	54	53	39	53	59	60	43	48	58	50	56	51	55	49	63	48	54	63	49	61	58
cell86	33	38	40	35	37	45	33	50	28	41	40	46	39	50	32	36	39	33	35	40	47	42	42	39	58	40	34	40	36	55	45	28	48	33	32	35	33	45	34	45	34	36	38	34	47	34	34	38	43	44	39	44	59	39	44	44	35	45	33	36	29	51	38	31	49	45	37	39	44	45	36	38	54	32	54	35	44	32	48	39	36	56	39	38	39	40	40	41	43	42	54	43	42	38	51	52	47	45	35	36	42	42	33	37	43	40	33	29	41	40	37	55	45	37	58	43	61	54	41	41	39	34	38	44	48	45	42	46	49	43	39	47	38	41	42	42	48	52	42	50	44	38	44	44	29	49	41	42	39	35	41	47	40	49	42	47	43	32	30	38	58	41	38	30	33	26	39	41	53	43	35	39	40	39	41	51	40	42	40	46	37	45	32	40	38	39	29	33	42	35	43	44	44	42	47	46	38	41	40	43	32	39	40	29	42	47	42	50	53	34	60	45	34	27	39	44	31	37	40	44	36	37	31	40	43	46	33	45	35	40	45	45	43	44	33	37	36	59	50	47	35	35	34	44	46	42	33	34	38	40	28	43	40	33	32	40	50	42	46	36	38	28	46	43	35	48	36	38	40	45	40	53	41	37	40	44	47	41	47	46	31	42	46	39	41	48	38	45	39	52	57	37	38	34	50	45	44	31	34	39	49	33	30	46	51	53	43	46	40	42	53	37	37	46	38	40	37	40	36	39	53	41	48	33	52	29	42	27	48	36	29	52	38	45	36	34	35	41	45	32	39	32	40	36	46	38	42	41	48	45	42	27	45	49	38	33	35	49	52	31	32	33	40	46	42	27	43	38	27	38	57	38	44	36	42	50	48	35	36	47	45	27	42	40	51	40	35	40	49	37	52	29	40	43	39	40	29	43	44	44	30	47	39	33	35	42	36	39	36	53	38	43	31	42	36	41	37	30	23	33	55	45	44	40	48	34	39	49	37	44	37	41	43	36	34	33	40	48	50	44	36	36	41	33	37	47	35	26	45	28	43	50	37	55	54	54	37	41	47	34	32	44	36	35	39	42	38	48	39	26	34	37	50	35	34	41	34	40	41	39	38	35	43	45	34	48	40	54	41	46	32	38	41	47	42	42	44	35
cell87	64	44	48	67	53	46	55	61	56	51	56	58	44	68	52	60	60	53	42	51	50	45	54	59	52	46	47	58	51	55	49	57	59	53	52	39	66	76	58	53	70	59	47	50	58	46	42	51	50	45	44	57	59	60	53	59	53	56	44	60	59	60	53	63	49	53	48	43	50	62	58	57	55	56	56	65	49	45	50	61	55	50	63	45	43	53	43	56	65	49	41	54	61	40	62	61	59	46	48	66	58	65	47	42	49	56	63	61	63	45	51	51	47	58	50	49	48	54	61	63	61	57	62	46	48	45	51	47	50	47	60	52	44	50	52	50	47	59	60	56	63	44	59	57	49	49	52	61	56	51	62	42	62	60	54	59	45	47	54	53	57	50	68	59	61	48	53	59	63	57	62	44	50	41	57	60	49	55	63	55	53	49	68	61	63	64	53	51	64	75	48	68	61	62	49	62	60	61	58	49	59	53	47	64	57	55	64	64	46	62	61	59	64	56	48	50	45	65	65	52	44	57	46	44	48	51	60	59	63	39	63	52	49	58	54	45	45	60	48	59	61	74	48	76	65	64	48	61	57	53	51	76	63	54	45	54	48	58	68	49	51	54	53	55	62	59	57	56	67	65	52	44	60	54	55	66	66	57	62	64	39	68	55	44	50	58	42	61	46	68	48	68	60	58	48	57	66	49	51	49	54	52	71	50	49	67	44	62	52	56	54	60	47	49	57	47	51	57	62	57	57	62	61	58	50	49	45	58	46	54	61	40	57	65	58	60	58	55	58	54	41	54	53	52	54	61	54	56	56	60	50	42	57	58	57	52	45	57	60	48	41	61	54	44	63	48	62	47	52	71	55	54	53	62	51	59	66	53	43	66	52	60	56	53	54	56	52	62	64	57	50	41	56	43	66	58	64	56	42	75	50	64	58	54	51	57	48	55	58	53	61	57	39	57	44	50	59	60	60	46	52	52	59	57	49	42	44	54	63	50	48	74	45	51	60	57	48	50	53	54	52	44	39	59	56	45	69	54	60	57	49	50	46	61	58	58	69	70	55	50	38	62	54	58	63	57	59	58	62	56	50	64	38	59	58	39	42	58	61	48	54	44	49	53	64	53	60	52	41	52	61	64	59	47	71	48	67	53
cell88	58	71	61	63	46	61	63	56	65	73	65	66	49	71	70	60	63	61	55	52	53	61	67	59	71	72	56	53	78	60	60	69	59	87	69	74	55	69	70	65	66	75	59	71	71	56	58	68	65	68	67	65	70	71	76	66	64	69	70	68	55	58	69	63	62	55	60	54	58	45	67	61	70	59	60	72	68	61	55	59	70	61	62	45	58	64	58	51	67	70	64	56	72	64	63	65	64	54	70	67	76	75	65	60	58	55	64	65	74	68	56	68	71	69	67	63	53	71	78	65	71	66	72	74	72	82	72	59	72	64	76	50	58	64	68	77	59	83	65	63	76	64	72	67	60	63	64	65	69	59	66	69	63	65	74	69	65	59	52	76	70	76	39	71	50	59	64	87	48	74	62	69	72	71	63	77	62	52	81	58	45	66	65	72	65	58	65	74	67	62	44	69	65	79	70	57	54	65	69	79	58	77	70	88	65	67	66	67	58	54	79	57	66	63	56	73	67	65	73	63	63	65	43	65	63	70	72	74	48	80	70	57	68	65	73	62	68	55	62	79	58	75	85	79	71	73	62	59	76	59	64	69	69	76	73	54	73	57	53	59	63	83	60	63	71	61	72	56	62	47	69	58	67	77	70	49	71	58	51	58	70	63	68	76	62	61	54	72	78	71	45	62	75	60	69	74	67	81	77	67	63	54	66	71	72	67	70	68	83	74	70	61	74	62	82	72	75	60	78	53	66	59	59	62	58	57	78	62	57	54	56	68	52	70	59	68	74	66	48	64	63	51	63	63	66	67	67	66	65	61	50	58	72	69	52	67	66	47	49	63	58	67	71	64	74	68	73	58	68	78	71	59	61	76	73	69	55	70	57	73	69	60	54	67	61	63	63	66	68	70	74	76	73	58	60	59	62	76	64	71	48	64	67	63	51	45	65	65	73	73	57	80	70	77	64	79	52	65	69	64	65	70	56	62	73	58	79	78	50	66	66	64	65	79	66	74	60	72	68	58	63	60	58	64	74	75	60	65	65	45	62	54	67	60	72	85	78	72	54	58	66	69	58	62	60	73	61	52	74	61	79	57	69	73	64	77	63	58	77	72	72	63	74	63	60	66	59	68	69	65	61	55	58	59	75	56	69	73
cell89	57	69	46	56	58	47	49	50	56	51	52	47	39	57	42	42	54	47	45	61	56	50	60	38	40	42	49	48	63	44	51	51	53	45	42	59	55	40	59	44	39	42	48	50	50	49	47	108	89	92	106	118	118	120	93	95	108	109	86	102	91	95	108	98	85	88	129	76	99	95	110	97	112	114	85	114	87	96	85	108	94	51	49	44	0	0	0	46	44	54	52	48	39	60	42	56	64	33	62	61	60	39	49	44	38	37	52	43	48	52	57	58	41	44	60	49	56	44	35	57	47	58	39	62	41	46	53	63	45	55	49	57	48	52	48	48	49	55	44	54	48	45	49	59	57	46	45	43	47	51	47	47	43	57	57	52	36	49	49	44	48	62	59	49	62	36	40	48	50	50	57	56	44	50	51	48	62	64	52	51	36	55	52	55	54	61	51	50	55	45	41	43	56	67	40	58	45	42	57	45	34	52	61	54	50	66	40	58	39	46	44	44	54	49	37	37	52	33	61	42	44	53	50	54	42	41	62	42	46	55	51	61	52	55	43	49	45	45	58	48	55	46	37	65	51	42	53	39	45	56	44	47	50	49	45	52	60	44	46	50	52	50	56	64	55	65	49	52	56	57	52	38	54	45	51	65	57	45	51	64	43	43	47	52	42	48	44	48	50	47	53	43	47	41	49	63	44	40	47	49	51	50	49	49	46	54	52	47	32	47	50	42	53	53	52	53	54	52	57	42	54	48	40	44	61	43	38	52	54	52	56	55	54	64	56	48	50	64	49	47	48	38	42	44	50	60	46	44	52	47	50	49	53	58	43	50	43	43	48	56	50	45	60	60	40	51	62	42	52	53	42	53	57	60	53	44	47	48	57	45	47	50	34	68	54	45	41	64	40	43	54	57	49	38	51	43	61	49	58	53	50	62	63	58	49	56	41	51	46	65	41	63	45	51	47	50	38	39	56	45	46	52	56	51	56	42	68	40	51	43	42	53	47	47	32	41	55	44	45	51	49	41	49	43	62	45	44	46	64	33	40	61	46	51	49	46	52	59	57	52	39	55	43	63	58	52	50	42	43	48	52	53	46	50	50	35	46	39	50	45	48	44	43	42	50	50	53	50	50	44	56	57	47	35	50	45	57	56
cell90	51	52	50	41	56	65	62	66	50	45	62	53	41	53	56	58	45	53	55	63	60	48	40	50	53	50	52	57	63	40	57	52	54	57	50	60	61	59	44	75	54	43	45	50	49	35	46	55	57	43	39	55	41	55	68	48	44	41	61	61	55	56	60	68	51	43	62	48	57	43	59	48	54	54	46	41	61	47	50	50	32	53	68	40	40	59	57	46	42	50	44	55	48	48	61	56	52	50	50	69	60	53	50	55	50	51	69	46	63	61	63	55	47	47	66	52	58	58	53	52	61	55	56	55	62	64	42	65	41	45	54	46	55	49	56	59	55	39	65	50	65	48	55	56	41	48	56	41	67	48	38	58	49	59	47	74	38	55	55	61	62	59	49	53	36	49	43	61	60	51	43	49	59	48	47	64	49	50	74	49	51	43	45	54	60	47	44	55	48	49	58	44	48	56	57	53	59	59	56	58	71	51	47	46	49	45	58	59	56	58	56	59	52	46	52	46	54	46	43	48	45	57	58	58	61	54	48	54	45	47	55	51	53	57	52	73	48	58	47	46	48	43	69	46	65	53	61	52	60	63	55	45	57	49	42	38	68	46	52	47	57	59	53	50	53	57	60	41	45	45	54	35	47	66	60	46	59	47	52	57	49	44	56	67	48	50	46	53	61	50	53	51	54	54	58	45	46	54	61	58	46	52	62	46	49	56	49	50	50	58	51	50	49	47	59	47	55	54	60	41	54	48	60	51	54	52	43	58	54	48	51	54	60	53	50	62	62	61	49	74	40	54	48	46	62	61	58	56	46	56	54	47	64	47	40	56	54	50	59	36	51	47	52	65	66	46	64	44	61	48	49	60	53	52	47	56	50	41	53	59	54	52	55	56	66	53	50	45	47	63	50	64	48	56	49	41	62	68	63	58	47	52	53	44	58	67	53	47	60	42	51	44	53	51	43	41	45	40	53	52	52	47	56	48	54	37	57	53	38	57	56	44	42	54	46	53	41	61	54	69	47	55	53	42	59	44	45	38	45	61	49	53	52	41	63	55	58	55	46	51	42	46	48	54	75	62	47	56	42	42	48	56	41	39	47	47	57	45	54	47	43	49	61	56	54	55	54	52	56	58	53	55	47	53	38	46	63	58
cell91	51	40	56	46	59	46	59	42	48	64	57	49	39	55	43	49	41	45	45	57	45	52	43	53	36	50	46	58	46	44	51	46	44	50	51	40	41	58	61	47	53	48	44	42	51	33	43	53	36	54	61	45	56	57	42	48	52	53	55	54	43	51	56	40	36	44	62	56	53	52	70	52	63	62	44	44	46	46	42	39	51	69	62	38	59	41	39	49	53	58	57	46	60	37	43	51	66	50	42	45	57	44	44	54	50	42	52	42	35	48	53	48	55	36	41	55	56	42	46	53	48	51	40	49	48	52	57	49	45	52	49	41	54	55	54	52	64	44	48	52	43	51	42	55	50	43	44	57	51	48	53	44	43	39	53	45	43	47	47	43	55	72	48	48	51	52	52	52	66	44	55	40	50	49	43	41	43	46	51	44	51	49	52	55	53	37	51	44	41	58	43	51	53	61	46	46	48	46	50	51	57	54	54	49	42	40	55	54	38	36	49	39	45	53	47	41	37	49	50	50	36	48	52	42	38	45	51	47	55	54	45	50	57	54	48	35	49	51	67	48	43	52	55	57	55	41	48	44	55	43	54	43	49	47	49	52	46	58	44	40	42	67	43	56	55	50	44	44	44	53	49	47	48	49	43	39	42	46	55	56	61	46	47	59	49	50	51	49	44	57	47	55	59	60	66	49	53	43	57	36	49	56	46	52	48	41	49	48	60	59	60	41	51	48	45	46	51	43	45	44	46	46	51	62	43	44	49	38	49	45	53	71	34	53	45	49	42	49	40	52	41	44	43	48	49	55	47	44	51	48	36	42	55	55	47	46	46	51	43	47	46	42	45	49	48	43	51	41	41	47	45	37	50	49	44	51	59	43	38	49	53	49	42	50	44	53	42	53	53	43	48	38	47	47	50	45	41	59	43	58	45	46	61	57	46	45	31	50	47	56	42	57	46	55	55	60	41	46	49	57	53	39	64	53	51	41	50	48	49	46	51	55	50	40	43	51	56	52	50	45	61	44	49	38	45	49	50	48	66	53	49	65	49	42	55	44	41	49	40	49	47	59	44	57	46	39	54	49	42	47	41	46	37	53	56	45	42	53	40	47	52	42	40	45	61	54	58	60	50	42	49	58	35	41	51	50	68	59
cell92	43	42	48	53	55	55	51	49	58	53	55	51	56	57	45	53	49	46	52	51	49	45	44	46	57	62	39	48	45	43	45	33	48	50	45	43	44	51	52	47	37	44	60	49	41	44	39	40	53	59	53	41	63	48	47	37	49	48	43	47	44	53	48	47	47	39	52	52	50	56	55	45	45	47	34	41	47	43	42	50	40	46	57	36	49	30	35	54	49	52	51	44	44	49	49	41	52	46	41	50	49	46	37	61	58	59	38	54	56	44	39	56	47	49	55	43	41	55	45	50	50	53	46	66	42	40	56	50	39	50	57	36	50	50	47	48	59	56	46	48	51	61	48	44	50	33	49	42	55	45	58	57	53	51	43	55	51	42	50	42	48	40	55	55	38	44	41	53	57	52	53	45	43	56	44	46	48	55	58	42	42	54	43	47	50	54	44	43	30	48	44	43	37	58	44	50	55	41	69	49	53	50	65	46	45	42	54	55	53	54	47	61	59	61	49	40	49	40	59	44	48	44	54	49	65	43	63	47	50	45	44	44	32	55	48	41	56	61	48	41	58	50	57	43	55	57	39	39	54	55	39	49	50	35	42	45	40	39	50	46	51	42	58	49	33	52	44	45	57	46	52	51	53	53	49	45	47	38	36	54	48	54	48	53	54	40	53	56	46	50	45	56	47	37	48	51	46	44	54	51	64	42	43	53	41	52	49	54	56	60	55	47	56	50	49	43	45	46	53	32	50	38	38	39	56	45	61	48	55	57	55	57	49	64	52	63	60	52	46	51	45	44	65	52	47	57	42	44	44	39	41	46	61	50	43	50	44	53	53	33	43	45	57	44	39	47	55	47	46	51	51	45	41	60	62	58	56	52	46	42	53	48	42	51	37	53	31	53	50	46	46	51	43	44	56	35	42	59	45	48	49	48	43	48	37	40	46	52	42	49	47	55	32	50	46	57	55	53	52	39	39	45	45	51	41	44	45	54	57	64	42	57	46	44	42	44	53	44	34	44	50	50	46	59	51	53	55	46	45	49	45	46	52	57	54	51	53	41	42	60	58	36	49	58	35	56	53	40	62	36	54	45	59	33	44	35	38	56	56	54	33	43	47	50	42	60	54	50	52	36	27	39	64	32	52	36	44	54
cell93	46	26	34	39	63	45	41	35	33	42	56	48	27	46	40	37	42	35	38	46	32	38	40	35	49	33	40	35	47	41	45	41	39	44	39	41	44	37	44	42	45	36	35	34	32	42	36	39	35	49	23	50	44	43	29	33	41	36	32	40	37	43	27	35	43	37	39	30	26	36	41	36	32	28	33	29	40	44	38	43	27	32	53	31	36	46	35	36	31	39	47	35	48	38	33	35	42	37	42	45	38	32	36	58	36	42	24	39	25	33	45	30	44	41	45	36	42	45	31	42	43	36	42	41	45	34	46	34	32	32	32	43	35	45	31	44	30	34	42	39	41	37	49	41	42	39	37	43	42	35	37	37	31	44	51	33	38	39	31	38	52	44	40	29	37	40	32	40	41	30	45	27	45	37	36	32	36	35	39	38	46	31	42	37	48	40	32	34	37	50	36	40	38	38	31	41	52	43	45	44	36	36	40	48	42	42	39	43	36	36	39	31	45	44	36	42	36	28	38	38	36	38	32	37	41	33	29	41	39	45	39	44	37	38	39	44	37	42	37	39	33	38	43	49	36	37	50	28	38	39	43	42	40	39	26	36	41	44	36	40	42	37	36	50	36	26	44	30	39	35	36	44	44	42	32	49	48	33	28	42	38	26	42	39	33	49	29	39	41	50	38	43	42	34	44	55	41	31	37	28	44	49	40	38	40	45	41	39	37	40	40	20	35	46	38	42	34	37	40	32	41	32	48	37	33	39	41	35	51	39	32	45	54	40	34	43	46	40	34	26	30	45	39	38	41	31	41	34	41	40	37	31	50	41	41	32	41	36	38	28	32	38	35	53	38	31	51	32	27	28	48	40	46	32	44	42	42	34	42	28	40	24	35	40	30	42	37	36	38	39	44	40	32	33	31	28	47	39	47	38	35	49	39	39	36	40	36	39	44	38	34	54	39	35	35	30	27	32	39	35	36	44	47	45	38	40	45	33	30	44	42	26	37	55	36	41	35	35	26	34	35	31	49	39	32	39	44	35	31	36	32	38	44	49	47	34	44	37	42	27	40	45	35	44	38	46	27	35	42	33	43	43	36	33	33	36	32	28	48	41	34	50	39	33	30	56	47	40	37	36	37	54	46	37	44	37	39	36
cell94	50	54	50	49	60	60	47	52	33	50	52	44	56	60	51	59	49	44	59	47	29	55	45	52	55	53	53	63	58	62	52	41	54	62	50	46	56	54	47	62	51	43	45	51	48	52	46	105	107	94	88	135	110	111	108	98	87	107	84	112	88	125	112	105	110	94	107	119	105	105	97	99	110	93	98	100	98	111	104	82	119	58	71	52	0	0	0	47	46	62	53	51	60	54	46	49	55	78	45	59	69	55	53	48	61	56	56	46	51	53	55	53	44	59	55	42	57	55	48	55	41	58	55	57	47	77	61	50	57	53	44	52	36	63	42	52	61	43	55	47	45	52	39	64	54	53	35	54	49	59	49	49	47	57	49	53	59	45	50	51	60	46	58	50	52	47	59	59	52	53	64	54	37	54	46	49	54	57	54	44	57	52	47	56	53	55	62	56	56	45	52	39	58	77	53	64	50	59	50	59	57	55	57	58	50	47	62	62	53	62	69	63	50	51	36	48	50	58	57	44	46	43	50	52	57	56	51	40	52	62	58	56	48	55	56	60	42	71	50	45	54	43	66	52	61	54	46	45	60	58	48	59	61	55	54	45	51	56	54	52	39	51	63	60	55	58	57	43	61	58	70	44	60	62	45	46	50	38	50	43	46	40	62	63	46	46	51	55	64	66	56	61	54	48	46	55	48	60	51	66	44	61	47	60	60	59	48	45	47	54	56	44	60	40	54	53	54	55	53	44	45	48	52	47	53	45	57	57	49	41	52	59	53	65	57	72	59	55	34	41	38	49	62	45	56	48	59	44	48	53	61	50	41	43	54	43	41	51	52	50	49	49	54	49	49	46	51	51	51	66	46	42	57	48	45	66	59	49	52	50	54	59	59	55	45	61	57	58	58	59	50	64	61	44	43	52	48	51	46	54	52	66	63	48	45	44	53	62	58	39	48	54	46	54	45	65	56	49	37	53	55	45	43	56	51	46	49	57	50	65	63	57	40	57	60	38	47	76	63	60	50	56	49	60	47	41	57	63	59	61	64	47	55	54	55	46	71	64	47	45	61	49	40	51	59	48	50	46	49	48	50	55	57	54	47	43	48	43	53	56	45	44	58	42	49	60	51	52	51	49	42	63	47	44	61	38	46	54
cell95	46	42	50	57	50	50	51	35	44	51	52	38	41	52	46	34	49	50	57	48	40	37	54	50	46	40	52	47	37	55	53	43	51	50	46	47	42	54	42	53	44	36	46	38	42	44	38	47	33	49	36	46	46	48	40	48	38	56	49	34	46	49	45	38	60	42	46	57	51	44	39	48	50	36	43	51	43	35	52	50	44	54	44	49	43	31	46	39	45	43	39	44	50	47	57	56	47	43	44	57	43	40	56	51	50	53	54	56	46	52	41	55	46	43	47	43	41	46	45	40	50	55	57	53	47	40	41	44	47	39	52	41	42	52	37	51	40	46	49	34	48	49	47	42	36	51	46	57	53	53	51	49	50	54	47	50	42	58	34	47	69	48	50	48	38	43	59	51	49	48	40	44	41	37	38	50	49	53	47	41	41	45	54	56	44	54	43	40	45	47	51	46	48	42	37	42	41	46	46	43	44	50	45	53	43	46	43	63	39	38	51	46	52	50	49	37	42	54	41	50	41	28	42	55	52	50	51	54	42	38	58	38	48	52	54	34	42	40	60	37	37	53	49	37	53	40	52	43	47	43	47	57	57	33	50	57	45	50	44	44	41	52	43	50	52	44	57	46	45	46	48	42	59	42	58	55	45	46	37	56	53	44	48	59	35	48	51	47	51	52	48	50	49	50	53	54	47	40	47	37	39	43	47	48	38	51	53	46	43	49	53	49	41	56	47	37	48	52	44	31	36	57	40	37	59	41	44	46	43	57	25	57	38	40	45	43	49	59	43	42	46	47	42	50	51	56	39	47	57	48	50	48	57	39	41	42	51	40	49	43	44	43	46	57	47	39	57	37	43	29	43	44	44	54	51	45	53	39	47	35	37	46	34	51	48	41	48	42	56	66	44	46	46	49	37	46	52	55	44	44	41	47	54	37	40	40	50	53	38	54	49	52	25	52	47	47	53	50	36	50	48	52	44	46	60	45	48	57	54	52	52	37	39	53	48	48	34	46	39	51	49	43	47	39	39	48	53	40	45	46	53	39	44	47	55	53	35	54	36	53	59	37	31	43	43	43	52	45	51	54	47	47	48	43	62	38	51	41	39	45	41	48	54	43	52	37	52	52	36	62	44	66	53	42	38	45	49	47
cell96	113	94	91	112	91	96	86	85	101	109	99	95	86	95	94	89	72	85	88	89	89	85	96	82	92	93	78	91	85	79	100	82	97	86	99	72	98	77	96	75	70	86	93	70	80	85	83	99	91	103	85	90	112	90	90	55	102	88	77	88	89	85	98	91	98	86	67	85	76	98	88	83	95	86	83	73	93	87	97	88	86	85	98	75	110	90	94	90	84	84	82	93	74	86	93	91	89	84	69	109	90	78	107	74	90	85	91	86	78	80	98	103	89	79	96	77	95	85	85	99	94	97	110	114	75	98	96	76	106	91	95	80	78	94	74	88	83	104	110	86	93	72	89	80	78	68	89	89	99	90	84	87	86	102	104	98	76	73	75	89	75	85	96	80	90	73	87	87	90	101	94	97	85	95	78	104	84	84	104	73	86	86	100	103	87	78	106	82	83	89	79	88	96	106	105	100	87	90	97	94	82	90	84	88	90	97	107	105	75	100	71	74	83	89	96	98	80	79	91	89	89	86	95	83	94	86	85	74	91	92	88	76	82	106	89	79	82	98	68	83	88	76	77	84	97	103	91	85	81	104	71	108	95	76	78	87	86	95	89	85	85	104	91	89	93	85	87	81	81	87	103	80	85	92	80	94	98	84	92	89	96	82	87	96	86	100	85	85	83	98	91	107	108	88	96	83	83	79	79	84	85	86	100	88	95	70	91	103	91	104	107	90	74	102	97	82	85	84	78	78	102	84	90	74	86	72	75	66	77	81	105	99	104	107	70	83	88	99	72	92	84	85	86	67	94	110	90	87	109	114	87	92	89	101	81	103	61	81	66	86	97	85	81	104	104	89	96	83	86	102	95	68	95	99	90	83	113	73	77	90	107	89	80	102	82	76	80	72	90	92	94	94	67	66	85	79	79	84	77	83	89	102	81	93	86	83	94	92	74	100	96	90	96	97	94	96	83	71	71	80	72	93	86	77	85	59	89	105	99	89	77	72	80	83	94	92	96	110	88	114	89	89	96	88	106	93	110	108	82	67	87	91	87	94	101	89	102	76	82	94	72	103	77	99	90	83	106	79	68	65	110	89	98	87	70	93	91	87	93	86	90	75	96	101	97	95	100	93	101	94	87	107	81	93	90	82	76	90
cell97	76	75	76	65	102	84	71	76	67	87	93	65	74	74	82	72	76	80	73	76	86	76	74	90	83	70	71	87	94	78	63	70	80	85	70	88	86	84	68	65	72	72	80	79	68	68	76	87	50	65	69	72	78	74	71	65	68	90	79	85	53	74	73	83	66	79	90	84	72	78	79	92	83	80	68	77	85	61	71	69	91	65	75	71	62	80	86	70	78	74	78	71	67	71	77	84	74	86	95	73	79	77	58	90	83	80	69	84	57	77	74	72	88	72	85	72	87	97	70	77	66	73	83	84	76	72	84	85	86	62	80	76	67	82	79	84	82	74	83	80	83	82	81	73	68	78	63	80	77	71	77	82	78	83	74	90	69	71	66	86	77	85	84	76	83	67	92	100	95	83	99	80	66	86	59	88	81	85	104	65	65	74	73	63	75	90	57	70	95	80	72	57	86	77	63	76	96	60	74	79	72	52	78	89	71	56	84	67	64	81	74	82	81	69	74	74	72	67	78	75	70	99	75	74	93	74	84	70	90	93	66	61	63	63	83	82	85	72	72	78	72	61	72	70	100	74	82	78	79	93	76	83	90	65	69	84	77	76	61	76	81	74	95	85	85	70	70	72	73	65	76	68	83	74	76	72	92	66	63	89	70	88	78	66	74	79	64	76	75	76	74	78	96	75	81	80	75	78	84	78	86	89	78	60	77	98	76	82	77	86	70	80	93	77	72	79	71	87	73	61	82	57	95	79	77	81	84	80	93	80	77	76	96	76	77	89	83	91	81	78	78	77	75	78	74	79	71	70	78	78	63	87	78	84	73	79	77	68	77	74	61	69	83	80	91	74	80	64	75	89	71	76	83	81	83	73	79	76	67	80	59	80	65	93	75	78	69	92	86	97	92	73	79	75	80	77	60	69	70	85	74	95	57	70	69	73	76	84	68	70	73	82	80	74	67	90	71	60	71	82	75	77	68	91	70	55	94	86	85	100	71	77	58	79	63	80	67	71	90	62	74	65	77	55	52	69	89	66	79	68	66	71	76	71	90	75	73	71	78	71	73	78	71	86	78	82	69	65	52	75	81	66	72	62	79	69	75	74	80	65	75	75	72	70	72	67	91	80	89	70	68	69	84	86	72	79	93	79
cell98	56	59	62	58	71	45	49	57	55	46	52	53	45	62	59	41	51	53	52	53	62	59	44	55	42	55	47	47	59	59	46	44	64	56	56	53	57	39	67	45	61	53	55	53	58	54	46	119	94	102	105	100	110	119	109	111	108	98	101	107	100	114	123	110	102	77	107	134	116	102	109	107	115	108	96	104	109	108	90	98	97	66	59	47	0	0	0	48	40	56	55	40	45	56	61	63	55	77	41	61	62	53	42	61	57	35	51	65	45	61	59	50	52	56	47	64	48	60	43	45	48	52	44	52	56	58	50	61	58	48	61	45	58	45	52	63	47	39	55	40	49	48	61	63	44	60	62	61	75	55	52	57	54	56	61	51	49	61	47	59	63	48	55	60	46	49	54	51	46	56	37	57	68	47	42	70	56	58	56	46	52	56	53	58	45	53	40	52	42	63	60	58	62	51	54	62	50	55	47	47	58	57	62	71	54	46	62	51	47	48	53	51	69	52	54	52	54	52	43	67	49	53	60	49	49	37	54	49	51	68	65	29	51	51	53	64	60	58	49	56	50	57	48	54	58	65	57	57	53	65	53	51	49	52	59	57	36	76	56	56	52	60	42	64	60	49	58	56	38	55	50	64	57	49	60	49	66	49	59	70	54	54	60	58	57	47	60	58	56	63	68	61	64	47	50	51	50	40	55	42	67	46	50	63	66	47	50	64	66	61	55	45	51	57	52	71	40	59	48	43	46	60	63	56	44	58	45	60	48	53	55	61	41	67	67	53	50	57	48	49	60	49	45	47	50	50	43	44	58	63	65	54	42	56	50	55	49	45	51	46	49	59	51	58	48	46	54	55	39	54	68	55	54	55	66	39	56	52	53	49	45	50	56	65	51	56	56	63	52	55	62	58	57	32	39	50	45	60	64	52	51	53	52	63	56	56	61	45	42	59	43	58	48	49	42	62	63	54	63	45	56	65	55	55	53	49	56	55	38	61	39	46	46	59	57	47	54	47	44	40	52	46	80	57	50	54	47	56	60	40	39	51	53	45	57	58	45	61	47	60	55	48	42	58	45	53	61	40	57	49	55	58	47	50	56	62	38	58	59	59	50	43	53	41	54	42	65	51	44	40	49	50	60	54	57	51	58	51
cell99	44	30	40	35	33	34	40	41	30	35	29	28	29	45	37	27	38	42	37	45	44	39	42	35	25	35	44	33	29	36	35	44	37	38	43	32	38	33	44	36	42	37	35	35	50	43	27	44	34	28	35	26	33	37	43	30	45	37	35	52	37	47	40	40	44	34	36	40	46	36	34	38	40	33	43	31	36	32	47	43	37	30	41	39	30	45	33	42	48	43	34	35	38	35	34	36	40	36	45	36	27	37	46	28	36	36	40	35	30	46	28	32	45	40	42	33	42	49	32	46	35	41	45	32	38	36	41	27	41	38	41	32	26	40	42	27	35	39	34	33	30	36	34	30	35	31	35	47	52	34	37	37	35	41	49	38	29	28	40	45	39	37	46	39	29	35	35	38	23	49	37	42	36	38	37	40	26	34	48	29	37	38	36	49	33	37	33	50	38	42	28	32	34	40	41	38	35	38	37	35	40	32	51	38	49	29	48	43	44	42	45	46	43	34	43	37	35	23	41	43	32	47	49	43	50	25	41	43	27	45	38	40	42	42	48	41	27	45	27	43	35	23	38	42	35	37	37	43	48	49	40	42	39	38	34	37	33	39	50	36	44	47	34	48	42	45	40	34	42	30	41	35	37	29	37	39	41	44	35	37	32	44	41	32	39	40	41	54	31	43	43	46	42	34	37	39	47	36	36	35	41	36	36	38	32	38	42	42	37	47	46	37	40	31	32	31	39	30	43	29	51	44	39	36	33	35	43	40	41	31	41	37	41	51	41	60	43	35	29	42	26	54	35	23	44	35	34	36	37	50	32	38	50	44	34	31	34	29	37	38	35	32	40	45	42	40	43	51	40	44	48	36	43	41	41	38	43	40	28	37	37	36	46	44	36	35	35	54	43	30	39	41	38	46	39	28	39	33	33	39	32	40	44	39	33	38	39	48	47	43	40	51	39	38	23	31	37	29	37	27	34	50	39	38	42	24	36	43	49	55	25	36	41	34	25	42	31	40	22	46	38	35	21	31	33	41	32	32	41	38	43	40	35	39	50	33	50	34	30	46	34	32	29	45	35	37	39	42	33	24	47	39	31	37	40	39	37	40	49	39	34	27	45	44	44	35	40	40	48	34	30	42	46	42	42	34	47	50
