	0	1	2	3	4	5	6	7	8	9	10	11	12	13	14	15	16	17	18	19	20	21	22	23	24	25	26	27	28	29	30	31	32	33	34	35	36	37	38	39	40	41	42	43	44	45	46	47	48	49	50	51	52	53	54	55	56	57	58	59	60	61	62	63	64	65	66	67	68	69	70	71	72	73	74	75	76	77	78	79	80	81	82	83	84	85	86	87	88	89	90	91	92	93	94	95	96	97	98	99	100	101	102	103	104	105	106	107	108	109	110	111	112	113	114	115	116	117	118	119	120	121	122	123	124	125	126	127	128	129	130	131	132	133	134	135	136	137	138	139	140	141	142	143	144	145	146	147	148	149	150	151	152	153	154	155	156	157	158	159	160	161	162	163	164	165	166	167	168	169	170	171	172	173	174	175	176	177	178	179	180	181	182	183	184	185	186	187	188	189	190	191	192	193	194	195	196	197	198	199	200	201	202	203	204	205	206	207	208	209	210	211	212	213	214	215	216	217	218	219	220	221	222	223	224	225	226	227	228	229	230	231	232	233	234	235	236	237	238	239	240	241	242	243	244	245	246	247	248	249	250	251	252	253	254	255	256	257	258	259	260	261	262	263	264	265	266	267	268	269	270	271	272	273	274	275	276	277	278	279	280	281	282	283	284	285	286	287	288	289	290	291	292	293	294	295	296	297	298	299	300	301	302	303	304	305	306	307	308	309	310	311	312	313	314	315	316	317	318	319	320	321	322	323	324	325	326	327	328	329	330	331	332	333	334	335	336	337	338	339	340	341	342	343	344	345	346	347	348	349	350	351	352	353	354	355	356	357	358	359	360	361	362	363	364	365	366	367	368	369	370	371	372	373	374	375	376	377	378	379	380	381	382	383	384	385	386	387	388	389	390	391	392	393	394	395	396	397	398	399	400	401	402	403	404	405	406	407	408	409	410	411	412	413	414	415	416	417	418	419	420	421	422	423	424	425	426	427	428	429	430	431	432	433	434	435	436	437	438	439	440	441	442	443	444	445	446	447	448	449	450	451	452	453	454	455	456	457	458	459	460	461	462	463	464	465	466	467	468	469	470	471	472	473	474	475	476	477	478	479	480	481	482	483	484	485	486	487	488	489	490	491	492	493	494	495	496	497
cell0	145	157	139	137	156	160	159	158	161	151	173	146	132	164	153	158	151	147	171	115	125	155	155	135	167	173	163	138	131	153	140	128	148	177	170	169	165	155	155	168	138	140	135	170	140	139	125	152	146	164	165	147	157	161	149	153	158	154	139	163	154	138	147	156	146	164	169	152	151	152	147	144	162	133	158	155	150	161	140	150	137	130	148	134	139	154	158	170	164	147	134	153	145	130	143	166	149	148	155	160	154	152	134	135	147	141	146	163	132	154	133	147	169	140	159	156	168	169	152	171	155	151	156	167	153	158	161	155	153	132	146	138	153	142	136	165	132	183	138	147	171	145	160	155	137	154	141	172	150	141	149	139	149	155	139	164	151	151	125	142	179	159	184	161	149	168	163	171	149	171	166	170	141	165	149	164	147	146	171	142	135	148	161	143	154	159	132	133	129	167	138	124	162	171	137	152	161	144	160	160	145	155	177	171	168	166	129	172	148	120	175	146	143	152	149	140	142	157	150	160	138	146	122	142	157	140	156	137	160	143	145	146	151	177	116	142	138	168	139	151	145	133	140	180	99	89	98	89	108	116	104	113	84	91	101	101	106	101	110	82	94	130	113	108	94	108	84	99	99	118	108	114	100	106	92	72	116	99	91	111	107	110	100	116	96	100	83	98	85	113	105	106	106	83	108	97	88	94	103	108	100	109	91	110	93	98	101	118	90	111	90	85	106	88	99	110	102	106	96	76	100	86	96	95	109	80	99	112	96	98	100	83	91	122	106	113	111	102	110	92	80	107	102	86	97	94	89	98	96	123	91	104	114	101	106	103	87	90	87	87	86	87	104	93	108	83	90	74	87	86	113	102	113	94	90	108	106	100	107	91	101	89	67	97	94	100	90	104	106	107	93	127	117	94	125	78	100	102	98	98	93	93	102	105	100	112	103	123	123	91	109	113	98	117	98	98	106	91	85	91	107	90	112	96	105	96	91	105	108	92	74	103	107	79	95	85	97	108	113	93	98	104	127	92	101	93	92	109	123	86	82	94	96	119	91	112	117	109	103	106	90	111	83	106	98	82	118	92	93	104	86	97	93	105	103	109	95	97	90	91	101	85	108	95	96	117	103	127	84	85	87	106	108	85	115	97	104	113
cell1	135	129	136	167	131	135	156	125	148	127	139	153	109	149	130	136	122	124	155	145	141	143	146	141	148	119	135	143	140	135	134	121	163	147	148	144	129	127	115	119	127	115	141	150	145	131	105	140	120	126	136	129	159	133	122	152	135	145	142	154	129	129	135	145	127	137	120	135	123	130	137	144	143	149	117	159	135	152	131	131	136	130	148	116	118	130	148	151	128	133	138	143	125	128	142	136	134	121	116	147	139	132	119	127	159	145	166	165	170	142	127	143	148	127	160	126	158	144	140	183	134	152	163	160	126	152	155	115	143	168	141	112	113	148	141	142	135	145	157	141	144	145	128	124	109	119	123	130	134	142	132	152	147	129	145	143	122	166	118	126	167	132	161	126	126	133	130	158	150	132	150	132	130	141	138	142	141	138	139	133	93	143	134	136	113	122	139	132	138	139	138	120	160	151	124	162	134	158	128	149	122	135	158	133	141	152	151	162	140	129	138	156	125	155	128	139	116	152	128	131	97	115	136	130	147	120	135	141	116	146	147	162	132	151	138	149	123	127	136	150	141	124	168	116	110	85	111	105	89	105	90	99	98	100	79	79	72	90	64	77	88	93	100	89	90	92	85	93	96	90	92	86	87	92	84	96	101	87	97	85	101	79	89	95	92	101	91	90	94	94	104	103	77	84	105	86	92	93	92	78	103	89	93	108	99	90	88	133	81	106	91	97	116	89	91	103	82	93	77	89	99	93	89	101	93	74	102	94	109	72	86	99	82	113	97	89	94	97	87	83	89	106	86	77	88	89	91	93	75	112	81	93	104	79	91	82	75	91	93	88	88	75	83	86	108	99	79	82	88	91	82	81	96	109	91	81	110	96	63	112	93	71	86	96	102	93	94	104	87	88	111	100	111	89	83	87	93	102	74	109	79	98	85	78	93	106	95	86	116	91	96	115	83	103	92	90	88	86	68	80	99	83	102	98	95	86	94	107	77	94	97	91	92	97	98	96	88	81	71	92	89	78	103	96	96	90	90	88	107	104	93	101	102	84	92	97	115	88	89	88	103	92	70	95	100	100	92	81	93	79	108	103	93	78	86	77	62	89	86	104	106	79	88	94	94	84	112	90	91	96	91	92	85	79	100	94	87	103
cell2	149	120	163	193	178	145	154	155	139	184	162	178	142	162	140	154	150	152	165	133	155	161	160	143	164	184	143	167	165	158	151	160	164	165	150	151	145	155	138	162	152	145	155	157	152	134	140	166	147	148	139	138	141	156	161	139	165	154	157	148	152	150	164	157	158	138	149	149	149	151	159	144	169	165	135	151	156	148	163	142	174	135	185	112	140	155	156	144	144	155	129	169	143	151	161	159	168	146	136	162	189	154	149	169	133	157	154	168	139	141	150	160	149	171	162	156	159	188	137	140	157	162	184	165	155	165	185	146	167	157	153	144	156	177	145	155	183	161	171	181	173	153	149	161	128	137	143	161	190	125	157	129	178	152	144	167	146	144	157	158	171	151	183	167	158	164	160	181	142	159	161	172	151	141	134	161	181	153	169	137	135	157	165	174	149	169	168	167	159	173	135	143	180	185	172	148	167	151	173	169	150	154	170	175	162	165	139	167	116	146	144	149	139	144	161	170	164	155	141	160	162	165	141	153	184	124	166	148	140	181	158	146	166	171	180	159	136	167	131	143	148	137	141	179	124	126	100	111	116	110	101	115	116	101	105	83	114	97	95	106	112	120	117	103	106	100	96	108	106	124	97	103	103	96	102	102	132	107	103	98	91	91	98	108	99	124	100	99	93	100	76	111	109	90	111	109	103	96	101	95	81	86	88	117	133	118	101	95	106	88	113	113	125	101	97	109	92	105	101	81	110	107	109	99	107	91	109	102	104	103	111	98	134	130	95	110	110	102	95	114	102	101	112	110	115	105	114	131	93	114	92	89	99	128	92	98	98	83	111	104	79	113	109	103	101	110	124	99	101	115	112	97	101	117	85	119	119	118	111	112	99	104	88	102	110	109	102	99	105	102	95	109	105	92	89	94	92	93	123	109	88	117	110	78	100	89	86	113	96	98	121	113	98	113	96	104	102	116	83	113	93	113	105	101	116	109	116	125	106	120	86	94	104	98	113	103	100	106	114	114	102	114	123	109	103	100	118	93	120	94	87	98	90	115	107	109	112	107	122	110	110	109	81	106	94	121	123	76	106	83	100	105	104	106	96	104	120	106	102	100	113	108	87	113	111	107	111	115	90	108	95	82	106	101	120	86	127	117
cell3	164	141	139	154	152	126	147	156	148	168	142	127	134	143	132	133	140	143	152	130	155	128	122	126	124	140	120	139	155	142	139	118	129	156	139	139	144	143	156	150	147	159	124	129	122	132	120	205	232	218	222	196	236	235	206	191	226	225	196	243	205	201	243	213	201	187	184	216	218	189	202	217	214	204	176	139	153	138	122	137	137	90	86	71	77	65	80	71	66	76	149	130	140	146	133	153	144	131	141	147	149	144	132	146	151	156	136	142	136	143	143	157	136	133	141	143	168	164	153	169	137	164	165	153	135	140	148	166	125	139	130	152	117	140	138	140	167	137	127	144	131	141	152	143	136	140	133	140	160	124	138	141	130	140	145	139	151	135	122	115	148	138	156	129	128	111	139	156	149	149	143	118	127	136	128	154	137	137	174	138	120	112	133	143	158	136	132	133	140	145	107	148	135	151	134	165	144	144	137	141	150	128	138	147	135	152	154	155	127	139	141	130	131	155	137	142	131	154	149	145	133	143	145	146	129	139	120	121	149	166	148	142	144	156	126	144	124	161	148	130	115	148	147	161	179	136	155	131	133	149	125	142	173	131	131	150	126	163	129	127	138	166	129	132	142	146	138	145	162	117	161	126	157	149	141	144	165	150	138	168	128	135	150	153	133	147	132	161	136	162	150	142	149	136	157	140	134	113	143	134	124	137	133	140	142	154	141	183	165	157	130	128	126	129	143	139	128	129	155	123	151	156	136	141	170	116	150	138	129	156	131	162	151	168	153	162	141	150	159	153	133	152	131	144	133	115	127	161	122	142	137	143	155	142	133	137	107	156	136	129	120	148	130	139	139	154	120	156	126	129	154	112	131	132	130	130	190	112	114	119	146	140	125	149	121	130	149	136	137	134	154	125	150	122	135	143	127	145	144	125	144	144	153	148	125	156	142	169	138	141	158	150	133	129	143	153	137	125	135	133	148	130	138	150	126	125	118	145	129	126	115	124	136	134	123	141	123	131	130	142	126	130	151	108	139	155	149	145	182	135	136	142	152	131	142	117	159	133	141	152	124	142	118	137	151	155	139	147	181	139	162	111	139	147	129	136	140	145	159	161	140	132	146	128	150	161	145	155	139	140	136	154	162	144	144	126	112	173
cell4	168	139	141	180	143	161	155	180	149	164	149	153	146	151	161	161	161	154	176	151	157	153	142	153	151	164	127	158	157	154	124	137	135	170	171	145	142	176	155	147	182	148	160	186	131	148	131	152	157	151	137	160	157	161	146	141	161	145	144	153	144	148	139	167	160	117	144	131	157	158	176	191	188	147	138	152	148	145	143	165	159	155	169	133	141	125	140	152	161	146	162	139	137	159	186	159	178	166	157	171	182	159	137	143	168	129	149	146	147	137	158	170	169	128	177	129	173	162	182	190	159	131	159	176	170	166	177	130	152	144	133	143	144	161	139	150	174	143	177	149	168	147	153	161	146	156	155	159	177	156	169	157	152	162	154	178	132	138	127	167	181	155	156	146	146	151	157	156	157	177	145	174	149	153	138	141	176	130	147	157	137	145	149	157	147	166	162	154	160	148	131	155	145	168	135	175	161	147	143	144	172	146	167	158	138	148	154	185	147	166	143	166	171	144	136	151	135	158	152	160	138	160	130	158	172	141	143	157	173	149	170	158	151	170	148	150	157	188	136	162	134	134	152	151	123	122	121	93	92	124	103	118	75	105	110	89	96	106	98	88	103	126	106	104	122	92	96	97	122	105	94	104	105	115	118	93	107	95	99	124	121	99	107	116	94	98	107	98	92	106	99	106	111	94	105	115	109	93	117	98	104	107	93	99	114	114	98	111	128	114	104	109	107	97	106	90	89	108	95	103	99	100	127	99	99	83	96	87	135	105	96	107	101	127	109	106	127	104	102	103	89	107	85	90	84	116	95	104	91	106	101	123	82	103	101	79	106	84	90	108	105	105	102	114	111	95	111	85	93	110	98	82	114	106	88	119	122	97	100	87	113	107	105	113	93	99	106	105	100	101	118	91	115	88	100	85	104	99	104	120	89	104	119	107	81	83	93	97	104	124	106	109	90	127	93	84	105	90	81	92	84	93	130	101	108	94	121	117	100	107	96	100	112	89	111	117	106	85	96	103	105	108	89	77	88	112	88	97	107	68	88	98	100	112	101	96	101	112	92	106	97	99	73	103	96	110	129	84	93	89	97	97	93	99	96	115	100	85	102	109	91	102	95	107	109	100	90	111	71	117	88	102	99	103	106	100	131	121
cell5	91	92	82	112	98	88	82	79	91	78	80	87	87	81	71	84	76	77	70	76	71	71	71	76	84	67	82	70	94	92	92	88	77	95	88	71	77	94	76	103	98	76	83	99	94	97	74	156	114	119	128	126	157	147	143	112	105	150	132	129	124	129	124	144	116	120	124	116	165	151	135	129	133	119	114	86	82	86	83	88	83	25	62	46	0	0	0	63	48	43	84	80	71	83	80	80	97	85	102	89	78	75	82	97	80	87	69	74	95	70	74	82	80	81	88	68	95	72	84	103	96	97	95	92	95	95	101	108	82	95	67	82	80	78	66	69	87	100	79	97	77	112	94	86	71	86	86	87	102	86	88	104	92	86	82	93	63	89	70	72	87	98	93	83	83	79	89	100	84	87	79	89	76	64	60	83	100	88	111	75	78	86	78	96	68	76	98	74	77	86	79	83	92	101	90	89	80	94	91	83	67	86	94	93	106	67	98	91	85	82	69	85	83	86	71	82	68	77	73	81	83	80	71	89	103	85	97	89	95	86	94	93	89	74	80	84	89	69	84	78	88	72	94	86	79	83	95	85	83	103	84	87	87	98	81	92	83	93	86	94	91	104	84	76	95	89	91	91	79	73	83	88	87	90	85	100	107	70	95	86	95	80	90	95	80	81	74	84	81	80	96	97	101	82	71	81	83	81	77	73	85	76	86	73	94	113	65	84	81	86	85	68	78	70	85	93	72	89	95	72	82	97	105	89	91	74	83	73	106	85	84	86	85	102	95	86	82	83	78	88	94	85	85	77	75	79	59	82	69	86	87	105	100	90	71	94	86	90	76	70	91	76	86	79	65	80	75	94	72	81	78	85	82	83	73	89	117	104	79	101	101	68	81	90	82	79	90	94	89	101	72	101	78	60	77	74	91	76	87	82	82	80	75	85	88	82	78	84	94	82	91	95	76	97	85	70	85	86	96	82	81	82	81	69	100	81	88	101	94	79	84	79	72	81	80	89	97	90	71	94	69	82	81	87	96	67	79	82	81	83	73	81	81	82	69	75	89	98	94	80	68	90	70	78	96	82	76	82	90	79	84	94	78	75	80	90	97	80	100	85	80	69	88	90	80	82	106	82	91	88	84	84	75	82	100	85	94	90
cell6	168	180	200	206	196	216	204	204	210	201	175	198	163	201	195	182	191	176	215	206	199	212	198	188	183	198	183	179	185	189	178	174	226	198	226	207	198	195	228	210	191	178	205	206	214	237	176	211	209	233	210	194	205	205	197	162	207	220	192	206	189	210	184	193	209	174	184	155	169	194	198	202	208	169	176	209	169	207	195	215	181	206	227	172	204	191	220	199	214	180	171	185	147	190	192	209	197	174	195	223	210	208	195	193	218	219	220	217	195	177	182	173	211	169	222	169	215	220	209	232	186	208	182	245	193	231	188	212	208	171	191	202	221	195	205	204	184	222	225	195	214	202	199	222	185	198	193	209	222	191	203	189	196	173	215	215	194	179	160	208	233	202	215	209	197	181	192	209	193	177	185	218	188	190	167	212	205	185	209	191	178	195	182	201	197	202	202	211	187	213	161	180	206	225	193	206	198	211	201	213	179	190	210	215	201	194	224	206	202	186	199	208	200	185	210	193	198	191	207	183	195	194	175	193	221	184	193	186	189	200	211	172	217	184	194	202	188	242	203	205	185	186	208	225	141	132	142	136	105	140	119	148	117	141	130	115	129	148	134	109	142	149	138	121	106	131	131	126	142	111	135	123	147	114	116	133	138	105	137	145	135	114	157	159	118	138	123	133	130	144	115	134	124	107	134	132	128	119	136	139	120	120	133	121	145	141	115	149	143	144	148	128	106	134	119	138	127	116	132	105	140	125	166	125	136	128	123	115	119	143	125	122	135	158	119	119	140	138	109	122	118	132	143	136	143	156	104	135	127	148	123	129	129	152	117	153	140	105	125	123	117	136	137	129	150	125	126	132	126	143	127	123	131	135	102	133	144	143	122	128	147	116	124	138	118	121	155	143	148	126	144	140	136	127	122	113	132	146	134	131	122	132	147	126	127	115	130	122	136	122	134	153	138	154	119	149	128	132	122	114	119	115	147	127	155	95	142	148	133	145	134	129	127	139	142	132	131	145	156	120	141	131	145	132	137	134	133	137	139	120	115	139	128	120	134	150	126	145	121	129	111	143	134	116	129	125	135	132	133	129	138	137	119	125	122	144	128	111	150	138	146	116	136	133	142	147	118	123	134	121	121	134	152	118	140	118	124	114
cell7	82	85	104	116	118	116	110	115	89	114	106	109	81	126	99	126	100	104	123	102	105	117	114	116	132	88	107	101	106	99	116	106	125	106	106	100	111	87	111	127	121	100	86	97	107	108	104	178	165	164	160	145	166	164	174	164	175	162	161	176	135	159	173	155	169	161	173	154	155	172	147	160	194	159	138	123	111	102	112	117	95	51	61	43	51	49	53	58	52	61	97	106	95	116	128	125	118	86	100	129	126	123	94	115	113	103	103	121	96	95	137	117	114	89	109	101	112	99	117	129	94	104	98	129	112	107	119	96	97	100	106	97	118	104	98	113	120	111	117	101	101	96	109	99	99	114	81	114	126	107	88	103	103	88	112	118	99	114	92	88	110	110	117	120	90	117	112	116	113	100	94	111	83	104	91	103	115	115	114	84	99	101	103	91	98	111	119	102	117	123	105	86	105	123	105	118	125	107	97	88	120	98	108	117	113	105	115	137	82	101	92	124	112	104	90	128	93	130	117	105	79	103	123	97	127	94	100	93	109	102	115	90	107	118	103	107	104	105	104	97	99	125	102	97	107	114	101	102	97	103	109	96	113	111	99	97	115	102	98	115	99	121	116	121	93	110	101	94	110	116	112	110	110	110	123	106	125	94	117	100	111	93	102	113	121	115	104	117	97	147	112	115	114	99	116	126	115	111	106	108	134	103	104	121	113	121	108	103	126	108	94	119	92	127	113	107	107	94	105	82	101	146	112	107	99	90	121	107	116	99	93	138	115	135	104	130	110	116	116	118	116	104	112	99	120	105	117	108	108	116	101	115	112	96	107	124	106	116	79	95	104	99	115	112	105	122	103	120	105	117	100	104	118	131	107	98	135	99	112	107	96	89	106	104	106	115	104	114	114	99	111	102	118	101	100	112	116	101	122	111	105	89	97	108	95	93	94	112	103	120	94	123	123	119	101	100	112	90	101	108	97	112	113	125	111	92	117	98	93	114	96	108	97	103	114	109	103	91	134	106	120	124	111	116	127	112	118	106	113	111	105	112	103	100	90	96	144	113	119	112	114	130	78	101	106	98	132	99	100	115	105	101	93	120	101	90	101	94	109	105	125	103	103	102	108	129	105	107	102	114	102	132	111	108	117	94	111	116
cell8	142	130	162	142	152	167	143	139	165	148	150	155	122	185	126	113	161	141	155	137	139	139	135	146	164	173	181	161	163	172	140	142	180	168	151	145	151	146	170	159	134	145	146	141	138	141	143	230	210	212	249	263	260	226	211	221	226	244	204	228	190	242	233	227	274	216	215	208	223	218	222	227	232	193	185	153	132	150	149	179	120	106	80	63	0	0	0	66	73	72	139	148	144	147	173	145	145	118	167	158	160	125	151	147	138	155	165	160	169	166	142	156	139	155	145	144	172	164	146	165	152	164	156	158	148	163	165	145	162	125	148	156	156	145	144	148	165	137	152	148	127	155	150	157	150	167	126	159	155	154	148	151	128	160	141	159	122	137	143	144	147	141	153	135	153	168	118	175	154	141	147	159	147	150	161	158	168	143	166	142	116	139	151	165	151	149	129	155	144	130	141	130	139	183	131	146	146	151	151	159	149	156	161	180	168	128	149	149	143	137	155	163	139	162	147	147	136	119	147	145	136	129	152	158	157	142	164	156	136	156	159	139	155	153	131	163	139	156	164	154	140	163	138	158	176	152	164	134	176	154	169	161	146	121	157	141	158	162	137	160	148	159	151	170	151	155	161	155	147	155	161	154	163	170	157	161	174	131	165	158	149	175	144	143	152	160	134	160	147	155	156	137	154	125	141	131	155	143	147	175	147	145	124	162	163	161	165	178	142	143	133	150	161	197	168	162	134	141	165	137	141	166	148	129	140	145	169	153	151	175	142	165	131	152	165	180	124	163	138	152	140	140	132	137	136	141	130	151	140	159	144	151	168	142	123	147	152	148	124	126	142	164	155	164	160	153	137	149	118	178	142	143	174	153	171	157	186	165	134	134	151	144	141	164	150	158	138	162	151	143	148	141	148	123	146	152	150	160	141	169	151	145	158	155	123	129	165	153	154	157	156	162	137	148	134	162	150	131	139	116	137	147	156	162	156	123	143	179	145	155	160	146	142	165	159	159	141	142	153	129	164	168	146	123	151	150	156	147	151	117	148	154	161	145	154	158	161	137	163	143	153	160	132	161	146	151	175	149	168	141	164	148	150	136	127	158	127	141	150	147	131	131	135	137	128	137	166	153	139	165	128	133	157	153	156	140	173	158
cell9	104	88	104	95	107	108	97	98	78	90	102	99	89	105	92	103	113	97	110	88	100	104	101	104	105	122	98	121	106	95	93	91	112	124	108	91	94	98	93	83	97	102	105	78	92	94	90	160	161	138	147	152	175	163	144	153	140	132	151	161	142	159	153	151	151	120	153	164	164	139	146	132	142	146	154	103	102	88	112	109	84	51	52	37	0	0	0	60	39	48	94	110	114	85	124	103	119	102	97	107	116	88	103	111	92	98	121	108	97	90	104	106	118	79	89	113	119	104	95	138	91	98	118	104	94	114	95	85	119	109	108	111	107	97	93	107	124	117	104	90	108	87	105	87	86	97	73	100	111	87	105	99	110	100	105	98	91	98	86	105	119	89	105	97	96	93	93	113	102	104	85	93	96	90	103	111	98	101	84	89	90	93	91	109	95	82	98	92	95	101	83	102	100	120	101	115	119	104	109	108	94	103	114	116	108	105	110	119	103	85	93	96	93	105	86	102	126	104	104	109	90	86	114	98	119	94	95	104	116	106	107	88	93	107	118	99	97	122	103	90	104	88	110	99	103	112	112	116	95	128	92	109	92	99	107	117	105	94	103	90	106	114	92	102	94	110	94	83	95	104	120	101	123	90	105	90	96	82	96	123	99	89	120	89	92	93	75	92	110	114	88	103	104	110	101	130	99	99	102	115	84	97	89	88	109	115	88	116	106	92	107	107	96	107	104	106	95	89	93	94	106	103	109	90	114	94	117	105	93	96	99	110	102	116	105	104	91	93	107	89	91	91	108	110	100	99	84	108	99	106	75	114	100	106	112	105	85	106	87	93	93	96	125	106	95	103	119	83	119	111	119	91	90	101	108	117	118	92	89	96	87	107	71	103	98	93	113	89	114	107	110	104	112	98	92	106	115	95	100	87	94	119	106	90	92	101	97	101	103	106	101	95	120	110	90	87	94	88	110	92	110	107	112	100	110	88	96	90	89	88	112	91	114	95	116	122	100	99	117	99	94	96	102	80	93	98	109	100	102	88	120	90	92	122	112	109	119	115	94	109	88	96	94	90	103	97	133	96	98	103	97	86	94	105	102	101	117	89	80	100	95	100	96	91	88	99	107	106	86	100	86	118	101	112	111	83	109	116
cell10	103	126	94	93	106	95	100	94	103	88	113	104	79	113	82	86	107	72	119	122	101	98	110	101	99	116	102	99	91	99	105	103	100	106	115	111	109	108	89	90	99	98	82	103	95	94	91	97	93	98	103	121	118	121	104	86	86	98	99	111	90	99	100	79	112	96	97	87	106	97	94	111	107	112	92	89	105	108	84	79	92	107	127	98	93	95	94	106	81	112	90	91	103	91	121	108	95	88	96	105	94	96	85	104	102	113	99	100	103	85	89	86	98	92	117	105	107	93	91	134	108	119	108	100	107	95	116	94	101	120	98	97	97	100	110	107	107	93	103	110	108	98	109	100	102	81	96	111	112	99	93	90	109	105	86	107	94	115	71	119	106	122	110	99	93	85	103	103	103	98	102	112	88	85	92	126	113	103	119	96	76	108	85	109	96	100	80	100	123	91	94	80	106	98	101	95	109	108	110	94	80	95	91	80	112	110	116	128	85	81	99	113	96	83	94	113	105	92	89	79	91	103	98	98	121	93	98	108	88	105	99	95	103	98	100	83	121	108	87	104	97	89	106	97	73	69	66	66	75	66	82	80	51	67	73	67	64	62	68	50	77	76	63	75	59	54	73	65	75	63	65	79	77	59	62	79	80	63	55	82	66	68	74	70	62	70	71	78	66	71	58	73	56	56	68	63	69	56	53	77	76	65	68	71	59	77	65	62	50	86	66	61	73	73	63	70	75	56	84	53	60	59	65	76	76	53	63	66	76	73	58	72	80	80	64	77	71	79	75	73	76	78	78	63	73	60	57	56	60	74	51	67	76	71	58	79	57	57	76	72	70	62	70	77	68	60	73	55	63	64	77	57	69	74	56	56	67	78	55	57	68	64	57	61	55	70	60	68	71	71	78	79	55	73	66	57	61	76	77	73	72	62	72	77	60	59	70	55	69	54	77	69	69	62	61	79	65	61	60	71	67	75	62	81	64	71	80	72	60	79	63	59	63	55	60	68	73	72	63	69	63	77	54	68	82	71	52	66	60	68	47	82	67	77	76	69	66	70	56	69	71	76	67	54	72	67	62	57	81	65	67	68	74	69	49	66	57	53	73	91	58	48	61	55	78	60	75	73	74	74	75	63	56	86	70	63	70	63
cell11	100	85	99	98	104	88	98	89	80	129	96	118	98	97	94	87	92	89	92	91	111	115	107	121	104	102	86	94	83	92	106	92	97	77	113	87	109	84	95	108	71	94	89	89	104	95	98	92	95	86	84	93	105	77	95	99	105	91	73	101	87	92	97	72	105	79	91	109	91	76	95	84	99	97	88	85	100	104	102	96	86	96	110	88	98	81	89	90	85	107	106	111	80	86	90	99	90	86	82	106	102	80	93	92	96	87	98	92	90	88	93	105	98	94	101	94	130	96	81	121	106	94	99	100	88	106	103	86	107	83	85	84	98	107	91	83	103	110	96	93	94	88	81	88	91	74	86	90	103	89	79	99	113	107	104	88	68	113	80	92	92	119	102	108	91	73	84	96	76	104	81	99	97	88	91	111	98	120	105	79	82	69	93	93	96	100	112	85	87	101	98	91	119	109	101	97	109	85	104	91	96	107	99	120	92	105	107	95	84	97	89	75	82	90	100	92	95	106	101	91	94	84	92	99	101	78	111	92	97	86	106	78	101	101	87	113	110	109	91	100	86	91	90	105	83	62	61	77	54	63	53	63	64	53	60	58	56	68	78	48	58	65	68	80	66	66	82	69	71	51	78	58	56	66	58	70	59	54	51	71	62	61	79	68	60	82	49	71	64	57	63	63	60	56	78	61	58	50	64	51	71	59	70	71	67	71	71	78	68	68	49	57	64	80	66	72	71	69	70	57	62	76	58	58	68	64	63	62	71	59	65	69	53	74	84	69	68	66	69	71	61	64	76	58	71	62	56	71	69	51	64	61	74	73	73	66	60	44	53	44	84	61	59	70	79	58	55	56	55	56	52	62	57	64	57	65	53	67	61	63	55	72	58	62	59	53	60	57	55	70	63	73	75	62	49	68	64	74	58	45	61	53	74	66	44	59	77	84	77	69	65	74	50	67	55	60	61	69	57	66	64	59	70	63	70	38	55	66	69	55	39	63	60	69	69	47	70	52	63	69	56	84	73	51	69	56	59	68	68	52	62	69	59	71	48	59	87	70	71	67	58	73	46	55	62	67	74	63	64	64	69	60	64	68	54	43	56	62	80	62	66	74	75	64	58	59	55	62	59	58	50	73	76	59	62	45	88	67
cell12	226	222	235	265	230	233	245	235	231	250	221	250	216	234	229	235	217	232	214	209	273	210	272	244	255	216	242	235	258	216	211	218	248	228	242	231	239	234	233	238	203	223	225	256	237	219	201	271	227	240	213	236	239	224	235	229	268	246	226	227	214	223	250	245	255	203	240	253	249	234	224	233	245	226	220	231	239	217	241	233	249	262	233	191	237	243	197	262	218	198	210	233	231	235	246	265	255	229	235	241	253	230	230	222	239	251	225	243	213	195	235	252	227	219	255	233	249	260	227	271	222	228	257	232	229	247	251	213	201	202	245	191	196	220	240	249	241	253	227	221	248	206	236	247	239	214	225	223	245	216	229	209	241	215	261	227	214	245	203	236	232	246	228	232	224	221	221	225	247	222	235	244	223	238	211	220	240	233	238	227	211	221	228	243	229	227	244	210	228	233	213	205	251	305	243	246	245	233	231	233	261	202	269	233	244	223	220	252	230	233	235	242	229	223	226	250	245	270	249	216	215	208	240	219	258	202	260	230	222	248	222	201	265	225	250	223	228	259	235	224	219	230	203	261	173	180	158	169	142	155	153	153	140	150	139	164	123	147	159	155	155	183	171	168	157	133	148	142	179	148	179	128	156	154	166	135	177	143	172	170	137	145	155	138	180	170	143	152	138	161	149	153	141	148	171	154	148	155	143	168	159	142	174	176	158	175	143	186	162	172	170	170	163	151	138	164	155	143	164	137	171	136	173	144	164	136	159	151	167	153	132	154	156	176	168	171	184	162	133	179	137	163	166	144	163	176	167	157	143	153	152	150	160	142	157	120	146	138	148	162	142	148	125	162	167	147	144	170	162	159	159	122	143	151	158	157	169	132	148	131	142	137	136	149	168	165	177	154	164	177	144	167	149	148	137	158	150	164	142	169	161	142	197	186	142	163	156	179	155	151	154	136	148	171	151	154	159	142	147	140	148	171	157	160	147	137	159	148	151	149	167	134	165	164	152	132	154	133	159	181	180	148	135	150	175	173	161	151	159	141	167	141	164	161	165	159	149	143	160	173	158	167	132	171	151	188	176	138	172	153	183	148	138	171	138	133	163	139	178	158	138	151	153	145	155	157	165	141	167	147	145	148	146	144	147	151	185	161
cell13	225	230	249	246	243	240	268	285	247	234	263	249	210	267	233	218	215	243	251	243	231	234	250	232	253	247	219	259	249	228	218	214	243	274	274	243	234	231	223	248	200	252	242	221	220	206	214	245	227	233	234	244	245	220	254	240	264	278	232	274	218	249	265	252	235	204	227	246	176	229	230	244	270	221	234	226	244	216	248	238	224	254	289	230	210	223	249	246	237	240	235	236	228	201	245	242	231	220	226	232	257	211	240	241	242	241	222	270	197	239	233	253	220	203	242	257	251	241	220	241	239	230	237	231	217	267	228	225	262	235	235	253	217	256	218	258	230	243	221	237	221	270	220	240	232	216	214	219	249	266	216	236	232	202	260	244	251	248	221	256	251	231	276	247	207	244	231	253	246	243	253	237	227	217	219	273	252	206	316	209	222	233	237	250	214	255	234	257	203	245	230	206	270	251	221	274	225	204	260	250	223	220	255	259	226	224	234	227	253	230	246	246	226	242	230	248	214	241	229	245	220	232	237	253	253	211	232	224	206	255	239	243	230	227	223	249	252	275	239	261	232	231	250	230	191	182	149	188	141	168	162	165	167	157	158	140	133	153	123	155	140	185	169	172	152	152	153	142	170	169	179	178	149	144	165	142	179	152	156	177	172	141	160	162	148	167	131	186	162	188	178	157	157	148	182	183	168	160	150	172	171	144	146	180	184	183	179	180	157	175	145	138	161	163	158	168	148	160	164	152	157	139	158	143	156	131	161	155	170	167	152	172	159	169	148	166	155	167	144	152	151	150	140	157	142	158	138	136	154	164	113	183	174	155	142	151	132	145	162	140	144	160	163	181	143	129	136	137	152	169	166	155	155	158	161	168	190	170	158	160	176	156	139	180	166	161	155	152	172	152	147	172	175	153	139	149	143	185	149	163	144	168	186	169	152	137	172	180	170	156	175	184	174	176	161	162	154	184	160	152	159	148	156	145	151	165	143	178	149	170	159	157	161	141	167	168	156	151	132	180	160	157	173	147	157	148	154	152	157	143	130	151	145	152	153	176	180	166	155	149	154	175	147	169	147	172	166	151	204	143	171	169	151	142	122	164	137	132	166	152	168	137	134	164	146	170	161	156	151	148	157	175	145	175	169	181	183	183
cell14	128	147	144	152	139	143	151	158	123	139	121	134	127	126	154	122	137	112	142	149	138	120	134	126	136	149	131	134	123	138	138	138	144	149	146	121	130	120	125	146	144	132	122	145	130	112	125	148	127	139	118	130	138	133	124	134	120	147	120	143	122	127	142	125	131	133	136	129	135	130	131	149	135	141	118	139	132	145	134	126	122	160	152	121	124	146	122	138	123	123	162	114	138	133	134	143	143	127	141	137	149	136	148	151	158	155	134	146	139	128	147	155	146	146	158	129	163	150	111	163	125	148	127	143	144	146	155	128	132	128	126	145	115	142	127	139	155	151	136	141	127	135	142	129	110	120	162	135	151	120	129	118	157	135	120	137	134	154	138	109	174	141	149	149	132	135	130	125	123	120	149	138	117	127	124	137	133	131	150	115	124	121	119	148	134	145	140	145	128	153	134	107	162	174	131	157	150	141	141	139	132	141	135	143	108	134	156	144	128	130	147	167	133	154	127	151	131	125	140	122	137	124	139	130	136	122	162	118	104	135	162	132	131	143	133	139	132	130	109	140	130	145	115	133	108	83	104	87	96	110	85	116	85	76	89	101	76	94	85	78	108	96	78	102	92	96	112	76	116	96	115	102	76	93	88	83	93	80	89	94	73	82	80	93	105	88	89	83	78	94	95	96	97	76	99	76	104	83	78	89	89	77	72	100	101	111	101	95	99	94	87	84	110	104	73	94	96	86	97	84	81	98	105	87	79	95	94	98	95	78	81	106	99	102	93	84	90	90	106	75	88	113	96	98	90	85	85	94	82	95	94	89	119	81	86	79	97	110	79	77	88	78	81	90	94	84	94	87	83	89	93	79	117	81	91	109	90	80	96	100	105	87	89	107	70	76	105	86	109	93	92	98	109	65	94	74	74	92	86	92	97	86	93	91	74	106	85	83	96	82	111	111	92	94	99	98	87	98	78	84	88	84	79	73	83	89	93	96	84	84	107	73	87	96	79	77	90	77	89	91	97	96	98	83	93	104	99	87	83	73	77	107	87	99	93	85	107	90	90	98	97	121	92	91	87	94	107	77	93	77	108	68	94	82	96	96	89	80	79	87	105	90	98	79	66	91	102	95	87	99	99	104	96	99	102	72	99	72
cell15	129	119	119	130	125	135	140	131	131	147	113	123	99	141	133	113	127	121	127	147	149	123	119	127	117	133	130	127	140	118	128	133	140	146	148	116	149	120	132	148	138	120	143	127	135	122	122	113	124	156	122	120	139	133	127	114	138	120	104	138	113	132	128	112	124	129	131	121	115	106	109	113	141	135	130	119	132	143	95	126	133	131	129	125	135	126	152	145	136	141	144	127	120	133	129	145	128	138	118	148	135	116	115	115	143	146	137	132	112	116	141	129	105	100	141	121	146	129	105	134	134	118	154	141	134	138	126	137	141	121	127	131	142	129	119	127	158	117	139	125	131	109	146	156	107	128	118	131	136	121	139	135	134	114	122	130	126	132	126	133	146	165	136	124	145	124	123	144	162	132	125	124	119	107	115	125	135	103	137	138	125	130	131	130	132	128	127	127	125	125	127	98	129	131	127	155	121	127	128	134	134	111	136	117	140	130	144	144	108	122	142	106	144	121	115	124	124	131	122	112	125	113	127	107	130	118	135	113	109	137	134	122	147	154	120	131	131	143	107	124	108	116	134	136	84	96	95	71	81	94	83	91	76	76	94	111	84	101	83	95	85	73	93	102	95	87	94	117	80	85	95	74	92	85	88	90	87	69	94	103	77	71	105	86	80	95	80	79	76	101	92	79	89	72	77	92	87	89	101	88	104	70	81	94	86	109	73	96	83	91	80	71	81	94	81	89	78	91	99	74	67	91	94	66	100	68	92	72	90	93	95	102	94	95	69	97	91	94	95	89	73	81	85	80	94	93	89	71	79	70	96	90	101	91	72	85	98	84	57	82	86	108	98	78	94	87	67	78	85	103	88	73	75	89	105	87	115	79	99	82	102	89	70	92	85	89	86	84	84	87	91	105	78	85	70	62	76	102	80	85	87	104	94	94	85	88	105	95	82	81	72	88	89	85	73	99	67	78	80	62	83	77	80	87	85	91	106	81	86	75	96	85	87	88	75	81	81	71	90	72	94	80	89	80	94	102	84	98	84	72	78	87	78	106	92	86	102	85	75	93	78	88	85	77	72	81	93	78	103	94	78	80	83	81	78	78	97	85	92	91	93	94	83	76	96	94	100	98	84	83	71	89	89	83	85	90	87	80
cell16	218	236	197	229	241	233	222	224	191	252	226	210	197	227	203	228	231	242	209	252	202	225	229	208	229	231	211	205	217	229	213	210	227	233	253	189	226	209	232	184	204	178	224	207	201	212	218	215	222	219	182	221	233	203	206	217	204	213	239	229	206	204	240	217	210	209	233	233	220	207	219	221	243	209	206	227	206	202	238	233	236	214	280	210	215	208	221	234	216	227	204	220	230	205	229	245	215	219	217	271	264	203	209	234	218	213	201	231	213	199	207	246	204	167	236	202	243	230	215	249	236	213	244	251	206	208	234	208	209	205	243	214	204	205	201	221	222	218	202	213	231	210	191	212	199	211	187	238	231	222	211	204	215	201	231	219	189	222	189	221	265	237	264	219	217	207	223	251	231	216	204	211	263	209	236	243	226	210	240	166	189	213	223	227	186	221	217	209	225	219	199	189	252	240	206	238	248	233	222	224	197	193	232	240	207	238	247	256	225	201	219	225	228	225	207	226	206	220	200	233	205	232	210	235	238	205	254	215	211	245	233	210	236	253	237	221	188	265	211	228	222	225	197	227	163	155	140	118	158	159	152	154	152	128	141	150	134	135	136	143	143	188	149	143	138	134	145	140	156	171	159	137	134	144	138	144	158	168	139	169	155	162	129	133	132	156	130	143	136	154	170	150	153	143	167	165	148	130	156	151	147	141	133	174	147	163	146	150	160	133	155	138	166	171	148	144	148	136	154	122	146	144	170	143	139	126	167	172	154	125	145	167	171	164	144	164	147	156	139	163	150	141	153	142	165	153	142	158	135	134	145	167	152	153	124	161	143	136	130	112	126	153	145	151	145	143	156	131	146	149	140	138	141	125	139	172	178	169	136	148	155	169	154	134	137	137	143	167	151	138	148	147	145	132	153	135	142	144	144	151	149	118	166	128	151	158	138	131	159	156	155	169	129	151	137	160	155	161	133	115	141	155	157	124	163	141	165	139	129	154	130	134	156	144	156	158	153	146	133	158	134	160	151	150	153	158	152	111	152	128	130	138	133	152	145	144	149	153	160	168	135	159	131	164	163	151	161	135	145	147	183	137	149	111	140	130	128	139	148	159	149	115	146	175	169	138	161	157	131	154	131	159	168	128	129	142	141	144
cell17	62	64	68	70	67	72	70	75	68	76	77	74	46	65	67	82	58	77	72	63	89	74	61	69	59	71	66	81	77	64	65	59	78	68	78	70	64	81	68	77	69	80	76	64	60	63	62	116	107	95	80	92	94	104	108	97	111	115	99	115	81	95	93	97	106	89	100	104	87	110	108	97	109	97	81	70	68	52	66	52	65	29	27	35	40	37	33	38	29	27	73	76	62	63	72	72	60	63	62	84	78	76	68	87	68	61	76	74	56	68	73	75	75	50	80	60	68	69	70	83	83	71	78	71	72	83	70	79	74	61	84	63	78	74	45	53	71	84	77	67	61	61	70	65	63	64	73	80	75	71	77	64	66	85	66	80	67	81	59	66	59	82	61	71	95	42	60	77	74	80	63	56	76	72	79	83	70	57	66	69	69	54	64	70	81	72	64	65	60	72	64	54	49	94	69	61	66	59	64	56	54	60	68	51	84	89	73	80	63	66	80	72	65	72	63	69	72	61	73	77	58	72	63	74	76	53	81	63	79	77	62	70	90	69	72	78	89	68	72	56	62	67	66	70	72	82	79	82	68	75	62	59	71	82	68	64	65	68	73	62	75	68	71	89	68	72	52	75	65	60	72	63	74	58	73	76	60	47	61	77	60	85	69	52	67	72	69	78	69	62	81	80	70	74	67	70	57	71	69	83	73	60	65	66	75	78	79	69	61	59	66	59	55	73	83	58	65	62	48	51	56	51	67	69	55	76	75	67	69	80	80	71	62	71	72	74	77	80	83	72	65	73	88	61	79	72	64	70	55	87	54	64	77	68	77	72	61	61	60	76	81	84	84	71	69	71	63	73	59	93	72	66	75	68	57	76	67	87	78	62	100	61	46	81	80	68	78	78	59	73	79	67	71	77	62	70	65	76	72	66	63	73	68	75	56	66	58	76	74	67	73	65	66	69	70	75	98	66	57	75	74	60	63	75	79	63	81	84	54	67	61	54	64	67	63	71	75	74	60	71	68	66	65	53	57	70	78	73	87	68	54	72	85	72	49	53	79	63	79	74	53	90	64	75	65	80	75	69	78	60	57	58	66	65	61	80	65	62	67	71	71	59	80	54	73	78	71	56	56	78	71	65	81	84	73	60	72	77
cell18	97	99	108	134	138	119	116	106	96	110	112	103	90	117	112	100	89	106	107	98	129	111	109	107	120	107	100	121	115	107	113	86	121	121	108	95	122	98	125	95	115	115	90	107	103	127	98	105	88	103	125	114	112	107	111	102	118	125	109	105	114	110	108	131	122	79	109	119	107	105	99	106	121	98	118	114	105	107	98	104	103	122	137	112	92	106	114	128	107	90	102	109	102	121	100	126	110	109	104	117	105	109	99	120	118	123	104	120	100	115	112	113	92	84	117	109	145	134	122	131	121	131	110	116	121	96	109	84	112	92	99	117	97	108	115	107	108	132	116	106	121	98	103	107	99	107	112	127	94	100	107	109	125	117	106	81	81	108	90	114	139	127	116	133	109	123	122	108	125	105	113	114	114	108	112	119	101	119	114	82	103	103	114	119	112	92	103	87	103	130	95	85	103	110	118	115	115	99	121	121	100	100	110	117	102	94	122	138	117	123	114	116	116	89	99	122	105	108	127	109	113	121	100	113	134	104	129	115	93	119	130	92	105	127	121	118	117	113	84	114	92	95	93	96	77	66	90	69	80	76	61	77	96	80	83	72	71	70	68	58	73	90	89	83	89	59	62	80	67	69	86	74	85	92	75	67	92	79	89	81	91	80	63	87	60	69	88	62	79	74	64	81	90	78	88	70	70	56	68	76	76	69	71	82	79	80	62	83	86	79	71	66	94	73	69	77	67	64	88	54	92	68	83	69	86	56	83	62	83	55	82	72	83	106	66	74	79	66	75	72	80	72	70	82	71	70	80	78	53	69	49	80	66	66	73	76	74	72	70	57	78	85	57	69	81	73	66	69	67	81	67	58	80	72	62	74	86	78	58	73	76	70	59	85	85	75	80	83	80	72	79	82	75	71	60	58	63	61	69	58	85	62	83	76	70	83	68	69	72	89	80	85	66	79	70	73	72	70	62	68	90	63	64	84	75	58	82	91	73	69	56	63	74	75	81	70	71	59	84	72	67	77	55	72	78	64	65	76	80	75	72	67	66	76	82	65	85	89	79	90	66	72	71	83	85	85	80	70	77	72	80	72	77	68	74	76	69	70	82	88	79	70	68	56	76	72	84	75	63	68	93	79	67	69	87	78	100	66
cell19	198	156	181	196	181	174	182	170	155	168	171	156	142	173	153	157	164	163	193	185	186	196	165	176	190	155	167	172	163	179	184	138	165	158	190	188	164	143	191	146	164	160	161	181	176	173	142	165	191	170	151	169	181	182	176	181	151	173	165	164	168	149	179	169	175	150	170	184	171	176	158	157	195	167	161	183	158	178	145	171	186	169	196	168	170	194	185	189	154	199	149	179	184	161	201	180	165	164	184	199	207	160	149	155	197	190	184	196	178	159	154	193	181	133	191	167	193	173	174	183	164	181	163	181	172	211	172	183	169	164	187	168	170	188	168	181	192	179	165	170	189	177	176	157	154	163	179	161	178	167	148	162	187	177	181	164	153	159	177	152	186	194	201	172	167	167	202	173	163	190	168	182	191	183	143	169	182	152	189	164	137	165	195	184	176	175	191	163	170	178	168	163	198	200	164	161	167	175	168	180	161	167	182	186	169	159	165	180	187	141	188	200	177	178	172	168	168	185	178	176	179	170	174	163	186	136	195	162	158	181	200	156	142	178	196	171	153	174	154	173	168	168	169	173	134	114	105	99	109	114	114	114	134	112	107	130	103	125	108	88	113	151	118	142	137	123	131	117	112	108	124	104	126	105	112	129	122	110	110	128	138	116	126	114	130	120	103	113	108	118	107	117	133	118	107	111	112	119	111	110	128	113	96	117	114	99	111	131	95	123	124	116	106	109	119	110	121	119	123	117	120	108	103	125	123	83	109	144	128	111	104	128	121	139	118	139	116	95	103	116	109	114	125	108	117	111	118	121	119	128	126	118	139	119	105	120	108	112	103	102	96	114	132	136	105	99	119	122	127	122	119	115	98	134	118	107	118	103	115	112	110	126	108	123	111	114	127	115	114	119	103	113	102	102	123	120	100	118	103	127	134	107	139	128	87	119	119	116	124	119	119	120	106	117	87	124	106	105	111	104	130	118	108	95	99	111	114	114	100	111	96	117	120	113	109	126	110	108	107	125	113	111	129	95	119	106	110	116	95	105	96	107	105	103	118	117	117	134	112	116	99	100	99	104	120	130	108	112	87	105	137	99	112	118	113	104	123	111	111	96	98	128	118	110	120	117	127	144	95	101	99	134	103	116	99	107	117	119
cell20	128	142	133	136	158	114	120	160	115	127	116	115	132	141	129	134	130	132	134	148	118	113	120	139	125	132	108	130	115	136	109	126	118	123	134	121	124	137	144	133	128	111	115	127	125	133	126	131	124	150	123	132	150	121	132	127	135	117	119	156	125	129	143	111	135	99	139	132	126	137	113	134	127	128	104	127	122	111	134	124	133	132	132	116	125	116	128	112	138	125	138	128	106	144	137	117	129	118	123	148	130	121	136	132	141	146	126	131	120	137	116	130	131	125	139	116	138	122	123	131	124	127	145	129	143	128	129	118	136	142	117	116	150	140	125	122	123	129	133	130	132	119	106	136	110	127	153	116	144	125	132	120	124	120	110	145	112	120	112	132	121	113	146	130	113	111	148	139	114	124	130	130	121	116	112	123	130	113	130	128	117	127	141	141	132	152	134	110	121	111	105	139	143	157	129	135	123	115	131	138	140	101	140	126	132	105	148	136	106	114	119	144	139	149	124	124	131	119	124	128	125	124	141	121	125	139	117	116	111	128	112	120	141	134	134	116	140	122	149	119	127	128	114	148	93	86	88	89	101	97	78	88	80	101	89	73	97	79	82	80	94	84	81	72	90	78	88	82	86	74	87	74	95	85	88	92	114	92	92	81	72	81	92	71	84	91	86	85	84	108	76	80	91	83	89	84	85	89	84	86	87	97	101	76	74	108	76	95	80	90	104	79	85	93	89	84	82	79	92	53	92	90	71	98	92	74	102	77	78	89	63	88	74	121	74	92	99	86	95	83	79	96	94	62	86	74	88	95	92	86	93	103	95	81	78	81	74	69	73	71	66	72	69	85	93	67	105	77	84	86	81	85	77	85	83	89	93	78	79	84	110	69	67	81	110	84	65	87	80	76	82	98	86	86	73	73	83	76	77	103	82	92	104	90	82	73	75	88	80	88	89	93	88	91	65	80	93	79	68	66	85	66	75	71	70	77	81	93	77	85	70	70	70	86	80	84	82	103	81	97	94	81	96	81	90	89	68	82	78	72	78	91	86	90	85	90	106	80	94	88	75	79	81	79	83	101	84	83	86	84	101	79	68	95	90	77	82	72	88	91	85	72	87	82	98	96	92	74	81	88	77	88	79	87	89	66	99	84
cell21	141	133	158	145	151	142	160	135	143	161	136	144	127	144	114	129	157	134	132	139	179	133	132	118	177	147	149	143	129	126	138	138	158	145	159	145	140	147	147	138	134	139	130	149	128	141	133	144	145	136	124	160	161	148	119	136	149	157	146	169	133	144	153	136	167	110	146	130	138	148	135	134	154	123	137	144	145	142	130	151	137	180	158	151	115	137	152	137	143	153	155	135	148	153	143	136	151	151	133	157	149	144	149	166	135	116	148	123	172	145	139	143	149	132	144	134	140	132	123	162	142	159	141	145	138	155	133	136	135	119	133	153	109	134	147	135	154	155	132	158	142	153	137	126	135	146	135	132	138	137	137	163	150	140	137	134	135	150	141	159	162	161	149	146	164	131	155	149	139	132	154	137	152	150	131	146	133	120	154	140	125	143	138	161	133	157	148	126	144	133	159	133	169	185	136	141	133	152	162	141	144	137	146	155	145	140	131	148	142	125	132	142	149	138	138	145	124	160	147	119	116	154	153	145	155	135	144	147	146	167	156	146	164	157	144	144	136	136	156	160	127	139	135	147	95	106	111	86	104	99	100	113	104	86	103	86	96	89	87	83	96	109	95	99	108	98	95	70	76	95	95	84	113	81	93	93	98	83	106	98	107	104	110	105	104	87	100	97	89	109	105	104	91	99	110	102	94	91	91	90	98	100	96	107	94	98	101	122	98	95	91	98	103	92	71	99	98	89	99	74	102	94	112	102	91	84	104	81	98	97	85	96	119	117	117	99	85	90	96	98	104	101	96	96	87	88	89	90	96	100	105	87	108	106	97	95	100	89	95	94	86	104	86	90	86	109	94	96	76	113	106	110	90	90	91	128	108	106	84	85	100	88	87	88	92	101	93	107	105	87	102	122	85	73	98	83	88	101	101	89	103	71	97	96	72	101	103	97	79	113	97	122	79	112	93	82	91	80	81	97	98	89	86	80	99	72	104	96	89	99	87	84	92	94	83	78	80	115	107	89	99	88	83	90	102	133	94	89	96	82	84	105	96	90	91	94	125	87	103	82	95	97	88	111	101	85	93	105	107	89	104	106	76	86	89	103	104	93	94	88	86	91	86	98	83	95	99	103	103	107	104	112	91	95	87	87	96	92
cell22	148	129	153	157	136	150	127	143	141	147	128	156	116	141	129	122	128	127	137	137	142	126	130	146	154	149	142	148	114	132	133	114	128	129	126	123	137	142	137	152	121	128	125	141	141	136	122	133	162	120	146	137	162	153	141	131	113	140	126	132	138	149	149	130	123	145	126	124	159	133	151	127	127	122	149	136	143	131	129	133	136	147	159	123	136	139	151	147	128	130	144	130	150	115	136	161	159	135	146	144	150	127	124	114	147	144	127	143	137	143	152	140	126	134	147	126	149	140	130	152	156	153	136	157	138	143	136	149	148	106	130	122	133	163	121	130	141	127	137	164	162	129	131	153	119	143	106	139	135	121	112	115	133	136	154	133	128	126	113	129	171	131	137	136	128	131	142	140	165	126	125	149	157	137	129	147	155	132	151	135	113	124	127	161	138	135	145	149	130	143	130	134	138	172	144	139	134	140	153	153	127	146	176	131	133	125	144	141	141	145	125	154	155	125	134	141	126	142	132	140	138	124	127	140	145	127	126	135	148	132	156	134	151	138	138	138	118	162	137	131	147	137	149	144	93	109	79	92	96	108	82	98	94	85	87	72	83	88	100	70	95	93	97	94	89	86	105	100	91	90	91	91	118	82	99	83	113	73	82	93	101	81	102	105	92	77	89	90	103	92	75	106	95	71	89	96	79	89	94	83	73	89	101	89	76	98	81	109	93	82	93	100	90	96	77	108	74	93	102	94	84	111	93	102	99	83	96	84	77	102	96	110	100	109	113	88	88	109	84	83	82	90	83	89	78	101	75	97	74	83	70	79	88	104	92	93	93	80	81	91	102	89	103	97	109	94	94	92	88	100	84	79	72	82	91	78	87	85	80	81	97	95	73	103	69	103	93	102	102	94	96	78	79	79	75	92	88	101	79	110	103	102	100	83	88	92	93	95	88	86	96	108	69	102	85	115	94	92	81	93	93	96	102	108	90	89	78	102	75	86	77	87	96	83	90	84	82	86	82	96	90	109	75	92	87	90	91	72	100	87	93	102	91	98	101	98	92	103	105	106	79	88	78	92	100	93	109	78	109	92	89	105	94	77	90	96	99	66	93	86	94	103	86	85	84	86	91	94	95	91	87	107	100	109	95	84	112	92
cell23	153	151	159	166	165	165	174	148	159	170	151	181	145	188	141	165	168	156	142	167	150	159	174	151	166	160	154	155	168	165	154	149	183	180	166	150	156	159	174	177	160	167	161	140	155	145	151	154	150	172	139	177	182	157	166	159	174	147	165	165	176	170	199	153	182	148	134	182	157	154	166	152	178	153	141	166	183	164	170	175	155	169	174	144	155	148	160	151	173	163	155	147	141	153	150	152	138	154	148	168	163	151	149	155	144	156	137	157	155	163	158	173	167	158	170	152	170	139	168	167	153	165	131	169	161	178	147	143	162	163	141	141	141	158	146	175	175	170	156	155	168	182	177	154	153	172	124	157	151	164	150	163	156	141	147	166	124	152	138	139	174	167	185	169	158	163	153	177	159	168	129	187	172	172	154	157	199	157	173	145	162	170	151	145	162	161	166	153	148	160	155	147	167	193	159	177	159	146	176	141	179	156	178	156	148	136	183	155	180	155	173	177	163	155	149	132	158	177	154	155	159	167	161	165	189	145	184	139	174	194	178	176	176	190	164	156	149	192	144	143	158	161	162	152	101	115	112	102	97	111	102	117	112	109	98	94	106	92	114	93	109	117	106	99	116	107	108	107	90	105	117	108	109	94	97	112	125	104	110	106	92	96	108	115	110	85	117	116	106	124	94	109	118	107	118	100	100	89	122	121	108	104	106	117	92	119	113	111	109	118	104	109	114	78	103	111	94	107	110	95	106	114	117	107	132	77	108	97	118	109	100	119	108	129	103	125	130	118	101	103	92	117	86	106	122	97	106	110	102	106	99	104	117	112	109	118	95	107	102	98	104	113	109	125	99	102	114	89	111	115	90	124	127	105	114	89	119	93	110	111	114	115	97	115	115	99	102	111	115	98	117	118	111	88	102	104	115	111	102	106	91	113	110	120	97	101	113	103	120	118	92	100	110	110	94	123	109	110	83	102	120	113	110	125	111	82	97	111	100	115	104	104	98	94	107	120	89	111	95	114	109	121	94	90	126	125	106	113	94	103	95	105	96	113	113	113	122	110	99	127	94	118	82	102	85	120	122	83	109	96	116	87	82	99	104	103	94	93	98	96	107	93	96	106	114	99	127	105	106	114	86	132	110	87	100	86	113	118
cell24	216	209	204	234	219	233	209	229	235	219	212	241	196	210	204	212	235	222	217	203	246	220	185	197	208	231	218	207	223	226	186	206	217	231	210	189	233	203	240	223	204	224	201	211	235	200	188	243	225	242	241	223	245	206	219	209	234	202	195	232	211	201	248	187	215	179	208	218	201	210	187	165	221	202	199	237	228	228	217	194	202	209	248	197	240	182	204	205	240	231	237	226	230	220	221	201	230	219	215	212	232	222	206	217	212	208	190	226	200	224	226	200	228	178	250	193	219	242	205	235	229	227	213	224	203	242	230	205	239	171	186	226	205	209	193	192	244	220	219	215	227	237	222	206	173	224	208	201	235	213	202	211	240	210	230	216	180	212	182	196	245	235	234	224	240	213	244	243	206	213	207	248	212	225	191	214	243	209	243	171	189	202	206	242	230	197	214	218	215	218	208	212	227	265	187	266	233	223	218	226	197	195	243	223	225	210	192	250	199	222	244	230	208	236	233	220	204	194	228	226	166	220	233	248	242	183	249	231	190	233	203	221	255	241	229	243	209	214	235	208	210	184	214	229	132	136	135	120	151	173	153	142	140	149	146	145	133	154	122	127	138	173	161	139	154	143	150	168	144	136	157	143	130	155	136	137	174	154	158	160	148	146	179	149	143	155	140	144	151	141	155	150	155	161	146	175	150	126	127	141	165	143	144	162	167	182	169	155	119	155	143	134	145	132	122	136	146	153	170	128	143	137	144	145	143	140	141	139	145	156	141	149	162	169	147	147	170	148	130	154	130	164	134	145	146	138	133	157	154	157	140	140	152	164	170	152	146	137	125	121	140	147	151	149	123	125	147	126	137	167	145	127	120	137	134	145	135	149	132	123	167	120	150	141	144	138	156	138	176	146	149	145	158	107	143	144	115	168	133	135	157	172	146	136	146	145	131	137	159	123	158	142	158	178	126	151	144	131	127	133	157	152	146	132	161	135	153	138	121	151	142	118	144	138	140	140	158	148	138	155	147	141	137	142	169	143	128	165	146	125	152	156	149	138	151	125	148	135	167	151	121	146	130	131	147	170	170	141	154	133	147	144	135	137	138	150	150	129	146	133	151	121	136	122	141	140	143	166	146	129	134	142	142	134	151	144	141	137
cell25	161	152	152	147	168	145	142	151	149	137	152	155	146	151	135	135	150	163	164	160	161	132	166	150	139	182	147	146	167	151	144	144	148	161	146	154	155	163	151	122	139	134	175	149	156	125	150	161	151	152	165	165	160	143	116	166	144	134	162	133	134	135	151	137	145	143	158	148	132	158	132	135	160	151	135	157	140	145	172	135	160	193	165	133	128	152	129	165	123	136	145	153	158	115	173	160	168	149	140	185	168	172	125	143	169	177	135	149	137	141	146	148	122	111	137	160	165	151	127	153	171	147	153	159	138	172	172	150	165	139	143	139	154	149	127	153	167	141	165	164	140	146	145	154	156	156	137	149	147	152	141	137	135	146	134	147	138	154	133	154	131	146	165	152	130	147	160	146	161	163	147	152	134	153	130	161	154	143	173	136	133	146	132	145	158	141	155	148	146	148	155	112	170	163	137	135	155	145	158	173	162	142	158	159	150	151	154	161	148	134	153	151	148	148	130	134	126	131	149	130	135	164	138	149	152	123	163	160	146	169	144	128	147	153	158	152	118	171	149	133	150	132	152	142	124	91	106	95	118	119	111	87	106	120	95	94	98	92	87	80	116	117	92	92	95	98	100	86	80	107	102	103	104	91	107	109	120	106	97	134	107	91	96	102	97	93	97	113	105	97	91	102	108	92	90	115	87	89	91	81	114	112	98	97	78	111	108	109	116	113	94	101	99	96	97	99	87	110	98	93	91	107	100	115	95	106	97	88	90	106	94	101	100	108	111	124	98	106	98	120	98	102	109	100	101	88	104	118	93	108	93	99	124	97	84	114	96	99	94	115	88	105	101	95	100	80	98	92	87	104	96	106	95	95	93	88	123	89	106	111	91	85	93	113	107	111	89	80	107	78	102	99	115	81	69	91	87	101	101	100	105	92	100	101	84	100	79	85	76	91	108	87	71	124	104	113	106	110	99	102	105	104	76	112	102	88	99	83	80	98	95	104	85	83	84	97	87	88	121	82	90	114	95	86	107	106	95	105	125	68	104	93	95	98	91	104	94	111	90	105	89	114	98	119	91	116	107	76	102	86	119	90	89	98	94	98	85	81	91	110	89	104	111	79	110	93	116	91	72	99	98	96	97	97	103	81	109	96
cell26	153	200	159	185	176	179	191	171	167	183	154	195	171	160	155	146	183	153	141	188	179	177	192	138	213	188	151	157	185	170	196	173	166	187	174	188	176	162	170	176	184	175	166	165	131	146	149	175	185	180	165	163	180	153	165	159	155	163	159	156	138	178	182	156	173	160	195	176	163	178	171	148	199	185	172	187	186	173	171	181	171	183	198	158	184	186	172	165	187	187	194	174	160	158	184	158	189	160	169	187	203	161	143	160	171	200	158	189	155	187	169	155	151	158	169	160	216	189	172	214	179	181	161	150	172	192	194	164	202	165	189	179	177	179	162	165	167	184	189	167	195	179	177	179	169	165	158	166	186	175	158	187	164	162	179	210	159	172	146	192	194	169	196	177	169	183	196	189	172	162	174	162	176	178	147	191	177	175	171	169	168	192	190	174	181	179	168	148	154	186	148	133	173	174	150	177	186	205	179	172	181	160	187	198	157	177	185	166	164	184	156	205	156	194	169	180	176	180	155	178	139	172	184	159	178	142	186	175	163	176	171	179	200	212	191	178	163	181	175	178	167	178	185	178	121	103	122	111	146	151	95	125	106	131	113	104	92	123	121	95	110	142	112	125	129	128	111	118	101	116	131	109	99	134	115	115	131	109	100	136	107	110	119	124	116	139	111	103	114	131	116	116	128	111	109	119	125	119	124	134	134	107	118	123	98	130	133	112	115	138	101	116	122	116	124	104	119	115	101	106	94	110	125	99	125	106	115	102	128	120	126	132	123	150	106	156	96	132	101	123	104	138	125	105	102	114	104	111	117	111	110	125	109	123	110	100	103	109	89	105	114	132	101	127	102	119	141	101	119	108	105	97	99	120	107	123	141	120	92	113	105	120	94	118	104	125	100	124	106	103	121	122	120	96	103	100	103	136	119	131	132	119	118	108	117	112	120	122	127	114	129	117	108	123	108	98	106	116	108	98	121	112	135	105	125	98	112	131	111	115	111	92	103	105	119	121	121	111	126	123	125	110	112	116	126	117	104	127	112	109	114	113	112	116	107	136	119	120	114	125	96	140	103	144	104	125	143	118	123	111	125	110	95	113	122	132	99	115	115	94	103	115	128	117	128	116	129	111	114	106	114	126	99	119	129	100	111	99
cell27	71	66	85	87	86	74	89	84	68	83	74	77	63	87	79	73	86	78	79	78	93	80	82	77	88	66	64	73	88	73	74	85	72	90	69	75	79	79	90	81	75	82	64	81	71	78	66	80	78	86	77	62	94	70	67	79	77	91	76	82	78	71	74	78	79	70	71	78	68	80	81	70	83	78	72	74	91	64	77	66	73	79	85	71	66	94	75	99	74	84	88	72	93	82	64	71	80	86	86	77	96	93	81	78	60	76	67	86	60	74	76	76	67	55	79	66	95	84	86	85	84	87	74	96	82	81	90	78	73	69	65	79	71	83	74	92	98	99	81	98	83	70	81	85	59	96	72	68	73	92	81	57	70	79	92	97	64	94	55	82	90	80	79	91	72	73	88	74	73	82	73	78	72	82	80	98	64	89	80	78	67	79	75	81	78	78	79	63	97	75	79	77	71	113	72	88	71	78	80	60	82	87	89	76	65	70	79	97	90	90	72	94	84	79	82	67	76	73	78	73	63	70	76	76	89	77	85	76	80	72	71	71	66	101	83	95	70	81	75	71	67	66	70	71	60	60	53	42	43	60	58	58	58	53	52	40	56	58	50	41	50	54	69	51	54	61	57	50	58	56	47	54	74	55	60	56	47	43	56	48	52	53	59	59	42	59	51	71	52	58	52	49	60	33	54	56	63	38	48	45	62	56	52	56	61	65	49	49	54	59	61	54	46	53	45	49	42	47	45	57	58	45	61	48	47	54	48	61	57	49	40	55	47	52	65	56	65	54	58	49	46	55	56	53	55	55	50	59	55	63	57	44	63	56	55	60	45	45	49	41	43	56	52	63	64	44	44	41	53	52	60	32	56	39	48	44	68	40	51	59	54	66	56	46	50	59	56	59	44	55	47	57	43	43	48	61	54	53	47	54	50	48	68	46	48	48	42	61	50	50	44	62	48	76	60	55	45	45	46	72	52	60	46	49	67	44	56	53	60	58	58	42	53	58	47	50	54	51	49	64	53	58	52	39	55	61	50	41	49	59	57	51	60	61	42	51	58	46	60	49	43	45	50	58	55	59	58	33	52	62	52	49	53	50	51	39	47	37	49	48	56	38	57	46	38	56	51	57	62	44	55	55	49	56	63	57	50	45
cell28	141	127	150	171	150	132	152	146	127	135	120	141	124	152	144	117	136	157	132	144	143	136	157	140	128	136	139	139	146	154	116	138	144	163	152	125	151	157	166	156	129	150	121	143	148	141	139	169	131	131	159	156	153	137	141	118	158	154	130	154	116	154	157	133	178	136	117	143	130	147	164	164	150	132	127	140	134	132	140	129	142	140	146	136	127	164	122	158	130	158	126	141	140	151	145	137	146	155	134	150	148	149	130	144	149	146	132	154	131	144	157	157	154	115	146	137	166	153	160	129	139	128	174	126	145	154	161	140	153	125	158	138	147	139	122	135	176	161	148	146	142	131	159	141	148	140	129	140	139	130	128	142	134	133	139	137	132	143	136	126	145	160	164	145	138	137	134	176	127	136	143	156	146	153	129	140	155	140	176	145	133	148	132	147	123	133	144	134	138	136	137	149	147	169	151	139	133	140	145	147	149	118	140	137	129	114	143	127	143	134	134	154	140	145	135	129	129	138	136	133	121	148	149	145	156	132	147	125	124	155	143	178	167	145	146	150	142	162	153	143	103	127	137	136	101	86	94	92	104	104	89	109	124	76	105	96	99	99	86	92	96	115	89	101	101	104	103	87	99	101	97	95	99	97	104	91	96	85	92	102	108	75	96	102	101	109	108	108	118	106	88	106	101	103	95	104	76	93	93	80	89	96	91	91	97	107	114	100	80	75	87	94	96	99	107	90	92	105	108	83	88	105	100	104	106	89	91	110	89	107	99	104	103	112	100	105	102	81	94	100	101	90	102	89	96	101	85	82	90	83	87	89	110	111	91	90	105	95	93	81	84	92	98	97	120	87	97	91	86	97	86	102	88	110	85	93	117	92	94	97	107	70	84	92	99	86	102	104	94	83	105	123	76	81	93	77	79	91	104	96	89	94	100	90	98	88	89	107	90	111	107	101	95	99	86	92	100	105	91	75	96	77	96	95	113	92	87	108	99	104	88	75	107	92	100	93	95	98	89	80	87	102	97	84	91	104	104	73	91	87	80	101	85	104	97	112	110	94	91	95	98	101	77	83	97	92	100	94	100	109	97	93	85	90	94	87	100	93	91	90	106	83	93	83	87	89	89	96	89	86	90	91	89	100	119	84	80	106
cell29	107	94	118	130	126	118	117	101	100	151	110	129	104	125	110	118	125	103	94	121	124	104	103	126	111	119	125	113	101	102	117	103	110	124	134	99	127	108	116	107	108	98	116	106	124	101	91	123	126	106	127	100	123	120	104	94	118	105	113	112	89	114	112	113	117	97	110	113	109	99	108	106	143	112	110	116	128	97	119	90	105	122	125	98	112	130	119	123	119	108	118	113	85	113	107	97	123	115	84	124	125	96	98	124	109	94	93	122	106	106	125	114	130	87	131	94	129	126	99	126	117	118	119	121	100	113	121	120	112	113	116	100	97	115	101	124	115	112	127	105	115	96	86	125	98	103	118	112	115	92	120	114	106	112	127	131	92	103	93	95	101	121	110	124	96	106	107	123	115	113	124	112	124	103	96	127	106	117	128	84	85	115	103	94	125	110	102	106	114	120	96	97	104	154	92	135	115	106	115	115	102	109	112	98	105	102	119	138	103	133	107	127	115	101	113	121	96	95	126	86	83	113	116	120	111	108	126	100	129	137	107	108	116	126	103	105	116	131	100	145	112	112	120	131	85	81	90	69	59	100	69	84	66	66	73	65	59	83	78	60	59	81	71	68	85	84	87	80	73	79	76	70	68	68	76	73	82	70	77	83	66	88	65	97	58	72	72	73	67	72	74	66	75	84	73	79	68	71	81	78	64	70	73	67	60	79	75	93	75	76	73	71	75	75	70	76	67	85	64	61	71	80	73	80	71	66	69	78	77	79	64	81	93	85	93	75	76	85	82	70	67	94	75	57	72	75	71	67	63	82	62	84	75	73	66	84	76	75	65	49	66	69	85	68	98	65	67	77	77	91	73	75	76	72	77	74	81	80	79	59	74	68	70	83	69	80	82	76	87	74	78	76	92	60	55	71	74	74	74	63	76	71	75	76	76	71	61	102	75	95	87	83	75	80	69	81	85	67	74	70	72	82	79	72	77	67	70	77	75	70	65	58	70	76	65	76	70	77	84	75	73	78	69	75	92	88	79	71	71	71	63	62	72	76	79	81	67	92	66	87	81	64	65	99	73	64	86	77	88	67	88	79	67	80	53	76	78	66	76	67	65	69	64	81	74	76	73	70	79	60	67	84	68	79	70	81	77	85
cell30	122	103	90	100	90	108	93	117	100	122	96	120	101	107	105	89	95	98	116	104	78	104	85	99	112	94	75	108	91	93	94	93	97	112	121	91	105	111	99	104	112	95	109	80	89	76	92	109	93	99	107	84	111	100	104	90	94	105	112	116	96	104	105	100	98	78	98	99	104	83	105	117	104	90	84	100	102	84	109	99	102	119	110	104	100	104	85	116	82	112	104	95	93	92	107	106	107	96	98	109	109	88	112	106	107	101	92	100	110	92	96	93	109	103	107	87	110	87	121	105	118	97	108	101	83	100	128	95	102	85	109	97	72	100	93	90	109	102	102	120	90	107	104	101	84	97	109	117	103	91	99	132	119	108	104	107	88	108	83	114	113	93	106	101	89	94	98	110	85	103	117	81	90	104	87	103	116	95	119	102	89	97	104	102	99	100	116	101	89	100	106	96	97	138	97	109	92	87	95	116	94	97	112	107	101	88	93	111	89	96	101	108	100	89	108	102	107	80	83	103	83	94	87	94	108	82	90	101	103	115	108	92	89	111	95	100	105	90	118	95	95	93	86	103	78	68	65	70	69	78	83	63	66	58	81	77	70	65	61	61	61	76	64	68	62	65	58	70	65	75	58	62	64	65	45	73	76	46	71	76	67	78	75	69	76	59	76	52	60	58	67	73	70	67	72	71	80	59	69	67	54	73	67	76	59	70	46	74	55	78	71	59	77	74	75	63	66	59	72	56	63	64	62	57	77	74	75	64	67	65	78	65	75	83	55	77	77	69	55	58	52	69	83	56	57	73	70	68	49	64	59	63	65	68	70	65	73	70	58	62	72	70	62	68	69	63	58	55	52	74	64	55	66	75	74	61	65	68	69	64	83	52	57	52	71	74	62	63	65	64	73	76	49	67	53	65	65	66	67	62	45	77	75	64	62	56	58	73	73	72	56	73	69	55	72	69	53	74	59	67	76	61	70	69	65	59	60	70	66	65	65	67	58	55	77	67	60	61	71	74	58	65	69	55	62	63	69	60	58	72	70	57	63	59	80	56	64	50	67	59	51	77	60	74	63	67	65	65	84	67	74	64	62	75	69	85	56	57	60	69	55	65	57	59	79	71	57	80	72	61	68	69	65	67	57	75	70	60
cell31	100	102	140	120	107	97	105	101	112	114	124	104	97	108	99	100	87	103	105	105	140	103	103	112	109	105	93	118	125	114	118	109	106	106	121	119	121	108	116	97	100	96	105	92	122	136	104	106	102	123	112	103	104	109	114	98	124	112	109	136	106	120	104	117	123	98	125	111	112	102	120	112	84	106	86	116	107	94	123	113	103	122	90	92	107	118	107	131	115	111	111	92	101	114	93	114	108	93	110	124	112	101	97	113	108	114	106	116	107	106	121	116	120	99	127	126	128	121	104	137	105	98	109	128	95	80	120	114	106	102	106	120	111	106	97	111	113	111	108	119	129	103	117	110	101	110	105	121	140	95	111	113	104	109	110	112	87	122	95	96	114	114	119	103	102	109	94	124	120	102	109	122	99	93	96	131	114	109	116	110	94	114	106	119	118	107	107	124	115	111	90	94	120	134	101	115	98	116	93	106	79	109	128	109	120	101	121	116	110	99	110	109	116	104	105	113	123	119	120	105	96	103	117	110	126	96	135	104	120	138	109	95	119	117	104	104	107	115	101	104	104	86	114	100	83	101	69	78	75	82	67	83	65	72	67	60	78	84	74	68	81	78	64	92	75	79	80	71	69	69	72	81	75	89	78	77	85	76	77	79	68	56	75	54	80	79	55	78	73	66	60	74	96	78	76	80	69	67	70	96	67	62	65	71	69	75	63	85	75	85	67	64	81	85	84	95	78	75	79	59	82	75	77	68	77	76	95	86	64	66	63	82	49	70	68	89	85	80	44	70	68	89	61	70	75	62	70	72	62	81	74	65	75	76	67	73	79	60	64	80	67	72	61	75	78	74	73	59	65	83	91	81	61	52	67	89	78	74	82	86	77	70	65	77	69	88	70	66	61	57	61	78	76	65	67	71	80	72	81	72	43	63	70	73	54	81	76	67	59	78	59	92	73	86	62	81	76	72	77	72	83	82	66	72	97	57	68	80	87	89	74	60	87	60	72	63	75	71	66	69	90	88	67	65	73	68	85	75	81	55	61	64	72	80	74	73	79	78	73	103	73	91	60	84	80	75	93	70	80	74	93	77	69	100	74	68	51	72	72	78	61	66	70	71	62	73	70	70	73	55	67	82	81	60	82	70	89	82
cell32	93	74	76	102	99	82	82	82	100	80	88	88	81	95	78	71	75	93	75	78	99	101	93	72	90	85	77	91	76	67	89	82	88	94	84	90	88	97	91	71	79	86	77	93	82	87	58	148	137	127	133	125	130	119	132	120	133	135	121	129	133	145	121	122	139	106	144	136	109	133	127	129	139	132	118	76	97	80	79	70	79	38	40	44	0	0	0	59	42	39	100	94	92	78	99	72	73	83	98	98	100	83	65	88	89	84	100	90	96	64	87	106	84	74	91	104	102	80	76	98	88	83	88	91	72	109	100	89	91	88	95	67	90	83	83	97	81	81	88	83	77	91	88	82	66	84	80	95	88	88	76	70	101	70	90	93	81	78	81	99	103	84	93	101	84	74	77	96	94	86	88	89	113	92	78	97	80	92	84	88	84	80	76	90	82	88	84	66	81	87	91	82	76	103	96	97	88	85	86	98	81	67	109	89	80	84	87	87	79	82	97	79	81	86	75	89	83	73	90	101	74	79	76	87	91	92	94	86	87	85	67	96	86	84	103	102	80	95	102	82	89	96	98	94	92	90	76	76	95	83	92	82	119	88	87	67	85	108	84	99	94	103	99	95	83	104	88	83	99	84	97	71	94	83	87	81	86	77	82	94	96	92	81	84	83	87	78	72	86	97	113	100	96	89	85	95	96	88	79	85	86	90	88	84	100	92	73	112	101	78	95	68	79	84	75	92	86	94	100	69	82	73	95	90	91	77	92	92	94	75	93	85	83	102	89	101	86	83	69	75	75	72	81	73	68	85	98	85	95	85	79	93	90	90	84	85	71	90	86	87	79	100	80	101	97	87	84	84	86	92	87	82	79	89	84	98	101	80	89	89	92	74	81	80	82	92	85	79	83	92	93	86	90	78	83	82	98	84	67	70	94	94	92	82	93	88	91	87	83	95	84	102	72	84	75	96	85	91	80	80	103	79	74	116	98	88	83	90	67	91	92	82	84	102	87	88	96	95	82	92	76	102	80	85	96	91	82	99	79	79	86	86	71	87	86	84	103	77	84	92	90	74	76	79	79	85	84	80	108	92	101	87	69	84	69	80	87	83	83	81	78	79	79	63	82	78	79	81	74	79	65	100	75	84	84	84	94	86
cell33	104	126	127	133	109	120	136	132	114	156	129	121	116	123	133	99	118	122	121	114	163	106	136	125	138	110	113	116	130	115	119	104	146	119	136	117	122	132	119	110	132	139	118	134	115	111	98	198	174	188	196	174	212	190	187	178	224	186	185	209	186	185	218	215	218	178	211	172	178	174	180	200	190	205	181	128	142	99	116	117	116	63	64	57	0	0	0	76	60	51	123	128	121	116	152	110	137	129	117	139	136	136	131	119	123	122	142	130	124	125	132	151	109	119	142	126	149	140	141	130	113	131	114	132	111	141	132	115	121	119	120	125	128	116	123	129	159	132	107	126	124	113	127	119	118	109	118	129	155	131	106	103	122	123	131	115	115	122	103	113	144	114	129	149	129	116	134	133	140	138	115	120	135	121	117	122	118	109	134	152	134	86	121	113	127	108	127	131	117	125	129	126	127	128	113	132	136	118	136	129	116	117	125	125	126	127	171	99	108	126	147	120	119	108	122	134	147	129	124	112	112	127	120	130	127	114	135	130	127	122	137	126	140	127	124	124	117	118	119	115	117	127	112	115	137	151	132	141	123	138	110	119	138	104	130	113	128	122	110	109	126	154	114	134	126	122	127	125	134	129	144	112	116	123	125	143	149	117	130	145	137	94	144	117	104	120	118	126	126	140	104	122	140	119	132	136	146	126	131	116	112	119	125	152	126	126	146	135	134	114	107	114	124	122	131	130	107	131	129	114	138	123	142	126	129	124	136	120	139	123	104	136	136	139	124	154	127	138	118	117	99	129	126	122	131	101	117	129	119	154	113	117	119	154	112	116	143	114	105	102	121	136	137	117	134	122	137	113	115	115	136	113	134	121	102	120	144	121	108	103	139	129	112	146	105	141	149	135	134	121	145	122	136	127	91	113	136	133	121	123	114	116	118	120	117	115	116	123	124	134	121	127	111	146	104	127	129	138	128	119	121	107	133	130	118	101	144	131	121	143	133	106	113	123	128	125	123	131	143	151	128	133	131	127	127	127	123	115	113	119	134	124	132	133	142	151	128	126	136	134	118	140	119	149	122	126	139	102	151	112	142	123	116	124	128	133	108	130	139	113	112	123	132	137	138	138	136	131	114	105	123	134	139	133	122	114	137	123
cell34	87	96	116	102	93	89	115	90	106	102	89	114	89	107	84	110	93	89	98	92	110	83	81	103	105	80	86	95	95	104	91	106	110	89	117	101	93	102	97	92	96	99	92	98	103	91	102	99	117	96	82	93	116	111	99	89	93	96	77	121	92	89	110	86	106	98	110	97	95	93	83	97	91	86	89	108	77	88	77	92	94	93	113	89	89	93	91	97	100	98	97	92	88	115	99	91	99	100	82	95	115	81	89	121	95	96	90	90	86	99	111	89	114	83	108	93	98	111	94	107	103	104	105	107	109	113	92	99	95	91	99	93	93	99	99	108	104	99	116	95	109	105	89	88	76	86	94	111	100	74	84	86	100	106	109	102	81	102	72	98	112	97	112	74	81	90	98	124	102	92	99	99	94	95	91	87	96	105	114	91	85	108	99	100	104	103	106	96	86	103	87	88	96	99	82	95	96	110	117	95	92	82	97	119	105	85	108	92	91	100	96	98	102	92	76	103	107	104	108	97	85	78	92	112	98	69	88	95	108	119	103	83	109	93	116	84	114	102	117	111	102	96	109	85	69	59	66	60	60	73	71	72	72	64	67	60	52	70	71	61	61	67	77	70	63	57	66	65	54	48	57	56	70	66	54	65	88	63	57	93	61	57	74	70	76	74	59	100	69	71	64	63	58	47	56	66	65	70	80	79	63	59	60	67	58	56	58	72	66	77	72	57	66	64	54	69	65	63	76	50	72	62	65	69	61	70	83	79	67	59	71	69	68	68	64	62	83	64	61	74	60	57	78	62	54	62	65	56	64	69	43	58	81	68	63	55	65	72	64	69	61	71	71	69	89	60	64	45	50	61	61	55	64	66	86	52	72	71	61	61	72	62	55	53	65	65	72	71	78	56	71	65	40	54	55	74	56	76	60	52	72	75	65	68	56	63	77	63	66	51	57	83	52	65	68	51	63	52	57	62	66	56	73	71	78	61	71	73	66	60	68	77	53	77	56	70	72	56	67	69	56	61	67	71	64	59	75	62	69	66	53	66	65	59	97	68	67	56	64	72	67	82	58	69	73	77	67	54	74	67	62	56	69	70	58	62	53	71	78	78	73	55	69	73	75	65	93	69	58	45	65	55	66	72	72	47	70	62
cell35	124	129	149	164	134	165	169	142	148	142	139	126	134	183	138	143	145	130	128	151	157	153	144	130	156	159	143	144	153	145	140	161	135	154	151	130	163	140	148	147	147	131	156	158	154	152	134	126	153	157	148	145	144	164	144	148	136	131	144	147	149	162	159	149	156	121	161	143	152	138	137	163	150	141	135	160	148	139	144	141	154	134	167	156	148	164	129	138	134	154	149	134	140	126	145	157	154	138	136	173	163	132	110	163	142	160	150	147	135	114	150	136	136	128	146	138	149	168	158	156	142	160	153	140	144	171	144	180	151	137	125	144	146	152	142	158	166	153	152	136	133	144	155	136	155	146	139	151	152	143	133	140	144	127	157	155	112	120	129	147	189	130	160	144	143	140	135	154	144	117	148	128	150	156	119	156	147	147	126	151	131	126	135	134	162	133	126	140	139	165	145	130	149	167	122	132	150	131	156	160	159	153	170	151	148	149	150	156	145	160	142	145	193	157	133	141	158	145	159	142	149	144	145	165	149	128	141	148	141	160	165	141	145	163	147	145	136	145	145	153	125	155	158	137	97	101	83	97	85	100	68	105	87	80	93	85	80	97	117	120	87	95	95	113	90	79	113	101	102	99	109	95	108	97	93	91	92	88	104	101	102	93	79	105	85	116	77	84	93	96	112	103	95	80	104	92	108	102	111	98	95	85	90	101	85	116	104	100	89	109	96	103	100	110	101	111	98	106	105	78	114	74	83	86	109	83	101	106	100	95	93	101	82	102	94	111	95	106	89	85	81	113	100	97	90	90	83	108	85	105	85	93	101	96	91	93	94	106	90	80	83	84	89	91	106	116	92	76	94	88	112	103	101	100	97	83	103	91	94	72	96	97	78	92	88	106	95	103	110	101	77	104	93	84	106	106	111	112	81	93	72	102	110	96	89	97	93	107	96	102	79	93	97	89	96	102	100	94	78	87	110	101	102	100	92	86	112	105	86	105	94	89	102	99	85	103	104	96	107	102	108	98	98	94	109	105	111	87	124	80	87	116	115	90	118	98	118	114	89	94	89	113	95	107	120	91	99	79	105	100	127	87	98	99	76	99	89	101	92	106	85	87	86	81	97	107	81	81	87	100	91	92	113	78	82	85	84	115
cell36	110	127	134	135	128	123	135	125	125	137	111	123	112	126	129	97	125	110	135	147	136	118	119	117	139	145	114	134	122	156	120	124	141	112	121	118	113	122	135	124	132	131	123	102	122	132	109	128	134	142	126	136	131	130	131	124	119	120	123	137	118	139	124	127	129	114	133	149	123	127	120	117	144	117	139	128	123	109	108	134	126	111	162	124	104	131	127	116	123	138	119	127	118	126	103	124	120	129	124	158	135	126	114	120	108	124	131	114	116	127	132	145	116	118	124	130	134	125	90	129	144	110	142	142	144	129	107	142	138	123	152	101	111	125	118	130	136	109	145	119	146	127	140	124	113	137	110	121	124	104	125	113	142	110	135	149	114	114	111	132	133	124	122	128	126	108	116	135	123	119	135	126	116	128	109	117	111	124	116	133	105	129	142	122	109	106	125	119	109	136	108	107	141	176	123	134	112	133	132	129	100	114	117	129	102	123	115	133	105	134	138	113	145	115	120	129	121	125	120	139	116	121	123	125	140	110	134	119	128	129	113	122	144	141	124	140	116	146	129	135	102	131	122	120	96	91	91	100	94	101	78	90	96	82	79	89	81	84	89	79	82	99	89	103	78	85	82	95	70	95	76	96	88	99	76	84	100	78	85	98	88	71	92	89	93	93	89	91	86	98	77	89	97	76	91	84	79	77	86	88	78	81	80	90	79	78	100	93	83	93	80	91	62	70	90	77	79	87	83	84	74	89	103	70	102	76	86	72	79	70	88	100	83	78	92	96	102	79	76	83	79	91	92	66	82	81	78	84	77	82	91	90	86	79	83	72	68	80	78	66	68	72	102	102	82	73	94	71	70	91	95	95	84	66	84	88	129	95	75	83	79	74	62	81	79	76	89	89	81	84	69	81	93	89	74	79	84	95	75	76	79	73	100	84	101	87	66	83	92	67	74	88	74	107	84	82	79	86	76	68	91	75	91	91	89	84	96	84	65	92	77	68	77	73	87	80	86	83	86	88	82	85	93	85	90	80	86	77	90	77	83	84	81	83	67	84	83	71	73	76	68	90	68	104	86	80	95	70	79	93	86	86	72	95	71	82	71	74	76	78	94	81	82	79	83	80	87	73	80	90	74	96	90	94	83	83	94	100
cell37	75	78	86	97	83	83	110	80	87	76	86	97	64	100	73	82	91	91	98	91	98	114	95	89	84	106	76	91	92	79	73	81	78	98	86	79	88	84	84	84	91	81	78	78	88	93	92	124	112	118	158	142	122	156	131	141	136	135	125	123	148	144	122	150	125	89	136	120	120	158	129	140	136	121	108	83	94	71	92	80	87	43	52	38	54	37	39	42	41	51	84	88	92	82	84	89	79	63	104	104	92	87	88	98	80	81	82	93	86	81	99	82	89	84	90	97	117	86	79	102	89	84	86	93	93	93	90	82	100	78	89	86	107	93	62	88	92	89	87	82	97	79	81	88	86	96	62	90	107	86	88	82	81	87	97	103	85	85	66	85	98	101	97	89	88	88	98	112	101	99	101	89	88	104	68	96	90	83	100	67	82	78	94	87	86	86	72	90	78	88	91	71	99	94	88	95	94	86	91	110	68	73	86	101	81	89	95	101	89	75	85	75	85	85	87	74	90	79	84	86	72	80	100	103	89	108	80	68	85	90	111	74	92	94	83	86	82	83	100	84	79	84	82	81	78	77	92	69	85	100	80	99	103	87	92	83	78	91	89	65	87	90	88	80	98	74	93	82	98	96	80	97	80	97	99	93	68	84	74	102	85	84	86	84	87	77	88	84	88	89	100	83	88	77	93	98	84	67	93	85	77	70	82	84	84	73	95	98	73	72	92	78	84	84	96	100	95	91	85	79	97	100	83	83	87	79	107	96	96	84	92	94	77	89	80	107	60	93	83	88	72	78	84	74	88	90	84	90	82	95	70	91	88	78	76	88	86	83	83	75	79	82	72	98	78	76	65	66	75	89	86	88	69	95	87	98	96	89	81	81	83	78	79	75	91	93	82	94	86	76	86	81	95	77	85	89	82	82	96	76	73	93	89	101	83	87	76	85	75	82	90	97	78	104	67	82	90	79	76	80	85	87	75	93	103	86	96	111	94	72	76	73	80	92	83	99	80	88	90	96	80	82	84	78	100	83	82	95	118	80	82	91	97	89	90	92	71	102	83	75	70	98	86	87	81	87	83	75	94	67	86	83	81	78	74	70	95	82	90	98	67	79	73	57	91	80	82	103	102	83	87	109	75	83	80	88	98	96
cell38	190	176	185	195	185	208	198	193	178	210	205	190	179	224	185	177	197	189	195	197	223	191	202	197	172	186	201	193	205	194	179	175	213	213	198	205	173	201	206	209	179	196	182	196	186	183	179	206	189	183	218	210	213	190	190	172	209	169	182	210	170	198	180	227	197	178	182	215	196	190	192	198	211	192	198	165	191	179	173	187	169	203	220	188	174	173	176	186	204	223	183	201	211	202	209	203	204	194	180	210	199	188	153	207	204	203	204	213	192	172	188	186	193	175	204	181	197	218	195	227	212	198	211	206	215	219	211	184	193	175	201	179	212	196	171	192	204	200	211	180	197	171	198	174	185	201	165	195	214	227	183	176	201	192	219	199	181	169	156	181	194	196	208	181	178	166	209	207	207	197	179	186	181	189	162	187	237	191	200	171	176	192	193	174	181	228	189	193	198	210	195	186	200	221	174	203	217	180	216	220	183	203	227	198	183	171	206	189	185	226	195	230	206	178	181	201	180	180	192	184	179	185	195	189	212	194	191	187	211	183	186	215	197	216	192	197	177	187	179	185	191	195	173	207	149	142	132	110	131	136	117	143	148	130	129	125	128	131	137	111	119	155	129	146	137	113	129	148	151	129	135	118	121	123	135	127	143	113	143	147	134	118	117	139	128	110	128	117	116	163	124	137	120	135	134	144	110	122	128	134	131	116	139	137	122	143	127	152	117	150	116	123	124	145	123	132	118	128	140	118	133	130	144	134	135	116	109	111	152	120	129	138	140	147	122	127	143	128	106	128	105	163	135	120	126	138	127	134	116	121	109	123	114	138	127	130	119	116	121	130	111	131	146	131	136	132	152	117	136	128	133	114	118	139	126	121	157	102	118	110	137	126	118	117	126	150	139	139	121	149	126	145	139	130	140	118	133	118	126	145	143	146	101	151	145	113	120	137	142	140	135	137	122	125	131	148	122	112	114	100	133	140	140	127	124	104	149	148	121	124	108	104	114	117	114	128	123	121	130	133	116	145	130	118	136	133	127	161	124	114	139	126	115	137	146	120	137	116	127	114	114	132	112	117	134	134	126	129	106	127	130	125	116	131	119	134	147	105	117	120	123	93	131	117	141	138	134	122	112	139	124	164	132	117	125	114	150	136
cell39	164	144	180	151	206	175	167	166	158	184	150	158	144	194	179	152	182	172	188	176	193	150	152	166	145	170	147	165	156	183	174	147	187	181	190	137	188	177	191	166	170	174	179	184	189	175	168	182	174	188	169	166	181	161	157	165	146	160	170	180	157	174	173	152	142	146	173	148	165	153	156	168	199	141	137	157	167	159	172	166	174	181	195	143	159	161	161	181	163	166	173	164	167	167	167	176	151	177	171	195	172	163	169	184	177	161	153	189	185	163	174	167	146	151	186	158	193	174	148	184	160	190	176	194	172	169	181	153	192	162	166	148	157	160	158	175	171	176	177	190	150	194	193	155	146	167	157	176	174	169	128	157	156	172	155	178	163	159	140	174	188	173	195	156	185	154	139	201	174	172	173	171	148	188	165	163	203	178	162	149	160	146	170	185	187	150	170	160	153	210	149	160	186	218	141	188	169	161	162	171	184	172	195	179	154	153	162	172	166	172	182	195	189	173	156	156	183	182	180	154	170	186	164	165	185	162	166	171	163	175	158	159	177	178	169	181	161	178	188	170	159	166	155	163	115	108	105	100	108	118	106	113	112	115	94	106	103	128	118	103	96	109	126	126	133	137	132	127	124	117	129	105	117	100	94	111	126	88	107	121	109	110	106	113	119	114	102	107	105	140	110	127	104	120	133	98	125	106	117	84	106	116	129	101	121	133	114	139	107	118	110	98	127	120	113	101	109	125	114	95	96	101	107	115	116	94	130	109	125	100	110	127	93	139	119	124	121	134	105	128	101	127	115	95	116	119	100	125	106	152	97	110	99	119	99	113	101	106	108	88	107	99	107	109	99	116	123	102	115	117	112	87	82	117	111	111	140	106	117	85	90	117	92	103	106	123	103	129	103	116	125	147	120	99	87	126	120	103	89	113	105	117	132	113	111	82	102	113	91	121	107	115	87	129	120	111	105	105	88	91	122	129	107	120	130	72	122	111	118	110	129	99	106	126	95	113	104	108	112	120	107	102	103	100	98	100	112	88	111	86	88	122	92	114	112	104	125	94	119	109	101	126	105	112	97	115	110	104	110	89	125	101	116	108	120	116	112	101	113	112	111	97	83	108	112	118	111	130	111	103	95	104	102	114	119	107	115	118
cell40	218	199	208	227	216	227	233	205	219	192	229	230	207	228	218	219	215	194	201	196	249	229	207	236	229	201	195	213	202	201	200	224	200	229	234	217	208	196	224	217	209	189	249	225	223	230	202	210	205	214	248	212	210	218	183	194	220	213	207	238	201	221	200	224	243	198	194	193	193	201	185	225	240	213	209	205	211	192	210	211	186	214	262	189	212	225	200	242	195	235	191	197	226	212	219	219	194	172	204	215	212	186	194	211	206	208	210	199	184	193	214	214	227	209	227	206	243	240	202	246	202	230	224	241	202	226	215	204	209	217	246	210	191	222	197	192	221	212	224	224	244	200	217	232	193	232	213	211	231	208	218	218	215	230	214	232	209	186	179	198	241	203	212	231	231	210	215	240	228	194	247	225	212	210	201	257	219	193	229	193	206	193	229	218	227	224	232	224	195	240	182	173	239	251	178	217	205	185	231	220	202	206	218	216	206	177	246	205	211	200	210	190	234	202	187	193	227	191	210	206	208	218	195	211	220	197	228	211	203	251	221	194	234	213	205	201	216	238	226	197	219	219	211	190	151	149	156	157	134	130	130	164	153	135	139	138	138	161	131	120	129	140	140	130	157	153	158	151	165	144	152	147	155	145	134	130	144	124	126	150	138	142	159	130	133	142	118	133	133	140	151	153	157	124	160	155	149	135	147	117	133	150	135	146	139	136	135	159	145	173	136	127	138	160	123	139	136	144	150	107	142	143	137	138	137	118	138	140	130	163	144	153	153	145	137	145	176	155	140	149	148	136	136	126	133	154	128	139	115	151	147	137	163	141	142	158	131	133	113	134	140	141	159	149	149	145	136	146	133	154	169	133	146	133	122	143	164	141	126	137	144	143	137	141	126	139	130	171	143	141	127	149	143	117	120	115	140	130	136	156	146	148	159	156	123	131	149	125	148	127	147	152	142	160	117	156	116	143	131	129	140	146	152	144	146	143	145	160	135	158	164	130	134	142	120	151	158	128	142	141	141	135	150	136	142	157	133	158	140	125	124	151	160	151	124	122	152	139	148	134	149	163	115	148	135	154	161	137	127	122	133	139	142	147	124	117	125	138	156	141	149	109	128	130	151	137	155	162	119	165	144	168	144	141	142	154	159	149
cell41	116	107	141	165	134	129	172	133	137	150	143	151	115	138	137	134	117	134	136	125	134	145	124	121	125	147	135	145	149	131	137	132	158	165	146	129	154	146	136	145	137	135	144	142	145	119	137	127	135	146	143	153	131	140	126	132	139	128	121	134	110	112	147	127	151	130	144	152	142	132	148	158	143	142	137	135	147	120	127	152	132	130	138	114	132	92	134	120	137	146	136	131	149	145	121	119	133	148	163	169	134	122	104	148	128	109	121	145	136	116	132	154	148	137	144	124	159	140	161	157	121	162	142	148	142	140	159	124	169	141	145	127	151	134	135	119	133	140	151	145	149	127	166	133	131	122	123	139	133	143	140	153	131	124	128	127	104	121	118	121	161	123	157	130	135	145	147	162	144	141	128	136	113	142	114	131	167	116	146	135	146	122	114	156	131	138	160	165	128	161	106	132	163	163	128	153	157	155	134	150	118	124	149	149	147	129	153	150	132	130	116	142	146	119	121	146	130	159	138	155	125	150	135	141	133	124	132	141	143	159	132	126	149	149	146	144	144	129	146	131	127	96	149	147	104	100	103	88	97	106	94	107	93	92	106	83	90	91	97	71	92	111	98	105	104	91	78	92	106	83	92	89	92	85	98	92	88	85	84	88	88	94	95	101	88	85	78	88	92	81	86	107	83	102	85	80	93	88	86	92	101	86	94	106	88	98	93	105	100	93	88	79	104	92	81	89	108	94	100	74	96	92	90	95	94	82	96	89	103	91	95	101	103	124	101	99	80	101	95	110	96	93	74	77	94	76	76	83	77	99	102	101	114	100	85	81	90	80	82	71	76	97	98	86	95	103	112	99	81	102	93	79	88	91	86	95	87	78	92	94	100	100	79	97	77	90	80	88	95	94	96	104	86	70	87	78	79	85	68	105	88	103	91	109	68	99	77	98	109	86	100	104	84	104	69	98	107	103	80	79	96	83	74	81	110	69	107	107	85	103	93	83	83	82	96	73	90	73	93	113	96	103	76	85	100	99	104	92	108	97	77	97	92	87	94	96	116	92	118	102	93	85	76	107	101	121	105	81	78	81	80	89	93	83	95	84	77	77	68	94	94	88	115	89	93	105	95	99	90	105	81	93	96	99	94	85	87	94
cell42	116	104	108	117	127	109	112	112	107	134	107	112	103	108	110	121	94	126	133	111	113	115	102	127	116	123	120	128	140	125	103	108	147	106	123	101	116	112	98	125	115	109	110	142	112	107	110	130	110	114	118	115	133	117	121	108	111	106	109	130	98	118	119	122	101	97	136	127	125	106	104	98	137	114	109	124	125	112	101	125	125	113	112	126	95	122	130	134	121	135	98	103	120	104	130	134	115	129	100	134	99	120	141	112	102	138	106	106	115	114	126	135	124	103	112	114	122	123	119	136	111	120	136	149	117	96	137	117	96	97	113	124	95	119	82	133	122	112	122	100	132	118	126	120	110	118	100	102	124	106	121	113	134	108	105	113	114	107	110	104	161	105	127	115	149	96	113	131	125	102	118	92	114	122	106	134	117	94	147	91	98	117	128	138	117	123	94	107	115	131	110	104	113	150	102	100	106	113	105	118	126	111	122	120	126	104	105	133	117	100	101	119	94	146	126	122	139	117	125	111	99	127	134	101	125	102	119	105	123	126	103	117	134	126	110	115	107	128	128	107	125	114	108	149	79	83	70	85	71	77	84	87	67	64	69	83	74	90	69	59	75	89	87	94	80	86	90	84	86	73	81	69	77	66	77	87	75	77	78	71	88	76	82	79	86	88	65	75	80	80	75	67	75	80	81	90	85	68	73	79	84	103	83	69	69	70	101	91	86	72	75	66	71	86	66	70	96	92	75	63	78	82	96	80	78	72	74	53	77	82	64	80	85	93	70	84	79	77	71	72	65	77	72	70	79	81	72	83	69	66	83	86	79	92	72	65	58	65	74	70	60	82	56	87	93	83	71	77	81	80	73	58	94	82	73	78	96	75	90	80	94	70	73	80	86	80	92	80	82	73	76	76	92	81	69	71	75	81	75	71	72	68	73	84	70	78	70	75	70	83	72	85	93	82	79	74	76	76	69	82	81	77	88	87	87	80	89	79	68	81	77	59	72	82	71	80	69	76	89	76	83	110	70	86	70	81	74	76	77	80	80	85	71	102	69	78	91	82	82	76	62	79	72	80	78	79	71	76	82	81	80	96	72	91	82	86	73	75	76	71	75	75	84	83	90	82	63	73	60	87	77	74	88	75	84	64	73	69
cell43	134	109	135	129	162	149	141	141	134	144	155	120	116	153	134	106	140	153	139	148	135	126	131	131	150	163	113	120	144	149	129	124	151	148	154	132	140	134	122	134	130	133	140	149	141	136	133	149	130	141	116	127	132	130	142	91	141	135	134	139	128	135	159	137	156	121	157	128	131	147	128	152	149	120	132	136	98	111	149	157	117	127	147	110	125	117	126	157	141	137	146	133	145	130	131	126	135	127	142	130	135	133	154	133	148	144	138	133	124	122	126	140	154	115	139	129	156	149	116	165	143	145	123	131	138	131	134	143	140	122	137	129	128	159	125	127	125	130	143	138	149	139	171	131	136	117	102	124	144	132	159	120	143	145	145	152	111	143	125	146	161	144	154	124	142	123	139	151	129	121	146	144	127	144	124	132	162	135	158	128	125	127	144	130	134	138	136	124	115	144	114	132	126	158	131	137	145	128	136	139	142	150	138	124	136	116	120	134	122	111	130	135	118	125	124	127	119	132	151	114	144	118	122	158	153	112	159	126	138	145	155	129	146	131	139	142	123	160	141	129	129	142	152	145	99	79	84	91	98	94	66	101	101	79	82	84	87	88	93	92	81	93	101	86	97	100	93	100	80	85	98	94	101	107	82	102	97	88	102	91	89	84	91	95	81	102	93	87	84	95	89	100	96	81	99	85	91	100	105	89	93	81	90	110	87	105	88	105	89	113	80	76	81	94	88	95	107	99	95	82	79	80	83	88	83	74	113	71	99	95	73	89	91	97	84	80	100	101	84	87	88	100	105	85	81	87	81	93	83	85	82	96	108	88	93	85	89	101	81	80	84	102	83	96	80	97	94	80	92	106	101	65	90	93	97	86	115	93	85	96	97	66	94	89	105	100	87	96	107	98	90	103	104	79	84	86	71	92	92	111	76	105	106	77	84	86	86	81	84	96	94	87	65	92	91	90	89	100	67	68	91	89	99	97	103	72	93	72	93	104	81	76	76	90	94	98	110	97	83	99	91	93	101	75	92	116	96	86	76	68	77	97	73	108	99	88	92	83	103	73	91	76	72	88	92	91	111	67	92	90	96	97	92	93	86	79	101	85	82	91	74	81	90	93	79	109	83	93	89	87	82	95	104	84	90	102	84	80
cell44	160	149	169	151	156	143	167	155	167	165	166	175	139	166	137	149	141	146	161	133	166	166	154	127	139	160	119	148	148	160	137	134	177	161	159	162	153	150	153	170	166	141	141	145	161	147	151	153	139	167	172	148	148	161	155	140	162	156	136	165	136	148	174	156	174	147	158	152	182	157	136	137	156	146	138	134	139	148	153	163	157	162	181	133	171	168	171	167	165	134	161	151	157	153	156	171	190	132	144	175	167	129	124	136	177	138	146	178	141	157	182	156	138	147	168	134	187	153	142	165	167	146	163	173	153	156	157	166	165	130	156	131	151	142	136	154	139	153	166	135	156	153	154	169	145	159	151	148	160	141	139	168	176	167	132	149	115	157	142	127	181	151	182	149	132	165	164	160	175	153	158	152	151	144	148	179	163	148	167	119	127	170	157	151	159	160	155	156	138	160	167	137	155	176	145	136	165	139	152	186	152	144	161	168	164	171	157	157	142	148	191	150	154	154	172	176	125	137	149	132	149	156	162	158	156	151	150	137	162	163	152	146	143	175	166	171	161	150	153	163	132	154	145	165	110	93	117	92	99	118	105	107	108	100	100	107	109	102	96	98	95	112	108	93	103	99	106	89	120	108	124	103	103	95	98	95	103	110	103	122	92	99	103	94	95	110	107	107	106	109	101	111	131	98	83	108	103	117	113	116	104	115	86	111	123	116	111	126	105	122	131	113	99	111	105	90	99	95	96	82	95	108	96	86	109	72	86	114	108	102	92	98	118	117	98	105	99	111	92	97	92	108	112	92	116	91	89	97	104	98	89	85	119	110	106	114	116	100	98	87	87	101	97	96	112	112	110	95	95	128	100	87	93	86	115	87	98	98	93	110	109	71	92	105	98	116	90	101	114	107	104	113	79	93	105	97	113	95	88	82	102	101	113	103	86	103	103	117	124	118	98	109	110	104	81	99	100	110	94	92	111	100	88	92	117	91	98	102	97	118	105	97	96	91	87	115	105	100	96	111	95	120	100	98	108	98	108	99	104	91	103	103	105	117	90	96	133	97	120	105	84	95	86	111	98	104	120	99	91	115	99	103	116	87	104	105	111	99	96	105	84	98	106	84	108	143	107	106	77	85	87	115	112	83	107	81	114	106
cell45	155	131	161	156	158	152	161	140	119	144	132	136	137	163	142	132	155	147	156	154	135	148	160	133	148	159	151	181	150	141	153	142	153	167	173	135	155	138	165	147	155	139	142	156	154	117	136	175	156	166	152	149	146	163	155	154	162	140	143	153	150	147	147	152	155	133	154	159	146	171	141	139	160	173	154	150	142	178	144	152	134	185	169	135	138	150	144	175	150	156	137	136	133	157	160	172	143	155	153	162	170	176	138	151	173	132	154	153	114	147	151	126	144	146	161	164	165	157	132	191	160	151	158	146	150	139	159	154	158	152	135	133	146	161	155	160	154	147	137	164	196	159	158	168	140	136	169	164	165	156	151	143	142	129	146	152	133	146	120	161	174	147	149	164	150	137	136	170	155	152	160	143	146	126	123	154	158	162	179	130	134	137	154	151	124	157	138	155	139	157	142	137	151	192	155	153	146	164	129	136	126	125	146	146	164	155	149	178	134	141	163	165	167	145	141	161	143	143	146	165	144	120	160	152	169	133	164	180	127	159	161	130	164	165	151	134	146	154	160	158	164	164	151	150	99	98	83	90	98	111	106	110	95	99	110	98	111	102	111	94	114	117	106	101	120	102	114	121	100	91	97	106	99	106	104	105	102	94	110	112	106	72	114	120	107	87	95	86	100	114	100	89	99	97	105	128	87	100	95	100	88	91	98	89	106	108	101	109	100	107	88	100	110	93	106	88	107	108	102	97	109	98	98	103	106	78	98	95	96	111	90	109	93	122	101	118	106	90	89	110	114	93	107	101	92	80	98	105	93	99	93	92	110	129	96	87	118	93	84	93	100	101	107	115	96	83	89	103	108	89	102	99	108	100	96	117	109	104	83	98	99	88	85	103	92	113	113	101	102	105	94	97	83	93	105	108	113	110	88	99	80	93	94	84	89	99	96	75	114	94	97	88	81	110	105	89	99	94	100	101	83	110	89	105	102	78	100	94	85	101	89	90	97	97	95	88	98	93	109	93	90	86	120	93	117	127	111	98	125	90	107	98	99	102	103	81	100	86	115	90	97	111	95	96	112	92	98	92	96	110	104	102	90	88	114	78	90	84	119	100	103	80	112	98	104	110	114	114	103	119	108	106	98	86	89	128	97	104
cell46	63	66	64	80	70	76	79	73	77	80	70	73	51	60	61	62	55	58	61	66	70	67	75	76	74	86	66	61	68	64	77	46	86	68	63	76	77	52	68	73	59	74	57	64	67	69	67	117	99	95	96	105	115	128	104	81	115	109	95	93	102	115	103	104	97	75	99	110	96	90	93	82	120	103	84	78	73	62	64	68	61	41	37	33	25	29	31	39	35	26	69	66	74	76	64	75	69	69	81	75	70	59	63	69	68	64	73	75	74	69	61	85	88	68	82	65	79	84	66	78	86	88	66	99	65	58	69	65	98	67	69	62	57	77	61	59	62	66	64	66	54	72	70	77	71	59	59	77	76	76	64	58	65	73	67	69	70	78	64	71	73	87	74	71	45	68	61	84	69	69	70	80	77	68	63	73	75	92	81	65	61	87	65	68	63	73	69	83	67	56	66	74	60	72	67	64	73	59	68	78	63	70	65	58	63	64	87	68	56	69	77	84	65	61	68	78	59	63	75	62	64	87	79	67	77	63	85	58	71	73	69	61	60	71	80	77	68	81	71	66	64	75	74	76	72	69	73	82	90	71	55	65	79	75	68	67	82	65	68	72	72	80	76	76	75	73	68	67	71	70	73	69	69	60	66	65	80	78	64	81	66	64	71	71	71	93	74	83	71	60	55	67	74	66	76	69	62	64	72	74	59	68	79	74	79	76	77	87	64	73	70	59	73	76	61	75	77	77	70	56	67	65	58	77	60	51	82	73	77	66	68	73	51	79	68	68	66	64	61	65	68	75	81	77	64	71	50	68	62	65	60	65	89	72	64	76	73	59	63	66	66	64	65	79	68	72	65	74	69	57	69	61	68	80	66	62	80	67	72	67	81	75	62	74	68	78	78	64	74	64	54	66	74	63	66	75	73	69	90	67	66	85	68	90	56	66	75	73	66	63	57	81	55	65	51	64	61	62	66	49	76	66	69	69	61	68	59	78	50	72	72	77	71	60	74	68	69	85	75	57	65	77	77	71	71	66	63	46	48	62	72	80	70	77	69	73	72	66	73	81	60	76	71	57	56	82	61	64	55	64	71	67	65	83	77	64	58	68	65	69	59	66	74	83	76	63	65	81	57	64	55	84	99	75	82	71	70	89
cell47	138	149	145	145	146	143	147	150	154	141	143	144	161	156	125	157	148	115	153	145	162	146	147	150	120	143	148	148	150	140	151	131	174	186	162	132	164	142	154	171	150	139	171	122	138	121	149	159	139	132	130	156	170	157	173	145	146	148	139	160	142	162	147	141	161	131	139	139	158	140	128	161	161	140	125	135	158	145	128	165	141	165	157	126	165	137	144	168	157	159	128	143	137	150	165	123	134	157	146	141	167	148	174	155	133	133	137	150	136	155	132	155	143	130	145	140	148	159	109	165	147	160	128	167	152	150	152	156	137	134	164	147	136	157	139	151	149	179	132	138	156	147	139	147	154	140	121	164	162	132	127	137	164	150	159	167	143	155	138	119	142	150	150	142	143	135	156	151	167	133	152	153	143	144	133	146	148	138	151	144	138	135	159	141	130	154	142	143	140	159	144	142	154	175	118	151	125	126	146	168	152	144	187	150	138	132	153	153	143	144	156	157	170	140	136	154	139	144	164	145	153	141	155	161	155	134	157	159	146	178	148	148	157	155	159	146	144	163	154	146	155	161	159	130	112	113	82	85	101	107	113	99	95	86	98	78	103	112	97	93	90	122	96	96	101	106	106	117	99	83	111	95	90	94	92	93	105	86	99	97	91	103	83	106	93	108	93	95	84	110	111	87	96	101	106	112	93	88	123	91	105	109	100	88	100	99	97	101	102	102	121	86	92	107	82	97	86	87	93	84	98	97	94	93	94	84	108	110	90	107	76	105	88	102	113	122	83	102	80	110	102	128	89	72	119	91	77	88	101	119	100	82	114	98	108	94	99	96	85	88	90	115	106	103	105	89	109	102	95	101	106	90	93	93	92	91	120	69	79	104	111	82	80	94	101	103	102	103	115	110	96	126	116	98	83	79	80	87	89	98	85	101	112	100	89	96	90	100	84	107	91	110	85	99	78	97	99	94	82	76	90	100	103	111	99	97	96	104	86	111	91	88	113	108	100	101	89	82	93	100	89	101	102	87	118	119	101	95	77	99	74	102	112	94	102	104	94	88	93	91	84	101	103	105	102	106	105	88	119	105	110	96	98	91	86	94	99	100	104	121	108	97	108	103	114	99	109	109	80	92	94	113	97	85	110	103	118	98
cell48	166	143	163	162	153	148	148	148	148	168	175	175	120	170	150	134	164	138	167	142	167	139	156	156	147	177	138	164	149	141	167	150	172	149	166	146	142	140	121	159	168	145	138	143	146	149	137	148	148	148	156	148	168	170	166	127	154	142	178	159	135	134	161	139	135	153	146	192	136	148	134	152	154	162	132	120	152	131	134	139	134	144	176	136	159	161	151	159	160	144	146	132	174	150	147	144	151	155	147	159	150	140	150	159	155	155	127	155	138	152	160	146	166	148	165	142	152	150	131	150	139	170	149	161	150	155	146	149	153	135	151	140	164	143	136	164	157	143	163	172	165	152	154	150	156	143	158	172	156	154	173	165	154	160	161	153	157	147	124	172	159	135	152	142	160	135	147	144	181	149	160	171	177	145	146	188	160	150	159	164	145	150	162	154	168	165	158	156	156	169	147	151	164	173	167	185	156	146	157	163	144	134	168	162	140	149	145	145	144	153	147	154	146	160	146	170	144	146	134	183	171	161	136	149	175	125	146	137	135	137	154	133	157	163	147	143	135	154	143	150	148	135	180	171	118	127	108	87	122	99	99	98	107	102	96	103	80	104	88	90	100	114	108	85	101	97	107	106	87	97	102	121	108	93	104	96	120	94	98	119	108	96	109	82	101	106	84	112	90	117	104	113	101	85	93	95	100	95	93	109	118	89	107	119	117	120	94	107	95	111	113	88	98	104	113	103	92	96	97	85	89	109	107	89	114	85	112	101	118	100	91	124	120	110	103	100	127	101	95	99	96	111	100	93	98	97	88	102	90	87	86	104	120	102	103	90	98	80	86	91	86	95	95	101	98	95	103	101	102	113	106	92	122	106	89	106	121	90	105	92	123	111	97	114	102	124	114	116	104	113	95	117	111	106	101	83	95	108	108	117	93	110	111	87	75	90	100	104	117	123	90	123	102	113	88	112	122	99	100	106	100	105	111	100	96	89	120	123	102	125	101	92	101	106	109	104	97	81	83	108	87	80	94	97	101	92	96	87	102	94	120	93	93	126	107	120	128	102	104	110	97	107	90	98	113	118	100	95	112	114	103	115	111	94	96	111	92	104	110	91	102	85	103	102	112	116	126	94	119	89	109	93	136	114	91	98	113	97
cell49	275	287	317	317	279	333	314	282	325	308	284	319	257	304	282	250	298	304	303	281	300	314	317	279	305	317	275	316	303	312	269	259	317	286	346	295	310	291	329	314	284	319	298	283	285	250	273	334	265	306	279	302	301	341	275	256	304	278	292	331	259	294	308	288	293	247	302	301	307	294	295	333	325	296	274	284	269	275	274	307	291	322	367	246	270	285	294	281	324	301	317	298	284	291	271	314	308	273	307	306	342	279	307	299	315	287	302	299	281	296	309	312	327	268	295	291	315	334	301	344	301	292	305	321	318	309	337	253	288	273	284	310	297	307	308	322	348	304	304	312	315	288	309	301	298	329	294	315	322	258	305	280	277	284	314	299	278	322	258	319	325	316	358	289	307	309	338	322	302	298	300	326	303	303	263	310	341	304	319	280	257	314	316	286	301	293	292	291	306	319	266	268	304	382	306	329	283	269	290	337	250	305	312	336	276	297	269	379	294	294	261	304	291	288	262	302	291	298	312	273	295	286	267	333	309	274	320	309	289	341	342	300	311	290	309	304	283	292	273	323	280	315	304	296	242	181	202	188	201	196	194	212	191	166	201	194	192	211	198	202	183	227	210	221	211	199	198	195	194	205	202	180	214	210	206	180	220	193	195	215	197	193	242	192	181	207	182	213	218	214	196	223	230	174	228	194	194	179	188	218	202	172	186	213	198	212	213	209	219	218	192	205	182	200	201	199	204	182	181	171	188	178	198	193	206	155	205	200	205	210	193	198	222	241	210	233	198	191	170	196	196	209	205	179	208	191	181	211	186	201	197	200	212	218	206	216	186	184	185	167	213	231	193	207	194	208	181	188	185	200	183	185	191	195	191	195	204	213	188	189	194	226	171	205	200	189	197	201	227	188	226	227	215	184	187	165	212	212	192	212	191	182	237	207	163	223	191	194	210	184	175	224	184	219	177	218	181	167	189	167	195	197	199	193	193	201	203	203	160	193	179	180	192	185	190	190	218	204	182	205	185	216	206	196	209	214	207	178	215	191	192	205	198	217	196	190	230	196	179	199	182	215	182	190	200	201	182	182	196	199	211	199	162	191	180	224	171	168	201	214	193	181	202	204	192	191	201	218	206	203	195	213	224	193	218	213	191	188
cell50	254	229	279	263	279	269	273	251	226	257	247	261	204	284	215	233	221	274	248	270	234	253	262	241	244	256	239	266	258	238	235	221	246	250	273	244	268	235	230	262	239	241	255	243	277	224	271	242	264	255	218	246	259	257	237	250	244	215	237	270	251	224	255	234	265	232	255	250	235	222	245	236	234	254	224	255	260	223	245	245	237	249	294	206	248	241	232	235	256	242	233	259	280	227	254	238	261	249	251	282	273	246	228	281	228	237	250	240	206	219	254	300	271	253	231	240	243	278	214	301	232	245	260	276	274	265	258	241	281	216	233	234	228	284	211	256	252	250	247	237	245	251	250	250	223	238	221	262	245	243	283	239	236	241	231	283	232	262	208	242	300	278	250	258	253	218	224	244	257	254	274	232	253	244	239	264	296	259	286	225	216	265	222	254	250	242	247	260	248	269	238	240	215	301	228	254	233	231	242	249	241	233	277	249	228	240	268	255	227	257	251	271	258	229	235	232	223	247	244	250	225	241	249	262	242	221	246	231	234	274	297	220	229	252	269	249	247	272	227	266	248	235	271	273	182	150	143	173	170	176	167	154	157	174	168	155	181	162	153	180	182	187	182	198	182	183	166	156	153	189	166	168	164	150	174	151	196	162	153	196	168	165	184	193	142	175	156	174	151	172	154	194	179	158	152	177	138	179	149	174	173	156	165	188	170	189	191	205	167	189	205	166	175	184	162	164	146	165	179	147	143	187	179	149	151	138	174	167	196	164	183	194	146	176	170	193	174	159	159	163	150	152	194	179	144	167	136	171	145	166	169	187	183	170	144	160	159	174	141	157	174	165	153	180	179	168	171	153	157	166	157	154	149	179	151	177	226	150	137	180	174	162	166	155	161	187	189	188	163	175	181	186	147	152	166	156	143	172	161	169	141	152	178	171	154	166	164	178	167	178	170	159	146	184	155	169	166	170	157	156	159	143	173	201	180	162	167	181	150	160	167	183	166	173	147	158	153	172	173	168	162	161	173	157	181	180	171	161	181	162	165	155	154	173	179	178	179	181	173	161	137	174	147	158	163	184	168	153	167	170	146	174	182	151	177	195	167	166	167	169	175	160	169	162	168	171	177	168	141	165	151	159	163	165	148	147	183	175
cell51	120	110	112	110	106	121	152	112	106	105	133	118	86	113	127	104	96	108	108	103	124	116	96	100	106	115	100	113	113	124	100	126	103	116	99	121	101	123	97	125	104	105	117	111	120	104	113	111	118	131	125	107	111	125	101	96	108	105	105	115	102	97	117	104	134	85	96	142	99	108	120	97	124	107	100	125	113	98	96	116	94	136	141	100	117	117	108	101	125	114	133	110	124	110	112	111	133	104	119	116	129	97	108	112	89	127	110	112	105	119	99	103	105	91	138	113	113	101	108	130	118	124	113	120	122	122	111	96	123	106	111	121	125	120	98	113	136	114	109	133	122	108	108	116	117	122	112	122	130	88	103	117	108	112	112	125	98	113	116	133	109	130	142	100	126	107	98	113	115	108	137	118	119	116	113	132	125	106	120	78	91	110	94	146	118	121	110	132	89	115	111	101	103	138	103	123	102	97	110	123	109	101	127	121	112	110	128	123	118	114	116	144	139	92	112	120	119	108	108	104	94	98	93	115	120	83	126	95	93	134	111	110	119	101	123	115	91	109	102	104	102	110	118	93	77	82	67	62	72	71	80	74	87	71	69	49	63	86	65	77	69	72	71	70	80	75	76	93	74	82	86	79	80	73	70	59	88	61	82	89	78	62	86	83	63	71	67	83	67	72	76	85	76	72	80	72	85	73	82	80	71	69	62	66	79	82	87	85	76	92	69	69	73	68	75	78	53	77	75	63	75	59	59	80	68	71	83	62	64	83	70	80	80	88	71	89	77	69	80	67	77	85	81	59	76	75	78	85	72	82	66	78	94	78	73	61	80	75	74	55	79	69	68	86	74	69	72	95	63	75	79	67	80	67	72	70	81	64	66	68	63	56	74	71	75	79	66	69	88	77	63	70	67	64	80	71	58	83	66	65	78	70	84	66	73	85	62	71	70	70	79	71	60	80	70	59	70	62	73	71	69	63	62	76	83	68	72	76	65	79	72	78	62	88	78	82	80	61	85	76	73	83	78	61	61	88	62	68	73	73	76	80	69	72	76	63	78	68	87	73	69	58	72	70	64	72	78	66	65	73	75	75	63	71	75	69	65	59	89	77	81	55	67	78	75	73	76	61	61	91	69	82	74	76	59	89	93	57
cell52	98	77	85	113	86	93	74	94	82	77	76	90	64	79	89	87	62	73	91	90	99	91	91	77	83	89	83	84	100	96	89	94	89	84	93	87	88	89	94	82	86	91	77	76	89	83	85	149	132	136	143	137	133	143	121	126	111	143	134	146	127	131	137	113	154	109	133	113	136	137	123	126	152	113	136	97	81	77	72	107	83	46	39	33	0	0	0	46	46	34	96	91	73	73	86	99	76	80	76	108	86	76	87	82	96	78	78	90	77	102	98	93	84	92	107	85	100	84	76	95	81	86	74	94	84	100	85	73	87	79	95	88	95	80	65	92	92	106	96	88	99	72	80	81	100	87	95	78	99	84	84	81	76	99	89	79	85	73	84	74	107	80	83	82	104	84	74	97	80	80	94	80	86	71	85	96	103	79	93	83	73	78	69	76	81	77	80	91	101	116	67	88	99	105	81	104	91	105	101	86	79	79	92	91	93	83	94	113	90	77	85	99	82	87	82	78	81	89	91	98	82	96	109	78	79	80	96	95	90	97	96	89	93	89	88	88	94	95	83	87	90	103	77	90	87	92	87	90	90	103	80	77	78	107	102	75	93	100	82	83	75	97	90	84	87	79	97	74	102	114	81	83	106	96	74	78	99	78	90	87	79	94	86	90	76	74	71	105	84	103	80	113	94	91	69	90	80	81	90	95	76	81	67	97	84	91	86	82	66	84	71	101	99	104	96	76	78	110	103	73	98	96	97	94	92	78	98	79	85	100	86	99	108	104	96	97	91	99	84	95	71	79	76	87	63	80	81	74	74	80	77	91	84	99	71	79	79	74	83	81	71	87	78	102	102	86	73	69	83	101	85	78	81	79	64	93	105	90	92	97	90	96	75	96	80	93	74	77	86	94	81	89	78	81	82	81	84	84	79	97	84	97	109	102	87	92	90	77	92	86	97	106	93	77	84	103	101	90	77	76	88	82	95	85	105	97	102	104	72	81	85	76	84	89	79	84	71	81	80	90	89	86	74	82	71	90	83	85	83	73	88	86	71	77	81	76	96	94	83	91	75	82	90	101	84	97	105	92	84	97	82	85	86	73	88	69	73	84	91	76	84	77	88	101	94	88	96	92	70	82	72	107	99	83	92	81	95	64
cell53	80	91	93	103	96	96	90	78	90	89	89	111	90	99	112	70	82	75	85	100	102	99	94	98	118	93	95	92	104	87	96	84	91	119	80	93	99	92	86	110	99	91	99	87	97	111	71	100	97	78	100	96	98	104	93	95	84	74	85	96	89	84	96	86	104	83	87	98	100	95	82	87	100	97	91	83	100	84	89	87	92	98	107	74	76	91	82	79	90	94	115	76	88	87	100	98	88	97	104	105	100	94	105	77	99	99	83	107	83	98	109	98	109	89	94	101	110	86	77	102	96	92	97	95	86	110	102	86	106	78	107	100	91	92	102	102	102	85	111	95	98	95	79	88	95	84	74	109	73	84	69	93	91	77	92	85	97	93	93	90	122	95	103	107	96	94	93	105	96	94	104	103	107	81	83	88	90	104	100	77	83	84	111	107	86	91	117	108	102	91	79	78	97	120	77	89	90	94	102	98	109	94	91	103	88	72	106	85	90	93	86	84	119	94	106	95	86	92	105	86	73	96	124	93	103	94	100	94	82	102	77	85	98	101	103	89	97	77	86	79	82	86	97	94	62	59	61	52	59	70	48	56	66	59	54	59	61	66	58	67	60	82	72	59	64	59	66	60	50	65	61	48	59	50	52	49	72	62	61	58	70	70	58	66	66	56	50	63	58	59	70	66	75	50	61	80	66	62	66	78	68	63	71	72	77	81	66	71	59	75	63	56	72	58	75	54	58	58	63	48	54	64	58	73	50	54	63	65	75	49	63	63	64	67	61	65	68	66	53	69	56	69	48	57	54	64	68	62	53	57	47	66	60	56	74	67	73	68	53	49	71	69	62	60	73	65	62	67	63	54	51	58	58	65	80	67	62	59	63	58	57	54	58	60	65	59	62	70	60	66	66	74	66	63	68	60	77	50	65	60	58	58	68	71	60	63	60	56	64	71	65	71	60	61	73	59	68	50	57	58	50	51	67	67	59	48	70	69	62	66	58	49	60	64	72	72	56	68	61	46	62	66	63	60	62	69	61	46	68	58	55	51	59	65	55	59	83	66	71	67	89	57	55	58	74	78	63	61	52	48	72	50	56	63	64	64	61	51	65	41	66	53	68	51	63	77	66	72	53	58	60	56	61	61	74	66	63	74
cell54	87	56	72	75	73	70	80	67	68	84	68	99	73	90	80	71	83	77	101	73	96	88	82	74	71	104	65	95	70	84	81	94	79	78	63	73	79	79	81	89	78	80	83	84	79	72	55	118	113	102	131	118	132	128	113	116	133	115	99	132	133	93	150	112	126	106	120	108	143	111	117	126	123	123	102	70	79	78	80	77	56	43	49	36	0	0	0	38	43	51	83	84	70	60	81	76	82	79	82	91	84	86	79	80	86	86	78	81	80	80	77	79	89	63	100	74	98	77	73	75	86	99	80	80	81	97	78	94	81	61	77	87	74	109	91	73	87	73	83	84	84	81	78	108	60	94	81	95	76	83	87	77	84	85	91	74	77	78	78	88	94	92	87	86	82	77	81	91	76	80	70	74	73	94	64	92	80	92	87	67	62	79	89	67	75	80	75	77	84	88	69	70	74	89	77	78	78	69	82	86	85	80	97	83	107	68	76	104	81	86	84	78	72	66	87	88	82	76	69	83	76	79	79	97	71	73	90	62	72	96	71	74	77	74	79	83	82	95	72	70	83	71	75	89	84	90	76	78	74	90	71	87	84	75	105	90	76	85	87	64	69	103	91	84	77	56	92	80	82	81	99	78	84	79	87	77	85	93	87	84	84	78	83	82	81	104	56	94	71	104	70	89	92	65	81	76	89	96	79	70	91	92	80	88	69	90	88	85	65	73	92	73	69	92	84	70	77	73	90	83	84	81	84	91	74	67	82	84	92	91	70	90	64	98	79	74	82	92	88	63	64	80	72	84	96	77	70	70	71	73	59	87	94	92	78	75	63	86	75	76	78	79	97	70	76	76	83	56	87	74	91	86	94	74	78	84	88	89	80	81	87	69	87	79	76	89	78	92	79	76	82	92	93	71	76	70	89	72	65	78	80	80	70	75	70	69	80	77	86	70	86	75	74	96	68	86	84	74	77	85	93	65	87	87	89	68	85	87	70	76	77	55	82	72	94	86	70	81	89	84	70	89	88	92	93	91	80	91	91	71	83	88	81	77	88	71	77	97	68	70	78	99	79	73	72	86	82	57	78	76	82	81	73	76	67	89	75	81	86	87	89	74	97	88	88	70	95	91	78	88	63	87	93	74	81	66	102	77
cell55	181	147	154	154	148	160	162	144	147	192	144	158	154	143	158	143	129	153	186	155	151	159	188	146	155	180	157	160	165	160	179	152	178	171	194	156	167	163	153	162	158	158	142	154	163	162	147	182	158	143	151	149	157	149	150	159	162	149	180	179	146	139	166	135	206	150	167	157	141	166	152	161	185	145	163	178	151	168	155	157	183	140	158	139	173	161	163	166	140	176	150	170	159	150	162	174	141	155	172	164	147	155	163	170	165	158	187	170	161	159	151	154	156	162	178	154	167	159	125	190	165	146	162	154	149	188	175	159	161	130	165	152	160	149	126	145	173	171	146	140	160	154	172	160	145	154	170	172	168	167	146	141	155	154	159	162	148	153	155	145	182	171	178	143	150	146	161	177	163	150	167	170	138	161	134	172	170	149	176	150	157	136	141	170	139	160	193	173	151	163	146	146	146	185	142	157	161	148	139	176	144	157	175	173	146	155	169	161	154	171	145	184	146	155	160	176	135	156	136	165	148	153	146	166	154	155	147	160	145	165	174	163	151	170	175	159	165	157	187	148	148	131	177	150	124	95	122	89	99	99	90	95	106	117	104	108	102	116	112	84	107	119	98	110	122	122	120	100	110	103	115	112	101	110	117	93	129	107	108	129	97	110	110	90	122	115	104	92	96	110	104	76	115	110	105	101	117	79	108	104	111	107	97	98	112	110	93	131	128	103	114	98	114	84	98	109	91	127	96	79	110	95	106	114	103	104	103	104	95	86	91	124	96	137	110	124	115	106	105	101	98	99	97	93	99	88	128	104	95	108	106	99	113	98	100	100	117	81	108	75	96	90	102	130	112	105	96	98	97	103	110	81	105	103	89	106	113	96	121	100	99	90	82	126	100	97	101	96	122	93	110	108	93	102	94	84	96	111	108	110	109	102	107	98	97	96	108	114	101	110	129	118	89	105	97	111	92	106	100	102	116	94	90	113	110	98	110	123	98	143	105	90	90	109	87	110	102	95	127	108	99	105	113	101	94	110	105	113	113	90	106	125	98	84	103	88	144	110	124	125	93	104	88	104	110	111	124	85	94	109	108	111	82	98	115	113	91	104	107	122	94	99	104	95	107	103	106	116	89	79	96	117	93	115	111	96	116	101
cell56	206	202	222	234	224	221	209	188	187	207	193	234	194	202	198	191	198	211	203	183	196	192	207	211	184	237	184	222	191	229	210	185	217	239	202	179	220	227	228	200	191	201	196	201	185	199	193	190	191	191	194	183	227	182	217	188	231	199	194	240	166	204	223	176	204	203	203	224	159	186	209	203	192	210	173	221	210	206	211	210	198	210	217	182	192	183	208	223	213	198	222	200	199	207	218	199	231	186	193	218	216	200	193	216	199	204	206	209	218	174	191	210	196	201	204	180	218	213	184	216	203	188	215	212	201	249	204	194	205	199	191	194	184	209	194	191	218	219	214	199	223	195	211	217	197	206	194	182	202	242	208	205	224	216	216	221	170	208	149	195	198	214	203	219	203	195	211	208	200	198	180	198	191	214	166	216	237	196	224	202	173	201	214	229	194	218	217	208	157	220	182	174	225	237	196	216	230	209	217	187	196	178	228	208	211	199	228	225	179	199	204	195	200	189	197	226	193	192	209	182	203	201	213	183	210	195	209	200	201	193	211	191	189	204	214	215	208	221	226	221	187	184	231	232	156	168	143	144	160	155	110	178	143	119	143	140	129	125	135	145	123	143	155	154	139	143	142	142	130	124	152	126	139	114	145	142	161	143	131	159	144	141	160	161	127	142	116	148	132	148	139	153	148	108	155	149	141	155	128	141	142	128	147	135	141	154	160	136	153	118	143	121	144	159	140	156	146	146	148	132	134	127	120	116	139	127	130	133	124	127	149	136	129	156	116	151	139	148	134	123	105	150	146	107	141	120	114	141	143	136	128	131	120	136	141	162	129	135	123	104	150	125	142	138	137	128	143	134	136	154	128	137	148	119	115	144	166	138	125	134	149	117	118	145	141	159	131	139	136	141	143	119	120	128	119	140	127	128	148	129	140	143	142	123	133	127	133	128	133	153	130	146	133	160	137	143	114	130	128	104	125	125	130	151	141	143	164	130	133	153	124	135	143	113	138	126	137	129	127	156	124	151	139	129	134	135	115	145	147	118	152	133	123	119	151	115	154	151	152	136	132	133	127	134	145	134	135	125	160	154	153	131	127	128	121	138	131	124	147	128	144	99	126	123	133	136	126	122	141	127	127	137	132	130	158	113	143	140
cell57	117	116	116	126	122	128	99	113	133	127	115	137	109	130	105	78	122	123	129	109	124	120	105	126	117	150	104	117	107	126	116	104	123	135	127	103	112	112	114	116	101	143	111	108	111	105	106	126	118	116	117	142	128	132	108	102	127	127	128	118	108	115	135	113	102	94	114	136	112	93	93	122	117	110	102	123	145	135	98	91	127	123	144	105	125	101	117	140	110	122	133	134	113	111	120	126	114	110	100	132	136	93	97	102	138	119	107	121	100	128	130	102	102	99	116	124	130	120	120	127	111	133	121	145	103	121	117	104	107	101	103	117	150	107	101	114	120	117	120	118	126	109	115	126	111	100	119	122	121	117	131	124	108	111	126	124	106	125	86	135	111	107	122	116	105	110	106	119	133	102	105	112	110	122	108	113	136	124	131	131	108	116	117	119	109	112	122	96	109	113	106	89	126	130	91	120	98	114	114	121	122	106	124	128	117	101	122	115	115	124	121	116	112	119	106	109	91	107	125	109	92	111	104	110	111	97	135	123	107	126	126	106	129	116	120	103	109	123	116	117	119	119	90	111	90	76	68	74	64	77	72	90	82	77	74	81	62	68	82	71	73	93	87	72	87	99	74	62	79	86	82	63	78	72	70	82	58	66	61	90	62	100	95	77	67	91	88	80	70	86	67	77	77	75	80	72	88	63	82	71	74	58	60	78	89	90	101	78	71	78	86	68	96	69	76	89	66	73	80	68	98	74	86	73	68	62	88	55	93	75	74	87	80	103	95	73	74	61	78	76	66	65	67	60	82	72	76	55	71	73	70	82	64	84	63	62	64	73	75	74	61	73	72	69	78	66	81	62	66	73	66	86	88	96	74	95	86	83	79	72	88	80	85	88	77	73	72	89	86	89	72	66	84	80	80	75	92	81	78	61	75	65	84	80	49	81	64	84	92	78	70	85	73	86	84	80	65	64	83	79	60	80	79	78	74	75	82	73	87	81	61	60	103	88	72	86	97	84	65	72	78	70	83	69	65	93	74	73	68	82	62	89	79	73	91	80	101	85	106	66	72	93	78	71	75	92	67	81	82	76	72	85	62	94	86	88	77	70	71	72	73	82	68	81	87	84	76	72	69	62	73	74	69	77	80	71	75	82
cell58	96	118	132	120	119	124	109	148	107	111	132	126	92	140	133	86	119	98	125	132	133	114	130	102	133	108	114	119	122	146	110	122	108	115	133	91	124	118	125	137	130	108	105	126	121	116	110	124	102	121	123	135	134	121	94	94	118	124	87	133	106	118	130	116	119	103	121	101	106	102	130	117	113	113	124	99	110	110	128	124	113	120	135	106	125	113	115	126	104	109	145	120	101	107	124	112	104	120	119	104	130	113	103	114	117	137	115	115	113	113	119	121	109	104	121	111	136	141	121	141	117	130	113	118	125	123	110	115	141	93	124	104	108	131	101	118	155	132	108	132	147	101	110	102	110	101	112	112	140	115	121	125	117	108	117	120	117	143	104	113	135	123	136	135	133	112	123	120	108	126	119	119	139	133	109	122	107	143	117	107	102	108	119	146	115	113	102	115	122	142	105	105	136	137	122	141	114	121	122	120	118	100	119	119	124	111	119	141	109	98	130	131	147	110	111	99	90	121	111	108	107	131	103	119	137	116	132	124	112	132	122	123	122	141	109	121	116	149	131	134	97	123	100	126	79	88	73	82	85	73	67	89	86	93	70	71	84	74	73	81	84	92	82	91	75	68	77	59	81	75	74	78	82	75	84	73	101	80	86	92	73	78	93	82	97	86	87	72	81	79	70	81	96	77	80	88	69	84	85	74	79	74	82	86	91	92	77	87	90	89	77	61	98	68	76	98	89	78	83	64	82	76	89	73	80	75	62	88	70	62	67	77	80	88	103	100	88	108	75	87	52	63	68	78	79	85	78	96	84	67	83	81	92	84	78	89	75	71	79	60	72	75	70	83	80	57	86	62	70	65	70	67	81	79	77	99	94	89	60	79	86	86	81	80	79	95	94	67	85	74	85	95	83	71	64	71	71	86	69	86	76	89	73	84	69	80	67	84	84	74	92	101	76	88	88	81	80	85	75	56	74	71	73	101	84	72	84	101	77	96	78	76	70	89	75	86	82	84	93	97	86	82	71	60	78	87	94	72	88	67	78	85	81	76	80	75	75	96	89	91	67	76	76	84	79	87	80	75	103	90	89	67	67	90	67	83	73	78	90	81	56	57	73	64	74	75	102	93	63	71	76	75	83	80	73	65	81	88
cell59	63	50	55	49	47	64	61	46	51	51	54	61	49	48	57	59	32	52	58	55	55	47	51	62	52	45	58	54	56	63	63	46	58	50	43	38	61	47	50	44	53	46	57	50	41	34	40	90	82	71	68	82	96	77	74	67	69	86	64	86	77	67	59	73	75	57	70	89	79	75	64	68	89	89	85	56	51	42	53	44	64	32	22	25	0	0	0	26	26	30	50	63	45	36	51	54	54	44	63	60	58	46	43	55	49	46	41	45	44	54	56	67	47	37	47	40	60	60	51	60	71	57	53	60	43	57	51	51	51	55	45	48	63	40	31	47	48	61	46	54	53	52	45	51	44	52	50	60	63	40	49	45	43	61	59	56	48	62	42	55	55	35	58	41	49	47	50	51	55	56	40	71	51	51	44	58	42	58	57	46	55	54	56	50	48	47	47	44	65	53	51	47	57	61	44	52	53	52	63	49	54	49	56	57	55	39	54	50	45	58	37	57	60	56	47	52	42	55	61	47	52	54	37	49	44	47	46	53	70	67	47	56	47	58	46	53	45	59	62	63	53	56	52	49	64	42	63	50	61	51	37	62	50	54	41	45	51	58	58	60	48	49	60	67	59	47	55	50	57	44	48	50	47	50	59	57	53	45	38	49	35	67	41	58	53	37	57	51	40	64	47	54	41	44	59	55	50	48	52	46	54	47	54	36	56	56	55	55	54	54	61	38	56	55	61	51	52	62	39	46	54	43	64	46	52	46	66	54	61	46	52	56	33	54	48	50	56	67	45	51	48	46	53	40	50	56	43	47	42	67	58	45	50	55	54	36	49	49	51	52	46	40	54	44	64	49	47	47	52	51	43	51	45	48	43	41	72	46	50	56	49	56	54	49	56	52	55	68	55	60	57	49	55	44	48	51	64	55	50	55	49	46	63	47	43	48	50	56	51	55	56	63	66	55	43	40	52	67	50	37	53	42	45	51	44	60	59	57	46	55	55	48	41	41	40	45	46	50	52	60	42	46	49	58	52	56	51	51	52	62	42	56	60	39	39	62	52	60	55	49	53	48	38	57	48	43	41	36	54	39	75	50	53	39	38	46	59	48	58	50	58	49	44	43	63	52	44	50	47	44	44	56	62	38	49	38	65	58
cell60	126	116	132	160	139	125	128	138	158	149	137	153	131	145	144	113	147	121	136	126	151	129	153	134	163	140	130	157	118	152	125	114	167	142	163	147	145	121	145	142	128	134	127	137	133	138	111	152	135	139	136	127	137	122	150	128	134	133	136	154	122	148	134	129	141	131	148	138	147	135	136	147	144	126	121	136	133	123	140	139	122	152	140	125	123	118	137	122	137	135	131	147	140	137	143	147	125	148	131	131	164	126	122	146	137	132	128	135	130	125	156	149	143	134	166	124	147	159	138	155	143	137	144	134	141	152	140	127	142	139	140	126	144	137	104	137	120	157	145	136	135	125	150	140	128	127	130	149	135	154	123	116	138	165	152	149	105	143	104	144	154	152	156	129	122	134	125	156	136	129	150	149	147	137	121	155	142	141	149	138	111	129	147	138	143	150	128	110	120	143	129	109	161	177	130	144	140	119	147	136	127	113	146	142	161	137	138	152	148	150	128	146	132	145	143	126	138	134	120	137	127	164	143	142	131	132	134	142	128	150	158	113	145	169	155	129	139	149	128	118	142	116	144	130	90	98	84	82	103	117	100	82	92	96	81	92	92	94	87	82	98	110	90	109	98	98	87	90	74	88	82	101	84	102	84	91	106	105	85	87	94	92	94	99	101	103	93	84	92	77	103	84	110	84	99	76	93	79	95	81	100	90	97	78	75	97	88	93	94	104	84	99	76	92	103	107	86	80	81	90	84	82	96	79	78	89	113	84	111	110	86	99	93	107	95	120	85	98	89	77	79	103	99	91	91	94	91	99	98	81	85	91	112	94	91	100	84	91	84	76	78	77	102	96	95	97	89	89	68	81	106	83	92	91	95	91	113	75	76	80	76	83	81	94	82	100	90	95	90	89	91	100	83	77	80	79	95	96	88	90	98	102	103	84	78	89	81	101	81	91	80	97	83	105	104	96	96	94	72	65	104	90	100	92	112	91	94	97	94	99	97	100	87	77	86	73	86	92	89	103	100	76	103	92	73	87	82	75	95	87	77	94	80	95	97	92	91	95	100	86	70	98	82	74	96	104	106	87	95	88	99	84	81	88	88	91	98	100	100	94	100	84	90	93	79	93	83	64	80	99	69	87	95	89	104	75	94	80
cell61	105	91	110	130	119	119	106	108	111	96	111	93	82	103	98	109	87	95	105	119	127	126	102	93	136	112	105	109	110	103	84	84	96	105	103	118	102	97	101	111	80	98	107	95	111	112	100	110	85	120	112	119	121	96	97	112	117	116	101	121	103	115	114	85	92	97	110	123	94	119	88	103	109	96	96	97	104	85	98	112	119	111	116	97	102	95	115	103	111	116	112	107	121	116	96	110	104	92	105	109	106	101	91	114	102	113	100	103	97	109	94	97	91	100	111	110	94	110	99	131	97	108	120	108	112	100	124	102	109	117	108	116	98	110	89	107	101	123	124	113	102	89	103	124	90	110	102	88	111	109	95	89	92	91	98	114	113	104	108	92	122	94	121	113	115	95	104	105	107	105	107	99	106	106	104	105	113	99	99	102	89	119	91	127	98	117	110	117	93	92	102	93	103	129	97	99	123	108	125	115	89	85	109	106	100	95	109	94	88	105	99	104	102	100	102	107	99	92	109	98	113	112	103	99	124	96	92	89	81	116	99	96	114	114	110	117	104	111	111	101	100	110	104	95	67	75	78	69	89	90	79	78	67	72	73	68	52	78	73	70	70	93	79	88	61	71	68	61	66	67	74	66	71	69	68	49	70	66	65	69	61	68	83	73	73	77	66	80	58	68	67	68	77	76	56	86	76	60	68	80	94	67	70	76	54	85	67	67	78	76	84	72	60	60	60	67	83	68	76	41	78	66	75	85	72	63	69	64	66	72	77	65	83	83	75	77	86	63	72	71	66	46	84	54	77	60	70	76	72	73	75	73	75	60	86	71	61	64	57	71	75	62	81	60	79	52	70	69	78	60	65	61	72	70	58	53	81	79	70	73	62	72	64	74	63	65	84	65	61	73	62	74	69	64	62	67	73	65	67	76	64	74	88	67	63	79	60	55	74	90	80	89	69	69	72	80	71	62	63	71	77	74	63	65	80	73	65	69	60	63	73	65	73	60	61	77	70	66	65	77	55	64	75	80	84	80	61	82	75	46	68	64	53	73	71	72	81	81	72	59	59	79	66	72	84	73	69	59	67	71	99	75	70	60	71	66	60	54	70	65	84	65	60	61	72	79	82	65	82	67	55	83	50	74	65	69	80	73
cell62	141	86	127	128	130	123	143	158	127	133	114	119	115	127	122	122	116	109	129	112	134	110	117	143	123	116	125	150	128	130	142	101	128	129	139	134	153	131	127	125	99	118	132	107	121	139	90	126	109	154	126	142	126	135	137	120	127	131	111	128	115	117	130	125	135	97	122	139	115	127	119	122	130	126	117	134	133	141	119	135	126	126	152	92	111	119	102	144	125	128	139	122	125	130	129	119	112	118	113	151	117	119	105	110	116	103	128	122	127	113	126	128	136	110	122	98	143	126	126	125	115	152	131	120	125	121	114	122	115	116	101	117	120	127	117	123	108	125	140	110	114	127	137	118	127	100	100	127	134	110	130	133	133	131	129	121	105	112	114	119	138	137	155	130	118	83	129	155	141	116	119	116	128	116	129	134	139	95	118	114	108	125	115	115	116	120	149	119	111	118	120	95	98	142	111	118	141	118	128	129	119	103	112	142	111	113	112	140	115	117	130	138	139	128	127	144	123	141	119	125	112	155	119	146	145	131	127	119	113	119	115	132	128	130	118	136	126	123	113	140	117	116	115	139	71	72	83	95	97	97	80	85	70	86	74	85	81	79	78	76	84	88	73	87	88	82	84	90	98	90	77	93	86	80	82	82	79	69	73	74	75	72	83	90	71	88	82	85	82	83	80	73	88	91	114	71	88	72	72	85	100	69	86	96	97	85	89	89	97	85	69	73	73	82	80	100	71	75	85	62	80	88	86	91	87	62	79	81	88	77	92	92	69	85	74	67	83	92	70	90	78	79	76	53	85	72	68	80	74	92	73	77	92	76	75	99	70	78	73	70	74	87	73	78	64	80	64	75	71	91	91	77	83	80	89	80	101	71	88	68	83	90	69	99	101	77	91	86	82	79	68	97	83	70	65	96	76	80	70	76	71	71	90	93	68	91	77	79	80	89	89	95	76	94	80	79	73	93	64	81	81	76	80	94	86	77	75	87	85	82	61	66	79	89	70	78	70	94	91	95	86	91	78	79	103	77	98	88	85	65	70	99	85	77	89	76	89	74	77	79	83	81	71	102	93	89	102	85	94	93	91	84	77	75	75	82	83	87	64	97	94	78	88	75	77	109	87	86	78	63	67	92	99	73	89	78	77	88
cell63	132	94	119	113	138	133	109	110	110	105	137	128	94	114	97	119	113	85	103	107	108	114	77	109	102	88	98	107	130	97	106	88	123	134	127	113	113	104	112	103	100	115	91	99	120	99	116	109	121	108	114	112	112	117	111	95	104	125	87	120	105	102	117	122	128	106	116	110	119	111	111	102	89	114	109	116	109	114	113	117	104	129	129	93	112	102	124	122	97	109	110	125	115	115	122	104	135	108	115	125	117	87	97	113	99	102	128	114	84	97	121	127	111	112	121	98	123	114	98	119	118	128	104	116	94	114	119	109	118	104	119	111	107	104	103	112	118	114	119	109	111	113	100	97	99	97	106	111	115	120	85	113	113	122	113	111	101	114	91	104	138	113	109	124	95	112	107	115	94	110	112	116	114	124	112	96	95	112	114	102	93	122	116	121	122	99	106	102	105	101	107	116	116	151	110	126	97	121	109	102	106	104	134	135	121	102	119	118	87	114	100	113	118	101	102	102	117	112	114	109	110	99	111	129	118	109	113	110	105	123	99	110	105	102	117	112	112	131	114	106	123	91	98	114	72	68	83	62	72	85	70	86	83	71	74	67	75	82	80	79	74	76	64	81	64	63	83	81	86	84	78	85	71	77	79	84	87	70	78	92	82	63	61	98	70	79	64	72	79	90	66	77	88	62	80	75	76	63	79	69	92	64	75	85	85	70	83	91	84	70	72	63	85	77	68	65	62	60	83	64	72	80	67	61	83	61	76	73	73	89	71	82	69	89	79	92	83	78	67	83	55	69	83	71	60	77	71	77	72	66	69	66	91	65	76	70	56	81	72	47	72	67	68	67	70	68	76	68	74	90	80	60	82	79	69	80	81	86	69	72	92	62	75	87	91	77	85	75	63	74	72	61	70	70	88	81	83	71	80	74	66	73	90	75	66	76	79	76	78	69	63	86	67	65	61	79	75	92	55	64	80	60	76	87	73	83	77	86	79	78	91	71	69	59	66	85	53	68	84	77	80	73	73	69	73	74	77	64	83	79	66	71	69	102	100	84	96	73	80	93	54	64	49	83	77	64	69	71	78	77	86	81	70	88	64	82	62	64	74	77	62	68	74	84	76	68	86	93	54	85	62	76	75	52	79	78	82	81
cell64	137	141	162	130	144	141	154	141	130	154	136	152	133	149	158	114	150	130	133	147	158	143	143	152	120	147	142	162	163	141	133	150	151	155	135	130	151	133	104	138	134	138	128	144	128	127	114	140	154	142	126	132	167	134	140	133	150	132	147	160	124	137	158	140	132	126	138	150	135	151	116	161	158	128	130	150	139	133	155	141	122	146	161	100	131	143	123	117	127	132	142	125	150	131	138	143	166	154	134	151	146	131	129	153	163	164	125	163	160	126	154	144	135	120	157	132	161	157	125	166	136	121	145	137	160	151	159	154	129	123	157	121	141	137	123	153	150	153	141	156	125	135	116	144	155	160	131	136	139	108	126	129	140	137	133	137	114	152	137	147	160	158	163	118	128	129	152	135	145	152	149	141	144	131	129	141	133	136	162	120	137	135	143	115	171	139	130	162	121	161	140	127	154	159	144	136	130	119	138	142	126	144	157	137	144	136	149	145	143	141	147	159	136	126	139	155	141	152	127	152	127	152	157	138	140	109	154	149	150	162	127	136	139	142	124	144	138	153	122	132	138	119	109	143	106	89	99	87	111	105	88	105	93	79	82	104	98	100	95	92	97	101	106	97	95	91	97	83	80	98	108	91	90	99	92	91	101	78	95	116	106	100	93	100	93	103	68	108	85	99	83	107	92	111	96	87	101	95	89	81	99	104	81	96	96	105	113	91	108	125	101	90	86	102	101	101	112	94	100	82	103	88	95	88	107	74	91	68	110	98	107	108	82	117	119	98	103	96	84	97	95	99	108	85	110	87	85	87	97	80	88	95	83	106	91	100	100	95	86	98	93	103	95	81	97	74	90	80	77	101	92	83	73	89	91	95	112	86	103	96	113	82	75	94	70	109	97	108	90	89	91	105	94	60	96	86	89	107	94	89	107	101	84	107	97	93	88	91	83	91	84	109	77	114	85	98	101	95	90	90	88	100	107	94	98	67	93	98	90	86	90	82	91	109	101	100	106	78	86	106	86	89	105	92	87	81	100	86	107	85	89	102	102	103	94	89	92	90	91	92	98	83	85	92	87	91	99	86	97	81	102	79	89	99	79	77	95	67	112	74	103	79	84	79	93	104	92	85	87	83	93	87	103	89	88	113	100	84
cell65	83	86	101	76	73	102	84	81	93	104	91	99	84	80	63	86	74	83	94	88	97	99	82	87	81	85	80	71	84	89	85	83	88	85	95	98	67	101	94	86	80	83	105	83	91	69	80	92	81	90	90	86	76	92	66	86	84	72	71	93	85	95	103	81	76	80	87	84	91	88	83	96	89	88	77	83	88	90	68	86	92	75	114	67	88	75	74	90	88	86	80	79	101	75	79	91	86	96	78	82	93	81	65	68	100	93	80	91	76	66	78	88	92	67	89	88	91	88	72	110	88	96	98	85	82	104	90	103	88	95	93	85	92	81	78	100	92	69	86	80	83	103	85	93	65	101	83	81	67	83	88	70	81	97	84	102	71	94	74	106	88	83	94	74	78	66	71	101	106	76	81	84	74	84	93	85	104	83	72	85	92	89	76	79	88	81	88	80	72	77	97	75	87	89	87	98	83	78	107	81	87	65	101	88	80	76	85	84	96	99	95	82	80	84	86	89	72	83	89	104	75	75	79	88	90	80	84	100	83	89	90	79	93	66	91	93	69	94	79	77	78	80	87	87	63	63	50	58	46	58	49	71	59	53	75	61	46	64	55	58	56	64	58	60	55	55	72	53	54	50	54	60	65	47	45	60	61	53	46	73	62	53	69	63	63	71	45	62	51	72	55	48	62	65	67	62	51	53	60	39	57	49	51	66	67	66	50	73	68	71	56	53	65	62	60	63	57	80	54	42	58	64	53	64	56	50	47	59	59	61	63	66	60	60	66	60	68	66	57	70	52	57	52	56	66	51	65	41	49	58	57	50	69	56	62	58	54	38	61	45	73	57	65	51	51	66	46	50	45	66	47	57	61	60	56	67	63	43	48	34	61	43	52	53	55	68	51	56	59	52	51	57	45	52	64	54	60	62	54	58	55	63	67	62	47	65	54	67	52	54	59	61	67	62	55	48	63	55	63	48	77	59	44	52	50	54	58	55	63	64	57	49	62	54	65	58	57	61	50	67	75	52	47	64	55	58	56	56	54	43	70	62	58	45	46	62	70	37	49	63	59	47	46	51	60	56	59	49	57	51	50	57	65	59	63	57	56	55	51	64	57	53	60	49	52	53	53	52	66	51	51	68	64	54	67	61	48	67
cell66	82	79	104	101	100	102	93	96	88	106	77	96	85	98	100	91	94	93	100	102	111	93	91	77	96	101	77	103	75	110	99	86	105	115	92	86	87	80	82	87	91	85	104	109	97	100	83	87	96	90	82	113	82	87	81	91	87	106	100	88	86	86	110	79	97	87	77	88	99	105	89	98	120	75	102	77	97	89	88	97	81	106	108	82	94	94	104	114	100	91	82	100	99	87	103	102	92	100	92	105	114	90	97	104	87	92	91	89	82	92	99	94	96	75	104	83	111	121	82	97	91	105	90	106	87	117	86	108	106	94	101	80	92	109	104	87	93	83	93	85	104	101	93	104	91	92	92	101	99	97	78	85	86	96	102	96	88	96	90	97	103	88	95	96	91	79	96	103	88	92	102	100	101	76	76	103	94	104	117	99	111	96	107	104	112	96	108	97	67	97	86	90	90	102	85	105	95	85	94	101	118	86	110	106	88	97	94	103	89	106	78	93	104	90	93	118	91	76	83	92	79	102	91	104	119	74	99	81	93	102	92	83	100	106	112	98	90	95	90	107	79	88	94	100	69	60	71	72	64	70	60	70	64	68	52	62	66	76	59	53	61	72	67	63	71	62	62	65	46	69	71	54	55	53	66	72	71	61	71	63	54	67	73	61	58	70	61	65	54	71	62	72	68	69	61	65	68	65	59	75	63	60	55	72	64	87	54	63	68	76	56	58	68	62	64	63	69	61	53	52	58	64	58	52	71	52	65	61	69	58	58	77	70	78	82	74	73	77	65	77	54	68	60	62	62	73	64	78	70	77	63	51	54	79	59	73	60	62	55	49	54	55	81	72	61	59	51	59	58	70	75	60	56	62	60	75	67	67	67	64	70	50	65	73	61	77	58	53	77	75	54	59	58	64	47	54	64	74	73	50	61	50	77	57	55	56	74	56	64	72	69	61	59	71	63	56	62	60	78	55	70	54	55	65	67	58	67	55	64	74	67	47	55	53	57	52	63	64	65	66	69	64	59	64	74	72	69	51	64	53	60	60	60	61	68	66	55	63	66	53	56	59	53	63	67	77	76	57	50	58	79	55	53	57	59	60	56	58	65	56	59	51	51	63	75	70	61	75	55	73	43	74	67	51	76	62	64	61
cell67	264	268	273	275	248	261	289	245	258	281	290	249	234	314	275	263	266	226	247	237	275	287	295	246	276	301	277	292	298	271	256	247	300	291	288	263	285	261	297	264	269	248	257	269	289	248	292	265	252	266	261	252	304	270	274	264	272	274	227	266	233	285	278	275	271	235	228	271	247	228	271	266	278	240	245	274	277	271	253	228	270	300	304	250	263	286	253	286	261	277	264	240	272	277	306	263	276	237	274	283	310	245	243	246	263	275	252	299	228	262	264	256	237	241	314	269	264	284	256	274	299	295	277	285	272	273	307	280	296	223	287	287	258	245	249	268	257	288	312	263	281	281	273	254	257	219	236	287	300	265	254	282	274	254	271	287	253	249	227	252	321	291	299	264	280	278	260	247	276	245	255	263	278	272	259	322	271	247	296	256	273	258	248	262	284	277	246	275	266	304	278	276	279	331	242	292	281	265	269	274	245	266	307	259	264	253	261	275	227	268	273	282	253	251	245	276	256	253	295	237	247	268	270	280	270	226	271	242	226	288	266	280	285	255	269	280	289	295	265	279	288	255	241	246	202	171	196	174	182	183	156	185	178	153	173	167	167	174	175	168	171	201	170	170	178	192	167	174	169	178	187	143	189	186	184	171	205	186	167	193	170	169	187	189	154	175	168	201	187	183	170	192	171	174	193	163	186	190	167	184	170	163	168	198	198	201	178	195	199	186	179	171	171	196	162	158	180	176	199	166	186	165	181	172	163	141	223	175	177	179	177	168	172	202	155	204	168	200	181	192	161	192	188	180	182	174	176	174	177	180	177	183	175	175	191	156	162	168	183	172	183	205	198	194	184	158	176	172	184	186	200	157	184	168	175	180	210	186	159	175	158	143	165	173	173	200	207	177	175	196	197	172	184	170	167	166	169	182	173	171	173	189	178	177	151	196	164	193	170	170	163	202	162	204	174	206	170	173	176	149	184	170	184	187	160	171	217	225	189	170	191	191	176	163	167	179	163	197	183	181	184	182	159	188	165	184	170	170	153	144	180	184	180	211	175	209	208	178	174	190	170	182	186	187	202	190	181	166	170	161	197	167	165	168	153	160	169	143	173	187	190	154	196	152	189	168	140	174	204	137	164	196	207	183	183	181	221	182
cell68	114	83	89	121	114	96	88	106	91	106	97	91	88	96	99	77	94	94	99	84	103	99	61	109	106	109	87	100	106	106	97	88	89	110	98	105	87	98	109	105	94	94	101	100	78	100	87	92	85	115	99	110	126	88	90	88	103	101	93	109	89	78	98	108	108	84	96	123	103	106	78	59	108	97	75	101	89	102	102	103	89	86	101	99	93	93	104	105	101	104	113	102	99	105	79	112	78	93	83	114	101	97	90	102	88	98	97	107	86	94	86	111	83	95	104	85	105	112	104	103	91	101	109	103	117	107	99	88	94	93	98	101	88	91	110	99	112	96	96	96	99	127	75	105	81	97	92	114	116	101	102	96	93	99	109	84	85	102	98	94	103	97	94	98	96	90	93	105	97	102	108	93	95	87	101	97	105	99	105	91	88	104	94	91	111	95	101	97	86	103	108	69	91	130	116	92	104	107	107	98	110	98	105	98	103	97	94	110	74	78	106	101	111	112	84	111	112	103	101	100	85	93	94	91	90	91	114	94	75	92	95	108	84	91	89	103	93	103	97	92	104	99	125	100	74	61	71	53	69	68	65	65	71	77	59	60	68	72	50	62	73	86	72	78	57	64	61	64	77	64	60	54	69	70	69	61	79	61	59	84	77	71	73	69	59	74	56	60	63	77	67	62	76	57	73	73	69	59	55	66	64	59	50	63	70	71	92	71	69	61	53	81	68	53	68	69	56	57	67	47	70	61	57	86	73	68	69	61	65	53	61	77	50	74	68	75	63	56	68	52	53	79	81	66	58	66	58	68	67	68	55	75	83	68	67	65	60	73	57	69	67	49	66	60	69	63	57	63	84	68	53	48	78	62	50	57	67	60	73	43	56	57	53	58	60	56	77	61	85	84	64	77	52	41	53	59	86	77	68	76	63	63	64	71	58	64	67	62	70	61	75	72	52	72	58	68	54	82	58	48	69	85	75	74	61	59	57	53	69	62	69	49	55	70	70	65	72	51	62	62	72	73	64	53	74	61	69	54	87	54	70	78	64	80	70	58	79	65	77	70	57	56	57	59	66	65	53	71	69	62	85	62	47	72	79	78	66	43	80	52	66	58	67	73	57	65	84	70	55	66	56	72	59	73	83	61	64	76
cell69	109	84	91	82	103	124	99	105	112	90	99	117	92	100	104	122	105	99	97	109	121	103	107	92	79	92	82	96	113	111	87	105	108	117	110	71	106	103	126	109	116	110	117	93	87	96	102	114	104	99	98	105	98	111	90	109	93	100	97	97	99	111	115	100	131	92	115	106	92	99	83	89	129	100	94	113	101	116	108	99	85	96	114	87	100	99	104	101	103	108	109	95	104	113	126	123	104	80	100	103	114	103	96	111	92	104	106	112	106	83	129	107	100	103	116	87	122	125	106	129	97	83	104	107	95	119	118	110	108	85	109	138	93	102	94	103	91	111	135	101	111	99	115	110	94	80	84	105	99	112	82	95	108	93	105	112	102	111	75	111	130	102	105	119	100	78	99	121	108	115	93	114	112	89	101	113	100	106	112	101	97	117	103	104	106	109	93	86	107	107	84	96	134	128	91	93	108	95	105	95	85	101	131	100	117	90	119	123	80	100	99	116	102	92	99	108	116	110	129	95	96	93	107	111	111	85	107	112	97	117	140	95	102	113	96	119	101	112	114	112	102	94	97	107	79	77	68	72	63	85	69	69	69	62	64	61	83	67	51	61	75	86	76	69	94	71	76	76	68	72	67	92	71	77	78	69	55	63	67	67	74	51	75	71	68	78	67	68	59	57	70	71	73	67	71	78	72	76	67	74	67	84	81	62	81	81	82	72	66	78	60	50	75	69	68	76	73	54	70	60	59	66	65	57	81	64	70	60	90	79	79	68	78	77	62	64	64	70	57	61	69	68	72	63	82	68	60	67	74	76	53	71	74	62	88	86	76	63	69	68	73	67	66	60	86	77	73	69	64	80	92	47	66	69	56	82	77	58	57	54	74	73	64	60	76	58	77	85	73	75	64	63	71	58	60	57	77	80	77	99	62	54	64	65	70	65	78	75	83	64	53	83	61	75	48	68	53	90	75	66	77	61	76	66	64	62	88	73	69	77	58	64	69	84	61	63	90	70	66	77	72	69	66	72	79	64	67	64	73	62	69	78	69	81	81	73	80	62	71	66	54	69	47	67	75	56	78	77	71	59	76	80	75	66	60	64	81	72	74	76	64	58	51	84	79	68	72	58	61	55	73	77	68	75	66	66	69	84
cell70	233	204	240	271	246	250	268	256	240	234	256	257	204	243	249	208	244	243	253	256	256	240	267	225	270	252	224	254	239	255	244	214	284	248	249	257	243	249	259	279	218	243	257	252	215	243	211	234	231	237	239	248	274	232	224	269	252	238	241	290	234	231	251	250	242	222	239	263	214	227	264	249	268	231	220	236	236	216	229	247	246	252	301	218	225	229	256	231	233	256	251	250	241	231	234	231	279	250	240	261	272	276	215	224	245	269	229	223	237	227	251	247	231	236	243	243	253	271	235	308	246	251	251	271	216	253	281	234	267	240	258	231	224	229	239	258	253	262	232	245	259	236	239	281	242	252	217	243	258	261	208	232	244	258	252	243	243	263	224	265	267	245	236	237	256	262	251	260	221	215	252	235	231	234	243	214	237	227	272	226	235	231	261	273	258	245	258	252	233	253	246	236	236	309	267	234	258	230	300	247	258	240	267	220	236	237	255	274	233	242	240	245	234	238	252	229	240	234	259	240	241	227	226	250	250	227	259	289	238	268	255	261	225	265	266	250	246	267	218	221	245	218	208	225	171	175	196	162	172	210	158	184	167	161	150	155	178	153	170	160	151	185	189	183	165	143	167	151	165	183	160	165	176	171	171	143	194	133	168	193	157	137	169	185	159	171	146	174	153	191	178	186	161	167	169	155	164	171	157	153	163	153	150	176	162	203	174	162	162	184	167	147	189	178	163	195	169	177	147	144	174	157	162	149	168	142	168	161	197	149	177	181	173	177	209	192	148	163	177	169	125	134	171	153	177	139	151	151	167	170	151	186	166	161	144	156	163	141	169	140	157	174	156	159	176	165	157	154	141	167	157	171	162	181	151	171	197	172	153	136	151	144	163	186	187	173	183	156	180	166	165	177	183	166	169	143	171	168	180	158	170	162	170	159	152	159	168	176	167	160	149	165	147	159	164	164	146	159	139	149	173	161	132	168	168	152	156	164	158	153	135	183	168	140	150	170	154	161	164	173	163	181	160	163	172	201	155	178	147	153	154	143	167	161	176	169	189	179	153	200	155	158	142	160	180	193	139	166	158	151	175	155	173	167	162	161	161	174	179	164	158	157	157	168	169	187	168	187	156	143	169	177	150	145	161	147	161	184
cell71	293	298	335	347	338	356	360	350	302	369	318	360	303	352	322	319	317	313	318	300	345	311	339	314	381	337	302	327	354	339	321	307	366	348	320	320	362	317	332	327	288	345	358	332	323	330	334	327	324	327	299	324	386	326	323	320	326	322	336	347	350	329	355	343	379	306	323	350	324	332	335	354	369	321	349	262	333	317	330	327	335	348	404	341	328	319	338	351	325	336	352	330	314	291	320	352	332	310	354	391	349	357	322	343	310	332	331	316	306	357	353	347	367	315	358	300	329	347	334	369	337	324	369	385	335	377	354	335	355	300	379	351	355	328	307	325	396	384	350	332	356	312	347	334	325	326	278	354	369	310	337	284	299	310	337	391	310	360	269	328	364	342	373	349	297	326	327	360	330	362	342	330	323	355	318	436	351	350	366	317	293	341	332	335	325	297	345	355	347	352	306	274	374	396	312	346	353	296	309	368	360	312	372	364	340	301	333	354	313	306	348	320	346	328	318	328	332	337	335	331	293	354	314	380	381	300	346	323	290	371	359	340	306	387	306	354	340	360	345	345	301	313	324	364	264	241	201	206	234	196	222	235	223	212	222	197	213	231	206	214	207	241	240	261	253	220	230	240	226	217	216	222	228	241	219	237	263	233	226	237	233	247	247	246	233	234	202	249	249	225	217	255	232	200	226	264	245	232	229	226	241	214	208	230	228	242	245	243	229	237	244	220	223	233	232	223	208	208	240	219	228	241	229	247	222	193	239	228	221	233	224	256	226	232	213	249	221	216	224	249	211	241	216	212	226	207	211	216	224	221	196	230	233	225	210	240	205	189	214	181	239	215	228	257	232	208	226	227	185	236	272	206	211	212	195	262	270	226	191	231	231	244	204	258	190	262	216	263	222	238	235	234	216	215	200	221	220	226	220	228	209	209	234	224	193	216	249	235	210	239	226	236	203	258	209	246	233	206	195	190	212	211	211	254	193	199	216	244	245	245	225	212	222	234	232	226	215	231	218	244	201	213	231	222	225	234	232	229	230	179	207	225	216	239	250	251	267	218	224	237	209	237	218	213	215	239	247	213	224	233	219	227	199	211	228	204	211	207	227	221	249	198	244	211	208	274	230	235	228	216	227	254	234	215	207	212	253	211
cell72	102	110	105	111	106	114	92	116	90	99	86	107	95	102	96	109	89	82	111	101	107	101	101	89	119	126	98	117	104	113	88	107	111	102	107	84	101	112	125	102	97	104	114	122	102	90	101	111	81	116	101	115	115	104	92	103	102	86	110	98	82	91	111	113	118	85	100	96	109	107	113	95	104	96	95	110	101	97	105	99	77	99	120	81	106	107	114	118	112	92	99	107	100	95	107	107	107	86	98	112	109	111	115	101	104	95	107	93	91	81	94	106	115	100	113	96	108	127	111	111	108	97	112	98	94	97	123	99	96	75	126	88	98	101	79	123	105	118	100	114	108	112	108	96	98	91	117	102	94	93	95	94	98	93	118	112	89	109	88	115	100	106	103	103	92	108	102	104	110	107	107	96	118	104	95	97	111	113	117	100	79	93	102	83	85	101	100	86	75	109	86	85	95	115	82	104	102	79	90	115	98	103	102	106	101	102	107	106	107	112	101	82	115	82	93	102	96	90	87	100	70	102	112	99	110	98	117	94	87	107	103	80	105	111	102	111	83	115	118	104	85	95	90	113	72	68	66	68	62	72	68	63	71	65	77	53	65	70	62	50	69	83	69	60	66	73	73	64	82	65	82	64	65	61	70	73	61	59	65	98	79	54	67	66	59	80	64	67	79	81	65	59	56	76	67	60	62	78	72	76	82	50	53	82	69	77	68	83	82	74	57	80	69	75	81	71	75	51	57	56	74	63	54	58	60	70	70	70	62	53	53	65	77	69	80	81	73	68	49	72	65	65	66	65	66	62	60	93	67	71	81	74	71	64	62	66	65	53	72	60	59	69	67	83	79	57	65	65	61	89	73	75	62	70	67	73	72	75	56	61	66	61	56	82	73	72	57	63	77	75	62	69	60	80	62	70	71	73	64	66	65	65	69	78	53	76	61	78	74	72	68	74	74	68	60	65	67	71	70	64	65	70	58	65	63	49	82	75	56	55	81	58	68	59	72	74	59	68	65	58	67	65	80	62	83	68	72	63	72	61	76	61	73	71	77	73	70	73	72	79	54	75	68	77	69	65	90	57	65	61	84	77	53	60	51	73	72	78	58	66	73	57	64	75	71	75	69	79	59	69	58	70	71	69	58	59	83	75
cell73	72	81	75	102	79	89	88	93	84	75	89	77	70	93	77	86	99	98	95	99	99	78	79	90	82	89	80	91	94	90	94	88	83	100	94	86	84	90	83	83	83	66	88	84	88	73	76	120	127	133	140	136	143	139	136	121	116	139	125	133	119	114	122	135	145	148	130	150	119	133	129	125	128	131	111	73	90	87	70	91	75	44	55	38	0	0	0	41	34	39	96	101	77	86	89	97	96	72	92	85	80	87	76	83	87	92	78	85	68	75	88	90	75	65	103	83	95	93	60	112	88	93	84	101	87	95	96	104	96	79	85	104	84	84	79	89	91	96	73	91	87	85	85	85	80	87	82	95	87	94	84	73	87	102	94	97	76	85	76	71	100	78	88	94	82	78	83	95	104	102	75	69	82	94	82	86	100	83	98	72	86	84	64	80	82	96	78	88	90	91	71	67	82	94	85	86	97	105	79	83	87	89	102	83	95	72	85	84	67	83	77	92	89	75	71	90	75	88	77	81	61	74	76	86	91	73	84	73	76	95	82	82	98	88	71	83	90	101	91	93	79	89	77	84	101	66	82	100	99	91	109	81	87	75	105	80	86	84	90	73	74	94	76	91	93	77	94	105	96	73	88	60	93	92	80	96	98	88	73	101	94	67	93	85	86	82	80	87	77	87	93	80	108	85	78	112	96	84	83	98	86	100	87	94	85	98	94	107	97	82	90	94	99	83	69	87	58	86	84	80	98	84	84	70	88	71	89	87	97	70	84	89	95	103	82	84	103	90	85	92	84	84	89	81	84	76	80	108	73	87	84	95	91	86	77	97	80	82	80	78	78	91	86	86	77	79	89	77	72	96	86	79	80	81	90	83	88	85	68	73	98	95	91	86	79	68	88	92	76	90	83	82	94	73	82	68	96	70	70	71	100	101	95	83	80	78	70	84	96	83	82	104	78	82	86	80	79	83	87	75	72	87	82	65	89	84	96	82	84	80	81	73	75	82	77	80	87	78	84	80	85	94	73	68	76	91	92	90	84	76	75	90	92	81	90	75	91	76	99	86	78	79	66	111	91	86	86	76	84	83	86	100	90	84	83	80	75	78	85	94	78	68	82	78	94	103	92	94	90	82	83	88	94	81	87	73	88	72
cell74	154	143	171	166	181	165	162	142	151	155	143	153	147	168	157	174	157	150	158	170	160	175	140	154	159	176	149	196	157	143	152	167	169	160	169	179	178	152	183	165	172	183	176	178	132	172	136	166	161	161	168	161	167	157	168	170	169	145	132	181	125	173	169	138	170	138	171	170	172	170	160	133	175	151	179	165	173	168	173	154	150	174	197	138	152	141	158	168	166	160	148	148	166	130	145	157	162	144	134	157	174	158	149	171	167	158	181	161	158	174	158	153	164	135	146	156	185	174	141	176	164	164	164	170	158	164	157	166	189	154	172	161	166	160	152	167	139	169	162	157	177	150	155	151	144	151	143	166	177	157	139	149	163	133	173	148	144	146	146	168	165	170	156	155	178	167	159	196	159	161	139	143	148	155	158	173	138	159	172	157	127	163	159	170	161	142	148	145	183	151	147	158	160	202	152	142	156	131	198	156	141	158	168	176	150	152	178	172	150	178	171	174	177	144	144	153	158	148	168	178	154	145	151	138	171	143	173	135	180	174	153	170	160	169	138	174	167	167	148	160	146	144	175	145	120	103	109	125	105	114	98	108	114	94	112	105	104	102	100	83	97	103	117	112	79	114	119	97	79	102	127	114	101	123	94	103	97	99	96	132	101	92	112	115	102	111	113	97	116	117	90	110	110	114	102	103	115	96	118	102	120	100	94	113	125	142	100	116	99	112	107	98	106	117	119	105	86	107	102	79	104	101	115	118	100	100	119	89	119	103	113	103	103	136	127	124	105	112	94	99	99	104	120	116	92	122	103	136	100	112	108	116	104	112	94	85	99	103	109	84	100	89	112	105	123	102	92	105	86	105	106	75	106	110	104	100	112	89	93	88	123	99	87	103	94	105	104	99	121	111	102	103	104	92	74	101	127	101	79	112	92	82	111	103	103	103	103	111	124	104	113	120	95	122	87	113	103	103	89	107	133	103	103	118	120	99	112	109	105	108	81	101	102	114	96	101	117	127	109	97	111	112	105	110	102	102	121	97	117	98	124	107	128	101	86	101	94	95	104	111	109	106	93	110	92	97	101	107	116	113	110	116	95	96	96	120	110	87	108	111	112	103	116	119	119	117	107	117	109	101	100	102	95	100	115	118	128	109
cell75	236	230	244	234	264	230	245	233	264	264	252	254	229	234	203	228	230	236	229	240	241	241	236	233	247	242	231	205	237	225	230	234	246	277	234	248	256	218	234	269	229	193	228	232	258	234	213	245	207	253	257	242	266	246	220	212	243	223	228	235	194	219	252	243	241	223	238	237	229	227	252	235	260	240	200	242	233	227	196	236	209	231	257	200	226	249	211	257	220	228	231	211	203	233	248	265	257	252	228	256	255	227	211	242	225	226	242	251	214	222	263	258	209	209	238	238	279	260	248	265	248	257	231	248	213	273	282	232	236	228	240	230	245	233	244	231	259	240	216	237	253	248	211	197	222	220	225	247	270	232	245	226	229	228	240	244	210	258	209	236	272	236	246	225	239	240	272	228	266	226	255	265	205	253	223	271	245	250	250	216	224	254	234	228	246	228	244	262	259	253	212	228	254	280	201	220	232	231	247	257	225	218	231	260	245	238	269	255	204	237	261	265	236	249	212	272	206	221	233	239	216	243	218	232	288	209	260	232	249	271	246	231	294	245	251	251	245	266	252	225	231	219	280	237	163	146	138	162	177	167	174	172	163	145	168	152	147	182	142	166	188	168	173	171	162	143	163	160	155	158	160	159	159	168	159	150	163	147	171	185	187	188	157	166	153	144	148	147	141	187	160	180	159	138	145	164	136	164	168	146	146	149	166	168	195	180	145	194	158	160	166	145	168	144	154	185	155	158	138	130	147	142	167	147	171	128	144	145	153	151	166	183	164	180	182	174	178	181	163	151	141	181	172	153	165	162	157	130	153	169	133	186	162	157	158	162	154	155	145	151	148	162	154	160	162	129	150	137	154	164	181	146	167	168	122	169	169	161	147	162	158	154	142	181	175	177	175	166	150	168	177	164	160	136	143	169	162	158	157	131	182	187	176	154	160	147	181	176	145	170	152	198	151	182	127	150	175	147	131	140	181	151	161	147	151	149	157	175	143	150	136	179	159	157	160	151	162	157	153	173	147	167	139	153	159	164	174	159	170	151	141	178	136	164	160	166	187	161	137	155	158	167	150	159	166	160	157	165	164	143	182	173	149	163	155	162	143	128	146	148	160	127	146	151	147	153	161	172	153	157	165	157	177	144	165	143	140	169
cell76	90	96	99	111	124	96	114	106	106	105	107	106	90	104	100	93	114	102	102	112	103	110	119	103	93	93	100	96	98	106	106	94	115	123	117	110	98	111	108	118	93	97	125	98	109	111	91	117	101	109	116	127	147	109	112	113	95	123	102	109	104	90	116	104	105	91	100	98	94	113	115	109	99	94	103	98	95	93	116	105	105	105	108	90	107	109	82	114	130	113	88	98	90	99	95	100	107	125	116	107	111	120	106	113	115	105	108	94	112	110	113	114	115	107	117	99	128	103	110	122	98	105	118	120	141	117	105	103	141	101	93	108	114	118	94	106	97	112	119	99	104	101	86	116	99	92	104	103	104	105	92	111	110	129	114	117	102	115	87	96	120	98	115	93	118	118	95	118	122	112	108	107	113	103	99	117	107	124	115	107	115	106	107	103	106	121	112	117	85	115	107	119	116	114	86	102	112	104	95	119	105	126	113	117	109	107	114	109	111	110	97	95	95	96	95	111	89	92	90	103	83	116	97	110	116	98	121	95	100	120	117	82	117	113	99	120	95	124	106	103	103	98	105	114	76	74	64	63	65	54	73	68	76	69	82	80	72	70	75	66	82	87	86	89	79	72	61	68	63	81	84	55	84	68	61	82	69	68	69	78	70	75	85	89	58	75	65	83	58	65	63	64	69	70	59	77	67	64	71	81	67	70	78	63	79	82	72	75	72	94	79	80	74	75	71	81	85	47	58	69	87	78	64	71	77	63	71	61	71	83	80	81	94	72	57	81	82	78	83	84	75	80	71	67	78	67	56	83	74	87	64	73	80	66	81	81	71	66	54	68	67	91	75	83	77	80	77	61	79	79	64	63	79	81	56	60	85	73	65	84	71	79	83	80	67	71	77	81	69	70	71	88	68	52	69	68	63	66	69	68	80	63	85	59	66	63	60	73	88	66	78	82	65	94	66	73	68	70	60	59	78	62	66	70	68	68	84	82	56	82	62	74	61	65	67	68	73	97	72	59	71	77	79	71	78	72	74	96	67	66	73	64	71	73	70	74	90	50	67	82	75	68	79	76	81	69	73	77	73	71	76	82	74	75	60	63	66	78	72	73	71	69	67	68	62	53	77	86	59	66	68	80	95	81	67	64	82	71
cell77	112	146	145	122	122	135	136	115	129	127	139	133	109	141	122	119	143	124	143	141	139	134	127	152	130	144	123	145	153	131	117	127	128	133	160	145	141	139	128	140	122	123	141	139	140	113	107	130	120	135	150	135	136	143	130	124	126	134	124	132	126	130	157	120	177	128	152	152	124	130	127	121	140	146	114	115	123	133	125	165	161	115	148	100	145	130	124	150	124	140	154	143	143	135	139	144	130	134	130	146	150	142	122	127	132	146	151	148	133	123	143	137	127	111	147	118	155	145	124	140	130	131	142	129	150	120	147	127	136	115	129	127	157	127	121	143	129	133	109	128	129	129	136	143	117	128	119	129	136	130	102	148	143	157	127	120	120	165	119	124	148	163	141	134	134	119	145	145	127	153	150	130	119	137	124	137	140	112	161	114	132	131	126	143	139	147	132	125	125	136	135	124	138	134	118	133	124	151	120	146	132	116	147	135	136	121	163	126	114	132	138	133	139	120	133	142	124	127	124	145	132	145	125	127	150	118	145	136	144	125	121	123	134	149	142	119	121	141	124	135	130	137	127	135	114	102	80	77	95	109	92	88	83	92	95	111	90	104	86	96	79	80	71	84	93	86	97	98	86	105	100	79	94	84	100	86	95	72	92	119	90	83	107	97	103	118	92	93	99	101	77	97	90	93	86	103	85	78	84	82	85	93	85	94	87	109	86	80	85	99	90	91	91	92	109	90	74	105	95	76	87	101	94	105	88	84	87	76	83	98	93	99	68	94	102	91	73	85	64	94	81	79	90	78	99	88	99	75	82	82	84	75	91	93	80	96	90	70	80	87	85	92	70	104	98	77	89	86	88	91	97	68	80	89	87	113	102	100	90	80	97	88	99	91	78	105	101	94	84	89	91	95	98	115	62	73	85	98	93	88	92	79	86	90	88	104	88	89	95	79	79	92	90	110	82	105	86	80	80	87	89	84	110	96	83	86	95	97	87	79	68	69	100	80	78	98	84	92	93	101	85	100	93	85	99	101	104	89	94	87	96	80	83	87	90	93	90	90	110	104	86	76	69	88	80	78	94	73	110	99	94	91	90	80	81	82	89	86	94	107	74	97	79	92	90	91	83	95	80	70	86	81	88	96	94	96	112	101
cell78	159	196	195	201	179	194	185	184	182	209	172	193	167	189	196	147	173	170	188	171	203	171	161	183	156	179	166	189	174	184	175	174	198	222	183	204	197	180	205	163	154	160	182	189	193	203	177	171	174	191	187	196	192	195	167	173	195	185	160	189	160	171	199	166	198	151	177	186	179	198	181	168	186	165	175	192	192	180	193	187	195	196	217	184	156	154	154	201	194	190	205	174	154	171	176	186	167	165	175	215	195	151	171	182	165	167	179	191	151	164	176	171	164	169	200	167	234	199	171	229	175	198	190	186	187	180	187	171	176	180	177	195	178	195	193	164	182	173	192	196	195	166	191	185	177	187	168	183	197	186	161	190	185	181	190	179	145	180	156	161	205	167	192	192	190	161	190	171	177	187	169	168	194	196	166	191	175	187	236	163	179	188	189	223	180	176	180	157	194	163	168	181	190	235	161	184	189	162	178	202	186	168	191	174	181	197	197	192	170	170	191	182	157	189	144	196	190	174	189	186	169	180	192	193	219	165	166	169	203	198	183	182	173	198	170	186	181	201	167	202	161	181	194	217	133	122	114	123	130	141	88	127	116	119	114	121	117	124	126	110	137	124	127	118	109	110	112	119	118	134	118	98	136	127	135	107	145	113	106	142	147	130	119	111	121	143	116	119	116	126	129	125	123	123	104	125	104	97	122	112	130	130	120	116	108	115	114	113	123	131	100	106	119	130	102	105	112	116	128	93	115	110	121	118	114	91	121	114	148	106	131	158	108	142	131	116	143	135	120	136	101	113	108	126	115	117	121	124	90	118	113	123	119	133	114	114	121	116	98	110	125	131	121	130	132	113	125	111	101	119	112	104	126	120	132	140	116	113	114	117	116	104	108	121	119	140	115	117	114	127	134	138	113	127	119	106	131	127	120	96	102	120	126	114	115	123	92	120	125	112	107	130	126	136	92	119	112	106	106	113	124	105	103	125	131	116	122	130	104	122	126	120	106	130	109	125	132	114	128	117	106	115	117	131	122	129	126	113	124	109	110	143	116	114	128	122	139	129	96	113	121	129	114	143	110	110	122	94	114	119	115	146	105	87	110	112	132	107	140	108	148	117	99	118	127	144	130	126	97	109	96	149	105	111	120	122	134	131
cell79	161	150	159	185	158	151	171	159	137	162	157	175	151	172	173	142	176	142	147	161	188	171	183	185	174	168	154	168	184	141	163	158	147	194	182	161	182	165	141	180	156	163	171	168	135	137	149	156	162	186	158	197	166	166	164	171	163	161	153	154	159	151	189	139	175	142	153	178	149	174	145	144	150	163	167	174	198	161	180	171	175	159	190	140	147	172	155	168	160	166	172	130	177	161	158	169	145	165	153	176	180	146	157	147	166	159	164	184	179	156	177	177	152	160	186	155	176	157	142	176	170	198	165	190	160	169	186	153	176	128	148	181	179	177	138	164	167	176	171	165	166	159	169	166	163	165	168	154	183	160	158	176	161	159	181	184	155	165	135	135	191	164	169	170	157	136	148	199	167	151	173	161	166	161	135	169	164	174	184	184	147	169	137	173	171	162	177	158	168	176	159	141	154	218	160	164	155	144	156	161	161	152	151	162	156	168	164	176	198	164	158	151	170	148	162	168	177	182	147	129	149	184	148	170	165	153	158	139	162	208	183	150	171	203	156	166	151	173	166	158	161	140	156	187	107	119	110	128	108	115	98	114	106	101	107	93	107	102	95	104	95	123	110	98	91	110	116	113	108	125	139	125	114	91	100	104	118	96	108	123	106	102	104	118	102	128	106	105	125	120	121	107	122	108	114	112	129	110	98	97	108	90	115	103	126	111	108	122	101	119	109	115	90	100	112	111	109	100	123	102	123	116	101	97	129	118	100	112	134	115	91	105	116	137	122	122	113	114	120	100	98	122	124	104	118	106	120	103	107	103	89	111	103	116	108	99	110	93	96	113	97	105	116	98	125	90	128	105	105	131	106	99	107	103	103	120	131	103	103	124	115	104	100	107	114	118	102	108	120	97	110	108	101	95	117	103	108	99	109	99	105	113	100	119	82	100	102	99	99	120	115	122	96	104	82	124	81	106	106	102	107	103	94	105	100	91	120	126	94	123	90	108	120	107	102	113	115	113	99	109	103	99	103	116	125	105	85	123	120	97	98	104	117	121	104	97	122	107	112	121	116	107	112	102	113	99	102	102	104	125	108	94	106	107	114	111	111	99	114	102	104	86	122	106	128	111	108	117	86	119	102	111	89	97	128	102	113	136
cell80	131	115	141	159	134	145	122	107	120	129	125	136	127	148	106	114	132	121	126	128	132	113	119	127	155	127	137	132	154	142	133	130	112	136	138	134	124	127	115	120	133	118	125	107	119	104	121	122	125	107	88	123	151	154	116	122	130	131	139	118	124	125	133	132	134	102	123	145	125	130	123	126	150	134	98	135	136	94	109	121	110	135	152	123	130	131	142	131	121	122	132	137	131	139	134	129	147	136	131	167	128	120	107	120	126	115	123	132	96	118	125	130	124	109	162	117	150	138	131	144	129	123	140	119	130	133	146	114	145	127	133	117	124	138	115	119	144	143	123	111	147	137	132	115	110	144	150	112	147	123	129	134	122	121	151	140	104	138	108	123	138	151	130	125	127	121	127	121	135	129	129	132	125	131	120	134	140	131	134	123	111	105	106	139	126	134	122	118	117	138	101	106	151	150	129	120	142	126	133	139	99	144	119	127	126	136	111	127	110	100	128	128	119	116	114	134	111	123	148	132	111	132	113	134	136	95	114	121	124	154	149	133	137	135	127	130	149	131	113	127	117	105	134	153	99	92	85	104	90	88	87	95	86	95	82	95	81	91	89	94	85	88	85	73	72	65	94	108	74	75	71	98	80	74	83	89	83	99	77	105	80	73	82	94	92	102	89	90	76	104	95	81	92	75	94	84	89	76	79	73	91	84	74	83	78	101	102	114	76	81	88	102	102	111	89	80	83	88	85	79	73	79	95	80	83	78	77	87	100	95	89	95	66	97	77	85	74	102	76	89	78	88	99	73	67	85	88	86	99	90	96	106	98	95	83	87	82	95	76	78	76	77	92	84	99	72	96	83	81	107	96	85	84	88	86	91	83	73	85	85	89	91	76	102	88	88	91	87	106	86	84	89	70	80	79	83	98	97	87	66	73	83	100	97	107	80	74	98	74	82	92	91	81	91	80	68	76	77	79	82	80	76	80	87	79	81	85	108	89	81	83	88	77	101	62	87	76	81	73	88	91	106	79	81	93	115	88	93	86	73	80	90	82	94	87	120	90	92	81	95	94	68	84	69	95	69	82	75	97	92	81	66	88	96	73	80	72	83	65	83	90	80	92	68	80	98	83	86	83	84	80	85	75	90	98	56	106	91
cell81	136	131	136	151	138	137	146	130	129	138	139	132	115	140	142	135	105	139	149	160	137	131	129	124	145	129	136	158	130	137	139	146	147	142	137	151	136	151	152	147	143	121	148	144	122	122	133	137	113	148	146	131	158	132	140	145	151	186	135	146	132	130	159	152	162	120	142	137	143	154	132	147	128	146	133	137	155	131	156	149	154	124	156	142	125	142	143	139	147	145	138	122	144	128	147	140	143	141	138	156	164	142	148	124	150	146	113	141	123	143	129	143	145	113	141	122	152	144	133	146	130	139	152	129	137	136	150	129	144	147	147	115	131	136	111	127	142	135	130	138	155	158	151	138	136	144	131	148	146	116	141	117	125	150	130	138	116	134	110	133	143	151	179	138	144	139	137	142	145	139	126	121	124	127	142	136	154	114	151	132	117	131	121	126	156	130	126	128	125	134	137	131	160	161	137	143	134	130	134	136	130	143	144	135	147	130	144	155	117	166	146	128	134	126	137	170	126	122	137	145	131	142	131	143	145	122	154	123	145	153	142	147	146	129	155	153	129	143	138	141	130	134	145	136	108	94	109	86	68	87	96	88	97	87	83	87	79	76	94	73	95	108	100	104	90	101	107	79	99	95	93	98	92	98	79	105	100	76	110	106	99	83	98	87	100	104	77	95	111	88	80	99	81	88	87	97	80	102	91	107	87	85	86	98	102	96	87	101	116	96	87	76	86	90	73	102	91	76	94	89	87	81	89	87	96	67	80	88	105	90	85	93	97	106	105	98	87	91	83	96	88	97	94	109	77	93	100	91	85	100	72	90	94	91	97	88	91	74	93	84	97	86	95	100	99	105	101	85	105	127	95	111	90	88	84	82	121	98	83	90	79	94	68	99	93	101	92	99	110	83	82	85	107	86	83	88	95	82	95	114	90	93	101	88	93	89	88	86	87	83	99	100	83	110	90	84	103	93	80	65	89	67	72	93	101	96	68	107	104	93	93	86	85	75	89	83	103	84	101	88	76	94	79	73	101	97	101	101	105	96	82	102	87	97	95	95	92	91	87	100	78	87	89	90	88	92	109	86	97	91	104	90	85	93	103	97	81	93	109	94	96	85	89	102	83	96	95	102	95	90	93	96	92	104	92	77	100	88
cell82	68	67	56	67	60	76	54	64	66	75	65	62	61	66	62	54	72	53	78	68	75	69	64	79	77	72	52	64	62	72	64	56	70	64	72	59	60	62	59	72	53	47	51	67	69	65	47	87	93	97	99	97	121	102	99	76	99	88	103	111	91	100	88	94	105	93	97	90	89	101	90	94	100	94	85	69	56	66	49	67	72	32	30	30	0	0	0	45	49	27	63	66	61	54	61	51	54	51	68	79	49	50	48	73	88	50	77	71	54	63	64	71	60	57	58	67	62	67	75	68	70	67	61	66	55	70	80	70	67	57	74	76	58	76	73	69	68	76	57	66	82	54	67	75	60	56	53	58	71	56	47	58	68	60	72	75	53	69	56	60	74	58	76	71	64	51	58	54	64	59	73	68	69	68	56	68	89	58	76	52	58	76	56	97	73	51	65	59	89	65	58	59	84	77	69	89	80	71	57	62	63	61	92	69	66	64	60	74	73	53	68	66	60	66	69	68	66	57	55	65	54	71	63	71	72	56	62	67	53	68	76	56	68	70	63	66	54	69	69	65	57	62	51	60	70	80	58	48	68	70	68	68	63	68	66	60	65	40	49	57	59	76	79	61	73	53	59	64	58	70	77	61	63	66	75	51	67	66	49	65	70	75	51	63	50	61	72	56	72	70	75	75	66	69	79	71	58	54	61	71	60	59	71	58	72	71	62	72	55	63	68	60	57	76	63	63	74	61	68	59	66	57	67	58	54	75	67	56	79	54	77	60	67	79	73	82	55	78	65	72	52	72	59	63	70	53	45	69	50	48	66	59	69	70	78	52	68	63	75	59	61	60	65	77	67	57	65	52	64	56	50	56	64	62	64	76	91	57	46	67	74	62	67	81	67	60	55	71	66	64	68	82	66	53	57	43	66	60	67	56	70	64	63	78	60	63	65	73	76	56	53	64	53	68	58	84	63	46	72	68	54	62	56	64	63	63	80	55	71	73	57	44	51	54	51	60	61	81	54	53	66	64	48	62	60	64	78	56	67	59	59	59	64	73	63	63	79	63	62	61	52	65	46	81	55	61	58	68	60	51	74	64	56	51	65	76	70	75	60	73	63	69	50	62	66	50	55	69	49	66	61	65	65	48	75	61	91	74
cell83	140	129	146	150	134	125	142	129	131	135	146	144	135	143	135	137	135	128	134	147	138	136	119	134	140	117	116	133	136	130	131	123	138	146	157	137	133	102	121	125	143	128	139	130	135	96	139	128	139	133	137	166	154	116	120	118	131	142	128	157	115	153	147	116	143	138	135	164	130	132	124	135	141	123	144	150	141	125	130	144	148	152	125	126	150	134	132	160	142	149	142	124	138	100	118	152	158	146	125	138	171	133	138	126	131	110	133	134	157	113	141	133	142	114	153	122	141	157	122	150	119	123	132	149	121	162	133	130	132	137	159	156	136	141	117	129	150	128	131	124	138	131	143	135	114	141	131	112	139	139	128	143	141	142	155	153	116	130	115	151	135	132	149	118	142	120	155	153	130	147	138	155	147	129	121	141	130	138	154	121	119	117	132	138	139	119	125	118	126	168	123	112	128	156	129	147	160	116	148	124	137	109	143	133	134	125	127	146	140	118	123	112	133	126	131	130	117	115	124	131	122	146	140	143	130	105	129	151	141	139	142	141	135	139	145	142	133	124	130	149	108	149	156	137	103	97	87	89	85	112	88	85	86	93	90	75	67	105	101	79	88	93	84	101	94	85	96	79	110	96	105	72	85	101	95	89	110	77	69	84	79	75	97	93	104	85	97	86	87	88	126	92	95	85	101	87	79	89	99	84	92	72	92	81	89	112	88	116	78	89	95	93	94	100	90	96	70	93	94	83	97	83	84	72	99	62	84	93	86	101	70	89	81	83	110	84	79	87	90	96	76	92	96	88	88	98	50	101	91	75	102	98	107	89	105	85	83	93	87	77	79	95	78	99	92	91	89	94	91	90	88	83	78	93	85	105	102	82	92	76	90	70	85	82	93	77	84	93	87	89	88	109	101	80	87	88	91	85	76	89	91	91	89	95	84	74	77	92	103	109	111	91	82	87	81	97	101	93	76	80	104	89	73	90	94	96	91	90	83	77	84	78	85	68	89	81	80	85	97	72	82	98	84	87	94	82	81	81	93	90	82	100	92	96	79	86	91	94	83	94	86	106	68	91	93	92	94	78	89	84	79	110	104	99	91	79	89	68	91	87	84	83	79	84	97	96	96	96	74	73	65	76	115	73	98	99	110	90
cell84	145	113	133	143	130	145	143	139	136	135	134	122	125	140	137	108	136	119	138	112	153	142	121	118	146	147	110	124	115	150	107	115	135	152	153	141	149	145	150	131	136	111	126	121	114	122	122	147	121	113	122	160	137	135	112	123	139	134	137	139	127	131	116	143	154	108	128	121	142	96	114	129	144	133	131	153	146	123	120	142	130	126	140	139	138	137	126	147	129	128	123	140	140	130	123	127	130	151	111	135	161	122	107	134	133	117	118	136	108	120	130	137	142	110	137	146	143	151	129	174	121	136	129	149	112	126	140	126	150	129	143	150	132	147	129	139	142	137	127	143	133	139	140	129	114	150	130	133	136	139	137	112	117	127	118	128	116	142	131	122	153	127	148	136	123	127	125	131	149	149	142	130	139	135	124	135	141	123	156	127	114	148	121	151	157	131	144	147	115	135	120	122	142	149	120	150	139	130	114	136	120	123	152	135	139	119	145	119	130	127	113	138	138	145	140	113	133	130	133	125	113	137	124	132	123	129	136	132	134	148	145	107	136	155	152	142	129	132	128	127	125	127	129	138	90	103	127	75	85	90	86	91	101	78	79	84	87	97	82	81	109	91	93	93	93	86	99	81	79	95	86	86	106	76	96	79	107	76	84	83	96	102	104	91	82	90	94	98	76	90	77	100	89	82	94	92	91	89	84	98	86	88	89	96	90	84	97	92	83	92	98	69	81	86	83	83	99	95	71	83	95	107	90	78	92	78	99	84	116	93	93	101	92	96	81	111	71	89	89	99	94	79	80	79	98	75	76	99	91	104	74	77	75	97	66	93	78	85	79	69	89	96	77	98	94	95	85	90	74	87	84	96	90	98	87	93	109	73	87	78	91	82	73	99	80	99	78	96	103	100	83	93	92	88	93	81	78	85	94	93	88	72	95	94	85	77	104	90	72	91	83	122	87	110	83	80	94	95	80	74	100	88	102	102	93	92	98	96	84	94	87	74	100	62	88	84	74	98	91	72	89	87	84	88	92	83	86	86	94	75	76	86	84	93	84	89	85	100	70	86	77	92	92	97	90	89	91	73	98	72	91	87	98	100	94	72	76	89	96	78	91	74	72	77	84	112	85	108	86	72	92	102	113	89	84	75	100	72
cell85	159	151	153	159	154	158	138	151	136	160	155	131	142	157	150	133	143	164	162	169	175	166	168	131	152	177	139	157	144	158	146	154	157	157	181	134	165	152	174	181	147	156	139	156	141	149	145	140	154	145	142	152	158	153	153	145	154	154	161	152	137	164	170	124	166	150	154	134	168	150	163	155	150	156	131	152	179	140	141	133	141	174	184	152	159	175	157	177	180	151	162	149	197	142	155	155	172	159	158	145	149	145	147	129	130	149	153	146	150	145	164	154	139	159	185	159	154	140	135	166	150	181	164	180	144	164	170	159	168	150	142	174	147	142	139	159	170	179	158	146	166	134	128	149	123	152	146	139	150	140	160	146	133	155	151	163	186	152	128	153	157	146	155	169	154	135	140	179	164	154	172	158	152	142	137	154	164	165	173	140	128	164	144	194	159	143	181	147	156	165	141	159	143	182	154	161	158	131	155	167	151	162	164	178	129	141	163	155	161	157	137	158	162	152	157	178	130	147	186	147	147	149	163	159	143	143	165	133	168	172	161	144	146	163	151	169	163	163	149	132	144	138	166	167	121	106	108	120	97	105	99	101	104	87	95	88	106	105	100	113	94	119	120	113	98	111	97	102	121	127	111	117	105	116	127	94	98	106	128	117	104	101	96	106	109	109	97	105	102	111	113	125	115	89	113	94	100	73	92	100	111	95	108	116	117	111	102	119	92	110	77	93	115	98	106	93	92	113	96	90	112	88	109	102	114	89	113	106	111	113	90	135	101	105	94	102	112	109	102	93	93	92	90	105	95	96	96	105	85	95	89	95	110	121	103	98	105	103	96	105	101	88	89	126	102	92	117	80	97	109	106	92	115	100	93	105	124	103	106	108	95	103	73	100	117	93	101	100	107	109	100	117	85	108	78	91	106	101	99	101	109	113	121	96	97	98	122	97	104	106	104	105	96	121	77	121	95	94	90	104	103	99	126	110	84	79	103	101	97	88	116	95	94	103	104	121	86	107	95	97	115	115	88	98	106	97	114	91	96	94	100	90	115	102	131	97	100	89	119	108	115	107	101	109	91	85	102	92	119	106	107	99	83	106	97	98	105	103	100	93	113	112	103	94	96	114	102	105	93	106	100	121	101	107	109	100	126	111
cell86	103	114	116	127	122	125	121	135	102	131	114	124	105	139	97	118	120	104	106	133	127	126	127	122	144	135	103	123	108	135	123	105	137	111	104	108	111	120	118	120	111	116	119	110	128	113	121	130	108	118	127	115	148	118	128	134	109	123	102	128	113	121	113	119	129	120	125	105	130	111	101	128	143	122	121	124	142	113	128	116	128	130	113	110	118	111	125	132	139	124	136	127	117	123	124	132	125	112	105	120	123	129	86	116	132	114	114	107	109	113	121	134	125	117	142	134	148	133	121	123	118	119	136	148	126	121	120	121	120	119	127	144	102	125	122	139	125	121	121	145	124	116	123	142	108	116	111	127	102	120	111	135	122	143	133	129	141	108	95	103	152	129	126	111	106	101	125	123	129	129	116	127	117	119	112	130	129	126	145	117	104	125	105	119	123	118	117	109	131	126	128	122	128	146	119	138	117	101	119	125	114	117	133	123	127	124	123	133	122	105	148	129	106	112	121	125	120	115	142	139	110	124	95	123	144	136	117	128	103	138	125	114	125	131	120	120	107	145	132	114	119	115	127	128	87	88	84	64	90	89	70	90	82	72	78	79	89	92	88	76	81	75	87	87	72	85	71	73	88	89	83	104	100	70	78	95	92	84	86	85	68	74	76	79	84	91	77	90	81	98	98	83	83	69	81	85	93	68	74	79	97	73	68	93	97	107	87	98	77	73	90	71	69	84	81	75	62	81	70	74	90	89	85	78	98	66	86	64	93	68	65	89	82	82	77	87	88	89	80	77	83	69	68	78	85	73	76	80	102	89	77	67	87	93	74	77	71	89	86	71	66	71	89	98	88	61	93	78	75	80	104	67	89	83	77	96	78	79	72	83	87	69	70	82	92	79	71	82	86	69	100	58	77	72	77	82	66	83	93	89	75	85	79	72	74	90	76	72	78	91	81	87	67	82	63	92	71	62	57	68	90	91	79	88	104	76	71	92	76	86	80	83	85	75	73	72	83	90	101	87	68	78	81	69	69	77	73	67	93	66	83	89	89	97	97	93	75	83	87	82	77	79	78	87	78	84	81	96	85	73	70	86	85	74	69	80	68	77	90	85	85	63	86	86	77	86	81	94	79	83	67	94	73	86	74	85	77	77
cell87	164	143	151	187	163	157	146	166	150	160	161	178	152	195	154	151	166	160	167	168	157	159	169	149	162	178	163	187	167	175	151	159	163	185	165	142	177	187	175	158	178	175	144	154	193	141	144	153	179	154	164	158	167	157	170	146	174	172	142	165	158	172	174	168	181	155	147	156	152	171	181	178	178	166	150	167	140	142	140	168	162	159	165	141	163	165	143	169	170	166	164	161	154	148	168	189	166	141	156	173	175	188	169	158	169	175	184	185	162	152	168	148	179	158	159	149	167	169	152	171	168	173	190	149	170	160	174	143	166	158	175	146	150	159	162	184	161	194	154	181	183	150	167	154	160	143	166	164	174	151	184	150	178	174	167	182	129	172	148	161	182	162	159	179	180	170	189	176	190	171	177	159	167	157	154	159	160	165	163	145	160	147	171	180	149	181	171	171	178	189	149	160	169	206	130	158	177	182	181	161	159	176	157	203	168	152	192	166	152	191	181	174	184	178	161	155	149	171	188	164	130	156	165	142	152	141	172	175	156	180	174	160	168	174	153	139	134	181	176	177	155	183	165	199	126	128	115	109	116	117	110	135	112	121	104	110	96	115	124	106	106	112	120	110	119	122	121	112	113	129	113	93	115	106	109	138	129	109	125	119	94	122	122	99	115	109	85	131	91	119	97	131	112	113	98	116	118	92	127	95	105	103	134	97	111	135	101	117	119	127	109	108	99	98	112	98	107	96	122	104	117	104	125	106	112	99	92	103	107	111	141	108	106	118	107	119	111	106	123	105	79	115	118	93	131	121	109	95	109	114	105	105	116	113	122	109	104	105	110	94	82	113	109	101	118	103	114	99	112	130	107	104	107	121	106	103	133	111	87	126	100	118	119	126	114	116	120	118	101	106	106	93	110	88	122	105	108	126	89	121	101	124	116	125	96	101	103	113	124	102	121	101	86	110	90	99	104	122	100	98	120	92	115	109	109	93	106	104	123	105	101	118	107	97	118	112	103	109	105	112	108	110	88	106	111	98	121	105	112	124	104	97	100	120	112	119	143	132	119	110	102	117	100	115	119	110	123	108	122	111	105	115	99	119	119	90	100	106	117	104	120	93	96	101	123	115	124	106	82	103	119	122	114	112	115	99	120	113
cell88	173	185	194	216	168	212	220	173	194	201	208	188	161	199	201	191	196	190	181	170	186	181	209	195	194	228	166	184	224	204	171	204	214	222	217	202	190	194	215	178	176	210	189	198	204	169	169	207	186	188	184	196	203	204	197	206	195	188	202	225	168	199	218	185	216	157	189	178	171	155	206	177	200	182	191	211	232	170	181	184	184	194	219	169	193	185	181	183	185	199	185	180	202	180	187	190	191	198	189	184	217	177	191	193	186	179	200	207	209	181	191	186	184	185	208	199	210	230	205	207	196	213	196	209	201	230	215	171	227	196	209	170	190	193	176	207	185	227	195	194	213	192	184	213	177	207	173	196	219	172	195	173	188	202	204	189	189	187	152	201	211	217	179	187	191	188	188	236	171	199	164	210	184	186	199	221	209	152	228	172	159	195	186	211	197	183	225	206	174	199	175	184	198	242	176	190	180	198	187	210	193	201	192	220	190	210	175	200	174	190	221	184	207	181	188	194	196	197	206	183	171	176	189	206	190	180	214	203	164	205	204	163	195	234	198	202	195	186	193	203	182	205	234	220	141	142	141	125	135	128	139	135	149	129	156	116	140	117	136	114	120	145	119	118	132	119	131	110	125	117	137	119	130	132	135	110	133	131	115	120	132	122	134	129	124	141	111	138	130	139	100	140	142	123	138	142	129	131	141	126	124	113	138	131	136	146	139	140	154	150	146	119	134	127	141	127	139	130	160	93	139	150	121	112	116	124	146	114	116	119	117	140	131	117	103	148	140	139	119	139	119	105	119	120	125	137	136	127	119	123	101	127	152	130	113	122	125	126	113	131	127	128	132	127	153	136	133	130	142	155	133	118	122	137	137	126	114	135	120	134	134	122	102	134	130	156	125	133	145	152	135	130	139	117	116	123	139	140	122	133	106	130	135	116	97	110	142	128	127	127	116	152	129	155	118	142	113	143	115	132	131	142	115	149	133	113	152	151	107	136	120	124	123	142	134	135	130	138	139	134	134	122	130	136	141	143	121	136	130	109	117	127	130	119	134	139	153	143	121	123	117	150	105	134	110	130	131	106	157	129	144	118	132	129	135	146	117	116	146	155	140	123	133	123	127	144	137	136	139	113	123	129	121	113	142	121	139	139
cell89	106	116	93	112	110	104	102	109	105	94	95	101	92	100	83	84	108	96	92	102	117	105	110	83	86	87	101	94	127	101	95	90	95	86	104	107	111	88	117	93	88	91	100	101	98	96	91	162	131	135	152	169	152	163	147	134	160	153	125	143	135	140	161	153	128	127	180	119	150	133	165	131	169	154	130	114	87	96	85	108	94	51	50	44	0	0	0	46	44	54	103	91	84	102	91	104	114	76	113	98	112	80	93	88	99	89	102	91	86	97	103	98	95	92	124	95	101	106	84	111	108	110	90	116	102	99	109	123	84	99	102	107	95	116	93	96	103	103	89	113	96	88	92	120	96	98	93	83	103	103	98	89	94	109	104	103	80	106	94	100	97	107	103	104	104	100	89	85	102	110	92	103	97	98	97	111	109	108	104	96	75	105	97	103	113	101	95	103	106	108	76	95	107	124	88	113	94	93	104	100	80	96	104	108	107	112	90	114	85	93	90	111	105	98	77	91	108	77	119	89	80	103	103	101	98	88	128	107	81	104	103	108	99	112	90	92	90	87	106	101	106	92	91	115	102	97	97	90	90	115	95	99	98	98	86	102	110	102	98	100	107	113	113	131	99	114	112	95	109	101	94	91	96	87	95	114	109	98	104	116	84	90	95	106	86	103	86	113	102	92	105	100	107	90	98	105	88	84	91	100	98	99	95	106	87	120	104	103	75	102	99	102	102	102	104	107	111	94	108	90	102	99	97	90	121	80	99	106	110	102	100	115	100	120	103	109	100	109	112	101	95	92	83	95	102	105	89	80	98	104	90	106	105	102	77	107	98	98	97	98	98	104	100	114	97	100	119	91	109	97	90	108	99	108	96	101	93	106	104	83	94	105	81	119	89	115	89	117	99	114	101	106	100	89	93	97	119	107	120	101	100	102	116	109	98	112	88	105	98	105	89	117	100	97	87	92	93	90	105	81	105	103	101	105	110	94	128	94	96	97	96	101	97	102	80	98	101	98	102	101	115	98	90	91	104	89	102	89	117	76	75	129	88	92	105	94	98	131	114	110	87	104	94	107	115	100	111	86	92	101	112	111	100	100	99	92	90	82	116	86	98	84	89	87	103	119	112	107	92	90	104	103	106	74	98	96	111	108
cell90	155	147	157	155	180	176	168	167	143	173	172	162	149	166	159	150	152	148	158	172	183	156	148	146	159	159	149	154	159	144	156	139	172	174	155	164	180	167	152	187	156	174	122	160	154	143	150	169	155	153	148	152	159	157	167	171	137	146	148	173	156	157	167	156	144	168	164	160	184	143	174	139	156	156	156	159	170	139	156	174	148	171	194	147	154	169	163	168	129	164	150	169	156	137	164	159	161	155	146	158	186	146	136	161	158	171	181	157	156	166	168	165	159	130	174	161	164	162	167	172	189	166	164	169	154	172	162	178	134	132	151	126	158	163	153	161	181	140	169	155	190	159	172	164	132	139	151	146	177	137	144	165	140	157	152	202	146	145	142	170	181	159	165	160	148	155	160	165	164	153	148	169	148	134	146	164	159	169	186	137	152	153	143	177	174	159	145	155	158	171	141	139	159	178	159	190	165	156	176	181	170	137	169	143	145	129	159	180	165	147	166	187	175	148	158	165	175	155	148	154	146	167	164	171	173	157	164	141	130	164	159	156	171	174	155	178	161	175	140	140	146	142	191	143	134	102	112	100	112	119	104	97	118	86	93	89	102	86	120	93	104	115	126	100	108	108	128	86	89	96	104	89	105	116	111	90	112	97	114	112	103	94	105	128	93	97	103	101	109	107	117	101	118	107	116	91	98	116	107	102	107	101	108	94	111	114	100	113	104	105	100	111	100	104	122	96	114	105	122	88	108	117	120	95	116	102	100	120	104	104	92	107	112	118	110	127	107	119	97	121	80	99	105	100	116	108	95	122	103	107	110	102	108	101	89	106	104	94	111	80	93	99	109	131	128	88	123	93	101	99	109	121	96	96	89	117	120	91	100	123	120	111	98	107	109	94	98	102	108	119	101	107	100	95	98	84	126	124	99	127	97	116	109	88	109	114	104	104	102	103	112	109	111	105	106	92	91	97	98	111	103	114	100	105	105	80	117	106	79	110	108	97	91	111	94	104	92	112	102	120	95	108	99	76	115	90	99	83	98	101	96	105	107	112	119	94	112	113	106	108	90	106	94	104	131	106	106	104	94	79	114	110	82	92	91	92	113	106	101	93	79	102	107	112	108	109	109	120	96	111	87	113	96	124	101	104	113	110
cell91	144	114	153	151	169	146	144	142	136	165	158	151	134	154	121	147	149	128	150	153	142	143	139	166	130	153	138	156	155	133	142	130	155	156	157	132	141	163	150	143	126	127	145	132	157	132	151	157	145	158	152	141	158	152	150	145	144	147	136	119	114	143	162	118	143	124	155	156	143	142	171	146	164	143	125	138	167	130	129	130	145	165	170	141	152	118	148	141	156	162	162	153	136	117	150	135	174	143	140	157	169	121	123	138	143	137	138	153	119	122	158	156	156	133	138	153	151	154	150	185	156	155	130	149	153	151	161	145	136	137	129	127	147	151	147	160	169	156	147	154	157	140	147	155	153	145	130	134	161	126	155	142	136	135	144	148	132	152	133	130	172	168	160	133	146	158	140	143	160	145	152	131	153	149	139	165	154	156	158	123	135	131	166	174	150	137	158	139	141	170	123	152	150	172	130	159	146	141	149	140	154	161	180	157	141	132	152	140	149	143	155	141	141	131	131	139	136	152	161	141	140	135	160	136	135	127	149	148	148	155	144	153	148	140	153	127	135	156	173	156	127	140	138	151	101	102	103	104	104	103	101	98	101	90	97	108	85	115	74	81	99	114	83	99	103	98	84	98	84	104	93	80	100	106	92	85	87	112	94	103	111	91	83	121	98	94	102	100	92	92	98	106	105	106	109	91	95	80	103	82	88	100	94	109	93	96	101	84	109	112	98	91	88	107	95	97	106	101	95	80	96	90	102	106	91	72	94	94	101	85	117	121	77	114	102	126	87	92	71	92	92	93	98	94	96	100	95	102	100	94	75	88	92	105	90	95	89	100	91	98	97	99	98	99	95	95	105	61	97	94	98	86	92	94	100	88	114	95	89	95	102	97	83	100	87	104	89	99	101	87	92	99	99	97	104	91	94	123	95	107	89	103	117	113	84	94	70	100	100	105	96	108	96	111	98	130	92	99	101	99	101	91	109	111	103	86	95	95	90	98	94	95	90	81	94	93	102	109	95	101	106	86	92	98	98	92	100	94	99	86	97	116	89	83	109	90	97	97	83	105	100	108	95	105	82	90	103	98	95	90	93	96	82	100	96	84	95	98	91	95	96	88	87	85	111	100	102	113	97	96	91	105	99	86	97	95	117	110
cell92	132	123	149	153	148	156	178	170	153	152	159	148	161	164	138	146	137	144	128	152	135	121	147	147	142	186	139	159	146	133	150	117	144	148	142	130	150	131	134	147	143	127	162	139	130	140	117	132	129	143	153	146	174	140	141	120	126	150	127	129	122	141	154	134	152	124	146	155	131	132	152	132	158	135	109	134	153	144	133	160	126	138	180	120	144	116	120	156	146	151	147	144	131	123	144	151	140	150	154	163	162	147	150	150	149	160	133	159	155	150	124	140	142	144	160	129	148	176	164	153	131	163	148	176	133	145	152	150	139	149	162	146	151	148	115	138	164	171	150	139	149	162	153	137	135	115	130	146	148	133	149	155	146	154	151	140	143	138	135	153	145	138	161	136	132	127	140	167	174	142	140	121	133	140	130	133	154	166	178	135	111	155	142	168	134	156	130	127	124	158	134	125	144	177	127	164	153	130	157	145	147	136	165	146	128	125	161	146	139	145	130	158	163	161	140	132	149	121	147	136	129	133	130	143	179	127	164	144	145	160	160	155	147	142	146	138	171	143	136	120	156	125	168	132	110	116	89	81	99	105	87	113	92	75	88	99	75	85	102	110	102	92	102	96	85	94	108	95	106	97	90	98	106	110	91	91	107	91	89	112	97	103	105	114	98	86	92	111	93	90	102	98	98	99	106	92	80	113	108	105	112	84	92	96	93	101	91	104	101	107	110	88	106	99	89	87	91	97	91	69	94	77	87	90	111	96	105	88	90	99	92	99	94	120	100	122	106	100	75	102	102	102	116	99	92	99	86	98	84	91	84	103	110	95	80	91	87	103	90	79	89	87	111	92	92	89	107	90	88	112	109	89	86	107	95	108	100	93	87	98	106	84	95	91	80	110	77	105	99	99	96	97	89	78	103	85	86	105	102	95	108	98	98	84	81	78	89	109	95	100	101	103	75	113	82	108	113	102	107	91	65	86	93	106	77	82	95	106	95	111	93	105	106	93	89	89	105	93	69	92	102	94	84	105	109	96	108	101	95	76	96	88	93	100	101	93	99	94	104	107	95	74	87	112	80	105	110	90	124	79	113	102	101	81	87	89	76	99	104	113	83	98	95	96	85	116	100	92	84	91	74	81	117	83	97	89	107	102
cell93	133	103	109	118	168	116	124	115	113	108	113	126	96	125	122	115	130	114	116	127	115	118	121	104	149	118	129	109	118	117	128	119	119	130	122	117	111	116	128	118	131	94	108	101	103	122	96	124	111	119	89	131	125	128	115	113	129	108	103	124	109	141	102	125	123	96	110	105	105	116	100	110	115	94	105	112	124	116	113	121	92	109	142	94	130	114	127	107	116	100	128	103	126	119	117	121	134	116	116	129	121	121	101	124	117	111	107	110	101	114	110	119	124	115	113	109	111	120	107	134	115	116	141	122	134	120	139	96	99	115	106	102	112	108	103	124	129	109	118	113	111	108	130	120	119	114	126	132	128	101	117	110	113	123	132	122	108	104	88	117	143	114	134	103	104	115	101	115	127	105	134	109	126	127	108	121	106	100	129	104	118	102	122	127	131	126	105	110	123	133	119	115	114	127	97	121	137	131	142	130	113	93	110	135	127	119	105	121	116	121	118	113	124	119	108	114	120	111	118	123	109	124	107	107	124	100	105	125	125	123	135	136	106	125	113	112	126	117	101	130	113	122	116	131	74	70	86	63	77	90	85	83	71	65	64	77	74	95	80	76	79	77	81	90	74	66	86	68	86	74	80	83	90	86	68	95	85	70	74	76	72	56	75	75	66	96	69	77	75	98	78	83	88	68	81	93	84	65	78	72	79	83	80	87	78	91	78	73	73	90	70	55	75	89	76	83	61	73	80	63	76	76	83	78	75	69	82	68	105	74	58	86	81	79	84	88	89	76	63	70	72	81	81	77	76	71	85	72	74	81	64	85	86	71	67	68	85	75	83	70	61	73	71	96	76	61	93	72	58	64	89	77	85	70	86	90	79	74	71	60	90	60	63	78	69	82	65	84	84	84	90	81	58	74	64	65	90	75	85	84	78	96	86	75	72	72	67	85	81	86	73	95	74	79	70	82	66	59	74	77	79	84	82	91	82	79	88	84	54	80	89	75	77	89	79	81	86	78	85	67	68	70	82	82	73	80	72	66	67	72	66	71	80	95	90	75	82	74	95	72	85	91	73	81	83	89	67	65	72	79	86	78	75	77	56	73	71	54	92	68	79	82	81	74	68	103	93	78	77	74	71	93	75	82	81	78	78	70
cell94	100	106	99	109	115	118	108	93	82	107	102	99	105	118	109	106	97	98	114	94	80	105	90	104	109	106	91	121	107	130	96	96	109	117	118	94	116	105	92	117	110	89	96	105	104	90	95	159	166	145	143	195	171	172	161	144	138	166	148	170	147	182	177	143	161	145	151	163	152	149	144	160	161	139	139	100	98	111	104	82	119	58	71	52	0	0	0	47	46	62	107	99	109	102	100	110	106	132	100	128	123	99	99	101	118	118	126	97	97	100	124	100	100	102	115	106	97	108	101	97	88	120	102	119	96	140	121	102	109	96	95	107	97	126	86	110	125	98	121	107	88	105	88	121	110	89	74	116	108	107	99	94	104	103	104	102	95	102	106	97	120	98	123	113	116	104	112	117	108	113	115	108	86	112	97	108	111	101	103	87	104	93	103	115	106	111	111	108	97	87	99	87	110	137	106	113	95	114	94	102	113	97	127	113	100	90	108	105	104	113	119	101	106	102	78	114	99	115	120	96	97	90	101	124	121	108	95	84	126	108	128	101	96	106	107	116	87	126	106	92	102	107	121	113	116	114	102	106	112	125	109	120	113	111	115	99	99	102	111	108	85	110	108	115	109	108	107	101	118	114	118	83	109	113	96	112	116	83	111	105	93	86	108	136	104	113	113	118	116	118	107	118	103	88	108	113	115	114	101	125	96	110	86	123	119	91	114	99	97	110	106	92	109	93	103	104	100	105	117	88	96	98	107	97	107	89	109	107	97	85	95	115	107	120	108	125	117	123	78	81	86	117	122	97	102	101	122	99	95	109	116	104	88	102	100	98	87	110	105	100	113	94	107	100	105	92	114	100	106	126	89	90	99	105	106	125	123	109	97	113	114	110	107	112	94	124	114	108	98	115	96	110	114	85	98	89	108	104	103	106	105	110	115	101	77	87	99	105	106	103	107	130	99	115	88	123	118	97	73	104	103	93	88	106	115	85	98	111	100	110	113	108	94	101	106	78	103	139	114	114	100	117	107	119	101	91	120	112	115	109	118	95	112	117	115	92	140	130	110	105	103	101	93	105	115	97	111	110	98	106	105	108	116	114	100	90	91	104	115	107	110	96	105	88	113	116	104	101	119	97	100	115	88	97	120	102	112	112
cell95	135	138	141	117	152	164	152	141	135	144	141	145	108	168	134	132	125	152	154	138	143	127	156	135	136	156	153	145	137	159	137	137	146	164	145	141	132	139	135	126	140	139	134	115	134	128	117	154	123	154	127	137	131	149	126	121	128	135	136	122	147	159	142	111	160	124	160	152	147	128	127	123	144	119	140	150	146	121	157	143	135	162	145	134	125	116	137	132	139	124	123	137	137	129	149	144	143	138	120	150	156	131	146	159	133	128	143	152	139	116	139	160	139	133	150	130	139	141	138	150	145	163	160	149	127	142	147	113	134	116	140	132	152	146	128	141	134	132	143	115	151	151	138	134	127	142	119	144	145	142	140	140	131	136	126	135	122	159	109	152	184	139	136	144	131	145	155	152	154	127	153	136	124	133	118	153	153	141	147	111	131	119	143	149	139	139	142	132	127	141	138	141	137	162	128	133	125	143	123	144	145	133	143	158	137	131	141	164	130	127	138	154	131	133	131	139	127	145	134	136	126	109	136	151	140	139	160	152	157	137	145	127	145	141	161	107	120	138	165	129	124	136	140	148	102	84	95	90	94	94	88	93	99	71	105	99	91	91	86	81	96	104	94	99	90	96	99	85	93	103	109	84	103	101	88	104	86	99	84	105	103	102	83	119	89	93	93	102	87	97	88	93	107	98	105	97	88	90	87	102	84	93	83	90	82	90	103	99	83	92	99	89	88	104	94	71	85	93	88	78	89	108	89	76	101	93	92	99	76	106	63	110	83	100	94	97	91	112	84	86	90	80	89	91	97	104	89	98	112	94	89	104	95	90	84	87	99	85	106	79	85	93	90	101	95	88	98	76	94	82	88	101	86	99	87	87	113	91	75	81	75	98	65	98	99	112	84	91	116	120	99	91	100	83	82	90	93	108	89	103	95	84	108	92	89	95	101	91	89	110	106	100	68	99	94	87	103	106	76	85	103	88	84	109	105	87	89	101	101	101	99	88	89	103	90	84	80	95	86	84	101	92	99	92	90	104	103	87	107	93	95	83	92	97	80	97	83	95	91	112	113	77	82	89	93	90	93	83	94	107	99	96	99	80	102	84	94	68	84	93	80	94	105	88	95	91	102	103	84	100	91	108	97	95	107	86	106	100
cell96	280	276	256	322	304	293	277	282	260	293	262	266	233	287	257	240	242	247	256	262	288	260	287	262	263	280	253	286	276	266	286	245	300	271	296	214	276	270	322	259	244	232	278	241	267	265	248	305	296	285	249	284	304	281	290	228	293	254	244	278	255	257	298	244	268	229	269	265	241	277	270	236	296	246	234	242	277	260	281	289	248	272	328	225	274	276	265	283	239	265	269	275	234	239	259	282	272	248	238	311	285	249	279	267	266	254	292	260	252	260	277	265	258	249	283	239	300	261	237	273	257	285	310	317	250	288	295	265	285	249	271	256	279	270	249	260	283	279	295	243	251	233	242	266	244	273	261	270	281	253	250	259	237	296	276	263	250	250	222	270	276	285	279	250	276	221	280	291	276	279	285	274	266	257	234	305	257	278	300	248	224	246	256	288	255	273	292	239	260	297	259	259	273	326	270	290	284	242	293	269	268	255	263	246	259	276	275	315	243	269	230	261	266	255	258	281	265	232	284	259	266	244	281	270	286	258	307	229	268	267	281	230	275	285	265	256	273	254	248	254	247	271	246	274	201	195	164	183	182	189	168	206	195	145	167	183	183	189	172	184	184	184	191	179	176	176	185	178	179	168	193	157	172	182	158	167	203	155	176	175	187	186	185	192	166	209	169	176	177	203	167	188	218	166	178	163	177	156	174	176	196	175	183	189	177	182	175	212	184	198	194	167	170	192	199	183	172	158	166	158	188	186	179	156	172	140	171	152	170	157	185	186	198	186	168	179	170	193	145	173	184	184	165	148	182	209	160	162	201	206	178	198	181	206	173	188	138	154	156	164	188	158	155	192	193	196	192	156	164	192	190	171	186	188	174	176	204	155	165	172	190	160	182	196	183	164	160	163	190	185	170	188	152	158	159	156	164	179	154	172	181	194	165	198	167	182	154	165	160	194	182	172	168	186	162	187	157	138	176	157	148	169	163	162	173	149	184	214	161	176	177	150	150	177	207	184	188	204	180	190	172	176	188	158	198	174	208	194	167	140	172	180	192	196	195	159	185	166	167	164	153	192	152	199	181	170	186	167	162	141	202	171	184	199	171	183	176	164	190	155	185	148	171	187	179	184	193	194	192	178	156	206	178	188	180	167	176	173
cell97	234	221	249	212	246	237	217	228	220	252	247	232	225	231	214	217	214	219	220	218	229	234	232	244	244	232	224	229	255	241	206	216	233	214	251	240	252	219	230	193	225	230	212	229	206	204	220	248	209	215	211	242	227	230	218	209	216	250	228	254	190	245	211	231	226	206	250	233	205	232	250	256	233	209	230	224	230	202	228	219	243	213	256	206	227	224	229	256	250	217	247	242	220	204	237	277	241	224	220	241	234	222	226	241	213	244	201	222	205	201	211	224	240	192	252	200	248	265	199	250	226	247	240	246	241	231	250	215	257	218	237	216	211	218	213	251	233	254	231	218	235	241	228	220	207	246	201	221	223	218	237	239	231	227	249	231	205	208	194	226	247	246	236	229	233	211	254	269	224	269	238	242	220	237	209	225	261	232	269	224	181	220	216	213	231	263	208	227	231	257	235	189	249	241	217	257	218	228	238	241	228	197	233	222	223	183	247	239	209	222	228	218	240	205	238	241	206	222	229	224	205	243	233	223	255	194	241	229	237	243	224	228	198	239	235	239	240	260	204	226	224	218	220	217	199	147	134	163	171	182	152	159	169	121	161	162	134	168	146	151	162	164	176	157	177	138	136	152	156	157	159	136	157	154	152	150	159	128	145	177	149	172	162	151	142	153	138	152	146	157	151	152	167	146	158	144	143	144	162	146	171	158	149	118	156	167	158	160	163	170	151	161	165	161	137	158	144	172	157	141	159	123	148	152	175	155	160	150	183	160	152	151	182	178	159	177	172	158	163	160	163	136	171	148	154	147	129	135	166	140	126	161	164	160	152	143	143	134	152	166	131	137	177	169	173	150	155	135	151	163	158	151	152	170	149	153	165	130	141	152	126	168	117	155	137	151	134	153	145	170	164	151	148	141	152	142	134	134	137	157	146	179	154	162	135	133	161	161	146	149	153	158	161	165	136	157	160	127	134	152	164	156	149	171	148	139	170	184	156	164	149	162	128	147	122	160	152	141	176	139	138	156	168	121	119	147	169	136	180	136	130	163	139	150	174	147	162	154	161	137	131	159	140	152	159	148	154	144	129	143	176	139	132	134	153	139	160	137	152	132	158	134	143	142	148	150	162	151	159	135	129	144	156	158	146	136	159	162
cell98	105	103	116	113	127	109	117	116	119	99	103	107	86	123	108	89	105	103	109	105	108	122	100	109	90	115	94	112	106	117	107	84	113	119	112	105	106	95	115	100	111	116	106	114	105	97	91	171	146	153	155	146	159	184	154	184	166	164	160	170	155	171	178	166	168	138	163	182	182	147	157	166	168	165	138	104	109	108	90	98	97	66	59	47	0	0	0	48	40	56	119	93	106	97	129	118	109	134	83	114	108	106	82	103	109	83	109	120	92	106	107	99	106	112	112	112	113	108	76	106	93	102	101	100	101	109	117	113	129	97	114	83	111	91	95	114	106	90	107	93	105	83	103	132	96	115	119	106	120	102	95	109	109	108	107	106	112	108	94	114	131	112	102	108	105	109	108	110	93	116	91	122	134	91	82	103	117	115	120	102	101	111	110	113	97	111	91	106	97	131	114	98	118	127	107	134	103	95	100	104	110	120	124	129	111	93	109	106	93	106	112	101	128	120	109	104	111	102	109	118	96	97	119	105	104	84	105	98	112	125	120	85	112	111	102	118	117	116	97	110	106	94	97	101	112	128	126	102	102	123	112	123	96	95	113	109	93	139	109	116	105	120	88	106	118	96	112	114	98	107	115	116	100	125	114	112	137	92	120	125	108	113	115	104	107	106	112	122	118	120	126	108	122	101	107	108	113	92	97	99	115	96	96	133	109	105	98	109	120	113	116	94	99	109	103	122	94	107	96	91	98	103	115	99	106	107	93	112	108	112	114	123	103	130	123	96	87	125	104	112	110	101	96	91	104	101	89	84	109	126	98	97	103	108	109	100	101	82	95	103	108	115	115	110	101	105	102	99	86	122	134	108	114	105	111	104	120	93	108	108	96	92	87	120	92	111	106	114	96	111	119	118	107	83	80	104	90	118	125	100	111	125	98	125	119	114	116	114	97	115	101	105	88	107	99	114	104	108	108	95	111	120	109	120	117	99	96	115	86	113	103	103	107	109	96	100	114	94	77	96	95	104	139	107	94	119	108	114	107	98	104	112	118	108	89	106	87	117	114	120	104	120	103	119	99	106	107	96	121	103	113	100	95	98	105	137	86	105	133	111	105	83	99	98	103	97	118	113	102	89	97	106	127	92	100	100	114	100
cell99	109	102	121	115	119	102	141	118	108	113	101	100	114	125	103	93	105	115	113	118	112	110	132	93	96	101	111	116	111	128	113	127	117	110	127	100	118	101	108	112	125	118	92	113	124	128	99	97	114	106	109	101	123	117	105	116	122	107	105	132	105	117	104	106	119	97	105	115	125	113	115	108	123	98	112	100	100	119	125	127	116	117	126	104	103	129	106	110	120	120	129	103	122	112	123	114	105	108	124	112	115	116	111	102	99	109	114	120	113	121	117	111	127	118	124	100	114	126	93	143	128	133	102	111	111	110	119	93	99	105	112	94	96	125	117	84	116	119	114	113	112	119	113	108	113	124	109	129	132	113	111	119	112	104	134	116	85	101	111	111	121	119	135	98	98	112	113	121	87	136	111	122	122	119	112	119	109	100	145	89	110	113	115	115	126	102	116	132	127	107	103	104	107	127	114	116	111	129	107	124	133	100	137	117	123	102	125	130	110	109	127	133	116	98	101	122	112	91	120	123	107	117	135	125	125	90	114	114	113	128	126	107	116	115	134	117	90	148	121	133	111	92	121	134	77	73	77	81	88	99	79	79	86	61	78	75	75	91	109	73	85	88	81	80	83	70	74	69	80	71	88	64	72	72	81	79	76	86	74	93	64	86	85	67	84	87	81	91	69	76	78	94	90	71	88	78	84	66	71	80	89	72	70	85	75	78	72	86	76	90	93	76	94	84	77	64	63	66	76	71	87	80	77	77	71	71	86	71	82	67	70	79	75	93	90	108	78	76	60	85	63	88	78	61	83	78	82	82	70	88	64	82	91	88	64	84	70	62	63	62	80	68	83	77	77	77	74	88	73	88	92	66	76	78	81	84	85	81	65	72	77	73	78	83	66	77	79	94	77	77	71	83	72	88	74	73	76	64	80	71	62	80	82	73	57	87	72	82	79	74	69	83	81	85	55	67	78	68	71	59	74	83	75	74	82	69	75	74	85	103	58	79	77	79	60	87	63	89	63	92	65	68	53	81	68	78	78	80	76	77	76	86	73	77	87	65	100	67	77	82	72	87	72	88	70	78	77	85	68	65	99	81	54	83	95	82	85	72	88	63	70	64	94	79	84	73	75	71	95	74	64	92	85	83	91	74	87	87
