	0	1	2	3	4	5	6	7	8	9	10	11	12	13	14	15	16	17	18	19	20	21	22	23	24	25	26	27	28	29	30	31	32	33	34	35	36	37	38	39	40	41	42	43	44	45	46	47	48	49	50	51	52	53	54	55	56	57	58	59	60	61	62	63	64	65	66	67	68	69	70	71	72	73	74	75	76	77	78	79	80	81	82	83	84	85	86	87	88	89	90	91	92	93	94	95	96	97	98	99	100	101	102	103	104	105	106	107	108	109	110	111	112	113	114	115	116	117	118	119	120	121	122	123	124	125	126	127	128	129	130	131	132	133	134	135	136	137	138	139	140	141	142	143	144	145	146	147	148	149	150	151	152	153	154	155	156	157	158	159	160	161	162	163	164	165	166	167	168	169	170	171	172	173	174	175	176	177	178	179	180	181	182	183	184	185	186	187	188	189	190	191	192	193	194	195	196	197	198	199	200	201	202	203	204	205	206	207	208	209	210	211	212	213	214	215	216	217	218	219	220	221	222	223	224	225	226	227	228	229	230	231	232	233	234	235	236	237	238	239	240	241	242	243	244	245	246	247	248	249	250	251	252	253	254	255	256	257	258	259	260	261	262	263	264	265	266	267	268	269	270	271	272	273	274	275	276	277	278	279	280	281	282	283	284	285	286	287	288	289	290	291	292	293	294	295	296	297	298	299	300	301	302	303	304	305	306	307	308	309	310	311	312	313	314	315	316	317	318	319	320	321	322	323	324	325	326	327	328	329	330	331	332	333	334	335	336	337	338	339	340	341	342	343	344	345	346	347	348	349	350	351	352	353	354	355	356	357	358	359	360	361	362	363	364	365	366	367	368	369	370	371	372	373	374	375	376	377	378	379	380	381	382	383	384	385	386	387	388	389	390	391	392	393	394	395	396	397	398	399	400	401	402	403	404	405	406	407	408	409	410	411	412	413	414	415	416	417	418	419	420	421	422	423	424	425	426	427	428	429	430	431	432	433	434	435	436	437	438	439	440	441	442	443	444	445	446	447	448	449	450	451	452	453	454	455	456	457	458	459	460	461	462	463	464	465	466	467	468	469	470	471	472	473	474	475	476	477	478	479	480	481	482	483	484	485	486	487	488	489	490	491	492	493	494	495	496	497
cell0	1.50102	0.63991	1.25612	1.13762	1.41412	1.31142	0.98752	1.17712	1.01912	0.52931	0.79791	1.34302	0.99542	1.48522	0.76631	0.97962	0.92431	0.66361	1.45362	1.20872	1.76963	0.82161	0.63991	1.06652	0.98752	0.86111	2.40164	1.58002	1.46942	1.37462	0.48191	1.45362	1.47732	1.18502	1.02702	0.95591	0.52931	1.02702	1.08232	1.15342	0.59251	0.83741	0.94801	0.89271	1.31142	1.51682	2.09353	1.20872	1.04282	1.20082	0.84531	0.62411	1.60372	1.35092	1.08232	1.08232	0.90851	1.14552	0.74261	1.76173	0.88481	1.09812	2.09353	1.23242	1.07442	1.48522	1.23242	0.88481	0.82161	0.74261	1.43782	0.97172	1.49312	0.77421	1.05862	1.30352	1.28772	1.00332	0.87691	1.69853	1.27192	0.93221	2.00663	1.39832	1.88813	0.98752	1.50102	1.09022	1.27982	1.77753	1.48522	0.92431	1.20082	1.46152	0.99542	0.71101	1.54842	1.43782	1.87233	1.28772	1.42992	1.23242	0.93221	0.67151	0.98752	1.27982	0.94801	1.54842	1.47732	1.05862	1.58792	1.00332	1.40622	2.20413	1.33512	1.91973	1.21662	0.98752	0.56881	2.35424	1.21662	0.64781	1.00332	1.53262	1.34302	0.69521	1.78543	1.03492	1.06652	0.97962	1.16132	0.88481	1.16922	1.80123	0.99542	1.42992	1.56422	0.71101	0.90851	1.02702	1.18502	0.82951	0.76631	1.28772	1.38252	0.97172	0.67941	0.64781	0.89271	2.25943	0.94011	0.50561	0.90061	1.46152	0.95591	0.47401	1.06652	1.64323	1.54842	1.53262	0.86111	2.00663	1.55632	0.89271	1.77753	0.94801	1.65113	1.12182	1.97503	1.01912	0.58461	1.02702	1.42992	1.10602	1.43782	1.35092	0.98752	1.44572	1.41412	2.03823	1.05072	1.18502	1.02702	1.22452	2.02243	0.98752	0.54511	0.88481	0.57671	1.42992	0.99542	1.77753	0.67941	0.52931	1.28772	0.98752	1.27982	0.96381	2.46484	0.97172	1.20082	1.61953	0.86111	0.98752	0.94011	1.23242	1.07442	1.92763	1.89603	1.63533	0.60041	1.28772	1.95923	1.46152	1.41412	1.21662	0.77421	1.37462	0.91641	0.99542	1.88813	1.42202	0.94011	0.81371	1.64323	1.38252	2.18043	0.95591	1.27192	0.56881	0.82161	0.63991	1.65113	0.80581	0.75051	1.24032	0.62411	1.33512	0.41871	0.74261	1.26402	1.92763	1.56422	1.50892	0.77421	0.55301	0.75841	1.11392	0.2923	0.86111	0.82951	0.2686	0.71101	0.70311	0.74261	1.07442	0.94801	0.73471	0.53721	0.48981	0.61621	0.58461	0.64781	1.58002	0.32391	0.94801	0.3081	0.39501	1.20872	0.67151	0.80581	0.91641	0.73471	0.56091	0.77421	0.63991	0.95591	0.82161	0.51351	1.05862	0.75051	1.45362	0.87691	0.92431	1.09022	1.12182	0.60831	0.86111	0.37921	0.94801	0.79791	0.97962	1.08232	0.79001	0.76631	0.47401	0.40291	0.48981	0.67151	0.68731	0.45821	1.18502	0.86111	0.50561	1.21662	1.21662	0.86901	0.53721	0.61621	0.67941	0.92431	0.99542	0.2449	0.49771	1.14552	0.94801	1.24822	0.53721	0.66361	0.56091	0.92431	0.69521	0.62411	0.53721	0.72681	0.71891	0.96381	0.63991	0.66361	0.60041	0.97172	0.73471	0.82161	0.82161	1.23242	0.91641	0.90061	0.88481	1.08232	0.83741	0.52141	1.30352	1.07442	0.85321	1.01912	0.54511	0.71891	0.68731	0.316	0.74261	1.01912	0.71891	0.91641	1.13762	1.05862	1.05862	0.48981	0.83741	0.64781	0.97172	0.68731	0.71891	1.36672	1.01912	0.70311	0.67941	0.83741	0.46611	0.56881	0.91641	1.28772	0.61621	0.45821	0.94011	1.00332	0.72681	0.73471	0.69521	0.73471	0.72681	0.86111	0.89271	0.77421	0.47401	0.52141	0.75051	1.30352	0.74261	0.79791	1.16132	0.2923	0.68731	0.67151	0.84531	0.41871	0.1896	0.35551	0.88481	1.27192	1.02702	1.12182	0.78211	0.73471	0.67941	0.94801	0.83741	0.66361	0.67941	1.24822	0.33181	0.63991	1.05072	0.75051	1.00332	0.55301	1.20082	0.89271	1.29562	0.66361	0.93221	0.65571	0.66361	0.86111	0.74261	1.11392	0.79001	0.71891	1.29562	1.10602	0.32391	0.59251	0.57671	1.01912	0.53721	0.74261	0.96381	0.73471	0.81371	0.76631	0.44241	0.45031	1.17712	0.77421	0.80581	0.71891	0.75841	0.92431	0.67941	0.59251	0.37131	0.86901	0.82951	1.28772	1.20872	1.47732	0.34761	0.59251	1.03492	0.90851	0.90851	0.71101	1.42992	0.73471	0.60831	1.21662	0.82951	1.05862	0.85321	1.21662	0.79791	1.21662	1.54052	0.56091	1.15342	0.81371	0.73471	0.96381	0.60831	1.34302	0.76631	1.11392	0.63201	1.07442	0.60831	0.64781	0.59251	1.12972	0.47401	0.63991	0.77421	0.58461	1.06652	1.07442	0.45821	1.23242	0.85321	0.93221	0.97962
cell1	1.20626	1.20626	1.03988	1.62915	0.65859	0.93589	0.85964	1.1924	2.07977	0.83191	1.64995	0.96362	0.72099	1.50436	0.84577	1.52516	1.06068	0.97749	0.85964	1.15774	1.03988	1.43504	0.82497	0.81804	0.66553	0.8735	1.48357	1.13694	1.14387	2.39866	1.08841	1.80246	0.81804	1.47663	1.14387	0.90123	2.74529	1.87872	0.85964	0.56847	1.26172	1.5113	1.2132	1.24786	0.80418	1.13694	0.70019	1.1716	1.43504	0.41595	1.747	1.33105	1.54596	1.13694	0.3189	0.76258	1.12307	1.53209	1.42811	0.49914	1.25479	1.19933	1.80246	1.54596	1.1924	1.06068	1.11614	1.67075	1.66381	2.26001	2.3848	0.63779	1.50436	1.09534	0.97056	0.54074	0.83884	1.4905	0.71405	0.85964	0.80418	1.29639	1.58062	0.97749	0.97749	2.45412	1.35185	0.74872	1.11614	0.83884	0.88737	1.5113	2.03817	1.67075	0.58927	1.72621	0.93589	1.30332	1.40731	1.28252	1.79553	1.05375	1.1924	1.00522	0.88043	0.8943	1.10228	1.57369	0.82497	1.56676	0.56847	1.15774	1.2132	0.86657	1.05375	1.64302	1.00522	1.67075	1.18547	0.99136	1.35878	1.64995	0.72792	1.1924	0.71405	1.52516	1.52516	0.9151	0.70712	1.32412	1.25479	0.98442	1.73314	1.22706	0.79031	0.78338	1.06068	1.74007	1.66381	1.40038	1.40731	1.19933	1.74007	1.45584	1.28946	1.32412	0.88737	1.39344	1.06068	1.01909	1.37958	1.58755	0.97056	0.98442	0.74178	0.76258	1.47663	1.22706	0.82497	1.22706	1.19933	0.65859	1.40038	0.71405	0.99829	1.4905	1.37265	0.43675	0.76951	1.26866	2.62051	2.20455	0.74872	0.92896	1.04682	0.81804	0.70712	1.65688	1.1924	0.63086	1.71927	1.61529	0.56847	1.08148	1.53209	0.72099	1.86486	1.04682	1.37958	1.17853	1.48357	1.23399	1.33798	0.96362	1.33798	1.79553	1.37265	1.55982	1.13694	1.89259	0.98442	1.4697	1.34492	1.68461	1.29639	1.42811	0.67939	0.65859	1.09534	1.31719	1.65688	2.32934	1.70541	1.60835	1.08841	1.10921	1.30332	1.04682	1.71927	1.60142	1.2132	2.01737	2.11443	0.63779	1.1716	1.13694	1.10921	1.26172	0.74178	1.20626	1.40038	1.42811	1.37958	0.97749	0.8943	0.72792	0.90123	1.03295	1.13694	1.37958	1.45584	1.73314	1.30332	1.03295	1.15774	0.5962	0.63779	1.22706	1.01215	0.77645	0.617	0.69326	0.88043	0.84577	0.51994	0.79724	0.8527	0.76951	0.41595	0.60313	0.27037	0.95669	0.74872	0.83191	1.00522	0.70019	0.92896	0.74178	1.05375	0.43675	0.63086	0.94976	0.74872	0.54767	0.53381	0.74872	0.54767	0.58927	1.08841	0.81804	0.54767	0.52687	0.93589	0.51301	1.43504	0.73485	0.88043	1.06761	0.70019	1.11614	0.85964	0.67246	1.2132	0.88737	0.70019	0.40209	0.65859	0.70712	0.5962	1.17853	0.63086	0.72099	0.58233	0.67939	0.54074	0.63779	1.04682	0.72792	0.96362	1.28946	1.03988	0.96362	0.48528	1.05375	0.76951	0.81804	0.74178	0.72792	0.63086	0.67246	0.617	0.58233	0.69326	0.72099	0.54767	0.75565	0.76258	0.86657	0.5546	0.99829	0.70019	1.00522	0.63086	0.88043	0.94976	1.01215	0.66553	0.48528	0.81804	0.94976	0.92896	0.74178	0.74178	0.617	1.05375	1.02602	0.52687	1.06068	0.38129	0.38822	0.48528	0.94283	0.85964	0.56154	0.74178	0.8527	0.88043	1.37958	1.7886	0.72792	1.12307	0.79031	0.54074	0.65859	1.08148	0.37436	0.90123	0.90816	0.85964	0.5754	0.68632	0.51994	1.17853	0.84577	1.03295	0.61006	0.72099	1.4905	0.79031	0.72099	0.5754	0.40902	1.15774	1.42811	0.72099	0.67246	0.76258	0.5962	0.63779	0.52687	0.58927	0.79031	0.73485	0.51301	0.74872	0.84577	0.65166	0.61006	0.81111	0.74178	0.76951	0.65166	1.03988	1.1924	1.1508	0.60313	0.72792	0.81111	0.96362	0.38129	0.48528	0.66553	0.88737	0.58927	0.77645	0.5962	0.94283	0.79031	0.66553	0.67939	0.5754	0.38129	1.18547	0.51301	0.72099	1.06761	0.47835	0.79724	0.54074	1.08841	0.45062	0.97749	0.92896	0.75565	0.81804	0.60313	0.94283	0.97749	0.3189	0.70019	1.05375	0.63779	0.81111	0.86657	0.61006	0.76258	1.02602	1.34492	0.85964	1.22706	1.32412	1.40731	0.82497	1.07455	0.97056	0.38822	0.617	0.63086	0.56847	0.65166	0.65166	0.80418	0.94283	0.74178	0.79724	0.63086	0.47141	0.47835	1.08148	0.72792	1.08148	0.42982	0.79724	0.90123	0.60313	0.74178	0.70712	0.60313	0.66553	0.56847	0.99136	0.76258	0.52687	0.94976	0.74872	0.72792	1.22013	0.40902	0.99136	0.5754	1.02602	0.51994	0.81111	0.70712	0.97749	0.98442	0.65859	0.66553
cell2	1.01565	1.84255	1.06958	1.03362	0.65613	0.59321	1.1235	1.06958	0.72803	2.02231	0.80892	0.55726	0.76398	2.29195	0.63815	1.55493	0.84488	1.35719	1.08755	0.72803	1.35719	0.55726	2.02231	1.06958	1.16844	1.1235	1.32124	1.75267	1.80659	1.01565	1.28529	1.7257	1.501	1.24035	0.88982	0.93476	1.08755	1.32124	1.40213	0.63815	0.99767	1.11452	1.01565	1.06059	1.11452	0.69208	1.10553	1.70773	0.79095	0.91678	1.501	1.06059	0.92577	1.6538	0.8988	1.59987	1.22237	0.8269	0.56625	0.92577	1.17743	0.97071	0.95273	0.50333	1.59987	0.83589	1.06958	1.01565	0.99767	1.38416	1.24934	1.06059	1.33922	1.1235	1.32124	0.85386	0.62916	1.26731	1.22237	0.88982	1.86052	0.56625	1.33922	2.14814	0.85386	1.14148	1.15047	1.21338	0.90779	1.42011	0.69208	1.08755	0.88982	0.8988	1.59987	1.64481	1.47404	1.0516	1.04261	1.39315	2.85819	1.01565	1.55493	0.54827	1.34821	0.65613	1.55493	0.88083	0.94374	0.75499	0.88982	1.19541	1.26731	1.58189	1.85154	1.84255	1.18642	1.73469	1.4291	1.22237	1.23136	1.31225	1.56392	1.22237	0.79994	0.62916	1.64481	1.13249	2.21106	1.77963	1.6538	1.11452	0.90779	1.48303	1.02464	0.86285	1.25832	1.14148	1.18642	0.80892	0.99767	1.00666	1.01565	1.06958	0.81791	0.74601	1.25832	1.56392	1.61785	1.94142	0.56625	1.37517	0.83589	1.43809	1.09654	0.79095	1.1235	1.96838	1.11452	0.90779	0.83589	0.93476	1.29428	0.64714	1.19541	1.59088	1.06059	0.97071	1.16844	0.80892	1.06958	1.24934	1.24035	1.44707	1.24035	2.04028	0.73702	1.06958	0.68309	1.35719	1.1235	1.07856	1.10553	1.47404	1.49201	1.34821	1.2044	1.85154	1.17743	2.34588	1.1235	1.50999	0.61119	1.14148	1.29428	1.55493	0.72803	1.50999	0.59321	1.24934	1.57291	1.01565	0.97071	0.71005	0.93476	0.71904	1.28529	0.98868	1.06958	0.94374	0.8269	1.10553	1.42011	1.24035	1.11452	1.26731	1.68975	1.64481	1.30326	1.36618	1.62683	0.79095	1.62683	0.93476	1.98636	1.10553	1.14148	0.97071	1.21338	0.9797	1.06059	0.8269	2.07624	1.03362	0.77297	0.90779	1.34821	1.25832	1.00666	1.62683	0.75499	1.37517	1.01565	1.24035	0.78196	0.88982	0.58422	1.19541	0.54827	0.65613	0.95273	0.68309	0.54827	0.85386	0.96172	0.71005	0.84488	1.25832	0.87184	0.92577	0.74601	0.80892	0.34155	0.8988	0.51232	0.6741	0.86285	0.85386	0.42244	0.63815	0.62916	0.53029	0.84488	0.91678	0.48535	0.6022	0.66511	0.29661	0.46738	0.84488	1.06059	0.49434	0.26964	0.57523	1.09654	0.70107	1.04261	1.2763	0.62916	0.54827	0.76398	0.59321	0.80892	0.6741	1.24934	0.50333	0.97071	1.36618	0.65613	0.51232	1.33922	0.59321	1.06059	0.66511	0.87184	1.26731	0.78196	0.30559	1.39315	0.62017	1.0516	1.01565	0.62916	1.34821	0.85386	0.49434	1.34821	0.4494	0.8269	0.8988	1.02464	1.17743	0.58422	0.72803	1.18642	1.33023	1.0516	0.98868	0.58422	0.68309	1.06059	0.66511	1.08755	1.1235	0.88083	0.6741	0.65613	0.62916	0.46738	0.57523	1.38416	0.92577	0.54827	0.70107	0.74601	0.72803	0.87184	0.9797	0.99767	0.8269	0.71904	0.84488	0.53928	1.13249	1.15047	1.13249	0.71005	0.85386	0.42244	0.76398	1.15047	0.6741	0.87184	0.86285	0.61119	0.81791	1.28529	0.74601	0.85386	0.72803	1.08755	0.91678	0.87184	0.61119	1.51898	0.97071	0.74601	0.47637	0.57523	1.02464	0.6022	0.61119	1.13249	0.85386	0.72803	0.94374	0.65613	1.1235	0.9797	0.74601	1.06958	0.79095	1.17743	0.85386	1.69874	0.71904	0.6022	0.74601	0.76398	0.98868	0.72803	0.79095	1.67177	0.62017	0.64714	0.32357	0.88083	1.19541	0.96172	0.62916	0.4494	0.72803	0.88982	0.80892	0.73702	0.59321	0.71005	0.98868	1.17743	0.9797	0.94374	0.36851	0.59321	1.11452	0.79095	0.95273	0.95273	0.88083	0.77297	0.76398	0.69208	0.88982	0.71005	0.6741	0.71904	0.84488	0.53029	0.78196	1.18642	1.49201	1.04261	0.54827	0.96172	0.62916	1.09654	0.50333	0.72803	0.56625	0.57523	1.06059	0.53029	0.40446	0.53928	1.09654	1.06059	0.9797	0.68309	0.63815	0.83589	0.73702	0.53029	0.59321	1.03362	0.53029	1.29428	0.8269	0.6022	1.14148	0.63815	0.46738	0.86285	1.4291	1.21338	0.99767	0.53928	0.6741	0.65613	0.6741	1.11452	0.8988	0.73702	0.88083	1.35719	0.68309	0.74601	0.81791	1.02464	0.98868	0.62017	0.68309	0.62916	1.24035	0.92577	0.66511	0.6022	0.59321	0.88083	0.47637
cell3	0.81663	0.83478	0.61701	1.01625	0.88015	0.76219	1.12514	1.44272	1.33383	0.90737	0.32665	1.30661	2.01436	0.66238	2.00528	0.81663	0.63516	0.81663	0.81663	0.70775	0.81663	0.78034	1.77844	1.05255	0.54442	1.16143	0.862	0.78034	1.25217	0.862	1.2068	0.56257	1.07977	0.97996	0.37202	1.28846	0.27221	1.17051	0.73497	0.90737	0.73497	0.98903	0.48091	1.07069	1.04347	0.89829	0.5172	1.56975	1.67863	1.17051	1.28846	1.14328	2.15046	1.69678	1.92362	2.0688	1.07977	1.34291	1.51531	1.42457	1.25217	1.73307	2.02343	1.14328	1.63326	1.76937	1.18865	1.36105	1.33383	1.37013	1.41549	1.51531	2.00528	1.26124	1.27939	0.69867	0.99811	0.85293	0.90737	0.88922	1.24309	0.5172	0.54442	0.59886	0.41739	0.59886	0.84385	0.36295	0.63516	0.44461	0.81663	1.15236	1.61512	0.862	0.90737	1.22495	1.50623	1.45179	0.59886	1.14328	0.47183	1.17051	1.17958	0.862	0.71682	0.92552	1.11606	0.84385	0.44461	0.58979	1.07069	1.00718	1.16143	1.05255	2.25935	0.29943	0.82571	0.95274	1.22495	1.08884	0.80756	0.57164	0.75312	0.88922	0.41739	0.81663	0.60794	1.43364	1.01625	1.09792	0.67145	0.82571	0.39924	1.27032	1.02533	0.41739	0.46276	1.17051	1.26124	1.06162	1.07977	0.83478	0.78034	1.21587	0.63516	0.79848	1.12514	1.05255	1.30661	0.76219	0.71682	1.35198	0.73497	0.98903	1.09792	1.40642	0.56257	0.99811	1.00718	1.10699	0.83478	1.60604	1.32476	1.53345	1.07069	0.73497	0.94366	1.38827	0.71682	0.38109	0.37202	1.01625	0.88922	0.79848	0.83478	1.06162	1.04347	0.92552	0.80756	0.78034	0.97088	0.48998	0.83478	0.68053	1.00718	0.76219	1.76937	1.42457	0.58979	0.98903	1.22495	0.78941	1.26124	0.48091	1.15236	0.80756	0.58072	1.17958	1.10699	1.32476	1.26124	0.78034	0.94366	1.04347	1.01625	0.95274	1.00718	1.01625	0.60794	1.07977	0.78034	1.22495	1.04347	0.58979	1.27032	1.07977	1.02533	1.15236	0.69867	1.79659	1.17051	0.67145	0.66238	1.46994	0.93459	0.65331	0.49905	0.83478	0.48091	0.67145	0.69867	0.93459	0.94366	0.97996	0.82571	0.60794	1.29754	0.73497	1.29754	1.08884	0.52627	0.84385	1.32476	1.43364	0.69867	0.79848	1.63326	0.69867	0.99811	0.90737	2.16861	1.95992	0.97996	0.85293	0.48998	0.65331	0.76219	0.88922	1.13421	1.09792	0.56257	1.56975	0.42646	1.10699	1.01625	1.29754	0.56257	0.69867	1.27032	1.40642	0.63516	1.33383	2.77655	0.76219	0.89829	0.55349	0.68053	0.73497	0.64423	1.48808	0.58072	0.79848	0.73497	1.26124	1.27939	0.80756	1.31568	1.44272	0.43554	0.76219	1.90547	0.60794	0.88015	0.74404	0.97996	0.94366	1.16143	1.15236	1.09792	1.18865	0.69867	0.89829	0.70775	1.36105	0.71682	1.17958	1.15236	0.80756	0.61701	1.06162	0.57164	0.62608	0.91644	1.13421	0.94366	1.54253	1.0344	1.46086	1.21587	0.68053	0.82571	0.90737	1.25217	1.27032	0.68053	1.0344	1.15236	1.07977	1.30661	0.73497	1.21587	2.12324	0.93459	0.83478	1.11606	0.92552	0.47183	1.13421	0.88922	0.71682	1.27939	1.53345	0.74404	1.32476	0.73497	0.88922	1.27939	1.06162	1.32476	0.89829	1.22495	1.02533	0.80756	0.99811	0.85293	1.35198	1.42457	1.40642	1.35198	0.71682	0.82571	1.06162	1.17958	1.10699	0.68053	1.02533	1.00718	0.93459	0.75312	1.34291	0.79848	0.78941	0.95274	0.47183	0.6896	1.47901	0.90737	0.94366	1.45179	0.94366	0.70775	0.99811	1.36105	0.93459	0.67145	0.68053	0.48998	0.55349	0.47183	0.88015	1.18865	0.88015	1.05255	1.25217	1.39735	0.97088	0.78034	1.04347	1.10699	0.76219	0.91644	0.67145	1.13421	0.76219	0.93459	0.862	0.72589	1.00718	1.0344	1.06162	1.17051	0.78941	0.64423	1.66956	0.75312	0.87107	1.47901	0.58979	0.72589	0.88922	1.32476	1.01625	0.5172	1.56067	1.25217	1.3792	0.77126	1.14328	0.58072	1.11606	0.97088	0.77126	0.73497	0.61701	1.0344	1.40642	0.77126	0.90737	0.44461	1.63326	1.14328	1.46994	0.90737	0.96181	0.97088	1.66048	0.92552	0.6896	0.87107	0.94366	0.95274	0.5172	0.74404	1.52438	0.83478	1.23402	1.16143	1.00718	0.77126	0.97996	0.58072	0.85293	1.65141	0.78941	1.09792	1.41549	1.02533	0.55349	1.05255	0.97996	1.16143	0.79848	0.52627	1.38827	0.92552	1.50623	1.42457	1.28846	0.6896	0.89829	0.84385	1.13421	0.97088	1.10699	1.01625	0.67145	0.862	0.6896	1.07977	0.3448	0.92552	0.79848	1.73307	1.07069	0.99811	1.33383	0.75312	0.76219
cell4	1.35298	0.81592	1.51823	1.1774	1.07412	1.42528	1.39429	0.93986	0.88822	0.87789	0.661	1.87971	1.10511	1.75578	1.31167	1.41495	1.61118	1.38396	0.5887	1.22904	1.00183	1.11543	0.64034	1.40462	1.19806	1.44593	1.78676	1.34265	1.56987	1.11543	1.67315	1.95201	0.95018	0.47509	1.02248	0.88822	1.86938	1.00183	1.56987	1.7661	1.05347	0.85723	1.03281	0.46476	1.322	1.33232	0.88822	0.60936	1.00183	0.75395	1.16707	1.38396	1.02248	1.13609	1.06379	0.65067	1.86938	0.88822	1.14642	0.82625	1.2497	0.42345	1.23937	1.23937	0.78494	0.47509	1.34265	0.82625	1.19806	1.39429	1.09478	1.05347	0.75395	1.93135	0.97084	1.38396	1.35298	1.29101	0.93986	2.85055	0.98117	1.2497	1.53889	0.64034	1.70414	0.92953	1.18773	2.12759	0.83658	0.81592	1.39429	0.87789	0.89854	2.25152	0.96051	1.37364	1.00183	1.40462	0.85723	0.93986	1.06379	1.4356	0.48542	1.04314	0.70231	0.96051	1.7661	1.39429	1.07412	1.2497	1.2497	1.01215	1.36331	1.00183	1.69381	0.86756	1.11543	1.03281	1.07412	0.93986	1.12576	0.98117	1.96234	0.61969	1.1774	1.26003	1.322	1.00183	1.44593	1.12576	1.5802	1.75578	1.29101	0.95018	1.42528	2.08627	1.1774	0.97084	1.23937	1.29101	0.86756	1.71446	1.64217	1.18773	1.33232	1.08445	1.33232	1.2497	1.49757	1.03281	0.88822	1.08445	1.4356	0.89854	1.31167	0.8469	0.70231	1.36331	0.85723	0.75395	0.80559	0.8469	0.65067	0.54739	1.11543	0.86756	2.05529	1.09478	1.06379	1.31167	1.04314	0.97084	1.35298	1.40462	1.21872	1.54921	0.93986	1.47692	1.05347	0.85723	0.73329	1.23937	0.86756	1.31167	0.54739	1.64217	1.4356	1.37364	0.95018	1.55954	0.65067	1.40462	0.9915	0.97084	0.88822	1.11543	1.38396	2.02431	1.70414	0.80559	1.27036	1.41495	1.22904	2.2412	1.51823	1.09478	1.38396	0.97084	1.1774	0.8469	1.4356	0.76428	1.7661	1.08445	1.51823	0.88822	0.8469	1.2497	1.37364	0.46476	2.02431	1.03281	1.51823	1.15675	1.45626	1.41495	1.07412	1.27036	0.65067	1.322	0.63001	1.20839	2.36513	0.72297	1.26003	0.81592	1.41495	1.49757	2.11726	0.73329	1.20839	1.26003	1.04314	1.26003	0.98117	0.70231	0.57837	0.50608	0.54739	0.661	0.96051	0.74362	0.47509	1.10511	0.82625	0.87789	0.63001	1.52856	1.09478	1.04314	0.90887	0.36148	0.5164	0.70231	0.47509	0.5887	0.75395	0.69198	0.78494	1.07412	0.661	0.18591	1.38396	0.44411	0.60936	0.76428	0.56805	0.80559	0.86756	0.9192	0.70231	0.9192	0.8469	0.68165	0.48542	1.12576	1.13609	0.73329	0.52673	1.10511	0.9915	1.00183	0.53706	0.50608	0.81592	0.72297	0.5164	1.00183	0.96051	1.13609	1.10511	0.89854	0.74362	1.11543	0.5887	0.53706	0.69198	1.03281	0.5164	0.81592	0.88822	0.85723	0.53706	0.71264	1.05347	0.97084	0.4028	0.77461	1.13609	0.85723	0.37181	0.8469	0.48542	0.95018	1.07412	0.65067	1.08445	0.67133	1.11543	0.74362	1.09478	1.08445	0.98117	0.76428	0.73329	0.86756	0.50608	1.27036	0.5887	1.42528	0.68165	0.93986	0.56805	0.47509	0.50608	0.77461	1.09478	0.88822	0.85723	0.65067	1.29101	0.5887	0.79526	1.01215	0.52673	0.28919	0.44411	0.74362	1.2497	0.88822	1.02248	0.64034	1.22904	0.85723	1.26003	0.80559	0.83658	0.85723	0.50608	0.57837	1.20839	0.70231	0.661	0.79526	0.75395	0.73329	0.75395	0.89854	0.65067	1.28068	0.60936	0.87789	0.77461	0.82625	0.46476	0.74362	1.21872	0.48542	0.36148	0.85723	1.10511	0.56805	0.8469	0.89854	0.77461	0.65067	0.52673	1.04314	0.9192	0.54739	1.10511	0.79526	0.59903	0.87789	0.78494	1.18773	0.32017	0.77461	0.9192	0.50608	0.63001	0.44411	0.80559	1.63184	0.42345	1.46659	0.70231	0.55772	0.63001	1.28068	0.53706	1.04314	0.53706	0.83658	0.86756	0.50608	0.35116	1.01215	1.322	0.60936	1.05347	1.37364	0.63001	1.14642	0.86756	0.90887	1.322	0.88822	1.15675	0.70231	0.49575	0.53706	1.38396	1.11543	0.88822	0.93986	0.87789	0.73329	1.09478	1.51823	1.16707	0.64034	0.73329	1.37364	0.86756	0.88822	0.8469	0.73329	0.5887	0.80559	1.09478	1.14642	0.73329	1.15675	1.12576	0.82625	0.64034	0.76428	1.12576	0.74362	0.74362	0.64034	0.77461	0.47509	1.45626	0.81592	0.661	1.11543	0.67133	0.71264	0.98117	1.04314	0.98117	0.54739	0.57837	0.64034	0.53706	0.42345	0.75395	1.48725	0.87789	0.41312	0.5887	0.49575	0.59903	0.37181	1.10511	0.43378
cell5	0.80903	0.94973	0.71523	0.63316	0.92628	0.76213	0.44555	1.20768	0.71523	0.71523	0.69178	0.99663	0.70351	0.84421	0.82076	0.34003	0.72696	1.48909	1.09043	1.19596	0.34003	1.00836	1.58289	1.51254	0.57453	1.18423	0.69178	0.80903	1.66496	0.72696	1.23114	0.84421	0.5628	1.12561	0.65661	0.4221	1.06698	0.93801	0.82076	1.41874	0.87938	0.86766	0.76213	0.36348	1.67669	1.14906	0.78558	0.87938	1.57116	1.61806	1.66496	1.02008	0.79731	1.11388	1.58289	2.19259	1.09043	0.84421	1.41874	1.93464	0.99663	1.92292	2.69677	1.77049	1.60634	1.28976	1.75876	0.98491	1.53599	1.77049	1.96982	1.61806	1.96982	1.28976	1.32494	1.04353	1.04353	0.80903	0.76213	1.14906	1.33666	0.65661	0.6097	0.36348	0.0	0.0	0.0	0.36348	0.78558	0.5628	1.57116	0.68006	0.76213	1.41874	1.31321	1.11388	0.80903	1.12561	1.65324	0.84421	1.45391	0.69178	0.91456	0.80903	0.86766	0.73868	0.87938	0.98491	1.25459	1.26631	0.75041	0.57453	0.75041	0.65661	0.87938	1.03181	0.66833	0.64488	1.32494	1.72359	0.89111	0.94973	0.44555	1.61806	0.75041	0.94973	0.6097	0.66833	2.05189	0.82076	0.57453	0.86766	0.6097	1.12561	1.59461	0.57453	0.84421	1.30149	0.69178	0.75041	0.63316	0.80903	1.14906	1.58289	1.11388	1.00836	0.84421	1.03181	0.92628	1.10216	1.04353	0.72696	0.86766	0.73868	1.05526	1.13733	0.5159	0.96146	0.66833	1.57116	0.87938	1.14906	0.99663	1.46564	1.74704	0.48073	1.30149	0.92628	1.34839	0.76213	1.40701	0.82076	0.72696	0.3752	0.97318	0.99663	0.86766	0.93801	0.75041	0.57453	1.28976	1.09043	0.85593	1.21941	0.62143	1.16078	0.87938	1.27804	1.14906	0.71523	0.57453	0.75041	0.5628	0.84421	1.33666	1.00836	0.80903	1.44219	0.2814	0.50418	1.09043	1.26631	0.6097	1.27804	0.86766	0.69178	0.71523	1.31321	1.04353	1.21941	0.83248	0.99663	0.82076	0.93801	0.69178	0.79731	0.49245	0.78558	1.03181	0.97318	1.11388	1.85257	1.02008	0.91456	1.21941	0.93801	0.73868	1.07871	1.31321	0.43383	0.73868	1.50081	1.16078	0.83248	0.90283	0.6097	0.5628	0.63316	0.68006	1.23114	0.89111	0.5159	0.64488	0.83248	0.92628	0.83248	0.59798	0.86766	0.76213	1.21941	0.71523	1.45391	1.43046	0.77386	0.98491	0.83248	0.89111	0.64488	1.72359	1.03181	0.99663	1.09043	1.33666	0.52763	1.24286	1.53599	1.19596	0.85593	1.04353	1.57116	0.72696	1.39529	1.18423	0.99663	0.58625	1.39529	0.6097	1.24286	1.07871	1.10216	1.10216	0.77386	1.39529	0.82076	1.23114	0.71523	0.87938	0.89111	1.12561	1.03181	0.98491	0.86766	1.57116	0.98491	0.99663	0.75041	1.62979	0.72696	1.07871	0.92628	0.85593	0.84421	0.89111	2.02844	0.59798	1.21941	0.84421	0.6097	1.17251	0.63316	0.86766	0.89111	1.00836	1.33666	0.71523	1.85257	0.96146	0.87938	0.66833	0.85593	1.20768	1.00836	0.89111	1.24286	0.66833	0.80903	1.41874	0.79731	0.86766	1.05526	0.94973	1.07871	1.20768	1.62979	1.44219	0.55108	1.34839	2.32157	1.41874	0.55108	0.94973	0.78558	0.96146	0.80903	0.75041	1.72359	0.96146	0.68006	0.79731	0.92628	1.07871	0.58625	1.02008	1.18423	1.03181	1.13733	0.82076	0.57453	1.10216	0.93801	0.86766	0.5159	0.93801	1.65324	0.6097	0.92628	1.27804	1.43046	1.17251	0.45728	1.67669	1.32494	0.86766	0.77386	0.66833	0.82076	0.83248	1.06698	0.76213	1.14906	1.91119	1.47736	0.92628	1.09043	0.66833	0.75041	0.65661	0.89111	1.06698	0.84421	1.31321	0.39865	0.82076	0.78558	0.65661	1.27804	1.05526	1.13733	0.69178	0.53935	0.96146	1.53599	0.76213	0.70351	1.00836	1.62979	0.78558	0.92628	1.23114	1.40701	0.70351	1.20768	0.80903	0.73868	0.30485	0.5159	0.66833	1.07871	0.84421	0.55108	0.65661	0.90283	1.24286	1.27804	0.99663	0.72696	1.44219	0.91456	1.24286	1.05526	0.97318	1.19596	0.90283	1.06698	0.98491	0.69178	1.07871	0.55108	1.40701	1.13733	0.97318	0.58625	1.41874	0.84421	1.06698	0.86766	0.64488	0.92628	2.12224	0.96146	1.53599	0.57453	1.24286	0.77386	1.04353	1.16078	0.50418	1.45391	1.32494	0.98491	1.38356	0.66833	1.00836	1.24286	1.65324	0.70351	1.75876	1.38356	1.25459	1.27804	1.18423	1.11388	0.71523	1.16078	0.72696	0.90283	1.24286	1.09043	0.77386	0.63316	1.14906	0.5628	1.03181	1.00836	1.41874	0.72696	1.00836	1.00836	0.63316	0.58625	1.21941	1.47736	0.62143	0.85593	0.73868	1.05526	2.16914	0.1876
cell6	0.7328	1.35429	1.55837	1.21515	1.53981	0.79774	1.30791	0.70498	1.28936	1.13167	1.09457	1.00181	1.53054	0.77918	0.9276	0.79774	0.79774	0.7328	0.94615	2.03144	0.76063	1.63257	1.46561	1.40067	1.31719	1.49343	1.49343	0.94615	0.44525	0.64932	1.03891	1.23371	0.62149	0.86267	1.13167	1.48416	1.88303	1.31719	1.32647	1.11312	1.23371	2.319	0.7328	1.8923	0.99253	1.16877	1.79954	0.81629	1.78099	1.40067	1.18733	1.52126	0.9647	0.82556	0.83484	1.40995	1.22443	0.91832	1.54909	1.10384	1.32647	0.7328	1.27081	1.02963	1.51199	1.22443	1.44705	1.23371	1.1595	0.9647	1.45633	0.43597	0.95543	0.9276	1.06674	0.90905	1.24298	1.93868	0.7328	1.14095	1.13167	1.33574	1.13167	0.89977	0.97398	1.11312	1.07601	0.76063	1.11312	0.59366	1.53054	1.55837	1.12239	0.95543	1.00181	0.60294	0.85339	0.9276	1.35429	0.89049	1.36357	0.9276	1.28936	0.71425	0.84411	1.33574	0.99253	1.36357	1.11312	0.269	1.23371	1.50271	1.07601	1.60475	1.54909	0.87194	0.98325	1.40067	2.49524	1.15022	1.07601	1.53981	1.24298	1.34502	2.02217	1.8923	0.84411	2.01289	1.81809	1.81809	0.9647	1.02963	0.83484	1.1966	1.40995	0.88122	1.08529	1.02963	1.69751	1.72533	1.31719	1.61402	1.64185	0.91832	1.64185	0.78846	2.22624	1.14095	0.75136	0.95543	1.29864	1.06674	1.60475	1.60475	1.30791	0.89977	0.67715	0.95543	0.94615	0.84411	1.53054	0.98325	1.88303	0.55656	0.82556	0.55656	0.78846	1.73461	1.29864	1.20588	1.30791	1.20588	1.34502	1.29864	1.38212	1.03891	0.62149	0.7328	1.36357	1.18733	1.30791	1.36357	1.12239	1.44705	0.48235	1.25226	0.58439	1.01108	1.40067	1.87375	1.18733	1.75316	1.11312	0.56584	1.01108	1.02963	1.05746	1.23371	1.01108	1.05746	1.81809	1.38212	1.22443	0.59366	0.60294	1.15022	1.57692	1.05746	1.60475	1.01108	1.4285	1.4285	1.51199	1.41923	1.31719	1.07601	1.15022	1.29864	0.95543	0.57511	1.70678	1.57692	0.89049	0.85339	0.81629	1.97579	1.15022	1.79954	1.55837	1.41923	0.76063	0.62149	0.78846	2.01289	1.29864	1.13167	1.13167	1.27081	1.78099	1.16877	0.9276	1.02963	1.51199	1.29864	1.13167	0.4638	1.08529	0.64932	0.98325	0.93687	0.77918	1.12239	0.76991	0.38032	1.08529	1.47488	0.6586	1.12239	0.84411	0.83484	1.38212	0.6957	0.76063	0.75136	0.58439	0.98325	0.57511	0.75136	0.7328	0.49163	1.08529	1.34502	0.75136	1.14095	0.80701	0.91832	1.40067	1.15022	1.1595	1.09457	0.52873	0.82556	1.28936	1.15022	1.43778	0.38959	0.6586	0.60294	1.02963	0.60294	0.64932	0.89977	1.11312	0.76991	1.01108	0.85339	0.78846	0.81629	0.70498	0.59366	0.63077	0.55656	0.97398	0.85339	0.6957	0.94615	0.80701	0.78846	1.12239	0.6957	0.98325	0.91832	0.77918	0.64004	0.84411	1.1595	0.53801	0.89977	0.94615	0.85339	0.83484	0.91832	0.56584	0.76991	0.5009	0.97398	0.63077	0.39887	0.43597	0.75136	0.72353	1.43778	0.78846	0.85339	0.72353	1.01108	0.74208	0.86267	0.72353	1.07601	0.91832	0.61222	0.33394	0.51018	0.52873	0.6957	0.52873	0.64004	0.90905	0.58439	0.83484	0.58439	1.14095	1.16877	0.64004	0.62149	0.4267	0.86267	0.89977	0.61222	0.57511	1.13167	0.79774	0.60294	1.20588	0.62149	1.40067	0.62149	0.9647	0.91832	0.6586	0.67715	0.64932	0.52873	1.03891	1.04819	0.58439	1.45633	0.4267	1.05746	0.63077	0.74208	0.9276	0.52873	0.7328	0.32466	0.58439	0.76063	0.99253	0.59366	0.57511	0.77918	0.6957	0.97398	1.44705	0.47308	0.6957	0.39887	0.71425	0.82556	1.21515	1.15022	0.74208	0.60294	0.9276	1.01108	0.40814	1.24298	1.15022	0.84411	0.64004	0.35249	1.1966	1.1595	0.47308	0.64004	0.82556	0.9647	0.7328	1.03891	0.66787	0.99253	0.94615	0.56584	0.77918	0.58439	0.76063	0.85339	0.48235	0.98325	0.83484	0.82556	1.16877	0.61222	1.03891	0.74208	0.79774	0.79774	1.04819	0.87194	1.02963	0.77918	0.38959	0.52873	0.76063	0.70498	1.03891	1.25226	0.94615	0.57511	1.06674	0.6586	0.9647	0.75136	0.64004	0.77918	0.82556	0.82556	0.60294	0.79774	0.37104	0.60294	0.94615	1.07601	0.53801	0.77918	0.6957	1.17805	0.72353	0.76991	0.47308	0.68642	0.9647	1.03891	0.81629	0.52873	0.59366	1.01108	1.13167	0.43597	0.72353	0.61222	0.84411	0.71425	0.64004	0.7328	0.99253	0.70498	0.89977	0.89049	0.78846	1.21515	1.06674	0.71425	0.53801	0.6586	0.87194	0.75136
cell7	0.51926	0.82216	1.6299	0.83659	0.63465	0.82216	1.28373	1.05295	0.70677	0.43272	0.69235	0.49041	1.11064	1.61548	1.19718	0.83659	0.92313	1.55778	1.16834	0.57696	0.46157	0.70677	0.7212	1.35585	1.22603	0.69235	0.83659	0.95198	0.47599	0.87986	1.0241	0.57696	0.7212	1.22603	0.90871	0.49041	0.6058	0.89428	0.7212	0.69235	0.98083	1.0241	1.06737	0.7212	1.86068	1.03852	0.67792	1.28373	2.50976	1.00967	1.25488	1.65875	2.01935	1.48566	1.81741	1.81741	1.42797	0.86543	1.16834	0.85101	0.54811	1.22603	1.34142	1.25488	1.08179	1.39912	2.10589	1.80299	1.94723	1.50009	1.31258	1.12507	1.80299	1.70202	1.21161	0.98083	1.06737	1.08179	0.75004	0.24521	0.33175	0.70677	0.69235	0.34617	0.28848	0.23078	0.54811	0.3029	0.43272	0.54811	0.67792	1.03852	1.09622	0.6058	1.61548	1.327	1.00967	0.77889	1.2693	1.6876	1.65875	1.35585	0.92313	0.87986	0.49041	1.65875	0.67792	0.98083	0.80774	1.28373	0.95198	1.25488	1.24046	0.82216	0.46157	0.62023	1.12507	1.28373	0.82216	1.52893	0.57696	0.49041	0.79332	0.98083	0.85101	1.42797	0.87986	0.98083	1.21161	0.6635	0.93755	0.83659	0.77889	1.34142	1.327	1.41354	0.64908	1.81741	1.08179	1.11064	0.69235	0.64908	1.03852	0.47599	1.41354	0.82216	0.67792	0.95198	1.54336	0.82216	0.79332	0.46157	1.25488	0.79332	0.87986	1.05295	0.99525	0.56253	0.47599	1.35585	0.62023	0.69235	1.09622	0.3606	0.79332	1.12507	1.18276	1.28373	0.70677	0.50484	0.95198	1.24046	0.75004	0.9664	0.90871	0.90871	1.06737	0.9664	1.16834	1.44239	0.95198	1.13949	0.87986	2.06262	1.13949	1.31258	0.90871	1.70202	1.05295	1.15391	0.63465	1.11064	1.47124	1.11064	0.82216	0.53368	1.22603	0.85101	0.27405	0.77889	0.51926	0.69235	0.80774	1.61548	0.82216	1.09622	0.83659	1.60105	1.13949	1.51451	0.77889	0.59138	0.67792	1.22603	1.05295	1.11064	0.83659	1.41354	0.6058	0.98083	0.86543	1.15391	0.59138	0.99525	1.50009	0.85101	1.0241	0.80774	1.11064	0.86543	0.83659	0.98083	0.80774	1.327	0.3606	1.44239	0.95198	1.48566	0.80774	1.34142	0.67792	0.85101	2.01935	0.99525	0.89428	1.48566	1.22603	0.89428	0.93755	1.09622	0.47599	1.00967	0.76447	0.75004	1.6876	1.16834	0.75004	2.0482	1.03852	1.9328	1.09622	0.57696	0.6635	0.6635	0.54811	1.21161	1.18276	0.85101	0.92313	0.3606	1.11064	1.12507	0.77889	0.53368	0.93755	0.77889	0.6635	0.56253	0.56253	1.39912	1.09622	0.95198	0.23078	1.09622	0.89428	1.73087	1.41354	1.78857	0.95198	1.45682	1.21161	1.327	0.98083	0.59138	0.46157	0.6635	1.31258	0.6058	0.80774	0.67792	1.03852	0.87986	0.87986	0.98083	1.42797	0.89428	0.79332	1.05295	0.82216	0.82216	0.63465	1.24046	0.59138	0.76447	0.92313	1.00967	1.11064	0.93755	0.95198	0.95198	0.51926	1.48566	0.54811	1.06737	0.86543	0.7212	1.64433	0.80774	0.49041	1.327	1.03852	1.54336	1.50009	1.37027	0.75004	1.48566	0.87986	0.89428	0.57696	0.82216	0.93755	0.79332	0.98083	0.6635	0.6635	1.08179	1.29815	0.70677	0.79332	1.327	1.0241	1.13949	0.79332	0.6635	1.15391	1.18276	1.13949	1.08179	0.79332	1.03852	0.53368	0.83659	1.22603	1.08179	0.6635	0.69235	0.38945	0.73562	1.0241	1.9905	0.34617	1.57221	0.9664	1.00967	0.93755	1.6876	1.37027	0.41829	0.67792	1.0241	1.50009	0.77889	1.13949	1.05295	1.08179	0.76447	0.75004	0.85101	0.93755	0.98083	0.98083	1.28373	1.28373	1.29815	0.87986	1.42797	0.49041	0.9664	0.69235	0.67792	0.70677	1.3847	0.82216	1.28373	0.69235	0.59138	1.28373	0.87986	0.56253	1.327	0.95198	0.90871	1.41354	0.73562	2.19243	1.09622	0.86543	1.13949	0.90871	1.52893	0.76447	0.6635	1.50009	0.82216	1.67317	1.48566	0.95198	0.86543	1.18276	1.08179	1.08179	1.73087	0.69235	0.51926	0.95198	0.73562	1.12507	1.18276	0.43272	1.00967	1.15391	0.98083	1.22603	0.98083	0.59138	0.51926	1.15391	0.89428	0.37502	0.6058	0.95198	1.44239	0.92313	0.3606	0.59138	0.6058	1.19718	0.82216	1.3847	0.82216	1.0241	1.11064	1.03852	0.83659	1.18276	1.05295	0.93755	0.98083	1.80299	0.62023	0.90871	1.42797	0.93755	0.82216	1.54336	1.03852	1.08179	0.67792	1.2693	0.92313	1.16834	1.09622	1.37027	0.90871	1.25488	1.19718	1.25488	1.19718	0.9664	1.57221	0.86543	0.83659	0.64908	0.90871	1.327	0.98083	1.08179	0.83659
cell8	1.0808	0.91248	1.37315	0.8859	1.31999	1.24026	1.07194	0.63785	0.67328	1.00107	0.90362	0.95677	1.04536	1.00993	1.45288	0.60241	0.62899	0.5404	1.8161	0.92134	0.87704	1.00107	0.48725	1.19597	0.57584	1.10738	1.48831	1.4263	1.0365	0.90362	1.01879	0.66443	0.97449	1.01879	0.95677	0.61127	1.00107	0.77959	1.09852	0.59355	1.02764	0.8859	1.09852	0.68214	1.65663	0.67328	0.51382	1.06308	1.70979	1.17825	1.9224	1.04536	1.18711	1.02764	1.36429	1.4263	1.4263	1.07194	0.9302	0.97449	1.40858	1.16939	0.69986	0.94791	1.0365	1.29341	1.52375	1.22254	1.73636	0.96563	1.59462	1.7718	0.99221	0.86818	1.15167	1.37315	0.80617	0.89476	0.61127	0.4961	1.39972	0.31892	0.25691	0.85046	0.0	0.0	0.0	0.9302	0.57584	0.81503	0.93905	1.25798	0.71758	0.57584	1.14281	1.2314	0.76187	0.96563	0.60241	0.86818	1.43516	0.29235	1.41744	0.55812	1.06308	1.19597	0.87704	0.50496	1.36429	0.89476	0.93905	1.21368	0.83275	1.21368	1.60348	1.01879	1.49717	0.96563	1.13395	0.75302	1.56804	1.46174	0.98335	1.82495	0.75302	1.26684	1.52375	1.00993	0.29235	0.62013	0.95677	0.89476	1.34657	0.74416	1.11623	0.56698	0.65557	1.25798	0.54926	1.08966	0.76187	1.09852	0.41637	0.71758	0.80617	0.70872	0.75302	1.07194	0.92134	0.42523	0.62013	1.15167	0.75302	0.85932	1.14281	0.90362	1.21368	0.78845	0.62899	0.83275	1.46174	0.72644	0.65557	0.93905	0.93905	0.91248	1.68321	0.66443	0.79731	0.51382	1.24912	0.66443	0.37208	1.14281	1.00993	0.76187	0.59355	0.77073	1.11623	0.82389	0.77073	0.55812	0.85932	0.59355	0.91248	1.54147	0.62899	1.36429	0.99221	1.10738	0.95677	1.78066	0.63785	1.0808	0.3455	1.09852	1.04536	0.54926	0.96563	0.92134	0.90362	1.28456	0.69986	0.98335	0.33664	0.85932	1.22254	0.92134	0.95677	0.64671	0.78845	1.12509	0.40751	0.86818	0.59355	0.56698	1.19597	0.90362	1.14281	0.87704	0.81503	0.87704	1.07194	0.59355	0.83275	1.43516	1.26684	1.4263	0.78845	0.65557	0.58469	0.85046	1.33771	1.25798	0.99221	0.80617	1.34657	1.382	1.04536	1.31999	0.71758	1.01879	0.67328	1.00107	1.73636	0.65557	0.80617	1.07194	0.66443	1.18711	0.91248	0.89476	0.58469	1.43516	0.83275	1.02764	1.33771	1.06308	0.69986	0.92134	1.29341	0.99221	1.15167	1.40858	1.43516	1.12509	0.85932	1.69207	0.74416	1.17825	1.21368	0.84161	0.91248	1.71865	0.97449	0.68214	0.9302	0.95677	1.31999	1.26684	0.86818	0.52268	0.8859	0.83275	0.85046	1.56804	1.49717	0.89476	1.08966	0.74416	1.2757	1.24912	1.10738	0.64671	1.4263	0.77959	0.91248	1.21368	0.93905	1.08966	1.26684	2.34764	1.13395	0.74416	1.11623	1.46174	0.8859	0.98335	1.26684	1.13395	1.2757	1.21368	1.12509	1.01879	1.2757	1.46174	0.8859	1.5769	1.12509	0.17718	0.89476	0.65557	1.0808	1.31113	1.59462	1.47059	0.86818	1.5769	1.55918	1.48831	0.95677	1.0365	0.53154	1.78066	2.08187	0.77073	0.9302	1.14281	0.86818	0.98335	1.63006	1.09852	1.33771	0.94791	1.12509	1.21368	0.65557	0.77959	1.33771	1.10738	0.89476	0.76187	0.4961	0.691	0.45181	0.25691	0.76187	1.12509	1.07194	1.20482	0.3898	1.0808	0.75302	1.22254	0.69986	0.91248	0.7353	1.01879	1.31113	1.5769	1.2757	1.10738	0.57584	1.28456	0.77073	1.00107	1.53261	0.52268	0.66443	1.12509	0.55812	0.3455	0.74416	1.29341	0.50496	0.84161	1.08966	0.85932	0.81503	0.57584	1.06308	0.63785	1.40858	1.30227	0.45181	0.75302	0.87704	0.84161	1.06308	1.11623	1.19597	0.58469	0.66443	1.08966	0.76187	1.05422	0.63785	1.22254	1.0808	1.45288	1.02764	0.82389	1.16939	1.15167	0.87704	1.2757	0.62899	1.05422	0.5404	0.99221	0.74416	0.78845	1.00107	1.21368	1.24026	1.75408	1.09852	0.65557	1.33771	0.29235	0.72644	1.51489	0.77959	1.36429	0.56698	0.82389	1.41744	0.67328	1.21368	1.61234	0.86818	0.85932	0.81503	1.09852	0.76187	1.06308	1.16939	0.60241	0.63785	1.76294	1.12509	1.36429	1.2757	1.71865	0.64671	1.00107	0.72644	1.15167	1.6212	1.00993	0.85932	0.95677	0.94791	0.58469	1.61234	1.16939	1.09852	1.20482	0.65557	0.55812	1.31999	1.16939	1.02764	0.65557	1.89583	1.36429	1.56804	0.58469	0.83275	0.67328	1.00993	1.59462	1.2757	1.84267	1.02764	1.21368	0.92134	0.86818	1.17825	1.41744	0.98335	1.4263	1.07194	0.35436	0.60241	1.40858	0.9302	0.86818
cell9	0.81479	1.58302	0.76823	1.21055	1.4317	0.80315	0.71003	0.90791	0.89627	1.47826	0.71003	1.8973	1.42006	0.54707	0.90791	0.60527	1.46662	1.22219	0.59363	1.08251	1.68778	1.21055	0.83807	1.17563	1.22219	1.30366	1.25711	0.45395	0.82643	0.68675	1.03595	1.24547	0.75659	1.26875	0.54707	0.91955	1.17563	1.38514	0.81479	1.44334	1.09415	0.59363	1.39678	1.7809	1.50154	0.77987	1.46662	2.38617	1.36186	0.79151	1.35022	1.96714	0.77987	0.91955	1.68778	0.68675	2.24649	2.77029	2.19993	1.55974	1.68778	1.6063	1.57138	2.22321	1.8973	1.7809	1.85074	4.09723	2.17665	2.42109	0.88463	1.97878	1.11743	1.24547	1.03595	0.84971	0.84971	0.65183	0.60527	0.44231	0.53543	0.36084	0.55871	0.57035	0.0	0.0	0.0	0.37248	0.41904	0.44231	1.18727	0.95447	1.8391	1.32694	1.08251	1.03595	0.61691	0.75659	1.15235	0.72167	0.71003	0.68675	0.73331	1.04759	1.4317	1.01267	0.61691	0.95447	0.76823	1.21055	1.23383	0.80315	1.12907	0.86135	0.72167	0.60527	0.71003	1.17563	1.39678	1.24547	1.26875	0.68675	1.33858	0.97775	0.32592	1.08251	0.69839	0.71003	0.60527	1.04759	0.68675	0.60527	0.89627	1.21055	0.67511	0.67511	1.04759	1.4317	1.71106	0.81479	0.74495	0.43068	0.89627	0.97775	0.52379	0.97775	1.33858	1.18727	0.61691	1.15235	1.50154	0.84971	0.46559	1.17563	1.28039	0.74495	1.10579	0.90791	1.00103	1.11743	1.33858	0.68675	1.07087	0.82643	1.69942	0.94283	1.03595	0.86135	1.42006	1.22219	0.57035	1.10579	1.64122	1.46662	1.51318	0.84971	0.83807	1.30366	0.51215	1.03595	1.5481	0.95447	1.08251	1.12907	0.82643	1.04759	1.18727	1.03595	0.52379	1.23383	0.83807	0.87299	1.38514	0.80315	1.04759	0.60527	0.86135	0.79151	0.84971	1.57138	0.84971	1.51318	0.79151	0.72167	1.19891	0.74495	0.84971	0.86135	0.80315	0.75659	0.90791	0.55871	1.12907	0.76823	0.41904	1.07087	1.25711	0.55871	0.69839	0.88463	0.93119	0.96611	0.72167	0.43068	0.58199	1.09415	0.69839	0.69839	0.83807	0.81479	0.94283	0.79151	0.61691	1.11743	1.00103	1.04759	1.51318	1.30366	0.79151	1.93222	1.18727	0.62855	1.30366	1.61794	0.88463	1.02431	0.95447	0.89627	1.67614	0.61691	0.79151	1.69942	0.98939	1.01267	1.17563	1.25711	0.91955	1.00103	1.21055	0.96611	1.85074	0.90791	0.74495	1.00103	0.67511	0.60527	0.83807	1.01267	1.18727	0.93119	1.14071	0.51215	0.73331	0.80315	0.97775	1.17563	1.05923	0.61691	0.43068	0.53543	0.51215	0.96611	0.59363	1.12907	1.28039	1.23383	0.44231	0.74495	0.69839	0.80315	0.97775	0.76823	0.72167	1.53646	1.16399	0.53543	0.94283	0.89627	1.30366	0.51215	1.14071	0.44231	0.87299	0.50051	0.94283	0.79151	0.87299	1.6063	0.89627	1.15235	1.35022	1.26875	0.52379	0.74495	1.12907	1.55974	1.11743	0.94283	0.72167	0.93119	1.19891	1.12907	0.74495	0.53543	1.07087	0.45395	1.21055	0.73331	0.91955	0.66347	1.08251	0.75659	1.36186	0.291	0.69839	1.04759	1.16399	0.38412	1.10579	1.23383	0.90791	1.32694	1.02431	0.75659	0.69839	0.86135	1.17563	0.98939	0.93119	1.04759	0.73331	1.17563	1.05923	1.02431	0.80315	0.84971	0.97775	1.02431	0.81479	0.84971	0.33756	1.30366	0.30264	0.97775	1.09415	1.16399	0.67511	1.6063	0.65183	1.50154	0.41904	1.00103	1.52482	1.05923	0.43068	0.36084	1.01267	1.23383	1.38514	1.62958	0.98939	0.90791	0.80315	0.84971	0.86135	0.98939	0.90791	0.93119	0.76823	0.76823	1.09415	0.79151	1.02431	0.94283	0.46559	0.91955	0.73331	0.94283	2.19993	0.93119	1.01267	0.71003	0.86135	0.43068	0.83807	1.4899	1.21055	0.89627	1.4317	0.64019	0.79151	0.94283	1.09415	1.99042	1.14071	0.90791	1.08251	0.91955	1.40842	1.67614	0.80315	1.21055	1.47826	1.08251	0.72167	0.73331	0.88463	0.57035	0.68675	1.09415	0.76823	1.01267	0.91955	0.58199	1.14071	0.81479	0.60527	1.07087	0.66347	0.65183	1.02431	1.30366	1.36186	1.11743	1.09415	0.72167	0.3492	0.52379	1.94386	0.82643	0.48887	0.50051	0.91955	1.69942	1.07087	0.88463	0.62855	1.07087	0.79151	0.66347	1.44334	1.05923	0.72167	0.77987	0.67511	0.54707	1.64122	0.50051	1.7809	0.96611	1.00103	1.50154	0.71003	0.95447	1.47826	1.17563	0.4074	0.61691	0.73331	1.23383	0.58199	1.32694	0.93119	1.59466	0.68675	0.96611	0.58199	1.16399	0.45395	1.25711	0.71003	1.3153	0.65183	1.35022	0.84971	1.02431	0.52379	0.61691
cell10	1.68358	1.12792	0.86252	1.28549	1.23573	0.68836	0.39809	1.02839	1.16109	1.21915	1.72505	1.20256	1.55918	0.80447	1.62553	0.67177	1.64211	0.56396	2.46317	1.38502	0.92058	0.81276	1.94897	0.96205	1.43478	1.21915	1.48454	0.96205	1.24403	1.48454	1.37672	0.59713	0.59713	1.06986	1.66699	1.21085	1.11962	1.09474	1.45136	2.03191	1.6587	0.763	0.95375	1.59235	1.11133	2.0485	0.90399	1.05327	0.77959	0.95375	0.93717	1.17768	1.03669	0.43956	2.39682	1.59235	1.16109	1.74993	1.22744	0.81276	0.71324	0.92058	1.4016	0.94546	1.31867	0.53908	0.94546	1.31037	0.99522	0.97034	1.34355	1.59235	1.03669	1.26891	1.08645	0.8957	1.56747	1.21915	0.79618	1.60894	1.55918	1.26891	1.22744	1.09474	1.22744	0.68836	1.00351	1.07816	1.11962	1.0201	1.00351	1.88263	2.22266	1.21915	1.20256	1.17768	1.1445	1.10304	0.97034	1.09474	1.01181	1.11133	1.97385	1.11133	1.526	1.19426	1.4099	1.64211	1.05327	0.6386	1.22744	0.87082	1.21915	1.526	1.04498	1.49283	1.08645	0.66348	1.13621	0.73812	1.99044	0.87911	1.1445	0.98693	1.16109	1.22744	1.46795	1.05327	1.46795	0.8874	1.41819	0.78788	1.21915	1.47624	0.8874	0.93717	0.86252	1.19426	1.2772	2.0402	1.42648	1.19426	1.75822	1.23573	0.93717	1.28549	1.80798	1.30208	1.16109	0.84594	1.36013	0.92887	0.85423	0.97034	1.10304	2.53781	1.41819	1.69187	1.10304	1.11133	1.47624	2.53781	0.73812	1.4016	1.61723	1.00351	1.24403	0.85423	1.26061	0.70495	0.68836	1.20256	1.26061	2.03191	1.26891	1.19426	1.45966	1.18597	0.92058	1.10304	1.10304	1.76652	0.94546	1.12792	1.16109	0.81276	1.05327	1.20256	0.75471	1.62553	1.99044	1.39331	0.56396	0.99522	1.0201	0.58055	0.85423	1.61723	0.65519	0.92058	1.07816	1.31867	1.56747	1.06986	0.86252	2.07338	0.98693	0.80447	1.04498	1.13621	1.59235	1.47624	0.72983	0.85423	0.97863	1.4099	1.74993	1.55089	1.61723	0.53908	0.8957	0.54737	1.32696	0.97863	1.51771	0.95375	1.31037	1.69187	1.06986	1.32696	1.39331	1.42648	1.49283	0.72153	1.38502	0.64689	1.11962	0.90399	1.20256	0.85423	1.30208	1.07816	1.1445	1.21915	0.44785	0.58055	0.74642	0.47273	0.64689	0.97863	0.87082	0.73812	1.10304	0.52249	0.70495	1.06986	0.47273	0.97863	0.40638	0.36491	0.56396	0.54737	0.77959	1.02839	0.97863	0.8874	0.74642	0.92058	0.72153	0.66348	0.8874	0.72983	1.20256	1.13621	0.53908	1.12792	0.69665	0.49761	0.75471	0.58884	0.93717	0.60543	0.53078	0.81276	0.69665	0.64689	0.66348	0.82106	0.81276	0.55566	0.763	0.83764	1.21085	1.1528	1.06157	0.55566	1.4016	0.96205	0.59713	0.53908	0.86252	0.65519	0.36491	0.7713	0.54737	0.72153	0.70495	1.08645	1.09474	1.19426	0.59713	0.54737	0.65519	0.65519	0.56396	0.8874	0.96205	0.6386	0.69665	0.87911	1.10304	0.77959	0.70495	0.81276	1.1528	0.77959	0.8957	0.84594	0.87911	0.52249	1.00351	0.96205	0.763	0.74642	0.87911	0.70495	0.74642	0.81276	0.34833	0.85423	0.46444	0.82106	0.6386	0.70495	1.04498	0.74642	1.20256	1.03669	0.39809	0.8874	1.11962	0.763	0.96205	0.49761	0.72153	0.73812	0.90399	1.11133	0.93717	0.59713	0.72983	0.8874	0.84594	0.94546	1.11962	0.49761	0.8874	0.54737	0.68836	0.79618	0.97034	1.84116	0.56396	1.26891	0.6386	0.82106	0.94546	0.95375	0.94546	0.70495	0.96205	0.84594	0.90399	1.43478	1.50942	1.00351	0.34833	0.97863	0.5142	0.75471	0.34833	0.55566	0.34003	0.49761	0.58055	1.02839	0.72983	0.71324	1.25232	1.1528	0.81276	0.68007	1.04498	0.96205	0.8957	0.43126	0.86252	0.62201	1.38502	0.34003	0.3815	0.53908	0.61372	0.84594	0.63031	0.31515	1.03669	0.64689	0.5142	0.94546	1.02839	0.7713	0.72983	0.87082	0.85423	0.53908	0.66348	0.99522	0.72983	0.58884	1.21085	0.87082	1.2772	1.16938	0.92887	0.65519	1.02839	0.53078	1.00351	0.74642	0.72983	0.68836	0.58055	1.01181	0.59713	0.85423	1.59235	0.94546	0.80447	0.57225	1.30208	0.7713	0.5142	0.79618	1.38502	0.8874	1.31867	0.86252	0.70495	0.87082	0.65519	1.02839	0.77959	0.70495	0.34833	0.82106	0.84594	0.48932	0.94546	0.46444	0.86252	1.18597	0.80447	0.82106	0.6386	0.73812	1.17768	0.97034	0.66348	0.7713	0.61372	0.80447	0.43126	0.82935	0.87082	1.08645	0.68007	0.72153	0.59713	0.8957	0.77959	0.48102	0.78788	1.31037	1.03669	0.60543	0.74642	1.03669
cell11	0.80903	0.78717	1.65451	0.87463	0.73615	0.88192	0.68513	1.46501	1.39212	1.43585	0.94752	0.77988	1.12244	1.72011	1.2755	1.37754	1.69095	1.23906	1.35568	0.99125	0.40087	0.85276	0.70699	1.31195	0.82361	1.11515	0.9548	1.34839	0.79446	1.31195	1.63993	0.96209	1.66909	0.91836	2.0408	1.39212	1.2755	0.45189	0.72886	0.79446	1.28279	0.92565	1.47229	1.12244	1.66909	0.94023	1.23177	1.47958	1.12973	0.82361	1.0204	0.61224	0.52478	1.19533	0.43732	0.48834	0.8965	0.8965	0.77988	1.086	1.17346	2.44897	1.58162	1.26821	0.72886	1.11515	1.79299	1.12973	1.52331	1.0204	1.34839	0.66326	1.74197	0.88921	0.37901	1.57433	2.23031	1.72011	1.00583	0.86734	1.19533	1.92419	0.79446	1.10787	2.03352	0.8309	0.55393	1.11515	0.99854	1.53789	0.77988	1.29737	0.9548	1.82944	1.63264	1.34839	1.12244	1.34839	0.88192	0.77988	1.21719	1.15889	1.25364	0.86734	0.78717	0.94023	1.13702	1.57433	1.09329	1.23177	1.26821	1.01311	1.48687	2.09182	1.72011	1.26821	1.39212	0.97667	1.11515	0.49562	1.2755	1.47958	0.7653	1.20991	1.57433	0.48105	1.20991	1.19533	1.09329	1.11515	1.38483	0.64868	1.42127	1.79299	1.4067	0.92565	1.29008	1.99707	1.58162	0.88921	1.07142	0.78717	0.68513	0.6997	0.96938	1.20262	0.6414	1.85859	1.51603	1.58891	1.086	1.32652	1.15889	1.32652	1.35568	1.69095	2.03352	0.86005	0.91836	2.41252	0.77988	0.58309	1.50874	1.20991	0.97667	0.75801	1.4067	0.61953	2.25946	1.3411	1.05685	1.5962	1.31195	1.43585	1.29008	1.20262	1.31195	0.84548	1.74197	1.21719	1.04956	2.05538	1.26093	0.87463	1.82944	1.00583	0.99854	0.6997	0.8309	1.23906	1.48687	0.88921	0.86734	0.90378	1.09329	0.96938	1.47958	1.18075	1.04956	1.15889	0.55393	1.2755	1.10058	1.47229	1.12244	1.50145	1.18075	1.56705	1.4067	0.96209	1.66909	0.75072	1.25364	1.22448	1.63993	0.48105	1.29737	0.96938	2.17929	0.56851	0.99125	1.14431	1.51603	1.10058	1.79299	1.50874	1.28279	0.90378	1.30466	0.73615	0.65597	1.20991	1.24635	1.23177	1.33381	1.12973	0.91107	1.26821	1.83672	1.98978	1.16617	0.84548	1.15889	1.65451	0.6997	0.63411	0.62682	0.6997	0.5758	0.73615	0.78717	0.72886	0.75072	0.65597	0.6997	0.51749	0.88921	0.96209	0.42274	0.71428	0.94752	1.20991	0.50291	0.8965	1.06413	0.50291	0.56851	0.77259	0.68513	0.73615	0.82361	0.72886	1.12244	0.92565	0.62682	0.6997	0.99854	0.78717	0.60495	1.37754	0.72886	0.97667	0.93294	0.97667	0.61953	0.37172	1.0204	0.9548	0.96209	0.42274	0.48105	0.61224	0.80174	0.67784	0.61953	1.07142	0.4446	0.74344	0.73615	0.7653	0.48834	0.77988	0.72157	0.61224	0.90378	0.3863	0.79446	0.34256	0.48834	1.34839	0.82361	0.77988	1.11515	1.1516	0.77259	1.39941	0.87463	1.12244	1.06413	0.91107	1.07142	1.01311	0.58309	0.66326	0.74344	0.45918	0.5758	0.72886	0.74344	0.8309	0.88192	0.30612	0.94752	0.94023	0.3863	1.46501	0.86005	0.65597	1.19533	1.22448	0.93294	1.17346	0.6414	0.62682	0.81632	0.65597	0.81632	0.87463	1.39212	0.92565	0.45918	1.05685	0.41545	0.8309	1.25364	0.69242	0.48105	1.07142	0.83819	0.99854	0.96209	0.97667	0.88921	0.45918	0.84548	0.67055	0.49562	0.7653	0.65597	1.07142	1.26093	1.09329	0.50291	0.79446	0.84548	0.68513	1.12244	0.59766	0.63411	0.90378	0.9548	0.69242	1.02769	1.07142	1.04227	0.63411	1.04227	0.61953	0.37172	1.10787	1.13702	0.58309	0.56851	0.6997	1.03498	0.87463	0.47376	1.18075	0.79446	1.29737	1.49416	0.70699	0.4446	1.38483	1.77842	1.14431	0.5758	0.54664	0.61953	0.84548	0.75072	0.42274	1.03498	0.85276	0.96938	1.18075	0.88921	0.63411	1.24635	1.02769	1.1516	0.88921	0.3207	0.81632	1.32652	0.54664	0.74344	0.8965	1.74197	1.37025	0.75801	0.80903	1.23906	0.33528	0.55393	0.67784	0.96938	0.99125	0.7653	0.65597	0.78717	1.02769	1.47958	0.87463	1.31923	0.90378	0.75801	0.45189	0.45918	0.35714	0.67784	0.53936	0.86734	0.56122	0.49562	0.74344	0.40816	1.18075	0.59038	1.00583	0.88921	0.59038	0.83819	0.97667	0.7653	0.87463	0.80174	0.74344	0.94752	0.56851	0.71428	0.82361	0.87463	0.8309	1.13702	0.37901	0.74344	0.65597	0.50291	0.32799	0.66326	1.18075	0.77259	0.83819	0.45189	0.55393	0.53936	0.99854	0.77988	0.80903	1.09329	1.3411	0.51749	0.81632	0.92565	0.85276	1.07871	0.56851
cell12	0.71711	1.59686	1.25679	0.79104	1.21243	1.10893	0.9315	1.38247	1.12372	1.08676	1.37508	1.10893	0.86497	1.28636	1.36769	0.80583	0.39182	0.99065	1.30854	1.10154	1.38986	1.58947	1.25679	0.7319	1.43422	0.90193	0.85758	1.70037	0.98325	0.79843	0.87975	0.61361	1.04979	1.19765	0.69493	1.07936	1.16808	0.8354	1.16068	0.621	1.44901	1.10893	0.76147	1.16808	2.01087	1.42683	1.53772	0.79843	1.85562	1.56729	0.96108	1.32333	1.11633	1.57469	1.07936	1.16068	1.65601	1.29376	1.27158	0.63579	1.65601	1.24201	0.95368	1.59686	0.98325	0.86497	1.26418	0.81322	1.53772	1.56729	0.7319	1.50815	1.37508	1.10893	1.13111	0.67275	0.85018	1.92954	1.65601	0.90933	1.12372	0.96108	1.24201	1.06458	1.47858	0.97586	1.23461	0.56925	1.27158	0.53968	0.53229	1.17547	1.19026	1.70776	2.06262	0.90933	1.90737	0.94629	1.08676	1.17547	2.15872	0.95368	0.67275	1.13111	1.08676	1.21983	1.00543	1.47858	1.0424	1.13111	1.48597	0.81322	1.13111	1.19026	1.53772	1.05718	0.69493	1.1459	1.19026	0.70232	1.78908	2.02565	2.07001	1.24201	1.75212	1.19026	1.65601	1.28636	0.86497	1.55251	0.58404	0.86497	0.88715	1.27897	1.00543	1.06458	1.79647	0.69493	1.19026	1.44901	0.9315	1.70037	1.02761	1.15329	1.3529	0.70972	1.92954	0.9315	1.36769	0.96847	2.0774	1.00543	1.53772	1.73733	1.07197	0.85018	1.59686	1.36769	0.91672	1.49336	0.38443	1.69297	1.02761	0.99065	0.32529	1.32333	1.77429	0.87236	2.32876	2.56533	1.49336	0.80583	1.95172	0.97586	0.97586	0.82061	2.51358	2.14394	1.34551	2.4914	2.46923	2.2844	1.53033	1.94433	1.19765	0.99804	1.43422	1.13111	1.035	0.8354	1.33072	1.47858	1.00543	0.87975	1.49336	0.98325	1.50815	0.96847	1.64122	1.13111	1.7669	0.63579	1.52294	0.88715	0.90933	2.01087	0.621	1.30115	0.91672	1.34551	1.1459	1.40465	0.7319	1.52294	0.39182	0.81322	1.20504	1.32333	1.13111	1.8704	1.10154	1.04979	1.28636	1.44901	1.50076	0.9315	1.25679	1.46379	1.89258	1.36769	2.30658	1.32333	1.32333	1.21983	0.8354	0.78365	0.99065	1.0424	1.48597	1.67079	1.02761	1.83344	0.85018	1.72994	0.97586	1.31593	0.90193	0.46575	0.73929	0.79104	0.42139	0.97586	0.45836	1.16068	0.68754	1.13851	0.9389	0.70972	0.85018	0.94629	0.61361	0.9315	0.70972	0.621	0.63579	0.70972	0.90193	0.96847	1.11633	0.85018	0.74668	0.64318	0.57665	0.81322	0.58404	0.99804	0.84279	0.70232	0.89454	0.42139	0.57665	0.74668	0.64318	0.71711	0.43618	0.91672	0.53968	0.97586	1.18286	0.96108	0.45097	1.21243	1.07936	0.53968	1.00543	0.51011	0.65057	0.78365	0.59882	1.12372	1.24201	0.87975	0.57665	0.82061	0.66536	1.13851	0.65797	1.33811	0.78365	0.68015	0.6284	0.69493	0.84279	0.59143	0.79843	1.09415	0.73929	0.47315	1.07936	0.68015	0.86497	0.48793	1.13111	0.84279	0.5249	0.47315	0.45097	0.82061	1.13851	0.828	0.91672	0.828	0.77625	0.6284	1.64861	0.55447	0.68754	0.43618	0.39182	0.84279	0.86497	0.87975	0.621	0.96108	0.99065	0.96847	1.19765	0.6284	0.7319	0.82061	0.56186	0.28093	0.56925	0.82061	0.621	0.8354	0.68015	0.7319	0.67275	0.68754	0.92411	0.77625	0.95368	0.21439	0.71711	0.86497	0.82061	1.07197	0.68754	0.7245	0.85758	0.76886	0.96847	0.5175	0.69493	0.828	0.828	0.67275	0.49532	0.73929	0.55447	0.86497	0.67275	0.88715	0.621	0.53968	0.59143	0.64318	0.95368	0.51011	0.99065	0.76886	0.45836	0.53229	0.69493	1.07197	0.45097	0.47315	1.36029	0.8354	0.90933	0.51011	0.84279	0.92411	0.828	0.85018	0.85758	0.70232	0.96108	0.85758	0.828	0.78365	0.44357	0.86497	0.47315	0.49532	0.79843	0.59882	0.45836	0.96847	0.73929	0.95368	1.53772	0.48793	0.69493	0.7245	1.30115	1.07197	0.68015	0.76886	0.92411	0.6284	0.95368	1.02761	0.61361	0.63579	0.74668	0.73929	0.3105	1.09415	0.45097	0.65057	0.59143	0.50272	0.97586	0.84279	0.84279	0.66536	0.66536	0.9315	1.11633	1.035	0.45836	0.34007	0.88715	0.58404	0.61361	0.828	0.45097	0.44357	0.6284	0.58404	0.828	0.68015	0.33268	1.15329	0.88715	0.56186	0.74668	1.31593	0.57665	0.99065	0.48054	0.66536	0.53229	0.32529	0.76147	1.71515	0.6284	0.79104	0.88715	0.95368	0.70232	0.45097	0.40661	0.64318	0.56186	0.5175	0.90193	1.25679	1.4564	0.85758	0.85018	0.65057	0.42879	1.21243	0.98325	0.7319
cell13	1.3299	0.86172	0.73959	0.90243	0.81422	1.47917	0.916	1.50632	1.04492	0.97707	0.55639	1.25526	0.67174	0.59031	1.47917	2.08984	1.30276	1.22134	0.90243	1.04492	0.80744	0.94993	1.2824	1.06528	1.43846	1.03814	0.84137	1.2824	1.48596	1.16705	0.84137	1.23491	1.62845	1.7438	1.35704	1.02457	0.90922	1.38418	0.94314	1.16027	2.61909	2.19841	0.78708	1.38418	0.86851	1.39775	0.84137	1.011	0.9635	0.97028	1.1942	1.20098	1.04492	1.832	1.13991	0.93636	1.53346	0.86172	0.84815	1.1467	1.26883	1.09242	0.5496	0.87529	0.70566	1.6488	1.11277	2.06949	1.86593	1.34347	1.011	1.59452	0.916	0.99742	1.50632	0.88886	1.36383	1.6963	1.64202	1.63523	1.38418	1.26205	1.39775	0.86172	0.84137	1.66237	1.08563	1.18063	0.97707	1.43846	2.05592	0.48853	1.11277	0.68531	1.65559	1.20777	0.9635	0.75994	1.41811	1.04492	0.98385	0.85494	0.97028	1.26205	0.84137	1.62166	1.27562	1.01778	1.18063	0.89565	1.99485	1.24848	1.42489	1.13991	1.49953	1.16027	1.13991	1.48596	0.65138	0.75316	1.96092	1.03814	1.3774	0.93636	0.83458	1.13991	1.05849	1.07885	1.03814	1.07885	1.12634	0.57674	0.58353	1.2824	1.47239	1.72344	1.76415	1.08563	1.59452	0.70566	1.23491	1.79808	1.66916	1.35026	1.42489	0.97707	1.38418	1.33669	0.92957	0.94993	1.18063	1.13991	0.78708	1.5606	1.5131	1.77772	0.77351	1.82522	1.24169	2.08306	1.49274	0.76673	1.78451	0.82779	1.01778	1.16705	1.42489	1.11956	0.7803	0.62424	0.99742	1.65559	1.31633	0.86172	0.95671	0.75994	1.45882	0.88886	0.87529	1.15348	1.78451	0.84137	2.36804	1.06528	2.19162	0.916	0.65138	1.29597	1.36383	0.68531	1.20777	1.36383	0.87529	0.85494	1.31633	0.99742	1.30954	1.5606	1.62845	1.26205	1.40454	1.24848	1.10599	0.95671	1.31633	0.95671	1.53346	1.28919	1.38418	1.81165	1.7438	0.92957	0.97707	1.18063	1.61488	1.29597	0.95671	0.46139	1.11956	1.06528	1.73701	1.30954	1.07206	0.70566	1.17384	1.31633	1.52667	1.08563	0.67174	1.58774	0.87529	0.93636	1.4656	0.75316	1.01778	1.2824	0.54282	1.44525	1.3299	0.54282	0.98385	1.02457	0.74637	1.8795	0.56317	0.45461	0.53603	0.7803	0.69209	0.79387	0.68531	1.07885	0.43425	1.42489	0.77351	0.40033	0.65816	0.88208	0.48853	1.34347	0.77351	0.31212	0.87529	1.37061	1.24169	0.71923	1.12634	1.36383	0.45461	1.05171	1.05171	0.94993	1.31633	1.39097	0.92957	1.09242	0.67852	0.60388	0.92279	0.88208	1.00421	0.75316	0.52246	1.94735	0.77351	0.3664	0.61067	0.78708	0.46818	0.62424	1.07885	0.61067	0.75994	0.75316	0.74637	1.08563	0.83458	0.48853	0.81422	0.73959	1.16027	0.7328	0.88886	1.38418	0.45461	0.97707	1.04492	0.79387	0.87529	0.99064	0.88208	0.74637	1.05171	0.69209	0.84815	0.88208	0.88208	0.66495	0.53603	0.95671	0.37319	0.3189	0.78708	0.67852	0.86172	1.20098	0.87529	0.59031	0.48853	0.73959	0.69209	1.03135	0.97028	0.5496	0.94993	0.44782	0.76673	0.34605	0.85494	1.07885	1.26205	1.30954	1.12634	0.75994	0.56317	0.90243	0.92279	0.92279	1.28919	0.69209	0.99064	0.62424	1.44525	0.7803	0.75994	0.4139	0.58353	1.12634	0.86851	0.99742	0.45461	0.55639	0.95671	0.86172	0.67852	0.79387	0.46818	0.60388	0.63102	0.67852	0.75994	0.52925	0.59031	0.88886	0.94314	0.61745	0.72602	0.47496	0.59031	1.73701	0.47496	0.75316	0.75316	0.92957	0.94314	0.916	0.65138	0.3189	0.56996	0.7328	0.58353	0.54282	0.79387	0.62424	0.47496	0.84137	0.69888	0.79387	1.02457	0.86172	0.92279	0.69888	0.7328	0.94993	0.64459	1.23491	0.56996	0.9635	1.22134	0.78708	1.16027	0.42747	1.01778	0.44104	0.89565	0.90243	0.88886	0.5496	0.84137	1.52667	0.58353	1.20777	0.42747	0.56317	0.38676	0.99742	0.56996	0.46139	0.27141	0.73959	0.90243	1.00421	1.13991	0.73959	0.5496	0.916	0.5971	0.82779	1.1467	0.57674	0.80065	1.06528	0.88208	0.84815	0.61745	1.03814	1.02457	0.86172	0.76673	1.08563	0.83458	0.67852	1.17384	0.70566	1.23491	0.29855	0.48853	0.84815	0.69209	1.1467	0.56317	0.76673	0.67852	0.61745	1.3774	0.70566	1.3299	1.08563	0.82779	0.53603	0.71245	1.41132	0.79387	0.62424	0.63102	0.59031	0.90922	0.52246	0.95671	0.80065	0.97707	0.67852	0.62424	0.70566	0.86172	1.08563	1.16705	1.08563	0.99742	0.64459	0.75316	0.72602	0.69209	0.92957	0.64459	0.58353	0.52925	0.77351
cell14	2.78193	1.17045	2.86675	1.25526	1.03474	0.93297	1.2383	1.58604	1.55212	0.73789	0.89904	1.84049	1.4673	1.24678	1.27223	1.01778	2.02708	1.26374	1.57756	0.43256	0.67852	1.58604	0.80574	0.43256	0.72941	0.61067	1.39945	0.96689	0.69548	1.1026	1.00082	0.96689	1.42489	0.83967	0.83119	1.832	1.95923	1.06019	1.39945	0.99234	1.87441	0.3223	1.0093	0.78878	1.61149	1.15348	0.79726	0.59371	1.24678	1.12804	0.79726	1.61997	1.34856	1.62845	0.85663	1.1026	1.07715	1.04323	1.12804	1.71326	1.43337	1.55212	1.34856	1.52667	1.34008	1.21286	0.73789	1.20437	0.84815	1.00082	0.87359	0.86511	0.73789	1.06019	1.68782	0.56826	1.48426	1.47578	1.1026	0.95841	2.23064	1.11956	1.374	1.34856	0.43256	1.50123	1.56908	1.58604	1.22982	1.32311	1.78112	0.73789	1.88289	0.66156	1.11956	1.03474	1.12804	1.62845	1.11956	1.28919	1.17045	0.67004	1.82352	1.28071	1.34008	1.09411	0.98385	1.20437	1.05171	1.71326	1.04323	1.38249	0.80574	0.79726	1.17893	0.61067	1.97619	1.44186	1.75567	1.99315	0.86511	1.25526	1.04323	1.67086	1.28919	2.09493	1.25526	1.73023	1.04323	0.88208	1.56908	1.09411	1.15348	1.01778	0.83119	0.77182	0.80574	1.27223	1.38249	0.67852	0.63611	0.76334	0.73789	1.17045	0.93297	0.90752	0.24596	0.687	1.34856	0.62763	0.916	0.84815	0.92448	1.40793	1.603	0.73789	0.61067	1.11108	1.19589	1.2383	1.51819	1.30615	0.94993	1.51819	0.79726	0.916	1.39945	1.67934	1.74719	0.64459	0.72093	1.0093	1.54363	1.15348	1.11108	1.09411	0.50889	0.81422	0.85663	1.29767	1.17045	1.30615	1.45882	0.71245	1.28919	1.28919	0.916	0.96689	0.62763	0.95841	0.83119	1.4673	0.7803	1.2383	1.51819	1.28071	1.04323	1.54363	0.73789	1.11956	1.08563	0.84815	1.17045	1.68782	1.4673	1.15348	1.61149	1.44186	0.67004	0.687	1.01778	0.94145	0.65308	0.82271	2.30697	2.17975	1.85745	1.02626	1.34856	1.5606	1.74719	1.28071	0.90752	1.45034	0.85663	1.47578	1.67086	1.01778	2.2476	1.95923	0.89056	1.145	0.65308	1.07715	1.374	0.67004	1.24678	0.82271	1.20437	1.07715	2.12886	0.63611	1.42489	1.25526	0.50889	0.79726	1.19589	0.21204	0.40711	0.71245	0.94145	1.04323	0.92448	1.00082	1.21286	0.53433	0.71245	1.09411	0.67004	0.92448	0.84815	0.89056	1.1026	0.71245	0.56826	0.44952	0.54282	1.13652	0.49193	0.55978	0.67004	0.72941	1.12804	0.85663	1.38249	1.22134	0.85663	0.87359	0.87359	0.99234	0.59371	1.4673	0.61067	0.44952	1.08563	0.66156	0.66156	0.56826	0.53433	0.76334	1.15348	0.42408	0.95841	0.89056	0.50041	0.29685	0.73789	0.54282	0.93297	1.48426	0.92448	0.69548	0.73789	0.66156	0.458	0.57674	0.66156	0.69548	1.31463	0.50041	0.80574	0.72941	1.08563	0.63611	0.67852	0.23748	0.76334	0.70396	0.59371	0.81422	1.25526	1.11108	0.916	0.53433	0.33926	1.34856	0.96689	0.46648	0.71245	0.58522	0.41559	0.59371	0.67852	1.39945	0.58522	1.145	0.86511	0.83967	0.55978	0.58522	0.67004	0.70396	0.42408	0.3223	0.60219	0.72093	0.74637	0.67852	0.62763	0.73789	0.63611	0.89904	0.88208	0.57674	0.94993	0.83967	0.61067	1.25526	0.97537	0.916	0.87359	0.86511	0.69548	1.12804	0.56826	1.00082	1.55212	0.27141	0.65308	0.92448	0.92448	0.37319	0.86511	0.72093	1.57756	0.96689	0.77182	1.07715	0.70396	0.89056	1.45882	1.45034	0.55978	0.687	1.00082	1.08563	0.70396	0.39015	0.83967	0.70396	0.97537	1.0093	1.08563	0.78878	0.71245	0.42408	1.51819	0.84815	0.56826	0.5513	0.94993	1.11956	1.0093	0.65308	0.7803	0.89904	0.61067	0.83119	1.43337	0.82271	0.72941	0.33926	0.90752	0.74637	1.40793	0.85663	0.7803	1.06019	0.56826	0.52585	0.57674	0.96689	0.14419	1.61149	1.11108	1.13652	1.18741	0.59371	0.84815	0.83967	0.85663	2.06101	0.98385	0.85663	0.61915	0.59371	0.52585	1.25526	0.60219	0.95841	0.75485	0.77182	0.94145	0.76334	1.31463	0.73789	0.67004	0.79726	1.27223	1.04323	0.46648	0.57674	0.50041	0.67852	0.44952	1.45882	0.65308	0.71245	0.58522	0.80574	0.916	0.88208	0.63611	0.67852	1.0093	0.50889	0.687	1.30615	0.83119	0.65308	0.82271	1.15348	0.87359	0.458	0.71245	1.28919	1.11108	0.79726	0.82271	0.40711	0.50889	0.73789	0.89904	1.15348	0.75485	1.34856	1.17893	1.1026	0.63611	1.18741	0.687	0.95841	1.09411	1.17045	0.79726	0.34774	0.5513	0.458
cell15	1.31013	1.25358	1.64944	2.03588	1.44208	0.96139	1.05564	1.41381	1.263	0.98024	0.67863	1.12162	0.84829	1.40438	0.52782	2.21497	0.72576	1.02737	0.91426	0.31104	1.62117	1.31955	1.8568	0.50897	1.48921	1.02737	1.00852	1.14047	0.99909	0.90484	0.6692	0.67863	2.01703	1.23473	0.83886	1.50806	0.88599	1.8945	1.263	1.27243	1.52691	0.97082	1.29128	1.12162	0.98967	0.88599	0.83886	1.19702	1.36668	1.07449	1.51749	1.28185	1.48921	0.86714	0.91426	1.44208	1.96991	1.32898	1.84738	0.92369	1.69657	1.15932	1.75312	1.82853	0.90484	0.92369	0.98024	1.03679	1.02737	0.88599	1.10277	0.73518	0.92369	2.14899	1.34783	0.84829	1.73427	1.17817	1.58347	1.59289	0.64093	0.52782	1.10277	1.27243	1.46094	0.91426	1.84738	0.97082	1.37611	1.66829	1.38553	0.71633	1.32898	1.01794	2.73336	1.01794	0.89541	0.90484	1.40438	1.63059	1.68715	1.42323	1.28185	0.90484	1.61174	1.15932	1.77197	1.02737	1.54576	0.6692	1.28185	0.52782	0.60323	0.90484	1.3007	1.03679	1.41381	1.8191	0.77288	1.1499	1.34783	2.15841	1.04622	0.88599	1.21588	1.1499	1.98876	1.51749	1.96048	0.91426	0.89541	1.02737	1.25358	2.11129	1.65887	0.83886	1.07449	0.82943	0.73518	1.31013	0.94254	1.83795	1.09335	0.6692	1.72485	0.98967	1.62117	1.20645	1.76255	1.73427	1.60232	1.69657	1.35726	0.84829	0.98024	1.35726	1.17817	1.263	0.84829	1.20645	1.20645	0.82001	1.87565	0.77288	1.31955	1.263	1.21588	1.1499	1.17817	1.23473	0.97082	1.35726	1.21588	0.86714	0.79173	0.53725	1.02737	0.58437	0.78231	1.706	1.77197	1.07449	1.1876	1.46094	0.76346	0.7069	0.80116	0.65035	0.78231	1.56462	1.1499	1.44208	1.29128	1.25358	1.25358	0.6692	1.00852	1.17817	1.82853	0.93311	1.19702	0.97082	1.09335	1.20645	0.98024	1.09335	1.65887	1.46094	1.10277	1.40438	2.62968	0.87656	0.6315	2.72394	1.09335	0.79173	1.1876	1.05564	1.28185	1.12162	2.11129	0.91426	0.86714	0.68805	1.3007	0.82943	1.17817	1.7814	3.45912	2.13956	0.87656	1.39496	1.02737	0.47127	0.89541	1.02737	0.71633	1.79082	1.47036	1.13105	1.35726	0.90484	0.83886	1.03679	0.79173	1.3007	0.68805	0.94254	0.35816	0.64093	1.07449	0.85771	1.29128	0.58437	0.77288	0.82943	1.07449	0.82943	0.46184	0.78231	0.88599	0.5938	0.62208	1.20645	1.09335	0.98967	0.38644	0.91426	0.47127	1.13105	1.19702	0.90484	0.62208	0.82001	0.85771	0.96139	1.09335	1.50806	0.77288	0.5561	0.54667	0.5184	0.91426	0.92369	0.56552	0.68805	0.83886	0.81058	0.49955	0.93311	1.14047	0.64093	0.77288	0.6692	0.92369	0.75403	0.36759	1.17817	0.90484	0.79173	0.89541	0.91426	0.98967	0.48069	0.95196	1.20645	1.02737	1.02737	0.68805	0.91426	0.61265	0.6692	0.61265	0.74461	1.13105	0.97082	0.87656	0.68805	1.00852	0.77288	0.91426	1.13105	0.38644	1.1876	0.67863	0.6692	0.49955	1.03679	0.77288	0.62208	0.79173	0.76346	0.50897	0.53725	0.5184	1.07449	0.43357	0.40529	0.64093	0.50897	0.80116	0.57495	0.58437	0.79173	0.65978	0.78231	0.67863	0.73518	0.95196	1.28185	1.05564	0.85771	0.74461	0.7069	0.73518	0.72576	0.85771	0.64093	0.6315	0.79173	0.75403	1.00852	0.54667	0.86714	0.46184	0.68805	0.75403	1.37611	0.49012	0.65978	0.87656	1.04622	0.76346	0.92369	1.08392	0.27334	0.78231	0.98967	0.6692	0.79173	0.91426	0.6692	0.5938	0.62208	0.46184	0.79173	0.82943	0.92369	0.44299	0.77288	1.09335	0.45242	0.7069	0.64093	0.83886	0.53725	0.6315	1.02737	0.49955	0.36759	0.47127	0.97082	0.6692	1.04622	0.52782	0.40529	0.38644	0.34874	1.15932	0.47127	0.78231	0.34874	0.57495	0.92369	0.65978	0.42414	0.83886	0.78231	0.65035	1.2253	0.36759	0.87656	0.77288	0.7069	0.44299	1.02737	1.14047	1.16875	0.86714	1.38553	0.76346	1.05564	1.14047	0.7069	0.74461	0.5184	0.98024	1.20645	1.59289	0.39587	1.39496	0.6315	0.72576	0.49012	0.71633	0.53725	0.83886	1.1122	0.27334	1.17817	0.76346	0.65978	1.06507	0.73518	0.7069	0.58437	1.46094	1.46094	0.73518	0.49955	0.6692	0.7069	0.67863	1.27243	0.5184	0.96139	0.82001	0.98967	0.58437	0.38644	1.03679	1.03679	0.97082	0.85771	0.71633	0.37702	0.35816	0.46184	0.50897	0.78231	0.95196	0.98024	0.61265	1.04622	0.92369	0.54667	0.62208	0.73518	0.88599	0.29219	0.46184	0.7069	0.92369	0.84829	1.06507	0.97082	0.49012	0.93311
cell16	0.88247	0.87382	0.95169	1.04685	1.24584	1.18528	1.83416	1.21989	1.02955	1.61787	1.34966	0.89978	1.73034	1.0209	1.47944	1.37562	0.96899	1.53135	2.09371	1.18528	0.77865	0.96034	1.66978	0.96899	1.36697	0.98629	0.96034	1.2545	1.24584	0.5364	1.53135	0.93438	0.65753	1.29775	1.14202	0.77865	1.49674	0.98629	1.47079	1.5227	0.79596	1.81686	1.39292	0.84787	0.76135	1.08146	0.95169	0.79596	1.24584	1.34966	1.06416	0.68348	1.40157	1.04685	0.84787	1.41023	1.79955	1.2891	1.17663	2.25809	0.95169	1.2545	1.11607	1.28045	1.29775	1.32371	0.97764	1.0382	0.64023	1.0036	0.92573	0.79596	0.81326	0.99494	1.24584	1.08146	1.24584	0.98629	1.0382	1.24584	0.77865	1.31506	1.95528	1.09011	1.68708	1.32371	0.82191	1.24584	0.94303	0.84787	1.21989	0.89978	0.93438	1.04685	1.96393	1.32371	0.73539	1.35832	1.20259	0.98629	0.96899	1.41023	1.39292	1.17663	0.94303	1.0209	0.80461	1.37562	1.5573	0.97764	1.12472	1.15067	1.34966	1.49674	1.12472	0.96899	1.02955	1.04685	1.57461	1.49674	1.68708	1.58326	1.35832	0.73539	1.20259	1.26315	1.29775	0.68348	1.42753	1.09876	1.34101	1.01225	0.64023	1.28045	1.68708	1.76495	0.83921	2.90697	0.88247	1.0036	0.68348	0.70079	0.87382	1.0209	1.09876	1.08146	0.85652	0.70944	1.12472	1.34101	1.91202	1.09876	0.88247	1.43618	1.68708	1.15933	1.33236	0.68348	1.04685	1.38427	1.39292	1.0036	0.98629	1.15067	1.21124	1.14202	0.96034	0.91708	1.29775	0.60562	0.94303	1.38427	1.50539	0.93438	1.19393	0.94303	1.10742	1.47079	1.34101	0.88247	0.88247	1.39292	0.81326	1.11607	1.54	1.35832	1.37562	1.91202	1.7736	1.59191	1.36697	2.37056	1.0209	1.35832	1.42753	1.34101	0.62292	0.72674	1.68708	1.49674	1.99854	1.09876	1.17663	1.75629	1.90337	0.93438	1.94663	1.19393	1.15067	0.70944	0.69214	1.69573	1.0382	1.46214	1.05551	1.44483	1.73899	1.16798	1.86011	1.09876	0.93438	1.20259	1.73034	1.67843	0.89112	0.88247	1.12472	1.60921	2.95023	0.48449	1.14202	0.7527	1.14202	0.88247	1.28045	1.0036	1.20259	1.2545	1.28045	1.5573	1.09876	0.89112	0.96899	0.5018	0.88247	0.52775	0.84787	0.65753	0.99494	0.62292	0.86517	0.5364	0.52775	0.91708	0.47584	0.60562	0.43258	0.68348	1.17663	0.5191	0.5364	1.06416	0.58832	0.54506	0.49315	0.87382	0.62292	1.06416	1.16798	0.76135	1.04685	0.38067	0.98629	0.67483	0.89112	1.2891	0.74405	0.71809	0.36337	1.14202	1.70438	0.39798	1.18528	0.73539	0.77865	0.27685	0.44989	0.83056	1.21124	0.73539	0.76135	0.96899	0.60562	1.09876	1.09011	0.88247	0.89978	0.80461	0.59697	0.93438	0.68348	1.47944	0.70079	1.35832	0.88247	0.81326	1.21124	1.05551	0.7527	0.28551	0.5018	1.10742	0.81326	0.74405	1.19393	0.67483	0.82191	0.64888	1.10742	0.72674	1.16798	0.38933	1.08146	0.40663	0.7527	0.57966	0.74405	0.37202	1.07281	0.45854	0.81326	1.42753	0.55371	0.35472	0.57966	1.02955	1.0036	0.71809	0.82191	0.91708	0.64023	0.70944	0.74405	0.58832	0.83056	0.88247	0.85652	0.85652	0.64023	0.83056	1.47079	1.06416	0.49315	0.7873	0.7873	1.53135	0.57966	0.64023	0.63157	0.72674	0.57966	0.71809	1.09876	1.15933	0.65753	0.96034	0.33742	1.0382	0.65753	0.68348	0.46719	1.30641	0.60562	0.90843	0.89978	0.64888	0.63157	0.77865	1.09011	0.54506	0.62292	1.10742	0.33742	0.73539	0.63157	0.64888	1.05551	0.76135	0.99494	1.43618	0.61427	0.38067	0.64888	0.61427	1.31506	0.82191	1.0382	0.57966	0.99494	0.73539	1.07281	0.55371	0.48449	1.14202	0.71809	0.67483	0.74405	0.91708	0.84787	0.44989	1.0209	0.71809	0.83921	0.57101	0.64888	0.56236	0.56236	0.67483	1.15933	1.14202	0.5364	0.87382	0.69214	0.92573	0.5191	1.17663	0.83056	0.20764	0.64023	1.0209	0.79596	0.67483	0.5018	0.43258	0.7873	0.72674	0.72674	1.12472	1.0382	1.14202	0.81326	0.63157	0.93438	1.12472	0.77	0.57966	0.92573	0.70079	0.49315	1.07281	0.64023	0.65753	0.70944	0.35472	0.57101	0.68348	0.79596	1.98124	1.51405	0.86517	1.15933	0.77865	0.44124	1.21989	0.65753	0.92573	0.66618	0.71809	0.82191	0.62292	0.52775	0.77	0.90843	0.82191	0.73539	1.30641	0.91708	0.77865	1.15933	1.0209	0.5018	0.70944	0.86517	0.57966	0.77	0.64888	0.7527	1.19393	0.45854	1.09011	0.62292	0.65753	0.89112	0.71809	0.7873	0.80461	1.29775	0.93438
cell17	0.46734	0.91799	0.78446	0.63425	0.81784	0.58417	0.76777	1.50216	0.78446	0.93468	0.48403	0.75108	0.78446	1.16835	0.9013	0.66763	1.08489	1.38533	1.4354	1.46878	1.55223	0.75108	0.96806	0.50072	1.38533	0.81784	0.88461	0.86792	1.60231	1.00144	0.95137	0.56748	0.85122	1.36864	0.5341	0.91799	0.83453	1.08489	0.66763	0.95137	1.11828	0.48403	1.40202	0.48403	1.45209	0.98475	0.75108	1.31856	2.83742	0.78446	1.95281	2.35339	1.45209	0.70101	0.88461	1.93612	1.41871	1.619	1.38533	2.03626	1.41871	1.63569	1.7859	0.68432	2.32001	1.55223	2.8708	1.35195	0.91799	1.55223	1.619	0.9013	0.96806	1.91943	0.41727	0.68432	1.05151	0.5341	1.28518	0.91799	0.98475	0.28374	0.55079	1.05151	0.46734	0.45065	0.26705	0.48403	0.5341	0.30043	0.80115	1.40202	0.3505	1.03482	1.13497	0.85122	0.65094	0.98475	1.00144	0.96806	1.03482	1.05151	0.98475	0.96806	1.05151	0.91799	1.15166	0.78446	0.66763	1.35195	1.68576	1.15166	1.30187	0.80115	1.56892	0.58417	0.75108	1.16835	0.91799	0.83453	0.60086	1.01813	0.5341	0.43396	1.00144	0.7177	0.95137	0.70101	0.95137	1.73583	0.58417	0.96806	0.60086	0.66763	1.05151	1.08489	1.33525	0.9013	0.96806	0.48403	1.36864	0.40058	0.70101	0.80115	0.80115	0.78446	0.7177	1.73583	0.93468	1.01813	0.88461	0.93468	1.20173	0.91799	0.81784	1.51885	0.95137	1.21842	1.05151	1.15166	0.78446	1.16835	0.9013	1.03482	0.81784	0.80115	0.76777	0.98475	0.86792	0.76777	0.73439	1.01813	0.61756	0.56748	0.9013	0.55079	1.15166	0.86792	0.50072	0.95137	0.75108	1.08489	1.16835	1.9695	0.81784	1.01813	1.0682	0.63425	0.88461	0.85122	1.13497	0.55079	0.88461	0.55079	1.10159	1.45209	1.10159	1.11828	0.41727	0.65094	1.21842	1.18504	0.66763	0.81784	0.88461	1.05151	0.7177	0.81784	0.95137	0.95137	1.75252	1.41871	0.33381	0.61756	1.26849	2.52029	1.23511	0.80115	0.61756	1.11828	1.2518	0.61756	0.78446	0.76777	1.41871	0.86792	0.98475	1.03482	0.75108	0.56748	1.08489	0.7177	0.86792	0.86792	0.93468	0.88461	0.73439	0.9013	1.55223	1.01813	0.85122	1.26849	1.45209	2.01957	1.31856	0.96806	1.0682	0.88461	0.95137	0.85122	0.43396	0.98475	1.18504	0.85122	0.73439	1.33525	1.15166	1.11828	0.48403	0.68432	1.13497	0.98475	1.38533	0.56748	1.18504	0.75108	1.26849	0.40058	0.80115	0.83453	0.68432	0.9013	0.60086	0.65094	0.85122	1.38533	1.16835	1.00144	1.65238	0.91799	1.48547	0.86792	0.63425	0.81784	0.95137	0.76777	1.11828	0.7177	0.3505	0.76777	0.88461	0.51741	0.78446	1.63569	1.4354	0.93468	0.9013	0.98475	0.96806	1.31856	1.35195	1.619	1.38533	1.45209	1.10159	0.61756	0.76777	0.55079	0.68432	0.78446	0.85122	0.78446	0.9013	0.93468	0.65094	1.36864	1.35195	0.95137	0.55079	0.68432	1.10159	1.58562	0.93468	0.96806	0.75108	1.05151	0.61756	1.08489	0.96806	1.21842	1.10159	1.21842	1.20173	0.78446	0.85122	1.31856	1.08489	1.35195	0.98475	0.60086	1.31856	1.41871	0.70101	1.38533	1.40202	1.28518	0.73439	1.05151	0.7177	1.00144	1.35195	0.70101	0.66763	1.15166	1.33525	0.7177	0.93468	0.75108	1.50216	1.13497	1.33525	1.00144	0.55079	1.70245	1.40202	0.85122	0.83453	0.70101	0.91799	0.88461	1.18504	1.45209	1.36864	1.01813	0.63425	1.15166	0.98475	0.68432	0.93468	1.75252	0.43396	0.66763	1.83598	1.85267	0.73439	1.41871	0.95137	0.78446	0.98475	0.80115	1.75252	1.26849	0.78446	1.31856	0.41727	0.80115	0.80115	0.86792	1.08489	0.63425	0.80115	1.60231	0.50072	0.85122	0.46734	1.05151	1.28518	0.85122	1.00144	0.85122	1.18504	0.93468	1.00144	0.21698	1.00144	1.08489	1.55223	0.83453	0.63425	1.03482	1.08489	0.68432	1.56892	0.3505	0.88461	0.95137	0.43396	1.619	1.10159	1.40202	1.4354	1.0682	1.68576	0.83453	1.13497	1.71914	0.78446	0.93468	1.15166	0.83453	1.35195	0.83453	1.05151	1.18504	0.78446	0.80115	1.05151	0.81784	2.05295	0.86792	0.3505	0.7177	1.46878	1.2518	0.91799	1.0682	1.48547	0.83453	0.81784	1.03482	0.5341	0.56748	1.16835	0.85122	0.5341	0.66763	1.00144	0.91799	0.65094	0.75108	0.88461	0.60086	0.48403	1.75252	1.15166	0.70101	0.5341	0.76777	1.4354	1.51885	0.60086	1.05151	0.73439	1.60231	0.96806	1.619	0.5341	1.10159	1.0682	0.5341	1.68576	1.00144	0.73439	1.95281	0.93468	1.11828	0.80115	0.68432
cell18	1.30665	1.52232	0.49475	1.89021	1.09099	1.54769	1.09099	0.7231	1.30665	1.20517	1.12905	1.28128	1.59843	0.79922	1.10368	0.82459	0.52012	1.83946	0.88802	0.92607	1.535	0.71041	1.12905	1.28128	1.01488	1.11636	1.10368	1.10368	1.50963	1.63649	1.89021	0.71041	1.14174	1.40814	1.33203	1.90289	1.24322	1.72529	0.67236	0.95145	0.73579	0.96413	1.40814	1.07831	0.67236	1.31934	1.23054	1.31934	1.31934	0.53281	0.8119	1.59843	1.29397	0.96413	0.7231	1.28128	1.39546	1.12905	1.24322	0.84996	1.12905	0.64698	0.86265	1.25591	0.8119	0.78653	2.02975	1.6238	1.40814	0.86265	0.9007	1.3574	1.83946	1.81409	1.42083	0.49475	0.83727	1.02756	0.9895	1.42083	1.07831	1.12905	1.78872	1.17979	1.54769	2.24541	2.01707	1.21785	0.93876	2.22004	1.09099	1.2686	0.95145	1.77603	1.49694	1.75066	1.09099	0.92607	0.79922	0.87533	0.7231	1.29397	0.55818	1.38277	1.30665	0.88802	1.31934	1.40814	0.86265	1.59843	0.93876	1.12905	0.67236	0.62161	1.21785	2.11856	1.00219	1.49694	0.83727	1.3574	1.68723	0.86265	1.48426	1.17979	1.68723	0.67236	2.0805	1.16711	1.28128	1.24322	0.69773	1.82678	1.37008	1.78872	1.78872	0.50744	1.11636	1.38277	0.57087	0.43132	1.29397	1.73798	0.95145	1.16711	0.9007	1.61112	1.21785	1.57306	0.91339	0.69773	0.87533	1.39546	1.68723	0.92607	0.60893	1.39546	1.40814	0.58355	1.17979	0.86265	1.10368	0.9007	0.9895	0.76116	1.09099	1.05293	1.30665	1.00219	0.78653	0.83727	0.68504	0.55818	1.23054	0.67236	1.40814	2.37227	1.57306	0.83727	1.06562	1.69992	0.67236	1.4462	1.16711	0.93876	1.15442	0.7231	0.92607	1.09099	1.29397	1.06562	0.73579	1.21785	1.10368	1.69992	1.00219	0.92607	1.57306	1.12905	1.42083	0.52012	1.20517	1.00219	1.73798	0.8119	0.6343	0.77384	1.16711	1.17979	1.7126	0.6343	0.78653	1.30665	1.6238	1.21785	1.4462	0.83727	0.44401	0.74847	0.8119	0.79922	2.2581	1.6238	0.9895	1.94095	0.69773	2.41033	0.52012	1.02756	1.00219	0.91339	1.16711	0.67236	1.56037	1.82678	1.45889	1.02756	1.34471	1.20517	0.9895	1.4462	0.79922	0.93876	2.01707	1.535	1.37008	0.60893	0.55818	0.43132	0.87533	0.9007	0.86265	0.73579	0.55818	0.36789	0.58355	0.76116	0.77384	1.09099	1.00219	0.69773	0.73579	1.10368	0.58355	0.77384	0.27909	0.57087	0.79922	0.71041	0.82459	0.87533	0.49475	0.34252	0.35521	0.68504	1.05293	0.9007	0.95145	0.58355	1.48426	0.57087	1.33203	1.6238	0.6343	0.88802	1.10368	0.60893	0.86265	0.71041	0.73579	1.31934	0.9007	0.91339	0.9895	0.83727	0.95145	0.55818	0.79922	0.62161	0.73579	0.55818	0.25372	0.79922	0.87533	0.77384	0.9007	0.79922	0.65967	0.62161	1.56037	0.88802	0.50744	0.27909	0.91339	1.00219	1.02756	1.01488	0.86265	1.33203	0.86265	1.05293	0.91339	1.12905	1.16711	0.7231	0.74847	0.9895	0.52012	0.59624	0.8119	0.88802	0.76116	0.68504	0.74847	0.92607	0.82459	0.49475	0.46938	0.96413	0.7231	0.87533	0.5455	0.77384	0.76116	0.68504	0.53281	0.67236	1.19248	0.87533	0.8119	0.71041	1.63649	1.37008	1.34471	1.05293	1.02756	0.77384	0.97682	0.82459	0.73579	0.59624	0.76116	0.9007	0.95145	0.73579	0.52012	0.86265	0.65967	0.62161	0.96413	0.76116	1.06562	0.39326	0.60893	0.96413	0.9895	1.07831	0.46938	1.05293	0.49475	0.45669	0.59624	0.87533	0.71041	0.78653	0.41864	1.24322	1.15442	1.05293	0.31715	0.86265	1.02756	1.45889	0.53281	1.17979	1.50963	1.16711	0.78653	0.88802	1.06562	1.10368	0.79922	1.09099	0.57087	0.74847	0.40595	0.60893	0.86265	1.21785	0.64698	0.82459	0.67236	0.53281	0.96413	0.50744	0.45669	0.52012	1.2686	0.91339	1.39546	0.65967	1.00219	0.83727	0.35521	1.25591	0.9895	1.11636	0.6343	0.83727	0.88802	1.12905	0.97682	0.84996	0.91339	0.91339	1.25591	1.38277	1.28128	0.69773	0.59624	0.88802	0.74847	0.6343	1.3574	0.57087	0.6343	0.9895	0.87533	0.6343	0.79922	0.93876	1.20517	0.69773	0.68504	0.88802	0.87533	0.8119	0.67236	0.95145	0.78653	0.76116	0.88802	0.49475	0.53281	0.78653	0.76116	1.00219	0.50744	0.59624	1.21785	0.95145	1.04025	0.55818	0.39326	0.86265	0.82459	0.71041	0.45669	0.64698	0.67236	1.09099	1.01488	0.53281	1.39546	1.48426	0.34252	1.04025	0.79922	0.58355	0.84996	0.29178	0.69773	0.77384	0.46938	0.91339	1.15442	0.9007	1.17979	0.6343
cell19	1.32951	1.0912	0.94069	1.22917	1.25425	1.14137	1.73087	2.04443	0.66475	0.95323	1.75595	0.94069	1.0034	1.74341	0.82781	0.80272	1.5929	1.45493	0.92815	1.36713	0.9156	0.46407	1.48002	2.29528	1.919	1.34205	1.63053	1.22917	0.61458	1.96917	1.0034	0.84035	1.30442	0.90306	0.79018	1.44239	1.0912	1.25425	1.22917	1.12883	1.24171	1.94409	0.42645	1.19154	1.10374	1.29188	1.04103	1.64307	0.79018	1.37968	1.0912	1.32951	0.80272	0.62713	1.26679	1.73087	0.85289	1.51764	1.12883	1.45493	0.76509	0.80272	1.58036	0.5017	1.26679	1.42985	1.49256	0.92815	0.9156	0.65221	1.30442	1.25425	1.05357	1.19154	1.5051	0.97832	1.42985	0.81526	1.10374	1.90646	1.22917	1.45493	0.90306	0.71492	1.29188	1.15391	1.44239	1.35459	1.21662	0.77764	1.71832	0.74001	0.65221	1.4173	2.05697	0.85289	1.19154	1.27934	1.12883	1.11628	1.16645	1.34205	0.71492	1.35459	1.16645	0.70238	1.04103	1.42985	1.31696	1.39222	1.60544	0.87798	1.04103	1.53019	2.08206	0.90306	1.0034	0.82781	1.15391	1.88138	1.93155	0.99086	0.92815	1.02849	0.80272	1.65561	1.34205	0.96577	0.82781	1.12883	1.15391	0.80272	0.60204	1.14137	1.29188	1.06611	0.62713	0.99086	0.77764	0.81526	1.15391	0.89052	1.11628	1.05357	1.0912	1.35459	1.30442	1.45493	1.63053	1.21662	1.0912	1.34205	0.55187	0.92815	0.68984	1.15391	1.04103	0.63967	1.31696	2.10714	1.04103	1.32951	1.44239	0.6773	1.30442	1.01594	0.81526	0.74001	1.45493	1.0034	1.86883	1.95663	1.40476	0.96577	1.4173	1.02849	1.6807	1.179	1.61798	1.73087	1.0912	1.48002	0.81526	1.15391	1.51764	1.36713	1.5051	0.85289	1.06611	1.01594	1.49256	1.24171	1.40476	1.79358	1.34205	2.10714	1.37968	1.0034	0.65221	1.65561	0.18814	1.49256	1.15391	0.99086	0.71492	1.11628	1.16645	0.89052	0.86543	0.86543	0.89052	1.64307	0.6773	1.54273	0.85289	0.81526	1.29188	0.87798	1.179	1.37968	1.85629	2.05697	0.56441	1.30442	1.10374	1.14137	1.24171	1.07866	1.19154	1.01594	0.81526	0.87798	1.60544	1.79358	1.44239	0.81526	1.36713	1.10374	1.78104	0.90306	1.83121	1.5929	1.29188	1.80612	0.42645	1.01594	0.89052	0.89052	0.57696	0.55187	1.36713	0.62713	0.72747	0.51424	1.0034	0.55187	0.77764	0.85289	0.52679	0.60204	0.72747	0.31356	0.38882	0.71492	0.94069	0.70238	1.22917	0.77764	0.55187	0.77764	0.92815	0.99086	1.02849	0.57696	0.85289	1.14137	0.46407	0.74001	1.07866	1.26679	0.81526	0.47662	0.66475	1.22917	0.47662	0.4139	0.77764	0.84035	0.6773	0.94069	0.94069	0.84035	0.71492	0.86543	0.76509	0.6773	0.66475	1.27934	0.9156	0.48916	1.20408	0.74001	0.47662	0.60204	0.89052	0.70238	0.99086	0.71492	0.92815	0.56441	0.68984	0.80272	1.11628	1.0034	0.42645	1.32951	0.51424	0.99086	0.76509	0.56441	0.57696	0.74001	0.48916	0.43899	0.71492	1.25425	0.94069	0.57696	1.04103	1.10374	1.44239	1.06611	0.84035	1.05357	0.56441	0.97832	0.42645	0.61458	0.79018	0.70238	0.55187	1.0034	1.25425	1.15391	0.30102	0.40136	0.72747	0.74001	1.54273	1.05357	0.60204	0.86543	1.27934	0.57696	0.6773	0.70238	0.60204	0.6773	0.70238	0.5895	0.82781	0.89052	1.01594	0.75255	0.74001	1.16645	0.87798	0.86543	0.57696	0.46407	0.55187	0.48916	0.70238	1.11628	1.20408	0.63967	0.87798	1.10374	0.53933	0.99086	0.57696	0.99086	1.11628	0.68984	0.92815	1.20408	0.96577	1.11628	0.46407	0.6773	0.66475	0.6773	0.57696	0.4139	1.49256	0.85289	0.75255	1.16645	1.24171	0.76509	1.16645	0.76509	0.36373	0.92815	1.32951	0.31356	0.60204	1.06611	0.87798	0.95323	0.62713	0.55187	0.62713	0.77764	0.71492	0.84035	0.72747	0.9156	0.96577	1.11628	0.71492	0.62713	0.71492	0.40136	0.77764	1.20408	1.37968	1.11628	0.80272	0.38882	1.05357	0.97832	0.56441	1.61798	0.70238	1.04103	0.85289	1.10374	0.71492	0.81526	0.63967	0.65221	0.6773	0.72747	0.79018	1.24171	0.68984	0.82781	0.48916	0.5895	0.5017	0.6773	1.04103	0.84035	0.9156	0.85289	0.65221	0.60204	0.56441	0.48916	0.53933	1.19154	1.44239	0.71492	0.95323	0.60204	0.61458	1.22917	0.97832	0.72747	1.01594	1.24171	0.57696	0.46407	0.99086	0.9156	0.9156	0.74001	1.20408	0.89052	0.46407	0.33865	0.94069	0.26339	1.05357	0.75255	0.79018	0.79018	0.92815	1.63053	1.02849	0.6773	0.63967	0.94069	0.5017	0.77764	0.51424	0.70238
cell20	0.89682	0.4829	0.89682	0.87383	0.9773	1.47171	1.47171	0.87383	1.0233	1.42572	0.85083	1.56369	1.06929	0.95431	0.58638	1.4832	0.95431	1.0233	0.62088	1.06929	1.17277	1.11528	1.11528	1.46021	1.5177	1.26475	1.47171	0.77035	0.79334	0.93131	1.11528	0.93131	1.28774	0.85083	0.62088	1.26475	1.16127	1.0233	1.08078	0.80484	0.77035	0.89682	1.56369	1.12677	1.20726	1.20726	0.65537	0.58638	1.0003	1.0118	1.33373	1.55219	1.23025	1.25325	1.52919	1.26475	1.62118	1.35673	1.16127	1.81664	0.94281	1.54069	0.86233	1.42572	1.63267	1.43721	1.86263	0.94281	0.56339	1.58668	0.68986	1.34523	1.39122	0.59788	0.59788	1.17277	1.4947	1.08078	0.87383	1.77065	1.52919	0.96581	1.14977	1.19576	1.44871	1.04629	0.65537	1.0003	1.87413	1.16127	1.24175	1.36823	0.81634	1.82813	1.83963	0.9888	1.29924	0.4829	0.93131	1.5177	0.85083	0.56339	1.24175	1.58668	1.25325	1.16127	1.27625	1.63267	0.95431	1.5177	1.46021	0.74735	1.06929	1.36823	1.60968	1.74765	1.23025	1.52919	1.74765	1.21876	1.69016	0.85083	1.08078	0.9773	1.0003	1.42572	1.81664	1.20726	1.17277	0.93131	0.77035	1.81664	0.73585	1.0003	0.88532	1.33373	0.71286	0.72436	1.16127	0.9773	1.72466	1.56369	1.55219	0.27594	1.40272	1.55219	1.25325	1.03479	1.92012	1.55219	0.82783	0.93131	0.88532	0.67836	1.16127	1.19576	1.43721	1.39122	2.04659	1.46021	1.34523	1.63267	1.18426	1.0003	0.85083	0.62088	1.11528	0.9888	1.37972	1.65567	1.43721	1.03479	1.10378	0.9888	1.64417	0.87383	1.21876	0.79334	1.85113	1.03479	1.0233	1.75915	1.63267	0.75885	0.75885	0.82783	1.17277	0.59788	0.85083	1.03479	1.87413	1.34523	2.21906	1.16127	2.04659	1.17277	0.78184	1.28774	1.26475	1.31074	1.18426	0.89682	0.57489	0.52889	0.87383	1.31074	1.20726	1.24175	1.62118	1.06929	1.26475	1.32224	1.55219	0.89682	0.72436	1.40272	1.32224	1.35673	1.62118	0.90832	1.25325	0.87383	0.59788	0.59788	2.0006	1.12677	1.19576	1.58668	1.35673	1.33373	1.10378	0.94281	1.58668	1.58668	1.4947	1.4832	0.83933	1.52919	1.96611	1.79364	1.28774	0.9888	1.04629	1.21876	0.86233	1.42572	0.68986	0.64387	0.58638	0.47141	0.96581	0.74735	0.73585	0.39092	0.66687	1.0118	1.13827	0.59788	1.52919	0.79334	0.57489	0.52889	1.08078	0.91982	0.5174	0.4829	1.0233	0.80484	1.12677	0.79334	0.66687	0.47141	1.04629	0.65537	0.9888	0.9888	0.5059	0.74735	0.54039	0.5174	0.67836	1.25325	0.73585	0.74735	0.55189	0.77035	1.06929	0.66687	0.88532	0.77035	0.5059	1.40272	0.74735	1.20726	1.09228	0.68986	0.44841	1.35673	0.68986	0.4944	1.0003	0.59788	0.79334	0.66687	1.17277	0.80484	1.13827	0.79334	1.24175	0.82783	1.11528	1.11528	0.79334	0.59788	0.72436	0.86233	0.80484	1.20726	0.59788	0.67836	0.67836	0.78184	0.77035	0.88532	0.65537	0.60938	0.77035	1.16127	0.95431	0.81634	0.87383	0.63237	1.46021	0.9773	1.04629	0.86233	1.47171	0.68986	0.78184	0.78184	1.14977	0.63237	0.93131	0.72436	0.87383	0.68986	1.0003	1.19576	1.09228	0.73585	0.72436	0.63237	0.71286	0.58638	0.54039	0.88532	0.78184	0.83933	0.57489	0.81634	0.42542	0.96581	0.72436	0.89682	0.9888	0.87383	0.63237	0.87383	0.63237	0.90832	0.73585	0.85083	0.90832	0.67836	0.88532	0.85083	0.66687	0.67836	0.36793	0.43691	0.83933	0.88532	0.59788	1.04629	0.80484	0.80484	0.91982	0.89682	0.85083	0.4944	1.13827	1.0118	0.66687	0.35643	0.5174	0.93131	0.59788	0.59788	0.22995	0.70136	1.0003	0.66687	0.64387	1.19576	0.64387	1.04629	0.78184	0.90832	0.66687	1.29924	0.5174	0.71286	0.74735	0.73585	0.75885	0.81634	0.77035	1.09228	1.13827	0.54039	0.93131	0.67836	0.79334	1.04629	0.47141	0.87383	0.56339	0.80484	0.95431	0.42542	0.57489	1.26475	0.74735	0.75885	1.13827	0.5059	1.09228	1.05779	1.0003	1.10378	1.11528	0.95431	0.95431	0.81634	0.9888	0.68986	1.23025	0.82783	0.86233	0.86233	0.66687	1.24175	0.78184	0.85083	0.66687	0.67836	1.08078	1.0003	0.66687	1.08078	0.68986	0.87383	1.20726	0.62088	0.64387	0.60938	0.72436	1.0118	0.87383	0.54039	1.21876	0.70136	0.5174	1.17277	0.85083	0.64387	0.56339	0.58638	0.4944	0.55189	0.82783	0.86233	0.47141	1.0118	1.0118	0.65537	0.77035	0.94281	1.27625	0.73585	0.95431	0.40242	0.77035	0.63237	0.9773	0.54039	0.88532	0.68986
cell21	0.7765	0.84305	1.62694	0.917	1.98931	1.08709	1.41988	1.06491	0.95398	0.97617	0.48069	1.25718	2.11503	0.94659	1.20542	0.99096	1.95973	1.56039	0.917	1.44946	0.88742	2.32209	0.84305	0.86524	1.89317	0.48069	1.26458	1.36072	2.06326	1.5456	1.04272	0.72473	0.84305	1.13147	1.17584	1.44206	0.84305	0.90961	1.21281	0.83566	0.99835	0.93179	1.66392	1.78224	1.44946	0.56943	0.68775	1.41988	1.02054	0.82826	0.99835	0.78389	0.90961	1.24239	1.41248	1.28676	1.13147	1.16105	0.82087	0.93179	1.36072	1.11667	0.90221	1.40509	0.69515	0.68036	1.16105	1.02054	1.25718	0.7765	0.78389	1.49383	0.73212	1.04272	1.19063	1.22021	1.98931	1.50123	0.81347	0.88742	1.71569	1.34593	1.18323	1.60476	0.59901	1.02054	1.13147	0.67296	1.00575	1.39769	1.33853	1.56778	0.59901	1.03533	1.16105	1.29416	0.96877	0.74691	2.71404	2.04847	2.10763	1.41988	1.44206	1.12407	1.33114	1.00575	1.19802	1.18323	1.3829	1.15365	0.99835	1.25718	1.0723	0.95398	0.48808	1.6935	0.917	1.30895	0.82826	1.18323	0.79868	1.18323	1.70829	1.3903	1.83401	0.89482	0.96877	1.39769	1.0723	1.16105	1.92275	1.3903	0.88003	2.27772	0.49548	1.11667	1.64173	1.16105	1.29416	0.90221	0.84305	1.3829	1.49383	1.15365	0.68036	2.06326	0.51766	0.93179	1.79703	1.2276	1.22021	0.75431	1.30895	1.58997	0.48069	1.19802	1.13886	1.05012	1.47904	1.08709	1.41988	1.58257	1.2276	0.82826	0.96138	1.53081	1.49383	1.04272	1.66392	0.76171	1.09449	1.13147	1.27937	1.29416	0.68775	1.34593	0.19967	1.13886	1.64173	1.05012	1.24239	0.82087	1.02793	1.58257	0.7765	0.89482	1.24979	0.65078	1.36811	1.26458	0.64338	1.5382	1.27197	1.05751	1.59736	1.41988	1.2276	1.58257	0.96877	2.17419	1.28676	1.12407	1.62694	1.73048	1.25718	1.15365	0.63599	0.95398	1.0797	3.54969	1.08709	0.96877	1.30155	1.39769	1.81182	0.79868	1.29416	0.74691	0.95398	1.17584	0.7765	1.95973	1.49383	1.48643	0.9244	1.24239	1.0723	0.95398	1.04272	0.96138	1.68611	0.90961	1.55299	1.5456	1.5382	1.02793	0.90961	1.64913	1.46425	0.96877	1.10928	0.84305	2.56613	1.09449	0.78389	0.49548	0.98356	1.02054	0.97617	0.55464	0.7765	1.12407	0.53985	1.15365	0.68775	0.70254	1.0797	0.96877	1.21281	0.73212	0.54724	0.59901	0.85784	0.24404	0.68775	0.64338	0.45111	0.80608	0.7691	0.76171	0.64338	0.7691	1.16105	0.71733	0.98356	0.55464	1.08709	0.65817	0.73212	1.26458	0.65817	0.31799	0.74691	0.95398	0.89482	0.74691	0.93179	0.70254	0.56943	0.68036	1.24239	0.51766	1.12407	1.50123	1.15365	0.68036	0.7765	0.60641	1.13147	0.51766	1.47164	0.4659	0.18488	0.65817	0.87263	0.68775	1.06491	0.65817	0.50287	0.85045	0.9244	0.86524	0.82087	0.96138	0.97617	0.56204	0.82087	0.83566	0.73952	0.7691	0.83566	0.72473	0.68036	0.68036	0.87263	0.84305	0.90221	0.83566	0.68036	0.69515	1.21281	0.88742	0.79868	0.72473	0.7691	1.36811	1.06491	0.59901	0.66557	1.01314	0.93179	0.65817	0.56943	0.42892	0.80608	1.10928	0.6138	0.48808	1.13886	0.66557	0.57683	1.02054	0.93919	0.64338	1.10928	0.59901	0.6212	0.71733	0.68036	0.63599	1.05751	1.14626	0.54724	0.39195	0.75431	0.96138	0.51027	0.6138	1.09449	0.9244	0.70254	1.03533	0.56204	0.90961	0.60641	1.32374	0.65817	0.84305	0.4585	1.16844	1.61215	1.58257	0.58422	0.47329	0.99096	0.79868	1.0797	0.34018	0.60641	0.66557	0.39195	0.48069	0.68036	0.67296	0.40674	0.80608	1.30155	0.7765	0.80608	0.76171	1.02793	0.73212	0.49548	0.74691	0.52506	0.48808	0.82826	0.98356	1.17584	0.43632	0.60641	0.85045	0.79129	0.57683	0.85784	0.51027	0.82087	0.73952	1.33853	0.62859	0.85784	0.83566	0.94659	1.01314	0.7691	1.05751	1.13147	0.93179	0.7691	0.80608	0.59901	0.49548	0.69515	0.95398	0.58422	0.60641	0.67296	0.80608	0.60641	0.67296	1.0723	0.67296	1.35332	1.05751	0.42153	0.73212	0.99835	0.99096	0.93919	1.16844	1.41988	0.65817	0.50287	0.73952	0.7765	0.36976	0.72473	0.917	1.30155	0.68036	0.83566	0.36236	0.48808	0.90221	0.50287	0.65078	0.59901	0.68775	1.05012	0.87263	0.4659	0.98356	1.02793	0.68775	0.64338	1.02054	0.82826	1.04272	0.64338	0.75431	0.66557	1.09449	0.70994	1.04272	1.12407	1.15365	0.51027	0.85045	1.13147	0.56943	0.65817	0.73212	0.76171	1.02793	0.42153	0.73952	0.82087	0.87263
cell22	1.01021	0.88674	1.10001	1.06633	1.89695	1.06633	1.25715	1.35817	1.10001	1.75103	0.96531	1.11123	1.10001	0.76327	1.76226	1.11123	2.05409	1.9194	1.11123	0.92041	1.29082	1.73981	0.62858	1.63879	1.30205	1.49287	0.94286	1.26838	1.20103	1.06633	1.51532	1.07756	1.17858	1.25715	1.3694	0.88674	2.05409	1.58266	1.9194	0.84184	1.08878	1.29082	1.01021	1.05511	1.06633	1.67246	0.89796	1.13368	1.04388	1.05511	1.50409	1.69491	1.29082	1.01021	1.97552	0.89796	1.1449	0.84184	1.50409	1.24593	0.78572	1.42552	0.66225	1.35817	0.80817	0.92041	1.05511	0.89796	0.86429	0.7296	1.56021	1.43674	1.7847	0.94286	1.04388	1.07756	0.99899	0.99899	1.42552	1.13368	1.24593	2.09899	0.92041	1.54899	0.80817	1.61634	0.85307	0.87552	1.17858	1.65001	0.76327	1.42552	1.57144	0.96531	1.04388	0.78572	1.13368	1.1898	0.90919	1.35817	1.25715	0.94286	0.92041	1.31327	1.02143	1.39185	1.40307	1.81838	1.20103	1.42552	0.95409	1.21225	1.38062	1.97552	1.51532	2.14389	0.46021	1.16735	1.57144	1.34695	1.49287	0.89796	0.88674	2.04287	0.92041	0.94286	0.5949	0.65102	2.04287	1.3245	1.99797	1.85205	1.04388	1.2347	1.2347	1.86328	1.85205	1.12246	0.41531	0.93164	0.85307	1.1449	1.1898	0.85307	0.86429	0.71837	0.87552	0.6398	0.93164	0.81939	0.99899	0.58368	1.29082	0.94286	0.98776	1.13368	0.57245	0.49388	0.84184	2.6041	0.85307	1.98675	0.70715	0.85307	1.05511	1.42552	0.69592	0.83062	1.45919	1.35817	0.98776	2.09899	1.13368	1.8745	1.52654	1.17858	1.68368	1.10001	0.96531	0.42653	0.62858	1.20103	1.70613	1.49287	1.05511	0.52755	0.96531	1.43674	1.43674	1.07756	0.84184	0.88674	1.48164	1.52654	1.66123	1.31327	1.35817	1.98675	0.75205	0.80817	1.38062	1.39185	1.10001	1.89695	1.41429	0.84184	1.05511	1.61634	0.98776	1.07756	0.76327	2.0092	2.54797	1.16735	1.84083	2.35716	1.13368	0.87552	1.2347	0.56123	0.99899	1.52654	1.29082	1.68368	1.1449	0.88674	0.62858	1.06633	0.84184	0.83062	2.03165	0.65102	1.03266	1.07756	0.98776	1.03266	1.62756	1.06633	1.43674	1.93062	1.31327	1.15613	2.50308	0.58368	1.03266	0.5949	0.76327	0.57245	0.39286	0.48266	0.84184	1.03266	1.11123	0.57245	0.78572	1.08878	0.78572	1.04388	0.50511	0.60613	1.2347	0.6847	1.1449	0.7296	0.57245	0.51633	0.57245	1.11123	0.67347	0.94286	0.69592	0.5949	0.60613	1.16735	0.96531	1.2796	0.83062	0.32551	0.79694	0.79694	0.79694	1.03266	0.84184	0.83062	0.66225	0.80817	0.95409	0.92041	0.40408	0.61735	1.01021	0.58368	0.78572	0.92041	0.48266	0.37041	0.89796	1.13368	0.61735	0.67347	0.67347	1.35817	1.2347	0.49388	1.07756	0.53878	0.79694	1.04388	0.92041	1.01021	0.78572	0.98776	0.70715	0.83062	0.88674	0.86429	0.66225	0.86429	1.03266	0.60613	0.52755	0.89796	0.53878	0.86429	0.7296	1.01021	0.88674	1.05511	0.79694	0.85307	0.52755	1.24593	0.67347	0.50511	0.77449	0.96531	0.47143	0.66225	0.70715	1.08878	1.30205	0.49388	0.99899	0.83062	0.65102	1.06633	0.94286	1.03266	0.57245	0.65102	0.84184	0.57245	1.07756	0.61735	0.79694	0.49388	0.89796	0.80817	0.84184	0.74082	0.47143	0.71837	0.60613	0.83062	0.88674	0.28061	0.47143	0.41531	0.76327	0.6847	1.16735	1.49287	0.97654	1.38062	0.58368	0.5949	0.81939	0.66225	0.6847	1.1898	0.83062	0.65102	1.10001	0.74082	0.71837	0.90919	0.69592	0.47143	0.67347	0.97654	0.32551	0.78572	1.25715	0.94286	0.87552	0.60613	0.65102	1.13368	0.77449	0.57245	0.93164	0.55	0.78572	0.48266	0.71837	0.92041	0.48266	0.80817	0.50511	0.92041	0.75205	0.87552	0.80817	0.50511	1.02143	0.98776	1.03266	1.26838	0.6847	0.6847	0.38163	0.74082	0.74082	0.5949	0.53878	1.2796	0.34796	0.99899	0.50511	0.55	0.76327	0.99899	1.13368	0.58368	0.50511	0.32551	0.90919	0.57245	0.61735	0.6847	0.75205	1.25715	0.85307	0.62858	1.35817	1.04388	0.76327	0.66225	0.56123	0.75205	1.2796	0.7296	0.57245	0.76327	1.16735	0.67347	0.90919	0.6398	1.03266	0.99899	0.38163	0.87552	0.77449	0.38163	0.32551	0.94286	0.78572	0.62858	1.16735	0.57245	0.50511	0.49388	0.61735	0.94286	0.53878	1.16735	0.6847	0.55	1.01021	0.71837	0.78572	0.37041	0.51633	0.90919	0.52755	0.79694	1.13368	1.39185	1.06633	0.77449	0.98776	0.96531	0.5949	1.02143	0.43776	0.93164	0.83062	0.56123
cell23	0.43606	1.83702	0.83501	1.23396	1.26179	0.89996	2.12464	1.78135	0.78862	1.96691	0.50101	0.8814	1.03912	1.26179	0.91851	1.28963	1.09479	1.20613	1.11335	0.60306	0.38967	1.46591	0.9649	1.72569	1.52157	1.27107	0.67729	1.34529	1.2989	1.92052	0.8814	1.22468	1.36385	1.39168	0.38967	1.02985	1.0484	0.62162	0.93707	1.49374	1.05768	1.41952	0.91851	1.6793	2.03186	0.94634	0.74223	1.15974	1.15046	1.28963	1.39168	1.54941	0.89996	0.38967	1.37313	0.8814	0.86284	1.53085	1.06696	1.24324	1.44735	1.71641	1.35457	1.33602	1.37313	1.34529	0.98346	1.68858	0.83501	1.10407	1.32674	1.80919	1.23396	1.40096	1.58652	0.59378	1.09479	1.18757	0.61234	1.32674	1.49374	1.24324	0.9649	1.25252	0.7144	0.91851	0.39895	0.9649	0.78862	0.85357	1.38241	1.08551	0.95562	1.07624	0.85357	0.64945	1.48446	1.8463	1.1319	1.0484	1.99475	0.56595	1.0484	0.99273	1.23396	1.14118	1.43807	1.20613	1.01129	1.89269	1.03912	1.0484	1.49374	1.11335	0.64945	0.89996	1.15974	1.92052	0.92779	0.80718	0.8814	1.41024	0.67729	1.74424	0.60306	1.08551	1.52157	0.92779	1.09479	2.07825	1.49374	1.47518	1.38241	1.0484	0.82573	1.11335	1.30818	0.99273	1.68858	0.80718	1.45663	1.32674	1.16901	1.71641	0.76079	1.41024	1.23396	0.86284	1.52157	1.22468	1.30818	1.15974	0.81645	1.64219	1.02985	1.91125	1.44735	1.08551	1.06696	0.64017	1.78135	2.13391	1.17829	0.75151	1.09479	0.93707	1.38241	1.5123	0.84429	0.84429	1.80919	0.9649	1.08551	1.48446	0.95562	0.92779	0.81645	1.58652	1.5958	1.00201	1.36385	0.87212	1.08551	1.56796	1.67002	1.06696	1.17829	0.72368	1.46591	1.44735	1.42879	1.33602	2.17103	1.02057	1.19685	1.34529	1.0484	1.15974	0.80718	0.77934	1.66074	1.06696	1.34529	1.43807	1.41024	1.41952	0.83501	1.8463	0.9649	1.54941	1.65146	1.14118	1.6793	0.66801	1.72569	1.7628	1.18757	1.71641	0.77006	1.70713	0.91851	1.44735	1.7628	1.02985	0.90923	1.02985	1.43807	1.12262	0.84429	0.51028	1.95763	1.30818	0.98346	0.69584	1.01129	2.04114	1.32674	1.15974	0.93707	1.28963	0.69584	0.8814	2.11536	1.0484	0.53812	0.62162	0.72368	0.72368	0.72368	0.68656	1.1319	1.0484	0.62162	0.77934	1.01129	1.44735	1.12262	0.51956	0.42678	0.62162	0.94634	0.48245	0.67729	0.43606	1.01129	0.90923	1.07624	1.82774	0.67729	0.60306	1.15974	0.51956	0.64017	1.02985	0.81645	1.54013	0.6309	0.75151	0.66801	0.75151	0.65873	0.87212	0.45462	0.50101	1.02985	1.17829	1.02985	0.97418	0.53812	0.62162	0.68656	0.76079	1.23396	0.8814	0.60306	0.72368	0.6309	0.8814	0.7979	1.19685	1.11335	0.77934	1.02985	1.06696	0.43606	0.52884	0.32473	0.57523	1.26179	0.89996	0.43606	1.28035	0.25978	0.65873	0.85357	0.61234	0.7979	0.66801	0.98346	0.77006	0.70512	0.97418	1.12262	0.89068	0.67729	0.77934	0.8814	0.81645	0.89068	0.66801	0.93707	0.9649	0.69584	0.78862	0.97418	0.89996	0.70512	0.73295	0.52884	0.67729	0.84429	0.98346	0.51956	0.75151	0.82573	1.20613	0.64017	0.77006	1.68858	0.93707	0.83501	0.82573	1.05768	0.72368	0.81645	0.6309	0.61234	0.89996	0.65873	0.72368	0.72368	0.47317	1.05768	0.90923	0.64017	1.54013	0.53812	0.53812	0.53812	0.51956	0.70512	0.7144	0.51956	0.74223	0.81645	0.70512	0.91851	0.67729	0.92779	0.40823	0.77934	0.7144	0.61234	1.02057	0.68656	1.0484	0.6309	0.62162	0.69584	0.64945	0.97418	0.84429	0.73295	1.14118	0.82573	0.77006	0.7144	1.38241	0.90923	0.80718	1.27107	1.28035	0.82573	0.7979	0.72368	0.21339	1.0484	1.16901	0.83501	0.72368	0.52884	0.87212	0.75151	0.67729	0.48245	0.58451	0.36184	0.5474	0.67729	0.61234	1.00201	0.55667	0.61234	0.8814	0.48245	0.74223	1.06696	0.98346	0.7144	0.64945	0.91851	1.12262	0.57523	0.77934	0.85357	0.97418	0.53812	0.84429	0.69584	0.49173	0.38039	0.38039	0.76079	0.64945	0.94634	0.38967	1.35457	2.17103	0.50101	0.44534	0.59378	0.70512	0.73295	1.25252	0.43606	0.80718	0.85357	0.89996	1.28035	1.2989	0.84429	0.55667	0.94634	2.08753	0.29689	0.76079	0.82573	1.1319	0.77006	0.55667	0.34328	1.11335	1.35457	0.58451	0.70512	0.84429	0.77934	0.57523	0.8814	0.89068	0.8814	0.7979	0.61234	0.76079	1.17829	0.24123	0.82573	0.99273	0.60306	0.70512	0.59378	0.37112	0.94634	0.81645	1.41024	0.62162	0.77934	0.72368
cell24	0.70522	0.55854	1.53456	1.72074	1.24683	1.70946	0.85191	1.18477	0.69958	1.63612	0.85755	1.49507	0.73907	1.11707	1.08322	1.94077	1.39916	1.39916	1.36531	1.19606	1.00424	1.35403	1.22427	1.37095	1.6474	0.49648	1.19606	0.90833	1.48379	0.54161	1.29197	0.756	1.41609	1.01552	1.52328	1.13964	1.07758	1.6474	1.41045	0.65445	1.24683	0.74472	0.97603	1.0663	1.03245	1.23555	0.89704	1.11143	1.46122	1.20734	1.16785	1.66433	0.97603	1.08322	1.89564	0.72779	1.51764	0.98731	1.05501	1.39352	0.89704	0.98167	2.11003	1.49507	1.00424	0.90833	0.65445	0.93089	1.61919	0.52469	1.11707	1.52328	1.96898	0.99295	0.69958	0.8237	0.59239	0.91397	1.50636	1.58534	1.32582	1.28633	1.92949	0.93654	1.7151	1.12836	1.86179	1.79973	1.42173	1.96898	2.08746	0.85191	1.81101	0.80677	1.06065	1.19042	1.31453	0.756	1.54585	1.52328	1.39352	0.90268	0.81806	1.4443	0.9986	1.13964	2.03104	0.48519	1.3371	1.23555	1.19606	1.11143	0.54725	1.50071	0.47391	1.6474	1.75459	1.20734	1.19042	1.99155	1.0268	1.44994	1.51764	0.88576	0.79549	1.35403	1.86179	1.92949	1.49507	1.38788	1.70382	0.756	0.76164	1.55713	0.94218	1.86179	1.0268	1.36531	1.02116	1.37095	1.08322	1.07758	0.78421	1.28633	0.5811	1.21298	0.55289	1.12271	1.07758	1.42173	1.10579	0.94218	1.65304	0.6206	0.75036	1.92385	0.95346	0.89704	1.59098	0.84627	1.25812	0.88012	1.46122	0.82934	1.70382	1.12836	1.5797	0.60367	1.14528	1.59098	1.134	1.50071	1.53456	0.6883	1.64176	1.67561	1.39352	0.9591	1.94641	0.756	1.0268	1.03245	1.27504	1.54021	0.6206	1.2694	0.89704	1.52328	1.27504	1.47815	0.76164	1.0268	1.07758	1.22991	0.76728	1.20734	0.84063	1.29761	0.94218	2.00847	1.90692	1.37095	1.08886	1.60227	1.33146	1.134	1.21862	0.98731	0.9591	1.43865	1.28068	1.20734	0.94218	0.85755	1.39352	1.10015	0.84063	1.50071	1.3371	1.39352	1.4725	1.12271	1.30889	1.89564	0.98731	1.42737	0.62624	1.11707	0.77857	1.10015	1.86179	0.60367	1.79409	1.21298	0.50776	1.09451	0.98167	1.22991	1.33146	1.12271	0.6206	1.43865	0.90268	0.88012	0.66573	1.01552	0.68266	0.75036	0.72215	0.67701	0.94782	1.19606	0.55289	1.12836	0.76728	0.68266	1.2694	1.46686	0.84627	0.40057	0.38364	0.3103	1.30889	0.57546	0.51904	0.59803	1.03245	0.85755	0.77857	0.44006	0.53033	0.77857	0.93654	0.67137	0.88576	0.81242	0.8914	0.68266	1.42737	0.98167	1.00424	1.10015	1.03245	0.8914	0.40057	0.5811	0.78985	0.81806	0.78421	0.50776	0.56982	0.90268	0.59239	0.6488	0.9986	1.73767	0.73343	0.73907	1.06065	1.22991	0.59239	0.63752	0.66009	0.98731	0.6488	0.6206	0.48519	0.64316	0.85755	0.6206	0.80113	0.44006	0.75036	1.26376	0.99295	0.6488	0.378	0.66573	0.85191	0.378	0.756	0.56982	0.75036	0.58675	0.90268	0.73343	0.78421	0.83498	0.51904	0.83498	0.6206	0.56418	1.65304	1.0268	1.0663	1.11143	1.15092	1.134	0.69394	0.45134	0.70522	0.73343	0.67701	0.85755	0.42878	0.84627	0.84627	1.39916	1.10015	0.41185	1.15092	0.69394	0.73343	0.61495	0.86883	0.5811	0.76728	0.62624	0.60367	0.44006	0.62624	0.66009	0.5811	0.85191	0.57546	1.02116	0.65445	0.38928	0.44006	0.71651	0.93089	0.58675	1.03245	0.68266	0.51904	0.63752	1.76588	1.30325	0.9986	1.07758	0.59239	1.07758	1.17913	1.14528	1.20734	0.75036	0.89704	0.78421	0.59239	0.85755	0.72215	0.80113	0.97603	0.63752	0.24824	0.94782	0.40621	0.8914	0.89704	0.80113	0.76164	0.756	0.73343	0.50776	0.6206	0.6883	0.9591	0.98167	0.8237	0.76728	0.98167	0.63188	0.89704	0.79549	0.91397	0.50776	0.85191	0.94782	0.49648	0.46827	1.38788	0.29901	0.72779	1.06065	0.77857	0.93089	0.71086	1.00988	0.67137	1.14528	0.91961	0.75036	0.86883	0.59239	0.85191	1.00424	0.58675	1.26376	0.76164	0.91961	0.61495	1.09451	0.48519	0.56982	0.94782	0.8237	0.72779	0.93089	0.38928	1.26376	0.55289	0.8914	0.78985	0.81806	0.69394	1.53456	0.54725	0.40057	0.8914	0.59239	0.94218	0.87448	0.80677	0.92525	0.54725	0.66573	0.90833	0.58675	0.84063	0.83498	0.72779	0.92525	0.55289	0.55289	0.77292	0.99295	0.78421	0.41185	1.64176	1.134	0.60931	1.0268	0.41185	1.08322	0.42313	1.11707	0.60367	0.70522	1.16785	0.81806	0.62624	0.51904	0.73343	1.20734	0.74472	0.91961	0.71651	0.73343
cell25	1.57297	1.56338	0.83444	1.66889	1.22769	1.29483	0.91117	0.84404	1.41951	1.57297	1.2181	1.86071	1.42911	1.26605	0.50834	1.83194	1.11259	1.40033	1.01668	1.28524	0.87281	1.37156	1.47706	0.87281	0.83444	1.05504	1.02627	1.01668	1.46747	1.06464	0.71935	1.08382	0.52752	0.91117	1.00709	1.73603	0.62344	0.90158	0.87281	1.02627	1.22769	0.39324	1.56338	0.86322	1.33319	0.96872	1.35237	1.24687	1.2181	1.07423	0.65221	1.48665	1.16055	1.38115	2.19641	1.36197	0.78649	1.64011	1.16055	1.50584	0.58507	0.72894	1.01668	1.23728	0.74812	1.60175	1.12218	0.71935	0.53711	1.29483	0.83444	0.60425	1.3236	1.23728	2.08131	1.40033	0.83444	1.36197	1.11259	2.29232	0.70017	1.64011	0.38365	1.37156	1.01668	1.85112	1.80317	0.71935	1.42911	1.44829	1.22769	1.103	0.58507	1.07423	1.27564	0.71935	1.7648	2.11009	1.61134	1.55379	2.03336	1.17014	0.42202	0.9975	1.81276	1.12218	1.08382	0.92077	0.83444	1.50584	1.23728	1.63052	0.49875	1.75521	0.87281	1.38115	1.14137	0.80567	0.85363	1.13177	1.14137	0.5467	0.8824	1.88949	0.9975	1.06464	0.96872	0.7769	1.15096	1.92785	1.06464	1.79357	1.28524	1.53461	0.89199	2.05254	0.4412	0.78649	1.64971	1.34278	1.14137	1.41951	1.59216	1.49624	1.17973	1.27564	1.07423	1.00709	1.91826	1.27564	0.75771	1.02627	1.19891	0.58507	0.8824	1.04545	1.96622	0.75771	2.09091	1.24687	1.31401	0.60425	1.39074	0.92077	1.7648	1.33319	1.17973	1.37156	0.94954	0.79608	0.92077	1.31401	1.06464	1.80317	1.26605	0.83444	1.103	1.27564	1.50584	0.71935	1.15096	0.80567	1.04545	0.87281	1.15096	1.70725	2.17723	0.90158	0.9879	1.63052	1.34278	1.50584	1.45788	1.26605	1.63052	0.7673	0.90158	1.72644	1.68807	1.08382	0.69057	0.91117	1.41951	0.87281	0.82485	1.71684	1.17014	1.72644	1.31401	1.38115	1.47706	1.14137	0.90158	0.90158	0.61384	0.68098	0.89199	1.04545	0.63303	0.96872	1.14137	0.6618	1.80317	1.50584	1.20851	0.84404	0.9879	1.27564	1.56338	1.22769	0.94954	1.12218	1.17973	0.70976	0.85363	1.15096	1.40992	1.07423	0.91117	1.70725	0.57548	1.20851	1.09341	1.41951	0.83444	1.17014	0.46997	1.47706	0.85363	0.93995	1.03586	0.46997	0.53711	0.50834	1.06464	0.34529	1.34278	0.91117	0.89199	0.7673	1.13177	0.49875	0.51793	0.78649	0.69057	0.82485	0.56589	1.2181	0.5467	1.11259	0.65221	0.7769	0.9879	1.02627	1.13177	0.63303	0.62344	1.00709	1.26605	1.20851	0.74812	0.9879	0.4412	1.11259	1.06464	0.49875	1.25646	1.14137	0.51793	0.95913	1.01668	0.86322	0.93995	0.86322	0.64262	1.00709	0.72894	0.71935	0.72894	0.51793	1.06464	0.7673	0.7769	0.34529	0.40284	0.9975	0.42202	0.75771	0.40284	0.80567	0.64262	1.27564	0.52752	0.39324	0.2206	1.12218	0.49875	0.52752	1.18932	0.90158	0.8824	1.22769	0.79608	0.70017	0.8824	0.23019	1.02627	0.81526	1.12218	0.57548	0.84404	0.4412	0.37406	0.62344	0.70976	1.39074	1.08382	0.87281	1.03586	0.79608	0.75771	0.53711	1.13177	0.85363	0.9879	0.49875	0.85363	0.71935	0.90158	0.45079	1.77439	0.9975	0.70976	0.5563	0.71935	0.80567	0.70976	0.52752	0.81526	0.58507	0.7769	0.6618	0.45079	0.79608	0.52752	1.08382	0.79608	0.91117	0.40284	0.60425	1.06464	0.92077	0.41243	2.07172	0.73853	1.23728	0.63303	0.71935	0.49875	1.17014	0.69057	0.86322	0.69057	0.91117	0.35488	0.94954	0.68098	1.27564	1.36197	0.73853	0.90158	0.47957	0.67139	0.90158	1.01668	0.71935	0.64262	1.13177	0.5467	0.45079	1.23728	0.68098	0.56589	0.68098	0.4412	0.63303	1.27564	1.08382	0.96872	0.75771	0.8824	0.93995	0.50834	0.83444	1.09341	0.46997	1.22769	0.42202	1.29483	0.69057	1.27564	1.30442	0.7673	0.62344	1.14137	1.11259	0.64262	0.64262	0.8824	1.23728	0.70017	1.22769	0.6618	0.96872	0.79608	0.89199	0.70017	0.69057	1.00709	0.58507	0.70017	0.79608	1.03586	0.96872	0.50834	1.35237	0.7769	0.68098	1.00709	0.30692	0.78649	1.103	0.62344	0.61384	1.23728	0.7769	1.20851	0.81526	1.12218	0.92077	0.95913	0.63303	1.33319	0.78649	0.7769	0.63303	0.69057	0.49875	0.7673	0.51793	0.9975	0.50834	0.56589	0.87281	1.02627	1.07423	0.8824	0.64262	0.85363	0.72894	0.60425	1.18932	0.75771	0.70976	0.60425	0.52752	0.43161	0.7673	1.39074	1.03586	1.31401	0.56589	0.43161	1.19891	0.75771	0.57548	0.72894	0.9879
cell26	1.17972	1.22746	0.72284	1.69116	1.50023	1.13199	1.43203	1.82755	1.27519	1.22064	1.0297	1.62979	1.21382	1.03652	0.92059	1.19336	1.47295	0.82512	1.08425	1.57524	0.98197	0.94105	0.86604	0.79785	0.86604	0.94105	1.58888	1.09789	2.07304	1.56842	0.94787	1.02288	1.04334	1.26155	0.8524	1.30929	1.12517	1.22746	1.22064	1.26155	1.44567	1.02288	1.01606	1.33656	1.04334	0.4978	1.31611	1.46613	1.05698	1.29565	1.43885	0.73647	0.66146	1.72526	1.21382	1.31611	1.32293	1.09789	0.96151	1.62297	2.13441	0.22503	1.16608	1.21382	1.03652	1.22746	1.33656	0.79785	1.26155	1.11835	1.0638	1.32975	1.01606	1.05698	0.81149	0.96833	1.2411	1.47977	2.11395	1.1729	1.43885	1.31611	1.1729	1.69116	1.18654	0.47734	1.35702	1.32293	1.37748	1.04334	1.0638	1.83437	0.74329	1.1729	0.89332	1.14563	1.0638	1.5616	1.55478	1.13199	0.9956	0.57963	0.45689	1.25473	1.03652	1.01606	0.79103	0.81149	1.31611	0.63419	1.65707	1.37748	0.68192	1.72526	0.81831	0.68192	0.62737	0.95469	1.37748	1.27519	1.14563	1.207	0.97515	0.72284	0.95469	1.33656	1.13199	0.66146	1.66389	0.97515	1.26837	1.00924	1.22064	1.24792	0.54554	1.29565	1.86164	1.58206	1.86164	1.13199	1.3502	2.38672	1.01606	1.00924	1.39794	1.00242	0.82512	0.90014	1.37748	0.60691	2.65949	0.90014	0.66146	1.30929	1.19336	0.86604	1.58206	1.33656	1.02288	1.04334	1.47295	1.37748	1.07743	0.77739	1.10471	1.32293	2.2708	0.89332	1.21382	1.02288	1.67071	1.83437	1.54796	0.81831	1.4184	1.05016	1.2411	1.26155	1.3502	0.9956	1.37066	1.11835	2.03212	1.95029	2.03894	1.07062	0.7092	0.83194	0.8524	0.75011	0.81149	1.22064	1.82755	1.33656	1.15245	1.45249	0.7092	1.47977	1.25473	0.56599	0.96151	1.22746	1.43203	1.81391	1.01606	0.83194	1.82755	1.03652	1.3502	0.81831	0.79785	0.8865	1.09789	2.00485	1.80027	1.09789	1.53432	0.59327	1.42521	1.07743	1.45931	1.74572	1.7048	1.09789	1.01606	1.16608	1.02288	1.78663	1.07743	1.69798	0.52508	1.16608	0.77739	1.62297	0.75693	1.09107	1.15927	1.07743	0.66828	0.81831	0.72966	1.25473	1.07743	1.71162	1.29565	0.82512	1.43203	0.62737	0.75693	0.63419	0.71602	0.75011	1.2411	0.83876	1.12517	0.95469	0.91377	0.87968	0.79785	0.46371	0.86604	1.00924	0.44325	0.75693	1.03652	0.45007	0.87968	0.36142	0.95469	0.57281	1.11153	0.82512	1.26155	0.91377	1.36384	1.04334	0.76375	0.81831	0.95469	0.42961	0.79785	0.96151	0.65464	0.71602	0.68874	0.66146	0.44325	0.70238	0.72284	0.62737	0.53872	0.57281	1.00924	0.74329	0.7092	0.87286	0.82512	0.86604	0.79103	1.18654	0.79103	0.85922	0.52508	0.8865	0.81149	0.64101	0.94787	1.15245	0.97515	1.24792	0.81149	1.1729	0.52508	0.75693	0.96833	0.47053	0.51144	0.66828	0.55918	0.51826	0.38188	0.86604	0.91377	0.6751	0.96833	0.23867	0.54554	0.66146	0.77057	1.37066	0.96151	0.68192	0.36824	1.00242	0.62055	1.05698	0.8524	1.56842	0.71602	0.61373	1.32975	0.64101	0.92741	1.02288	1.00242	0.45007	0.6751	0.96833	1.07062	1.07743	1.00924	0.62737	0.84558	0.93423	0.21821	0.72284	0.51826	0.57963	0.56599	1.2411	1.17972	0.36142	0.93423	0.94787	0.66146	0.51144	1.07743	0.97515	0.57963	1.11835	0.44325	0.63419	0.97515	1.15927	0.5319	0.75011	1.15245	1.03652	1.07062	0.44325	0.62055	0.47734	0.86604	0.71602	0.60691	1.07743	0.68192	0.72284	0.74329	1.0297	1.22064	1.09107	0.39551	0.27277	1.29565	1.10471	1.07743	0.90695	0.81831	0.5319	1.25473	1.08425	0.8524	0.84558	0.92741	0.41597	0.79785	0.92741	0.68874	0.80467	1.26155	1.42521	0.56599	1.29565	0.25231	0.58645	0.81149	1.207	0.94105	0.66146	0.45689	0.48416	0.92741	0.92741	0.78421	0.8865	0.72284	1.00924	0.72966	0.90695	1.00924	0.65464	0.43643	0.48416	0.5319	0.59327	0.60009	0.93423	0.46371	0.40915	0.76375	0.66828	0.82512	0.92059	0.80467	1.0638	0.77057	0.77057	0.45007	1.28201	0.86604	0.70238	1.25473	1.9162	0.72966	1.04334	0.75011	0.58645	0.77057	1.07062	0.6751	0.57281	0.8865	0.60009	0.38869	0.83194	0.9956	1.03652	0.7092	1.01606	1.15927	0.60009	0.89332	0.81831	0.48416	0.79785	0.42961	1.0297	0.87286	1.207	0.6751	0.91377	0.47053	1.00242	0.49098	0.3546	0.96151	1.0297	0.55918	0.75011	1.56842	0.9956	0.59327	0.45007	0.49098	0.72966	0.83876	1.01606
cell27	1.63979	1.31615	1.3593	1.33772	1.60743	0.56098	1.04645	1.13275	1.38088	1.82319	1.00329	0.75517	0.73359	0.49625	0.94935	0.65807	0.91699	1.76925	1.40245	1.01408	1.33772	1.33772	1.29457	1.24063	1.82319	0.73359	1.07881	0.94935	1.24063	0.96014	1.15433	0.60413	1.46718	0.97093	1.38088	1.25142	1.38088	1.15433	1.01408	2.10368	1.56427	1.3593	1.52112	1.20827	1.30536	0.97093	1.31615	2.48126	1.20827	1.73688	0.8199	1.42403	1.14354	1.97422	0.57177	1.20827	1.56427	1.26221	0.85226	1.00329	1.00329	0.43152	0.92778	1.8124	0.40995	1.34851	1.31615	0.65807	1.67215	0.8199	1.24063	0.65807	1.07881	1.7261	1.61821	0.78753	1.56427	1.34851	2.31944	1.7261	1.68294	1.18669	1.49955	1.273	1.28378	1.7261	1.273	1.13275	1.02487	1.52112	1.98501	0.93856	0.97093	0.88462	0.65807	0.46389	1.92028	1.49955	1.29457	0.86305	1.0896	1.37009	0.83068	1.11117	1.34851	1.40245	1.11117	1.19748	1.11117	1.48876	1.04645	0.7228	0.62571	1.20827	0.97093	1.11117	0.79832	0.85226	1.06802	0.3668	1.12196	1.12196	1.1759	1.11117	1.41324	1.68294	1.40245	0.74438	1.33772	0.96014	1.10039	1.56427	0.55019	0.9925	1.8987	1.26221	1.1759	0.86305	1.8987	0.70123	0.96014	1.58585	1.94186	1.15433	1.56427	1.19748	1.75846	2.12525	0.85226	0.8199	0.85226	1.53191	0.49625	0.66886	2.2655	0.80911	1.79082	3.05303	0.84147	0.98172	1.41324	1.34851	0.96014	1.47797	0.9062	1.48876	1.1759	0.77674	0.96014	2.40574	1.21905	1.25142	1.30536	1.3593	0.96014	0.50704	1.30536	1.43482	0.47468	1.0896	1.12196	2.0821	0.46389	0.9062	0.78753	1.14354	1.49955	1.52112	1.22984	1.29457	1.33772	0.5394	1.80161	1.04645	1.65058	0.71201	1.98501	1.22984	2.10368	0.91699	0.89541	1.57506	0.9925	1.48876	0.58256	0.9925	1.16511	1.11117	1.90949	0.91699	1.34851	1.1759	1.56427	1.98501	0.88462	0.96014	1.47797	0.52862	1.06802	0.64729	1.48876	1.21905	0.83068	1.47797	1.14354	1.28378	1.06802	0.73359	0.9062	1.28378	1.01408	1.10039	0.65807	1.67215	1.21905	1.273	0.76595	1.31615	1.41324	1.16511	1.3593	0.91699	0.65807	1.48876	0.94935	0.8199	0.60413	0.96014	0.83068	0.92778	0.75517	0.70123	0.88462	0.46389	0.56098	1.07881	0.7228	0.74438	0.6365	0.30207	1.25142	1.07881	0.28049	0.79832	0.73359	1.01408	0.93856	0.37758	0.7228	1.06802	0.85226	1.19748	0.98172	0.49625	0.58256	1.14354	0.66886	0.52862	1.02487	0.9925	0.74438	0.88462	1.22984	0.97093	0.37758	0.77674	0.89541	1.16511	0.9925	0.73359	1.07881	0.77674	1.26221	0.6365	1.07881	1.16511	0.76595	0.7228	1.07881	1.78004	0.61492	0.75517	0.55019	0.84147	0.7228	1.1759	0.73359	1.34851	0.5394	0.73359	0.62571	0.79832	0.49625	0.71201	0.89541	0.79832	0.70123	1.13275	0.33443	0.73359	0.79832	0.4531	0.39916	1.26221	1.21905	0.37758	0.71201	0.56098	0.5394	1.19748	1.13275	0.97093	0.8199	0.37758	0.60413	0.83068	1.55349	0.80911	0.50704	0.80911	1.11117	1.15433	0.86305	1.25142	0.65807	1.1759	1.15433	0.97093	0.94935	0.69044	0.55019	0.50704	0.74438	0.52862	0.67965	1.12196	0.84147	0.60413	0.86305	0.64729	0.77674	0.78753	0.7228	0.5394	0.79832	0.51783	0.38837	0.61492	1.37009	0.71201	0.44231	0.93856	1.25142	0.85226	0.58256	0.66886	0.77674	0.59335	1.04645	0.62571	0.94935	0.59335	1.4456	0.71201	0.33443	1.07881	0.49625	0.61492	0.89541	0.91699	1.15433	0.40995	0.84147	0.92778	1.02487	0.65807	0.9062	0.96014	0.69044	0.64729	0.57177	0.52862	0.7228	0.57177	0.65807	0.79832	1.02487	0.85226	0.85226	0.46389	0.84147	0.37758	0.56098	0.83068	0.85226	0.73359	0.9062	0.86305	0.74438	0.70123	0.69044	0.46389	0.78753	0.6365	0.66886	0.56098	0.80911	0.8199	0.5394	0.48546	1.03566	1.11117	0.59335	0.40995	1.43482	0.55019	0.58256	0.83068	0.89541	0.87384	0.58256	0.4531	0.91699	0.60413	0.93856	0.70123	0.70123	1.07881	0.96014	0.74438	0.7228	0.87384	0.89541	0.7228	1.273	1.01408	0.9062	0.75517	0.43152	0.91699	0.49625	0.76595	1.85555	0.7228	0.67965	0.30207	0.39916	0.42074	1.04645	1.03566	0.66886	0.5394	0.79832	0.91699	1.22984	1.0896	0.71201	0.49625	0.74438	0.86305	0.42074	0.64729	0.79832	0.55019	1.31615	0.52862	0.77674	1.21905	0.76595	0.37758	0.43152	0.7228	1.20827	1.11117	0.59335	0.7228	0.94935	0.84147
cell28	1.36061	1.51481	1.9502	1.65087	1.01592	1.45131	0.62588	0.94335	1.23362	0.87079	1.46945	1.2699	1.23362	1.23362	1.61459	0.61681	0.92521	1.51481	0.75287	0.7438	0.91614	0.9615	0.97057	0.72566	0.88893	0.97057	0.75287	1.0522	0.77101	1.46945	1.17012	0.5261	1.07941	0.90707	0.69844	1.53295	1.75972	1.02499	1.07941	0.51703	0.80729	0.47168	1.88671	0.80729	1.18826	1.15198	0.88893	0.9615	0.88893	1.04313	1.67808	1.22455	1.51481	1.39689	0.86172	1.47853	0.88893	1.09756	1.66901	0.77101	1.68715	1.23362	0.78008	1.07034	1.23362	1.26083	1.80507	1.09756	0.59867	1.15198	1.95927	0.44446	0.93428	1.71436	1.24269	1.07941	1.44224	0.90707	1.04313	1.32432	0.93428	0.85265	1.24269	0.79822	0.898	1.60552	0.44446	1.76879	0.97057	1.56923	1.19733	0.67123	0.90707	0.53517	0.80729	1.00685	0.70752	0.97057	1.65087	1.29711	0.87986	1.93206	1.08848	1.55109	1.92299	0.82543	0.67123	0.93428	0.9615	0.88893	0.90707	1.56923	1.07941	1.21547	1.65087	2.13162	1.08848	1.4241	1.30618	1.98649	1.98649	1.16105	1.96834	0.98871	1.0522	0.9615	0.90707	1.96834	1.6418	0.48075	1.75972	1.33339	1.43317	1.4876	0.68937	1.45131	1.62366	1.00685	0.84358	1.06127	1.2064	0.97057	0.69844	1.46945	1.53295	1.71436	1.07034	1.06127	1.09756	0.51703	0.75287	1.1157	0.73473	1.23362	1.50574	0.7438	0.898	1.08848	1.4241	1.52388	1.35154	1.46945	2.0137	1.12477	1.18826	1.21547	0.55331	1.43317	1.5783	1.10663	1.26083	1.24269	1.00685	1.14291	1.91392	1.46945	0.68937	1.36061	1.44224	1.95927	0.91614	0.67123	0.97057	1.38782	1.28804	1.4876	0.97057	0.66216	1.00685	1.08848	1.2699	1.0522	1.56016	1.4241	1.27897	0.57145	1.00685	1.41503	1.25176	0.75287	1.9502	0.90707	1.41503	1.00685	1.36968	0.67123	1.5783	1.22455	1.28804	0.58053	1.50574	1.32432	0.90707	1.89578	0.59867	1.46945	1.49667	1.14291	0.90707	1.04313	0.83451	0.70752	1.01592	1.65994	1.18826	3.31081	1.34246	0.93428	0.83451	0.87986	0.82543	1.92299	1.46945	0.75287	1.9502	0.79822	0.83451	0.5896	0.87079	1.90485	1.2699	0.60774	1.2699	1.77786	1.46038	0.86172	0.80729	0.48982	0.66216	0.63495	0.88893	0.66216	0.82543	0.60774	0.33562	0.78008	0.6803	0.67123	0.75287	0.75287	0.61681	0.61681	0.63495	1.2064	1.22455	0.5896	0.50796	1.26083	0.51703	0.54424	0.47168	0.6803	1.09756	1.29711	0.93428	0.91614	1.13384	1.02499	0.84358	1.74158	0.90707	0.58053	0.87079	0.97057	0.85265	0.78915	0.97057	1.04313	0.58053	0.67123	1.01592	1.09756	0.77101	0.43539	1.34246	0.48075	0.60774	0.92521	0.71659	0.41725	0.92521	0.91614	1.00685	0.56238	0.73473	0.80729	1.58737	0.70752	1.07034	0.46261	0.87079	0.44446	0.59867	0.83451	0.38097	0.6803	1.37875	0.73473	0.72566	0.80729	0.78915	0.57145	0.72566	1.17012	1.23362	0.54424	1.30618	1.00685	0.78915	0.64402	0.898	0.86172	0.73473	0.99778	0.59867	1.22455	0.78008	0.6803	0.64402	0.57145	1.07034	1.37875	1.59644	0.47168	0.39911	1.03406	1.36061	0.78915	0.91614	0.62588	0.54424	1.21547	0.84358	0.6803	1.21547	0.7438	0.72566	1.1157	1.09756	0.95242	0.85265	0.38097	1.04313	1.25176	0.71659	1.02499	0.53517	0.49889	1.18826	0.87079	0.57145	0.95242	0.87986	1.17012	1.4876	0.98871	1.2699	0.70752	0.64402	0.78008	0.83451	0.84358	0.47168	0.77101	1.23362	0.86172	0.68937	0.61681	1.40596	1.01592	1.24269	0.53517	1.10663	1.36061	0.99778	0.70752	1.08848	1.12477	0.78915	0.65309	1.04313	0.67123	0.63495	0.64402	0.47168	0.65309	0.71659	0.64402	0.70752	1.5783	0.36283	1.34246	0.54424	0.3719	0.88893	0.64402	0.97964	0.97057	0.86172	0.97057	0.76194	0.95242	0.97964	0.71659	1.32432	1.04313	0.66216	0.36283	0.58053	0.78008	0.60774	0.63495	1.12477	0.67123	0.83451	0.3719	0.82543	0.78915	0.61681	0.7438	0.40818	0.5896	0.87079	1.02499	0.72566	0.98871	0.56238	1.40596	0.5896	0.42632	0.80729	0.61681	0.7438	0.69844	0.72566	0.54424	0.71659	1.15198	0.57145	0.57145	0.78008	0.83451	0.56238	0.69844	0.63495	0.59867	0.67123	1.09756	0.91614	0.29026	0.48982	1.07034	0.87986	1.2064	0.57145	0.98871	0.71659	0.99778	0.47168	1.03406	0.97964	1.00685	1.51481	1.06127	0.898	0.46261	0.78915	1.29711	1.07034	0.58053	0.70752	1.33339	0.55331	0.28119	0.66216	0.34469	0.99778	0.53517
cell29	2.13892	1.2269	1.00975	2.21493	0.68402	1.47662	0.65145	1.55262	1.10746	1.79148	1.65034	0.69488	1.65034	1.33547	1.94349	1.18347	1.07489	1.44404	2.41036	1.36804	1.49833	1.41147	1.00975	1.4549	0.91203	1.43319	1.41147	1.36804	0.87946	0.69488	1.09661	0.78174	1.61776	1.04232	0.44516	1.3789	1.20518	0.95546	1.06403	1.41147	0.83603	1.49833	1.14004	0.9446	0.96632	1.21604	0.69488	2.07378	0.8686	0.89031	1.03146	1.03146	0.52116	0.95546	0.71659	0.96632	1.84577	1.16175	1.41147	0.5863	0.80345	0.56459	1.16175	0.56459	0.84688	1.04232	1.68291	1.33547	1.90006	1.3029	0.99889	1.3789	0.97717	1.15089	1.35718	1.38976	1.19432	1.12918	1.16175	1.04232	1.3029	1.25947	0.98803	0.72745	0.61888	2.13892	1.14004	0.7926	1.0206	0.97717	1.18347	0.49944	1.63948	1.19432	0.78174	1.70462	0.91203	0.96632	1.31375	0.69488	2.13892	0.78174	0.98803	1.79148	1.58519	2.00863	1.09661	1.7372	0.72745	1.11832	0.76002	1.57433	1.14004	2.10635	1.44404	1.38976	1.50919	1.56348	1.00975	1.41147	0.90117	1.68291	0.9446	1.12918	1.16175	1.71548	1.16175	1.49833	1.32461	1.03146	1.11832	1.10746	1.38976	1.06403	1.08575	0.85774	1.14004	0.93374	1.25947	1.42233	1.91092	1.34633	1.3029	0.82517	1.14004	1.12918	1.14004	0.77088	1.18347	1.32461	1.08575	1.8132	0.99889	1.95435	0.59716	1.85663	1.65034	1.49833	1.20518	1.12918	0.62973	0.97717	0.83603	1.10746	1.06403	1.19432	1.43319	1.04232	1.18347	1.38976	1.12918	1.06403	1.04232	3.13781	1.24861	1.2269	0.72745	0.95546	1.55262	0.65145	1.5309	0.74917	1.42233	1.36804	1.03146	1.67205	0.81431	0.29315	1.65034	1.17261	0.81431	0.77088	1.44404	1.29204	0.96632	1.57433	1.18347	0.91203	1.27033	1.08575	1.86749	1.28118	0.69488	0.84688	0.40173	0.83603	1.57433	1.23775	1.72634	2.18235	0.67316	1.4549	1.17261	1.14004	1.40061	1.49833	1.10746	1.21604	1.20518	1.18347	1.46576	1.56348	1.70462	1.16175	1.83491	1.83491	1.48747	1.21604	0.9446	0.72745	0.60802	0.95546	1.2269	1.09661	1.66119	1.17261	1.3029	0.5863	1.12918	0.93374	0.38001	1.41147	1.62862	1.71548	0.85774	1.16175	0.5863	0.84688	1.23775	1.70462	0.56459	0.65145	0.97717	0.78174	1.24861	0.89031	0.85774	0.54287	0.64059	1.91092	0.47773	0.90117	0.62973	0.69488	0.9446	0.45601	1.15089	0.91203	0.67316	0.95546	0.49944	0.48859	0.56459	0.59716	0.81431	0.70574	0.73831	1.03146	0.89031	0.66231	0.91203	0.49944	1.32461	1.18347	0.67316	0.46687	0.72745	0.53202	0.69488	0.34744	0.32572	0.90117	0.69488	1.06403	0.78174	0.70574	0.95546	0.72745	0.62973	1.3029	1.47662	0.74917	0.45601	0.90117	1.03146	0.70574	0.5863	0.60802	1.07489	0.91203	1.00975	0.82517	0.47773	0.53202	0.30401	0.95546	0.68402	0.92289	0.60802	0.68402	0.46687	0.71659	0.90117	0.83603	1.06403	0.72745	0.64059	0.59716	1.27033	0.60802	1.09661	1.55262	0.76002	0.56459	0.60802	0.74917	0.89031	1.11832	0.80345	0.42344	0.5863	0.77088	0.95546	0.83603	0.85774	0.41258	0.49944	1.09661	0.56459	0.54287	1.10746	0.47773	0.74917	0.68402	0.87946	0.4343	0.53202	0.77088	1.25947	0.53202	0.47773	0.70574	1.40061	0.39087	0.85774	0.97717	0.38001	0.62973	0.4343	1.08575	0.40173	0.39087	0.45601	0.68402	0.64059	0.47773	0.54287	0.84688	0.76002	0.72745	0.8686	1.03146	0.87946	0.73831	0.91203	0.65145	0.39087	1.08575	0.76002	0.31487	1.04232	0.66231	0.80345	0.89031	0.68402	0.9446	0.65145	0.48859	1.15089	0.8686	0.57545	0.62973	1.04232	1.21604	1.15089	0.84688	0.65145	1.04232	0.89031	1.05318	1.17261	0.82517	1.32461	0.36915	0.67316	1.19432	0.68402	0.68402	0.65145	0.87946	0.47773	0.70574	0.81431	1.00975	0.44516	0.67316	0.72745	0.45601	0.45601	0.64059	0.66231	0.87946	0.53202	0.84688	0.52116	1.03146	0.76002	0.71659	1.0206	0.69488	1.29204	0.64059	0.96632	0.57545	0.97717	0.9446	0.36915	0.5103	1.3029	0.98803	1.23775	0.39087	0.42344	0.39087	1.9652	0.60802	0.69488	0.77088	1.20518	0.56459	1.10746	0.71659	1.10746	0.71659	0.54287	0.55373	1.06403	0.90117	0.64059	0.89031	0.70574	1.00975	0.81431	1.04232	0.73831	0.56459	0.74917	1.00975	0.38001	0.83603	0.85774	0.59716	1.33547	1.47662	1.10746	0.9446	0.57545	1.09661	0.46687	0.87946	1.2269	0.97717	1.00975	1.05318	0.64059	0.5103	0.5103	0.34744
cell30	1.04681	1.14112	1.11283	0.79218	0.82991	1.89558	0.90535	0.75446	0.93364	1.43347	1.51835	1.5655	1.41461	0.53755	0.80161	2.0559	0.87706	0.99966	1.00909	0.88649	0.63186	1.21657	0.58471	1.30144	0.44325	1.31087	1.65981	1.27315	1.25429	1.50892	1.15998	1.48063	1.54664	1.49949	1.52778	1.33917	1.85786	0.83934	1.60323	0.63186	1.40518	1.35803	1.41461	1.82956	0.86763	1.26372	1.23543	0.50926	0.95251	0.75446	0.99966	1.62209	1.65038	0.8582	1.35803	0.9808	1.53721	0.84877	0.91478	1.84843	0.90535	1.33917	0.88649	1.1977	1.26372	1.04681	0.88649	1.41461	1.25429	1.3486	1.839	1.53721	1.1977	0.62243	1.39575	1.53721	0.54698	1.61266	0.67901	0.8582	1.80127	1.5938	1.41461	0.2452	0.62243	1.8107	1.02795	1.02795	1.33917	1.54664	1.49006	1.51835	1.25429	1.64095	1.39575	1.30144	1.36746	0.87706	1.3486	1.7164	1.17884	0.77332	1.36746	1.28258	1.04681	0.84877	1.91444	0.71674	1.04681	1.60323	1.23543	1.87672	1.29201	0.57528	0.67901	1.51835	1.62209	0.71674	1.11283	1.54664	1.86729	1.24486	0.82991	1.60323	1.49006	1.23543	0.95251	1.26372	0.80161	1.24486	0.83934	0.47154	0.62243	1.4712	1.48063	0.84877	0.89592	1.67867	1.4712	1.43347	1.27315	1.80127	1.54664	1.57493	2.3011	1.07511	1.13169	1.43347	0.74503	1.40518	1.1034	1.7164	0.613	0.99966	1.48063	0.89592	0.92421	1.08454	0.52812	1.3203	1.31087	1.15998	0.68844	1.30144	0.87706	1.226	0.80161	0.82991	0.97137	0.57528	1.26372	1.80127	1.45233	0.84877	0.65072	1.4429	1.17884	1.17884	1.15998	1.00909	0.74503	1.01852	1.41461	1.37689	0.84877	0.88649	1.53721	0.84877	1.21657	1.09397	1.8107	0.83934	1.04681	1.73526	0.66015	1.38632	1.28258	0.79218	1.00909	1.35803	1.62209	0.91478	1.09397	0.48097	1.1034	0.64129	0.97137	0.68844	1.51835	1.38632	1.1034	1.12226	1.87672	1.91444	1.20714	1.97103	1.80127	1.11283	0.72617	1.3203	0.99023	1.4712	1.28258	1.00909	1.21657	1.57493	0.93364	0.91478	1.00909	1.60323	0.78275	0.76389	1.40518	0.79218	1.11283	1.20714	1.14112	1.1034	1.5938	1.11283	1.48063	0.99023	0.56584	0.97137	0.90535	1.07511	0.82047	1.21657	0.77332	0.87706	0.77332	0.86763	0.97137	0.62243	1.29201	1.43347	0.96194	1.61266	0.88649	0.79218	0.91478	0.95251	0.52812	0.78275	0.76389	0.44325	0.97137	0.76389	1.18827	0.75446	0.82991	0.70731	0.99023	0.75446	0.94307	0.93364	0.94307	0.78275	1.15055	0.613	0.46211	0.71674	0.59414	1.1034	0.83934	0.47154	0.57528	0.66015	0.43381	0.88649	1.05624	0.91478	0.56584	0.66958	0.72617	0.74503	0.83934	0.45268	1.1034	0.63186	0.99023	0.66958	0.54698	0.8582	0.94307	1.226	0.52812	0.82991	1.03738	1.14112	1.49949	0.52812	0.59414	0.83934	1.08454	0.75446	1.36746	0.613	1.3486	0.84877	0.65072	0.99023	0.58471	1.07511	0.54698	0.62243	0.8582	0.76389	0.96194	0.57528	0.54698	1.06567	0.78275	1.00909	0.88649	0.63186	0.84877	0.3678	0.50926	1.62209	0.613	0.99966	1.35803	1.06567	0.95251	1.17884	1.26372	0.41495	1.1034	0.58471	0.51869	0.66015	0.92421	1.05624	0.33008	0.7356	1.05624	0.47154	0.53755	0.18861	0.75446	0.54698	0.8582	0.3678	1.26372	1.4712	0.71674	0.8582	0.45268	1.04681	0.613	0.90535	1.01852	0.89592	0.66958	1.07511	0.56584	1.77298	0.66958	1.11283	0.75446	0.50926	0.60357	0.4904	0.38666	0.80161	0.613	0.71674	0.80161	0.99023	0.82047	1.06567	0.77332	0.43381	0.35837	0.64129	0.78275	1.02795	1.04681	1.17884	0.82991	0.57528	0.42438	0.91478	0.87706	0.76389	1.17884	0.76389	0.64129	0.50926	0.87706	0.69788	0.84877	0.77332	0.67901	0.97137	1.26372	0.95251	0.89592	0.90535	0.49983	0.66015	1.15998	0.95251	0.70731	0.82991	0.613	0.83934	0.57528	0.62243	0.45268	0.7356	0.92421	0.75446	0.83934	1.1977	0.96194	0.91478	0.76389	1.31087	1.21657	0.58471	0.68844	0.69788	0.47154	0.45268	0.65072	0.64129	0.66015	0.69788	1.02795	0.89592	0.52812	1.11283	0.96194	0.8582	0.58471	0.58471	0.53755	0.77332	0.58471	0.77332	0.83934	0.54698	0.60357	0.41495	0.76389	0.50926	1.15998	0.81104	0.78275	0.95251	0.46211	0.84877	0.7356	1.06567	0.95251	0.52812	0.69788	0.613	1.52778	0.613	0.82991	1.41461	1.4712	0.81104	1.5938	0.82047	0.88649	1.01852	0.96194	0.7356	0.76389	0.77332	0.52812	0.42438	0.84877	0.41495
cell31	0.86414	1.08672	1.38786	0.73976	1.49915	0.57609	0.9427	1.66936	1.13909	0.96234	1.63663	1.17183	1.49261	1.49915	1.37477	0.7594	0.85105	0.90997	1.45333	1.25038	1.99014	1.16528	1.06708	0.4779	1.28966	1.3224	0.64811	0.52372	0.70048	1.02126	1.08018	1.15219	1.07363	1.70209	1.58426	1.25693	1.27002	0.96234	1.7872	0.98852	1.28312	1.28966	0.83141	1.39441	1.49915	1.03435	1.19147	1.52534	1.47297	1.45987	1.03435	1.38786	1.44023	1.52534	1.08672	1.2242	1.21111	0.89687	1.37477	1.07363	1.53843	0.94924	1.08672	1.83302	1.63663	1.36822	1.126	0.92961	0.90342	1.28312	1.75447	2.01633	0.8445	1.126	1.70209	0.98852	1.48606	1.61699	1.14564	1.91813	0.7463	1.03435	0.68738	1.27002	1.08018	1.42059	0.7463	1.90504	1.3093	1.59735	1.11291	1.5057	1.74137	1.59735	0.83141	1.20456	1.53188	1.16528	1.14564	1.03435	1.13255	0.96234	2.09489	0.89687	1.58426	1.46642	1.02126	0.73321	1.02126	1.23729	1.89849	0.50408	1.05399	1.83302	1.0409	1.51225	1.57116	0.61537	0.81831	1.27002	0.94924	1.05399	0.97543	0.87069	1.08672	1.27657	0.4648	0.73321	1.54498	0.73321	0.85105	0.87069	0.73321	0.97543	0.92961	1.39441	1.90504	1.3224	1.3224	1.28966	0.64811	1.19147	1.51225	0.97543	0.85105	1.48606	1.93122	1.0409	1.42059	1.0278	0.87069	1.54498	0.91651	0.8445	1.30276	0.64156	1.24384	1.40095	1.02126	1.3093	1.42059	1.17183	1.23729	0.73976	0.78558	0.79867	0.94924	0.68738	0.87069	1.28312	1.21765	1.09981	1.09981	1.33549	1.36822	1.126	1.11291	0.92961	1.10636	1.08018	1.80029	0.98852	0.93615	1.10636	1.27657	1.08018	1.11291	0.83795	1.08672	0.79213	0.79213	1.17837	1.08018	0.99507	0.70048	1.82648	1.0409	1.06708	1.09981	0.93615	1.78065	1.57771	0.62847	1.43369	1.63008	1.64318	0.73321	0.90342	1.126	1.15873	1.36822	0.64156	1.33549	0.61537	1.02126	0.81831	0.77249	0.79867	1.18492	0.94924	1.06054	2.12107	1.126	1.79375	1.20456	0.63501	1.09981	0.77904	1.35513	1.78065	1.8854	1.10636	1.34858	1.06708	0.96888	1.27657	1.70864	1.06708	0.66774	0.83795	1.75447	1.13255	1.30276	1.24384	0.91651	0.97543	0.54991	1.10636	1.11945	0.78558	0.73321	0.73976	0.94924	0.85759	0.96888	1.25693	0.59573	0.42552	0.69393	0.72012	0.563	1.08672	0.98852	1.06708	0.95579	0.85105	0.48444	1.0278	0.77249	0.99507	0.82486	1.28966	0.81831	0.51063	0.4648	0.7463	0.51063	1.19801	1.10636	0.7463	0.82486	0.32733	0.87723	0.4648	1.27002	0.60228	0.73976	1.3093	0.96234	0.96234	1.23729	0.6612	0.563	1.15873	1.0278	0.58919	0.83141	0.77249	0.68738	0.92961	1.04744	0.91651	0.73321	1.28312	0.52372	1.126	0.58919	0.60228	0.76594	0.60228	1.74137	0.54336	1.06054	0.98852	0.54336	1.00816	1.04744	0.87723	1.18492	0.62192	0.79213	1.40095	0.50408	0.96234	0.6612	0.80522	0.87069	0.77904	0.68738	0.90997	0.92306	0.78558	0.55645	0.77904	0.83141	0.6612	0.81177	0.7463	0.83141	1.08672	1.05399	1.52534	1.20456	0.70048	0.45826	1.47951	0.91651	0.41243	0.69393	0.8445	1.11291	0.51717	0.8445	0.77249	0.79213	0.50408	1.07363	0.87723	0.98852	0.81177	1.0278	0.89687	0.64811	0.87069	0.85759	0.67429	0.51063	0.53027	0.54336	0.85759	1.02126	0.58264	1.08672	0.47135	0.73321	0.563	1.10636	0.82486	0.70048	0.79867	0.55645	0.28805	0.68084	0.98198	0.32733	0.79867	1.09981	1.06708	1.20456	0.77249	0.72012	0.80522	0.72012	0.51717	0.88378	1.17183	0.82486	0.78558	0.77904	0.95579	0.8445	1.21111	0.70702	0.79213	0.76594	0.96888	0.53681	1.126	0.68084	0.69393	1.126	0.76594	0.6612	1.16528	0.61537	1.19801	0.8445	0.95579	1.33549	0.51717	0.87069	1.06708	0.71357	1.06708	1.23729	0.87069	0.98198	0.72012	0.78558	0.90997	0.83141	0.68084	0.57609	1.00816	1.23729	0.80522	0.43862	0.8445	0.92961	0.63501	0.6612	0.4779	0.69393	0.40588	0.61537	1.19147	0.48444	0.96888	0.54336	0.82486	0.39934	0.97543	0.87069	0.50408	0.99507	1.03435	0.72666	0.8445	1.28966	0.73321	0.73321	1.34858	0.4648	1.17183	0.6612	0.78558	0.89033	0.64811	0.65465	0.37315	0.7594	0.88378	0.63501	0.99507	0.6612	1.15219	0.96234	0.88378	0.58264	0.83141	1.06054	1.29621	1.07363	0.43207	0.7594	0.62847	0.83141	0.87069	0.50408	1.07363	0.58264	0.36006	0.70048	0.4779	1.00816	0.80522	0.87069	0.58264
cell32	0.77516	0.98187	1.01633	0.80962	0.72349	1.25749	1.27471	0.62013	1.56755	1.13691	0.91297	0.79239	0.63736	1.13691	1.22304	0.70626	0.86129	0.75794	0.79239	1.20581	0.9302	0.82684	1.15413	0.74071	0.79239	1.08523	0.72349	0.62013	0.84407	0.63736	1.20581	0.96465	0.56845	1.20581	1.10246	0.91297	0.70626	0.62013	1.15413	1.18859	0.87852	0.98187	0.49955	0.75794	0.98187	0.79239	1.30917	2.32549	0.74071	1.84317	0.72349	1.3953	1.80872	1.86039	0.89575	1.4642	1.03355	1.82594	0.56845	2.9284	1.25749	0.84407	0.55123	1.41252	2.44607	0.98187	1.63646	1.15413	1.13691	1.08523	2.87672	1.15413	3.06621	1.11968	2.22214	0.75794	0.9991	0.67181	1.25749	1.34362	1.41252	0.62013	0.63736	0.32729	0.0	0.0	0.0	0.63736	0.4651	0.41342	1.49865	0.62013	0.70626	0.91297	1.03355	1.01633	0.80962	0.75794	0.534	0.82684	0.4651	0.68903	0.98187	1.08523	1.37807	0.60291	0.80962	0.72349	0.67181	0.80962	1.3953	0.82684	1.15413	0.74071	1.94652	1.08523	1.068	0.96465	0.75794	1.29194	1.82594	0.96465	0.44787	1.068	1.22304	0.94742	0.75794	1.34362	0.86129	1.51588	1.17136	1.84317	1.22304	1.05078	1.17136	0.74071	1.13691	0.89575	0.63736	0.62013	0.84407	1.13691	0.79239	1.13691	0.65458	1.36084	0.70626	1.3953	1.3953	1.60201	1.15413	0.72349	0.48232	1.17136	0.75794	0.80962	0.84407	1.73981	1.3953	0.70626	0.62013	0.89575	1.22304	0.77516	1.56755	0.77516	0.84407	1.17136	0.84407	0.41342	1.44697	0.49955	1.42975	0.74071	1.15413	0.96465	0.75794	0.62013	0.98187	1.27471	0.98187	0.67181	1.01633	0.87852	1.05078	0.80962	0.94742	0.62013	0.36174	1.24026	1.01633	0.67181	1.15413	0.62013	0.86129	0.94742	0.32729	0.91297	0.9991	1.01633	0.41342	0.62013	0.80962	0.98187	0.84407	0.79239	1.13691	0.79239	1.01633	1.89485	0.67181	1.22304	1.27471	0.62013	0.75794	0.60291	0.68903	0.87852	1.068	0.87852	0.60291	0.91297	0.96465	1.03355	0.534	1.49865	1.24026	0.9302	0.49955	0.65458	0.37897	1.84317	0.74071	0.82684	1.10246	0.89575	1.67091	0.82684	0.63736	1.25749	1.36084	0.82684	1.24026	0.63736	0.98187	1.44697	0.74071	1.56755	0.68903	0.79239	0.89575	1.27471	1.25749	0.89575	1.32639	1.29194	0.86129	1.37807	1.22304	0.65458	1.51588	0.9302	1.08523	1.24026	1.11968	1.17136	0.89575	1.67091	1.18859	1.34362	1.068	1.55033	0.56845	0.70626	1.10246	1.17136	1.22304	1.32639	0.60291	1.48143	0.82684	0.27561	0.60291	1.3953	0.94742	1.05078	1.61923	0.96465	0.77516	0.86129	0.65458	0.67181	0.86129	1.60201	0.82684	0.84407	1.11968	0.43065	0.77516	0.70626	0.9991	0.62013	1.01633	1.22304	1.05078	0.70626	0.82684	1.80872	1.068	0.84407	1.37807	0.68903	1.05078	1.42975	0.63736	0.534	0.65458	0.98187	0.58568	1.51588	1.08523	0.94742	1.75704	1.05078	1.11968	0.98187	1.01633	1.17136	0.79239	1.01633	1.13691	1.17136	0.63736	1.22304	0.94742	1.51588	1.11968	1.068	0.9991	0.75794	1.48143	0.89575	0.9991	1.34362	0.91297	0.82684	0.96465	1.03355	0.9991	0.87852	0.82684	0.86129	0.82684	1.36084	0.91297	0.534	0.68903	0.43065	0.70626	1.36084	0.62013	1.15413	1.03355	1.10246	0.77516	1.11968	1.05078	1.27471	0.68903	0.94742	0.86129	0.75794	1.18859	1.70536	0.74071	0.98187	0.87852	1.08523	1.01633	1.08523	0.89575	1.08523	0.79239	1.18859	1.18859	0.75794	0.87852	0.91297	0.9991	0.9302	0.56845	1.08523	1.20581	0.534	0.84407	0.44787	1.89485	1.29194	1.05078	0.79239	0.55123	0.48232	0.9302	1.56755	1.49865	1.44697	0.9991	1.34362	1.01633	1.37807	1.34362	0.49955	1.01633	0.75794	1.01633	1.24026	0.70626	1.068	1.068	0.60291	1.17136	0.9302	1.15413	0.86129	0.87852	0.80962	0.3962	1.15413	1.32639	0.44787	0.67181	0.91297	0.72349	1.84317	1.63646	1.05078	0.63736	1.05078	1.03355	1.13691	1.34362	0.98187	0.63736	1.30917	1.17136	0.67181	0.86129	0.9302	1.05078	0.55123	0.96465	1.9293	0.86129	0.51678	1.4642	0.9302	0.9302	1.03355	0.98187	0.89575	1.5331	1.01633	1.20581	0.49955	1.30917	1.36084	1.10246	0.62013	0.89575	1.49865	0.86129	0.94742	0.77516	1.068	0.84407	0.84407	1.11968	1.56755	0.55123	0.68903	1.05078	0.67181	0.77516	1.13691	0.9991	0.49955	0.79239	0.98187	1.01633	1.84317	1.10246	0.86129	0.534	0.67181	0.67181	0.87852	1.34362	1.15413
cell33	1.35781	1.01371	1.67401	1.23691	0.79051	0.95791	0.90211	0.86491	0.76261	0.95791	1.58101	0.70681	1.23691	1.06021	1.11601	0.80911	1.40431	1.25551	0.5766	0.6789	0.98581	1.35781	1.00441	1.92511	0.72541	1.15321	0.4929	0.79981	1.13461	0.5859	1.25551	0.651	0.4836	0.71611	1.19971	1.34851	0.97651	1.71121	0.78121	0.94861	1.22761	0.79051	1.14391	0.93931	1.23691	0.4092	0.5673	1.84141	1.16251	1.45081	2.04601	0.95791	1.02301	0.85561	1.88791	1.13461	1.73911	1.19041	1.09741	0.93931	1.33921	1.61821	1.07881	0.95791	0.93001	1.61821	2.23202	1.71121	1.84141	2.54822	1.66471	0.92071	1.70191	2.00881	1.72051	0.6882	1.14391	1.30201	1.10671	0.97651	1.39501	0.72541	0.5115	0.279	0.0	0.0	0.0	0.465	0.3162	0.5115	0.86491	1.21831	0.6603	1.50661	1.38571	0.85561	0.84631	0.84631	1.06021	0.82771	0.93931	0.6882	0.91141	1.29271	1.00441	1.03231	1.92511	0.80911	0.78121	0.87421	0.4464	1.59031	1.25551	0.82771	0.6138	0.69751	0.71611	1.21831	1.39501	0.6603	0.92071	0.6789	0.80911	0.372	1.20901	0.76261	0.5673	1.52521	1.00441	0.6882	0.75331	1.23691	1.47871	0.72541	1.31131	1.17181	0.5022	1.10671	0.84631	1.03231	1.19971	0.90211	0.80911	0.4836	0.6045	1.65541	1.06951	1.19971	0.96721	1.55311	1.25551	0.74401	0.79051	0.4743	0.90211	0.85561	1.83211	0.5022	0.90211	0.81841	1.22761	0.4929	1.01371	0.83701	0.94861	1.17181	0.3627	0.88351	1.06021	1.28341	1.10671	1.07881	0.82771	1.03231	0.6696	0.98581	1.20901	1.00441	1.06021	1.19971	1.54381	1.03231	0.5859	1.35781	0.5859	1.19041	0.97651	1.74841	1.14391	1.06021	0.97651	0.6324	0.71611	1.62751	0.6882	0.95791	1.57171	1.34851	1.63681	0.5952	1.16251	1.48801	0.6138	0.94861	1.09741	0.97651	0.5673	0.91141	0.6324	0.92071	1.14391	0.79981	0.5859	1.03231	1.46011	1.07881	0.3906	0.6045	0.84631	1.19971	0.72541	0.90211	0.5766	0.93931	1.44151	0.79051	0.6882	1.00441	0.6696	0.84631	1.28341	1.48801	1.06021	1.05091	1.41361	0.6138	1.42291	1.18111	1.48801	1.01371	1.20901	1.48801	0.78121	0.74401	1.87861	0.3999	0.78121	1.08811	0.5208	0.6789	0.72541	1.16251	1.39501	1.14391	0.93001	1.03231	1.06021	1.15321	0.82771	0.95791	1.33921	0.85561	1.35781	0.91141	0.4464	0.77191	0.73471	0.81841	0.77191	0.71611	1.25551	1.33921	0.84631	0.88351	0.465	0.98581	0.71611	1.32061	0.78121	1.27411	0.78121	0.558	1.08811	1.25551	1.23691	1.08811	0.71611	0.78121	0.94861	0.87421	0.6045	0.6603	1.32061	0.651	0.75331	0.82771	1.16251	0.465	0.6696	1.58101	0.76261	0.95791	0.6138	0.71611	1.14391	1.08811	0.95791	0.69751	0.91141	0.465	1.50661	0.84631	1.16251	1.05091	0.96721	1.52521	1.24621	1.12531	1.11601	0.77191	1.52521	0.4092	1.70191	1.02301	1.03231	1.20901	1.73911	0.5673	0.93931	1.06021	0.86491	1.73911	1.17181	0.4464	0.76261	0.72541	1.39501	1.04161	1.03231	1.39501	1.25551	1.28341	0.5859	1.04161	0.71611	0.84631	0.4092	0.79051	1.30201	0.69751	1.23691	0.86491	0.97651	0.76261	1.01371	1.12531	1.83211	0.85561	1.32991	0.6045	0.6789	0.6324	1.31131	1.59031	0.91141	0.4092	1.09741	0.78121	0.76261	0.4929	0.79981	1.42291	0.79051	0.71611	1.06951	1.29271	0.96721	0.6324	1.30201	0.5766	0.73471	1.42291	0.81841	1.26481	0.70681	1.19971	1.66471	1.05091	1.20901	0.78121	0.89281	0.84631	0.79051	1.21831	0.90211	0.85561	1.16251	1.53451	1.00441	0.4836	0.70681	1.41361	0.5208	1.18111	0.3999	0.89281	0.75331	0.6603	0.84631	1.46011	0.4929	0.89281	1.21831	0.5673	0.79051	0.75331	0.91141	0.5766	1.08811	1.08811	0.71611	1.00441	0.6696	1.01371	0.95791	1.64611	1.16251	1.19971	1.05091	1.39501	1.14391	1.06951	0.6417	1.08811	0.85561	1.19041	1.40431	1.34851	0.84631	1.31131	1.20901	0.84631	1.43221	1.47871	0.6138	0.75331	1.29271	0.79051	1.35781	0.90211	1.13461	1.13461	1.26481	0.83701	0.91141	0.5952	0.81841	0.5301	1.14391	0.558	1.48801	0.6138	0.5859	1.23691	1.23691	1.55311	1.15321	0.89281	0.92071	0.90211	0.6138	0.98581	0.98581	0.69751	1.19971	0.83701	0.6417	0.85561	0.651	0.96721	0.93931	1.19971	1.54381	0.5301	0.87421	0.4929	1.03231	1.30201	0.6324	0.6882	1.35781	0.83701	0.91141	1.60891	0.86491	0.85561	1.10671	0.77191
cell34	0.79461	0.99715	0.8024	0.95041	0.76345	1.02831	1.49573	0.56869	1.41783	1.38667	1.30876	1.26202	1.00494	1.34771	0.95041	1.71386	0.98936	1.41783	1.41004	0.99715	1.58921	0.65438	1.2776	1.29318	0.90367	1.19191	1.71386	0.73228	1.23086	1.73723	0.51416	2.03326	1.17633	1.46457	1.56584	1.60479	1.05948	1.09843	1.30876	0.6388	1.32434	0.49079	1.13738	1.54247	0.58427	0.53753	2.1579	0.83356	0.5609	1.76839	1.10622	1.17633	0.61543	1.74502	1.19191	1.43341	1.87745	1.05168	0.77903	1.75281	1.05168	1.08285	0.91925	2.08	1.09843	1.52689	1.23086	1.3633	1.25423	1.4412	1.17633	1.90082	0.69333	1.30876	1.20749	1.89303	0.97378	1.7606	0.9582	2.18127	0.87251	1.07506	1.37888	0.67775	0.96599	1.38667	0.76345	1.02052	0.89588	0.94262	0.59206	1.48015	0.45183	1.74502	1.597	0.9582	0.58427	1.22307	1.14517	1.56584	0.72449	0.8024	1.96314	0.69333	0.5609	1.53468	1.78397	2.18906	1.55026	1.0361	1.02831	0.45183	1.06727	1.26202	1.04389	1.30876	1.60479	0.89588	1.0361	0.91925	1.94756	1.54247	0.93483	1.25423	0.76345	0.9582	2.7188	1.71386	1.07506	1.10622	0.70112	1.16854	1.60479	1.93198	1.3633	1.7606	1.14517	1.67491	0.94262	1.10622	1.44899	0.74007	1.10622	1.54247	1.02052	0.79461	0.75565	1.33213	1.64374	1.32434	1.09843	0.70891	0.74786	1.32434	1.09064	1.28539	0.92704	0.58427	1.04389	1.44899	1.1997	0.87251	1.29318	1.7606	0.67775	0.7167	1.13738	0.99715	0.78682	2.04105	2.43835	1.45678	0.85693	1.40225	1.17633	1.02052	0.92704	1.55026	1.31655	0.91925	1.33213	0.99715	0.91146	1.24644	1.74502	1.58142	0.78682	0.77903	1.07506	1.16854	1.24644	1.55805	2.08779	0.81798	0.70112	2.06442	1.25423	1.02052	1.21528	0.95041	1.8385	1.18412	1.11401	1.23086	0.67775	1.24644	0.70891	1.34771	1.28539	1.16075	0.98157	1.10622	0.85693	0.63101	1.02052	1.05948	0.49858	1.61258	0.98936	1.81513	0.84135	0.55311	1.12959	1.41783	0.8803	1.53468	1.05948	1.61258	1.2776	0.97378	1.20749	1.33992	1.4412	1.07506	0.81019	0.69333	0.66217	0.81798	0.60764	1.9164	1.08285	1.18412	1.63595	1.25423	0.83356	0.66996	0.68554	0.60764	0.45963	0.50637	0.59206	0.73228	1.0361	0.74786	0.67775	1.22307	0.78682	0.42067	1.00494	1.12959	1.58142	0.68554	1.34771	1.597	0.60764	0.70112	0.93483	0.54532	0.77124	0.89588	0.45183	0.84135	0.81019	0.84135	1.39446	0.89588	0.44404	0.64659	0.69333	0.93483	0.62322	0.81798	0.83356	1.60479	0.78682	0.94262	0.81019	0.92704	0.6388	0.74786	0.56869	0.81798	0.67775	0.54532	0.54532	1.67491	0.57648	1.15296	0.64659	0.70891	0.72449	0.7167	0.51416	0.9582	0.98157	0.98157	0.87251	0.47521	1.15296	0.81798	0.66996	0.8024	0.64659	0.70891	0.66217	1.11401	0.59985	0.78682	1.17633	0.84135	0.82577	1.23865	0.46742	1.54247	0.57648	0.67775	0.70112	1.09843	0.91925	0.99715	0.77124	1.26981	0.70112	0.93483	0.95041	0.59206	1.1997	0.84914	0.72449	0.99715	0.40509	0.83356	0.49858	0.61543	0.89588	0.91925	0.54532	1.05168	0.74007	0.42067	0.79461	0.91146	0.55311	0.58427	0.83356	0.69333	0.33498	0.77903	0.58427	0.91925	1.0361	0.65438	1.17633	0.68554	0.42067	0.74786	0.64659	1.0361	0.78682	0.45963	1.17633	0.86472	0.68554	0.50637	0.54532	0.55311	0.41288	0.57648	0.99715	1.01273	0.89588	0.70891	0.52974	0.65438	0.66217	1.20749	0.75565	1.0361	0.83356	0.31161	1.0361	0.8803	0.49079	0.89588	0.89588	0.86472	0.96599	0.9582	0.64659	1.10622	0.52195	1.48794	1.02831	0.50637	1.18412	0.95041	0.56869	0.66996	0.70891	0.60764	0.94262	0.59985	0.9582	0.59206	1.09843	1.30097	0.55311	1.1218	0.44404	0.74007	1.32434	0.59985	0.44404	0.49858	0.73228	0.84914	0.77903	1.06727	0.84135	1.00494	0.77124	0.83356	0.41288	0.37393	0.91146	0.87251	0.76345	1.17633	0.89588	0.7167	0.8803	0.85693	0.67775	0.77903	0.91925	0.46742	1.11401	0.94262	0.76345	0.64659	0.55311	0.78682	1.72165	0.64659	0.59985	0.70891	0.87251	1.18412	0.5609	0.74007	0.56869	0.85693	0.54532	1.32434	0.70112	1.1218	0.98936	1.18412	0.7167	0.70112	0.95041	0.82577	1.11401	1.29318	1.09064	1.50352	1.86966	0.88809	0.62322	0.91925	0.72449	0.42846	1.09064	0.70112	0.8803	0.82577	0.31161	0.8024	0.62322	0.54532	0.74786	0.51416	0.95041	0.74007	0.52974	0.8803	0.74786	0.65438
cell35	1.68725	1.06084	2.13179	0.88909	1.38415	0.81836	1.2528	1.16188	1.20229	1.11136	1.35384	1.22249	1.49528	1.39425	1.14167	1.22249	1.03053	1.18208	1.11136	1.20229	0.88909	1.5357	1.35384	1.71755	0.95981	1.22249	0.69713	1.57611	1.71755	1.80848	1.17198	1.11136	1.90952	0.84867	2.29344	0.85878	0.86888	1.71755	1.17198	1.5357	1.51549	1.11136	1.09115	1.28311	1.29322	1.31342	2.66726	1.17198	0.9295	0.55568	1.33363	1.19219	1.27301	1.82869	1.41446	2.54602	0.96991	1.48518	0.72744	1.88931	1.12146	1.15177	0.81836	0.98002	1.72766	1.06084	0.59609	0.88909	2.33385	0.94971	1.2427	1.2427	0.64661	1.72766	1.39425	1.45487	1.42456	0.95981	0.83857	1.77817	0.94971	1.26291	1.5458	0.80826	1.41446	0.88909	1.22249	0.98002	1.98024	1.00022	0.78805	0.72744	1.57611	0.69713	1.12146	1.28311	0.94971	0.84867	1.2427	1.19219	0.55568	0.99012	0.67692	1.22249	0.83857	1.16188	0.95981	0.53547	1.2528	1.14167	1.29322	1.34373	0.45465	1.20229	1.68725	2.21261	0.95981	1.02043	0.89919	0.75774	0.9295	1.19219	1.16188	1.08105	0.59609	1.00022	1.56601	2.00045	1.03053	0.77795	0.82847	1.43466	0.69713	2.54602	1.61652	1.27301	2.12169	0.72744	0.6163	1.20229	1.38415	1.2326	0.9295	1.82869	0.72744	1.03053	0.54558	1.29322	0.75774	1.30332	1.2326	1.8691	1.47508	1.30332	1.04064	1.33363	2.14189	1.31342	1.52559	1.17198	1.39425	1.17198	1.11136	0.6163	0.9194	0.82847	1.5357	1.22249	2.1722	1.14167	1.36394	0.99012	0.80826	0.73754	1.79838	1.28311	1.06084	0.9295	1.32353	1.62663	0.84867	0.76785	0.70723	1.49528	0.95981	1.03053	1.47508	0.56578	0.75774	0.72744	1.26291	1.14167	1.40435	1.36394	0.59609	1.58621	1.03053	0.9194	1.19219	1.2427	1.52559	1.07095	1.2528	1.64683	1.00022	0.82847	1.19219	1.00022	0.82847	1.33363	1.08105	0.6163	0.57589	1.2427	0.82847	0.9396	1.60642	1.38415	1.44477	1.14167	1.31342	1.26291	1.46497	1.40435	0.52537	1.5559	1.02043	0.54558	1.27301	1.28311	1.63673	0.79816	1.42456	0.58599	1.56601	1.05074	1.50539	1.06084	1.00022	1.08105	0.42434	0.68702	0.84867	1.03053	0.9194	0.80826	0.75774	0.39403	0.9396	1.44477	0.66682	0.77795	0.94971	0.36372	0.81836	0.65671	0.68702	0.89919	0.81836	0.65671	0.89919	0.76785	0.87898	0.67692	0.88909	0.50516	0.48496	0.99012	0.70723	1.10126	0.49506	0.75774	0.69713	0.39403	0.69713	0.77795	0.83857	1.17198	0.94971	0.68702	0.67692	1.07095	0.9396	0.37382	0.68702	1.03053	0.83857	0.65671	1.66704	0.81836	0.69713	0.6264	1.06084	0.95981	0.34351	0.64661	0.51527	0.48496	0.40413	0.78805	1.04064	0.63651	0.79816	0.85878	0.74764	0.53547	1.39425	0.36372	0.83857	0.84867	0.6264	1.00022	0.76785	1.61652	0.9194	0.81836	0.84867	0.70723	0.89919	1.02043	0.66682	0.86888	0.66682	0.9194	0.75774	0.9396	0.33341	0.9194	0.83857	0.95981	0.75774	1.16188	0.76785	0.66682	0.3233	0.66682	0.71733	0.66682	1.02043	0.65671	1.07095	0.65671	0.55568	0.95981	1.50539	1.05074	0.72744	0.82847	0.80826	0.47485	0.94971	0.51527	0.81836	0.9396	0.88909	1.16188	0.9194	0.51527	0.84867	1.09115	1.05074	0.49506	0.67692	1.11136	0.50516	0.71733	1.06084	0.90929	0.74764	0.58599	1.30332	0.78805	0.85878	0.65671	1.30332	0.82847	0.95981	0.36372	1.2326	0.68702	0.73754	0.53547	0.54558	0.41423	1.00022	1.02043	0.72744	0.67692	0.86888	0.84867	0.87898	1.07095	1.2528	0.90929	0.48496	0.83857	0.51527	0.82847	1.08105	0.38392	0.6264	0.87898	1.45487	0.49506	0.73754	0.58599	0.82847	1.13157	0.94971	0.73754	0.68702	0.58599	0.58599	0.54558	0.87898	0.23238	1.22249	1.18208	0.88909	1.00022	0.82847	0.90929	0.68702	0.71733	0.6163	0.67692	0.49506	0.59609	0.54558	1.50539	0.79816	0.55568	0.57589	0.66682	0.65671	1.38415	0.9396	0.42434	0.9194	0.87898	0.72744	0.53547	1.8489	0.72744	0.86888	0.76785	0.70723	0.65671	0.67692	1.36394	1.00022	0.53547	0.86888	0.66682	0.85878	0.9194	1.34373	1.43466	0.75774	0.6062	0.83857	0.70723	0.64661	0.87898	0.69713	0.99012	0.46475	0.9396	0.73754	1.2528	1.11136	0.65671	0.46475	0.39403	1.03053	0.25258	1.41446	0.82847	1.18208	0.95981	1.09115	0.89919	0.57589	0.63651	0.80826	1.16188	0.78805	0.85878	1.02043	1.2528	0.74764	1.00022	0.64661	0.37382	0.9396	0.82847	1.02043	0.45465
cell36	1.30319	0.92901	1.22577	1.01933	1.10965	1.56125	1.44512	1.7806	1.58706	1.26448	1.62576	1.05804	1.10965	1.61286	0.92901	1.00643	1.26448	1.26448	1.13545	1.12255	1.09675	0.41289	1.26448	1.70318	1.72899	1.21287	1.22577	1.22577	0.72256	1.09675	0.85159	1.21287	1.08384	1.10965	0.83869	1.48383	1.72899	0.83869	0.86449	1.89673	0.63224	1.10965	0.64514	0.94191	0.81288	0.76127	1.30319	1.41932	1.00643	1.71608	0.63224	1.63867	0.99352	1.25158	1.26448	1.62576	0.77417	1.27739	0.56773	0.8903	1.8064	1.13545	1.04513	0.8774	0.8774	1.57415	1.01933	0.56773	1.48383	1.49674	1.57415	0.96772	1.26448	1.69028	2.15478	1.03223	1.09675	0.77417	1.05804	1.38061	1.31609	0.91611	1.44512	1.16126	1.65157	0.73546	1.14836	1.26448	1.22577	1.49674	1.10965	0.79998	1.04513	1.26448	2.50316	1.47093	1.01933	0.79998	1.14836	0.85159	1.87092	1.05804	1.19997	1.3419	1.61286	1.38061	1.27739	1.52254	1.22577	1.48383	1.16126	1.27739	0.9032	0.99352	0.55482	1.38061	0.81288	0.64514	2.47736	0.91611	1.62576	0.8903	0.92901	0.8774	1.52254	1.58706	0.69676	1.05804	0.68385	1.40642	2.58058	1.25158	1.13545	0.76127	1.25158	0.73546	1.49674	1.08384	0.99352	1.7677	1.38061	2.18059	1.85802	0.94191	1.53544	1.40642	1.08384	0.79998	1.27739	0.72256	1.30319	1.48383	1.07094	1.08384	1.88382	1.72899	1.74189	1.23868	1.23868	0.4645	0.54192	1.21287	1.22577	0.61934	1.29029	0.69676	1.47093	0.78708	1.05804	1.13545	0.63224	1.23868	0.91611	1.8064	0.65805	1.21287	2.51606	1.52254	0.64514	0.81288	1.98705	1.04513	1.01933	0.68385	0.49031	0.79998	1.12255	1.62576	1.03223	2.79993	1.25158	1.41932	1.22577	1.50964	1.03223	1.19997	1.23868	1.44512	0.76127	1.08384	1.07094	0.60644	0.79998	2.2322	1.16126	1.04513	0.56773	1.92253	1.19997	1.13545	2.09027	0.98062	0.98062	1.29029	0.83869	1.04513	0.72256	1.19997	1.89673	1.18707	0.83869	1.87092	1.09675	0.98062	1.40642	0.99352	1.00643	1.16126	1.03223	0.77417	0.95481	0.91611	1.22577	1.48383	1.17416	0.81288	0.96772	0.49031	1.3419	1.83221	0.77417	0.94191	0.82579	0.99352	0.94191	0.86449	0.54192	0.56773	0.30967	0.92901	1.08384	0.72256	0.72256	0.64514	0.95481	0.39999	1.17416	0.49031	0.4516	0.82579	0.96772	0.8774	0.77417	0.96772	1.16126	0.56773	1.04513	0.79998	0.86449	0.54192	1.26448	0.55482	0.82579	0.77417	1.07094	0.77417	0.4645	0.96772	0.60644	0.65805	0.55482	0.37418	0.50321	0.37418	0.79998	0.70966	0.83869	0.61934	1.29029	0.50321	0.76127	0.83869	0.55482	0.58063	0.92901	0.79998	1.00643	0.61934	1.329	1.17416	0.9032	1.01933	0.36128	0.92901	1.17416	0.70966	0.9032	0.4645	0.38709	0.61934	0.60644	0.8903	0.82579	1.19997	0.73546	0.77417	1.67738	0.67095	0.81288	0.60644	0.9032	0.55482	0.73546	0.76127	1.09675	1.39351	1.13545	1.17416	0.68385	0.82579	0.98062	0.61934	1.07094	1.08384	0.72256	1.43222	0.20645	0.4645	0.70966	1.04513	1.00643	0.60644	0.54192	0.98062	0.69676	1.62576	0.69676	0.63224	1.13545	0.73546	0.55482	0.76127	0.58063	0.55482	0.61934	0.61934	0.72256	0.86449	1.31609	1.16126	0.56773	0.79998	0.73546	0.30967	1.43222	0.81288	0.76127	1.85802	0.4516	1.44512	0.70966	0.56773	0.54192	0.65805	0.58063	0.49031	0.60644	0.50321	1.26448	0.60644	0.68385	1.13545	0.34838	0.83869	0.67095	0.73546	0.50321	0.39999	0.68385	1.58706	0.59353	0.77417	0.55482	1.01933	0.56773	0.55482	1.65157	1.71608	0.92901	1.30319	0.65805	0.94191	0.96772	0.78708	0.41289	0.9032	0.81288	0.98062	0.49031	0.65805	1.19997	0.83869	0.61934	0.9032	0.56773	1.19997	1.58706	0.4516	0.94191	0.58063	0.72256	0.79998	1.12255	0.59353	1.07094	0.77417	0.83869	0.21935	0.72256	0.54192	0.70966	1.43222	0.32257	0.92901	0.52902	0.74837	0.54192	0.51612	0.63224	0.61934	0.9032	1.23868	0.96772	0.86449	0.59353	0.4258	1.12255	0.68385	0.83869	0.79998	0.70966	1.03223	1.21287	0.82579	1.3419	0.92901	0.60644	0.50321	0.77417	0.69676	0.68385	0.65805	1.44512	0.61934	0.81288	1.87092	0.34838	0.63224	0.36128	0.72256	0.68385	0.98062	0.78708	1.04513	0.8903	0.54192	0.63224	1.03223	0.54192	1.00643	0.78708	0.4258	1.14836	0.67095	0.52902	1.3548	0.55482	1.01933	0.60644	0.92901	0.74837	0.73546	1.00643	0.68385	0.77417	1.18707	0.9032	1.16126
cell37	1.54298	1.82536	1.04882	0.90764	0.70594	1.30095	0.54458	1.29086	0.81687	1.23035	1.1295	1.07908	0.71602	0.68577	0.32272	1.94638	0.64543	0.5345	0.58492	1.52281	0.56475	0.89755	0.73619	0.97823	0.83704	1.48247	0.96815	0.95806	0.65552	0.68577	0.42356	2.52121	1.01857	1.21018	1.43205	0.59501	1.03874	1.42196	0.87738	0.39331	1.00849	0.75636	0.87738	1.05891	0.71602	0.73619	0.80679	0.96815	1.35137	1.4623	0.8673	0.88747	0.91772	1.1295	0.88747	1.74468	1.42196	1.41188	1.70434	2.1985	2.13799	1.24044	1.27069	1.11942	1.39171	2.81367	1.57324	1.13959	1.35137	1.34129	0.75636	1.15976	2.48087	0.84713	1.81527	1.06899	0.80679	0.98832	0.7967	0.78662	1.29086	0.60509	0.60509	0.4639	0.80679	0.44373	0.4639	0.41348	0.73619	0.50424	1.15976	1.07908	0.74628	1.16984	1.1295	0.81687	0.69585	0.70594	0.70594	1.06899	0.57484	0.85721	1.03874	0.72611	0.88747	0.95806	1.07908	1.42196	1.11942	0.80679	1.52281	0.88747	0.60509	0.93789	0.61518	1.11942	0.62526	0.77653	1.29086	1.25052	0.85721	0.88747	0.80679	0.58492	0.95806	1.11942	1.21018	1.27069	2.20858	0.62526	1.76485	1.32112	0.87738	0.73619	1.78502	0.95806	0.6656	1.61358	0.6656	0.70594	0.68577	1.35137	0.75636	0.85721	0.69585	0.68577	1.1295	1.04882	0.51433	0.6656	0.95806	0.62526	0.59501	0.62526	0.67568	1.00849	1.4623	1.39171	1.48247	0.75636	1.02865	1.40179	1.3312	1.01857	1.13959	1.04882	1.25052	0.73619	0.74628	0.91772	0.90764	1.21018	0.62526	0.88747	1.00849	1.08916	0.8673	0.92781	1.11942	0.80679	0.49416	0.67568	0.60509	1.15976	1.10933	0.85721	1.28078	1.02865	1.62366	0.51433	0.83704	1.98672	1.09925	1.08916	1.21018	0.82696	0.81687	1.26061	1.664	0.80679	1.3312	1.35137	1.69425	1.57324	1.00849	0.96815	0.73619	1.08916	1.23035	0.47399	1.26061	1.40179	1.44213	1.41188	0.70594	0.68577	1.43205	0.96815	0.59501	1.34129	1.01857	1.16984	0.83704	1.08916	0.40339	1.40179	0.78662	1.01857	1.52281	0.49416	1.39171	1.05891	1.03874	0.92781	1.51273	0.72611	1.10933	0.89755	1.17993	1.41188	0.95806	0.71602	0.89755	0.67568	0.51433	1.48247	1.43205	0.94798	1.27069	0.76645	1.03874	0.70594	0.83704	1.10933	1.07908	0.64543	0.68577	1.19001	1.31103	0.85721	0.60509	1.00849	0.61518	0.61518	0.45382	1.03874	0.8673	0.87738	1.19001	1.3312	1.4623	0.74628	1.2001	1.05891	1.05891	0.58492	1.36145	1.19001	0.51433	0.95806	1.05891	1.03874	0.56475	1.28078	1.47239	1.29086	0.90764	0.89755	1.15976	0.74628	1.10933	0.72611	0.8673	0.81687	0.70594	0.82696	0.59501	0.77653	1.39171	1.48247	0.87738	0.63535	1.28078	0.69585	1.3312	1.54298	1.38162	0.64543	0.58492	1.03874	0.82696	1.14967	0.73619	0.96815	0.57484	1.50264	0.67568	1.06899	1.73459	0.77653	0.58492	0.63535	0.75636	0.92781	0.68577	0.88747	0.73619	0.73619	0.62526	0.91772	1.50264	0.69585	1.01857	1.26061	0.85721	0.98832	1.49256	0.52441	1.22027	0.58492	1.60349	1.37154	1.43205	1.34129	0.97823	1.54298	1.17993	1.50264	1.30095	0.61518	1.42196	0.88747	0.5345	0.90764	1.37154	0.73619	1.25052	0.62526	0.74628	1.21018	1.03874	0.51433	1.19001	0.65552	1.28078	0.91772	0.54458	0.74628	1.1295	0.69585	1.07908	1.31103	0.57484	1.38162	0.93789	1.05891	0.95806	0.9984	0.61518	0.78662	1.8657	1.24044	0.61518	0.67568	1.22027	0.43365	1.50264	0.65552	1.21018	0.63535	1.2001	1.29086	0.70594	0.51433	0.75636	1.39171	0.82696	1.73459	1.21018	1.02865	0.71602	1.07908	0.92781	0.45382	1.10933	1.01857	1.36145	0.75636	1.49256	0.6656	0.7967	0.60509	1.27069	0.88747	0.72611	0.98832	0.89755	0.96815	1.02865	0.82696	1.14967	0.40339	1.90604	0.70594	1.19001	0.76645	1.1295	1.13959	0.54458	0.80679	0.76645	0.85721	0.81687	1.3312	0.54458	0.92781	0.57484	1.47239	0.81687	1.36145	0.96815	1.00849	1.21018	0.91772	0.7967	0.62526	0.89755	1.05891	0.57484	0.81687	0.87738	1.49256	1.08916	0.61518	0.50424	1.11942	1.2001	1.04882	1.39171	1.2001	0.7967	1.36145	1.35137	0.96815	1.2001	1.22027	0.63535	0.73619	0.43365	1.52281	1.45222	0.96815	1.09925	0.71602	0.76645	0.72611	0.68577	0.56475	1.04882	0.37314	0.35297	0.82696	1.4623	1.22027	0.57484	0.71602	0.63535	0.34288	1.03874	0.96815	0.76645	1.26061	1.1295	1.01857	1.2001	0.65552	1.70434	0.47399
cell38	1.06661	0.97854	1.13511	0.66541	1.01768	1.84945	0.76326	2.20172	1.73202	1.22318	1.79073	1.59502	1.51674	0.8709	0.95897	0.81219	1.02747	2.15279	1.30146	2.25065	1.56567	1.24275	0.76326	1.41889	1.11554	0.86112	1.88859	1.20361	2.16258	1.04704	0.96876	1.16447	1.29168	1.5461	1.23296	1.23296	0.86112	0.88069	2.02558	1.10575	1.19382	1.22318	0.88069	0.88069	1.44824	1.50696	2.28979	1.27211	0.73391	1.17425	1.71245	1.48739	1.13511	1.08618	1.37975	1.11554	1.4776	1.3406	1.09597	1.08618	1.89837	1.43846	0.66541	1.11554	1.22318	1.68309	1.37975	1.75159	2.51485	1.04704	1.44824	0.91004	1.60481	1.89837	0.99811	1.51674	2.12344	0.8709	1.1449	0.71434	1.11554	1.08618	0.95897	0.99811	1.01768	0.82198	0.74369	1.1449	1.17425	1.69288	1.11554	1.33082	1.30146	1.1449	1.13511	1.45803	1.17425	1.3406	0.98833	0.77305	2.03537	0.74369	1.50696	0.61648	0.86112	1.29168	1.32103	1.01768	1.12532	1.43846	1.35039	0.77305	0.81219	0.83176	1.35039	1.02747	1.36017	1.20361	1.51674	1.60481	0.73391	0.74369	0.81219	0.9394	1.97666	0.80241	0.88069	1.29168	1.53631	1.04704	0.72412	1.26232	1.35039	0.94919	0.98833	0.91004	0.85133	1.35039	0.9394	0.79262	1.21339	1.0764	1.19382	1.73202	1.15468	1.56567	1.4776	0.84155	1.06661	1.21339	1.09597	1.11554	1.4091	0.72412	0.71434	0.78283	1.35039	1.85923	1.30146	1.82009	0.52841	0.74369	1.88859	0.92962	0.61648	0.92962	0.96876	1.15468	0.91004	1.18404	0.43056	1.53631	2.16258	1.20361	0.77305	1.64395	0.72412	0.77305	0.99811	1.35039	0.74369	1.93751	1.39932	1.21339	1.09597	0.88069	0.96876	0.96876	1.05683	0.69477	2.72035	0.92962	0.79262	1.17425	1.10575	1.06661	1.41889	0.9394	1.84945	1.0079	1.69288	0.30335	1.3406	1.20361	0.95897	1.32103	1.0079	0.80241	1.29168	0.92962	1.4776	1.03726	1.10575	0.64584	1.70266	1.05683	0.97854	1.28189	1.74181	1.20361	0.91004	0.66541	1.82009	1.5461	0.96876	0.52841	1.75159	1.18404	1.39932	0.85133	1.30146	1.10575	0.68498	1.88859	1.18404	0.82198	0.86112	1.21339	1.38953	0.63605	1.0764	1.28189	1.11554	0.86112	0.8709	0.56755	0.72412	0.61648	0.61648	0.83176	0.56755	0.92962	0.78283	0.62627	0.74369	0.49906	0.84155	1.18404	0.91983	0.50884	0.66541	0.65562	0.69477	0.94919	0.9394	0.84155	0.81219	0.56755	0.66541	0.75348	0.74369	0.52841	0.62627	1.67331	0.6067	1.10575	0.85133	0.95897	0.69477	0.71434	0.61648	0.35228	0.50884	0.34249	0.45013	0.74369	0.79262	0.76326	0.63605	1.62438	0.85133	0.64584	0.38163	0.91004	0.69477	0.74369	0.86112	0.90026	0.72412	0.86112	0.56755	0.92962	0.71434	0.66541	0.75348	0.80241	0.56755	1.03726	0.47949	0.37185	0.51863	1.18404	0.6067	0.68498	0.56755	1.17425	0.3327	0.57734	0.67519	0.67519	0.62627	0.83176	1.10575	0.98833	0.49906	0.51863	0.88069	0.99811	0.74369	0.72412	0.79262	1.01768	0.73391	0.67519	1.26232	1.56567	0.58713	0.4012	1.08618	1.03726	1.13511	0.81219	0.65562	0.51863	0.88069	0.73391	0.61648	0.54798	0.57734	1.08618	0.39142	0.76326	0.78283	0.66541	0.81219	0.69477	0.69477	0.75348	0.52841	0.66541	0.68498	0.97854	0.63605	0.45013	0.77305	1.37975	0.72412	0.6067	0.71434	0.91004	1.28189	0.96876	0.41099	0.65562	0.59691	0.76326	0.45992	1.39932	1.18404	0.69477	0.74369	0.95897	0.63605	0.81219	0.72412	1.36996	0.64584	1.04704	1.09597	0.75348	0.21528	0.95897	0.55777	0.76326	1.19382	0.61648	1.21339	0.86112	0.54798	1.24275	0.47949	0.99811	1.59502	1.1449	1.03726	0.9394	0.52841	1.09597	0.88069	0.75348	0.72412	0.64584	0.85133	0.62627	0.68498	0.74369	0.95897	0.57734	0.51863	1.01768	1.16447	1.11554	0.91004	1.50696	0.96876	0.78283	0.32292	0.91004	0.63605	0.71434	1.38953	0.77305	0.34249	0.90026	1.0764	0.62627	0.64584	0.8709	0.54798	0.70455	1.13511	0.71434	0.94919	1.02747	0.90026	0.59691	0.71434	0.68498	0.78283	1.32103	0.47949	0.98833	0.70455	1.04704	1.15468	0.91983	0.66541	0.42077	0.96876	0.90026	1.23296	1.10575	1.10575	0.84155	0.41099	0.82198	0.6067	1.12532	0.41099	0.72412	0.75348	0.75348	1.43846	0.80241	0.83176	0.65562	0.74369	0.65562	0.96876	0.97854	0.82198	1.11554	0.89047	1.27211	1.18404	0.62627	0.78283	0.99811	0.58713	1.70266	1.12532	0.77305	0.35228	1.01768	1.0079	0.68498	0.49906	0.61648
cell39	1.23269	1.38093	1.7008	1.18588	0.81139	1.24049	1.14687	1.85684	1.20149	0.52272	1.2717	0.90501	0.99864	0.90501	1.15467	1.2639	2.31715	2.29374	1.41994	0.8348	1.07666	1.6774	1.92706	1.01424	2.44978	1.40433	0.53833	0.68656	1.24049	0.59294	1.65399	0.90501	1.91145	1.39653	0.8348	1.10786	0.92062	0.95963	1.14687	1.76322	0.95183	1.60718	0.80359	1.20149	0.81919	1.08446	0.47591	1.22489	2.04409	1.10786	1.10006	1.77882	1.03765	1.13907	0.91282	0.92062	0.99084	1.39653	1.23269	2.1065	0.76458	1.48235	1.93486	1.47455	0.74898	1.42774	1.44334	1.04545	1.97387	1.34192	2.34056	1.2483	0.51492	1.17808	0.51492	0.94402	0.91282	0.8582	0.68656	1.37313	0.96743	2.04409	1.08446	1.08446	1.50576	0.827	1.70861	0.88941	1.12347	1.31851	0.827	1.28731	0.62415	0.88161	1.95046	1.2639	1.54477	0.8348	0.66316	0.95963	0.92062	1.20149	1.52136	1.03765	1.15467	1.09226	1.10006	1.88805	1.16248	1.12347	1.07666	0.8426	1.36532	0.88941	1.46675	1.58378	0.91282	0.81919	1.11566	0.95183	0.92062	1.06885	1.31851	1.38093	0.90501	1.14687	2.0987	0.80359	0.86601	1.64619	1.17808	0.78019	1.13127	1.32631	1.58378	0.94402	1.66179	0.88161	1.36532	2.29374	0.71777	0.8582	0.54613	1.30291	1.36532	1.90365	0.62415	1.01424	1.31851	1.24049	1.23269	1.70861	1.10786	0.60074	0.73337	0.50712	1.13907	1.56037	1.6774	1.38873	1.86464	1.03765	1.45114	1.52136	1.53696	0.55393	2.48099	1.38093	1.02204	1.76322	1.50576	1.99727	1.45895	1.18588	0.70997	1.02204	1.13907	1.83344	1.41994	1.03765	0.95963	1.06105	1.34192	1.80223	0.78799	0.94402	0.64755	1.20149	0.86601	0.92842	1.13907	1.42774	1.35752	2.17672	1.31071	0.70997	1.75542	1.02984	0.8582	1.44334	1.83344	1.84124	1.74761	1.38873	1.2639	1.34972	0.99084	0.62415	1.73981	2.03628	1.32631	1.77882	0.8504	0.66316	0.90501	0.99084	1.12347	0.86601	0.87381	0.44471	1.61498	1.55257	1.21709	1.18588	1.28731	1.6774	1.30291	1.57597	0.98303	1.20149	1.08446	1.24049	1.59158	0.55393	0.8582	1.16248	0.64755	1.2795	1.56817	1.05325	1.64619	0.99084	1.7008	0.77238	0.95183	1.12347	0.70997	0.57734	1.10786	0.65536	1.18588	1.10006	0.92062	0.98303	0.70217	0.4369	0.71777	0.86601	0.88161	0.92062	0.63975	0.4213	1.2717	0.53833	0.95183	0.60074	0.70217	0.76458	0.61635	0.88161	0.63195	0.99084	0.62415	0.62415	0.95183	0.4135	0.64755	0.59294	0.81139	0.51492	1.45895	0.57734	1.46675	0.63975	0.51492	0.89721	1.03765	0.93622	0.56173	0.8426	0.67876	0.8582	1.51356	1.07666	0.8582	0.70997	0.71777	0.65536	0.55393	0.71777	1.22489	0.4291	0.70217	0.56954	0.60854	0.98303	0.8348	0.4057	0.49152	1.62279	0.95963	0.56954	0.8582	0.67876	0.76458	0.71777	0.62415	0.46031	0.4213	0.4369	0.64755	0.92842	0.62415	0.93622	0.92062	0.76458	0.56954	0.37449	1.04545	0.67876	0.34328	1.06885	1.03765	0.70217	0.58514	0.95963	0.8582	0.92062	1.35752	0.87381	0.51492	0.90501	1.12347	0.77238	0.93622	1.03765	0.78799	1.15467	0.8348	0.49152	1.31071	0.60854	0.37449	0.69436	0.70217	0.73337	0.62415	0.78799	0.73337	0.56954	0.49152	0.76458	0.51492	0.87381	0.67876	0.77238	0.70997	1.05325	1.39653	0.77238	0.68656	0.96743	0.37449	0.8426	0.99864	0.63195	0.74118	0.69436	0.8582	0.93622	0.96743	1.22489	0.89721	0.54613	0.35108	1.01424	0.99084	0.51492	0.79579	1.2561	0.95183	0.35108	0.69436	1.12347	0.72557	1.12347	0.46811	0.80359	0.69436	0.4135	0.69436	0.57734	0.74898	0.96743	0.8426	1.20929	0.60074	1.17028	0.87381	1.00644	0.56173	0.49932	0.74118	0.72557	0.89721	0.66316	0.73337	0.63975	0.89721	1.04545	0.73337	0.47591	0.76458	0.63975	0.62415	0.60854	1.03765	1.32631	0.75678	1.01424	0.90501	0.48371	0.98303	0.52272	0.81919	0.53833	0.77238	0.94402	0.60074	0.50712	0.65536	0.51492	0.63975	0.35889	0.81139	0.53053	0.72557	0.91282	0.65536	0.95963	0.8582	0.8348	1.49015	0.78799	0.93622	1.2795	0.71777	0.67096	1.06105	0.69436	0.65536	0.67876	1.29511	0.67096	0.88941	0.65536	0.95963	0.34328	0.35889	0.59294	1.28731	1.10786	0.54613	0.66316	0.96743	0.39789	0.92842	0.63975	0.56173	0.71777	0.99084	0.54613	0.66316	0.87381	0.91282	0.65536	0.88161	0.90501	0.61635	1.15467	0.77238	0.68656	0.34328	0.29647	0.39789	0.50712	1.13127	0.74898
cell40	1.39006	1.21526	1.84787	1.11538	2.35561	1.58983	1.63977	0.6659	1.60648	1.16532	1.04879	1.05711	1.07376	1.32347	0.95723	0.84902	2.41388	1.7896	1.68972	0.82405	1.60648	1.49827	1.25688	0.67422	1.11538	0.72416	1.00717	0.79908	1.25688	1.13203	1.43168	1.04879	0.77411	0.78243	0.61596	1.3318	1.34012	1.34844	0.96555	0.83237	1.09873	1.38174	1.13203	1.08208	1.3318	0.79075	1.25688	1.23191	1.67307	0.91561	0.79075	1.53156	1.19862	1.08208	1.17364	1.14035	1.04047	1.56486	0.8074	1.76463	1.50659	1.55654	2.17249	1.00717	1.48162	1.24023	1.34012	2.34729	0.92393	1.38174	1.19029	1.72301	0.74081	1.34844	1.59815	1.09041	0.90729	1.3318	1.69804	1.14035	1.4733	1.50659	0.62428	2.29735	1.68972	1.41503	1.53156	1.01549	1.27353	1.10706	1.37341	1.31515	1.04047	1.06544	1.19029	1.98937	1.44	1.60648	1.04047	1.28185	2.00602	1.34844	0.84902	1.09041	1.31515	1.35677	1.07376	1.51492	1.19862	1.45665	1.08208	0.90729	0.9822	0.68255	1.71469	1.53156	1.32347	1.48162	0.78243	1.59815	0.79075	0.58266	1.09873	1.04879	0.86567	1.55654	1.04047	0.38289	1.08208	0.72416	1.54821	0.95723	1.75631	1.13203	1.45665	0.97388	0.79075	1.32347	0.75746	2.1059	1.92278	1.72301	1.73133	1.38174	0.71584	1.24023	0.77411	1.23191	1.03214	1.49827	0.64093	0.77411	0.53272	1.41503	0.9489	1.54821	1.08208	0.72416	0.95723	1.22359	2.05596	1.41503	2.36394	0.8407	1.58983	1.4733	0.36624	0.60763	1.22359	0.58266	1.85619	1.52324	0.75746	1.03214	1.01549	1.08208	1.23191	1.73966	0.6326	1.19862	1.08208	1.19029	1.21526	0.87399	1.63977	0.8407	1.00717	0.69919	1.24856	1.18197	0.76578	1.05711	1.66474	1.54821	0.96555	1.14867	0.85734	1.92278	1.10706	1.57318	1.32347	1.8229	1.08208	1.00717	1.01549	0.56601	0.82405	0.94058	1.43168	0.9489	0.69087	1.27353	1.40671	1.67307	1.03214	1.24856	1.22359	0.95723	0.93226	1.25688	1.17364	0.60763	0.94058	0.64925	1.48995	1.34012	0.92393	1.34844	1.41503	1.13203	1.09873	2.1392	1.77295	1.3318	1.52324	1.28185	0.97388	1.30682	0.3496	1.50659	1.9311	0.6659	0.91561	1.18197	0.43283	0.50775	0.85734	1.04047	0.97388	0.70752	0.27468	0.54937	0.9489	1.54821	0.89896	0.69919	0.85734	0.71584	0.52439	0.47445	0.62428	0.64925	1.08208	0.89064	0.8074	0.9489	0.84902	0.89896	0.92393	0.76578	0.89896	0.89896	0.49942	0.77411	1.3318	0.69919	0.55769	0.48278	0.99052	0.4911	0.76578	0.59931	0.74081	0.71584	0.54937	1.09873	1.19029	0.9489	0.87399	0.95723	0.71584	0.81572	0.40786	0.93226	0.73249	0.57434	0.88231	0.52439	0.74081	0.9822	0.54104	0.4578	1.14035	0.97388	0.79075	1.09041	0.52439	0.76578	1.04879	0.58266	0.32463	0.54104	0.92393	0.91561	0.82405	0.95723	0.96555	0.86567	0.73249	1.09873	0.92393	1.62313	1.1237	1.19862	0.97388	0.67422	0.99052	1.06544	0.54937	0.8407	0.86567	0.3496	0.75746	0.55769	0.61596	0.3163	0.69919	0.69087	0.55769	0.79075	0.4911	0.42451	0.58266	0.39121	0.8074	0.65757	1.02382	1.02382	0.79908	0.54104	1.07376	0.48278	0.87399	0.69919	0.6326	0.59098	1.04879	0.86567	0.70752	0.99052	0.72416	1.06544	1.18197	0.95723	0.74081	1.00717	0.30798	0.89064	0.49942	1.13203	0.77411	0.68255	0.54937	0.64093	0.64925	1.24023	0.59931	0.35792	0.57434	0.59098	0.36624	0.70752	0.86567	0.79908	0.67422	0.74914	0.51607	0.97388	1.23191	0.83237	0.62428	0.68255	0.54937	1.68139	0.67422	0.81572	0.89896	1.34012	1.1237	0.76578	0.75746	0.87399	0.69919	0.32463	0.57434	0.40786	0.54104	1.10706	0.74914	1.10706	0.59931	0.74914	0.56601	0.70752	1.1237	1.19862	0.56601	1.17364	0.69087	1.31515	0.43283	0.74914	0.71584	1.02382	0.93226	1.157	0.74914	0.56601	0.73249	1.1237	0.32463	1.45665	1.09873	0.59931	1.24856	0.94058	0.61596	0.38289	0.74914	0.65757	0.76578	0.69087	0.59931	0.79908	0.60763	0.39954	0.84902	0.6326	1.04047	1.07376	1.24856	0.51607	0.72416	0.74081	0.79075	0.93226	1.00717	1.16532	0.68255	0.83237	0.61596	0.67422	1.24023	0.97388	0.84902	0.53272	0.49942	1.08208	0.8407	0.53272	0.65757	0.99052	1.44	0.88231	0.71584	0.93226	0.68255	0.70752	0.76578	1.02382	0.4578	0.76578	1.09873	1.17364	0.22474	0.49942	0.53272	0.56601	0.64925	0.32463	0.95723	0.90729	0.68255	0.49942	0.60763	0.67422	0.88231	0.51607
cell41	1.13536	1.10979	1.07911	1.00239	1.39619	0.75691	0.76714	1.64679	0.90522	1.05354	1.24788	1.15071	1.63145	1.74907	1.54962	1.60076	1.20185	1.52405	0.98194	0.94102	1.03308	0.62394	1.26322	1.8667	1.76442	1.4729	1.29391	0.95125	0.70065	1.65702	1.17116	1.45756	0.86942	1.12002	1.61099	1.03308	0.92568	1.67747	1.49847	1.22742	1.14559	1.37062	1.4371	0.85919	2.30141	0.82851	0.76714	0.94614	0.93591	0.54722	0.85408	1.59565	1.84624	1.24788	0.67508	1.01262	0.69554	1.32459	0.90011	1.85647	0.92056	0.84385	1.05354	0.80805	1.37062	1.69793	1.11491	1.12513	1.46268	1.15582	1.19162	0.80805	0.51654	1.51893	1.41665	1.72862	0.82851	1.53427	0.88477	0.79271	0.97682	1.13536	1.10979	1.15582	0.77225	1.69793	1.75419	0.90011	1.09956	0.83874	0.94102	1.42176	0.82851	1.18139	0.55234	0.86942	1.09445	1.23253	1.77464	1.4371	1.13025	0.61371	0.87965	1.04331	0.69554	0.75179	0.81828	0.55745	1.23765	1.51893	1.18651	1.91273	0.98705	1.17116	0.45517	1.52405	0.89499	0.88477	1.59565	0.76714	0.98194	1.31436	1.33993	1.73884	0.95636	0.91034	0.96659	1.01774	1.77976	1.5803	1.62633	1.00751	0.85408	1.31948	0.73134	1.07911	1.63656	1.25299	1.3655	1.30925	1.81556	1.81044	1.4729	0.68531	0.56768	0.76714	1.19673	2.09684	1.66725	0.97171	1.7235	0.76714	2.26561	1.78487	0.93079	1.01774	1.36039	1.8667	1.13025	0.68531	0.84897	1.20185	1.69793	0.68531	0.96659	1.41665	0.95125	0.95125	0.80294	0.49608	1.4729	1.57519	0.99216	1.20185	1.46268	0.88477	1.76442	0.76714	1.28368	1.87693	1.03308	1.99456	1.60587	0.84385	1.3297	1.03308	1.18139	1.09956	1.00239	1.71327	1.16605	0.85408	0.86942	1.20696	1.30413	0.67508	2.0815	1.29391	0.96659	0.93591	1.39108	1.26833	1.38596	1.01262	0.77225	0.91034	0.94102	1.95364	1.81556	1.48825	1.12002	1.25299	1.18651	0.96659	1.74396	1.20696	1.00751	1.51382	1.08934	1.12513	0.83362	0.65974	1.08934	1.05354	1.57007	1.06376	1.24788	1.08422	1.37062	1.00239	1.14559	0.93079	0.97682	1.03819	1.21208	1.04331	1.81556	1.38596	1.49847	1.03819	0.77737	1.15071	0.90522	1.42176	0.67508	0.78759	0.92568	0.358	0.60348	0.93079	1.19673	0.90522	0.77225	0.97682	0.94614	0.99728	0.61371	0.65462	0.52165	0.90011	0.68531	0.89499	0.71088	0.67508	0.76714	1.37062	1.37573	0.68531	0.95125	1.01774	0.84385	0.84897	1.03308	0.83362	0.85919	0.42448	0.87965	0.62905	0.95125	0.67508	0.41425	0.5728	0.6086	0.71599	0.74668	1.00239	1.05354	0.89499	0.79782	0.77737	0.71599	0.62905	0.61882	1.19162	0.72622	0.94614	0.88988	0.89499	0.5012	0.62905	0.49608	0.98194	0.86942	0.72622	0.72622	0.82851	0.57791	0.72622	1.04331	0.75179	0.67508	1.06376	0.68531	1.36039	0.95125	0.58302	0.55234	1.33482	0.85919	0.84385	0.88988	1.35528	0.5728	0.537	0.59325	0.67508	0.6802	0.79782	1.00239	0.58814	0.49608	0.68531	1.05354	0.69042	1.16093	1.31436	0.54722	0.96659	0.50631	0.43983	1.09956	0.92056	0.5012	0.65462	0.80294	1.44222	0.98194	0.83874	0.6802	1.22742	0.86942	1.32459	0.73134	0.3222	0.85919	0.85408	0.81828	0.39891	0.87454	1.03819	0.72622	1.09956	0.81317	0.92056	0.74668	0.60348	0.97682	0.68531	0.82339	1.13536	0.59837	0.59325	0.91545	0.4654	0.92568	0.61371	1.10979	0.85919	0.77225	1.27345	0.73134	0.49097	0.48074	0.52165	1.06888	0.77225	0.77737	0.62394	0.83362	0.59837	0.80805	0.23526	0.65974	1.19162	0.76714	0.85919	0.48074	0.65974	0.71088	0.82339	0.36311	0.51142	0.94614	0.82339	1.44733	0.69554	0.69554	0.65462	0.73134	0.6086	1.05865	0.66485	1.02796	1.14559	0.2506	1.45756	0.62394	0.96148	0.99728	1.08422	0.88477	0.63417	0.91034	0.89499	1.22742	0.50631	0.97171	0.91034	0.60348	1.88204	0.84897	0.71088	0.47051	1.03819	0.56257	1.12002	1.30413	1.15582	0.81828	0.75179	0.53188	0.83874	1.59565	0.537	0.5728	0.73134	0.87454	1.09956	0.358	0.73134	1.12002	1.18651	0.537	1.09445	0.38868	1.16093	0.54211	1.03308	1.18139	0.51142	0.55234	0.61882	0.68531	0.93079	1.08422	0.87965	0.6802	0.53188	1.33993	0.55234	0.45005	1.31948	1.02285	0.78759	0.96148	0.36311	0.58302	0.72111	0.84385	0.81828	0.6444	0.69554	0.6086	0.60348	0.62394	0.44494	0.94614	1.48825	0.73645	0.76714	1.04331	1.44222	1.22231	0.76202	0.3938	1.27345	0.56257	0.76714
cell42	1.33083	1.146	1.45098	1.17372	1.44174	0.80405	2.18109	1.44174	1.3678	1.04434	0.54527	0.74859	1.0813	0.78556	1.95928	1.16448	0.7948	1.21993	1.11827	1.32159	0.75784	1.52491	1.30311	1.16448	1.24766	1.17372	1.81141	0.82253	1.05358	1.46022	0.77632	1.17372	0.53603	1.29387	1.46022	1.24766	1.37704	1.70975	0.66542	0.76708	1.42325	1.11827	1.24766	1.07206	1.17372	1.07206	1.70051	1.05358	1.05358	0.59148	0.71163	1.24766	1.02585	0.76708	1.12751	1.16448	0.92419	1.6543	1.09054	1.12751	1.4325	0.95192	1.02585	0.72087	1.49719	0.88722	1.88535	1.17372	1.23842	1.00737	1.17372	1.31235	1.59885	1.60809	1.11827	0.82253	1.38629	0.88722	0.84101	1.21993	2.24578	1.27538	1.01661	1.02585	1.29387	0.98888	1.35856	1.40477	0.86874	1.17372	1.5434	1.3678	0.88722	0.71163	1.16448	1.09979	2.01474	1.73748	1.17372	1.34932	1.0813	0.54527	1.18296	0.70238	1.15524	1.12751	1.7652	1.31235	0.93343	1.58037	1.07206	1.39553	1.07206	0.60072	0.97964	0.84101	0.92419	0.88722	0.84101	0.81329	0.80405	0.87798	1.17372	0.81329	1.84838	1.09979	1.81141	1.52491	1.6543	1.40477	1.41401	1.39553	0.56376	2.09791	1.19221	0.77632	1.35856	0.85026	1.57112	0.95192	1.21069	1.05358	0.67466	1.51567	0.81329	1.18296	1.70975	0.96116	0.94267	1.18296	0.48058	0.9704	1.71899	0.92419	0.96116	0.78556	1.04434	1.27538	1.93156	0.98888	1.09979	1.01661	1.26614	1.58961	0.41589	1.0813	0.76708	0.82253	1.146	0.82253	1.64506	1.18296	1.28462	1.22917	1.48795	0.88722	0.573	1.2569	1.13675	0.86874	1.70051	0.82253	2.16261	1.03509	0.99813	1.02585	1.09979	0.98888	1.28462	0.84101	1.19221	1.46022	1.27538	1.4325	1.07206	1.0813	1.2569	0.8595	1.05358	1.23842	2.21806	1.11827	1.12751	0.85026	1.07206	1.46946	1.03509	1.13675	1.23842	1.24766	1.45098	0.93343	1.12751	0.70238	1.15524	1.53416	0.69314	1.34008	1.3678	1.40477	1.28462	1.41401	1.24766	0.99813	1.09979	2.29199	1.33083	1.59885	2.00549	1.85762	1.41401	1.19221	0.96116	0.49906	1.95004	1.00737	1.05358	0.84101	0.74859	1.20145	1.03509	2.19957	1.32159	0.64693	1.24766	0.83177	0.67466	0.75784	0.69314	0.86874	0.81329	0.91495	0.94267	1.02585	0.64693	0.78556	0.54527	0.96116	1.20145	0.60072	1.00737	0.89646	0.65618	0.55451	0.78556	1.02585	0.72087	0.96116	0.95192	0.6839	1.146	0.85026	0.90571	1.01661	0.88722	0.94267	0.94267	0.38816	0.82253	0.45285	1.31235	0.99813	1.09054	0.63769	1.19221	0.8595	1.06282	1.11827	1.13675	0.76708	0.75784	0.4621	0.81329	0.73935	1.24766	0.70238	0.88722	0.71163	1.146	0.56376	1.19221	0.4621	0.74859	0.59148	1.17372	1.16448	0.77632	0.60997	1.16448	0.573	0.99813	0.78556	1.0813	0.70238	0.85026	0.51755	0.71163	0.3974	0.76708	0.36968	1.04434	0.47134	1.18296	0.62845	0.99813	1.30311	0.6839	0.59148	1.04434	0.96116	0.42513	0.35119	1.07206	1.20145	0.71163	0.83177	0.59148	0.82253	0.90571	0.52679	1.01661	0.9704	0.72087	0.93343	0.29574	0.9704	0.41589	0.9704	1.0813	1.07206	0.65618	0.48058	0.60997	0.60072	0.92419	1.00737	0.38816	1.19221	0.60997	0.53603	0.45285	0.98888	0.7948	1.2569	0.70238	0.71163	0.91495	0.60997	0.84101	0.90571	0.71163	0.73935	0.7948	0.90571	1.23842	0.61921	0.42513	1.13675	0.71163	0.70238	0.43437	0.53603	0.86874	0.54527	0.73935	1.4787	1.16448	0.4621	1.03509	0.77632	0.84101	1.01661	0.86874	0.51755	0.99813	0.80405	1.19221	1.41401	0.86874	1.07206	0.72087	1.01661	0.6839	0.8595	0.93343	0.69314	0.7948	0.82253	0.76708	0.58224	0.92419	1.21993	0.90571	0.60072	0.95192	0.88722	1.13675	0.84101	0.78556	0.573	1.50643	0.89646	0.89646	0.78556	1.28462	0.81329	0.573	1.146	0.71163	0.64693	0.64693	0.9704	0.91495	0.77632	0.72087	0.67466	1.3678	1.12751	0.52679	0.24953	0.47134	0.58224	0.69314	1.33083	0.4621	0.92419	0.73011	0.56376	1.15524	0.70238	0.74859	0.66542	1.00737	1.02585	0.76708	1.58961	0.87798	0.53603	0.7948	0.98888	0.62845	0.88722	1.35856	0.60072	0.35119	0.81329	0.89646	0.62845	0.73935	0.5083	0.4621	0.55451	0.61921	1.13675	0.61921	0.67466	1.12751	0.82253	0.55451	1.01661	0.9704	0.55451	0.84101	0.87798	1.17372	1.73748	0.59148	0.7948	0.88722	1.21069	0.49906	0.7948	0.52679	0.48982	0.44361	0.93343	0.72087	0.35119
cell43	1.12992	1.06144	1.55222	0.9359	1.05003	1.47233	1.50657	1.07286	0.91307	0.84459	1.98593	0.856	0.92448	0.82176	1.38102	2.27126	1.64353	2.20278	1.51798	2.14572	0.84459	1.18699	0.55926	0.95872	2.51094	0.97014	1.09568	0.94731	1.20982	1.31254	0.7647	1.9631	2.02017	0.7647	0.9359	0.81035	1.51798	0.79894	0.84459	2.2142	0.89024	0.89024	0.81035	0.92448	2.02017	1.16416	1.38102	1.66635	1.03862	0.7647	0.99296	1.4495	1.18699	1.34678	0.77611	0.87883	0.86742	1.30113	1.06144	1.33537	0.60491	1.09568	1.07286	1.59787	0.75328	1.90603	1.18699	1.49515	0.75328	2.39681	0.81035	1.01579	0.77611	1.08427	0.71904	0.89024	1.06144	1.46091	1.35819	0.9359	0.95872	1.89462	1.03862	1.97451	1.30113	1.00438	1.70059	0.78752	1.17558	0.75328	0.63915	1.17558	0.77611	1.12992	1.36961	2.2142	2.24844	0.82176	1.34678	0.5935	1.98593	1.26689	0.75328	1.48374	1.11851	1.1071	1.26689	1.20982	0.856	1.26689	1.51798	0.95872	2.16854	1.15275	1.16416	1.01579	0.90166	1.39243	1.32395	0.9359	1.33537	1.51798	1.17558	1.39243	1.11851	0.7647	1.38102	1.43809	1.99734	1.31254	1.54081	0.5935	1.16416	1.65494	0.6848	1.75766	0.99296	1.70059	2.22561	0.5935	1.11851	0.69622	1.0272	1.55222	0.7647	1.88321	1.18699	1.7919	0.94731	0.70763	1.23265	1.1984	1.55222	0.77611	1.05003	2.2142	0.89024	0.84459	0.79894	1.23265	1.48374	1.17558	0.78752	0.91307	0.74187	1.15275	0.60491	1.26689	1.34678	0.69622	1.54081	1.0272	0.95872	0.83318	1.08427	0.79894	0.856	1.72342	1.32395	1.1071	1.42667	0.90166	1.40385	1.49515	0.81035	1.63211	0.5136	1.00438	1.11851	1.4495	0.5935	1.03862	0.91307	0.70763	1.23265	0.94731	0.44512	0.89024	1.86038	1.18699	1.42667	1.36961	1.07286	2.15713	1.34678	1.51798	1.38102	0.82176	1.09568	0.94731	1.88321	1.40385	1.32395	0.53643	1.12992	0.95872	1.65494	1.12992	1.00438	0.84459	1.2783	1.50657	1.05003	0.70763	0.83318	1.35819	1.56363	1.35819	0.97014	1.26689	1.06144	0.9359	1.32395	2.03158	1.25547	1.33537	1.18699	1.28971	1.40385	0.69622	1.54081	1.00438	2.23702	1.50657	0.92448	0.69622	0.5136	0.75328	0.43371	0.91307	0.73046	1.06144	0.82176	0.62774	0.53643	0.5935	0.74187	0.5935	1.0272	0.27392	0.49078	0.86742	0.82176	1.16416	0.98155	0.38805	0.81035	0.47936	0.46795	0.69622	1.00438	0.75328	0.856	0.73046	0.45654	0.62774	0.6848	0.74187	0.63915	0.67339	1.46091	1.35819	0.9359	1.18699	0.57067	1.18699	0.89024	0.46795	0.38805	0.94731	0.58208	0.50219	0.89024	0.33099	0.94731	0.856	0.91307	0.92448	0.53643	0.61632	0.53643	0.73046	0.82176	0.89024	0.92448	1.08427	1.22123	0.856	0.50219	0.53643	0.55926	0.87883	0.77611	0.89024	1.75766	0.47936	0.86742	0.6848	0.7647	0.5935	0.74187	0.82176	1.30113	0.52502	1.1071	0.57067	0.61632	0.69622	1.14134	0.38805	0.58208	1.17558	0.98155	0.79894	0.74187	0.75328	0.58208	0.66198	0.62774	0.95872	0.63915	0.67339	0.46795	0.856	0.70763	0.99296	1.24406	0.87883	0.94731	0.89024	1.75766	0.78752	0.54784	1.09568	0.46795	0.82176	1.16416	0.7647	0.45654	0.49078	0.856	1.31254	0.3424	0.6848	1.36961	0.73046	0.71904	1.0272	0.86742	1.0272	0.52502	0.66198	1.15275	0.856	0.54784	0.75328	0.9359	0.66198	0.82176	1.18699	0.65056	0.5935	0.70763	0.9359	0.95872	0.81035	0.55926	0.36523	1.0272	0.54784	0.79894	0.44512	0.47936	0.82176	0.81035	0.4223	0.63915	0.70763	1.41526	0.856	1.26689	0.94731	0.99296	0.7647	0.70763	0.63915	1.18699	0.52502	0.75328	0.3424	0.92448	0.81035	0.81035	0.84459	0.856	1.16416	0.74187	0.35381	0.52502	0.49078	0.73046	1.24406	0.63915	1.01579	0.65056	1.12992	0.54784	1.08427	0.856	0.90166	0.97014	0.81035	1.20982	0.90166	0.71904	0.856	0.37664	0.89024	0.81035	0.73046	1.26689	0.81035	1.05003	0.73046	0.87883	0.6848	0.71904	0.77611	0.98155	0.61632	0.73046	0.78752	0.47936	0.52502	0.5935	0.90166	0.61632	1.07286	0.89024	0.55926	0.98155	0.7647	0.856	0.52502	0.86742	1.23265	0.82176	1.12992	0.60491	0.73046	0.91307	0.9359	1.43809	1.32395	0.69622	0.67339	0.81035	0.70763	0.66198	0.5136	1.11851	0.63915	0.60491	0.67339	0.52502	0.78752	0.81035	0.74187	0.65056	0.81035	0.99296	0.54784	1.0272	1.22123	0.92448	1.06144	0.75328	0.58208
cell44	1.05109	0.90667	1.07516	1.72507	1.08318	1.16342	0.81841	1.32389	1.59669	0.88259	1.18749	1.8695	0.84248	1.58065	1.09121	1.18749	1.22761	1.77321	1.17144	1.26773	0.83445	1.33994	1.07516	0.81841	0.70608	0.60979	1.07516	0.42525	0.53758	0.93876	0.77829	1.05911	1.019	1.54855	0.89062	1.51646	1.09923	0.73015	0.76224	1.71705	1.17144	0.86655	1.45227	0.80236	1.2597	0.77829	0.94678	0.9869	1.40413	1.1233	0.46537	1.37203	1.1554	1.13935	1.60472	0.682	0.76224	0.70608	1.24366	1.52448	1.47634	0.32094	1.11528	1.08318	0.79434	1.44425	1.42017	1.019	1.18749	1.57262	1.49239	1.61274	1.701	1.38006	0.83445	1.49239	0.87457	0.89864	1.48436	1.19551	0.80236	1.2597	1.09923	1.62879	1.64484	1.28377	1.55658	1.33192	1.019	0.94678	1.05109	0.7141	0.86655	1.60472	1.25168	0.70608	0.79434	1.74112	1.65286	1.67693	0.73015	0.83445	1.38006	1.02702	1.19551	1.42017	1.58867	1.57262	1.57262	1.24366	0.99492	0.81038	1.00295	0.69003	1.95776	0.9869	0.89062	0.80236	1.42017	1.19551	0.53758	0.90667	1.51646	1.58065	1.76519	1.04307	1.45227	0.682	1.95776	2.1423	1.48436	1.55658	1.54053	0.86655	1.13935	2.01392	1.50041	1.19551	1.25168	0.72212	0.5777	0.89864	1.03504	1.4282	1.79728	1.07516	1.04307	0.682	0.79434	0.7141	0.90667	1.73309	1.13935	1.13133	0.78631	1.14737	1.24366	0.84248	0.4092	0.87457	0.38513	0.84248	0.77026	1.21156	0.77026	1.18749	1.5646	1.38006	1.1233	1.4282	1.55658	1.30784	1.73309	1.24366	1.51646	1.82135	0.86655	1.74112	1.65286	0.60177	1.35599	2.36696	1.68495	1.74112	0.682	1.38808	0.73015	1.701	0.80236	0.96283	1.66088	1.44425	1.50041	1.24366	1.1554	0.53758	2.0059	1.05911	1.25168	1.07516	1.57262	0.81841	0.682	1.16342	1.85345	1.11528	2.08613	1.22761	1.80531	0.93876	0.61782	1.43622	1.47634	1.17144	1.22761	1.17144	1.23563	1.50843	1.28377	0.88259	1.47634	1.1233	1.73309	1.47634	0.73817	1.64484	0.84248	1.71705	1.18749	1.61274	1.11528	0.97888	0.82643	1.05911	0.682	1.25168	1.58065	1.8374	1.98183	0.45734	0.91469	1.03504	1.5646	0.84248	0.4413	0.48944	0.64991	0.97888	0.49746	0.35304	1.07516	0.72212	0.70608	0.89062	0.50549	0.67398	0.87457	0.78631	0.88259	0.93876	0.91469	0.93074	1.1554	0.72212	0.52956	1.78124	0.63386	0.79434	0.85852	0.53758	0.85852	0.64991	0.7141	0.92271	1.46029	0.58572	0.65793	0.75422	0.84248	0.72212	0.66596	0.63386	1.00295	1.02702	0.70608	0.58572	0.97085	0.90667	0.41723	0.37711	0.52956	0.7141	0.76224	0.95481	0.70608	0.64189	1.43622	0.67398	0.69003	0.60177	0.77829	0.7141	0.53758	0.78631	0.73015	1.1554	0.48944	0.82643	0.75422	0.81841	0.7141	0.70608	0.94678	0.61782	1.61274	1.43622	0.66596	0.79434	0.7141	0.60177	0.52956	1.09121	0.80236	0.77026	0.99492	0.44932	0.29687	0.87457	1.05109	0.8505	1.00295	0.50549	1.30784	1.2918	1.33192	0.62584	1.33192	0.40118	1.33192	1.25168	0.9869	1.13133	0.38513	0.84248	0.60979	1.30784	1.2918	0.69003	0.36909	0.79434	1.06714	0.93876	0.8505	0.52153	0.55363	0.64189	0.74619	0.69003	0.73015	0.81841	0.5777	1.00295	1.04307	0.64991	0.69003	0.52153	0.69805	0.52153	0.64189	1.10726	0.64991	0.66596	1.16342	0.58572	0.74619	0.66596	0.48142	0.5777	0.64991	1.11528	0.682	0.77026	0.38513	0.64991	1.05911	1.23563	0.85852	1.02702	1.019	1.46029	0.73015	0.58572	0.59375	1.44425	0.55363	0.89864	0.97888	0.93876	0.77829	0.60177	0.97085	1.11528	0.80236	0.76224	1.31587	1.37203	0.60177	0.82643	0.66596	0.58572	0.80236	0.44932	0.49746	0.50549	1.20354	0.22466	0.5456	1.38006	1.13935	1.13133	1.00295	0.88259	0.64991	0.52956	0.74619	0.92271	0.55363	0.41723	0.48142	0.89062	1.05109	0.90667	0.75422	0.89864	0.8505	0.63386	0.69003	0.53758	0.77829	1.49239	1.11528	0.86655	0.70608	0.96283	0.51351	1.19551	0.78631	0.7141	0.60177	0.89864	0.96283	1.019	1.05109	0.93876	0.58572	0.63386	0.73015	0.50549	1.019	0.69805	0.73015	1.08318	0.8505	0.73015	0.58572	1.10726	1.22761	0.43327	1.11528	0.51351	0.88259	1.01097	1.09121	0.92271	0.45734	0.52956	0.59375	0.92271	0.9869	0.73817	1.01097	0.69003	0.74619	0.48142	0.81038	0.83445	0.60177	1.52448	1.04307	0.69003	0.45734	0.67398	1.02702	0.83445	1.00295	0.84248	0.92271	1.03504
cell45	1.11997	0.88336	1.69573	1.31715	1.04899	1.39602	1.38813	0.85969	0.88336	0.62308	1.26982	1.32503	0.81237	0.95434	1.20673	1.42757	0.77294	0.54421	1.1042	1.63263	1.08053	1.71939	1.01744	1.41968	1.00166	1.51433	0.82026	1.07265	1.19884	1.71939	2.11375	1.42757	1.42757	1.66418	1.08842	0.59942	1.09631	0.47323	0.93857	0.96223	0.88336	1.21461	1.13574	1.91657	0.63097	1.33292	1.7746	0.84392	2.67373	1.09631	1.03321	1.2225	1.45123	1.51433	0.67829	0.69407	0.97011	1.79037	0.70984	1.43545	0.7966	1.03321	0.81237	1.97966	0.87547	1.24616	1.66418	0.99378	1.91657	1.49855	1.30926	0.66252	0.58365	0.57576	0.7966	0.67829	1.19095	0.85181	0.88336	1.42757	1.00166	0.54421	0.99378	0.81237	1.80615	0.978	1.65629	1.49855	1.27771	1.84558	1.79826	0.55998	2.88668	1.97178	1.3487	0.99378	1.45912	1.18307	1.43545	0.70195	1.26194	2.04276	1.41179	0.92279	1.42757	0.89913	0.85181	1.62474	2.35036	1.23828	0.65463	1.35658	0.69407	1.16729	1.49066	1.49855	1.60108	1.18307	1.52221	1.15152	0.93857	0.74928	2.38191	0.64674	0.7966	0.69407	0.86758	1.8377	0.82026	1.09631	0.78871	0.65463	1.06476	1.467	0.76505	1.52221	0.66252	0.84392	0.69407	0.82026	0.68618	1.07265	1.36447	2.24783	1.69573	1.81404	0.58365	1.18307	1.11997	1.99544	1.08842	0.88336	1.0411	0.62308	1.80615	1.36447	1.09631	1.02532	1.49855	1.87713	0.77294	1.27771	1.15152	0.6704	1.18307	1.0411	1.90079	1.01744	1.80615	1.01744	1.19884	0.69407	1.79037	1.25405	0.74139	1.23828	0.94645	0.87547	0.99378	0.85969	1.51433	0.95434	1.56953	1.19884	0.89913	0.63097	0.93068	1.99544	0.85181	1.26982	1.24616	1.45912	1.26982	1.08842	0.72561	1.18307	1.60108	0.66252	1.08053	0.81237	1.35658	0.98589	1.08842	0.87547	0.89913	1.27771	1.73516	0.9149	1.65629	0.70984	1.29349	0.81237	0.26027	1.91657	1.00955	1.18307	0.55998	1.17518	1.41179	0.67829	1.5301	1.26982	1.36447	1.48278	1.3487	1.54587	1.58531	1.08053	0.52844	1.13574	0.96223	1.50644	1.53799	1.41179	0.978	1.38813	0.85181	0.68618	0.56787	1.35658	0.82026	1.26982	1.55376	1.21461	0.78082	0.93068	0.52844	0.54421	0.45745	0.64674	0.33126	0.51266	0.6704	0.978	0.45745	1.0411	1.25405	0.89913	1.30926	0.87547	0.82815	0.90702	0.62308	0.55998	0.60731	0.60731	1.32503	0.64674	0.4259	1.67207	0.90702	0.87547	0.7335	0.70195	0.78871	1.15941	1.21461	0.85969	0.75716	0.68618	0.59153	0.93068	0.71773	0.61519	0.85181	0.96223	0.89913	0.59153	1.27771	1.05687	0.49689	0.70195	0.81237	0.86758	0.48111	0.89913	0.90702	0.98589	0.89913	0.35492	0.41802	0.93068	0.51266	0.92279	0.52844	0.60731	0.72561	0.63097	0.59942	1.08053	0.85181	0.7966	1.15941	0.54421	0.65463	0.74139	1.07265	0.70195	0.76505	0.63097	1.07265	0.32337	1.15941	0.18929	1.06476	0.78871	0.6704	1.02532	0.71773	0.88336	0.90702	0.57576	0.40224	1.3487	0.5521	1.67995	0.9149	0.68618	0.7966	0.86758	0.6704	0.89124	0.78871	0.45745	0.7966	0.53632	0.96223	0.489	1.33292	0.70984	0.9149	0.71773	1.1042	1.14363	0.67829	0.41013	0.7335	0.82026	0.74928	0.70984	0.82815	0.65463	0.64674	0.96223	0.65463	1.54587	0.62308	1.09631	0.84392	1.06476	1.26194	0.71773	0.74139	0.77294	1.30137	1.23039	0.60731	0.6704	0.89124	0.58365	0.33126	0.95434	1.12786	0.6704	0.63097	0.99378	0.90702	0.9149	0.86758	0.50478	0.59942	0.70984	1.01744	0.85969	1.17518	0.78082	0.71773	0.85969	0.88336	0.59942	0.90702	0.57576	0.76505	0.46534	0.80449	1.29349	0.62308	0.69407	0.7966	0.75716	1.64841	0.7335	0.85969	1.11208	1.11997	1.19095	0.489	0.71773	0.87547	0.90702	1.0411	1.29349	0.96223	0.88336	0.49689	1.2225	0.71773	0.87547	0.48111	0.87547	1.35658	0.44957	0.93857	0.37069	0.62308	0.41013	1.01744	0.65463	0.70984	1.36447	0.84392	1.0411	0.95434	0.74928	0.5521	0.93857	1.21461	0.49689	1.04899	0.58365	0.78082	0.87547	0.44957	0.63886	1.05687	0.92279	0.78871	0.90702	0.85969	0.68618	0.72561	0.99378	0.68618	1.03321	0.52055	0.96223	1.14363	1.45912	0.96223	0.76505	0.84392	1.19884	0.92279	0.66252	0.59942	0.89124	1.24616	0.978	0.7966	0.77294	1.09631	1.24616	0.69407	0.5521	0.84392	1.43545	0.98589	0.63097	0.98589	0.93068	0.70195	0.89124	0.76505	0.37069	0.75716	0.71773	0.40224	0.59942
cell46	1.87832	0.87608	1.2125	0.99523	1.03728	1.28258	0.5677	0.37146	1.26156	1.36669	1.12839	0.806	1.31763	0.77095	0.83403	0.61676	0.65881	1.17045	1.26156	0.94617	0.84805	0.72189	1.39472	1.7031	0.60975	1.11438	1.14942	0.67984	0.82001	1.03027	0.71488	0.58873	1.05831	1.08634	1.03027	0.98822	1.2966	1.26156	0.95318	0.51163	0.82702	0.3224	1.05831	2.06755	0.79198	1.22651	1.07232	1.93439	0.93215	1.42276	2.17969	1.26156	0.58873	0.98121	1.10036	1.62601	2.00448	1.49985	1.87832	1.28959	2.27781	1.74516	0.98121	1.85028	1.41575	0.76394	1.77319	1.22651	1.41575	1.59797	0.91813	0.78497	2.57218	1.31062	1.97644	1.04429	1.02326	0.93215	1.00925	0.91813	1.51387	0.34342	0.42052	0.25932	0.41351	0.30838	0.57471	0.42052	0.51163	0.29436	1.14942	0.37146	0.75693	0.96719	0.813	1.24053	0.78497	1.16344	0.85506	0.44855	0.70087	0.96019	1.07232	1.04429	1.4578	0.53967	1.62601	0.5677	1.27558	1.00925	0.58172	0.56069	0.84104	0.59574	1.38771	0.76394	1.03027	1.49284	0.70087	1.01626	0.53967	1.04429	0.53266	1.31763	1.08634	1.14241	0.6518	1.49985	1.00224	1.41575	0.82702	1.19147	0.85506	1.05831	0.76394	0.73591	1.33865	0.59574	0.93916	0.77796	1.2966	0.61676	1.24754	0.39248	1.1354	0.65881	1.19848	1.33865	1.38071	1.12138	0.806	0.94617	1.45079	0.58172	1.12839	1.12839	1.05831	0.51163	0.6518	0.58172	1.00224	1.03728	1.60498	1.23352	0.96019	1.48583	0.70787	0.92514	0.75693	1.22651	0.94617	0.42753	0.4836	1.77319	1.11438	0.70087	1.46481	1.24053	0.89711	1.51387	1.18446	0.72189	0.69386	1.1354	0.813	1.27558	0.93916	1.30361	0.49061	1.19147	1.03027	0.4836	1.19848	0.85506	1.46481	1.27558	0.91813	1.07232	0.7289	1.1354	0.813	1.06532	1.22651	1.12138	0.79899	0.77796	0.86907	0.78497	0.5677	0.49761	1.19147	1.04429	1.0513	1.31763	1.21951	0.58873	0.95318	0.61676	1.83627	1.32464	1.12839	0.61676	1.24754	1.42276	0.51864	0.76394	1.39472	0.63779	0.89711	0.92514	0.93916	0.93916	1.10036	0.58873	0.79899	0.76394	1.14942	0.67283	1.11438	0.57471	1.19848	0.813	1.18446	1.01626	1.68208	0.29436	1.14942	1.79422	0.6518	1.35968	1.03728	1.28258	0.41351	0.73591	1.14241	1.05831	1.32464	1.08634	0.90412	0.65881	0.84104	0.92514	1.09335	0.63779	1.14942	1.00224	0.68685	1.47182	1.41575	0.71488	0.74993	0.88309	0.8901	1.18446	0.38548	0.69386	0.46257	0.91813	2.06755	1.47883	0.93916	0.94617	0.87608	0.6518	0.84805	1.31062	0.74292	0.86907	0.72189	1.14942	0.71488	0.72189	1.14241	0.94617	0.67283	0.806	1.00925	1.06532	1.0513	0.813	0.73591	1.59096	0.63078	1.42977	1.42276	1.12839	1.35968	1.26857	0.66582	1.16344	0.69386	0.63779	1.26857	0.49061	0.72189	0.91813	0.83403	0.88309	1.35968	0.93916	1.10737	1.26156	1.00925	1.09335	2.01148	0.98822	0.98121	0.58172	0.70087	1.25455	0.84805	1.11438	1.01626	0.8901	1.47182	0.91813	0.77095	0.74993	0.58172	0.813	1.08634	0.84104	0.74292	0.6518	0.57471	1.08634	0.58873	0.60975	1.7031	0.69386	1.18446	0.6518	0.46958	0.30838	1.1354	1.28959	0.98822	0.9742	0.87608	1.11438	0.67283	0.44855	0.52565	1.06532	0.75693	1.44378	1.34566	0.89711	0.8901	0.77796	0.7289	0.76394	1.18446	0.68685	1.45079	1.71712	1.60498	1.05831	0.7289	0.7289	0.93215	1.44378	1.23352	0.58873	1.01626	0.47659	0.72189	1.04429	0.59574	0.79198	1.40173	1.14942	0.63779	0.83403	0.806	1.10737	0.99523	0.90412	0.93215	0.82702	1.5419	1.28258	1.28258	1.08634	1.25455	1.17745	0.7289	1.08634	1.14942	1.40173	0.8901	0.88309	1.0513	0.76394	0.51864	0.82702	1.09335	1.12138	1.00224	1.04429	0.53266	1.07232	1.01626	1.24754	0.82001	1.07232	1.20549	1.16344	1.01626	0.50462	1.26156	1.05831	1.69609	0.83403	1.03728	0.92514	0.82702	1.12138	2.20773	0.74993	1.31763	0.53967	0.62377	0.91113	1.44378	1.08634	0.74292	0.53967	0.86907	0.6518	0.77095	0.4065	0.71488	0.60975	0.87608	1.62601	1.14942	1.26156	0.61676	1.61199	1.12839	1.18446	0.59574	0.92514	0.98121	0.94617	0.82702	1.16344	1.4578	1.08634	1.08634	1.51387	1.01626	0.84805	1.07232	1.01626	0.63779	0.72189	1.42276	0.79198	0.82702	1.74516	1.04429	1.17745	0.62377	0.5677	0.65881	0.86907	1.07933	0.83403	1.14241	0.70787	1.73815	1.15643	1.24754	0.66582	1.75216	0.39949
cell47	1.70695	0.70792	1.79958	1.13797	0.95933	0.65499	1.21075	1.51509	2.04437	1.14458	1.3563	1.22398	0.74762	1.32983	1.37615	1.32983	1.5217	0.89979	1.11812	1.6871	1.67387	1.15782	1.05858	1.43569	1.24383	1.20413	0.9858	1.07181	1.17766	1.1115	1.38938	1.19751	1.60771	0.79393	1.03873	1.77973	0.67484	0.81378	1.80619	1.34968	0.89979	1.00565	1.03873	0.99241	1.34968	1.396	0.78732	0.62853	0.62853	1.05196	1.32322	0.48959	1.30999	1.1115	1.3563	1.58786	0.82701	0.89979	1.13797	1.07842	2.16346	1.13797	2.20978	1.27691	0.84024	0.80055	0.89979	0.72777	1.27029	1.81281	0.64176	1.17766	1.75988	1.79296	0.51606	1.1909	2.30902	1.74003	0.7807	2.01129	1.02549	1.83266	1.40923	1.1909	1.67387	1.58125	1.13135	0.68807	0.80055	1.36953	1.66726	1.67387	0.60868	1.55478	1.42246	1.48201	1.50185	1.40261	0.91964	1.71357	2.35533	1.17105	0.89979	1.38938	0.80055	2.2627	1.05858	1.01888	1.47539	1.56801	1.53493	0.64838	1.15782	0.9461	1.74003	2.13038	1.01888	1.33645	1.3166	0.69469	1.27691	1.26367	0.86671	1.16443	0.97918	1.10489	1.17105	0.96595	1.84589	1.15782	0.64176	1.03873	0.64176	1.29014	1.57463	1.33645	0.69469	0.89317	1.29014	1.396	0.68146	0.87994	1.52832	1.30999	1.3166	1.02549	1.5217	0.64838	1.26367	1.58125	1.19751	0.86009	1.26367	0.80716	1.18428	1.01888	1.1512	0.8204	0.9858	2.88462	1.36292	0.8204	1.21736	1.36292	1.07181	0.89317	1.29675	1.8922	1.44892	1.08504	2.05099	1.46216	1.05196	0.76747	1.04534	1.27691	0.80716	0.76085	1.85912	1.42908	1.3166	1.8922	1.66064	1.13135	1.05196	0.59545	1.41584	1.27691	1.16443	1.53493	0.86009	1.10489	1.1115	1.03873	0.64838	1.32983	1.3563	1.7665	1.06519	1.37615	0.65499	1.08504	1.62094	0.78732	0.52929	0.97918	1.42246	1.95175	1.7665	0.72777	1.57463	1.32983	0.68146	1.72018	1.89882	0.70792	1.04534	0.97918	0.99241	1.68049	1.86574	1.44892	1.20413	1.62094	1.90544	0.72115	1.22398	0.63515	0.86009	0.82701	0.83363	0.79393	0.68146	1.13797	0.83363	1.1512	1.21075	0.71454	0.51606	0.93287	1.27691	1.7665	0.95272	0.64838	0.80716	0.48959	0.95933	0.64176	0.75423	0.84024	0.85348	0.76747	0.95272	0.33742	0.72115	0.47636	0.29772	0.52267	0.56237	1.62094	0.89979	1.10489	0.72115	0.95272	0.8204	0.71454	1.01888	0.81378	0.93949	0.36389	0.741	0.74762	0.86671	0.9461	1.36292	0.97918	0.9461	0.76085	1.09827	0.73439	0.5359	0.60206	0.60868	0.71454	0.75423	0.71454	0.49621	1.01226	0.97918	0.79393	0.66823	0.6153	0.95272	0.96595	0.89317	0.63515	0.76747	0.58883	0.5756	0.92625	0.84024	0.72777	0.42343	0.95933	0.37712	0.77408	0.87332	0.97918	1.04534	0.70792	0.68807	0.97918	1.01226	0.741	1.15782	0.79393	0.99241	1.03211	0.38373	1.06519	0.76747	0.9064	1.1909	0.62853	0.84686	0.93287	0.97918	1.40923	0.78732	0.58883	1.01226	1.45554	0.68146	1.07181	1.5217	1.03211	0.7807	0.9858	0.50282	0.75423	0.80716	0.88656	0.5359	0.62853	0.35727	0.56237	1.06519	0.76747	0.64838	0.83363	0.64838	1.13797	0.55575	0.65499	0.84024	1.07842	1.12474	0.77408	0.70131	0.55575	0.91964	0.92625	0.60868	0.39697	0.52929	0.65499	0.65499	0.43666	0.68146	0.91302	1.78635	0.35065	0.54914	1.29014	0.3705	0.5359	0.60868	0.89979	0.7807	0.9064	0.68146	0.68807	1.30999	0.68146	0.75423	0.66161	0.45651	0.68807	0.59545	0.67484	0.44989	0.77408	0.85348	0.51606	0.62191	0.48959	1.32322	1.29675	0.82701	0.37712	0.58222	1.04534	0.7807	1.07181	0.83363	1.48201	0.77408	1.30999	0.47636	0.51606	1.1512	0.97918	0.55575	0.43005	0.64838	0.31096	0.3308	1.14458	0.96595	0.64838	0.51606	1.29675	1.11812	0.91302	0.41681	0.71454	1.07181	0.72115	0.97257	0.50944	0.48959	0.87994	0.46974	0.93287	0.45651	1.24383	0.46974	0.72115	0.72777	1.27029	0.91964	0.65499	0.66823	0.46313	1.10489	0.84024	0.56898	0.92625	1.3166	0.68807	0.72115	0.84024	0.5359	0.51606	0.35065	0.97918	0.55575	0.74762	0.93287	0.80055	0.80055	0.9064	1.08504	0.71454	0.73439	0.95933	0.43666	0.50944	0.54914	0.42343	1.05858	1.03873	0.69469	0.75423	0.47636	0.3308	1.23059	0.63515	0.59545	0.58883	0.72777	0.50944	0.66161	0.50282	0.69469	0.31096	1.21075	1.29675	0.6153	0.43005	0.83363	1.23059	0.76085	1.32983	0.82701	0.74762	1.1512	1.28352
cell48	0.72397	0.86876	1.59273	0.96783	0.99832	1.49366	0.59442	0.91449	0.76207	1.0288	1.15073	0.73159	2.2786	1.72229	1.31839	1.05928	0.55631	1.05928	0.98308	1.12025	2.26336	1.15073	1.0288	0.71635	1.56987	1.19646	0.97545	0.74683	1.34887	1.02118	1.66894	0.77732	1.08214	1.8366	0.61728	1.45556	1.56225	0.76969	1.2498	0.73921	1.08977	0.663	1.29553	1.53177	1.44794	1.23456	1.31839	1.17359	1.45556	0.92973	1.18121	1.16597	1.32601	0.80018	0.80018	0.92211	1.56987	0.8459	1.05166	1.40984	1.18884	1.27266	0.79256	1.04404	1.46318	1.53939	1.3946	1.16597	1.05928	1.27266	1.32601	0.89163	0.93735	0.80018	1.19646	1.00594	1.52415	0.67062	0.64014	1.09739	0.99832	0.96021	1.79849	0.57156	1.6156	1.24218	1.31077	1.0288	1.86708	0.89163	1.68418	1.22694	1.38697	1.97377	1.63846	0.70873	1.05928	1.05166	0.89925	0.76969	1.37935	0.76207	0.86876	0.8459	0.77732	1.0669	0.89925	0.57918	0.96021	1.84422	0.96783	1.03642	1.29553	1.17359	0.71635	1.12025	1.56987	1.19646	1.70705	1.01356	0.96783	1.6918	0.97545	1.22694	1.12025	0.60966	1.59273	1.14311	1.27266	1.12787	1.02118	1.08214	1.54701	1.08977	1.01356	1.48604	1.32601	1.52415	1.38697	1.22694	1.03642	0.663	0.68587	0.64776	1.56987	0.96783	1.49366	1.25742	1.95853	1.04404	2.37005	1.12025	1.64608	2.37005	0.87638	0.91449	1.11263	0.83828	0.70111	1.08977	1.28028	1.85184	1.78325	2.38529	1.60798	1.31077	0.83066	0.8459	1.08977	1.28028	1.11263	1.21932	0.86114	0.80018	1.12025	1.42508	0.77732	0.64776	0.86114	1.48604	0.85352	1.2498	0.79256	1.55463	2.11857	0.93735	2.16429	0.57918	1.53939	1.35649	0.97545	2.24812	1.29553	0.89163	0.83066	0.80018	0.76207	1.05928	1.27266	1.48604	1.59273	1.23456	1.03642	0.92973	1.02118	1.56225	1.37935	0.93735	1.2498	1.38697	1.44794	0.93735	1.11263	0.94497	1.05166	1.34125	0.96021	1.36411	1.81374	1.93567	1.36411	0.72397	0.67825	1.35649	1.37173	1.60036	1.30315	0.76969	1.53177	0.81542	0.57156	1.35649	0.96783	1.16597	1.22694	1.12025	0.67825	0.70873	1.41746	0.74683	0.78494	1.63846	1.17359	1.00594	0.76207	0.61728	0.90687	1.05928	0.70873	0.54869	1.44794	1.02118	0.8459	0.70111	0.70873	0.75445	0.73921	0.65538	0.47249	0.73921	1.05928	1.05166	0.99832	0.98308	0.52583	0.81542	0.64776	0.64014	0.73921	0.70111	0.64014	0.96783	0.79256	0.74683	0.89163	0.52583	0.68587	0.81542	0.663	0.86114	0.50297	0.69349	1.21932	1.12787	0.69349	0.76207	0.8459	1.08214	0.31245	0.54107	0.69349	0.78494	0.72397	1.05928	0.96783	0.97545	0.80018	0.76969	1.15835	0.94497	0.93735	1.03642	1.08977	0.53345	0.50297	0.75445	0.75445	0.76207	0.50297	1.30315	0.88401	1.24218	0.89163	0.55631	0.51821	0.85352	0.57156	0.80018	0.57918	1.22694	0.90687	1.01356	1.05928	0.70111	0.72397	0.71635	1.47842	0.8078	0.71635	0.70873	0.93735	0.6249	1.14311	0.65538	0.83828	0.663	0.68587	0.92211	0.87638	0.59442	1.12787	0.90687	0.48011	1.09739	0.6249	0.79256	0.99832	0.41914	0.69349	1.00594	0.5868	1.07452	0.91449	0.74683	0.80018	0.68587	0.85352	1.31839	0.91449	0.87638	0.92211	0.72397	0.45724	0.81542	0.442	0.74683	1.0669	1.42508	0.41152	1.09739	0.663	0.93735	0.92211	0.71635	0.49535	0.56393	1.16597	0.35055	0.69349	1.0669	0.70111	0.81542	0.83066	1.29553	1.03642	0.60966	1.12787	0.87638	0.63252	0.59442	0.61728	1.12787	0.51059	0.90687	1.20408	1.00594	0.73159	0.68587	0.86114	1.16597	0.61728	1.2879	0.67825	1.3946	0.89163	0.8078	1.07452	1.10501	1.2498	0.53345	0.69349	1.01356	0.54107	1.03642	0.54869	0.48773	1.23456	0.67062	0.44962	1.01356	0.68587	1.27266	0.76969	0.80018	0.90687	0.70873	0.67825	1.10501	0.50297	1.08977	1.21932	0.41914	0.76969	1.02118	0.68587	1.62322	0.70873	0.65538	0.91449	0.74683	0.3658	0.78494	1.05928	1.30315	1.46318	0.83066	0.97545	0.79256	1.05166	0.69349	0.79256	0.57156	0.92973	1.0669	0.79256	1.10501	0.89163	0.86114	0.663	0.85352	0.96021	0.63252	0.81542	0.35055	0.90687	0.60204	1.47842	1.0669	0.55631	0.65538	0.70111	0.48773	0.48773	1.11263	0.73159	0.65538	0.63252	0.79256	0.6249	0.70873	0.42676	0.663	1.03642	0.65538	0.76969	1.13549	0.76207	1.19646	1.0288	1.10501	0.89925	0.95259	0.6249	0.94497	0.71635	0.96021	0.87638	0.59442
cell49	1.23717	0.77458	0.60783	1.21028	0.96822	1.5115	0.94671	1.7697	0.64548	0.89292	1.07042	1.18876	2.06016	0.83375	1.2049	0.79609	0.8714	1.05429	1.2049	1.19952	1.28558	0.91981	1.54916	0.48949	1.37165	0.40881	0.64548	1.64598	1.47923	1.54916	0.62934	1.11884	0.95209	1.5115	1.30172	1.11884	1.42006	1.37703	0.90905	1.19414	1.01663	0.90367	1.22104	1.35551	1.30172	0.48949	1.09732	0.84451	0.77458	1.03277	2.2054	1.33937	0.73693	1.18338	0.80147	0.85526	1.28558	2.17312	1.19414	1.4093	1.35013	1.85576	1.79121	1.13497	0.53252	1.63522	0.96822	1.24793	1.4093	1.79121	1.86114	0.71003	1.34475	1.96334	1.24255	1.21028	2.06554	0.42494	1.32862	0.7423	1.03815	0.84988	2.17312	0.75844	1.4362	1.15111	1.33937	1.53302	1.03815	1.05429	0.58631	0.9736	1.19952	1.32324	1.0005	1.76432	1.37703	0.95746	1.36627	1.50075	1.01663	1.64598	1.15649	0.90905	1.39854	1.55991	0.62397	0.95746	1.14035	0.81761	1.90417	1.04353	0.81761	0.92519	0.94133	0.90905	2.02789	1.75356	0.80147	1.06505	0.82299	0.78534	1.09732	0.79609	1.42006	1.24793	2.41518	1.10808	1.72128	1.33937	1.334	0.84451	1.09732	1.26407	0.95746	1.05967	1.26407	1.48461	1.09732	1.19952	1.66749	0.88216	1.73204	1.71591	1.09732	0.71003	1.57067	1.37703	0.46797	0.73155	1.80197	1.26407	1.0758	0.84451	1.6137	0.94133	1.02739	1.58681	1.45233	1.57067	1.24255	1.65674	1.16725	1.10808	0.95209	1.50075	2.30222	1.28021	0.95746	1.21566	1.36627	0.89292	1.48461	1.32862	0.8714	1.12421	1.15649	1.09194	0.89292	1.3071	1.05429	1.65674	1.04891	1.10808	1.54916	0.96284	0.68851	1.24255	2.45283	1.16725	1.36627	1.3071	1.53302	0.98436	0.86064	0.72079	1.67287	0.667	1.70515	0.98974	0.96822	1.2049	0.86064	0.81223	2.03327	1.01125	1.39316	1.46309	1.44158	1.58143	1.5115	1.60295	1.44158	1.15111	0.98974	1.13497	1.07042	1.44696	0.92519	1.53302	1.37703	1.35551	1.51688	1.24793	0.98436	1.14573	1.11884	1.11884	1.334	0.89292	1.10808	0.88754	1.22642	1.28021	1.79659	1.25869	0.7692	0.76382	1.86652	0.88216	1.01663	0.76382	1.4362	1.24793	0.43032	0.54328	0.41418	0.92519	0.96822	0.54866	0.7692	0.95746	1.178	0.7692	1.12421	0.2044	0.90905	1.02739	0.73155	0.83375	0.66162	0.77996	1.09194	0.54866	0.69389	0.83913	0.80147	0.69927	0.93057	0.91981	0.87678	0.59169	1.21566	1.03277	0.89292	0.83913	0.61321	0.39805	0.69927	0.48949	0.91981	1.28021	0.63472	1.12421	0.94133	0.68313	0.67238	1.03815	0.53252	0.90905	0.57555	0.73155	0.54866	0.5648	1.0758	0.59707	0.4357	0.93057	0.85526	0.8714	0.51101	0.77996	0.7692	0.87678	0.86064	0.667	0.54866	0.64548	1.06505	0.67238	0.84451	0.86064	0.37653	0.64548	0.88754	0.44108	0.67238	0.4357	0.82299	0.44108	1.16725	0.85526	0.89292	1.09194	0.26357	0.52176	0.70465	0.36039	0.71541	1.06505	0.58093	0.667	0.66162	1.334	0.96822	0.79072	0.80147	1.43082	0.88216	0.60783	1.22642	0.67238	0.72079	1.36627	0.88216	0.62397	0.48411	1.01125	0.81761	1.08118	0.98974	0.50563	0.65624	0.47873	0.82837	1.03815	0.5648	0.89292	0.84988	0.80685	0.54328	0.80147	0.66162	1.16187	1.15111	0.79072	0.62934	0.54328	0.57018	0.82299	0.98974	0.54328	0.98436	0.67238	0.70465	0.36577	0.54866	0.9736	1.23179	0.60245	0.58631	0.81761	0.54866	1.04891	0.60783	0.76382	0.77996	0.53252	0.47873	0.93595	1.07042	0.65086	0.77996	0.87678	1.41468	0.93595	0.84451	1.10808	1.19952	0.6401	0.82837	0.83913	0.40343	0.85526	2.13009	0.67776	0.59169	1.38779	1.35551	0.83375	0.59169	0.93057	1.07042	0.25819	1.24793	0.70465	0.29585	0.83375	0.4357	0.73155	0.67776	0.48411	1.13497	0.86602	0.50563	1.19414	0.97898	0.8714	0.91443	0.83913	0.60783	1.16187	0.4357	0.60245	0.67776	0.87678	0.78534	0.55404	1.52226	0.8714	0.69927	1.27483	1.27483	0.7692	1.01125	0.84451	0.74768	0.73693	0.60783	0.78534	0.60783	0.7692	0.48411	1.07042	1.06505	0.59707	0.41956	0.86602	0.83375	0.7423	0.94133	0.69927	0.75306	0.82837	0.67238	0.73155	1.11346	0.95209	0.87678	0.82837	0.75844	0.46797	0.48949	0.62397	0.82837	0.54866	0.89292	0.74768	1.05429	0.68851	1.04891	1.00588	1.21566	0.73155	1.25331	0.82299	0.57555	0.72617	0.60783	0.53252	0.84451	1.12421	0.88754	0.62934	0.44108	0.7692	0.81761	0.5379
cell50	1.39951	1.6723	1.15044	1.42323	1.01998	2.33647	1.32835	0.61673	0.77092	1.26905	1.43509	0.91324	0.66417	0.61673	0.75906	1.98066	0.81836	1.13858	0.56929	0.60487	0.93696	0.97254	1.7909	1.23347	1.45881	1.45881	1.0437	1.03184	0.99626	1.09114	1.07928	0.65231	1.77904	1.63671	1.61299	1.43509	0.94882	0.94882	1.83834	0.56929	1.63671	0.71161	1.0437	1.76718	1.44695	0.65231	2.15857	1.26905	0.8065	1.30463	1.28091	1.17416	2.20601	0.88952	1.35207	1.6723	1.41137	0.96068	1.03184	0.75906	1.30463	1.07928	0.71161	1.23347	0.8065	1.26905	1.57741	1.69602	0.87766	1.19789	1.50625	1.06742	1.74346	0.91324	1.64857	0.75906	1.06742	1.01998	1.41137	1.03184	1.18602	1.70788	1.25719	0.79464	1.31649	0.72348	1.93322	1.12672	1.34021	1.60113	1.17416	0.84208	1.51811	1.20975	0.78278	2.52623	1.37579	0.81836	1.05556	1.61299	0.91324	1.38765	1.05556	1.28091	0.64045	1.32835	0.93696	1.31649	1.13858	0.79464	1.28091	0.93696	1.0437	1.50625	1.26905	1.38765	0.96068	1.86206	1.94508	0.77092	0.66417	2.0874	1.17416	0.8658	0.79464	1.75532	0.73534	0.41511	1.35207	2.25345	1.51811	0.9251	0.84208	1.103	1.70788	1.28091	0.55743	1.03184	1.15044	1.23347	1.24533	1.44695	1.60113	0.90138	1.25719	1.29277	1.23347	1.05556	1.52997	1.49439	0.84208	1.23347	1.28091	1.12672	0.8658	0.69975	1.51811	1.18602	0.75906	0.66417	1.9688	1.83834	0.91324	1.35207	1.1623	0.71161	1.63671	1.103	0.94882	0.69975	1.17416	1.57741	0.8065	1.01998	0.8658	1.12672	1.32835	1.11486	1.38765	0.99626	1.06742	1.70788	1.62485	0.59301	0.71161	1.05556	0.99626	1.92136	2.01624	0.9251	0.96068	0.99626	0.60487	1.32835	0.99626	0.81836	1.19789	1.45881	1.18602	1.51811	0.83022	1.61299	0.8658	0.91324	0.84208	1.09114	1.103	0.75906	0.96068	0.65231	1.32835	1.30463	0.88952	1.87392	1.38765	1.17416	1.11486	1.1623	1.11486	1.61299	1.7316	0.8658	1.23347	0.69975	1.15044	1.38765	1.38765	1.80276	1.07928	1.60113	1.22161	1.81462	0.8658	1.18602	1.30463	1.41137	1.36393	1.24533	0.7472	0.8065	1.98066	0.90138	1.32835	0.85394	0.9844	0.59301	0.49813	0.71161	1.31649	0.62859	1.22161	0.46255	0.52185	0.47441	0.8065	1.0437	0.96068	0.58115	0.94882	0.8658	0.68789	1.07928	0.83022	1.07928	0.40325	0.84208	0.59301	0.79464	0.75906	0.91324	0.53371	1.09114	1.32835	1.03184	0.69975	0.78278	0.84208	1.05556	0.8658	0.41511	0.67603	0.58115	0.75906	1.103	0.58115	0.73534	0.50999	0.52185	2.15857	1.24533	0.75906	1.13858	0.9251	0.8658	0.88952	0.60487	0.50999	0.61673	0.93696	0.58115	0.83022	1.20975	0.87766	0.45069	0.71161	0.91324	1.1623	0.79464	0.67603	0.91324	0.79464	0.77092	1.74346	0.88952	0.40325	0.78278	0.52185	0.64045	0.9251	0.36767	1.45881	0.42697	0.61673	0.62859	0.67603	0.55743	0.97254	0.90138	0.58115	0.60487	0.61673	0.73534	0.55743	0.75906	1.26905	1.25719	0.64045	0.69975	1.0437	0.8658	1.26905	0.97254	1.00812	1.23347	0.55743	0.8065	0.48627	1.103	1.09114	0.83022	0.69975	1.1623	0.52185	0.72348	0.91324	1.01998	0.78278	0.77092	1.0437	0.72348	0.73534	0.7472	0.77092	0.7472	1.49439	1.28091	0.69975	0.18976	0.78278	0.59301	0.73534	0.18976	1.32835	0.78278	1.38765	0.71161	1.15044	0.36767	0.7472	0.49813	1.103	0.72348	1.11486	1.31649	1.1623	0.42697	0.54557	0.58115	0.83022	0.9251	1.26905	0.85394	0.61673	0.45069	1.00812	0.59301	1.30463	1.01998	1.05556	0.46255	0.8658	0.45069	0.99626	0.45069	0.46255	0.67603	0.55743	1.70788	0.64045	0.55743	0.59301	0.8658	0.8065	0.60487	0.9251	0.96068	0.40325	1.57741	0.27279	0.62859	0.73534	0.66417	0.69975	1.0437	0.81836	0.8658	0.53371	0.54557	0.54557	1.07928	0.53371	0.52185	0.85394	0.56929	0.55743	0.71161	1.38765	0.9251	0.68789	0.48627	0.72348	1.25719	0.73534	1.15044	0.37953	1.15044	0.88952	0.65231	0.50999	1.43509	0.77092	0.71161	0.75906	0.68789	0.62859	1.0437	0.50999	0.93696	0.62859	1.51811	1.01998	0.71161	0.81836	0.83022	0.81836	0.67603	0.75906	0.27279	0.47441	0.81836	0.84208	0.62859	0.36767	0.40325	0.35581	0.93696	1.47067	0.62859	0.35581	0.67603	1.00812	0.88952	0.43883	0.88952	1.81462	1.05556	0.97254	0.7472	0.79464	0.73534	0.56929	0.58115	0.8065	0.81836	0.97254	0.66417	0.93696	0.59301
cell51	1.36553	0.69772	1.23595	1.06651	1.12631	0.95687	0.99674	0.86716	1.53498	0.92697	1.24592	0.89706	1.39543	0.9768	1.11635	1.57485	1.84396	1.23595	2.66129	0.60801	0.32892	1.10638	0.86716	0.62794	0.86716	2.47191	1.26586	0.87713	1.38547	1.27582	0.78742	1.79413	2.17289	1.39543	0.93693	0.93693	1.45524	0.87713	1.48514	1.12631	1.52501	1.4054	1.15622	1.17615	1.05654	2.04331	1.12631	1.07648	0.50834	1.08644	1.39543	0.92697	1.10638	1.18612	0.67778	0.50834	1.03661	1.19609	1.41537	0.83726	0.96684	1.41537	1.58481	1.77419	0.95687	1.04657	1.42533	1.79413	1.44527	2.05328	1.18612	1.16618	1.22599	0.90703	1.62468	0.85719	2.43204	1.31569	1.17615	0.99674	0.917	1.13628	1.36553	1.03661	0.9768	1.13628	1.19609	1.61471	1.23595	0.8871	1.94364	1.27582	1.3456	0.77746	0.70768	1.4652	0.79739	1.24592	1.69445	1.3456	1.51504	1.27582	1.4353	1.64462	0.79739	0.74755	1.26586	1.29576	1.05654	0.89706	2.11308	0.8871	1.25589	1.44527	1.21602	1.10638	0.95687	1.16618	0.87713	0.81732	1.63465	1.04657	1.4054	1.27582	1.76423	1.56488	1.38547	0.80736	0.77746	1.53498	1.88383	1.31569	0.72762	0.96684	1.28579	1.41537	1.4652	0.9469	1.25589	0.99674	1.13628	1.41537	1.15622	0.72762	0.72762	1.18612	1.11635	1.4054	1.02664	1.51504	0.68775	0.8871	1.49511	2.04331	0.68775	0.89706	2.17289	0.4884	2.3224	1.25589	0.76749	1.95361	1.24592	1.99348	1.01667	0.80736	1.3755	1.47517	1.26586	1.20605	0.89706	1.62468	1.31569	1.25589	0.9469	0.74755	0.917	1.26586	1.55491	1.45524	1.05654	1.16618	1.25589	1.0067	1.65458	1.25589	1.72436	0.89706	1.14625	0.98677	0.87713	1.45524	0.92697	1.07648	1.29576	0.40866	1.05654	0.73759	1.29576	1.05654	0.95687	0.77746	1.73432	0.30899	1.09641	1.25589	1.73432	1.84396	0.75752	1.07648	1.08644	1.15622	1.47517	2.55165	0.69772	1.4054	1.35556	1.51504	0.9768	1.07648	1.61471	2.01341	1.48514	0.61798	1.22599	1.22599	2.22272	1.20605	1.4353	0.917	0.96684	1.3755	1.15622	0.85719	1.28579	0.56814	1.91374	1.57485	1.18612	1.11635	0.95687	0.82729	1.4353	0.917	0.54821	0.93693	1.27582	0.73759	1.4652	1.01667	0.82729	0.5183	0.46847	0.50834	0.68775	0.9469	0.26912	0.64788	1.10638	0.60801	0.63791	0.56814	1.13628	0.44853	1.20605	0.60801	0.4585	0.34886	0.4585	0.84723	0.76749	0.70768	0.71765	0.43856	0.60801	0.66781	1.06651	1.0067	1.30573	0.57811	1.04657	0.75752	0.30899	0.80736	0.87713	0.67778	0.53824	0.90703	0.34886	0.61798	0.77746	0.87713	1.11635	0.86716	0.78742	1.02664	0.73759	0.5183	0.8871	1.27582	0.46847	0.81732	0.72762	0.92697	0.83726	0.72762	0.75752	0.71765	0.80736	0.80736	0.9469	0.74755	1.04657	0.917	0.67778	0.67778	0.59804	0.64788	0.8871	0.56814	0.53824	1.11635	0.70768	0.95687	0.61798	0.85719	1.14625	0.70768	0.76749	0.53824	0.73759	1.62468	0.79739	0.9469	0.49837	0.9469	0.8871	0.62794	1.27582	0.83726	0.55817	0.33889	0.59804	0.74755	0.56814	0.60801	0.72762	0.37876	1.12631	0.52827	0.93693	0.83726	1.25589	0.98677	0.9469	0.62794	0.37876	0.54821	1.20605	0.73759	0.5183	0.96684	1.12631	0.70768	0.74755	0.98677	0.65785	1.28579	0.40866	0.58808	0.46847	0.62794	0.90703	1.02664	1.0067	0.50834	1.04657	1.0067	1.08644	0.79739	0.85719	0.87713	0.65785	0.65785	0.50834	0.8871	0.96684	0.80736	0.36879	0.64788	0.81732	1.07648	1.15622	0.93693	0.67778	0.53824	0.4884	1.33563	0.58808	0.64788	0.77746	0.84723	0.84723	0.59804	0.85719	0.78742	0.62794	0.99674	0.56814	0.85719	0.41863	0.64788	0.78742	1.09641	0.917	0.72762	1.03661	0.67778	0.13954	0.99674	0.89706	0.52827	0.917	0.74755	1.49511	0.85719	0.72762	0.82729	0.5183	1.08644	1.16618	1.14625	0.44853	1.12631	0.9768	0.92697	0.86716	0.75752	0.66781	0.74755	0.22925	0.80736	0.69772	0.73759	0.72762	1.41537	0.30899	0.68775	0.53824	0.56814	0.44853	0.89706	0.92697	0.67778	0.64788	0.89706	0.79739	0.75752	0.81732	0.76749	2.06325	0.98677	0.9469	0.99674	0.49837	0.917	0.37876	1.05654	0.38873	0.73759	0.4585	1.20605	1.14625	1.17615	0.86716	0.85719	0.96684	0.93693	0.95687	0.50834	0.84723	0.52827	0.64788	1.31569	0.89706	0.5183	0.69772	0.8871	0.77746	0.47843	0.43856	1.0067	1.0067	0.65785	0.77746	0.40866	0.43856	0.43856
cell52	0.49748	1.90923	0.69915	0.94117	1.08907	1.23697	1.07562	1.35797	0.69915	1.19663	0.87394	0.45714	0.8605	1.37142	0.99495	0.96806	0.57815	1.55965	1.38486	1.93612	0.44369	0.88739	0.8605	0.84705	1.26386	1.23697	0.94117	0.99495	0.76638	0.92772	0.94117	0.91428	0.72605	0.49748	1.46554	1.08907	1.14285	1.10251	0.52437	2.00335	1.07562	0.99495	0.67226	0.75294	1.23697	1.07562	1.04873	1.33108	1.39831	0.43025	1.22352	1.54621	1.51932	1.34453	1.45209	1.15629	1.721	0.48403	1.31764	1.15629	1.9899	2.1378	2.68906	1.23697	1.10251	0.7126	0.90083	1.41176	1.33108	1.19663	3.80502	1.47898	1.5731	2.1378	1.15629	0.8605	1.23697	1.26386	1.54621	1.82856	1.53276	0.60504	0.60504	0.53781	0.0	0.0	0.0	0.4168	0.53781	0.73949	0.76638	0.8605	1.33108	1.06218	0.96806	0.82016	0.92772	1.59999	0.96806	0.51092	0.75294	0.82016	0.57815	0.75294	0.82016	0.94117	1.29075	0.55126	0.84705	0.91428	1.14285	1.08907	1.15629	1.96301	0.79327	0.80672	0.60504	0.96806	0.60504	0.79327	0.40336	0.91428	1.74789	1.46554	1.55965	0.68571	1.30419	0.84705	1.39831	0.87394	1.34453	1.26386	0.38991	1.37142	0.83361	1.04873	0.76638	0.96806	1.86889	1.0084	1.18319	0.61848	0.79327	1.33108	0.79327	0.87394	1.59999	0.83361	0.55126	0.96806	0.82016	0.99495	1.10251	1.15629	1.26386	1.4252	0.92772	0.75294	0.79327	0.95462	0.57815	1.41176	1.29075	0.95462	0.73949	1.29075	1.38486	0.92772	0.87394	1.16974	1.06218	1.06218	1.50587	0.2958	0.65882	1.78822	0.59159	1.14285	0.43025	0.60504	0.8605	1.31764	1.49243	1.5731	0.49748	0.55126	1.10251	0.80672	0.84705	1.14285	0.65882	1.35797	0.82016	0.7126	0.91428	1.29075	1.1294	1.25041	0.84705	0.79327	0.48403	1.77478	1.38486	1.39831	1.19663	1.54621	0.40336	1.43865	0.64537	0.60504	1.34453	1.22352	1.47898	0.80672	1.64033	0.34958	0.69915	0.43025	0.52437	0.75294	0.7126	1.46554	0.32269	0.84705	0.79327	1.70755	1.33108	2.47393	0.84705	1.49243	1.11596	0.92772	0.69915	0.76638	0.64537	0.87394	1.19663	0.61848	0.34958	0.77983	0.73949	0.88739	1.18319	0.43025	1.49243	1.04873	1.23697	0.91428	1.19663	1.23697	0.52437	0.82016	1.61343	0.60504	1.08907	1.08907	0.92772	1.03529	1.16974	0.77983	0.80672	1.31764	0.83361	1.33108	0.82016	0.51092	0.64537	0.47059	0.55126	2.07057	1.14285	0.90083	0.91428	0.84705	0.80672	0.84705	1.30419	1.1294	0.7126	0.76638	1.45209	0.94117	0.82016	1.14285	1.39831	0.79327	0.45714	0.79327	1.2773	1.03529	1.58654	0.79327	1.15629	1.50587	0.52437	1.0084	0.5647	0.92772	0.7126	1.08907	0.91428	0.73949	1.45209	1.30419	0.61848	0.65882	0.79327	1.81511	0.7126	0.72605	1.10251	1.22352	0.83361	0.99495	0.91428	0.75294	1.14285	1.11596	0.99495	0.92772	1.03529	0.95462	1.37142	0.83361	1.06218	1.38486	0.96806	0.88739	0.59159	0.73949	0.75294	2.01679	0.98151	1.06218	1.02184	1.73444	0.55126	0.72605	0.5647	0.68571	1.18319	0.87394	0.95462	1.22352	0.7126	1.03529	0.57815	0.82016	1.64033	1.54621	1.0084	1.35797	1.10251	1.37142	0.8605	1.08907	1.15629	1.45209	0.95462	1.26386	0.99495	0.80672	0.73949	0.8605	0.51092	0.82016	1.02184	0.5647	1.10251	0.98151	1.03529	0.84705	1.07562	1.06218	1.07562	0.68571	0.30924	0.49748	0.82016	0.59159	0.63193	0.47059	1.62688	0.64537	1.26386	1.08907	0.68571	0.44369	1.31764	1.10251	1.22352	0.7126	1.10251	0.48403	0.96806	1.1294	0.59159	1.25041	0.98151	1.26386	0.84705	0.79327	0.75294	1.03529	0.68571	1.19663	0.64537	1.07562	1.06218	1.26386	0.5647	0.43025	1.16974	1.02184	1.02184	1.1294	0.82016	0.83361	0.96806	0.84705	1.53276	1.18319	0.79327	0.68571	0.64537	0.83361	1.5731	0.99495	0.30924	1.18319	1.25041	0.59159	0.7126	0.72605	1.23697	1.55965	0.49748	1.31764	0.72605	0.72605	0.47059	0.60504	1.46554	0.96806	0.68571	0.43025	0.99495	0.82016	0.84705	1.29075	1.4252	1.21008	0.51092	1.45209	0.57815	1.19663	0.36302	1.22352	0.8605	1.37142	0.53781	0.92772	0.88739	0.73949	0.75294	0.76638	0.60504	1.18319	1.07562	0.96806	0.67226	1.21008	0.90083	0.96806	1.69411	1.03529	0.7126	0.72605	0.88739	0.87394	1.2773	0.72605	0.60504	1.03529	0.8605	1.02184	0.69915	1.10251	1.22352	1.15629	1.04873	1.5731	0.53781	0.80672	0.73949	1.04873	1.29075	0.73949
cell53	0.98024	1.10046	1.44262	1.19294	0.49012	0.61034	0.87852	1.43337	0.98024	0.86927	1.27616	0.61034	1.08197	0.84153	1.06347	0.65658	1.46112	2.0807	1.36864	1.7108	2.14544	0.48087	1.78478	1.68306	1.83102	0.66582	1.60908	0.82303	0.5826	1.5166	1.39638	1.08197	1.3224	0.96175	0.76755	0.57335	1.7108	1.18369	0.86927	1.59983	2.40437	1.22993	0.72131	1.1282	0.934	1.83102	1.96973	2.13619	1.35939	0.91551	1.63682	1.29466	0.61034	0.89701	1.18369	1.35939	0.59184	1.10971	1.82177	1.28541	1.22993	1.61832	1.10971	1.80328	1.50735	1.36864	1.95124	0.52711	0.83228	1.06347	0.86927	1.95124	1.61832	0.92476	0.59184	1.1467	1.06347	1.10046	1.59058	0.79529	0.99874	0.81379	1.57209	0.78604	1.22993	1.13745	0.71206	1.3409	1.04498	2.23791	0.79529	0.78604	1.61832	1.1467	1.02648	1.22993	1.94199	1.30391	1.85876	0.63808	1.21143	0.63808	1.21143	2.26565	0.78604	1.52585	0.85078	1.27616	0.86927	1.45187	1.39638	0.78604	0.934	1.28541	1.24842	1.10046	0.87852	1.18369	1.39638	1.29466	1.36864	1.19294	2.08995	0.91551	0.84153	0.61034	1.00798	0.9525	1.97898	0.7768	0.98949	1.33165	1.26692	1.35014	1.38714	1.38714	1.39638	1.1282	0.59184	0.9525	1.35939	1.08197	1.05422	1.10046	0.61959	1.52585	0.91551	0.5641	0.934	0.86002	1.21143	1.37789	1.67381	1.03573	1.35939	0.81379	0.61034	1.13745	1.18369	1.23917	1.58133	1.24842	1.01723	1.55359	0.37915	0.48087	0.62883	0.82303	2.05296	0.89701	1.905	1.23917	0.84153	1.48886	1.20218	1.47961	0.9525	2.36738	1.5351	0.90626	1.40563	1.05422	1.11896	1.22068	1.75704	1.77553	1.00798	1.1282	1.35014	1.44262	1.04498	1.1282	1.28541	0.71206	1.63682	1.3409	1.17444	1.62757	1.47961	0.91551	0.91551	1.47036	1.3224	1.23917	0.62883	1.87726	0.80454	1.1467	1.08197	0.83228	1.47961	1.55359	1.94199	1.41488	2.51534	1.39638	0.73056	0.7768	1.65531	1.27616	0.59184	1.08197	0.91551	1.35939	1.22068	1.1467	1.39638	1.67381	0.86002	1.1467	1.3409	1.40563	0.92476	0.96175	1.65531	0.7768	1.22068	1.18369	1.40563	1.42413	1.87726	0.99874	0.86002	1.16519	1.84951	0.37915	0.5826	0.934	0.32366	0.71206	0.7768	0.45313	0.96175	0.97099	0.7583	0.52711	1.3224	0.934	0.73056	0.49937	0.84153	0.68432	1.11896	0.98024	1.20218	0.74905	0.59184	0.80454	1.04498	0.98949	0.76755	0.81379	0.88777	0.55485	0.52711	1.18369	0.7583	0.57335	0.45313	1.33165	0.80454	0.21269	0.70282	0.73056	0.5826	0.83228	1.20218	0.70282	0.49937	0.5641	1.10046	0.84153	1.01723	0.85078	0.42539	1.01723	0.37915	0.94325	0.7768	1.20218	0.87852	1.39638	0.3699	0.74905	1.04498	0.47163	0.67507	0.64733	1.21143	0.44388	0.5826	0.76755	0.54561	0.90626	0.90626	0.84153	1.10046	0.98949	0.99874	1.10046	0.71206	0.96175	0.73981	0.47163	1.22068	0.84153	0.69357	0.63808	1.61832	0.97099	0.85078	1.00798	0.73981	0.68432	0.934	0.71206	0.3884	0.61959	0.52711	0.71206	0.55485	0.34216	0.85078	0.47163	0.97099	1.01723	0.46238	0.63808	0.48087	0.71206	0.65658	0.52711	0.74905	1.70155	1.59058	0.84153	1.1282	1.09121	1.1282	0.85078	0.57335	0.7583	1.21143	0.26818	0.61034	0.76755	1.05422	0.69357	0.73056	0.78604	0.76755	0.60109	0.54561	1.07272	0.86002	1.1467	0.49937	0.52711	0.86002	0.72131	1.16519	1.27616	0.64733	1.06347	1.1282	0.62883	0.46238	1.59058	0.42539	0.50862	0.57335	0.34216	0.97099	0.5826	0.79529	1.1282	0.3884	0.80454	0.68432	0.73981	0.86927	0.35141	0.91551	0.97099	0.97099	0.87852	0.85078	0.63808	0.82303	0.69357	0.99874	1.09121	1.15595	0.97099	0.59184	0.36066	0.74905	1.1467	0.61034	0.98949	1.1282	0.61959	0.47163	0.63808	0.63808	0.3884	0.67507	0.96175	0.81379	1.47036	0.59184	0.51786	1.07272	0.84153	0.67507	0.98024	0.90626	0.60109	0.9525	0.96175	0.97099	0.53636	0.73981	0.44388	0.97099	0.67507	0.46238	0.70282	0.98024	0.76755	0.97099	0.91551	0.64733	0.70282	1.22068	0.94325	0.51786	0.80454	1.13745	0.40689	0.98024	0.86002	0.92476	0.84153	0.68432	0.91551	0.68432	0.68432	0.47163	0.53636	1.10971	0.71206	0.52711	0.50862	0.7768	0.49937	0.98024	0.7768	0.86927	0.50862	0.24044	0.48087	0.85078	1.08197	0.33291	0.53636	0.90626	0.5826	0.98024	0.50862	0.84153	0.81379	1.03573	1.41488	1.17444	1.10971	0.78604	0.43464
cell54	0.89261	1.30109	0.71106	0.60516	0.52951	0.74132	1.5129	1.60367	1.31622	0.69593	0.43874	0.99851	1.31622	1.10441	1.16493	0.89261	1.13467	0.43874	0.96825	0.92287	1.18006	0.62029	0.66567	1.46751	1.16493	0.66567	0.6808	0.80183	0.86235	0.81696	0.98338	1.16493	1.46751	1.27083	0.98338	1.34648	0.96825	0.6808	1.43725	0.71106	1.21032	1.18006	0.86235	0.55977	1.1498	0.89261	0.59003	1.08929	1.34648	0.83209	0.86235	1.1498	2.20883	1.42212	1.42212	1.95164	0.84722	1.13467	1.16493	1.57341	1.5129	2.1937	1.13467	2.28447	2.64757	1.40699	1.21032	1.90625	2.70808	1.43725	0.78671	1.73983	1.24057	0.92287	2.43576	1.49777	1.48264	1.40699	0.66567	0.75645	0.71106	0.24206	0.34797	0.59003	0.0	0.0	0.0	0.72619	0.90774	0.37822	1.10441	1.6188	1.07416	1.05903	1.16493	1.33135	1.43725	0.80183	0.78671	0.6808	0.63542	0.63542	0.74132	1.22545	1.02877	0.81696	1.22545	1.52803	0.54464	0.95312	0.69593	1.77009	0.59003	0.81696	0.77158	0.65055	0.51438	1.2557	0.59003	0.83209	1.21032	0.72619	0.65055	1.70957	0.84722	0.6808	0.96825	0.52951	0.77158	1.05903	1.21032	0.938	0.84722	1.02877	0.86235	0.6808	1.07416	0.78671	0.6808	0.63542	0.72619	0.6808	0.6808	0.59003	1.05903	0.89261	0.99851	1.33135	1.02877	1.49777	1.21032	1.01364	0.87748	1.10441	0.95312	0.75645	1.39186	0.42361	0.89261	0.90774	0.63542	1.19519	0.87748	0.54464	1.30109	0.86235	0.90774	1.2557	1.27083	0.5749	1.63393	0.92287	0.60516	0.86235	1.84573	1.31622	0.90774	1.1498	1.43725	1.18006	1.11954	1.31622	0.51438	0.90774	0.52951	0.90774	1.0439	1.39186	0.6808	0.49926	0.98338	1.02877	1.55828	0.63542	0.71106	1.10441	1.39186	0.84722	1.07416	0.95312	0.89261	1.01364	1.02877	0.83209	1.40699	1.05903	0.89261	1.08929	0.48413	0.80183	1.2557	1.30109	0.55977	1.01364	0.938	0.54464	1.0439	1.0439	0.938	0.95312	0.75645	1.27083	1.24057	1.34648	0.98338	1.52803	1.13467	0.86235	0.938	0.51438	0.62029	0.66567	0.72619	0.87748	0.96825	0.90774	1.36161	1.11954	0.52951	1.18006	1.08929	0.938	1.10441	0.938	1.24057	0.31771	0.60516	0.92287	0.6808	0.87748	2.31473	1.01364	1.34648	0.66567	0.86235	0.83209	0.62029	0.6808	1.22545	0.90774	0.83209	2.02728	0.42361	0.87748	0.92287	0.95312	0.71106	1.22545	1.0439	1.5129	0.95312	0.92287	1.78522	1.96676	0.65055	0.87748	0.938	1.58854	0.80183	0.71106	1.16493	0.74132	1.13467	0.71106	1.57341	0.52951	0.65055	0.5749	1.37674	1.07416	0.3631	0.75645	0.80183	1.07416	1.7247	1.58854	0.5749	0.81696	0.74132	0.98338	0.87748	1.11954	0.83209	0.71106	0.52951	0.80183	1.10441	0.95312	1.07416	1.86086	1.08929	1.02877	0.66567	1.60367	1.0439	1.01364	1.02877	0.99851	1.21032	0.98338	0.65055	0.65055	0.62029	0.86235	1.01364	1.80035	1.28596	0.78671	1.33135	1.05903	0.99851	0.90774	0.469	1.70957	0.55977	1.13467	0.65055	1.13467	0.95312	0.78671	0.80183	0.24206	1.37674	1.0439	0.99851	0.6808	1.16493	0.39335	1.27083	0.90774	0.69593	1.08929	0.83209	1.52803	0.86235	0.63542	0.77158	0.72619	0.81696	0.80183	0.5749	1.02877	0.74132	0.75645	0.98338	1.01364	1.39186	0.78671	1.43725	1.0439	0.72619	1.01364	0.66567	1.21032	1.60367	1.31622	0.69593	0.45387	0.469	1.33135	0.78671	0.86235	1.31622	1.48264	1.07416	0.45387	1.08929	1.78522	1.40699	0.86235	1.11954	0.39335	1.27083	0.99851	1.57341	1.02877	0.5749	0.66567	0.83209	0.62029	1.19519	1.31622	0.71106	0.90774	0.95312	0.52951	1.63393	1.07416	1.21032	1.16493	1.05903	1.11954	1.39186	1.05903	1.66419	0.89261	0.51438	0.89261	0.66567	1.07416	0.71106	1.18006	0.78671	0.87748	1.13467	1.16493	1.55828	0.49926	1.36161	1.19519	0.74132	1.10441	0.98338	0.84722	0.51438	1.24057	0.5749	1.6188	0.72619	0.81696	0.99851	1.89112	1.07416	1.40699	1.13467	1.33135	1.05903	1.0439	0.95312	0.74132	0.72619	0.71106	0.63542	0.81696	0.49926	0.89261	1.52803	0.66567	0.95312	0.72619	0.81696	0.98338	0.92287	1.45238	1.05903	0.77158	0.75645	0.99851	0.6808	0.74132	1.70957	1.18006	1.55828	0.938	0.99851	0.42361	0.86235	1.05903	0.80183	0.66567	0.96825	0.96825	1.22545	0.81696	0.99851	0.43874	1.57341	1.19519	0.83209	0.95312	1.13467	1.54315	0.89261	0.87748	1.01364	0.84722	1.18006	0.99851
cell55	1.29176	1.25053	1.25053	1.75212	1.00317	0.65275	0.74207	1.18182	0.68023	0.70085	1.74525	1.16121	1.36047	0.92759	2.06132	2.30867	0.87949	0.92759	1.21618	0.64588	1.58034	0.9963	1.28489	1.28489	0.82453	0.68023	2.28119	1.0444	1.15434	1.09937	1.22305	0.9482	1.62157	1.65592	1.05127	1.6147	1.62844	0.98943	2.26058	1.91702	0.68711	1.14059	1.5666	0.91385	1.64905	1.75212	1.06501	1.11311	1.8758	0.44662	0.92759	2.45984	1.08563	0.96882	1.12685	1.10624	2.1369	1.06501	0.58404	1.20243	1.22305	1.49102	1.03066	1.84144	1.5666	0.95508	1.18869	1.42918	1.44979	0.79017	1.71776	1.51163	1.03066	1.0925	1.27114	0.83827	0.8314	0.77643	2.01322	0.62527	1.40857	1.69028	1.36047	1.20243	1.01692	1.14059	0.52907	1.38108	1.13372	0.72833	1.01004	0.7352	1.29176	1.3055	2.30867	1.07188	0.95508	1.59408	2.05444	1.46353	0.72146	0.49472	1.39482	1.74525	0.9963	1.37421	1.11311	1.2574	0.87949	1.20243	0.45349	1.16121	1.62844	0.66649	1.57347	0.5703	0.46723	1.02379	1.41544	2.33616	0.9482	2.02009	0.92759	1.66967	0.9963	1.95825	1.49789	1.7796	1.83457	1.23679	0.70085	0.63214	1.36047	0.98943	1.38108	1.21618	1.07188	1.36047	1.85518	0.88637	2.21248	1.37421	1.29176	1.85518	1.29863	1.27114	1.31237	0.70085	0.72833	1.66279	1.06501	1.2574	1.01692	2.49419	1.6147	0.98943	0.93446	1.33985	1.84831	1.39482	0.53594	1.15434	1.15434	0.40539	1.82083	0.72146	1.98573	0.75582	2.12315	1.7315	1.29863	0.82453	1.55286	1.01004	1.22305	1.51163	1.55286	0.86575	1.66967	1.31924	1.28489	1.09937	0.90011	0.89324	0.4741	1.49102	0.95508	1.60783	0.82453	1.42231	1.33985	1.31924	0.77643	0.95508	0.70772	1.55973	1.84144	0.9963	1.26427	1.08563	1.77273	2.54916	0.93446	0.96882	0.81766	0.44662	1.31237	0.92759	0.90011	0.69398	1.17495	1.51163	1.07875	1.01004	1.76586	0.53594	1.02379	1.24366	1.77273	0.85888	1.05127	1.29863	0.97569	1.83457	0.80391	1.27802	0.92072	1.41544	0.60465	0.92759	1.46353	1.74525	0.76269	0.70085	0.76956	0.7352	0.92072	1.16121	1.76586	0.98256	0.5222	1.48415	0.90698	0.80391	0.53594	0.83827	1.18869	0.55656	0.54968	0.72146	0.8314	0.55656	0.96882	1.19556	0.90698	0.95508	1.14747	0.72146	0.76269	1.57347	0.37104	1.25053	1.46353	1.01004	0.59778	1.08563	0.87262	1.19556	1.27802	0.94133	1.05814	0.84514	0.63901	0.84514	0.68711	1.18869	0.85888	0.79017	0.81078	1.14747	0.75582	0.76956	0.5703	0.64588	0.7833	0.7833	0.97569	0.59778	0.5703	1.05127	0.87262	1.07875	0.72146	0.50846	0.7352	0.72146	1.14747	0.44662	0.55656	0.43975	0.91385	0.87262	0.45349	0.92072	0.41226	0.63901	0.92759	0.98943	0.70772	0.36417	0.62527	0.74207	0.54281	1.39482	0.43975	0.80391	1.14747	0.92072	0.65962	0.84514	0.85201	0.37104	0.3092	0.77643	0.81766	0.87949	0.70085	0.65962	0.67336	0.81766	0.56343	0.7352	1.02379	0.72146	0.67336	0.3092	1.48415	0.69398	0.69398	0.31607	0.67336	0.74894	0.50159	1.06501	1.03066	0.55656	1.11311	1.12685	0.84514	0.5703	1.03066	0.66649	1.05127	1.25053	0.76956	0.71459	0.63901	0.50159	0.82453	0.81766	0.92759	0.76269	1.14059	0.98256	0.46723	0.48097	0.76269	0.79017	0.63214	0.70772	1.16808	0.41913	1.17495	0.68711	1.0925	1.01692	1.36734	0.88637	0.93446	0.91385	0.85201	0.7833	0.5222	0.77643	0.72146	0.64588	0.59091	0.83827	0.85888	0.5703	0.82453	1.07875	0.81766	0.60465	0.26797	1.27114	0.68023	1.06501	0.70772	0.62527	1.0444	0.87949	0.74894	0.70085	0.8314	0.93446	0.40539	0.54281	0.2611	0.67336	0.87262	0.98256	0.43975	1.00317	0.72146	0.38478	1.10624	0.70085	0.41913	0.58404	0.8314	1.49789	0.97569	0.85888	0.50846	0.93446	0.9482	0.57717	0.64588	0.57717	0.81078	0.64588	0.54281	0.52907	0.39165	0.81766	0.86575	0.74894	0.8314	0.37104	0.67336	0.86575	0.43288	0.49472	1.01004	0.7833	0.94133	0.81078	0.41913	1.18182	0.68023	0.31607	0.82453	0.90011	0.96882	0.66649	0.61839	0.64588	0.79704	0.74894	0.63901	0.96195	0.96882	0.66649	0.55656	0.7352	0.51533	1.14059	0.39165	1.33985	0.92072	0.87262	0.70772	0.46036	0.79704	0.59778	1.00317	0.65275	1.05127	0.43975	0.5222	0.45349	1.05814	0.63901	0.41913	0.61839	0.92072	0.83827	0.7833	1.32611	0.41913	0.68023	0.53594	1.03753	0.52907	0.90011	0.43975	1.12685
cell56	1.57525	1.00567	1.65534	1.13916	0.77427	0.48948	1.29935	0.80097	1.30825	1.05016	1.16586	1.83334	2.33172	0.78317	1.03236	1.23706	0.64968	1.21926	1.23706	0.68528	0.72977	1.20146	1.71764	1.74434	1.62864	1.46845	1.11246	0.80097	1.89563	1.89563	1.49515	0.85437	1.94903	0.99677	0.93447	1.05016	1.20146	1.09466	1.10356	0.60518	1.20146	1.07686	0.81877	1.63754	0.49838	0.72977	1.74434	1.49515	0.77427	1.19256	1.45955	0.78317	0.78317	1.19256	0.88997	0.77427	1.62864	1.10356	0.91667	0.80097	1.87783	1.73544	1.44175	0.98787	0.84547	1.98463	1.01456	1.76214	0.96117	1.05016	1.07686	1.16586	0.51618	1.18366	1.39725	1.28156	1.11246	1.59304	0.62298	0.93447	1.94903	1.50405	1.23706	1.90453	1.16586	1.79774	0.98787	1.03236	0.98787	1.26376	0.97897	0.96117	1.06796	1.54855	1.76214	1.01456	0.78317	1.16586	1.26376	1.85114	1.49515	1.26376	1.19256	1.57525	1.75324	1.23706	1.95793	1.49515	1.37055	0.47168	1.20146	1.59304	1.05016	0.70308	1.33495	0.86327	1.18366	1.16586	1.54855	1.05016	0.95227	1.18366	1.95793	1.36165	1.61974	1.99353	0.72977	0.81877	1.51295	1.98463	0.65858	1.46845	1.32605	0.48058	0.84547	1.19256	0.72977	1.03236	1.04126	1.38835	1.10356	1.42395	1.05016	1.01456	1.69094	1.10356	0.97007	1.31715	1.65534	0.95227	1.34385	1.80664	0.93447	1.69984	1.42395	1.28156	1.05906	1.44175	1.21926	1.36165	0.78317	1.86894	0.88997	0.57848	0.97897	1.92233	2.08253	2.27832	0.80987	1.53965	0.72977	1.44175	0.53398	1.02346	1.04126	1.05906	1.51295	1.17476	0.93447	1.50405	1.87783	1.45065	1.97573	1.13916	1.06796	1.40615	0.72087	1.29046	0.91667	1.68204	1.20146	0.76537	1.41505	0.78317	0.91667	0.88107	1.20146	1.37055	0.62298	0.86327	1.05906	0.64968	1.67314	0.99677	0.81877	1.06796	1.28156	1.90453	1.45065	0.90777	1.21926	1.30825	1.29935	0.69418	1.14806	1.58414	1.36165	1.78884	1.13026	0.73867	1.25486	1.52185	1.38835	1.23706	1.36165	1.02346	1.42395	0.79207	1.26376	1.04126	1.10356	1.43285	1.38835	1.23706	1.33495	0.91667	1.86004	2.12703	0.97897	1.53075	2.04693	1.60194	1.29046	1.22816	0.64968	0.98787	0.71198	0.81877	0.90777	0.52508	1.06796	0.72087	0.72977	0.51618	0.49838	0.44498	0.48948	0.57848	0.90777	0.95227	0.57848	0.98787	0.88997	0.47168	1.39725	0.23139	0.56958	0.66748	0.64968	0.48058	0.53398	0.76537	0.86327	0.53398	0.88997	0.89887	0.97897	0.53398	1.51295	0.88107	0.53398	0.80987	0.78317	0.92557	0.74757	1.00567	0.60518	0.90777	0.45388	0.46278	0.99677	0.46278	0.56958	0.45388	1.16586	0.84547	1.18366	0.91667	0.32929	0.60518	0.87217	0.81877	0.61408	0.32929	0.74757	0.77427	0.69418	0.30259	1.17476	0.52508	1.12136	0.85437	0.76537	1.04126	0.72087	0.76537	0.82767	0.48058	0.61408	0.32929	1.13026	0.77427	1.56635	0.96117	0.62298	0.48058	1.65534	1.40615	0.74757	1.07686	1.54855	0.83657	0.88107	0.72087	0.90777	0.64078	0.82767	0.87217	1.05016	0.40049	0.47168	0.48948	0.93447	0.97007	0.97897	1.26376	0.77427	0.53398	1.06796	0.90777	0.90777	0.70308	0.40939	0.91667	0.96117	0.65858	0.41829	0.49838	0.73867	0.73867	0.90777	0.48948	0.79207	0.55178	0.72087	0.82767	0.54288	0.95227	0.49838	0.51618	0.64078	0.48058	0.71198	0.39159	0.72087	1.09466	1.04126	1.05016	0.85437	0.79207	0.64078	1.13026	0.71198	0.96117	0.52508	0.59628	0.65858	0.64968	0.71198	0.89887	0.72087	0.76537	0.31149	0.66748	0.28479	1.26376	0.62298	0.47168	1.09466	1.10356	0.62298	0.48058	0.52508	0.83657	0.90777	1.46845	0.42719	0.91667	0.65858	0.82767	1.14806	0.96117	0.65858	0.66748	0.79207	0.66748	0.45388	1.15696	1.09466	0.84547	0.90777	0.90777	1.12136	0.59628	0.65858	0.88997	0.81877	1.03236	0.80097	0.59628	0.86327	0.72087	0.79207	1.23706	0.48948	0.33819	1.15696	0.41829	0.45388	0.92557	0.58738	1.12136	1.16586	0.67638	0.56958	0.40939	1.08576	0.53398	0.34709	0.33819	0.60518	0.88107	0.48058	0.75647	0.75647	0.84547	1.00567	0.79207	0.70308	0.87217	0.80987	0.88107	0.80097	0.74757	0.76537	1.06796	0.79207	0.64968	0.41829	0.45388	0.88107	0.68528	0.87217	0.63188	1.29935	0.68528	1.30825	1.31715	0.80987	0.48948	0.98787	0.80097	0.63188	0.62298	1.05016	0.61408	0.85437	0.47168	0.87217	1.15696	0.58738	0.36489	1.15696	0.74757	0.81877	0.85437	0.76537	0.74757
cell57	1.34418	1.20336	1.11375	0.87052	0.94733	1.63862	1.21616	1.34418	1.07535	1.74103	1.4594	1.85625	1.35698	1.88185	1.61302	1.15216	1.04974	2.07388	2.07388	0.98573	1.30578	2.03547	0.81931	1.35698	0.81931	0.7553	1.4594	2.03547	2.16349	1.08815	0.85772	0.57608	0.51207	1.04974	1.99707	1.11375	0.90892	1.12655	1.5106	0.80651	1.4978	1.33138	1.29297	1.11375	1.06254	1.97147	1.29297	1.56181	2.12509	1.65142	1.22897	1.33138	0.65289	1.10095	1.03694	1.74103	1.12655	1.24177	0.7169	1.71543	0.56328	1.11375	1.77944	1.68983	0.92172	1.26737	1.03694	1.68983	1.54901	1.5106	1.39539	1.98427	1.10095	1.35698	1.07535	1.31858	1.11375	0.88332	1.08815	1.10095	0.89612	1.79224	1.68983	1.4978	0.80651	1.67703	0.61448	1.40819	1.70263	1.68983	1.60022	1.81785	1.26737	0.55047	1.13935	1.10095	0.56328	1.06254	1.36978	0.7553	0.88332	1.13935	1.22897	1.07535	1.12655	1.01134	0.57608	0.98573	1.90746	0.94733	0.62728	1.79224	0.66569	0.98573	0.93453	1.71543	1.57461	1.54901	1.31858	1.39539	1.04974	0.89612	2.71397	1.10095	0.7297	1.56181	1.22897	1.38259	1.36978	1.07535	1.29297	0.7169	0.7169	1.485	1.89466	1.01134	1.15216	1.57461	1.61302	1.81785	1.34418	0.52487	0.7553	1.13935	1.08815	0.90892	1.02414	1.21616	1.02414	1.53621	1.11375	1.43379	0.51207	0.67849	1.13935	0.7169	1.52341	1.4466	1.28017	1.57461	0.84491	1.28017	1.54901	1.80504	1.08815	1.02414	0.52487	1.38259	0.7681	0.99853	1.40819	0.53767	0.40966	0.67849	1.21616	1.65142	0.94733	1.17776	1.4594	1.03694	1.04974	1.13935	1.66422	1.16496	1.07535	0.83211	1.06254	1.57461	1.11375	0.7681	0.78091	1.13935	1.67703	1.5106	0.61448	1.21616	0.96013	1.20336	1.02414	0.89612	0.61448	1.30578	0.79371	1.29297	1.25457	2.2275	1.4722	0.49927	0.53767	1.54901	0.84491	1.4722	0.7681	2.15069	0.51207	0.78091	0.93453	1.39539	1.57461	1.10095	1.03694	0.97293	1.20336	1.11375	1.31858	1.29297	1.08815	0.69129	1.08815	0.7425	1.38259	0.88332	0.81931	1.29297	0.81931	1.42099	0.7169	1.56181	2.2403	0.97293	1.29297	0.7553	0.84491	1.10095	1.24177	0.53767	0.56328	1.04974	0.47366	0.47366	0.78091	0.58888	0.67849	0.46086	0.55047	1.30578	1.31858	0.94733	0.80651	0.94733	1.19056	0.66569	0.46086	1.12655	0.92172	1.15216	0.87052	0.99853	0.93453	0.42246	0.89612	1.07535	0.88332	0.58888	0.65289	0.7681	0.33284	1.01134	0.47366	1.15216	1.08815	1.22897	0.69129	1.13935	1.07535	0.7425	0.7169	0.67849	0.43526	0.7425	0.98573	0.84491	0.48647	0.7169	0.89612	0.92172	0.46086	0.62728	0.78091	0.79371	1.26737	0.67849	1.34418	1.11375	0.7041	0.92172	0.35845	0.47366	0.66569	0.94733	0.7425	0.43526	0.64009	0.7553	0.85772	0.79371	1.36978	0.99853	0.65289	0.7297	0.67849	0.49927	0.7425	0.88332	0.53767	1.26737	0.40966	1.04974	0.60168	1.22897	1.06254	1.01134	0.62728	0.66569	0.89612	0.66569	0.7041	0.57608	0.7169	1.02414	0.69129	1.02414	0.55047	0.67849	0.89612	0.69129	0.96013	0.7553	0.88332	0.7297	0.80651	0.40966	0.64009	0.94733	0.48647	0.66569	0.7297	0.7425	0.52487	0.40966	0.69129	1.62582	0.78091	0.42246	0.84491	0.84491	0.69129	0.33284	0.84491	0.81931	0.97293	0.79371	1.01134	0.34565	0.56328	0.69129	0.49927	0.57608	0.93453	0.67849	0.7297	0.69129	1.40819	0.64009	0.79371	0.58888	0.7681	1.4978	0.69129	0.99853	0.46086	0.7553	0.60168	0.97293	0.47366	0.65289	0.7297	0.7169	0.66569	0.21763	0.81931	1.11375	0.44806	0.52487	0.55047	0.62728	0.87052	0.7041	1.13935	0.80651	0.7681	0.57608	1.24177	1.10095	0.99853	1.4978	0.64009	0.57608	0.7681	0.40966	0.44806	0.55047	0.83211	0.67849	1.17776	1.04974	0.98573	0.26884	1.12655	0.88332	1.33138	0.7553	1.08815	1.63862	0.69129	0.7425	1.01134	0.51207	0.90892	0.64009	0.55047	0.7553	0.7553	0.66569	0.79371	0.7297	1.29297	0.64009	0.65289	0.81931	1.36978	1.76664	0.55047	0.92172	1.06254	0.46086	0.53767	0.64009	0.81931	0.7553	1.31858	0.53767	0.7041	0.57608	0.7169	1.04974	0.44806	0.96013	1.19056	1.12655	0.87052	1.02414	0.7553	0.96013	0.55047	0.85772	0.90892	0.92172	0.87052	0.7425	1.07535	0.69129	0.98573	1.13935	0.55047	0.51207	0.61448	0.7425	0.56328	0.7681	1.07535	0.60168	0.46086	0.53767	0.46086	0.52487	1.21616	1.02414
cell58	0.89951	0.56219	0.89951	1.43921	1.4617	0.8208	1.1806	0.98946	1.34926	0.73085	0.98946	0.52846	1.12438	1.74279	0.92199	1.97891	0.60717	1.04568	1.10189	1.07941	2.02389	1.60787	1.48418	1.6416	1.20309	1.15811	0.89951	1.40548	0.92199	0.52846	1.27055	1.2818	1.51792	1.38299	1.02319	1.50667	1.20309	1.78777	1.04568	1.23682	0.8208	1.43921	1.16936	1.32677	1.39423	1.09065	1.29304	1.45045	0.85453	1.50667	0.96697	2.0014	1.30428	1.37175	1.10189	1.14687	0.98946	0.57343	0.61841	1.04568	0.66339	1.32677	1.20309	1.42797	1.10189	1.21433	1.91145	0.86577	1.93394	0.69712	1.10189	0.85453	0.77582	0.95572	1.29304	1.21433	1.2818	1.20309	1.78777	1.06816	0.93324	0.94448	0.89951	0.86577	1.95642	1.90021	0.77582	1.01194	0.60717	0.70836	0.86577	1.39423	1.39423	1.66409	1.03443	1.48418	1.29304	1.42797	1.59662	0.88826	1.16936	2.42866	1.11314	1.51792	0.48348	1.25931	1.29304	1.39423	0.96697	0.86577	1.29304	1.51792	0.37105	1.16936	0.87702	1.31553	0.66339	1.10189	1.83274	1.20309	1.27055	0.94448	1.67533	1.10189	1.0007	1.15811	0.76458	0.55095	1.47294	1.04568	0.96697	0.88826	0.66339	1.79901	1.3605	1.85523	1.16936	0.92199	1.29304	1.29304	0.85453	1.38299	1.65284	0.75334	1.12438	2.10259	1.37175	1.59662	1.81025	1.25931	0.75334	1.27055	0.95572	1.3605	1.14687	1.24806	1.42797	1.68657	1.04568	1.32677	0.7196	0.75334	1.29304	1.41672	1.38299	1.33801	1.22558	1.76528	0.79831	1.07941	1.37175	1.40548	0.96697	1.23682	0.79831	1.14687	1.14687	1.02319	0.95572	1.05692	1.02319	1.12438	0.70836	0.93324	2.10259	1.81025	1.25931	0.94448	1.90021	1.43921	1.22558	1.79901	1.09065	0.76458	1.34926	1.2818	1.40548	0.78707	1.14687	1.06816	0.86577	1.85523	0.80955	1.27055	0.66339	0.76458	0.94448	0.91075	2.03513	1.41672	1.38299	1.0007	1.8215	1.02319	1.37175	1.16936	1.07941	1.20309	0.80955	1.48418	1.02319	1.33801	2.0014	0.76458	1.2818	0.88826	1.84399	1.86647	1.20309	0.86577	0.97821	1.3605	1.60787	1.11314	1.22558	1.30428	1.59662	1.95642	1.09065	1.50667	0.95572	0.89951	0.86577	0.85453	0.60717	0.58468	0.79831	0.52846	0.59592	0.73085	0.66339	0.61841	1.45045	0.86577	0.65214	1.14687	1.14687	0.88826	0.21363	0.461	0.84329	0.5397	0.98946	0.83204	0.76458	0.61841	0.61841	1.31553	0.55095	0.80955	0.66339	0.49473	0.74209	0.33731	0.67463	0.59592	0.70836	1.03443	0.73085	0.98946	1.16936	1.16936	1.05692	1.19184	0.59592	0.68587	0.84329	0.96697	0.78707	0.93324	0.96697	0.59592	0.59592	0.86577	0.66339	0.51722	0.86577	0.67463	0.80955	0.61841	0.60717	0.88826	1.15811	0.58468	0.91075	0.31483	0.52846	0.65214	0.75334	1.09065	0.79831	0.61841	0.76458	0.79831	0.51722	1.07941	0.55095	0.8208	1.20309	0.8208	0.41602	0.88826	0.58468	0.77582	0.80955	0.69712	1.39423	0.62965	1.2818	0.69712	1.74279	0.6409	0.38229	0.83204	0.95572	1.06816	1.05692	1.33801	0.83204	1.21433	0.6409	1.16936	0.96697	0.67463	0.25861	0.66339	1.16936	0.86577	0.68587	0.74209	0.66339	0.85453	0.85453	1.10189	0.66339	1.68657	0.93324	0.5397	1.11314	0.61841	1.25931	0.62965	0.47224	0.43851	0.78707	0.68587	0.85453	0.74209	0.98946	0.69712	0.6409	0.32607	1.07941	0.61841	0.73085	0.5397	0.70836	0.86577	0.83204	0.56219	0.88826	0.61841	0.52846	0.60717	0.93324	1.12438	0.61841	0.84329	1.15811	1.16936	0.61841	0.51722	0.65214	0.95572	0.67463	0.83204	0.67463	1.31553	0.73085	1.0007	1.24806	0.44975	0.34856	0.80955	1.32677	0.7196	0.74209	0.88826	0.69712	1.34926	0.60717	0.55095	0.85453	0.92199	0.98946	0.58468	0.87702	1.13563	1.03443	1.04568	0.52846	0.70836	0.94448	0.7196	0.65214	0.43851	0.62965	0.87702	0.49473	1.45045	0.65214	1.16936	1.23682	1.04568	0.2811	0.87702	0.79831	0.70836	0.69712	0.98946	0.56219	0.60717	1.04568	0.57343	0.86577	0.80955	0.70836	0.65214	0.78707	0.8208	0.44975	0.62965	0.57343	0.39353	0.68587	0.31483	1.15811	0.68587	0.67463	1.04568	0.7196	1.51792	0.74209	0.6409	0.96697	0.95572	0.7196	0.91075	0.8208	1.55165	0.76458	0.93324	1.30428	1.37175	0.94448	0.47224	0.94448	1.11314	0.74209	0.5397	0.8208	0.80955	1.07941	0.75334	0.70836	0.84329	0.56219	0.60717	0.84329	0.66339	0.67463	0.73085	0.58468	0.69712	0.50597	1.0007	0.89951	0.49473
cell59	1.09407	0.81354	1.06602	0.68263	0.79484	1.65514	1.15018	1.08472	1.06602	0.9164	1.55228	1.10342	0.74808	0.32729	0.80419	0.64522	0.49561	1.00056	1.26239	0.67328	1.54292	0.98186	1.3559	0.98186	0.46755	1.12213	1.10342	1.13148	0.79484	1.21564	0.54236	0.73873	0.72938	1.06602	1.41201	0.85095	1.25304	0.66393	1.11278	1.12213	0.74808	1.20629	0.68263	0.77614	1.59903	1.06602	1.12213	0.76679	1.71124	1.63644	1.00991	1.41201	0.90705	1.7954	1.22499	1.39331	1.02862	1.45877	1.76735	1.23434	1.54292	1.3559	0.51431	2.01983	1.3185	1.37461	0.82289	1.64579	1.7767	1.59903	2.1788	1.81411	1.59903	1.40266	0.75744	1.19694	0.71068	0.94446	0.77614	1.38396	0.879	0.50496	0.4769	0.58912	0.0	0.0	0.0	0.74808	0.46755	0.33664	0.56106	1.09407	0.81354	1.68319	1.07537	0.39274	0.79484	0.99121	0.86965	0.92575	0.60782	1.24369	1.68319	0.92575	1.07537	0.8977	0.58912	0.70133	1.99178	0.54236	1.47747	1.06602	0.71068	0.71068	0.8977	1.12213	0.28988	1.26239	0.60782	0.57041	0.8416	1.15018	0.98186	0.74808	0.93511	1.09407	0.97251	1.03797	1.02862	0.72938	0.4769	0.69198	1.11278	1.15018	1.30915	1.14083	0.879	0.83224	0.66393	1.25304	0.78549	0.56106	0.58912	0.8416	0.78549	0.93511	1.3185	0.78549	1.08472	0.94446	0.77614	1.25304	0.93511	0.69198	0.77614	1.30915	1.23434	0.88835	1.00056	0.97251	1.44006	0.41145	0.9164	1.7954	1.00991	0.86965	0.52366	1.14083	1.45877	0.85095	0.80419	0.81354	1.19694	0.82289	1.26239	1.09407	1.14083	0.70133	0.4208	1.07537	1.20629	0.92575	1.43071	0.56106	1.46812	0.96316	1.40266	1.2998	0.78549	1.08472	0.64522	0.83224	0.76679	1.3185	0.85095	1.41201	0.71068	0.80419	0.70133	0.86965	0.69198	1.08472	1.45877	0.57041	1.34655	0.71068	1.22499	0.77614	1.03797	0.86965	0.79484	0.68263	0.72003	1.58033	0.20572	1.26239	1.16888	0.85095	0.96316	1.14083	0.53301	2.26296	0.76679	1.01927	1.44941	1.10342	0.61717	0.8603	1.50552	1.53357	1.88891	1.05667	1.34655	1.12213	0.95381	0.4582	1.01927	0.96316	0.65457	1.13148	0.64522	1.01927	0.57041	0.93511	0.93511	1.19694	0.93511	0.95381	1.72059	0.8603	0.96316	1.30915	1.09407	0.78549	1.3559	0.98186	1.25304	0.93511	0.98186	0.60782	0.67328	1.01927	1.43071	0.879	1.19694	0.66393	0.90705	0.94446	1.04732	1.08472	1.11278	0.95381	1.05667	1.52422	0.38339	0.9164	0.82289	1.14083	0.98186	1.48682	1.13148	0.68263	1.44006	1.37461	0.79484	0.8977	1.13148	1.12213	0.59847	1.56163	1.07537	0.97251	1.7767	1.14083	1.3372	1.14083	0.88835	1.3559	0.88835	0.96316	1.45877	1.17823	1.3185	0.72003	1.67384	1.29045	1.06602	1.62708	0.85095	0.72003	0.53301	0.74808	0.4769	1.46812	0.51431	0.8416	1.36525	0.70133	1.00991	1.00991	1.26239	1.60838	0.95381	1.29045	1.13148	0.82289	0.67328	1.44006	1.3372	1.20629	0.73873	0.8977	0.95381	0.81354	0.92575	0.8603	0.62652	0.59847	1.02862	1.08472	0.69198	0.67328	1.81411	1.62708	0.82289	0.67328	1.20629	0.4582	0.62652	0.95381	0.94446	0.63587	0.48626	0.75744	1.51487	1.44006	0.93511	1.22499	1.66449	1.25304	1.10342	1.06602	0.96316	1.37461	0.81354	0.92575	1.12213	0.4582	1.02862	1.08472	0.80419	1.15953	1.42136	0.55171	1.04732	1.72059	1.20629	0.78549	0.92575	0.50496	0.72003	0.77614	0.57977	0.83224	0.80419	0.53301	0.75744	1.05667	1.32785	1.00991	1.22499	0.8603	0.59847	1.64579	1.39331	1.20629	0.32729	0.60782	0.90705	0.85095	0.4395	1.53357	0.70133	1.23434	0.75744	0.79484	1.18758	0.72938	1.08472	1.15953	0.86965	1.45877	0.80419	0.77614	0.57041	0.52366	0.74808	1.07537	1.02862	1.11278	0.79484	0.81354	0.97251	0.59847	0.92575	0.46755	1.19694	0.97251	1.18758	0.71068	1.27174	0.66393	0.96316	0.68263	0.76679	0.96316	0.58912	0.70133	0.52366	1.3185	1.03797	1.03797	1.40266	1.24369	2.20685	0.8603	0.75744	0.61717	1.03797	0.70133	0.95381	0.96316	0.75744	1.51487	1.65514	1.21564	1.43071	1.11278	1.05667	1.19694	0.96316	1.21564	1.54292	0.61717	1.17823	1.2998	1.09407	0.67328	0.55171	0.20572	0.62652	0.69198	0.92575	1.25304	0.79484	1.45877	0.72938	0.97251	0.33664	1.50552	0.53301	1.05667	0.85095	0.77614	0.879	1.10342	1.3185	0.96316	0.85095	0.94446	0.8977	1.17823	0.93511	0.98186	0.79484	1.20629	1.15953	1.38396
cell60	1.36438	1.74008	1.18642	1.01505	1.20619	1.06778	1.25233	1.41052	1.56871	1.2787	0.60639	1.08096	1.07437	0.94914	1.17983	0.80413	0.95573	1.07437	1.26552	1.00846	1.14687	1.48962	2.37943	1.01505	0.88322	1.60826	1.27211	1.29188	1.45007	1.47643	1.3512	0.84368	0.60639	1.43689	0.61958	1.04141	1.62803	1.29847	1.66758	1.33143	1.07437	1.56871	0.53389	1.33143	1.33143	1.45007	2.05646	1.93123	1.0546	1.1271	1.10733	1.25233	1.36438	1.54235	0.84368	0.79095	1.60826	1.63462	1.1271	1.37757	0.79754	0.83049	1.46984	1.10073	1.70713	1.67417	1.74008	1.64781	0.83709	0.92936	1.10733	1.56212	0.75799	1.5753	1.1271	1.56212	1.46984	1.31165	1.60167	0.88982	1.50939	0.50752	1.56871	1.5028	1.16006	0.59321	0.71844	0.99527	1.81259	0.94914	0.90959	1.62144	1.46984	1.13369	0.63276	1.81259	1.61485	1.02823	1.31824	0.92936	0.6723	2.23443	1.62144	1.3512	1.21279	1.76645	1.3512	1.24574	1.74008	1.55553	0.51412	1.16665	1.52916	1.06119	1.41711	0.8239	0.68549	1.08755	1.19301	1.0546	1.11392	0.77117	1.02164	0.40206	1.23256	1.07437	1.36438	0.60639	0.91618	1.048	1.02823	1.23915	1.0546	1.39075	1.806	0.85686	1.06119	1.52257	1.02164	1.70054	1.18642	1.45666	1.13369	0.96891	2.06964	0.75799	1.06778	1.38416	1.02823	0.85686	1.35779	1.31824	1.41052	0.77776	0.71844	2.53762	0.61298	1.02823	1.10733	0.79754	2.09601	1.21279	1.69394	1.00187	0.85027	0.86345	1.06119	1.16665	0.92277	0.9755	1.48303	1.20619	1.1996	1.92464	1.50939	0.64594	1.69394	0.81731	0.70526	1.28529	1.01505	0.81731	1.40393	1.35779	1.5753	0.90959	1.45007	1.01505	0.71844	1.20619	1.08755	1.37097	1.01505	0.81072	1.29847	0.79095	0.93595	1.58189	0.96232	0.85027	1.78622	0.73163	0.62617	1.5028	0.87663	1.54235	0.84368	1.35779	1.14687	1.59508	2.28056	1.21938	1.4303	1.4303	1.64122	0.74481	0.77776	0.99527	1.01505	0.78436	1.24574	1.45007	0.92277	0.66571	0.80413	0.99527	1.46984	1.22597	1.41052	0.90959	1.40393	1.30506	1.21279	1.35779	1.55553	0.84368	1.00187	1.16006	0.9755	1.60167	0.88982	1.23256	1.24574	1.29188	0.93595	0.85686	0.46139	0.98209	0.81072	0.65253	0.93595	1.04141	0.73163	0.74481	0.60639	0.77117	0.73822	0.65253	0.63276	0.86345	0.50093	0.91618	0.61298	0.93595	1.20619	0.80413	1.31824	0.92936	0.81072	0.99527	0.98209	0.5273	0.65253	0.42843	0.60639	0.6789	0.73163	0.48775	1.13369	0.58662	0.79095	0.68549	1.39734	0.94914	0.49434	1.21938	0.5998	1.03482	1.08096	0.56685	0.94914	0.73163	1.25892	0.87663	0.18455	0.91618	0.77117	0.94914	0.81731	0.55366	0.83049	0.65912	1.09414	0.4482	0.73822	0.81731	0.71185	1.00846	0.90959	0.64594	0.46139	0.1516	0.65253	0.46139	0.92936	0.75799	0.903	0.62617	1.02164	0.46139	0.73163	0.83049	0.52071	0.52071	1.00187	0.64594	0.73822	0.92277	1.04141	0.50093	0.6789	1.17324	0.54048	0.38888	0.84368	1.26552	0.95573	0.81731	0.39547	1.02164	0.55366	0.83709	0.71185	0.72503	0.85027	0.73822	0.7514	0.69867	0.48116	0.80413	0.6789	0.84368	0.65912	0.96891	0.61298	0.94255	0.54048	0.84368	1.33802	1.01505	0.77117	0.9755	0.95573	1.12051	1.09414	1.06778	1.36438	0.62617	0.8239	1.04141	0.41525	0.39547	0.39547	1.27211	0.73163	0.77117	1.17324	0.72503	0.31638	0.69208	0.87004	1.12051	0.73822	0.61958	0.86345	1.13369	0.61958	0.54048	1.12051	0.81072	0.91618	1.21938	1.20619	0.48116	0.96891	1.0546	1.21279	0.96891	1.02823	0.44161	1.14028	0.54707	0.42184	1.11392	0.73163	0.61298	0.42184	0.47457	0.66571	0.71844	0.75799	0.9755	0.8239	0.63935	0.6789	0.903	0.91618	0.7514	0.68549	0.65912	0.50093	0.77117	0.92277	0.74481	1.02823	0.81731	0.94914	0.93595	1.16665	1.1271	0.81072	0.42843	0.68549	0.77117	0.79095	1.26552	0.79095	1.16006	1.13369	1.08096	0.58003	0.54048	0.93595	0.81731	0.76458	0.66571	0.63935	0.79095	0.81072	0.69867	0.87663	1.01505	0.54048	0.71185	1.1271	0.83709	0.78436	0.92936	0.75799	0.50752	1.10073	0.6789	0.87004	0.903	0.48116	0.65912	0.58003	0.90959	0.93595	0.73822	0.60639	0.80413	0.52071	0.6723	1.16006	0.47457	0.52071	1.14687	0.56685	1.12051	1.25233	0.69208	0.62617	0.29661	0.78436	0.56025	1.17983	1.33802	0.44161	0.81731	0.50093	0.63935	0.71185	0.61298	1.29188	1.10733	1.32484	0.73822
cell61	1.13176	1.05663	2.25414	1.34779	0.94392	1.78453	1.4511	0.74668	1.12707	1.78922	0.91574	0.68563	1.54972	1.71408	1.63425	1.00027	1.0848	2.01933	1.01436	1.31961	1.31022	1.5732	1.54972	0.37099	1.36187	1.66243	0.81712	1.29613	1.80331	0.82182	1.67182	1.46519	1.44171	0.88757	1.67651	0.91105	1.60138	1.09889	1.00027	1.27265	1.29613	1.12707	1.51685	1.03784	1.50745	0.56353	1.64834	1.12707	1.11768	1.01436	1.31022	1.2116	1.71878	0.71851	1.11298	1.25386	1.00967	0.99558	0.91105	1.02845	1.39005	1.39944	0.7279	1.07541	0.32873	1.53563	1.10828	1.22099	1.24447	1.14585	1.26326	1.05193	1.63895	0.91105	0.73259	0.78895	0.89696	0.92044	1.26326	1.13176	1.07541	1.58729	1.06602	1.74226	1.23038	0.82652	1.02845	1.28674	0.95331	1.15525	1.23038	0.92514	0.76077	1.23508	0.69972	0.94392	1.39944	1.21629	0.88287	0.76077	1.38536	1.25386	1.20221	0.86409	1.35248	0.97679	1.32431	1.91132	1.24917	1.32431	0.98149	1.29143	0.77016	0.8453	2.15552	0.8453	1.27265	1.54972	0.95801	1.55911	0.61519	0.82652	1.17873	1.34779	0.94392	1.65773	1.17873	0.93453	0.92514	1.15055	2.0569	1.04254	1.09889	1.38536	1.03315	1.65303	1.52154	0.77016	1.94889	1.03315	0.43674	1.24917	1.18812	0.89226	0.7279	0.83591	1.14116	1.0895	1.07072	2.14613	1.01436	0.7279	1.37596	1.55442	1.12237	1.13646	0.83121	1.34779	1.49806	0.77016	1.41823	1.03315	0.93453	0.64806	1.0942	1.11298	0.79364	1.16933	1.03784	1.6953	1.65773	1.2116	0.69972	1.48867	0.59641	1.49806	3.01021	0.64337	1.34779	1.52624	1.35718	1.03315	1.4558	1.78922	1.14585	1.60138	1.3337	1.329	2.0616	1.02845	1.00027	0.61989	1.17403	2.24944	1.84088	0.59641	1.5732	0.61519	1.31961	0.73729	0.82182	0.97679	1.27734	0.82652	1.31491	1.13176	1.3337	1.31022	1.16933	0.81712	1.51215	0.71381	0.85939	0.94392	1.15994	0.87348	0.9674	1.15525	1.40884	1.22099	1.19751	0.56353	1.83149	0.67155	1.27734	1.329	1.77044	1.62486	1.12707	1.22099	0.81243	1.27734	1.48867	1.5685	1.04254	0.94392	1.36657	1.67182	0.89226	1.75165	1.12237	1.73287	1.18342	1.25386	0.63867	0.9627	1.25856	0.4884	0.9674	0.71381	0.3663	0.73729	0.55414	0.76547	0.93922	0.40387	0.66685	0.35221	0.67624	0.84061	0.88757	0.88287	1.31022	0.69972	0.7279	0.77956	0.78895	0.63398	0.91574	0.52127	0.77486	0.3616	1.16933	0.76077	0.77486	0.95801	0.69972	0.55884	0.95331	0.7279	0.55414	0.4884	0.68094	0.87817	1.01436	0.56823	0.64337	0.46961	0.8453	1.10828	0.77486	0.76077	0.75138	0.61519	0.47431	0.9721	0.59641	1.02375	0.70442	0.54945	0.93453	1.0942	0.51188	1.03784	1.01906	0.70442	0.76547	0.87817	0.83121	0.71851	1.4511	0.89226	0.73259	0.8453	1.40414	1.19751	0.46961	0.41326	1.22099	0.57762	0.97679	0.87817	0.56823	1.28204	0.87348	0.63867	0.94392	0.61989	0.77956	0.9674	0.76077	0.80773	0.82652	0.82182	1.06602	0.69503	0.77016	1.0848	0.83591	0.57762	1.36187	0.59641	1.13176	1.01906	1.21629	0.55884	1.05663	0.82182	1.41823	0.86409	0.67155	1.21629	1.30083	1.28204	1.12707	0.80773	0.9721	0.75138	0.75608	0.7232	0.69033	1.00027	0.80773	0.64337	0.99088	0.83121	0.63398	0.55884	0.45552	1.09889	0.42265	0.80304	0.34282	1.12237	0.49779	1.18812	0.79834	0.86878	0.46022	0.67155	0.59641	0.4837	0.38978	0.69972	0.35221	0.89226	1.61547	0.6011	0.55884	0.79364	0.79364	0.67624	0.6105	0.61989	0.74199	0.82182	0.69972	0.90165	0.55414	0.89696	0.52127	1.22099	0.94862	1.26795	0.65276	0.98149	1.34309	0.90165	1.14585	0.88757	0.54945	0.92983	1.01436	0.62458	0.56823	0.58701	0.84061	1.01906	0.50248	0.46492	0.49309	0.97679	0.71851	0.68563	0.83591	1.55911	1.07541	0.88287	0.63867	0.91574	0.69503	0.92514	0.49309	0.46022	0.87817	0.83591	0.57293	0.52597	0.54475	0.79834	1.00027	0.74199	1.01436	0.91105	0.94862	0.45552	1.3337	0.82652	0.8453	0.70442	0.70442	0.69503	0.51657	0.56353	0.77016	0.82652	0.54475	0.99558	0.75608	0.81712	0.70442	0.57293	1.51685	0.29116	0.83591	0.70442	0.45083	0.70911	0.90635	0.63867	0.6011	0.56823	0.63867	0.58701	0.39447	0.46492	1.13646	0.81243	0.85939	1.14585	0.69033	0.9674	1.00967	1.13646	0.82182	0.77956	1.32431	0.92983	0.75608	0.7279	0.95331	0.82182	1.29143	0.69972	0.81712	1.02845	0.86878	0.67624
cell62	0.90833	1.28215	1.7992	1.04458	1.18433	1.02013	0.87689	1.24022	1.53368	1.40442	1.46381	1.21926	1.22974	1.83763	0.96074	1.37298	1.22625	0.93279	0.68824	2.11013	2.09266	1.56862	1.54067	1.2542	1.49176	1.18433	0.62535	1.02362	1.13541	1.05506	1.09	1.01314	1.28913	1.11096	1.00615	1.43936	1.31359	0.61836	1.3625	1.95291	0.59391	0.56247	0.90134	1.06554	0.89086	1.05157	1.00615	1.28215	0.61836	1.42888	2.18698	1.32057	1.34154	0.99917	1.12843	0.93279	1.54067	1.36599	0.98519	1.19131	1.54416	1.20529	1.48128	1.27166	1.56862	2.04724	1.34503	1.47779	1.359	1.48128	1.00266	1.48827	1.34852	0.73016	1.10397	1.51272	1.15288	1.30311	1.48477	1.21926	1.43936	1.27166	0.97122	1.03061	1.59657	1.1459	2.00532	1.49176	1.1983	1.359	1.65945	1.75029	1.42189	1.31359	1.11096	1.40442	0.78955	0.99567	0.83147	1.66993	0.90833	1.19131	0.93628	1.37647	1.40442	0.89436	0.64282	1.40442	0.58343	0.61138	1.78872	1.42189	1.18782	1.09699	1.32756	1.39045	1.18782	0.90833	1.00266	0.82798	1.27865	0.99917	2.24637	0.62186	1.40791	0.97471	0.77208	1.95291	0.80352	1.69089	0.88737	1.89003	1.33455	1.91448	1.69788	0.95026	0.62885	0.78606	0.60439	1.58609	1.6315	0.91532	1.18083	0.61836	1.12493	0.66029	1.09	1.36949	1.01663	1.21926	1.2542	0.88737	1.29612	0.98519	1.08301	1.48477	1.33455	1.47779	1.96339	1.78872	0.8699	1.00965	1.03061	1.24022	0.80003	0.91532	1.47779	1.33106	1.60006	0.87689	0.99567	0.99917	0.8734	1.06904	2.37214	0.63933	1.25769	0.82099	1.31359	2.29529	0.96772	1.06205	1.61753	2.20445	0.81051	0.90134	1.17035	0.96772	0.93279	1.15638	1.94243	1.24721	0.9258	1.10397	1.28913	0.63583	1.67343	0.93279	1.97388	0.64981	1.18782	1.904	0.96772	0.68474	2.08218	1.635	1.08301	0.98519	0.63583	0.9817	1.05157	1.19131	1.37997	1.39743	0.84545	1.13541	1.28564	1.26817	1.1983	2.13458	1.904	0.88038	1.56513	0.92929	1.0865	1.75727	0.83497	0.94327	0.91532	1.56862	1.15638	1.5791	1.3625	1.51272	1.17734	1.25769	0.89785	2.01929	1.2542	0.97122	1.72932	1.09699	0.75461	1.66295	1.13541	0.3808	0.86641	0.82099	0.7057	0.72317	1.09	1.00965	0.82798	0.79654	0.85593	0.9258	1.27865	0.51356	0.56945	0.79654	0.83846	0.83147	0.6009	0.69522	0.62885	0.79304	0.41923	0.98868	0.52404	0.92231	0.41224	0.52404	1.17035	1.29961	0.46115	0.88737	0.24106	0.80352	0.59391	0.97122	0.93977	1.26118	0.86641	0.76859	1.34154	0.82099	1.00965	0.89436	0.85243	0.61138	0.94676	0.9258	1.09699	0.63583	0.44718	0.85593	0.27599	0.86292	0.71968	0.51006	0.69872	0.90134	0.38429	0.7057	0.73365	1.20529	0.89436	0.75811	0.4891	0.61138	0.3284	0.545	0.81051	0.87689	1.00266	0.41224	0.62885	0.4926	0.6533	0.51705	0.88388	0.59391	0.8734	0.61487	0.95375	0.62885	0.37381	0.56247	0.53102	1.04808	0.90134	0.53452	0.74763	0.59391	0.73715	0.86292	0.52753	0.49609	0.80003	0.57994	0.52753	0.51356	0.68474	0.58692	0.64631	0.77208	0.61487	1.12843	1.08301	0.77558	0.55199	0.80003	0.82798	0.69522	1.00615	0.61487	1.51622	0.92929	0.59042	0.78256	0.95724	0.71968	0.45766	0.27949	1.15987	0.53452	0.55199	1.2507	0.51006	1.08301	0.60788	0.56945	0.4891	0.85942	0.63234	0.69173	0.85243	0.66378	0.82798	1.12144	0.76859	0.80003	1.10048	0.48561	0.49609	1.04808	0.73016	0.81051	1.02013	0.50308	1.58958	0.8699	0.74064	0.73715	0.61138	0.34586	0.78955	0.93977	0.2201	1.12144	0.99218	0.65679	0.51006	0.40176	0.81401	1.03759	0.40875	1.22625	0.42971	1.3066	1.04808	0.45766	0.50657	0.78256	0.93279	0.86292	0.82798	0.60788	1.16336	0.75461	1.16686	0.58692	0.67426	0.62885	0.81051	0.96074	0.69522	0.75112	0.34237	0.69872	0.68125	0.82099	0.5974	0.39478	0.80702	0.95724	0.72667	0.8175	0.98868	0.545	0.56945	0.82449	0.7616	0.79654	0.63933	0.64981	1.05856	1.02013	1.44285	1.07253	1.00965	0.8734	0.92231	0.75112	0.83846	0.93628	0.82798	0.28298	0.68474	0.71618	0.65679	1.12144	0.71269	0.62535	0.91532	1.04458	1.06904	0.88737	0.66727	0.67426	0.47513	0.7092	0.50657	0.76859	0.96772	0.62186	1.09699	0.46814	0.97471	0.62885	0.67077	1.10048	0.53452	0.55897	0.85243	0.88038	0.55897	1.13541	0.77907	0.94327	0.98519	1.16686	0.68125	0.96423	0.73365	0.85243	0.74413	1.18083
cell63	1.51126	0.9008	1.44426	0.93058	0.79657	1.1688	1.67504	0.89335	2.32272	1.77182	0.64768	0.80402	1.39214	0.9678	0.66257	1.3177	1.19858	1.39959	1.31025	0.57324	1.26558	1.19114	1.22836	2.09938	2.09938	0.82635	0.69235	1.3177	1.37725	0.75191	1.20603	1.08691	0.60301	0.86358	2.05471	0.90824	0.7668	2.0696	0.69979	0.75935	1.36981	1.30281	0.99013	1.8016	1.24325	0.81146	1.3177	1.83882	2.09938	1.68993	0.9008	0.7668	0.6849	1.45914	0.72957	0.93058	1.22092	1.22092	0.87846	1.56337	0.99013	1.66759	0.9678	1.50381	1.66015	1.32514	0.93058	0.99758	1.17625	1.48892	1.21347	1.68993	1.92071	0.43923	2.23338	1.89093	1.34748	0.96036	0.97524	1.30281	2.91829	1.52615	1.13903	1.54848	1.92071	1.6527	1.41448	0.61046	0.86358	0.72213	1.02736	0.88591	0.70724	0.82635	1.35492	1.72715	1.3847	1.49637	0.86358	1.20603	0.4169	1.39214	0.99013	1.06458	1.57081	0.56579	1.45914	0.69979	1.41448	1.32514	0.64768	1.0348	1.28047	1.8686	1.12414	0.69979	1.48148	1.33259	1.14647	1.37725	1.68993	1.3177	1.23581	1.29536	1.82393	1.67504	0.87102	1.32514	1.36236	0.78913	1.60804	1.59315	0.98269	1.6527	1.61548	0.44668	0.7668	1.39959	1.21347	1.22092	0.58812	1.3847	1.01991	0.90824	0.89335	1.13158	1.1018	0.67002	1.60804	1.13158	1.0348	1.76437	1.12414	1.66759	1.09436	1.17625	2.08449	0.81146	0.4169	1.14647	1.9356	1.71226	1.68993	1.60059	1.12414	1.33259	1.3847	1.23581	0.61046	1.05714	1.1688	2.07705	1.25814	1.12414	1.6527	1.34003	1.54104	0.75935	1.20603	1.30281	1.53359	1.36236	0.56579	0.72213	1.5857	1.11669	0.80402	1.22836	1.15392	1.25814	0.65513	1.85371	0.52112	0.98269	1.04225	1.81649	1.22092	1.4517	2.0026	0.93802	1.07202	0.70724	1.27303	1.54104	1.56337	1.01991	0.96036	0.91569	0.74446	0.96036	1.20603	1.15392	0.94547	0.57324	0.87846	1.19114	0.79657	1.19114	1.81649	1.28792	0.75191	1.20603	0.88591	0.99758	1.18369	1.4517	0.7668	1.63782	1.84626	1.53359	2.53117	1.63782	0.64024	1.15392	2.35994	1.25814	0.71468	0.65513	0.75935	1.54848	1.17625	1.40703	1.34003	1.48148	0.9008	0.9678	0.51368	0.54346	0.75935	0.91569	0.72957	0.77424	1.01991	0.84124	0.86358	1.02736	1.1688	1.07202	0.9678	0.57324	1.08691	0.49879	1.01991	0.45412	0.55835	0.46157	0.99013	1.44426	1.40703	0.42434	0.52112	0.8338	0.37223	0.73702	0.91569	0.70724	0.9678	0.72957	1.24325	0.50623	0.81146	0.84869	0.54346	0.80402	0.92313	0.9678	0.63279	0.90824	0.82635	0.94547	0.61046	1.01247	1.01991	1.04969	1.24325	1.07202	0.6179	0.57324	0.77424	0.81146	0.94547	0.51368	0.56579	0.95291	0.79657	0.88591	1.04969	0.8338	0.77424	0.65513	0.64768	0.77424	0.86358	0.6849	0.96036	0.33501	0.62535	0.4839	0.58068	0.94547	1.34748	0.72213	0.58068	0.58068	0.73702	0.74446	0.61046	0.52112	0.64024	0.47646	0.49134	0.52112	0.65513	1.04969	1.36981	0.7668	0.87102	0.74446	0.38712	0.99013	1.07947	0.32756	0.72957	0.87102	0.66257	0.64768	0.61046	0.52112	0.86358	0.9678	0.70724	0.61046	1.13158	0.74446	1.01247	0.52112	0.2829	0.46157	0.87846	0.54346	0.9008	0.92313	0.91569	0.58068	0.70724	1.08691	0.45412	0.51368	0.93058	0.96036	0.74446	1.42937	0.86358	0.98269	1.02736	0.59557	0.71468	0.56579	0.40945	0.55835	0.7668	0.6849	0.82635	0.6849	0.79657	0.67002	0.87102	0.72957	0.88591	0.72213	1.4517	0.58812	0.46157	0.85613	0.93802	0.9678	0.71468	0.87846	0.51368	0.75935	1.74204	0.69235	0.70724	0.63279	0.70724	0.46157	1.3177	1.01991	0.7668	0.70724	0.87102	0.7668	0.59557	0.45412	0.56579	0.63279	0.7668	0.99758	0.43923	1.00502	0.74446	0.57324	1.02736	0.71468	0.72957	0.54346	0.79657	0.75191	1.49637	0.66257	1.01991	0.84124	0.82635	0.64024	0.73702	0.87102	1.06458	1.16136	0.4169	0.8338	0.67746	0.81146	0.64768	0.78168	0.46901	0.66257	0.90824	0.67002	0.44668	1.06458	0.51368	1.15392	0.6179	0.71468	1.01991	1.13158	0.64024	0.89335	0.43923	0.70724	0.75935	1.12414	0.35734	0.64768	0.84124	0.92313	0.42434	0.86358	0.69979	0.32012	0.97524	0.75935	0.64768	0.59557	0.75935	0.51368	0.61046	1.51126	0.94547	0.72213	0.85613	0.6179	0.65513	0.66257	0.93058	0.78913	0.69235	0.62535	1.0348	1.12414	0.43179	0.66257	0.63279	0.78168	0.53601	0.54346	0.46157	1.64526
cell64	2.22783	1.50436	1.63068	0.94166	1.14837	1.30914	0.96463	0.68902	1.1943	1.49287	0.33303	0.72347	1.38952	1.18282	1.45842	0.7694	2.14744	0.99908	1.90629	1.14837	1.53881	1.95222	1.58474	1.21727	1.41249	1.77997	0.81534	1.757	1.02204	1.11391	1.41249	1.49287	1.03353	1.10243	1.66513	0.84979	1.40101	0.37896	1.58474	0.97611	0.98759	0.68902	1.03353	1.52733	1.37804	0.7694	1.46991	1.10243	1.1943	0.97611	0.75792	2.22783	0.79237	1.50436	1.37804	0.86127	1.06798	1.37804	1.32062	1.34359	1.34359	1.80293	0.67754	0.87276	0.7005	1.94074	1.09095	2.11299	1.18282	1.1943	1.41249	1.22875	1.11391	1.48139	1.06798	1.36655	1.50436	1.1254	1.34359	0.97611	0.74644	0.97611	1.8948	1.79145	1.18282	1.64216	1.28617	1.59623	0.62012	1.60771	1.1943	0.91869	1.35507	1.24023	0.86127	0.97611	1.42397	1.07946	1.0565	1.36655	1.14837	1.28617	1.1943	1.757	1.66513	1.03353	1.53881	1.18282	0.87276	1.01056	1.46991	0.71199	1.1943	1.32062	1.3321	1.1254	1.14837	1.42397	0.98759	0.4938	0.6316	1.38952	0.55122	1.92925	0.67754	1.51584	1.24023	0.62012	1.03353	1.90629	1.50436	1.35507	1.3321	0.90721	1.27469	0.86127	0.95314	0.47083	1.52733	1.73403	0.91869	1.02204	0.84979	1.02204	1.84887	1.37804	1.88332	1.11391	1.20578	0.47083	0.84979	1.03353	0.75792	0.82682	1.17133	1.48139	0.66605	1.43546	0.87276	1.51584	1.49287	0.86127	1.11391	0.82682	1.35507	1.36655	0.90721	2.29673	0.83831	1.09095	1.38952	1.14837	1.01056	1.24023	0.98759	1.60771	1.22875	1.13688	1.30914	1.90629	1.02204	2.27376	1.3321	1.2632	1.21727	0.72347	0.45935	1.10243	0.83831	1.60771	1.28617	1.50436	1.64216	1.04501	1.66513	0.88424	1.07946	1.09095	0.83831	0.91869	1.29765	1.50436	1.02204	0.87276	1.29765	1.11391	1.48139	1.49287	0.86127	1.94074	1.27469	0.71199	1.15985	0.94166	0.89572	1.46991	1.8259	1.53881	1.17133	0.80386	0.73495	1.02204	0.83831	1.36655	1.92925	1.2632	3.07762	0.83831	1.24023	1.17133	1.01056	0.65457	1.06798	0.50528	0.84979	1.66513	1.8948	1.58474	0.88424	1.21727	1.35507	0.79237	0.83831	1.65365	0.52825	0.59715	0.18374	0.48231	0.4938	1.04501	0.83831	1.09095	1.65365	0.78089	0.66605	0.95314	0.45935	0.68902	0.98759	0.53973	0.71199	1.45842	1.53881	1.07946	0.68902	0.34451	1.0565	0.73495	1.3321	0.71199	1.71106	0.7694	0.84979	0.88424	1.04501	1.09095	0.53973	0.83831	0.41341	0.67754	0.84979	0.58567	0.58567	0.79237	0.67754	0.67754	1.09095	0.78089	0.66605	0.51676	0.66605	0.65457	1.56178	0.89572	1.14837	0.78089	1.09095	0.74644	1.04501	1.06798	0.73495	0.39044	0.5627	0.89572	0.50528	0.82682	0.43638	1.01056	0.34451	0.59715	1.49287	0.93018	0.57418	0.51676	0.84979	0.35599	0.40193	0.66605	0.71199	1.1254	0.64308	1.02204	0.75792	1.10243	0.79237	0.71199	0.73495	1.10243	0.6316	0.43638	0.50528	0.65457	0.91869	0.31006	1.07946	0.5627	0.57418	0.28709	0.65457	0.87276	1.04501	0.65457	0.71199	1.09095	0.59715	1.13688	0.80386	1.11391	0.73495	0.98759	0.41341	0.98759	0.5627	0.84979	0.64308	0.55122	1.15985	0.58567	1.02204	0.47083	0.74644	0.40193	0.47083	0.84979	0.87276	0.58567	1.15985	1.25172	0.66605	1.13688	1.13688	0.72347	0.51676	0.40193	0.84979	0.81534	0.64308	0.5627	0.41341	0.71199	0.65457	0.7005	0.97611	0.6316	0.62012	0.87276	0.79237	1.04501	0.39044	0.43638	0.80386	1.27469	1.24023	0.75792	0.87276	0.43638	0.58567	0.74644	0.71199	0.60863	0.91869	0.67754	1.14837	1.0565	0.7005	0.28709	1.03353	0.83831	0.87276	0.81534	0.52825	1.2632	0.78089	0.5627	1.30914	1.04501	0.90721	0.83831	0.96463	0.78089	1.09095	0.64308	0.6316	0.79237	1.09095	0.48231	0.40193	0.47083	0.7694	0.36748	0.75792	0.28709	0.83831	0.95314	0.81534	0.67754	0.47083	0.53973	0.60863	0.7005	0.83831	0.31006	1.10243	0.99908	0.66605	0.29857	0.75792	0.94166	1.17133	1.02204	0.86127	0.39044	1.0565	0.86127	0.45935	1.17133	0.84979	0.5627	1.13688	0.35599	1.45842	0.53973	0.62012	0.43638	0.50528	0.33303	0.81534	0.88424	0.50528	0.6316	0.78089	0.51676	0.73495	0.81534	1.15985	0.6316	0.93018	0.84979	1.1943	0.98759	0.60863	0.87276	0.86127	1.59623	0.5627	0.88424	1.06798	0.64308	0.53973	0.7694	1.1254	1.13688	0.79237	0.24116	1.24023	1.65365	0.7694	0.89572
cell65	0.9576	1.39007	1.09661	1.26651	1.17384	1.15839	1.85343	0.98849	0.57147	1.08116	0.88038	0.94216	1.74531	0.94216	1.03483	1.17384	1.26651	1.31284	1.54452	1.35918	1.54452	0.37069	1.06572	1.11206	1.08116	1.17384	1.1275	1.05027	1.57541	0.43247	1.2974	0.86493	1.05027	1.83798	0.66414	1.31284	0.57147	1.52908	1.4364	0.67959	0.75682	0.92671	2.00788	0.83404	1.06572	1.25106	1.11206	1.71442	0.94216	1.11206	0.88038	1.65264	0.86493	0.55603	0.77226	0.88038	1.39007	1.69897	0.88038	0.9576	1.9461	0.50969	0.88038	1.2974	1.4364	1.45185	1.6063	1.82254	1.51363	1.97699	2.03877	0.8186	1.18928	0.98849	0.9576	1.57541	0.61781	1.17384	1.09661	0.91127	1.62175	0.66414	1.23562	1.14295	0.94216	1.79164	1.25106	0.97305	1.17384	1.57541	0.52514	1.4364	1.09661	1.1275	1.9461	1.40551	1.11206	1.83798	0.83404	1.88432	1.25106	0.88038	1.93065	2.14688	1.28195	1.45185	1.01938	1.49819	1.22017	1.03483	0.75682	1.39007	1.22017	1.06572	0.72593	1.11206	1.6063	0.9576	1.54452	1.18928	1.39007	1.39007	0.86493	0.88038	1.31284	1.79164	0.75682	1.20473	1.63719	0.83404	2.68747	1.03483	0.66414	1.22017	1.74531	1.18928	0.66414	1.83798	0.86493	1.14295	0.74137	1.15839	1.80709	0.78771	1.55997	1.59086	0.94216	2.36312	1.14295	0.57147	0.77226	0.84949	1.08116	0.92671	1.37462	0.35524	1.9461	1.20473	1.54452	0.9576	0.89582	1.88432	1.51363	1.59086	1.09661	1.09661	1.2974	1.06572	0.88038	1.00394	0.71048	1.57541	1.39007	0.98849	0.52514	0.83404	1.31284	0.67959	0.97305	1.72986	1.35918	1.11206	1.4673	1.34373	1.05027	0.88038	1.51363	0.35524	0.75682	1.40551	1.31284	1.06572	0.50969	0.57147	0.77226	0.63325	1.15839	1.35918	1.68353	1.57541	1.68353	1.9461	0.92671	1.31284	1.11206	0.63325	1.20473	1.49819	2.22411	1.42096	0.86493	0.66414	0.77226	2.02332	0.63325	0.9576	1.22017	1.03483	1.08116	0.72593	2.00788	1.14295	1.26651	0.60236	0.78771	2.50212	1.40551	0.94216	1.52908	0.97305	0.80315	2.95004	1.82254	1.62175	1.25106	0.89582	2.06966	0.4788	1.42096	1.17384	1.22017	1.45185	1.14295	1.20473	0.67959	0.69503	0.75682	1.25106	0.6487	0.8186	0.78771	0.49425	0.83404	1.00394	1.05027	0.83404	0.72593	0.37069	0.29346	0.67959	1.1275	0.66414	0.61781	1.18928	0.88038	0.88038	0.9576	0.60236	0.4788	0.3089	0.3089	0.84949	1.17384	0.80315	0.67959	0.69503	0.94216	0.55603	0.67959	0.92671	0.63325	0.44791	0.88038	1.37462	0.94216	1.15839	0.78771	1.00394	0.35524	0.9576	0.83404	1.17384	0.75682	1.28195	0.84949	0.75682	0.58692	0.44791	0.75682	0.55603	0.63325	0.71048	0.78771	0.67959	0.69503	0.75682	0.74137	0.6487	0.74137	0.69503	0.91127	1.00394	1.09661	2.61024	0.77226	1.23562	0.8186	0.38613	0.66414	0.69503	1.55997	0.57147	0.50969	1.00394	0.83404	0.69503	0.6487	0.67959	1.62175	0.83404	0.43247	0.92671	1.26651	0.32435	1.06572	0.89582	0.54058	0.78771	0.80315	1.35918	0.6487	0.66414	1.05027	0.52514	1.03483	0.92671	0.91127	0.74137	0.46336	1.15839	0.80315	0.38613	1.00394	0.92671	0.97305	0.63325	0.71048	0.54058	0.60236	0.89582	1.08116	0.8186	0.92671	0.77226	0.57147	0.9576	0.74137	0.4788	0.84949	0.84949	0.6487	0.86493	0.94216	1.00394	0.63325	0.55603	0.83404	0.46336	0.49425	1.37462	1.66808	0.6487	0.61781	1.37462	0.37069	0.58692	1.11206	0.49425	0.97305	0.27801	0.55603	1.15839	0.91127	1.05027	0.46336	0.37069	0.67959	0.94216	0.44791	0.94216	0.72593	0.84949	0.63325	0.55603	1.26651	0.46336	0.78771	0.67959	0.92671	0.77226	0.60236	1.08116	1.2974	0.78771	0.63325	0.72593	1.1275	0.61781	0.6487	0.50969	0.72593	0.43247	0.61781	1.23562	0.75682	0.50969	1.39007	0.43247	1.1275	0.46336	0.72593	0.58692	0.91127	1.48274	0.66414	1.37462	0.86493	1.14295	0.74137	0.84949	0.91127	0.69503	0.67959	0.66414	0.50969	0.55603	0.84949	0.75682	1.57541	1.42096	0.49425	0.83404	0.67959	0.43247	1.14295	0.44791	0.83404	0.41702	0.77226	1.05027	0.89582	1.34373	0.61781	0.38613	0.4788	0.49425	0.54058	0.55603	1.06572	0.98849	0.46336	0.52514	1.2974	1.23562	0.57147	0.8186	0.44791	0.52514	0.75682	1.4364	1.31284	0.74137	0.52514	0.97305	0.35524	0.9576	0.4788	0.94216	0.49425	0.63325	0.63325	1.18928	0.61781	0.37069	0.89582	0.74137	1.05027	0.88038
cell66	1.18306	1.09801	1.72433	1.02841	0.68819	0.92016	1.48463	1.21399	1.53876	0.75005	1.20626	1.48463	0.71912	1.35318	1.15987	1.4305	1.49236	1.02068	0.93563	1.02841	1.61608	1.18306	0.94336	0.98202	1.1676	0.81191	1.28358	1.29132	1.29905	1.02841	1.60835	1.03615	1.44597	0.67272	0.74231	1.24492	1.38411	1.1444	1.24492	0.8351	2.11096	1.48463	0.74231	1.96404	1.18306	2.15735	0.87377	0.95109	0.84284	0.54127	0.92016	1.72433	1.04388	1.29905	1.23719	1.41504	1.7398	1.23719	0.74231	0.99748	1.06708	1.02068	1.29132	0.94336	0.68045	1.1212	1.46143	1.23719	0.78871	1.21399	1.09027	0.77324	0.82737	0.9047	1.29905	1.43823	0.9047	1.12894	1.04388	1.05161	0.8583	0.41755	1.13667	0.87377	2.10322	0.98975	0.98975	2.12642	0.92016	0.5954	1.50009	1.79393	0.72685	1.04388	0.92789	0.78098	1.12894	1.27585	1.51556	1.05934	1.36091	1.49236	0.81191	0.61086	1.1212	1.80939	1.34544	0.44848	1.36864	1.05161	0.95109	1.22946	1.39957	1.05161	1.4769	1.02068	0.93563	1.15987	0.93563	0.92789	1.35318	1.77846	2.25787	0.68045	0.98202	1.26812	0.99748	1.4305	0.75778	1.22173	1.50009	0.93563	1.26812	1.61608	0.95882	1.08254	1.58515	1.66247	1.60835	1.23719	0.69592	1.21399	1.55422	0.92789	1.61608	1.19853	1.51556	0.5954	1.24492	1.39184	0.75778	1.36864	1.31451	1.18306	2.04136	0.73458	1.36091	1.11347	1.36091	2.14189	1.75526	1.37637	1.08254	0.85057	0.56447	1.02841	1.11347	0.84284	1.02841	0.8351	0.67272	1.27585	1.18306	1.30678	1.35318	0.71138	1.25266	1.08254	1.20626	1.08254	1.11347	2.55944	1.18306	1.53876	0.73458	1.46143	0.94336	1.30678	1.01295	0.71138	1.25266	1.56969	0.95882	0.75778	1.63928	1.1212	1.37637	0.64952	0.80417	0.76551	1.41504	1.26812	1.46916	2.05683	1.21399	2.11869	1.95631	0.84284	1.66247	0.71912	1.56195	1.1212	1.03615	1.09801	1.80939	0.93563	1.1444	1.52329	0.71912	0.6186	1.33771	1.06708	0.60313	1.37637	1.1444	1.20626	1.4769	1.43823	0.60313	1.78619	1.49236	0.95882	1.97177	1.41504	1.09027	1.08254	0.65726	1.93311	1.4769	0.70365	1.08254	1.02841	0.67272	0.99748	0.9047	0.81191	0.44848	0.66499	0.56447	0.79644	1.1908	1.05161	0.44075	0.82737	0.47168	0.46395	0.82737	0.66499	1.39184	1.29905	0.60313	0.91243	0.74231	0.66499	1.00522	0.63406	0.81191	0.85057	0.78098	1.00522	1.09801	0.68045	0.82737	0.60313	0.38662	0.8815	0.5954	0.62633	0.5722	1.64701	1.18306	0.72685	0.78098	1.08254	0.87377	0.6186	1.19853	0.64952	0.84284	0.81191	0.76551	0.64952	1.01295	0.57993	0.85057	1.79393	1.06708	1.37637	0.74231	0.75778	0.89696	1.13667	0.76551	0.8583	0.92789	0.6186	0.75778	0.54127	1.1212	0.68819	0.6186	0.88923	0.71138	0.62633	0.78098	0.5954	0.82737	1.00522	0.79644	1.07481	0.88923	0.5722	0.78098	0.92789	0.49488	0.47941	1.22946	0.47941	1.05161	0.71138	0.31703	0.75778	0.73458	1.05161	0.81191	0.64179	1.09027	0.75778	1.43823	1.02068	0.94336	0.85057	1.01295	0.99748	0.87377	0.99748	0.49488	0.73458	0.70365	0.88923	0.75005	0.8583	0.79644	1.05161	0.69592	0.85057	0.61086	0.87377	0.91243	0.58767	0.74231	0.94336	1.26039	1.09027	1.10574	0.97429	0.75778	0.49488	0.2861	0.76551	1.60835	0.58767	1.56969	0.99748	0.48714	1.00522	0.60313	0.63406	0.67272	1.26812	0.80417	1.05934	0.67272	1.06708	1.00522	0.99748	1.01295	0.47941	0.62633	1.03615	0.30157	0.98975	0.32476	0.57993	0.5722	1.18306	0.8583	0.74231	0.55674	1.1908	0.54127	0.41755	0.80417	1.42277	0.84284	0.64179	0.68819	0.84284	1.04388	0.52581	1.01295	0.50261	0.89696	0.70365	1.12894	0.52581	1.19853	0.75778	0.78871	0.82737	0.61086	0.71912	0.91243	0.70365	0.60313	0.44075	0.80417	1.28358	0.549	1.11347	0.38662	0.97429	1.00522	0.64952	0.98975	0.73458	0.85057	1.00522	0.81191	1.05161	0.40982	0.81191	0.78871	0.61086	0.74231	0.63406	0.8815	0.47941	0.57993	0.84284	0.60313	0.95882	0.56447	0.86603	0.62633	0.78098	0.92016	1.56969	1.04388	0.87377	1.06708	0.69592	0.77324	0.81191	0.76551	0.96655	1.32998	0.74231	0.44848	0.84284	0.40982	1.15213	1.1908	0.32476	0.51807	1.38411	0.549	0.74231	1.1212	0.72685	0.75005	1.07481	0.75005	0.60313	0.78871	1.44597	0.549	0.9047	0.65726	0.47168	0.84284	0.77324	0.46395	0.67272	0.55674	0.50261	0.87377	1.19853
cell67	1.66011	1.7565	1.83147	1.17814	2.36699	0.96393	1.57442	0.77115	1.12459	1.56371	0.9318	0.91038	0.58907	0.58907	0.72831	0.78186	1.53158	0.83541	2.05639	1.58513	1.60656	1.22098	0.72831	1.58513	1.88502	1.11388	1.18885	1.49945	0.68546	0.69617	1.6494	1.3388	1.66011	1.26382	0.4177	0.73902	1.60656	1.11388	2.22776	0.72831	1.39235	0.8247	1.16743	0.67475	1.17814	1.00677	1.3388	2.01355	1.0282	1.72437	0.95322	0.95322	1.37093	0.92109	0.58907	1.21027	2.42054	1.3388	2.04568	1.1353	0.96393	1.09246	1.53158	1.3388	0.6212	0.9318	1.52087	0.80328	1.45661	1.3388	0.66404	1.41377	1.76721	0.83541	1.56371	0.57836	1.21027	1.49945	1.73508	0.42841	1.2424	0.89967	0.70688	0.77115	1.17814	1.51016	0.66404	0.63191	1.16743	0.96393	1.36022	1.68153	1.1353	1.03891	0.89967	1.31738	1.0282	1.62798	1.07104	1.46732	1.43519	1.08175	1.38164	1.03891	0.52481	0.70688	1.12459	1.6494	0.86754	1.12459	0.76044	0.71759	1.49945	0.74973	0.94251	1.72437	1.79934	1.63869	0.89967	1.23169	1.72437	1.1353	0.74973	0.64262	1.42448	1.10317	1.3388	2.04568	1.6494	1.68153	0.56765	2.04568	1.57442	0.66404	0.80328	1.16743	1.17814	1.59584	0.70688	0.48197	1.46732	0.92109	0.84612	1.59584	1.59584	1.48874	1.89574	0.91038	1.25311	0.80328	0.9318	1.60656	1.553	1.47803	0.88896	1.19956	1.15672	0.77115	0.77115	1.21027	1.2424	1.07104	0.59978	0.94251	1.22098	2.16349	1.70295	1.37093	1.0282	2.43125	1.66011	1.66011	0.96393	1.12459	1.39235	0.63191	0.99606	1.06033	1.60656	1.25311	1.22098	1.07104	1.06033	0.70688	1.12459	1.52087	1.54229	0.64262	0.9318	1.0282	0.97464	1.11388	0.74973	1.52087	1.3388	0.95322	1.18885	0.48197	1.78863	0.92109	0.63191	0.78186	1.53158	1.48874	1.29595	1.7565	1.57442	1.26382	2.0671	1.14601	1.04962	1.10317	0.99606	1.42448	1.25311	0.73902	1.28524	0.92109	0.97464	1.37093	1.15672	1.17814	0.9318	1.76721	1.30666	0.68546	2.51694	0.94251	1.10317	0.81399	0.85683	0.67475	1.11388	1.28524	1.11388	1.72437	1.45661	1.04962	1.01748	0.9318	0.86754	1.41377	2.23847	1.09246	0.94251	0.50339	0.49268	0.55694	0.80328	1.1353	1.0282	0.42841	0.97464	0.91038	0.99606	0.58907	0.87825	0.70688	0.92109	0.54623	0.9318	0.61049	0.38557	0.99606	0.53552	1.03891	0.25705	1.99213	0.86754	1.32809	0.65333	0.61049	1.00677	0.70688	0.59978	0.87825	1.2424	0.63191	0.59978	0.78186	0.84612	1.36022	1.23169	0.79257	0.32131	0.50339	0.39628	0.71759	1.03891	0.79257	0.65333	0.55694	0.70688	1.03891	0.5141	1.19956	0.64262	0.4177	0.49268	0.58907	1.01748	0.54623	0.48197	1.17814	0.8247	0.92109	0.39628	0.83541	1.17814	0.72831	1.0282	0.73902	0.70688	0.78186	0.65333	1.1353	0.76044	0.80328	0.43913	0.70688	1.10317	0.86754	1.09246	0.67475	1.17814	0.94251	0.71759	0.77115	0.67475	0.80328	0.72831	0.78186	0.67475	1.00677	1.19956	0.76044	0.69617	1.04962	0.73902	0.47126	0.52481	0.78186	1.48874	0.97464	0.59978	0.72831	0.49268	0.72831	0.61049	0.64262	0.83541	0.87825	0.8247	0.65333	0.78186	0.71759	0.56765	0.61049	0.86754	0.74973	1.17814	0.79257	0.66404	0.49268	0.46055	0.79257	0.94251	0.98535	1.22098	1.08175	0.65333	0.83541	1.09246	0.88896	0.50339	1.0282	1.01748	0.72831	0.81399	0.79257	0.99606	0.63191	0.76044	0.59978	1.01748	0.89967	1.37093	0.4177	0.70688	0.65333	0.80328	0.84612	1.06033	0.72831	1.15672	0.95322	0.42841	0.67475	0.94251	1.27453	0.95322	0.35344	0.63191	0.6212	1.0282	0.69617	0.46055	0.58907	0.74973	0.87825	0.96393	0.81399	0.71759	0.99606	0.99606	0.68546	0.64262	1.12459	0.68546	0.74973	1.59584	0.98535	0.72831	0.74973	0.79257	0.89967	0.96393	0.89967	0.77115	0.46055	0.40699	0.92109	0.65333	0.68546	0.84612	0.56765	0.86754	0.83541	0.76044	0.50339	0.78186	0.74973	0.49268	0.44984	1.10317	0.8247	0.97464	0.72831	0.98535	0.96393	0.68546	0.54623	0.81399	0.8247	0.47126	0.72831	0.8247	1.42448	0.74973	0.83541	0.86754	0.56765	0.42841	0.56765	0.66404	0.8247	0.9318	0.50339	0.71759	1.71366	0.68546	0.89967	0.64262	0.66404	1.25311	0.76044	0.78186	1.0282	0.52481	0.52481	0.99606	0.74973	0.54623	0.71759	0.89967	0.81399	0.66404	0.99606	1.31738	0.6212	0.63191	0.77115	0.69617	1.22098	0.63191	1.18885	0.86754	0.65333
cell68	1.21232	2.38584	1.72634	1.02804	1.62935	1.71664	1.27051	1.19292	1.37719	1.42568	1.72634	0.71769	2.09488	1.46448	1.14443	1.52267	0.76618	1.71664	1.03774	0.88257	0.6789	1.46448	1.88151	1.23171	0.83407	1.04744	1.319	1.42568	1.3093	1.27051	1.17352	0.96015	0.98925	1.38689	1.21232	0.79528	1.81362	1.49357	1.9688	0.88257	1.50327	1.93001	1.26081	1.59056	1.85242	1.27051	1.60026	1.10563	1.66815	1.67785	0.96985	0.58191	1.20262	1.76513	1.11533	1.3481	1.3287	1.66815	1.3384	0.90196	1.60996	1.26081	1.27051	1.3481	1.53237	1.23171	1.16382	1.41599	1.08624	0.84377	1.90091	1.53237	1.82332	1.47418	1.01835	0.96015	0.80498	0.92136	0.58191	1.3093	0.6595	1.47418	1.84272	1.05714	0.78558	0.6595	0.93106	1.28021	1.3384	1.21232	0.96985	0.79528	0.86317	1.09593	1.37719	1.21232	2.05609	0.69829	1.41599	1.65845	0.6498	2.07548	0.58191	1.44508	1.11533	1.60996	1.24141	1.3093	1.60026	0.85347	0.83407	1.59056	0.6886	1.22201	1.2899	0.73709	0.96015	0.75649	1.2899	0.6595	1.86212	1.16382	1.15412	1.70694	0.99895	1.2996	1.87182	1.52267	1.89121	1.3093	1.20262	0.99895	1.78453	1.27051	1.42568	1.25111	0.6401	1.3287	0.32975	1.67785	1.24141	1.60026	0.62071	1.18322	1.58086	0.91166	1.19292	1.74573	1.2899	1.00865	1.21232	0.89226	1.2899	0.74679	0.80498	1.53237	1.04744	1.00865	1.44508	1.12503	1.3093	1.43538	1.22201	1.3287	0.44613	1.58086	0.74679	0.94076	1.2996	1.59056	1.57116	1.22201	1.58086	2.27915	1.57116	1.3287	2.25006	0.6498	1.36749	1.17352	0.94076	1.19292	0.90196	1.05714	0.97955	1.3093	0.91166	0.6304	1.15412	0.84377	1.9591	1.09593	1.21232	1.20262	0.94076	1.40629	1.80393	2.54101	1.23171	1.16382	0.6692	1.66815	1.11533	1.36749	0.77588	2.24036	0.75649	1.02804	1.07654	1.07654	0.53342	1.319	0.86317	1.28021	0.51402	1.319	1.06684	0.78558	1.55176	1.14443	0.69829	0.83407	1.14443	0.79528	1.37719	1.13473	0.77588	1.01835	0.40734	0.99895	1.37719	1.46448	1.72634	1.49357	0.6401	1.40629	0.96985	1.08624	1.40629	0.90196	0.89226	0.80498	1.20262	0.88257	0.6886	0.56251	0.96985	1.02804	1.20262	1.00865	0.39764	0.90196	0.87287	0.76618	1.08624	0.78558	0.93106	0.33945	0.6789	0.77588	0.53342	0.47523	1.06684	0.6595	0.49462	1.22201	0.83407	0.82437	0.72739	0.80498	0.62071	0.71769	0.32975	0.32005	1.17352	0.77588	0.95046	0.32975	0.52372	0.96015	0.81468	1.43538	1.319	0.72739	0.6401	0.76618	0.80498	0.98925	0.72739	1.19292	0.87287	0.80498	0.6595	0.74679	0.85347	0.78558	0.59161	0.75649	0.95046	0.78558	0.77588	0.61101	1.03774	1.09593	0.6886	0.52372	1.17352	0.46553	0.62071	0.77588	0.45583	0.96985	0.91166	0.77588	1.25111	0.96015	0.50432	0.71769	0.32975	0.60131	0.34915	1.17352	0.86317	0.54312	0.6692	1.00865	1.16382	1.18322	0.85347	1.09593	0.81468	0.75649	0.6401	1.17352	1.3093	0.89226	0.6401	1.10563	0.78558	0.53342	0.54312	0.57221	0.6886	0.79528	0.43643	1.23171	0.79528	0.71769	0.70799	0.49462	0.33945	0.58191	0.61101	0.39764	1.26081	0.60131	1.21232	0.56251	0.76618	0.6692	0.95046	1.26081	0.76618	1.10563	1.15412	0.82437	0.27156	0.53342	0.50432	0.61101	1.15412	0.42674	0.62071	0.53342	0.6595	0.61101	0.60131	0.94076	0.32975	0.94076	0.73709	1.47418	0.82437	1.04744	0.60131	1.54207	0.58191	0.83407	0.29096	0.73709	0.71769	0.49462	0.91166	0.38794	0.72739	0.51402	0.40734	0.59161	0.84377	0.6595	1.51297	0.6886	0.6304	1.2899	0.18427	0.72739	0.77588	0.50432	0.73709	0.93106	1.16382	1.01835	0.38794	1.20262	1.18322	0.24246	0.69829	0.76618	1.12503	1.03774	0.60131	0.98925	0.73709	0.79528	0.6886	0.80498	0.87287	0.58191	0.75649	0.90196	0.6789	0.30065	1.11533	0.95046	0.69829	0.74679	0.61101	0.47523	1.01835	0.55282	0.29096	0.56251	0.55282	1.17352	0.50432	1.2899	1.03774	0.74679	0.6595	0.36854	0.55282	0.70799	1.06684	0.80498	0.76618	0.94076	0.85347	0.94076	1.05714	0.74679	0.81468	0.58191	0.91166	0.77588	0.84377	0.6692	0.74679	0.56251	0.78558	0.55282	1.10563	0.51402	0.82437	0.51402	0.32975	0.60131	0.69829	0.71769	0.93106	0.54312	1.03774	0.75649	1.13473	0.83407	0.75649	0.91166	0.71769	0.6498	0.69829	0.73709	0.53342	1.3481	0.48493	0.70799	0.93106	0.72739	0.57221	1.07654
cell69	1.24295	1.09498	1.68686	1.52903	1.05552	1.82497	1.39092	0.99634	0.51296	0.74972	0.42418	1.22322	1.83484	0.95688	1.14431	1.15417	1.23309	0.82864	1.35146	1.45998	2.18996	1.04566	0.98647	1.09498	0.86809	0.81877	1.08512	1.46984	1.11471	1.11471	0.75958	1.77565	0.70039	1.52903	1.15417	1.3416	2.62401	0.88782	0.98647	0.86809	1.13444	1.56849	1.12458	0.89769	1.23309	1.33174	1.8447	1.06539	0.95688	1.20349	2.0124	1.1739	1.39092	0.72999	0.6708	0.98647	0.84836	1.26268	1.57835	1.56849	1.11471	1.57835	1.27255	0.69053	0.89769	0.81877	1.56849	1.02593	0.84836	1.16404	1.24295	1.03579	1.66714	0.89769	2.52536	2.13078	1.15417	1.1739	1.94335	1.49944	1.64741	1.37119	1.10485	0.76945	1.81511	1.03579	1.24295	1.26268	1.06539	1.40079	1.99267	1.25282	0.97661	1.45011	0.92728	0.91742	1.44025	0.68066	1.10485	1.64741	1.18376	1.28241	1.09498	1.72632	1.12458	1.99267	1.18376	1.86443	1.23309	1.06539	0.74972	1.64741	1.22322	0.62148	1.35146	1.31201	1.26268	0.86809	0.5031	2.0124	1.23309	1.26268	0.62148	1.09498	1.41065	0.87796	1.32187	0.95688	0.87796	1.26268	0.93715	2.10118	1.14431	0.71026	1.24295	1.23309	0.82864	1.45998	1.40079	0.45378	0.82864	0.94701	1.20349	1.02593	1.05552	0.75958	1.47971	0.59188	1.05552	1.56849	1.23309	0.74972	1.45011	1.81511	1.39092	0.84836	1.10485	0.73985	1.80524	0.72012	1.68686	1.41065	1.22322	0.58202	1.41065	0.99634	1.58822	1.93348	0.89769	1.71646	1.3416	1.65727	1.73619	1.18376	0.63134	1.93348	1.09498	1.51916	2.05186	2.28861	0.66094	2.46618	1.13444	1.36133	0.90755	1.74605	1.44025	1.15417	1.48957	1.39092	1.77565	1.68686	0.87796	1.15417	1.07525	0.87796	0.62148	1.20349	1.01606	1.33174	0.65107	0.93715	1.60795	1.14431	0.92728	1.15417	1.21336	1.47971	2.03213	0.99634	0.71026	0.85823	1.09498	1.15417	0.89769	2.20969	1.05552	1.68686	1.35146	1.5093	1.35146	1.07525	1.43038	1.42052	0.95688	0.91742	1.25282	2.30834	0.89769	1.36133	1.05552	1.31201	1.43038	1.51916	0.89769	1.33174	0.94701	1.38106	0.66094	0.86809	0.79904	1.16404	0.79904	0.85823	0.57215	0.48337	0.78918	0.90755	1.24295	0.55242	0.41432	1.05552	1.15417	0.6708	0.27621	0.79904	0.97661	0.86809	0.75958	0.85823	0.38472	1.85456	0.51296	0.82864	0.63134	1.05552	0.84836	0.92728	0.96674	0.87796	0.47351	0.95688	0.41432	1.10485	0.38472	0.40445	0.56229	0.51296	1.31201	1.23309	1.13444	0.92728	0.54256	0.53269	0.49324	0.59188	0.60175	0.66094	0.99634	0.76945	0.76945	0.42418	0.61161	0.8385	0.64121	0.94701	0.54256	0.61161	0.42418	0.88782	0.6708	0.66094	1.23309	1.01606	1.08512	0.56229	0.64121	0.76945	0.49324	0.41432	1.43038	0.49324	0.88782	1.49944	0.60175	0.59188	0.90755	0.91742	0.56229	1.25282	0.84836	0.76945	0.42418	1.06539	1.28241	1.0062	0.84836	0.68066	1.12458	0.89769	1.10485	0.70039	0.46364	0.44391	0.79904	0.80891	0.89769	0.94701	1.28241	0.81877	1.08512	0.56229	0.78918	1.29228	0.45378	0.53269	0.6708	0.86809	0.84836	0.76945	0.61161	1.08512	0.55242	0.59188	0.49324	0.26635	0.95688	0.30581	0.93715	0.77931	0.66094	0.57215	0.70039	0.82864	0.82864	0.86809	0.48337	0.61161	0.52283	0.85823	0.8385	0.39459	0.81877	0.68066	1.5093	0.75958	0.55242	1.22322	0.27621	0.84836	0.78918	0.77931	0.76945	0.61161	0.82864	0.43405	0.94701	1.03579	0.41432	0.57215	0.81877	0.44391	0.36499	0.51296	0.3354	0.57215	0.95688	0.64121	0.96674	0.65107	1.14431	0.55242	0.47351	0.71026	0.61161	1.06539	0.74972	0.77931	0.76945	0.75958	0.75958	0.72012	0.39459	0.73985	0.88782	0.80891	0.97661	0.84836	0.37486	0.62148	0.40445	0.94701	0.80891	0.71026	0.72012	0.8385	0.80891	0.72999	0.92728	0.70039	1.24295	0.80891	0.3354	0.47351	0.61161	0.81877	0.71026	1.53889	0.72999	0.95688	0.91742	0.92728	0.56229	0.94701	1.20349	0.53269	0.80891	0.3354	0.32554	0.84836	1.35146	0.77931	0.99634	0.54256	0.86809	0.48337	1.04566	0.64121	0.81877	1.02593	0.75958	0.59188	0.84836	0.99634	0.72999	0.92728	0.57215	0.54256	0.90755	0.8385	0.57215	0.60175	0.34526	1.35146	0.70039	0.98647	0.43405	1.19363	0.70039	0.98647	1.07525	0.88782	0.5031	0.5031	0.84836	0.88782	0.68066	0.87796	1.0062	0.8385	0.73985	1.30214	1.13444	0.6708	0.91742	0.66094	0.8385	1.21336
cell70	1.34001	1.7191	0.73172	1.81607	1.63975	1.03146	1.39291	1.42817	2.48608	1.03146	1.67502	1.92186	1.24304	1.50751	1.52515	1.78962	0.61711	1.12843	0.75817	2.01002	1.19014	1.8866	1.21659	1.34883	1.38409	1.10198	1.50751	1.09317	0.82869	1.00501	1.03146	0.74053	1.1637	1.1108	1.05791	0.82869	1.59567	1.42817	0.9433	0.89922	2.0541	0.96975	1.85133	1.1108	1.46344	1.43699	1.01383	1.08435	1.29593	2.07173	1.19896	0.98738	1.67502	0.81988	0.89922	0.81988	1.18133	0.82869	1.05791	0.54658	0.81106	1.40172	1.26067	0.66119	1.76318	1.31357	0.96975	0.65237	0.96093	1.09317	1.4987	0.91685	0.80224	1.35764	1.63975	1.3312	1.32238	0.87277	0.86396	1.02264	1.26949	1.1637	0.96975	1.30475	1.38409	1.09317	0.84632	1.61331	0.78461	1.23422	1.04909	1.00501	0.90804	0.86396	0.98738	2.06291	1.52515	0.74935	0.92567	1.58686	0.68764	1.86015	1.28712	1.61331	1.34001	0.81988	1.13725	1.22541	1.81607	1.56923	2.04528	1.32238	1.95712	1.07554	1.39291	1.62212	0.78461	0.7229	1.14606	1.48107	1.08435	1.12843	0.82869	1.08435	1.25185	1.35764	0.96093	0.81988	1.05791	0.86396	1.10198	0.82869	1.80725	0.86396	1.99239	0.63474	0.95211	0.8904	0.79343	1.32238	0.85514	0.7229	0.82869	1.19896	0.65237	0.64356	1.68383	1.19896	0.96975	1.50751	0.70527	1.37528	1.4458	1.14606	1.30475	0.69645	1.10198	1.26949	1.51633	0.9433	1.41054	1.40172	1.62212	1.32238	1.10198	0.74935	1.68383	1.09317	0.92567	2.08055	1.13725	1.00501	1.36646	0.96975	0.97856	1.01383	1.30475	1.07554	1.04027	1.68383	1.3312	1.22541	1.05791	0.93448	1.3312	0.96975	1.03146	1.20777	1.52515	0.87277	1.65738	1.21659	1.04027	0.85514	0.73172	1.36646	1.11962	1.03146	1.20777	1.94831	1.42817	1.26067	1.92186	1.41054	0.93448	1.00501	0.96975	0.83751	1.01383	1.1108	1.05791	0.7758	0.7758	2.09818	1.3312	0.9433	1.40172	1.7191	1.70146	0.92567	1.71028	1.86897	1.35764	2.01002	1.05791	0.80224	1.03146	1.30475	1.42817	1.46344	0.8904	0.76698	0.93448	1.52515	0.7229	0.71409	1.24304	1.05791	0.81106	1.34883	1.23422	1.48107	0.84632	0.82869	0.90804	0.71409	0.47606	0.42316	0.63474	1.08435	0.74935	0.96093	1.23422	0.76698	0.63474	0.80224	0.76698	1.1637	0.88159	0.73172	1.09317	0.79343	1.19014	0.96975	0.35264	0.78461	1.21659	0.92567	1.15488	0.85514	0.93448	0.7229	0.44961	1.04909	0.29092	0.97856	1.01383	0.49369	1.1108	0.84632	0.83751	1.00501	0.35264	1.19896	0.37027	0.86396	0.40553	0.78461	0.74053	1.13725	0.41435	0.61711	0.35264	0.63474	0.78461	0.84632	1.17251	0.63474	0.3879	0.80224	1.31357	0.6083	0.95211	0.91685	0.32619	0.59948	0.82869	1.09317	1.1108	0.81106	0.59948	0.76698	0.89922	0.37908	1.08435	0.70527	0.5025	0.71409	0.57303	0.41435	0.70527	1.06672	1.10198	0.62593	0.59066	1.37528	0.74935	0.70527	0.83751	0.59066	0.51132	0.5554	0.69645	0.83751	0.67001	1.20777	0.61711	0.76698	0.87277	1.12843	1.05791	1.04909	0.42316	1.13725	0.7758	0.79343	1.05791	0.87277	0.96093	1.20777	0.87277	0.66119	0.97856	0.68764	0.54658	0.64356	0.65237	1.15488	0.49369	1.29593	0.81106	0.66119	1.17251	0.6083	1.10198	0.80224	0.68764	0.35264	0.84632	0.5025	1.1108	1.19014	0.96975	0.52895	0.61711	0.89922	0.74935	0.7229	0.7758	0.71409	0.93448	0.56422	0.74935	0.85514	0.53777	0.97856	0.83751	0.93448	0.57303	0.44961	0.54658	1.41054	0.29974	0.67882	0.76698	0.64356	1.30475	0.57303	0.67882	0.74935	0.37027	0.49369	0.75817	1.07554	1.34001	0.93448	0.51132	1.40172	0.67001	0.74935	0.80224	1.28712	0.66119	1.05791	0.9433	0.82869	1.35764	0.62593	1.04027	0.5554	1.38409	0.92567	0.71409	0.97856	1.35764	0.99619	1.08435	0.58185	1.30475	0.46724	0.87277	0.68764	0.65237	0.83751	0.7758	0.58185	0.67882	0.48487	0.80224	1.1637	0.74053	0.74053	0.56422	0.85514	0.88159	1.41054	0.81106	0.69645	0.82869	0.9433	0.7758	0.96093	0.35264	1.13725	0.30856	0.54658	0.7758	0.46724	1.30475	0.43198	0.56422	0.39671	0.80224	0.43198	0.83751	0.8904	0.69645	1.25185	0.81106	0.96093	0.90804	0.84632	0.54658	0.57303	0.81988	0.80224	0.74935	0.45843	0.74053	0.97856	1.41936	1.06672	0.40553	0.57303	0.52014	0.40553	0.81988	0.76698	0.86396	0.95211	0.8904	1.01383	1.22541	0.74935	0.97856	0.56422	0.46724	0.44079
cell71	0.98311	1.35936	1.03166	1.57176	1.18337	1.29868	1.18337	1.08628	1.29868	2.28179	1.22585	1.09234	1.01952	1.51108	1.60817	0.84353	0.94063	1.12269	1.21979	1.02559	1.33509	0.33984	1.20765	0.92849	1.1773	1.20158	0.59472	1.34723	1.07414	1.39577	1.12269	2.14828	1.49287	1.11662	0.9649	1.21372	1.85699	1.01345	1.76596	1.24406	0.92849	0.69789	0.60686	1.56569	1.78416	1.68707	0.86781	1.48073	0.95884	0.95277	1.40791	1.4686	1.82664	1.13482	1.31688	1.07414	1.40791	1.12876	0.66148	0.86174	0.95884	0.86174	0.86174	1.83271	1.45646	0.94063	1.32295	1.32902	1.94801	1.43219	1.96015	1.52928	1.01952	0.98311	1.61424	0.83746	1.28047	1.13482	0.56438	0.86781	0.95884	1.43219	1.36543	1.43219	1.09841	0.93456	1.062	1.34723	1.80844	1.21372	1.12269	0.97704	0.60686	0.94063	1.14089	1.05593	1.52928	1.03773	1.34723	2.16042	1.35329	1.57176	0.45514	1.64459	0.97097	1.20158	0.89815	1.47467	0.89208	1.96622	1.08021	1.18337	1.17124	1.29868	1.00738	1.31081	1.34116	1.45646	0.34591	1.51715	0.68575	1.45646	1.062	0.59472	0.67361	1.2744	1.80844	0.64934	0.92849	1.19551	0.74644	0.78892	0.56438	1.18944	1.71134	1.80237	1.15303	1.86912	0.92849	1.24406	1.14696	0.7525	0.81926	0.69789	1.63245	1.89947	1.36543	0.71609	1.3715	0.69182	1.43219	0.74644	1.01345	1.14089	1.86912	1.97836	1.18337	0.89208	0.84353	0.79498	1.56569	1.03166	0.97704	1.18944	1.18337	1.31688	0.95884	1.32902	0.92849	1.35329	1.43219	1.43825	1.29261	0.77071	1.68707	2.65804	1.11662	1.13482	1.54142	1.29868	1.4868	1.59604	1.63245	1.2744	1.30475	1.03166	2.36068	1.20765	1.22585	1.23799	0.89208	1.00132	1.02559	0.86174	1.2744	1.00738	0.43694	1.01345	0.88601	0.89815	0.72823	1.69313	0.7525	1.28047	0.64934	1.91767	1.56569	0.91636	1.86912	1.42612	2.23931	1.54749	1.11055	1.10448	1.32902	0.7343	0.81926	0.89815	0.86174	1.12269	1.73561	1.85699	0.62506	1.46253	1.35936	1.7963	1.35329	0.78285	1.31081	1.38971	0.99525	0.81926	0.59472	1.04986	1.17124	1.2744	1.26833	0.83746	0.95277	0.97097	1.93588	1.39577	2.01477	0.8496	0.71609	0.84353	0.49156	0.6372	0.56438	0.89208	0.40053	0.64327	0.35198	0.98918	0.69182	0.69182	1.03166	0.51583	0.62506	0.40053	0.56438	1.41398	0.89208	0.65541	0.91636	0.98311	0.60686	0.41266	1.63852	0.91636	0.55224	0.85567	0.53404	0.93456	1.23192	1.40791	0.55224	0.93456	0.49762	0.50976	0.94063	0.66148	0.72216	0.5401	0.66754	0.88601	0.81926	0.93456	0.69789	0.86781	0.54617	0.77678	0.87388	0.64934	0.25488	1.0438	0.89208	0.64934	0.86174	1.18944	0.54617	1.52321	0.67361	0.4248	0.76464	1.30475	0.54617	0.8314	0.52797	0.55831	0.55831	0.53404	0.60079	0.79498	0.94063	1.16517	1.21979	1.07414	0.81926	0.47942	0.91636	0.8496	0.44908	0.66754	0.65541	0.81319	0.89815	1.1591	0.7525	1.03773	0.85567	0.39446	0.27915	0.63113	0.54617	1.00132	0.74037	0.30343	0.45514	1.09234	0.98311	1.05593	1.40791	0.7343	1.03773	0.83746	0.95884	0.49156	1.12269	0.97704	0.8314	0.77071	0.35805	0.93456	0.9649	1.74168	1.06807	0.9467	1.21372	1.062	1.18944	0.72216	0.93456	0.9467	0.76464	0.65541	0.90422	0.55831	0.51583	0.67361	0.69182	0.79498	0.40053	0.58865	1.1591	0.97704	0.57652	0.74037	0.95884	0.72216	0.46121	0.92849	0.70396	0.98311	0.85567	0.78285	0.87388	0.69789	1.77203	0.4248	1.99049	0.68575	1.2744	0.4248	1.15303	0.86174	0.57045	0.54617	0.41873	0.86174	0.9467	0.89815	0.5401	0.84353	0.86781	0.76464	1.06807	0.80712	0.47942	0.97704	0.59472	0.84353	0.72216	0.49762	0.53404	0.78892	0.78285	0.37625	0.78285	0.80105	1.40791	0.98311	0.41873	1.01952	0.86781	0.49762	0.84353	0.67361	0.51583	1.01345	0.40053	0.90422	1.29868	0.88601	0.60079	0.92849	0.37625	0.81319	0.32163	0.6372	1.42005	0.57652	1.26227	0.34591	0.75857	0.62506	0.79498	0.72823	0.74644	0.67968	1.13482	1.28654	0.60686	0.87388	0.98311	0.61293	0.7525	0.7525	0.69182	1.20765	0.66148	0.85567	0.43087	0.9649	1.12876	0.84353	1.25013	1.08021	0.37018	1.20765	0.61293	1.06807	1.01952	0.77071	0.47335	0.56438	0.8314	0.57045	0.70396	1.1773	0.57045	1.08021	0.61293	0.35805	0.6372	0.33984	0.9649	0.65541	0.67361	0.61293	0.46728	0.48549	0.95277	1.26833	0.47335	0.98311	0.67361	0.60079
cell72	1.3995	0.92509	0.7037	0.98835	0.98044	1.47066	1.13857	2.19018	1.56554	1.27299	1.11485	1.50229	1.53391	1.7474	0.933	0.77486	1.51019	0.83812	1.81856	0.55347	1.62089	1.55763	0.74324	0.89347	0.96463	1.56554	2.03204	0.85393	0.98044	1.11485	1.41531	0.86184	0.98835	1.00416	1.19392	1.38368	1.97669	1.35996	0.85393	1.22555	1.33624	1.01207	0.91719	1.32834	0.83021	0.71952	0.74324	0.95672	1.52601	1.20183	0.7037	1.77112	1.33624	1.15439	1.04369	0.91719	1.05951	1.1702	1.38368	1.10695	0.88556	1.6367	1.14648	1.8739	1.61298	1.29671	1.48647	1.46275	1.46275	1.21764	1.81065	1.33624	0.94881	1.61298	1.73949	1.67624	1.85018	1.3995	1.43113	1.03579	0.66417	1.22555	0.83812	0.59301	1.38368	1.04369	1.47066	1.17811	0.87765	1.22555	1.39159	1.50229	1.05951	1.83437	1.1623	0.67208	1.20183	1.34415	1.11485	0.45069	1.68414	1.92925	1.38368	1.52601	0.87765	1.29671	1.14648	1.30462	0.72742	0.33999	1.43113	1.0516	0.83812	1.35206	0.72742	1.05951	1.60507	1.34415	0.94091	1.00416	1.58926	1.50229	2.19018	1.77902	0.60882	1.41531	1.50229	1.01207	1.11485	2.49854	2.30878	1.35996	1.69205	0.83812	0.75905	1.32834	1.31252	0.92509	1.30462	1.92135	1.07532	1.73949	1.62879	1.01997	2.27715	0.73533	0.8144	1.17811	0.83021	0.83812	1.00416	0.67998	0.88556	0.71952	1.13857	1.26508	1.85809	0.86184	1.54973	1.81065	1.79484	0.94091	0.6958	0.88556	0.79858	1.03579	0.79858	1.0516	1.18602	1.20974	0.64045	0.79068	1.19392	1.32834	1.20974	0.98044	0.51394	1.60507	1.57345	2.47482	1.32834	1.35996	0.78277	0.7037	2.01623	1.13857	0.94091	1.23346	0.99625	1.00416	1.2809	1.72368	1.07532	1.13857	0.90137	1.29671	1.13857	0.85393	1.19392	1.23346	1.72368	1.58926	1.85809	2.20599	1.70786	1.14648	0.94881	0.83021	1.01997	1.88181	1.05951	2.05576	1.24927	1.34415	0.40325	1.33624	1.2888	1.43903	1.95297	1.08323	1.11485	1.1702	1.23346	1.1702	1.05951	1.49438	1.37578	1.08323	1.58135	0.8223	1.21764	0.6958	0.91719	1.26508	1.27299	1.2809	1.01997	1.9846	1.0516	1.48647	0.933	0.8223	1.43113	0.96463	0.85393	0.60882	0.62463	0.38743	0.91719	0.68789	0.4665	0.75905	0.5851	0.86184	0.94881	0.88556	0.49022	0.64836	1.12276	0.64836	0.98044	0.75905	0.64045	0.91719	0.73533	0.98044	0.5851	0.36371	0.86184	1.12276	0.92509	0.50603	0.8144	1.13857	0.52975	0.44278	0.68789	1.04369	1.31252	0.79858	1.23346	0.51394	0.25302	0.71161	1.12276	0.71161	1.00416	0.54557	0.49022	0.85393	0.52185	0.52185	0.98835	0.75114	0.65626	0.47441	0.84602	0.85393	0.85393	0.51394	0.89347	1.15439	1.13067	0.51394	0.79068	1.1623	0.75905	1.14648	0.53766	1.13857	1.02788	0.55347	0.71161	0.56138	1.62089	0.57719	0.3558	0.68789	0.52975	0.83812	0.57719	0.98835	0.89347	1.06741	0.60882	0.98835	1.45485	0.90137	0.56929	0.50603	0.65626	0.55347	0.80649	0.76696	0.56929	1.15439	0.67208	0.49813	0.49813	0.97253	0.52975	0.60882	0.54557	1.54973	0.71952	0.42697	0.83021	0.85393	0.64836	1.88972	0.92509	1.00416	1.31252	0.88556	0.67208	0.83812	1.35996	0.60882	0.67208	0.60882	0.67998	1.07532	0.91719	0.74324	0.99625	0.44278	0.71952	0.54557	0.75905	0.6958	0.74324	0.64045	0.61673	0.67208	0.49022	0.86184	0.76696	0.88556	0.5851	0.56138	0.64045	0.83812	0.63254	0.57719	0.53766	0.40325	1.13067	1.18602	0.59301	0.6958	0.48231	0.67208	0.8223	0.76696	0.99625	0.79858	0.54557	0.66417	0.8144	0.84602	0.86184	0.78277	0.55347	0.95672	0.90928	1.00416	0.7037	0.37162	0.94881	0.94881	1.20974	0.71161	0.41115	0.90928	0.55347	0.54557	0.86184	0.61673	0.97253	0.52185	0.49813	1.09113	0.47441	0.50603	0.57719	0.99625	0.31627	0.98044	0.54557	0.52185	0.92509	1.04369	0.5851	0.86974	0.49022	0.66417	0.96463	0.54557	0.64045	0.67208	0.75114	0.56929	0.57719	1.2888	0.78277	1.41531	0.57719	0.45859	1.00416	1.20183	0.67208	0.90928	0.79858	0.39534	0.94881	0.86184	0.60882	0.65626	0.55347	0.91719	0.3558	0.45859	0.75114	0.92509	0.98835	0.67998	1.24927	1.22555	0.94091	0.92509	0.39534	0.8144	0.68789	0.64836	0.94881	1.17811	0.6958	0.54557	0.72742	0.57719	0.97253	1.19392	0.3558	0.80649	1.24927	0.94881	0.29255	0.96463	0.7037	0.42697	1.26508	0.51394	0.88556	0.42697	0.63254	0.97253	0.67998	0.79858
cell73	0.76123	0.85078	0.76123	1.39932	0.91795	1.42171	0.77242	0.45898	0.54853	1.0299	0.67167	0.92915	1.13065	0.99631	0.90676	1.15304	0.98512	1.00751	1.24259	0.62689	0.59331	1.51126	1.91427	0.71645	1.10826	0.55973	1.07468	0.95154	0.99631	0.63809	0.88437	1.92546	1.0299	0.88437	0.66048	0.68287	1.38812	0.88437	0.92915	0.71645	1.29857	1.0187	0.69406	1.13065	0.89556	0.88437	0.87317	1.69037	1.32095	1.28737	0.98512	0.70526	0.76123	0.92915	1.67918	1.13065	1.91427	1.85829	1.2202	1.53365	1.32095	2.11577	2.23891	1.05229	1.32095	1.18662	2.14935	1.89188	1.42171	1.48887	1.6456	1.33215	1.6456	1.17543	1.20901	0.42539	0.80601	0.96273	1.38812	0.57092	1.09706	0.43659	0.33584	0.73884	0.0	0.0	0.0	0.8284	0.64928	0.35823	0.76123	0.95154	1.98143	1.48887	1.04109	1.10826	0.78362	1.17543	1.42171	1.2202	1.30976	0.98512	1.06348	0.89556	0.79481	0.55973	1.07468	0.98512	0.76123	1.55604	0.83959	1.8359	1.15304	0.80601	1.17543	1.04109	1.0299	1.75754	0.87317	0.92915	0.87317	1.42171	1.0299	1.13065	0.58212	0.69406	1.41051	0.67167	0.70526	1.32095	0.77242	0.58212	0.71645	0.66048	0.72764	0.96273	0.8284	1.24259	1.36573	1.55604	0.39181	1.46648	1.70157	0.83959	0.89556	1.10826	0.99631	1.07468	1.66799	0.48136	0.66048	0.30225	0.94034	1.37693	0.77242	1.00751	1.11945	0.64928	0.8284	1.14184	1.09706	1.36573	1.18662	1.76874	1.15304	1.70157	0.88437	0.91795	1.36573	0.64928	0.70526	0.90676	0.8172	1.32095	1.67918	1.37693	1.10826	0.80601	0.92915	1.24259	1.51126	0.72764	0.57092	0.85078	1.58962	1.33215	1.85829	1.46648	1.27618	1.17543	1.55604	0.89556	0.70526	1.17543	0.77242	0.88437	0.73884	0.78362	0.8284	1.36573	0.76123	1.28737	0.90676	1.16423	1.09706	1.33215	0.63809	1.34334	0.59331	0.68287	0.6157	0.48136	0.76123	1.0187	1.08587	1.29857	0.80601	0.66048	1.45529	0.88437	1.51126	0.54853	0.67167	0.8172	0.54853	0.4142	0.76123	0.87317	0.71645	0.91795	1.2202	0.68287	0.72764	1.07468	1.51126	1.2202	1.8471	0.42539	1.42171	0.42539	0.71645	0.97392	0.99631	0.85078	0.59331	0.91795	1.56723	1.13065	0.76123	1.30976	1.26498	0.53734	1.05229	1.13065	1.06348	1.17543	1.0299	1.13065	1.17543	1.0299	1.04109	0.91795	0.59331	0.6157	0.59331	1.00751	1.26498	1.18662	1.20901	0.59331	0.6157	0.85078	0.94034	0.69406	1.10826	0.62689	0.68287	1.04109	1.45529	1.15304	1.0299	1.47768	1.33215	0.70526	0.6157	1.14184	1.57843	1.65679	0.98512	1.0299	0.98512	0.71645	0.53734	0.89556	1.09706	1.19782	0.87317	1.11945	0.67167	0.66048	1.05229	1.37693	0.73884	0.70526	0.87317	1.27618	0.6045	0.91795	0.57092	0.66048	0.52614	1.06348	1.30976	1.10826	1.17543	1.25379	0.96273	0.70526	0.71645	0.67167	1.6456	0.79481	1.6456	2.42921	1.10826	0.80601	1.06348	1.30976	0.91795	0.55973	1.24259	0.76123	1.08587	1.2314	0.96273	1.16423	0.68287	1.14184	1.19782	0.86198	0.49256	1.81351	0.85078	1.62321	1.18662	0.79481	0.45898	0.54853	0.6157	1.11945	1.45529	1.60082	0.99631	1.30976	1.00751	0.8172	0.32464	0.8284	0.97392	0.86198	0.64928	0.88437	1.11945	0.8172	0.83959	0.70526	1.0187	0.69406	0.85078	0.86198	1.18662	0.83959	0.50375	1.00751	1.61201	1.6456	0.89556	1.04109	0.8284	1.06348	0.62689	1.27618	0.99631	0.8172	1.80232	0.8284	0.33584	1.2202	0.79481	0.70526	1.24259	1.6456	0.97392	0.91795	0.76123	0.95154	0.75003	0.75003	1.54485	0.47017	0.92915	1.10826	0.97392	0.55973	1.07468	0.49256	0.64928	0.43659	0.70526	0.69406	1.00751	0.67167	0.58212	0.88437	1.16423	0.45898	1.32095	1.08587	0.75003	0.68287	1.72396	0.86198	0.53734	0.76123	0.54853	0.57092	0.94034	0.92915	1.24259	0.67167	1.15304	0.95154	1.28737	0.78362	0.71645	0.76123	0.52614	0.85078	0.6157	1.08587	1.0299	1.73515	0.85078	0.73884	0.72764	0.89556	0.83959	1.05229	1.62321	0.73884	0.95154	1.35454	0.6045	0.91795	1.52246	0.76123	0.8284	0.71645	1.05229	1.33215	0.94034	0.70526	1.25379	0.71645	0.83959	0.99631	0.88437	0.85078	1.67918	1.00751	1.17543	0.71645	0.6045	1.07468	0.68287	0.59331	0.98512	0.86198	0.58212	0.51495	0.88437	1.00751	1.11945	1.77993	0.76123	1.05229	0.99631	1.52246	1.73515	0.68287	0.89556	0.66048	0.72764	1.51126	0.92915	1.38812	1.0299	1.16423
cell74	1.54786	1.28609	0.87636	1.3999	1.2178	1.50233	0.66012	1.06984	1.98035	2.15106	1.25194	0.87636	0.97879	0.69426	1.37714	1.0926	0.8536	0.94465	0.80807	0.71702	1.54786	0.77393	0.89912	0.4894	1.33161	2.51527	1.68443	1.04708	1.12675	1.61614	1.52509	0.64873	0.93327	0.7284	0.97879	1.30885	1.18365	0.69426	1.37714	2.00311	1.86653	1.16089	1.00155	1.26332	0.73978	1.25194	0.8536	1.14951	1.24056	1.12675	0.94465	1.13813	1.02432	1.54786	0.88774	0.84222	1.05846	1.0926	0.53492	0.3642	1.0357	1.05846	1.28609	0.73978	1.02432	1.53647	0.78531	1.42266	1.41128	0.89912	1.60476	1.14951	1.02432	1.62753	1.90068	0.69426	0.96741	2.17383	1.33161	0.89912	0.95603	0.88774	1.63891	1.05846	1.16089	1.37714	1.33161	0.75117	1.47957	1.65029	1.10399	1.0357	1.22918	0.80807	1.53647	1.96896	1.34299	1.29747	1.0926	0.39835	1.65029	1.80963	0.81945	1.05846	1.47957	1.38852	1.06984	0.63735	1.24056	1.47957	0.76255	0.95603	0.9105	1.16089	1.33161	1.57062	1.47957	1.79824	0.80807	0.99017	1.582	1.78686	1.90068	1.62753	1.79824	1.00155	1.57062	1.37714	1.27471	1.85515	1.78686	2.2535	0.92188	1.51371	1.0926	0.95603	0.94465	1.12675	0.94465	0.89912	2.93637	0.43249	0.87636	1.46819	1.84377	0.86498	1.02432	1.90068	1.45681	0.86498	1.16089	1.13813	1.74134	0.83083	0.79669	1.00155	0.66012	1.37714	1.20642	0.88774	1.14951	2.24212	1.37714	0.80807	1.17227	0.97879	1.84377	1.69581	0.47801	1.75272	0.71702	0.81945	0.69426	1.27471	1.12675	1.25194	0.55768	0.83083	0.99017	1.33161	0.81945	0.60321	1.10399	1.2178	1.36576	1.42266	0.84222	0.79669	1.2178	1.60476	1.0926	1.34299	1.22918	1.92344	0.76255	0.83083	1.08122	1.53647	1.18365	0.96741	1.59338	1.41128	0.95603	1.75272	1.02432	1.68443	2.09416	0.89912	0.97879	1.00155	1.2178	0.78531	1.52509	2.68599	1.70719	1.52509	1.38852	1.18365	0.8536	1.33161	1.3999	1.54786	0.96741	1.47957	0.47801	1.00155	1.62753	0.94465	1.06984	1.36576	1.51371	0.4894	0.75117	1.11537	0.99017	1.12675	1.37714	0.61459	0.70564	1.53647	1.10399	1.33161	0.64873	1.36576	0.55768	0.80807	0.70564	1.22918	0.56906	0.63735	0.75117	0.81945	0.77393	0.79669	0.69426	1.26332	0.70564	0.76255	0.56906	0.71702	0.5463	1.08122	0.94465	0.84222	0.6715	0.73978	0.60321	0.8536	1.08122	0.47801	0.76255	0.39835	1.10399	0.84222	0.56906	0.89912	0.61459	0.5463	0.35282	0.87636	0.43249	0.61459	1.13813	1.01294	1.08122	0.75117	0.69426	0.96741	0.7284	1.06984	0.66012	0.33006	1.17227	1.2178	1.29747	0.81945	0.92188	0.69426	0.64873	0.46663	0.96741	0.61459	0.55768	1.44542	0.64873	0.58045	0.73978	1.52509	0.59183	0.42111	0.9105	1.00155	0.53492	0.56906	0.99017	1.0926	0.97879	0.7284	0.70564	0.99017	1.53647	0.92188	0.39835	1.01294	1.25194	0.66012	1.13813	0.92188	0.87636	0.51216	1.14951	0.8536	0.30729	0.66012	0.60321	0.51216	0.55768	0.69426	1.0926	0.89912	0.75117	0.56906	0.88774	0.71702	1.13813	0.88774	1.08122	0.76255	0.83083	0.83083	0.79669	0.52354	0.45525	0.73978	1.16089	1.24056	1.05846	1.35437	0.28453	0.9105	1.12675	1.14951	1.04708	0.79669	0.97879	0.55768	0.89912	0.34144	0.66012	0.47801	0.62597	1.46819	0.58045	0.93327	0.7284	0.64873	0.75117	0.64873	0.46663	0.99017	0.62597	0.70564	0.89912	1.19504	1.33161	1.06984	0.95603	0.69426	0.61459	0.79669	0.7284	0.80807	1.16089	0.88774	1.34299	0.71702	0.73978	0.88774	0.73978	0.5463	0.7284	0.76255	0.6715	1.22918	0.26177	0.40973	1.04708	0.84222	0.93327	1.13813	0.28453	0.93327	0.44387	0.9105	0.92188	0.78531	0.73978	0.7284	0.5463	0.79669	0.84222	0.6715	0.96741	0.71702	0.71702	0.68288	0.59183	0.30729	0.47801	0.86498	0.59183	0.77393	0.69426	1.05846	1.19504	1.0357	0.52354	0.55768	0.37558	0.5463	0.87636	1.08122	1.08122	0.63735	1.01294	1.25194	0.75117	0.89912	0.7284	0.95603	0.9105	0.81945	0.62597	0.55768	1.49095	0.71702	0.79669	0.64873	0.71702	0.87636	0.83083	0.4894	0.76255	0.83083	0.56906	0.60321	0.43249	0.58045	0.84222	0.64873	0.97879	0.6715	0.50078	0.29591	1.04708	1.08122	0.63735	1.00155	0.77393	0.79669	0.83083	0.73978	1.00155	0.52354	1.0926	0.95603	0.69426	0.39835	0.62597	0.7284	0.96741	1.11537	1.2178	0.86498	0.89912	0.61459	0.87636	0.64873
cell75	1.70557	1.58375	0.934	1.06937	1.46192	1.19119	1.29948	0.98815	0.69035	0.67681	0.98815	0.98815	1.00169	0.94754	0.5956	0.7851	0.37902	1.27241	1.32656	1.2318	0.54145	1.42131	1.20473	1.75972	0.81218	1.44838	1.09644	0.64974	1.5296	1.04229	1.10998	1.13705	0.60913	0.94754	1.43485	0.94754	1.3807	1.5296	1.28595	0.7445	1.48899	1.01522	1.19119	0.7445	1.94923	1.01522	1.39424	2.11166	1.63789	1.05583	2.16581	1.44838	0.58206	0.90693	1.00169	1.04229	0.92047	1.05583	1.16412	1.88154	1.16412	0.96108	1.09644	1.15058	1.75972	1.55667	1.20473	1.61082	0.5956	1.24534	1.12351	0.67681	1.06937	1.36716	0.98815	1.02876	1.88154	1.81386	1.20473	1.39424	1.92215	0.96108	1.2318	1.34009	1.20473	0.87986	1.62435	0.67681	1.34009	1.0829	1.44838	2.09812	1.12351	1.42131	0.89339	0.934	0.87986	0.79864	2.26056	0.94754	0.82571	1.27241	1.02876	0.79864	0.60913	1.16412	0.70389	1.17766	1.0829	1.43485	1.59728	1.48899	0.89339	1.25887	0.85279	0.63621	1.35363	1.54314	0.77157	1.3807	0.70389	1.43485	0.87986	0.82571	1.77325	0.98815	0.98815	0.85279	1.15058	1.31302	1.2318	1.20473	1.75972	1.80033	1.78679	1.40777	1.69204	1.63789	0.81218	2.21995	1.04229	1.50253	1.34009	1.44838	1.00169	1.48899	0.96108	1.32656	1.48899	1.42131	1.31302	1.19119	1.10998	0.79864	0.82571	0.92047	1.58375	0.75803	1.19119	0.77157	1.69204	1.25887	0.7445	1.6785	0.98815	1.42131	0.86632	0.98815	1.94923	1.39424	1.54314	1.71911	2.43653	1.32656	1.10998	0.98815	1.19119	1.3807	1.0829	0.51438	1.86801	1.21827	1.05583	1.02876	1.27241	1.69204	1.05583	1.89508	0.47377	0.79864	1.06937	1.90862	0.67681	0.90693	0.934	1.13705	1.90862	0.934	1.31302	1.80033	0.69035	2.6125	1.9763	1.27241	1.17766	1.01522	0.92047	1.27241	0.79864	1.57021	1.16412	1.35363	1.19119	1.74618	1.3807	0.87986	1.00169	0.92047	1.05583	1.44838	1.70557	1.55667	1.39424	0.83925	1.06937	0.73096	1.71911	2.26056	1.19119	0.97461	1.27241	1.80033	1.17766	1.02876	1.29948	1.63789	0.96108	1.19119	1.24534	0.90693	1.5296	0.75803	0.89339	1.05583	0.82571	1.09644	1.17766	1.02876	1.17766	0.7851	0.89339	1.01522	0.71742	0.52792	0.51438	0.90693	0.96108	1.50253	0.7445	0.83925	0.98815	0.54145	0.4467	0.58206	0.7851	1.29948	0.48731	0.73096	0.7851	0.82571	0.86632	0.58206	0.85279	0.86632	0.85279	0.50084	0.90693	0.86632	0.7851	0.62267	0.79864	0.97461	0.58206	0.46023	0.75803	1.3807	0.70389	0.7445	1.00169	0.86632	0.63621	1.09644	1.32656	0.71742	0.79864	1.00169	0.92047	0.64974	1.16412	0.56852	0.67681	0.66328	0.67681	0.64974	0.79864	0.7851	0.5956	0.85279	0.33841	1.58375	1.43485	0.71742	0.70389	1.04229	1.0829	1.0829	0.52792	0.62267	1.19119	0.66328	0.7851	0.79864	0.43316	0.51438	0.85279	0.48731	0.77157	0.82571	0.98815	0.85279	0.43316	0.52792	0.83925	0.90693	0.83925	0.69035	0.81218	0.50084	0.94754	0.36548	0.60913	0.934	0.87986	0.56852	0.73096	1.05583	0.64974	0.83925	0.96108	0.4467	0.67681	0.83925	0.70389	0.36548	0.36548	0.66328	0.75803	1.40777	0.67681	0.56852	1.36716	0.98815	0.79864	0.90693	0.50084	0.54145	0.82571	0.4467	1.0829	0.70389	0.79864	0.90693	0.39255	0.69035	0.37902	0.96108	0.41962	0.47377	0.87986	0.64974	1.15058	0.64974	0.7851	0.48731	0.82571	0.75803	0.96108	0.66328	0.73096	0.7445	0.69035	1.04229	0.67681	0.82571	0.5956	1.00169	0.47377	0.69035	0.56852	0.79864	0.43316	0.98815	0.69035	0.82571	0.33841	0.75803	0.31133	1.2318	0.54145	1.01522	0.79864	0.82571	1.04229	0.27073	0.37902	0.77157	1.10998	1.35363	1.35363	0.50084	1.21827	1.19119	0.64974	0.83925	0.92047	1.01522	0.934	0.56852	0.60913	1.27241	0.63621	0.63621	1.04229	0.39255	0.50084	1.05583	0.70389	0.69035	1.06937	1.39424	0.81218	0.89339	0.50084	0.75803	0.96108	0.73096	0.7851	0.51438	1.32656	0.67681	0.63621	0.70389	0.66328	0.79864	0.21658	0.71742	0.40609	0.58206	0.66328	0.41962	1.05583	0.52792	0.56852	0.7851	0.87986	0.5956	1.19119	0.5956	0.47377	1.06937	1.24534	0.75803	0.79864	0.83925	0.35194	1.02876	0.51438	0.71742	0.79864	0.73096	1.24534	1.01522	0.4467	1.39424	0.63621	0.83925	0.73096	0.55499	1.10998	1.25887	1.0829	0.81218	0.92047	0.37902	0.21658	0.92047	0.7851	0.86632
cell76	1.67335	1.33868	0.94495	1.08276	1.44696	1.42727	1.12213	2.0474	1.35837	0.92527	0.71856	1.19103	1.18119	0.90558	1.40759	0.84652	1.98834	2.13599	1.94897	1.51586	0.99417	1.41743	1.62414	0.99417	0.5906	1.05323	2.13599	1.29931	0.77762	1.52571	0.89574	1.30915	0.7284	1.54539	0.81699	1.60445	1.21072	0.76777	1.26978	1.22056	0.91542	1.13197	1.96865	0.86621	1.32884	0.93511	1.19103	1.20088	0.82683	1.56508	1.22056	1.08276	1.08276	0.62997	1.69304	1.17135	0.87605	1.25994	1.4568	1.07292	1.0237	0.63981	0.69887	1.22056	1.95881	1.11229	1.61429	0.74809	1.05323	0.89574	0.90558	0.94495	2.01787	0.66934	0.73824	0.7973	1.36821	1.29931	1.51586	0.97448	1.28947	1.0926	0.9548	1.18119	0.80715	1.03354	0.50201	1.73241	0.97448	1.33868	1.01386	1.00401	1.27962	0.99417	1.83085	0.37404	1.1615	1.1615	1.32884	1.54539	0.76777	1.30915	1.66351	1.41743	1.46665	1.58476	1.11229	1.34853	0.80715	1.4568	0.69887	1.28947	1.36821	1.57492	1.23041	0.64966	1.23041	1.10245	1.25009	1.06307	1.00401	1.39774	1.91944	1.29931	0.70871	1.34853	1.06307	1.24025	1.01386	2.07693	1.55523	1.319	1.77179	0.51185	0.94495	1.48633	1.26978	1.51586	1.00401	0.66934	0.73824	2.28364	1.05323	1.88991	1.25009	1.15166	1.04339	1.06307	1.19103	0.77762	0.91542	1.27962	1.53555	1.06307	1.88991	0.92527	1.60445	0.73824	0.90558	0.74809	1.69304	1.87022	0.58075	1.40759	1.25009	1.67335	0.37404	1.57492	1.41743	1.27962	1.11229	0.91542	1.46665	0.39373	2.21473	1.319	1.25994	1.49618	0.76777	1.51586	1.10245	1.26978	1.94897	0.75793	1.23041	1.88006	1.49618	1.99818	1.08276	1.24025	1.59461	1.37806	1.18119	0.64966	2.05724	0.91542	1.00401	1.0237	1.01386	1.64382	0.77762	1.85053	0.84652	0.62997	1.49618	0.61028	2.46081	1.46665	1.57492	1.05323	1.0926	1.23041	0.85636	1.51586	0.98433	1.21072	1.95881	1.22056	0.67918	0.62013	1.60445	2.83486	1.19103	1.00401	1.67335	2.10646	0.75793	1.46665	2.57893	0.88589	1.34853	0.57091	1.27962	0.88589	1.00401	1.52571	1.22056	1.22056	1.29931	1.07292	1.36821	0.88589	0.67918	1.41743	0.83668	0.71856	0.92527	1.0237	1.06307	0.77762	1.0237	0.93511	0.42326	0.70871	0.94495	1.35837	0.81699	0.62013	0.81699	0.58075	0.96464	0.62013	1.22056	0.62013	0.22639	0.66934	0.66934	0.60044	0.70871	0.62997	1.10245	1.24025	1.08276	0.46263	1.07292	0.5906	0.71856	1.05323	0.83668	0.77762	0.74809	0.42326	0.80715	0.63981	0.44295	0.47248	0.51185	0.5906	0.88589	0.97448	0.70871	1.08276	1.319	0.61028	0.30514	0.92527	1.43712	0.32483	1.18119	0.64966	0.37404	0.70871	0.77762	0.91542	0.80715	0.61028	0.96464	0.96464	0.62013	0.87605	1.04339	0.88589	0.57091	0.94495	0.91542	1.42727	0.34451	0.90558	1.41743	0.4331	0.64966	0.54138	0.69887	0.88589	0.60044	0.53154	0.7284	0.92527	0.68903	1.03354	0.63981	0.82683	0.73824	0.81699	0.63981	0.70871	0.91542	0.51185	0.91542	0.73824	0.75793	0.7973	1.18119	1.14182	1.12213	0.31498	0.83668	0.50201	0.64966	0.44295	0.66934	0.50201	0.74809	0.71856	0.51185	1.1615	0.92527	0.63981	1.40759	1.35837	0.84652	0.76777	1.07292	0.40357	0.97448	0.46263	0.32483	1.14182	0.93511	0.71856	0.30514	0.68903	0.83668	0.64966	0.68903	0.87605	0.71856	0.88589	0.62013	0.33467	0.70871	1.26978	1.08276	0.5906	1.21072	0.66934	0.7284	1.00401	0.58075	0.62997	0.7284	0.56107	0.47248	0.64966	0.53154	0.76777	0.2953	0.67918	1.26978	0.64966	0.83668	1.15166	0.71856	0.32483	0.99417	0.94495	0.41342	0.78746	0.53154	1.10245	0.6595	0.30514	0.91542	0.90558	0.69887	0.70871	1.04339	0.56107	0.53154	0.40357	0.89574	0.45279	0.39373	0.63981	1.08276	0.57091	0.46263	0.57091	0.67918	0.73824	0.96464	0.84652	0.34451	0.75793	0.87605	0.74809	0.40357	0.45279	1.05323	0.69887	1.18119	0.94495	0.86621	0.94495	1.05323	0.75793	0.70871	0.71856	0.86621	0.61028	1.25994	1.0237	1.11229	0.58075	1.03354	0.74809	0.62997	0.7973	0.85636	1.00401	0.84652	0.56107	1.21072	1.20088	0.5906	1.07292	0.7973	0.68903	0.6595	0.90558	0.40357	1.86038	1.13197	0.77762	0.56107	0.6595	0.61028	0.69887	0.45279	0.6595	0.66934	0.56107	0.62997	0.85636	0.31498	0.92527	0.7284	0.64966	0.80715	1.25009	1.20088	0.67918	0.64966	1.04339	0.42326	0.34451	0.89574	0.81699
cell77	0.61374	1.14103	1.90172	1.49544	0.76069	1.51273	2.63648	2.57597	1.14968	1.58189	1.73748	2.14376	0.7434	0.94222	1.30527	1.27069	1.59053	1.27069	1.33985	1.50409	0.79526	0.70018	1.49544	1.28798	1.22747	1.3312	1.08917	0.68289	1.08917	1.57324	0.97679	1.27069	1.25341	1.21019	1.66833	1.41765	1.07188	0.68289	1.65104	0.76933	0.76069	0.81255	1.06323	0.95086	0.57916	1.02001	1.10646	1.96223	1.22747	0.76069	1.13239	1.32256	1.54731	1.0373	1.4868	0.83849	0.65696	1.15832	1.45222	0.97679	1.20154	1.06323	0.96815	0.45814	1.82392	1.27934	1.33985	1.26205	1.21019	0.64831	1.409	1.53866	1.15832	1.57324	1.21883	1.02001	0.84713	1.17561	0.80391	0.55323	0.7434	0.68289	0.64831	1.08917	1.15832	1.90172	1.41765	2.90445	1.14968	0.96815	1.40036	1.12374	1.39171	2.04867	1.21019	0.72611	0.38034	1.97952	1.21019	1.01137	1.26205	1.24476	1.16696	0.9595	0.84713	1.05459	1.12374	1.54731	1.64239	2.00545	1.22747	1.409	1.27934	1.16696	0.92493	1.51273	1.73748	1.34849	1.14968	0.85577	0.87306	1.49544	0.61374	1.65104	0.89035	1.24476	1.60782	1.50409	1.47816	1.05459	0.6656	1.32256	0.89035	1.71155	1.30527	1.06323	0.94222	0.88171	1.44358	0.86442	1.53002	0.97679	0.83849	0.93357	1.73748	0.71747	0.51001	1.14968	1.42629	0.81255	1.20154	1.27069	1.3312	1.59053	1.39171	1.18425	1.29663	1.59053	0.82984	1.40036	1.409	0.73476	1.31392	1.41765	1.08917	1.1929	1.68562	0.53594	1.37443	0.89899	1.18425	1.84121	1.00273	1.409	0.9595	0.98544	1.3312	2.10918	0.5878	1.16696	1.16696	2.03138	1.73748	0.72611	0.95086	0.95086	1.3312	1.45222	0.89899	0.97679	1.23612	1.25341	1.05459	2.29935	1.62511	0.72611	0.83849	0.92493	1.62511	1.91901	1.18425	1.38307	1.76341	0.67425	1.12374	1.53002	1.97952	0.70882	1.58189	1.91901	1.52138	1.0373	0.8212	1.39171	1.20154	1.49544	0.76933	1.409	0.98544	0.64831	2.40308	1.08917	0.88171	1.21883	0.70882	1.65968	1.09781	0.85577	1.01137	0.98544	1.10646	1.58189	1.04595	1.5646	1.47816	0.71747	0.63103	1.81528	0.76933	0.69153	1.06323	1.09781	0.93357	1.36578	0.38899	0.86442	0.5878	0.40628	0.95086	0.70882	0.76933	0.47543	0.8212	1.1151	1.1151	1.47816	0.88171	0.82984	0.99408	0.38899	0.9595	1.02866	0.39763	0.90764	0.70018	0.82984	1.07188	0.47543	0.35441	0.69153	0.93357	0.5273	0.7434	0.9595	0.92493	0.5273	0.26797	0.51001	1.20154	1.02001	0.69153	0.89035	1.3312	0.5878	0.50136	0.80391	0.99408	0.56187	0.49272	0.7434	1.16696	0.71747	0.89899	0.54458	0.65696	1.00273	0.56187	0.91628	0.82984	0.82984	0.72611	0.57052	1.00273	0.31983	0.4495	0.76069	0.59645	1.21883	0.79526	0.69153	0.6656	0.76933	0.69153	0.56187	0.54458	0.79526	0.70018	0.97679	0.49272	0.71747	0.48407	0.84713	1.01137	0.82984	0.96815	0.97679	0.97679	0.91628	0.81255	0.77798	1.20154	0.78662	0.46679	0.90764	0.48407	1.07188	0.65696	0.57052	0.85577	0.95086	0.78662	0.67425	0.82984	1.02001	0.77798	0.81255	0.54458	0.62238	0.60509	0.61374	0.99408	0.79526	0.75204	1.04595	0.76933	0.7434	0.78662	0.82984	0.57916	0.46679	0.89035	1.23612	0.80391	1.06323	0.92493	0.76069	0.47543	0.45814	0.60509	1.08917	0.69153	0.70018	0.39763	0.56187	1.02001	0.97679	1.07188	1.22747	0.81255	0.60509	0.98544	0.57916	0.5273	0.51865	1.1151	0.53594	0.82984	0.69153	0.56187	0.69153	0.93357	1.17561	0.54458	0.77798	0.64831	0.80391	0.8212	0.57916	0.96815	0.50136	0.73476	0.70882	0.86442	0.71747	0.82984	0.6656	0.62238	0.77798	0.78662	0.73476	0.45814	0.76069	1.47816	0.96815	1.07188	0.49272	0.80391	0.70018	1.09781	0.79526	0.76933	0.75204	0.80391	1.27069	0.48407	0.84713	1.76341	0.91628	0.87306	0.76933	0.51865	0.5878	0.5878	0.51865	0.81255	0.62238	0.90764	0.98544	0.76933	1.05459	1.0373	0.55323	0.64831	1.40036	1.3312	1.27069	0.45814	0.48407	0.5273	0.99408	0.24204	0.73476	0.57916	0.78662	0.60509	1.08052	0.62238	0.81255	1.08917	0.6656	0.61374	0.9595	0.68289	1.14103	0.38034	0.42356	0.80391	0.70018	0.72611	1.73748	1.61646	0.87306	0.75204	0.75204	0.94222	0.47543	0.70882	0.94222	0.6656	0.56187	0.70882	0.79526	0.53594	1.31392	0.76069	0.51865	0.76933	1.1929	0.82984	0.40628	0.92493	0.67425	0.99408	1.17561	0.91628	0.78662	0.7434	0.98544
cell78	0.78386	1.21498	1.13659	0.73487	1.01412	1.88126	0.72997	0.73977	1.14639	0.96023	0.99452	1.01902	1.71959	0.81325	1.18559	0.61729	0.83285	0.98962	1.49913	0.67118	0.84755	1.04841	1.1121	0.69078	0.93083	0.96023	1.50893	0.5585	0.93573	0.92103	0.63199	0.70057	1.61181	1.47463	1.30316	1.97924	1.23948	1.46484	0.78386	0.93083	1.36685	1.14149	0.64668	1.15129	1.19049	0.93573	1.51383	1.41095	0.79856	0.95533	1.07291	1.82247	1.60201	1.117	2.63572	0.84265	1.07781	1.6853	0.79856	0.95533	1.53342	1.82737	0.71037	1.06801	1.19538	1.37665	1.71959	0.76426	1.07781	1.58241	1.6461	2.00374	1.88616	1.24438	1.49423	1.24927	1.05821	1.56282	0.73977	1.6804	1.19538	1.16599	1.62161	0.45562	1.33746	0.94063	1.49423	0.62709	0.97492	0.96023	1.23458	0.88184	1.40115	0.87204	0.86714	1.1121	1.0876	1.04841	1.21498	1.71959	1.24927	1.42074	0.74467	1.87636	2.2046	1.33746	1.17089	0.86714	1.23458	2.14091	1.23948	0.94553	1.16109	0.85245	0.98962	0.74467	1.03861	1.0827	1.36685	1.41584	1.53832	0.63199	0.97492	1.20518	1.07291	1.03861	0.91613	0.65648	0.85735	1.01902	1.02881	1.21008	1.41095	0.88674	1.35706	1.51383	0.81815	1.51383	0.92593	0.40663	1.29337	1.6461	1.24438	0.74956	1.36685	1.04351	1.02881	1.04841	0.92593	1.02881	1.42074	0.89164	1.17089	1.14149	1.27377	1.36195	1.49913	1.00432	1.26887	1.55792	0.69567	1.03371	1.59711	0.67608	1.06311	0.72017	0.92593	1.69509	1.18069	1.31296	0.97002	0.80835	0.94063	1.21008	1.1072	0.84265	1.6363	0.95043	1.36195	0.96023	1.85676	1.39135	1.58731	1.53342	1.48443	1.56282	0.84755	1.23948	1.02881	1.46973	1.34726	1.32766	0.81815	1.56772	1.53832	0.97002	1.74898	1.48933	1.40605	1.70489	1.23458	1.57262	1.6461	1.73919	1.23948	1.1268	0.88674	0.76916	1.38155	1.52852	2.33198	0.90144	1.94495	0.88674	1.33256	0.72017	1.23948	0.52421	1.25907	1.75878	1.01412	1.69509	1.80287	1.87146	0.87204	1.57752	0.5536	1.1268	1.37665	1.21498	1.32276	0.71037	2.83169	1.1023	0.93083	0.80835	0.66138	1.03371	1.23948	1.06311	1.1268	1.45994	1.28847	1.45994	0.72997	1.03371	0.534	0.99942	0.50951	1.62651	0.47032	0.96513	0.76916	0.70057	0.82795	0.82795	0.72507	0.86714	0.69567	0.59279	1.24927	0.5438	0.49971	0.85245	0.65158	0.74956	0.5389	0.77406	1.13659	0.92593	0.84265	0.5536	0.41642	0.93573	0.58299	1.15129	1.02881	1.13659	0.35274	0.99452	0.51931	0.79856	0.73487	0.62219	0.96023	0.97002	1.14639	1.28357	0.68098	0.67608	1.23458	1.06311	0.64668	0.82305	1.00922	0.61239	0.75936	0.49481	0.78386	0.65648	0.34294	0.5732	0.68098	0.73977	0.43602	0.98962	0.5683	0.69567	0.72997	0.59279	0.73977	0.94553	0.48991	0.5683	0.88184	0.73487	1.1072	0.61239	0.82795	0.75446	0.5781	0.82795	0.94553	0.5683	0.72017	0.90144	0.87204	1.01902	1.06801	0.65158	1.18559	0.5389	0.59279	0.74956	0.69078	0.31354	0.5389	0.61239	0.84265	1.00432	0.5585	1.0974	0.77406	1.04351	0.66138	0.72997	0.58789	0.69078	0.91613	0.39193	0.69567	0.79856	0.72017	0.67118	1.16109	0.47032	0.5487	1.25907	1.0925	0.81325	0.91613	1.72449	0.96023	0.98962	0.74956	0.66138	1.00922	1.117	1.0827	1.1317	0.49971	0.79856	0.51441	0.51931	0.99452	0.86224	0.81815	0.51931	0.67608	0.81815	0.72017	0.39193	0.5487	0.74467	0.59279	0.75936	0.91613	0.77896	1.22968	1.1023	1.01412	0.47032	0.39683	0.79366	0.64668	0.87694	0.86714	0.5683	0.62709	0.62709	1.56282	1.0876	1.39625	0.66628	0.72017	0.35274	0.90634	0.79366	0.77896	0.82305	0.76426	0.64668	0.62709	0.5683	0.72507	1.20518	1.06801	0.63689	1.51873	1.1121	0.25475	0.5389	0.63689	1.13659	0.96023	0.79366	0.85735	1.43054	1.16599	0.80345	1.24438	0.65648	0.64668	0.44092	0.84265	0.83285	0.94063	0.78876	0.77896	0.79856	1.31786	0.88184	0.73487	0.66628	0.5781	0.33314	0.89164	0.87204	1.02392	0.83285	0.26945	1.17579	1.00432	0.77406	1.25417	0.86224	1.15619	1.14639	1.56772	1.03861	0.84755	0.48501	0.91613	0.83285	0.75446	1.31296	1.01902	0.45072	0.44582	0.62219	0.86224	0.5781	1.35216	0.79856	1.0876	0.61239	0.66628	0.88184	0.38703	0.44092	1.03371	0.94063	0.80835	0.89654	0.46052	0.31844	1.06311	0.92103	1.02881	0.79856	0.61729	0.81815	0.46052	1.1072	1.38645	0.80835	0.5781	1.00922
cell79	1.66362	1.10104	0.62687	0.78761	1.54306	0.90816	0.6108	0.86797	1.7038	1.18945	1.07693	1.67165	1.57521	1.29392	1.51895	0.71527	0.89208	1.04478	0.57865	0.71527	1.53503	1.99313	1.0046	1.35018	1.10104	1.0046	0.91619	1.69576	2.41908	1.10104	1.17337	1.26981	1.39037	1.093	1.21356	1.39037	1.86454	1.33411	0.8519	1.14926	0.95638	1.35822	1.34214	1.02067	0.56258	0.6992	1.10908	0.67509	0.95638	2.14582	1.51895	1.53503	1.07693	1.84043	0.6108	0.80368	0.74742	1.37429	1.0046	1.43055	0.88405	0.69116	1.29392	0.77957	1.1573	1.51895	1.57521	1.19748	1.76006	0.66705	0.65098	1.7038	1.6154	0.83583	1.10908	1.51092	1.75202	1.10908	1.35018	1.18945	1.43859	1.16534	1.22159	0.66705	1.27785	1.26178	1.33411	0.82779	0.65902	0.47417	1.26178	2.0092	0.83583	1.06086	1.73595	0.92423	1.64754	0.96442	1.11711	0.73135	1.37429	0.94834	0.78761	0.53043	0.93227	0.90816	1.91276	1.75202	1.28589	0.87601	0.97245	1.11711	1.06086	1.38233	0.65098	1.01264	1.80024	1.38233	1.93687	0.56258	1.52699	0.47417	0.88405	1.43055	0.82779	1.37429	0.95638	1.27785	0.99656	1.43055	0.73939	0.79564	1.55914	1.07693	1.21356	1.63147	1.03675	2.01724	0.73939	0.90816	0.70724	1.40644	0.65098	1.22963	0.56258	0.95638	0.49024	1.50288	1.51092	1.31	1.08497	0.99656	0.71527	1.51895	1.27785	1.01264	1.76006	0.84386	2.69233	1.14926	1.99313	1.18945	1.06086	0.53043	1.01264	1.80828	0.68313	1.30196	1.67969	0.80368	1.92079	0.6992	1.29392	1.19748	1.22963	1.0046	1.20552	1.27785	0.88405	1.47073	1.35822	0.98853	0.90012	1.60736	1.48681	1.9449	1.69576	0.90816	1.14122	1.03675	0.84386	0.60276	0.58669	1.02871	0.6108	1.73595	0.90816	1.22963	0.91619	1.44662	2.49944	1.37429	1.093	2.49944	1.1573	1.30196	0.8519	1.43859	1.27785	1.26981	0.79564	0.94834	1.35018	1.1573	1.49484	1.74398	1.92079	0.68313	1.06889	1.49484	1.08497	1.07693	2.96558	1.31	1.47073	1.87257	0.82779	0.56258	1.53503	0.8519	1.20552	0.53847	1.0046	0.64294	1.10908	1.65558	1.34214	1.52699	0.77153	1.84846	1.10908	1.10104	1.82435	1.43055	0.55454	0.8519	1.19748	1.31	0.73939	1.37429	0.59472	0.97245	0.68313	0.81172	0.50632	0.65902	0.44202	1.17337	0.65098	0.94031	0.90816	0.75546	0.61883	0.77957	0.48221	1.55914	1.07693	1.33411	0.59472	1.10104	0.73939	0.50632	0.99656	0.53847	1.02871	0.73135	0.48221	0.89208	0.97245	0.52239	0.99656	0.5465	1.52699	0.90816	1.20552	0.90012	0.98049	0.59472	1.093	1.02871	1.30196	1.0046	0.66705	0.6108	0.32147	0.67509	0.98049	0.53043	1.14122	0.59472	0.96442	0.73135	0.74742	0.79564	0.85994	0.56258	0.74742	0.65098	0.82779	0.84386	0.93227	1.04478	0.89208	0.90012	1.19748	0.81975	0.98853	0.58669	0.6992	0.77153	0.75546	0.58669	0.63491	0.57865	0.50632	1.02067	1.49484	0.96442	0.58669	0.69116	0.65902	0.85994	1.02067	0.74742	0.55454	0.79564	0.57061	0.92423	0.71527	1.11711	0.53847	0.53043	0.94834	1.26178	0.68313	0.84386	1.28589	1.10104	0.64294	0.88405	0.60276	0.62687	0.75546	0.46613	1.04478	0.60276	0.50632	1.02067	0.6992	0.57061	0.90012	0.7635	0.81172	0.73939	1.31803	0.73939	0.47417	0.69116	0.31344	0.95638	0.18485	1.093	0.49024	0.64294	0.90012	0.33755	0.81975	0.51435	0.71527	0.65902	1.16534	0.70724	0.55454	0.64294	0.88405	0.65902	1.19748	0.65902	0.41791	0.33755	0.94031	0.81975	0.65098	0.66705	1.81632	0.77153	1.0046	0.21699	0.75546	0.80368	1.92079	0.63491	1.3984	1.47073	0.8519	0.68313	0.57865	0.88405	0.88405	1.01264	0.53847	0.93227	1.02871	0.47417	0.73939	0.82779	1.16534	1.31	0.94031	0.85994	0.6108	1.02067	0.49828	0.61883	0.63491	0.64294	0.94834	0.75546	0.67509	0.90816	0.69116	1.08497	0.61883	0.45006	0.70724	0.96442	1.01264	0.50632	0.35362	0.59472	0.81975	0.59472	1.07693	0.78761	0.87601	0.77957	1.12515	1.22159	0.69116	0.5465	0.67509	0.24914	0.65902	0.65098	0.64294	1.22159	0.70724	0.97245	0.80368	0.73135	0.89208	0.68313	0.59472	0.45006	0.99656	0.91619	0.95638	0.77957	0.63491	0.62687	0.65098	1.27785	1.16534	0.4581	0.59472	1.35018	0.95638	0.98049	0.65902	0.50632	0.93227	0.82779	0.74742	0.97245	0.63491	1.10104	0.73135	0.43399	0.3938	0.55454	0.8519	0.63491	0.51435	0.67509	1.10908	0.57865	0.90816	1.16534
cell80	0.91328	1.37911	1.21362	0.6681	1.14006	1.26878	1.02974	0.75391	0.9807	0.59455	0.64971	1.16458	0.90715	0.79682	0.82747	0.7723	1.93688	1.77139	1.25039	1.73462	0.98683	1.56299	0.90715	0.78456	0.94392	1.33008	1.77139	0.88263	0.84585	1.71623	0.89489	0.92554	0.4597	1.7101	1.20136	1.58138	1.55073	0.8765	0.95618	0.68649	0.68036	1.10942	0.74166	0.77843	1.50783	1.16458	1.53235	2.1269	1.45266	2.13915	1.66719	2.05947	0.85811	1.00522	1.10942	1.18297	1.83881	1.09716	1.56299	0.97457	0.84585	1.29943	0.64971	1.36072	1.04199	1.25652	1.11555	1.71623	1.25039	0.69875	0.53326	1.33621	0.96844	0.7723	1.23201	1.04199	0.74166	1.37911	1.66719	1.94914	1.04812	2.04108	1.38524	0.42906	0.82747	1.21975	1.41589	1.10329	0.96231	1.02361	1.47105	1.01135	1.15845	0.96844	1.20749	0.57616	1.01748	1.36685	0.43519	1.21362	1.17684	1.14619	1.15232	1.73462	0.64359	0.66197	1.37911	1.42202	1.85107	1.19523	1.38524	1.86333	1.89398	1.34233	1.03587	0.90715	0.57003	1.33008	1.8572	1.33621	2.22497	0.53939	1.04199	1.28717	0.44132	0.7294	1.25039	1.21975	0.66197	1.58751	0.82747	1.33621	2.8379	1.48331	0.55777	1.04199	1.39137	1.26878	0.91328	1.05425	1.91237	0.61907	1.05425	0.72327	1.03587	1.37298	0.70488	1.15845	0.82134	1.89398	1.45266	0.96844	0.72327	0.79682	1.37298	1.28104	1.01748	1.24426	1.86333	1.04199	1.34233	0.89489	0.80908	0.83973	0.61907	0.91328	0.55777	1.48944	1.56299	0.68649	1.23201	1.48944	1.22588	1.48944	1.9614	1.37298	1.26878	1.2933	1.1891	0.95618	1.23201	1.07877	1.30556	1.06651	1.27491	1.47105	1.19523	1.61203	1.10329	1.5017	1.9614	1.33008	1.26878	1.51396	1.57525	0.72327	0.6681	1.10329	1.28104	1.01748	0.86424	0.94392	1.20136	1.40976	0.97457	1.73462	0.72327	1.69784	1.06651	0.88263	0.90715	1.40976	1.21975	1.3975	1.31782	0.9378	0.93167	2.04721	1.31169	1.26265	0.9378	1.49557	0.79682	1.67945	1.25039	0.55164	0.9807	1.38524	1.07264	1.36685	1.61203	1.01135	1.93688	1.41589	0.8765	1.65493	1.84494	1.89398	0.89489	0.83973	0.76004	1.69784	1.12168	0.87037	0.7723	0.85811	0.79069	0.8765	0.88263	1.42202	0.97457	0.521	0.34325	0.80908	0.9378	1.26878	0.99909	0.57616	0.70488	0.8765	1.02361	0.89489	1.03587	0.90715	0.88876	1.45879	0.71101	1.44653	1.04199	1.04812	0.53939	0.74166	1.5017	0.63746	0.90102	0.7294	1.02361	0.37389	0.75391	0.49035	0.85198	1.28104	0.48422	0.64359	0.83973	0.72327	0.39228	0.40454	0.91328	0.521	1.09103	0.90102	1.35459	0.59455	0.78456	1.28104	0.85811	0.9378	0.73553	0.64971	0.96231	0.80908	0.76004	0.58842	0.96844	0.94392	0.58229	0.95618	1.02974	1.06038	0.68036	0.88263	1.02974	1.36685	0.84585	0.58842	0.55777	0.60681	0.69262	0.6681	0.55164	0.75391	0.80295	0.84585	0.63746	1.37911	1.30556	0.8336	0.91328	1.21975	0.58842	0.58842	0.82134	0.7723	0.96231	0.64359	0.91941	1.06651	0.58229	0.81521	0.55777	0.99909	0.36163	0.64971	0.44744	0.48422	0.58229	0.45357	0.67423	1.47718	1.28717	1.11555	0.59455	0.70488	0.61907	0.97457	0.77843	1.36685	0.65584	0.84585	0.68649	0.64359	0.79682	1.07877	0.99296	0.88876	0.75391	0.44744	1.35459	0.6681	0.97457	0.84585	0.61907	0.88263	0.55164	0.64971	0.58229	0.48422	0.78456	0.64359	0.84585	0.64971	0.53939	1.63654	0.57003	0.79069	0.93167	0.73553	0.95618	0.85811	1.21362	0.39841	1.02361	0.76004	0.5639	1.10942	0.54551	0.8765	0.4597	0.82747	0.54551	0.41067	0.84585	1.01135	0.95005	0.74166	0.50261	1.13394	0.96844	0.55164	0.72327	0.75391	1.12168	0.73553	0.96231	1.21975	0.7294	0.87037	0.64971	0.84585	0.32486	0.71101	1.15232	0.41067	0.60068	0.64971	0.81521	0.58842	0.87037	0.7294	0.95618	1.5446	0.68649	1.07877	0.71714	0.5639	0.52713	0.50261	0.63133	1.04199	1.23814	0.65584	1.12168	0.4597	0.67423	0.50874	1.25652	0.521	0.3126	0.89489	0.68649	0.84585	1.45266	0.63133	0.67423	0.60681	1.14006	0.68036	0.63133	0.67423	1.10329	0.63746	0.57616	0.85811	0.42906	1.23201	0.85811	1.27491	0.44744	0.65584	1.10942	1.36072	1.07877	0.92554	0.75391	0.68649	1.31782	1.20136	1.12781	0.45357	0.74778	0.73553	0.66197	0.7294	0.4168	0.54551	1.02974	0.80295	0.40454	0.70488	0.44132	0.90102	0.36776	0.6252	0.79682	1.02974	0.68649	1.4404
cell81	1.09164	1.39807	1.16825	0.93843	1.4651	0.99589	1.12037	1.27358	3.54305	1.55128	1.28316	1.41722	1.45552	1.45552	1.30231	0.84267	1.12995	0.50752	1.24486	0.91928	1.29274	0.77564	0.99589	1.45552	1.88644	0.9097	1.69492	1.13952	1.12037	0.99589	1.04376	1.68534	1.2257	1.54171	0.79479	1.21613	1.73322	0.81394	1.51298	1.47468	1.68534	1.85771	1.84813	1.66619	1.39807	1.08207	0.86182	1.86728	1.21613	1.5034	1.01504	0.72776	1.09164	0.67031	1.23528	1.32146	0.8714	1.04376	1.05334	1.45552	0.99589	1.05334	1.37892	0.89055	1.44595	0.84267	1.30231	1.15867	2.16413	0.65116	1.28316	1.48425	0.65116	1.58959	1.25443	0.70861	1.54171	1.66619	0.96716	1.16825	0.77564	0.72776	1.43637	1.1874	0.86182	0.89055	0.84267	1.35019	1.49383	0.65116	1.32146	0.91928	0.75649	2.17371	0.93843	0.44049	1.05334	1.11079	1.58959	0.79479	1.15867	0.96716	1.12037	1.64704	0.76607	1.57043	1.08207	0.93843	1.96304	1.45552	1.11079	1.21613	1.56086	1.1491	0.71819	2.04923	0.96716	1.13952	0.5937	1.12037	1.26401	1.72365	1.52256	1.27358	1.47468	0.76607	0.97673	1.38849	1.25443	1.1491	0.54582	0.77564	0.70861	1.27358	1.49383	0.80437	0.73734	1.17783	0.37346	0.61285	1.65662	1.06292	1.12995	1.01504	0.71819	0.94801	1.36934	1.02461	1.21613	1.30231	1.17783	0.68946	1.87686	0.8714	0.86182	1.84813	0.93843	1.59916	0.62243	1.87686	0.85225	1.04376	1.35019	0.94801	1.07249	0.71819	1.11079	0.57455	1.00546	0.74691	0.92885	0.65116	1.35019	1.19698	1.87686	1.2257	1.54171	0.94801	1.93432	1.99177	0.70861	1.31189	1.38849	0.77564	1.27358	1.32146	1.25443	1.67577	1.12037	1.84813	1.04376	1.87686	1.90559	0.76607	1.53213	1.81941	0.8331	1.26401	1.44595	0.76607	1.4268	0.90013	0.82352	1.12037	0.8331	1.32146	1.47468	2.31735	1.48425	1.49383	1.80025	0.76607	0.82352	1.48425	1.2257	1.57043	1.56086	0.91928	0.8714	0.85225	0.45006	1.4651	0.98631	0.90013	0.97673	1.32146	0.49794	1.79068	1.57043	1.20655	0.91928	1.19698	1.56086	1.62789	0.8331	1.09164	1.58959	0.96716	1.60874	0.81394	1.19698	0.92885	1.25443	1.32146	0.52667	0.86182	0.8331	0.73734	0.92885	0.86182	0.64158	0.81394	0.74691	0.65116	0.85225	0.75649	1.28316	0.68946	0.69903	1.23528	0.68946	0.76607	1.13952	0.76607	0.52667	0.64158	0.84267	0.68946	0.5554	0.77564	0.48837	1.5034	0.44049	0.58412	0.67031	0.36388	0.75649	1.65662	0.60328	0.76607	1.04376	0.61285	1.01504	0.77564	0.61285	0.90013	1.03419	0.52667	0.81394	1.40765	1.38849	0.60328	0.9097	0.75649	1.11079	0.79479	1.16825	0.90013	0.77564	0.64158	0.41176	0.65116	0.69903	0.94801	0.36388	0.74691	0.65116	0.93843	0.56497	1.35019	0.49794	0.43091	0.98631	1.31189	0.54582	1.00546	0.45964	0.72776	0.632	0.88098	0.78522	0.45006	0.95758	0.65116	0.44049	1.35019	0.69903	1.1874	0.54582	1.16825	0.86182	0.91928	1.1491	0.66073	0.95758	0.97673	0.91928	1.08207	0.5937	0.43091	0.74691	0.85225	0.67988	1.00546	1.4268	0.71819	0.76607	0.36388	0.86182	0.90013	0.91928	0.88098	1.07249	0.97673	1.21613	0.45006	0.98631	0.98631	0.50752	0.58412	0.73734	0.8331	1.26401	1.11079	0.21067	0.93843	0.67031	0.5554	1.31189	0.99589	0.77564	0.81394	0.99589	0.79479	0.75649	0.95758	0.5937	0.52667	0.75649	0.40218	0.26812	0.69903	0.40218	1.20655	0.68946	0.95758	0.64158	0.90013	1.34061	0.72776	1.2257	0.71819	0.79479	1.01504	0.68946	1.1874	0.67031	0.91928	0.80437	0.78522	0.92885	0.94801	0.70861	0.57455	0.77564	0.58412	0.65116	1.19698	0.37346	0.68946	0.70861	0.8714	0.72776	0.51709	0.90013	0.46922	1.06292	0.53625	0.85225	1.12995	1.12037	0.93843	0.67988	1.31189	0.45964	0.84267	0.43091	1.06292	1.2257	0.74691	0.85225	0.77564	0.54582	0.93843	0.93843	0.48837	0.5937	0.95758	0.47879	0.91928	1.01504	0.54582	0.43091	0.62243	1.52256	1.4268	0.79479	0.62243	0.96716	0.18194	0.78522	1.19698	0.65116	0.76607	1.00546	1.29274	1.43637	0.79479	0.45964	0.49794	0.81394	0.61285	1.01504	0.74691	0.74691	0.76607	0.54582	1.11079	0.75649	0.85225	0.95758	0.61285	2.13541	0.72776	0.64158	1.1874	0.61285	0.70861	0.78522	0.57455	0.67031	0.57455	0.64158	0.60328	0.45006	0.75649	0.46922	0.65116	0.37346	0.67031	0.62243	0.68946	0.44049	0.60328	0.90013	0.78522	0.73734	0.70861
cell82	1.00641	1.48086	0.84826	1.04954	0.6326	0.99203	0.9489	1.22207	1.00641	0.99203	1.46648	0.84826	1.46648	0.77637	0.37381	0.87701	1.72527	0.8195	1.40897	0.89139	0.762	1.40897	0.9489	0.66135	0.51758	0.73324	1.35146	0.97765	0.99203	1.06392	0.58947	0.99203	1.72527	0.69011	0.80513	0.99203	0.93452	1.33709	1.22207	0.69011	1.16456	0.70449	0.69011	0.93452	0.84826	1.43773	1.12143	1.46648	1.7684	1.82591	1.50961	1.63901	1.2652	1.40897	1.32271	0.8195	1.62463	0.99203	1.96969	1.38022	1.82591	1.33709	0.92015	2.27161	1.73965	2.42976	1.3946	1.50961	1.8978	1.81154	1.16456	1.38022	1.7109	1.52399	3.26364	1.09267	1.04954	1.06392	0.73324	0.67573	0.54634	0.77637	0.30192	0.51758	0.0	0.0	0.0	0.54634	0.3163	0.25879	0.9489	1.66776	0.762	0.762	1.02079	1.38022	0.70449	1.85467	0.34505	1.27958	0.84826	0.41694	1.86905	1.03516	1.78278	0.83388	1.4521	1.38022	1.00641	1.22207	1.02079	0.40256	0.99203	0.90577	0.8195	0.83388	1.12143	0.96328	0.48883	0.70449	0.90577	1.04954	0.99203	1.03516	0.9489	1.23645	1.52399	0.96328	0.73324	0.79075	1.03516	1.75403	0.61822	1.12143	1.25082	0.66135	0.80513	0.70449	0.6326	1.29395	1.20769	1.15018	1.22207	0.93452	0.56071	0.97765	1.25082	0.64698	0.90577	0.69011	0.83388	1.06392	1.40897	1.27958	1.10705	1.02079	0.89139	1.3946	1.17894	1.52399	0.61822	0.93452	0.90577	0.83388	0.51758	1.12143	0.61822	0.9489	0.33068	1.32271	0.84826	0.5032	0.5032	0.762	0.69011	0.9489	0.90577	0.58947	1.10705	0.762	0.84826	1.12143	1.96969	1.1358	0.60385	0.69011	0.8195	1.0783	0.83388	0.67573	0.84826	0.86264	0.8195	0.51758	1.27958	1.69652	1.12143	1.38022	0.89139	0.8195	0.86264	0.80513	0.80513	1.61025	0.99203	1.2652	1.1358	0.70449	0.89139	0.89139	0.84826	0.9489	1.20769	0.69011	1.25082	0.64698	0.64698	0.762	0.77637	0.86264	0.93452	0.87701	1.43773	0.93452	0.79075	1.75403	0.56071	0.58947	0.93452	0.93452	1.03516	0.83388	1.1358	1.32271	0.73324	0.38819	1.7684	1.4521	0.56071	1.09267	0.90577	0.60385	0.79075	0.48883	0.6326	1.15018	0.86264	0.89139	0.9489	2.61666	1.1358	0.69011	1.03516	0.99203	1.27958	1.7109	0.73324	1.15018	0.762	0.34505	0.35943	0.9489	1.15018	1.38022	1.19331	0.9489	0.762	1.1358	0.70449	0.87701	0.74762	1.02079	0.762	0.80513	1.27958	0.96328	1.0783	0.57509	0.58947	1.10705	0.97765	0.74762	1.09267	0.70449	1.35146	1.66776	2.24285	1.55275	0.99203	1.16456	0.67573	1.04954	0.93452	0.67573	1.02079	0.61822	0.6326	1.1358	0.48883	0.70449	1.36584	0.87701	1.16456	0.69011	0.8195	1.17894	0.69011	0.41694	0.92015	1.29395	0.56071	1.96969	1.12143	1.16456	1.1358	1.40897	1.06392	0.89139	0.86264	1.50961	0.46007	1.19331	0.83388	0.74762	1.15018	0.89139	1.94093	1.32271	0.80513	0.77637	0.43132	1.17894	1.22207	1.15018	1.46648	0.83388	0.67573	0.84826	1.19331	0.87701	1.32271	0.9489	0.80513	1.04954	1.10705	0.66135	1.00641	1.53837	1.09267	0.96328	1.04954	0.97765	1.23645	0.8195	1.06392	0.86264	0.60385	1.38022	1.66776	0.69011	1.02079	1.33709	1.00641	1.29395	0.70449	0.89139	1.22207	1.1358	0.71886	0.84826	1.25082	1.56712	0.38819	1.16456	0.47445	0.64698	0.89139	1.1358	1.78278	1.98406	0.24441	0.70449	1.2652	0.67573	0.89139	0.96328	1.02079	0.6326	1.12143	0.83388	1.12143	0.89139	0.71886	1.43773	0.90577	0.74762	1.06392	1.00641	0.93452	1.3946	0.89139	0.66135	1.32271	0.79075	0.89139	1.16456	1.23645	1.25082	0.83388	1.68214	0.30192	1.12143	0.69011	1.02079	1.20769	0.762	0.51758	0.46007	1.40897	1.19331	0.79075	0.54634	1.04954	0.60385	0.9489	0.84826	0.762	0.90577	0.96328	0.60385	1.04954	1.35146	0.77637	1.02079	1.02079	0.4457	0.762	1.04954	1.32271	0.71886	1.62463	0.73324	0.89139	0.79075	0.54634	1.20769	0.73324	0.97765	0.46007	0.47445	1.33709	1.02079	0.74762	1.00641	0.9489	1.4521	0.89139	0.54634	0.51758	0.99203	0.8195	1.16456	0.51758	1.02079	0.47445	0.69011	0.90577	2.35787	1.09267	0.84826	0.74762	1.32271	0.8195	0.48883	1.03516	0.8195	1.25082	0.74762	0.25879	1.29395	0.5032	0.77637	0.54634	1.84029	1.30833	1.38022	0.83388	0.77637	1.00641	0.79075	0.92015	1.48086	0.80513	0.71886	0.84826	0.77637	1.04954	0.80513
cell83	0.96695	1.51635	0.84608	1.21967	1.24165	1.96686	1.42845	1.835	1.15374	1.68117	1.0988	1.49437	1.49437	1.835	1.26362	1.24165	1.59327	1.54931	1.23066	2.18662	2.26354	0.50545	1.1977	1.45042	1.48339	1.03288	1.0109	0.58237	1.97785	2.05476	0.87904	0.86806	1.15374	1.03288	1.86797	0.69225	0.78015	0.69225	1.41746	0.84608	1.04386	0.62632	1.38449	1.46141	1.24165	0.90102	0.62632	1.32955	1.0988	1.36252	1.27461	0.94497	1.15374	1.20868	1.13177	0.94497	1.5603	1.03288	1.87896	1.14276	1.17572	0.85707	1.38449	0.90102	0.50545	1.23066	0.90102	1.29659	1.31856	1.62623	1.38449	0.87904	1.37351	1.62623	1.59327	1.10979	1.62623	1.42845	1.03288	1.2856	0.68126	1.99982	0.99991	1.20868	0.99991	0.95596	0.76916	0.56039	1.32955	1.17572	0.91201	1.13177	1.12078	0.93398	0.7362	0.81312	0.98892	1.94488	1.79105	1.4724	0.99991	1.5603	1.37351	2.04378	1.1977	1.5603	0.99991	0.81312	1.60425	1.06584	0.41755	0.74719	0.98892	1.57129	1.65919	0.75817	1.23066	1.39548	1.97785	1.87896	0.74719	1.45042	1.73611	1.32955	1.97785	1.68117	1.20868	1.50536	1.10979	0.98892	0.923	0.51644	1.36252	0.69225	1.53833	1.64821	1.57129	0.85707	1.29659	1.49437	0.8241	1.40647	1.07683	0.95596	1.24165	0.69225	1.41746	0.65928	0.90102	1.12078	1.73611	0.96695	1.1977	0.90102	1.26362	0.97794	0.91201	1.39548	1.04386	1.5603	0.85707	1.54931	1.24165	1.05485	1.05485	1.45042	1.25264	0.81312	1.835	0.89003	1.31856	0.95596	1.37351	0.99991	0.98892	0.89003	0.86806	0.923	0.78015	1.08782	0.95596	0.84608	1.27461	0.75817	1.82401	1.23066	1.67018	1.20868	1.81303	0.64829	1.39548	0.80213	0.37359	0.49446	1.27461	1.30758	0.923	0.84608	1.03288	0.64829	1.48339	1.39548	1.20868	1.5603	2.06575	0.52743	0.24174	1.32955	1.63722	0.84608	1.04386	0.923	1.62623	0.93398	0.923	1.18671	1.40647	1.24165	1.15374	0.56039	0.65928	0.84608	1.03288	1.35153	1.7471	1.34054	1.92291	1.21967	0.89003	1.13177	1.38449	0.97794	0.96695	0.74719	0.86806	1.58228	0.70323	1.59327	1.69216	1.51635	0.95596	1.1977	1.0109	1.21967	0.85707	1.16473	0.7362	0.80213	0.76916	1.03288	0.65928	1.30758	1.17572	0.76916	1.06584	0.59335	0.68126	0.61533	1.0109	0.63731	0.57138	0.15383	0.80213	0.94497	0.63731	0.42853	0.62632	1.32955	0.76916	0.91201	0.37359	1.08782	0.70323	0.94497	0.64829	0.76916	0.64829	0.98892	0.63731	0.57138	0.7362	0.67027	0.51644	0.63731	1.15374	0.70323	0.94497	1.07683	0.69225	0.75817	0.8241	0.5494	1.36252	0.61533	1.23066	0.71422	0.86806	1.02189	0.67027	0.5494	0.97794	0.2747	0.85707	0.96695	0.61533	0.63731	0.68126	0.97794	0.63731	0.85707	1.10979	1.30758	1.41746	1.38449	0.69225	1.30758	0.62632	0.56039	0.59335	1.31856	0.63731	1.06584	0.76916	0.59335	1.50536	1.38449	0.93398	1.30758	1.21967	0.93398	0.69225	0.84608	0.38458	0.60434	0.93398	0.47249	0.90102	0.64829	0.98892	0.37359	0.91201	1.26362	0.47249	0.63731	0.76916	0.49446	0.52743	0.71422	0.94497	0.85707	1.21967	0.51644	1.07683	0.64829	0.61533	0.51644	0.85707	0.7362	1.0109	0.76916	0.7362	0.57138	0.57138	0.51644	0.42853	0.95596	0.63731	0.69225	0.91201	0.86806	0.95596	1.26362	1.29659	0.31865	1.16473	1.25264	0.70323	0.39557	0.7362	0.69225	0.68126	0.91201	0.58237	0.75817	0.81312	0.83509	1.0109	0.7362	0.48347	0.62632	0.5494	0.86806	0.8241	0.83509	0.70323	0.67027	0.93398	1.42845	0.90102	0.91201	0.74719	0.70323	1.0988	0.86806	0.19778	0.85707	1.20868	0.63731	0.40656	0.58237	0.80213	0.57138	0.69225	1.41746	0.69225	0.67027	0.50545	0.58237	0.98892	0.49446	0.72521	0.99991	1.07683	1.23066	0.75817	0.8241	0.91201	1.17572	0.91201	0.53841	1.17572	0.56039	0.65928	0.38458	0.98892	0.87904	0.7362	0.74719	0.76916	0.89003	0.923	0.81312	0.38458	0.65928	0.69225	1.03288	0.64829	0.78015	1.26362	0.38458	0.60434	0.74719	0.96695	0.61533	0.89003	0.75817	0.80213	1.05485	0.95596	0.41755	1.90093	1.18671	0.95596	0.97794	0.37359	0.63731	0.62632	1.15374	0.36261	0.57138	0.7362	1.14276	0.78015	0.96695	0.64829	0.5494	0.8241	0.75817	0.53841	1.39548	0.48347	0.94497	0.65928	0.48347	0.84608	1.0109	1.38449	0.4615	0.83509	0.97794	0.91201	1.0109	0.71422	1.02189	0.83509	1.04386	0.59335	0.48347
cell84	1.41249	0.8145	1.60838	1.629	0.46396	1.23722	0.36085	1.11349	0.87636	0.68047	1.20629	1.03101	1.28877	1.22691	1.57745	1.03101	1.39187	0.84543	1.54652	1.2166	1.77334	0.72171	0.82481	1.69086	1.65993	1.19598	0.72171	2.05172	1.17536	0.73202	0.63923	1.37125	0.94853	1.59807	1.03101	1.09287	0.92791	1.36094	1.10318	1.30939	1.07225	0.82481	1.14442	1.54652	1.54652	1.23722	1.48466	1.30939	0.70109	2.09296	1.27846	0.87636	1.3197	0.83512	1.28877	0.8145	0.6083	0.94853	0.76295	0.76295	0.77326	1.08256	0.56706	1.37125	1.10318	0.77326	1.47435	1.01039	1.3197	0.83512	1.06194	1.13411	1.08256	0.58768	0.75264	1.23722	1.40218	1.71148	1.629	1.58776	0.5052	0.95884	1.48466	0.68047	1.19598	1.65993	1.27846	1.17536	1.629	0.93822	1.33001	1.5259	1.26815	1.06194	1.04132	1.25784	1.629	0.88667	2.05172	0.74233	0.5052	1.45373	1.05163	1.2166	1.16504	0.89698	1.80427	1.50528	1.06194	1.03101	1.15473	1.30939	0.75264	0.70109	1.1238	2.2373	0.94853	1.51559	0.98977	1.04132	1.01039	1.27846	0.84543	1.3197	1.29908	0.75264	1.20629	1.98986	1.20629	1.629	1.22691	1.26815	0.79388	2.17544	1.39187	1.37125	1.82489	0.97946	0.87636	0.77326	2.10327	1.629	1.28877	1.47435	0.73202	1.49497	1.2166	1.64962	1.37125	0.77326	1.5259	1.15473	1.16504	1.41249	1.08256	0.9176	1.33001	1.27846	0.73202	1.25784	0.84543	1.06194	0.51551	1.75272	0.80419	1.97955	1.90737	1.08256	0.68047	0.90729	1.01039	1.3197	1.3197	2.14451	0.79388	1.24753	0.76295	1.17536	0.92791	0.53613	0.89698	1.44342	1.50528	1.09287	1.61869	0.82481	1.09287	0.90729	1.17536	1.28877	1.98986	1.20629	0.92791	0.69078	1.08256	1.30939	1.18567	0.84543	1.09287	0.95884	1.00008	0.68047	0.58768	1.67024	1.3197	1.56714	0.53613	1.10318	1.45373	1.50528	2.11358	1.37125	1.92799	1.13411	0.96915	0.9176	0.64954	1.22691	0.72171	0.84543	1.11349	1.26815	0.58768	1.50528	0.82481	1.06194	0.56706	1.68055	0.94853	0.76295	0.86605	2.67032	0.76295	2.06203	1.68055	1.45373	1.27846	1.33001	0.83512	0.88667	1.47435	1.81458	1.95893	1.09287	1.06194	0.76295	0.45365	0.36085	0.53613	1.04132	0.62892	0.90729	1.25784	1.16504	0.73202	0.75264	0.78357	0.94853	1.30939	1.20629	0.95884	0.74233	0.54644	0.72171	1.08256	1.34032	0.73202	0.74233	1.37125	0.90729	0.24744	0.82481	0.69078	1.04132	0.78357	0.96915	0.64954	1.4228	0.89698	0.48458	0.68047	1.17536	0.57737	0.69078	0.61861	0.62892	0.86605	0.67016	1.05163	0.75264	1.18567	0.63923	0.86605	0.7114	1.18567	0.77326	0.63923	0.93822	0.58768	0.54644	1.20629	1.11349	0.92791	0.59799	1.16504	0.6083	0.79388	0.35054	0.58768	0.42272	1.29908	0.73202	0.80419	0.98977	0.80419	0.78357	1.13411	0.64954	0.57737	0.97946	1.35063	0.49489	0.49489	0.79388	0.65985	1.30939	0.39179	1.29908	0.75264	0.87636	0.8145	0.6083	1.55683	0.75264	0.46396	0.83512	1.00008	1.14442	1.18567	0.67016	0.85574	0.92791	1.05163	0.84543	0.72171	0.73202	0.67016	0.89698	1.00008	0.69078	0.89698	1.29908	1.09287	0.49489	1.09287	0.67016	0.69078	0.47427	0.69078	0.96915	0.67016	0.68047	2.05172	0.79388	1.20629	1.11349	0.22682	1.25784	0.70109	0.65985	0.41241	0.48458	1.04132	0.80419	0.96915	0.6083	0.69078	0.46396	0.39179	1.50528	1.11349	0.70109	0.85574	0.64954	0.85574	0.87636	0.44334	0.5052	0.44334	0.88667	0.68047	0.7114	1.00008	1.20629	0.6083	0.76295	0.94853	1.08256	0.44334	0.58768	0.88667	0.67016	0.94853	0.52582	0.79388	0.98977	0.85574	0.74233	0.47427	0.69078	0.78357	0.93822	0.59799	0.49489	1.03101	0.6083	0.89698	0.95884	0.37116	0.4021	0.82481	0.65985	0.94853	0.79388	1.03101	0.95884	0.76295	0.54644	0.39179	0.42272	0.9176	0.90729	1.30939	0.87636	0.77326	0.79388	0.82481	0.6083	0.74233	0.70109	0.75264	0.38147	0.82481	1.36094	0.76295	0.72171	0.94853	0.74233	0.8145	1.13411	0.90729	0.61861	0.63923	1.15473	0.82481	1.20629	1.16504	0.75264	0.84543	1.06194	0.62892	0.76295	0.61861	0.61861	1.2166	0.35054	1.14442	0.75264	0.58768	0.49489	0.69078	0.69078	0.89698	0.58768	0.61861	0.84543	0.5052	0.88667	0.95884	1.37125	0.85574	1.08256	1.51559	0.86605	0.36085	0.79388	1.2166	0.69078	0.77326	0.3093	1.3197	0.51551	0.68047	1.59807	0.78357	0.53613	0.82481	0.56706
cell85	1.43007	1.36731	0.89211	0.80245	0.83383	1.03557	1.04902	0.54692	0.91453	0.92798	0.64107	0.97729	1.06695	1.12074	0.789	1.4211	1.15212	0.55141	1.30455	0.84728	1.1835	1.96354	1.11626	1.11178	1.20592	1.37627	1.0804	0.89211	0.96832	1.73491	1.04902	1.01763	1.16109	1.54214	2.11148	1.0535	1.20592	1.8694	1.18799	0.78004	1.30006	0.55141	1.36282	1.01315	0.88315	0.99074	1.1835	1.24627	1.15661	1.17902	0.70831	1.00419	1.5018	1.26868	0.92349	0.69486	1.97699	1.45248	1.52421	1.41662	1.98596	0.96832	0.56037	1.34937	1.15661	1.84698	1.06695	0.70383	0.80694	2.04872	1.62284	1.23282	1.29558	2.13838	1.84698	1.33144	1.32248	1.88285	0.46623	1.06695	1.46145	1.70801	1.91871	1.74836	2.38046	1.61835	1.28661	1.07591	1.04453	2.107	0.8697	1.11626	1.30903	0.46623	0.97281	0.57382	1.05798	1.12971	1.31351	0.38105	1.0535	1.56007	0.94142	0.96832	1.70353	1.08488	1.2373	0.83832	0.64107	1.33593	1.22385	0.789	1.37627	1.37627	0.91453	1.17902	0.89659	0.86073	0.60968	0.60968	1.04902	0.789	1.25523	1.15661	1.5018	1.17454	0.67245	1.25075	1.78871	1.16109	0.57382	1.21489	0.86521	2.3177	1.64973	1.76181	1.2373	0.96384	1.59146	0.66348	0.91453	1.15661	0.88763	0.6052	1.52869	0.8159	1.32248	1.78422	1.55559	1.01763	1.0266	1.12074	0.62762	1.99044	0.61417	0.75314	1.93664	1.51524	1.57352	0.54244	0.79797	0.92349	0.70383	1.51973	1.20592	1.96803	0.51106	1.32696	1.10729	1.43903	1.64077	0.84728	1.61387	0.4752	1.46145	1.69456	1.14764	1.17454	1.50628	1.11626	1.06246	0.86073	1.08936	0.95487	1.65422	1.25075	0.94142	1.68111	1.27316	0.79797	0.69486	1.0535	0.78452	0.78004	1.24627	1.14764	1.25523	0.77107	1.30006	0.53796	1.14316	0.64107	1.50628	1.14764	1.38076	1.31799	1.79319	0.96832	1.01763	1.44352	1.2911	1.39869	1.18799	1.17454	1.12971	0.83832	0.92349	1.6856	1.35386	0.78004	0.91901	1.17902	1.2104	1.01315	1.77526	0.64555	1.07143	1.09833	1.07591	1.24178	0.88315	1.40317	2.53288	1.19695	1.11626	2.16528	1.19247	1.07143	1.39869	1.45697	1.01315	0.94142	1.93664	0.69486	0.99522	0.60968	1.17006	1.17902	0.65451	0.72176	1.00867	0.49761	1.07591	0.95039	0.70831	1.17454	0.5783	1.2911	0.75314	1.11626	0.82935	0.28691	0.47968	0.74866	0.75314	0.79797	0.73969	0.88763	1.29558	0.69038	0.52002	0.70383	1.13419	0.80245	0.39898	0.71279	0.86073	0.56934	0.87866	0.67693	0.73969	0.80694	1.10281	1.00419	0.8428	0.73969	0.92798	0.71279	0.48416	1.11626	0.55141	1.17902	1.23282	1.01315	0.87418	0.6052	0.91453	0.6321	1.08936	1.15661	0.98625	0.4483	0.52899	0.46175	1.10729	1.03557	0.54244	0.75762	0.59624	0.82038	0.70383	0.49313	1.1835	0.82038	0.96832	0.37209	1.41662	0.90556	1.00419	0.5783	0.61417	0.76211	1.00419	1.21489	0.83383	0.62762	1.18799	1.71698	0.48864	0.72624	0.82487	0.79797	0.97281	0.32726	0.78452	0.45726	0.73072	0.93246	0.54692	0.32277	0.43037	1.19695	0.74417	0.40795	0.99074	0.91004	0.73521	0.6321	0.68141	0.49761	1.24627	0.87418	0.53347	1.15212	0.58279	0.92349	1.4749	0.98625	0.58279	0.83383	0.89211	0.70383	1.8694	0.44381	0.90108	0.61865	0.659	1.12074	0.83383	0.73521	0.8697	1.32248	0.64555	1.34041	0.98177	0.88763	0.659	1.15661	0.59175	0.86073	0.91004	0.87418	1.33593	0.73521	0.78004	0.99522	0.32726	0.96384	0.88763	0.87866	0.93246	0.84728	0.69934	0.76211	0.93694	0.69486	0.4752	0.39898	1.23282	0.83383	0.79349	0.53796	0.88315	0.67245	2.37149	0.57382	0.72176	0.4752	0.85625	1.04005	0.78452	1.2104	1.0266	0.62762	0.66796	0.54244	0.63658	0.8159	0.87418	0.77107	0.52899	0.6321	0.79349	0.79797	1.07591	0.61417	0.99074	0.43933	0.75314	0.4752	0.77107	0.8697	0.94142	0.41243	0.71728	0.74417	0.789	0.789	1.34489	0.89211	0.55589	1.41214	0.93694	0.4752	1.25972	0.61417	0.4483	0.69934	0.93246	0.87418	0.82935	0.50209	1.00867	0.51554	0.68141	0.75762	0.69934	0.53796	0.75314	0.8159	0.96384	1.01315	0.8697	0.47968	0.61417	0.46175	1.43007	0.50658	0.41243	0.57382	0.91901	0.73072	1.50628	0.49313	0.62313	0.83383	0.52899	0.52451	0.52899	0.85625	0.90556	0.64107	1.45248	1.52869	0.62313	0.52002	0.72624	0.54692	0.68589	0.87418	1.51524	0.67245	0.78452	0.83383	0.69934	1.30006	0.95936	1.04005
cell86	1.54087	0.43872	0.69553	1.64787	0.97374	1.11285	0.94164	1.49807	1.26266	1.47667	0.63133	0.95234	1.20915	1.77628	0.75973	1.70138	0.56713	0.80254	0.98444	1.71208	1.08075	1.01654	0.55642	2.1829	1.43386	1.09145	1.78698	0.81324	1.43386	0.67413	2.02239	0.48152	0.98444	1.48737	0.89884	1.26266	0.72763	0.95234	0.92024	1.50877	1.07005	1.03795	1.23055	1.12355	1.62647	1.23055	2.2792	1.11285	0.90954	2.04379	1.94749	1.16635	1.65857	1.70138	1.02725	2.03309	1.29476	0.98444	1.01654	1.77628	1.56227	1.09145	1.09145	2.1829	0.92024	1.24125	0.67413	1.64787	1.45526	0.74903	1.00584	1.54087	0.88814	0.57783	2.45041	2.04379	0.51362	1.66927	1.75488	0.80254	1.21985	1.17705	0.77043	0.96304	1.28406	1.10215	1.12355	2.3006	0.68483	0.62063	1.13425	1.11285	1.05935	0.50292	1.35896	0.83464	1.13425	1.17705	1.09145	0.55642	1.03795	0.44942	0.67413	0.46012	0.80254	1.23055	1.02725	1.25196	0.71693	0.80254	1.10215	1.15565	1.17705	2.00099	0.71693	0.58853	1.59437	0.85604	1.56227	1.70138	1.08075	0.94164	1.05935	0.60993	2.215	2.1936	1.69067	1.09145	1.41246	1.13425	1.12355	1.09145	1.71208	0.73833	1.11285	0.65273	1.31616	0.90954	0.80254	1.43386	0.53502	0.89884	1.62647	1.91538	0.74903	1.55157	0.80254	1.67997	2.73932	0.68483	1.13425	0.98444	1.34826	0.83464	1.33756	0.73833	1.18775	0.99514	1.16635	1.35896	0.51362	1.46596	1.02725	1.16635	1.29476	0.90954	2.05449	1.50877	0.97374	0.94164	1.50877	1.20915	1.74418	0.90954	1.12355	1.76558	2.08659	1.63717	0.84534	0.97374	0.75973	1.02725	1.38036	0.85604	0.64203	1.18775	1.29476	1.23055	0.94164	1.25196	1.58367	1.29476	0.86674	1.04865	1.70138	1.16635	1.55157	0.97374	0.96304	1.27336	1.14495	0.64203	1.23055	1.20915	1.15565	0.28891	0.83464	1.25196	1.20915	0.95234	0.97374	0.81324	1.77628	1.27336	0.89884	1.39106	1.12355	1.92609	1.20915	0.74903	2.45041	1.15565	1.19845	0.86674	0.69553	0.97374	0.87744	1.16635	1.29476	1.18775	1.61577	1.99029	1.14495	1.47667	1.27336	0.60993	1.24125	1.56227	1.19845	1.01654	0.83464	1.12355	1.32686	1.40176	0.72763	0.81324	0.52432	0.95234	0.71693	1.07005	0.50292	0.66343	0.58853	0.39592	0.68483	0.68483	0.75973	0.48152	0.64203	0.67413	0.68483	0.44942	0.59923	1.05935	0.72763	0.51362	0.58853	1.04865	0.68483	0.36382	0.99514	1.12355	0.35312	0.75973	0.84534	1.08075	0.58853	0.68483	0.79183	0.60993	0.56713	0.71693	1.62647	0.83464	0.87744	0.94164	0.79183	1.05935	1.13425	1.09145	0.99514	0.83464	0.70623	1.03795	0.43872	0.93094	0.74903	1.05935	0.86674	0.94164	1.08075	0.71693	0.69553	1.45526	0.53502	0.72763	0.89884	1.11285	0.97374	1.75488	0.68483	0.89884	0.86674	0.38522	1.35896	0.82394	1.38036	0.49222	0.79183	0.59923	0.94164	0.69553	1.11285	0.81324	1.11285	0.68483	0.82394	0.62063	0.52432	0.51362	0.94164	0.72763	0.85604	0.51362	0.49222	0.64203	0.63133	1.26266	0.58853	1.04865	0.44942	0.60993	1.02725	0.62063	0.48152	1.12355	1.08075	0.70623	0.90954	1.13425	0.84534	0.37452	1.09145	0.65273	0.92024	0.64203	0.53502	0.92024	0.47082	0.27821	1.03795	0.82394	0.58853	0.95234	0.75973	0.95234	0.93094	0.73833	0.88814	0.72763	0.65273	0.55642	0.78113	1.10215	1.00584	0.54572	0.82394	0.50292	1.28406	1.30546	0.90954	0.56713	1.19845	0.99514	0.48152	0.62063	0.53502	0.77043	0.40662	1.01654	0.96304	0.67413	1.38036	1.64787	1.12355	0.75973	0.70623	1.08075	0.52432	0.95234	0.71693	1.20915	0.63133	1.10215	0.58853	1.15565	0.60993	0.59923	0.64203	0.90954	1.10215	1.14495	0.42802	0.71693	1.04865	0.88814	0.64203	1.19845	0.23541	0.71693	1.09145	0.90954	0.83464	1.13425	0.53502	0.84534	1.09145	0.82394	0.95234	0.69553	0.81324	1.11285	0.58853	0.63133	0.89884	0.59923	0.92024	0.60993	0.66343	0.85604	0.84534	0.62063	0.71693	0.62063	0.57783	0.59923	0.56713	0.90954	0.72763	0.57783	1.11285	0.94164	0.55642	0.92024	0.66343	1.21985	0.77043	0.80254	0.44942	0.57783	0.70623	1.02725	0.58853	1.03795	0.93094	0.60993	1.11285	1.07005	0.93094	0.36382	0.89884	0.38522	0.70623	1.03795	1.00584	1.54087	0.88814	0.75973	0.96304	1.03795	0.94164	0.94164	0.88814	1.21985	0.57783	0.90954	0.71693	0.55642	1.14495	1.09145	0.52432	0.55642	0.46012	1.21985	0.64203	0.49222	0.93094	1.11285
cell87	1.59335	1.63253	1.1493	0.72484	1.40398	1.39092	1.09706	0.92728	0.75749	0.94687	0.85545	1.35173	1.77619	1.09053	1.81537	1.28643	1.02523	1.19501	0.95993	1.24725	1.30602	0.65954	1.48887	1.18195	0.90116	0.88157	1.63253	1.16236	0.97952	0.84892	1.54764	1.58029	0.90769	1.94598	0.63995	0.93381	0.52241	1.31255	0.39834	0.74443	1.20807	0.79667	0.94687	1.43663	1.39745	0.86851	1.11012	1.09053	0.76402	0.99258	1.74354	1.26031	1.64559	0.7379	1.09706	0.91422	1.32561	1.78272	1.48234	1.71089	0.64648	1.2146	1.45622	1.20807	1.63253	1.37133	1.12971	1.50846	0.95993	1.06441	1.14277	1.47581	1.95251	0.86851	0.94687	0.72484	0.72484	1.82843	2.04393	1.48234	1.20154	0.92075	1.09053	0.72484	0.92075	1.48887	1.3648	1.13624	1.20154	0.73137	0.7379	1.56723	2.13535	1.04482	1.39092	0.8228	1.31908	0.77055	1.22766	1.76966	0.6726	0.81626	1.11012	1.50193	0.67913	1.38439	2.27901	0.91422	1.64559	1.06441	0.8228	0.89463	1.26031	1.58682	1.80231	1.64559	1.16889	1.16889	0.92075	1.20154	1.81537	1.35173	1.20807	1.31255	0.92075	0.94034	0.78361	1.3452	1.28643	1.12971	1.65212	0.87504	1.31255	0.82933	0.97952	1.2146	0.86198	1.16236	2.29207	0.91422	1.35826	0.81626	0.6073	0.99258	1.74354	1.01217	0.56812	0.62036	1.33214	1.30602	1.3648	0.42446	1.06441	0.80973	0.75096	1.43663	0.81626	1.46275	1.60641	1.29296	1.45622	2.07005	1.35826	1.11665	1.95251	1.30602	0.94034	1.48887	0.70525	1.20807	0.86198	1.20154	0.86198	1.27337	0.55506	0.98605	0.76402	0.77055	1.09053	1.46275	1.15583	1.20154	0.93381	0.78361	1.53458	1.65865	1.29949	1.084	0.88157	1.91986	1.7566	1.31255	1.3452	1.26684	0.84239	1.22113	0.62036	1.22766	0.75749	1.46928	0.86198	1.084	2.25289	0.84892	1.16236	0.8881	0.86851	1.66518	1.0187	1.33867	1.57376	1.18195	1.12318	1.32561	0.89463	0.99258	0.86198	1.28643	1.04482	0.94034	1.03829	1.40398	1.8219	0.70525	1.084	1.13624	1.54764	0.85545	1.16889	1.22113	1.54764	1.05135	1.37786	1.27337	1.91333	1.05135	1.57376	0.71178	2.69694	1.01217	1.29296	1.3648	1.30602	1.03176	0.79667	0.96646	0.48323	0.25467	0.84239	1.05788	1.00564	0.52241	0.83586	0.90116	0.99911	1.15583	0.542	0.58118	0.62689	1.07094	0.99258	0.49629	0.91422	0.60077	0.56812	0.30039	0.56812	0.66607	0.50935	0.30692	0.8228	0.84239	1.3648	0.94034	0.77055	0.65954	0.92075	0.39181	0.61383	0.72484	0.7379	0.73137	0.66607	1.4301	0.63342	0.39181	0.35263	0.67913	0.77055	0.52241	1.10359	0.87504	1.0187	0.63995	0.62689	1.22766	0.43752	0.88157	0.46364	0.82933	0.85545	0.87504	0.99911	0.71178	1.23419	0.60077	0.77055	0.41793	1.0187	0.82933	0.6073	0.4767	0.62036	0.51588	1.3452	1.00564	0.83586	0.38528	1.04482	0.82933	0.38528	1.05788	1.20807	0.47017	0.542	0.55506	0.70525	1.23419	0.6726	0.75749	0.69872	0.35916	0.89463	1.59988	0.7379	1.4301	0.89463	1.09706	0.76402	0.92075	0.38528	1.03176	0.56159	0.542	0.82933	0.8228	1.09053	1.25378	0.4114	1.11012	0.43752	1.07094	0.29386	0.54853	1.084	1.0187	0.68566	1.07094	1.16889	0.52241	0.85545	0.81626	0.6073	0.69219	0.76402	0.94034	0.76402	0.71831	0.91422	0.65954	1.04482	0.67913	1.15583	0.48323	1.19501	0.63342	1.03176	1.15583	1.2799	1.63906	1.48234	1.16236	0.79667	0.8032	0.86198	0.65954	0.90116	1.17542	0.81626	0.50282	0.74443	0.83586	0.67913	1.63253	0.72484	1.93292	1.19501	0.92075	0.81626	0.86851	0.6073	0.90769	0.99258	0.38528	0.50282	1.03829	0.55506	0.97299	1.20807	0.72484	0.50935	0.37875	0.67913	0.49629	0.91422	0.59424	0.48323	0.93381	0.69872	0.8228	1.03176	0.78361	0.63342	0.74443	0.99911	0.31345	0.81626	0.54853	1.31908	0.71831	1.1493	1.48234	0.72484	1.03176	0.75749	0.68566	0.40487	0.2808	0.67913	0.74443	0.70525	0.77708	0.83586	0.52241	1.00564	0.84239	0.61383	1.33867	0.45058	1.39745	0.53547	0.8881	0.86198	0.8228	0.91422	0.99911	1.1493	1.64559	0.77708	0.80973	0.4114	0.50935	0.72484	0.62689	1.07747	1.15583	0.76402	1.06441	0.94034	0.64648	0.92728	0.542	1.09053	0.8228	0.77055	0.89463	1.24725	0.58118	1.03176	0.88157	0.51588	0.4767	0.95993	0.68566	0.65954	0.69219	0.71831	1.17542	0.74443	0.79014	1.19501	0.37875	1.18848	0.79667	0.62036	1.02523	0.65301	0.50282
cell88	1.17409	0.88057	1.13061	1.17409	1.44587	1.22845	0.83708	0.67402	1.00015	1.45674	1.0219	1.64156	0.55443	0.8697	0.45659	1.16322	1.78288	1.18496	0.93493	1.22845	1.52197	1.08712	1.46762	0.96754	1.25019	1.0219	1.34803	0.84796	1.60894	1.36977	1.63068	0.69576	1.11974	0.92405	1.25019	0.73924	1.00015	1.3589	1.85898	1.39152	1.31542	1.83724	0.9458	0.77186	1.55459	2.06553	0.60879	1.60894	1.27193	0.6414	1.50023	1.97856	1.08712	1.04364	0.95667	0.89144	1.20671	0.7175	1.2828	1.3589	1.32629	0.65227	1.3589	2.00031	1.63068	1.01102	1.85898	1.50023	0.92405	1.23932	1.47849	1.09799	1.45674	0.8697	1.30455	1.01102	1.06538	1.14148	1.435	1.04364	0.7936	1.29368	1.16322	0.83708	0.90231	1.45674	0.88057	1.50023	1.84811	0.72837	0.68489	1.46762	0.7936	1.46762	1.16322	0.65227	1.30455	1.64156	1.05451	1.52197	1.14148	1.33716	1.57633	0.67402	1.63068	1.08712	0.81534	1.5111	1.3589	0.65227	0.8697	1.21758	1.31542	1.85898	1.23932	1.25019	1.10887	1.46762	0.88057	1.06538	1.50023	1.36977	1.34803	0.93493	0.90231	1.33716	1.72852	0.88057	0.7936	1.22845	1.01102	1.06538	1.19583	1.07625	1.97856	0.81534	1.04364	1.45674	1.20671	0.60879	1.56546	1.36977	1.36977	0.73924	0.81534	0.81534	2.08728	0.9458	2.29383	1.30455	1.80462	1.03277	0.72837	1.41326	0.25004	0.55443	1.16322	1.48936	1.26106	1.32629	0.9458	0.89144	1.53284	1.52197	0.93493	0.7936	1.0219	2.27209	0.77186	0.81534	1.15235	1.01102	1.36977	0.91318	1.21758	1.40239	1.14148	0.88057	1.01102	0.82621	1.23932	1.21758	0.85883	1.26106	1.07625	1.01102	1.10887	1.19583	1.75027	1.33716	1.07625	1.44587	0.96754	1.45674	0.93493	1.39152	1.15235	0.84796	1.10887	1.01102	1.17409	0.89144	0.8697	0.83708	0.93493	0.78273	1.45674	1.21758	1.25019	1.81549	0.68489	1.26106	0.93493	1.3589	2.50038	1.59807	0.75011	2.43515	1.435	0.90231	1.38065	1.14148	2.39167	1.03277	2.26122	0.95667	1.16322	1.55459	0.7175	1.25019	0.60879	0.70663	1.40239	1.13061	1.91334	1.03277	1.00015	1.40239	1.03277	1.95682	1.2828	0.89144	1.63068	0.85883	0.82621	1.06538	1.16322	0.59792	0.7936	0.6414	0.69576	0.6414	0.73924	0.84796	1.09799	0.67402	0.68489	0.90231	0.93493	0.72837	0.67402	0.40224	1.16322	0.30439	0.47833	0.7936	1.11974	0.67402	0.82621	0.57617	0.63053	1.04364	0.78273	0.60879	0.6414	0.35875	0.63053	0.7175	0.58705	1.71765	0.55443	0.6414	0.41311	0.60879	0.61966	0.36962	0.67402	1.72852	0.58705	0.66314	0.57617	1.18496	0.78273	0.85883	0.54356	0.83708	1.16322	0.7936	0.50008	0.98928	0.65227	0.78273	0.2283	0.27178	0.8697	0.84796	0.75011	0.83708	0.54356	1.11974	0.47833	0.52182	1.05451	0.67402	0.52182	1.04364	0.82621	0.69576	0.81534	0.91318	0.75011	1.07625	0.83708	0.7175	0.89144	0.84796	0.77186	0.77186	0.92405	0.78273	0.82621	0.58705	1.09799	1.32629	1.06538	1.23932	0.97841	0.39136	0.63053	0.90231	0.45659	0.70663	0.5653	0.7175	0.44572	0.78273	1.31542	0.82621	0.89144	0.67402	0.63053	0.77186	0.91318	0.89144	1.46762	0.55443	0.91318	0.75011	0.89144	0.97841	0.55443	0.69576	0.6414	0.55443	0.61966	0.89144	0.7175	0.85883	0.85883	0.91318	0.60879	1.50023	0.51095	1.00015	0.75011	0.65227	1.46762	1.07625	0.9458	0.81534	0.82621	1.04364	0.32614	0.43485	0.92405	0.61966	0.95667	0.5653	0.54356	0.69576	0.7936	0.80447	0.75011	1.01102	0.73924	0.89144	1.17409	0.65227	1.435	0.7936	0.63053	0.58705	0.69576	1.04364	1.05451	0.82621	0.50008	1.08712	0.53269	0.91318	0.51095	0.9458	1.06538	1.05451	1.19583	0.51095	0.5653	0.78273	0.7175	0.84796	0.20655	1.05451	0.44572	0.98928	0.8697	0.50008	0.80447	0.97841	0.85883	0.85883	0.38049	0.35875	0.83708	1.06538	0.68489	0.32614	0.67402	0.60879	1.34803	0.59792	0.72837	0.57617	0.89144	0.82621	0.77186	0.41311	0.78273	0.81534	0.96754	1.07625	1.17409	1.01102	0.60879	1.0219	0.89144	1.435	0.59792	0.6414	0.55443	0.89144	0.77186	0.83708	0.7175	0.98928	1.08712	1.11974	0.69576	0.84796	0.73924	1.0219	0.54356	1.21758	0.67402	0.80447	0.81534	1.09799	0.32614	0.89144	1.19583	0.70663	0.67402	0.83708	0.58705	1.3589	1.03277	0.78273	0.72837	0.96754	1.15235	1.0219	0.78273	0.88057	0.76099	1.15235	1.05451	1.2828	1.26106	0.8697
cell89	0.6035	1.33079	0.82014	1.17604	1.05225	1.02904	0.68087	1.00583	0.74276	0.90524	1.87238	1.14509	0.92845	1.05999	0.91298	0.6035	1.2302	0.83561	0.74276	0.64992	1.23794	1.42363	0.94393	1.78728	1.43911	0.98261	0.71182	1.2302	0.66539	0.85882	0.97488	0.82787	0.53386	0.69634	1.19152	1.50874	1.30757	0.9594	1.22247	1.57064	0.73503	0.97488	0.78919	0.48744	0.88977	1.02904	1.37721	1.59385	0.93619	1.03677	1.33079	0.90524	1.40816	1.23794	0.61897	1.43137	2.03486	0.88977	1.64801	1.51648	1.501	1.58611	1.53969	1.07546	1.84917	1.68669	1.01356	1.94202	1.30757	0.94393	1.94202	2.55325	0.61123	2.11997	0.76598	0.36364	0.71182	1.10641	1.06772	0.85882	0.79692	0.51839	0.66539	0.95167	0.0	0.0	0.0	0.94393	0.26306	0.70408	1.2921	0.47196	0.99035	1.46232	1.50874	1.33852	0.82014	0.8743	1.19152	0.49518	0.94393	0.82787	1.28436	1.91881	1.67896	0.75824	1.17604	0.67313	1.50874	0.96714	1.21473	1.53969	1.05999	0.77371	0.78145	0.52612	0.74276	1.09867	0.88977	1.39268	1.40042	0.94393	1.23794	1.58611	0.78145	1.12962	0.71955	1.58611	0.88977	0.58802	0.85882	1.07546	0.92845	1.29984	0.64992	0.8743	0.47196	0.8124	0.95167	1.26889	0.79692	1.2921	1.16831	0.45649	0.96714	1.04451	0.93619	0.96714	1.09093	0.44102	0.67313	1.09867	0.68087	0.90524	0.71955	1.43911	0.53386	1.13736	1.47005	1.19152	0.67313	0.53386	1.16057	0.57255	1.2302	1.31531	1.34626	0.64992	0.99809	1.53969	1.2302	0.51065	1.27663	0.94393	1.10641	0.77371	0.65766	0.95167	1.12962	0.53386	0.58802	0.53386	1.05999	0.84335	0.92072	0.85108	1.40042	0.82787	1.12188	0.9594	0.85882	0.86656	0.6035	0.69634	1.15283	1.0832	1.57837	0.56481	0.89751	0.88203	0.90524	0.68087	0.8743	1.51648	1.43137	1.00583	1.37721	0.89751	1.63253	1.2302	0.6886	1.29984	1.65574	0.65766	0.67313	0.61123	1.40816	1.04451	1.25341	0.90524	1.66348	1.81822	1.13736	0.71955	1.41589	0.59576	1.20699	1.15283	1.36173	1.05225	0.64218	1.31531	1.14509	1.23794	0.8743	1.09093	1.00583	0.94393	1.354	0.72729	1.12188	0.39459	1.8337	0.63444	1.31531	0.90524	0.6886	0.96714	0.72729	0.4178	0.66539	1.501	1.25341	0.64218	1.26889	1.11415	1.45458	0.80466	0.80466	0.88203	0.8743	1.36947	1.13736	1.07546	1.09093	0.83561	1.20699	1.18378	1.01356	0.58028	0.72729	0.93619	0.98261	0.85108	0.82787	1.06772	1.20699	0.32496	1.16057	0.47196	0.99035	0.6886	0.5416	0.49518	1.20699	1.15283	0.71955	0.8124	0.47196	0.83561	0.67313	1.29984	0.65766	1.88012	0.78919	0.76598	1.48553	1.2302	0.51839	1.23794	1.21473	0.4797	0.8124	1.6248	0.92845	1.32305	0.5416	1.60932	0.71182	0.73503	1.05225	0.77371	0.78919	1.09093	0.70408	0.83561	0.86656	1.05225	1.19152	0.82014	1.64801	0.68087	1.05999	0.91298	1.66348	0.74276	1.06772	0.85108	0.76598	1.6248	1.09093	1.7099	0.47196	0.86656	0.48744	1.0213	1.12962	0.99035	0.8743	1.02904	0.72729	0.53386	1.16057	0.99035	0.63444	0.62671	1.43911	0.78919	1.25341	0.93619	1.2302	0.99035	0.85882	0.99035	0.84335	0.82014	0.61897	1.45458	1.02904	0.58802	0.57255	1.354	0.51839	0.69634	1.17604	0.89751	0.70408	0.66539	0.75824	0.85108	0.99809	0.99035	0.82014	0.58028	0.62671	0.61897	1.04451	0.54934	0.57255	1.27663	1.0832	0.89751	1.28436	1.12962	0.4797	1.42363	1.39268	1.12188	1.13736	1.34626	0.91298	0.79692	0.88977	1.47005	1.23794	0.78919	0.58802	0.51839	1.19925	0.5416	0.6886	0.70408	1.22247	1.8956	1.37721	0.5416	1.33852	0.49518	1.22247	0.97488	0.97488	0.77371	0.92845	1.30757	0.75824	0.43328	0.99035	1.09093	0.85882	1.16057	0.92845	0.99809	2.45267	0.85108	0.57255	0.78919	1.12962	1.29984	1.06772	1.03677	0.95167	0.32496	0.80466	1.12188	0.5416	1.14509	0.32496	1.01356	0.8743	0.80466	0.56481	0.71955	0.61123	1.20699	1.14509	0.30175	1.19925	1.19925	0.84335	0.61897	1.21473	1.09093	0.88203	0.4797	0.63444	1.36947	0.74276	1.15283	1.25341	0.77371	0.82014	0.90524	1.05999	0.84335	1.05225	1.01356	1.53195	1.25341	1.11415	0.79692	0.6886	1.12188	0.73503	1.43137	1.18378	1.17604	0.84335	1.25341	1.26115	0.67313	0.75824	1.16831	1.24568	1.55516	0.92845	1.11415	1.53195	0.88977	1.46232	1.39268	1.03677	0.7505	1.16057	1.10641	1.65574	0.84335	0.88977	0.76598
cell90	1.42966	0.81588	1.03295	0.63624	1.4596	0.8533	1.3099	1.32487	1.84882	1.36229	1.06289	1.62427	0.58384	0.95061	1.51948	0.53144	1.42217	0.42665	1.13025	1.45211	1.23504	1.43714	1.03295	1.45211	1.30241	1.89374	0.60629	1.13774	0.7036	0.77845	1.30241	1.11528	1.83385	2.52997	0.89821	1.0554	0.77097	1.29493	0.80839	1.72906	1.75152	1.72906	1.09283	1.25002	1.13025	1.22007	0.99552	1.18265	1.6617	1.49702	1.72906	1.44463	1.42217	0.9581	1.70661	1.0554	0.98804	0.83833	1.24253	1.13025	1.64673	1.52696	1.26499	1.70661	1.07786	1.2575	1.4596	1.2575	1.03295	1.41469	0.94313	1.49702	1.58685	2.28296	1.44463	1.43714	1.3099	1.52696	0.98055	0.74851	1.26499	1.56439	1.2575	1.51199	1.2575	1.26499	1.17516	0.86827	1.02546	0.7036	0.98055	1.87128	1.24253	0.74851	1.32487	1.72158	1.01798	2.10332	2.2156	1.44463	1.58685	0.62126	0.86827	1.42217	1.28744	1.2051	1.97607	1.19013	1.48954	0.98055	1.32487	1.61679	1.27996	1.00301	1.27247	0.9057	0.86827	1.1078	0.92815	1.51948	1.37726	0.76348	1.63176	1.09283	1.07037	0.32186	1.08534	1.1078	2.02098	0.93564	1.37726	0.86827	1.87128	1.02546	0.77097	1.1078	1.04043	1.78146	0.77845	1.17516	1.69164	1.19762	0.53144	0.66618	0.97307	0.92067	0.80839	0.98055	1.28744	1.65421	0.50899	1.58685	1.28744	0.63624	1.1078	0.92815	1.47457	1.46708	0.86827	1.99853	2.34284	1.43714	1.21259	1.49702	1.11528	0.44162	1.11528	1.41469	1.01049	1.45211	1.03295	1.01049	1.22756	1.95362	1.09283	1.18265	1.36978	1.87877	1.54942	1.2575	1.28744	1.12277	0.86079	0.95061	1.25002	1.5569	1.36978	1.17516	1.17516	0.97307	0.57635	1.58685	1.51948	0.98804	1.03295	2.39524	0.77845	1.16019	1.41469	0.63624	1.21259	0.86079	1.19013	0.99552	1.10031	1.22007	1.12277	1.90122	1.11528	1.28744	1.01798	1.59433	1.22756	0.92815	0.83085	0.77097	1.29493	1.26499	1.09283	1.01798	1.17516	0.74103	1.72906	0.74103	1.29493	0.89821	1.6617	1.42966	1.52696	0.99552	0.92815	1.25002	0.79342	1.12277	1.13025	0.96558	0.83085	0.82336	0.41917	1.36978	0.96558	1.18265	1.28744	0.99552	1.1078	1.12277	0.57635	0.77845	0.98804	0.68115	0.57635	0.91318	0.94313	0.98055	0.82336	0.77097	0.99552	0.56138	0.53893	0.84582	1.13774	0.9581	0.47905	0.44911	0.84582	0.74851	0.44162	0.73354	0.5015	0.65869	0.59881	0.67366	0.73354	1.27996	0.73354	0.47156	0.51647	0.47156	0.84582	0.7036	0.79342	0.61378	0.50899	1.01798	0.80091	1.4596	0.57635	0.77097	0.54641	0.64372	0.89821	0.44911	1.07037	0.9581	0.96558	1.25002	0.80839	0.74103	0.96558	0.31438	0.61378	0.84582	0.98804	0.97307	0.87576	0.65121	0.65121	1.24253	0.83085	0.80839	1.10031	1.21259	0.41168	0.45659	1.06289	0.756	1.42966	0.83085	0.44162	0.88324	0.32935	0.78594	0.66618	1.18265	0.69612	0.82336	0.9581	0.74851	0.89073	0.52396	0.80091	0.47905	0.61378	0.57635	0.82336	0.74851	1.13774	1.45211	0.64372	0.78594	0.98804	1.01049	0.98055	0.62126	0.5015	0.89073	0.86827	0.46408	0.59132	1.16019	0.99552	1.19013	0.83833	1.03295	0.37426	0.63624	0.64372	0.68115	0.7036	0.82336	0.53893	0.67366	0.71857	1.24253	0.72606	0.48653	0.79342	0.74103	1.2051	0.34432	0.3518	0.87576	0.49402	1.1078	0.66618	1.13774	0.51647	1.18265	0.94313	0.93564	0.89073	1.04043	0.68115	0.47156	0.89821	0.76348	0.56887	0.73354	0.44162	0.74103	1.01798	0.77845	1.26499	1.23504	0.56887	0.77845	0.99552	0.77097	0.49402	0.89073	0.756	0.69612	0.92815	0.5539	1.13025	0.95061	0.7036	0.65121	1.34732	0.49402	0.93564	1.01798	0.63624	0.81588	0.44162	0.7036	0.95061	0.81588	1.54193	0.72606	0.72606	0.44162	0.67366	0.92815	0.62875	0.48653	1.11528	0.63624	0.45659	1.02546	0.62126	0.59881	1.39223	0.80091	0.37426	0.60629	0.72606	0.77097	0.38174	0.59132	0.78594	0.43414	0.92815	0.94313	1.01049	0.66618	0.7036	0.62875	0.89073	1.3099	0.88324	0.53893	1.27996	1.14522	0.71109	0.83833	0.63624	0.84582	0.56887	0.32186	0.38923	0.5539	0.92067	0.42665	0.7036	0.97307	1.16768	1.00301	0.79342	1.10031	0.51647	1.07037	0.71109	0.78594	0.94313	0.756	0.62875	1.00301	0.62126	0.53144	1.13025	0.77845	1.08534	0.96558	0.93564	0.79342	0.43414	0.756	0.68115	0.44162	0.47905	0.74851	0.49402	0.71109	0.65121	0.9581	0.81588	1.28744
cell91	0.91921	0.76895	0.89269	1.66165	1.37882	1.08714	1.45836	0.69825	1.50256	1.41417	1.25508	0.89269	1.88261	0.85734	1.7412	1.44069	2.04171	1.86494	1.39649	1.66165	1.01643	0.91921	1.14017	1.60862	1.78539	1.70584	0.93689	1.44069	1.37882	0.62754	0.89269	1.44069	1.04295	0.76012	1.06947	1.37882	1.26391	1.37882	0.76012	0.83082	0.68057	1.25508	1.21972	1.45836	2.00635	1.22856	1.33462	1.65281	0.80431	0.68941	0.94573	1.21972	2.2008	0.99876	1.91797	1.67933	0.88386	0.79547	1.86494	0.68057	1.11366	1.14901	1.25508	0.76012	1.28159	1.08714	1.697	1.17553	0.9634	1.66165	1.25508	1.21972	1.59094	1.71468	0.94573	0.82199	1.3523	1.42301	1.79423	0.77779	1.66165	0.86618	1.02527	0.91037	0.82199	1.48488	1.4672	0.80431	0.71592	0.90153	1.59978	0.86618	1.09598	1.10482	0.83966	1.42301	1.10482	0.76012	1.15785	1.28159	2.21848	1.16669	1.05179	1.61746	1.24624	1.45836	1.37882	1.68817	0.81315	0.65405	1.10482	1.67049	0.52148	0.81315	1.2374	1.14017	1.51139	1.29927	1.66165	1.21972	1.14017	1.04295	1.34346	1.44952	1.19321	1.96216	1.73236	0.80431	0.94573	1.5821	0.71592	1.15785	0.94573	1.50256	1.44952	1.05179	1.5821	1.37882	1.27275	1.43185	0.90153	0.91037	1.34346	1.14017	1.59978	0.67173	1.7412	0.72476	1.41417	1.15785	1.75887	0.87502	1.13134	0.88386	0.71592	1.17553	1.31695	0.79547	1.13134	0.98992	1.82074	0.64522	0.93689	1.22856	1.02527	0.69825	1.20204	1.21972	1.65281	0.57451	1.37882	1.67049	0.67173	1.36998	1.30811	0.80431	1.66165	1.79423	0.98108	1.21088	1.2374	2.25383	1.48488	0.98992	0.83082	0.71592	1.41417	0.60986	1.31695	0.78663	0.91037	0.94573	1.67933	1.19321	0.68057	0.83966	1.2374	2.00635	1.2374	1.38765	1.53791	1.52023	1.7412	0.91037	0.60986	1.59094	1.17553	1.48488	0.91037	1.55559	0.98992	1.06063	1.4672	1.08714	1.02527	1.64397	0.81315	1.57326	1.21088	0.78663	1.55559	1.22856	1.33462	1.14017	0.87502	0.79547	1.25508	1.02527	1.47604	0.68057	0.98108	0.97224	1.56443	0.94573	1.11366	1.44069	0.80431	0.91037	2.07706	1.40533	1.31695	1.29043	1.53791	0.92805	0.81315	0.6187	0.57451	0.51264	0.93689	1.08714	1.4672	0.82199	1.13134	0.91037	0.80431	0.64522	0.78663	0.77779	1.2374	0.8485	0.88386	0.41541	1.25508	0.7336	0.53915	0.54799	0.81315	0.51264	0.57451	0.93689	1.53791	0.7336	0.98108	0.53031	0.66289	0.67173	0.47728	0.67173	0.53031	0.48612	0.70709	0.65405	1.38765	1.03411	0.85734	0.48612	0.69825	0.77779	0.91921	0.95456	0.40657	0.89269	0.81315	0.70709	0.77779	0.94573	0.79547	0.5038	0.77779	0.53031	0.3447	1.4672	0.60102	0.54799	0.85734	0.93689	0.57451	0.77779	0.32703	0.93689	0.6187	1.06063	0.7336	0.30935	1.03411	1.10482	0.51264	0.43309	0.63638	0.97224	0.62754	1.09598	1.15785	1.59094	1.19321	0.77779	0.67173	1.26391	0.37122	0.98108	0.36238	0.69825	0.69825	0.68057	0.98108	0.57451	0.65405	0.76895	0.86618	0.44193	0.72476	0.59218	1.13134	1.20204	0.60102	0.72476	0.51264	0.66289	0.38006	0.76012	0.7336	0.82199	0.55683	0.58335	0.95456	0.67173	0.78663	0.76895	0.68057	0.83082	0.82199	1.17553	1.21088	0.80431	0.90153	0.86618	0.94573	0.71592	1.05179	0.47728	0.63638	1.05179	0.80431	0.48612	0.69825	1.54675	0.70709	0.3889	0.68941	1.03411	0.69825	0.77779	0.65405	0.64522	0.81315	0.69825	0.67173	0.78663	0.60102	1.57326	0.76012	0.86618	0.68057	0.80431	0.56567	0.80431	1.03411	0.79547	0.48612	0.70709	0.5038	0.81315	0.72476	0.42425	0.82199	0.51264	1.03411	0.56567	0.62754	1.06947	0.39774	1.24624	0.9634	0.5038	0.30935	0.87502	0.70709	0.60102	0.68057	0.7336	0.93689	0.93689	0.88386	0.91921	1.03411	0.75128	0.91037	0.81315	0.45961	0.42425	0.51264	0.85734	0.41541	0.60102	1.68817	0.98108	0.74244	1.31695	0.81315	1.43185	0.83082	0.91037	0.54799	0.6187	0.81315	0.35354	0.72476	0.58335	0.59218	0.83966	1.27275	0.76895	1.14901	0.53915	0.63638	0.91921	1.0076	0.26516	1.05179	0.3447	0.53915	0.44193	1.21972	0.49496	0.87502	0.77779	0.72476	0.94573	0.92805	0.60102	0.60986	0.98108	0.92805	0.68941	0.68941	1.14017	0.79547	0.7336	1.54675	1.21088	0.72476	0.58335	0.95456	0.67173	0.6187	0.8485	0.67173	1.55559	0.94573	0.83966	1.30811	0.81315	0.53915	0.68941	1.30811	0.74244	0.83966	0.55683
cell92	1.48209	1.38274	1.1095	1.51521	1.46553	2.70751	1.09294	1.29994	1.93749	1.18402	1.46553	0.91078	0.73691	0.42227	0.85282	0.96046	1.42413	1.51521	2.219	1.2751	0.91078	1.05154	1.36618	0.75347	1.29166	1.1095	0.76175	1.39102	0.89422	1.2751	0.48851	1.29994	1.45725	0.83627	0.81971	1.05982	1.48209	1.73049	1.32478	0.72035	1.34134	1.17574	1.87953	1.63941	1.73877	1.30822	1.25026	1.29994	1.33306	1.60629	1.03498	1.2751	1.58145	1.09294	1.64769	1.14262	0.45539	1.51521	1.76361	0.67895	1.63113	1.22542	1.10122	0.87766	1.26682	1.56489	0.57131	1.32478	1.18402	1.77189	1.41585	0.74519	1.29994	1.73877	1.1923	1.87953	1.54005	0.9439	1.63941	0.54647	1.28338	0.93562	1.55661	2.39288	0.79487	1.04326	0.9853	1.20058	1.46553	0.95218	0.76175	1.25854	1.08466	1.1509	0.9439	1.65597	1.50693	2.06996	0.93562	1.01014	1.29994	1.38274	0.80315	1.04326	1.49037	1.3993	2.29352	1.2337	1.14262	1.44897	0.52991	0.91906	2.28524	2.07824	0.80315	0.85282	0.83627	1.3579	1.1509	1.08466	1.10122	1.53177	1.59801	1.01842	1.36618	0.70379	1.3579	2.14448	0.97702	1.05154	0.9853	1.40757	1.30822	0.69551	0.9853	1.34962	0.8611	0.9853	1.87953	0.81143	2.79859	1.0681	1.32478	1.30822	0.85282	0.92734	2.0948	1.89609	1.07638	0.81143	0.88594	1.2337	0.60443	1.0267	0.69551	0.92734	1.29166	0.9025	0.92734	2.10308	1.05982	1.05154	2.04512	0.93562	0.89422	0.9439	1.11778	0.76175	1.42413	1.61457	1.17574	1.0681	1.82157	0.89422	1.78017	1.39102	1.08466	1.40757	1.78017	1.01842	1.74705	0.82799	0.80315	1.2751	1.65597	0.82799	1.13434	1.0681	1.18402	1.47381	1.30822	1.10122	1.30822	1.21714	1.72221	1.25854	0.86938	1.21714	1.54005	1.2337	1.45725	1.1509	0.8611	0.76175	1.63113	1.46553	0.93562	1.44897	1.34134	1.18402	1.43241	1.16746	1.57317	0.71207	1.67253	1.04326	0.74519	0.8611	0.81143	1.84641	0.75347	1.25854	1.04326	1.39102	0.74519	1.20886	0.96874	1.81329	0.76175	0.8611	1.48209	0.91078	1.82985	0.77831	2.12792	1.26682	0.63755	0.80315	0.9439	0.91906	1.20058	1.2751	0.72863	1.2337	1.18402	0.46367	1.01014	0.54647	0.8611	0.88594	0.50507	0.95218	1.05982	1.01842	0.59615	0.58787	0.50507	0.9439	1.00186	0.9439	0.9853	0.56303	0.47195	0.96046	0.72863	0.52163	0.52991	0.49679	0.96046	0.57131	1.1095	0.72035	1.37446	0.51335	0.65411	0.72035	0.91078	0.62099	0.72035	0.9439	0.63755	0.86938	0.85282	0.83627	0.88594	0.58787	0.80315	0.85282	0.89422	0.55475	0.38915	0.62099	1.28338	0.95218	0.85282	0.48851	0.59615	0.66239	0.84454	0.29807	0.96874	0.63755	0.9853	0.91078	0.53819	0.89422	0.97702	0.63755	1.08466	1.20886	0.63755	0.89422	0.62927	0.46367	0.96046	1.09294	0.37259	0.57959	0.52991	1.01014	0.91078	0.71207	0.47195	1.01842	0.62927	0.72035	0.81971	1.20058	1.78017	0.96874	0.89422	0.9853	0.81143	0.48023	0.84454	1.14262	0.86938	0.52163	0.93562	1.08466	0.54647	0.86938	0.56303	0.76175	0.72863	1.09294	0.9853	0.19044	0.91078	0.38915	1.1509	0.48023	0.75347	0.55475	1.1509	0.72035	0.67067	0.96046	0.93562	0.62927	0.59615	0.65411	1.05982	0.81143	0.59615	0.84454	0.81143	1.44069	0.77831	0.47195	0.74519	0.72035	0.43883	1.03498	0.81143	0.48851	0.97702	1.21714	1.01842	0.62927	0.9853	0.62927	0.85282	1.08466	0.54647	0.22356	0.74519	0.77831	0.83627	1.05982	0.53819	1.03498	0.89422	0.81971	0.81143	1.07638	0.91906	0.74519	0.96046	0.62927	0.96046	1.03498	1.0681	0.8611	0.33947	0.64583	0.48023	0.62099	0.96874	0.33947	0.60443	0.61271	0.71207	1.24198	0.54647	0.54647	0.91906	0.30635	0.49679	0.45539	1.22542	0.46367	0.59615	0.72863	0.33119	0.91906	0.66239	0.92734	0.68723	1.3165	0.67067	0.8611	0.41399	1.00186	0.38087	0.76175	0.51335	0.71207	0.75347	0.77831	1.13434	0.80315	0.61271	0.68723	0.96046	0.84454	1.12606	0.67067	1.26682	0.25668	0.63755	1.00186	0.57131	0.70379	1.03498	0.82799	0.44711	0.45539	0.75347	0.70379	0.54647	0.83627	0.55475	0.49679	0.36431	1.20886	0.62927	1.01014	0.82799	0.48023	0.57959	0.92734	1.09294	0.81143	0.72863	0.66239	0.57959	0.67067	0.67895	0.66239	0.89422	1.04326	0.8611	0.83627	0.85282	0.99358	0.53819	0.66239	1.04326	0.50507	0.63755	0.63755	0.91078	0.9439	0.39743	0.65411	1.01842	0.57959
cell93	0.98271	1.18533	0.75983	1.15494	1.28664	1.95529	1.19546	1.72227	1.36769	1.1448	1.10428	1.1448	1.33729	1.0131	0.5876	1.83371	1.25625	0.49642	1.3069	1.15494	0.92192	1.15494	1.84384	0.93205	0.87127	1.59057	1.469	0.83074	0.86114	1.39808	1.94515	0.8814	0.94218	0.4559	0.97258	1.65135	1.61083	1.65135	1.23598	1.33729	0.98271	1.69188	2.37066	1.62096	1.31703	1.58044	1.95529	1.07389	1.20559	0.80035	1.55004	1.03336	1.57031	1.00297	1.10428	1.48926	0.8814	1.51965	1.13467	1.49939	0.69904	1.11441	1.13467	0.53694	0.98271	0.84087	0.59773	0.91179	1.25625	1.20559	0.5876	1.33729	1.26638	1.32716	1.13467	0.51668	1.31703	1.29677	1.34742	2.20856	1.1448	0.93205	0.90166	1.16507	0.5876	0.97258	1.56018	1.7628	1.08402	1.23598	1.80332	1.1448	1.40821	0.40524	0.39511	1.52978	0.78009	1.11441	1.18533	1.70201	1.11441	0.61799	1.56018	2.43144	1.28664	1.11441	1.16507	0.66865	1.22585	2.10725	0.62812	0.90166	1.02323	0.5876	0.68891	0.52681	0.87127	1.16507	1.85398	1.48926	1.06376	0.92192	0.95232	0.90166	1.67162	1.13467	1.34742	1.51965	1.15494	1.08402	1.21572	1.26638	0.99284	1.66149	1.02323	1.62096	1.04349	0.75983	1.39808	0.73956	0.73956	1.44873	1.20559	1.63109	1.08402	1.16507	1.45887	1.36769	0.851	0.98271	1.35756	1.1448	0.91179	1.12454	0.84087	1.22585	1.0131	1.28664	1.23598	0.73956	1.98568	1.52978	1.63109	1.77293	2.20856	0.78009	0.51668	0.99284	1.03336	0.97258	1.27651	1.12454	0.64838	1.0131	0.72943	2.26935	0.86114	0.851	1.1752	1.24611	1.19546	0.70917	1.78306	1.57031	1.71214	1.02323	1.23598	1.04349	1.45887	1.07389	1.91476	1.44873	1.07389	1.79319	0.72943	0.59773	1.04349	1.20559	1.67162	0.851	1.12454	1.13467	0.83074	1.21572	1.13467	1.469	1.06376	1.32716	0.62812	0.94218	1.03336	1.03336	0.46603	0.95232	1.13467	1.00297	1.57031	1.0131	1.7628	1.03336	0.72943	0.8814	1.35756	1.63109	1.34742	1.85398	1.82358	1.24611	1.3069	1.35756	0.70917	1.16507	1.09415	0.99284	1.27651	0.5876	1.4386	0.79022	1.05363	1.55004	0.5876	1.34742	0.94218	0.83074	0.62812	1.10428	0.5876	0.73956	0.33432	0.43563	0.80035	1.09415	0.82061	0.67878	0.73956	1.03336	0.93205	0.94218	0.86114	0.4255	0.75983	1.49939	0.89153	0.59773	0.70917	0.63825	0.97258	0.46603	0.97258	0.81048	0.97258	0.98271	1.07389	0.851	0.51668	0.48629	0.76996	1.10428	0.78009	1.18533	1.05363	0.91179	0.43563	1.41834	0.53694	1.21572	0.35459	1.04349	0.65852	0.87127	0.81048	0.38498	1.75266	0.65852	1.16507	0.67878	0.55721	0.84087	0.54707	1.63109	1.16507	0.56734	0.75983	1.05363	0.57747	1.16507	0.91179	0.90166	0.5876	1.18533	0.96245	0.37485	0.78009	0.76996	0.79022	0.86114	0.50655	0.92192	0.93205	0.99284	1.05363	0.81048	0.5876	0.74969	1.44873	0.79022	0.69904	0.65852	0.76996	0.91179	1.3069	0.56734	0.8814	0.80035	0.86114	0.68891	1.33729	0.41537	0.87127	0.54707	0.74969	0.65852	0.63825	0.97258	1.02323	0.75983	0.81048	0.84087	1.06376	1.1752	0.61799	0.92192	0.46603	0.59773	0.78009	0.64838	1.71214	0.74969	0.57747	0.75983	0.86114	0.66865	0.82061	0.72943	0.79022	0.60786	0.39511	0.66865	0.86114	1.06376	1.31703	0.66865	0.89153	0.68891	0.84087	0.69904	0.60786	1.11441	0.7193	0.93205	2.60367	0.83074	1.08402	0.89153	1.24611	0.63825	0.57747	0.22288	0.95232	1.10428	1.13467	0.66865	0.5876	0.78009	0.57747	1.04349	0.31406	0.7193	0.50655	0.83074	1.06376	0.92192	0.99284	0.8814	0.79022	0.34445	0.92192	0.68891	0.75983	0.52681	0.76996	1.49939	1.27651	0.54707	0.90166	1.34742	0.7193	0.86114	0.66865	0.62812	0.59773	0.74969	0.70917	0.96245	0.36472	0.76996	0.40524	0.75983	0.4559	0.4559	1.26638	0.47616	0.84087	0.78009	0.78009	0.75983	0.51668	0.48629	0.70917	0.82061	0.50655	1.27651	1.49939	1.07389	0.84087	0.67878	1.04349	0.63825	1.09415	0.65852	0.5876	0.5876	0.61799	0.76996	1.06376	0.97258	0.76996	0.86114	0.4255	0.51668	0.8814	1.4386	0.61799	1.20559	1.13467	0.76996	0.54707	0.38498	0.60786	0.41537	0.87127	0.52681	1.0131	0.8814	0.64838	0.78009	0.64838	1.04349	0.76996	0.37485	0.87127	1.13467	1.1448	0.4559	0.86114	0.69904	0.73956	0.75983	1.05363	0.94218	0.91179	0.8814	0.81048	1.00297	1.37782	0.97258	0.51668	0.80035
cell94	1.16506	1.12865	0.76457	0.66445	0.96482	1.37441	0.96482	0.93751	1.65657	0.40959	1.14686	0.72816	0.31857	1.09224	0.77367	1.00122	1.17416	0.38229	0.85559	1.05584	0.78278	1.20147	0.65535	0.62804	0.81008	1.29249	0.80098	0.77367	0.78278	0.76457	0.61894	1.82951	0.92841	1.21057	1.03763	0.81008	1.27429	0.98302	1.24698	0.81918	0.51882	0.71906	1.05584	0.52792	0.9011	2.09347	0.83739	0.50971	1.98425	1.16506	0.80098	1.40171	1.338	1.11955	1.71118	1.92053	1.26518	1.68388	1.59286	1.63837	1.7658	1.338	1.39261	1.72029	1.46543	1.75669	1.01033	1.62927	1.46543	1.44722	1.3562	1.41082	1.15596	2.23	1.45633	1.8022	0.71906	0.79188	1.01033	0.86469	0.49151	0.32767	0.32767	0.4278	0.0	0.0	0.0	0.41869	0.50971	0.48241	1.05584	1.10135	0.82829	1.16506	0.82829	0.59163	0.57343	0.8829	0.50061	0.64624	0.9011	0.35498	1.3471	1.46543	0.60984	0.76457	0.62804	0.64624	0.68265	0.86469	0.84649	0.8738	1.08314	0.9102	1.13776	0.63714	1.29249	0.4642	0.81008	1.21967	1.04673	0.80098	1.28339	0.74637	1.28339	0.99212	0.71906	0.82829	0.95571	1.13776	1.81131	1.72939	0.65535	1.08314	1.48363	0.86469	0.96482	0.82829	0.892	1.62016	0.82829	1.72939	0.8738	0.98302	0.83739	0.37318	0.68265	1.338	1.21967	0.92841	1.50184	1.57465	0.71906	1.84771	0.98302	0.74637	1.01033	0.95571	1.07404	0.60984	1.04673	0.61894	1.41082	0.55522	1.26518	0.9102	0.68265	1.21057	1.19237	0.91931	1.01943	0.67355	0.59163	1.67478	0.63714	1.21057	1.50184	0.74637	1.01033	1.18327	1.07404	0.8829	1.72939	1.02853	1.51094	1.01033	1.11045	1.82041	0.8738	0.58253	0.60984	0.83739	0.4369	0.78278	0.78278	0.72816	0.95571	1.14686	0.84649	0.52792	1.41082	0.72816	0.79188	1.10135	1.31069	1.11955	1.3198	0.8829	0.60073	0.83739	0.85559	0.9011	1.09224	0.86469	1.12865	0.80098	1.15596	1.07404	1.28339	0.79188	1.50184	0.84649	0.8738	0.93751	1.16506	0.78278	0.64624	0.83739	0.71906	1.74759	0.50061	0.86469	0.93751	1.64747	1.64747	0.8738	1.10135	0.82829	0.70086	1.18327	1.11045	0.70086	0.96482	1.38351	1.06494	0.77367	1.09224	0.75547	1.17416	0.81918	2.02976	1.3289	1.01943	1.3562	1.60196	0.56433	1.18327	0.95571	1.12865	1.20147	0.97392	0.91931	1.02853	0.4551	0.83739	1.40171	1.85682	0.64624	1.41992	1.09224	0.91931	1.60196	0.51882	0.84649	1.01033	0.98302	0.81918	1.49273	0.70996	0.70996	1.20147	1.26518	1.26518	0.76457	1.3471	0.8829	0.8738	0.8738	1.36531	0.93751	1.3471	1.21967	1.22878	1.70208	0.74637	0.68265	0.69176	1.55645	0.75547	0.50971	0.98302	1.41992	1.87502	1.02853	0.63714	1.45633	0.61894	0.76457	1.29249	1.04673	1.13776	0.78278	1.12865	1.04673	0.86469	1.24698	1.27429	1.7749	0.94661	1.37441	0.83739	0.75547	1.67478	1.07404	1.16506	0.8738	0.47331	0.9011	1.25608	1.04673	0.9011	1.44722	0.86469	0.60073	1.01943	1.15596	0.99212	1.28339	0.96482	0.26396	1.71118	1.41992	1.26518	0.93751	0.59163	0.91931	0.62804	0.91931	1.84771	0.59163	1.00122	0.73727	1.02853	0.74637	0.92841	0.98302	0.72816	1.00122	0.79188	1.11955	0.69176	1.04673	1.89322	0.86469	0.4551	1.58376	0.74637	0.69176	0.50061	0.892	0.56433	1.16506	0.4642	1.61106	0.79188	1.88412	0.9102	0.72816	0.97392	1.00122	0.8829	1.11955	0.9011	0.82829	0.85559	0.65535	0.83739	0.60984	0.65535	0.81918	0.59163	0.98302	1.08314	0.8738	1.16506	1.09224	1.66567	0.59163	0.55522	1.04673	0.49151	1.3562	1.40171	0.9011	0.63714	1.25608	0.68265	0.96482	1.41082	0.70996	1.43812	0.95571	0.55522	1.04673	0.38229	0.50971	0.64624	0.9102	1.06494	0.26396	0.61894	0.74637	1.13776	0.67355	0.56433	0.84649	0.98302	0.9102	0.62804	0.892	1.92053	0.78278	0.82829	0.8738	0.94661	0.81008	0.81918	0.81008	0.71906	0.86469	0.99212	0.81918	1.63837	1.31069	0.74637	0.95571	1.39261	1.24698	1.10135	1.19237	1.08314	0.81008	0.62804	0.98302	0.50971	0.57343	1.29249	0.70996	1.14686	1.52914	0.72816	1.21057	1.338	1.50184	1.24698	1.07404	1.09224	0.65535	0.8829	0.84649	0.74637	0.66445	0.60984	0.52792	0.50971	0.9011	0.93751	0.72816	1.04673	0.50971	1.72029	0.892	0.97392	1.49273	0.82829	0.8738	1.28339	1.8022	0.96482	0.9011	1.3562	0.92841	1.07404	0.8738	0.98302	1.06494	1.01033	1.14686
cell95	0.91495	0.75293	1.47726	1.89662	1.239	2.11582	1.22946	0.87683	1.47726	1.21993	1.16275	0.80058	1.02932	1.66788	0.89589	2.11582	1.1151	1.51539	1.21993	0.7434	1.01979	0.84824	1.27712	1.29618	1.62976	1.34383	1.78225	0.45748	1.3629	2.04911	1.22946	0.92448	1.17228	1.20087	1.91568	1.54398	1.27712	1.40102	0.90542	0.77199	1.24853	1.01026	1.15322	0.9626	0.8673	1.01979	2.00145	1.03885	1.62976	1.32477	2.10629	0.81011	1.51539	0.65762	1.16275	1.34383	0.93401	1.41055	0.87683	0.95307	0.80058	0.56231	1.41055	2.00145	0.70527	1.42961	1.18181	1.44867	1.04838	1.2104	1.35336	1.31524	1.06744	1.16275	1.00073	1.28665	1.60116	1.35336	0.78152	0.85777	1.31524	0.7434	1.24853	1.0865	1.62976	0.95307	1.3343	0.98167	1.1151	1.5821	0.95307	1.02932	1.21993	1.706	0.98167	1.96333	1.07697	1.43914	1.09603	1.20087	1.239	1.43914	1.2104	1.20087	1.0865	1.64882	1.14369	1.31524	1.21993	0.54325	0.90542	0.88636	1.96333	1.34383	1.29618	0.82917	1.46773	0.92448	1.83943	1.02932	1.59163	0.84824	0.9626	0.88636	0.79105	1.07697	1.65835	0.8673	1.50586	1.0865	0.95307	1.50586	1.02932	1.03885	1.2104	1.1151	1.00073	0.70527	1.25806	1.02932	0.94354	0.51466	1.40102	0.64809	1.80131	1.04838	0.9912	1.32477	1.4582	1.56304	1.06744	1.12463	0.66715	1.24853	1.22946	1.24853	1.04838	0.97214	1.54398	1.40102	0.95307	1.8299	1.86802	0.79105	2.13488	0.95307	0.82917	0.85777	0.91495	2.23972	0.77199	1.38196	0.9912	1.07697	0.90542	0.64809	0.94354	1.48679	0.67668	0.9626	0.95307	1.24853	0.87683	1.17228	1.42008	0.9912	1.65835	1.706	0.60044	0.85777	0.8673	0.80058	1.50586	1.239	1.35336	2.50658	1.94427	1.07697	1.14369	1.15322	1.04838	1.99192	1.30571	0.54325	1.30571	0.80058	1.52492	1.16275	1.27712	1.21993	1.16275	0.69574	1.19134	2.04911	1.13416	2.21113	0.78152	0.66715	1.1151	0.85777	0.84824	0.89589	0.87683	1.37243	1.03885	1.40102	1.76319	0.75293	1.18181	2.11582	1.09603	1.80131	0.72434	1.51539	0.9912	0.89589	0.60044	0.81964	1.59163	0.95307	0.88636	1.72506	1.17228	0.88636	0.31451	0.85777	1.26759	0.73387	0.67668	0.9912	0.33358	0.82917	0.84824	1.15322	0.52419	0.88636	1.1151	1.07697	0.4956	1.29618	0.45748	0.60044	0.88636	0.81964	0.9626	0.70527	1.05791	0.98167	0.50513	0.95307	0.51466	0.81964	0.82917	1.15322	1.00073	0.93401	0.71481	0.78152	0.8387	0.90542	0.68621	0.66715	0.90542	0.64809	0.69574	0.47654	1.29618	0.41935	0.71481	0.81964	0.78152	0.33358	0.92448	0.97214	0.62903	0.63856	0.40029	0.42888	0.81011	0.92448	1.01979	1.24853	0.8673	0.27639	1.42008	1.51539	0.7434	1.239	0.76246	0.31451	0.78152	0.70527	0.60997	0.81964	1.04838	0.6195	0.59091	0.93401	0.85777	1.31524	0.72434	0.71481	0.45748	1.00073	1.16275	0.70527	1.40102	0.8673	0.67668	0.58137	0.63856	0.20968	0.82917	0.40982	0.81011	0.79105	0.6195	1.01979	0.6195	0.82917	0.7434	0.67668	1.30571	0.67668	0.3717	1.41055	1.48679	0.93401	0.72434	0.25733	0.6195	0.89589	0.88636	1.28665	0.36217	0.79105	0.77199	0.81011	0.69574	1.3629	0.78152	0.81011	0.9912	0.53372	0.88636	0.60044	1.2104	0.79105	1.02932	1.12463	1.48679	0.7434	0.56231	0.51466	0.84824	0.8673	0.6195	0.73387	0.9912	0.78152	0.69574	0.73387	0.65762	0.67668	0.67668	1.03885	0.76246	0.31451	0.95307	0.80058	0.59091	0.9626	1.00073	0.88636	0.8387	0.8387	0.42888	1.13416	0.81964	0.84824	0.65762	1.00073	1.04838	0.93401	0.93401	0.81011	0.57184	0.58137	0.60997	1.04838	0.60997	0.50513	1.39149	0.90542	0.60044	0.40029	1.06744	0.58137	0.70527	0.58137	0.8673	0.71481	1.25806	0.6195	0.54325	0.73387	0.80058	1.46773	0.58137	0.81964	0.77199	0.27639	1.14369	1.02932	0.71481	0.65762	0.63856	0.4956	0.94354	0.95307	0.52419	0.70527	0.54325	0.4956	0.64809	0.53372	1.07697	0.38123	1.27712	0.63856	0.94354	0.60044	1.00073	0.60997	0.70527	1.18181	0.69574	0.66715	0.63856	1.54398	0.81011	1.39149	0.68621	0.47654	1.34383	0.58137	0.32405	0.79105	1.06744	0.7434	0.8387	0.51466	1.50586	0.75293	0.75293	1.09603	0.54325	0.48607	1.30571	0.58137	1.09603	0.47654	0.81964	0.98167	0.3717	0.44794	0.8673	0.66715	1.12463	0.88636	0.72434	0.42888	1.3343	1.0865	0.90542	0.8387	0.69574	1.00073
cell96	0.93815	1.01125	1.31585	0.67011	1.8032	1.09654	0.77976	1.19401	1.49861	0.62137	1.25493	0.93815	1.66918	1.32803	1.43769	1.65699	1.08436	0.8285	0.9016	1.16964	0.47517	1.24275	1.04781	0.80413	1.30366	0.98689	1.64481	1.93722	0.64574	0.70666	1.23056	1.36458	1.54734	0.70666	2.03469	1.32803	1.2793	0.9016	1.4255	1.20619	0.77976	0.91378	1.88849	1.83975	1.43769	0.38988	1.85194	1.83975	1.05999	1.85194	1.48642	1.13309	1.24275	1.04781	0.88942	0.9016	0.84068	1.15746	0.9016	0.87723	0.71884	1.15746	1.18183	1.40114	1.24275	1.20619	0.87723	1.14528	0.96252	0.79195	0.31678	1.74228	1.34022	0.9016	1.05999	1.36458	1.66918	1.32803	1.20619	1.14528	1.46205	0.9016	0.99907	0.85286	0.53609	0.86505	1.36458	0.71884	1.09654	1.13309	1.10872	1.02344	1.68136	1.10872	1.59608	1.25493	0.88942	2.48549	0.84068	2.26618	1.09654	1.03562	1.21838	1.62044	1.49861	1.34022	0.74321	1.18183	1.51079	0.68229	1.4255	1.13309	1.08436	1.30366	1.54734	1.14528	2.64388	2.05906	0.67011	0.35333	1.12091	0.99907	1.36458	1.23056	0.75539	0.57264	0.96252	1.38895	1.34022	1.37677	2.21745	1.16964	1.16964	1.07217	0.64574	1.40114	1.2793	0.68229	1.58389	1.09654	0.81631	1.07217	1.14528	1.12091	1.64481	0.80413	0.85286	1.14528	3.02158	1.40114	0.9747	1.98596	0.73103	0.80413	1.07217	2.08343	1.55952	0.81631	0.92597	1.34022	1.21838	2.38802	1.19401	0.84068	0.62137	1.04781	0.67011	1.12091	0.8285	0.92597	1.86412	1.07217	1.30366	0.93815	1.10872	2.09561	2.49768	1.32803	1.15746	1.24275	1.30366	1.15746	1.74228	0.9016	1.77883	0.93815	1.58389	1.24275	0.8285	0.96252	0.93815	1.75446	1.75446	0.75539	1.58389	0.86505	1.09654	1.46205	1.48642	0.88942	0.98689	1.01125	1.40114	1.46205	2.05906	0.99907	1.90067	1.34022	0.96252	2.24182	1.32803	0.95034	0.8285	1.40114	0.87723	1.24275	1.03562	1.74228	1.4255	1.40114	0.95034	0.93815	0.81631	0.47517	1.64481	1.54734	1.14528	1.26711	1.24275	0.74321	1.93722	1.09654	1.37677	1.71791	1.23056	0.98689	0.87723	1.41332	1.47424	0.75539	0.95034	0.98689	1.3524	0.76758	0.81631	0.77976	0.60919	1.16964	0.63356	1.04781	0.64574	0.41425	0.38988	0.59701	0.81631	0.88942	1.05999	0.79195	0.4508	0.84068	0.74321	0.67011	0.54827	1.3524	1.15746	0.53609	0.73103	0.77976	0.70666	1.21838	1.37677	0.73103	0.47517	0.42643	0.64574	0.38988	0.62137	0.58482	0.56045	0.75539	0.88942	0.77976	0.73103	0.71884	0.99907	0.58482	1.30366	0.38988	0.42643	0.56045	0.67011	0.35333	0.51172	0.51172	0.9016	0.81631	0.88942	0.56045	1.05999	0.81631	0.64574	0.73103	0.49954	0.69448	0.74321	0.49954	0.64574	0.91378	0.68229	0.62137	0.64574	0.69448	0.9747	0.42643	0.91378	1.04781	0.47517	0.38988	1.20619	0.5239	0.49954	0.48735	0.67011	0.68229	0.74321	0.69448	1.10872	0.75539	0.69448	0.64574	0.73103	0.73103	0.48735	0.8285	1.15746	1.23056	0.63356	1.03562	0.47517	1.24275	0.49954	0.65792	0.84068	0.9747	0.91378	0.63356	0.67011	0.65792	0.53609	0.63356	0.8285	0.67011	0.85286	0.43862	0.75539	0.54827	0.8285	1.4255	1.12091	0.85286	0.9016	1.47424	1.01125	0.47517	0.9747	1.08436	1.13309	0.85286	1.14528	0.58482	0.5239	0.64574	1.01125	0.92597	0.74321	0.87723	0.63356	0.69448	0.75539	0.79195	1.19401	0.54827	0.76758	0.51172	0.48735	1.08436	0.87723	0.84068	1.2793	0.81631	1.15746	0.49954	0.69448	1.18183	0.64574	1.23056	0.99907	0.69448	0.42643	1.05999	0.95034	0.95034	0.36551	0.9016	0.74321	0.8285	0.98689	0.92597	0.88942	0.79195	1.37677	0.67011	1.13309	1.20619	0.71884	0.91378	1.2793	1.29148	0.98689	0.63356	0.29241	1.07217	0.98689	1.65699	0.75539	0.42643	1.10872	0.58482	0.65792	1.04781	0.74321	0.60919	0.62137	0.95034	0.8285	0.70666	0.80413	1.04781	1.09654	1.10872	0.96252	0.93815	0.84068	1.52297	0.68229	0.69448	1.09654	0.92597	0.80413	0.56045	0.69448	0.3777	0.87723	0.62137	0.68229	0.58482	0.59701	0.71884	1.01125	0.9747	0.96252	1.05999	0.28023	0.73103	0.80413	0.35333	0.76758	0.46298	0.63356	0.40206	0.63356	1.55952	0.48735	0.99907	0.46298	0.51172	1.16964	0.62137	0.56045	0.81631	0.91378	0.4508	0.43862	0.68229	0.79195	1.48642	0.60919	0.74321	0.73103	0.91378	0.4508	1.2793	0.9747	0.67011	0.54827	0.99907	0.95034	0.63356
cell97	1.0271	2.16169	1.00321	1.76757	1.01516	0.97933	0.78824	0.64492	1.51676	1.14653	0.7763	1.54065	1.1943	1.37345	1.14653	1.12264	0.76435	1.39733	1.00321	1.21819	1.64814	1.12264	1.06293	0.78824	0.83601	1.82728	1.55259	1.23013	1.13459	0.97933	1.1943	1.0271	1.17042	1.56454	0.52549	1.24207	1.67202	1.50482	1.09876	0.91961	0.8599	1.28985	0.84795	0.72852	0.70464	1.12264	1.23013	1.14653	0.96738	0.96738	1.24207	1.49288	1.06293	1.85117	0.80018	1.12264	0.80018	1.40928	0.75241	1.17042	1.2779	1.25402	0.62104	1.40928	1.44511	0.58521	0.57326	0.88378	0.72852	0.93156	1.30179	0.84795	1.14653	0.51355	2.06614	0.76435	2.32889	0.95544	1.06293	0.31052	0.96738	1.23013	1.05099	2.73495	1.39733	0.87184	1.52871	1.33762	1.20624	0.88378	1.09876	1.75562	1.25402	0.99127	0.63298	1.01516	1.38539	1.50482	0.71658	0.93156	1.14653	1.24207	1.1107	1.28985	0.89573	1.12264	1.13459	0.99127	1.56454	1.42122	1.07487	0.87184	1.37345	1.39733	1.38539	1.45705	0.74047	0.90767	1.07487	0.64492	0.87184	1.30179	1.69591	0.93156	1.92283	1.3615	0.47772	0.47772	1.18236	1.23013	1.77951	1.0271	0.82407	0.87184	1.26596	1.44511	1.07487	1.63619	0.91961	0.72852	1.1943	1.40928	1.28985	1.46899	1.2779	1.07487	1.61231	1.79145	1.0271	1.70785	1.32568	1.2779	2.11391	1.51676	1.45705	1.20624	1.64814	1.1943	0.89573	0.9435	0.9435	0.51355	1.70785	1.17042	0.65687	1.57648	1.87505	1.18236	1.66008	1.71979	1.30179	1.85117	1.46899	1.50482	0.8599	0.97933	1.06293	0.56132	0.59715	0.47772	0.9435	1.55259	0.83601	1.32568	1.03904	1.37345	0.70464	1.05099	1.55259	1.0271	0.84795	0.97933	0.99127	0.97933	1.44511	1.86311	1.32568	0.87184	0.63298	0.97933	1.44511	0.97933	1.25402	1.37345	1.03904	2.25723	1.08681	0.71658	0.91961	1.12264	1.61231	0.93156	1.03904	1.37345	1.20624	1.26596	1.09876	1.1107	0.53744	1.07487	1.68397	0.89573	1.40928	2.36472	1.39733	1.57648	1.44511	1.31373	1.46899	1.08681	1.40928	1.62425	1.25402	1.71979	1.06293	1.31373	1.17042	1.43316	1.1943	1.24207	1.73174	1.74368	1.07487	0.64492	0.81213	0.68075	0.54938	0.80018	1.26596	0.59715	1.1943	0.47772	0.3344	0.6927	1.1107	0.74047	0.95544	0.7763	0.62104	0.6927	0.99127	0.91961	0.63298	0.91961	0.39412	0.37023	0.51355	0.37023	0.66881	0.37023	1.1943	1.00321	0.31052	0.63298	0.63298	0.58521	0.91961	0.83601	0.70464	0.74047	1.14653	1.26596	1.33762	0.87184	0.72852	1.03904	1.15847	0.71658	0.62104	0.66881	0.78824	0.80018	0.75241	0.83601	0.60909	0.46578	0.75241	0.64492	1.15847	1.00321	0.56132	0.75241	0.58521	0.63298	0.81213	1.12264	0.62104	0.47772	0.87184	0.28663	1.48093	0.57326	0.66881	1.33762	1.08681	0.6927	1.3615	1.30179	0.74047	0.8599	0.97933	0.58521	0.54938	1.08681	1.1943	1.05099	0.46578	1.2779	0.6927	0.54938	0.60909	0.57326	0.90767	1.0271	0.81213	0.78824	0.95544	0.7763	0.71658	1.28985	0.64492	0.74047	1.00321	0.50161	0.75241	0.83601	0.90767	0.72852	0.88378	0.81213	0.7763	0.71658	1.21819	0.88378	1.0271	0.27469	0.76435	0.71658	0.70464	0.84795	0.37023	0.62104	1.28985	1.00321	0.78824	1.55259	0.72852	0.54938	0.64492	0.8599	1.1943	0.83601	0.50161	0.60909	0.37023	1.1107	1.08681	0.48966	0.90767	0.35829	0.80018	0.89573	0.83601	0.41801	1.08681	0.64492	1.1107	0.68075	1.0271	0.64492	0.50161	1.48093	1.01516	0.74047	1.24207	1.08681	0.70464	0.50161	1.03904	0.62104	0.82407	1.2779	1.1943	1.49288	0.96738	0.63298	0.9435	0.68075	0.54938	0.90767	0.76435	0.58521	0.68075	1.34956	1.03904	0.35829	0.83601	0.54938	0.62104	0.52549	0.71658	0.63298	0.70464	0.57326	0.75241	0.74047	0.99127	0.87184	0.96738	0.60909	1.20624	1.05099	0.54938	0.46578	0.48966	0.32246	0.46578	0.6927	1.07487	0.91961	0.7763	0.83601	0.7763	0.93156	0.99127	1.15847	1.0271	0.48966	1.00321	0.81213	1.12264	0.83601	0.91961	0.95544	1.12264	0.87184	0.45383	0.44189	1.06293	0.87184	0.95544	0.68075	1.38539	1.18236	0.50161	0.70464	0.7763	0.57326	0.60909	0.74047	0.46578	1.33762	0.63298	0.83601	1.2779	0.52549	0.42995	0.90767	0.83601	0.66881	1.60036	0.81213	1.09876	1.26596	1.46899	1.01516	0.72852	0.6927	0.82407	0.51355	0.91961	0.75241	0.91961	0.65687	0.37023	0.48966	1.1107	1.14653
cell98	0.71412	1.68974	0.96556	1.03597	1.02591	0.63365	1.27736	1.02591	1.03597	0.5029	0.77446	0.694	1.22707	0.21122	0.78452	0.98568	0.36209	0.85493	0.82475	0.41238	1.04603	0.92533	0.89516	1.0058	1.28742	0.54313	0.77446	1.06614	1.06614	1.1969	0.54313	0.8851	0.89516	2.09206	1.12649	1.01585	1.08626	1.12649	0.91527	0.79458	0.60348	0.70406	1.43829	1.34777	0.91527	1.29748	0.71412	1.06614	1.71991	0.85493	2.3938	1.51875	1.08626	1.08626	1.54893	1.47852	0.82475	1.09632	1.22707	1.61933	1.33771	1.4584	1.43829	1.14661	1.32765	1.61933	1.30754	0.91527	0.77446	1.91101	1.31759	1.29748	1.37794	1.68974	1.30754	0.72417	0.84487	1.64951	0.8851	0.75435	0.78452	0.62359	0.59342	0.59342	0.0	0.0	0.0	0.74429	0.34197	0.66383	0.84487	1.01585	1.02591	0.80464	1.05609	0.49284	0.96556	1.85067	1.36788	0.89516	0.95551	1.10638	0.49284	1.04603	1.09632	1.87078	0.53307	0.80464	0.70406	0.67388	1.87078	0.52301	0.92533	0.95551	0.86498	1.03597	0.8147	0.82475	1.11643	1.31759	0.96556	0.82475	1.14661	1.95125	1.36788	1.29748	0.92533	1.21701	0.75435	1.32765	0.92533	1.27736	0.47272	1.82049	0.45261	1.99148	0.79458	0.67388	1.388	0.89516	1.14661	0.97562	0.74429	1.04603	1.11643	0.46267	1.22707	1.09632	1.1969	1.05609	0.52301	0.72417	0.76441	1.16672	0.42243	1.04603	0.62359	1.1969	0.78452	0.99574	1.23713	1.02591	1.31759	0.75435	0.75435	0.93539	0.75435	1.10638	1.02591	1.388	0.61354	1.0762	1.03597	1.44835	0.79458	0.93539	1.37794	1.09632	0.98568	1.06614	1.10638	0.94545	1.39806	0.85493	0.94545	1.09632	0.35203	0.71412	0.77446	1.7702	0.56325	1.40812	1.23713	0.58336	1.41817	1.16672	0.79458	0.61354	0.56325	1.63945	1.388	1.24719	1.02591	1.52881	1.08626	1.0762	0.75435	1.12649	0.94545	1.1969	0.66383	1.23713	1.30754	0.83481	0.85493	0.64371	1.40812	0.84487	0.694	0.77446	0.91527	0.8147	1.36788	1.12649	0.92533	0.94545	0.82475	1.58916	1.25725	0.8147	0.43249	2.01159	1.21701	1.01585	1.24719	0.53307	1.24719	1.08626	1.1969	0.97562	0.99574	0.85493	0.85493	1.71991	0.94545	0.58336	1.30754	0.71412	1.84061	0.47272	1.66962	0.74429	0.91527	0.83481	1.13655	0.74429	0.83481	0.74429	0.83481	0.92533	0.56325	1.37794	1.61933	2.13229	0.70406	0.58336	0.94545	0.98568	0.78452	0.54313	0.68394	0.694	0.68394	1.28742	0.62359	1.30754	0.97562	1.11643	0.55319	0.56325	0.58336	0.98568	1.20696	0.94545	0.8147	0.98568	0.39226	0.67388	1.12649	0.54313	1.28742	1.93113	0.8851	0.82475	1.40812	0.73423	1.03597	0.66383	0.71412	0.86498	2.05182	0.95551	0.52301	1.31759	0.99574	0.55319	0.85493	1.03597	1.12649	0.63365	0.91527	1.14661	1.01585	0.90522	0.47272	0.67388	0.65377	0.92533	1.05609	0.80464	0.49284	0.93539	0.72417	1.05609	1.28742	1.12649	1.06614	1.61933	0.80464	0.85493	0.74429	0.64371	0.98568	0.95551	0.85493	1.21701	1.25725	1.0058	0.94545	1.71991	1.03597	0.90522	1.06614	0.71412	0.76441	1.08626	0.78452	0.82475	1.27736	1.32765	0.89516	0.86498	1.01585	1.25725	0.85493	0.92533	0.44255	1.17678	0.5733	1.40812	1.25725	1.32765	1.13655	0.94545	1.09632	1.08626	0.62359	1.47852	0.87504	1.03597	0.74429	0.94545	1.37794	0.75435	0.89516	0.95551	0.86498	1.01585	1.03597	1.44835	1.55898	0.78452	0.90522	1.12649	1.12649	1.0762	0.61354	1.80038	0.67388	1.25725	1.16672	0.8147	1.82049	1.06614	0.89516	0.75435	0.67388	0.51296	0.55319	0.8147	0.95551	1.03597	0.42243	1.1969	1.03597	1.43829	0.39226	1.06614	1.25725	0.43249	1.1969	1.01585	0.85493	0.87504	0.53307	0.8851	1.05609	0.78452	1.01585	1.03597	0.80464	1.46846	1.35783	0.58336	0.78452	0.78452	0.95551	1.15667	1.14661	1.6998	1.08626	0.72417	1.34777	1.2673	0.78452	0.83481	1.31759	0.64371	1.24719	1.05609	0.92533	0.52301	0.67388	1.0762	1.05609	0.85493	0.67388	0.97562	1.03597	0.55319	0.70406	1.17678	0.94545	0.60348	1.52881	0.97562	1.50869	1.25725	1.01585	0.5733	1.12649	0.8851	1.34777	0.35203	1.14661	1.01585	1.52881	1.49864	0.67388	0.67388	1.22707	1.01585	1.21701	0.89516	0.64371	0.73423	0.93539	1.09632	1.58916	0.83481	1.22707	0.51296	0.56325	1.36788	1.48858	1.02591	1.17678	0.71412	0.80464	1.1969	1.29748	0.90522	1.36788	0.80464	0.83481	0.63365	1.51875	1.13655
cell99	1.0843	1.51803	0.72287	1.24953	0.89326	0.86228	1.82783	1.35796	1.06365	1.09463	0.93973	1.67293	1.70391	1.33214	1.54384	0.66607	0.77967	0.91391	1.02751	0.90875	0.96555	1.54901	1.16692	1.14626	1.06365	0.72287	1.99822	1.40959	1.22371	1.54901	0.89326	1.15143	1.57999	1.17208	1.15659	1.33214	1.18757	1.41992	1.24437	1.32182	1.67809	1.70391	0.85195	1.85364	1.00169	1.26502	1.52835	1.02234	0.83646	0.65575	1.29084	2.40612	1.93109	0.81065	1.29084	1.57999	2.06534	1.43541	1.00685	1.65227	1.47155	1.11012	1.13077	0.72287	2.03436	0.99653	1.77103	1.43025	1.31665	1.16692	1.21339	1.13594	0.66607	1.043	1.39927	1.03267	0.56281	1.7607	0.79516	0.81581	1.03267	1.17208	0.75385	1.36829	0.76418	1.23404	1.52319	0.98104	1.85364	0.62993	1.8743	0.86228	1.34247	1.05332	1.23404	0.50601	1.75038	1.61613	1.6058	0.7745	0.9862	1.30633	1.33731	1.57482	1.38378	1.66776	1.82266	1.85881	0.48019	1.51286	0.99136	1.38378	1.27018	1.80717	0.74869	0.81065	1.296	0.96038	1.02751	1.70907	1.68842	0.77967	1.73489	0.39758	0.58346	1.46639	0.9862	0.62993	0.93973	1.90011	0.86744	1.62646	1.12561	1.38378	0.74352	2.08083	0.97071	0.58862	1.22888	1.05849	0.87261	0.84163	1.05332	1.77619	0.81581	2.30802	0.97071	0.94489	1.10496	1.10496	2.09632	1.4509	1.4509	0.77967	0.75901	0.83646	0.49052	1.20306	2.10148	0.90875	1.20306	0.90875	1.25469	1.78136	1.57482	1.76587	2.07567	1.12561	1.12045	0.87261	1.28567	1.20306	1.49737	1.07914	1.48704	1.58515	0.7745	1.65744	0.65058	1.15659	1.19273	1.46123	0.7332	0.90875	1.38894	1.78652	1.1979	1.68325	1.06881	1.4509	0.75385	1.28567	1.1979	1.09979	0.72803	1.36312	1.32698	1.12561	0.71771	1.55933	0.78999	1.10496	0.68156	1.3528	2.35965	0.58862	1.28567	0.8881	0.93457	1.24437	0.86228	1.81234	1.85364	1.56966	1.56966	1.25986	1.35796	2.22024	0.50085	1.15659	1.64195	0.91391	0.48019	1.1979	1.6626	1.31149	1.14626	1.15659	0.9294	1.12561	1.02234	0.99653	1.09979	0.7332	0.87261	0.52666	1.27535	0.72287	1.07914	1.18241	2.00338	1.27535	0.88293	1.02234	0.95522	0.87777	0.8313	0.45437	0.74352	0.78999	0.75385	0.5215	0.74352	0.7745	1.0843	0.71771	0.85195	0.97071	0.96038	0.76418	0.42339	0.60928	0.52666	0.76934	0.83646	0.35111	0.64542	0.82097	0.9862	0.76934	0.43372	0.93457	0.80032	1.10496	0.6196	0.34594	1.03783	0.76418	0.84679	0.54732	0.65058	0.57313	0.81581	0.82614	1.00685	1.47155	0.54732	0.8881	0.9862	0.80548	0.72803	0.45437	0.74869	0.24268	0.69705	0.63509	0.80548	0.43372	0.72287	1.49221	0.59895	0.75901	1.05849	0.89326	0.66091	0.57313	0.75385	0.78483	0.67124	0.6764	1.03267	0.68156	1.04816	0.6196	0.76934	0.91908	0.89326	1.48704	0.82097	0.9294	0.46986	0.4079	0.90875	0.7745	0.93973	1.03267	0.80548	1.19273	0.90359	0.29947	0.80548	1.73489	0.51117	0.86744	0.80032	1.03267	0.69189	0.39241	0.91908	0.60411	0.41307	0.72803	0.80032	0.56281	0.99136	0.66091	0.75901	0.99653	0.91908	0.37692	0.54732	0.52666	0.66607	0.49052	0.83646	0.59895	0.81581	0.74869	0.49568	0.80032	0.69189	0.42856	0.85195	1.02751	0.54732	0.59895	0.8881	0.64026	0.42339	0.83646	0.81065	1.25469	0.55764	0.66091	0.75385	0.6196	0.82097	0.4647	0.44921	0.73836	0.79516	0.66091	0.84163	0.9862	1.07914	0.43888	0.82097	1.01718	1.0843	0.66091	0.77967	0.8313	0.6196	0.68156	1.05849	1.043	0.75901	0.64542	0.64542	1.0843	1.21855	0.88293	0.73836	0.85712	0.58862	0.96555	1.49221	0.47503	0.8881	1.06881	0.81581	0.60928	0.91391	0.73836	0.87777	0.7332	0.99136	0.48535	0.71771	1.29084	0.7745	0.98104	1.00685	0.7745	0.67124	0.84163	0.66091	0.47503	0.81581	0.84163	0.60928	0.65058	0.45437	0.81065	0.92424	0.3666	0.53699	0.71771	0.95006	0.98104	1.02751	0.47503	0.67124	0.48535	1.06365	0.6196	1.0843	0.67124	1.3528	0.48019	1.19273	0.51634	0.67124	0.86744	1.05332	1.25986	0.74869	0.70738	0.73836	0.40274	0.50085	0.60928	0.62993	0.7332	0.56281	0.62993	1.56966	1.61097	0.97587	0.75385	1.24437	0.69705	0.51634	0.90875	0.95006	1.47155	0.95006	1.14626	0.50085	0.99653	1.16692	0.68673	0.90875	0.54732	0.54215	0.39241	1.21339	0.81065	1.05849	1.14626	0.85712	0.5215	0.65575	0.80548	1.02234	0.55248	0.58862	0.60411
