cell0	cell1	cell2	cell3	cell4	cell5	cell6	cell7	cell8	cell9	cell10	cell11	cell12	cell13	cell14	cell15	cell16	cell17	cell18	cell19	cell20	cell21	cell22	cell23	cell24	cell25	cell26	cell27	cell28	cell29	cell30	cell31	cell32	cell33	cell34	cell35	cell36	cell37	cell38	cell39	cell40	cell41	cell42	cell43	cell44	cell45	cell46	cell47	cell48	cell49	cell50	cell51	cell52	cell53	cell54	cell55	cell56	cell57	cell58	cell59	cell60	cell61	cell62	cell63	cell64	cell65	cell66	cell67	cell68	cell69	cell70	cell71	cell72	cell73	cell74	cell75	cell76	cell77	cell78	cell79	cell80	cell81	cell82	cell83	cell84	cell85	cell86	cell87	cell88	cell89	cell90	cell91	cell92	cell93	cell94	cell95	cell96	cell97	cell98	cell99	cell100	cell101	cell102	cell103	cell104	cell105	cell106	cell107	cell108	cell109	cell110	cell111	cell112	cell113	cell114	cell115	cell116	cell117	cell118	cell119	cell120	cell121	cell122	cell123	cell124	cell125	cell126	cell127	cell128	cell129	cell130	cell131	cell132	cell133	cell134	cell135	cell136	cell137	cell138	cell139	cell140	cell141	cell142	cell143	cell144	cell145	cell146	cell147	cell148	cell149	cell150	cell151	cell152	cell153	cell154	cell155	cell156	cell157	cell158	cell159	cell160	cell161	cell162	cell163	cell164	cell165	cell166	cell167	cell168	cell169	cell170	cell171	cell172	cell173	cell174	cell175	cell176	cell177	cell178	cell179	cell180	cell181	cell182	cell183	cell184	cell185	cell186	cell187	cell188	cell189	cell190	cell191	cell192	cell193	cell194	cell195	cell196	cell197	cell198	cell199
chr1-1-500000	130	167	116	173	121	93	114	86	130	184	46	104	200	158	111	108	156	117	53	122	65	170	108	79	195	79	106	96	80	107	87	130	93	65	206	77	118	120	202	147	126	197	100	78	102	193	232	68	182	164	76	142	65	83	102	106	109	78	161	125	385	302	375	56	41	37	109	86	108	77	104	308	86	121	73	40	76	85	96	248	115	167	58	110	115	439	96	299	59	124	189	136	172	110	111	99	88	144	122	290	152	137	143	174	204	152	120	162	78	62	49	92	309	324	75	72	116	85	150	245	114	101	114	123	244	105	84	73	59	146	149	76	113	237	24	57	142	107	253	115	179	120	105	82	154	133	103	180	188	193	303	179	101	85	152	76	209	53	57	53	80	61	162	89	119	35	107	341	99	82	109	167	91	171	168	310	41	127	187	187	73	155	66	212	110	218	75	136	222	234	155	137	82	91	83	99	449	148	115	89
chr1-500001-1000000	113	175	155	169	121	64	103	134	154	130	168	145	141	117	98	47	173	70	49	166	63	145	123	45	190	57	140	66	130	138	56	47	103	74	248	82	123	100	82	269	104	167	41	82	104	84	218	89	161	322	106	116	119	45	146	242	148	59	112	208	93	220	344	154	74	50	122	73	104	102	112	326	112	154	70	44	172	152	142	148	143	65	36	96	78	114	109	200	48	131	135	138	195	111	130	156	107	109	143	209	144	108	90	149	197	201	109	152	125	125	45	153	202	183	100	45	143	53	135	201	117	148	227	71	212	153	86	71	87	101	93	141	196	107	86	97	188	194	131	109	301	126	121	138	164	90	128	144	229	274	110	158	183	112	41	110	162	199	78	69	95	99	86	45	122	75	129	370	86	121	153	245	70	113	143	326	132	75	258	161	107	218	111	142	140	225	91	159	114	196	217	113	103	130	201	142	308	303	94	99
chr1-1000001-1500000	149	125	131	192	98	56	83	98	222	79	144	100	153	87	105	90	130	139	96	72	118	129	176	63	195	58	196	130	154	122	86	76	82	81	175	142	54	106	90	103	187	258	151	106	60	107	79	130	136	319	109	73	62	110	121	155	186	76	67	195	156	199	164	260	90	55	63	38	149	112	88	195	91	180	88	78	190	164	218	132	97	196	78	132	192	296	121	144	62	198	194	187	142	64	118	71	77	155	209	288	117	115	96	185	294	74	144	186	103	180	82	156	82	210	60	128	160	74	141	95	78	91	144	162	205	101	183	68	81	96	54	114	126	130	103	57	107	145	328	196	290	113	111	58	109	99	124	159	131	134	243	91	213	88	127	151	153	101	69	86	60	91	85	141	162	62	88	212	79	135	210	270	94	162	181	169	53	91	111	298	82	116	75	69	139	105	84	160	196	118	226	80	197	80	128	61	234	213	79	116
chr1-1500001-2000000	143	152	251	173	132	75	100	129	200	117	170	112	201	197	187	42	112	55	167	80	103	66	135	83	190	80	166	69	254	95	58	159	67	133	226	69	82	120	132	111	125	143	85	57	48	88	134	139	87	204	104	73	41	66	99	183	107	26	113	148	168	138	195	230	66	70	120	80	116	135	98	147	144	86	58	36	59	126	91	66	89	89	43	114	185	247	85	228	141	300	138	65	129	100	97	101	91	123	161	307	196	102	54	144	131	70	66	140	133	175	38	60	181	225	120	172	135	77	113	150	81	201	172	101	110	152	162	86	50	185	123	106	89	251	95	109	83	156	266	174	224	156	121	63	122	118	110	123	69	158	155	148	69	104	62	51	189	98	146	96	78	104	106	116	117	43	109	274	87	55	94	180	95	71	131	432	47	170	142	243	82	156	54	209	137	197	197	166	234	266	226	128	159	101	45	52	158	272	65	99
chr1-2000001-2500000	150	237	253	369	97	88	110	127	210	95	198	118	110	125	94	54	119	68	79	66	71	229	191	137	157	81	97	124	181	103	32	72	116	159	147	252	53	126	157	211	46	211	57	98	73	104	111	69	90	132	89	119	72	42	88	148	151	35	85	156	121	233	181	227	72	60	114	127	135	112	52	139	160	110	121	58	143	138	148	126	90	109	66	74	105	321	192	108	46	239	135	156	220	72	190	100	172	126	149	150	86	125	95	142	150	202	132	163	173	156	39	64	235	279	149	136	64	52	77	137	163	164	208	208	290	103	122	41	116	129	99	126	74	155	90	65	133	121	155	171	99	148	154	109	107	125	125	216	82	193	235	162	70	100	121	150	196	135	72	93	123	92	101	126	155	43	103	266	109	125	172	228	98	132	165	186	79	117	195	209	104	104	55	144	119	108	122	162	145	183	149	64	117	88	164	102	266	159	111	90
chr1-2500001-3000000	112	145	128	51	164	57	34	84	180	154	127	90	153	141	139	95	121	105	118	92	90	124	41	64	150	36	244	89	118	102	44	87	75	78	215	160	109	219	107	151	130	320	99	131	83	87	185	90	85	292	129	112	61	65	106	363	203	56	121	159	318	237	168	215	102	89	104	69	148	75	90	131	235	102	106	38	127	195	95	225	67	141	23	167	66	366	141	185	51	98	164	189	108	224	113	131	205	72	160	321	161	192	71	308	131	126	111	115	149	140	46	116	108	196	68	136	113	69	120	140	105	230	149	241	325	200	68	77	59	93	87	76	192	219	47	162	103	102	199	190	129	100	106	55	126	135	105	153	214	216	135	106	177	100	124	78	203	103	35	92	159	162	55	162	96	46	54	286	122	66	80	99	79	120	107	248	111	119	150	197	121	160	115	199	122	151	103	124	242	133	122	115	182	166	90	100	220	157	96	66
chr1-3000001-3500000	237	241	212	136	84	55	76	50	137	153	77	137	161	113	72	75	182	81	66	150	101	177	104	58	175	62	143	102	181	128	105	87	134	141	121	126	200	62	74	100	87	245	60	35	115	136	88	128	206	256	126	141	74	61	96	235	105	37	102	228	184	169	197	151	129	23	173	67	126	183	90	258	109	100	78	81	170	62	126	85	100	99	92	81	88	189	91	132	53	250	261	76	215	85	166	92	109	82	164	126	139	135	85	320	155	95	136	177	137	75	89	129	234	229	190	73	124	32	75	114	251	94	114	139	271	206	113	67	99	93	91	141	149	97	56	74	98	74	116	187	219	230	76	83	292	142	106	39	160	198	126	107	132	121	101	95	176	106	30	24	62	117	96	83	128	66	104	312	73	61	134	277	73	120	227	172	62	164	133	182	150	93	102	162	237	188	91	125	229	119	190	53	144	88	226	48	411	326	158	134
chr1-3500001-4000000	123	171	144	155	108	113	96	67	191	103	148	191	208	148	233	98	173	73	107	154	70	112	140	62	184	130	186	145	141	98	79	75	105	126	142	210	97	175	129	145	186	267	111	65	153	173	178	134	127	87	71	103	82	87	75	144	191	80	111	66	257	249	180	179	58	126	62	73	137	73	86	170	196	93	101	61	38	159	231	162	61	112	59	120	98	360	88	184	150	187	146	155	168	84	111	123	95	89	145	224	49	193	83	194	191	115	52	136	234	134	29	60	326	216	128	116	210	86	186	163	89	124	154	135	200	150	98	80	100	84	93	140	36	239	88	81	194	165	127	217	234	87	73	71	155	92	91	131	93	234	247	103	128	88	107	115	100	62	93	62	66	97	86	114	132	77	76	307	100	170	134	117	30	126	152	363	63	182	170	126	70	88	43	244	190	170	75	168	189	146	149	76	88	118	193	61	332	187	73	70
chr1-4000001-4500000	189	143	166	200	100	147	100	114	203	144	105	158	143	114	170	127	195	62	133	79	99	160	120	103	103	69	148	51	164	100	110	101	164	54	186	72	88	131	138	170	115	256	70	39	87	285	56	104	196	136	104	152	86	96	137	136	160	74	127	147	152	221	284	186	125	78	119	105	46	171	123	161	229	199	197	36	160	104	161	209	163	75	35	87	128	106	141	132	118	163	158	148	131	116	122	149	102	47	207	231	153	182	81	179	162	109	143	97	145	116	58	27	147	186	179	116	139	83	128	171	138	249	70	157	160	211	101	54	74	113	107	126	86	180	76	109	119	131	213	139	163	173	127	143	177	101	109	173	110	242	192	202	229	90	24	148	131	121	40	75	103	68	132	169	96	87	78	245	113	86	211	102	86	91	142	171	99	109	185	231	66	126	38	123	134	101	131	115	215	96	117	112	97	30	211	108	412	230	126	115
chr1-4500001-5000000	185	196	73	181	104	76	209	117	293	108	147	113	94	112	207	56	183	81	68	74	49	108	133	49	92	72	179	92	76	79	94	93	105	119	95	61	59	87	97	203	211	355	88	60	85	215	162	152	165	335	108	69	94	125	46	195	144	69	150	272	129	361	271	166	76	100	93	53	163	143	119	196	227	192	121	84	144	137	178	100	170	116	35	125	128	326	113	195	41	168	183	91	170	123	200	104	107	50	126	283	228	156	62	169	158	157	93	132	179	117	68	120	181	121	77	58	211	84	148	121	131	148	147	149	211	132	82	77	55	132	114	64	123	139	58	127	207	90	154	127	243	121	97	50	135	57	131	155	154	134	212	46	204	106	217	97	242	156	114	90	153	96	93	131	106	45	69	333	165	98	123	233	64	73	241	218	68	108	188	87	71	121	162	146	188	131	94	178	241	90	71	123	118	128	136	138	324	241	52	85
chr1-5000001-5500000	79	238	207	132	91	81	112	99	154	92	184	127	155	147	235	81	157	96	117	82	62	160	80	126	163	64	183	176	160	105	66	145	89	91	142	119	97	73	101	121	136	354	78	90	58	230	94	66	257	235	95	89	106	72	90	269	119	80	93	164	131	353	302	82	132	62	119	83	77	124	63	195	119	58	71	49	130	213	133	239	75	60	53	91	208	378	163	85	48	133	251	188	215	118	96	174	95	40	141	142	123	257	100	176	80	151	143	269	67	135	46	74	110	167	135	119	151	58	136	121	115	80	113	171	123	222	135	62	106	96	172	117	88	189	82	32	80	97	185	205	187	65	197	117	131	88	58	200	154	160	299	160	88	77	123	75	326	203	63	77	74	121	117	119	149	69	110	391	27	83	180	199	89	108	177	323	65	115	229	90	55	224	84	147	90	110	144	122	306	158	204	115	297	154	141	190	368	293	84	132
chr1-5500001-6000000	125	105	120	98	109	38	92	133	179	79	126	91	161	64	102	96	85	73	93	64	58	231	79	43	221	55	80	117	179	86	72	195	81	111	198	137	57	177	93	213	175	288	50	45	64	74	171	128	137	200	73	150	69	96	94	203	162	43	118	140	161	258	168	142	130	58	184	46	97	59	141	217	88	74	103	69	113	116	112	87	133	105	48	90	77	256	85	151	63	169	207	203	123	70	64	179	143	79	165	176	89	120	115	296	94	135	94	131	153	151	86	72	234	271	187	150	143	64	48	173	195	228	145	242	112	108	131	114	35	110	128	113	110	243	46	117	93	128	199	215	138	100	219	56	29	51	88	106	118	143	297	153	138	123	112	57	146	97	74	110	116	33	105	123	86	54	112	345	64	102	161	325	91	188	162	231	87	177	247	152	70	197	96	193	87	133	217	162	233	207	79	87	108	126	297	112	147	281	166	129
chr1-6000001-6500000	117	172	95	124	95	138	97	71	212	92	180	101	95	74	148	155	139	90	133	132	60	188	182	81	228	79	190	109	111	116	102	132	84	129	131	122	116	95	87	113	117	134	111	110	60	150	191	203	311	157	59	205	56	57	66	78	137	64	64	84	177	149	165	157	75	122	152	64	134	143	38	158	112	124	86	40	93	163	126	161	161	78	66	81	121	262	105	117	86	113	168	111	211	176	67	63	74	130	57	269	127	341	94	270	179	107	98	171	96	97	88	91	115	321	156	102	73	63	73	207	84	84	214	112	219	152	93	71	45	124	88	144	160	147	30	100	70	99	108	139	229	96	89	109	128	108	106	142	168	298	230	121	49	74	187	83	296	72	131	106	74	100	153	114	106	54	50	369	81	153	215	172	170	71	144	201	120	212	178	229	97	175	71	149	83	129	118	253	288	156	210	57	128	132	214	38	218	206	101	163
chr1-6500001-7000000	163	103	162	152	190	64	63	49	115	149	131	45	242	196	123	71	146	67	53	107	82	248	82	110	178	131	273	80	93	131	102	136	85	97	102	92	84	66	138	175	95	111	59	70	75	142	197	142	147	300	128	69	59	43	114	168	153	81	67	179	140	317	169	279	97	98	103	104	164	101	39	219	101	184	162	46	149	111	161	149	137	97	63	79	74	336	165	118	100	151	172	137	100	155	92	90	146	70	112	346	141	94	90	146	125	160	149	104	177	65	48	63	167	126	181	116	224	84	106	191	210	171	134	169	173	200	105	66	88	124	130	118	139	257	102	57	55	84	136	216	305	176	149	91	78	86	81	211	200	208	203	78	124	110	121	92	159	149	60	106	88	62	103	120	129	37	100	464	72	94	110	213	100	135	278	107	77	135	189	122	91	149	99	176	162	235	154	83	107	173	232	103	141	101	166	80	429	293	81	80
chr1-7000001-7500000	183	220	54	69	60	81	148	85	265	183	80	120	274	105	197	64	150	87	164	77	105	121	84	65	161	75	232	176	117	176	92	128	94	87	97	181	77	160	96	294	159	150	86	105	145	253	160	102	216	175	100	90	71	112	87	168	88	95	115	231	148	127	204	169	72	103	89	114	162	161	72	153	131	135	149	99	40	114	151	153	165	68	41	84	114	249	195	167	52	230	150	140	97	169	48	91	77	111	116	232	96	97	133	159	126	114	79	192	127	156	78	113	166	129	151	104	183	62	74	102	133	80	223	233	211	114	129	115	104	170	57	75	77	206	54	129	96	103	183	125	225	126	123	83	192	98	87	118	143	175	300	79	79	108	145	63	281	105	78	50	115	86	51	101	141	30	146	224	91	132	172	136	38	163	136	216	55	122	173	209	47	133	139	143	151	193	130	233	187	86	102	96	120	57	151	106	216	243	130	133
chr1-7500001-8000000	195	220	124	136	114	52	25	103	171	159	137	133	280	136	152	85	79	65	92	66	70	131	53	81	206	126	273	65	133	124	125	63	55	52	171	72	137	66	81	92	91	234	124	54	96	138	115	144	311	191	64	218	43	87	57	59	210	57	126	139	225	319	460	151	118	71	75	69	126	196	126	223	101	93	42	71	225	154	115	125	213	141	77	71	90	237	153	224	61	213	115	255	154	101	86	84	130	87	259	326	122	123	134	294	115	139	125	240	195	128	54	74	245	336	121	101	159	78	127	98	150	128	118	159	350	103	143	125	54	191	143	152	176	238	100	83	136	164	217	182	282	154	143	102	171	105	121	202	163	241	273	75	134	96	111	80	368	103	43	67	107	67	61	74	122	64	47	279	72	121	99	272	86	153	166	144	71	137	213	156	98	73	88	110	136	117	141	150	128	121	139	86	154	101	142	39	270	165	73	101
chr1-8000001-8500000	202	132	92	106	122	57	61	89	163	166	89	68	168	94	247	83	165	86	101	90	69	189	58	153	91	90	166	89	107	120	112	120	55	65	211	102	107	70	124	110	253	410	71	41	91	112	135	146	115	295	56	49	105	113	129	265	100	53	123	128	183	641	123	222	119	71	113	65	163	91	82	236	133	153	154	75	134	244	226	150	153	125	53	99	52	192	79	177	50	178	127	168	200	122	86	158	102	115	83	207	186	275	61	128	201	152	132	186	101	183	44	58	283	300	80	147	97	55	127	63	135	118	163	147	174	146	116	75	108	159	87	104	89	166	65	87	122	156	308	112	171	145	128	61	102	122	84	151	120	196	221	77	148	104	147	120	148	59	80	84	113	106	75	207	131	64	51	312	133	91	169	402	89	157	280	147	74	57	162	182	107	154	94	77	132	139	126	122	120	216	134	67	219	106	127	129	205	178	103	59
chr1-8500001-9000000	150	102	140	234	128	175	146	145	195	92	240	108	237	83	148	143	127	155	98	92	56	145	182	109	87	110	198	147	77	76	116	150	73	178	170	54	169	68	110	70	231	326	67	72	65	132	207	83	120	270	166	233	96	91	84	105	65	26	119	138	182	137	240	180	79	84	66	103	235	174	70	237	150	116	63	84	128	68	128	159	136	196	59	87	87	243	91	184	77	174	167	112	100	103	80	130	68	59	205	281	84	199	175	211	186	143	158	167	88	128	121	110	193	385	185	88	112	73	165	159	98	142	186	250	182	287	224	43	109	139	126	79	153	126	114	58	81	114	175	134	108	148	70	103	189	135	93	183	77	216	201	99	88	78	116	100	174	84	72	75	69	130	139	184	105	62	128	240	52	174	218	106	94	94	198	115	93	163	176	119	67	93	95	160	96	137	161	144	138	114	157	93	144	94	196	123	286	163	75	99
chr1-9000001-9500000	108	191	126	170	97	70	131	94	179	171	106	144	161	114	204	106	155	53	55	64	45	157	118	107	186	61	350	180	162	105	166	98	100	115	141	128	144	134	122	167	207	190	84	72	97	79	83	89	146	292	155	126	71	72	90	289	110	71	109	198	292	287	156	207	200	69	88	83	162	136	160	213	153	84	72	122	152	135	185	110	144	128	78	77	140	213	71	143	75	248	208	94	137	144	105	142	79	88	183	146	98	127	82	238	102	158	179	154	176	132	58	126	314	417	135	113	189	91	96	142	119	127	71	186	141	108	77	57	82	206	62	55	146	148	36	104	144	146	175	151	276	107	129	82	200	98	76	173	147	145	236	160	59	96	76	112	181	128	38	50	87	92	125	123	142	63	66	399	134	151	107	334	92	149	157	122	43	83	214	190	93	110	148	96	124	139	126	154	200	158	125	80	131	204	157	75	210	246	64	87
chr1-9500001-10000000	156	181	246	185	140	49	130	100	110	128	138	42	224	102	123	138	117	90	144	48	109	260	178	101	109	143	149	107	169	104	77	85	67	129	91	75	73	75	177	175	208	337	34	93	104	229	161	116	110	231	77	77	55	113	122	110	216	50	157	130	229	325	251	102	73	57	132	66	137	168	87	127	81	145	61	69	78	135	129	183	125	161	137	116	146	369	96	120	53	155	183	81	129	106	126	263	77	130	87	249	219	145	102	166	110	157	85	207	151	104	65	71	214	292	122	57	178	47	160	142	105	132	159	68	130	155	152	56	77	70	63	90	107	154	77	88	167	142	163	244	227	141	191	132	188	99	81	165	125	149	195	96	103	108	79	97	184	174	65	137	47	72	109	148	127	38	79	129	59	123	161	126	121	103	169	327	59	136	140	82	94	175	69	152	83	143	78	166	313	145	249	139	90	161	161	118	244	187	134	73
chr1-10000001-10500000	120	142	198	134	109	74	72	129	107	43	119	112	174	109	104	64	74	55	108	91	42	188	165	76	220	30	148	145	189	105	80	152	98	104	96	129	119	85	118	244	166	150	68	44	72	173	161	147	92	308	114	196	96	26	128	309	234	60	71	202	98	289	446	162	95	65	123	65	232	176	75	278	100	77	112	57	154	235	252	169	101	99	79	69	106	279	129	235	79	153	157	160	143	189	93	204	144	86	211	232	180	238	89	96	188	127	151	130	173	310	86	113	207	405	68	155	133	42	64	356	98	128	114	138	212	141	78	87	161	154	101	70	156	238	85	108	121	101	125	128	306	148	104	69	154	150	175	163	113	260	255	158	203	82	102	30	128	157	35	96	59	124	108	111	167	56	108	294	168	72	72	265	165	163	119	299	55	121	239	199	68	98	92	122	201	199	121	137	137	66	86	84	247	161	236	75	352	253	66	137
chr1-10500001-11000000	69	250	184	179	153	52	75	73	127	144	140	150	117	106	185	63	148	61	141	103	55	119	93	57	120	65	205	111	118	71	101	202	61	167	170	122	109	69	160	80	86	443	123	61	34	139	151	128	143	217	98	125	103	35	58	252	256	47	96	176	257	220	185	175	121	46	108	35	67	120	103	438	151	135	99	47	112	201	189	123	134	202	42	166	157	210	80	254	67	218	157	69	178	143	58	113	144	71	177	213	172	87	58	170	143	110	197	183	89	149	64	65	249	121	136	114	108	42	77	86	110	174	114	272	130	136	63	70	66	85	90	75	148	172	46	49	186	133	174	74	176	119	147	92	150	67	113	84	138	232	239	85	100	96	230	122	233	78	115	91	100	222	78	99	125	75	68	195	46	95	139	113	89	121	104	167	39	126	171	118	46	139	61	154	138	166	153	85	112	197	187	82	101	165	189	64	426	162	101	90
chr1-11000001-11500000	231	177	124	176	170	96	68	97	97	89	148	94	210	108	129	71	195	92	141	85	52	308	110	80	159	99	147	163	117	109	52	108	119	135	140	185	84	68	151	130	149	349	63	132	73	130	73	139	168	206	60	200	69	44	155	189	91	34	122	180	124	310	200	206	100	102	53	58	141	64	72	184	168	143	110	57	129	84	219	112	120	208	48	112	80	375	60	199	61	168	130	149	158	106	155	120	62	82	120	141	187	93	92	240	195	109	183	138	125	113	73	74	252	177	81	169	101	56	106	230	115	69	88	174	258	181	101	52	105	171	73	111	94	234	71	41	127	201	234	135	152	182	115	55	155	82	60	229	232	154	205	60	138	71	136	118	177	144	113	78	117	106	78	67	171	15	97	520	57	65	332	269	68	66	97	275	98	87	259	178	29	182	40	176	136	103	74	171	156	167	186	120	122	85	185	111	348	340	81	126
chr1-11500001-12000000	157	114	101	211	125	136	116	87	214	90	177	102	79	110	136	86	204	98	40	50	75	67	110	95	120	51	121	197	121	122	101	145	61	80	165	146	62	112	86	169	93	182	68	51	31	190	93	80	243	177	138	102	65	59	92	120	173	32	125	111	107	381	304	183	88	90	126	61	121	196	74	187	153	110	49	70	198	110	208	200	138	74	57	152	106	284	111	166	67	171	77	89	133	177	80	121	130	83	91	264	106	108	112	148	112	145	162	192	96	196	67	80	292	176	182	137	93	93	96	288	146	93	89	279	228	182	83	131	88	141	89	109	125	111	51	64	117	102	234	98	152	209	190	67	142	98	130	217	137	261	191	90	204	75	114	80	261	75	75	120	105	85	126	73	87	51	97	354	96	76	174	247	137	151	248	265	49	140	92	159	126	141	100	189	213	116	96	287	210	212	93	86	130	142	114	144	294	306	111	113
chr1-12000001-12500000	54	113	165	170	92	49	104	82	144	78	127	127	117	56	120	157	97	118	88	79	39	151	166	71	160	79	132	79	57	100	81	107	121	85	119	129	99	104	109	159	148	199	56	47	69	238	83	122	234	279	93	81	87	150	59	226	82	67	86	70	195	244	393	76	108	64	165	84	97	111	76	254	124	71	73	54	77	110	207	185	115	137	75	110	88	178	121	135	71	159	212	103	158	72	87	110	71	82	84	257	201	146	80	285	159	137	127	147	125	182	87	108	210	188	130	112	175	95	138	45	63	94	245	129	259	136	171	70	150	181	117	100	97	178	55	37	95	147	224	73	209	92	89	61	235	48	80	81	110	293	300	128	157	65	86	111	172	125	93	36	111	112	215	98	155	78	76	188	72	132	192	171	84	160	77	289	82	118	162	127	149	140	112	114	126	215	136	182	269	107	202	97	117	106	88	155	242	445	173	105
chr1-12500001-13000000	166	153	114	69	138	72	60	138	175	134	177	60	120	55	98	120	336	81	109	62	40	222	165	124	130	62	202	76	83	167	124	89	119	51	75	103	56	51	124	158	124	266	75	48	63	98	143	140	313	428	80	138	79	65	85	147	162	73	110	172	154	341	329	97	86	34	73	64	123	154	100	214	65	188	87	22	125	154	211	242	136	145	58	165	114	155	115	294	107	264	203	107	147	59	121	209	90	121	241	218	150	144	128	342	90	132	206	155	212	173	49	80	278	260	122	144	176	74	100	128	218	161	229	112	214	160	115	71	113	159	83	132	122	169	60	127	121	62	212	121	217	210	128	135	180	66	86	64	112	172	167	80	151	86	70	95	145	212	78	93	135	141	144	125	113	61	90	274	115	118	218	360	58	115	73	206	123	75	133	178	63	136	91	109	97	231	127	171	136	150	149	91	103	76	122	69	180	250	212	83
chr1-13000001-13500000	206	251	96	77	202	111	75	136	145	93	107	130	173	126	91	60	102	88	45	65	68	157	100	57	128	42	89	79	123	92	43	159	137	97	134	132	101	66	112	219	180	365	93	72	101	162	148	107	211	238	59	148	79	137	181	178	60	69	71	188	124	284	169	213	140	54	61	103	93	208	81	245	203	247	117	119	191	168	120	211	161	81	47	59	125	235	88	269	80	262	132	190	208	103	144	137	120	156	206	139	182	186	150	247	119	109	181	191	127	102	89	83	172	233	187	107	111	47	68	157	218	116	176	78	182	195	41	91	97	102	77	105	140	219	72	120	164	212	187	189	187	165	114	101	125	110	75	161	134	210	421	110	130	113	208	107	110	177	99	87	135	42	74	142	136	66	106	202	96	129	202	278	72	93	149	287	42	137	239	148	104	125	68	141	81	146	76	159	185	119	160	82	179	131	189	102	277	307	191	89
chr1-13500001-14000000	138	240	140	197	114	59	76	145	157	78	171	165	136	145	95	76	116	43	34	92	57	175	37	104	93	88	390	142	81	180	70	92	100	92	186	212	115	95	114	142	77	221	141	86	63	146	229	92	172	178	99	127	112	91	129	220	115	55	102	147	213	283	200	150	107	85	108	78	109	232	77	263	199	171	72	48	152	104	167	113	126	133	59	127	193	175	117	201	64	237	138	135	152	119	123	57	122	111	186	302	170	127	80	339	181	80	121	149	174	142	81	119	103	182	148	90	105	62	155	177	99	222	152	161	226	69	91	65	91	136	157	60	166	134	49	108	151	223	228	116	164	126	74	60	140	103	180	295	199	96	237	157	139	77	131	73	231	131	93	54	92	113	151	228	108	69	95	254	70	132	114	131	92	108	84	330	68	100	181	158	66	95	83	35	104	241	165	108	340	148	42	90	136	91	178	74	205	207	149	190
chr1-14000001-14500000	137	202	127	210	94	64	121	70	200	111	95	129	144	169	150	59	79	122	102	71	99	122	83	97	152	105	132	46	136	55	104	85	65	197	154	130	83	62	144	77	93	134	69	67	98	85	176	133	109	226	133	121	22	60	87	226	117	72	102	226	206	439	181	108	99	44	93	75	101	67	129	269	313	145	53	70	203	113	139	142	176	138	60	73	117	174	148	206	89	172	320	77	105	165	145	137	73	73	149	153	195	158	69	350	177	183	99	82	157	101	51	57	346	169	210	166	183	127	191	117	166	108	79	219	269	167	61	74	61	108	118	189	177	168	49	155	114	159	145	121	170	135	73	136	205	99	101	187	178	139	238	113	80	80	90	109	268	80	32	91	59	97	104	186	131	53	97	108	143	92	252	226	119	170	172	172	46	155	171	275	63	57	73	142	127	111	117	121	131	207	133	145	168	117	119	131	280	145	96	60
chr1-14500001-15000000	115	203	132	177	120	54	123	187	132	204	147	91	243	176	163	51	81	35	137	89	94	114	76	99	64	72	97	62	166	171	64	137	42	54	112	151	84	59	74	94	64	166	80	46	129	150	137	193	111	254	68	90	49	109	118	126	119	47	91	91	239	219	182	165	114	63	104	65	135	250	105	210	168	183	97	89	110	143	199	129	119	131	57	34	90	278	121	194	60	298	104	95	147	84	97	84	81	53	230	214	186	64	164	338	303	176	145	187	206	235	56	50	207	268	157	85	107	61	122	179	103	137	169	176	214	115	114	71	164	143	57	99	128	221	67	91	136	165	145	108	143	69	63	76	49	69	96	75	136	169	292	82	75	49	92	145	203	64	136	76	54	110	148	111	189	38	67	277	80	71	115	159	110	130	105	201	77	183	146	168	64	99	52	94	103	142	140	247	166	179	121	76	84	160	139	64	317	282	139	102
chr1-15000001-15500000	129	173	90	179	125	69	96	116	109	159	178	101	94	107	80	88	101	61	75	84	91	187	102	75	144	86	192	210	82	152	66	64	101	97	166	116	146	62	73	65	170	235	74	56	117	132	212	146	143	166	86	163	133	88	141	243	170	70	85	236	138	213	224	155	166	112	89	66	94	115	95	215	172	89	107	63	126	145	185	105	161	175	36	45	67	256	81	129	87	221	155	140	186	111	66	160	83	82	167	132	117	106	104	173	60	246	107	113	108	202	59	58	263	243	134	206	115	82	168	204	136	102	166	153	147	193	48	115	86	113	212	79	206	195	52	153	65	92	216	131	144	187	84	88	170	117	93	184	279	209	202	72	74	91	137	108	273	101	49	43	137	88	93	128	128	50	79	198	82	130	136	267	103	158	187	325	54	108	179	106	141	130	96	91	194	169	99	143	213	207	195	185	39	168	168	127	316	86	107	72
chr1-15500001-16000000	115	251	111	138	84	98	118	116	173	108	107	187	161	163	75	64	118	74	92	87	15	202	106	104	62	105	175	75	99	138	77	127	71	88	226	138	134	67	80	146	114	332	91	44	92	241	101	109	168	276	73	132	44	108	118	192	132	63	94	155	220	132	376	169	89	88	96	44	65	138	81	170	99	264	120	97	162	122	184	75	211	117	89	116	105	280	98	187	58	140	189	227	149	112	92	122	115	121	163	262	212	139	74	177	302	94	214	234	212	205	71	74	407	267	128	98	172	93	65	143	166	145	146	244	445	161	98	41	71	143	62	120	83	203	37	71	62	144	244	172	179	77	127	98	115	98	118	96	106	294	206	112	140	87	136	87	394	57	106	82	36	91	226	96	169	15	47	314	120	121	236	363	101	110	235	189	37	125	234	123	136	97	37	189	149	133	170	130	188	196	206	133	199	97	75	114	260	202	106	259
chr1-16000001-16500000	153	210	112	131	166	135	122	74	192	133	113	145	196	69	90	129	127	70	71	108	84	156	76	40	137	134	127	166	120	111	36	145	72	132	87	116	135	100	138	200	186	134	114	66	117	129	132	205	146	247	95	126	85	69	111	187	105	85	91	229	154	250	237	88	198	72	222	70	119	92	71	389	89	133	125	74	140	266	112	73	145	193	118	119	127	172	159	95	84	181	85	140	176	82	94	134	120	82	117	457	212	149	40	169	179	173	132	208	98	282	46	56	201	156	160	112	113	44	58	423	139	126	98	47	209	72	91	38	60	137	56	204	99	222	113	101	187	100	97	175	135	106	116	88	108	113	89	132	148	150	255	152	64	81	92	98	253	192	140	96	91	84	102	80	185	59	74	323	99	103	83	227	140	92	279	297	71	115	204	163	107	107	97	111	126	175	138	144	204	188	151	47	175	106	86	80	212	292	158	140
chr1-16500001-17000000	163	186	113	198	159	95	62	67	203	182	104	83	126	119	87	75	125	72	127	104	90	92	77	113	129	105	232	283	157	104	92	103	72	53	92	110	96	145	190	215	130	189	28	34	128	229	108	146	160	162	112	95	32	172	125	160	169	59	100	205	109	479	173	249	116	95	102	96	87	177	99	199	255	165	74	101	120	188	215	128	137	109	78	84	115	290	109	188	69	308	162	157	139	120	99	128	169	105	165	114	144	82	56	187	145	114	137	169	211	179	77	98	214	192	109	160	110	31	53	171	95	82	93	123	270	216	92	88	83	64	100	150	125	184	67	89	132	85	174	76	228	147	63	99	100	125	131	174	173	190	296	170	119	71	143	152	170	79	147	83	99	99	118	108	127	41	67	174	78	128	102	134	158	109	143	257	73	115	118	220	90	150	65	159	157	130	96	133	233	200	304	95	120	117	115	68	263	137	104	130
chr1-17000001-17500000	94	191	119	104	115	86	117	106	75	221	144	98	230	179	138	47	99	65	96	116	73	279	64	88	169	109	196	78	168	58	98	132	151	109	146	61	96	138	133	178	87	277	78	73	110	129	175	109	113	209	94	75	45	110	51	131	211	35	63	127	183	392	209	70	110	87	133	96	202	146	75	202	144	181	70	63	66	84	212	76	162	196	96	77	82	120	145	116	52	170	115	174	104	112	120	122	82	115	139	249	73	175	97	84	260	134	169	277	89	82	82	66	248	178	94	113	79	40	108	184	148	112	188	166	223	236	112	58	97	91	123	108	111	126	72	35	234	72	246	160	225	142	128	111	155	112	52	97	231	112	392	76	101	92	46	112	238	210	84	67	111	80	212	128	132	38	58	247	62	104	299	124	81	160	112	188	143	78	188	205	107	129	42	75	102	227	115	192	217	202	210	85	126	127	149	90	233	135	177	157
chr1-17500001-18000000	138	128	91	133	129	72	57	52	202	110	154	71	139	164	110	119	82	155	124	130	62	70	78	97	131	122	150	91	149	90	78	143	119	90	128	91	36	147	186	239	115	186	54	79	144	152	135	76	105	215	117	92	64	63	91	130	163	47	83	176	165	127	242	132	106	68	60	41	113	117	77	204	119	142	107	40	209	97	135	216	176	199	62	94	106	255	91	225	69	98	159	172	92	145	95	73	156	87	182	172	160	171	135	320	166	73	185	115	112	95	40	83	279	284	138	118	201	86	141	161	163	128	166	201	191	153	81	93	56	61	62	123	120	181	67	78	107	127	174	161	256	240	118	87	109	73	70	141	105	163	175	108	118	93	96	75	77	117	90	64	142	123	118	196	261	50	150	172	213	136	240	160	189	177	101	191	85	97	173	48	125	66	49	145	191	228	116	195	128	171	135	120	146	197	103	113	217	298	101	70
chr1-18000001-18500000	187	201	83	184	105	88	141	143	172	97	246	64	156	133	107	70	130	84	72	97	112	126	57	82	107	103	153	131	162	77	46	127	62	102	101	82	42	75	54	133	147	186	57	40	101	88	61	108	147	203	84	127	98	102	55	69	222	83	187	104	208	335	116	140	63	57	131	61	125	151	92	147	156	70	141	49	93	107	238	113	75	80	57	59	93	143	90	132	63	191	133	197	197	105	124	125	110	189	100	181	101	111	172	234	118	96	113	164	155	75	39	101	278	257	118	182	103	69	75	321	163	155	124	236	197	111	119	57	120	141	130	93	145	226	78	92	84	147	265	129	186	165	111	79	121	110	40	147	116	143	411	176	118	75	89	102	156	76	65	126	56	94	98	131	165	60	65	241	105	88	194	278	112	210	152	320	28	64	218	101	81	99	96	103	92	85	103	174	167	140	141	53	133	73	170	175	363	267	95	119
chr1-18500001-19000000	90	153	140	174	129	79	53	88	97	57	172	66	183	141	29	116	155	93	55	87	91	243	83	59	196	42	216	125	222	102	92	78	54	126	262	152	94	102	76	186	247	157	81	91	127	227	69	128	187	166	90	156	111	75	91	217	128	34	161	135	154	131	316	244	40	98	83	61	124	141	113	165	126	181	96	91	102	188	199	153	72	160	60	135	97	336	119	166	71	295	147	103	177	131	88	215	79	91	183	241	185	79	58	148	231	118	108	90	146	218	49	120	358	151	188	66	151	69	182	185	168	161	130	66	309	256	147	75	89	143	84	99	101	222	100	98	119	128	198	233	228	109	128	95	96	93	202	182	149	233	267	128	83	122	92	84	265	100	95	63	116	119	149	152	68	57	125	220	146	79	149	114	86	106	157	254	59	48	105	127	57	119	77	102	144	108	100	166	217	114	122	85	103	136	147	99	212	201	71	149
chr1-19000001-19500000	110	147	174	213	121	94	65	71	129	119	144	91	96	94	81	84	221	83	69	107	48	166	73	121	74	42	202	89	124	98	63	79	79	39	313	121	95	139	193	195	170	97	59	60	149	159	253	83	102	243	144	146	117	80	103	139	120	55	112	120	123	281	178	164	96	23	112	62	97	180	63	169	127	101	118	35	104	222	190	114	123	190	56	127	66	256	107	345	52	237	163	69	113	62	127	119	184	60	196	167	83	175	123	174	213	212	217	134	166	188	95	125	170	209	230	41	167	83	116	154	183	116	178	145	87	115	97	78	68	139	123	137	87	180	72	66	187	138	163	115	189	164	105	88	159	107	155	91	136	318	259	60	132	83	89	95	129	126	104	75	73	147	75	125	146	39	100	318	80	118	225	289	81	125	218	331	75	115	123	100	56	116	150	75	184	127	203	131	160	159	130	93	107	171	187	46	159	118	97	114
chr1-19500001-20000000	93	199	180	128	145	89	88	99	178	125	212	109	261	137	159	124	127	84	110	44	52	165	89	75	86	82	158	137	131	110	86	81	104	95	187	215	48	132	95	197	284	288	122	54	73	94	159	73	85	196	137	106	37	87	140	234	158	46	84	205	197	157	383	195	73	49	88	69	145	171	126	142	162	141	108	60	103	137	230	180	138	87	56	110	57	308	60	130	54	266	150	180	175	93	118	232	109	77	125	351	143	113	86	155	139	181	92	167	111	143	71	37	218	295	68	157	178	85	159	279	129	226	162	88	202	190	147	39	117	132	88	91	116	225	60	139	190	165	138	82	330	122	165	138	185	129	115	143	128	156	410	79	77	80	159	86	219	149	86	118	84	219	130	124	169	46	64	324	87	78	123	153	52	99	111	172	43	127	164	143	194	134	43	149	103	77	140	385	161	152	347	122	189	121	102	27	344	232	126	217
chr1-20000001-20500000	148	229	216	138	100	62	116	158	199	72	149	59	126	131	74	123	102	104	133	74	50	102	52	137	225	74	114	84	134	132	56	96	68	114	110	113	100	101	63	71	101	308	84	60	142	157	100	189	113	308	50	117	41	130	65	120	81	70	169	136	120	175	127	269	140	91	59	47	186	89	91	210	218	101	169	45	167	160	166	311	109	132	112	142	162	294	115	178	51	175	254	133	162	102	141	82	78	94	131	359	87	174	94	165	134	87	135	112	200	135	88	94	305	213	149	110	92	81	94	109	114	145	145	174	158	122	138	58	84	134	111	127	192	139	87	124	157	117	168	261	261	180	74	133	122	122	119	179	238	149	141	180	191	118	115	153	142	130	69	75	92	147	136	93	167	64	95	392	74	91	192	237	104	212	132	148	57	250	268	154	106	117	171	98	137	166	151	149	99	222	172	137	157	57	206	88	239	259	54	146
chr1-20500001-21000000	99	140	63	112	86	74	117	85	253	127	113	170	185	89	108	113	166	82	73	55	39	177	115	106	111	101	162	138	61	96	61	70	134	138	180	135	54	113	95	318	191	194	95	127	133	120	209	145	195	195	60	126	82	130	50	207	145	68	128	215	142	208	227	126	112	85	107	93	262	117	76	166	136	117	67	54	79	204	216	171	94	151	69	188	128	400	113	136	58	314	149	168	143	102	87	70	68	135	98	304	261	159	105	233	120	51	113	135	177	179	72	97	155	239	159	171	161	78	129	217	88	156	204	144	291	121	104	42	100	154	96	98	122	259	61	91	133	244	144	242	135	78	180	137	108	83	126	180	114	167	412	123	92	93	133	91	215	73	77	84	29	116	167	128	133	68	109	204	54	178	116	240	86	108	359	151	30	94	203	99	81	130	91	160	134	154	81	75	198	167	74	69	141	105	202	71	208	492	126	142
chr1-21000001-21500000	73	142	153	56	105	63	94	83	158	177	155	141	131	93	100	121	195	71	48	92	68	215	84	79	105	86	194	109	158	109	66	90	68	119	151	98	114	104	99	177	177	235	91	62	50	111	177	136	112	206	89	101	60	73	101	195	103	86	109	114	240	272	363	144	131	69	137	82	127	109	63	72	144	141	73	30	188	78	223	136	103	80	88	48	152	216	108	133	50	238	172	103	173	46	165	117	115	78	208	304	122	210	86	155	190	168	211	164	100	115	48	82	226	129	224	178	146	65	80	195	104	127	142	106	218	209	134	109	95	85	108	108	107	232	30	152	148	86	262	87	142	204	102	111	149	101	86	82	106	168	195	170	55	128	114	79	334	78	55	94	82	81	138	101	190	50	118	372	130	141	179	205	82	83	196	222	39	104	158	137	63	148	45	154	123	123	137	153	216	145	159	147	123	161	274	70	417	216	88	138
chr1-21500001-22000000	210	107	93	163	139	90	67	48	187	155	218	149	281	116	109	97	134	134	110	83	70	65	88	78	187	70	333	72	174	128	39	132	74	116	131	80	61	124	118	131	44	286	110	47	112	126	128	193	164	288	84	166	63	83	102	192	189	79	160	132	146	176	185	95	143	33	84	58	120	89	52	167	114	118	95	64	86	130	237	311	129	149	79	22	52	227	27	255	85	132	136	176	141	94	93	90	72	87	126	244	135	138	110	206	97	105	115	162	159	103	48	125	311	278	154	111	187	30	83	91	77	107	231	112	265	224	131	108	101	163	158	69	164	209	72	61	89	159	307	206	194	163	113	117	147	101	92	89	192	191	316	50	153	48	113	62	191	179	72	100	119	101	167	140	255	59	59	529	87	72	152	197	104	115	207	218	83	117	174	125	87	163	105	127	72	76	142	156	200	151	184	92	176	116	126	119	219	362	111	101
chr1-22000001-22500000	131	110	160	204	87	97	49	129	117	80	157	97	136	112	166	55	154	85	111	51	81	162	101	44	100	72	131	89	122	104	88	126	104	89	119	73	82	73	93	226	73	173	63	49	199	109	216	165	104	179	162	126	85	96	153	113	135	71	97	112	129	280	131	171	91	37	66	73	69	63	102	146	164	78	135	39	64	177	169	144	156	94	49	121	107	322	78	156	74	253	213	112	190	112	96	89	102	115	106	263	221	94	77	373	189	62	121	182	116	210	138	122	149	272	138	193	178	61	138	160	117	118	78	139	230	157	159	46	101	177	104	159	156	93	69	142	160	173	124	103	267	165	88	97	201	77	54	134	165	194	263	142	115	52	235	101	148	137	125	51	78	184	147	140	233	61	76	122	132	78	176	250	112	120	131	157	49	94	86	214	66	136	56	67	195	146	114	148	181	200	83	69	129	187	92	93	410	174	91	120
chr1-22500001-23000000	99	213	122	231	127	44	66	81	142	146	140	120	208	80	189	88	79	108	46	105	83	154	51	126	146	60	178	223	139	98	128	112	75	111	199	178	88	74	121	193	147	345	44	98	139	192	169	110	204	128	170	173	49	106	62	139	86	65	68	141	271	241	398	207	145	50	142	28	172	122	88	148	144	124	104	52	152	229	154	162	105	86	62	149	141	288	117	205	74	320	164	120	86	99	103	94	85	101	115	430	115	264	109	154	210	106	101	116	138	194	123	81	228	250	78	169	201	96	198	305	81	227	145	137	383	107	85	59	91	79	90	138	86	139	82	157	108	135	225	112	216	171	193	92	153	141	66	198	150	253	267	90	171	75	149	116	206	83	59	52	88	107	142	172	146	32	95	228	167	165	134	303	129	208	182	163	74	94	230	149	115	73	120	294	225	90	169	189	99	213	294	128	93	109	238	75	352	196	89	56
chr1-23000001-23500000	153	177	88	96	82	82	69	93	193	190	102	103	235	153	87	85	121	96	93	168	120	142	44	154	102	115	150	113	137	96	104	101	36	72	169	127	49	91	44	256	70	150	90	78	144	121	103	105	278	231	78	90	101	75	68	103	159	105	120	116	111	284	314	210	77	41	96	112	115	103	76	120	108	112	85	60	62	82	121	106	192	117	62	77	146	312	113	241	111	125	124	166	202	155	128	92	143	106	136	97	138	105	144	242	209	112	186	194	189	150	90	143	231	133	94	140	176	101	206	205	92	65	169	165	219	303	105	87	77	67	56	108	120	253	44	88	65	170	265	137	158	182	147	105	153	103	104	202	152	373	141	153	244	41	127	96	242	106	70	34	107	94	85	72	69	45	103	301	110	124	221	258	113	125	157	266	99	76	92	69	136	123	99	100	125	152	229	138	188	239	218	116	288	82	146	39	274	231	71	118
chr1-23500001-24000000	154	119	125	165	68	86	91	109	78	109	164	182	145	150	72	94	160	101	68	83	88	200	75	127	259	78	245	116	111	289	90	174	126	106	118	105	96	90	157	187	223	251	81	97	85	199	152	90	123	456	81	115	61	80	109	227	88	36	114	178	95	279	209	137	94	75	178	58	141	135	93	279	151	33	140	78	250	183	105	179	118	87	88	95	205	265	89	181	63	134	111	123	126	100	86	144	117	92	118	224	211	117	223	148	70	242	157	217	171	87	58	88	379	291	156	205	151	82	99	172	58	99	63	156	243	106	179	79	139	42	83	100	169	232	71	95	78	119	238	230	222	257	201	185	191	90	90	160	141	451	198	114	89	97	103	136	248	135	159	55	85	102	130	168	135	81	80	149	134	106	252	329	95	63	67	153	65	155	155	140	73	123	109	83	81	216	88	201	139	194	200	204	165	120	110	86	218	238	197	79
chr1-24000001-24500000	101	177	219	165	132	197	165	105	174	60	112	186	115	176	131	83	161	68	87	106	78	147	232	81	147	96	269	121	126	115	69	164	48	130	171	92	71	120	221	152	183	367	63	125	173	152	247	214	284	217	84	99	53	95	139	268	103	130	125	238	228	249	184	129	95	88	84	39	80	66	151	124	156	115	124	116	149	222	192	159	277	138	98	84	133	262	91	172	116	120	103	116	90	174	71	109	115	93	208	318	237	66	129	272	244	106	224	123	327	177	72	120	183	272	153	152	172	123	172	142	146	118	148	115	230	78	171	28	152	124	57	104	144	271	61	136	155	150	250	209	180	132	102	79	120	100	118	192	67	504	332	144	124	131	78	161	238	79	128	74	65	53	116	140	124	91	47	250	57	86	234	391	76	133	121	308	127	194	225	91	84	87	90	183	165	146	165	109	141	190	134	185	187	108	315	194	167	196	136	62
chr1-24500001-25000000	172	173	124	181	83	110	106	58	147	152	103	232	216	77	141	91	116	105	71	115	92	192	76	118	302	165	227	126	211	113	153	244	131	108	128	131	140	62	123	91	91	202	124	79	91	114	173	193	76	254	51	88	68	52	84	145	99	111	70	89	133	174	122	123	73	109	104	49	231	95	108	211	218	139	84	76	160	176	210	158	174	154	125	148	187	252	76	203	86	268	173	186	104	102	92	147	78	45	167	177	224	220	233	222	130	123	126	121	242	169	50	120	198	235	212	114	179	110	62	238	96	79	213	61	332	82	251	89	140	107	101	92	134	217	84	148	93	136	211	97	84	142	62	88	97	109	110	131	95	438	132	113	162	46	207	159	222	135	152	63	51	128	121	73	183	82	160	189	52	88	229	91	90	180	198	176	131	136	88	108	104	153	99	118	116	233	157	194	227	121	148	195	165	104	122	138	267	278	76	137
chr1-25000001-25500000	86	95	101	137	73	144	203	47	280	163	117	279	185	182	146	60	114	80	78	54	70	214	177	101	200	46	120	89	162	67	125	115	63	114	117	161	51	88	79	131	124	390	59	123	212	80	282	176	202	243	112	146	96	119	104	184	135	96	102	216	234	322	189	100	80	102	99	96	78	163	94	107	201	159	154	80	107	120	317	99	144	242	71	85	110	187	166	137	125	200	169	92	98	72	79	185	77	90	140	93	200	56	157	141	157	107	142	182	289	120	48	84	242	286	74	151	178	91	78	152	148	153	139	122	230	202	141	88	124	178	101	157	117	112	114	98	133	150	172	188	183	196	158	132	184	156	78	135	251	526	291	208	182	126	154	123	331	108	110	65	77	97	145	100	121	58	54	208	176	79	192	352	118	164	202	243	121	120	161	193	180	93	81	108	151	132	85	162	193	105	174	165	124	76	102	105	234	299	292	141
chr1-25500001-26000000	153	202	93	267	78	128	60	142	148	100	133	118	124	125	179	86	133	91	60	104	57	166	63	149	280	47	208	47	76	88	125	233	99	129	160	84	94	100	168	146	122	314	155	131	100	118	204	232	178	285	84	93	84	97	95	158	154	88	95	116	128	152	201	129	113	109	183	91	106	116	150	316	235	215	90	91	111	95	120	118	148	155	131	84	94	206	119	152	230	241	146	178	223	87	192	79	67	141	146	232	69	142	214	229	174	169	153	189	271	178	55	128	183	327	101	188	244	88	136	95	120	173	86	110	208	124	123	52	103	160	88	182	295	196	145	108	97	130	212	131	113	22	85	126	287	90	81	107	251	653	157	57	131	52	111	140	103	82	176	61	111	97	122	164	123	113	61	269	102	132	173	267	62	171	198	421	145	108	140	217	123	84	124	148	114	127	101	61	268	201	108	171	108	99	99	65	357	76	160	115
chr1-26000001-26500000	130	103	104	221	82	185	89	68	226	145	306	126	202	205	154	87	140	72	86	81	51	112	76	163	107	58	154	121	150	143	123	195	83	166	224	76	195	108	74	235	130	165	74	71	120	253	275	130	128	183	69	108	93	87	88	258	70	55	77	194	206	183	230	162	131	126	164	80	111	94	108	258	279	165	148	68	125	161	264	168	230	156	66	108	89	376	84	132	147	177	136	137	91	134	55	124	39	75	124	322	111	158	131	299	154	161	234	157	176	88	58	123	216	248	122	74	311	87	172	183	93	208	91	167	108	184	109	75	96	119	99	106	165	215	115	183	105	177	135	80	215	130	118	144	243	143	59	163	205	346	260	116	75	171	158	230	245	102	131	83	46	127	119	117	146	85	94	421	84	58	311	334	79	225	112	162	126	145	249	157	144	234	84	128	94	133	166	236	109	294	235	281	189	165	146	145	384	131	182	114
chr1-26500001-27000000	152	144	144	250	63	220	60	73	283	117	171	331	52	151	112	58	132	74	83	65	36	130	94	91	203	180	182	133	159	60	107	248	56	111	203	70	118	86	79	182	148	260	72	143	207	108	109	167	295	160	101	130	63	117	103	371	97	91	165	78	174	201	268	155	89	60	190	108	111	117	71	151	216	119	184	79	87	139	119	144	199	188	95	128	63	302	130	197	69	321	157	89	152	161	95	222	135	118	234	254	100	187	123	140	181	87	105	168	398	198	29	89	182	291	113	66	161	60	78	122	128	104	100	97	208	96	363	96	120	170	74	71	215	169	66	169	125	184	257	263	268	116	132	133	140	85	108	172	152	279	283	62	84	117	207	57	224	83	89	65	62	100	139	99	113	55	95	309	97	128	393	313	70	62	192	258	103	137	169	252	158	178	168	118	70	75	116	167	212	173	210	144	97	83	151	222	133	193	172	126
chr1-27000001-27500000	162	215	72	182	53	63	85	115	173	127	204	107	229	75	179	132	111	68	103	59	63	207	127	91	282	113	185	44	216	141	79	102	80	63	101	148	50	92	102	133	209	202	75	45	180	161	255	168	170	134	123	41	59	108	103	136	119	114	72	138	242	247	263	127	76	85	266	98	55	123	74	308	145	162	79	74	154	173	181	186	228	80	83	113	119	174	105	160	224	357	99	176	126	133	103	115	127	198	189	222	115	216	104	163	166	277	107	267	208	170	66	129	218	239	105	209	172	126	114	163	187	185	150	220	195	111	204	122	127	91	74	153	67	120	62	140	57	131	189	129	179	67	108	173	109	68	79	76	172	236	276	43	103	79	132	143	287	101	95	43	133	105	74	124	58	57	94	180	104	135	171	453	128	88	225	405	85	106	215	230	130	152	69	162	125	107	147	139	225	186	155	153	207	110	72	168	262	317	333	101
chr1-27500001-28000000	203	198	133	122	108	168	187	38	106	143	133	80	139	175	94	56	106	86	79	116	59	202	62	195	201	68	198	101	101	69	108	148	86	146	100	95	63	111	138	123	76	231	81	88	187	158	215	157	117	311	100	106	36	67	82	141	73	176	113	132	346	186	160	77	113	72	157	79	136	150	73	235	120	151	86	79	100	89	96	217	215	86	91	105	70	205	180	144	132	221	231	139	168	183	181	189	94	117	125	224	175	160	82	222	100	94	119	168	307	102	71	69	208	265	121	145	104	158	70	384	128	159	115	151	175	94	193	66	203	174	93	147	114	123	65	123	148	139	220	116	67	178	103	76	196	127	164	77	93	164	263	192	107	165	118	117	120	132	101	82	68	53	145	143	115	65	120	155	115	82	134	384	70	100	73	198	112	240	237	238	152	116	104	52	98	204	166	234	150	108	129	97	115	127	173	143	283	141	73	103
chr1-28000001-28500000	170	63	177	155	84	120	140	84	129	171	134	207	134	80	108	95	150	78	62	80	80	141	74	104	266	88	146	104	74	131	150	186	109	63	138	102	154	80	76	136	144	215	72	98	155	185	102	98	109	124	128	74	132	65	138	119	188	81	59	112	185	206	214	118	97	41	274	131	89	206	63	369	105	77	88	124	123	163	170	239	153	155	98	51	82	263	113	159	83	137	99	151	90	180	181	76	104	132	66	180	207	94	99	135	184	99	167	181	325	82	72	83	259	277	129	112	312	127	100	170	62	126	119	86	177	78	217	29	106	95	81	125	157	184	106	187	80	126	143	130	131	91	140	106	132	123	106	208	163	241	317	131	141	45	77	157	117	48	142	85	64	106	104	97	130	48	61	241	49	63	294	422	98	86	128	217	86	56	165	113	154	108	89	207	126	123	114	89	217	170	170	91	138	116	117	105	348	310	121	96
chr1-28500001-29000000	149	111	118	226	199	172	130	119	216	88	178	166	44	102	165	85	70	70	66	149	96	225	130	117	272	85	201	193	107	126	146	150	85	128	150	146	81	49	198	172	130	196	92	127	144	161	249	201	105	317	70	130	103	107	102	65	112	95	68	118	217	246	247	160	129	78	253	74	132	101	76	255	129	51	107	59	199	114	73	85	152	128	93	60	108	270	70	215	127	275	173	129	146	123	96	159	102	121	292	218	205	118	156	203	184	70	132	112	220	233	52	83	215	329	186	150	234	102	136	445	172	170	75	177	219	106	156	101	84	179	109	154	95	197	83	228	102	92	302	230	306	145	145	166	86	63	152	112	217	153	268	125	176	77	111	204	196	88	130	49	77	103	86	77	133	99	102	214	132	132	325	473	74	82	239	155	103	171	193	177	181	104	65	197	46	101	90	258	272	94	294	118	181	105	154	130	256	140	193	80
chr1-29000001-29500000	198	183	108	122	106	100	141	120	125	139	306	134	179	115	198	83	109	65	54	156	83	103	121	160	122	54	164	43	153	95	90	195	60	105	160	56	79	67	143	231	143	335	59	52	67	138	185	205	100	184	136	106	104	95	89	191	92	67	84	254	217	300	245	107	130	97	109	68	53	72	84	183	238	172	69	73	124	75	177	133	334	164	148	77	123	226	229	279	105	119	120	99	117	129	121	104	61	110	177	198	186	67	135	312	131	133	108	157	208	180	76	126	109	448	136	121	144	96	97	246	140	155	94	144	201	132	204	100	175	104	133	54	151	216	58	120	108	78	154	216	232	108	116	158	137	64	87	224	155	246	185	98	82	130	92	117	104	191	226	99	94	101	130	98	201	88	37	261	63	39	290	290	151	192	224	149	93	50	229	95	115	79	97	147	163	120	90	118	219	74	137	188	90	76	240	92	398	191	206	149
chr1-29500001-30000000	147	378	130	65	103	179	130	135	117	106	89	104	240	142	206	82	160	93	44	112	60	148	88	103	291	86	298	84	142	154	94	165	88	188	200	75	53	60	124	101	146	228	86	91	250	92	317	267	139	180	73	96	89	88	114	135	120	154	81	34	249	260	230	160	75	144	215	69	136	87	79	182	134	197	134	108	69	278	242	186	214	163	99	94	57	396	108	108	220	232	222	90	219	134	91	94	159	123	159	193	239	156	138	179	138	217	167	175	308	214	52	108	225	214	111	98	146	51	66	102	120	144	180	142	176	126	228	75	203	121	108	53	103	215	116	131	112	67	234	79	172	174	184	229	162	78	115	208	175	369	229	120	269	64	127	123	256	140	108	56	96	125	131	137	164	161	104	314	186	47	334	224	120	145	199	382	131	166	82	196	78	120	130	101	231	187	149	177	224	162	214	178	156	64	112	119	393	198	136	120
chr1-30000001-30500000	126	318	90	59	127	108	145	77	90	201	169	193	118	108	76	83	174	53	97	77	62	153	187	100	297	74	286	73	164	75	163	170	76	123	268	72	38	115	112	121	105	167	105	80	132	150	274	161	167	224	77	78	115	45	48	131	144	94	181	198	113	255	409	244	169	92	93	64	110	111	58	219	260	68	236	119	63	126	141	135	206	96	84	123	146	144	112	166	95	219	191	142	92	70	77	63	90	91	189	213	91	96	310	333	137	155	234	222	255	129	92	93	381	200	182	119	279	57	140	117	101	105	111	91	172	138	268	66	63	132	95	42	114	156	66	189	89	99	170	54	302	145	101	141	250	116	96	110	140	242	293	170	80	137	120	161	249	161	86	64	114	151	213	235	122	96	34	334	63	151	269	290	117	195	133	291	74	138	198	125	191	123	119	201	199	146	188	190	149	83	269	110	229	109	157	98	376	218	175	122
chr1-30500001-31000000	205	108	119	173	101	98	140	55	156	97	195	85	315	75	85	88	108	54	53	113	57	173	101	88	247	68	299	106	107	27	90	128	92	114	105	125	62	110	90	83	197	170	95	62	156	203	199	208	195	160	71	174	30	136	79	101	214	124	126	191	118	120	363	173	111	56	202	91	81	117	57	121	158	158	150	109	163	102	231	134	153	91	180	159	80	239	81	174	208	263	204	116	104	115	130	86	113	118	80	142	81	94	181	200	162	130	144	183	288	73	80	92	282	162	200	113	156	86	74	242	96	190	121	102	183	142	181	48	181	109	70	79	153	140	140	149	88	113	238	153	188	115	71	74	148	145	83	172	184	136	286	139	153	109	70	139	114	128	136	38	65	91	83	117	104	51	74	277	106	52	198	246	135	126	212	327	136	132	285	299	73	112	100	114	144	223	97	167	166	231	205	89	260	140	68	123	255	224	112	70
chr1-31000001-31500000	101	134	139	149	94	49	149	98	112	94	121	310	347	60	119	66	138	81	111	82	97	175	167	171	170	56	157	139	73	152	129	166	68	105	90	113	87	85	99	154	101	236	105	108	134	84	229	99	209	151	92	31	107	57	123	171	163	128	123	140	151	390	170	101	62	43	145	78	160	91	162	135	170	146	134	36	288	141	248	369	244	89	56	122	103	245	65	237	88	207	133	167	179	108	122	167	141	136	186	169	76	205	164	255	165	68	172	96	101	168	59	96	178	264	121	116	136	162	111	226	69	133	121	109	102	226	292	60	210	110	100	160	99	177	60	66	89	196	170	156	101	122	150	109	86	152	73	103	271	216	360	104	212	68	57	62	195	117	56	80	114	92	124	194	161	82	74	260	69	108	218	385	108	125	175	89	134	159	207	159	115	157	119	120	108	140	64	383	77	162	242	113	156	89	179	221	285	149	146	52
chr1-31500001-32000000	180	151	138	132	131	122	112	125	208	115	150	184	202	97	182	97	109	52	187	134	50	93	136	172	345	91	104	141	111	108	116	121	83	68	265	139	126	127	99	111	121	255	76	83	196	137	156	164	162	378	93	110	48	83	125	220	102	150	89	155	154	143	301	162	101	50	134	45	118	224	102	148	51	83	122	80	121	82	259	163	130	47	63	175	55	240	91	131	107	122	124	77	110	98	77	100	101	105	156	102	153	139	180	314	101	184	157	137	143	195	100	76	370	347	134	225	222	81	52	167	128	112	162	108	131	201	160	100	60	141	95	163	155	266	87	131	125	85	232	384	290	111	118	112	166	42	70	125	166	268	256	85	75	100	115	192	248	149	143	66	192	79	82	64	97	96	87	293	159	117	258	187	63	158	185	242	105	176	170	106	88	232	84	101	92	147	81	128	172	181	119	109	156	109	235	95	395	241	163	131
chr1-32000001-32500000	40	118	161	140	136	128	67	78	102	182	103	145	109	165	136	88	128	102	124	94	70	182	105	108	134	59	122	114	120	75	192	121	56	77	161	135	80	102	108	119	84	132	80	39	102	103	243	245	136	188	64	126	45	76	55	157	137	146	162	185	119	272	173	119	82	131	142	79	72	107	71	142	169	136	104	56	102	192	121	183	274	153	97	111	163	277	82	179	143	254	167	111	221	126	106	93	81	144	180	247	170	80	141	288	243	186	228	208	406	198	57	70	280	248	175	65	250	115	164	243	78	97	89	182	226	67	186	36	81	68	79	61	118	233	62	143	111	212	172	136	276	89	104	63	152	97	187	188	125	504	139	39	117	74	203	176	184	116	58	50	91	151	133	99	150	77	175	215	73	93	394	287	56	135	207	196	158	176	179	193	90	194	107	115	64	171	200	124	245	271	89	154	173	142	252	143	149	235	239	119
chr1-32500001-33000000	110	102	138	174	118	113	79	98	118	156	152	219	264	132	131	62	170	79	66	129	48	27	150	147	182	92	125	120	140	71	89	180	31	175	131	59	217	161	71	146	150	407	88	78	85	172	172	119	122	259	81	174	100	58	103	147	147	84	91	88	189	283	207	134	78	41	234	59	86	171	110	185	163	112	75	53	170	127	221	233	204	103	95	81	92	197	109	187	66	220	106	110	94	58	152	181	72	89	143	140	116	111	152	227	137	118	191	154	317	158	43	69	204	197	237	70	219	126	112	236	132	116	154	92	288	116	96	74	164	96	83	86	121	192	101	132	90	105	126	267	199	145	142	187	217	49	101	151	157	328	194	105	47	80	53	259	183	90	255	53	86	199	88	201	130	79	76	295	105	107	351	236	121	228	180	256	78	148	136	242	69	183	92	173	169	103	109	170	230	64	86	240	143	106	154	130	298	189	165	41
chr1-33000001-33500000	135	239	227	170	150	119	147	95	153	74	85	180	132	86	129	56	155	46	84	138	107	154	98	94	183	58	110	124	116	133	111	165	107	74	156	157	97	51	278	183	142	253	60	163	145	125	227	80	134	272	55	185	91	106	92	257	146	44	122	358	220	377	338	159	128	62	121	60	118	137	129	286	182	226	117	50	214	99	72	103	90	94	109	103	74	313	121	237	115	240	150	177	257	142	117	123	116	110	147	209	211	157	163	237	143	119	234	128	261	123	45	89	371	192	133	88	253	60	84	132	239	88	112	111	265	119	249	118	130	136	133	144	139	82	68	223	176	90	133	92	191	134	96	112	119	70	110	164	180	93	185	85	110	80	119	181	243	77	179	53	77	179	106	85	142	91	50	523	55	91	165	315	62	113	111	219	83	132	194	109	132	175	94	125	165	221	101	223	190	116	113	181	88	162	169	198	230	236	104	98
chr1-33500001-34000000	109	172	82	152	91	97	128	95	189	143	83	197	132	96	60	36	102	84	134	87	81	222	86	117	226	103	119	50	172	119	184	152	84	103	122	102	110	83	95	174	92	189	77	104	231	138	261	148	205	268	112	76	110	114	56	78	78	88	104	127	140	346	159	195	159	79	148	85	82	153	128	306	247	173	123	185	77	117	154	70	160	102	90	126	84	565	111	161	56	169	151	107	153	78	85	93	121	98	129	229	164	198	245	182	70	129	303	179	73	147	63	112	303	246	190	104	222	87	87	256	102	92	81	80	117	140	269	40	132	121	192	101	174	190	90	111	112	106	210	207	234	200	67	117	106	84	30	103	166	143	168	114	91	119	141	81	248	109	144	99	66	139	148	98	89	127	46	218	144	143	203	324	143	89	210	246	56	193	223	200	80	125	114	86	154	116	173	159	220	171	134	104	73	94	161	132	315	227	144	58
chr1-34000001-34500000	157	91	119	136	143	72	141	112	238	217	145	177	111	73	96	75	102	68	53	118	47	142	38	169	273	118	179	167	157	89	70	107	101	169	236	91	95	197	81	279	127	183	93	125	139	111	237	215	181	294	110	108	60	140	100	149	129	70	96	161	101	240	182	103	134	67	197	73	142	137	73	103	137	106	136	41	149	114	188	191	226	138	119	89	259	267	151	211	65	216	129	126	77	104	120	50	62	120	130	388	119	137	178	164	123	47	184	311	97	156	73	116	250	145	130	209	203	93	128	193	173	133	162	143	181	83	145	56	111	143	109	84	147	43	104	163	139	174	298	132	131	141	179	142	98	73	68	80	141	184	91	95	218	78	114	167	140	102	123	58	86	79	166	152	337	103	88	344	80	159	280	329	72	119	145	336	127	161	346	194	143	166	71	139	89	179	130	133	95	128	60	173	144	81	155	189	128	293	63	101
chr1-34500001-35000000	134	248	76	128	102	172	147	100	149	185	152	165	340	143	101	41	161	98	114	65	72	168	56	180	110	81	268	97	141	145	147	279	53	145	152	118	117	109	120	168	200	272	163	120	260	114	170	295	123	281	75	109	122	104	105	181	178	100	107	236	122	260	173	220	102	70	93	75	117	109	129	241	141	152	85	39	262	128	169	106	175	52	141	88	74	249	186	195	129	196	111	163	97	153	83	133	78	100	256	247	209	69	147	249	108	82	251	188	274	175	66	85	132	254	111	125	271	157	52	162	173	76	139	103	180	175	228	85	184	71	101	145	65	106	51	141	152	223	379	129	227	157	128	168	178	128	178	129	192	287	199	94	107	56	194	157	272	131	76	89	80	79	98	153	191	78	132	377	87	127	225	375	53	166	159	240	102	106	124	222	117	126	171	121	134	107	151	197	135	129	233	292	160	130	98	80	197	159	125	155
chr1-35000001-35500000	167	233	151	163	83	136	121	123	94	193	245	180	290	86	153	55	94	104	92	92	96	111	107	115	225	115	196	153	63	109	136	159	81	176	143	123	80	108	113	91	186	248	80	94	153	162	169	267	164	298	158	116	26	184	92	258	153	73	72	174	151	173	299	248	70	47	80	58	80	145	145	224	148	118	130	96	90	183	179	150	223	187	79	68	200	483	107	293	104	182	110	91	114	58	129	197	81	104	142	171	92	146	212	143	135	132	170	101	317	194	85	71	174	121	143	150	236	49	86	135	216	196	77	182	245	118	185	89	84	77	127	126	85	200	115	126	96	105	200	154	157	89	119	150	150	114	119	170	113	448	173	120	105	108	191	119	171	113	145	73	66	98	204	175	165	104	52	322	51	140	297	353	72	89	150	362	72	130	241	107	56	135	130	112	127	126	137	219	141	132	115	155	144	254	170	158	374	235	139	82
chr1-35500001-36000000	309	82	125	86	71	113	156	151	175	112	153	116	182	86	138	121	129	173	74	121	42	139	152	127	159	95	169	66	111	84	84	163	81	64	158	151	93	120	109	225	116	271	81	189	225	220	142	110	182	268	117	148	52	103	92	125	201	93	132	98	223	272	225	206	64	130	173	107	105	144	106	296	156	113	42	64	137	121	97	67	263	164	40	79	163	266	138	161	176	267	56	103	111	133	90	118	111	145	88	198	57	174	170	162	149	152	136	133	201	94	46	131	265	278	92	126	194	72	129	127	147	149	107	184	200	142	96	94	115	123	129	127	155	173	105	216	124	198	109	80	163	114	145	138	238	81	165	234	192	355	306	122	166	84	167	236	151	116	125	94	122	100	40	98	212	75	74	146	103	135	220	375	148	124	203	236	121	198	171	180	88	235	82	130	103	238	129	198	388	255	162	115	176	153	162	135	231	196	298	114
chr1-36000001-36500000	159	156	120	137	120	154	52	99	196	109	144	239	337	114	154	131	178	77	91	109	43	214	133	78	270	95	213	184	156	117	107	168	29	125	87	106	96	82	145	132	138	198	57	118	117	116	170	238	190	214	99	256	32	51	78	153	127	87	91	140	186	317	305	340	89	74	138	83	42	97	154	223	148	147	88	73	58	181	388	125	165	126	185	144	141	239	119	241	95	145	183	235	145	93	223	109	63	146	204	278	209	132	178	173	64	92	197	160	414	215	103	132	322	299	113	55	159	125	117	200	144	157	183	150	231	61	174	116	143	104	151	191	123	156	96	294	84	196	198	266	248	176	72	180	138	100	122	85	119	357	238	107	150	103	146	167	204	74	229	114	108	90	170	107	125	93	98	309	160	86	349	250	66	87	95	224	117	142	126	234	55	159	72	135	91	171	155	130	346	173	159	120	218	163	106	139	373	250	126	78
chr1-36500001-37000000	147	221	123	117	84	79	135	118	174	164	176	167	334	175	172	75	157	90	57	120	47	105	94	158	226	63	104	114	138	100	144	143	81	160	160	124	112	81	96	110	103	151	76	133	77	210	118	201	123	184	94	70	39	56	125	189	83	103	119	238	214	334	259	220	73	82	78	42	103	93	79	129	134	93	143	52	130	171	152	80	316	96	155	64	124	312	57	109	92	217	129	159	154	82	146	153	103	90	111	254	118	130	111	224	167	95	165	152	202	135	47	137	237	200	125	145	201	89	182	113	157	119	150	145	111	131	211	61	101	79	83	135	131	198	107	116	94	95	171	101	356	125	153	125	200	95	163	236	155	342	357	100	100	107	66	130	265	101	86	68	85	77	129	47	146	40	141	370	108	67	128	246	72	87	263	199	101	156	185	267	140	83	77	164	89	91	90	100	262	261	173	139	89	120	102	133	221	231	91	172
chr1-37000001-37500000	166	104	164	167	127	145	63	92	187	65	143	144	309	86	84	81	159	94	73	68	67	121	47	156	262	82	217	195	83	172	172	272	85	66	91	163	59	125	189	185	231	178	105	121	179	90	110	103	146	211	98	141	56	120	119	142	141	101	178	244	138	222	295	86	119	39	178	155	142	127	60	216	189	224	83	92	90	83	126	138	231	125	58	145	129	325	116	413	129	80	158	149	88	92	112	145	74	54	269	246	134	149	188	241	186	194	156	219	397	144	34	96	216	266	109	117	189	86	89	118	81	134	105	124	261	115	110	106	134	60	168	165	124	278	83	124	133	57	218	220	156	103	205	149	104	138	140	70	135	351	271	124	133	135	161	103	310	82	170	62	175	103	102	123	95	48	68	252	163	110	234	359	136	180	199	304	180	176	218	276	97	94	61	141	145	127	88	136	331	104	117	164	186	138	78	161	214	335	75	153
chr1-37500001-38000000	120	269	166	127	53	75	72	214	93	184	111	186	207	231	152	107	221	60	86	85	32	169	86	106	90	76	184	85	215	118	63	160	90	102	173	99	84	165	103	235	133	184	76	47	124	164	170	173	124	199	94	136	53	93	132	267	171	57	68	301	213	201	224	155	168	51	99	58	151	234	75	229	174	133	94	62	102	73	112	206	95	163	76	154	81	226	146	155	62	352	172	146	149	166	149	87	109	101	49	134	114	143	91	226	145	78	116	136	144	117	52	87	200	198	165	151	123	107	142	209	104	102	79	163	177	132	69	61	124	94	69	57	179	186	64	61	107	113	197	202	128	135	140	136	118	117	59	165	259	131	223	120	102	66	121	93	192	94	53	61	71	53	132	56	99	62	73	109	108	168	151	117	98	153	123	103	53	139	154	199	57	211	103	193	100	97	214	169	286	75	213	59	101	127	165	87	176	102	65	146
chr1-38000001-38500000	185	151	150	284	159	109	98	122	260	196	133	118	263	101	152	54	205	80	102	81	47	88	128	99	125	56	83	83	100	64	77	64	37	118	165	82	83	80	173	236	189	382	81	64	96	103	149	193	138	269	136	152	109	40	98	117	156	35	114	168	198	291	234	317	110	162	104	68	178	91	101	164	137	125	120	63	155	210	88	167	183	170	63	138	86	210	112	198	121	122	133	174	219	83	176	128	120	83	157	217	169	103	152	290	108	94	286	159	119	225	45	108	279	201	153	90	147	56	99	193	115	93	239	200	212	154	137	120	111	69	69	182	128	119	91	124	156	80	206	192	207	104	88	92	184	129	71	106	74	161	184	111	91	129	148	71	289	148	83	84	67	204	169	138	189	68	124	222	68	79	179	173	115	105	70	305	86	95	196	158	89	100	101	76	146	130	146	89	218	123	193	68	211	109	195	52	191	341	114	43
chr1-38500001-39000000	144	199	134	236	139	98	133	137	231	123	133	82	162	219	108	50	184	80	84	119	58	185	128	157	127	85	141	146	156	78	34	147	58	105	149	118	47	132	31	224	159	355	87	56	102	33	150	69	176	172	146	98	24	79	147	186	139	57	79	218	184	356	174	169	268	91	125	53	154	138	92	135	200	117	133	39	124	89	141	190	204	87	42	87	143	432	95	209	78	256	221	105	84	151	62	133	83	68	156	234	202	75	88	406	139	113	152	116	118	132	87	127	305	197	173	85	115	76	69	236	98	85	153	202	304	207	99	74	105	123	134	108	144	157	48	79	159	185	231	121	82	79	75	101	165	91	80	170	162	244	185	79	141	44	119	92	298	108	98	33	116	80	167	161	136	41	132	413	137	129	219	208	116	89	287	194	56	113	143	86	29	103	75	203	45	116	87	131	106	189	97	58	209	121	91	73	204	210	180	122
chr1-39000001-39500000	224	170	206	98	133	61	86	93	172	144	213	171	135	90	114	57	158	100	58	99	111	171	96	73	146	67	180	92	111	37	77	168	71	61	126	99	62	134	137	178	219	291	88	111	98	243	188	107	126	285	73	108	63	65	114	134	153	40	164	180	206	190	389	96	73	61	122	55	66	107	41	98	104	160	43	50	124	80	168	96	207	114	55	109	176	155	78	200	54	175	224	139	185	51	130	177	126	93	114	217	117	93	74	210	125	135	117	107	134	110	57	139	296	169	79	187	128	72	113	158	181	101	76	169	128	105	152	62	92	68	97	43	145	103	59	79	113	71	179	251	257	127	74	78	57	63	106	339	52	219	172	113	106	62	126	97	247	76	69	49	103	155	76	78	112	51	71	128	44	53	151	219	125	73	108	145	66	224	130	107	123	205	88	212	148	67	120	182	290	65	156	96	143	128	164	75	350	185	94	76
chr1-39500001-40000000	165	214	131	160	92	49	127	179	94	144	114	92	194	65	74	44	274	50	96	112	78	87	75	85	88	104	210	138	151	77	46	168	86	98	142	82	173	168	123	162	130	219	103	83	103	128	174	98	179	256	104	162	59	97	84	206	115	72	166	148	236	373	239	88	108	99	53	40	145	133	52	173	154	177	66	31	132	123	145	230	95	166	34	92	190	334	105	158	99	132	113	108	99	65	105	81	105	74	142	152	151	130	71	149	142	159	140	74	81	107	82	57	209	278	107	70	189	29	162	159	212	118	140	93	319	124	88	70	148	144	123	96	158	198	58	185	96	103	247	146	184	171	177	64	184	115	109	120	128	218	425	99	105	70	139	118	187	101	106	61	93	115	185	100	64	41	141	296	112	113	108	244	48	133	181	151	26	94	67	178	118	150	149	158	113	132	167	163	206	148	46	22	218	119	176	162	307	233	146	104
chr1-40000001-40500000	225	178	261	200	151	64	77	114	120	111	136	91	153	128	113	63	118	78	87	143	129	208	79	97	140	24	266	54	74	145	68	74	75	68	110	132	90	156	98	173	121	245	67	76	124	150	84	99	238	252	59	202	127	89	91	88	160	46	107	74	128	239	183	102	102	63	154	66	100	145	39	193	88	133	98	62	109	127	154	138	92	101	44	111	106	204	124	180	52	190	159	87	154	116	124	137	78	85	122	216	145	124	160	214	94	114	126	82	92	80	99	89	367	167	130	140	135	75	60	109	188	81	119	192	135	39	140	95	32	106	96	103	87	223	66	101	63	95	193	145	163	142	252	112	163	92	129	111	144	163	262	165	141	58	146	76	242	105	61	63	114	100	148	88	155	67	85	243	54	37	140	158	75	102	205	507	41	106	164	108	57	84	61	185	197	137	58	121	186	82	140	89	75	84	185	112	381	254	75	91
chr1-40500001-41000000	134	193	125	127	63	23	19	119	122	134	140	34	140	134	98	84	157	50	134	107	67	172	132	39	51	47	149	92	174	114	23	45	69	99	81	107	81	100	135	127	122	232	90	13	49	71	68	83	254	282	97	149	99	82	51	135	89	19	77	162	152	369	329	208	88	52	64	80	112	154	101	210	116	129	87	53	139	108	203	137	41	168	40	118	152	388	131	226	37	142	200	157	162	163	132	172	53	107	172	227	91	169	41	194	168	70	115	174	131	122	54	95	316	264	134	80	72	39	182	157	60	131	234	145	152	123	48	103	34	46	94	96	105	162	32	28	97	110	74	131	178	141	52	31	110	97	126	231	151	129	160	84	128	100	72	70	306	109	39	69	100	106	157	71	162	29	173	163	91	132	75	144	151	170	142	236	56	146	129	186	39	151	102	150	133	142	176	64	316	88	200	52	253	90	187	41	221	265	33	92
chr1-41000001-41500000	99	139	168	211	136	39	38	68	245	152	98	37	113	77	173	100	165	96	79	168	118	143	136	42	78	82	122	108	135	159	56	58	101	123	131	61	44	96	103	80	68	189	81	35	33	149	66	99	179	232	117	62	184	99	65	213	142	35	87	153	176	252	209	158	57	191	37	71	145	91	99	209	160	120	99	38	90	158	180	227	94	85	31	161	106	401	101	113	49	87	137	75	95	121	107	173	49	61	116	312	72	113	68	387	143	101	56	204	52	181	33	141	128	229	194	88	76	20	61	206	105	194	129	129	164	163	47	103	36	105	160	108	214	109	22	51	54	161	189	141	269	139	129	58	163	97	101	211	105	106	251	75	122	118	54	46	227	134	37	77	80	167	83	109	89	19	81	220	124	81	82	31	122	94	147	177	29	92	153	131	53	201	87	163	105	220	113	323	99	122	126	56	110	151	130	27	335	139	100	81
chr1-41500001-42000000	209	193	68	79	96	62	39	114	141	131	127	59	180	99	92	92	155	133	73	110	67	216	148	30	55	99	268	103	142	201	51	66	68	86	136	57	149	73	82	223	99	341	52	26	63	179	76	71	95	183	117	123	63	121	66	254	117	22	121	104	148	267	145	189	93	118	88	106	93	135	101	138	161	179	121	36	69	72	194	178	67	125	31	103	68	218	113	60	55	130	114	191	174	102	101	77	72	44	127	211	203	152	45	189	117	216	97	151	57	151	98	80	196	202	102	128	72	21	85	223	252	58	108	97	154	132	33	91	52	164	98	78	163	135	28	77	90	168	162	199	140	264	55	46	112	123	90	147	157	37	281	127	106	59	88	38	130	102	39	107	117	164	146	103	88	29	59	326	104	84	123	157	81	68	204	228	36	202	203	111	45	83	41	152	119	123	106	195	142	207	129	47	79	80	159	61	274	179	34	86
chr1-42000001-42500000	252	259	127	194	94	0	0	157	202	70	145	67	200	136	146	88	72	100	124	80	44	192	117	25	122	76	152	177	64	62	0	0	89	63	64	123	93	108	132	261	113	236	84	47	0	86	54	0	89	213	152	123	111	62	77	111	124	0	143	177	243	205	316	180	44	105	63	48	92	96	67	157	162	129	54	18	144	149	149	102	0	97	35	110	55	242	76	190	0	286	184	66	192	110	113	204	98	89	115	249	143	163	0	212	167	138	0	312	0	117	69	48	167	235	146	207	0	0	127	218	119	196	182	188	472	154	0	55	0	67	47	104	84	73	0	41	79	132	183	268	162	163	181	65	145	79	78	190	142	47	206	113	148	125	118	0	203	136	29	117	145	69	92	93	122	0	127	395	84	119	43	0	132	201	219	291	0	200	187	171	0	83	65	120	119	93	101	130	152	195	200	0	108	157	128	0	188	358	0	69
chr1-42500001-43000000	68	198	144	132	86	0	0	114	91	157	91	40	136	87	179	88	84	99	89	52	75	166	121	64	117	69	198	85	166	134	0	0	165	111	207	82	88	122	95	170	172	197	67	37	0	194	105	0	178	208	91	223	83	86	86	102	161	0	99	103	135	307	325	199	74	81	47	67	83	140	97	160	129	179	62	13	133	101	211	158	0	131	94	104	79	338	132	241	0	239	189	143	185	152	50	75	108	141	123	287	122	91	0	156	238	116	0	203	0	48	69	139	136	317	75	162	0	0	77	152	200	202	109	175	243	60	0	49	0	86	92	135	160	147	0	43	151	133	214	272	217	156	89	34	125	90	87	144	123	114	253	85	121	117	75	0	284	83	21	91	150	52	151	107	96	0	122	323	205	171	81	0	131	183	120	244	0	148	111	191	0	101	162	126	147	231	225	225	214	146	163	0	177	104	136	0	261	149	0	59
chr1-43000001-43500000	126	225	173	92	108	0	0	87	221	106	196	35	119	84	151	47	195	41	112	132	73	214	177	38	83	105	120	125	146	108	0	0	60	157	127	93	162	47	151	228	114	296	98	29	0	161	34	0	180	208	135	121	69	98	95	112	156	0	109	161	187	405	109	181	145	58	47	46	124	67	81	319	251	94	135	19	66	72	109	220	0	138	38	135	150	167	103	230	0	123	193	134	109	134	92	96	130	95	134	276	139	163	0	144	105	141	0	268	0	138	58	40	275	141	125	187	0	0	200	121	131	97	123	141	141	212	0	64	0	49	156	122	159	177	0	40	84	116	180	79	212	106	142	58	191	79	104	89	123	72	253	63	135	131	169	0	95	124	36	71	102	102	67	89	150	0	14	273	113	132	87	0	102	98	85	257	0	186	103	158	0	151	71	127	186	185	116	164	214	116	91	0	105	110	169	0	145	103	0	253
chr1-43500001-44000000	165	164	81	193	134	43	37	57	130	108	240	40	202	131	123	92	173	59	41	15	77	131	67	49	65	67	117	109	100	105	35	65	106	116	233	159	76	125	106	109	83	213	101	24	47	173	67	65	210	248	103	144	52	100	90	107	139	37	116	94	189	155	248	195	165	134	29	67	91	88	60	230	133	156	97	15	82	163	204	245	43	81	22	89	93	367	146	122	29	248	171	120	107	125	154	140	101	120	84	222	85	240	39	180	211	112	42	225	75	105	45	82	250	172	164	185	64	17	112	150	106	189	119	180	344	121	64	103	37	127	55	154	164	178	25	49	106	165	203	144	208	160	119	74	187	108	84	168	156	73	180	63	87	70	140	75	116	118	52	33	103	81	178	132	128	6	53	279	147	71	83	109	60	63	167	263	37	109	283	184	48	111	107	255	92	194	117	96	219	134	86	24	213	83	176	48	422	270	26	83
chr1-44000001-44500000	314	273	168	180	196	36	37	128	192	181	168	44	133	96	182	130	231	111	95	119	70	294	72	50	95	76	130	145	209	129	39	33	108	42	108	137	76	139	113	85	153	220	92	41	73	188	65	85	171	166	153	92	57	67	132	134	150	16	142	153	196	310	235	104	138	31	83	52	104	81	99	332	188	119	117	25	162	122	104	144	62	134	38	177	130	319	71	193	37	219	155	128	89	135	204	135	58	99	164	128	118	129	55	184	47	89	52	190	45	144	97	137	287	200	127	120	77	31	71	134	140	111	171	88	90	100	48	50	46	106	94	127	103	405	34	36	136	120	121	216	290	108	142	61	120	102	106	142	84	59	236	131	140	88	98	49	142	129	30	53	95	59	92	122	141	16	79	345	143	118	106	111	113	91	181	244	47	108	217	196	41	113	116	127	112	96	120	113	171	241	132	56	80	108	185	61	350	207	31	138
chr1-44500001-45000000	107	142	66	220	165	62	33	89	81	106	68	45	204	105	87	65	127	104	79	92	53	174	123	54	79	116	161	184	66	138	64	68	56	65	71	143	100	143	66	116	169	163	101	47	62	171	78	99	101	206	73	97	48	69	108	169	103	42	174	150	209	224	202	112	77	92	72	90	90	118	91	140	118	166	57	29	160	137	332	251	69	131	35	166	182	238	92	204	25	287	197	138	170	95	71	151	105	77	145	185	140	83	31	241	87	104	47	176	77	136	52	113	323	254	137	170	77	36	92	126	96	140	76	134	186	188	48	53	62	138	141	107	121	287	29	37	121	154	224	165	254	137	30	20	256	121	94	169	317	49	131	86	87	121	55	105	264	132	52	42	60	96	143	135	118	21	57	508	116	80	108	72	124	173	107	195	35	144	132	256	27	184	82	125	153	223	97	178	232	109	124	53	111	148	206	57	219	257	69	129
chr1-45000001-45500000	148	212	139	179	78	24	89	30	125	132	120	137	131	109	132	83	136	60	137	79	32	152	124	103	135	102	294	82	162	102	137	60	68	91	145	113	65	140	174	127	201	129	92	60	91	196	85	74	201	165	100	138	65	118	57	257	209	117	97	190	197	120	207	155	106	76	60	138	147	81	126	176	104	187	120	38	123	86	96	112	129	118	89	105	170	394	86	229	64	160	112	138	185	81	156	109	89	90	139	153	174	100	118	218	141	127	45	181	164	245	52	100	153	283	109	88	121	85	121	178	103	120	174	116	154	231	214	114	89	99	105	140	45	212	71	107	101	121	219	153	359	110	75	67	72	128	58	149	268	258	90	98	114	61	90	62	202	111	68	94	114	59	105	189	128	51	92	319	46	56	127	144	63	94	135	200	87	164	153	173	62	50	66	148	159	69	216	139	132	89	149	125	108	135	103	139	176	174	65	97
chr1-45500001-46000000	229	194	175	147	123	43	73	82	151	79	123	108	222	129	128	69	203	73	64	57	31	220	98	59	142	129	264	89	165	112	88	104	56	129	182	130	81	70	108	144	124	213	73	41	186	201	199	122	107	228	110	116	89	57	116	143	239	50	134	146	105	236	312	185	118	79	93	69	159	87	48	208	181	150	77	44	154	141	197	182	143	140	119	143	108	193	57	264	59	122	111	134	168	51	120	164	80	123	84	226	80	126	90	84	124	104	86	134	102	163	90	86	85	283	214	129	161	63	119	118	149	99	106	232	172	102	149	83	62	70	164	147	94	161	42	78	100	145	222	205	152	53	138	141	96	76	150	142	86	154	380	86	161	86	96	138	142	170	115	55	93	69	89	202	86	60	97	253	85	138	154	261	129	100	216	292	85	136	151	99	150	150	88	204	105	196	96	168	173	228	158	39	318	85	92	116	231	271	148	154
chr1-46000001-46500000	179	243	113	335	137	93	73	55	85	112	70	95	153	83	100	76	220	79	50	89	49	234	169	132	117	100	161	137	126	111	137	84	62	78	113	125	56	68	100	111	150	206	75	50	37	137	91	64	75	238	119	86	46	88	104	76	110	69	85	152	224	179	289	149	69	94	87	88	187	88	109	124	122	117	106	99	142	192	157	124	144	136	51	82	109	425	96	128	68	220	162	210	182	114	101	156	69	117	193	244	140	98	101	180	273	109	157	215	252	122	38	141	156	238	115	221	111	43	142	246	166	124	114	188	208	79	136	118	106	97	97	122	176	312	91	89	77	226	212	174	242	132	84	55	173	112	81	171	162	212	268	103	127	109	145	189	316	240	51	67	69	95	145	68	79	91	94	123	84	154	135	187	184	184	232	231	52	188	279	172	60	115	56	116	128	162	109	118	220	114	179	92	83	59	94	127	304	140	57	117
chr1-46500001-47000000	82	187	108	184	119	108	73	72	132	101	103	106	239	123	138	84	108	95	61	93	77	170	126	69	115	113	225	49	100	109	129	77	78	97	197	145	93	142	131	112	147	307	168	81	120	67	128	84	178	334	115	129	26	81	92	216	172	37	80	273	184	248	237	156	73	74	57	47	152	76	89	160	158	131	96	64	66	190	143	156	232	100	80	91	118	257	98	137	78	137	225	142	105	144	176	77	166	81	166	105	154	107	80	195	175	131	248	175	287	133	56	63	257	281	167	123	105	47	119	103	140	132	116	204	185	76	87	32	63	109	82	105	80	230	64	60	175	152	267	128	234	88	62	61	104	82	109	89	112	140	167	137	154	79	98	55	144	106	77	94	92	116	122	75	68	82	102	455	57	69	244	286	124	119	214	242	62	114	202	222	41	127	67	129	152	145	116	379	204	156	121	124	200	135	168	96	249	263	106	105
chr1-47000001-47500000	46	206	79	124	217	52	43	84	190	110	195	50	86	108	199	68	225	65	92	71	70	156	75	114	171	36	87	99	115	135	81	79	94	62	136	139	147	96	178	57	115	208	97	88	110	144	132	83	127	234	105	57	58	102	109	132	230	42	77	139	149	297	228	206	144	78	84	46	61	121	71	146	118	128	161	32	108	254	169	95	159	127	53	80	136	369	109	144	101	209	197	153	84	106	57	148	143	115	140	191	163	184	103	170	144	154	208	140	203	181	34	98	249	231	133	80	136	62	107	145	143	164	134	179	318	105	85	41	232	143	104	92	130	76	53	112	99	117	118	200	281	170	108	105	123	116	89	210	59	160	169	76	83	119	144	95	120	78	41	67	77	45	138	84	216	44	78	238	101	73	156	206	79	113	111	98	77	112	166	124	72	192	130	159	114	109	166	196	139	156	106	115	132	205	146	87	119	126	99	138
chr1-47500001-48000000	152	98	104	152	147	109	44	167	211	196	79	119	206	98	173	77	138	74	93	69	72	86	94	120	151	133	209	60	92	144	52	119	74	101	207	52	92	59	123	207	112	244	116	79	100	122	134	86	153	143	63	192	55	98	93	117	180	58	76	154	213	129	245	169	70	67	117	52	144	138	71	219	120	152	77	38	153	154	169	123	85	115	24	134	187	279	70	242	62	248	94	74	175	74	93	79	68	50	152	237	160	175	165	244	116	155	165	127	75	157	41	85	135	212	85	122	122	42	66	220	134	130	124	163	131	181	118	50	149	141	74	131	170	221	103	98	82	133	163	114	368	76	91	110	302	88	84	167	104	215	296	136	60	115	160	192	206	87	54	63	122	150	96	113	134	61	87	154	111	46	166	64	129	120	156	342	45	115	276	150	68	177	64	85	140	158	99	223	212	143	115	100	109	56	94	121	330	93	85	126
chr1-48000001-48500000	158	95	80	234	106	74	83	88	139	113	111	100	120	128	136	118	133	85	135	69	96	129	144	84	143	103	158	138	78	157	94	99	52	155	164	154	65	133	93	199	151	212	144	57	92	191	134	77	161	142	68	158	66	137	119	118	145	97	80	214	237	219	265	172	78	67	105	75	131	186	52	98	74	194	82	53	202	144	148	84	56	102	25	85	175	98	89	230	63	217	94	211	130	143	111	136	92	45	182	289	173	82	90	148	122	162	92	148	122	206	55	103	266	185	125	61	182	85	83	222	104	109	132	224	189	90	88	47	136	67	88	101	129	218	50	101	157	94	169	108	119	93	147	79	133	142	74	84	88	96	310	62	136	146	131	48	117	115	121	95	70	150	85	112	150	65	218	179	118	81	120	169	70	85	91	140	76	101	127	183	79	122	179	236	74	165	118	137	271	145	226	93	114	86	97	76	231	280	192	119
chr1-48500001-49000000	131	158	143	171	134	59	114	111	109	193	130	134	123	90	190	103	82	86	50	71	63	146	88	124	110	61	214	113	112	107	68	111	79	85	125	101	145	101	68	156	141	268	135	73	80	195	157	83	147	347	167	119	88	71	31	184	138	42	79	175	174	112	366	216	27	74	58	106	116	82	71	161	167	98	100	28	124	173	177	225	132	132	66	77	140	161	94	116	83	209	167	125	94	162	108	127	97	66	183	223	104	153	117	101	267	88	25	162	176	148	41	84	178	115	199	150	164	76	119	81	101	139	97	125	162	171	125	161	87	82	172	103	192	225	32	107	183	74	180	192	166	154	156	88	148	92	148	159	111	146	225	144	85	218	90	95	181	109	52	75	92	100	183	130	90	47	62	375	145	189	133	292	110	68	162	132	108	134	307	140	107	86	61	89	199	104	72	278	192	197	186	72	125	125	272	91	220	144	141	112
chr1-49000001-49500000	132	190	110	172	94	61	77	85	233	102	159	104	272	151	170	77	80	155	62	131	72	480	96	47	101	66	256	77	183	169	128	234	85	74	155	54	85	116	186	152	73	196	104	62	69	179	84	83	89	164	76	112	32	64	60	260	109	44	107	136	169	220	147	232	62	118	86	96	163	63	82	68	135	138	109	57	98	66	142	124	153	116	80	24	108	254	97	212	86	214	152	90	105	54	90	184	89	47	244	129	64	146	158	185	237	159	129	153	80	67	52	158	174	178	177	119	166	107	122	99	91	125	83	147	171	148	135	48	50	183	70	68	98	219	67	64	125	96	77	90	242	81	67	83	237	107	125	107	136	161	319	88	101	106	141	60	219	154	118	66	109	108	129	116	155	68	145	191	77	87	136	184	162	104	181	329	56	109	198	81	58	109	80	149	161	168	96	176	140	78	121	72	162	317	141	73	321	177	114	123
chr1-49500001-50000000	156	239	119	100	114	112	114	165	110	94	189	136	84	124	79	101	196	127	103	54	78	147	68	123	163	88	250	137	131	169	75	85	87	108	172	126	76	83	158	165	113	224	89	56	83	124	114	82	93	189	112	96	111	83	92	119	168	82	74	100	140	267	163	219	64	64	73	40	123	161	94	117	89	131	103	29	122	166	121	175	207	200	96	110	82	254	66	142	67	164	88	95	96	147	164	159	147	84	123	270	237	195	37	227	67	104	87	123	92	110	71	106	241	129	123	161	251	59	150	193	130	73	98	123	265	147	57	92	121	201	78	86	84	172	46	105	130	115	193	173	159	136	61	74	185	189	117	165	295	203	350	149	137	53	150	72	298	145	107	85	112	98	164	155	106	54	143	157	61	99	197	199	68	109	121	229	70	128	160	127	81	94	127	119	165	102	120	200	205	100	135	96	181	66	155	86	120	310	65	62
chr1-50000001-50500000	112	336	105	176	82	89	53	116	163	155	129	105	176	134	81	184	120	32	128	123	91	131	179	129	129	114	161	106	365	137	99	106	48	72	185	127	109	108	99	215	78	182	69	78	55	176	109	115	186	142	72	83	78	200	66	121	122	37	82	140	169	285	228	194	138	80	103	91	142	168	101	425	146	125	108	65	87	177	255	170	163	109	83	127	108	262	85	127	62	232	151	138	177	122	78	152	169	47	130	230	164	77	151	148	139	72	182	126	113	127	139	235	135	298	195	98	160	77	180	155	158	154	61	212	201	109	137	53	122	138	74	152	119	201	33	73	128	82	125	164	133	117	171	102	197	145	89	106	109	127	134	144	147	93	118	107	146	73	52	89	111	103	73	125	226	25	95	225	107	51	133	194	154	245	182	100	69	65	127	107	74	148	71	79	151	109	124	194	131	150	88	145	187	124	188	80	168	225	68	99
chr1-50500001-51000000	146	246	92	126	139	104	58	153	199	96	104	144	124	181	120	64	169	39	96	68	52	176	227	86	99	66	149	119	148	112	76	104	129	91	138	162	77	40	54	167	179	191	35	120	104	108	164	127	98	267	126	144	92	41	85	158	139	37	97	70	170	275	240	115	109	76	154	85	55	103	59	170	110	110	92	26	146	71	111	141	94	111	66	86	155	251	153	72	37	225	99	90	102	143	78	112	92	147	104	318	265	126	128	274	199	193	88	244	197	122	24	186	166	141	66	173	129	44	97	202	84	64	165	161	173	101	80	110	39	184	89	130	247	101	45	129	126	123	274	141	217	173	116	113	87	142	83	219	162	197	470	157	125	124	138	117	179	178	58	92	84	98	166	146	174	58	119	149	111	184	182	230	71	210	118	134	75	165	208	85	129	83	77	117	230	231	151	152	114	126	193	97	121	70	187	75	199	254	81	158
chr1-51000001-51500000	69	232	123	202	74	71	63	64	240	108	250	131	182	173	111	43	122	142	114	65	42	189	104	126	176	59	171	99	103	87	76	88	102	138	104	79	78	139	179	202	161	203	143	73	130	87	96	49	103	232	75	92	68	63	226	188	153	61	90	134	154	416	238	216	143	50	136	93	100	42	174	170	163	85	167	83	94	162	102	118	115	189	53	63	193	297	100	126	107	196	135	96	198	149	132	123	58	122	98	185	99	219	178	170	103	209	132	144	186	142	37	107	196	185	156	157	126	71	171	211	170	123	164	145	104	171	123	38	103	130	76	122	89	213	67	123	139	155	320	181	208	116	96	84	174	59	66	201	97	218	368	143	148	80	87	108	157	181	85	46	83	151	102	91	89	61	161	358	84	61	219	197	116	99	259	372	58	103	162	80	53	126	103	170	182	105	164	101	242	120	114	147	167	182	75	63	237	176	83	126
chr1-51500001-52000000	58	157	158	170	171	85	67	96	155	108	119	85	155	93	77	199	167	93	66	103	82	245	164	54	156	59	150	68	92	67	112	155	85	160	89	141	90	78	121	126	111	237	74	76	152	72	159	93	215	120	62	81	89	101	99	128	88	46	81	123	144	219	172	101	212	81	57	55	117	121	105	256	178	144	94	64	191	119	174	147	143	106	79	85	107	438	73	154	28	116	119	159	132	155	139	130	55	41	95	103	115	104	134	104	186	167	133	195	145	84	70	106	177	123	162	80	145	78	95	339	78	105	125	85	156	108	131	44	82	50	162	70	134	167	57	115	143	149	140	154	218	74	136	54	221	91	117	87	210	159	274	53	105	112	105	120	303	109	66	123	116	98	82	115	123	51	91	347	32	70	157	230	158	111	160	162	94	201	141	168	101	107	53	156	157	228	95	160	154	156	67	124	286	102	203	121	97	187	169	77
chr1-52000001-52500000	78	160	138	100	105	70	102	141	158	102	97	155	190	94	97	79	201	51	35	70	78	108	210	119	167	59	262	84	97	56	66	118	44	114	85	58	80	101	143	154	162	204	75	70	161	172	82	127	154	147	87	141	92	35	136	240	177	53	194	137	198	229	199	206	98	93	107	82	82	149	87	130	169	135	100	86	94	140	133	124	167	124	49	183	105	233	82	115	44	141	131	256	251	119	139	138	82	86	186	303	151	101	99	229	170	163	138	107	103	128	48	59	137	167	148	80	89	42	110	198	172	126	114	172	150	155	113	101	82	73	36	100	294	183	45	75	196	161	206	130	242	135	175	91	270	93	104	158	109	150	213	152	104	163	151	150	196	134	19	77	34	114	117	85	181	59	84	305	95	75	168	299	123	125	136	178	61	160	211	182	133	94	54	121	135	276	127	223	228	228	143	103	186	243	88	62	424	202	88	64
chr1-52500001-53000000	184	188	124	213	147	80	93	98	228	98	126	68	99	116	272	56	135	94	59	94	80	175	101	66	174	48	158	119	91	88	99	110	58	113	105	155	60	151	87	139	170	355	61	74	37	104	171	178	132	113	166	192	39	77	69	203	128	36	116	91	115	246	180	91	83	103	61	66	76	129	132	154	96	143	76	50	35	190	153	157	146	173	61	109	199	177	148	71	73	185	304	124	93	76	84	111	52	79	152	224	148	70	131	131	219	192	110	151	206	272	51	142	271	204	134	168	188	101	134	200	187	118	135	125	254	100	57	26	131	147	134	104	116	165	73	107	192	146	133	139	178	181	81	69	130	129	97	140	78	196	307	97	114	44	81	104	306	108	146	97	73	77	164	124	210	46	85	180	119	49	134	122	43	117	168	236	73	101	206	92	56	63	67	141	116	214	97	144	134	97	217	125	200	78	176	91	382	257	109	171
chr1-53000001-53500000	110	151	141	177	86	59	78	99	108	114	137	113	206	160	257	86	215	72	64	110	92	101	78	103	134	56	249	94	212	113	80	153	33	152	78	104	74	49	133	159	136	271	54	80	75	161	116	96	151	258	81	107	61	84	85	195	126	43	86	106	226	253	227	108	126	83	60	86	166	112	100	99	123	165	95	66	103	88	110	235	169	126	52	123	131	237	97	191	103	187	149	167	116	116	148	104	78	76	161	245	111	269	134	208	95	107	90	200	154	152	54	89	192	117	124	162	175	81	119	106	77	86	145	300	226	114	88	122	121	98	164	75	137	206	38	103	180	136	243	176	126	145	36	114	197	72	93	142	121	312	157	99	137	49	84	80	129	84	76	67	127	193	73	90	130	75	123	376	110	109	242	213	68	206	153	283	68	104	148	88	53	109	124	117	99	226	169	212	145	187	163	121	147	81	140	54	197	288	140	105
chr1-53500001-54000000	138	248	188	170	82	68	81	69	191	71	192	109	53	127	219	74	127	99	63	148	54	129	110	124	156	57	77	102	162	101	77	181	157	66	246	149	71	138	113	204	132	293	87	39	89	197	169	65	121	268	158	216	120	49	86	213	85	102	152	161	165	201	120	97	62	74	107	51	101	134	83	140	215	94	74	63	106	63	158	172	148	84	71	51	46	377	51	190	62	165	255	92	128	165	97	140	70	115	264	159	138	39	99	233	148	134	151	235	172	168	54	70	131	248	120	156	174	61	94	239	131	117	262	151	234	260	103	95	159	113	174	95	124	175	70	58	189	103	193	211	204	204	194	160	213	164	59	136	106	250	495	87	120	75	110	69	242	189	68	86	153	107	145	148	104	30	132	155	168	121	220	312	84	102	147	159	73	168	247	84	142	102	75	147	165	163	189	274	350	75	240	70	118	243	197	82	99	242	103	99
chr1-54000001-54500000	100	231	183	195	121	42	94	116	169	142	178	149	110	93	121	92	108	113	178	164	72	159	50	73	225	71	171	61	83	153	91	141	66	153	139	105	95	105	70	71	257	203	77	92	133	154	145	122	177	151	58	151	45	104	64	252	85	103	147	224	209	303	283	200	92	37	86	87	55	60	124	351	123	157	140	43	91	121	232	161	145	98	53	145	95	261	140	311	76	158	145	115	163	116	96	104	72	104	198	192	104	66	141	296	140	108	179	154	144	92	63	129	141	208	79	57	190	77	72	117	135	92	140	159	97	74	89	111	33	91	145	159	139	176	59	94	102	103	151	90	268	154	55	99	74	79	102	218	130	203	126	94	115	66	150	103	165	115	85	46	62	106	59	150	103	27	105	177	165	109	212	201	84	123	135	110	88	173	299	102	45	141	84	136	130	139	85	158	187	164	173	84	131	173	120	84	347	328	79	90
chr1-54500001-55000000	96	175	145	112	133	67	67	88	105	98	88	44	163	44	159	79	139	58	128	45	51	105	89	66	111	72	114	155	215	108	48	150	72	127	152	99	115	103	193	110	213	152	158	59	72	151	240	74	205	213	67	124	81	105	71	159	75	74	115	143	274	166	150	292	128	29	180	57	105	275	90	226	183	103	129	65	108	162	189	147	238	130	56	93	150	136	158	190	53	202	95	111	115	173	96	114	99	89	171	166	169	144	116	154	150	98	259	145	190	150	47	83	200	215	126	129	243	55	141	156	157	97	173	97	251	81	95	64	104	184	107	128	134	189	35	120	88	160	114	223	219	68	126	133	193	109	92	174	181	157	291	122	111	115	97	163	245	56	66	64	73	152	99	134	181	50	87	207	82	49	200	257	130	96	228	257	85	148	223	114	55	69	112	114	97	143	112	146	332	176	106	65	120	135	225	87	313	128	65	168
chr1-55000001-55500000	107	291	152	296	45	88	42	147	171	141	103	120	179	107	184	149	200	70	78	104	34	265	136	75	167	54	238	113	88	120	100	124	96	160	210	107	91	92	121	149	160	225	45	131	55	178	42	145	142	269	62	78	81	82	122	167	85	63	33	191	181	249	264	282	76	68	168	36	92	80	135	163	140	102	107	56	99	94	172	134	116	109	89	127	113	243	52	233	58	233	108	81	133	157	150	76	105	93	111	235	155	158	111	302	148	87	82	203	184	151	54	72	279	410	61	139	97	146	98	197	160	168	186	120	143	117	143	131	50	86	144	98	153	91	75	114	92	111	248	173	155	104	122	76	131	138	127	122	106	148	218	155	123	80	152	91	202	133	112	59	109	120	167	145	153	94	110	234	77	131	146	285	58	129	155	223	63	172	211	183	56	73	89	120	204	66	129	230	207	134	110	91	81	75	155	63	247	158	129	157
chr1-55500001-56000000	180	305	181	188	196	83	124	61	159	160	118	90	153	103	206	65	194	70	153	88	33	202	115	106	72	158	111	118	92	54	57	126	77	109	161	42	63	150	84	83	183	177	135	88	61	97	164	97	111	332	103	73	69	57	92	344	99	74	62	109	299	119	118	86	97	111	78	93	116	128	110	228	125	133	88	97	167	130	113	95	236	89	67	90	140	288	105	150	96	63	96	112	168	136	103	206	94	141	163	234	204	124	103	142	108	130	95	145	138	169	113	86	246	247	137	139	169	44	72	102	131	96	213	183	190	139	115	69	64	126	111	112	111	294	46	63	97	153	304	121	240	126	166	80	181	128	57	119	222	179	114	101	116	133	104	129	230	63	52	147	80	95	126	84	112	87	98	336	110	133	148	130	129	205	119	347	44	170	180	162	32	127	63	200	228	287	155	228	338	130	163	62	153	102	128	89	398	259	154	146
chr1-56000001-56500000	150	92	88	111	100	95	115	102	97	74	170	200	253	173	151	61	103	126	55	91	115	201	150	81	133	69	160	71	65	104	80	188	144	130	163	68	75	72	88	164	154	278	90	81	81	99	256	114	279	218	133	75	77	143	82	83	151	93	112	146	208	378	150	106	195	80	118	50	126	129	40	245	179	117	96	54	184	165	85	190	170	123	75	104	92	193	118	210	72	222	169	91	119	67	148	69	93	156	159	298	124	136	124	193	114	150	67	113	253	105	74	64	371	114	173	119	100	76	118	185	132	138	141	179	172	149	198	45	132	62	84	185	136	168	48	157	130	234	409	116	317	171	106	80	71	117	212	176	63	142	256	173	134	46	144	55	194	158	49	45	79	181	171	108	115	85	97	237	36	132	124	156	98	183	98	224	73	204	83	124	99	87	88	232	203	134	120	150	284	158	89	89	119	70	191	71	312	190	120	108
chr1-56500001-57000000	70	169	181	108	147	158	64	89	124	93	211	52	149	131	107	47	102	79	190	99	64	125	102	60	92	132	170	122	96	86	87	157	74	160	128	84	38	110	124	201	117	192	73	61	122	84	93	127	198	306	120	103	87	101	199	271	160	52	74	121	185	248	335	166	199	81	96	97	114	99	89	153	139	113	80	51	161	159	191	104	171	78	40	92	204	297	150	91	56	94	139	87	162	214	134	116	87	162	248	426	284	162	81	92	121	111	207	193	77	76	108	99	157	216	99	167	206	27	121	186	199	199	133	121	136	124	105	99	139	142	87	146	105	228	53	104	170	194	201	143	193	173	84	94	141	75	111	147	97	180	122	107	210	38	136	155	259	51	88	32	97	180	180	99	74	39	108	273	152	92	175	207	79	79	268	197	87	62	81	237	72	92	118	100	127	219	100	165	172	65	57	139	86	153	159	88	223	236	179	83
chr1-57000001-57500000	62	164	104	237	112	87	60	120	196	113	187	91	142	109	171	90	130	86	41	86	70	168	79	36	129	76	158	131	210	35	78	226	54	84	130	102	104	89	142	135	157	226	82	45	62	123	194	129	162	59	72	146	58	79	43	316	101	36	126	143	225	246	372	74	141	140	86	24	123	90	138	224	188	218	110	70	72	92	119	190	88	233	41	131	129	224	83	140	59	189	182	121	156	77	135	132	123	107	205	160	144	210	116	268	122	103	108	164	163	172	59	119	230	311	201	165	139	81	82	75	81	105	147	155	210	114	147	66	59	81	127	105	90	283	50	53	117	145	134	260	117	281	102	67	222	37	124	162	162	177	308	68	192	107	71	119	333	145	75	46	74	105	140	134	156	55	86	268	108	71	183	276	120	151	151	229	39	97	141	165	130	139	96	104	103	197	67	235	180	111	128	114	219	203	137	117	177	327	99	125
chr1-57500001-58000000	202	160	221	155	141	78	59	48	159	120	195	107	174	69	101	57	186	94	81	95	95	145	56	139	221	53	98	108	140	130	79	63	108	80	114	136	142	117	65	211	42	266	75	66	44	65	148	116	135	253	120	43	60	54	72	252	166	88	109	174	220	307	132	150	92	69	130	186	101	128	105	398	115	163	135	34	161	49	235	135	121	70	77	87	70	253	99	174	33	134	345	114	156	176	187	125	71	93	117	259	87	89	58	169	85	135	80	152	196	120	53	106	255	213	142	146	151	44	96	117	189	63	121	141	164	156	52	42	157	73	103	65	167	144	48	110	186	179	169	179	253	145	126	67	117	124	174	177	168	327	184	85	150	58	131	92	145	111	63	61	94	66	127	126	111	69	92	161	166	78	170	205	114	168	183	278	86	101	110	170	108	167	147	98	110	176	67	147	183	138	235	84	182	50	129	127	202	356	60	99
chr1-58000001-58500000	175	182	123	111	137	104	142	155	100	124	65	136	196	113	174	83	341	68	79	81	80	129	95	95	69	48	120	126	67	150	115	139	120	202	93	118	60	140	110	127	181	108	94	38	134	103	183	144	138	291	110	95	98	91	104	77	147	72	100	177	121	227	254	180	48	56	82	81	111	140	131	230	67	84	65	45	90	88	210	92	245	90	68	77	100	272	114	165	58	107	187	231	163	54	82	53	154	128	151	287	194	105	183	250	144	207	66	178	86	101	79	51	296	258	112	108	236	74	137	171	177	219	140	140	234	168	90	40	111	103	104	111	179	259	41	88	123	181	171	216	248	98	90	107	132	144	66	159	141	218	263	101	65	92	119	133	127	94	125	26	144	111	89	94	89	42	94	118	95	94	199	268	101	108	187	306	82	116	293	121	55	139	140	127	118	131	225	108	184	154	225	77	72	158	175	30	454	288	102	79
chr1-58500001-59000000	99	107	127	85	104	80	81	79	199	95	108	99	203	133	197	127	56	51	72	65	79	141	75	74	209	147	107	85	140	158	78	89	75	43	99	113	73	95	131	218	232	171	88	80	90	128	59	51	152	207	86	167	62	74	68	123	78	90	87	154	152	176	69	141	133	51	105	124	54	147	97	141	169	81	100	45	110	209	232	165	104	105	52	97	169	368	84	167	66	101	245	174	106	162	75	150	50	148	208	240	188	88	130	256	239	103	192	110	101	83	98	108	266	103	111	85	157	59	89	389	104	243	204	223	273	216	89	43	97	85	78	100	60	119	118	63	118	148	217	164	178	105	129	48	225	77	108	160	151	211	159	75	149	55	130	43	187	171	93	60	94	75	64	170	98	57	124	306	87	148	50	181	49	157	257	287	90	84	81	153	136	119	109	91	100	157	140	206	324	235	115	123	163	62	97	67	300	192	64	111
chr1-59000001-59500000	164	174	108	139	123	63	128	95	153	57	66	164	126	149	120	250	132	101	92	70	63	130	74	49	116	96	184	61	196	119	104	108	106	84	113	58	64	71	114	99	80	265	99	64	88	189	105	109	144	232	134	90	99	121	89	155	234	68	84	179	95	301	230	193	94	80	110	61	51	133	106	208	210	116	55	45	159	179	72	182	147	58	76	88	83	342	78	160	54	223	114	144	145	99	76	157	52	127	207	212	94	174	103	230	242	174	141	202	170	136	34	105	130	190	142	211	121	121	197	233	76	120	200	180	125	96	92	67	88	90	102	115	207	127	51	86	89	105	172	196	105	48	128	52	146	127	98	122	102	451	261	74	140	60	72	148	238	72	55	98	40	67	87	144	129	131	100	255	103	67	156	177	129	55	259	178	74	172	233	166	41	227	110	168	199	82	137	78	149	193	130	78	161	85	175	85	245	133	66	91
chr1-59500001-60000000	99	202	135	83	63	92	111	86	195	78	160	141	170	105	265	152	87	67	53	128	53	228	181	72	141	80	158	138	239	161	67	106	55	117	142	138	77	89	88	181	110	349	102	93	111	90	163	72	134	184	109	97	61	106	62	193	39	78	175	277	139	233	170	148	177	40	101	57	178	69	82	129	172	124	150	55	127	127	203	101	119	119	49	71	102	281	101	325	158	222	162	83	155	130	171	100	71	90	124	128	127	117	38	217	187	112	83	173	125	192	57	99	289	401	155	89	168	64	96	142	137	192	148	157	156	156	166	58	75	72	63	154	91	149	66	85	190	141	138	203	153	221	106	87	177	170	98	95	152	209	356	117	110	117	158	72	98	112	86	114	150	142	163	97	132	50	117	258	63	87	200	201	94	162	177	223	146	91	205	100	100	85	71	169	171	162	131	152	199	151	198	101	148	200	166	61	241	200	118	118
chr1-60000001-60500000	111	206	109	113	128	112	102	112	148	137	118	116	198	75	231	63	132	80	123	143	91	123	58	148	97	99	251	130	141	82	39	128	87	56	197	210	109	67	133	212	142	259	111	72	63	195	151	45	96	222	137	85	38	130	92	264	97	73	73	175	151	180	278	250	92	49	130	94	128	149	51	232	94	96	109	75	119	161	106	187	167	255	94	88	90	251	229	148	51	141	291	116	164	119	83	104	81	125	158	215	200	123	191	146	153	104	133	175	139	133	122	94	322	293	122	130	187	120	130	141	256	196	96	142	156	149	173	83	119	163	79	68	101	248	55	101	62	80	146	142	104	208	96	95	157	103	146	201	148	224	261	57	126	101	118	61	210	71	89	96	128	76	150	88	103	9	67	243	57	153	108	202	123	78	162	237	61	74	182	196	122	146	98	121	206	55	105	201	196	123	269	125	103	112	164	74	274	221	69	166
chr1-60500001-61000000	106	199	118	114	61	37	56	92	137	88	183	81	256	82	105	98	102	80	144	115	91	210	92	97	143	120	283	114	134	118	69	117	123	73	144	99	100	51	87	138	78	225	70	55	84	238	189	79	147	306	51	168	48	81	148	279	116	33	106	75	167	158	269	103	224	55	142	66	124	65	119	310	151	144	79	24	112	225	163	104	61	94	116	154	89	305	115	92	59	159	120	132	97	58	56	63	44	86	196	73	98	100	92	132	84	155	85	168	123	167	56	107	405	216	148	107	73	124	124	189	130	263	149	147	369	159	141	82	69	145	56	166	80	283	41	99	122	236	180	296	226	172	142	134	132	126	111	90	174	251	255	94	161	100	133	111	280	174	75	89	94	147	118	80	102	53	133	476	120	149	88	203	84	132	140	152	72	145	157	165	72	123	88	70	102	125	109	339	77	149	109	99	104	113	182	81	194	312	62	52
chr1-61000001-61500000	124	141	92	154	117	63	44	179	149	92	115	119	185	69	135	71	148	82	115	65	85	209	96	82	155	108	180	85	81	170	96	137	64	78	130	116	65	147	112	109	95	291	85	47	109	169	155	85	211	156	103	67	35	64	93	206	109	70	89	161	110	215	361	167	100	57	88	56	181	169	33	349	214	85	116	58	63	107	150	284	123	117	156	101	123	240	125	83	38	92	155	155	70	255	108	67	65	98	162	202	98	110	81	209	222	110	159	185	211	223	62	104	165	269	62	195	162	49	65	204	110	144	160	162	222	141	88	96	151	144	109	110	195	195	57	60	104	70	249	195	139	70	104	96	178	147	99	130	117	144	344	68	156	102	88	98	97	148	67	49	43	60	113	146	122	72	52	178	143	81	189	250	125	150	148	266	78	138	159	126	115	87	90	192	181	172	190	75	251	122	122	113	154	117	332	119	274	471	93	232
chr1-61500001-62000000	91	129	231	151	229	128	55	135	185	111	158	66	312	83	77	34	116	78	81	109	87	208	88	67	134	93	310	134	111	228	114	170	134	125	244	142	69	142	92	216	152	276	59	52	98	248	129	245	204	195	78	179	41	87	92	236	84	84	68	134	257	280	248	172	111	73	107	82	51	58	111	138	102	90	81	72	121	89	127	165	80	124	108	127	84	164	128	156	56	159	106	159	115	96	156	125	66	100	81	184	97	133	98	245	112	106	166	112	82	107	68	79	184	333	280	58	166	75	153	157	58	154	108	221	85	162	134	104	103	82	111	132	92	257	68	168	60	112	247	93	265	193	136	86	112	151	133	210	162	128	257	114	160	55	119	149	259	127	99	58	175	195	74	123	75	63	99	339	118	74	176	362	160	125	126	426	118	129	252	170	85	136	59	282	100	151	71	176	157	181	144	66	83	182	158	117	381	245	63	152
chr1-62000001-62500000	91	105	115	161	70	99	143	79	101	110	204	60	179	145	127	63	139	68	106	88	50	139	92	93	72	60	143	117	106	78	87	124	64	150	156	53	39	94	98	126	181	294	104	65	110	164	94	136	196	230	101	97	154	113	178	183	94	69	101	180	134	321	220	108	116	40	78	116	80	65	115	233	84	143	75	47	97	141	196	222	139	155	69	145	97	372	112	174	57	133	126	71	227	166	206	147	112	95	191	236	117	188	90	238	157	112	208	134	119	175	68	99	474	263	146	180	185	70	135	157	91	117	126	205	105	134	161	98	67	69	116	63	97	158	49	106	94	105	85	252	255	173	143	70	132	82	38	66	164	320	275	146	65	107	130	160	264	63	109	99	78	119	145	62	137	55	141	382	59	62	146	169	60	140	138	235	52	136	131	178	76	173	83	114	146	145	132	231	151	165	151	133	62	71	144	138	397	274	133	116
chr1-62500001-63000000	134	130	86	137	122	71	94	75	143	119	129	111	179	71	162	72	145	81	95	142	89	123	145	48	168	164	166	132	149	91	129	126	71	123	81	124	104	126	127	227	178	172	130	52	117	159	120	167	193	223	95	72	85	107	193	141	135	46	45	159	182	181	384	162	134	74	50	59	146	85	56	127	132	198	47	28	69	173	198	174	209	119	81	100	181	182	150	120	34	254	181	149	166	103	113	159	100	103	178	128	138	170	105	203	146	124	197	54	95	83	94	138	238	255	140	96	84	52	183	90	156	172	148	103	163	156	128	102	120	93	125	76	99	130	92	80	161	215	184	180	269	125	133	133	107	88	136	111	189	201	212	180	66	101	108	96	264	138	81	42	35	84	236	94	135	30	84	224	96	152	195	243	46	86	99	160	49	141	268	104	106	194	105	115	129	134	169	145	237	143	175	107	138	66	216	94	289	197	82	133
chr1-63000001-63500000	162	149	101	97	79	77	80	124	240	105	160	115	165	97	79	50	148	134	78	72	114	223	95	63	105	57	142	106	108	130	82	126	77	100	192	96	127	76	86	207	129	192	65	90	114	171	132	109	102	188	119	53	67	83	65	186	150	51	90	240	156	207	235	184	138	94	114	56	129	79	126	126	197	154	111	51	72	96	234	176	79	99	47	105	140	398	154	250	62	129	89	132	155	57	70	193	112	78	88	192	166	123	81	172	252	115	88	100	114	172	54	78	341	223	118	109	150	61	125	100	81	106	127	237	232	197	86	72	85	132	110	128	209	118	54	105	92	116	168	128	156	144	203	41	226	184	160	210	135	173	159	141	159	54	99	121	286	202	88	84	109	127	128	117	167	50	93	259	102	141	235	290	56	107	141	191	117	114	125	170	91	141	118	83	152	124	93	149	172	98	150	96	145	120	114	109	324	173	40	134
chr1-63500001-64000000	119	164	150	214	137	52	82	100	213	80	168	112	113	125	147	122	180	91	114	146	104	198	128	152	105	99	156	96	136	109	93	135	111	111	211	102	82	103	137	176	52	157	109	24	116	119	156	144	158	257	71	74	68	88	88	152	91	60	79	184	317	148	289	198	69	74	77	73	221	195	96	234	249	140	60	65	82	87	262	113	105	144	73	108	88	408	155	204	159	362	216	120	89	83	160	136	68	59	105	430	174	239	127	358	259	78	138	155	179	210	72	87	162	298	104	145	133	87	173	146	113	114	150	185	124	115	117	42	103	77	99	51	85	108	64	118	106	148	291	239	299	142	146	121	134	105	121	205	234	252	327	164	61	89	114	118	239	58	129	82	75	118	214	134	162	45	102	341	107	75	146	193	117	139	112	203	83	76	199	172	77	89	71	163	102	113	75	187	96	164	118	50	141	92	120	62	188	103	180	93
chr1-64000001-64500000	73	199	140	144	145	48	88	80	238	145	172	122	106	54	97	106	127	78	63	127	75	131	172	71	118	102	162	121	103	177	82	103	109	114	308	130	84	70	120	191	99	278	97	43	144	105	91	124	128	259	134	130	63	96	90	260	149	26	95	110	217	270	256	126	108	55	81	79	197	189	95	168	151	200	83	53	90	125	139	204	137	162	65	78	113	343	136	236	54	152	192	134	111	236	68	45	131	94	245	174	128	47	83	200	112	150	125	281	153	198	86	114	175	205	119	117	135	40	122	295	220	57	147	142	213	202	129	66	81	172	134	72	156	225	100	96	88	151	176	183	262	193	155	111	234	120	143	159	66	184	266	113	119	60	138	154	183	90	120	63	91	150	87	97	221	57	151	256	153	62	218	243	120	121	98	187	39	123	136	139	107	159	61	125	104	140	129	104	222	176	138	99	176	112	198	159	268	108	129	56
chr1-64500001-65000000	139	210	112	156	205	54	127	76	134	132	180	102	134	144	142	81	103	117	74	103	59	150	117	58	180	59	271	74	56	121	92	86	76	124	134	122	72	83	95	136	171	203	71	76	90	115	164	108	124	242	165	112	60	60	157	189	150	79	139	239	113	363	244	183	56	65	74	127	109	170	114	175	237	181	148	41	136	200	138	195	118	84	47	185	126	292	114	150	61	148	194	163	124	170	84	223	99	85	41	223	102	138	73	130	154	102	190	120	109	107	80	49	201	326	127	89	152	49	56	170	64	120	84	252	163	138	128	47	94	111	136	168	163	158	54	55	130	118	262	82	124	79	157	48	149	122	72	155	154	174	277	187	125	79	81	92	180	119	125	67	53	95	187	102	95	45	56	254	147	103	159	163	99	133	186	244	46	102	158	207	102	153	126	140	63	121	100	150	254	258	153	69	146	102	109	120	213	218	64	89
chr1-65000001-65500000	111	250	181	143	71	58	85	70	113	136	87	81	141	132	127	96	112	128	159	144	61	114	103	67	121	60	184	77	126	121	103	69	113	89	253	96	110	110	112	83	278	265	60	72	66	115	143	154	148	166	129	104	63	57	80	170	166	37	100	218	277	250	175	165	95	91	213	115	99	141	40	139	99	96	134	37	145	134	252	244	64	131	71	85	105	205	97	142	53	293	249	130	149	87	142	235	83	148	193	309	139	118	113	130	89	46	109	200	99	198	137	57	190	321	238	184	210	70	102	169	98	118	154	179	191	81	123	107	64	118	82	113	86	183	102	72	96	181	197	206	145	106	185	131	211	71	74	128	212	140	298	79	165	132	143	123	204	95	59	69	69	73	137	93	189	61	113	304	136	108	233	291	67	149	225	121	71	138	166	150	73	174	97	277	74	207	225	144	179	220	225	153	179	103	129	63	231	200	111	42
chr1-65500001-66000000	166	188	84	142	117	105	64	103	101	192	167	117	201	52	251	64	58	179	121	52	70	347	223	78	133	76	237	64	110	73	66	97	109	103	304	131	46	107	75	139	165	212	85	102	222	248	98	123	141	342	91	111	97	128	72	174	90	90	132	130	138	241	271	192	90	61	153	74	120	82	136	163	50	83	142	99	111	159	217	184	66	219	43	168	176	305	140	216	109	235	160	84	57	86	115	116	88	121	149	254	117	90	77	98	261	159	77	169	95	108	91	89	92	258	104	125	107	49	168	172	130	125	91	247	124	89	124	41	116	75	170	91	109	262	52	120	110	144	191	112	271	167	244	69	161	101	67	152	173	257	322	110	288	85	127	97	226	170	56	102	88	64	73	103	118	62	136	280	134	118	159	267	110	102	135	334	42	115	91	142	91	107	63	138	132	179	72	62	163	256	204	151	131	97	114	74	448	237	86	155
chr1-66000001-66500000	191	149	153	171	122	76	74	117	144	171	78	169	226	97	75	59	150	117	161	121	75	148	52	78	128	16	207	66	109	92	137	149	76	144	119	110	134	64	127	162	127	199	111	86	79	126	210	142	126	284	101	66	84	82	114	251	259	85	161	145	264	237	265	122	102	53	94	30	120	81	42	217	136	154	100	29	163	97	132	127	149	194	44	98	111	214	60	203	72	103	149	134	179	97	125	190	60	71	85	195	191	165	213	181	137	112	177	216	130	89	61	116	231	152	103	188	223	61	100	236	130	56	80	156	373	120	68	59	122	109	104	94	109	223	102	98	131	120	132	195	170	111	103	92	177	111	137	197	166	166	175	102	81	85	158	63	159	101	88	62	106	111	197	115	71	58	116	264	74	59	207	191	79	149	88	313	54	189	154	141	186	57	88	139	88	169	155	133	124	222	189	116	109	43	92	59	473	203	122	59
chr1-66500001-67000000	233	253	113	154	101	44	109	121	229	106	135	182	139	100	168	73	93	103	71	107	124	162	136	78	120	89	190	168	124	256	152	119	115	92	136	128	56	68	181	172	161	222	78	34	99	81	202	55	197	245	104	93	53	62	74	164	149	96	154	184	228	197	314	204	77	90	101	47	149	89	98	202	214	211	96	62	199	114	168	112	85	139	79	119	95	363	127	162	79	241	192	93	116	87	86	117	83	95	126	171	92	217	94	198	113	149	74	229	199	223	41	111	184	361	172	139	81	19	197	213	165	69	133	123	184	116	103	90	89	119	122	147	68	170	66	69	113	67	147	95	174	151	84	99	260	91	69	218	171	151	268	127	127	45	174	70	197	56	110	78	104	120	104	65	180	43	66	430	82	112	186	224	100	181	65	158	40	150	204	75	113	149	109	199	110	135	148	158	437	113	171	93	126	52	182	82	176	357	148	82
chr1-67000001-67500000	131	129	138	275	122	55	96	119	211	245	109	107	248	73	148	84	145	98	65	105	60	98	81	74	168	67	164	91	126	66	102	150	102	146	179	98	53	118	144	172	127	397	104	71	107	314	102	112	156	234	136	99	57	49	112	169	89	54	136	176	145	153	182	205	81	80	140	37	117	117	46	188	134	219	130	40	92	173	206	64	178	119	34	142	137	382	107	126	50	234	65	59	178	171	124	52	93	71	157	221	194	73	115	181	152	126	94	165	162	184	85	73	180	195	103	66	184	65	144	162	145	80	99	151	175	156	205	80	95	109	68	126	90	200	41	63	169	140	94	171	206	105	125	57	100	86	145	254	175	247	154	79	130	130	106	100	281	158	112	40	134	57	145	122	97	53	145	150	58	117	164	254	108	166	140	263	126	167	124	161	66	67	82	114	148	109	136	174	272	190	197	97	114	102	197	82	309	260	89	83
chr1-67500001-68000000	53	140	138	139	138	71	122	77	168	154	145	77	115	189	91	138	117	82	52	68	56	145	104	122	212	136	175	47	107	122	171	84	59	98	106	134	94	130	77	123	97	393	103	42	67	177	107	113	144	171	112	160	108	144	69	123	134	89	154	97	136	307	128	211	102	92	113	67	180	159	89	300	189	132	65	43	50	98	125	126	147	168	49	90	86	326	145	223	77	97	126	255	163	133	115	129	63	78	171	220	123	101	116	149	168	87	119	256	58	105	109	96	318	182	194	86	164	95	108	122	68	123	138	106	179	142	139	64	72	95	170	201	168	256	76	54	84	84	146	173	218	116	106	71	163	90	106	119	169	242	238	86	113	49	87	63	102	162	31	124	81	99	134	152	241	29	131	388	74	58	171	205	85	84	125	202	42	140	62	396	89	136	106	184	88	178	156	205	155	117	250	87	136	126	70	85	193	231	49	119
chr1-68000001-68500000	162	261	153	151	101	79	50	78	135	82	103	107	234	83	138	73	176	86	102	41	51	82	78	113	98	62	104	172	103	86	94	86	81	48	147	72	90	85	102	82	87	208	74	41	107	168	126	131	181	112	53	151	70	87	156	143	131	84	79	247	205	190	245	248	89	113	80	97	140	84	84	135	107	139	105	74	140	160	155	186	221	128	95	76	80	152	125	147	107	159	172	98	94	133	95	112	82	100	95	197	73	83	141	108	86	230	127	94	85	147	61	78	227	270	99	180	126	61	118	160	106	154	199	193	295	107	101	70	100	117	88	80	156	169	37	77	68	151	156	255	106	104	67	91	170	48	151	154	112	174	363	96	102	89	109	75	204	163	94	74	136	50	152	110	116	47	72	458	66	85	157	357	84	61	205	231	101	133	286	164	61	106	98	144	129	111	100	145	106	202	163	114	92	102	88	125	338	124	145	118
chr1-68500001-69000000	253	217	97	269	80	71	117	54	231	168	157	154	198	67	205	100	103	74	106	118	41	278	51	67	200	74	187	149	109	96	84	122	87	83	171	73	82	60	99	244	114	293	124	61	81	192	127	143	99	195	87	202	61	23	53	175	159	58	93	166	116	327	79	214	88	74	155	74	124	99	129	184	93	132	76	48	222	120	101	98	97	179	61	133	174	175	132	176	73	319	199	95	165	88	137	94	112	139	140	195	141	77	86	157	225	129	145	225	139	93	73	143	241	262	142	149	143	69	134	118	86	128	131	210	323	105	152	82	72	50	148	92	66	85	49	118	86	70	114	250	132	63	175	82	255	105	92	103	252	113	362	94	52	58	68	85	225	125	61	95	60	109	157	112	165	50	84	155	163	154	95	58	97	103	182	158	33	103	216	99	92	284	77	98	80	109	114	145	221	180	111	56	53	97	112	64	306	113	112	194
chr1-69000001-69500000	96	167	196	114	73	51	70	114	236	200	130	96	268	79	38	38	145	39	100	75	84	206	67	84	136	37	217	43	200	127	97	129	117	79	85	147	37	100	108	102	116	242	92	88	89	133	169	206	134	139	73	83	85	76	63	170	127	56	115	154	200	221	247	122	141	95	84	61	103	157	47	215	158	99	44	74	51	216	160	208	128	131	81	38	161	154	151	187	46	180	197	144	172	139	140	133	85	79	168	303	105	139	50	252	125	161	171	194	89	190	46	80	193	281	239	93	110	59	79	106	198	181	133	245	165	122	95	79	100	94	122	103	108	155	64	123	148	75	238	144	250	145	97	92	118	107	139	131	122	189	245	89	149	84	112	109	181	177	104	109	124	82	86	67	167	65	63	312	95	109	160	136	88	164	213	386	67	139	172	247	89	97	80	182	147	169	91	122	143	148	90	140	203	72	142	71	156	360	140	78
chr1-69500001-70000000	200	136	91	168	79	74	106	167	177	112	138	87	186	115	75	68	98	86	89	85	65	216	115	109	121	52	97	114	201	64	101	93	105	88	165	108	146	61	145	184	193	255	98	66	115	153	55	148	160	257	95	155	104	79	59	208	168	53	125	282	42	174	206	114	106	33	109	52	121	115	70	161	99	74	153	68	181	125	134	112	209	128	48	119	135	368	102	288	91	230	174	157	113	152	195	167	78	61	154	193	90	99	104	106	212	77	98	106	154	227	61	127	246	328	120	118	91	63	62	163	178	155	193	176	116	179	133	111	95	134	121	172	59	211	80	142	108	97	218	161	270	210	206	106	151	89	99	195	154	286	146	95	116	145	172	74	191	39	86	89	70	105	99	94	178	47	92	208	101	63	105	390	68	114	146	311	82	116	176	97	47	183	97	130	91	168	90	136	324	164	167	129	111	66	216	65	245	198	135	124
chr1-70000001-70500000	148	152	108	151	95	65	101	60	221	128	147	86	99	102	126	114	92	109	64	60	64	158	138	156	225	84	163	104	99	160	56	171	96	83	159	162	46	61	144	119	160	300	110	75	182	282	99	143	131	358	137	116	59	63	135	131	103	34	106	182	213	299	146	161	88	96	105	66	131	120	40	67	103	124	160	48	104	99	70	177	140	101	57	136	87	352	98	285	60	232	130	97	192	186	104	94	81	107	132	306	194	69	82	328	92	86	149	192	161	104	64	57	190	295	214	97	124	107	179	178	113	125	203	143	239	119	33	103	86	124	117	154	107	287	100	90	128	173	275	184	148	144	135	59	146	127	49	131	106	94	218	86	125	117	106	172	378	49	80	55	48	96	137	160	94	44	78	141	82	54	238	190	127	34	155	231	89	107	173	188	102	157	79	137	139	129	154	160	161	259	234	95	79	125	146	118	178	398	73	124
chr1-70500001-71000000	116	196	156	354	138	104	84	87	122	122	84	96	150	117	167	91	158	75	43	120	34	191	151	121	260	127	223	142	84	125	83	109	102	77	116	77	98	45	131	154	151	246	96	64	73	229	66	115	169	177	75	48	34	90	104	125	154	58	124	208	171	353	200	162	74	81	99	97	121	64	72	253	192	146	170	86	58	176	117	134	153	65	82	88	166	180	210	139	72	213	128	131	224	112	151	91	86	37	71	180	102	162	88	255	153	168	115	97	123	153	76	130	157	182	126	141	151	42	64	229	129	71	116	150	193	118	145	69	62	87	110	79	119	203	44	126	127	87	145	155	256	91	83	97	172	111	96	139	172	96	282	207	99	72	144	153	187	110	76	109	98	62	240	84	192	58	103	305	152	69	160	208	138	193	152	213	84	121	102	180	41	134	28	131	134	114	168	176	236	140	140	117	116	84	79	118	203	167	137	94
chr1-71000001-71500000	136	184	118	318	107	61	121	90	174	114	105	79	164	101	187	137	84	64	68	69	58	142	76	56	150	69	102	129	224	94	81	77	82	135	259	111	120	103	125	160	173	256	102	40	82	169	131	166	100	316	95	120	59	130	39	195	79	77	127	182	219	160	258	187	82	115	84	48	93	94	89	220	140	161	107	42	106	64	139	141	120	101	48	88	90	255	73	182	21	262	247	56	115	139	92	149	120	188	102	223	197	103	132	270	115	134	131	44	149	103	59	45	343	107	120	85	277	69	90	105	108	183	114	258	154	219	69	64	68	111	66	119	133	160	60	69	119	137	173	185	170	146	178	79	174	136	44	189	120	164	272	121	93	47	102	57	128	153	163	54	118	126	152	48	243	39	54	369	83	107	147	379	126	93	166	253	31	83	241	155	84	120	107	192	164	103	130	104	232	112	124	82	182	153	139	72	118	227	94	92
chr1-71500001-72000000	131	114	94	164	70	124	83	89	118	216	137	101	83	159	159	62	109	119	91	97	88	109	103	46	71	82	192	51	200	131	47	115	145	144	172	103	95	86	88	120	157	124	102	55	94	143	295	111	135	264	63	133	95	76	75	221	81	66	83	143	180	332	110	105	151	72	131	112	112	128	96	161	128	117	125	50	117	167	151	151	106	112	29	91	112	199	101	97	25	157	161	160	142	195	83	133	55	74	97	268	98	107	83	145	169	103	93	161	125	85	64	60	298	257	103	83	132	99	114	254	100	98	142	221	216	174	63	182	139	111	93	138	104	140	54	64	82	142	195	97	259	155	146	95	197	77	107	122	139	171	141	107	209	64	154	138	197	134	96	66	103	109	103	129	122	23	71	300	78	123	81	206	67	117	205	247	84	102	172	194	71	107	79	88	160	178	125	162	129	175	111	131	168	99	172	59	306	317	135	132
chr1-72000001-72500000	142	175	146	140	163	122	41	163	172	78	87	108	200	64	181	82	75	104	88	102	99	205	143	67	68	72	80	103	99	67	103	183	104	91	89	57	104	87	101	116	162	263	42	60	105	132	211	81	239	187	71	105	77	54	80	233	168	38	81	218	124	331	202	114	94	124	75	60	147	99	133	214	91	148	92	49	135	174	89	169	157	150	64	132	52	276	126	233	80	121	161	107	94	125	184	209	114	85	138	260	155	159	40	177	100	155	151	128	193	165	57	80	179	238	206	138	93	59	61	157	136	220	135	186	202	116	104	39	132	84	82	112	86	79	59	122	188	184	252	137	268	115	126	88	128	72	165	264	161	188	223	110	106	43	107	82	135	93	70	109	45	92	105	64	233	82	37	200	110	95	195	234	129	99	97	168	84	107	130	122	69	71	51	62	120	141	136	301	191	191	123	114	103	141	77	105	283	127	78	54
chr1-72500001-73000000	295	178	162	83	122	66	117	95	294	102	118	100	93	210	211	88	118	99	127	62	52	214	105	102	55	86	209	146	90	66	81	105	116	95	125	104	64	118	114	169	165	185	89	65	90	116	134	91	222	187	270	80	118	61	110	158	78	56	111	142	184	227	210	193	63	82	110	39	124	143	72	289	160	93	84	50	125	80	202	216	132	57	90	107	84	240	151	194	78	227	223	180	109	75	118	117	127	167	159	431	118	120	102	245	140	147	144	173	108	165	34	103	339	275	184	117	105	70	121	123	172	166	106	164	236	224	98	89	185	83	134	206	174	148	109	71	76	101	298	147	229	119	63	83	106	131	102	219	190	188	285	124	105	77	189	95	169	49	48	76	72	107	180	142	89	75	112	136	87	94	117	180	82	113	68	311	84	138	98	225	97	162	94	109	113	183	159	181	168	124	161	122	194	104	88	93	252	306	91	117
chr1-73000001-73500000	205	162	120	107	127	84	159	91	112	110	181	103	234	114	150	114	206	46	120	74	133	193	140	52	232	59	125	117	78	82	126	151	90	50	130	118	151	132	114	121	140	276	49	56	83	176	135	92	141	282	157	135	59	119	174	115	97	70	91	154	148	246	345	162	94	76	232	46	122	82	44	138	161	88	64	48	89	214	116	123	124	118	39	118	61	163	137	141	69	160	240	122	39	133	128	114	62	134	120	235	257	100	118	114	131	150	113	104	92	74	98	153	140	190	218	97	182	105	85	218	117	120	107	220	172	170	126	72	52	125	182	143	124	390	68	105	72	165	141	135	204	255	162	59	227	100	74	25	119	177	234	70	161	138	109	103	157	177	74	53	71	125	165	146	88	43	101	242	135	95	168	356	122	167	180	213	125	103	213	121	73	219	120	83	185	156	143	74	170	141	165	124	138	109	229	69	195	357	148	94
chr1-73500001-74000000	155	92	141	125	93	71	71	120	134	193	160	90	138	59	127	88	91	61	84	88	69	250	67	73	102	127	246	163	115	82	80	86	134	106	178	126	67	145	82	186	164	200	142	59	79	134	125	108	152	143	96	54	86	91	159	162	79	72	69	237	246	281	256	174	90	58	138	55	95	94	91	386	165	138	129	59	148	137	142	162	96	102	137	188	181	393	242	109	77	197	83	52	193	141	96	73	47	88	73	270	221	109	108	336	302	88	123	153	71	229	69	107	277	315	170	172	144	81	84	100	98	87	106	128	262	124	142	77	131	171	167	120	127	202	57	121	123	112	184	185	152	127	111	112	168	85	114	135	95	174	183	59	108	105	178	136	248	81	128	90	83	102	92	52	182	108	91	339	78	106	200	173	153	203	136	220	88	90	184	244	69	164	127	143	103	155	93	116	225	74	128	93	184	132	238	32	173	216	187	78
chr1-74000001-74500000	162	131	211	145	225	76	121	56	180	148	131	96	231	97	186	49	92	105	84	39	50	148	84	47	92	57	179	138	184	112	88	83	50	77	122	175	94	74	93	195	165	121	108	128	125	114	93	114	167	247	140	95	112	110	56	163	200	36	118	190	103	266	217	214	146	72	178	95	161	69	149	166	95	185	82	58	145	122	149	158	158	143	78	178	104	270	99	144	50	115	89	171	116	142	52	156	147	167	145	138	187	176	175	157	212	81	61	172	132	151	85	71	183	170	151	85	180	60	121	97	124	135	127	68	215	78	146	73	88	68	60	92	93	267	69	71	179	85	251	210	208	197	144	97	125	81	155	123	134	182	246	69	79	101	58	151	227	147	75	49	137	136	162	147	208	59	53	266	52	86	136	190	83	118	178	230	73	148	150	191	153	101	70	131	159	47	133	90	254	177	185	81	175	102	178	71	185	161	86	130
chr1-74500001-75000000	212	60	147	192	159	55	91	132	113	100	198	71	185	130	120	83	184	90	128	47	46	112	168	109	106	116	286	71	177	99	75	176	64	142	159	144	90	119	249	158	90	167	118	119	128	159	121	108	221	160	120	114	39	92	82	250	140	49	88	209	166	236	140	174	123	53	96	51	174	134	69	103	168	98	75	44	98	118	121	177	154	86	81	194	117	320	124	118	103	203	212	186	106	160	99	180	66	162	109	118	184	91	76	197	187	77	158	229	236	227	74	109	305	188	69	122	85	58	96	213	82	150	55	96	86	166	109	52	85	90	118	119	116	288	52	76	167	86	116	173	171	201	127	90	110	63	67	146	194	255	185	159	141	84	144	71	262	142	52	108	64	88	95	132	75	69	60	259	130	154	116	244	154	120	122	214	134	59	156	230	70	118	65	87	125	143	128	86	146	114	166	62	95	119	233	117	202	231	225	108
chr1-75000001-75500000	88	203	154	181	153	147	90	110	198	134	92	122	150	72	162	94	105	122	68	88	94	122	92	98	183	68	199	83	86	102	105	145	95	84	166	101	128	105	92	145	141	178	69	82	88	185	187	75	219	200	113	128	75	46	73	101	199	61	110	117	188	460	175	160	186	62	98	45	107	102	108	188	219	95	189	63	136	138	151	190	95	208	79	187	142	121	121	306	44	274	148	88	96	118	138	114	65	97	158	264	73	174	84	225	140	129	202	185	96	176	53	117	232	152	103	152	152	74	81	196	113	139	99	74	237	234	84	106	89	114	113	83	84	147	66	106	149	147	109	161	235	141	148	138	144	80	50	203	193	114	118	115	145	106	88	99	157	94	85	96	109	99	148	125	58	33	82	388	132	63	143	249	93	151	174	186	81	113	324	271	104	168	115	167	167	157	143	170	148	157	120	98	215	142	238	56	283	371	148	123
chr1-75500001-76000000	131	160	126	92	136	88	149	122	149	151	123	132	169	198	145	63	94	54	95	110	80	170	151	116	152	81	302	154	92	146	80	99	104	137	303	98	93	105	167	125	239	213	129	104	73	167	106	153	112	151	111	165	42	110	98	121	158	62	83	257	165	285	94	134	105	70	116	110	84	99	104	319	213	116	71	25	157	117	193	165	156	76	98	93	117	472	55	229	48	166	282	78	183	85	115	215	61	108	190	222	171	145	103	180	235	111	147	179	188	171	71	156	280	165	86	149	148	69	118	144	106	124	73	167	272	152	119	63	127	82	100	155	103	157	37	189	127	104	176	118	189	174	66	69	172	66	133	148	217	150	195	81	79	100	102	115	153	258	48	83	73	183	181	109	108	60	77	320	56	96	212	143	76	79	138	238	95	124	244	182	113	190	115	145	77	267	196	170	220	90	134	85	169	106	252	73	269	151	130	93
chr1-76000001-76500000	130	177	131	259	54	85	75	108	147	104	196	58	194	114	157	66	88	103	32	86	45	50	98	197	138	103	206	92	101	126	100	94	101	84	145	158	53	58	127	153	128	218	93	50	121	114	124	148	106	157	77	134	69	41	86	98	56	99	80	147	232	232	156	132	84	77	147	77	180	189	37	133	99	169	96	117	134	100	100	167	168	71	74	176	112	302	187	192	97	202	169	108	161	112	99	133	81	121	166	266	231	96	139	243	188	91	107	236	192	261	49	108	313	173	193	100	197	88	155	128	176	176	151	126	231	179	116	69	75	141	98	94	146	217	74	98	106	111	149	181	152	176	68	71	109	84	125	183	79	150	393	112	133	50	178	108	130	77	123	85	131	105	105	151	100	45	166	139	126	42	182	220	127	103	221	173	71	113	204	146	73	153	78	100	161	257	114	200	266	170	172	57	83	134	124	131	297	161	160	125
chr1-76500001-77000000	123	219	62	71	76	93	82	108	103	132	87	98	125	46	191	128	153	67	67	104	42	136	78	73	78	107	156	72	203	92	99	94	119	60	184	141	113	135	142	121	97	292	115	104	113	244	103	120	152	301	65	117	53	102	115	201	103	53	114	134	205	269	232	159	112	67	99	86	71	158	68	207	145	80	61	106	90	94	116	222	173	154	62	89	164	344	116	90	62	230	95	163	133	215	159	109	82	75	162	309	183	152	52	238	158	87	117	193	286	102	68	104	517	129	178	102	207	60	93	328	108	152	216	135	132	129	65	83	106	146	131	88	212	94	70	58	88	151	128	287	204	144	119	65	151	94	115	76	195	154	356	130	170	81	123	135	129	154	71	73	141	59	117	210	179	45	59	119	92	122	177	138	120	206	57	323	33	113	110	216	67	126	72	172	137	118	147	83	144	151	129	50	165	98	148	78	304	197	76	75
chr1-77000001-77500000	298	151	150	189	103	114	81	79	238	101	174	130	184	129	129	116	108	115	55	146	89	134	69	65	94	118	154	141	87	127	100	124	54	117	153	55	70	118	105	115	86	304	121	78	52	200	164	101	143	168	81	149	81	84	79	189	144	105	152	129	147	444	251	173	91	68	111	37	95	174	94	126	220	124	125	53	146	137	180	154	111	201	60	76	94	193	193	232	48	157	173	107	85	121	95	93	92	69	239	203	133	124	120	149	166	105	145	99	151	221	82	110	241	282	105	72	232	36	151	193	107	192	220	261	258	118	38	54	135	87	104	145	161	195	113	78	151	148	253	152	179	148	84	74	134	72	93	248	99	243	194	75	137	66	111	200	223	93	86	144	92	68	311	78	99	53	57	397	69	152	203	187	96	109	222	207	72	108	189	101	80	88	112	179	167	166	98	147	179	138	103	83	100	174	108	60	270	376	109	174
chr1-77500001-78000000	61	197	83	172	72	45	63	70	141	205	75	166	144	202	101	105	185	39	98	93	70	91	77	125	138	66	173	138	191	68	83	119	127	135	178	101	77	51	111	157	180	265	123	41	47	96	102	93	207	121	118	113	68	130	70	101	138	87	80	171	105	379	287	138	107	73	120	78	119	83	124	140	140	80	82	52	143	143	150	180	144	84	105	83	85	211	73	192	96	313	68	184	181	105	66	113	86	137	120	182	142	92	68	279	136	141	125	193	105	162	38	123	267	344	138	99	153	65	130	131	80	136	188	196	130	122	93	67	78	75	122	113	197	270	88	73	115	131	168	134	318	79	96	98	55	78	92	132	146	193	259	144	189	107	103	49	305	114	109	64	73	54	113	112	89	50	63	283	96	102	215	119	113	84	138	166	55	189	149	204	117	120	89	112	121	158	56	263	103	76	220	72	101	86	172	103	348	161	163	45
chr1-78000001-78500000	176	160	117	218	88	106	106	69	178	163	70	69	125	183	84	41	197	68	104	63	98	162	150	56	166	65	231	103	122	179	122	70	70	133	124	154	66	95	94	99	91	234	83	34	66	134	103	144	194	262	75	80	55	95	55	202	108	55	122	340	35	150	118	193	90	71	80	110	69	99	126	139	218	80	56	77	219	141	226	108	168	151	32	177	141	252	112	92	76	133	161	200	113	97	112	144	132	148	129	163	140	126	100	208	224	198	94	110	106	149	28	166	212	150	170	178	97	104	175	180	115	52	197	214	237	224	92	63	97	166	94	163	152	273	54	96	77	187	618	110	247	153	130	66	162	81	113	137	159	92	278	121	164	50	143	137	167	116	65	76	80	102	116	89	138	31	113	164	96	66	175	243	92	213	187	166	89	140	199	148	158	52	66	128	115	116	85	183	168	177	190	82	123	114	59	39	444	219	95	125
chr1-78500001-79000000	59	223	146	97	110	131	62	127	226	76	101	123	128	106	96	97	136	75	61	96	69	153	92	69	119	105	249	128	100	165	65	101	25	117	126	125	44	105	55	281	139	223	82	83	89	159	163	146	189	238	104	130	108	151	80	92	56	72	46	101	152	125	180	68	109	63	98	68	154	116	92	138	106	120	118	80	57	138	125	148	223	73	83	90	193	333	87	244	64	203	137	261	131	116	127	36	92	130	115	212	112	116	154	182	105	121	126	109	188	149	62	88	215	235	167	139	84	61	130	121	111	88	94	90	208	107	128	49	142	68	100	170	91	196	48	69	89	155	194	269	214	114	103	92	210	41	76	271	133	149	227	107	228	76	229	115	220	126	73	51	93	98	173	58	70	60	110	253	94	105	109	187	131	153	104	230	92	91	281	146	46	92	123	143	89	172	93	88	157	149	345	96	134	69	163	82	202	202	116	79
chr1-79000001-79500000	78	96	146	117	100	102	81	75	178	94	100	146	147	166	198	50	178	64	41	112	58	155	123	111	157	132	139	171	210	91	49	143	54	77	130	96	61	103	77	110	110	211	50	51	95	163	135	135	157	241	148	185	97	40	110	138	127	28	71	125	108	266	141	125	111	70	70	96	140	73	68	152	213	118	132	80	136	87	169	176	138	115	58	139	75	405	131	276	75	175	237	201	149	137	109	130	87	63	96	291	108	233	162	233	154	155	103	121	202	170	54	75	351	257	129	77	183	57	113	140	131	218	151	155	152	139	65	120	61	179	114	123	104	185	59	129	99	162	370	107	277	225	147	102	162	133	105	104	122	155	234	54	111	80	111	97	328	70	72	128	84	94	142	95	105	33	128	284	119	97	170	169	98	113	150	204	44	83	261	235	81	133	137	255	120	227	129	112	146	171	110	102	138	39	61	123	145	296	71	65
chr1-79500001-80000000	235	142	70	207	114	73	79	108	121	50	143	69	177	201	87	120	67	81	42	113	41	129	94	88	144	126	262	131	153	67	76	135	122	84	151	245	47	56	54	281	136	186	88	44	119	97	96	96	150	143	114	73	46	81	95	200	161	37	88	77	207	174	187	103	64	67	145	69	121	66	87	195	194	153	70	39	213	129	154	128	96	96	52	104	70	284	94	107	84	317	138	133	217	193	141	64	79	161	151	157	138	203	89	342	160	152	180	147	145	178	124	52	299	137	133	138	74	69	100	104	177	125	105	178	285	207	226	127	57	79	155	170	126	133	43	52	152	137	217	274	256	120	227	52	120	68	93	150	72	279	284	94	148	67	64	75	206	208	52	64	115	93	65	75	122	108	84	170	155	124	134	127	83	132	247	231	91	93	40	311	86	146	122	179	96	96	133	230	223	155	171	34	145	119	105	52	218	200	111	119
chr1-80000001-80500000	126	205	104	234	151	89	53	105	159	95	184	78	197	67	101	127	172	56	81	124	91	156	78	166	158	78	175	51	168	97	63	225	82	102	125	118	102	127	68	120	130	180	80	78	88	172	115	116	226	215	57	123	49	113	103	216	72	52	100	236	171	294	148	117	101	93	89	66	196	216	102	238	101	152	79	46	64	86	118	106	91	139	80	80	119	207	153	132	69	145	161	113	326	84	106	125	88	88	141	315	182	110	138	186	112	33	125	113	181	165	79	122	164	311	190	137	193	58	148	227	155	114	75	147	218	128	103	68	52	165	67	125	127	177	30	90	48	73	251	177	228	192	118	81	89	101	134	70	130	177	290	58	152	140	147	110	292	124	84	67	139	61	115	72	101	73	88	214	173	73	140	141	56	89	201	118	36	130	173	176	108	84	35	103	81	204	274	228	201	341	144	125	110	108	209	105	210	314	81	57
chr1-80500001-81000000	152	151	107	105	95	134	117	151	219	158	176	106	229	155	119	96	118	55	122	71	57	237	82	68	121	103	149	107	162	72	117	159	94	94	184	104	158	146	111	102	100	342	135	29	80	173	144	89	183	218	91	108	59	51	185	151	197	74	139	83	205	339	253	191	133	97	80	73	148	78	43	292	134	159	52	88	96	148	169	134	99	119	62	203	96	390	114	127	99	210	186	209	174	129	29	122	89	70	143	183	91	213	133	202	199	127	107	204	132	231	67	96	207	379	95	109	112	76	108	164	94	105	123	161	263	146	181	107	38	100	57	77	71	236	72	108	191	126	131	191	162	161	139	65	166	131	81	63	125	109	417	79	104	128	86	130	197	135	84	46	77	94	100	154	105	60	97	267	102	104	121	138	161	139	276	189	81	176	156	155	81	127	146	140	88	141	177	156	274	82	119	101	189	98	194	132	266	298	129	116
chr1-81000001-81500000	177	154	94	215	31	62	145	61	165	158	161	94	167	155	137	66	156	77	107	103	86	149	154	81	253	46	146	120	151	96	89	77	142	65	115	94	52	128	122	169	200	216	76	83	179	187	152	87	191	248	119	142	135	73	105	81	89	58	146	138	141	202	170	268	78	107	115	61	78	137	123	300	108	165	130	49	84	174	193	185	113	70	135	186	190	568	157	161	77	162	153	63	160	115	188	100	61	73	150	150	273	183	116	241	102	135	184	203	190	179	83	162	205	385	107	92	145	45	82	218	116	124	141	172	172	99	106	81	62	138	70	84	179	141	54	82	142	189	142	119	182	283	206	110	163	69	99	163	142	179	206	122	133	98	86	119	121	54	89	52	47	81	118	84	131	81	111	207	125	127	139	298	142	165	97	452	90	135	243	151	121	129	75	209	124	173	104	191	154	178	126	92	181	147	168	147	412	140	103	116
chr1-81500001-82000000	141	111	133	461	198	119	81	93	195	95	135	101	149	140	193	87	226	128	113	135	86	202	129	72	174	116	99	159	123	52	50	120	85	71	102	155	63	90	117	201	214	281	96	75	84	170	150	140	204	245	151	134	53	70	103	142	190	34	82	226	230	278	250	146	77	247	92	106	111	231	80	269	302	128	127	58	107	159	116	149	109	153	92	125	58	165	98	280	66	152	178	167	173	126	156	159	97	106	120	185	83	191	98	321	94	147	66	155	103	107	95	51	242	205	133	134	170	70	75	193	153	165	138	262	188	107	145	125	101	108	163	84	109	236	60	50	69	96	204	135	316	85	64	58	119	106	70	165	238	144	274	150	87	91	57	125	157	84	38	40	80	139	148	101	243	91	122	349	95	108	112	311	115	65	84	389	37	255	148	236	132	102	60	101	62	129	101	99	171	168	187	142	125	117	185	87	364	196	111	114
chr1-82000001-82500000	104	167	117	128	65	101	123	108	239	155	162	113	133	194	149	91	131	103	68	58	44	111	171	81	178	111	157	135	86	48	61	121	66	142	316	140	91	89	97	178	211	258	77	80	86	65	116	127	210	192	101	201	54	131	70	168	150	50	104	115	105	334	176	114	102	76	81	71	51	93	57	205	113	98	96	59	132	149	147	144	90	104	56	179	186	244	116	153	82	315	104	63	149	99	139	102	145	127	155	213	91	166	74	151	227	110	102	173	91	237	60	95	173	154	163	104	72	79	135	115	125	122	113	154	181	147	252	68	93	151	110	124	102	145	39	84	87	85	150	275	206	98	123	157	198	90	89	194	101	183	209	82	99	54	112	102	165	94	38	79	96	134	150	101	152	50	93	389	110	100	229	199	50	144	126	206	46	97	199	58	48	163	71	82	104	177	157	210	374	106	138	128	115	137	109	69	208	432	148	92
chr1-82500001-83000000	149	123	91	150	90	85	87	24	244	130	138	100	117	205	243	102	127	90	170	91	65	216	109	71	195	52	169	103	83	128	70	210	73	70	115	54	69	115	254	109	111	262	124	81	75	117	105	110	111	154	87	143	82	48	156	120	131	59	110	159	167	216	273	121	120	120	101	75	94	90	81	125	72	100	96	32	93	172	184	144	123	68	54	166	110	275	84	170	78	215	159	117	91	196	103	135	152	103	115	322	201	117	104	209	116	141	105	212	176	235	96	57	241	243	118	112	84	53	150	104	139	103	142	186	176	115	123	63	50	124	85	204	167	304	89	54	129	169	235	130	294	205	81	103	178	168	132	91	269	182	271	160	165	84	133	71	198	87	85	66	93	117	176	158	193	35	40	323	155	90	140	214	114	117	125	145	33	154	219	189	95	70	97	105	101	205	139	118	195	55	174	101	151	70	134	67	224	179	226	145
chr1-83000001-83500000	121	131	150	91	111	50	99	78	190	80	119	154	164	137	215	116	64	152	65	130	47	138	43	94	183	131	140	150	104	97	46	103	59	81	224	96	56	74	130	162	130	146	61	47	97	98	227	64	98	178	116	110	91	63	106	305	176	67	69	163	194	212	180	150	155	77	77	41	54	136	65	228	133	90	128	38	81	169	178	135	131	211	30	127	128	267	74	160	71	332	97	119	151	63	65	112	83	101	139	253	129	132	46	280	230	93	58	135	130	99	28	120	159	245	138	88	169	56	74	123	123	108	135	326	281	139	71	70	72	149	124	108	167	140	61	40	96	107	174	122	235	211	139	109	189	75	91	143	136	68	425	85	129	107	126	50	153	160	99	100	66	211	121	99	310	67	79	299	68	100	206	203	87	137	79	178	59	137	67	79	46	165	87	158	97	171	143	131	149	148	215	107	133	75	259	106	176	198	110	124
chr1-83500001-84000000	181	239	103	114	81	119	151	157	143	175	163	127	116	161	148	160	196	80	155	148	45	156	109	49	158	119	118	110	147	147	94	65	61	89	126	79	88	110	99	137	144	188	129	54	89	182	90	145	148	292	98	119	62	83	103	98	122	62	139	206	111	509	107	147	118	37	107	66	180	141	47	212	98	221	197	63	109	155	208	131	138	106	82	93	117	328	73	83	71	92	124	112	209	129	101	107	123	121	253	185	87	113	105	321	185	89	219	108	56	178	59	42	229	225	93	139	199	106	97	164	201	293	154	94	171	202	170	67	125	111	103	102	105	167	43	128	104	104	213	221	115	250	128	55	165	123	104	177	178	179	239	72	122	94	164	114	228	117	156	44	51	68	123	110	121	48	47	137	66	61	139	267	82	218	121	337	50	137	140	199	97	165	108	110	190	156	74	173	183	93	225	122	209	129	87	85	235	172	106	80
chr1-84000001-84500000	155	176	155	121	117	52	124	84	286	106	133	86	203	100	156	82	288	111	188	98	59	256	110	54	71	54	127	176	148	108	112	171	78	125	137	72	95	72	59	166	74	143	50	47	67	170	204	57	147	189	94	121	74	59	103	174	128	107	76	259	270	248	161	123	104	65	130	103	133	85	80	113	159	109	126	36	144	139	218	130	104	183	85	114	87	112	133	209	85	167	117	167	154	82	69	202	64	99	152	186	325	142	102	262	198	101	127	191	143	115	71	151	223	431	133	170	159	40	170	137	177	116	170	100	159	205	84	95	118	162	134	166	118	153	68	106	112	196	205	162	242	203	104	154	95	105	98	104	151	105	359	166	94	112	160	76	159	133	134	55	99	127	165	113	174	34	41	332	39	112	102	153	156	183	123	142	71	124	160	127	116	129	102	87	101	155	113	138	294	105	141	72	141	51	192	92	261	231	104	116
chr1-84500001-85000000	99	121	62	106	119	106	125	54	127	131	220	96	172	89	150	59	73	85	76	56	109	134	104	111	103	100	225	92	146	95	97	196	139	50	139	62	65	86	139	292	168	289	81	64	98	101	203	117	147	238	218	142	68	98	100	248	137	78	108	153	144	275	152	109	143	66	103	81	85	190	121	166	108	219	53	57	106	135	133	149	225	88	80	54	228	264	103	364	72	101	159	98	99	112	101	107	84	87	134	123	222	126	131	190	185	156	104	125	84	168	59	102	307	472	142	43	143	86	109	182	94	215	216	136	189	148	148	104	101	124	165	150	195	316	85	63	167	143	199	107	155	184	78	66	116	171	108	133	103	246	247	117	174	100	107	80	390	121	101	58	66	91	66	52	91	67	64	347	145	74	200	222	85	116	118	144	62	77	217	198	69	152	73	184	58	244	86	174	202	43	119	70	106	179	118	117	170	399	55	155
chr1-85000001-85500000	199	114	86	198	135	92	118	95	199	183	203	137	139	136	174	58	205	76	106	100	64	64	135	127	140	106	163	148	114	134	60	96	74	72	139	113	68	81	108	206	131	252	64	72	91	116	161	132	96	242	111	113	56	98	121	205	83	51	162	209	222	292	300	132	89	152	139	102	105	126	125	161	192	326	132	61	155	205	242	132	213	183	102	84	111	153	118	169	76	193	245	110	172	98	203	61	64	162	156	211	98	147	158	208	113	117	139	256	174	142	79	83	254	182	89	183	111	26	111	196	144	170	173	110	326	163	81	104	144	82	58	136	197	182	75	113	70	81	140	152	180	122	112	63	165	109	173	131	189	167	293	99	204	100	100	136	279	90	85	75	96	106	116	131	95	38	110	277	94	84	160	216	112	171	150	299	71	147	67	141	90	90	149	125	84	169	122	150	205	125	147	77	164	110	77	53	212	278	94	91
chr1-85500001-86000000	141	203	165	235	104	94	57	82	207	159	98	108	178	130	102	55	125	57	129	79	65	156	116	111	145	90	160	159	92	99	71	203	76	170	99	154	106	70	115	164	107	212	127	78	144	140	194	148	251	111	53	154	85	91	98	145	105	57	109	180	207	246	258	100	128	68	115	63	156	118	71	200	176	148	165	73	94	133	110	130	136	135	58	105	69	247	75	328	54	220	122	134	193	95	65	221	79	79	147	233	128	227	98	142	131	68	136	232	175	122	51	52	237	365	273	90	109	58	138	152	147	248	117	152	271	103	92	71	75	139	84	116	175	91	31	61	192	162	289	129	220	53	110	114	185	193	84	156	204	179	421	74	136	137	238	105	162	117	89	73	43	147	222	58	99	61	103	212	87	112	105	201	45	143	169	332	70	57	149	106	50	177	67	114	125	151	140	73	168	88	107	60	162	98	140	62	180	245	134	88
chr1-86000001-86500000	269	112	75	151	159	94	89	71	141	135	201	83	87	148	260	97	134	74	73	146	48	196	110	105	139	98	190	106	143	85	77	119	100	82	185	94	92	82	131	136	159	215	126	81	61	122	181	158	173	188	102	141	83	119	66	190	57	53	57	130	240	258	153	100	77	81	74	110	180	65	67	247	205	105	86	63	127	82	121	106	149	146	47	87	123	311	71	209	101	201	144	142	96	142	110	227	102	96	63	162	113	249	77	372	177	136	121	66	204	229	66	70	172	207	158	166	84	58	74	216	68	146	111	179	161	155	112	90	96	86	229	94	140	177	58	83	88	100	203	120	189	178	102	83	90	131	95	80	192	305	142	85	245	59	81	147	198	119	118	78	98	118	134	109	156	51	68	247	87	79	146	166	125	76	128	232	88	166	135	213	86	130	70	178	44	122	48	170	243	170	218	89	124	69	123	54	310	314	58	102
chr1-86500001-87000000	165	315	165	174	162	66	139	60	157	83	123	189	118	111	110	98	53	87	96	56	67	179	91	58	90	90	186	100	61	174	79	156	39	103	187	99	119	59	137	137	92	237	84	95	103	111	95	107	248	410	66	102	74	107	64	187	191	39	122	105	114	265	214	102	136	106	101	88	188	162	156	205	117	142	123	32	115	162	153	141	199	186	59	62	143	188	91	253	122	141	134	77	156	151	81	146	116	128	168	284	278	120	152	170	211	86	87	197	133	109	58	82	275	289	83	97	147	64	185	199	65	219	144	115	273	76	119	126	48	101	137	89	124	223	77	95	143	197	188	144	226	146	119	111	175	86	83	83	122	189	227	62	126	124	94	75	150	120	45	100	78	165	203	145	177	52	50	344	124	101	215	232	98	96	177	198	98	141	119	299	61	256	140	86	126	131	152	102	183	141	114	111	159	157	157	73	177	331	71	118
chr1-87000001-87500000	171	158	87	252	189	119	124	59	287	58	90	100	152	77	84	60	80	78	91	52	93	150	111	67	101	67	189	150	60	200	89	198	69	66	189	130	75	77	112	124	133	168	66	107	94	201	166	104	174	201	81	100	69	108	60	82	128	58	79	232	149	255	170	135	133	97	120	67	129	193	85	227	186	172	113	39	123	87	141	101	96	110	83	120	164	109	88	173	98	231	157	122	102	117	113	112	113	65	173	193	140	77	98	155	163	97	121	280	109	211	39	99	233	128	134	148	149	52	88	215	130	188	181	193	323	135	101	124	61	102	78	103	107	199	79	125	94	203	224	160	250	75	165	82	85	106	153	160	168	229	163	81	81	106	107	65	392	77	63	47	80	132	82	119	175	67	175	125	110	58	144	183	236	123	159	183	50	144	142	149	141	159	98	131	97	223	125	228	273	121	166	80	81	178	187	86	363	268	84	94
chr1-87500001-88000000	208	191	65	215	139	70	155	148	169	72	136	134	134	287	197	73	139	79	119	94	58	187	126	74	160	105	174	246	113	104	48	80	62	77	170	127	154	138	132	110	173	212	126	75	102	159	99	148	108	152	115	91	77	119	85	72	266	69	103	213	269	339	211	214	107	84	64	72	170	152	80	178	276	126	118	62	95	184	64	150	96	150	61	91	173	145	169	214	114	207	197	102	139	120	82	44	81	98	173	237	131	99	94	248	124	176	193	102	294	82	52	99	262	296	176	199	139	66	144	149	125	107	124	157	256	202	218	87	62	118	104	130	250	176	45	130	75	117	142	151	153	106	48	78	119	203	88	135	145	186	299	78	187	107	142	84	131	36	36	59	109	103	181	80	162	68	88	331	122	189	119	387	110	132	142	223	76	61	203	222	46	215	64	190	206	152	123	116	228	161	100	97	154	76	146	72	301	210	135	181
chr1-88000001-88500000	210	229	77	163	106	105	42	114	119	65	106	128	149	114	117	89	207	106	136	102	77	143	123	82	105	76	250	84	183	67	117	118	86	123	91	113	134	147	91	139	99	306	62	44	89	153	91	153	103	248	47	98	71	77	100	166	163	42	114	192	126	220	247	276	62	75	62	63	125	132	95	191	166	78	71	67	103	115	110	104	134	154	92	134	96	400	82	90	90	147	196	188	107	160	102	97	81	106	140	138	197	98	79	366	166	156	65	123	158	193	65	125	122	93	47	126	113	104	179	224	58	133	94	227	171	115	53	58	39	127	140	114	102	185	52	95	102	97	78	114	158	97	105	64	138	118	110	144	187	185	194	139	63	84	90	137	224	122	35	103	129	114	151	129	172	85	111	303	94	90	151	234	56	170	167	179	43	102	201	191	68	192	63	145	163	195	132	235	237	163	181	105	82	83	172	91	267	206	85	119
chr1-88500001-89000000	118	147	173	236	159	61	71	101	159	122	169	134	87	54	121	86	129	64	108	83	67	118	55	133	115	75	259	105	182	128	67	105	54	117	220	79	105	87	141	227	88	218	108	47	88	220	181	112	171	227	181	131	102	104	178	181	105	99	94	120	87	250	151	150	84	52	159	75	116	102	67	210	110	169	150	62	141	97	125	179	126	141	66	55	128	244	146	235	36	227	191	200	162	174	108	139	79	111	111	187	243	130	85	293	118	105	124	181	194	157	62	78	202	196	91	90	210	37	123	287	232	148	91	119	118	137	82	95	114	177	98	70	107	260	42	100	51	159	199	94	219	140	137	89	355	131	98	137	84	89	241	92	146	101	111	44	145	129	106	87	56	74	43	79	118	47	107	372	83	115	134	255	117	138	149	148	56	245	126	113	61	206	56	108	120	89	236	177	284	126	144	125	194	83	110	80	138	374	145	112
chr1-89000001-89500000	164	240	209	75	165	75	65	25	162	77	111	85	185	90	98	53	132	31	112	111	44	138	81	95	177	76	174	78	97	142	105	142	90	103	161	203	121	63	110	83	203	202	85	49	118	104	70	175	118	324	53	85	62	80	125	188	82	32	185	145	193	347	142	192	172	98	62	68	101	166	58	102	98	103	115	51	75	146	172	135	157	169	56	125	135	137	64	132	58	200	134	105	161	90	80	139	65	88	165	139	90	111	117	188	219	117	147	191	208	160	43	100	307	242	145	127	131	82	191	129	106	191	89	181	214	150	99	50	182	160	75	66	194	135	46	131	142	108	181	170	184	136	145	85	124	90	160	186	164	217	209	110	131	102	101	96	128	71	126	44	71	70	75	165	172	72	87	151	113	54	183	267	53	100	159	310	60	92	146	182	83	117	110	133	88	139	130	169	160	186	148	69	89	162	123	76	182	254	123	167
chr1-89500001-90000000	73	187	103	127	103	76	111	113	222	146	96	51	111	116	93	99	169	69	117	116	122	250	135	65	308	54	184	117	95	100	71	160	107	75	132	53	43	127	102	137	174	311	117	77	77	121	103	120	158	251	81	83	79	51	77	157	275	82	87	157	291	266	229	179	190	155	136	73	186	138	63	71	124	144	43	60	140	167	205	205	105	90	73	167	156	327	87	130	83	120	102	121	123	135	110	201	76	109	172	151	177	154	113	255	250	152	189	293	157	158	72	62	299	321	174	134	162	70	93	162	166	155	184	232	354	169	111	125	77	130	72	63	117	180	64	151	159	171	184	215	141	153	119	81	137	94	64	149	85	277	228	95	198	104	158	99	225	110	69	74	88	83	139	56	92	84	101	365	87	128	319	269	45	189	160	219	78	168	421	162	70	65	77	111	87	140	83	273	288	83	97	114	139	153	88	96	228	147	52	72
chr1-90000001-90500000	183	147	90	312	80	96	65	96	184	169	149	140	200	69	135	121	104	76	102	100	65	102	76	78	130	111	121	99	187	82	58	140	93	98	153	122	105	69	73	109	147	199	76	68	201	138	131	150	112	264	79	167	103	132	138	147	232	47	174	134	217	191	166	345	127	82	92	63	199	165	79	156	109	163	88	37	145	133	114	102	150	68	77	65	127	301	144	192	42	122	177	88	124	70	87	58	101	104	142	193	73	175	118	145	217	81	210	233	119	216	47	110	257	150	132	166	125	63	104	176	103	74	153	216	152	124	95	73	122	126	88	91	75	209	46	116	102	87	232	207	232	142	83	71	156	160	129	196	136	169	176	112	122	97	63	162	273	116	69	76	60	139	95	114	96	36	109	146	96	114	174	240	90	186	257	301	85	98	123	184	140	133	84	151	71	199	122	267	196	96	64	81	123	91	179	91	521	356	153	226
chr1-90500001-91000000	150	259	135	100	162	88	70	180	117	155	128	131	245	92	207	68	187	46	111	84	105	226	105	68	131	80	197	160	93	81	91	112	62	50	126	126	141	132	122	120	196	394	92	78	179	203	119	156	171	200	86	106	72	91	104	143	123	96	94	151	187	435	151	138	119	43	41	94	141	107	95	134	156	129	80	70	113	117	224	99	174	117	46	88	100	240	89	190	65	276	173	115	204	89	123	126	85	95	139	298	203	162	210	158	180	128	135	152	85	106	121	71	191	249	85	107	112	59	119	131	154	102	191	211	226	189	164	88	67	67	120	134	254	128	52	97	119	153	143	146	224	108	105	69	173	116	65	180	126	163	350	179	115	106	109	50	275	95	60	71	69	91	128	75	174	44	138	214	57	126	207	182	67	110	192	181	92	153	105	127	147	171	97	154	82	90	44	156	206	177	103	97	259	128	306	111	355	243	82	64
chr1-91000001-91500000	186	187	99	145	143	84	97	146	127	61	119	132	196	159	74	82	191	71	67	103	95	303	120	95	188	81	179	103	141	79	100	196	75	162	137	94	86	153	126	194	95	274	56	154	83	134	126	58	156	134	74	141	66	75	98	180	185	83	220	137	93	190	147	195	121	94	98	112	101	71	76	244	140	155	68	27	182	142	158	176	95	132	70	101	106	207	69	249	52	153	94	65	90	121	76	120	110	91	151	194	161	192	127	91	113	104	226	162	131	114	59	60	183	339	110	204	189	87	183	198	114	134	101	166	262	97	146	68	145	59	75	39	116	140	63	68	170	138	213	125	258	138	116	98	265	155	128	195	168	199	258	74	179	58	64	76	200	105	66	98	102	85	124	109	113	51	91	289	77	97	146	257	109	137	142	238	103	146	232	207	110	115	100	82	124	125	185	91	112	126	187	33	183	137	223	78	312	410	135	121
chr1-91500001-92000000	200	154	139	124	141	74	120	186	142	98	118	58	94	90	168	71	152	150	95	91	60	232	67	86	218	36	145	190	74	120	130	80	157	91	130	148	104	137	74	160	139	171	77	42	99	147	194	161	120	238	124	95	44	69	89	123	258	79	85	103	231	356	196	211	123	121	95	71	169	70	137	182	106	106	65	45	170	173	213	231	133	104	107	67	99	231	157	286	66	248	114	132	140	96	115	123	53	153	128	148	122	140	91	137	168	124	145	119	114	146	81	124	180	189	66	45	210	37	205	215	111	134	224	120	257	144	128	48	76	82	149	115	117	297	100	73	75	168	109	205	122	105	118	107	81	102	77	140	233	330	246	86	72	62	90	78	201	155	88	76	102	63	103	56	121	66	111	381	147	95	114	193	90	81	241	251	82	90	241	85	105	96	138	181	95	144	192	132	156	115	129	84	130	44	111	64	180	131	119	137
chr1-92000001-92500000	150	85	114	164	80	134	83	99	142	94	146	66	249	112	156	98	153	124	71	82	39	135	49	129	105	42	205	78	122	129	56	172	92	125	211	113	56	64	61	79	185	166	43	76	89	117	134	116	212	294	113	125	55	175	46	164	145	49	52	93	127	326	168	65	112	32	136	65	120	124	70	77	219	187	144	69	174	136	135	126	91	157	76	76	129	170	152	91	41	177	233	126	101	249	208	121	93	108	155	242	100	127	43	168	118	122	226	153	153	112	83	79	325	213	150	118	132	105	116	188	114	127	163	152	184	233	109	75	157	71	60	93	136	153	87	41	144	115	83	261	193	187	42	83	106	86	142	153	261	192	518	98	117	82	58	80	196	93	49	95	119	80	238	71	231	48	106	244	163	116	97	169	79	193	133	335	61	161	299	146	103	130	47	77	130	196	94	165	189	145	97	60	224	122	95	77	212	310	106	125
chr1-92500001-93000000	146	140	208	155	73	84	109	149	270	105	147	84	216	111	88	80	142	83	89	81	118	155	117	120	113	104	255	105	120	136	88	90	72	113	113	239	47	58	79	97	109	384	83	60	75	205	158	137	138	181	75	178	56	105	168	229	147	52	112	171	189	394	185	149	69	103	105	98	84	119	87	118	130	217	123	65	50	137	149	156	163	225	67	99	146	419	98	252	72	234	196	139	204	111	95	176	64	128	132	175	114	175	108	155	178	183	69	217	126	144	51	121	319	177	162	118	89	32	135	173	144	177	118	119	303	110	150	91	84	67	119	106	89	230	59	148	147	126	194	197	212	82	132	114	135	121	90	151	112	239	144	93	111	89	77	93	265	89	108	60	134	86	138	124	125	47	202	309	71	137	214	281	136	136	131	175	70	134	226	222	171	132	155	136	134	105	102	153	229	148	72	92	95	125	148	83	251	216	138	58
chr1-93000001-93500000	94	151	84	192	114	85	92	124	262	126	106	110	109	110	55	39	103	80	69	150	60	127	149	84	117	44	216	87	114	116	110	92	120	104	150	138	70	103	184	307	95	251	40	67	66	61	180	180	139	129	75	106	150	92	55	155	125	70	129	174	166	177	221	176	88	83	83	69	88	137	99	271	94	125	97	42	127	96	120	236	59	109	73	128	98	294	129	103	121	193	238	97	128	86	50	213	103	37	121	237	229	117	115	184	131	152	105	180	175	173	52	86	229	153	201	203	166	74	167	215	156	140	198	109	279	159	91	84	50	91	90	174	237	257	39	125	135	105	152	194	216	128	68	105	136	113	95	105	187	169	340	168	162	118	153	135	247	113	94	43	89	137	88	117	169	60	86	226	87	167	176	262	48	231	141	152	43	238	230	132	106	127	111	169	144	117	66	206	320	180	217	83	95	191	160	114	376	297	66	127
chr1-93500001-94000000	78	127	162	191	105	64	85	134	151	98	141	93	203	160	127	125	156	87	32	110	43	230	80	111	175	79	273	109	114	65	121	117	61	164	221	118	71	82	94	186	81	252	113	52	136	217	144	95	142	205	75	114	73	109	111	147	153	52	141	113	166	344	176	134	131	52	141	44	90	141	128	248	94	129	76	54	78	108	141	205	106	120	68	115	135	176	142	242	76	163	168	102	123	114	174	124	174	97	84	215	164	92	148	295	104	135	190	188	81	136	61	99	270	282	145	141	193	34	136	183	165	150	109	139	175	176	87	55	91	99	56	46	154	144	54	108	113	109	259	133	119	206	97	116	201	85	91	119	208	238	258	154	68	101	86	146	110	91	65	68	69	84	112	99	108	45	89	355	108	70	228	218	63	73	220	266	86	137	160	220	94	130	94	179	119	91	59	126	151	89	227	100	177	134	69	135	185	182	63	138
chr1-94000001-94500000	94	259	228	179	77	139	88	106	179	95	151	85	102	123	98	96	123	85	95	58	87	109	89	115	115	42	176	69	125	76	159	92	89	134	161	126	103	114	105	107	71	260	51	65	100	36	156	128	299	169	96	84	79	80	64	69	109	55	136	105	195	260	323	128	81	75	98	49	105	192	120	263	182	114	115	78	100	107	187	119	73	59	86	164	184	379	187	67	82	194	202	166	172	127	82	126	137	92	206	145	186	209	99	261	133	164	78	218	137	127	64	40	177	171	86	185	143	63	99	152	92	130	100	284	204	135	55	79	196	107	86	57	96	137	54	88	116	104	160	85	118	89	109	79	127	76	114	140	173	214	198	63	128	114	55	122	278	139	84	37	70	116	96	102	168	34	48	245	88	144	75	255	126	141	190	263	46	103	197	221	62	137	67	97	111	85	106	109	297	138	191	84	140	158	151	77	307	241	79	111
chr1-94500001-95000000	132	140	107	193	145	62	76	63	127	198	220	147	132	72	152	84	249	119	143	144	52	293	90	47	110	84	255	103	138	42	56	266	120	121	158	107	92	73	86	173	251	393	128	72	96	202	287	141	163	137	70	109	76	74	113	320	143	45	175	284	142	452	310	128	79	81	186	73	120	127	119	348	103	219	93	48	67	108	80	164	79	135	57	73	158	194	84	125	62	162	75	114	164	101	76	159	105	89	135	237	101	87	79	188	190	82	101	137	95	95	52	161	334	367	122	152	73	35	94	180	107	171	163	163	180	115	55	62	103	113	109	114	189	202	79	89	126	116	197	125	112	184	98	94	204	83	175	200	213	389	228	55	181	82	158	59	277	120	88	75	89	123	95	114	96	54	175	222	98	76	151	350	82	206	201	200	60	149	192	163	90	117	82	160	145	140	95	197	260	157	172	147	174	64	58	67	187	246	105	115
chr1-95000001-95500000	128	156	86	114	141	92	64	52	215	147	211	61	157	120	85	95	122	117	45	89	69	96	181	57	86	67	116	122	118	134	63	83	56	120	235	138	137	96	179	127	92	172	68	114	124	151	141	148	142	163	97	244	129	101	94	150	145	56	107	256	170	280	222	102	111	129	132	139	66	171	48	184	114	162	151	62	102	169	142	109	95	142	74	151	75	309	176	250	58	159	127	133	111	118	55	86	107	106	130	204	138	95	97	175	100	171	99	173	132	198	42	50	233	214	92	90	129	32	83	134	121	116	152	325	136	191	186	71	103	177	197	63	88	188	102	60	120	142	279	165	369	102	159	69	225	69	167	221	88	185	257	39	167	63	209	125	216	180	47	82	111	124	67	160	104	21	94	260	50	69	138	174	41	90	151	281	78	68	194	254	77	130	91	196	126	195	157	146	148	129	190	84	108	103	206	132	272	277	62	98
chr1-95500001-96000000	88	128	222	151	166	79	68	89	211	68	191	102	123	109	259	97	233	144	91	57	58	37	164	35	114	133	167	110	78	95	89	162	51	83	94	148	64	57	50	151	116	162	108	46	56	130	140	213	142	193	158	99	41	77	79	155	173	80	159	132	220	215	158	178	106	62	122	91	187	122	129	253	116	106	118	71	80	140	163	120	74	146	60	92	156	491	187	232	71	122	130	133	104	107	98	138	186	47	173	125	135	131	82	164	218	119	181	158	197	138	74	111	173	111	71	107	162	61	124	137	103	85	156	222	196	48	125	69	127	104	117	149	109	225	70	69	84	110	139	206	269	96	158	100	133	104	100	122	181	302	136	114	317	132	154	91	194	91	81	115	89	83	180	163	173	32	135	371	73	109	104	250	80	125	148	353	63	145	369	153	87	103	54	220	97	127	183	195	194	121	93	96	147	132	147	80	458	304	132	124
chr1-96000001-96500000	221	142	102	114	158	73	60	146	191	121	101	101	226	171	166	105	147	125	76	73	102	133	66	62	152	55	217	98	160	127	115	151	56	164	292	101	71	149	90	138	135	177	141	97	37	198	83	119	182	188	155	105	54	42	79	71	70	54	85	109	165	389	229	200	66	62	110	56	124	171	88	210	190	63	143	33	114	129	147	141	110	139	42	84	98	331	183	158	84	285	135	116	105	115	62	96	123	78	172	250	185	77	128	273	98	86	134	117	113	190	91	72	334	338	215	111	139	69	137	201	184	134	163	277	132	91	87	71	195	106	63	161	163	292	52	50	164	146	220	216	175	161	133	98	103	120	125	92	91	186	93	112	214	62	72	74	202	88	69	74	83	164	122	89	122	95	150	249	127	125	164	145	124	182	113	230	103	97	278	170	51	172	135	151	138	100	168	105	219	64	95	95	137	137	145	60	151	216	152	84
chr1-96500001-97000000	163	120	176	222	129	72	105	152	109	115	251	105	250	108	127	51	139	134	74	104	70	173	141	136	110	41	108	157	161	83	80	83	86	44	111	131	52	67	103	120	60	195	74	50	109	133	100	89	121	212	83	112	42	67	23	147	79	80	161	195	192	414	237	142	102	100	131	68	111	116	90	241	156	74	100	50	109	177	137	89	241	169	96	71	97	192	129	243	82	206	147	139	144	90	128	190	59	163	113	297	164	221	188	199	142	70	117	58	89	73	63	100	374	296	135	186	130	83	83	137	100	125	192	135	236	140	107	45	67	49	166	179	109	220	103	144	122	212	168	79	336	220	58	72	155	104	115	164	154	202	164	135	90	116	205	124	139	116	86	80	82	167	131	41	182	18	62	317	118	127	144	442	131	172	128	305	46	116	162	202	95	190	115	85	117	89	145	75	112	146	207	62	81	141	136	174	118	362	131	113
chr1-97000001-97500000	96	141	112	119	109	76	92	84	240	153	174	67	183	131	134	101	204	100	180	85	99	133	74	97	142	23	119	59	103	93	145	154	50	183	160	95	80	106	101	87	114	202	64	54	131	168	179	153	226	286	88	77	51	57	138	159	80	43	131	74	188	414	199	123	160	55	129	46	107	197	120	118	138	84	110	62	81	133	237	194	210	148	116	116	68	279	93	268	135	116	162	135	155	56	51	122	118	126	152	162	92	189	83	269	220	169	111	58	156	174	119	90	162	183	119	84	224	87	79	110	133	147	98	126	175	171	103	61	79	231	79	71	85	256	27	209	109	117	184	170	211	135	125	70	132	93	123	106	142	173	354	72	193	109	126	111	112	81	81	76	70	114	115	115	123	13	116	268	197	145	232	348	113	75	108	212	82	119	189	174	66	70	105	134	158	91	196	140	278	136	101	106	133	100	217	91	251	129	59	80
chr1-97500001-98000000	234	225	145	194	166	173	75	101	135	194	109	107	133	204	117	128	181	57	105	118	69	216	107	47	78	117	144	138	49	67	65	160	130	110	197	139	91	172	92	82	183	237	113	61	106	165	121	220	130	294	131	141	88	77	99	109	157	53	90	103	156	353	288	222	86	103	113	68	76	68	99	182	83	148	106	52	172	115	96	117	182	189	48	101	100	295	81	125	51	110	109	197	69	98	177	159	131	96	206	175	191	143	136	185	186	215	180	121	219	161	75	118	199	250	150	84	173	35	87	131	92	130	90	156	181	144	91	78	121	137	61	154	156	193	32	51	133	154	151	166	272	79	58	97	239	65	90	187	223	228	221	109	101	89	110	116	185	116	69	54	84	84	95	99	85	67	45	161	116	102	325	238	112	96	135	181	70	155	208	192	81	104	180	196	117	159	201	204	215	107	123	105	73	101	196	64	248	153	209	133
chr1-98000001-98500000	229	157	207	189	85	51	102	175	152	149	96	99	210	67	81	109	129	70	60	87	108	132	143	138	133	52	124	111	127	97	143	134	94	111	152	114	72	77	101	83	200	294	104	100	125	104	159	103	165	201	106	135	65	60	99	225	162	70	39	156	188	307	176	151	70	87	129	57	53	81	109	181	155	195	104	27	141	109	112	96	97	72	71	140	138	233	127	195	84	256	135	199	146	133	87	181	135	191	167	258	179	171	152	171	135	103	147	230	127	171	75	147	368	271	213	78	174	106	187	105	101	149	208	209	209	192	153	53	56	86	121	95	71	226	91	80	143	242	225	206	203	117	76	66	132	104	90	107	159	156	226	139	150	106	96	91	207	127	112	76	52	100	102	61	172	53	110	188	87	79	192	292	137	125	168	234	60	139	294	112	38	92	103	156	161	108	71	85	147	181	160	73	123	123	128	75	174	180	131	134
chr1-98500001-99000000	163	214	131	137	80	104	87	158	202	58	157	84	138	144	103	109	52	52	34	111	72	106	128	28	224	55	118	64	117	129	90	181	82	130	186	137	105	58	140	123	112	171	46	34	63	79	145	162	130	220	159	95	71	37	78	224	137	54	88	151	149	471	434	203	128	90	64	60	96	104	137	237	159	221	71	27	97	154	257	194	115	154	93	104	97	627	67	191	69	103	145	137	258	156	207	231	108	95	74	184	149	177	39	335	226	112	127	166	167	125	58	95	104	249	112	80	148	47	96	101	172	196	91	140	254	129	91	110	62	147	51	85	131	252	63	96	98	126	262	211	156	137	83	119	142	108	135	119	211	223	299	72	93	95	154	182	99	89	64	88	59	79	42	115	146	52	109	229	76	80	152	313	64	118	281	211	89	139	179	82	112	115	178	95	128	96	81	162	229	233	119	130	102	150	158	83	221	159	144	49
chr1-99000001-99500000	103	278	56	103	99	72	85	67	156	114	120	124	232	154	113	73	86	62	109	65	97	172	131	71	176	124	85	55	155	114	69	95	151	187	148	50	63	63	77	175	67	142	38	51	163	254	127	230	139	425	122	185	91	92	122	125	91	75	152	105	225	314	266	97	78	75	95	78	95	128	99	233	125	132	58	49	216	101	223	159	101	155	70	99	99	147	41	140	82	135	248	154	140	191	100	114	141	68	105	122	114	140	79	156	271	152	147	116	101	169	86	271	185	125	208	95	125	36	72	189	63	150	117	154	260	185	99	107	94	202	60	119	73	175	96	89	103	77	254	141	308	147	137	165	182	93	178	106	57	203	270	137	122	72	101	120	277	224	57	69	113	168	192	111	135	64	63	212	103	215	134	185	80	221	163	292	116	181	203	240	144	163	157	85	88	173	150	123	142	146	106	55	115	158	189	98	323	225	154	112
chr1-99500001-100000000	117	224	231	174	152	52	121	148	184	65	65	53	133	117	119	97	190	71	116	86	97	190	105	92	115	94	191	173	94	144	105	121	89	61	237	134	88	75	82	119	203	201	116	103	161	105	210	156	183	257	128	127	53	51	104	245	183	59	118	81	143	238	169	165	96	45	91	82	54	140	75	187	354	180	98	56	205	82	166	229	159	82	90	79	294	302	142	162	90	226	146	149	86	99	80	89	74	80	254	237	125	144	215	241	155	114	151	158	194	131	53	58	106	191	98	181	162	83	78	220	123	144	82	195	240	186	148	77	107	117	57	105	223	192	50	83	161	131	288	379	203	103	82	35	153	86	108	170	79	211	451	74	82	112	118	120	121	139	72	130	138	148	123	76	168	38	96	361	65	155	99	126	47	155	139	231	30	115	144	117	55	158	55	184	63	175	108	144	160	149	195	110	259	97	90	57	247	178	126	118
chr1-100000001-100500000	124	204	106	98	77	100	75	96	218	125	139	109	271	129	224	65	145	78	125	93	69	171	133	66	67	92	199	167	78	101	62	214	98	101	130	122	87	92	132	179	141	309	130	86	166	315	131	118	171	290	159	83	77	105	89	246	116	69	93	122	211	245	224	323	89	109	115	77	134	100	111	147	178	136	135	104	128	157	187	166	127	98	49	77	117	206	112	172	51	179	96	161	138	139	107	82	67	107	103	234	133	170	70	315	137	91	135	136	108	165	67	88	330	201	110	106	115	44	96	100	137	178	107	86	142	170	83	27	117	132	77	73	158	165	40	114	87	69	112	354	222	133	100	70	186	98	90	242	209	230	312	117	124	221	139	62	232	146	67	54	91	56	187	120	225	81	117	325	108	69	199	226	93	136	210	284	45	143	129	137	81	97	72	126	84	148	77	81	224	190	167	163	124	125	142	127	419	248	76	156
chr1-100500001-101000000	154	117	177	143	119	54	106	83	391	105	100	47	163	146	87	71	129	70	122	133	52	164	98	86	118	128	152	53	106	89	114	77	84	114	176	144	126	68	154	176	151	207	77	70	78	175	110	149	120	272	73	53	43	110	50	180	178	57	122	243	124	231	274	99	150	76	97	61	96	66	78	228	188	109	61	50	112	213	352	143	223	116	62	72	176	217	85	214	64	143	162	120	136	45	110	130	81	146	155	359	162	138	61	226	109	52	78	172	177	266	21	86	250	152	285	155	171	66	100	190	100	129	178	126	469	61	166	31	77	47	103	62	144	208	119	168	139	136	198	248	190	130	51	37	110	119	120	93	158	347	353	94	145	132	67	94	276	80	124	51	117	159	161	86	135	58	155	257	101	106	154	150	106	134	127	267	35	136	199	207	79	91	90	84	166	247	80	137	153	158	117	103	119	158	196	100	274	202	73	93
chr1-101000001-101500000	49	143	169	196	129	74	99	111	164	117	132	67	140	130	137	65	206	82	102	119	63	193	109	72	151	83	170	98	156	81	58	147	87	93	184	117	155	88	113	150	111	189	90	65	166	130	107	76	218	262	103	91	61	50	90	123	146	63	137	233	188	226	206	151	84	41	111	73	186	149	62	239	246	44	85	42	160	139	196	153	107	133	85	58	163	375	133	172	59	127	147	177	82	128	97	140	124	75	118	161	137	171	60	187	117	127	197	165	170	224	59	166	322	242	132	69	177	70	95	180	104	142	90	155	246	165	83	67	56	41	125	114	98	112	92	98	135	134	287	231	173	147	75	95	136	89	151	136	74	169	384	101	86	145	154	54	245	68	94	66	74	95	127	127	211	73	46	257	87	46	47	238	156	110	156	207	65	149	167	240	47	74	86	105	101	156	120	127	256	96	139	98	145	178	206	88	246	267	70	129
chr1-101500001-102000000	209	181	102	92	125	76	84	90	371	206	107	185	128	110	131	79	117	81	156	53	75	196	120	106	67	73	120	80	162	175	66	101	97	187	118	168	129	73	113	110	121	342	64	66	50	149	83	114	184	283	64	114	122	69	67	220	158	32	114	153	303	322	131	212	49	101	103	67	84	154	73	427	168	111	147	101	61	182	202	148	138	192	79	129	32	280	107	166	51	173	241	83	187	103	123	98	112	67	156	189	171	117	143	167	114	118	138	97	118	186	39	91	322	150	132	160	179	51	70	191	152	128	125	205	218	154	94	123	113	122	144	146	163	109	52	159	100	144	279	264	285	236	102	107	114	83	96	226	184	140	301	107	96	80	107	121	185	140	45	60	113	142	180	87	58	114	110	235	114	103	141	186	138	147	200	218	119	171	256	146	97	79	73	95	205	121	94	134	208	204	101	142	168	194	250	95	114	297	186	45
chr1-102000001-102500000	198	173	222	155	76	86	69	119	209	114	102	113	146	155	194	120	146	56	105	160	70	115	113	83	134	92	144	76	125	83	91	123	70	126	229	114	143	73	124	76	188	383	89	51	166	163	116	122	98	101	142	82	115	52	105	143	117	50	113	194	228	257	80	137	53	93	136	53	94	104	74	269	130	127	177	73	145	160	153	244	112	174	50	85	181	242	130	207	57	144	71	108	149	92	99	118	90	94	97	225	170	172	92	377	180	181	155	129	120	223	60	57	267	246	130	189	184	74	97	214	100	181	128	129	249	137	164	62	95	184	105	99	45	114	75	138	91	110	174	144	126	153	100	71	82	97	121	117	116	181	303	89	111	89	136	95	259	71	103	58	91	78	103	149	177	39	142	213	142	106	218	155	77	181	108	215	77	109	210	156	112	200	78	116	120	206	55	210	219	211	90	124	193	141	139	60	369	232	144	86
chr1-102500001-103000000	103	160	136	132	102	114	91	127	117	147	95	107	173	102	117	103	115	123	128	62	105	160	94	76	101	24	171	164	104	150	81	133	89	48	163	100	76	62	154	204	170	162	98	58	156	122	155	134	251	277	139	91	75	77	79	226	68	74	143	267	176	204	332	167	93	95	90	57	136	75	131	229	158	118	37	59	71	129	135	137	105	35	59	95	102	292	128	152	82	190	74	178	88	166	91	153	110	88	210	176	227	73	147	467	102	36	221	104	155	241	62	111	260	209	105	135	134	110	42	130	197	118	120	98	201	82	133	93	63	94	83	82	206	142	48	113	188	148	216	102	120	141	104	116	235	79	67	89	217	128	459	102	114	120	123	53	311	89	101	62	82	75	124	170	142	62	123	207	78	54	120	191	64	123	254	254	48	157	267	203	65	66	104	181	163	82	81	132	265	241	107	89	158	74	148	30	439	266	74	160
chr1-103000001-103500000	181	160	86	239	153	61	125	91	180	173	146	153	120	125	119	93	193	121	106	117	52	171	108	105	133	107	304	159	144	213	102	119	98	82	140	48	97	91	119	130	173	279	57	55	123	164	120	81	143	271	107	111	101	71	150	275	160	38	89	198	203	316	153	161	99	60	110	81	115	44	56	230	255	85	120	67	49	81	206	86	130	147	87	121	94	438	106	241	66	164	172	139	180	106	94	124	76	76	228	241	128	108	127	281	181	124	86	92	163	249	51	97	241	199	85	137	182	78	76	153	87	180	113	91	133	179	117	49	126	115	104	149	142	200	31	80	156	55	146	87	189	149	146	115	173	99	64	124	189	159	260	95	57	130	139	98	157	141	70	43	99	106	64	104	146	68	124	247	70	70	69	117	165	157	157	228	50	78	221	182	146	161	44	123	85	271	149	119	202	136	106	69	165	143	114	80	202	306	86	47
chr1-103500001-104000000	233	137	222	200	140	158	58	110	163	168	124	158	158	130	67	73	131	82	130	91	59	156	107	121	104	85	212	133	123	106	61	105	105	78	192	99	114	149	104	67	171	148	110	84	141	155	106	95	196	283	86	58	82	57	85	166	160	52	217	177	196	259	158	113	116	71	79	70	147	145	147	176	113	120	144	37	173	84	228	129	176	107	109	120	58	218	125	155	79	113	100	83	224	137	72	111	96	137	236	138	227	87	132	186	138	45	107	192	119	81	39	170	257	364	45	174	166	60	115	250	128	150	96	211	318	136	94	27	106	86	79	179	102	289	43	134	144	70	199	120	188	89	107	85	146	89	61	188	123	97	301	114	117	77	90	108	193	151	112	79	85	102	62	81	128	36	60	150	105	79	167	208	124	236	198	215	66	149	105	172	35	117	168	126	182	186	75	246	221	92	118	63	245	117	102	114	309	229	95	87
chr1-104000001-104500000	101	146	78	117	60	82	97	151	97	66	137	106	223	130	134	107	200	52	135	69	59	158	120	96	160	117	151	112	167	80	58	139	55	150	79	106	72	69	196	208	77	131	105	56	48	86	93	54	84	176	143	165	102	81	66	156	112	57	124	170	182	206	358	138	210	53	113	110	195	48	92	156	129	152	149	40	146	103	221	59	162	86	27	130	72	441	102	263	79	125	228	116	180	373	92	114	123	133	151	131	144	92	90	268	140	179	82	259	134	184	42	124	196	333	150	114	92	52	104	171	105	83	134	108	286	155	71	74	98	148	69	82	110	217	113	48	217	178	286	96	372	155	196	129	121	134	122	144	265	181	293	135	155	63	85	136	260	61	55	94	102	111	81	111	125	69	113	189	71	110	114	222	81	168	111	375	82	149	276	184	72	128	54	127	108	171	105	148	104	77	72	65	72	165	221	66	254	178	71	202
chr1-104500001-105000000	130	138	137	133	110	75	102	86	213	96	102	192	148	98	138	82	70	61	83	70	68	186	149	73	130	60	79	60	102	85	113	141	106	112	158	99	127	101	238	195	126	327	78	59	105	155	82	85	138	253	68	80	64	184	77	140	70	58	77	155	244	183	146	95	70	59	118	74	126	141	75	187	112	110	136	61	110	189	231	178	145	206	81	174	149	333	93	111	84	123	135	254	110	120	67	103	116	65	224	210	120	88	128	208	130	209	114	165	158	132	66	147	247	345	182	85	165	66	128	120	152	243	126	77	127	96	114	177	66	168	75	145	98	153	98	107	128	96	231	177	272	109	135	86	191	72	150	125	185	122	247	146	155	99	170	99	149	62	39	80	145	153	167	88	121	34	155	256	116	127	109	268	89	178	212	426	40	158	236	242	66	80	110	151	85	232	97	90	141	129	126	148	146	105	162	70	354	168	104	157
chr1-105000001-105500000	106	128	152	150	164	57	92	133	198	145	167	120	98	79	130	97	184	99	86	86	67	109	120	84	139	88	222	149	203	103	83	120	81	111	99	153	125	125	96	131	149	273	101	41	76	102	155	161	198	168	92	141	81	172	72	110	85	41	151	221	306	149	310	264	131	87	76	62	170	119	133	164	129	113	102	33	48	115	102	37	123	153	33	166	118	298	78	277	56	202	230	119	178	166	72	108	98	119	124	233	121	90	116	271	218	151	110	171	204	126	56	168	136	211	102	110	134	56	102	149	148	252	141	89	261	95	135	97	118	120	76	173	118	238	83	67	182	101	194	254	240	147	95	79	158	111	183	170	107	276	176	145	150	59	148	73	193	226	69	163	74	106	168	82	140	43	118	241	108	104	126	206	101	146	127	168	71	172	155	79	56	136	95	90	97	76	89	199	223	162	157	76	179	70	157	85	329	225	79	157
chr1-105500001-106000000	172	153	175	204	128	73	90	103	224	198	100	154	212	141	105	120	71	143	115	62	77	185	71	95	148	46	135	50	133	121	107	85	130	150	120	101	82	85	61	112	131	148	32	75	163	179	84	116	114	177	113	127	86	91	85	180	124	32	81	133	147	352	174	191	93	105	96	46	178	102	69	214	203	95	129	80	106	121	163	201	73	119	45	96	140	216	108	145	138	105	104	69	118	130	90	108	144	46	92	204	236	294	90	131	85	172	102	231	101	216	62	120	147	155	100	155	118	72	132	122	188	177	85	139	232	174	149	66	122	107	132	82	133	86	41	94	159	120	200	169	193	160	108	58	322	125	168	184	198	63	201	110	84	95	117	108	157	125	38	138	65	73	77	103	122	42	103	335	147	66	204	192	73	110	145	292	109	95	225	199	85	102	83	63	107	165	77	179	181	143	93	90	121	143	149	106	418	158	70	92
chr1-106000001-106500000	126	157	199	213	55	103	99	137	172	143	159	146	139	55	142	41	127	87	64	54	57	164	118	88	92	39	232	98	114	155	94	119	101	135	176	160	162	98	163	180	159	197	105	62	161	98	87	98	214	155	125	189	108	122	80	178	89	54	170	150	187	137	163	161	132	80	122	43	129	91	125	185	173	132	79	52	127	73	105	67	221	126	62	46	90	382	158	241	47	112	240	115	155	183	65	164	68	100	212	245	158	81	154	241	126	144	106	166	155	161	62	83	217	308	154	97	69	44	112	191	115	103	68	94	153	216	130	81	137	102	52	66	273	336	58	117	213	115	192	183	267	86	117	44	69	134	90	98	184	162	350	93	109	116	115	102	126	87	98	35	40	89	177	118	127	57	102	501	84	118	247	171	59	115	198	313	54	182	155	138	76	123	123	95	114	125	106	185	186	177	134	88	112	83	254	74	269	264	118	162
chr1-106500001-107000000	119	119	97	110	125	86	61	98	212	128	177	125	176	47	221	126	99	87	70	107	53	83	96	96	148	65	187	126	106	115	67	127	91	138	183	98	25	148	154	162	116	235	45	87	86	247	243	126	178	226	98	146	71	118	57	204	85	127	68	178	234	255	140	261	107	95	163	74	43	107	91	167	142	92	121	59	100	102	106	225	109	159	79	158	102	205	142	264	92	243	190	177	198	97	108	122	94	113	150	279	253	128	95	162	132	127	205	115	38	280	51	68	233	142	201	164	91	116	117	139	153	113	160	112	202	173	73	112	73	126	87	89	64	160	113	91	179	180	167	164	74	128	93	107	148	80	145	106	80	174	200	121	150	78	203	71	117	129	95	95	76	64	138	80	141	24	50	256	86	124	170	174	136	156	193	266	121	181	252	160	53	156	100	95	159	185	122	139	250	280	149	99	174	147	113	124	315	233	120	73
chr1-107000001-107500000	108	159	123	164	72	76	83	100	240	94	113	147	100	116	198	72	129	69	95	88	67	167	136	72	110	74	342	51	96	60	90	101	77	63	103	83	55	52	90	175	183	416	105	109	46	135	99	98	148	183	97	141	94	122	100	161	134	61	155	78	95	108	246	155	150	75	141	88	82	126	78	227	188	115	50	67	105	180	203	151	159	121	124	166	67	314	75	298	69	208	186	115	101	87	119	47	68	104	86	320	164	61	93	211	181	134	70	195	112	179	35	63	201	156	106	139	147	52	185	319	95	232	223	123	195	226	87	85	56	110	82	93	89	83	65	88	137	128	272	122	352	203	193	61	123	134	66	165	161	350	383	44	69	41	77	108	137	90	100	67	125	96	184	135	159	55	97	423	40	154	226	324	111	126	240	172	38	108	228	123	64	145	75	117	58	236	135	147	117	126	175	100	88	77	186	85	350	193	119	121
chr1-107500001-108000000	138	165	193	195	138	106	54	98	149	119	124	139	229	100	161	71	66	93	107	114	101	177	118	101	100	145	153	130	178	80	39	124	54	112	198	139	83	121	90	270	223	289	117	77	99	173	169	172	156	461	135	98	74	92	77	247	94	33	91	162	91	363	181	175	183	58	143	92	80	125	40	140	84	122	87	29	135	162	176	174	138	121	138	102	79	386	114	377	60	175	177	135	43	35	96	149	61	55	122	129	183	241	115	120	220	99	114	192	198	164	59	64	151	136	154	185	224	71	27	205	144	108	86	154	238	165	77	63	160	155	105	120	89	228	81	172	110	166	147	107	127	119	168	119	180	121	148	110	224	123	191	94	113	146	141	142	287	124	79	124	73	50	116	95	155	73	114	316	40	158	154	144	67	110	131	58	133	131	253	160	55	108	81	142	110	191	90	116	173	95	81	111	195	107	152	64	376	175	173	82
chr1-108000001-108500000	135	192	216	179	156	57	105	55	262	150	161	80	175	127	92	53	185	55	94	70	83	170	140	104	293	113	137	84	225	105	54	114	94	77	144	217	120	58	126	163	196	252	116	83	133	134	93	84	138	352	91	60	60	62	78	212	124	66	80	170	89	158	198	150	94	75	126	114	94	130	96	130	138	157	63	51	108	182	167	140	101	147	17	55	156	427	73	333	135	254	210	115	138	139	128	124	131	135	239	238	128	109	124	246	152	181	112	211	85	178	102	147	211	239	133	85	103	98	124	158	173	175	108	121	330	108	103	100	71	87	78	103	231	174	96	95	89	92	230	153	228	117	116	73	128	83	189	93	159	198	354	87	165	90	88	161	316	135	118	123	76	167	152	232	132	78	168	170	97	75	232	288	90	143	137	200	62	105	310	136	93	81	56	179	198	190	95	87	259	261	148	88	94	138	130	104	336	266	72	158
chr1-108500001-109000000	183	118	85	213	93	69	68	152	188	145	201	91	106	177	74	110	79	98	84	123	71	139	103	75	182	91	292	160	266	131	172	127	127	91	81	152	114	159	112	97	166	200	71	78	117	213	67	99	167	215	91	82	55	82	96	103	142	66	151	129	288	377	244	283	152	34	98	101	175	75	57	174	105	116	84	28	133	212	106	220	144	93	49	101	116	494	178	267	99	256	135	107	140	170	120	94	106	79	169	289	145	161	124	75	177	148	82	91	230	183	60	76	353	205	74	194	108	41	95	72	227	145	143	95	210	125	116	59	58	105	51	50	138	149	43	137	206	117	100	185	106	180	140	63	236	168	49	261	174	229	184	87	87	69	133	131	344	128	42	102	33	84	127	153	123	58	103	163	68	123	169	223	172	92	126	243	95	129	172	76	103	93	81	78	74	127	155	182	209	135	219	119	65	105	145	39	372	283	129	78
chr1-109000001-109500000	122	215	107	123	154	121	43	56	32	95	143	102	98	129	122	82	139	93	85	131	76	140	114	85	189	108	143	122	77	114	65	166	83	44	151	110	70	136	159	170	139	354	52	154	106	219	44	127	253	153	97	176	64	131	96	109	88	54	75	185	167	256	190	143	104	68	64	61	68	92	126	169	143	69	191	71	94	148	138	114	90	80	88	94	147	365	180	183	87	104	97	169	150	171	183	153	101	140	148	313	171	110	95	101	160	121	108	140	120	142	114	85	163	254	94	143	93	62	82	170	89	97	157	119	197	179	105	34	56	126	117	37	119	172	77	37	90	70	129	243	193	148	176	82	167	117	156	150	178	265	361	104	70	126	92	111	202	139	110	78	135	135	116	137	161	34	85	204	140	148	99	126	109	136	142	198	64	81	182	147	107	109	91	146	183	136	54	191	271	132	161	76	194	102	103	126	181	313	78	174
chr1-109500001-110000000	127	156	98	196	96	68	47	113	150	72	127	63	93	87	174	66	246	110	111	171	55	247	72	105	197	83	202	175	66	118	106	161	90	85	172	119	64	142	118	217	133	253	66	69	65	130	162	163	167	312	96	109	38	29	103	171	160	26	108	229	175	277	237	194	65	119	37	78	94	81	135	201	136	135	75	31	55	103	167	221	106	119	47	94	65	165	128	185	75	94	175	124	193	97	65	156	154	87	105	185	278	132	75	233	137	159	100	158	84	169	42	87	258	324	107	127	183	91	80	186	81	200	159	123	213	155	81	80	124	187	77	140	78	238	88	91	164	125	163	121	272	109	70	125	136	106	108	121	135	219	225	92	108	72	186	98	244	92	118	39	52	103	66	109	166	68	126	103	48	145	156	242	129	128	164	238	39	174	275	169	94	119	93	162	224	133	112	160	210	150	113	38	212	114	131	117	138	186	84	97
chr1-110000001-110500000	110	217	118	342	159	74	81	90	102	136	146	79	171	72	174	84	98	99	101	122	127	180	166	97	204	79	310	90	173	59	144	233	119	140	106	124	114	133	179	150	99	385	65	48	69	78	184	170	97	259	96	81	61	66	139	170	88	66	85	92	271	151	321	186	113	35	99	102	84	135	110	104	141	210	124	35	108	179	147	122	95	64	62	119	94	334	82	199	76	275	153	117	101	85	61	136	97	127	100	225	173	125	103	93	160	80	162	145	192	183	40	73	322	340	176	61	262	74	141	195	171	192	165	53	315	122	118	64	118	125	113	166	128	218	38	83	128	112	262	190	221	285	139	44	97	96	80	137	166	219	198	119	123	60	163	112	264	63	73	67	103	125	94	114	127	52	66	269	70	81	84	167	42	148	137	252	61	104	87	187	76	75	124	105	173	148	106	182	189	75	149	46	100	158	88	91	345	222	150	185
chr1-110500001-111000000	186	143	180	155	111	90	78	76	134	62	215	100	228	109	81	81	64	107	60	103	85	159	86	76	201	56	121	166	227	69	113	184	80	75	110	74	79	97	97	176	60	214	100	96	80	133	141	117	184	237	189	144	76	83	104	134	88	64	85	163	166	215	220	165	77	63	208	83	99	125	60	149	121	218	99	65	190	99	80	206	79	42	67	83	123	108	169	152	96	263	114	62	185	116	115	137	139	82	128	246	186	123	69	141	105	108	90	211	108	129	39	77	197	545	137	121	173	84	76	183	109	233	161	188	327	118	194	119	138	104	93	187	66	227	66	149	168	91	318	171	198	162	98	99	167	111	174	100	311	166	299	94	98	176	126	85	325	133	32	48	81	46	43	66	108	38	55	199	101	130	172	251	90	168	177	124	126	142	129	132	78	150	135	200	141	130	99	187	157	190	116	101	134	150	266	107	230	132	84	118
chr1-111000001-111500000	139	192	109	136	157	81	155	162	142	156	140	102	167	102	124	54	99	105	58	123	91	148	79	79	123	118	152	159	128	154	101	107	74	133	160	141	189	153	85	193	115	98	109	41	93	140	139	106	142	359	160	170	42	114	70	154	106	76	23	281	73	194	229	142	150	48	76	47	100	62	70	290	119	120	87	48	163	92	112	104	128	104	71	105	126	328	140	207	30	215	145	168	163	83	54	131	64	64	108	186	93	164	86	209	260	132	128	101	128	209	42	95	252	278	160	184	169	78	200	323	91	162	142	237	218	111	129	65	88	92	141	167	113	138	59	53	149	74	197	124	200	115	95	102	140	68	98	122	141	338	381	118	116	85	107	76	204	157	135	71	117	114	132	108	136	40	73	398	56	144	188	279	115	68	146	168	58	194	202	259	88	147	93	120	99	220	85	160	199	163	174	124	220	81	158	133	165	414	99	82
chr1-111500001-112000000	156	209	177	182	157	92	85	83	64	98	163	114	182	152	101	57	171	70	111	66	75	154	61	57	80	89	209	137	148	77	125	70	83	93	136	80	81	117	90	149	97	254	42	72	86	155	125	84	94	175	87	106	82	75	97	253	84	62	93	190	157	150	315	117	106	65	203	96	90	124	102	243	127	138	100	85	85	94	152	121	105	63	44	114	64	294	68	268	40	215	88	140	147	159	149	68	84	182	126	205	141	218	159	185	163	99	84	194	144	95	88	161	242	137	113	137	199	47	118	119	123	150	180	128	111	103	65	125	157	186	84	64	247	200	67	58	135	124	186	123	224	193	109	124	102	55	79	132	213	130	255	136	127	76	84	107	357	206	37	49	133	81	130	75	169	69	89	287	112	93	179	260	119	131	172	241	75	167	213	203	56	137	134	117	104	150	121	234	227	130	197	140	161	132	162	72	176	189	68	103
chr1-112000001-112500000	159	217	184	151	142	103	92	50	68	121	152	121	168	143	75	55	172	77	86	116	128	277	97	73	125	103	234	65	103	78	134	226	93	105	64	120	76	149	158	220	106	252	129	102	91	139	159	139	161	222	24	112	73	79	67	93	125	79	96	126	198	124	139	146	104	94	129	95	142	107	85	147	97	113	85	48	151	128	121	169	138	188	78	114	74	298	87	192	85	267	150	118	145	48	154	182	146	129	119	304	92	107	160	327	89	174	132	254	111	190	72	123	325	357	142	96	132	110	76	277	142	184	214	181	252	133	97	61	256	60	115	88	171	138	72	59	131	146	121	260	223	56	128	85	151	59	138	178	167	177	196	61	110	68	121	141	279	92	184	93	108	86	85	175	120	82	113	141	93	109	175	253	77	146	135	179	72	56	119	115	48	107	84	110	139	115	104	144	123	111	110	128	153	161	158	105	264	298	93	39
chr1-112500001-113000000	233	147	143	76	113	139	78	133	153	119	161	42	156	81	107	114	123	120	103	46	60	214	92	91	130	52	232	109	94	151	44	140	88	82	145	143	133	129	61	158	87	239	66	67	102	138	96	140	86	179	101	145	77	85	120	254	69	27	73	112	249	226	142	100	104	61	63	68	49	229	82	181	163	141	56	58	153	63	155	121	106	110	58	137	65	313	76	121	57	174	202	131	190	109	99	129	82	92	101	308	110	99	93	224	264	85	141	147	99	103	64	89	402	109	133	132	158	86	135	168	162	118	163	222	183	102	103	58	78	116	85	162	87	168	91	64	120	135	173	214	168	191	217	55	202	86	102	172	109	219	242	140	130	67	92	136	214	96	86	74	104	71	65	101	186	89	99	160	128	108	153	150	122	172	126	253	125	118	201	162	48	65	83	73	116	222	134	170	268	193	144	144	84	64	135	105	381	204	46	262
chr1-113000001-113500000	174	108	115	183	105	123	109	109	267	88	92	130	127	140	119	46	146	98	68	53	68	122	140	106	120	89	215	76	203	68	117	63	78	109	67	132	86	61	118	92	160	120	58	40	72	157	64	92	147	130	76	108	63	83	158	149	120	44	93	118	168	113	300	132	72	55	130	76	87	115	88	233	144	84	169	36	87	146	187	216	88	152	78	101	134	286	107	168	88	156	162	143	164	75	70	135	162	158	184	218	162	126	105	183	159	142	172	239	162	227	104	62	184	300	133	131	68	32	117	152	112	151	194	196	158	185	204	130	52	100	79	78	96	333	93	66	100	169	151	171	310	100	124	57	307	125	129	180	116	157	376	93	210	38	130	96	152	89	61	56	78	142	93	133	148	63	140	372	89	130	181	153	74	176	194	258	51	132	183	144	100	143	77	161	138	246	166	202	225	149	103	120	104	93	80	125	158	186	121	79
chr1-113500001-114000000	167	174	113	138	125	47	80	156	260	142	184	129	334	66	243	43	161	118	95	94	68	134	76	56	152	75	140	71	142	103	62	106	72	121	124	171	66	141	120	253	289	258	49	43	125	124	75	60	211	328	91	194	80	65	126	233	185	54	113	104	138	283	209	134	126	82	78	74	130	86	81	178	164	169	48	61	77	122	159	126	267	98	62	67	99	231	58	191	52	170	255	111	136	121	138	103	121	135	122	186	138	111	117	346	107	174	163	124	100	187	39	109	142	261	127	207	114	106	134	168	133	106	185	141	337	157	123	82	96	85	75	138	75	117	141	107	194	145	151	101	308	216	48	137	168	140	151	129	122	306	234	100	163	97	111	49	197	119	45	134	84	122	84	83	185	66	100	216	52	96	149	228	110	127	300	181	76	115	268	146	110	78	112	123	136	141	104	171	310	179	139	93	107	146	249	88	249	347	211	189
chr1-114000001-114500000	169	201	108	160	75	115	93	151	250	100	175	53	112	113	108	68	115	87	87	85	100	200	167	81	76	94	187	103	111	93	55	129	74	197	177	133	88	88	101	117	112	303	107	75	130	124	152	80	279	118	27	59	79	59	69	219	177	39	110	124	189	514	232	220	109	46	82	93	121	181	106	121	112	131	138	56	165	103	251	82	93	140	50	87	101	249	145	160	50	274	251	135	171	159	75	159	85	90	279	187	159	132	51	165	125	105	217	212	164	225	70	71	215	201	89	98	132	97	76	86	247	167	107	181	150	134	105	52	112	112	61	131	163	242	28	82	141	148	251	318	256	53	131	102	147	183	113	118	189	145	255	64	165	110	100	79	166	141	138	93	96	174	197	189	137	70	89	272	64	150	119	351	91	131	112	184	68	125	63	222	87	111	71	146	132	135	118	185	110	223	174	91	185	115	236	103	187	232	126	122
chr1-114500001-115000000	207	197	80	140	182	198	78	139	159	173	137	201	139	51	202	54	124	55	81	65	55	187	143	89	150	47	199	75	207	123	70	170	74	92	201	84	69	53	128	73	246	212	86	115	81	180	108	99	80	210	165	91	80	116	46	298	173	45	78	97	255	189	292	215	253	49	87	59	161	42	64	229	105	111	91	71	215	120	225	63	129	215	100	73	149	314	137	372	64	182	114	97	113	137	106	167	53	65	180	309	239	175	152	185	114	99	143	142	62	104	57	102	210	322	112	134	315	72	102	230	162	116	108	102	250	88	96	92	104	89	109	124	120	247	82	72	190	239	219	90	174	246	212	71	126	51	107	73	133	102	156	202	125	74	79	74	329	111	43	64	94	114	110	143	80	77	76	179	119	107	82	172	140	168	250	211	72	109	181	193	42	162	127	142	176	142	168	96	196	241	189	102	131	137	205	51	356	307	109	78
chr1-115000001-115500000	157	162	98	212	84	121	116	81	176	38	141	118	103	126	158	85	130	114	65	122	81	134	174	130	150	185	49	93	124	62	98	79	115	143	122	131	66	90	107	136	156	321	136	30	86	126	206	99	210	242	100	72	51	93	46	198	145	73	119	136	145	175	144	133	102	132	164	71	83	128	85	170	125	240	165	49	99	166	207	179	152	112	63	117	172	237	92	166	73	244	157	136	173	142	155	143	130	126	129	354	141	91	116	225	113	87	97	149	139	143	66	81	231	183	164	82	178	38	89	202	138	164	194	138	235	101	81	69	93	100	118	39	130	214	56	146	88	124	303	165	216	118	169	95	138	132	151	124	140	213	269	120	200	78	121	76	151	183	63	45	93	217	85	166	181	54	89	252	102	54	167	287	96	91	159	200	54	210	205	130	47	124	137	156	106	127	108	145	193	167	171	107	192	109	78	126	358	295	125	151
chr1-115500001-116000000	99	158	228	258	208	47	99	159	95	88	160	90	110	159	146	61	108	128	77	146	63	116	70	69	248	104	162	158	120	74	112	129	82	65	229	158	74	136	107	133	82	237	76	60	65	295	192	66	131	124	171	98	23	124	127	206	135	53	85	127	122	256	455	184	62	162	104	56	101	114	97	244	167	111	105	54	111	203	96	149	120	196	52	109	89	164	176	442	74	120	201	172	190	129	78	145	115	78	132	256	156	168	89	320	75	121	157	176	128	146	138	110	206	251	155	137	140	53	89	108	77	225	173	174	256	108	103	59	76	83	32	158	243	190	95	137	98	127	205	163	166	168	116	72	178	86	80	139	123	450	229	149	131	73	141	212	168	164	75	102	106	120	117	107	182	42	90	204	63	104	236	330	95	68	190	320	115	99	257	113	75	182	71	95	126	153	106	173	267	180	164	75	184	189	143	88	227	340	155	72
chr1-116000001-116500000	248	134	157	123	98	81	66	91	301	139	127	164	202	186	98	62	141	63	140	133	76	87	135	83	195	74	113	116	184	108	35	118	50	73	136	153	73	73	115	138	98	273	77	120	87	115	128	103	183	226	108	134	37	54	79	197	108	57	73	88	252	261	249	184	48	64	137	95	79	104	61	214	119	45	102	55	89	97	81	120	156	115	74	114	106	136	69	274	69	136	164	135	192	122	158	127	117	102	117	216	85	144	87	156	119	98	120	147	123	139	35	64	89	253	127	189	141	96	187	158	133	162	94	141	182	132	148	60	62	137	61	96	91	212	82	79	142	188	179	102	174	106	212	87	127	104	86	126	99	188	283	95	101	96	140	89	246	133	92	61	75	150	124	95	107	33	125	235	102	96	156	174	98	60	151	250	61	72	124	120	41	118	44	177	223	87	132	149	280	199	114	124	101	78	102	127	283	129	143	202
chr1-116500001-117000000	199	228	90	225	134	67	36	94	351	150	135	168	330	193	103	84	151	122	100	39	60	167	108	182	73	58	128	85	177	169	78	121	60	68	79	75	87	124	83	121	149	216	99	64	65	207	127	138	175	240	134	159	61	57	81	184	189	54	82	120	184	217	212	295	96	57	87	84	196	122	111	195	107	164	100	51	74	136	162	123	140	124	70	99	138	412	281	213	93	205	103	80	160	56	105	92	45	161	72	245	118	218	104	115	191	107	175	205	142	168	66	71	266	290	174	109	165	41	120	90	144	155	102	167	205	124	74	103	76	139	143	54	256	346	137	59	172	92	213	228	109	161	125	95	132	96	104	223	231	102	294	103	116	110	99	58	160	163	63	89	64	97	137	97	208	68	72	156	64	202	188	150	91	170	213	176	39	143	232	173	100	160	75	186	107	170	155	129	157	141	89	84	152	193	133	34	343	202	109	97
chr1-117000001-117500000	166	217	114	121	85	82	55	60	127	49	149	128	178	166	120	70	148	124	93	51	87	224	89	101	204	75	126	125	160	71	112	77	41	141	145	99	100	62	100	154	92	177	66	63	80	165	111	270	142	177	152	154	44	93	133	169	121	110	126	167	206	197	211	67	117	131	138	128	92	93	95	214	103	109	126	77	98	111	132	337	198	160	65	93	161	269	101	192	68	155	178	119	62	136	61	80	109	148	136	169	185	98	106	235	105	152	149	258	169	152	116	59	225	279	84	79	182	39	106	148	66	124	150	107	203	141	95	72	135	111	135	109	99	157	75	96	122	229	206	183	249	159	43	86	112	115	162	162	199	284	210	99	115	93	172	59	361	127	122	41	86	64	77	186	118	67	136	229	136	127	183	249	106	71	100	191	115	105	222	166	131	105	68	79	155	95	108	272	139	155	207	49	172	46	243	101	117	204	165	118
chr1-117500001-118000000	188	113	125	146	69	69	57	86	158	143	64	161	127	112	126	83	147	114	84	90	104	124	138	90	123	84	273	90	137	67	50	164	61	171	120	164	158	74	108	141	123	284	91	90	138	115	104	53	99	288	49	76	47	78	148	112	160	50	145	215	281	201	175	225	52	36	130	39	126	126	106	173	80	95	93	50	80	140	179	148	65	106	97	126	65	392	213	204	82	219	148	89	115	102	115	176	93	186	202	276	103	112	94	160	118	75	100	144	179	146	68	141	255	223	134	116	109	44	154	235	107	150	158	263	223	154	94	138	139	69	51	102	115	188	92	58	140	87	102	161	106	127	115	85	112	103	92	200	129	201	297	93	106	49	167	133	324	115	35	65	49	150	147	72	69	61	85	341	61	115	224	168	139	83	136	186	43	131	163	200	97	242	131	122	99	200	81	165	171	241	136	80	178	127	134	67	305	167	148	153
chr1-118000001-118500000	107	230	122	215	85	64	75	99	194	158	155	88	192	83	77	72	116	70	191	88	95	103	137	89	130	74	255	110	65	99	57	134	122	98	197	72	132	120	149	112	266	201	98	76	81	81	109	83	109	222	97	158	35	126	108	173	95	62	83	165	272	237	99	136	110	60	129	66	45	69	65	423	213	172	80	61	119	143	177	192	167	190	62	150	88	268	58	139	108	124	139	139	89	114	42	224	101	122	128	424	180	96	85	206	146	145	171	142	91	95	102	150	280	242	198	129	90	63	52	138	114	181	178	64	142	138	175	130	93	213	103	83	59	149	49	79	187	77	233	165	265	159	133	66	149	128	60	113	181	278	256	103	79	93	252	127	193	54	80	111	79	129	173	52	217	82	70	192	113	82	138	297	90	196	255	159	57	151	78	128	53	114	126	237	133	314	81	188	307	73	212	91	188	107	160	137	327	147	124	124
chr1-118500001-119000000	135	89	146	174	126	147	57	82	145	115	85	86	199	133	54	78	145	95	161	182	64	228	140	114	109	55	80	109	167	190	20	151	54	44	152	106	67	103	90	97	134	242	77	90	83	97	169	195	231	254	63	148	121	138	47	160	105	46	114	195	110	266	226	146	107	108	131	61	115	143	51	107	225	216	103	44	47	103	116	40	124	108	46	102	128	182	118	211	60	220	187	122	110	77	56	161	119	80	176	140	72	163	183	280	187	88	83	118	147	167	52	78	179	279	90	219	176	57	93	196	125	172	171	206	280	145	83	84	174	83	100	157	210	206	68	134	158	138	271	127	105	171	155	65	141	83	95	156	154	164	250	147	96	140	92	120	214	121	66	113	45	95	98	113	100	55	62	305	111	97	169	151	141	100	157	178	94	147	134	142	148	217	109	230	124	133	144	78	200	245	201	29	177	139	178	43	218	344	124	106
chr1-119000001-119500000	138	83	162	219	109	82	69	102	164	169	146	112	189	136	110	101	254	67	156	127	63	142	81	78	154	85	209	100	205	55	80	124	97	118	92	162	97	51	67	147	173	337	80	46	145	140	98	56	69	258	85	164	48	70	110	141	112	60	151	140	218	220	269	240	98	49	62	75	110	156	62	489	113	130	96	74	105	173	128	146	92	158	92	120	95	294	120	227	132	266	112	73	173	114	71	96	111	117	113	258	121	106	52	181	90	160	164	97	189	115	54	117	299	249	173	72	172	50	123	179	140	158	149	177	171	190	104	56	73	88	100	212	144	163	57	113	84	183	214	88	194	129	75	129	121	95	63	117	60	230	156	53	101	57	132	151	264	128	69	81	91	151	143	128	113	83	73	258	47	63	126	230	110	133	279	245	59	130	163	183	50	154	79	128	132	107	114	281	134	169	137	64	147	124	184	157	411	139	92	174
chr1-119500001-120000000	63	89	164	144	159	58	98	74	272	132	115	90	242	136	130	136	184	94	120	72	55	117	84	88	103	61	206	76	119	117	58	157	92	84	223	134	85	118	68	104	121	179	86	58	73	138	207	81	135	326	54	116	94	115	181	135	109	117	153	97	235	290	63	191	100	97	81	79	76	68	160	168	132	127	107	35	194	91	128	152	181	188	55	119	136	225	125	85	73	261	230	139	61	222	100	81	113	88	137	310	60	95	122	192	165	196	130	114	132	123	89	120	334	199	166	170	155	57	110	159	135	197	151	181	264	186	60	99	84	69	122	120	99	153	108	121	124	77	156	239	287	137	74	33	131	85	108	96	142	150	146	118	141	126	140	67	204	93	65	61	76	130	104	61	149	25	85	276	82	87	126	242	97	96	319	323	74	150	199	166	80	138	140	87	102	170	89	160	154	155	189	93	114	44	167	104	217	266	121	72
chr1-120000001-120500000	142	193	138	205	127	68	63	71	185	100	131	112	129	190	135	112	86	120	124	103	62	205	113	68	136	81	152	113	168	129	91	137	96	82	164	113	37	65	124	173	190	178	98	101	93	151	245	92	200	89	166	128	81	122	138	183	124	54	85	266	273	172	321	147	109	29	134	99	142	89	34	312	87	104	148	51	100	127	319	353	89	97	62	96	74	771	129	116	58	203	186	87	111	184	117	212	95	68	53	237	101	92	121	147	142	126	94	168	205	70	69	95	262	179	162	235	223	74	69	129	74	99	165	142	295	134	79	65	84	162	67	142	169	194	56	48	98	78	193	146	160	93	121	102	154	37	78	47	151	201	266	91	111	163	151	94	158	153	142	60	103	77	89	112	121	125	80	290	154	132	94	230	74	199	258	313	74	157	181	255	124	110	154	85	78	178	127	134	136	62	96	67	152	146	253	121	286	268	55	113
chr1-120500001-121000000	188	203	122	171	120	79	90	113	226	89	186	120	148	102	83	91	139	61	89	154	51	184	81	66	111	69	115	73	88	54	39	99	65	53	132	84	165	127	211	129	125	270	134	75	83	244	229	136	148	270	136	128	51	68	89	187	153	78	68	220	224	290	284	100	77	53	39	68	60	127	77	110	126	126	114	42	127	123	222	120	143	128	81	98	116	189	142	234	54	146	136	178	113	80	29	139	170	111	151	173	127	167	86	250	185	104	159	215	134	80	86	100	208	239	117	167	151	100	133	107	192	153	120	178	173	250	176	103	83	80	85	85	60	150	37	62	186	149	124	147	164	152	107	93	163	133	83	100	133	201	282	81	133	125	163	79	254	68	123	75	89	87	163	79	85	130	79	209	121	69	214	200	65	215	65	385	90	176	132	199	94	143	145	125	173	134	93	212	143	68	151	90	76	146	173	148	224	92	78	79
chr1-121000001-121500000	134	186	140	138	98	92	63	133	160	108	138	191	168	146	210	79	133	62	78	69	47	133	149	97	107	47	238	52	82	85	134	133	98	86	100	194	93	91	114	146	308	138	67	48	60	233	151	118	115	157	166	99	33	50	110	126	119	36	86	192	230	167	188	116	91	112	128	108	113	66	87	281	157	105	178	59	173	150	285	261	75	150	86	152	141	241	118	127	64	240	132	91	126	145	68	95	80	61	127	260	165	119	93	163	100	169	154	184	192	136	85	146	197	186	170	170	64	48	118	249	179	81	185	118	299	85	127	86	85	125	33	110	125	177	60	97	148	103	262	251	321	147	156	81	194	97	128	234	85	188	211	147	186	81	63	85	276	56	78	113	78	173	152	139	166	49	68	222	110	84	141	236	182	109	155	337	65	165	271	103	93	119	116	285	109	157	62	139	220	142	189	83	190	118	134	36	336	122	80	84
chr1-121500001-122000000	174	122	88	164	138	50	123	74	198	162	216	127	112	92	114	75	259	100	124	80	77	228	81	71	78	83	211	85	197	58	156	131	91	153	106	97	91	54	93	137	185	268	46	66	72	115	104	137	150	269	146	98	98	172	42	181	128	59	128	56	100	383	146	198	103	88	42	89	78	55	73	213	149	102	96	32	107	129	136	278	135	112	87	117	123	164	161	230	96	190	268	108	221	129	82	62	138	49	132	207	78	141	113	166	118	108	63	159	86	121	76	66	400	276	212	118	155	95	144	98	136	100	126	153	198	110	107	123	89	141	157	64	208	136	74	86	148	86	199	190	218	205	223	84	145	133	66	147	249	221	188	104	98	114	123	131	182	179	62	79	85	106	91	93	67	63	88	187	93	67	94	187	112	135	130	230	69	84	121	116	104	141	111	108	94	81	57	235	198	167	167	145	127	110	153	78	329	172	148	168
chr1-122000001-122500000	144	107	126	94	49	87	126	55	137	85	125	63	38	213	106	78	67	80	75	56	68	81	71	78	111	55	85	127	96	100	76	103	74	85	71	59	144	74	82	135	99	120	123	82	81	85	104	103	136	151	36	51	82	46	84	157	35	47	60	65	173	202	115	81	39	68	75	40	42	52	148	94	126	138	65	73	33	96	147	106	89	60	58	18	72	191	57	185	97	126	66	137	66	66	125	112	99	44	53	170	106	56	99	144	89	99	186	92	194	104	73	79	185	134	83	59	228	59	79	79	76	122	135	77	131	123	48	63	91	82	92	99	84	56	43	119	63	54	99	125	205	155	105	141	162	100	115	110	60	196	222	67	57	88	75	199	135	129	123	83	53	33	77	52	148	69	105	128	72	51	161	133	77	97	145	122	86	108	61	124	102	121	80	105	68	105	108	79	76	56	74	72	45	62	104	47	302	171	111	52
chr1-122500001-123000000	134	123	128	149	66	101	69	92	74	80	48	145	77	115	104	77	74	43	26	48	73	84	44	78	117	113	164	66	63	37	91	78	40	77	53	76	35	112	64	179	113	217	77	58	139	113	133	104	80	161	46	89	91	55	66	119	75	76	74	97	83	270	233	84	73	30	74	63	61	34	65	90	101	42	78	51	101	77	72	85	67	81	117	78	46	232	56	111	76	100	125	147	66	62	74	61	59	87	88	142	72	95	58	120	90	67	209	87	212	72	85	45	141	111	72	153	163	136	71	124	58	88	241	99	157	162	178	38	133	95	73	49	84	190	92	112	87	56	164	56	180	68	74	121	52	101	103	121	125	210	139	50	72	57	80	111	118	48	67	43	137	56	69	115	63	64	97	121	37	43	113	233	60	102	115	191	104	101	151	138	96	47	60	42	88	81	118	144	43	78	70	76	97	72	77	50	201	145	66	89
chr1-123000001-123500000	134	127	126	157	51	88	67	71	88	90	107	57	111	112	68	91	73	56	105	54	50	97	80	51	103	83	65	41	105	36	48	81	55	115	74	65	112	69	74	99	81	168	76	72	85	74	206	198	148	88	49	97	53	62	104	88	32	37	60	91	64	139	297	72	94	24	153	88	87	58	77	69	69	83	65	61	96	72	185	72	138	61	21	110	67	175	60	78	46	120	136	79	111	59	62	74	75	30	105	192	131	137	100	169	175	66	150	124	97	74	40	86	138	245	50	70	202	70	59	89	61	94	73	84	195	159	117	29	159	62	115	39	61	279	106	43	78	43	123	117	137	82	52	110	89	90	127	54	137	215	208	78	161	68	55	110	66	94	91	47	76	83	165	64	66	50	48	127	36	79	123	282	43	85	88	106	78	71	111	128	64	81	76	91	121	62	92	93	199	39	68	45	117	51	109	55	255	64	141	83
chr1-123500001-124000000	62	199	79	155	28	97	46	79	151	63	135	114	84	61	112	68	84	45	65	56	71	92	72	114	151	95	93	87	97	42	111	83	50	139	128	129	55	107	94	88	115	151	47	104	96	42	176	103	115	147	70	81	82	37	68	39	142	51	117	47	169	209	117	121	63	44	111	119	68	97	85	142	84	99	48	25	42	90	162	110	165	68	78	58	76	270	85	58	100	169	85	51	37	74	93	61	105	70	78	94	119	93	74	126	69	78	88	110	163	165	116	54	229	176	99	46	113	32	70	99	138	133	129	66	277	117	175	59	74	52	93	76	81	118	103	101	49	42	179	151	154	110	87	74	106	144	39	125	99	183	189	109	97	46	95	50	196	64	100	36	84	40	61	105	117	79	50	200	45	103	154	198	83	59	62	126	59	90	48	46	45	192	111	104	104	169	102	124	119	76	87	80	67	111	107	59	195	216	240	65
chr1-124000001-124500000	106	258	95	149	43	70	93	55	125	101	92	172	113	86	99	67	67	90	57	47	37	86	75	98	102	42	143	116	129	63	65	131	44	104	130	82	44	130	68	124	71	249	58	57	48	121	84	114	83	167	78	37	36	105	38	185	70	57	65	164	111	286	351	79	76	61	96	89	156	65	42	156	103	87	64	56	80	91	159	110	155	125	48	37	91	229	103	104	49	98	109	70	60	70	108	91	106	46	101	139	128	24	134	97	89	79	90	107	173	116	105	124	119	138	90	73	220	62	90	90	68	78	57	55	64	77	84	58	77	66	56	107	75	98	49	74	109	112	109	127	178	95	121	39	94	124	49	120	110	221	213	58	64	53	117	86	95	131	93	46	163	44	55	32	65	40	47	258	74	56	201	279	66	72	178	165	72	83	110	108	83	73	37	103	76	91	66	77	196	123	103	52	131	87	61	88	193	100	115	32
chr1-124500001-125000000	82	105	47	79	72	49	97	46	101	91	116	95	92	166	72	84	83	68	72	66	84	143	66	69	181	63	170	79	164	59	96	156	69	68	115	95	42	57	36	48	44	143	94	52	81	143	145	100	78	139	107	65	72	63	44	99	53	56	89	75	93	192	123	94	38	29	72	33	71	98	56	148	107	50	67	23	54	85	168	126	121	39	71	53	58	140	107	76	84	56	59	35	55	95	100	75	81	52	103	250	61	51	99	72	80	81	106	132	150	124	43	65	143	53	71	68	128	66	44	174	61	100	131	61	147	45	67	39	78	101	43	81	112	115	65	129	72	53	156	129	144	68	49	120	45	39	46	88	67	163	171	129	71	38	52	58	165	119	82	55	75	77	131	64	89	49	52	93	39	130	205	179	20	132	83	107	64	125	72	84	98	90	60	83	74	105	179	153	88	61	98	73	39	51	128	61	202	141	72	49
chr1-125000001-125500000	123	162	85	91	121	94	66	80	86	88	60	66	99	128	148	80	127	80	88	71	63	155	42	166	116	111	78	54	109	44	108	89	99	140	91	36	51	137	70	108	85	96	59	62	132	85	68	69	81	118	72	82	84	86	55	155	123	52	111	132	64	244	374	41	51	61	154	59	65	66	86	89	109	96	59	91	112	53	156	67	82	72	84	73	48	149	40	140	47	128	94	99	148	36	69	132	52	44	80	150	149	94	177	118	128	91	95	133	91	69	65	34	167	169	84	67	260	44	56	149	38	132	100	52	139	76	95	31	142	126	59	49	118	86	101	69	24	81	122	139	276	158	45	39	77	88	76	52	175	197	198	63	36	55	82	114	141	65	89	51	36	74	105	75	109	29	78	152	52	90	186	267	66	70	139	211	99	166	76	118	144	39	58	95	92	140	33	73	109	155	68	119	69	52	91	89	95	62	122	48
chr1-125500001-126000000	87	114	128	117	86	80	62	82	56	69	87	147	91	147	115	107	134	60	53	81	78	74	64	58	69	96	110	62	140	50	95	166	43	62	68	122	45	93	78	128	104	94	80	82	154	80	103	104	148	121	52	108	44	122	41	103	124	17	40	81	72	189	300	159	65	47	70	58	133	116	122	139	99	44	108	40	67	88	132	116	185	74	53	52	100	121	67	91	87	141	127	80	56	76	98	65	24	60	146	190	89	115	87	116	107	49	142	82	109	72	83	87	162	131	80	129	106	69	93	133	78	123	103	164	167	99	100	29	57	94	95	56	48	103	79	91	91	70	92	60	167	36	75	49	98	120	97	152	59	241	140	148	67	57	40	136	135	43	81	55	56	46	65	75	48	29	66	172	38	76	128	241	80	89	74	106	77	57	128	162	80	77	84	61	95	108	54	129	164	63	89	80	58	55	158	73	191	106	57	111
chr1-126000001-126500000	91	78	75	130	99	74	122	79	78	73	89	115	93	67	108	58	76	33	86	60	86	53	54	58	78	43	169	72	78	78	71	72	57	79	84	68	38	105	47	81	96	102	160	84	107	126	149	90	67	125	38	116	93	42	79	91	70	64	31	85	101	117	131	71	62	55	54	96	19	56	152	143	70	58	23	75	31	171	128	128	158	91	36	63	59	142	98	74	98	111	109	68	72	40	211	57	88	53	135	195	121	76	77	117	90	204	112	139	218	101	61	75	158	123	103	154	287	82	34	119	73	83	42	88	107	133	109	37	81	67	53	51	75	75	51	125	54	75	128	99	178	105	76	141	121	109	69	91	94	213	126	64	79	49	48	100	103	72	51	42	90	41	76	76	90	75	79	193	54	90	218	282	63	59	156	178	66	99	102	171	113	105	56	47	110	126	109	146	109	131	73	89	110	36	126	84	143	106	109	101
chr1-126500001-127000000	173	95	97	122	62	44	86	75	51	84	109	137	125	82	103	92	111	102	56	59	76	102	74	58	127	216	152	55	71	70	114	112	51	153	85	73	47	95	143	95	81	209	126	71	128	115	85	102	119	165	85	94	73	87	87	152	54	87	72	127	109	198	145	60	53	41	104	65	75	48	106	126	121	39	36	59	93	112	116	59	90	76	32	129	87	182	83	143	97	150	206	77	88	75	86	77	81	59	58	150	125	54	78	132	151	88	128	83	164	137	41	82	142	151	112	83	128	62	65	131	40	95	100	116	108	89	192	49	47	100	52	74	96	189	72	60	107	67	146	55	129	62	57	78	130	89	98	80	106	206	160	29	52	94	66	38	123	121	99	41	94	108	80	134	68	29	41	234	79	75	126	158	56	49	139	238	39	56	108	57	56	88	77	54	86	75	107	118	116	76	79	147	75	102	87	66	209	134	90	114
chr1-127000001-127500000	129	156	96	75	119	80	65	55	29	88	134	132	105	141	102	49	39	84	41	93	55	130	79	56	165	77	157	97	86	67	60	86	63	88	155	53	39	99	121	89	90	151	50	49	127	116	113	68	158	87	50	68	94	74	47	128	59	35	118	78	115	216	224	105	80	36	184	43	80	72	58	176	115	63	92	61	92	124	148	92	118	54	98	63	93	195	60	107	110	120	97	83	40	45	91	84	136	48	78	130	248	30	155	133	125	132	102	142	110	76	68	49	218	182	81	117	164	74	99	83	89	80	150	119	106	66	76	60	93	56	53	72	93	126	72	62	51	124	76	104	88	94	64	95	187	87	65	55	85	214	188	100	89	48	67	140	154	64	90	39	69	42	60	53	86	92	46	155	72	55	249	409	90	107	84	189	79	125	112	140	76	52	54	118	88	49	94	118	122	161	111	124	103	102	78	62	105	115	131	34
chr1-127500001-128000000	89	54	68	113	83	141	130	72	86	70	113	134	129	127	82	73	120	51	58	70	76	69	25	76	104	129	65	58	92	80	188	169	59	136	97	54	98	61	71	110	62	152	112	32	182	110	200	117	132	180	110	54	63	80	60	109	94	41	64	116	148	133	267	72	59	82	109	55	52	62	159	133	127	62	74	77	71	57	246	103	123	94	83	61	36	172	112	126	47	129	97	106	111	45	96	154	62	63	78	163	63	84	127	200	138	88	161	57	192	89	63	118	134	153	121	37	150	75	73	148	86	138	106	129	195	118	149	36	69	93	31	83	68	147	57	52	66	122	48	61	95	120	43	79	108	48	56	67	165	264	110	95	100	40	91	85	159	61	102	40	78	57	58	72	73	33	59	124	90	56	122	256	32	135	65	219	68	60	132	83	93	78	75	61	112	132	51	156	98	130	95	76	147	67	78	100	348	113	105	29
chr1-128000001-128500000	86	130	91	111	122	52	67	37	127	73	72	122	29	100	133	80	76	50	55	69	55	83	42	77	183	66	91	88	93	95	71	126	63	76	133	41	47	78	76	120	117	122	84	90	91	64	164	129	96	183	86	49	59	94	63	102	102	43	66	124	125	121	247	59	100	30	83	70	76	108	76	79	89	90	82	20	72	93	218	145	183	49	55	46	39	118	22	158	52	317	59	106	80	125	104	61	35	62	95	128	115	119	133	174	54	104	232	76	115	94	47	85	154	236	97	64	79	112	109	96	51	91	156	96	214	65	129	50	116	72	77	112	54	163	29	106	97	75	88	92	118	94	97	113	88	92	70	167	73	281	192	72	145	38	140	88	127	96	91	70	57	41	138	90	83	53	81	170	45	68	92	222	68	77	81	166	70	54	142	92	90	117	42	81	103	111	88	69	163	88	101	91	101	100	90	94	124	213	87	88
chr1-128500001-129000000	106	131	143	103	78	79	151	58	121	29	88	63	97	117	67	146	79	42	82	46	79	148	37	56	121	75	70	55	52	81	118	107	52	129	107	99	53	185	98	124	148	163	91	48	73	76	91	78	90	227	89	134	56	38	35	121	165	49	79	93	97	125	237	101	92	51	89	82	96	76	85	161	47	60	100	28	106	81	130	163	120	111	38	53	80	141	67	120	72	110	90	100	112	47	89	86	91	83	115	92	126	81	65	102	99	163	100	121	99	123	47	36	113	189	86	102	149	88	66	99	83	96	75	92	209	140	141	40	78	69	63	108	102	130	96	154	131	101	165	164	140	135	88	118	86	102	64	84	86	254	131	34	57	107	42	71	104	66	88	48	100	67	53	39	90	89	50	143	74	77	136	223	50	58	147	123	79	93	227	92	78	75	48	120	48	108	86	98	74	99	84	32	106	46	144	101	223	113	103	82
chr1-129000001-129500000	59	124	83	83	81	109	67	85	136	112	107	116	117	69	118	52	54	55	56	37	64	125	68	80	92	52	127	134	85	68	80	122	63	179	40	101	88	123	65	157	100	117	110	70	74	90	119	94	113	95	39	59	77	99	108	136	48	68	62	156	103	179	174	63	61	44	109	90	120	79	91	98	120	52	25	57	57	127	310	117	157	56	73	90	64	177	102	97	66	74	124	104	83	83	90	81	48	73	114	158	109	88	107	91	151	86	285	102	123	136	77	63	155	96	92	71	140	112	93	66	58	36	79	142	169	90	169	55	175	70	51	69	67	143	62	146	74	109	125	91	207	106	71	144	142	105	60	96	68	123	110	83	59	49	79	110	132	64	48	19	104	93	164	63	127	40	44	312	70	115	299	446	56	78	137	121	66	90	137	167	64	62	35	141	126	71	74	180	73	89	63	44	82	51	67	55	154	132	55	96
chr1-129500001-130000000	72	83	95	148	83	122	104	75	44	26	102	92	111	89	183	70	151	53	59	44	74	95	61	88	113	122	105	66	136	84	54	85	46	113	133	72	27	61	83	115	75	158	94	39	180	129	115	74	153	52	73	65	51	105	71	59	103	55	120	86	137	217	333	77	25	60	135	76	105	78	146	139	120	79	82	82	54	92	227	107	199	89	42	45	92	178	85	114	78	102	84	117	159	77	89	29	54	81	169	163	36	67	102	104	102	80	114	132	144	109	70	56	206	238	115	68	88	48	59	70	48	67	96	100	229	63	136	57	115	113	50	111	80	62	81	93	64	84	114	100	158	80	79	108	89	47	46	114	114	175	172	35	69	53	104	68	148	76	69	45	66	50	85	118	78	60	64	216	100	30	95	282	58	58	54	185	95	65	226	123	112	85	52	50	158	130	63	65	142	109	83	113	98	67	67	99	126	170	63	66
chr1-130000001-130500000	116	99	81	88	49	100	99	46	122	84	114	68	145	93	32	93	70	71	70	39	79	140	104	76	313	72	89	31	95	60	64	44	69	130	113	67	65	67	74	70	82	46	56	42	69	109	158	200	81	58	38	78	89	105	80	79	74	89	54	83	139	107	216	140	90	50	68	67	40	77	75	119	153	104	39	100	41	89	52	76	119	118	66	66	77	240	78	153	19	146	65	85	81	77	79	120	86	51	108	118	71	143	136	75	113	60	113	88	169	174	50	67	225	182	100	133	165	67	44	136	57	81	97	134	96	123	128	34	87	58	67	104	52	103	73	71	52	86	78	149	89	125	72	57	146	140	95	127	102	203	178	144	68	89	42	138	127	80	91	46	93	34	90	43	131	71	77	196	50	39	108	194	87	80	95	208	66	80	81	126	122	39	61	32	86	97	70	79	239	81	132	85	103	96	141	106	241	270	135	46
chr1-130500001-131000000	163	75	121	87	56	39	71	48	85	94	135	105	93	100	77	111	105	87	60	56	59	76	133	99	231	90	158	100	76	36	52	104	69	84	63	86	52	121	140	45	66	129	108	72	112	149	142	196	169	167	84	85	48	95	77	38	93	63	49	61	114	99	334	113	73	39	131	93	124	77	120	82	90	41	80	100	91	87	110	127	142	117	59	91	100	137	106	48	97	168	149	103	104	75	95	108	61	101	72	126	89	102	66	153	86	49	151	155	121	221	119	70	330	87	95	75	121	87	67	167	63	94	107	83	132	110	117	66	155	76	60	111	50	166	57	151	56	76	162	88	103	100	83	79	92	49	53	79	80	330	103	97	83	97	71	112	177	77	90	42	128	85	83	66	83	81	86	141	74	53	205	310	69	82	99	168	92	75	121	75	79	122	78	96	152	113	79	143	161	99	53	97	107	74	97	54	122	101	119	58
chr1-131000001-131500000	78	170	102	105	117	143	73	27	138	100	60	90	98	112	109	81	104	82	89	89	77	123	87	73	177	72	100	46	68	100	41	150	44	96	115	84	57	43	66	130	202	233	87	71	122	99	129	125	89	117	38	85	80	92	70	98	129	60	76	56	104	105	168	99	76	70	65	93	122	73	107	88	52	118	81	37	46	93	130	62	106	98	53	98	93	221	50	125	41	138	85	92	50	51	109	75	50	88	134	88	58	135	164	166	102	89	100	111	137	141	80	44	185	120	156	112	111	50	84	94	123	100	86	164	171	78	68	52	97	73	79	40	64	112	61	143	128	57	124	127	106	60	114	65	117	105	90	97	52	276	137	65	88	57	133	124	234	99	74	47	36	38	76	84	86	69	63	204	42	56	168	126	70	58	100	97	65	62	87	120	110	87	127	102	37	85	93	80	151	94	113	91	133	140	109	42	166	128	139	106
chr1-131500001-132000000	58	122	97	52	68	113	70	51	79	58	107	147	116	78	109	98	75	61	62	96	74	82	123	100	191	95	106	57	155	70	85	50	51	91	115	87	39	149	107	127	81	150	129	37	117	91	133	57	183	123	39	60	79	69	74	127	108	45	82	80	100	208	193	67	71	84	116	64	25	40	94	130	115	97	69	90	40	147	232	77	138	71	63	112	74	98	79	84	91	134	61	52	121	48	90	69	51	46	126	157	92	47	109	138	111	99	128	104	150	183	64	111	178	218	103	81	149	72	42	121	74	76	106	76	74	75	120	49	127	48	66	66	124	93	59	95	84	61	54	123	238	83	41	99	87	108	53	98	85	112	145	53	133	80	78	69	119	84	62	66	166	92	101	70	61	60	56	265	106	140	169	184	73	42	119	137	60	84	108	93	67	73	77	48	100	64	106	89	92	100	115	64	82	58	99	104	112	190	69	124
chr1-132000001-132500000	119	149	68	76	64	74	57	71	103	138	66	173	104	87	44	115	73	38	28	51	58	179	52	44	105	37	109	83	112	29	65	122	53	85	111	106	31	65	112	66	98	168	153	56	97	109	118	88	117	115	57	86	94	89	92	143	74	97	88	115	76	153	180	82	46	51	91	60	72	75	154	129	70	67	65	88	65	56	196	79	53	137	67	69	53	168	102	202	80	123	137	48	46	70	180	67	78	39	78	179	94	113	84	124	50	94	154	133	126	142	104	72	105	238	37	90	202	62	54	93	96	132	90	149	155	107	117	37	93	92	71	88	114	96	75	106	95	71	133	96	195	111	63	72	151	98	74	105	102	231	143	75	55	54	92	94	176	87	76	31	59	57	42	45	55	82	51	155	87	38	148	375	66	133	160	82	29	101	154	123	116	114	97	76	112	92	91	97	141	105	102	122	87	60	86	95	71	78	141	96
chr1-132500001-133000000	127	88	169	163	77	66	112	138	83	56	83	150	131	131	102	29	90	69	55	70	59	89	53	84	191	99	151	85	137	96	76	168	58	131	124	124	53	120	77	102	108	94	94	62	75	112	220	158	106	43	47	79	42	75	70	64	75	86	52	110	117	146	232	86	110	41	146	105	79	90	71	62	69	61	64	48	110	98	162	80	116	48	42	75	38	106	77	110	46	42	83	58	92	81	144	52	68	41	83	71	124	61	88	159	149	110	139	60	150	117	56	67	172	120	113	176	135	67	52	59	131	171	33	104	86	178	222	49	98	89	32	119	92	133	108	105	143	50	180	101	69	91	21	111	98	63	47	90	120	165	146	65	72	76	90	103	112	90	41	45	118	105	110	50	35	41	55	165	66	64	156	181	78	54	141	179	41	71	94	86	88	85	38	124	83	102	94	71	142	41	51	66	109	88	132	140	139	253	114	71
chr1-133000001-133500000	92	104	108	100	73	57	113	24	115	129	96	69	70	139	85	83	126	59	84	88	32	114	73	77	209	71	179	107	59	61	85	163	54	97	123	90	123	63	22	161	161	129	116	124	121	76	183	118	141	148	144	63	32	108	110	146	89	78	78	119	140	178	275	104	68	47	68	64	116	82	118	129	109	154	48	62	58	204	175	118	188	88	73	83	41	172	89	176	74	104	80	97	62	50	82	99	58	27	131	104	106	101	115	212	101	47	93	97	180	59	71	75	102	151	66	59	96	87	64	139	88	162	121	77	133	69	93	61	195	70	68	101	40	108	62	90	132	103	146	84	238	133	95	41	71	77	68	117	115	180	119	42	114	69	67	95	115	65	87	61	131	43	120	56	88	64	43	229	78	63	63	84	53	101	83	128	68	50	161	79	45	118	73	76	113	122	70	84	152	102	110	251	107	93	83	126	174	152	104	80
chr1-133500001-134000000	93	215	83	104	71	70	63	109	148	36	117	109	94	91	186	105	63	41	87	43	38	62	59	66	203	133	160	38	122	74	105	184	33	92	83	48	46	119	98	122	135	139	78	75	139	115	183	162	145	182	54	100	87	118	59	105	75	117	101	85	113	332	199	155	49	73	155	70	107	99	63	132	78	77	70	68	47	106	292	94	67	45	94	107	89	194	65	227	90	145	186	47	86	126	105	100	66	39	64	139	73	98	124	90	118	70	77	119	102	71	82	50	99	132	81	94	92	90	66	146	61	86	111	54	180	59	101	39	80	85	36	42	99	145	99	119	85	85	142	115	188	54	44	86	128	66	61	133	164	215	110	28	60	34	111	73	182	64	98	29	83	71	86	51	77	65	57	148	38	45	174	237	64	67	171	92	52	67	103	62	52	70	59	105	86	61	67	155	104	119	125	77	106	48	95	45	183	174	193	111
chr1-134000001-134500000	88	114	53	160	73	71	157	67	178	86	222	116	112	107	114	71	72	56	90	79	73	158	61	110	214	142	58	78	150	82	87	118	63	125	142	83	60	128	57	45	92	161	110	111	100	73	155	126	164	153	47	57	76	125	34	56	51	50	92	87	156	229	215	97	114	40	98	149	62	86	157	232	123	48	74	75	58	101	238	84	98	111	54	83	88	210	76	111	79	70	107	68	91	148	153	55	86	58	124	184	117	50	132	98	39	47	94	110	77	53	99	57	90	145	82	110	90	77	106	75	75	121	107	136	172	121	90	33	88	42	57	80	77	173	51	116	131	65	175	86	241	112	28	89	83	138	72	47	92	288	100	73	68	29	45	51	145	103	86	49	65	78	63	56	151	55	28	159	63	99	155	272	62	80	56	169	39	81	64	141	77	194	65	121	61	130	55	127	164	115	123	156	93	69	103	132	273	150	121	99
chr1-134500001-135000000	93	104	64	104	87	91	46	70	144	131	68	94	112	70	91	84	128	105	60	46	77	218	106	74	133	77	40	86	110	63	113	110	70	165	67	51	43	70	78	89	91	71	74	83	95	97	179	224	70	164	50	86	76	105	59	161	130	45	93	104	124	188	98	91	91	42	102	92	102	38	105	162	66	68	59	69	69	89	164	113	106	128	71	49	127	92	104	158	79	148	50	191	94	106	137	74	90	90	105	190	45	139	98	126	112	121	127	101	171	138	130	49	214	160	92	127	103	75	104	123	84	70	104	97	168	71	66	22	91	70	85	67	78	113	51	56	74	103	113	80	93	77	87	54	91	76	43	169	87	181	115	94	134	42	77	94	71	48	60	58	46	38	93	77	46	69	55	364	60	45	238	409	59	104	101	198	137	104	76	81	112	67	71	120	145	82	102	65	82	80	85	102	142	90	122	143	122	119	97	56
chr1-135000001-135500000	92	83	114	78	63	65	114	65	125	91	153	154	91	87	127	97	39	26	86	79	52	214	74	113	159	94	190	95	78	87	82	123	31	108	191	82	79	51	122	144	105	100	93	87	164	59	168	117	91	165	73	42	84	64	44	102	123	60	47	64	144	136	200	140	79	33	107	68	76	63	81	69	63	49	85	42	75	60	254	86	133	78	71	107	85	160	55	116	35	42	81	111	137	83	121	57	91	77	92	199	111	72	81	216	148	75	166	155	249	38	62	62	124	182	95	138	91	85	113	118	69	94	136	84	131	87	228	39	70	78	73	55	128	109	97	134	80	87	63	87	147	96	82	74	51	86	80	202	100	85	222	111	98	48	92	137	71	51	83	62	106	34	116	72	100	35	51	178	67	48	178	187	78	55	71	99	45	103	115	120	153	147	109	77	89	107	45	201	96	102	94	75	87	105	73	82	122	83	66	45
chr1-135500001-136000000	109	59	67	110	124	98	68	117	65	37	77	82	67	256	83	71	85	40	74	89	91	79	58	68	139	50	162	61	120	60	46	110	49	52	132	107	44	75	63	93	84	185	101	67	171	102	104	198	133	91	68	65	61	39	71	61	95	32	63	99	142	195	195	106	73	47	79	70	82	41	111	168	138	51	63	45	98	68	134	135	96	89	31	51	75	166	59	105	33	131	97	84	97	67	131	52	79	65	52	92	80	80	196	114	95	124	141	72	160	174	75	47	157	176	74	136	120	68	104	134	64	120	86	84	98	71	85	39	110	99	66	81	149	94	90	114	44	116	195	197	158	82	168	75	155	70	65	95	71	314	56	71	102	44	80	77	236	126	73	61	90	66	62	91	87	43	45	149	24	106	146	240	68	96	79	117	87	113	47	137	86	57	52	104	74	86	108	93	171	82	150	43	115	70	127	64	126	110	92	77
chr1-136000001-136500000	113	167	68	150	59	163	80	95	145	31	99	87	100	70	105	63	73	110	70	55	70	64	98	67	105	70	158	84	124	45	38	79	26	76	65	38	43	138	124	144	39	161	75	62	75	164	155	72	71	161	51	79	62	81	47	85	102	35	84	50	177	148	235	101	84	28	93	74	71	96	154	143	60	84	63	94	86	68	132	77	142	81	53	60	77	176	84	62	77	113	103	149	74	103	119	68	77	70	67	130	65	107	92	106	140	110	118	140	192	60	76	71	186	274	39	86	187	47	58	117	95	142	94	72	177	120	68	51	124	54	68	55	61	174	73	86	81	137	90	93	196	81	157	133	123	83	34	84	51	239	166	129	112	109	47	68	169	59	41	57	83	77	81	50	132	103	60	386	46	73	110	344	71	80	99	196	91	156	68	85	71	86	50	145	111	134	92	218	93	105	113	86	155	79	37	110	175	250	102	62
chr1-136500001-137000000	98	206	126	103	85	126	100	29	87	87	114	124	75	111	172	66	75	111	79	74	70	134	66	75	152	94	133	89	87	106	68	135	110	152	152	62	128	82	88	60	69	283	86	56	103	79	164	78	136	75	78	110	72	124	78	121	102	43	64	128	171	197	171	88	68	40	118	84	83	82	113	82	64	83	60	47	35	60	90	56	119	57	73	35	80	176	56	43	98	104	51	92	83	63	89	56	69	65	107	94	102	81	105	151	71	73	124	141	130	81	76	86	208	188	85	51	229	161	48	130	66	61	40	138	170	128	166	36	68	65	113	55	96	146	70	68	59	123	106	111	180	44	102	169	129	81	48	44	65	271	105	60	86	107	51	82	137	113	51	69	103	54	32	42	63	66	14	283	97	104	141	153	58	162	157	184	49	72	161	92	99	96	94	51	94	104	106	77	92	105	61	72	127	47	82	49	216	75	56	123
chr1-137000001-137500000	60	104	95	74	75	79	57	47	113	106	115	131	117	111	171	49	122	44	71	96	80	108	64	70	128	106	120	64	72	80	83	179	75	56	122	87	133	172	56	103	49	136	89	104	83	88	200	174	72	134	81	92	63	66	52	218	126	65	58	104	123	105	113	103	95	80	91	90	90	72	123	139	73	111	52	47	77	94	172	88	156	98	92	90	59	300	86	104	63	73	79	162	116	108	69	113	125	78	105	206	161	60	144	136	102	128	176	66	155	139	122	131	125	178	100	78	218	28	68	110	56	46	75	87	121	106	101	60	75	128	84	88	102	163	46	69	99	46	115	94	142	62	83	61	85	98	47	82	137	179	158	86	90	47	41	130	125	79	100	41	90	60	98	71	169	37	57	237	82	76	101	309	121	95	145	134	64	178	112	96	85	178	101	100	39	116	64	82	145	72	86	96	135	106	51	63	128	171	125	76
chr1-137500001-138000000	66	97	81	75	80	93	79	71	173	119	114	95	91	137	66	84	88	85	56	77	78	146	81	105	142	75	78	60	115	53	109	126	61	127	73	144	72	120	127	89	65	136	83	46	73	101	127	148	64	201	34	73	114	107	58	142	67	53	39	127	65	98	231	166	56	49	78	84	60	73	66	111	126	60	27	77	89	72	170	120	252	98	50	80	72	199	57	114	30	93	105	94	102	65	108	40	56	83	85	120	105	95	108	104	128	73	183	103	176	57	48	36	182	195	111	89	113	55	99	58	75	63	59	79	152	154	82	73	88	81	42	58	81	134	46	59	140	73	100	94	93	95	74	98	109	69	52	54	123	217	112	80	57	80	84	98	205	76	40	75	107	64	128	63	150	54	68	193	54	83	144	198	51	76	112	207	112	135	155	148	88	119	67	112	62	88	134	51	145	152	100	153	78	84	95	132	205	129	81	85
chr1-138000001-138500000	95	110	105	54	45	57	35	104	59	140	85	141	120	139	81	88	115	57	63	89	74	46	62	91	173	67	184	53	74	58	111	120	46	43	86	49	101	102	49	53	133	128	63	66	100	96	126	84	162	232	133	104	88	122	75	125	74	92	56	76	104	187	274	178	55	33	57	72	78	85	148	85	40	103	42	29	76	105	192	126	112	51	113	67	68	124	62	108	62	79	58	103	136	58	56	134	57	97	67	210	64	48	102	106	56	100	97	161	174	187	47	60	207	159	144	65	88	24	90	111	126	92	63	94	177	121	123	71	95	132	13	56	134	136	95	113	79	66	97	81	138	77	75	108	110	101	91	124	119	212	208	69	66	62	75	131	111	57	70	34	85	55	78	31	109	54	108	212	68	75	135	494	56	120	92	157	101	73	103	70	68	49	90	78	123	90	98	133	140	74	63	71	118	31	158	94	109	235	102	105
chr1-138500001-139000000	165	86	73	61	72	64	63	54	75	85	116	147	84	135	118	98	166	47	44	37	43	82	42	79	113	118	159	49	70	96	125	119	32	96	91	73	51	71	102	89	90	143	100	30	56	209	150	65	88	158	23	68	59	67	77	74	100	82	78	136	117	178	208	130	69	90	104	43	93	82	53	167	124	85	76	37	41	114	161	63	176	62	51	68	73	315	80	119	56	156	124	62	81	58	63	67	90	86	97	130	96	97	144	126	113	81	173	126	173	79	58	78	120	174	74	68	100	72	67	110	81	115	58	71	91	37	119	69	121	57	55	53	57	80	98	96	72	84	104	195	163	87	71	63	99	46	116	77	71	266	112	89	66	65	125	77	103	65	68	49	66	45	58	124	48	68	56	111	62	54	187	114	86	138	135	237	54	78	98	92	76	73	63	115	141	103	93	78	161	74	108	62	83	44	100	103	240	160	84	71
chr1-139000001-139500000	94	92	125	52	118	56	82	79	127	78	102	143	73	96	128	47	71	59	45	54	99	90	60	123	44	57	125	67	71	112	88	146	28	81	78	58	73	107	163	74	133	119	132	81	62	93	109	98	59	168	53	14	51	51	103	136	92	77	44	71	120	122	234	113	95	28	166	38	70	74	99	66	69	115	52	78	46	89	159	44	117	100	62	70	37	209	79	128	124	148	126	70	153	61	142	99	76	41	103	262	26	73	149	93	114	62	234	134	106	155	57	52	84	131	66	108	180	119	49	169	69	105	111	133	169	75	150	52	78	138	61	82	83	164	52	91	99	91	283	123	138	79	124	90	146	76	73	62	107	260	178	115	50	66	69	136	76	97	34	50	64	69	24	73	97	31	78	169	71	57	175	272	36	81	107	103	29	84	139	135	114	64	25	99	150	81	59	158	76	113	43	151	180	93	166	134	240	177	98	36
chr1-139500001-140000000	101	76	109	97	47	76	107	73	63	69	109	87	80	47	83	82	44	48	65	53	88	53	87	89	168	47	124	53	52	106	61	129	54	71	121	82	75	92	117	96	72	207	98	71	63	109	74	47	133	203	62	100	48	69	33	138	116	21	129	103	192	112	283	91	42	73	71	86	31	94	78	149	66	70	68	52	107	122	163	74	92	50	55	81	80	106	58	80	55	39	135	92	31	76	78	63	66	84	55	93	132	95	34	201	58	68	194	79	174	59	66	44	146	118	62	74	165	108	96	165	50	52	124	85	110	86	159	48	80	84	67	108	159	172	52	136	36	48	101	92	113	56	95	80	108	116	26	125	47	135	168	58	66	90	38	94	153	89	45	77	42	65	47	112	168	74	34	217	50	97	130	199	82	110	155	93	38	87	148	130	60	153	69	54	44	109	83	87	132	82	78	55	110	53	73	132	65	130	115	110
chr1-140000001-140500000	147	85	83	131	35	91	64	75	39	73	173	143	87	84	46	116	75	105	38	54	58	65	29	83	72	129	136	61	72	78	45	185	91	91	77	112	61	45	106	124	90	130	65	71	150	141	118	50	90	123	56	90	62	69	90	84	90	88	58	73	120	116	156	129	35	30	144	61	115	71	74	214	117	64	61	51	71	120	269	102	86	96	38	84	132	281	67	154	67	155	89	40	77	105	126	105	46	68	70	231	79	104	140	143	85	100	67	192	176	43	103	93	230	178	59	73	118	46	41	251	65	81	51	55	131	98	125	74	133	42	88	63	55	115	65	82	42	131	139	163	143	76	97	96	99	110	73	161	162	183	165	134	98	66	97	87	141	77	60	88	70	40	63	54	92	29	74	158	46	75	212	183	86	89	140	112	56	102	102	115	85	63	45	107	123	63	99	130	179	53	110	163	89	113	95	51	283	339	67	79
chr1-140500001-141000000	37	114	119	97	83	72	62	53	84	74	182	85	129	108	99	48	71	76	39	46	31	92	70	77	158	71	61	74	79	60	97	108	87	157	123	94	32	110	96	108	68	201	103	74	28	142	156	173	167	139	59	53	117	42	79	94	67	69	104	82	176	170	163	102	41	47	50	64	98	126	95	146	132	68	93	79	120	64	180	74	82	106	84	74	74	137	58	129	53	155	94	82	121	96	168	64	57	94	117	100	65	65	91	130	130	73	200	158	202	117	104	64	154	242	144	147	146	74	91	74	109	45	127	117	194	52	142	38	106	63	65	34	28	180	91	166	66	94	59	88	100	76	104	120	49	122	56	73	129	287	278	46	98	61	117	76	106	86	42	56	102	130	68	95	96	77	46	189	60	51	122	234	53	96	39	133	90	82	128	128	72	82	28	92	101	120	95	66	172	136	84	135	75	109	118	75	200	175	60	69
chr1-141000001-141500000	87	106	88	116	107	112	84	52	146	85	121	51	69	86	83	75	152	47	70	33	45	91	112	149	159	59	117	95	71	96	93	121	84	53	76	73	70	101	54	155	85	224	96	75	68	151	160	146	101	170	88	92	74	73	49	84	97	104	110	103	172	213	236	43	67	38	126	79	72	82	88	99	74	47	105	103	96	75	150	134	103	57	51	35	70	100	54	94	82	109	84	66	69	76	80	74	31	70	94	130	56	67	96	133	153	112	167	99	152	105	63	77	104	131	81	97	140	35	99	68	68	84	42	98	66	121	96	47	82	66	58	60	50	77	50	83	42	95	128	101	167	146	81	64	83	72	107	104	155	230	98	76	83	85	44	164	196	99	128	35	105	41	106	69	89	40	38	110	99	81	165	141	63	58	124	159	45	87	213	76	91	106	39	81	108	76	63	171	91	91	153	64	73	100	94	104	68	137	82	32
chr1-141500001-142000000	85	74	131	138	55	34	75	59	57	78	42	152	134	80	115	68	95	79	63	119	81	55	84	98	142	71	136	79	78	82	81	117	58	96	141	68	63	135	112	77	135	49	123	102	172	62	143	98	105	106	69	75	23	104	73	118	81	59	93	63	164	158	218	91	32	59	130	53	77	34	66	153	110	76	91	60	88	162	136	98	170	45	68	60	92	156	56	205	76	80	119	67	85	85	133	124	72	77	60	168	99	115	98	151	88	95	212	104	206	145	94	57	138	275	99	44	189	75	91	141	84	71	95	83	110	92	181	48	94	77	133	76	60	109	65	54	66	41	138	127	149	80	79	118	78	135	107	71	134	220	119	57	57	47	80	94	96	68	55	56	73	72	49	77	65	38	47	262	34	29	69	313	44	88	133	102	72	37	94	111	41	117	86	114	44	111	86	67	49	57	120	61	95	47	88	45	190	220	59	75
chr1-142000001-142500000	107	108	95	154	82	70	105	65	95	80	118	156	104	117	119	89	120	25	54	68	52	109	78	87	135	46	101	79	174	97	125	148	78	131	167	58	76	75	90	150	144	285	91	65	142	91	149	78	119	101	73	150	88	88	65	94	89	85	25	75	88	216	228	105	66	96	84	81	63	48	77	62	62	55	46	66	96	154	118	109	202	65	32	63	72	208	53	69	71	157	175	95	125	42	147	73	51	80	152	204	80	112	62	99	64	114	144	93	133	77	104	34	109	268	82	41	151	93	65	84	73	157	63	176	78	90	188	93	67	127	35	118	49	101	82	86	97	89	165	71	157	91	83	64	99	53	46	69	118	217	226	53	49	57	91	121	225	111	83	40	106	49	98	57	72	44	53	133	54	107	150	201	102	85	110	196	87	103	137	102	82	101	40	118	101	131	64	146	155	167	85	58	78	62	72	63	175	94	85	68
chr1-142500001-143000000	53	122	189	107	87	67	156	68	123	66	62	80	62	92	128	57	67	48	66	60	52	176	54	137	134	66	118	43	40	108	81	82	59	61	71	58	38	148	77	112	68	122	85	31	141	111	76	196	93	165	45	86	93	159	56	79	139	128	78	56	82	194	183	99	25	43	128	78	49	62	55	134	84	97	49	37	107	147	68	97	107	159	33	94	79	195	85	214	38	141	118	144	100	51	165	70	56	94	97	244	99	136	156	66	58	121	163	114	196	94	67	60	154	149	76	51	141	137	61	194	95	136	47	131	84	94	118	48	164	58	74	65	47	134	50	67	56	60	98	94	211	102	28	163	45	99	64	140	61	202	203	79	74	29	58	76	145	74	62	27	146	109	103	63	67	59	61	177	88	55	230	262	82	121	94	157	146	110	110	87	94	65	61	54	95	138	51	135	168	88	135	70	77	63	103	94	194	200	154	111
chr1-143000001-143500000	24	94	80	86	75	56	51	68	97	66	91	78	72	70	93	67	115	48	41	93	20	105	58	138	130	133	185	78	148	76	68	172	80	85	144	54	51	66	74	129	141	188	62	46	125	115	153	169	89	153	46	73	44	64	34	77	55	54	71	141	142	202	186	70	73	89	95	71	105	83	91	53	122	92	33	56	77	53	182	140	183	149	93	59	110	185	68	82	72	114	72	87	54	87	137	67	48	73	150	145	119	89	71	184	80	68	207	147	134	176	84	72	73	251	56	79	209	59	48	121	93	122	41	59	137	91	89	29	119	75	42	32	100	122	23	150	98	71	131	101	125	113	137	121	104	102	58	158	64	234	107	38	124	51	89	95	143	57	38	50	105	73	103	61	86	49	47	149	118	110	163	132	51	92	53	218	57	35	96	68	69	84	91	80	54	66	31	85	116	64	174	108	111	44	146	81	333	101	124	93
chr1-143500001-144000000	45	88	67	115	63	109	75	89	92	94	42	96	94	124	84	109	85	52	31	99	61	109	101	89	90	113	209	35	60	122	54	104	78	81	57	87	93	79	66	72	83	195	163	43	110	132	145	138	145	137	46	83	53	56	82	57	38	58	63	111	124	97	303	98	83	56	110	47	57	72	132	105	69	155	48	71	72	56	178	152	75	83	71	71	88	112	54	136	75	62	171	130	55	142	118	162	49	38	125	137	66	76	133	147	88	42	109	109	160	116	86	48	98	303	103	67	94	79	95	115	103	131	89	100	170	112	80	52	51	56	41	78	98	107	111	98	43	66	125	87	101	60	50	73	88	76	79	130	152	117	170	71	88	53	128	76	198	47	49	42	62	67	71	115	84	68	32	181	127	28	230	128	35	64	125	155	93	77	63	96	76	114	79	70	43	106	50	62	97	108	86	66	97	56	129	87	376	279	135	84
chr1-144000001-144500000	112	117	83	122	51	90	43	89	65	68	67	142	145	103	50	53	124	65	45	61	87	103	69	86	110	101	83	52	41	34	93	106	29	98	95	23	65	60	87	64	158	212	97	64	81	164	178	63	66	217	91	52	54	116	38	119	130	79	62	111	116	284	292	100	71	74	130	73	30	156	84	234	81	76	77	54	73	61	209	86	110	65	52	115	60	225	104	132	89	82	153	61	91	61	120	85	59	37	101	143	117	86	82	77	73	43	205	125	155	95	85	74	143	105	155	72	109	81	81	106	50	91	102	86	88	97	85	36	90	67	50	75	108	189	22	46	140	88	130	72	138	92	103	86	91	73	48	71	111	180	146	85	88	49	71	181	75	70	61	38	81	70	95	73	83	116	56	175	66	49	200	286	72	46	71	210	90	153	137	93	56	150	34	133	135	141	82	209	204	77	125	81	53	44	96	104	198	74	113	102
chr1-144500001-145000000	161	107	85	84	101	97	77	90	120	88	41	120	61	117	179	39	64	38	74	93	58	139	51	78	122	79	190	77	98	62	74	172	59	62	170	121	48	126	64	95	52	173	97	109	66	122	117	108	143	122	45	109	92	91	107	126	47	40	88	150	101	176	413	106	59	48	105	70	58	74	84	95	85	66	95	58	88	115	170	68	83	101	70	35	62	115	88	126	99	177	95	72	85	119	72	146	83	89	57	78	127	63	82	146	128	96	162	68	184	150	75	32	172	101	114	82	162	60	85	132	59	63	80	105	116	203	86	29	78	119	70	136	65	103	108	109	55	68	165	91	89	90	124	95	143	53	81	131	67	188	215	90	108	47	77	100	190	106	110	43	68	54	88	96	71	37	60	133	61	75	181	265	65	71	86	101	56	105	168	104	93	106	46	128	48	72	24	116	109	105	76	106	147	82	80	145	204	77	93	63
chr1-145000001-145500000	130	111	110	101	89	59	89	61	72	81	60	65	64	151	100	50	56	48	54	61	56	99	83	23	170	92	37	79	71	110	90	117	44	117	77	117	70	88	70	93	90	124	85	56	93	112	153	162	160	184	44	117	116	73	48	109	51	71	50	133	97	180	307	69	41	55	136	46	57	97	64	208	95	65	95	38	62	28	55	84	205	19	66	55	112	152	52	140	108	96	112	104	66	112	97	72	80	73	112	97	91	116	88	98	115	85	75	105	185	65	39	61	173	198	83	94	148	58	68	181	74	117	64	149	202	111	131	86	51	51	59	66	119	128	74	98	70	95	80	95	243	81	62	90	168	133	93	135	118	239	213	63	187	79	43	108	153	101	45	52	47	72	80	47	91	31	90	283	68	114	195	302	33	91	50	166	50	77	113	110	93	141	79	61	78	157	76	62	122	71	68	78	135	64	115	87	166	97	59	130
chr1-145500001-146000000	142	94	81	74	53	46	131	99	159	40	70	162	184	127	67	103	132	96	71	29	104	67	49	113	174	98	86	68	108	63	82	101	59	117	57	88	44	72	76	115	86	178	139	89	115	63	172	109	55	76	72	115	37	106	54	121	104	50	54	236	120	150	289	224	47	59	53	42	121	93	97	57	72	80	56	98	128	85	240	31	85	82	101	68	80	169	86	153	93	149	85	114	101	76	93	50	79	80	88	118	94	76	103	226	70	83	127	72	187	152	69	71	206	136	53	52	213	110	63	141	46	84	159	52	162	46	121	34	108	84	73	77	68	195	62	79	83	52	163	43	110	73	67	58	91	67	88	111	109	204	112	62	111	63	108	128	149	48	122	28	98	41	72	83	151	47	43	174	62	83	146	191	64	120	67	247	48	71	51	148	120	85	74	74	94	166	81	182	85	164	149	145	94	44	88	44	224	110	135	101
chr1-146000001-146500000	99	150	88	125	107	82	124	34	147	79	124	109	113	136	65	71	83	30	71	74	56	101	70	126	146	53	119	84	107	63	72	178	72	77	64	99	93	98	98	85	123	175	88	57	69	155	166	147	101	264	48	45	98	98	66	54	66	43	93	92	123	150	250	74	53	45	105	103	52	94	100	125	73	75	89	50	104	67	205	82	51	125	62	88	117	156	62	176	56	162	113	30	67	54	82	141	87	57	134	122	91	122	137	159	111	89	186	91	148	59	67	64	127	84	98	46	48	98	103	78	50	99	72	79	228	115	80	44	82	80	32	46	60	88	75	104	89	101	77	162	161	64	86	87	83	80	58	87	110	133	206	31	103	71	49	56	115	127	104	45	42	44	56	71	40	49	93	168	76	55	171	300	91	44	157	227	87	80	109	144	103	87	61	94	55	146	64	128	144	70	119	146	88	51	61	65	167	228	93	111
chr1-146500001-147000000	93	172	186	84	77	131	80	67	51	63	88	178	123	103	112	111	78	51	66	106	91	71	43	90	136	87	177	80	95	60	103	94	41	108	94	82	123	89	59	94	112	240	62	99	52	91	145	77	134	156	47	113	54	65	125	98	126	59	51	81	106	148	264	38	61	44	102	77	133	57	160	103	163	94	110	47	113	91	158	81	146	68	38	56	113	120	114	252	94	100	76	119	60	38	73	61	23	116	35	142	153	47	95	187	78	52	151	111	172	82	57	44	102	119	79	141	124	70	75	112	93	92	62	174	146	84	87	63	62	63	93	93	62	126	45	89	124	136	282	61	222	128	111	77	155	83	51	75	48	196	156	59	71	77	87	146	152	88	67	29	75	80	58	60	94	100	51	242	41	128	143	241	44	127	97	155	65	114	75	146	63	106	55	92	54	126	76	75	163	102	100	170	62	60	87	66	149	240	136	105
chr1-147000001-147500000	86	166	69	103	58	65	65	48	85	81	86	205	69	108	132	56	86	28	39	25	68	66	64	78	174	114	138	69	107	81	134	183	62	72	109	90	35	96	53	82	139	99	124	48	60	111	72	74	90	176	60	98	54	103	71	126	131	59	77	66	133	110	215	94	73	43	79	91	107	96	92	131	99	145	66	52	59	70	256	80	112	80	36	81	73	168	72	119	82	106	43	39	44	60	67	34	60	99	114	109	104	96	149	201	131	100	71	157	88	99	46	100	233	103	123	91	163	84	54	62	75	73	104	89	74	63	125	18	148	65	87	96	33	122	32	63	61	87	94	128	171	67	118	65	80	92	44	81	116	185	117	46	102	70	71	164	106	58	101	57	69	82	56	36	76	49	46	164	51	43	168	216	55	88	148	170	89	59	131	113	74	49	73	83	123	138	79	102	188	56	79	51	133	68	113	73	229	232	125	58
chr1-147500001-148000000	120	87	72	95	85	60	100	47	99	189	151	97	114	140	119	43	106	63	52	48	79	112	82	57	112	49	97	65	84	44	101	129	62	109	100	68	73	102	104	115	90	190	77	95	111	61	180	133	213	137	117	93	35	104	93	63	76	52	72	111	154	120	240	112	27	33	96	68	77	122	79	120	179	66	79	49	105	125	176	152	138	105	69	69	82	182	75	124	132	117	52	61	146	41	58	83	66	42	101	122	144	99	85	97	110	91	119	104	178	95	92	52	173	124	50	91	178	66	98	79	98	61	81	174	221	94	79	58	74	90	42	82	80	160	61	66	89	49	192	106	129	99	73	91	161	97	68	124	87	248	165	102	111	80	54	73	71	33	90	75	99	77	82	114	82	25	51	168	38	125	199	187	103	54	131	149	27	68	102	100	60	64	75	33	59	86	74	78	60	98	82	67	65	69	96	105	185	174	78	45
chr1-148000001-148500000	106	105	36	80	76	86	109	49	95	80	139	61	125	95	77	41	98	77	50	85	58	133	43	94	159	128	67	64	105	65	95	146	35	103	137	71	45	82	119	134	68	178	70	75	131	111	151	71	93	156	78	87	45	105	75	72	64	62	63	75	82	164	268	131	96	36	82	92	68	54	94	123	73	85	64	59	76	72	236	88	237	135	57	73	103	215	42	63	55	137	74	50	76	86	56	112	29	59	152	304	77	91	156	80	110	85	70	84	159	93	81	40	102	142	77	56	119	34	58	127	70	128	100	54	226	112	203	61	97	47	35	124	76	200	83	126	113	53	146	70	125	79	62	69	47	131	74	162	88	232	174	74	78	41	67	74	177	56	126	34	146	52	36	109	96	57	54	213	76	31	170	89	71	115	136	166	88	78	73	97	70	79	66	98	68	78	119	148	122	177	93	148	53	61	71	137	320	172	94	78
chr1-148500001-149000000	84	117	98	111	115	139	44	96	120	87	98	190	112	182	92	37	52	51	31	70	113	159	72	81	141	44	71	43	108	75	96	204	68	177	108	61	56	114	114	94	88	118	70	79	113	172	242	141	86	200	58	76	109	58	88	147	46	57	58	102	108	176	237	97	87	55	114	90	38	82	107	112	58	121	84	16	64	94	234	121	103	150	81	96	61	226	54	78	59	109	123	138	122	52	99	78	63	65	149	312	80	116	173	77	120	25	157	130	161	66	65	59	128	230	84	58	91	37	82	48	111	124	62	124	95	89	146	47	106	89	67	91	81	130	76	62	47	72	131	123	209	123	101	80	102	102	68	48	112	291	166	48	72	36	97	124	148	101	52	43	103	59	43	81	75	58	27	208	58	67	138	71	95	91	105	195	99	103	167	108	72	145	38	48	89	95	134	67	100	77	121	101	126	45	58	109	309	258	103	100
chr1-149000001-149500000	86	139	133	114	31	67	134	57	126	61	82	244	115	84	106	123	118	60	63	76	45	59	45	73	162	135	136	73	79	93	53	79	54	125	129	67	62	40	93	61	135	368	105	85	94	57	119	69	120	89	41	67	72	80	70	114	122	101	70	103	171	116	81	46	58	49	62	64	57	34	88	187	127	54	80	53	81	126	320	100	110	83	36	87	74	194	66	111	51	136	57	56	100	100	103	88	38	48	67	189	52	93	53	162	189	134	122	88	135	65	78	38	152	210	74	97	99	96	91	105	87	88	60	186	223	138	76	55	93	47	60	43	78	148	76	97	67	118	275	149	126	78	81	94	84	190	59	138	82	154	147	41	120	113	128	131	62	60	66	55	54	87	56	50	100	79	44	258	64	99	137	272	51	62	230	208	37	52	91	99	87	92	51	94	106	85	98	88	123	125	174	85	74	127	72	82	101	156	176	66
chr1-149500001-150000000	158	55	107	117	75	79	124	89	135	74	126	157	116	142	72	50	83	51	55	50	62	82	82	52	90	72	136	59	146	41	70	133	67	129	99	49	87	189	154	98	39	166	99	71	112	119	148	188	98	136	61	75	51	48	69	137	60	50	73	81	127	212	196	143	26	102	75	51	73	33	109	212	152	82	72	30	87	77	212	91	99	48	71	38	60	107	96	96	82	131	94	99	58	87	80	54	52	51	67	146	79	103	84	164	108	76	127	53	182	133	106	45	183	146	80	127	80	44	57	131	106	103	84	43	109	199	138	58	74	114	60	59	113	130	96	101	60	86	120	70	148	110	41	54	149	79	55	105	170	216	109	77	78	48	82	66	158	42	85	19	121	77	53	107	165	26	32	133	66	107	182	282	106	68	123	218	67	64	59	113	88	139	85	28	77	127	46	88	136	70	129	126	115	111	69	103	143	87	136	77
chr1-150000001-150500000	42	70	70	129	89	105	91	48	66	37	116	79	95	180	98	83	97	71	40	44	65	115	67	63	151	133	115	62	115	62	123	163	50	113	107	59	46	70	99	82	175	139	84	106	106	47	132	71	48	150	106	23	32	105	63	118	39	51	40	162	119	161	205	69	66	92	109	76	110	86	40	100	85	136	55	43	102	71	173	111	186	52	33	173	60	137	55	165	71	198	130	88	70	64	115	158	33	62	122	241	64	59	104	106	76	74	165	120	92	143	76	98	78	201	75	92	202	95	83	41	59	150	79	129	92	86	130	32	40	115	30	38	93	141	62	75	39	116	220	93	173	118	113	64	132	64	84	150	47	277	123	92	74	47	67	96	88	63	95	55	73	54	113	92	44	69	34	167	38	66	127	359	71	98	67	174	35	78	117	143	93	121	63	54	85	114	141	134	193	87	101	166	114	56	66	80	239	108	188	64
chr1-150500001-151000000	81	96	50	87	49	120	69	41	75	72	108	75	130	116	169	37	66	56	61	50	64	107	78	39	168	136	130	52	73	67	101	109	51	150	53	54	83	118	80	80	132	92	78	79	79	79	118	109	103	167	62	81	74	73	49	61	38	64	56	177	141	174	188	155	82	32	78	77	83	137	129	144	115	68	49	49	86	111	99	85	111	85	48	108	118	103	97	177	77	162	156	82	112	77	56	79	52	39	101	135	177	119	87	198	114	36	144	113	193	86	51	146	129	182	47	83	109	82	72	117	73	64	133	131	124	59	72	32	34	137	34	56	72	63	45	104	98	85	144	128	156	66	52	138	95	105	72	88	116	180	121	85	51	34	70	90	69	93	70	44	78	53	34	62	21	24	65	126	33	107	165	180	57	132	131	156	103	113	227	57	196	69	52	67	161	85	32	138	93	116	117	88	81	88	136	112	249	212	108	33
chr1-151000001-151500000	133	128	81	71	61	60	38	89	123	128	52	85	116	171	97	61	75	60	35	62	66	78	72	59	88	80	106	75	40	42	75	163	47	123	48	149	60	76	33	78	72	203	73	63	86	52	160	110	139	189	97	70	61	50	48	172	68	107	51	130	115	150	321	83	102	54	124	44	79	79	35	162	101	74	131	31	57	79	187	74	103	64	63	87	34	319	87	117	66	144	134	107	132	64	189	79	128	112	121	100	125	93	102	153	183	121	183	81	112	120	71	73	173	163	82	85	67	99	59	77	62	179	95	91	90	58	93	50	112	97	58	75	98	89	57	112	97	51	147	122	149	63	67	122	91	83	42	120	58	300	181	50	108	78	78	110	88	92	70	69	78	58	85	80	67	32	120	182	37	76	332	244	84	87	102	95	74	64	182	138	118	75	49	128	92	52	77	85	163	114	94	103	78	115	119	100	130	286	149	107
chr1-151500001-152000000	95	85	99	184	43	103	129	61	86	104	104	116	112	63	86	98	65	13	58	57	71	116	45	73	83	65	148	76	64	42	88	189	23	115	117	79	65	112	93	133	150	110	148	75	67	129	315	192	171	109	32	74	63	76	47	99	99	138	35	153	77	122	204	96	89	44	73	68	97	101	62	101	50	64	63	78	123	132	170	56	110	106	164	89	111	113	57	163	91	103	106	105	98	103	98	115	40	53	89	176	107	74	136	170	124	116	105	90	139	76	89	98	130	234	105	97	126	67	82	133	153	78	69	141	112	111	57	54	127	62	45	60	79	43	114	87	66	70	68	77	108	87	124	89	79	73	141	77	112	344	172	99	101	66	58	96	92	56	67	43	122	51	61	84	67	38	60	225	64	40	130	150	51	80	88	292	130	42	104	112	82	57	45	111	91	62	78	72	144	143	62	100	168	83	136	83	163	132	95	90
chr1-152000001-152500000	127	112	90	83	78	69	125	39	119	77	75	103	106	150	40	70	65	60	49	67	67	69	91	66	246	119	107	50	86	59	65	133	67	69	112	55	17	113	65	170	113	219	122	33	97	83	107	139	192	187	97	73	96	106	42	46	54	43	61	119	167	323	179	137	75	28	112	77	88	55	88	124	120	94	70	39	122	44	154	124	180	78	76	34	73	92	104	144	100	89	147	68	88	76	107	57	82	70	64	184	67	51	93	241	72	111	211	110	121	78	87	80	226	215	86	60	146	68	116	86	71	62	137	126	58	74	108	30	110	70	63	83	113	89	24	139	71	112	122	138	250	62	69	111	143	46	57	72	118	300	160	102	51	63	68	197	123	61	113	74	148	74	47	127	25	46	55	122	59	60	192	247	78	77	134	136	61	81	93	125	80	148	56	120	92	105	55	125	152	75	46	105	74	57	95	95	191	105	71	75
chr1-152500001-153000000	70	86	82	96	158	63	51	92	72	123	167	58	60	65	107	45	78	65	82	58	95	111	88	108	53	116	133	45	67	61	89	150	77	117	98	57	56	54	73	97	74	255	57	78	186	90	188	99	109	144	75	142	106	83	54	120	85	72	28	113	103	62	262	152	34	74	81	133	97	88	53	124	109	119	57	42	60	49	268	114	104	78	59	58	57	128	100	99	103	145	69	69	80	37	164	51	38	107	73	285	136	107	64	94	126	69	80	63	194	52	116	79	181	146	99	65	99	29	85	81	67	104	118	98	116	139	61	58	85	101	81	37	96	199	63	96	79	68	83	85	121	61	13	68	66	98	68	80	127	223	117	80	80	40	93	175	133	108	81	49	85	86	61	53	90	50	69	164	45	74	111	255	84	91	121	222	76	102	227	100	115	97	53	86	56	116	48	82	149	138	127	53	103	86	98	48	174	89	110	69
chr1-153000001-153500000	152	136	66	163	41	26	69	66	138	55	41	142	117	132	88	89	134	93	63	73	99	100	92	60	129	67	148	96	70	81	61	110	26	92	151	66	42	80	142	130	46	226	27	71	139	173	77	101	128	128	55	31	90	105	33	131	85	83	103	128	132	178	299	86	92	29	101	70	109	49	148	114	77	84	63	58	109	93	208	119	94	80	52	57	48	205	87	142	64	95	143	111	70	86	91	137	42	44	93	184	124	126	108	138	73	50	96	113	166	43	105	57	174	125	78	61	189	78	63	81	80	45	118	145	95	99	102	47	56	44	55	72	120	124	68	129	64	94	187	96	140	100	92	41	114	82	87	127	103	131	184	66	99	70	77	176	95	145	79	64	140	81	46	102	90	38	53	97	68	74	113	226	92	46	178	146	51	82	163	104	61	129	55	76	125	120	50	78	87	77	79	89	128	64	75	48	159	90	65	90
chr1-153500001-154000000	113	114	79	65	142	44	89	63	122	68	46	117	64	133	166	83	132	50	47	77	47	181	113	66	188	67	96	103	124	49	66	120	39	128	115	65	55	76	79	116	90	160	51	64	108	107	89	70	104	172	43	69	38	99	59	141	95	36	61	103	137	150	306	120	75	54	119	78	77	106	49	199	83	63	77	65	81	81	92	97	140	57	92	105	67	163	34	83	78	185	95	105	81	112	96	61	96	36	109	222	67	121	56	59	142	50	104	119	200	90	117	53	248	63	89	76	171	86	84	114	86	139	85	80	116	75	135	42	46	62	49	58	57	158	40	74	81	55	146	155	68	95	70	53	105	146	69	81	87	306	150	61	59	35	37	99	108	83	62	52	71	69	83	110	94	48	99	169	67	53	192	133	38	73	137	158	50	62	120	159	94	89	53	71	61	31	36	148	96	46	117	66	116	47	149	100	228	147	133	72
chr1-154000001-154500000	164	96	110	80	68	57	104	98	164	81	65	133	67	131	101	69	62	38	65	89	81	85	61	95	138	92	64	55	74	78	48	139	53	151	92	137	111	85	35	62	79	147	63	111	88	132	130	167	138	188	121	54	108	70	101	97	113	42	60	130	73	96	254	59	40	27	203	81	84	65	64	109	70	112	73	44	70	84	91	79	70	116	57	33	67	336	84	167	68	153	105	78	82	113	141	115	51	76	158	97	99	68	57	98	79	58	164	125	82	48	84	78	97	206	61	75	208	67	83	66	112	140	70	90	130	172	124	44	85	77	34	69	61	115	75	73	47	35	95	49	65	50	59	91	165	99	61	115	73	104	183	81	112	94	44	111	159	160	57	40	84	44	66	44	66	70	43	148	53	112	203	197	130	56	107	140	64	87	89	180	60	77	63	87	81	65	113	71	250	85	198	110	30	91	63	94	220	205	91	80
chr1-154500001-155000000	84	98	131	98	54	92	79	51	116	94	74	162	108	81	92	130	101	62	45	57	59	116	61	52	165	129	71	38	92	48	78	127	42	145	113	93	25	81	92	126	92	104	75	71	120	121	206	127	91	119	65	57	43	76	44	90	89	50	93	165	100	151	191	95	102	50	135	53	60	83	45	141	116	64	43	88	67	201	127	78	201	79	34	52	87	110	36	126	94	152	126	78	80	45	198	50	46	70	83	193	32	77	71	128	77	112	135	113	164	125	46	64	106	105	52	150	98	57	69	84	68	43	115	87	123	142	94	41	54	79	69	33	86	146	77	125	64	64	128	72	161	124	53	36	57	155	62	95	115	158	169	91	101	23	106	162	124	109	53	31	93	65	53	43	100	29	43	257	68	67	106	182	49	51	83	166	24	32	88	132	89	134	81	98	85	78	73	160	91	66	153	72	146	58	69	119	109	90	103	28
chr1-155000001-155500000	118	83	109	146	61	72	112	152	93	171	102	122	81	124	125	39	80	65	79	50	69	113	34	80	126	73	78	133	41	95	98	104	107	91	110	42	72	132	110	67	83	164	144	92	64	95	155	86	104	172	60	45	89	132	63	94	79	64	64	66	88	193	193	102	74	68	113	40	94	104	91	71	45	75	67	44	92	187	176	81	140	89	72	67	57	139	66	118	50	109	101	129	108	85	106	86	67	56	122	226	76	122	118	106	68	53	122	58	149	61	47	78	170	184	73	162	147	51	92	132	71	100	139	62	152	108	94	60	110	78	106	58	105	165	54	95	121	115	165	178	117	109	60	97	72	88	126	117	160	199	185	50	91	59	52	111	178	92	112	49	58	44	63	68	65	42	73	101	81	80	147	274	88	106	167	185	86	140	87	67	85	97	66	105	117	150	104	98	109	156	110	70	67	81	100	116	152	160	111	65
chr1-155500001-156000000	83	55	105	112	124	47	72	76	132	98	76	87	62	225	67	93	107	41	75	57	91	128	66	115	179	128	87	51	91	70	80	88	95	141	87	91	41	54	64	105	72	312	50	64	149	70	106	140	75	84	64	90	27	102	48	116	98	59	135	126	138	136	136	151	49	58	138	53	80	77	49	159	58	89	73	35	41	101	118	159	208	100	57	104	60	186	97	137	112	162	84	90	126	69	99	103	75	134	51	133	109	70	87	116	112	64	120	46	68	147	68	94	86	117	39	65	190	59	63	142	58	100	37	100	114	133	149	44	90	80	46	75	79	126	89	75	81	72	176	143	216	101	52	55	90	109	119	141	168	194	204	43	118	44	93	82	171	101	61	25	73	99	48	49	85	52	62	216	52	81	83	277	102	98	104	150	69	101	174	152	108	103	57	116	38	91	74	73	185	128	87	90	121	99	99	88	206	145	101	145
chr1-156000001-156500000	84	171	41	57	52	56	107	60	130	78	38	171	131	86	62	82	60	94	64	32	41	137	66	106	119	69	88	54	87	66	89	154	61	130	100	87	58	92	66	69	96	105	100	77	98	119	77	199	122	68	58	93	91	56	54	109	91	103	66	139	142	128	203	48	99	87	90	62	87	60	95	186	95	79	50	79	189	87	276	145	73	64	87	71	82	118	94	191	62	163	134	83	104	73	149	39	37	68	56	176	93	63	122	270	62	120	175	113	160	68	57	46	121	91	104	92	227	91	64	83	82	97	90	91	147	94	107	37	65	35	50	71	41	102	56	119	146	46	132	167	109	115	65	111	87	37	74	70	133	216	97	81	88	97	97	101	112	41	107	39	121	83	78	103	141	60	47	129	96	84	99	244	60	60	86	129	71	152	145	81	83	90	91	82	141	113	88	109	117	75	107	66	85	77	155	92	107	199	141	87
chr1-156500001-157000000	109	74	66	172	101	77	102	79	99	93	125	141	100	178	68	75	136	21	57	62	76	104	53	77	203	101	137	77	68	94	127	189	37	91	118	72	42	57	89	99	73	112	79	60	89	154	124	104	140	119	53	68	64	87	65	93	99	42	57	117	112	121	145	87	31	40	100	77	69	86	101	139	117	76	53	92	115	87	163	57	107	223	52	88	49	117	144	89	74	87	83	175	101	75	102	47	36	92	136	106	142	55	101	152	137	114	126	62	93	122	32	77	106	144	165	81	174	104	24	99	65	158	111	75	191	55	190	61	68	69	70	66	89	110	104	97	89	171	75	87	135	111	85	80	140	136	99	95	154	181	153	101	72	39	76	80	127	103	66	51	80	85	52	63	109	104	22	356	81	134	133	205	81	125	134	85	65	45	168	55	85	145	31	112	78	83	64	88	124	134	60	66	108	86	99	128	155	196	148	55
chr1-157000001-157500000	94	104	124	138	52	106	61	63	144	79	78	158	129	63	114	47	96	53	57	96	49	143	48	70	163	83	68	83	82	64	102	123	61	154	60	53	40	146	56	121	48	143	61	63	75	63	93	109	104	238	88	65	102	123	61	140	90	55	86	72	92	136	220	113	127	25	105	87	77	101	79	206	125	150	38	56	79	109	222	74	181	76	18	59	86	118	83	158	75	98	71	137	103	104	118	91	56	106	148	105	73	105	111	221	64	92	300	74	219	90	57	53	159	171	99	48	145	80	47	142	97	77	99	103	197	111	93	73	102	75	35	166	81	198	107	103	37	97	165	88	257	50	87	84	109	55	32	70	94	301	163	187	70	85	74	167	173	121	76	58	92	91	130	98	76	70	58	95	31	89	105	226	63	184	71	98	72	65	108	77	151	135	50	78	135	51	88	105	92	86	81	93	115	77	93	100	201	142	118	58
chr1-157500001-158000000	141	154	88	152	81	109	84	106	71	121	62	122	208	83	17	109	24	57	46	110	70	153	114	99	133	93	60	81	45	119	97	67	60	159	143	183	49	81	72	77	102	171	125	68	112	133	110	127	145	118	43	90	40	44	96	141	84	45	85	59	122	125	277	124	47	31	99	47	58	74	142	178	86	90	51	59	57	55	125	168	222	67	90	50	93	191	71	135	101	151	151	82	120	93	96	70	65	123	102	76	105	67	71	243	111	76	189	44	137	146	73	62	87	245	185	99	136	88	35	133	155	112	101	62	137	78	158	57	97	89	47	56	60	97	127	103	65	82	84	130	146	134	99	95	105	85	72	168	43	244	185	90	96	69	58	108	148	75	153	50	114	96	74	122	74	72	29	294	90	70	242	303	73	115	145	145	74	53	109	67	39	71	30	101	67	80	74	88	137	108	117	101	52	79	65	86	151	122	99	100
chr1-158000001-158500000	100	69	106	85	84	85	63	53	119	144	114	44	66	57	190	121	74	26	22	89	83	126	31	121	154	73	112	54	65	59	81	129	66	66	121	72	48	135	116	65	76	215	76	86	120	74	58	81	117	180	79	80	69	106	70	97	86	56	64	22	79	84	178	57	54	32	125	67	81	94	92	61	158	105	74	62	67	82	136	119	176	124	35	75	133	202	90	79	30	161	104	66	65	90	108	118	122	85	117	235	128	115	158	213	122	88	170	179	171	68	90	81	214	142	41	122	110	64	80	91	88	100	36	133	165	96	160	79	113	47	56	58	97	147	67	138	101	70	112	97	134	50	31	88	137	120	76	173	56	235	160	55	95	139	37	98	103	37	56	39	91	52	62	39	84	43	56	120	54	98	285	120	63	107	112	195	86	93	107	160	64	148	36	78	39	132	111	160	84	159	58	92	85	80	99	141	209	113	69	106
chr1-158500001-159000000	91	115	106	126	49	62	82	46	61	69	124	112	94	147	131	124	118	97	46	64	37	104	89	62	105	72	98	42	96	89	139	142	78	81	98	86	70	96	73	84	125	70	81	54	127	99	102	78	113	98	53	76	66	93	51	81	120	82	81	67	102	99	314	116	38	35	172	160	57	58	109	199	155	64	57	26	62	109	180	122	151	64	54	69	83	143	97	73	82	201	145	108	80	87	117	93	50	61	71	157	132	148	93	216	111	87	171	133	126	128	111	64	158	157	103	75	101	38	50	137	41	82	62	81	221	109	84	65	80	63	34	115	64	146	74	90	85	85	154	152	143	74	139	133	129	76	68	64	122	143	165	72	59	54	52	88	98	127	108	52	82	67	88	63	129	29	74	238	106	43	118	384	38	102	96	91	34	57	110	139	59	70	87	95	98	130	73	78	150	58	140	126	47	64	124	136	214	94	153	103
chr1-159000001-159500000	164	78	98	64	34	123	92	104	112	104	93	182	98	84	134	92	92	66	92	31	50	109	45	84	151	105	121	85	113	53	129	97	57	139	83	76	96	100	97	66	129	143	72	64	131	111	87	53	87	130	128	82	55	100	50	107	89	35	73	74	176	242	134	94	44	36	96	64	114	55	103	101	119	54	86	76	71	77	79	82	123	74	38	49	105	324	88	147	110	120	129	76	126	80	111	76	61	58	80	205	130	79	190	91	139	55	171	144	166	74	50	103	273	160	110	95	147	62	45	143	70	75	56	128	93	95	81	51	82	33	56	75	81	213	75	124	80	42	107	66	144	108	66	129	76	89	56	118	74	281	146	48	52	71	50	84	152	69	129	38	110	48	74	73	110	48	105	179	66	24	196	159	63	57	103	104	93	85	124	85	101	61	84	118	81	89	110	134	136	132	129	128	124	79	107	88	182	135	184	89
chr1-159500001-160000000	140	157	86	123	98	78	52	57	84	127	88	75	176	68	140	147	78	84	81	84	110	81	49	92	178	61	135	56	80	90	62	101	37	85	71	70	75	120	105	82	150	219	109	69	117	57	125	148	112	160	86	77	56	91	66	75	73	75	138	99	72	173	279	43	29	69	58	84	53	92	96	176	117	96	59	38	46	65	90	63	112	82	128	127	147	341	88	105	65	144	125	70	61	99	126	45	60	69	119	222	71	180	64	154	133	77	116	82	224	168	125	54	136	151	125	87	167	94	116	102	82	102	111	98	170	109	113	64	123	58	60	39	95	165	49	111	81	84	192	120	134	52	61	64	51	102	86	159	116	241	138	80	136	32	59	161	111	51	68	59	105	59	80	81	134	47	87	135	39	22	259	255	47	113	118	144	81	181	90	95	147	120	78	144	58	129	125	50	178	37	113	56	139	96	112	117	149	127	68	33
chr1-160000001-160500000	41	65	85	107	128	106	106	116	89	93	105	102	145	40	70	81	58	86	48	78	65	67	68	105	104	73	118	87	109	87	73	73	76	146	101	65	67	91	92	46	62	232	111	42	73	81	232	84	126	123	60	207	57	74	45	166	47	93	68	134	79	183	180	131	71	64	109	60	85	85	62	168	50	61	44	53	67	82	211	116	215	60	91	44	84	139	83	101	62	198	106	96	77	136	84	140	75	43	129	166	100	65	41	291	162	48	113	117	191	122	69	82	141	205	146	43	127	138	98	112	55	95	74	62	122	61	120	44	70	90	35	50	106	115	86	157	96	43	83	161	184	100	120	87	97	142	48	101	122	293	277	85	74	66	93	90	140	107	126	50	94	86	63	122	64	52	71	195	56	60	173	314	83	76	170	203	56	111	199	88	133	76	67	72	67	70	76	70	91	147	115	68	86	104	113	81	151	113	62	69
chr1-160500001-161000000	75	141	77	85	59	90	90	103	113	62	103	123	92	109	100	112	50	64	94	45	66	94	89	58	224	83	156	65	62	34	74	106	68	97	221	67	46	79	61	104	87	105	83	46	79	134	164	113	83	158	69	99	45	99	49	57	51	88	83	85	174	244	192	102	77	30	53	62	53	58	65	127	103	53	26	59	68	92	192	103	196	70	96	86	35	116	114	106	77	115	58	76	77	96	68	114	37	77	90	101	89	74	148	178	107	103	86	176	163	88	71	35	127	147	55	60	141	58	55	130	66	100	104	114	111	175	109	51	112	41	58	84	63	117	55	61	86	76	135	95	89	77	75	178	72	105	20	111	76	194	254	131	54	47	110	125	109	89	118	50	75	49	44	59	61	54	127	199	41	80	134	207	49	42	199	229	62	102	118	118	67	65	98	99	105	105	77	68	68	149	96	72	103	94	94	112	221	141	169	76
chr1-161000001-161500000	73	134	99	81	102	83	89	66	137	63	65	239	104	133	99	121	91	101	103	129	99	129	101	91	135	108	113	65	155	47	50	62	39	122	83	135	33	62	73	68	89	214	172	52	91	117	180	141	107	124	70	95	88	74	113	195	99	68	116	156	86	147	315	87	44	34	149	117	34	61	93	78	87	88	92	54	57	62	165	93	184	60	58	60	77	162	54	110	54	189	101	176	110	51	135	95	105	63	136	127	125	108	57	219	71	87	146	108	143	63	53	66	169	196	115	59	244	62	109	103	122	78	95	119	95	127	75	73	103	112	49	76	84	136	51	93	97	139	94	86	217	86	77	127	115	94	63	125	92	334	172	85	141	67	44	105	147	102	81	59	90	53	94	37	86	59	48	183	93	66	128	240	45	39	92	191	60	86	56	55	106	122	47	41	123	189	100	149	159	73	100	130	116	109	75	66	133	130	144	121
chr1-161500001-162000000	129	109	79	68	133	102	126	60	140	76	80	188	125	148	101	75	84	50	67	56	44	79	52	75	163	101	113	100	65	120	48	94	50	122	77	99	87	89	70	93	95	76	95	79	63	100	88	121	46	94	69	100	80	74	78	134	77	80	122	78	170	206	153	80	55	84	154	71	62	35	91	93	82	77	95	92	64	152	183	121	74	67	54	44	118	122	85	180	125	180	91	107	114	79	173	88	80	77	80	156	76	66	102	127	79	83	159	84	151	104	38	72	226	136	126	92	166	54	100	77	51	179	79	149	85	88	137	45	152	82	33	91	77	159	66	57	117	66	169	105	119	76	74	103	102	54	68	153	134	218	192	88	107	36	107	123	120	51	78	28	46	59	39	77	92	87	76	141	43	72	100	242	72	79	88	230	84	72	163	126	99	83	60	36	111	73	86	137	79	80	94	77	83	79	105	82	204	147	130	106
chr1-162000001-162500000	68	118	75	114	61	77	66	82	198	49	120	104	85	168	243	79	84	68	79	83	95	82	45	53	109	53	66	89	47	91	69	182	54	136	91	53	53	105	80	117	112	227	58	54	127	115	230	121	119	132	57	50	72	51	103	127	98	59	84	104	190	215	160	102	68	80	42	73	72	137	85	137	120	52	56	75	87	88	94	79	122	63	70	77	67	153	67	114	95	134	59	95	48	93	113	73	55	55	83	198	112	69	67	118	170	110	151	73	129	94	42	51	76	107	42	75	156	60	74	95	90	147	104	90	235	107	161	56	112	49	33	74	91	162	58	133	87	93	196	132	226	50	70	58	105	94	41	67	110	135	145	53	94	34	53	107	241	53	94	89	125	131	88	88	58	53	66	164	73	38	177	232	67	77	106	107	86	102	89	152	76	69	55	68	31	129	65	90	77	129	53	65	146	63	144	66	75	105	97	88
chr1-162500001-163000000	94	87	80	155	111	91	112	75	124	59	88	111	129	109	116	55	130	103	47	68	92	91	29	41	194	141	188	69	89	114	68	74	61	90	112	86	65	57	135	84	121	106	86	94	87	109	161	137	79	181	64	92	50	58	62	103	71	75	42	36	105	242	244	69	45	37	67	96	74	71	52	94	149	46	88	33	32	60	65	137	120	47	55	92	75	195	52	121	72	97	64	148	79	74	193	105	45	31	63	107	85	56	114	178	130	57	70	103	126	92	52	52	153	157	53	76	126	59	79	129	97	90	65	93	138	166	82	48	57	130	103	51	95	110	81	107	54	40	89	96	217	108	134	77	88	150	74	93	82	183	230	104	95	62	101	98	179	123	67	46	91	61	93	55	91	35	43	126	52	33	208	233	78	124	142	185	100	105	70	130	91	97	41	93	67	82	71	119	79	63	100	40	91	73	100	128	166	106	143	107
chr1-163000001-163500000	122	136	94	85	84	84	80	75	74	94	71	170	139	81	101	104	120	47	35	88	87	109	81	41	86	81	127	67	68	36	70	148	32	98	152	66	62	81	49	123	140	202	107	78	91	87	169	164	194	212	23	38	90	120	66	67	146	43	84	161	95	175	252	82	64	53	179	49	96	100	84	116	88	79	68	103	94	89	217	91	108	79	64	126	30	338	107	183	67	150	100	92	123	131	113	63	82	41	151	114	151	114	130	233	92	99	124	165	159	95	65	71	149	145	93	88	92	118	141	122	83	65	122	110	88	103	93	79	142	71	42	46	73	100	56	68	102	124	143	88	65	62	53	89	82	67	47	112	108	170	89	107	58	71	120	97	200	82	54	37	67	83	142	83	102	55	95	254	64	65	231	203	72	96	134	141	77	56	192	118	18	113	34	42	87	115	68	163	141	143	110	306	79	71	95	75	149	157	63	65
chr1-163500001-164000000	93	141	59	100	88	59	86	120	151	66	146	46	83	135	73	128	132	56	30	57	96	82	51	82	101	71	103	81	82	39	74	83	56	64	72	85	55	87	101	110	82	231	68	49	135	92	85	108	140	155	40	106	67	77	28	116	77	67	99	57	45	166	160	203	71	29	71	49	56	44	111	194	69	90	70	47	74	138	188	54	119	49	103	42	128	150	102	58	89	143	66	61	70	69	78	69	78	93	113	117	73	83	119	122	221	78	131	100	115	111	61	48	107	125	136	77	166	53	30	108	134	92	67	94	163	87	119	60	117	90	57	48	114	174	68	65	117	45	174	178	143	115	106	102	102	105	69	135	49	383	155	58	86	72	56	156	111	35	78	70	52	79	109	70	72	36	104	132	46	57	247	137	106	124	69	104	60	116	87	95	93	106	60	83	94	69	70	133	110	73	128	151	128	63	109	121	139	146	78	71
chr1-164000001-164500000	103	46	87	49	128	92	86	48	33	87	105	76	86	88	70	169	94	69	48	65	97	91	55	70	168	105	184	83	77	36	109	126	112	88	95	91	80	148	72	107	100	100	96	86	106	126	132	111	73	139	69	39	72	57	57	87	147	71	66	113	119	282	325	127	101	34	96	93	107	121	161	94	92	100	73	62	66	96	210	49	68	68	56	76	50	175	49	182	106	214	95	78	76	104	135	91	52	96	93	112	128	46	116	157	153	90	132	68	161	101	45	76	129	156	88	120	186	82	57	108	92	50	69	68	93	143	139	46	93	103	56	53	68	126	50	75	92	86	174	103	141	74	50	47	158	109	79	151	104	185	151	53	78	60	64	134	99	95	92	63	94	62	55	78	61	87	74	159	83	65	223	193	65	86	141	211	57	95	167	57	57	131	73	89	42	65	94	112	158	76	69	118	62	84	111	75	284	158	107	112
chr1-164500001-165000000	97	101	132	180	86	47	113	36	82	79	154	93	101	122	62	42	73	50	50	51	83	145	61	102	146	32	281	67	80	181	95	61	50	57	73	133	94	108	107	191	74	108	147	67	91	87	140	145	86	71	71	74	126	55	70	146	148	72	48	91	85	198	223	97	55	49	145	70	78	71	121	178	73	159	65	54	82	47	163	69	89	39	50	89	66	186	52	122	94	109	87	148	93	67	111	45	57	46	127	109	125	62	106	128	103	79	118	114	213	165	49	58	109	213	68	116	134	97	77	161	83	95	140	177	152	107	121	46	116	76	76	78	68	96	53	73	39	52	160	123	102	93	71	53	119	100	41	69	182	185	109	133	70	84	101	98	122	68	64	39	138	93	72	68	49	41	56	247	57	66	148	133	80	65	82	137	72	73	125	137	113	103	53	66	138	134	107	102	144	109	102	78	56	107	103	108	62	150	40	60
chr1-165000001-165500000	56	152	166	126	112	120	94	66	171	50	141	133	100	169	148	148	108	81	107	52	83	91	67	42	129	82	107	118	60	56	56	149	30	123	110	142	64	61	118	101	81	121	65	75	73	131	135	66	92	132	53	46	77	84	53	95	91	68	73	83	179	161	270	115	81	93	94	51	117	100	46	101	123	68	88	41	127	107	126	106	168	70	59	83	155	156	43	95	72	115	128	84	59	72	106	123	124	111	61	155	110	82	153	151	56	71	107	128	99	104	66	55	123	194	73	92	100	80	126	138	81	91	71	53	148	118	151	41	134	68	80	45	56	81	64	99	65	116	140	74	171	62	44	66	96	105	66	147	164	83	174	75	118	81	53	68	110	94	70	60	59	145	128	75	104	44	41	273	52	65	164	367	60	57	115	163	114	104	135	109	31	73	36	81	123	195	64	45	220	53	165	96	90	119	93	123	105	108	115	114
chr1-165500001-166000000	57	92	116	162	68	97	111	51	88	98	112	136	42	85	71	67	130	50	45	54	71	183	112	146	165	115	153	94	79	64	118	133	85	60	70	75	104	50	94	120	149	134	38	46	138	66	118	77	64	149	31	121	53	54	44	153	55	58	72	94	203	155	282	83	74	85	97	67	86	109	65	59	151	94	46	82	122	78	167	79	131	65	54	92	76	290	114	157	81	99	109	95	92	83	73	76	54	62	106	157	87	98	156	126	70	130	112	179	107	154	71	66	247	135	156	42	225	96	85	97	49	83	74	114	150	202	144	53	88	81	60	97	118	80	68	107	82	179	108	107	124	62	67	63	135	128	66	62	111	196	165	54	86	53	68	62	78	63	82	40	107	54	80	77	110	81	59	112	47	68	142	257	50	55	138	234	89	27	159	137	49	119	59	133	62	99	60	60	141	104	83	102	92	90	146	83	94	110	148	105
chr1-166000001-166500000	149	117	61	100	48	83	84	78	154	70	79	105	148	118	113	77	89	63	50	58	86	143	76	234	69	65	110	84	127	71	102	77	54	160	170	60	72	111	68	164	117	182	88	76	153	122	166	83	64	89	34	115	54	106	64	64	111	84	96	118	67	203	334	88	104	48	139	84	78	90	59	105	45	89	96	93	69	115	94	64	66	72	73	65	52	214	60	100	70	152	172	63	99	63	93	54	104	67	79	124	79	43	58	149	238	87	126	161	181	112	78	41	181	118	52	141	119	64	57	100	143	107	81	109	92	63	70	49	71	90	87	84	73	161	81	115	61	96	180	104	130	111	45	51	83	88	65	111	94	187	191	86	94	48	75	50	127	32	60	71	109	34	106	126	101	45	74	144	70	62	234	201	41	115	138	216	42	92	79	71	65	48	95	135	81	55	49	116	200	53	153	117	64	46	64	96	106	149	70	33
chr1-166500001-167000000	98	125	107	106	52	50	42	82	64	52	124	90	61	157	89	52	67	71	78	63	60	57	56	54	224	64	86	70	63	111	91	152	54	66	90	83	47	119	43	92	102	212	97	108	54	145	208	64	146	101	30	118	66	84	64	76	90	54	67	141	124	175	195	89	86	34	97	76	94	51	46	56	102	136	84	80	66	136	226	84	115	46	56	93	80	232	46	77	106	82	78	115	155	31	153	82	57	67	72	180	65	160	121	128	52	55	151	164	119	22	118	56	190	177	56	58	103	55	54	100	113	100	85	81	240	80	71	97	68	44	63	79	88	178	48	77	83	103	142	101	54	95	82	88	147	97	72	127	116	168	185	68	77	60	118	119	155	86	57	53	125	84	55	72	59	32	89	190	84	101	107	238	71	72	98	131	70	52	70	95	101	68	57	100	46	84	103	122	134	66	99	119	50	59	83	108	178	79	70	73
chr1-167000001-167500000	102	88	70	107	134	121	57	30	93	92	64	108	88	130	91	76	107	47	69	99	107	99	121	48	98	129	113	40	63	52	62	158	60	63	144	70	39	104	99	86	64	172	68	72	139	185	155	160	96	90	79	87	65	94	81	66	71	77	63	103	76	275	276	125	53	63	78	62	74	51	93	159	158	155	61	60	106	106	283	138	72	63	54	76	55	225	87	120	97	107	68	103	95	92	82	103	56	41	159	125	75	57	110	95	117	90	112	113	141	140	80	40	142	132	64	103	160	55	69	186	127	82	76	76	150	49	98	54	65	81	42	65	90	69	74	85	60	134	140	93	189	73	75	70	31	125	132	71	82	339	261	81	56	64	100	82	160	68	44	29	89	84	62	75	66	61	48	120	79	123	168	349	40	117	89	382	54	92	136	99	66	101	74	70	76	116	70	130	126	142	62	109	105	60	125	73	99	174	50	41
chr1-167500001-168000000	91	110	122	183	108	72	82	70	160	57	121	141	80	125	111	57	81	48	50	55	72	135	93	64	158	81	157	85	86	102	62	111	57	133	127	64	60	138	92	136	60	133	80	99	64	122	155	157	86	165	124	86	95	55	54	154	70	89	75	91	97	149	210	106	76	23	102	93	67	86	87	108	120	61	35	68	43	91	165	72	147	94	87	95	96	66	104	90	118	67	79	84	138	59	193	41	41	84	111	169	104	119	111	172	106	88	199	99	148	111	31	90	106	115	63	64	97	87	27	142	64	151	93	79	86	111	80	30	52	34	41	32	41	78	45	60	113	86	68	89	110	55	54	120	68	63	121	63	123	284	238	83	82	77	117	132	103	97	119	48	105	37	122	66	69	73	75	150	66	69	147	158	72	109	140	89	57	110	106	73	47	113	90	118	74	66	93	83	226	109	129	53	61	39	51	54	71	81	81	82
chr1-168000001-168500000	96	148	56	102	86	91	76	80	76	56	90	203	68	91	90	89	57	63	63	66	75	134	68	76	140	126	99	46	92	66	57	129	52	133	152	87	54	119	126	89	130	104	55	53	110	97	216	105	83	94	53	97	54	26	66	93	118	43	50	101	108	174	244	93	75	62	187	123	72	90	98	111	37	80	55	28	35	86	118	113	60	82	46	54	83	106	102	115	116	155	148	119	108	25	102	86	82	67	88	178	118	97	110	116	39	89	67	118	111	71	66	42	68	155	55	78	82	50	74	110	70	96	124	139	204	163	113	77	69	87	50	94	119	124	40	132	51	102	126	85	100	125	82	102	30	45	48	79	80	146	233	87	55	64	48	117	88	71	105	42	93	86	81	68	118	67	88	176	109	74	151	368	61	99	139	153	59	146	144	157	125	70	45	105	100	112	116	69	102	152	80	121	94	57	123	46	151	209	76	150
chr1-168500001-169000000	117	194	81	76	91	74	112	68	137	88	88	120	132	153	155	118	124	49	74	39	75	127	59	79	145	85	84	71	62	102	82	197	89	167	92	69	53	79	113	84	101	262	50	64	126	107	145	114	104	154	30	94	45	52	29	61	69	40	54	96	93	219	213	84	139	31	71	58	76	69	108	101	122	59	64	16	91	114	206	145	102	77	71	44	54	241	103	119	80	90	123	119	89	86	139	64	78	68	89	158	85	104	130	139	144	89	120	138	151	125	77	74	111	127	104	70	188	46	99	93	139	87	97	104	105	79	99	55	48	76	48	68	73	109	80	73	77	67	53	106	233	77	84	82	142	55	99	90	148	183	185	59	84	32	71	106	161	38	47	65	107	76	115	99	96	59	77	231	75	74	126	262	65	91	107	264	60	72	116	124	87	81	24	115	59	145	46	38	83	43	152	124	193	84	125	54	115	271	84	29
chr1-169000001-169500000	86	124	63	96	85	55	135	85	182	112	83	181	114	151	87	29	74	123	95	47	58	158	50	135	123	117	130	172	77	66	62	112	59	124	90	98	51	135	113	87	64	108	60	80	136	152	121	72	82	154	57	96	77	92	104	90	96	48	75	126	196	185	338	139	49	61	117	59	55	89	101	77	89	65	85	68	83	64	224	78	130	74	72	84	45	144	73	148	46	137	97	216	88	62	111	114	77	30	84	166	127	99	77	158	114	84	112	113	232	59	32	40	68	392	51	130	102	94	89	112	66	99	84	119	182	127	129	67	72	69	77	119	57	85	35	114	86	85	116	134	205	103	68	89	149	44	94	92	98	168	181	70	96	81	67	113	105	43	133	32	93	104	27	93	64	63	61	204	70	94	205	280	120	80	151	197	101	114	106	67	104	46	40	113	80	101	117	158	129	58	142	113	105	83	80	67	121	69	136	51
chr1-169500001-170000000	75	177	64	104	71	79	102	68	98	117	70	124	114	127	79	125	76	52	55	40	108	192	67	47	272	96	88	67	70	50	82	112	70	96	122	46	112	134	86	166	79	88	67	82	115	117	153	50	93	150	85	51	64	117	79	134	53	58	59	100	168	144	279	151	77	32	85	72	139	102	115	80	54	135	98	58	38	104	147	122	168	86	111	47	57	157	45	126	100	139	130	85	88	81	68	90	59	50	145	131	131	109	75	237	135	70	62	111	130	144	64	58	185	159	116	137	100	32	53	107	55	64	67	114	97	81	121	46	162	85	60	105	81	94	95	192	119	81	99	113	108	55	115	101	72	82	123	122	67	121	190	113	78	53	65	54	97	65	74	24	42	44	81	73	106	42	83	190	87	63	74	309	73	72	59	116	71	86	73	79	101	123	39	65	65	167	77	75	189	35	134	222	78	72	163	82	238	179	81	58
chr1-170000001-170500000	47	191	118	105	106	181	62	41	97	96	122	104	90	113	94	81	82	21	54	54	68	89	114	87	97	100	57	63	66	51	89	206	29	99	106	93	48	96	42	86	119	258	123	126	57	84	145	186	56	232	75	85	76	36	55	122	98	44	60	105	201	131	170	58	93	41	61	65	50	85	139	157	160	83	107	64	80	91	85	101	112	126	84	93	67	132	88	85	61	193	62	101	106	93	91	109	111	44	146	183	117	55	110	97	73	74	111	73	155	94	53	80	92	96	122	86	104	65	89	173	72	86	140	76	235	181	132	44	107	82	61	51	88	115	60	83	69	107	108	88	184	143	101	67	113	53	78	195	147	122	220	70	82	54	60	131	85	99	135	54	58	57	81	85	105	44	33	106	44	115	169	152	72	109	122	132	85	64	117	83	114	70	57	129	103	91	50	111	131	73	100	105	76	84	55	94	92	125	115	87
chr1-170500001-171000000	110	203	59	57	147	82	115	36	92	94	72	62	90	160	150	70	41	43	70	83	74	68	65	92	71	66	122	28	74	98	58	71	76	97	143	73	63	119	84	114	173	200	67	116	66	76	91	96	87	148	37	53	52	58	63	114	130	60	65	85	112	188	266	89	56	41	109	114	73	75	85	209	65	124	76	82	131	55	106	56	235	73	104	99	70	218	85	69	87	143	133	155	80	30	76	72	67	81	119	157	52	75	123	121	79	122	119	171	89	124	98	43	167	181	54	104	160	95	36	109	79	139	58	116	85	138	126	34	90	138	89	63	52	75	48	78	63	95	134	78	263	104	52	41	75	58	54	81	101	223	73	110	113	46	60	149	174	40	95	75	84	72	81	57	144	77	87	135	39	128	170	358	58	67	137	101	54	106	117	79	88	109	110	77	50	96	54	113	150	138	106	153	52	43	91	94	156	127	74	43
chr1-171000001-171500000	105	119	45	82	113	131	71	80	124	62	103	63	126	123	123	113	66	88	69	67	58	100	51	97	158	139	146	37	121	83	64	179	79	66	166	124	145	121	62	84	106	154	73	61	74	113	103	90	136	129	75	65	82	98	75	193	66	84	52	129	115	266	176	85	47	77	100	59	96	132	111	78	112	92	79	69	103	81	207	97	117	89	64	73	30	185	68	102	81	111	123	92	45	67	115	107	76	14	130	146	76	82	103	166	105	96	88	161	180	45	77	65	179	138	82	46	163	62	67	139	112	77	154	122	111	174	190	71	100	40	93	66	75	138	24	93	61	117	263	128	121	75	112	105	48	70	36	62	193	236	161	43	75	73	58	114	139	64	71	36	91	88	68	80	104	69	58	138	74	92	124	212	32	96	100	175	50	64	108	104	82	150	45	146	61	169	71	89	173	81	87	75	71	87	62	88	117	173	140	65
chr1-171500001-172000000	163	155	60	168	62	49	104	62	86	30	192	49	151	100	55	78	79	75	64	73	59	105	68	138	105	82	152	39	101	59	44	101	64	106	140	110	27	63	115	123	86	188	122	59	115	158	203	89	86	102	153	132	91	63	102	61	41	47	62	124	112	154	154	105	67	40	60	111	75	115	64	162	54	104	54	47	50	62	122	105	150	53	98	77	53	216	58	149	77	171	111	115	145	85	118	58	63	49	56	145	113	63	78	65	148	91	135	63	58	63	27	83	145	115	49	34	154	46	69	130	114	113	57	115	50	71	78	50	102	68	97	95	54	88	120	123	90	48	134	101	141	57	88	81	109	79	48	75	79	228	229	80	51	44	56	138	175	74	64	50	111	49	130	50	131	76	69	271	71	51	197	152	67	150	102	72	82	146	152	84	66	94	56	108	155	97	74	158	133	78	51	61	99	62	143	83	256	98	83	145
chr1-172000001-172500000	153	140	122	92	71	106	81	26	120	45	114	93	140	173	68	75	92	55	53	68	94	50	104	140	167	81	104	97	32	82	81	120	36	106	193	65	49	73	42	44	112	71	89	71	123	124	113	110	101	94	89	90	86	106	59	99	130	36	45	148	235	173	216	72	98	24	87	81	59	68	53	111	80	117	77	53	106	56	82	85	126	85	65	69	60	90	49	71	49	59	77	67	100	62	150	95	64	64	63	204	119	58	63	158	109	71	107	90	133	48	107	44	90	117	56	28	121	71	62	71	70	82	51	113	123	81	62	41	143	81	45	47	86	85	58	101	71	78	77	90	121	92	67	115	114	111	74	94	99	274	173	114	38	61	53	113	225	81	70	33	152	41	138	86	138	67	56	177	92	55	116	363	34	54	59	131	30	79	154	61	65	85	40	86	78	79	52	81	145	201	77	128	97	51	160	90	83	160	134	75
chr1-172500001-173000000	187	56	118	136	133	66	69	42	132	167	97	74	62	104	59	62	229	64	75	52	87	98	60	91	155	66	149	96	54	65	54	136	52	75	240	46	28	43	74	46	82	114	60	62	92	101	118	77	149	171	82	52	78	55	58	78	84	42	89	114	134	144	309	73	99	58	72	61	111	93	50	99	123	98	57	72	184	90	117	81	101	82	85	75	38	139	60	144	74	99	170	57	38	96	123	81	42	24	79	251	79	63	129	100	98	73	110	218	249	104	86	63	137	263	137	39	144	61	65	211	121	63	100	209	88	109	166	59	74	67	91	56	133	83	53	123	116	128	118	51	174	131	42	94	176	145	35	66	83	254	226	31	39	64	58	90	152	141	47	54	49	88	90	63	112	62	36	91	54	29	122	204	72	99	105	336	41	64	156	138	94	97	90	54	109	100	75	65	86	107	41	119	19	61	188	104	279	103	74	56
chr1-173000001-173500000	44	89	109	128	84	89	84	66	68	71	69	119	46	182	80	155	175	89	62	48	58	124	81	60	143	72	170	62	118	93	123	99	87	129	114	39	56	151	77	76	85	141	110	58	126	98	249	100	100	165	63	70	117	91	67	151	92	36	80	151	90	127	167	62	69	48	65	72	88	67	80	154	86	67	100	67	174	78	229	104	157	105	86	83	61	161	56	102	53	161	75	33	105	53	164	31	80	57	84	118	176	93	121	155	69	95	94	197	107	67	80	62	118	218	54	52	161	51	98	97	85	70	56	145	213	102	105	66	110	64	46	89	143	154	87	18	68	92	111	151	110	48	134	77	77	129	57	81	122	51	156	68	79	81	58	75	47	67	74	31	91	40	107	59	87	54	97	118	46	61	63	412	79	115	101	193	48	79	93	90	92	86	25	44	60	116	76	123	127	78	117	101	146	90	118	98	178	209	105	99
chr1-173500001-174000000	75	91	76	111	86	99	89	100	72	42	157	77	120	44	53	155	100	50	60	45	94	176	57	102	164	52	88	50	97	75	86	100	50	90	80	102	53	144	77	165	92	165	105	45	86	139	149	76	157	210	67	89	40	88	56	77	96	41	44	103	177	179	436	221	21	68	113	142	78	85	106	101	101	105	93	57	79	81	159	81	108	86	108	44	72	177	83	89	70	55	154	65	92	50	42	86	55	54	78	119	124	61	70	195	139	93	175	162	123	72	54	88	158	222	50	69	166	95	94	161	59	126	89	83	142	99	192	73	60	30	51	35	166	74	78	35	82	91	96	169	89	86	99	91	58	72	22	112	88	154	145	39	195	59	85	149	131	84	64	74	52	68	81	62	97	68	54	92	92	63	97	286	90	94	86	109	65	114	99	104	129	100	35	89	56	80	95	143	140	145	96	88	75	71	68	77	141	185	94	83
chr1-174000001-174500000	131	82	71	85	82	43	89	64	199	43	93	68	79	72	172	78	134	49	70	39	60	92	92	225	97	80	131	74	133	96	83	57	55	69	118	25	76	96	147	142	123	160	60	98	93	158	168	105	135	224	62	78	60	112	78	131	86	95	79	93	143	234	332	195	108	57	155	106	122	123	83	77	75	93	57	99	106	81	145	48	120	85	70	78	67	108	110	48	135	147	126	79	74	63	124	73	70	28	82	154	110	69	79	139	109	92	92	156	102	131	70	82	149	222	81	52	194	84	122	88	72	103	56	57	168	114	94	26	49	88	71	72	110	118	54	170	141	77	175	88	162	111	70	84	63	78	90	103	113	197	173	64	137	90	112	92	200	126	159	61	119	78	65	34	75	68	108	150	33	120	129	235	75	82	86	171	63	119	196	86	75	85	44	97	56	114	66	139	86	131	140	91	125	57	149	94	158	186	81	78
chr1-174500001-175000000	115	94	93	108	71	124	65	25	127	79	62	102	83	125	77	53	90	62	39	43	76	113	89	32	118	54	120	85	63	68	101	116	45	92	93	140	61	109	82	70	55	126	91	56	60	88	89	47	145	142	48	48	55	153	66	64	84	80	59	106	72	207	122	131	144	54	142	63	112	89	125	108	83	113	63	64	119	142	224	53	137	124	71	62	51	225	76	120	88	44	181	62	90	103	188	55	92	62	123	100	96	69	58	87	118	86	116	78	160	91	52	75	115	161	86	69	153	70	76	223	90	94	113	102	170	96	75	37	70	92	108	62	48	93	77	80	92	60	152	165	213	31	66	35	128	107	56	93	71	120	185	53	35	53	53	81	104	132	79	55	165	100	89	64	125	40	46	155	73	87	275	145	29	108	143	122	56	88	104	131	78	109	26	57	109	230	106	163	185	111	98	73	101	68	119	72	188	172	117	96
chr1-175000001-175500000	115	94	82	64	57	113	86	41	154	146	96	56	112	102	84	71	51	32	42	95	105	49	34	82	161	104	71	114	109	52	49	135	62	70	55	82	81	71	85	85	92	136	95	53	101	70	81	183	118	156	49	44	78	127	71	164	101	49	77	92	108	210	152	143	67	53	147	102	74	115	91	107	75	50	87	44	150	61	212	99	381	70	92	76	87	176	118	182	68	116	164	119	147	63	113	90	62	59	104	196	112	48	87	255	120	130	135	196	242	67	115	48	90	152	107	112	154	52	40	110	72	91	88	168	60	100	143	38	117	132	121	80	110	111	91	76	54	78	95	116	108	58	116	85	113	70	100	95	87	137	176	161	96	74	44	52	155	47	66	66	125	60	98	71	79	52	27	282	72	39	293	161	60	127	110	115	45	133	100	116	105	84	57	57	87	118	80	89	117	37	115	48	36	116	89	84	299	165	146	69
chr1-175500001-176000000	90	116	59	94	78	84	40	42	144	92	167	162	61	169	69	75	141	34	62	115	54	66	78	89	104	53	117	101	79	69	90	97	49	104	140	117	69	76	67	124	132	119	127	59	104	107	94	196	125	150	68	101	96	120	65	152	91	30	49	107	184	176	264	83	78	68	143	105	134	49	101	163	137	80	72	35	50	90	174	81	167	125	86	72	70	77	83	122	81	153	125	169	74	62	83	67	61	64	103	124	55	122	71	159	117	52	108	135	177	108	59	77	285	196	87	63	113	143	62	72	119	101	95	166	90	69	66	93	170	58	61	82	48	108	64	147	115	79	194	102	150	86	71	103	122	79	66	79	147	237	224	90	95	38	89	38	150	52	52	68	100	75	46	64	80	101	48	106	94	62	228	449	89	60	106	108	52	82	115	98	83	89	49	88	96	157	113	81	86	124	119	94	92	44	48	75	326	113	58	108
chr1-176000001-176500000	181	136	66	182	106	118	65	83	194	76	107	81	60	83	95	72	76	70	60	57	56	122	69	122	149	59	63	66	110	93	78	152	49	101	90	95	42	72	76	51	141	118	188	46	75	182	124	93	82	106	69	101	55	85	66	96	83	47	56	123	90	182	183	101	58	38	88	79	98	118	93	124	90	150	77	59	66	49	204	66	138	65	69	100	33	118	59	97	67	128	146	101	68	62	107	111	46	86	125	202	72	71	99	90	82	62	68	43	64	107	61	88	136	208	98	81	119	56	94	155	110	82	61	55	147	106	89	64	97	82	44	52	67	87	71	62	90	99	94	92	216	66	123	80	70	57	55	61	122	359	154	54	119	21	90	75	71	69	61	39	120	86	77	34	117	31	61	81	111	50	148	180	77	82	92	135	85	126	94	128	113	111	65	79	55	86	56	90	112	91	108	84	98	75	82	91	134	150	115	62
chr1-176500001-177000000	93	107	115	87	111	57	102	57	73	54	159	138	85	113	108	135	107	51	79	76	53	68	34	83	148	91	151	46	52	35	113	101	65	129	113	108	49	68	67	119	27	122	64	69	190	125	154	65	124	64	82	66	61	47	89	160	65	75	119	141	71	262	344	115	84	41	203	77	72	108	88	243	140	163	57	55	92	68	97	69	152	32	130	62	91	152	72	125	46	149	90	71	125	59	110	133	46	36	102	99	117	110	121	162	55	88	219	68	198	110	93	55	135	224	83	100	186	70	87	141	92	90	65	94	62	48	162	84	98	70	41	99	100	106	79	112	81	93	69	82	123	86	56	128	87	82	102	126	78	273	120	92	107	51	72	172	112	70	61	40	146	70	90	102	58	63	77	196	76	57	158	248	58	43	132	205	50	107	54	80	100	84	71	121	63	120	75	108	64	108	99	29	54	103	153	86	101	39	127	86
chr1-177000001-177500000	77	115	59	121	71	86	116	96	113	92	104	122	79	100	104	55	77	32	40	48	63	88	29	60	129	107	128	69	114	77	101	176	91	166	106	89	80	56	99	82	60	87	86	71	130	80	119	126	94	69	56	78	69	79	44	110	71	75	82	113	155	138	219	84	67	66	82	85	36	67	98	172	69	95	42	44	86	83	120	68	156	75	130	84	49	252	61	156	95	108	82	81	117	50	174	44	102	51	71	77	107	103	109	170	60	58	82	72	141	139	67	62	92	91	66	94	159	61	71	88	39	79	93	169	91	167	158	83	80	89	75	85	72	110	25	56	112	88	104	132	159	63	54	104	80	126	100	99	107	151	108	56	118	129	96	121	231	90	60	55	121	60	131	66	179	48	69	112	62	52	157	107	86	61	108	211	66	54	100	89	125	96	62	104	102	42	40	100	120	72	99	188	125	47	105	67	134	226	114	67
chr1-177500001-178000000	154	91	144	156	112	106	58	57	82	68	85	81	112	91	75	102	83	40	47	49	88	81	84	37	164	112	177	80	108	79	56	147	32	57	40	57	42	104	100	72	64	185	96	65	86	125	163	186	126	161	79	41	91	113	29	75	123	43	78	50	175	193	245	60	77	57	134	88	55	90	173	139	59	66	41	68	110	120	140	167	157	145	29	53	67	162	83	112	63	151	94	107	63	147	141	47	86	68	109	222	106	129	93	148	124	100	116	136	206	61	66	80	186	107	115	70	112	96	49	129	134	48	123	159	197	136	81	47	73	94	109	98	86	118	57	73	175	66	174	78	141	134	59	71	77	112	40	86	69	196	249	123	67	34	187	102	141	83	42	37	109	59	100	65	119	36	50	248	90	64	123	235	57	82	149	162	74	72	151	73	60	84	77	115	83	101	69	118	114	124	156	96	100	86	70	72	232	142	57	118
chr1-178000001-178500000	105	68	92	113	109	141	84	71	130	57	105	115	92	203	80	87	95	60	96	98	76	93	70	120	98	92	99	39	111	55	74	135	40	94	103	63	78	37	84	92	68	291	131	57	57	118	101	115	115	121	50	44	72	63	40	48	91	61	74	94	172	185	224	105	70	35	66	107	30	93	97	122	101	75	59	40	87	55	77	149	140	62	69	94	139	147	79	149	57	136	80	58	67	74	118	85	72	70	133	137	130	61	126	116	59	84	151	68	218	79	74	30	161	101	115	90	163	64	61	117	61	127	82	85	135	76	138	36	87	74	60	45	100	120	69	62	94	64	164	93	64	110	81	92	53	71	72	124	139	178	221	63	130	53	47	59	155	86	65	71	101	43	55	76	109	69	66	116	105	57	180	169	51	97	107	270	77	74	121	90	67	90	83	96	53	131	55	60	134	104	89	98	74	122	80	50	159	181	118	59
chr1-178500001-179000000	134	69	67	61	80	60	75	77	183	124	79	134	45	104	119	105	72	55	75	78	47	142	56	146	98	67	134	60	167	123	65	89	61	53	80	80	61	35	114	127	78	144	54	71	84	89	248	201	78	166	79	44	30	54	59	126	101	51	68	95	110	134	260	131	70	57	96	45	90	166	86	166	66	53	58	97	90	68	95	108	91	82	74	71	86	87	40	98	47	175	142	101	113	98	109	94	64	77	66	153	36	78	144	94	96	111	74	84	106	129	75	18	179	181	104	137	135	52	34	155	35	162	65	150	199	162	96	55	93	97	98	94	93	78	36	106	58	106	115	60	83	137	50	146	73	124	47	74	83	218	75	73	99	51	94	91	210	53	118	55	123	38	68	65	146	51	47	78	124	80	172	157	56	71	124	207	94	107	84	78	92	70	105	138	127	82	155	119	66	84	96	128	88	111	102	73	322	90	108	93
chr1-179000001-179500000	108	156	127	116	62	150	127	72	114	91	124	105	156	196	60	62	61	39	82	58	106	118	104	63	137	89	69	74	117	136	162	127	39	111	70	115	33	82	91	70	39	150	86	87	128	113	165	125	114	290	39	41	37	48	37	77	81	68	113	82	198	100	247	30	111	65	133	131	133	68	78	168	90	104	61	106	101	82	206	149	121	71	63	109	70	318	97	128	94	71	157	87	151	83	111	106	57	33	100	66	78	85	43	220	118	95	135	185	221	114	49	77	107	77	50	121	100	57	79	85	68	74	101	97	173	118	112	57	125	69	64	43	48	141	88	79	95	53	119	108	161	86	84	57	88	71	70	145	91	142	230	34	49	54	84	87	149	100	73	50	97	54	95	121	70	56	58	115	53	85	236	245	39	84	86	196	38	68	204	159	64	93	68	83	104	129	40	43	128	132	114	96	92	36	81	101	262	181	45	56
chr1-179500001-180000000	154	105	71	108	74	118	78	58	97	62	94	120	120	160	81	41	89	45	44	81	61	63	51	76	176	76	147	51	99	102	65	162	45	140	96	78	89	145	130	85	115	204	57	48	104	97	178	113	68	199	71	120	56	65	41	126	131	40	80	99	100	316	108	64	59	30	80	93	70	108	117	192	110	83	56	94	51	91	269	78	55	79	85	44	90	210	74	104	110	48	151	60	69	64	127	48	70	57	143	190	70	86	131	212	65	109	155	126	148	141	44	96	95	78	71	74	259	65	65	167	51	103	32	56	87	33	142	69	95	44	36	113	116	79	62	121	95	122	158	74	220	122	80	88	101	114	67	84	88	194	156	128	86	41	64	74	85	66	117	32	80	54	104	52	98	55	40	286	57	87	161	227	26	92	84	139	95	92	135	109	123	83	46	114	76	80	71	115	148	128	151	84	90	67	127	44	200	209	64	70
chr1-180000001-180500000	101	156	52	128	109	107	83	82	108	67	85	110	76	122	154	110	105	53	31	99	45	133	45	91	139	63	72	122	51	87	88	198	66	68	66	85	52	121	121	112	109	282	53	90	125	47	95	174	56	164	58	87	89	134	97	100	110	55	56	69	131	311	233	122	35	52	78	71	82	126	119	102	98	64	35	72	48	51	134	132	134	74	59	51	61	153	53	138	74	136	83	111	75	101	70	139	55	59	104	103	70	137	145	116	128	80	125	97	255	58	82	67	68	132	87	171	127	121	113	69	80	56	124	111	117	77	122	50	129	55	46	71	150	129	38	52	57	66	146	86	103	47	66	67	87	139	63	88	91	157	140	47	77	61	112	53	74	124	39	27	98	54	115	135	88	49	56	151	80	88	65	280	76	96	93	149	55	71	86	93	117	78	65	89	113	130	63	78	109	37	99	104	62	83	100	153	197	115	70	114
chr1-180500001-181000000	154	62	96	88	72	109	51	73	107	58	42	102	101	79	98	110	95	36	68	46	102	139	44	84	73	124	52	49	87	53	150	164	58	74	122	101	41	57	64	117	82	239	48	107	105	96	250	194	109	77	62	76	59	142	66	113	140	27	24	79	133	236	221	104	64	67	50	94	83	86	64	86	88	71	47	46	101	77	180	74	100	76	60	103	95	262	54	79	134	157	128	69	35	81	114	111	65	138	104	156	128	101	146	132	108	49	184	97	230	143	70	87	107	331	133	73	99	63	65	99	104	182	68	93	153	118	99	44	94	113	34	53	39	100	35	105	86	70	70	82	124	114	64	78	90	74	64	134	92	311	103	25	118	47	114	131	115	80	68	50	71	93	118	65	68	79	57	246	41	86	103	202	41	81	107	198	106	46	161	122	52	94	45	57	78	102	58	46	66	89	133	99	59	78	123	86	135	122	147	57
chr1-181000001-181500000	195	115	159	58	72	101	74	65	66	47	99	130	178	105	77	103	85	29	65	37	74	93	55	62	291	79	141	72	143	101	156	66	29	146	95	124	105	71	80	84	60	149	101	81	115	91	57	73	83	94	53	89	51	117	75	178	101	59	58	91	159	229	228	128	53	27	50	45	87	31	74	165	113	61	21	69	85	94	147	58	139	79	32	99	91	124	102	138	110	158	121	98	77	98	82	111	89	73	111	224	125	128	98	141	62	95	149	204	166	48	53	93	183	125	109	43	140	54	64	121	62	92	135	91	215	101	99	50	121	69	63	55	83	124	77	228	55	82	131	70	78	100	47	37	59	84	62	103	111	296	163	70	89	91	50	141	120	80	102	61	106	62	81	95	81	25	47	192	69	106	100	169	109	70	118	153	83	106	62	87	103	151	40	60	119	119	45	158	131	101	84	91	64	127	72	78	128	121	101	63
chr1-181500001-182000000	71	130	135	153	62	95	104	68	182	141	102	78	78	208	97	91	151	105	56	79	56	87	84	95	201	74	151	113	118	43	86	116	46	90	68	74	43	63	102	113	73	77	78	93	129	51	200	87	129	156	54	101	77	61	54	226	142	88	36	112	156	182	392	67	57	59	62	104	60	138	83	104	97	54	75	77	84	71	135	105	83	57	113	72	57	213	75	127	75	78	56	37	130	65	75	88	29	63	98	104	105	64	89	94	167	125	104	109	114	66	54	42	139	114	84	88	143	72	48	153	84	75	62	86	151	33	211	34	71	80	62	53	50	195	97	71	87	101	96	110	69	65	80	68	64	229	81	69	195	282	190	71	71	82	88	88	172	74	57	56	122	87	44	50	62	42	74	218	60	71	156	124	89	54	95	250	110	48	250	116	49	107	69	147	109	96	80	170	73	114	110	108	82	93	61	83	148	112	136	75
chr1-182000001-182500000	146	87	111	102	75	61	112	125	132	43	59	98	134	117	136	76	106	69	36	73	49	138	48	96	108	63	82	71	64	81	169	96	57	98	113	99	79	34	60	116	81	249	38	66	92	76	83	160	86	178	48	87	39	42	112	73	122	48	64	86	39	214	390	189	105	47	66	62	98	38	91	84	98	117	78	46	89	109	123	139	107	45	118	42	117	103	63	109	54	266	79	104	129	41	104	103	72	71	117	196	35	108	135	67	137	133	89	137	185	169	57	60	134	241	100	84	153	82	80	110	165	137	55	81	73	138	193	73	64	45	41	63	47	129	38	78	70	112	89	53	66	86	41	101	115	53	92	138	43	155	153	58	111	46	80	38	138	77	70	44	52	46	97	112	122	44	77	169	73	75	124	210	55	69	97	154	99	98	234	83	103	83	89	107	62	101	84	177	165	110	140	99	122	57	91	102	195	158	166	93
chr1-182500001-183000000	103	107	60	166	46	99	88	43	124	153	114	113	65	92	103	40	90	42	51	73	51	112	104	95	182	55	110	35	78	113	87	127	59	173	96	64	47	103	174	79	106	110	83	51	71	195	212	98	153	113	85	110	63	91	127	99	87	104	72	98	137	175	158	87	57	59	131	55	106	72	76	144	122	59	75	28	74	75	226	67	157	63	50	128	74	298	53	115	91	93	127	114	130	55	87	83	95	74	107	202	70	72	65	132	129	54	113	67	114	70	102	42	132	224	83	78	143	139	44	110	56	42	105	81	149	46	136	72	140	109	57	61	94	93	20	73	111	71	145	170	125	95	76	135	119	135	78	92	98	201	158	72	88	25	64	168	132	62	86	50	128	143	64	49	108	47	78	139	40	74	128	101	53	63	113	107	104	80	106	149	65	93	103	81	47	96	58	134	235	88	115	81	77	75	136	98	154	133	78	50
chr1-183000001-183500000	93	102	75	157	141	62	57	63	136	83	56	120	90	93	54	38	134	32	53	59	43	141	61	86	73	45	230	40	147	90	94	133	107	93	84	37	72	96	115	148	62	150	78	60	140	97	134	103	61	83	52	56	51	117	48	119	79	29	94	131	173	91	130	167	63	69	71	39	160	49	106	71	62	68	32	50	45	74	325	76	203	115	50	69	62	76	97	94	49	110	91	62	98	84	79	54	85	57	107	237	92	74	149	174	83	79	106	126	165	60	35	54	125	140	74	97	96	84	123	171	74	106	142	133	121	118	95	38	48	69	100	53	117	50	83	60	74	61	162	121	262	63	104	66	71	91	35	74	66	112	218	80	104	55	58	73	160	35	39	140	108	40	50	93	69	33	42	172	56	119	261	137	74	103	66	310	70	104	223	107	33	113	67	118	76	67	72	136	111	74	105	70	105	100	132	114	100	128	116	76
chr1-183500001-184000000	122	87	73	142	79	77	64	99	74	86	104	114	72	87	84	49	118	46	86	96	48	87	49	66	192	80	146	67	61	93	108	77	64	92	142	93	58	76	79	99	92	164	115	55	112	62	111	150	80	76	72	96	63	96	51	62	157	51	50	211	83	148	243	101	71	81	175	92	75	129	26	168	59	37	84	104	74	46	148	73	98	85	64	43	71	147	104	129	63	81	68	66	105	41	93	62	62	51	141	158	124	115	133	120	124	108	148	84	122	70	80	111	215	92	99	95	79	77	64	123	91	98	86	86	135	74	105	23	97	68	108	85	58	69	68	173	102	93	101	167	86	45	55	118	70	85	56	78	141	184	181	108	83	66	80	87	119	72	39	81	54	59	50	57	130	47	54	101	94	103	211	335	122	120	173	115	67	60	70	78	73	129	49	112	97	101	50	111	119	90	121	98	103	67	148	89	144	162	67	71
chr1-184000001-184500000	77	96	75	76	64	106	109	65	63	129	143	156	44	134	152	54	58	86	80	71	72	102	90	82	75	145	87	112	31	97	102	164	50	119	89	82	57	125	36	88	91	143	68	63	84	58	74	60	93	94	52	71	41	103	64	117	156	58	111	91	127	162	255	135	77	42	136	119	69	78	90	102	147	101	72	65	106	57	158	152	182	86	60	37	102	214	55	76	72	136	95	79	77	71	183	129	51	39	143	66	89	168	110	163	106	94	117	139	175	91	19	73	106	106	162	121	145	93	78	96	79	47	52	81	129	113	101	41	53	34	30	70	66	146	45	104	77	148	157	122	174	95	44	115	148	111	94	101	68	266	216	107	54	72	82	103	82	90	75	37	72	51	68	57	211	51	50	135	45	45	212	210	25	89	94	118	94	123	70	84	125	88	50	66	77	140	79	164	65	168	136	55	120	85	128	69	158	94	143	77
chr1-184500001-185000000	170	82	124	99	108	93	122	57	149	61	97	52	103	77	131	83	82	91	42	37	75	90	64	127	198	108	66	103	73	59	78	89	31	83	181	101	78	112	104	44	93	179	77	102	118	144	121	91	101	241	80	37	92	78	32	108	75	57	73	74	181	157	138	171	79	42	137	76	78	127	66	124	187	192	104	33	64	127	170	72	122	93	55	84	142	131	126	102	63	84	120	118	134	166	94	126	48	46	73	101	63	89	138	61	73	73	92	111	64	110	79	66	204	154	112	124	105	39	44	83	63	40	48	113	178	89	166	47	80	110	53	88	132	144	52	66	143	25	96	58	250	72	79	147	44	148	58	73	113	120	92	74	108	61	81	73	183	77	116	73	51	80	125	56	56	51	66	142	61	80	184	280	51	50	52	228	60	80	67	113	103	92	59	76	123	120	111	55	130	140	103	38	107	122	146	67	200	173	121	67
chr1-185000001-185500000	97	143	100	93	65	66	47	107	132	82	99	102	232	141	94	101	100	36	110	27	41	148	70	26	107	137	72	55	38	47	81	55	39	69	125	45	53	101	103	38	73	145	108	64	117	130	142	78	192	102	53	70	128	101	90	118	98	108	101	143	81	156	225	139	83	70	104	47	63	80	89	163	70	127	47	73	87	110	188	80	121	88	65	59	68	186	40	139	41	180	111	121	189	67	149	98	71	94	167	198	86	99	59	111	85	75	179	75	175	96	79	67	80	130	110	90	169	68	42	139	108	46	81	107	198	116	71	52	140	106	51	68	117	94	39	41	77	125	194	38	169	100	71	47	150	85	47	134	100	185	137	108	124	65	128	92	171	71	42	64	88	67	78	69	92	76	43	158	52	88	171	149	46	91	92	157	62	80	191	50	91	78	83	84	102	118	45	92	152	87	100	106	89	77	111	84	270	175	75	60
chr1-185500001-186000000	141	110	82	125	69	54	78	72	116	127	77	90	85	118	97	104	67	63	117	75	88	96	33	89	125	59	107	67	110	47	82	107	39	91	108	87	60	119	70	51	112	178	111	71	71	58	107	102	72	137	65	111	85	37	57	92	153	84	71	113	168	145	200	89	47	44	62	66	60	89	95	174	109	79	86	42	85	100	146	38	107	85	45	95	75	107	55	190	48	181	124	168	128	24	121	26	49	89	86	179	106	133	52	205	73	43	219	125	183	153	89	88	200	225	55	84	111	81	63	92	75	126	87	131	160	94	94	33	61	79	63	103	81	117	77	48	51	104	96	86	157	46	59	105	146	49	71	172	113	123	200	53	70	41	58	81	103	59	62	44	56	43	81	97	146	58	31	154	61	42	217	143	47	91	72	103	123	52	135	140	86	84	41	108	51	166	81	73	102	47	122	112	82	66	103	74	175	220	105	68
chr1-186000001-186500000	80	76	98	107	95	98	66	75	74	101	89	69	107	144	48	65	89	44	27	21	88	141	46	107	207	45	123	88	59	32	56	73	51	75	69	62	92	65	51	65	63	101	80	113	72	37	200	127	112	74	87	63	107	88	65	116	61	76	34	129	154	183	113	89	102	60	136	80	76	93	48	224	55	85	64	63	80	157	164	142	112	80	112	60	122	140	32	142	91	180	67	75	103	103	190	126	40	60	107	74	81	162	184	130	77	57	158	176	118	108	97	35	190	146	63	111	116	70	56	181	109	205	62	79	70	108	77	38	84	120	113	55	89	89	55	72	74	103	118	138	94	106	69	91	102	106	110	86	125	128	127	90	147	44	54	110	152	75	122	51	76	76	67	99	88	77	39	186	29	79	242	110	56	103	137	259	72	117	124	142	57	53	34	109	133	71	92	109	204	101	84	141	74	55	62	110	160	115	126	76
chr1-186500001-187000000	136	137	151	122	101	48	91	47	214	35	142	45	120	100	60	111	75	96	82	84	57	152	81	65	145	125	149	78	164	59	45	154	78	86	105	81	70	169	63	145	59	269	67	50	51	129	140	79	76	77	105	90	133	79	68	166	102	87	79	127	151	161	165	156	64	52	162	92	108	74	105	94	105	123	38	33	113	101	186	98	181	69	119	63	75	139	80	134	115	114	69	110	125	56	74	127	40	84	131	147	83	116	100	180	94	68	176	108	107	103	61	41	89	172	88	118	180	83	101	151	125	93	119	80	228	123	125	57	98	86	49	82	99	196	74	44	148	62	78	60	79	127	77	84	106	90	86	132	73	275	125	39	102	89	57	88	93	53	117	44	120	78	84	51	164	66	65	109	50	43	133	141	42	41	134	159	91	85	60	95	74	87	41	99	94	128	36	130	79	69	98	134	56	83	142	97	92	89	128	38
chr1-187000001-187500000	77	108	76	112	95	88	77	88	154	53	117	91	129	92	87	98	87	58	63	60	67	156	47	76	111	79	165	81	95	69	90	123	67	68	97	68	90	47	82	96	138	178	62	80	107	139	105	116	79	114	69	47	29	104	46	168	62	63	79	121	88	151	378	71	67	33	121	79	80	100	82	105	94	115	90	69	96	118	251	133	132	85	47	54	48	219	24	189	99	133	112	124	154	43	137	73	63	44	88	214	73	64	72	113	91	131	113	83	125	118	71	119	226	243	80	64	139	108	98	84	26	96	84	67	128	167	133	53	121	64	69	96	110	194	101	45	46	69	146	136	95	97	93	73	77	103	71	57	98	292	123	59	75	68	132	130	83	28	84	42	71	79	68	85	100	52	63	171	50	87	90	182	53	92	156	134	95	120	196	101	58	37	94	144	87	76	105	102	151	118	116	38	71	45	123	61	153	192	124	46
chr1-187500001-188000000	82	105	83	74	53	86	69	64	177	63	80	162	95	104	106	58	138	97	46	63	82	69	71	64	92	60	133	91	76	61	44	133	79	94	102	73	96	87	96	119	67	170	147	92	111	114	107	44	96	123	156	126	112	55	40	157	56	58	82	72	166	209	175	154	65	59	128	80	79	74	110	122	96	49	62	39	78	59	178	126	166	79	83	83	83	155	45	98	74	119	107	98	85	75	60	129	64	49	65	321	88	74	142	155	166	87	172	175	144	61	40	61	134	97	66	71	174	97	71	101	76	181	61	76	122	71	126	72	124	78	56	95	98	96	49	139	50	30	74	137	181	137	32	193	164	97	98	109	50	175	150	77	49	43	132	38	129	68	76	77	105	60	54	114	133	77	74	110	57	27	231	193	57	79	46	242	55	92	100	56	73	96	76	108	91	63	77	116	89	101	146	127	97	71	137	162	139	147	87	95
chr1-188000001-188500000	75	176	91	95	56	121	79	81	66	106	93	106	61	127	136	66	53	32	67	63	111	115	101	40	130	76	137	129	168	46	64	89	56	137	93	104	117	79	116	105	83	129	63	49	68	81	121	143	112	218	35	112	102	59	123	142	109	48	59	50	84	199	139	90	71	56	58	70	56	55	88	157	62	70	66	82	47	71	114	74	86	114	36	63	35	154	77	80	91	130	130	31	96	69	106	104	31	76	53	142	86	105	94	142	88	42	61	164	319	125	72	66	131	105	127	87	167	65	105	72	66	237	77	178	149	118	64	58	54	106	24	94	71	160	93	131	61	75	169	182	181	113	120	82	75	71	74	92	97	111	194	21	58	40	91	107	73	85	70	33	93	50	118	61	140	43	52	166	71	98	175	306	80	84	104	156	65	67	59	97	108	58	54	60	73	42	84	190	91	105	81	94	73	36	113	96	126	291	97	87
chr1-188500001-189000000	143	59	114	76	62	62	107	76	94	50	74	115	55	160	89	78	126	66	23	74	64	153	124	102	214	103	136	85	52	50	76	132	98	53	114	94	66	94	84	155	96	68	67	75	78	133	149	137	101	152	17	156	114	128	60	108	154	75	89	122	160	91	383	98	68	56	59	58	127	66	168	94	87	54	66	56	114	112	155	78	131	104	80	77	87	177	47	159	119	103	180	64	62	58	124	77	41	35	110	157	97	63	116	72	129	118	162	82	146	83	80	46	197	137	87	80	153	38	93	144	111	113	84	135	103	63	98	56	40	36	50	56	61	106	53	124	55	78	128	100	180	114	97	93	88	79	78	105	87	269	215	114	79	44	103	55	99	38	79	32	188	56	61	73	88	44	62	104	52	89	168	243	62	67	119	258	77	48	80	56	60	61	97	83	93	142	99	56	172	81	109	100	181	129	90	75	146	131	117	118
chr1-189000001-189500000	60	143	110	119	52	86	76	95	76	114	97	62	87	172	159	94	72	64	55	130	83	77	95	88	132	80	163	49	113	112	99	248	61	127	103	117	59	54	55	95	87	93	60	110	101	77	149	107	110	179	63	35	38	103	62	77	163	49	42	54	115	195	134	124	63	45	140	60	51	70	115	109	188	75	37	37	53	92	129	57	187	60	84	67	68	172	58	212	56	121	108	97	124	90	85	86	70	100	202	218	71	71	109	91	92	89	170	69	141	117	100	93	108	195	121	83	219	68	67	159	133	57	114	107	169	45	88	37	54	38	63	71	123	55	58	145	76	183	82	72	245	47	94	90	102	139	40	141	79	230	168	74	68	94	130	123	146	67	123	42	58	37	111	41	62	59	75	178	50	71	259	189	59	70	119	138	63	58	119	85	76	90	63	111	75	77	97	172	76	55	116	129	133	76	121	134	265	52	65	99
chr1-189500001-190000000	81	83	69	38	41	86	97	63	114	80	52	76	76	160	139	31	76	32	61	82	35	89	69	152	163	90	56	59	50	49	57	145	75	124	124	105	45	81	84	200	132	135	102	51	122	87	117	111	76	179	47	71	99	59	57	182	82	31	41	91	101	284	140	131	95	68	114	82	110	51	88	110	101	98	55	63	50	53	182	59	87	99	71	51	59	243	91	63	69	173	119	104	80	97	129	72	87	81	159	160	79	53	125	133	133	62	257	201	66	109	73	73	162	118	77	95	81	109	48	163	62	42	79	97	82	93	92	72	182	52	62	76	122	95	50	120	48	38	47	95	241	88	51	41	84	134	64	61	67	161	160	81	84	44	45	228	95	69	52	62	42	67	66	73	59	63	116	99	78	53	63	269	73	88	87	214	72	100	128	118	91	71	49	83	111	77	100	122	91	100	77	125	105	64	111	83	192	137	92	21
chr1-190000001-190500000	98	148	76	102	73	54	96	87	180	137	100	74	70	147	130	49	103	101	37	54	67	99	88	67	127	51	105	51	119	46	108	97	77	118	116	84	84	147	78	139	144	96	168	91	65	61	136	68	141	124	37	70	51	62	63	182	65	39	68	135	131	85	257	91	26	44	142	76	84	75	74	130	86	90	85	61	55	94	181	97	163	61	51	70	68	178	88	164	60	157	145	126	124	71	80	59	58	66	66	251	93	54	101	136	137	73	113	106	139	83	70	84	178	170	169	73	141	45	63	122	118	121	70	79	242	126	97	40	68	70	57	63	139	66	48	107	150	100	110	37	186	99	98	120	98	116	107	98	88	107	158	58	120	52	131	110	147	81	84	44	62	54	88	128	65	46	70	89	37	82	149	352	60	91	59	193	49	198	104	49	106	46	49	68	83	113	152	122	87	117	116	131	87	128	86	56	176	232	108	75
chr1-190500001-191000000	74	75	70	88	144	50	85	83	144	59	105	137	122	95	75	75	83	60	72	51	55	103	86	84	130	126	115	77	83	53	38	179	64	114	95	109	34	62	127	141	127	241	123	64	43	67	91	114	39	127	46	68	36	74	52	143	43	86	103	113	132	79	244	96	78	58	108	48	99	78	94	152	65	52	57	40	76	81	137	63	158	60	36	94	75	335	54	126	36	183	73	79	77	87	86	62	107	43	111	100	111	40	68	64	139	102	235	68	184	82	62	95	142	164	83	80	113	51	46	120	87	87	86	118	111	75	117	62	116	59	79	82	64	123	64	109	70	100	141	159	70	93	162	114	116	97	75	106	116	203	206	34	105	56	78	92	174	87	107	51	118	48	108	82	31	59	37	185	46	113	141	209	32	78	62	162	92	120	146	116	76	105	48	100	49	91	40	78	272	86	59	111	111	66	82	185	213	187	127	96
chr1-191000001-191500000	135	117	138	191	85	104	131	87	208	83	131	107	170	111	140	98	91	44	91	75	85	139	53	78	177	108	140	56	137	89	68	185	80	94	102	70	78	181	83	56	130	144	164	70	95	121	63	228	121	122	144	103	92	76	91	82	39	73	63	146	110	134	189	146	52	25	36	109	187	71	144	218	67	105	82	57	87	94	76	69	181	82	75	96	75	166	76	165	66	151	62	102	86	84	72	57	43	67	127	256	69	71	69	78	89	67	83	102	187	107	91	81	250	119	88	80	217	58	44	85	29	94	85	81	172	115	133	54	83	85	73	52	97	119	54	101	66	61	105	164	191	130	41	58	117	48	48	112	56	196	303	91	105	40	73	126	144	48	107	62	51	57	68	136	88	47	25	140	30	96	107	167	64	53	203	231	37	68	142	125	75	129	67	80	100	68	57	112	174	165	79	82	105	62	102	104	116	138	100	96
chr1-191500001-192000000	136	102	103	118	40	126	115	83	116	50	82	111	197	107	81	90	93	117	71	40	47	57	91	52	177	85	184	73	116	88	97	87	42	125	87	72	51	140	34	138	104	99	111	72	137	129	197	116	36	135	68	99	89	72	91	186	79	71	93	117	152	158	334	75	63	35	63	91	62	55	79	149	136	152	92	97	36	110	95	130	200	73	63	71	75	135	79	86	79	149	83	128	119	90	52	80	64	70	183	117	62	95	83	127	79	85	148	122	135	73	33	52	186	250	59	117	143	72	58	169	112	100	169	89	144	168	107	50	58	59	69	101	94	120	72	123	77	99	117	161	164	108	69	122	85	141	69	119	74	222	206	71	54	82	58	118	142	52	115	45	82	63	71	47	94	28	112	108	85	22	201	294	91	37	107	177	45	45	165	100	82	80	52	86	102	98	73	116	112	131	76	128	112	62	141	66	93	140	139	88
chr1-192000001-192500000	58	141	74	110	57	53	77	67	137	100	87	150	116	102	113	113	150	56	93	62	77	100	39	37	94	99	102	49	54	93	96	56	57	85	100	107	81	98	86	98	114	151	158	97	88	99	138	105	54	136	50	77	64	86	61	95	150	52	49	91	101	126	230	123	111	52	137	123	68	102	140	94	86	141	75	41	111	91	149	103	199	121	62	90	78	298	81	133	108	100	107	95	69	91	129	60	44	37	124	160	117	48	114	129	99	73	150	62	61	96	43	65	145	112	107	101	206	103	24	128	106	139	101	103	181	142	66	32	146	54	101	42	71	117	57	55	110	91	116	66	120	60	45	146	57	141	45	141	91	225	129	62	125	39	31	68	171	63	54	27	113	107	120	69	90	75	73	304	43	67	115	192	84	56	44	135	40	52	145	40	136	81	50	85	116	97	84	99	160	53	205	76	89	77	83	46	175	181	169	66
chr1-192500001-193000000	156	142	67	147	48	73	58	109	104	39	72	184	115	137	129	103	108	67	50	41	60	111	83	114	189	126	76	86	127	82	106	78	93	152	93	61	71	112	61	89	77	138	63	65	146	87	127	72	147	80	78	81	81	104	81	90	84	75	80	136	157	153	151	33	40	60	95	56	128	93	97	134	91	88	43	61	98	84	91	129	180	94	34	78	41	287	104	155	94	179	195	90	121	70	182	60	81	54	89	138	128	105	66	102	79	75	146	102	148	102	45	83	162	104	85	121	207	53	67	181	57	87	116	121	132	144	123	46	64	79	93	77	94	169	74	107	46	189	133	82	203	84	79	105	106	172	35	133	78	301	165	81	89	72	64	104	85	81	81	48	69	55	38	96	64	50	47	168	58	63	156	460	61	52	100	268	65	51	97	53	71	66	42	80	56	113	95	48	115	128	82	95	49	48	105	79	240	214	89	90
chr1-193000001-193500000	108	95	66	83	58	63	71	60	98	108	108	71	88	95	138	52	46	48	70	56	49	118	74	126	139	90	74	73	102	33	99	160	38	90	103	67	68	105	71	87	74	164	87	74	85	74	169	157	131	218	74	63	56	128	86	102	69	55	82	42	57	153	245	139	80	54	191	95	80	61	75	146	72	75	89	39	134	122	128	181	150	89	55	43	55	170	81	130	54	110	87	34	90	72	64	50	44	53	146	151	116	71	169	144	139	33	184	158	97	91	40	53	174	163	76	105	140	94	55	77	105	127	92	97	139	149	99	42	82	106	73	67	115	78	45	36	85	112	84	82	128	119	72	81	61	120	32	51	144	248	241	32	50	35	50	54	77	41	72	34	80	79	106	61	133	60	86	159	95	78	147	296	66	70	82	221	66	147	96	131	39	147	81	95	78	114	59	92	156	144	104	105	73	100	123	45	130	70	134	61
chr1-193500001-194000000	118	96	98	84	36	90	94	58	133	61	94	112	58	86	94	99	60	41	55	47	66	88	50	86	146	82	51	67	149	47	103	77	71	129	76	85	45	71	63	148	83	93	41	50	119	143	146	109	142	201	42	78	49	112	54	117	85	60	54	117	171	183	340	86	34	43	62	119	113	59	51	112	127	96	77	55	84	76	288	124	116	67	67	126	100	248	77	98	63	104	152	117	117	90	132	80	66	69	127	133	102	80	152	136	127	63	137	49	151	102	52	74	160	102	89	73	180	65	71	148	127	136	63	134	191	51	106	81	67	100	73	55	77	72	56	93	91	38	91	114	211	106	54	50	117	65	113	94	113	142	112	62	86	68	80	143	173	74	92	28	63	97	104	89	105	60	50	180	62	79	254	179	84	77	87	137	49	135	118	91	98	132	102	133	84	43	62	115	171	66	92	126	84	75	102	87	201	231	139	71
chr1-194000001-194500000	124	98	53	121	107	185	81	45	160	113	58	127	164	78	41	60	84	65	49	25	49	77	23	129	104	75	96	52	91	121	67	118	62	131	130	83	25	69	85	104	47	190	69	79	84	176	144	74	56	198	97	131	37	86	123	104	114	62	85	111	121	88	394	87	93	40	119	77	83	140	50	100	100	55	129	58	50	91	204	181	93	105	69	77	80	247	51	91	77	89	120	138	54	77	108	82	71	58	96	118	199	83	92	107	78	107	91	86	160	31	80	62	146	134	81	78	135	77	100	127	86	43	69	86	160	78	99	78	113	91	89	46	103	125	48	45	117	113	187	161	121	87	50	104	77	99	93	71	140	233	131	49	133	71	68	47	146	57	134	24	108	66	105	50	71	48	43	303	47	58	146	186	79	78	98	139	69	75	104	109	61	142	38	92	86	166	92	167	128	73	155	83	110	34	90	66	188	185	64	47
chr1-194500001-195000000	98	179	71	73	42	16	47	63	111	56	95	117	133	114	65	60	61	74	63	48	62	95	114	61	96	116	67	104	82	51	94	191	67	89	115	75	73	79	160	126	75	160	184	62	123	61	114	137	97	173	130	66	105	120	107	107	60	61	50	128	109	205	320	61	87	58	70	95	63	58	124	146	68	94	43	41	76	150	187	143	201	87	65	51	57	146	77	123	77	131	98	52	86	93	131	97	71	66	99	119	63	94	96	127	89	115	129	140	79	124	76	46	176	163	55	102	103	32	47	122	69	161	109	161	191	85	146	37	75	41	55	51	97	154	108	53	51	111	64	114	119	113	132	110	90	171	68	130	93	231	141	67	99	99	114	65	178	35	108	39	112	80	71	49	175	59	104	202	68	30	226	126	63	103	30	135	52	96	83	115	64	86	93	67	93	82	76	113	90	185	133	87	180	56	58	68	204	131	95	40
chr1-195000001-195500000	103	105	72	137	63	54	74	92	161	116	158	148	99	275	54	67	132	22	74	44	36	93	49	82	160	87	93	62	110	59	153	101	45	147	145	75	81	66	156	72	41	145	71	45	67	114	126	101	87	115	81	57	70	84	37	58	114	71	58	181	95	309	170	90	41	63	97	113	88	120	139	91	110	65	116	79	87	126	173	180	131	95	54	77	48	297	93	73	62	118	113	132	89	53	96	85	34	63	60	145	127	86	62	93	116	89	108	227	173	53	78	28	147	138	127	122	247	32	87	89	95	105	129	99	131	125	88	64	83	112	52	59	64	100	47	66	126	62	147	147	163	38	36	35	112	128	104	90	114	222	213	52	84	132	98	73	108	45	110	47	103	59	85	52	64	57	59	233	93	66	112	186	68	62	150	201	57	122	135	109	71	38	103	57	89	119	79	121	135	87	55	76	96	102	177	122	187	157	80	58
chr1-195500001-196000000	85	101	54	105	74	97	142	68	121	73	125	78	128	114	101	72	51	98	95	49	104	166	74	50	178	71	178	61	185	60	58	160	81	59	81	73	107	83	95	207	75	156	82	74	88	118	139	169	135	114	53	139	53	62	63	115	46	63	117	167	101	190	141	134	46	28	86	82	97	73	133	79	87	86	61	59	107	84	152	71	162	72	88	51	115	191	62	132	33	172	102	97	42	85	110	82	79	52	168	232	103	56	98	121	101	76	132	139	152	41	58	67	183	158	133	72	82	71	104	53	104	35	70	151	194	75	77	63	99	77	42	40	72	246	68	61	73	94	116	56	130	111	86	135	59	126	114	72	67	150	135	55	69	59	106	97	205	77	41	48	69	73	119	50	104	54	67	158	42	66	194	169	52	85	108	173	85	132	124	94	111	56	69	148	114	117	98	45	117	119	98	99	134	25	111	77	220	173	119	16
chr1-196000001-196500000	138	64	90	95	56	113	74	75	40	88	73	66	81	284	100	87	90	58	93	75	99	93	80	124	129	64	142	85	103	48	66	89	71	116	102	27	40	174	52	154	80	145	70	64	102	75	132	78	115	222	52	74	101	130	85	103	64	83	78	89	84	190	126	121	56	87	145	99	131	95	63	81	86	94	83	56	70	217	189	82	109	80	57	79	93	144	128	139	68	162	63	83	77	79	123	60	82	58	83	131	89	87	122	239	80	82	248	99	157	52	26	55	109	178	48	54	177	72	44	136	123	62	97	91	182	61	104	81	76	83	41	93	89	121	52	78	60	51	184	94	153	63	106	79	137	66	52	145	173	285	168	67	154	70	65	116	45	57	100	30	128	82	79	61	110	69	56	232	38	35	191	205	46	106	106	156	86	67	101	125	113	83	48	84	127	94	62	85	111	110	97	90	66	71	79	98	149	99	71	69
chr1-196500001-197000000	56	58	78	127	50	89	55	58	68	45	90	145	69	123	128	82	96	67	102	79	66	110	54	58	148	85	104	53	115	36	109	108	34	119	57	83	34	107	72	145	73	224	89	22	145	93	165	108	100	71	86	149	150	66	47	79	84	58	81	95	77	144	269	67	121	55	92	66	76	93	116	106	85	84	126	53	102	67	108	97	78	76	106	50	101	150	94	135	99	133	98	64	65	76	99	78	33	53	152	256	55	60	111	130	82	74	151	115	113	72	59	87	156	97	113	66	138	68	68	145	93	54	54	82	96	123	130	63	72	59	39	78	51	59	58	63	60	124	120	89	214	127	68	66	139	76	102	94	84	119	148	46	102	68	93	141	176	45	71	34	78	33	95	43	52	72	40	163	66	80	66	284	64	94	124	137	39	42	85	87	82	110	55	113	96	101	69	102	125	52	191	55	72	109	152	119	266	71	172	77
chr1-197000001-197500000	81	109	67	125	72	112	71	75	159	53	125	116	82	101	162	132	64	26	32	47	66	118	124	106	161	104	98	70	108	71	89	89	40	82	133	114	37	182	115	71	60	101	96	32	176	114	140	190	130	204	50	16	75	78	89	157	79	94	37	94	110	161	137	129	50	97	97	100	66	68	76	168	109	72	96	30	55	80	101	100	118	46	65	35	92	261	69	67	45	180	103	99	48	73	163	66	32	94	125	124	69	89	121	150	114	88	99	136	65	135	87	72	262	262	135	105	102	77	24	109	132	45	117	104	142	66	118	91	66	100	18	53	49	240	65	119	55	80	127	151	198	120	74	188	117	124	80	108	65	188	88	107	82	100	70	61	121	55	85	96	119	81	69	109	88	65	73	92	51	72	136	328	43	94	101	172	60	71	162	113	84	190	45	43	116	113	90	141	131	78	97	133	95	100	96	79	193	167	90	92
chr1-197500001-198000000	74	104	100	84	60	58	77	61	105	121	64	72	74	97	112	86	54	58	49	53	60	96	48	50	143	58	124	87	77	36	151	96	66	76	147	115	97	127	131	136	144	130	55	54	120	121	187	61	122	87	83	71	45	103	97	47	148	84	77	107	124	136	171	97	64	33	115	102	86	71	72	132	88	87	63	80	43	130	184	158	72	94	69	59	126	230	37	139	88	113	110	120	74	77	72	53	51	75	108	142	82	111	62	72	75	69	271	73	148	102	113	64	141	115	49	118	136	78	99	136	111	95	84	191	146	58	93	56	128	89	148	48	83	133	32	87	93	67	160	67	132	114	35	102	163	94	80	209	96	185	118	98	106	40	42	208	188	65	58	43	59	46	54	67	89	45	40	221	52	78	165	139	117	53	76	135	72	81	104	103	48	101	49	68	86	111	98	42	159	102	75	137	115	147	86	123	188	218	110	61
chr1-198000001-198500000	101	70	127	80	35	92	123	97	98	76	61	111	137	109	71	75	112	60	94	78	47	153	118	85	57	79	35	59	113	79	81	148	47	127	153	79	34	101	69	127	98	181	146	42	124	59	93	146	86	128	60	87	75	75	54	69	97	55	79	123	101	230	227	104	76	44	172	62	144	90	108	77	86	77	131	56	80	60	135	95	133	55	45	43	62	159	77	204	40	133	68	44	100	62	48	21	40	43	102	285	58	75	119	170	68	65	144	204	151	121	75	58	102	163	87	167	209	33	94	110	101	40	91	69	150	131	70	61	107	48	33	106	63	99	59	85	145	65	114	140	190	106	64	76	135	71	84	77	77	82	144	93	46	46	67	139	88	47	96	20	79	36	113	62	184	41	93	243	86	44	96	274	80	73	133	207	63	61	143	98	83	81	61	64	78	112	82	128	114	86	93	102	149	80	129	102	111	125	101	72
chr1-198500001-199000000	168	198	118	78	95	50	113	60	91	59	132	97	79	61	81	106	67	56	49	45	82	84	29	74	206	55	143	76	69	26	76	120	59	110	99	82	55	61	170	107	122	96	149	65	143	107	121	158	109	213	84	87	58	50	60	168	117	55	49	136	106	201	232	70	67	38	88	35	83	136	114	191	64	117	86	42	98	77	191	135	142	111	81	47	33	166	99	166	38	152	114	104	95	116	100	119	52	67	100	191	118	100	56	150	117	50	84	128	159	114	89	55	151	234	116	104	90	67	51	104	112	99	100	83	142	86	99	43	59	67	53	69	133	164	122	52	52	83	97	118	157	69	64	114	56	109	34	106	83	160	111	105	107	77	95	131	127	107	72	69	71	120	80	75	92	28	72	264	89	98	176	273	91	69	65	140	85	87	70	100	75	100	50	56	103	66	75	131	70	138	152	43	110	51	131	78	231	123	129	53
chr1-199000001-199500000	69	80	80	59	56	95	118	91	178	90	65	85	139	81	111	94	81	63	51	83	68	97	46	141	126	67	130	109	111	78	31	103	113	158	94	80	48	116	99	57	72	146	56	59	92	111	209	78	92	183	82	81	114	100	102	143	160	13	64	68	89	139	168	113	103	25	148	70	98	80	137	109	41	66	34	58	65	133	118	82	94	78	50	46	88	320	71	106	81	130	96	90	46	79	118	92	73	59	95	117	159	134	141	178	46	69	118	132	146	125	61	62	137	104	147	92	271	117	61	156	45	133	53	84	188	139	33	56	131	45	87	68	85	124	106	159	106	57	120	190	98	112	73	48	55	92	65	106	59	225	124	54	95	104	74	128	115	48	75	74	135	46	81	101	104	51	47	219	103	61	315	106	94	80	102	125	59	53	49	137	74	68	61	68	106	111	86	110	116	127	60	89	217	87	65	31	178	76	74	33
chr1-199500001-200000000	140	54	28	169	56	83	60	90	88	88	56	144	99	115	99	62	135	78	88	55	78	96	77	100	158	64	184	89	109	98	92	142	41	46	160	47	59	100	33	92	88	67	69	96	49	107	80	127	116	77	61	54	118	77	21	73	124	35	41	67	106	171	293	127	56	39	81	105	50	62	92	126	69	63	55	65	83	154	92	66	112	104	26	64	73	136	101	189	78	110	149	142	106	146	147	62	49	59	57	118	65	60	183	93	99	105	144	159	179	125	97	118	144	120	114	73	74	39	77	74	36	111	129	76	114	99	92	51	134	50	65	51	77	157	59	129	111	132	122	70	183	106	119	115	103	71	63	126	87	211	190	46	57	33	70	175	170	123	94	47	135	127	72	65	150	57	38	145	34	63	174	413	48	49	82	119	63	93	47	143	90	66	27	133	127	223	96	142	215	90	201	101	95	43	65	89	138	136	78	89
chr1-200000001-200500000	79	74	113	99	54	79	44	76	137	52	71	128	91	125	76	121	92	37	42	51	79	66	53	101	114	107	74	32	104	75	92	96	66	186	69	72	54	140	44	62	126	160	59	53	92	101	96	74	100	262	62	61	130	50	52	116	92	37	85	142	142	226	187	87	68	71	82	67	46	113	102	116	50	80	58	54	73	51	173	106	113	74	67	31	122	192	90	153	49	148	105	105	100	35	123	72	65	70	86	151	64	78	156	211	85	70	105	138	178	36	72	67	98	159	140	72	200	90	75	153	68	52	84	96	109	89	78	64	58	66	73	69	89	56	55	89	59	81	92	151	148	121	67	71	142	91	32	124	93	190	93	99	114	73	55	111	166	48	82	57	106	114	87	56	82	36	67	98	55	131	244	340	95	92	68	117	44	78	57	93	144	68	48	140	113	103	133	150	156	98	170	75	87	130	155	115	144	92	170	49
chr1-200500001-201000000	59	225	179	157	78	71	98	35	162	38	55	137	50	125	52	72	77	52	42	30	76	153	79	94	146	85	109	70	66	71	43	98	28	108	192	57	93	140	86	88	85	181	112	90	40	135	212	108	74	153	60	100	86	64	138	141	100	35	62	143	147	179	313	60	53	44	117	81	70	50	81	100	59	83	62	49	68	87	105	58	157	53	51	85	66	103	67	95	81	98	85	57	104	133	71	92	28	57	144	124	55	152	62	113	170	49	132	121	143	73	55	103	94	116	94	100	195	75	68	107	88	100	108	224	114	155	112	62	135	84	83	93	53	98	72	158	51	38	128	243	104	104	62	151	65	86	66	113	85	250	137	69	76	50	94	140	179	73	40	63	64	59	99	32	101	56	37	175	79	68	114	149	97	114	114	116	81	104	158	88	79	66	61	93	62	107	109	202	167	69	57	40	86	46	153	53	150	215	152	99
chr1-201000001-201500000	126	62	58	117	55	110	143	68	90	72	114	98	114	143	88	105	68	41	84	79	122	96	66	86	99	76	95	44	54	86	38	142	45	133	72	80	62	98	42	67	74	154	59	71	80	129	159	66	69	99	122	88	54	79	57	76	49	52	65	116	71	221	182	86	100	57	79	79	59	59	111	116	109	40	56	32	30	95	155	111	107	130	75	67	40	246	93	126	134	156	146	102	89	81	77	115	120	46	138	131	133	135	137	116	95	59	110	77	124	115	41	66	202	218	53	93	86	55	130	121	84	114	107	72	139	138	128	40	61	60	40	48	55	61	50	160	59	59	85	97	211	117	65	107	152	122	105	126	106	160	199	50	92	29	68	134	136	49	88	95	88	63	47	61	137	76	69	134	54	64	168	131	66	62	82	138	66	129	121	91	70	103	51	135	111	137	69	112	133	117	67	137	103	56	56	115	61	248	168	84
chr1-201500001-202000000	69	152	179	126	66	56	107	62	81	84	116	109	57	125	67	98	101	24	73	48	136	179	78	69	156	66	125	82	84	71	50	91	63	146	72	72	62	120	115	103	136	171	63	76	80	97	107	131	43	158	61	85	102	48	55	64	83	56	50	145	105	178	280	153	52	49	50	107	89	55	89	130	74	27	63	32	126	105	203	87	113	99	72	45	52	216	57	150	97	166	111	137	40	70	121	91	42	55	65	246	101	100	82	118	161	79	205	161	127	128	84	36	92	112	128	74	118	63	101	92	89	155	100	143	160	80	104	50	75	75	35	84	154	191	57	61	86	73	150	77	73	92	111	65	131	160	34	85	83	308	276	100	129	95	37	107	56	73	57	83	44	52	64	101	93	52	77	111	56	67	210	254	69	42	87	278	94	85	111	125	79	80	82	120	100	159	67	93	121	90	116	106	84	57	102	71	159	139	124	47
chr1-202000001-202500000	129	82	72	144	64	66	73	66	100	88	114	115	51	98	110	69	93	91	49	54	87	167	66	101	167	67	97	95	60	88	69	79	33	147	146	74	38	53	61	91	120	211	163	104	73	51	116	153	98	159	63	72	79	50	65	128	78	59	71	67	28	230	255	80	34	57	104	92	113	80	54	153	120	78	70	56	87	138	212	92	149	138	94	89	135	116	68	112	68	236	108	94	102	38	68	83	133	110	111	142	131	138	63	148	92	81	150	72	146	62	46	88	249	293	92	85	120	76	65	106	63	82	60	75	128	75	126	80	103	54	73	45	113	109	72	43	71	99	90	126	140	93	83	107	52	126	111	168	116	186	255	86	81	56	61	102	109	109	42	52	77	52	61	67	130	28	79	181	54	87	180	261	71	86	117	101	63	52	68	135	94	93	78	84	128	89	57	186	133	88	109	70	74	91	104	48	221	146	194	121
chr1-202500001-203000000	88	133	56	124	27	67	83	73	104	122	76	76	135	200	40	109	82	43	73	33	62	97	39	90	99	45	117	68	125	93	79	98	72	96	99	56	45	80	133	123	104	83	64	70	99	81	123	146	76	150	27	74	36	68	58	142	131	50	91	73	165	294	304	96	47	71	207	84	110	54	79	122	122	79	113	94	92	59	161	92	96	79	79	62	103	154	71	150	46	152	141	148	103	51	114	78	56	59	96	97	98	83	70	126	102	107	143	163	124	53	70	66	152	248	59	75	213	68	67	187	88	123	65	85	118	79	143	50	63	40	86	57	119	164	46	99	60	76	156	43	112	102	114	115	118	118	131	89	133	288	153	53	63	49	59	117	170	73	73	53	87	81	98	94	94	28	77	127	80	69	171	223	27	77	167	139	46	89	92	114	93	83	54	45	78	103	93	144	91	143	95	123	84	102	104	98	133	194	109	55
chr1-203000001-203500000	82	106	72	53	56	106	134	70	165	81	61	203	192	125	173	148	53	47	39	58	85	81	23	100	94	75	61	67	79	88	84	77	39	97	130	97	27	95	95	91	92	95	65	48	98	32	114	125	68	271	63	23	54	129	122	85	84	29	66	128	95	193	199	100	54	81	114	51	82	73	140	98	75	97	69	52	85	84	236	69	156	85	49	79	78	226	94	89	98	150	154	119	108	52	99	101	61	49	48	76	60	97	118	117	190	91	120	54	159	94	60	70	135	156	44	40	168	163	61	103	67	81	88	131	188	103	105	38	114	49	74	113	107	79	84	106	52	63	225	83	90	131	82	139	85	56	66	63	115	193	83	131	108	54	81	68	64	140	61	49	58	88	102	22	86	34	63	262	91	95	253	167	62	47	127	193	84	77	156	44	122	56	44	73	87	74	96	92	192	139	104	133	125	98	61	59	159	173	124	125
chr1-203500001-204000000	70	71	72	110	117	66	103	103	80	112	90	36	121	154	56	84	137	76	53	62	49	113	90	125	120	59	147	86	33	93	81	143	27	120	127	115	165	105	56	63	115	175	60	85	162	108	159	132	92	112	79	68	75	84	58	80	94	33	76	97	125	209	284	151	84	45	174	54	111	37	144	182	79	56	57	80	85	133	90	108	91	108	77	50	86	131	129	133	124	138	83	72	176	70	149	62	17	51	79	181	106	54	217	122	138	82	128	106	144	66	64	84	140	235	103	114	91	45	69	83	82	58	83	95	125	199	154	14	58	81	72	96	81	94	81	73	175	48	112	146	39	74	53	97	94	111	18	85	174	143	150	52	60	66	91	132	137	65	91	34	115	70	101	44	82	28	91	253	53	49	163	246	49	58	62	131	58	130	153	114	91	66	72	106	154	170	50	108	155	109	126	96	82	54	43	162	224	150	129	68
chr1-204000001-204500000	96	133	62	90	86	144	52	41	214	54	139	88	108	42	81	54	149	34	120	56	139	151	59	37	116	120	98	43	105	81	122	120	40	58	94	55	65	124	76	64	118	139	69	47	50	211	162	120	206	166	52	86	83	83	31	105	54	53	64	148	111	201	196	66	103	32	98	114	92	52	77	126	80	77	65	35	43	129	87	59	140	101	91	63	142	87	56	103	33	160	72	131	91	66	86	67	51	75	165	119	77	113	115	156	108	54	122	184	189	91	60	78	161	134	82	121	187	22	72	71	63	107	75	92	139	95	120	19	33	62	82	35	81	107	62	66	99	105	103	97	152	85	68	91	107	129	41	90	84	191	217	133	103	27	77	203	235	102	73	57	60	83	79	111	136	74	68	89	50	36	112	263	54	127	130	194	59	192	172	125	107	76	69	97	82	75	62	119	118	69	84	132	61	78	143	74	197	182	119	74
chr1-204500001-205000000	88	55	71	100	94	54	42	41	161	115	102	122	83	68	69	68	123	55	98	58	56	54	105	87	115	95	138	88	93	109	114	68	71	119	92	57	78	101	60	52	67	153	150	75	111	82	92	147	121	205	60	80	38	115	65	75	129	30	25	148	128	227	186	169	53	41	82	95	49	96	98	206	54	115	67	47	94	157	228	48	125	67	90	67	122	363	56	109	108	103	122	42	72	81	121	58	72	47	62	195	40	96	60	291	71	73	126	97	193	71	77	37	181	186	73	97	163	41	84	96	100	85	80	140	129	106	64	59	202	83	78	75	62	99	83	70	121	72	105	100	80	78	52	94	216	172	60	88	107	136	73	115	53	39	107	107	168	66	66	62	109	88	76	76	126	45	75	265	51	83	283	232	81	103	62	112	26	45	93	105	74	61	42	90	108	98	94	45	111	142	130	85	137	44	116	145	88	97	83	101
chr1-205000001-205500000	120	197	68	58	26	116	61	37	64	47	110	99	97	158	23	116	45	61	71	79	52	143	98	60	166	113	127	44	75	52	94	153	74	42	108	124	90	99	69	111	175	132	86	43	148	126	74	91	69	174	69	73	68	51	65	90	43	70	97	149	107	146	285	76	58	48	93	61	63	80	99	177	120	58	106	44	104	158	218	113	233	78	64	67	89	296	46	116	39	80	126	99	70	76	90	36	57	67	106	204	100	52	97	117	96	81	139	134	114	129	89	75	178	117	84	65	138	113	105	147	65	113	99	101	171	101	116	53	73	106	91	108	68	125	92	142	133	49	252	138	258	33	103	48	107	58	83	113	53	166	263	70	92	69	47	65	120	95	66	51	75	50	47	111	90	54	40	221	113	63	224	264	31	38	93	135	87	63	200	67	101	103	76	82	107	121	52	87	170	123	123	98	139	75	105	63	198	120	113	55
chr1-205500001-206000000	66	105	159	126	78	105	64	125	102	112	137	126	76	78	128	69	103	48	83	77	111	113	73	111	121	62	140	147	80	91	91	140	55	107	109	42	36	72	75	115	108	145	103	58	67	111	73	118	107	117	37	79	111	66	74	77	84	60	66	143	165	218	357	77	108	43	130	66	58	45	145	140	69	109	93	36	78	110	113	79	70	96	92	34	85	114	46	147	26	131	160	71	93	83	102	68	123	47	68	89	45	160	130	124	89	97	69	78	149	142	67	83	86	131	113	71	154	57	74	73	76	95	145	64	158	142	91	58	93	66	62	89	105	179	33	115	105	88	116	77	86	46	82	106	45	119	80	151	82	193	119	81	131	42	107	63	168	42	62	48	55	96	99	97	53	14	49	168	112	105	292	303	45	63	139	184	67	73	59	74	77	69	72	55	68	87	70	131	78	103	98	90	83	79	94	126	149	102	57	138
chr1-206000001-206500000	68	114	93	107	124	100	120	64	71	40	96	148	87	42	103	96	47	53	63	67	27	130	39	36	82	132	117	140	108	36	66	113	103	54	112	73	65	72	124	115	68	132	123	55	227	132	123	118	72	127	29	62	80	68	54	183	133	74	66	74	91	200	84	61	74	57	114	87	114	117	120	164	71	107	72	42	112	131	149	63	139	85	82	45	124	168	111	108	50	165	68	123	46	88	144	57	53	63	107	210	98	119	71	175	60	132	110	61	45	97	112	69	166	160	126	92	195	85	83	31	88	99	95	134	125	108	146	82	183	70	57	66	97	111	65	88	57	62	121	59	160	83	57	58	124	74	50	118	59	309	214	84	139	79	116	101	94	63	61	57	58	69	67	92	151	74	139	139	63	93	156	222	54	97	82	295	32	56	107	114	56	52	73	89	104	59	134	150	242	111	54	55	66	83	143	109	171	160	139	59
chr1-206500001-207000000	55	66	48	102	119	97	106	60	165	175	109	113	121	72	147	71	59	52	31	76	109	82	83	91	124	88	102	89	64	84	134	84	46	51	228	43	90	166	65	83	63	211	76	83	89	65	157	109	78	95	56	92	78	92	102	167	127	57	40	80	78	106	415	170	78	41	53	64	74	85	126	161	114	68	94	95	83	104	202	105	159	183	61	76	27	191	134	81	81	131	146	187	77	65	86	60	66	87	133	161	88	101	93	185	154	54	98	94	128	130	88	47	211	166	97	58	80	59	39	145	109	130	51	117	87	158	108	46	41	46	83	80	118	119	34	115	86	105	106	116	118	50	62	76	113	104	86	37	161	280	174	67	69	42	95	100	116	81	31	66	90	60	78	124	90	50	50	198	76	40	122	142	42	58	120	94	102	43	181	114	81	82	64	128	128	73	73	82	87	126	98	59	46	100	153	133	165	256	64	95
chr1-207000001-207500000	71	97	103	142	44	106	62	68	139	97	79	66	96	58	37	68	84	66	102	39	79	111	81	59	60	57	213	62	115	81	69	81	56	195	100	62	57	91	112	70	77	131	56	61	88	98	58	107	122	158	69	25	102	90	80	138	69	63	78	94	77	161	352	95	87	28	79	53	60	65	93	163	42	121	35	30	72	82	235	87	70	94	73	83	71	193	95	132	83	159	75	59	122	94	95	71	88	57	86	120	129	90	79	109	113	65	178	91	110	87	66	38	116	205	88	50	172	26	63	159	100	127	91	165	169	94	95	62	89	71	79	55	87	165	104	62	50	40	69	119	96	98	53	98	68	114	55	78	183	108	246	56	50	92	81	143	137	51	113	44	144	53	51	40	75	46	57	140	46	80	212	342	35	99	134	172	46	103	76	51	61	106	59	75	137	188	66	54	157	132	121	67	79	55	92	105	181	175	106	79
chr1-207500001-208000000	125	77	76	120	93	107	73	31	69	62	30	127	134	137	115	90	76	27	51	41	126	105	127	99	104	74	157	104	87	81	94	143	73	74	78	53	24	99	56	96	76	130	74	80	103	150	157	110	192	130	82	70	71	130	49	95	95	103	88	138	92	222	254	185	88	46	130	118	86	41	157	133	92	87	73	33	59	122	150	62	171	88	35	96	96	276	75	118	65	129	90	81	141	64	111	61	76	65	150	128	65	95	121	160	157	86	84	133	107	102	89	56	151	111	84	62	158	47	56	86	92	118	111	132	123	147	73	65	109	86	123	97	48	275	69	97	59	143	97	75	240	36	51	124	145	27	79	61	102	221	154	55	57	60	75	67	179	61	89	30	72	45	136	103	129	41	64	147	43	72	200	423	106	119	143	215	80	85	145	105	61	69	102	72	94	148	107	118	69	108	115	129	91	81	137	64	176	119	135	88
chr1-208000001-208500000	92	171	69	141	54	67	83	86	123	57	69	76	98	93	77	86	104	53	42	50	94	93	74	74	113	90	137	62	73	93	92	146	47	46	75	51	63	98	79	116	42	73	108	71	124	88	129	93	106	89	48	62	114	67	67	82	78	46	77	67	90	170	180	104	97	58	68	94	87	61	115	200	105	78	68	31	78	64	182	113	135	92	115	67	111	100	61	87	59	132	80	78	85	44	156	92	68	65	54	93	83	71	106	111	80	96	182	146	117	80	75	93	140	160	37	58	143	100	63	179	100	91	136	101	118	135	80	45	52	43	42	76	97	83	45	128	85	115	114	46	71	103	97	73	69	65	91	107	89	169	280	85	87	86	89	76	148	155	57	45	53	66	108	30	81	90	22	136	35	84	126	183	109	122	73	168	96	119	101	91	112	123	43	82	167	113	119	191	214	64	117	151	116	76	97	95	225	123	73	101
chr1-208500001-209000000	97	176	109	101	64	32	43	66	191	135	56	77	78	69	79	33	177	59	51	60	65	132	84	111	196	103	153	50	74	115	62	112	62	159	140	86	47	71	53	95	67	88	88	65	126	38	160	159	126	148	55	109	93	135	78	191	127	99	108	138	135	189	183	104	110	57	124	114	75	74	81	148	96	124	39	57	55	131	159	137	76	64	57	99	127	160	70	92	78	124	72	91	96	84	90	116	50	52	161	201	137	113	132	141	74	72	198	154	76	101	43	103	157	166	71	72	122	52	70	104	107	152	91	160	146	119	82	74	82	40	79	54	63	92	78	96	61	109	117	128	90	70	92	106	90	71	104	108	126	136	193	38	47	45	104	32	106	82	87	39	109	71	119	71	97	33	52	119	60	81	189	265	65	138	95	128	89	93	144	91	34	106	110	89	87	138	42	216	106	116	87	87	51	89	105	96	125	208	86	67
chr1-209000001-209500000	202	97	74	150	131	48	76	48	139	65	104	153	121	108	91	107	59	57	32	48	41	94	87	79	70	69	122	72	93	73	102	126	43	105	88	93	56	71	73	91	128	154	99	93	55	77	187	84	118	101	77	116	86	155	80	97	116	37	86	95	116	222	240	124	92	32	115	88	119	98	79	105	108	114	63	67	34	98	192	169	166	56	70	28	113	288	41	148	100	89	132	119	144	70	180	76	65	67	73	130	173	59	92	194	125	90	137	157	257	78	48	51	206	102	74	108	92	47	83	86	64	84	72	92	98	170	168	42	67	60	84	41	61	106	108	59	63	54	122	134	131	170	44	55	89	79	69	77	91	262	178	124	128	96	84	107	163	81	97	52	111	69	64	83	99	39	59	176	67	49	221	240	101	54	159	142	83	76	145	127	66	106	59	134	110	107	92	134	45	129	94	92	77	55	193	86	162	87	102	86
chr1-209500001-210000000	90	125	105	175	56	74	91	100	96	102	64	89	136	97	77	62	136	72	50	65	51	103	23	79	102	70	131	82	53	73	106	92	32	150	99	67	68	119	31	114	153	129	57	41	56	114	97	106	167	153	89	147	123	83	42	170	114	56	74	135	109	177	544	107	120	55	57	62	66	60	126	179	88	91	82	80	49	94	157	88	180	47	57	57	152	180	55	91	143	107	130	77	89	38	98	108	99	30	116	121	114	83	114	78	115	76	128	68	128	113	46	57	308	166	103	72	173	69	84	138	121	110	79	91	87	110	134	38	146	75	70	64	90	90	64	84	71	81	142	95	156	101	76	87	201	72	67	52	83	113	96	62	84	58	102	57	81	43	61	101	120	62	47	103	101	60	83	230	71	43	234	153	71	68	130	232	54	95	48	153	40	49	69	125	87	111	101	112	139	114	120	81	158	115	118	90	173	163	137	70
chr1-210000001-210500000	156	169	50	85	97	91	52	73	134	87	83	72	108	96	70	46	55	37	125	45	68	109	62	118	98	96	98	62	159	28	72	103	67	161	106	113	47	121	83	68	99	95	65	46	82	137	104	143	164	196	105	66	60	71	92	93	105	44	65	131	159	201	285	97	124	49	121	58	186	51	66	193	107	53	58	49	47	128	163	174	104	135	53	91	109	120	93	153	143	72	70	60	109	52	131	86	70	61	92	181	96	75	97	150	122	62	28	105	149	96	96	27	108	118	80	73	106	77	33	88	64	197	76	142	269	87	120	36	75	66	61	48	88	134	29	145	81	53	91	116	121	76	54	113	95	105	88	74	88	127	142	59	67	55	53	82	171	58	57	21	85	66	90	48	74	50	81	167	102	28	128	184	58	40	163	269	43	48	89	165	65	89	55	140	92	39	69	176	183	131	148	90	80	93	82	93	128	211	104	47
chr1-210500001-211000000	69	146	96	42	65	45	63	65	136	102	60	79	77	140	49	87	58	71	62	32	69	119	65	103	115	76	133	49	67	57	88	66	68	111	154	42	47	190	139	108	56	140	64	42	152	105	133	121	104	211	52	59	71	112	79	101	149	38	35	115	107	184	211	130	49	30	153	50	156	91	101	185	77	73	61	36	43	31	90	115	125	56	43	42	77	185	84	189	39	101	62	99	30	74	101	62	57	125	107	234	87	71	108	211	82	88	97	104	111	98	29	81	86	155	65	51	90	56	59	117	75	82	123	126	49	79	158	36	76	74	72	66	84	109	97	95	84	91	152	66	188	84	62	96	118	89	51	166	112	188	177	122	78	70	65	67	175	71	80	82	102	42	71	66	102	35	39	118	46	81	153	105	55	100	123	98	27	97	153	84	131	139	68	107	97	117	66	124	108	111	124	88	44	43	131	104	270	188	38	113
chr1-211000001-211500000	122	121	87	92	44	63	107	70	147	68	65	54	110	83	53	81	49	94	61	65	84	77	40	47	139	36	250	55	66	41	109	128	46	131	118	109	51	102	77	104	84	145	95	72	59	128	127	128	45	108	73	38	48	161	63	103	83	47	86	138	180	138	300	94	71	33	72	57	85	109	86	203	78	164	112	59	74	107	171	33	83	84	31	73	72	101	70	74	105	196	80	83	30	27	109	166	34	89	42	176	83	94	82	151	97	56	106	74	139	101	66	109	112	73	95	97	142	59	119	63	101	54	57	81	140	148	160	35	134	37	27	106	92	125	52	63	86	38	101	140	130	89	57	100	95	148	39	65	110	296	220	60	98	51	118	121	173	128	73	26	54	45	114	52	81	55	88	244	90	42	151	230	81	86	138	77	55	113	74	49	29	99	59	79	114	157	67	130	80	180	71	123	94	68	121	97	239	104	91	92
chr1-211500001-212000000	93	87	32	80	88	82	79	45	142	89	103	98	151	83	157	54	64	62	60	62	49	179	58	84	57	94	121	91	80	59	109	135	51	126	214	66	43	60	75	142	55	114	79	88	119	87	254	81	149	154	48	47	58	84	54	113	102	70	52	74	129	146	378	120	59	36	134	36	84	86	42	154	42	102	108	75	79	76	169	68	78	89	78	97	64	92	76	70	99	130	143	90	122	106	114	67	59	58	147	94	98	75	64	55	105	56	68	79	170	147	77	52	106	203	102	67	139	86	45	161	103	72	134	104	71	61	146	67	94	47	54	40	85	158	72	127	144	106	67	94	129	40	120	77	134	98	73	55	106	307	165	64	82	47	60	94	132	43	106	56	96	44	80	76	138	24	82	187	96	80	182	153	18	80	113	156	148	155	100	105	72	63	48	54	86	62	118	162	143	94	103	62	92	71	93	86	134	102	48	81
chr1-212000001-212500000	76	91	114	167	51	107	43	65	53	109	133	110	159	180	97	107	78	84	65	54	55	138	92	50	79	104	176	84	79	98	106	162	84	71	81	83	61	96	124	78	115	204	99	84	76	160	134	107	81	224	60	74	56	56	64	49	81	62	67	130	82	235	357	132	58	54	49	82	141	81	69	158	79	67	68	70	133	124	178	100	160	58	65	61	138	168	43	150	34	80	75	72	61	117	131	68	78	63	138	143	66	85	98	136	177	72	88	153	214	128	51	82	152	153	48	53	146	67	39	101	99	184	118	149	85	101	123	54	93	67	80	178	77	128	56	63	34	73	81	81	137	96	43	73	93	86	57	92	109	153	164	63	124	89	83	122	102	63	83	60	140	48	108	58	133	55	56	182	51	88	211	95	82	55	71	131	62	86	112	135	85	118	59	94	74	127	151	71	103	35	74	73	68	110	103	79	125	218	78	107
chr1-212500001-213000000	231	107	23	90	33	135	56	67	96	94	77	62	126	194	65	90	131	32	103	56	74	167	64	72	97	78	72	70	39	99	77	188	39	157	124	85	58	138	72	69	80	135	44	18	87	118	256	150	106	129	81	71	124	55	45	114	99	69	56	43	101	163	310	98	96	58	104	39	110	59	71	113	94	73	36	51	92	45	112	118	79	48	49	92	52	167	45	81	76	140	99	129	88	47	110	101	88	72	144	230	251	92	90	187	176	108	69	103	229	101	75	65	92	229	131	80	144	72	83	105	81	96	76	99	147	62	73	45	122	59	85	54	166	130	54	103	70	70	128	109	156	108	54	114	113	105	48	85	112	277	142	117	34	72	45	74	210	54	87	68	84	71	92	53	100	82	85	150	77	45	211	282	37	74	191	150	53	132	177	103	89	54	109	88	113	104	103	225	134	110	144	59	100	56	42	83	160	70	131	61
chr1-213000001-213500000	159	130	104	141	84	95	78	65	79	41	131	98	96	103	120	105	44	46	22	41	50	73	94	73	151	92	116	38	74	49	96	60	32	97	61	109	34	122	78	129	155	140	80	70	122	68	150	158	124	129	115	66	102	58	40	136	84	61	100	138	132	294	266	117	37	42	128	91	118	57	115	74	135	68	47	21	197	76	89	94	105	81	67	53	68	159	106	149	105	180	97	119	94	63	108	53	40	30	63	134	100	55	88	134	78	99	124	94	98	116	106	42	185	152	104	77	193	75	49	81	112	106	134	95	122	91	69	54	84	75	87	75	141	128	66	115	64	97	102	107	276	43	82	49	76	45	53	194	113	205	114	79	64	32	49	101	134	51	64	46	102	72	82	82	88	44	66	178	38	74	254	337	48	68	84	170	106	68	147	136	53	90	92	96	81	133	91	237	84	72	138	65	211	75	119	134	74	149	77	57
chr1-213500001-214000000	70	137	63	158	73	97	63	40	117	40	83	106	85	138	69	54	69	36	61	41	60	95	58	72	110	107	200	125	56	78	101	154	73	99	159	35	40	91	64	100	87	178	80	58	167	126	99	140	165	215	127	206	59	87	39	123	67	106	64	129	89	211	113	85	70	53	148	112	99	63	109	136	56	124	73	82	76	78	64	80	109	141	65	102	76	75	134	120	117	106	74	165	134	49	99	57	51	85	83	100	143	176	143	134	168	49	115	149	79	103	65	145	184	204	74	67	90	42	87	119	83	65	60	106	127	89	134	63	97	40	73	71	101	150	96	74	20	100	82	95	119	79	96	84	114	48	87	66	93	184	217	74	87	55	66	112	128	78	108	65	88	128	57	53	82	77	71	143	72	67	109	169	61	76	76	228	61	62	157	74	62	84	93	80	98	90	75	102	148	70	107	87	79	174	137	120	247	175	173	76
chr1-214000001-214500000	49	62	79	94	64	80	60	66	145	75	130	77	129	99	149	130	51	48	55	48	61	113	105	86	153	50	57	37	73	55	109	65	40	84	94	51	47	90	62	92	100	118	118	46	74	97	92	117	170	111	54	80	35	53	110	108	82	50	74	97	120	174	160	65	66	45	36	64	81	86	111	92	108	80	80	47	65	96	169	86	146	64	47	34	27	207	65	67	106	221	123	72	89	52	151	76	50	85	117	162	98	87	54	131	82	75	161	65	101	122	47	56	156	224	198	50	121	46	82	159	59	98	103	156	104	51	183	40	90	37	44	84	75	113	83	86	101	49	133	64	144	61	69	51	84	183	82	82	67	189	77	74	64	45	152	145	177	93	35	28	62	84	70	40	96	78	33	118	76	100	171	242	100	56	38	202	59	163	132	136	61	84	33	68	117	156	73	177	202	130	115	118	165	45	134	66	144	175	73	70
chr1-214500001-215000000	104	98	64	76	111	89	85	56	85	118	113	105	83	187	99	96	85	70	67	86	100	88	125	60	141	46	121	64	142	91	76	115	67	190	96	71	71	114	71	100	81	127	55	80	108	56	107	106	61	201	102	83	74	58	30	153	82	45	68	50	139	202	135	85	55	41	106	47	54	78	88	66	86	87	72	60	95	69	269	106	181	64	40	76	62	129	86	133	62	230	98	79	49	53	104	69	139	72	111	94	141	93	91	128	98	95	57	113	176	103	91	96	159	272	77	102	148	113	74	157	127	77	91	85	163	117	79	52	137	66	59	36	55	120	71	80	112	60	132	66	98	201	60	77	89	115	50	127	179	138	136	51	129	28	53	101	113	71	57	67	73	72	64	99	110	92	79	239	95	81	197	161	76	151	55	110	65	107	120	43	55	107	64	64	165	76	70	105	81	145	69	104	63	89	48	91	108	134	74	71
chr1-215000001-215500000	123	110	88	93	68	170	92	77	147	84	37	55	106	31	100	57	70	51	53	61	107	92	56	79	137	127	158	80	88	48	82	150	48	101	69	74	43	90	98	98	103	89	141	51	138	120	85	127	113	92	51	117	82	121	74	59	67	46	87	48	115	246	190	166	98	33	76	40	131	63	67	152	70	104	53	49	79	119	112	134	97	87	46	62	41	165	50	168	63	151	64	101	123	70	120	61	48	54	136	219	118	104	141	149	162	100	96	117	141	81	104	73	127	250	109	117	173	106	59	124	87	100	76	126	115	148	44	94	84	157	60	78	99	96	63	98	57	86	120	93	87	34	41	52	125	161	47	110	91	178	272	79	55	52	56	64	79	92	97	33	68	41	57	76	56	39	99	147	74	41	183	235	93	53	67	189	51	49	133	132	66	121	51	63	128	127	90	116	150	161	57	48	69	65	63	58	172	105	118	72
chr1-215500001-216000000	102	100	41	42	68	54	91	43	63	80	79	134	244	96	121	56	141	32	85	64	89	93	44	106	122	85	128	107	107	51	84	155	38	138	83	144	92	121	85	91	70	185	87	73	84	87	149	135	179	130	65	63	29	108	95	90	134	73	107	130	71	256	168	157	40	18	59	54	74	88	86	115	137	100	96	47	95	69	142	84	109	118	57	62	65	169	79	109	88	165	103	109	192	67	112	114	65	44	121	89	156	81	149	73	72	64	114	79	215	76	49	89	124	134	123	75	124	68	94	102	53	111	90	168	118	76	69	41	72	90	75	91	75	81	71	77	101	63	128	76	150	90	139	65	96	89	18	77	111	355	194	108	100	55	110	66	146	61	45	90	89	91	96	70	64	63	80	206	102	54	214	314	62	99	121	101	57	65	173	110	63	69	77	61	69	141	20	112	201	131	126	34	83	137	84	41	131	278	152	85
chr1-216000001-216500000	95	104	96	118	59	138	64	69	105	78	66	100	206	78	75	79	103	62	40	66	34	146	75	80	73	93	86	58	44	114	62	74	35	113	146	108	57	111	145	134	115	110	111	93	162	95	213	91	112	124	71	70	93	117	76	189	127	39	68	138	198	207	134	104	113	51	67	78	89	93	105	162	158	57	39	62	144	72	234	100	105	61	113	74	73	161	51	156	37	66	113	61	100	70	49	109	56	43	150	155	101	86	116	178	118	54	129	89	130	71	68	62	133	196	90	73	121	43	84	181	94	38	83	143	259	119	91	73	47	63	80	77	77	56	93	70	65	72	69	96	170	90	67	127	130	94	69	138	60	140	205	36	116	90	169	100	203	70	67	47	113	46	61	67	109	41	68	176	40	73	101	197	64	103	196	179	47	40	73	75	78	58	59	203	113	96	105	112	56	102	58	39	95	75	111	123	122	127	95	65
chr1-216500001-217000000	94	110	90	119	28	72	162	63	132	102	102	66	73	159	101	68	112	59	69	32	38	78	70	89	168	95	101	70	60	55	107	119	53	121	90	96	70	90	54	70	147	233	55	87	124	107	74	94	111	174	53	99	54	46	69	145	113	70	50	129	96	190	153	144	94	36	101	82	92	67	138	130	121	113	79	50	79	86	124	85	99	146	103	98	85	83	78	116	72	91	198	80	86	84	82	90	104	146	154	100	126	41	115	127	120	51	100	89	150	128	57	60	320	146	74	53	137	47	70	50	106	103	59	80	171	92	49	27	128	90	86	42	45	137	75	99	111	136	176	106	136	126	99	122	179	71	51	135	93	168	119	99	66	92	53	105	144	33	84	106	139	70	98	92	58	46	37	168	99	86	188	265	67	85	80	129	83	48	138	108	128	81	66	67	83	76	82	139	168	144	52	122	61	63	120	102	142	100	125	73
chr1-217000001-217500000	59	75	78	80	131	84	92	75	156	144	73	109	127	113	87	53	112	66	55	29	84	99	73	124	131	78	101	82	41	80	81	87	57	113	50	70	58	88	99	151	96	147	179	97	109	59	138	79	182	128	75	101	71	67	55	118	61	104	40	97	146	165	250	113	88	90	111	75	80	57	96	97	77	124	64	84	47	83	222	99	81	67	83	56	18	157	115	137	60	149	102	115	92	70	80	113	55	38	165	227	82	62	98	114	177	54	185	115	109	100	32	62	165	148	80	107	107	64	80	105	49	93	58	74	171	96	81	57	61	99	83	85	101	133	42	104	51	101	77	142	133	116	66	63	116	86	109	93	94	220	130	109	111	86	47	133	110	61	74	57	18	44	55	53	43	92	65	269	57	80	180	254	63	116	110	249	75	74	186	99	109	91	92	145	125	32	80	109	99	101	110	147	91	50	48	99	204	59	123	57
chr1-217500001-218000000	98	68	60	54	89	131	60	46	93	121	120	186	78	78	78	89	43	64	68	53	59	91	72	77	156	68	44	64	88	51	112	149	39	134	75	58	48	155	138	125	95	154	60	97	54	50	208	120	35	142	66	125	62	52	61	183	127	102	79	146	126	206	323	139	64	38	191	61	72	112	61	133	74	84	87	15	26	88	130	47	234	113	56	123	96	68	41	161	100	134	94	108	52	91	179	42	86	59	41	228	98	54	119	163	84	53	82	138	154	103	82	51	184	114	59	50	164	68	151	126	118	102	80	106	198	127	163	40	154	45	29	61	84	97	65	72	75	78	190	154	129	50	65	98	122	140	91	76	117	299	64	59	110	109	69	67	186	64	65	28	95	63	74	61	32	66	72	145	82	57	147	169	65	48	87	187	93	64	90	114	97	98	107	55	184	80	52	98	108	98	95	132	65	102	69	77	212	337	111	86
chr1-218000001-218500000	122	108	94	90	62	58	75	116	126	53	91	127	131	58	67	92	73	26	40	53	51	92	113	74	248	117	93	94	43	72	64	49	31	108	198	58	50	117	103	135	117	125	74	79	48	180	212	100	117	207	59	148	51	64	25	113	45	39	59	113	86	116	253	55	99	41	74	46	104	51	67	154	114	77	126	57	135	99	151	76	101	64	91	42	106	104	49	69	151	126	144	176	98	51	122	84	78	62	134	133	151	42	113	204	83	88	168	118	166	95	38	76	154	117	136	75	88	67	68	83	104	52	74	111	246	98	67	75	113	70	93	43	75	92	43	57	54	61	257	146	115	76	71	108	101	108	58	100	109	140	214	63	144	54	77	128	174	92	125	65	119	46	91	94	42	53	62	301	132	53	127	253	57	108	106	105	64	133	153	150	80	113	26	87	138	109	59	110	164	87	183	84	82	102	125	74	225	110	119	63
chr1-218500001-219000000	33	168	72	68	45	130	148	43	110	62	132	140	73	122	65	73	64	40	31	67	58	131	76	139	153	154	183	169	63	74	84	240	36	174	80	103	54	53	53	187	89	146	58	51	50	88	61	153	61	154	52	125	99	127	76	173	106	55	125	97	80	147	276	141	112	95	95	51	101	81	105	167	68	93	66	54	96	143	98	96	48	84	78	30	31	68	72	166	132	208	112	95	166	101	118	75	54	55	85	186	80	126	143	173	160	92	74	97	65	128	59	54	126	161	67	106	141	95	68	73	85	59	106	98	119	67	192	46	51	83	77	76	86	116	88	135	145	149	142	150	132	107	94	120	122	90	45	94	95	84	115	129	35	67	55	74	230	73	130	25	99	117	96	118	85	54	42	134	38	66	151	248	66	69	130	163	50	67	145	86	83	119	74	111	46	136	72	87	70	119	142	51	66	67	66	72	106	123	87	80
chr1-219000001-219500000	140	77	82	105	83	103	58	37	147	110	76	70	89	110	91	49	75	78	67	86	49	148	24	56	89	14	42	39	79	61	137	102	59	60	105	68	49	92	98	85	95	163	81	90	66	133	141	66	92	96	66	90	44	166	65	94	128	31	81	55	136	117	163	105	60	38	82	57	73	72	111	119	147	61	85	61	76	98	184	107	114	31	123	85	79	120	92	112	56	123	127	92	50	34	76	90	48	66	118	140	62	116	103	194	96	68	181	94	162	153	39	63	174	115	79	103	158	83	80	77	120	116	123	53	190	161	131	63	74	113	75	39	92	85	71	122	121	55	43	154	140	84	109	52	52	122	64	173	89	235	102	75	129	59	65	110	99	48	100	67	78	62	79	99	93	34	32	145	62	73	225	132	47	97	192	163	79	63	136	94	88	73	58	102	127	115	58	139	165	117	98	82	71	42	101	80	208	220	117	89
chr1-219500001-220000000	114	88	166	124	85	88	73	47	130	76	95	169	87	78	107	96	54	63	90	64	55	112	85	113	185	79	135	67	130	53	121	68	113	122	105	37	60	99	100	128	64	198	53	52	57	107	272	64	81	158	77	94	77	77	40	99	127	39	27	160	124	245	225	81	62	24	116	72	31	68	88	146	109	115	53	67	126	111	127	104	119	106	72	63	66	181	45	83	90	158	124	116	72	66	134	107	38	55	107	151	110	122	81	148	169	114	66	91	126	83	46	73	131	110	62	88	169	82	101	111	84	44	61	132	159	176	64	59	134	55	82	65	32	183	48	153	66	84	71	109	25	102	96	72	71	106	86	109	108	122	145	65	66	57	113	187	167	64	49	55	131	38	81	57	106	59	64	253	53	93	127	227	111	108	64	145	64	103	269	85	95	46	100	74	64	130	156	126	101	165	89	114	118	77	139	79	120	237	68	35
chr1-220000001-220500000	130	146	131	91	88	111	99	75	83	146	119	139	93	159	84	73	61	46	43	67	76	88	50	69	132	87	132	86	103	83	97	46	66	107	55	99	115	137	73	109	41	201	74	54	100	104	206	111	197	89	59	89	68	97	54	95	120	43	59	143	121	130	78	119	102	67	144	128	57	56	85	93	77	149	55	97	79	58	105	96	171	74	91	74	79	156	81	154	49	103	150	38	81	98	84	78	50	53	158	84	91	81	94	165	67	44	81	114	82	137	72	21	142	233	83	43	187	76	109	109	97	128	35	49	228	62	121	40	88	85	34	83	77	183	105	108	57	85	89	135	114	74	42	101	77	141	53	71	112	142	182	74	90	67	61	68	206	102	62	44	80	78	67	53	63	46	64	306	61	100	162	346	72	93	157	85	99	134	142	128	77	100	52	141	78	146	62	85	196	121	62	77	145	89	216	58	116	188	154	91
chr1-220500001-221000000	98	104	99	101	56	100	119	54	154	65	90	88	112	134	114	61	100	35	77	80	84	172	51	75	170	73	67	124	145	73	86	116	99	174	145	87	70	112	135	115	123	139	100	89	72	95	91	100	69	239	54	76	41	141	39	122	136	74	73	87	81	175	263	109	73	76	96	49	86	57	117	105	93	101	52	35	79	154	71	93	85	123	59	69	60	178	145	139	115	139	71	70	46	80	167	183	38	70	65	143	119	104	138	72	43	78	210	99	121	129	78	43	212	157	108	49	152	51	57	93	73	92	78	75	80	95	131	37	43	60	46	97	69	109	64	70	71	118	63	135	159	69	97	70	115	93	57	82	135	196	111	61	128	63	51	54	84	109	82	46	91	44	59	102	82	34	29	167	83	68	131	187	54	65	95	246	76	75	42	67	30	41	127	107	79	109	39	113	130	92	68	165	121	95	200	95	85	91	114	55
chr1-221000001-221500000	36	91	116	95	41	65	88	91	89	74	64	119	109	161	100	95	101	66	58	66	76	79	96	102	67	86	169	86	100	79	66	198	58	87	118	97	44	141	92	201	110	102	113	63	79	102	239	96	132	137	64	84	83	94	70	94	96	72	64	116	134	130	187	76	52	32	89	80	71	62	78	95	107	98	48	65	107	177	126	146	124	118	46	54	46	123	57	67	73	170	57	180	53	64	95	140	87	83	69	162	220	139	190	180	145	116	153	136	218	94	66	74	132	204	43	56	185	59	89	75	84	69	38	121	94	91	143	63	102	62	61	31	93	148	34	74	110	34	101	157	103	98	82	93	79	75	41	78	91	184	125	82	87	111	78	91	172	78	39	89	88	66	51	36	74	46	32	193	35	76	173	132	39	54	77	151	61	62	109	48	91	90	61	95	62	90	51	86	73	118	110	92	74	86	50	78	177	195	210	58
chr1-221500001-222000000	135	161	126	58	60	87	107	50	166	55	82	101	93	85	118	130	104	69	74	88	63	90	68	63	83	91	84	82	77	112	64	82	32	159	124	43	58	203	166	79	85	171	108	40	92	95	119	181	102	161	67	128	64	93	67	93	46	87	67	85	94	189	201	86	148	48	77	90	48	137	107	149	123	83	135	81	75	107	122	55	104	85	94	114	78	148	103	89	90	135	97	166	40	103	145	46	51	61	112	271	184	107	130	59	170	69	199	74	145	123	30	68	140	84	65	86	140	46	45	81	51	111	51	58	149	35	87	44	89	94	104	48	58	66	61	123	116	83	171	64	128	62	86	119	87	93	82	124	97	144	307	44	81	59	99	132	131	98	82	81	126	60	91	50	68	63	60	197	68	64	125	193	71	125	80	63	47	53	125	66	71	132	67	57	155	198	136	74	136	31	89	87	111	66	94	176	176	123	134	102
chr1-222000001-222500000	97	86	66	141	83	30	107	56	178	65	50	148	169	109	67	91	89	59	40	73	69	78	76	72	115	53	124	60	104	94	91	139	66	86	120	113	58	83	86	117	73	109	69	77	102	156	215	58	118	195	91	62	137	102	128	104	86	54	45	60	134	207	288	125	53	38	112	104	54	100	168	122	129	30	56	67	76	94	257	57	121	104	61	92	85	178	63	124	117	106	149	64	68	57	78	24	42	54	84	108	97	111	39	111	89	80	74	87	221	16	70	55	156	155	62	56	169	101	74	292	80	145	46	87	99	66	129	54	93	73	51	81	88	68	77	129	94	121	177	97	127	83	121	86	86	83	85	66	106	338	225	54	84	78	131	106	122	71	83	48	84	109	65	111	160	42	46	167	67	90	230	293	56	80	72	170	54	69	81	87	108	42	55	111	53	121	113	99	189	95	134	81	88	52	95	35	103	133	138	53
chr1-222500001-223000000	132	156	73	107	112	114	84	46	103	66	40	97	103	107	71	80	131	62	40	60	49	65	91	157	140	87	67	42	89	70	126	93	77	205	81	108	32	117	34	99	97	104	70	65	38	70	166	164	126	148	68	70	46	118	55	149	103	78	91	197	198	128	107	95	81	35	88	36	81	51	99	49	98	125	49	72	104	70	235	116	178	85	25	61	49	93	53	135	83	134	46	67	89	104	88	79	48	73	88	126	86	174	166	138	118	120	142	95	147	82	40	48	242	172	74	92	108	76	53	109	108	64	57	74	106	72	169	52	156	92	48	48	90	127	36	46	109	129	90	98	194	93	75	136	104	140	80	124	49	175	154	81	117	50	61	75	96	77	110	55	83	24	105	89	88	80	51	158	120	60	68	167	90	38	80	129	39	128	98	75	46	87	85	65	108	85	91	93	145	45	55	87	84	92	157	104	442	185	69	46
chr1-223000001-223500000	86	119	88	103	57	32	50	64	60	83	100	108	82	104	113	163	91	40	82	98	54	101	92	110	84	83	110	117	104	34	146	95	69	76	70	113	51	58	85	149	65	151	140	93	135	82	143	127	92	101	49	108	46	128	50	170	125	66	124	138	128	91	272	93	89	48	140	129	58	59	115	184	103	138	75	76	110	99	172	119	83	35	42	61	93	170	53	191	56	93	74	64	147	77	81	83	39	130	144	119	176	125	86	153	68	94	102	76	221	50	50	59	233	116	74	118	135	47	49	113	70	94	91	74	165	81	109	51	122	70	96	66	113	112	84	75	134	122	136	96	237	80	65	134	118	83	64	104	176	199	178	68	103	43	65	68	149	63	49	43	143	96	88	66	121	39	63	240	37	63	133	142	39	106	162	162	76	67	106	100	61	100	41	100	84	90	110	90	141	123	134	134	53	87	112	84	133	166	45	93
chr1-223500001-224000000	107	81	84	74	45	65	69	64	103	75	33	150	143	111	152	66	105	56	42	46	82	97	109	71	181	79	173	53	107	84	62	92	36	100	150	47	114	38	34	61	85	277	77	95	97	56	196	130	98	188	116	86	96	71	83	98	58	72	66	117	157	209	132	119	49	52	91	35	86	108	103	212	88	61	62	59	139	170	117	162	170	85	57	70	90	173	82	127	60	90	92	108	118	57	73	87	70	91	143	82	91	90	142	113	50	60	110	81	180	51	99	105	230	142	99	75	174	105	71	159	104	79	40	76	102	61	91	78	85	57	75	59	94	134	71	97	106	110	115	123	145	71	77	96	110	153	132	66	90	160	137	55	69	84	83	113	182	39	119	44	60	83	103	106	101	43	33	174	91	65	152	194	65	95	86	316	35	118	89	90	44	143	43	75	84	81	80	78	61	71	101	119	74	85	66	64	213	171	177	80
chr1-224000001-224500000	70	55	70	112	73	190	49	65	148	28	37	117	82	169	105	85	115	31	50	85	68	76	90	63	127	93	163	73	90	82	82	236	67	125	80	45	39	145	65	116	95	157	146	74	122	88	186	104	50	148	70	78	68	69	110	75	125	85	78	101	43	84	264	101	32	66	125	89	104	47	107	152	78	79	47	64	81	104	130	102	117	77	89	77	56	290	98	127	40	114	104	90	83	66	98	70	88	84	67	76	121	127	141	88	202	106	100	181	142	95	77	61	81	148	47	45	115	85	81	86	42	52	40	94	185	111	151	37	133	96	92	71	124	59	42	88	77	121	162	114	188	111	63	47	79	225	68	119	172	89	171	60	140	31	98	99	156	51	76	38	106	69	162	111	70	63	90	133	43	59	193	312	52	87	190	145	66	83	121	81	56	79	73	80	100	60	105	117	104	106	84	89	82	61	72	125	186	124	104	67
chr1-224500001-225000000	101	90	104	38	102	55	32	52	60	169	69	118	80	140	147	78	44	52	67	47	53	46	64	48	81	70	79	63	88	97	128	96	76	60	107	52	65	82	62	136	89	126	95	89	83	67	132	188	86	100	76	67	74	60	83	113	66	48	66	156	90	87	246	113	103	47	122	78	85	122	84	169	54	112	36	36	98	98	151	120	101	69	97	45	80	106	110	113	76	97	105	84	73	75	152	85	79	62	155	110	75	99	93	133	78	61	158	111	127	46	71	29	150	168	71	73	124	58	51	96	99	110	161	123	103	54	125	75	81	100	81	75	132	149	57	117	152	126	113	79	144	99	61	87	76	134	44	159	99	257	91	88	65	60	51	134	73	58	98	58	72	124	74	70	72	46	48	149	81	39	120	377	46	112	144	236	108	101	75	104	47	105	60	93	128	78	74	113	93	97	73	85	54	75	103	76	255	87	122	66
chr1-225000001-225500000	129	115	124	112	51	131	72	47	69	112	70	57	107	153	71	89	148	62	75	78	85	130	86	63	61	75	158	96	89	40	86	250	63	88	122	70	79	123	57	94	64	127	73	81	87	114	81	90	98	307	41	75	98	56	42	122	86	58	41	114	115	258	122	105	87	59	93	76	85	83	73	97	105	104	69	65	87	74	143	166	211	71	43	43	56	87	101	149	68	159	148	86	75	90	79	103	50	77	32	200	129	121	185	136	108	148	229	94	84	177	49	59	135	128	99	117	136	123	31	166	82	80	61	161	128	91	121	36	97	63	61	77	140	211	67	128	81	115	98	77	111	74	77	31	117	68	55	121	120	224	230	134	47	83	73	139	172	68	71	34	84	106	83	113	111	37	71	180	61	45	270	312	101	80	133	104	74	103	148	96	125	94	68	82	61	142	64	57	111	73	115	159	98	75	99	98	261	247	106	47
chr1-225500001-226000000	100	96	69	111	101	117	79	42	128	81	61	151	120	134	133	89	99	45	79	89	40	92	90	117	145	82	135	98	79	54	89	96	56	124	68	92	51	155	44	77	146	160	126	60	128	88	94	166	122	170	38	129	105	56	28	178	92	127	50	111	100	207	194	154	27	69	119	75	71	110	66	143	97	81	41	34	81	89	185	163	156	96	71	68	52	236	79	90	83	142	109	124	71	143	137	38	81	58	50	140	124	95	132	169	86	112	115	97	169	111	46	66	159	224	37	76	44	63	39	121	143	62	90	102	109	45	57	73	101	104	65	122	77	96	82	112	114	82	139	134	91	83	105	90	72	113	84	124	150	157	74	86	83	51	83	106	67	75	91	58	60	75	49	112	113	53	71	284	42	93	215	216	63	128	68	135	32	67	101	132	66	52	52	148	122	105	43	66	211	98	112	127	79	62	114	66	116	174	81	39
chr1-226000001-226500000	92	94	101	70	141	67	73	65	124	125	83	111	100	151	91	95	185	70	47	77	42	148	101	35	95	69	233	37	100	105	84	184	79	69	118	88	63	100	94	113	142	124	58	54	94	101	162	174	90	100	82	79	83	64	77	144	80	59	145	150	143	173	242	146	118	37	89	80	101	88	114	128	74	48	70	61	62	69	88	108	119	82	75	135	37	124	74	108	67	80	101	122	131	100	100	65	71	68	124	199	70	66	86	63	124	55	113	178	165	66	66	89	251	222	74	111	56	36	78	98	106	64	70	76	178	109	69	31	84	36	86	87	103	96	72	69	117	99	117	176	76	81	37	70	57	68	65	76	111	149	163	62	115	70	83	194	218	92	60	48	64	80	102	80	61	72	48	225	45	54	89	150	60	81	114	168	48	115	104	153	76	71	41	76	69	47	116	90	44	102	61	122	95	79	99	76	137	162	159	69
chr1-226500001-227000000	94	48	103	42	87	144	64	52	130	84	95	83	51	132	135	69	86	79	46	98	67	182	50	79	68	147	174	60	96	96	143	94	82	93	75	61	53	108	66	144	67	167	86	61	80	62	194	149	156	131	42	42	113	106	98	121	85	75	38	132	85	170	345	91	130	25	46	84	122	53	69	144	153	93	64	71	99	79	135	87	131	44	114	55	39	235	54	153	91	170	92	78	91	139	88	96	53	73	81	221	132	144	68	94	100	78	113	99	157	74	67	25	191	121	88	101	158	61	55	137	68	101	59	60	121	201	146	30	96	70	66	165	89	131	74	135	133	88	122	65	192	84	74	83	157	119	64	70	78	193	145	86	66	71	83	87	87	119	107	28	115	57	86	67	103	60	64	200	88	89	177	202	20	99	166	180	96	84	164	86	67	132	62	84	98	89	102	62	62	145	95	44	73	66	85	69	257	128	63	34
chr1-227000001-227500000	137	156	72	121	81	85	82	31	124	56	189	144	81	120	141	70	59	42	33	47	58	143	65	108	150	85	170	61	76	80	55	132	58	81	103	95	50	89	141	98	86	172	55	41	127	118	197	102	120	196	74	61	40	66	52	114	76	26	108	61	129	194	210	135	77	46	61	48	65	73	155	79	91	112	86	78	119	63	240	74	168	60	110	94	69	254	77	139	59	113	119	105	107	144	136	93	64	67	55	98	88	83	61	169	74	131	91	87	199	97	101	27	104	123	111	76	149	35	35	168	93	134	58	81	90	103	89	39	70	86	52	57	102	161	70	108	81	131	125	111	122	69	83	76	74	117	75	59	70	159	145	72	86	24	125	99	182	65	51	98	56	78	73	49	74	65	34	165	41	66	237	299	56	81	106	221	64	41	156	156	102	104	61	81	64	108	141	123	129	88	83	113	110	45	150	60	205	108	111	66
chr1-227500001-228000000	137	81	78	73	91	88	124	45	168	49	125	88	64	73	71	43	99	41	67	26	74	110	80	140	140	157	120	80	55	13	75	85	32	85	82	78	83	87	59	123	72	108	51	51	76	37	73	149	85	112	97	67	76	67	71	154	43	66	75	72	156	195	133	104	88	82	96	100	58	82	85	37	104	57	94	55	89	82	186	48	123	76	39	58	52	160	117	138	50	113	129	54	120	116	94	93	77	52	82	193	192	82	80	102	150	82	214	162	177	79	67	57	173	270	83	105	180	41	67	137	115	92	132	72	174	99	196	47	66	82	99	104	94	194	72	91	51	57	71	106	144	85	59	91	80	152	133	112	47	184	131	79	88	46	106	97	211	92	99	61	57	65	65	67	148	72	43	190	75	87	243	287	45	64	73	180	85	74	58	97	39	80	68	84	109	98	99	99	127	107	109	78	63	102	113	64	234	159	106	60
chr1-228000001-228500000	189	104	80	108	54	80	107	48	117	63	99	76	153	118	71	70	103	52	66	82	49	83	112	67	235	85	151	118	47	35	47	157	53	54	166	110	77	78	96	125	76	145	107	88	85	78	183	147	120	172	75	46	41	97	63	171	75	66	51	96	97	172	274	77	62	59	141	42	56	122	89	159	89	73	90	29	80	91	259	115	77	89	82	62	83	134	86	95	70	34	106	107	91	70	94	154	88	81	167	132	87	28	90	81	71	80	156	97	141	90	66	51	206	164	81	61	104	85	49	157	91	98	115	91	96	43	123	47	66	64	61	74	88	70	55	75	62	85	87	103	186	120	93	109	144	159	71	69	64	215	137	80	62	35	77	92	181	140	80	49	87	40	137	70	61	63	65	188	66	68	90	206	54	76	118	79	99	73	85	149	89	120	57	106	97	138	69	73	92	62	110	108	125	71	130	80	241	149	99	98
chr1-228500001-229000000	203	99	82	125	60	75	116	61	128	100	57	115	102	83	77	64	58	34	54	35	35	136	76	44	158	105	129	116	163	106	94	161	36	136	97	49	75	80	116	53	117	190	58	75	130	98	167	156	135	129	85	61	74	73	66	119	144	70	50	111	156	132	236	88	91	14	74	71	106	102	89	115	71	68	53	58	61	116	76	163	221	84	78	71	104	158	78	97	44	114	175	167	87	79	110	80	47	119	76	166	135	110	120	164	120	84	118	96	157	73	61	98	145	305	62	87	125	95	90	57	106	81	129	180	173	71	94	58	59	62	60	69	52	94	48	93	75	71	97	104	114	73	59	110	78	101	123	93	137	252	257	66	111	66	76	92	190	85	72	34	54	83	99	83	66	45	59	166	40	38	220	388	74	23	101	109	41	73	166	112	133	76	120	53	73	68	52	91	200	121	65	111	94	107	96	61	158	110	111	91
chr1-229000001-229500000	53	96	83	98	78	98	89	68	122	68	88	73	197	99	80	57	62	81	63	70	79	125	83	65	94	70	129	73	88	60	76	175	58	40	84	76	58	83	53	199	66	169	83	39	107	85	174	91	89	157	73	67	144	64	45	189	71	49	66	64	65	144	391	129	74	53	96	79	62	116	106	116	93	88	74	49	59	117	206	116	104	89	74	64	72	92	85	78	67	117	154	72	96	64	100	80	71	29	143	259	129	123	178	87	209	161	133	118	182	185	79	30	132	214	97	74	82	80	145	143	72	142	53	135	67	153	170	44	65	65	58	96	50	88	52	67	135	82	78	146	100	84	77	91	82	130	114	112	142	273	99	74	96	23	155	77	208	84	51	43	110	78	85	63	55	87	69	119	23	64	117	209	70	109	100	100	55	87	98	77	76	103	55	44	128	105	104	128	137	94	96	86	106	91	130	115	224	159	130	107
chr1-229500001-230000000	124	135	90	95	67	58	77	56	120	91	141	141	172	85	79	56	122	45	80	70	60	155	101	44	154	56	176	46	60	58	104	167	50	158	66	84	102	66	118	145	94	110	101	50	77	130	177	118	142	78	80	76	49	100	67	144	47	43	84	113	82	117	252	62	63	39	64	45	66	81	80	65	54	101	51	60	99	125	63	185	122	103	113	78	45	323	55	94	48	213	70	83	100	71	97	71	92	131	96	170	66	82	116	116	102	85	192	77	209	113	83	48	200	187	43	138	158	110	117	64	110	53	142	100	98	77	155	42	117	104	53	40	132	83	55	125	93	156	57	84	162	106	69	74	120	77	111	87	125	169	220	70	53	95	65	100	38	104	75	74	99	29	59	133	68	64	81	159	52	80	179	450	60	65	106	166	40	66	150	123	54	145	54	160	67	145	66	59	71	59	60	72	100	125	100	90	213	168	130	76
chr1-230000001-230500000	94	122	120	67	81	93	65	80	171	39	89	144	127	84	70	71	27	60	53	31	73	82	34	66	126	44	129	56	78	78	51	148	69	145	62	82	56	60	62	119	43	90	165	103	85	81	165	115	107	165	99	104	98	130	21	133	135	65	21	93	116	240	316	105	46	38	62	61	67	72	102	149	101	120	38	51	43	47	119	45	64	79	98	79	88	328	60	123	49	97	84	74	79	129	91	44	65	52	114	187	73	127	114	225	134	90	188	102	224	67	61	59	168	175	107	27	138	48	94	186	59	88	99	145	106	79	70	52	158	65	62	72	102	115	33	98	91	120	196	95	102	122	91	54	57	107	89	118	107	240	179	49	91	83	151	50	73	65	63	61	106	52	132	59	136	34	89	244	65	57	134	125	48	92	84	208	98	73	194	55	115	108	32	19	77	75	84	127	110	151	94	133	134	106	108	63	175	241	138	46
chr1-230500001-231000000	82	104	77	173	103	118	107	45	145	66	126	68	95	72	87	89	68	24	74	32	70	91	69	107	257	94	114	81	73	95	135	89	36	87	133	100	60	94	79	131	71	145	167	97	123	121	107	138	97	113	43	45	51	157	62	45	51	80	91	97	144	182	246	127	83	52	63	45	80	92	104	168	173	112	80	44	110	74	192	87	121	89	68	45	104	249	47	157	45	146	144	111	132	66	164	96	50	44	66	190	73	60	116	105	71	78	70	154	96	141	69	53	128	177	85	113	145	46	70	127	93	92	126	189	116	118	165	48	86	106	57	95	147	189	75	136	107	101	140	148	117	117	31	87	100	118	47	92	88	177	127	70	89	67	85	125	118	105	76	49	107	54	104	63	36	35	63	192	99	58	39	201	72	94	157	257	72	117	112	90	56	81	43	92	95	69	105	91	111	119	203	133	60	45	96	60	131	123	104	62
chr1-231000001-231500000	45	132	71	87	64	149	100	76	136	90	79	140	145	103	57	72	100	41	44	59	125	93	70	115	79	94	103	125	89	89	96	143	88	51	59	74	52	95	92	87	85	136	61	104	71	86	205	130	79	159	43	69	79	53	83	116	74	18	44	102	98	320	234	116	73	56	80	77	92	107	114	130	85	136	94	66	57	106	111	112	136	70	87	70	78	166	85	109	62	92	62	101	79	135	115	88	90	92	183	174	97	92	90	172	140	108	114	74	132	62	73	95	146	288	99	70	175	78	62	167	78	100	126	151	101	134	105	24	82	92	65	80	84	83	36	121	82	125	74	78	124	102	52	107	151	134	35	117	114	130	133	52	100	50	97	92	163	127	75	39	80	58	71	58	133	46	49	215	69	64	229	163	107	104	81	196	54	143	65	139	43	84	34	66	49	70	133	74	104	69	92	111	86	59	92	91	117	196	90	41
chr1-231500001-232000000	69	109	61	124	67	98	72	84	141	71	110	127	84	167	71	86	55	51	55	80	92	88	36	96	186	95	153	51	38	84	114	120	80	112	96	53	92	138	55	107	99	251	99	45	88	45	275	65	54	139	72	74	56	72	37	154	70	58	40	93	172	92	236	117	65	48	148	40	86	51	26	127	91	61	45	89	88	88	184	34	185	51	62	125	35	209	75	102	81	196	101	54	127	69	78	46	79	60	84	121	132	122	152	159	83	40	162	135	141	163	95	83	60	138	142	41	104	47	52	86	53	96	54	105	85	161	62	40	103	49	135	73	94	107	63	65	89	87	122	104	182	117	81	92	102	146	52	121	110	193	257	58	137	66	90	124	56	78	55	34	83	82	58	33	154	40	87	171	50	41	177	227	68	65	90	79	70	146	111	115	63	68	60	65	93	100	53	135	132	96	75	90	123	56	106	70	135	138	169	44
chr1-232000001-232500000	126	129	87	122	82	116	87	43	312	65	51	102	90	55	170	67	121	47	95	54	50	87	84	93	44	97	201	61	126	75	81	104	48	102	107	70	65	91	85	93	147	215	43	46	103	69	138	72	87	98	76	93	90	67	86	101	129	44	60	97	116	212	341	98	44	64	154	115	94	44	116	140	85	75	82	62	111	86	128	59	164	67	55	72	74	169	67	89	68	106	84	74	83	79	113	109	71	75	50	220	94	130	114	215	98	45	132	76	191	82	41	24	134	183	90	114	130	59	107	130	71	85	98	79	201	43	119	45	89	86	73	96	74	174	29	49	70	87	133	111	117	88	56	95	82	67	33	86	129	214	88	60	83	62	73	108	187	53	68	57	49	35	29	64	49	67	33	227	103	70	197	241	101	84	59	59	60	96	120	67	104	95	29	162	74	88	91	109	259	149	65	104	95	97	125	111	93	95	52	74
chr1-232500001-233000000	59	82	75	116	82	74	94	40	165	98	139	102	140	146	108	73	90	68	64	44	56	124	92	140	155	77	104	55	92	99	114	180	45	146	80	84	74	110	43	117	122	145	146	82	249	97	105	135	103	160	55	89	86	62	29	68	118	69	83	66	96	139	320	101	68	44	141	69	103	76	53	113	139	121	41	35	101	68	172	107	137	89	51	101	57	169	107	207	98	80	133	104	60	67	73	75	65	63	103	145	100	125	135	129	116	50	103	87	154	92	27	49	155	104	94	48	143	81	99	108	47	57	72	128	128	90	56	58	101	50	103	79	62	137	49	68	107	123	181	117	151	84	69	133	165	92	88	109	94	139	168	132	65	18	101	63	161	133	80	52	57	46	129	105	156	50	54	69	16	96	142	274	54	154	97	156	68	60	146	124	89	100	41	65	76	113	83	142	210	136	199	133	116	66	107	57	284	110	73	56
chr1-233000001-233500000	72	61	80	84	63	84	96	53	191	113	69	60	81	146	54	86	95	54	75	91	103	98	76	69	115	73	128	46	60	83	125	78	48	62	71	168	68	105	56	110	90	167	96	56	110	111	162	157	71	117	47	94	50	48	25	130	116	34	72	84	92	116	162	124	97	36	76	73	71	96	119	105	101	136	82	67	101	54	134	99	159	148	50	75	144	161	57	176	49	116	129	66	110	30	92	55	50	48	87	350	52	100	68	111	121	68	261	153	135	42	48	76	115	79	153	123	189	50	60	121	82	122	57	70	204	75	153	41	117	90	50	50	64	155	122	106	85	57	80	86	215	110	74	62	100	36	59	139	147	178	80	86	101	65	126	125	82	88	119	60	108	69	62	57	108	84	39	206	56	56	148	120	76	127	97	95	85	76	95	92	90	71	82	87	99	55	65	80	254	96	71	164	77	95	116	72	141	172	107	53
chr1-233500001-234000000	66	124	80	257	60	81	67	94	98	72	30	77	127	110	96	51	57	40	45	81	79	108	58	121	208	134	90	57	131	78	117	95	61	70	105	97	47	93	136	90	46	133	69	70	115	106	73	139	168	126	121	158	58	112	54	84	99	57	54	33	116	290	247	87	58	49	106	105	102	73	79	78	110	145	84	48	72	70	192	58	83	54	36	77	105	251	85	202	67	110	93	75	60	55	165	74	80	69	70	276	138	64	105	132	79	102	87	73	101	85	87	61	164	151	203	53	127	64	56	86	72	133	137	82	137	95	252	49	75	87	62	97	72	70	87	97	58	47	111	65	177	104	37	105	83	114	65	96	65	120	95	125	57	88	43	94	142	76	78	29	53	75	41	70	74	59	50	141	70	27	183	192	69	43	85	124	65	70	84	139	112	63	66	65	45	77	93	99	98	69	129	113	68	126	105	144	117	107	114	72
chr1-234000001-234500000	108	120	108	87	90	69	23	55	106	92	125	175	156	95	99	92	111	80	34	53	73	183	79	86	203	46	67	54	69	78	60	109	46	178	100	93	77	92	86	91	72	68	50	88	117	151	162	91	93	183	50	64	82	52	75	114	105	96	68	104	201	115	258	43	93	41	148	62	98	73	43	105	58	124	47	55	43	81	98	135	105	96	68	46	110	110	48	83	35	186	142	144	57	128	116	78	67	75	71	118	27	52	57	95	120	74	105	90	169	168	71	47	179	133	67	102	128	63	120	109	121	65	99	138	222	128	115	43	97	78	89	63	49	185	71	149	78	111	137	63	77	90	31	67	54	74	77	117	103	174	198	64	82	23	100	77	97	61	85	69	50	43	57	64	58	57	52	262	30	42	102	175	59	92	120	147	71	70	115	99	87	80	63	219	81	103	55	63	171	103	135	101	83	89	129	119	111	112	122	79
chr1-234500001-235000000	133	86	93	112	104	100	21	58	162	76	176	152	153	220	124	131	177	62	69	60	101	80	45	136	81	80	46	76	72	54	89	128	56	64	47	111	70	119	109	102	83	147	52	93	98	53	117	96	73	153	70	66	81	76	131	114	78	62	78	94	104	243	147	55	72	38	97	82	74	54	53	241	69	136	106	51	95	89	107	68	149	107	91	128	88	168	63	106	59	80	121	62	115	70	135	77	34	31	90	145	141	101	61	218	79	100	118	79	153	131	90	70	110	84	56	130	118	29	86	71	114	77	102	105	235	119	119	91	113	62	55	58	58	119	58	102	80	85	118	204	109	56	82	70	144	49	56	156	118	192	287	138	57	44	45	100	272	45	98	30	104	100	161	83	149	72	30	214	72	51	136	331	65	88	76	81	130	68	216	120	61	89	36	84	108	84	75	141	150	118	133	162	88	38	158	97	185	124	85	118
chr1-235000001-235500000	82	182	97	138	105	69	91	41	166	61	138	82	155	110	125	78	84	55	58	64	33	135	57	132	161	64	192	119	100	82	117	119	40	49	83	53	52	95	56	166	57	90	42	91	146	168	174	185	84	167	87	48	67	106	54	148	67	65	72	120	113	132	297	122	83	57	64	116	78	73	95	197	107	77	60	102	56	97	209	116	135	58	92	85	61	100	78	150	73	123	113	219	95	115	133	114	60	79	163	207	81	56	165	128	83	104	33	90	170	113	51	32	104	173	137	29	179	68	70	77	79	130	79	58	141	139	149	78	103	55	46	79	69	44	70	130	85	45	56	124	136	74	31	105	60	71	76	130	132	174	85	63	172	49	41	82	119	80	52	54	83	49	67	97	56	39	88	153	99	78	171	188	37	43	91	128	51	79	70	91	72	110	46	52	78	69	38	62	192	96	71	92	50	141	107	107	261	150	119	44
chr1-235500001-236000000	83	55	105	58	93	80	122	56	139	117	79	104	124	136	50	120	91	40	74	78	62	71	23	106	164	79	151	88	53	86	156	107	52	140	57	76	44	110	43	123	62	145	76	90	135	58	186	97	85	120	70	79	52	64	113	101	204	50	76	52	136	274	297	48	84	78	55	92	143	82	133	68	78	120	58	64	116	117	145	240	124	68	89	82	112	194	52	124	94	178	127	81	107	109	94	54	39	74	66	156	68	85	60	123	91	105	131	72	165	95	107	66	144	231	127	70	168	37	77	85	104	98	127	146	131	129	165	67	107	50	72	96	59	138	43	108	53	125	144	111	184	58	78	89	90	132	74	95	107	139	167	73	113	89	39	84	99	49	122	62	100	45	98	100	83	89	43	120	119	96	148	241	68	81	163	90	75	90	89	140	69	62	44	127	52	77	104	112	72	138	113	106	117	74	164	98	113	74	85	67
chr1-236000001-236500000	208	130	73	154	57	125	87	68	99	86	82	87	113	132	40	92	61	67	71	57	65	141	62	146	137	77	131	101	163	59	84	94	74	164	103	56	42	80	71	136	66	206	89	69	69	130	180	107	76	226	61	71	71	60	53	91	83	86	74	79	105	199	184	169	52	105	121	116	84	92	48	156	70	105	50	77	89	71	163	127	59	60	48	109	38	128	75	63	62	124	80	90	74	128	78	59	69	79	199	156	92	117	81	87	167	63	148	71	149	80	67	74	159	198	97	104	236	69	56	94	70	88	107	252	124	126	70	33	121	68	73	55	68	86	46	100	87	64	135	116	82	60	74	74	151	90	54	67	105	158	151	70	53	44	34	78	103	78	101	73	101	69	120	95	90	67	86	167	25	60	105	239	44	102	157	205	49	57	155	159	85	64	38	75	77	62	59	84	139	49	131	163	45	77	124	109	245	79	173	60
chr1-236500001-237000000	116	210	108	84	57	86	59	123	96	56	43	115	129	42	94	57	89	63	63	34	40	74	48	143	125	110	87	40	60	69	76	81	57	200	69	126	44	63	63	87	49	243	63	60	110	103	77	131	178	236	53	58	89	147	88	113	55	56	50	91	170	277	309	59	53	28	94	70	151	63	74	166	75	95	68	60	69	110	219	47	84	54	73	57	56	129	147	159	101	54	80	31	101	57	78	78	79	68	86	165	142	71	157	181	111	43	86	94	301	84	72	45	236	292	89	78	167	75	114	86	83	121	72	128	92	151	115	37	54	78	72	38	15	157	117	140	110	81	116	82	305	104	60	156	86	87	76	72	85	294	152	82	95	93	55	63	203	116	97	68	103	114	97	60	65	33	42	117	53	94	264	196	58	72	89	72	48	103	142	102	80	91	42	88	121	96	95	103	175	93	128	54	115	54	86	98	135	132	94	89
chr1-237000001-237500000	65	83	145	109	121	76	54	27	73	112	59	97	81	148	61	86	105	43	42	53	61	76	54	58	67	106	110	72	75	99	81	100	59	141	96	70	71	164	86	109	108	163	95	51	114	56	134	120	151	95	63	67	80	74	52	188	117	54	33	85	149	251	303	133	79	42	115	31	67	51	85	112	80	140	78	76	64	119	139	89	77	109	86	53	77	142	59	139	90	70	121	65	100	149	104	204	54	33	82	143	74	99	176	138	65	55	169	91	209	112	81	65	134	180	150	103	184	71	61	98	93	71	89	182	121	134	142	38	132	74	32	76	68	107	43	105	98	49	105	126	154	77	86	109	112	83	52	102	60	116	99	58	55	45	89	107	99	52	70	53	41	38	70	40	80	54	70	94	83	36	288	300	90	79	67	168	86	106	85	87	67	129	62	57	119	77	56	111	99	128	134	83	77	109	125	85	185	58	71	63
chr1-237500001-238000000	92	111	64	133	89	75	42	112	73	113	82	134	79	155	79	66	70	112	88	102	88	103	83	132	121	84	138	84	139	59	66	59	112	95	81	79	37	61	107	173	125	116	112	85	55	57	112	71	70	81	48	142	83	60	108	132	92	60	51	104	81	136	84	109	108	55	174	61	78	72	61	123	140	136	72	74	59	66	271	120	136	102	45	47	59	214	82	140	36	101	102	72	89	77	61	98	82	45	101	112	148	131	71	171	111	52	139	82	169	69	48	69	162	183	45	145	98	38	56	187	59	129	67	84	145	39	73	51	75	61	26	132	62	144	57	91	127	144	91	75	103	121	80	55	68	55	70	97	104	241	216	18	100	53	91	83	132	88	81	33	175	38	102	81	88	90	46	117	71	67	178	228	69	74	59	103	51	49	74	73	81	92	66	78	52	84	71	118	104	71	130	111	89	53	83	82	291	72	42	39
chr1-238000001-238500000	66	112	107	104	123	37	102	124	67	91	166	90	150	156	147	57	75	56	35	62	83	144	69	62	143	66	79	62	122	45	152	83	47	94	45	89	52	125	73	115	95	197	71	79	99	86	204	111	97	254	44	118	72	86	80	156	104	39	79	90	198	90	143	54	46	38	141	114	77	62	64	276	31	171	71	61	99	129	100	110	161	98	79	129	35	186	51	75	72	95	141	163	101	59	114	75	40	49	90	102	120	120	114	147	108	98	130	159	167	144	61	79	191	131	64	83	147	85	58	85	66	80	107	138	116	54	73	67	123	106	59	79	115	127	75	95	111	117	151	155	212	81	61	80	111	30	49	92	126	276	117	105	115	45	90	94	182	98	44	47	73	96	43	94	140	31	34	138	68	77	255	209	45	72	87	91	45	58	121	104	70	77	70	66	52	70	71	108	162	89	115	62	44	99	147	98	106	106	76	92
chr1-238500001-239000000	72	118	81	81	53	79	55	53	122	86	70	113	96	122	76	85	131	61	35	65	88	67	56	78	82	40	87	43	154	117	65	100	45	44	106	107	65	49	78	71	165	132	159	54	125	61	253	158	73	145	92	126	133	49	91	192	103	29	83	118	104	111	262	91	73	65	144	78	58	125	42	256	102	69	106	77	58	75	123	74	86	105	59	99	93	173	37	90	80	85	59	147	97	80	112	108	47	75	181	192	108	136	27	131	103	145	124	110	169	50	77	69	162	81	96	66	166	46	74	77	99	127	88	113	203	79	162	69	143	54	74	71	76	101	41	86	69	76	139	80	143	104	134	53	92	149	86	128	37	234	107	39	70	47	77	147	190	124	132	40	69	50	62	67	124	16	76	158	32	108	79	171	63	83	104	158	35	89	101	167	97	73	43	71	80	214	49	121	207	130	95	83	55	56	88	100	159	142	114	126
chr1-239000001-239500000	122	87	71	73	59	112	66	68	118	75	41	50	111	132	106	64	34	47	73	73	34	124	69	85	199	33	73	60	84	39	113	110	50	155	96	92	47	70	78	92	221	172	85	53	123	144	120	118	71	106	60	56	51	68	97	69	81	76	97	160	43	91	224	167	98	32	49	86	129	80	91	150	86	115	108	47	106	33	95	96	86	80	55	78	50	284	86	140	73	103	155	87	109	77	114	75	73	25	125	179	109	131	69	71	68	72	90	62	201	139	60	50	181	117	102	119	102	53	62	102	51	69	92	47	106	100	101	44	99	59	116	100	92	121	57	58	87	108	114	51	189	57	123	66	54	133	73	86	91	182	275	72	153	92	52	66	175	84	73	32	93	39	85	67	70	54	46	219	86	64	200	156	28	116	128	67	74	67	60	107	110	74	54	84	70	60	40	99	132	77	128	73	153	32	84	86	139	96	104	126
chr1-239500001-240000000	173	140	103	125	112	142	92	57	120	86	91	116	92	174	131	65	102	87	102	43	63	137	51	89	237	93	113	113	133	59	108	120	24	140	109	85	58	105	74	113	79	133	85	45	134	77	157	172	96	97	77	105	50	91	65	79	97	56	79	74	131	236	226	132	50	56	175	77	108	66	139	187	81	82	107	28	68	110	189	162	121	48	70	86	85	153	61	171	76	135	64	63	134	84	93	55	70	69	127	171	109	50	82	169	107	75	127	71	136	165	47	44	159	166	109	119	138	84	41	114	108	85	121	147	188	107	126	40	78	74	49	64	77	114	58	102	139	98	210	112	92	123	41	72	118	60	73	59	91	229	175	42	138	76	55	63	118	85	116	44	142	54	98	43	65	77	79	174	75	60	163	104	56	89	62	198	74	127	88	108	93	80	55	106	57	165	150	138	81	137	63	123	65	69	80	69	146	169	42	80
chr1-240000001-240500000	145	68	143	79	103	63	59	62	99	47	74	47	133	72	107	73	105	74	44	89	72	84	36	57	181	105	176	56	55	97	66	118	88	77	114	100	61	109	125	115	98	76	74	79	95	105	156	103	77	209	70	68	35	104	38	145	53	50	64	95	121	240	111	118	163	57	119	39	47	126	138	91	151	72	84	33	56	134	88	52	40	84	40	41	118	109	31	132	79	172	125	67	75	49	88	74	70	38	72	200	115	98	115	120	91	89	124	106	148	105	59	39	333	117	112	77	84	66	99	83	76	111	68	175	138	125	111	38	112	54	56	118	81	99	76	144	91	100	114	113	61	65	94	146	91	121	80	117	67	128	162	79	95	47	73	121	120	119	42	44	109	61	72	64	81	40	59	314	166	82	167	314	83	93	201	179	84	105	71	131	93	135	44	77	95	82	104	155	84	93	80	79	61	94	54	91	162	156	97	52
chr1-240500001-241000000	46	106	75	81	87	117	91	70	130	70	123	48	186	185	54	117	84	87	60	50	77	91	88	119	175	97	126	63	86	72	54	59	71	118	39	82	71	84	79	93	37	122	67	69	128	153	82	98	128	87	101	113	60	80	33	190	54	42	62	184	91	141	257	117	62	46	89	83	81	32	89	84	118	71	101	114	74	103	165	91	66	106	81	93	95	233	44	140	29	53	101	97	65	69	141	143	88	79	67	278	98	82	69	211	84	74	99	167	114	101	120	47	229	168	74	66	136	37	133	153	89	91	134	88	158	124	98	70	112	91	27	42	37	129	75	89	108	62	164	80	113	84	56	45	119	62	83	106	81	170	236	39	107	55	71	64	238	77	86	83	100	89	83	147	111	44	59	72	68	42	167	229	76	81	147	102	99	58	108	89	34	141	93	99	44	106	79	85	135	95	116	144	70	85	81	105	234	87	108	118
chr1-241000001-241500000	141	86	80	202	63	100	96	80	90	78	59	106	42	64	105	106	63	54	64	56	55	69	114	114	229	53	153	102	58	96	71	98	47	148	101	99	90	92	76	128	131	104	102	30	92	70	149	170	110	52	91	70	60	75	74	62	111	32	48	108	71	166	188	80	40	56	106	20	71	72	152	147	123	85	98	64	69	57	76	59	178	54	37	71	62	116	82	181	46	166	156	47	97	133	127	107	60	51	38	131	102	53	97	179	126	146	142	164	234	79	41	69	195	152	113	99	80	74	37	88	68	45	82	129	109	59	120	56	77	25	98	71	73	75	107	86	83	63	134	133	124	76	61	85	64	86	84	50	57	290	93	103	90	33	69	135	138	62	46	43	78	34	118	134	112	58	61	185	59	87	96	158	73	117	79	135	67	71	87	156	101	134	118	151	74	82	85	104	72	66	122	78	104	74	114	98	227	149	105	35
chr1-241500001-242000000	79	88	105	86	89	78	56	39	100	81	98	110	102	110	80	52	93	46	59	24	45	98	70	100	133	71	206	137	120	124	89	87	33	80	142	78	75	115	70	103	73	114	97	52	80	103	149	98	222	158	78	108	128	90	53	142	143	92	88	130	86	88	172	112	74	70	134	100	110	64	72	145	61	72	49	60	51	107	128	91	114	75	52	102	67	247	78	139	82	134	78	83	78	43	86	57	34	64	106	127	76	76	195	112	67	111	198	97	106	78	89	148	132	151	133	88	103	67	55	114	79	115	94	60	127	83	101	35	106	99	59	79	130	68	32	46	86	149	118	123	117	63	95	80	74	115	77	70	69	190	173	75	51	54	88	96	179	120	62	54	129	69	90	85	74	64	100	76	55	91	181	198	42	95	65	163	106	50	60	177	66	75	79	94	57	97	65	52	86	81	68	108	60	47	52	80	201	99	102	54
chr1-242000001-242500000	109	157	134	123	129	152	154	86	135	72	78	158	62	101	212	92	94	37	55	45	161	104	64	72	48	77	110	47	88	55	134	95	41	94	186	85	53	109	58	123	68	110	70	86	64	55	99	123	100	277	44	101	45	76	78	128	76	70	57	85	114	137	167	76	106	42	101	69	115	56	101	102	205	61	62	60	81	84	66	115	122	58	64	82	69	401	83	122	51	64	100	54	101	100	175	62	68	81	176	97	63	73	99	137	76	69	132	139	122	90	92	40	92	240	31	134	107	44	130	125	89	59	29	177	137	80	129	94	50	77	85	81	50	193	77	91	90	70	140	155	80	54	59	111	142	102	93	100	71	266	94	30	110	42	85	35	127	94	54	75	95	79	124	77	61	37	58	161	65	36	191	247	24	52	107	69	40	47	116	158	125	141	81	98	64	101	52	86	176	110	104	96	100	37	105	100	163	175	35	55
chr1-242500001-243000000	122	161	125	89	66	90	115	83	109	71	146	189	152	111	79	85	89	43	56	81	126	79	120	56	113	116	73	81	161	65	32	167	41	84	81	60	98	63	91	94	127	104	99	78	199	98	137	115	150	185	43	32	64	60	67	45	86	99	41	98	105	133	215	83	72	43	177	73	68	49	88	143	79	58	90	54	97	78	201	59	110	73	102	49	42	101	23	85	67	116	78	73	98	80	87	107	95	64	80	176	132	64	87	122	87	88	157	107	191	67	35	128	197	146	59	142	65	61	94	168	78	62	56	65	194	151	177	30	85	62	41	82	121	74	42	83	116	41	95	91	179	125	85	94	43	65	64	91	78	160	170	115	50	31	70	53	109	88	78	46	92	106	102	89	90	55	45	134	91	103	144	119	82	65	92	86	113	75	94	122	110	100	93	65	96	75	77	145	122	90	100	85	33	78	145	82	180	82	90	118
chr1-243000001-243500000	104	145	52	126	114	118	89	74	206	131	131	82	110	160	70	70	98	34	66	42	126	118	35	103	204	95	73	46	110	87	72	103	71	177	88	65	58	65	57	77	66	99	112	39	53	96	117	61	121	114	89	111	81	95	61	83	119	62	43	81	109	114	207	42	40	69	112	71	86	88	55	211	102	79	79	61	53	83	202	96	77	92	54	94	137	172	64	173	53	96	63	103	59	67	130	82	69	86	106	103	90	138	83	221	96	127	127	158	141	147	73	51	80	253	109	99	203	72	65	184	73	76	96	91	129	64	131	60	120	76	40	88	112	101	74	88	72	120	82	90	136	174	61	33	65	54	91	71	127	303	58	136	148	79	42	65	143	54	54	19	79	89	135	73	137	60	58	119	53	40	85	268	67	118	102	176	92	109	75	101	69	71	68	78	98	128	100	53	165	83	83	152	61	68	98	112	82	176	128	62
chr1-243500001-244000000	153	103	100	76	55	74	70	49	150	156	108	172	90	109	67	68	100	64	36	30	58	109	66	68	127	44	63	101	107	98	133	141	81	141	76	37	38	67	101	86	88	101	85	84	68	117	131	161	118	103	106	67	78	69	72	114	121	48	60	182	217	156	127	134	111	72	155	99	102	55	62	118	44	74	86	33	84	69	175	71	102	121	69	72	41	149	51	145	109	154	103	71	157	95	94	164	49	46	78	122	134	45	88	143	129	123	117	84	100	148	95	25	207	192	144	58	73	92	102	280	57	144	137	184	81	95	92	72	71	47	64	57	121	142	31	45	53	109	91	115	115	80	86	101	85	78	34	86	80	131	128	23	85	56	54	87	180	93	64	48	60	43	77	85	91	74	37	223	63	88	272	159	71	98	133	109	81	48	104	182	93	57	90	139	92	186	118	158	122	39	143	79	104	84	100	38	172	130	105	33
chr1-244000001-244500000	87	96	41	84	72	67	114	87	124	86	85	82	73	126	108	98	101	47	68	69	65	82	59	89	123	127	122	73	115	40	77	99	39	83	64	91	58	109	110	56	106	106	96	35	58	79	138	115	78	135	75	64	83	61	97	70	136	67	57	67	98	189	304	152	52	68	119	54	40	48	52	191	93	87	60	38	86	79	146	164	148	110	54	71	54	200	47	26	39	155	118	71	121	96	74	79	52	50	107	139	157	114	73	133	131	120	195	112	121	123	80	47	118	203	81	95	98	65	74	53	118	21	59	124	84	112	128	28	56	58	27	62	114	151	61	78	79	35	145	114	148	49	63	103	130	126	67	110	53	204	133	76	70	54	77	111	119	57	79	41	103	48	103	67	113	73	86	171	81	43	178	307	55	84	85	185	74	88	178	160	73	157	33	113	125	75	57	139	164	63	112	48	179	83	113	91	111	110	150	111
chr1-244500001-245000000	98	155	103	95	64	106	148	72	118	85	104	101	133	116	129	99	92	68	60	83	73	80	74	142	105	56	98	69	120	65	48	234	50	113	78	53	40	84	64	146	112	188	134	118	71	67	113	129	94	203	43	90	85	55	48	99	102	65	68	94	69	207	209	80	70	54	108	73	64	51	77	178	108	74	88	66	91	111	133	127	110	96	48	84	124	122	108	57	87	92	70	161	129	75	118	58	53	61	156	118	80	84	112	198	106	58	114	127	139	190	56	117	166	168	67	70	149	99	38	218	74	122	79	60	153	84	152	62	64	59	88	105	58	79	56	98	95	125	100	50	176	111	44	84	87	83	67	131	66	151	159	68	62	58	92	37	124	63	50	51	115	97	62	88	102	54	43	218	34	99	157	154	82	107	140	162	52	78	106	122	136	39	51	89	99	106	120	136	62	66	105	72	69	115	144	52	163	150	171	45
chr1-245000001-245500000	81	157	106	129	69	118	143	50	72	82	72	110	88	67	129	84	103	63	36	67	57	114	69	35	96	46	112	75	78	95	118	136	36	69	101	54	70	110	59	130	148	171	88	126	152	102	216	114	110	153	57	73	84	64	120	101	39	45	97	123	142	311	192	90	45	31	73	109	99	78	95	112	78	66	56	80	107	72	96	80	131	85	91	67	99	199	122	119	111	213	100	81	142	83	84	42	27	48	133	203	100	82	105	169	84	117	163	204	127	78	45	74	54	136	111	61	81	79	65	84	124	150	120	122	154	53	146	68	124	85	62	96	51	89	125	93	42	44	159	186	138	65	80	89	98	59	60	98	42	224	187	76	91	42	107	156	236	63	78	51	95	78	123	58	65	59	75	119	59	42	127	92	65	75	120	241	98	81	124	110	82	159	29	43	90	120	122	93	190	102	54	88	112	134	84	150	297	57	66	69
chr1-245500001-246000000	75	89	76	43	57	132	118	78	86	81	61	196	92	180	111	66	90	44	53	62	36	89	91	98	171	42	81	74	107	112	43	134	46	84	97	111	40	98	75	115	80	228	77	84	66	84	134	102	87	71	72	85	85	62	70	134	57	70	56	92	157	156	326	74	69	53	97	80	73	45	58	251	45	78	80	53	96	95	204	60	140	75	79	56	106	110	48	152	89	245	88	83	175	53	204	70	98	71	149	189	114	97	97	62	76	114	110	120	221	106	76	90	117	128	50	104	164	59	71	124	58	75	65	90	98	123	108	65	65	74	41	54	110	123	42	74	66	115	99	102	188	70	70	88	123	77	118	88	102	109	147	62	76	71	111	110	164	86	96	41	84	60	96	58	104	63	71	155	74	91	109	154	86	74	119	280	87	104	142	82	63	44	39	67	181	103	82	78	305	54	53	104	104	140	105	69	208	159	125	88
chr1-246000001-246500000	75	181	62	94	68	88	83	85	129	78	96	87	81	179	97	68	108	64	73	69	40	122	72	86	139	67	78	99	68	75	54	123	32	247	91	72	50	124	70	128	70	137	45	87	91	81	74	110	95	128	80	139	65	60	63	108	86	87	79	73	119	196	210	90	109	68	79	57	109	41	107	81	87	145	88	42	84	100	172	67	127	120	32	84	34	180	92	129	50	152	162	164	62	45	70	45	65	68	182	192	135	91	100	207	98	116	66	93	163	114	67	44	116	188	91	83	105	67	41	67	54	39	146	120	129	95	139	53	64	58	56	62	89	90	58	88	76	81	59	101	164	132	71	78	126	83	53	135	74	107	181	69	110	130	44	100	65	62	117	59	136	53	33	90	91	40	65	117	52	128	153	266	75	63	101	160	63	99	94	95	68	96	76	54	58	67	53	123	109	65	80	110	104	73	163	105	285	103	94	55
chr1-246500001-247000000	97	80	81	63	76	92	76	56	83	67	94	63	91	136	72	68	74	69	69	84	71	123	63	86	184	95	126	45	128	47	89	92	35	157	50	61	83	130	61	65	75	224	110	87	65	85	122	156	118	142	87	96	37	53	105	137	82	38	69	118	113	144	312	162	48	34	83	74	73	110	47	90	46	110	85	48	88	109	137	118	75	99	63	79	50	149	99	135	42	126	57	73	39	131	125	97	38	89	94	168	175	101	87	118	141	64	96	128	113	46	103	95	166	160	57	130	119	99	73	51	166	62	133	119	69	65	145	30	146	129	41	53	100	46	37	124	112	121	102	108	197	95	58	100	66	107	77	56	69	116	156	74	85	37	88	96	170	108	96	26	77	96	95	74	133	32	17	218	88	85	141	269	77	162	138	200	74	143	147	80	103	52	67	71	116	74	46	75	105	79	102	120	77	99	111	72	118	121	120	75
chr1-247000001-247500000	136	169	97	86	98	117	44	41	81	76	98	99	114	104	126	88	63	43	70	50	70	159	116	77	57	91	93	62	71	96	68	165	123	99	83	109	79	59	74	136	82	189	93	50	53	123	75	99	132	132	54	50	61	93	69	102	69	59	55	117	84	155	204	121	74	66	131	64	98	81	109	128	107	66	80	48	109	124	236	112	202	128	47	45	62	171	61	97	86	159	84	67	78	49	90	62	90	38	95	69	105	98	95	104	144	64	186	87	93	77	35	37	224	148	61	113	149	52	44	105	90	102	79	60	154	137	165	39	97	79	64	93	89	115	38	81	62	87	51	83	102	72	68	74	62	127	40	78	111	216	195	56	80	61	87	63	95	116	73	45	71	78	178	54	66	52	114	236	87	68	144	169	103	71	118	306	67	90	175	103	60	86	35	63	103	77	132	145	201	120	91	64	86	62	138	95	443	139	119	104
chr1-247500001-248000000	66	106	76	158	99	84	146	67	80	68	68	98	91	100	92	53	131	76	83	78	78	104	64	58	198	82	96	66	86	89	77	227	40	99	131	59	57	59	91	66	141	206	65	67	88	91	151	149	103	177	72	64	88	78	65	98	77	111	90	121	131	215	224	165	57	48	89	48	85	68	54	91	54	88	72	73	59	77	113	91	94	52	87	76	46	208	54	91	60	116	109	77	82	96	98	106	108	69	77	196	158	44	77	184	123	99	173	90	209	91	59	35	174	116	135	65	90	64	58	182	43	71	104	95	117	111	68	58	87	80	97	45	109	130	66	86	85	73	149	123	126	124	102	100	79	58	71	175	62	239	181	56	122	75	51	152	163	81	80	40	119	76	81	71	74	52	56	199	44	93	125	262	91	86	125	180	83	114	97	63	91	113	61	158	39	78	85	135	178	130	140	115	45	126	80	89	71	252	158	44
chr1-248000001-248500000	135	82	39	125	59	105	60	122	84	53	60	112	92	129	137	76	157	46	48	80	71	124	65	39	99	86	64	22	88	76	79	118	62	63	171	62	54	65	94	49	134	174	44	118	123	106	185	157	106	155	58	108	67	87	68	163	91	73	67	66	156	196	393	98	143	65	80	50	74	98	76	92	92	86	68	56	96	105	362	107	89	78	70	51	97	79	66	157	71	45	92	90	76	122	81	99	65	65	114	100	94	64	92	161	71	68	159	180	102	55	71	53	159	205	84	147	215	64	81	86	98	138	76	152	201	116	109	20	74	80	153	57	59	161	30	36	95	60	168	174	171	90	82	73	71	109	43	123	81	383	109	107	86	46	85	67	194	65	63	49	54	76	46	46	68	75	85	88	22	151	145	105	79	52	68	196	45	38	151	148	103	112	74	74	36	141	79	84	123	140	46	117	79	105	170	102	90	167	140	73
chr1-248500001-248956422	47	123	50	96	53	78	87	108	120	115	75	88	66	74	78	80	111	56	53	32	59	83	94	32	155	71	250	80	131	52	77	53	79	105	86	59	66	76	60	94	133	175	95	90	64	97	159	154	148	194	65	64	62	117	36	107	77	82	50	59	81	215	153	105	69	24	95	97	91	45	89	111	83	133	47	53	97	127	155	156	101	78	98	60	76	214	74	157	115	116	61	57	98	57	59	128	97	94	105	77	91	106	119	105	97	94	111	96	317	93	71	49	86	160	72	66	85	52	63	81	70	84	115	228	315	60	110	60	95	119	88	76	61	84	48	109	65	145	153	106	155	53	86	57	82	58	68	63	92	242	92	47	98	70	104	97	186	141	76	68	82	84	96	70	101	47	35	123	93	89	188	243	81	50	127	154	70	67	132	106	94	67	41	164	103	161	79	61	148	130	208	80	75	65	128	104	226	262	94	90
