	0	1	2	3	4	5	6	7	8	9	10	11	12	13	14	15	16	17	18	19	20	21	22	23	24	25	26	27	28	29	30	31	32	33	34	35	36	37	38	39	40	41	42	43	44	45	46	47	48	49	50	51	52	53	54	55	56	57	58	59	60	61	62	63	64	65	66	67	68	69	70	71	72	73	74	75	76	77	78	79	80	81	82	83	84	85	86	87	88	89	90	91	92	93	94	95	96	97	98	99	100	101	102	103	104	105	106	107	108	109	110	111	112	113	114	115	116	117	118	119	120	121	122	123	124	125	126	127	128	129	130	131	132	133	134	135	136	137	138	139	140	141	142	143	144	145	146	147	148	149	150	151	152	153	154	155	156	157	158	159	160	161	162	163	164	165	166	167	168	169	170	171	172	173	174	175	176	177	178	179	180	181	182	183	184	185	186	187	188	189	190	191	192	193	194	195	196	197	198	199	200	201	202	203	204	205	206	207	208	209	210	211	212	213	214	215	216	217	218	219	220	221	222	223	224	225	226	227	228	229	230	231	232	233	234	235	236	237	238	239	240	241	242	243	244	245	246	247	248	249	250	251	252	253	254	255	256	257	258	259	260	261	262	263	264	265	266	267	268	269	270	271	272	273	274	275	276	277	278	279	280	281	282	283	284	285	286	287	288	289	290	291	292	293	294	295	296	297	298	299	300	301	302	303	304	305	306	307	308	309	310	311	312	313	314	315	316	317	318	319	320	321	322	323	324	325	326	327	328	329	330	331	332	333	334	335	336	337	338	339	340	341	342	343	344	345	346	347	348	349	350	351	352	353	354	355	356	357	358	359	360	361	362	363	364	365	366	367	368	369	370	371	372	373	374	375	376	377	378	379	380	381	382	383	384	385	386	387	388	389	390	391	392	393	394	395	396	397	398	399	400	401	402	403	404	405	406	407	408	409	410	411	412	413	414	415	416	417	418	419	420	421	422	423	424	425	426	427	428	429	430	431	432	433	434	435	436	437	438	439	440	441	442	443	444	445	446	447	448	449	450	451	452	453	454	455	456	457	458	459	460	461	462	463	464	465	466	467	468	469	470	471	472	473	474	475	476	477	478	479	480	481	482	483	484	485	486	487	488	489	490	491	492	493	494	495	496	497
cell0	0.42069	0.3758	0.3741	0.33577	0.30769	0.33125	0.36478	0.36709	0.36025	0.33113	0.33526	0.31507	0.40909	0.33537	0.38562	0.32278	0.3245	0.39456	0.36842	0.42609	0.408	0.35484	0.43226	0.41481	0.32335	0.3815	0.37423	0.37681	0.36641	0.3268	0.37143	0.39062	0.33784	0.37288	0.31176	0.29586	0.25455	0.32258	0.31613	0.32738	0.35507	0.32857	0.2963	0.4	0.35	0.35252	0.336	0.32237	0.30822	0.31098	0.33333	0.31973	0.31847	0.36025	0.38926	0.30719	0.32278	0.34416	0.34532	0.35583	0.33117	0.34058	0.37415	0.40385	0.32877	0.32317	0.30769	0.36184	0.34437	0.29605	0.36054	0.3125	0.3642	0.38346	0.32278	0.32258	0.31333	0.37888	0.35714	0.36	0.34307	0.30769	0.30405	0.32836	0.30216	0.37013	0.28481	0.37059	0.33537	0.34014	0.28358	0.32026	0.34483	0.33077	0.35664	0.31928	0.39597	0.33108	0.35484	0.4125	0.30519	0.31579	0.35075	0.33333	0.33333	0.34043	0.41096	0.3681	0.35606	0.34416	0.34586	0.31293	0.31361	0.35	0.3522	0.30769	0.32738	0.33136	0.34211	0.35673	0.32258	0.27815	0.34615	0.34132	0.31373	0.3038	0.40373	0.34194	0.39869	0.34091	0.39726	0.34783	0.26797	0.33803	0.39706	0.29697	0.36364	0.33333	0.31159	0.34694	0.29825	0.34483	0.35	0.35484	0.31387	0.32468	0.31206	0.33721	0.29333	0.38298	0.36913	0.35971	0.40268	0.30323	0.2518	0.29878	0.39073	0.30464	0.336	0.35211	0.35754	0.32704	0.3587	0.42236	0.3557	0.27381	0.34356	0.35673	0.28188	0.29825	0.24699	0.30588	0.38298	0.28485	0.36242	0.40244	0.34694	0.35616	0.36842	0.30282	0.34074	0.2973	0.34783	0.32867	0.36364	0.35849	0.37121	0.35338	0.4186	0.32934	0.34783	0.34677	0.35802	0.34503	0.33577	0.30921	0.36646	0.33333	0.35625	0.35625	0.44138	0.33548	0.37853	0.38596	0.30357	0.27108	0.34884	0.30814	0.31757	0.29167	0.30286	0.35616	0.37063	0.41447	0.36913	0.30714	0.30986	0.32484	0.28667	0.3	0.32609	0.32877	0.36885	0.35211	0.28662	0.32143	0.38462	0.37226	0.3	0.33566	0.38621	0.34932	0.33113	0.28814	0.31897	0.30986	0.30435	0.33929	0.29496	0.27152	0.35862	0.38346	0.25714	0.37222	0.46465	0.47191	0.47959	0.41573	0.48148	0.49138	0.46154	0.40708	0.4881	0.43956	0.46535	0.47525	0.41509	0.43564	0.49091	0.43902	0.48936	0.48462	0.48673	0.49074	0.48936	0.46296	0.47619	0.44444	0.38384	0.42373	0.49074	0.42105	0.47	0.43396	0.44565	0.48611	0.43103	0.48485	0.49451	0.42342	0.42056	0.48182	0.47	0.48276	0.47917	0.47	0.42169	0.44898	0.38824	0.48673	0.44762	0.4717	0.42453	0.45783	0.4537	0.4433	0.48864	0.44681	0.42718	0.49074	0.4	0.48624	0.46154	0.47273	0.49462	0.47959	0.48515	0.49153	0.5	0.2973	0.42222	0.49412	0.43396	0.48864	0.39394	0.46364	0.48039	0.5	0.46875	0.46053	0.48	0.45349	0.45833	0.37895	0.47706	0.4875	0.48485	0.44643	0.48958	0.4898	0.43	0.48193	0.49451	0.45902	0.49057	0.45133	0.48649	0.47059	0.46364	0.44565	0.3875	0.47664	0.42157	0.46512	0.49485	0.47872	0.49438	0.44898	0.4375	0.43089	0.48352	0.49038	0.44737	0.47525	0.46226	0.48544	0.47126	0.36667	0.41379	0.44828	0.45349	0.49425	0.46154	0.49462	0.42593	0.42169	0.5	0.48649	0.42529	0.45349	0.46018	0.45098	0.41593	0.5	0.5	0.49074	0.4434	0.45	0.45794	0.43956	0.43564	0.44944	0.46269	0.47423	0.43617	0.5	0.47778	0.49038	0.4717	0.48598	0.49462	0.44094	0.46154	0.48936	0.464	0.46154	0.41	0.48039	0.41837	0.43878	0.48387	0.4086	0.46078	0.48571	0.48	0.48214	0.45631	0.49593	0.46341	0.45055	0.49541	0.46018	0.45918	0.47009	0.47959	0.46939	0.4717	0.47253	0.4	0.43956	0.46729	0.43333	0.44643	0.46875	0.42857	0.4375	0.42857	0.48571	0.48148	0.46739	0.5	0.37864	0.49533	0.48101	0.46316	0.45882	0.49485	0.4537	0.44248	0.43011	0.5	0.45192	0.43307	0.47826	0.49505	0.47312	0.48913	0.48624	0.43089	0.48837	0.4878	0.48936	0.47917	0.43697	0.49451	0.36607	0.44444	0.48624	0.41748	0.46226	0.43333	0.44144	0.44578	0.48113	0.41837	0.5	0.5	0.45652	0.41935	0.49038	0.44186	0.46392	0.43011	0.46667	0.47573	0.46789	0.43158	0.48454	0.47778	0.48352	0.46535	0.38824	0.46296	0.44211	0.41667	0.48718	0.47573	0.49606	0.45238	0.47059	0.47126	0.48113	0.48148	0.45882	0.42609	0.4433	0.44231	0.49558
cell1	0.32593	0.31008	0.29412	0.34132	0.32824	0.28889	0.24359	0.344	0.37162	0.34646	0.34532	0.35294	0.30275	0.32886	0.27692	0.36765	0.29508	0.3871	0.30968	0.33793	0.24113	0.37762	0.32877	0.35461	0.31081	0.26891	0.37778	0.29371	0.33571	0.2963	0.35075	0.34711	0.3681	0.30612	0.2973	0.34722	0.37209	0.29134	0.34783	0.39496	0.32283	0.32174	0.33333	0.28	0.37931	0.32824	0.46667	0.32143	0.29167	0.36508	0.40441	0.28682	0.33333	0.3609	0.2541	0.36184	0.37037	0.31034	0.26761	0.35714	0.37984	0.35659	0.37037	0.32414	0.33858	0.39416	0.30833	0.34815	0.2439	0.34615	0.32847	0.34722	0.3007	0.38255	0.37607	0.36478	0.28889	0.36842	0.35878	0.33588	0.29412	0.36154	0.33784	0.35345	0.31356	0.30769	0.26351	0.31126	0.375	0.37594	0.36232	0.33566	0.4	0.39062	0.27465	0.28676	0.35075	0.34711	0.40517	0.33333	0.38129	0.29545	0.33613	0.33858	0.28931	0.38621	0.36747	0.37576	0.34118	0.3169	0.3622	0.36364	0.35135	0.31496	0.3625	0.3254	0.27215	0.33333	0.35	0.36612	0.37313	0.38816	0.35583	0.3125	0.42857	0.32895	0.40645	0.36522	0.34266	0.29762	0.34043	0.41071	0.30973	0.31081	0.23404	0.38028	0.25926	0.31724	0.35669	0.29787	0.35417	0.22759	0.28906	0.34677	0.26606	0.37815	0.33333	0.36923	0.3209	0.26761	0.36364	0.26316	0.33333	0.29457	0.35862	0.34266	0.36885	0.3494	0.41525	0.34127	0.37725	0.34091	0.36025	0.46032	0.36508	0.35338	0.32308	0.37975	0.3	0.31061	0.36667	0.35606	0.30769	0.29078	0.37681	0.34507	0.29078	0.34058	0.31655	0.30827	0.34409	0.35664	0.34328	0.36029	0.35398	0.31148	0.38849	0.23485	0.35507	0.31655	0.4058	0.325	0.3625	0.29139	0.37903	0.26543	0.33582	0.3038	0.375	0.33557	0.31148	0.25926	0.31013	0.37594	0.34752	0.375	0.33113	0.37037	0.26429	0.3876	0.26087	0.33974	0.304	0.28387	0.375	0.33094	0.23276	0.28947	0.27344	0.26718	0.29897	0.30435	0.34559	0.30769	0.2381	0.41667	0.31852	0.34752	0.27586	0.41096	0.31973	0.33951	0.33333	0.25828	0.38406	0.32215	0.29268	0.25197	0.27941	0.35333	0.33333	0.35484	0.375	0.28448	0.44545	0.43529	0.46847	0.48571	0.48315	0.46667	0.48889	0.47475	0.46939	0.46	0.48101	0.49367	0.43056	0.44444	0.5	0.49351	0.42045	0.47312	0.49	0.47191	0.46667	0.47826	0.44706	0.47312	0.36458	0.37778	0.5	0.46512	0.43678	0.47826	0.47619	0.45833	0.46535	0.49425	0.46392	0.48235	0.45545	0.36709	0.47191	0.49474	0.48913	0.38614	0.3956	0.45556	0.47872	0.47872	0.42308	0.41748	0.48052	0.4881	0.42857	0.46512	0.46739	0.44086	0.48913	0.41026	0.48544	0.48315	0.32258	0.48148	0.45455	0.44444	0.42045	0.3985	0.41975	0.48113	0.42857	0.4433	0.49138	0.49438	0.43956	0.46602	0.47561	0.49462	0.42857	0.48315	0.49495	0.47312	0.46067	0.46535	0.49462	0.5	0.43137	0.46809	0.48624	0.45833	0.48837	0.49495	0.46341	0.44248	0.45361	0.4382	0.47872	0.48454	0.49425	0.43373	0.44944	0.41509	0.46512	0.46753	0.45455	0.49438	0.45055	0.46237	0.48	0.49107	0.41975	0.44086	0.46154	0.49367	0.45055	0.43902	0.44	0.40659	0.45161	0.43182	0.46591	0.46667	0.49398	0.45349	0.4537	0.49495	0.49367	0.4878	0.44318	0.45055	0.47561	0.38272	0.4375	0.46789	0.47253	0.45679	0.48182	0.48958	0.47619	0.49107	0.48387	0.35211	0.47674	0.48958	0.4902	0.49462	0.5	0.46154	0.49425	0.43182	0.46847	0.46	0.40541	0.38202	0.48193	0.43678	0.45161	0.5	0.47297	0.49541	0.41772	0.5	0.47059	0.4359	0.45161	0.45283	0.44211	0.46512	0.43966	0.40659	0.46875	0.46957	0.44578	0.48544	0.45652	0.43333	0.46591	0.48837	0.47059	0.45	0.46465	0.40964	0.46078	0.47959	0.48421	0.48837	0.47872	0.47664	0.46753	0.42553	0.48454	0.40659	0.3913	0.42268	0.4898	0.47917	0.45455	0.4321	0.39437	0.5	0.39326	0.42308	0.40777	0.45833	0.48958	0.43333	0.46667	0.46591	0.46729	0.45192	0.47312	0.47525	0.47059	0.45238	0.48913	0.43299	0.46087	0.48864	0.42697	0.5	0.49515	0.47826	0.41429	0.45263	0.46	0.5	0.3913	0.40741	0.43011	0.48101	0.46296	0.49515	0.49462	0.44872	0.40698	0.45455	0.40323	0.48315	0.4186	0.48077	0.46226	0.4557	0.47727	0.44681	0.39362	0.4881	0.45536	0.4	0.46154	0.5	0.49451	0.40217	0.42353	0.36709	0.49	0.44681	0.43678	0.49515
cell2	0.27517	0.31667	0.30675	0.34715	0.25843	0.35862	0.38312	0.30323	0.38849	0.30435	0.34568	0.23034	0.34507	0.30864	0.32143	0.34416	0.32	0.32237	0.33333	0.33083	0.35484	0.35404	0.33125	0.32867	0.35366	0.29348	0.35664	0.38323	0.33939	0.31646	0.33775	0.3875	0.34756	0.35758	0.33333	0.3245	0.35172	0.29032	0.38406	0.37037	0.30921	0.30345	0.30323	0.38217	0.34211	0.3806	0.45	0.26506	0.37415	0.33108	0.29496	0.34058	0.36879	0.35897	0.36646	0.38849	0.34545	0.4026	0.34395	0.37162	0.26316	0.28	0.29878	0.3758	0.36709	0.2971	0.31544	0.3557	0.37584	0.35099	0.3522	0.38194	0.36686	0.34545	0.4	0.35099	0.27564	0.35811	0.40491	0.33803	0.28161	0.37037	0.31351	0.34821	0.30714	0.36129	0.32692	0.31944	0.27778	0.41935	0.30233	0.31953	0.41259	0.29801	0.38509	0.28931	0.29167	0.28767	0.36029	0.32716	0.38624	0.34416	0.36242	0.34911	0.30075	0.28662	0.35065	0.38095	0.36691	0.34043	0.32	0.375	0.3557	0.33918	0.32716	0.32692	0.31447	0.26064	0.27737	0.31429	0.36943	0.37037	0.34783	0.29697	0.27097	0.32727	0.2973	0.39726	0.32335	0.3121	0.3268	0.29861	0.35897	0.33898	0.33103	0.36774	0.30055	0.26708	0.30409	0.30939	0.32948	0.37908	0.30872	0.39752	0.375	0.23358	0.35664	0.34161	0.32632	0.36	0.29936	0.32558	0.30337	0.29605	0.375	0.37725	0.33562	0.36806	0.31847	0.3481	0.30994	0.28477	0.37705	0.34132	0.39873	0.31707	0.325	0.29834	0.34507	0.3522	0.40373	0.34884	0.29801	0.31915	0.3209	0.35404	0.30387	0.30719	0.31361	0.26277	0.33333	0.34395	0.37576	0.31609	0.34228	0.31361	0.27381	0.38323	0.42767	0.32948	0.34074	0.30769	0.35556	0.32432	0.34302	0.33784	0.30539	0.33113	0.3526	0.36686	0.34667	0.28571	0.34706	0.32	0.30247	0.36364	0.31655	0.27545	0.30172	0.36301	0.29861	0.37584	0.36691	0.3125	0.34783	0.31765	0.29878	0.34839	0.29078	0.4	0.2963	0.33939	0.33333	0.32026	0.42391	0.37903	0.27711	0.31081	0.25	0.35359	0.41139	0.35616	0.3253	0.29825	0.38889	0.3522	0.33088	0.35928	0.37405	0.3986	0.29054	0.40876	0.41844	0.3743	0.45161	0.47619	0.47	0.45045	0.43103	0.47273	0.48515	0.46087	0.47414	0.45545	0.47619	0.48193	0.4386	0.40206	0.48421	0.46226	0.47321	0.48333	0.49573	0.48544	0.45283	0.5	0.46875	0.46296	0.4717	0.48387	0.47423	0.48544	0.49515	0.48958	0.4902	0.5	0.43939	0.47664	0.41748	0.44898	0.48352	0.49451	0.44898	0.48148	0.49495	0.48387	0.38	0.45455	0.45161	0.48	0.39474	0.44144	0.46789	0.46667	0.42342	0.41284	0.49515	0.4375	0.35644	0.37895	0.4321	0.47674	0.40909	0.49573	0.47368	0.44068	0.43564	0.48421	0.45283	0.47727	0.46018	0.46018	0.424	0.48515	0.47423	0.47706	0.45652	0.4381	0.44554	0.45679	0.49091	0.48598	0.46789	0.45455	0.39252	0.49451	0.44954	0.46078	0.43269	0.47573	0.4955	0.4898	0.4403	0.46154	0.4	0.46364	0.47273	0.41176	0.49474	0.5	0.46078	0.47525	0.49107	0.47273	0.46087	0.48571	0.4386	0.45802	0.41935	0.5	0.48913	0.49438	0.47475	0.48438	0.46739	0.43878	0.45918	0.48193	0.40541	0.44231	0.43038	0.41593	0.47706	0.43689	0.35644	0.49091	0.48387	0.44444	0.43564	0.48696	0.49107	0.46392	0.46535	0.45299	0.47059	0.42017	0.48739	0.5	0.4955	0.46429	0.44444	0.45192	0.48864	0.46078	0.47273	0.45872	0.4902	0.41414	0.48571	0.4902	0.48421	0.44037	0.49524	0.47826	0.48315	0.44681	0.5	0.49462	0.4878	0.48624	0.46591	0.42735	0.38182	0.5	0.47	0.48315	0.46512	0.49558	0.44792	0.43878	0.36364	0.44248	0.45918	0.45133	0.40625	0.42308	0.44118	0.47414	0.38554	0.46903	0.49462	0.48673	0.49524	0.48515	0.43103	0.49541	0.37931	0.496	0.4717	0.48333	0.45349	0.44681	0.42308	0.47959	0.47788	0.49515	0.48	0.4434	0.47368	0.42982	0.43137	0.44737	0.46341	0.49541	0.41748	0.46	0.4661	0.45161	0.475	0.45745	0.3908	0.47959	0.46667	0.49565	0.48598	0.49541	0.45536	0.45794	0.5	0.47273	0.45455	0.48624	0.48148	0.45283	0.42553	0.47934	0.47154	0.46053	0.5	0.49398	0.46	0.45714	0.47115	0.45283	0.44792	0.44231	0.49167	0.46226	0.47059	0.43	0.46903	0.48148	0.43678	0.39823	0.42342	0.42991	0.47748	0.43478	0.48889	0.42593	0.42105	0.5	0.46226	0.46535	0.48333	0.46512	0.44882	0.47009
cell3	0.4878	0.46809	0.43885	0.45455	0.45395	0.44444	0.4898	0.45513	0.44595	0.45238	0.47183	0.48031	0.48507	0.46154	0.45455	0.3985	0.47857	0.46154	0.46711	0.49231	0.44516	0.46094	0.44262	0.49206	0.44355	0.4	0.49167	0.48921	0.47742	0.48592	0.46043	0.5	0.49612	0.46154	0.47482	0.43165	0.5	0.44755	0.49359	0.47333	0.46259	0.49057	0.45968	0.44186	0.42623	0.49242	0.475	0.37561	0.31034	0.27523	0.30631	0.38265	0.31356	0.35319	0.3301	0.33508	0.34513	0.33333	0.38265	0.3786	0.32195	0.32836	0.33333	0.35211	0.32836	0.42246	0.28804	0.32407	0.34862	0.39683	0.31683	0.34562	0.40654	0.30882	0.38068	0.0	0.0	0.0	0.0	0.0	0.0	0.0	0.0	0.0	0.0	0.0	0.0	0.01408	0.0	0.0	0.49664	0.41538	0.42857	0.49315	0.39098	0.44444	0.49306	0.45038	0.48227	0.46939	0.4698	0.46528	0.47727	0.45205	0.49007	0.46154	0.47059	0.43662	0.49265	0.47552	0.48252	0.38854	0.44853	0.49624	0.48227	0.4965	0.45833	0.4939	0.47059	0.48521	0.48175	0.4878	0.44242	0.45752	0.48148	0.48571	0.43243	0.44578	0.48	0.46763	0.46923	0.47368	0.47863	0.46429	0.46377	0.48571	0.47305	0.48905	0.46457	0.47917	0.44275	0.48227	0.49342	0.46853	0.5	0.47143	0.46617	0.44286	0.46875	0.49194	0.47101	0.43262	0.49231	0.45714	0.49655	0.44604	0.45695	0.47407	0.47541	0.47826	0.43919	0.5	0.5	0.45736	0.39062	0.44144	0.46763	0.48077	0.48993	0.4094	0.44056	0.4322	0.49606	0.48529	0.49219	0.46753	0.45985	0.40876	0.44828	0.45652	0.49167	0.41071	0.42105	0.48252	0.46835	0.45588	0.5	0.46617	0.46429	0.45517	0.45794	0.44595	0.47407	0.46358	0.46269	0.49697	0.42361	0.39583	0.43066	0.48936	0.46667	0.44531	0.45652	0.46939	0.45185	0.49342	0.46104	0.46452	0.46457	0.48921	0.43972	0.49231	0.47328	0.49677	0.49635	0.4507	0.45038	0.49351	0.47651	0.46207	0.44361	0.44755	0.3931	0.43151	0.49612	0.47482	0.475	0.43802	0.45638	0.40964	0.47297	0.4507	0.49306	0.48077	0.45238	0.49306	0.47581	0.4472	0.48649	0.47692	0.38261	0.46622	0.46939	0.49689	0.44693	0.45588	0.45161	0.43511	0.45865	0.49664	0.48	0.5	0.47399	0.48092	0.47328	0.49333	0.5	0.47853	0.44961	0.48031	0.46377	0.40361	0.39535	0.47727	0.46479	0.46575	0.5	0.43448	0.48765	0.47009	0.47205	0.48413	0.47771	0.41611	0.44681	0.47222	0.47273	0.46	0.47101	0.48214	0.48438	0.4963	0.48667	0.48366	0.44361	0.48299	0.45455	0.49689	0.43382	0.48765	0.46	0.47183	0.49664	0.44118	0.4586	0.42857	0.47761	0.49558	0.46853	0.48507	0.49194	0.43796	0.42105	0.44286	0.47183	0.46104	0.46099	0.4918	0.47273	0.48408	0.43077	0.49219	0.5	0.44961	0.4965	0.48201	0.45312	0.48837	0.47742	0.49593	0.4702	0.48718	0.47059	0.44681	0.48824	0.4569	0.44	0.42754	0.48062	0.46154	0.48855	0.43827	0.49669	0.47024	0.37255	0.5	0.49645	0.40667	0.47799	0.47712	0.44361	0.44079	0.42748	0.45139	0.4812	0.35652	0.46457	0.4472	0.46721	0.47183	0.43796	0.46154	0.49677	0.44366	0.49624	0.49635	0.49533	0.49359	0.41912	0.48062	0.5	0.43919	0.48462	0.45324	0.45324	0.49351	0.43333	0.44231	0.47619	0.45736	0.47403	0.45536	0.48092	0.44697	0.47692	0.46923	0.48947	0.5	0.44737	0.4958	0.49315	0.49286	0.48	0.4698	0.41322	0.49231	0.44966	0.47059	0.45255	0.49254	0.45455	0.488	0.48	0.39344	0.41481	0.48252	0.4252	0.48966	0.49306	0.48	0.46528	0.5	0.48366	0.4527	0.432	0.46795	0.47183	0.46746	0.42029	0.41844	0.46835	0.47333	0.43609	0.48837	0.48951	0.49673	0.46715	0.496	0.45926	0.44361	0.49324	0.46154	0.5	0.46667	0.46032	0.448	0.48305	0.48276	0.42636	0.42857	0.43478	0.49194	0.44853	0.4403	0.45528	0.44681	0.45528	0.46565	0.44615	0.44366	0.43651	0.47692	0.47682	0.4537	0.43885	0.48387	0.49664	0.46897	0.48352	0.46667	0.42647	0.49296	0.46053	0.44275	0.42958	0.44444	0.47799	0.4812	0.48936	0.49342	0.46774	0.49296	0.47458	0.47445	0.4702	0.47742	0.48921	0.44898	0.46961	0.4964	0.44444	0.46847	0.4964	0.47619	0.49612	0.45588	0.49286	0.44828	0.49057	0.45342	0.46429	0.48485	0.44521	0.46875	0.48	0.49689	0.44828	0.41935	0.45324	0.45	0.49265	0.43506	0.42593	0.44444	0.47917	0.43651	0.40179	0.49711
cell4	0.35714	0.36691	0.40426	0.31111	0.27972	0.35404	0.32258	0.32778	0.36242	0.29878	0.27517	0.37908	0.38356	0.34437	0.29193	0.38509	0.36025	0.4026	0.26705	0.34437	0.36943	0.34641	0.32394	0.34641	0.3245	0.32927	0.29134	0.27215	0.3121	0.32468	0.31452	0.32117	0.32593	0.35294	0.40351	0.31724	0.28169	0.33523	0.36774	0.36054	0.31868	0.34459	0.35	0.2957	0.25954	0.32432	0.32824	0.35526	0.36306	0.37086	0.26277	0.3125	0.35032	0.27329	0.30137	0.33333	0.35404	0.31034	0.34028	0.28758	0.29861	0.37838	0.3741	0.33533	0.34375	0.37607	0.36111	0.37405	0.38217	0.29114	0.32955	0.36649	0.28723	0.32653	0.25362	0.33553	0.34459	0.32414	0.30769	0.35152	0.27673	0.30968	0.28994	0.28571	0.32624	0.312	0.36429	0.30263	0.37888	0.32877	0.30247	0.30935	0.34307	0.35849	0.35484	0.28302	0.33708	0.27108	0.27389	0.31579	0.35714	0.32704	0.37956	0.33566	0.375	0.41085	0.3557	0.35616	0.34694	0.39416	0.29114	0.30588	0.34911	0.33594	0.35593	0.33333	0.34682	0.32716	0.33516	0.33684	0.32704	0.25954	0.3522	0.35795	0.38235	0.36145	0.30508	0.33846	0.34211	0.3125	0.3985	0.41259	0.28472	0.35404	0.33813	0.30667	0.32759	0.32867	0.27684	0.28859	0.31548	0.29932	0.38562	0.32919	0.30822	0.35897	0.34839	0.28302	0.41243	0.29487	0.37278	0.40127	0.34868	0.32099	0.33766	0.38764	0.31818	0.35507	0.40157	0.36527	0.33702	0.27097	0.30769	0.39726	0.30822	0.30464	0.30573	0.29487	0.3949	0.34463	0.36552	0.38506	0.32215	0.30719	0.35507	0.32624	0.35795	0.34615	0.36054	0.3758	0.37226	0.33793	0.33557	0.29936	0.40816	0.37952	0.31481	0.35714	0.34375	0.36486	0.32061	0.33548	0.35862	0.34524	0.37778	0.30286	0.31677	0.31293	0.27972	0.33333	0.34302	0.34247	0.31138	0.31646	0.26087	0.32432	0.35714	0.35676	0.30612	0.3012	0.38462	0.31928	0.35673	0.38194	0.29412	0.35099	0.28889	0.32911	0.41447	0.33125	0.34058	0.39375	0.34615	0.35443	0.28488	0.31915	0.38462	0.36943	0.33526	0.2349	0.30588	0.37342	0.29801	0.35294	0.39865	0.39333	0.26752	0.32447	0.29412	0.24691	0.35821	0.36567	0.33553	0.34437	0.4878	0.44262	0.43802	0.46237	0.43478	0.47581	0.48544	0.49153	0.46667	0.45714	0.42727	0.42697	0.44792	0.4434	0.46939	0.5	0.48544	0.42857	0.43396	0.47115	0.43443	0.5	0.45833	0.43299	0.43443	0.4381	0.39362	0.45192	0.48571	0.43478	0.44915	0.45161	0.49533	0.49474	0.49495	0.47581	0.49587	0.41414	0.45794	0.41379	0.46809	0.36735	0.46729	0.44898	0.3913	0.49057	0.43434	0.49057	0.46847	0.46809	0.49524	0.47826	0.44954	0.39785	0.47009	0.45918	0.48077	0.47664	0.49462	0.44444	0.47368	0.48246	0.47959	0.45045	0.47656	0.42982	0.45192	0.44954	0.49533	0.48454	0.48113	0.48889	0.47191	0.44444	0.48421	0.45631	0.44444	0.46	0.45669	0.41414	0.47475	0.45783	0.4375	0.49425	0.48889	0.41905	0.48958	0.49533	0.47525	0.48819	0.46789	0.41509	0.45669	0.47115	0.42157	0.49515	0.42697	0.48598	0.43529	0.48889	0.42857	0.48276	0.42105	0.48077	0.49451	0.48113	0.49505	0.47967	0.5	0.46602	0.47525	0.4557	0.45283	0.39286	0.46667	0.46296	0.44762	0.44762	0.48039	0.48246	0.45045	0.47368	0.42342	0.48235	0.48387	0.43636	0.5	0.4878	0.46491	0.4434	0.48864	0.48739	0.48361	0.45361	0.4	0.42529	0.48673	0.4486	0.42857	0.48673	0.47312	0.43434	0.49057	0.41905	0.43	0.47525	0.49153	0.45055	0.43478	0.45455	0.49	0.47059	0.36538	0.46465	0.35577	0.41667	0.49438	0.47115	0.48739	0.46729	0.38272	0.46988	0.43011	0.49485	0.43269	0.45161	0.49057	0.46789	0.5	0.47244	0.48387	0.47619	0.47619	0.48889	0.48148	0.46739	0.4881	0.47312	0.45385	0.43564	0.48148	0.48936	0.46281	0.49573	0.49	0.48598	0.47917	0.48	0.48214	0.48315	0.4955	0.49573	0.5	0.45882	0.48958	0.43689	0.48571	0.49074	0.48315	0.36364	0.47727	0.49107	0.48864	0.43299	0.41121	0.48529	0.46591	0.45918	0.46	0.48214	0.44554	0.48958	0.40594	0.42857	0.5	0.4717	0.39175	0.49495	0.46575	0.48544	0.40625	0.5	0.49612	0.45238	0.46237	0.49438	0.46392	0.49485	0.44086	0.43434	0.48958	0.48696	0.49	0.4	0.44118	0.49541	0.45055	0.43137	0.46316	0.4486	0.44954	0.48	0.5	0.48649	0.47887	0.49573	0.46591	0.40196	0.49495	0.45631	0.4717	0.48	0.45802	0.47107
cell5	0.46154	0.43478	0.5	0.48214	0.38776	0.45455	0.46341	0.49367	0.49451	0.48718	0.4875	0.48276	0.47126	0.44444	0.38028	0.46429	0.48684	0.49351	0.4	0.44737	0.38028	0.47887	0.43662	0.39474	0.41667	0.44776	0.43902	0.44286	0.48936	0.45652	0.46739	0.45455	0.42857	0.45263	0.5	0.32394	0.35065	0.48936	0.48684	0.37864	0.47959	0.48684	0.49398	0.49495	0.45745	0.47423	0.31081	0.35256	0.35965	0.31933	0.32812	0.28571	0.31847	0.36735	0.32168	0.34821	0.39048	0.29333	0.35606	0.34109	0.34677	0.37209	0.29839	0.25	0.25	0.275	0.33065	0.26724	0.29697	0.27815	0.37037	0.33333	0.29323	0.39496	0.31579	0.0	0.0122	0.0	0.0	0.0	0.0	0.0	0.0	0.0	0.5	0.5	0.5	0.0	0.0	0.0	0.47619	0.5	0.47887	0.48193	0.3375	0.4875	0.46392	0.37647	0.5	0.41573	0.44872	0.46667	0.5	0.48454	0.475	0.45977	0.4058	0.39189	0.46316	0.42857	0.44595	0.42683	0.45	0.48148	0.39773	0.47059	0.44211	0.41667	0.41667	0.45631	0.46875	0.45361	0.48421	0.3913	0.46316	0.36842	0.49505	0.4537	0.41463	0.41053	0.49254	0.46341	0.4625	0.47436	0.33333	0.47826	0.49425	0.38	0.41772	0.47423	0.48052	0.44643	0.45745	0.4186	0.4507	0.48837	0.4186	0.44828	0.45098	0.48837	0.5	0.46154	0.46739	0.44186	0.5	0.47312	0.47619	0.42697	0.45714	0.48611	0.42529	0.45918	0.46237	0.49398	0.42169	0.34177	0.48315	0.42	0.44048	0.47126	0.40506	0.47191	0.46053	0.45312	0.45	0.46988	0.48	0.42045	0.4955	0.46667	0.46154	0.4186	0.5	0.48958	0.38235	0.47368	0.44898	0.41892	0.42857	0.5	0.4557	0.49398	0.5	0.48515	0.47778	0.4382	0.5	0.43617	0.48352	0.42169	0.46269	0.45349	0.47872	0.49462	0.42453	0.43284	0.4898	0.49451	0.48235	0.5	0.43478	0.44706	0.42169	0.43023	0.47887	0.45122	0.5	0.45455	0.45205	0.46914	0.48193	0.4375	0.47887	0.48315	0.42718	0.48235	0.48454	0.49438	0.44211	0.48837	0.5	0.45161	0.49438	0.39189	0.4625	0.4881	0.49438	0.47826	0.4881	0.44872	0.375	0.45833	0.47872	0.44186	0.44304	0.48193	0.47368	0.49412	0.48193	0.49515	0.44048	0.49425	0.42529	0.47959	0.49383	0.47826	0.42169	0.47312	0.43023	0.45745	0.45055	0.43269	0.47619	0.46053	0.35789	0.4382	0.47253	0.47253	0.49367	0.49315	0.43373	0.44318	0.48276	0.46667	0.43529	0.49	0.48598	0.35714	0.43158	0.5	0.49474	0.4875	0.4	0.43158	0.4625	0.4321	0.37838	0.44048	0.4321	0.475	0.40625	0.49485	0.44554	0.5	0.38028	0.45679	0.49398	0.48148	0.41558	0.46575	0.4	0.44737	0.48837	0.45205	0.44681	0.49558	0.44615	0.47619	0.46914	0.45349	0.47059	0.48529	0.46154	0.48571	0.41176	0.49462	0.45833	0.48315	0.49474	0.47222	0.4878	0.49485	0.47619	0.47191	0.49451	0.48649	0.48193	0.42466	0.43396	0.42353	0.46429	0.45349	0.48235	0.5	0.35789	0.46512	0.46341	0.45783	0.33333	0.44318	0.46809	0.42353	0.38824	0.49351	0.46667	0.43038	0.37288	0.4878	0.3913	0.46512	0.45977	0.46667	0.45	0.46667	0.46479	0.45745	0.47674	0.48889	0.5	0.47143	0.40659	0.47368	0.46512	0.41772	0.49231	0.5	0.45333	0.47872	0.48611	0.49383	0.48718	0.47059	0.45122	0.49398	0.42466	0.49438	0.45299	0.46154	0.34177	0.40594	0.47525	0.48529	0.49383	0.48889	0.42683	0.41772	0.48889	0.47872	0.49438	0.47525	0.47222	0.49505	0.46154	0.43333	0.48052	0.5	0.43956	0.5	0.36782	0.47561	0.42683	0.4875	0.41333	0.48235	0.44318	0.47561	0.5	0.4881	0.45745	0.4878	0.38462	0.48421	0.43421	0.46392	0.47059	0.45714	0.47059	0.46512	0.47917	0.4878	0.41975	0.41463	0.46914	0.42029	0.47	0.48148	0.39773	0.43564	0.5	0.46835	0.42857	0.46835	0.5	0.41975	0.4625	0.47191	0.46392	0.46667	0.49296	0.43617	0.44928	0.36585	0.48148	0.44828	0.48958	0.47761	0.41772	0.47561	0.44444	0.43373	0.49315	0.41975	0.49383	0.40244	0.46377	0.45333	0.44944	0.46939	0.41489	0.5	0.48529	0.42222	0.38571	0.48718	0.47917	0.46341	0.47368	0.46341	0.47778	0.44304	0.42857	0.48936	0.42308	0.44	0.4375	0.44444	0.49485	0.475	0.48	0.49412	0.5	0.4058	0.45455	0.45556	0.45	0.5	0.49057	0.41463	0.48352	0.5	0.47619	0.46429	0.44	0.42683	0.49	0.35294	0.48936	0.48889
cell6	0.35714	0.35	0.295	0.34951	0.30102	0.31019	0.29412	0.31863	0.3381	0.29851	0.37143	0.31818	0.37423	0.30846	0.33846	0.34615	0.38743	0.31818	0.32558	0.37864	0.29648	0.27358	0.29798	0.32979	0.34973	0.32828	0.31694	0.35196	0.31351	0.32804	0.35955	0.31609	0.33186	0.34848	0.31858	0.3285	0.34343	0.32821	0.30702	0.3381	0.27225	0.32584	0.42439	0.36408	0.37383	0.37553	0.30114	0.34597	0.31579	0.40343	0.32857	0.30412	0.36098	0.33659	0.32487	0.35185	0.3285	0.35455	0.32292	0.37864	0.33333	0.33333	0.3587	0.3886	0.28708	0.34483	0.28261	0.31613	0.30178	0.27835	0.34343	0.32673	0.35096	0.26036	0.28409	0.36364	0.33136	0.4058	0.29231	0.31163	0.29834	0.33495	0.3304	0.29651	0.33333	0.35602	0.35909	0.34171	0.34112	0.28889	0.31579	0.25946	0.30612	0.31053	0.34375	0.37799	0.34518	0.34483	0.34359	0.35874	0.35714	0.34615	0.33846	0.37306	0.3211	0.36986	0.37273	0.2765	0.29744	0.34463	0.39011	0.39306	0.3981	0.33136	0.34685	0.39645	0.36279	0.29545	0.32536	0.34483	0.26882	0.37981	0.32967	0.27755	0.34197	0.33333	0.30319	0.33019	0.35577	0.32164	0.3089	0.35644	0.32579	0.34872	0.34146	0.38235	0.30435	0.38288	0.28889	0.35897	0.35047	0.35644	0.33668	0.31982	0.3027	0.37879	0.27979	0.31579	0.34685	0.28796	0.36946	0.28042	0.30102	0.31792	0.28837	0.35349	0.34021	0.3352	0.325	0.34615	0.27039	0.36634	0.31628	0.33971	0.38071	0.27072	0.33333	0.33971	0.35233	0.38418	0.31351	0.37156	0.30319	0.27895	0.28743	0.37264	0.39512	0.32432	0.311	0.28796	0.25281	0.29744	0.35714	0.37313	0.29442	0.31188	0.36139	0.35545	0.31016	0.35681	0.34161	0.32778	0.30583	0.37778	0.34715	0.30097	0.38384	0.42654	0.33831	0.29577	0.31285	0.3	0.27619	0.37209	0.40796	0.30412	0.32143	0.32039	0.33168	0.25269	0.33668	0.31731	0.29	0.2973	0.38571	0.3057	0.31313	0.34555	0.33816	0.34973	0.35385	0.35567	0.28571	0.32642	0.36199	0.34239	0.30052	0.37097	0.36508	0.395	0.34597	0.29651	0.33641	0.3587	0.31959	0.27723	0.30851	0.33058	0.40887	0.30732	0.31892	0.32258	0.30769	0.31556	0.44681	0.47727	0.47887	0.43382	0.48571	0.43571	0.45378	0.47297	0.48718	0.43972	0.48462	0.47826	0.45736	0.47973	0.44776	0.44954	0.47887	0.49664	0.47826	0.47934	0.45283	0.46565	0.45802	0.46032	0.44366	0.44144	0.42222	0.47967	0.44218	0.37719	0.49138	0.42105	0.45652	0.41905	0.45985	0.45517	0.47407	0.45614	0.43949	0.49057	0.44068	0.47101	0.47154	0.45865	0.49231	0.5	0.47826	0.47015	0.49194	0.4486	0.47761	0.49242	0.48438	0.41176	0.5	0.48201	0.45833	0.475	0.4812	0.47107	0.46207	0.43972	0.43478	0.48993	0.47552	0.5	0.49324	0.49219	0.49057	0.48507	0.41176	0.48551	0.49606	0.38793	0.47727	0.41905	0.47857	0.48	0.49398	0.48	0.47794	0.47656	0.49593	0.48696	0.47899	0.46154	0.48	0.41803	0.4963	0.48101	0.47899	0.47899	0.48571	0.43478	0.42202	0.47541	0.48305	0.49242	0.43357	0.48529	0.48252	0.48077	0.45192	0.4963	0.48819	0.49324	0.44715	0.42636	0.46512	0.48684	0.44444	0.44444	0.45	0.40952	0.464	0.38211	0.47009	0.45588	0.48905	0.44961	0.44	0.464	0.46825	0.49242	0.46825	0.48951	0.48819	0.46341	0.49618	0.46667	0.48039	0.49624	0.4375	0.44056	0.4918	0.5	0.46259	0.44828	0.45161	0.44203	0.47458	0.42149	0.47742	0.48252	0.42568	0.46825	0.47222	0.44286	0.42647	0.49606	0.45082	0.39823	0.5	0.46575	0.47015	0.46565	0.48361	0.45455	0.46939	0.49206	0.44882	0.46957	0.46923	0.45082	0.44118	0.36885	0.49254	0.45752	0.5	0.48052	0.42017	0.47651	0.46094	0.43939	0.45902	0.48246	0.4958	0.48696	0.48299	0.49606	0.47742	0.49474	0.48592	0.4527	0.4812	0.47586	0.47761	0.48062	0.49606	0.48201	0.47887	0.49242	0.40458	0.44828	0.41026	0.48333	0.44681	0.46565	0.46207	0.47727	0.47445	0.47761	0.49624	0.42336	0.48921	0.5	0.46087	0.48921	0.41406	0.46667	0.48507	0.48667	0.48413	0.48966	0.42975	0.4186	0.45045	0.46853	0.5	0.4569	0.44186	0.488	0.45185	0.48485	0.44361	0.47287	0.49275	0.44526	0.43697	0.44	0.48361	0.46528	0.46875	0.45045	0.44	0.47101	0.43151	0.4569	0.48529	0.45865	0.48592	0.48299	0.49153	0.46341	0.48507	0.4876	0.49587	0.4403	0.5	0.44068	0.47857	0.4322	0.43548	0.5
cell7	0.40244	0.44706	0.46154	0.49138	0.48305	0.44828	0.47273	0.48696	0.47191	0.47368	0.48113	0.46789	0.49383	0.5	0.42424	0.48413	0.42	0.41346	0.44715	0.47059	0.42857	0.48718	0.46491	0.4569	0.47727	0.36364	0.48598	0.35644	0.46226	0.46465	0.5	0.4434	0.48	0.48113	0.46226	0.47	0.43243	0.49425	0.47748	0.45669	0.47107	0.48	0.46512	0.40206	0.48598	0.37963	0.47115	0.30337	0.32121	0.36585	0.3	0.37241	0.33735	0.34756	0.29885	0.31707	0.33714	0.33333	0.29193	0.36364	0.3037	0.36478	0.38728	0.32903	0.33728	0.32298	0.34682	0.2987	0.37419	0.36047	0.27891	0.35	0.30928	0.32704	0.37681	0.0	0.0	0.0	0.0	0.0	0.0	0.0	0.0	0.0	0.0	0.0	0.0	0.0	0.0	0.0	0.48454	0.42453	0.45263	0.46552	0.47656	0.496	0.47458	0.45349	0.46	0.42636	0.46032	0.43902	0.48936	0.4	0.46903	0.49515	0.49515	0.42149	0.45833	0.45263	0.48905	0.49573	0.49123	0.42697	0.49541	0.49505	0.46429	0.48485	0.45299	0.45736	0.44681	0.49038	0.46939	0.48837	0.49107	0.47664	0.47899	0.47917	0.4433	0.48	0.4717	0.48454	0.42373	0.46154	0.43878	0.47788	0.48333	0.48649	0.47009	0.46535	0.48515	0.45833	0.42202	0.40404	0.44444	0.46491	0.49383	0.49123	0.46032	0.46729	0.46591	0.4466	0.47573	0.48864	0.48214	0.48305	0.42424	0.44737	0.5	0.47727	0.46364	0.44545	0.47009	0.44167	0.47778	0.45299	0.47321	0.46552	0.42478	0.49	0.45745	0.47748	0.3494	0.44231	0.49451	0.48544	0.49565	0.46957	0.46491	0.44048	0.45455	0.47525	0.4466	0.48352	0.42857	0.4955	0.42857	0.44118	0.49573	0.45528	0.48571	0.46512	0.4381	0.4878	0.46667	0.49153	0.416	0.46729	0.45361	0.44318	0.475	0.44898	0.39815	0.47863	0.48673	0.45714	0.49565	0.45985	0.42683	0.46535	0.46739	0.46774	0.46429	0.46154	0.4	0.42969	0.47312	0.48462	0.48718	0.47619	0.48101	0.3301	0.47967	0.43299	0.4252	0.46809	0.43	0.49462	0.43119	0.4902	0.46087	0.44444	0.40187	0.48305	0.45631	0.49533	0.47115	0.47619	0.45192	0.49485	0.44444	0.464	0.48039	0.48454	0.42991	0.46491	0.40594	0.4902	0.47423	0.48544	0.49541	0.46875	0.44248	0.48649	0.38384	0.49485	0.49565	0.40196	0.4898	0.46087	0.48485	0.49587	0.43966	0.47934	0.43011	0.47273	0.48515	0.5	0.48182	0.46552	0.44643	0.46364	0.47273	0.40909	0.44715	0.46226	0.48	0.43617	0.47863	0.47	0.47748	0.45161	0.4902	0.45133	0.47107	0.42609	0.5	0.48718	0.45361	0.4966	0.49107	0.48696	0.39474	0.48485	0.43103	0.5	0.48696	0.44144	0.48113	0.49074	0.42537	0.49515	0.38462	0.4876	0.46018	0.47107	0.4537	0.48544	0.49206	0.41667	0.46809	0.47899	0.42391	0.47244	0.49558	0.48598	0.46729	0.46809	0.46667	0.4878	0.46535	0.49315	0.48214	0.43925	0.46465	0.48889	0.49587	0.49533	0.48276	0.47475	0.46237	0.46377	0.46087	0.48148	0.44231	0.48462	0.46364	0.43966	0.48276	0.48305	0.44828	0.45192	0.47321	0.49495	0.49167	0.48571	0.44444	0.47222	0.42593	0.5	0.48515	0.43478	0.49107	0.41667	0.49533	0.5	0.4717	0.41379	0.41772	0.47368	0.48077	0.49495	0.46087	0.46429	0.47619	0.43443	0.46602	0.40833	0.49524	0.47009	0.49	0.45192	0.47458	0.45802	0.46729	0.4898	0.45926	0.49495	0.47321	0.45794	0.47917	0.47191	0.5	0.375	0.4717	0.43478	0.43269	0.4386	0.44737	0.43434	0.47748	0.47059	0.41525	0.48515	0.48	0.45536	0.48276	0.46535	0.48361	0.41441	0.4	0.47191	0.4433	0.49074	0.46316	0.48387	0.45745	0.4375	0.35922	0.45	0.48936	0.47154	0.49593	0.47899	0.41584	0.44	0.41071	0.42222	0.45545	0.4537	0.46392	0.47321	0.46018	0.464	0.44144	0.5	0.47863	0.36735	0.48387	0.46491	0.48958	0.46296	0.47423	0.48544	0.47368	0.44954	0.48544	0.48352	0.48507	0.48113	0.45833	0.46774	0.47748	0.4569	0.49606	0.5	0.47458	0.4717	0.41593	0.3964	0.49524	0.42857	0.43689	0.46	0.48889	0.47917	0.5	0.38053	0.47059	0.49107	0.42982	0.47692	0.47436	0.48515	0.48113	0.5	0.46212	0.44444	0.49	0.42609	0.47619	0.49505	0.44086	0.46667	0.47525	0.47778	0.46535	0.48936	0.49541	0.39048	0.48	0.48544	0.42718	0.46078	0.49074	0.49612	0.34286	0.46729	0.48039	0.45614	0.48039	0.49242	0.45045	0.4537	0.49573	0.44681	0.45946	0.48276
cell8	0.49296	0.47692	0.44444	0.4507	0.46711	0.48503	0.46154	0.46763	0.44242	0.43243	0.48667	0.47742	0.42623	0.48649	0.48413	0.38938	0.49068	0.48936	0.45806	0.48175	0.48921	0.46043	0.44444	0.46575	0.47561	0.46243	0.49171	0.47205	0.44785	0.48256	0.47857	0.47183	0.48889	0.45833	0.49669	0.44828	0.44371	0.4726	0.45294	0.4717	0.48507	0.48966	0.46575	0.49645	0.44203	0.4539	0.48951	0.34783	0.35238	0.33962	0.25703	0.39544	0.31538	0.30973	0.32701	0.28959	0.31416	0.33607	0.31373	0.32895	0.33684	0.23967	0.30901	0.39207	0.38686	0.31944	0.29302	0.27885	0.29148	0.31651	0.31081	0.3304	0.36638	0.31088	0.33514	0.0	0.00758	0.0	0.0	0.0	0.0	0.0	0.0	0.01587	0.5	0.5	0.5	0.0	0.0	0.0	0.48201	0.47973	0.42361	0.4966	0.49711	0.44138	0.42069	0.48305	0.40719	0.43671	0.49375	0.496	0.4702	0.44898	0.49275	0.45806	0.49697	0.4625	0.48521	0.4759	0.47183	0.49359	0.43165	0.48387	0.46897	0.45139	0.45349	0.46951	0.46575	0.46061	0.43421	0.4939	0.44231	0.5	0.48649	0.46012	0.49697	0.48966	0.49383	0.48	0.47297	0.46154	0.46795	0.48966	0.43056	0.48649	0.49091	0.48905	0.48026	0.47297	0.49606	0.47097	0.47333	0.42675	0.43333	0.46707	0.48413	0.47799	0.48387	0.45455	0.46622	0.4702	0.39844	0.4875	0.43972	0.49057	0.47541	0.46715	0.46154	0.48611	0.47619	0.48936	0.4902	0.46667	0.48366	0.43452	0.4661	0.44571	0.48052	0.4539	0.4966	0.45283	0.4898	0.44667	0.4472	0.48734	0.48214	0.46154	0.44578	0.45775	0.49138	0.40288	0.48344	0.49697	0.41722	0.43624	0.48062	0.49677	0.45139	0.48462	0.48227	0.48462	0.45324	0.47541	0.45038	0.4863	0.4589	0.47682	0.46358	0.47799	0.45638	0.48077	0.48447	0.5	0.45238	0.48438	0.4698	0.44966	0.48951	0.41606	0.46452	0.44785	0.4964	0.48765	0.44898	0.46939	0.47059	0.45378	0.46259	0.44828	0.41176	0.47287	0.42105	0.46203	0.44586	0.5	0.47561	0.48718	0.46324	0.41667	0.48428	0.46043	0.46452	0.44444	0.48855	0.48466	0.46043	0.48718	0.47561	0.3961	0.44286	0.48466	0.44203	0.48101	0.47159	0.45395	0.5	0.47761	0.49432	0.5	0.4497	0.47205	0.47945	0.42149	0.48408	0.49645	0.47468	0.48148	0.47445	0.48125	0.49324	0.44025	0.46358	0.48235	0.45695	0.49032	0.47205	0.47097	0.41497	0.47742	0.47826	0.48052	0.47853	0.40588	0.47134	0.49068	0.48851	0.48855	0.47879	0.47468	0.48322	0.49143	0.49306	0.46853	0.47368	0.48125	0.43284	0.49375	0.41497	0.45806	0.46795	0.48175	0.43506	0.456	0.48936	0.49618	0.49677	0.3986	0.45578	0.48571	0.46259	0.44828	0.41129	0.49383	0.45399	0.49689	0.45455	0.48876	0.5	0.44755	0.4812	0.42667	0.48447	0.46701	0.40476	0.40123	0.44776	0.46809	0.49091	0.48905	0.46809	0.48795	0.5	0.46512	0.47857	0.46897	0.47929	0.48366	0.4702	0.46857	0.4507	0.44242	0.49618	0.48026	0.47273	0.49444	0.44355	0.48466	0.44928	0.42105	0.47857	0.5	0.47727	0.49635	0.44118	0.48227	0.42308	0.43709	0.45714	0.4717	0.41667	0.4702	0.45238	0.46479	0.47154	0.4966	0.48684	0.4527	0.47581	0.5	0.40141	0.47561	0.44516	0.42683	0.49375	0.42484	0.41606	0.42282	0.4322	0.43258	0.45775	0.40559	0.44253	0.48366	0.48538	0.4586	0.47312	0.49697	0.44776	0.41791	0.47682	0.49306	0.47518	0.38415	0.48667	0.47468	0.44928	0.49383	0.4702	0.43357	0.42568	0.48227	0.45946	0.47154	0.49315	0.5	0.49333	0.46875	0.4539	0.44379	0.49669	0.46207	0.48734	0.49677	0.45528	0.46512	0.41212	0.4902	0.5	0.48408	0.49359	0.49383	0.49635	0.46622	0.46269	0.46914	0.47333	0.48855	0.48201	0.46552	0.49635	0.46259	0.5	0.44444	0.48718	0.45528	0.43357	0.41341	0.44828	0.45806	0.4875	0.43836	0.49296	0.45455	0.44654	0.49057	0.44681	0.48592	0.47712	0.45736	0.45732	0.44643	0.47945	0.45528	0.44371	0.49333	0.48077	0.47619	0.45033	0.48718	0.49324	0.48701	0.49689	0.46897	0.48052	0.41139	0.45342	0.48905	0.48466	0.48252	0.47059	0.48125	0.48485	0.4472	0.47945	0.45695	0.45143	0.43624	0.47024	0.47518	0.4939	0.45946	0.46667	0.49265	0.46457	0.46835	0.46457	0.46809	0.47333	0.45578	0.44275	0.42748	0.48889	0.43796	0.49219	0.47445	0.46386	0.43137	0.43165	0.48485	0.48438	0.47368	0.44586	0.45098	0.42308	0.47857	0.46821	0.43038
cell9	0.40385	0.43182	0.44231	0.49474	0.46729	0.46296	0.49485	0.43878	0.41026	0.44444	0.43137	0.45455	0.46067	0.47619	0.47826	0.48544	0.42478	0.49485	0.44545	0.47727	0.43	0.46154	0.48515	0.46154	0.47619	0.40984	0.45918	0.49587	0.4717	0.45263	0.47312	0.43956	0.5	0.45968	0.42593	0.47253	0.44681	0.4898	0.46237	0.49398	0.46392	0.48039	0.46667	0.46154	0.47826	0.48936	0.47778	0.31875	0.31056	0.33333	0.36054	0.36184	0.33143	0.30675	0.30556	0.36601	0.29286	0.31818	0.36424	0.36646	0.38732	0.2956	0.33333	0.40397	0.27815	0.34167	0.34641	0.36585	0.32927	0.3741	0.31507	0.34091	0.25352	0.25342	0.2987	0.0	0.0	0.0	0.0	0.0	0.0	0.0	0.0	0.0	0.5	0.5	0.5	0.0	0.0	0.0	0.42553	0.45455	0.49123	0.49412	0.48387	0.49515	0.45378	0.4902	0.48454	0.46729	0.4569	0.43182	0.40777	0.40541	0.45652	0.40816	0.46281	0.48148	0.48454	0.44444	0.42308	0.46226	0.49153	0.48101	0.46067	0.43363	0.4958	0.49038	0.48421	0.46377	0.49451	0.45918	0.49153	0.46154	0.45745	0.49123	0.45263	0.49412	0.44538	0.41284	0.49074	0.45946	0.46729	0.47423	0.47312	0.46729	0.45161	0.44444	0.49038	0.48889	0.47222	0.49425	0.48571	0.48276	0.48837	0.41237	0.43836	0.49	0.45045	0.3908	0.48571	0.44444	0.43636	0.49	0.49524	0.44898	0.41758	0.40816	0.4186	0.48571	0.48739	0.48315	0.47619	0.43299	0.45833	0.47312	0.4086	0.48673	0.46078	0.47115	0.49412	0.47312	0.46875	0.42222	0.45631	0.48649	0.4898	0.40594	0.45238	0.47191	0.48889	0.45161	0.45055	0.46789	0.38947	0.43902	0.45918	0.5	0.48421	0.39604	0.45783	0.47059	0.4	0.48333	0.43564	0.46087	0.47899	0.5	0.45872	0.47222	0.45745	0.47573	0.45614	0.47414	0.47222	0.46667	0.48182	0.41176	0.46602	0.41176	0.39785	0.48958	0.46237	0.46667	0.5	0.4902	0.44444	0.42308	0.46154	0.44954	0.46667	0.43023	0.44737	0.42857	0.44538	0.46809	0.38947	0.48077	0.42241	0.49057	0.39252	0.5	0.47312	0.43925	0.44068	0.47475	0.49485	0.45902	0.49515	0.43333	0.43269	0.47727	0.5	0.42424	0.43689	0.49107	0.4375	0.46552	0.45263	0.47656	0.42391	0.44954	0.48913	0.41414	0.4486	0.47009	0.46667	0.45745	0.47573	0.44444	0.45283	0.42105	0.43478	0.4902	0.44681	0.47273	0.48936	0.48193	0.45263	0.45192	0.44167	0.48515	0.44715	0.48889	0.37143	0.48889	0.45833	0.5	0.47917	0.42276	0.47475	0.42697	0.46667	0.46067	0.46739	0.39785	0.46667	0.48913	0.49091	0.42105	0.46591	0.45631	0.46154	0.45455	0.43564	0.42308	0.47475	0.48485	0.48039	0.48696	0.38095	0.43299	0.46067	0.47727	0.40367	0.45217	0.48864	0.48276	0.4717	0.45652	0.49533	0.39252	0.48958	0.4486	0.45192	0.4717	0.45263	0.47191	0.48387	0.5	0.40566	0.39806	0.44037	0.47778	0.4386	0.37234	0.39316	0.45714	0.4086	0.5	0.49495	0.48182	0.37255	0.46552	0.47619	0.40385	0.46154	0.46237	0.42991	0.48315	0.48352	0.49451	0.41667	0.44545	0.47	0.49495	0.45238	0.46296	0.40404	0.48113	0.49333	0.49123	0.49	0.48113	0.47321	0.47619	0.42353	0.48113	0.49425	0.49462	0.44086	0.48958	0.48	0.49057	0.44211	0.48544	0.47059	0.3253	0.4958	0.45045	0.4958	0.48352	0.46667	0.47525	0.44444	0.47009	0.49153	0.46739	0.44944	0.46875	0.47126	0.47664	0.46479	0.49515	0.5	0.48387	0.47788	0.42697	0.49123	0.48598	0.48182	0.49038	0.5	0.37755	0.42391	0.4717	0.47826	0.47368	0.49	0.48276	0.45745	0.47899	0.48113	0.45556	0.46739	0.45545	0.48454	0.45545	0.46602	0.5	0.44554	0.44211	0.425	0.48182	0.46667	0.43678	0.43617	0.48864	0.49091	0.48913	0.43636	0.38318	0.46429	0.46	0.44545	0.46591	0.40625	0.47778	0.48315	0.48864	0.48214	0.47253	0.49123	0.45263	0.44828	0.46721	0.49	0.48485	0.48718	0.44444	0.48936	0.41667	0.4902	0.4875	0.45161	0.46939	0.46789	0.49	0.41176	0.45455	0.475	0.44444	0.45652	0.4918	0.44643	0.44954	0.47059	0.44348	0.39362	0.46789	0.45455	0.48958	0.45745	0.47778	0.4466	0.42268	0.49624	0.46875	0.46939	0.47573	0.47423	0.48837	0.48936	0.47619	0.48039	0.42574	0.48718	0.40449	0.4125	0.49	0.4	0.48	0.47917	0.46154	0.5	0.47475	0.49533	0.48113	0.44186	0.44	0.46512	0.45763	0.48515	0.48214	0.4955	0.43373	0.48624	0.48276
cell10	0.29126	0.36508	0.31915	0.29032	0.33019	0.29474	0.32	0.25532	0.31068	0.31818	0.38053	0.36538	0.34177	0.31858	0.34146	0.27907	0.30841	0.36111	0.35294	0.32787	0.32673	0.32653	0.3	0.33663	0.34343	0.36207	0.33333	0.36364	0.28571	0.19192	0.26667	0.32039	0.34	0.32075	0.27826	0.45045	0.33945	0.32407	0.30337	0.25556	0.36364	0.31633	0.31707	0.28155	0.36842	0.29787	0.37363	0.31959	0.35484	0.31633	0.31068	0.4876	0.38136	0.26446	0.39423	0.36047	0.4186	0.31633	0.29293	0.28829	0.32222	0.37374	0.31	0.34177	0.3125	0.38542	0.29897	0.3908	0.40566	0.38144	0.26596	0.34234	0.23364	0.375	0.28261	0.34831	0.29524	0.34259	0.36905	0.31646	0.28261	0.33645	0.29921	0.33673	0.37634	0.37895	0.32979	0.26415	0.35802	0.25	0.27778	0.37363	0.30097	0.2967	0.38843	0.22222	0.33684	0.27273	0.39583	0.38095	0.35106	0.33333	0.38824	0.32692	0.27451	0.30973	0.31313	0.34	0.37864	0.25882	0.2809	0.38372	0.28571	0.33696	0.28205	0.26667	0.3271	0.31183	0.30769	0.47015	0.27778	0.37815	0.33333	0.41	0.37383	0.30526	0.26724	0.38298	0.27723	0.325	0.34694	0.27835	0.29897	0.31	0.29091	0.30841	0.30841	0.35484	0.28155	0.32727	0.37037	0.29592	0.33028	0.32	0.32353	0.2716	0.35417	0.36036	0.38393	0.29293	0.32258	0.36667	0.3211	0.33333	0.38372	0.33645	0.21277	0.28696	0.35211	0.31933	0.26415	0.38525	0.29091	0.36364	0.35484	0.34118	0.26214	0.31068	0.45631	0.31633	0.33333	0.40179	0.42045	0.41176	0.32609	0.30159	0.39823	0.32039	0.41176	0.35417	0.38158	0.28704	0.25882	0.22936	0.32292	0.37	0.275	0.35	0.30894	0.30769	0.29787	0.325	0.30189	0.33673	0.43564	0.33684	0.33028	0.36111	0.25455	0.26596	0.2875	0.37895	0.36264	0.3625	0.42857	0.32727	0.27586	0.28125	0.38824	0.41975	0.32323	0.25664	0.27083	0.27711	0.41489	0.30973	0.29524	0.28261	0.42697	0.31646	0.30769	0.36893	0.29592	0.39796	0.38843	0.34409	0.30612	0.37963	0.34091	0.34286	0.26263	0.27368	0.34951	0.30612	0.34	0.3494	0.33058	0.38889	0.43678	0.28846	0.39175	0.29213	0.29245	0.31959	0.47945	0.3913	0.48485	0.45455	0.48	0.37879	0.46341	0.4625	0.4902	0.46269	0.41096	0.44776	0.45312	0.41935	0.48529	0.44	0.45455	0.5	0.49206	0.44	0.47458	0.46296	0.45205	0.44615	0.4	0.46032	0.46154	0.4557	0.49351	0.49153	0.46774	0.43038	0.475	0.47619	0.47273	0.4878	0.48485	0.44118	0.41892	0.41429	0.35484	0.41429	0.47887	0.48718	0.42424	0.47887	0.48276	0.47945	0.41071	0.46429	0.44118	0.46032	0.49275	0.39286	0.43396	0.49351	0.5	0.46154	0.48529	0.47887	0.47458	0.41558	0.49231	0.46774	0.44	0.46512	0.4697	0.45902	0.41096	0.46575	0.4127	0.47143	0.45333	0.42857	0.46429	0.49057	0.41667	0.35593	0.49231	0.47368	0.44737	0.4717	0.46032	0.48485	0.43421	0.47945	0.48276	0.41667	0.45	0.4625	0.4375	0.48052	0.43662	0.39241	0.38667	0.42466	0.47368	0.46154	0.47436	0.44444	0.46575	0.46667	0.47368	0.44643	0.46667	0.43243	0.45098	0.41791	0.48684	0.43662	0.46552	0.48101	0.49123	0.42105	0.46053	0.48611	0.44286	0.5	0.47143	0.48052	0.48529	0.43333	0.46575	0.4	0.44444	0.4375	0.46753	0.45614	0.37681	0.47297	0.5	0.375	0.41791	0.30769	0.36364	0.45614	0.45588	0.4375	0.4386	0.45902	0.49091	0.47143	0.45	0.47059	0.4507	0.47887	0.46154	0.49367	0.49091	0.49315	0.43939	0.49123	0.44262	0.46053	0.36364	0.49315	0.44444	0.41935	0.33333	0.42857	0.48333	0.49153	0.35714	0.47273	0.46377	0.40741	0.46753	0.49275	0.49275	0.41935	0.44262	0.48101	0.44615	0.44262	0.46667	0.38028	0.47761	0.45333	0.48387	0.39506	0.40625	0.46479	0.4625	0.47222	0.4	0.48101	0.42857	0.45763	0.46032	0.41818	0.4	0.47059	0.45205	0.41667	0.47619	0.4058	0.47619	0.46753	0.48148	0.47059	0.46341	0.4507	0.34615	0.48485	0.48333	0.38235	0.34043	0.4878	0.37313	0.41558	0.39474	0.3913	0.39394	0.47143	0.46429	0.49275	0.43662	0.44737	0.49254	0.42593	0.45833	0.47761	0.41935	0.49123	0.45679	0.44615	0.49254	0.39706	0.47297	0.47826	0.44898	0.4697	0.38596	0.41509	0.46575	0.49451	0.44828	0.39583	0.47541	0.41818	0.44872	0.45	0.4	0.45205	0.40541	0.48649	0.42667	0.38095	0.48214	0.45349	0.48571	0.46032	0.48571	0.49206
cell11	0.28	0.32941	0.27273	0.35714	0.26923	0.29545	0.34694	0.41573	0.2375	0.37984	0.35417	0.30508	0.30612	0.36082	0.32979	0.32184	0.41304	0.2809	0.30435	0.27473	0.36937	0.27826	0.31776	0.31405	0.30769	0.2451	0.36047	0.41489	0.33735	0.28261	0.40566	0.3587	0.36082	0.19481	0.39823	0.44828	0.29358	0.29762	0.26316	0.32407	0.42254	0.32979	0.32584	0.2809	0.26923	0.38947	0.40816	0.34783	0.30526	0.39535	0.28571	0.35484	0.32381	0.45455	0.34737	0.39394	0.32381	0.31868	0.36986	0.20792	0.28736	0.32609	0.31959	0.25	0.38095	0.34177	0.34066	0.40367	0.35165	0.27632	0.37895	0.33333	0.33333	0.34021	0.30682	0.4	0.42	0.32692	0.34314	0.22917	0.32558	0.36458	0.32727	0.30682	0.31633	0.45679	0.33708	0.38889	0.28235	0.28037	0.32075	0.2973	0.3375	0.25581	0.33333	0.28283	0.38889	0.32558	0.26829	0.28302	0.32353	0.275	0.39785	0.31522	0.45833	0.29885	0.35714	0.3587	0.38889	0.22727	0.29032	0.33333	0.26531	0.34043	0.40594	0.3617	0.27692	0.3125	0.25926	0.28099	0.32075	0.25532	0.29293	0.31	0.34091	0.25472	0.38835	0.36047	0.43925	0.48193	0.43529	0.34524	0.32653	0.29907	0.38462	0.3253	0.34951	0.36364	0.25	0.37634	0.41489	0.28409	0.24691	0.38636	0.25275	0.33784	0.39535	0.37778	0.39806	0.37079	0.36709	0.28283	0.35398	0.36449	0.28846	0.34091	0.23529	0.35398	0.3125	0.33696	0.26087	0.35294	0.26471	0.32407	0.27473	0.30137	0.32143	0.23958	0.25	0.25962	0.35802	0.32323	0.26804	0.27273	0.27473	0.30631	0.2551	0.25833	0.31429	0.29114	0.30488	0.31884	0.41935	0.35484	0.26042	0.33	0.26786	0.41176	0.34483	0.38614	0.31633	0.38462	0.30252	0.24771	0.37624	0.41237	0.33028	0.34118	0.34615	0.2967	0.33333	0.36449	0.35354	0.29167	0.29348	0.41905	0.33645	0.32632	0.28571	0.35052	0.26966	0.29333	0.2439	0.36667	0.27	0.34783	0.4	0.33019	0.30693	0.21978	0.31915	0.28571	0.28261	0.38384	0.33663	0.35897	0.33333	0.34783	0.35052	0.23256	0.34906	0.28205	0.30693	0.30693	0.37931	0.42478	0.31818	0.31193	0.36264	0.29	0.31395	0.28571	0.38889	0.38095	0.49398	0.5	0.42623	0.38961	0.46296	0.46032	0.41509	0.47619	0.5	0.41509	0.41667	0.34483	0.42857	0.39706	0.48718	0.4375	0.44828	0.38462	0.47059	0.45	0.4697	0.4697	0.40244	0.49275	0.49296	0.37255	0.41026	0.48276	0.44643	0.5	0.48276	0.44286	0.45763	0.44444	0.35294	0.49296	0.43548	0.4918	0.41772	0.45588	0.43333	0.45122	0.44898	0.47887	0.40625	0.42105	0.49206	0.4127	0.5	0.44643	0.47436	0.44262	0.44828	0.5	0.48438	0.41176	0.46479	0.47458	0.48571	0.47887	0.43284	0.49296	0.46479	0.4359	0.5	0.47059	0.44898	0.38596	0.45312	0.475	0.43939	0.43056	0.47887	0.3913	0.48571	0.45614	0.3871	0.48684	0.44828	0.44828	0.44118	0.4375	0.49206	0.5	0.38028	0.37288	0.47692	0.47826	0.4717	0.5	0.47619	0.42029	0.42647	0.48485	0.46377	0.49296	0.39344	0.40625	0.46053	0.43103	0.40845	0.48387	0.48214	0.49296	0.3913	0.39216	0.46875	0.4918	0.48649	0.38356	0.45205	0.48485	0.38333	0.45455	0.37736	0.40909	0.5	0.4918	0.45763	0.5	0.44304	0.48276	0.41818	0.5	0.43636	0.5	0.42308	0.48387	0.49123	0.46875	0.45614	0.47692	0.4717	0.46269	0.37705	0.47619	0.43636	0.5	0.41379	0.46774	0.44068	0.49057	0.43333	0.40351	0.47273	0.45714	0.38095	0.45205	0.46667	0.43548	0.42857	0.38235	0.46875	0.33784	0.43103	0.4	0.4918	0.37736	0.48649	0.45455	0.5	0.49153	0.48052	0.42857	0.48052	0.46377	0.4	0.44595	0.4	0.46269	0.41818	0.4	0.42623	0.4058	0.47368	0.48485	0.5	0.47458	0.44286	0.44444	0.45714	0.42105	0.45455	0.5	0.46377	0.41818	0.48718	0.46032	0.43333	0.49275	0.43478	0.3617	0.48571	0.42308	0.49206	0.49275	0.46429	0.5	0.43836	0.37255	0.43478	0.5	0.45763	0.45588	0.48529	0.48077	0.43548	0.47826	0.47458	0.47887	0.5	0.49153	0.45977	0.41429	0.43662	0.49254	0.46552	0.45205	0.41304	0.47273	0.5	0.40299	0.48649	0.46032	0.45312	0.40625	0.4058	0.4	0.45312	0.5	0.46296	0.48837	0.375	0.45161	0.4625	0.45161	0.39394	0.43243	0.48	0.46875	0.41379	0.47458	0.47273	0.46774	0.47458	0.34483	0.36	0.39726	0.44737	0.44068	0.3871	0.44444	0.5	0.47761
cell12	0.39381	0.35135	0.31064	0.33585	0.28261	0.33906	0.30204	0.34894	0.35931	0.34	0.34842	0.368	0.33796	0.36325	0.37555	0.34894	0.35023	0.3319	0.29907	0.42105	0.30403	0.31429	0.34559	0.36885	0.36078	0.29167	0.32645	0.4	0.33333	0.32407	0.37441	0.34862	0.375	0.30702	0.26446	0.38528	0.33473	0.32906	0.29185	0.34874	0.25123	0.31839	0.33778	0.37891	0.32911	0.30594	0.33831	0.35793	0.34802	0.31667	0.34742	0.37288	0.32636	0.33036	0.46383	0.34061	0.35448	0.32114	0.31416	0.32599	0.33645	0.3139	0.32	0.36327	0.29804	0.31527	0.38333	0.32411	0.36546	0.30769	0.34821	0.39914	0.30612	0.34071	0.27727	0.4026	0.31799	0.36406	0.34855	0.32618	0.28916	0.35115	0.33476	0.31937	0.33755	0.30864	0.32487	0.29771	0.36239	0.35354	0.33333	0.3133	0.35931	0.34894	0.32927	0.3434	0.32157	0.31004	0.3234	0.36929	0.31621	0.35217	0.3087	0.29279	0.30126	0.36653	0.36	0.32099	0.33803	0.37949	0.34043	0.29365	0.40529	0.34247	0.33725	0.33476	0.36948	0.28462	0.34802	0.34686	0.28829	0.35526	0.32685	0.31466	0.38865	0.33603	0.3506	0.30986	0.28358	0.34653	0.30204	0.34031	0.31122	0.30909	0.32917	0.31325	0.32365	0.33992	0.36123	0.32127	0.27823	0.32039	0.32627	0.2996	0.3682	0.30841	0.30667	0.32735	0.31837	0.34259	0.33624	0.25359	0.3195	0.33488	0.30268	0.32599	0.3271	0.35102	0.31527	0.35169	0.3319	0.29675	0.32018	0.36207	0.35268	0.32127	0.36652	0.24889	0.38057	0.27027	0.29362	0.30738	0.40359	0.31933	0.37441	0.29091	0.275	0.30901	0.35714	0.35683	0.29858	0.32579	0.35088	0.32099	0.30568	0.28194	0.32377	0.33333	0.34211	0.40773	0.38967	0.3561	0.3506	0.33443	0.34979	0.39024	0.33061	0.33906	0.36364	0.38197	0.32567	0.36634	0.32342	0.3691	0.34016	0.3722	0.32727	0.3373	0.3087	0.34335	0.3234	0.3595	0.32314	0.33184	0.30973	0.352	0.37959	0.37037	0.36145	0.3287	0.34884	0.35096	0.3	0.3242	0.29845	0.29703	0.33077	0.36087	0.28829	0.375	0.31982	0.32338	0.33962	0.37333	0.332	0.36771	0.31579	0.2973	0.33191	0.34375	0.3105	0.33913	0.34975	0.33716	0.47399	0.48889	0.49367	0.46746	0.49296	0.47097	0.46405	0.48366	0.47143	0.45333	0.38849	0.46951	0.43902	0.43537	0.47799	0.47097	0.45806	0.49727	0.45029	0.47619	0.4586	0.44361	0.5	0.49296	0.49721	0.39189	0.49162	0.49219	0.46154	0.46753	0.4759	0.48889	0.49718	0.44056	0.48256	0.48235	0.41606	0.37241	0.47097	0.43478	0.48333	0.45882	0.46154	0.40789	0.45652	0.47205	0.49664	0.47712	0.47518	0.44595	0.49708	0.37013	0.47297	0.47097	0.44755	0.4881	0.49686	0.43662	0.48276	0.47727	0.47468	0.48571	0.46154	0.45699	0.48148	0.41279	0.47647	0.5	0.49693	0.4702	0.46377	0.48171	0.43226	0.48951	0.43902	0.46715	0.40351	0.48529	0.47399	0.46528	0.41463	0.5	0.40881	0.48344	0.44311	0.45752	0.46212	0.47403	0.5	0.48295	0.41667	0.49123	0.4837	0.45679	0.47368	0.4581	0.45255	0.47853	0.49398	0.49306	0.47853	0.47727	0.47904	0.49682	0.42657	0.49673	0.49342	0.43333	0.45	0.49296	0.4586	0.475	0.42466	0.43478	0.43243	0.46914	0.48592	0.47973	0.496	0.46296	0.48503	0.47619	0.45139	0.46471	0.47531	0.48428	0.47799	0.48361	0.46154	0.43709	0.46203	0.49045	0.47929	0.4697	0.49324	0.46565	0.4507	0.48175	0.39706	0.44966	0.45238	0.45455	0.49718	0.43506	0.46951	0.45763	0.47917	0.44311	0.43624	0.41892	0.44526	0.4557	0.44667	0.45732	0.5	0.47337	0.44099	0.4507	0.44162	0.48925	0.4507	0.4908	0.5	0.49162	0.48387	0.49669	0.44805	0.49265	0.44595	0.49123	0.48344	0.46753	0.49057	0.42958	0.4966	0.45	0.39189	0.47368	0.43949	0.475	0.4898	0.45985	0.4717	0.45946	0.48344	0.47651	0.45509	0.41791	0.46667	0.4878	0.48026	0.49242	0.46104	0.4812	0.49057	0.48619	0.46111	0.45946	0.45926	0.47333	0.45143	0.45087	0.47826	0.46358	0.47799	0.4539	0.46707	0.49645	0.4878	0.44099	0.49697	0.47799	0.43624	0.4965	0.5	0.46243	0.5	0.47305	0.44697	0.40351	0.45695	0.45745	0.48295	0.43478	0.49419	0.48366	0.47541	0.48649	0.48551	0.48538	0.35507	0.45865	0.46012	0.41007	0.47191	0.46835	0.44203	0.42384	0.49673	0.42759	0.49677	0.46497	0.48485	0.48227	0.44311	0.43537	0.44138	0.4527	0.39726	0.46528	0.40816	0.48344	0.48108	0.45963
cell13	0.29778	0.32609	0.28112	0.34553	0.36214	0.375	0.29851	0.35439	0.36842	0.36752	0.35361	0.35743	0.32857	0.38577	0.32189	0.34404	0.29767	0.34568	0.31873	0.36626	0.34632	0.31197	0.364	0.28017	0.35573	0.35223	0.27397	0.33205	0.31325	0.3114	0.3211	0.21963	0.30453	0.35401	0.27737	0.40741	0.28205	0.36364	0.3139	0.33065	0.345	0.37302	0.30579	0.32579	0.32727	0.31068	0.34112	0.41633	0.3304	0.30472	0.38462	0.38934	0.30204	0.33636	0.32677	0.375	0.31061	0.34532	0.34052	0.32847	0.27982	0.34538	0.33208	0.36508	0.34043	0.37255	0.31718	0.31707	0.31818	0.38428	0.36957	0.2623	0.31852	0.32127	0.3547	0.32301	0.35656	0.31019	0.3629	0.30672	0.32143	0.29134	0.33564	0.24783	0.38095	0.32287	0.3494	0.29268	0.37975	0.3625	0.30638	0.3178	0.35088	0.42289	0.39184	0.30992	0.37229	0.33636	0.36283	0.34052	0.33463	0.33649	0.35	0.3444	0.31405	0.3195	0.33784	0.33704	0.38579	0.31799	0.3133	0.37154	0.35455	0.29557	0.34711	0.33852	0.31474	0.29461	0.27273	0.361	0.3431	0.31304	0.34599	0.30736	0.2765	0.26966	0.33333	0.32444	0.34351	0.33191	0.32766	0.3834	0.3871	0.32422	0.3211	0.32946	0.32609	0.33333	0.26697	0.31646	0.38914	0.32222	0.3	0.37083	0.35345	0.33333	0.30374	0.28311	0.3012	0.34586	0.39815	0.35593	0.33621	0.32178	0.28077	0.33197	0.35458	0.3629	0.35747	0.33203	0.35458	0.32468	0.30435	0.30769	0.31884	0.32377	0.35065	0.33202	0.33333	0.35802	0.33992	0.32068	0.3304	0.34562	0.34703	0.32601	0.32937	0.29612	0.34177	0.31579	0.32432	0.3176	0.33755	0.32	0.36916	0.32549	0.32906	0.35409	0.31527	0.31429	0.33913	0.36893	0.27778	0.3506	0.29412	0.34307	0.30667	0.35784	0.31538	0.284	0.32735	0.30909	0.39608	0.28958	0.35398	0.28125	0.34188	0.37885	0.34783	0.32609	0.3252	0.34553	0.34513	0.33884	0.41304	0.33065	0.31776	0.34855	0.29258	0.35102	0.36364	0.34914	0.35865	0.33202	0.37154	0.37441	0.31466	0.33929	0.31068	0.33725	0.30962	0.32099	0.33478	0.42291	0.28251	0.36145	0.3373	0.32727	0.33473	0.30268	0.38793	0.28571	0.34	0.27391	0.45026	0.48901	0.46309	0.49468	0.44681	0.4881	0.46296	0.47273	0.46108	0.48408	0.48101	0.45	0.49624	0.49673	0.47154	0.49032	0.44286	0.43784	0.49704	0.4593	0.46053	0.48026	0.43137	0.47183	0.48235	0.43787	0.41341	0.48876	0.42282	0.42361	0.44848	0.5	0.49162	0.43421	0.49359	0.47458	0.43605	0.42553	0.48125	0.46296	0.4527	0.48503	0.49618	0.49462	0.41975	0.46277	0.48876	0.42038	0.49682	0.48649	0.49451	0.49727	0.42857	0.46875	0.46	0.47674	0.47368	0.5	0.44521	0.45556	0.49457	0.49727	0.48045	0.49444	0.45223	0.47429	0.46207	0.5	0.48447	0.44172	0.49367	0.39881	0.47297	0.4875	0.45122	0.46711	0.49682	0.48921	0.5	0.40559	0.47436	0.49618	0.49068	0.45161	0.47647	0.4491	0.47368	0.5	0.44025	0.47929	0.49324	0.48193	0.45161	0.46108	0.45139	0.46711	0.45695	0.48667	0.5	0.47771	0.45775	0.41772	0.3913	0.47059	0.49351	0.45122	0.41593	0.4918	0.46552	0.47742	0.42958	0.49007	0.43182	0.47586	0.47531	0.40714	0.47917	0.4875	0.48466	0.40884	0.46154	0.46512	0.43382	0.49635	0.44079	0.42604	0.49398	0.49032	0.46452	0.46835	0.41615	0.45833	0.43684	0.47059	0.43038	0.475	0.49432	0.39744	0.42446	0.48889	0.48795	0.48447	0.45806	0.48026	0.48256	0.42763	0.46259	0.45349	0.43429	0.47059	0.46763	0.46309	0.48252	0.48108	0.46309	0.45399	0.47222	0.42262	0.48387	0.46746	0.46711	0.48905	0.48837	0.47222	0.49412	0.46795	0.44571	0.49457	0.44253	0.45455	0.49068	0.44444	0.47403	0.47283	0.49375	0.47368	0.47799	0.42568	0.46795	0.48966	0.45033	0.4303	0.47552	0.39888	0.43624	0.45882	0.47799	0.48408	0.47205	0.46099	0.45509	0.39286	0.4359	0.45033	0.36364	0.47222	0.46875	0.47771	0.48555	0.48299	0.44586	0.44595	0.47403	0.44737	0.47134	0.46154	0.49231	0.49669	0.46207	0.44737	0.4902	0.42614	0.43889	0.43976	0.47097	0.46309	0.45455	0.49714	0.46939	0.47337	0.46259	0.43605	0.48795	0.48344	0.47549	0.40559	0.46784	0.4497	0.49007	0.42958	0.47541	0.45732	0.46715	0.45455	0.49398	0.46711	0.47024	0.44526	0.5	0.4939	0.49315	0.5	0.46584	0.47436	0.41722	0.49324	0.43312	0.48	0.46897	0.44	0.46154	0.49724	0.46995	0.48634
cell14	0.34375	0.36054	0.375	0.375	0.30935	0.30769	0.30464	0.36709	0.36585	0.30935	0.31405	0.32836	0.30709	0.29365	0.32468	0.31148	0.33577	0.33929	0.28873	0.28859	0.35507	0.275	0.31343	0.35714	0.30147	0.32886	0.35878	0.31343	0.38211	0.38406	0.2971	0.28986	0.36806	0.31544	0.32192	0.38843	0.3	0.41667	0.312	0.23973	0.39583	0.32576	0.32787	0.31034	0.27692	0.34821	0.376	0.34459	0.25984	0.33094	0.31356	0.31538	0.31884	0.30827	0.27419	0.35075	0.40833	0.34694	0.33333	0.34266	0.36885	0.34646	0.35211	0.288	0.26718	0.33835	0.30882	0.29457	0.39259	0.24615	0.32824	0.3557	0.31852	0.34043	0.31356	0.28777	0.34091	0.31724	0.32836	0.34921	0.40984	0.3625	0.28947	0.28099	0.34677	0.33562	0.37705	0.35507	0.39024	0.33333	0.30864	0.39474	0.34783	0.33835	0.3209	0.32168	0.29371	0.37795	0.34043	0.30657	0.34899	0.27206	0.33784	0.31788	0.36709	0.27742	0.23881	0.31507	0.34532	0.36719	0.31973	0.29677	0.32877	0.30137	0.37342	0.31783	0.25153	0.34667	0.28829	0.34969	0.336	0.32432	0.34646	0.3007	0.36111	0.41096	0.34194	0.32031	0.38636	0.32031	0.31746	0.31034	0.30435	0.32394	0.3622	0.3741	0.29677	0.35762	0.34559	0.29078	0.34646	0.34815	0.33803	0.27132	0.33636	0.35	0.33951	0.2963	0.27152	0.40833	0.32558	0.33898	0.36943	0.2963	0.33333	0.34307	0.35075	0.30519	0.34058	0.34862	0.33908	0.28369	0.33557	0.37584	0.25	0.2963	0.3	0.328	0.30081	0.33333	0.34228	0.31159	0.34188	0.29921	0.28226	0.38686	0.3985	0.43511	0.32	0.27826	0.34677	0.35537	0.32773	0.34459	0.30597	0.30345	0.27857	0.31724	0.32031	0.35948	0.33582	0.43925	0.31481	0.35057	0.30534	0.28662	0.32667	0.36879	0.35461	0.36691	0.35606	0.33333	0.34074	0.26573	0.32407	0.41045	0.33333	0.24306	0.32812	0.30769	0.33333	0.2994	0.35338	0.23377	0.33071	0.31788	0.37405	0.368	0.33571	0.34426	0.35036	0.3871	0.36691	0.26154	0.29412	0.22951	0.37654	0.31356	0.43269	0.25185	0.35802	0.37879	0.32061	0.32168	0.30075	0.28058	0.32576	0.32308	0.26606	0.39286	0.33846	0.26207	0.22609	0.3609	0.48148	0.49398	0.43269	0.37931	0.41667	0.46364	0.45882	0.41379	0.47059	0.44737	0.44944	0.47525	0.5	0.46809	0.47059	0.4359	0.49074	0.5	0.37179	0.47059	0.47826	0.47917	0.47321	0.43421	0.43103	0.44792	0.44348	0.45098	0.42105	0.48387	0.39773	0.42169	0.48387	0.475	0.48315	0.45745	0.45205	0.42683	0.4375	0.41935	0.4381	0.40909	0.48315	0.46988	0.48718	0.42553	0.47368	0.48958	0.45361	0.47368	0.46465	0.47368	0.5	0.43373	0.48718	0.34831	0.44944	0.46753	0.48611	0.46	0.48515	0.45045	0.49505	0.43158	0.44444	0.38298	0.41379	0.44048	0.47273	0.5	0.43836	0.44681	0.41667	0.47674	0.46392	0.46429	0.49383	0.47959	0.47619	0.45977	0.49367	0.43158	0.48936	0.5	0.47368	0.41026	0.4321	0.43396	0.47475	0.4902	0.46237	0.47619	0.42222	0.46667	0.49057	0.45333	0.48864	0.48673	0.4375	0.43878	0.43333	0.38824	0.44706	0.46809	0.46341	0.46316	0.46809	0.49438	0.44538	0.45679	0.48837	0.48101	0.47423	0.43636	0.39241	0.46753	0.48864	0.39744	0.49383	0.43333	0.46809	0.4881	0.46809	0.47126	0.44578	0.49438	0.48387	0.39241	0.4359	0.39506	0.47253	0.48624	0.47778	0.5	0.46875	0.5	0.48571	0.47126	0.41573	0.42991	0.47143	0.42105	0.45714	0.46512	0.44954	0.46237	0.40217	0.43878	0.45872	0.43077	0.43617	0.47297	0.48649	0.43478	0.47674	0.5	0.47423	0.4186	0.46237	0.45055	0.43243	0.4717	0.41176	0.46988	0.47917	0.4878	0.45045	0.47748	0.42391	0.42553	0.48485	0.45918	0.45977	0.47959	0.47436	0.47619	0.44318	0.45238	0.40506	0.45205	0.46988	0.44944	0.48387	0.47917	0.36905	0.4881	0.47664	0.39726	0.43678	0.48958	0.44304	0.42857	0.41111	0.49351	0.41573	0.46154	0.42268	0.47917	0.47959	0.45783	0.36559	0.44231	0.47475	0.49425	0.45783	0.42466	0.49351	0.49533	0.45977	0.47475	0.3871	0.47059	0.40187	0.5	0.48889	0.4898	0.48454	0.4876	0.43478	0.48352	0.45977	0.46809	0.4486	0.49351	0.47312	0.46753	0.5	0.47059	0.45745	0.46341	0.46875	0.375	0.49438	0.45	0.48101	0.35632	0.44762	0.42222	0.4898	0.44304	0.42424	0.49451	0.43137	0.49474	0.47126	0.39394	0.44444	0.5	0.40625	0.48485	0.44118	0.47222	0.43434	0.47222
cell15	0.32558	0.36975	0.36134	0.26923	0.328	0.34815	0.3	0.32061	0.32061	0.38776	0.35398	0.30081	0.35354	0.2766	0.29323	0.34513	0.30709	0.36364	0.40157	0.35374	0.36242	0.3252	0.38655	0.29134	0.32479	0.35338	0.33077	0.32283	0.35	0.27966	0.32031	0.34586	0.34286	0.26027	0.39189	0.26724	0.4094	0.35833	0.27273	0.36486	0.34783	0.34167	0.31469	0.33858	0.35556	0.34426	0.29508	0.31858	0.34677	0.28846	0.28689	0.3	0.35971	0.39098	0.35433	0.28947	0.42754	0.28333	0.375	0.36232	0.27434	0.24242	0.39062	0.26786	0.3629	0.34109	0.32061	0.28926	0.24348	0.26415	0.29358	0.35398	0.37589	0.39259	0.27692	0.31092	0.37121	0.37063	0.34737	0.34921	0.34586	0.29008	0.34884	0.336	0.34815	0.35714	0.36184	0.29655	0.36029	0.36879	0.25	0.31496	0.3	0.39098	0.35659	0.37241	0.26562	0.36232	0.22881	0.35135	0.35556	0.31897	0.35652	0.34783	0.32867	0.30137	0.32847	0.40152	0.34821	0.32759	0.3617	0.30233	0.37143	0.37	0.29787	0.32231	0.32192	0.32558	0.33333	0.39552	0.35821	0.28814	0.27922	0.25532	0.30597	0.28986	0.38095	0.29197	0.41844	0.33884	0.29921	0.35115	0.26761	0.31783	0.30252	0.3622	0.36709	0.2906	0.33094	0.392	0.28244	0.34862	0.40411	0.33333	0.3271	0.32812	0.4661	0.35878	0.33824	0.33884	0.35252	0.36296	0.36567	0.35965	0.36885	0.34615	0.27778	0.39394	0.38095	0.29323	0.27397	0.40606	0.32353	0.35484	0.31034	0.37903	0.34959	0.33333	0.34568	0.35606	0.368	0.41129	0.31092	0.38318	0.33913	0.36	0.2963	0.30097	0.34307	0.34058	0.392	0.36923	0.29771	0.36154	0.32576	0.38281	0.25197	0.28346	0.392	0.272	0.33858	0.35714	0.36434	0.27481	0.37795	0.29032	0.35537	0.32283	0.25781	0.32836	0.34328	0.33333	0.33088	0.35043	0.31429	0.31538	0.36111	0.34722	0.37963	0.27049	0.3169	0.29245	0.33333	0.44628	0.35652	0.28226	0.34677	0.35115	0.29508	0.33036	0.424	0.29204	0.30709	0.35514	0.31538	0.30508	0.3037	0.31858	0.30275	0.36496	0.38806	0.27049	0.38095	0.28571	0.25833	0.35115	0.38931	0.37063	0.35514	0.32258	0.44444	0.36207	0.34328	0.36765	0.4881	0.4375	0.36842	0.49296	0.44444	0.43617	0.43373	0.38462	0.47368	0.44737	0.40426	0.45946	0.46429	0.48515	0.43373	0.48421	0.48235	0.43836	0.4086	0.48039	0.47368	0.49425	0.43617	0.4359	0.45	0.47059	0.44211	0.48649	0.47826	0.48235	0.40909	0.48889	0.45977	0.49275	0.47872	0.49515	0.46753	0.46479	0.46667	0.40698	0.4125	0.46316	0.4875	0.40506	0.43421	0.46535	0.47826	0.4557	0.34831	0.43056	0.4026	0.47826	0.49425	0.49438	0.39604	0.45455	0.375	0.48571	0.35802	0.42553	0.46512	0.49541	0.46575	0.4375	0.49398	0.48352	0.5	0.4507	0.49383	0.48936	0.44444	0.49438	0.48718	0.46154	0.39394	0.45946	0.47761	0.43956	0.48936	0.4697	0.46	0.47059	0.43478	0.47222	0.44444	0.39785	0.48421	0.48039	0.47872	0.49474	0.36232	0.45361	0.45055	0.45745	0.47368	0.40449	0.47945	0.46914	0.45882	0.4625	0.44681	0.41935	0.37079	0.42254	0.4557	0.44286	0.48958	0.43333	0.40594	0.47253	0.45833	0.49412	0.46939	0.40476	0.4386	0.5	0.46512	0.42593	0.39796	0.47436	0.47872	0.3908	0.46269	0.44872	0.47059	0.45631	0.38636	0.49315	0.45333	0.46067	0.49524	0.43678	0.47826	0.43038	0.45455	0.45122	0.48039	0.47191	0.41429	0.46739	0.48235	0.48315	0.48837	0.41667	0.41667	0.45977	0.42857	0.46667	0.4359	0.48235	0.41429	0.48387	0.48684	0.5	0.475	0.48235	0.49425	0.48077	0.47872	0.47872	0.4	0.48864	0.39048	0.4	0.46341	0.49383	0.48611	0.47727	0.49438	0.37647	0.46575	0.47475	0.49254	0.46154	0.475	0.35484	0.38554	0.46753	0.4875	0.49425	0.49412	0.43956	0.4717	0.48148	0.47674	0.48	0.42708	0.45882	0.47126	0.46591	0.45333	0.44444	0.44444	0.49296	0.44444	0.43056	0.37234	0.425	0.49438	0.4875	0.46809	0.43137	0.45238	0.5	0.47619	0.34722	0.41026	0.49425	0.48718	0.48113	0.42391	0.45349	0.47059	0.42353	0.44	0.44086	0.48718	0.47727	0.49412	0.46753	0.5	0.4321	0.46237	0.46154	0.4466	0.43617	0.5	0.4625	0.48193	0.45679	0.41026	0.46154	0.49485	0.48235	0.47826	0.47253	0.43011	0.39362	0.44578	0.46053	0.5	0.42553	0.46	0.44898	0.4881	0.38554	0.4507	0.46067	0.49438	0.49398	0.47059	0.46667	0.48276	0.425
cell16	0.36697	0.30085	0.26904	0.29258	0.33195	0.41631	0.30631	0.32589	0.3822	0.35317	0.38496	0.34762	0.36041	0.36564	0.31034	0.32456	0.35931	0.27686	0.33971	0.36905	0.36634	0.30222	0.39738	0.39423	0.31878	0.34632	0.33175	0.36098	0.23502	0.34934	0.29108	0.32381	0.31278	0.27039	0.33992	0.31217	0.37168	0.3445	0.3319	0.32609	0.39706	0.3764	0.34821	0.33816	0.31841	0.35849	0.34404	0.34419	0.38288	0.32877	0.29121	0.31674	0.34335	0.37438	0.33495	0.37788	0.33333	0.277	0.27197	0.30568	0.29126	0.36765	0.34583	0.30876	0.34286	0.311	0.30043	0.34335	0.31364	0.33333	0.3516	0.35747	0.33745	0.28708	0.33495	0.40088	0.37379	0.38119	0.36555	0.30901	0.35593	0.31308	0.30357	0.32381	0.31628	0.31731	0.36652	0.37607	0.36574	0.39207	0.31863	0.33182	0.4	0.3122	0.27511	0.35918	0.33488	0.34247	0.31336	0.369	0.29167	0.31034	0.33493	0.33333	0.29817	0.30047	0.31343	0.2987	0.33333	0.27638	0.36232	0.36179	0.28431	0.36527	0.36864	0.34653	0.36214	0.32609	0.29302	0.35341	0.37288	0.33333	0.35246	0.33068	0.32524	0.30288	0.34615	0.29327	0.32057	0.39512	0.33333	0.34579	0.38725	0.32683	0.29353	0.33484	0.37838	0.29817	0.36139	0.33333	0.36364	0.34286	0.36126	0.38679	0.28643	0.39336	0.37433	0.39916	0.36797	0.38739	0.36967	0.33333	0.23721	0.31343	0.329	0.33333	0.37037	0.28829	0.32804	0.31674	0.36981	0.34599	0.31061	0.38813	0.35945	0.30435	0.30045	0.36653	0.33766	0.31481	0.38725	0.3128	0.34601	0.38278	0.33051	0.30864	0.29204	0.35238	0.35833	0.37349	0.34921	0.31455	0.34081	0.33921	0.37097	0.38009	0.34101	0.311	0.37333	0.33333	0.29648	0.38624	0.30556	0.32917	0.32039	0.34034	0.28629	0.40773	0.28829	0.36607	0.32995	0.26943	0.36207	0.34583	0.3285	0.37395	0.27935	0.33984	0.25778	0.33333	0.29224	0.34667	0.32895	0.38222	0.33816	0.37611	0.27184	0.35909	0.34	0.34335	0.3561	0.32328	0.35238	0.34894	0.35294	0.37073	0.27953	0.34419	0.36967	0.30612	0.3133	0.34286	0.35593	0.29644	0.34177	0.33484	0.31383	0.33208	0.36019	0.3114	0.37838	0.36889	0.28934	0.32599	0.4908	0.47742	0.49286	0.45763	0.47468	0.47799	0.48026	0.44156	0.5	0.48438	0.43262	0.49333	0.44776	0.48148	0.5	0.48951	0.4965	0.49468	0.42282	0.42657	0.45652	0.47761	0.48276	0.49286	0.46154	0.40351	0.43396	0.45255	0.4403	0.47222	0.48551	0.47222	0.49367	0.44048	0.4964	0.46154	0.49677	0.48765	0.42636	0.45865	0.5	0.45513	0.44615	0.42657	0.42647	0.45455	0.47647	0.47333	0.46405	0.4965	0.46108	0.49697	0.47297	0.47692	0.45513	0.49669	0.45578	0.41135	0.45113	0.46552	0.43537	0.46012	0.49315	0.44	0.46875	0.49624	0.48387	0.49275	0.4759	0.47953	0.48649	0.43056	0.39189	0.48529	0.48052	0.5	0.47945	0.47222	0.48824	0.48252	0.44604	0.44444	0.45509	0.48837	0.46104	0.48	0.49655	0.48503	0.49708	0.4939	0.47917	0.5	0.4898	0.48718	0.4964	0.4908	0.43333	0.47518	0.47059	0.42958	0.49091	0.46405	0.42254	0.48734	0.47407	0.4403	0.44828	0.46108	0.45395	0.47712	0.42742	0.49689	0.44056	0.48529	0.49231	0.48214	0.47619	0.44444	0.42069	0.45695	0.44138	0.48252	0.49359	0.39695	0.49315	0.45638	0.41429	0.45652	0.48227	0.472	0.47482	0.48837	0.47191	0.43195	0.48529	0.49324	0.48387	0.48521	0.45455	0.49254	0.47445	0.49635	0.4965	0.49701	0.44371	0.46377	0.5	0.41497	0.46207	0.46212	0.47712	0.48148	0.49296	0.47222	0.47222	0.49669	0.48993	0.4322	0.4759	0.4375	0.43709	0.49367	0.44203	0.41985	0.47799	0.44872	0.47742	0.46746	0.44186	0.49007	0.48175	0.475	0.49677	0.48447	0.4812	0.49565	0.44681	0.45161	0.45223	0.47581	0.46626	0.46099	0.4303	0.46763	0.39535	0.46753	0.47692	0.47015	0.4359	0.4375	0.46795	0.48734	0.47712	0.46575	0.46617	0.43671	0.47761	0.4875	0.45695	0.47333	0.45098	0.48101	0.47368	0.45045	0.48684	0.46094	0.42308	0.4058	0.47368	0.42105	0.46207	0.45833	0.49664	0.47059	0.5	0.45833	0.44444	0.45912	0.46565	0.5	0.47853	0.48344	0.46584	0.42963	0.48966	0.47619	0.46995	0.46715	0.49664	0.48649	0.41429	0.47692	0.46875	0.47482	0.47297	0.47799	0.46309	0.49565	0.43151	0.49714	0.46154	0.42029	0.49068	0.43312	0.48092	0.43506	0.48092	0.47799	0.49405	0.49219	0.48062	0.42958	0.48936	0.48611
cell17	0.40323	0.42188	0.47059	0.41429	0.47761	0.38889	0.32857	0.42667	0.5	0.44737	0.46753	0.5	0.41304	0.49231	0.40299	0.4878	0.41379	0.49351	0.45833	0.49206	0.48315	0.47297	0.47541	0.46377	0.40678	0.49296	0.4697	0.40741	0.46753	0.45312	0.47692	0.47458	0.47436	0.39706	0.47436	0.4	0.45312	0.41975	0.41176	0.46753	0.44928	0.45	0.43421	0.34375	0.5	0.49206	0.43548	0.30172	0.3271	0.38947	0.3375	0.34783	0.37234	0.25962	0.36111	0.36082	0.32432	0.31304	0.43434	0.33043	0.38272	0.35789	0.27957	0.28866	0.28302	0.37079	0.39	0.35577	0.28736	0.32727	0.34259	0.36082	0.27523	0.28866	0.37037	0.0	0.01471	0.0	0.0	0.0	0.0	0.0	0.0	0.0	0.0	0.0	0.0	0.0	0.0	0.0	0.49315	0.47368	0.46774	0.36508	0.47222	0.47222	0.5	0.46032	0.46774	0.4881	0.46154	0.43421	0.47059	0.43678	0.44118	0.40984	0.42105	0.43243	0.44643	0.48529	0.46575	0.4	0.45333	0.36	0.4375	0.45	0.48529	0.43478	0.38571	0.45783	0.49398	0.49296	0.48718	0.46479	0.5	0.48193	0.45714	0.39241	0.43243	0.47541	0.42857	0.44444	0.39744	0.48649	0.44444	0.4717	0.49296	0.42857	0.48052	0.41791	0.4918	0.39344	0.5	0.47692	0.44444	0.42188	0.47945	0.4	0.42667	0.42254	0.46753	0.4375	0.48485	0.36471	0.42424	0.475	0.47761	0.48148	0.49153	0.43939	0.49153	0.43902	0.47541	0.38028	0.46316	0.47619	0.46667	0.46753	0.45946	0.4875	0.47619	0.46429	0.40789	0.41667	0.46835	0.48193	0.48571	0.45614	0.4697	0.37681	0.44928	0.46296	0.45312	0.42857	0.44444	0.47222	0.46875	0.41538	0.48333	0.45833	0.40625	0.46296	0.40816	0.48936	0.4058	0.47541	0.43939	0.44068	0.45312	0.42857	0.44444	0.5	0.47059	0.4902	0.5	0.4382	0.47945	0.4375	0.46032	0.37879	0.5	0.5	0.49231	0.375	0.49206	0.4058	0.44444	0.4918	0.49315	0.48052	0.41379	0.41667	0.39683	0.40541	0.5	0.4717	0.48148	0.46032	0.44304	0.45455	0.46774	0.48571	0.48889	0.47826	0.45833	0.46154	0.47191	0.44118	0.41667	0.39286	0.45161	0.43284	0.48485	0.47143	0.41667	0.5	0.40506	0.4878	0.45588	0.49333	0.46774	0.49153	0.47887	0.5	0.39706	0.48438	0.44615	0.44118	0.49315	0.40323	0.46667	0.47059	0.4507	0.48315	0.41176	0.44444	0.42308	0.45333	0.41538	0.43333	0.47222	0.46032	0.40541	0.5	0.43836	0.47368	0.46667	0.40426	0.44262	0.45455	0.36667	0.45882	0.44928	0.48077	0.37313	0.47222	0.47826	0.4359	0.43478	0.5	0.46914	0.475	0.44286	0.47297	0.47761	0.48571	0.47368	0.47887	0.42029	0.46988	0.46575	0.43333	0.46154	0.43939	0.48	0.48718	0.41772	0.37681	0.44262	0.49153	0.39394	0.40678	0.4	0.46575	0.45783	0.41379	0.44615	0.45161	0.47917	0.4902	0.5	0.45098	0.44776	0.3913	0.49091	0.48684	0.46667	0.49254	0.44928	0.475	0.475	0.42254	0.43548	0.49296	0.43056	0.47297	0.45455	0.4625	0.44578	0.47222	0.47692	0.39726	0.40909	0.4918	0.44304	0.45833	0.40625	0.47143	0.45455	0.44828	0.44444	0.46875	0.44156	0.42647	0.41558	0.45833	0.4918	0.45902	0.43333	0.48684	0.41975	0.42857	0.4881	0.33803	0.46377	0.46479	0.49206	0.47945	0.38983	0.46237	0.45833	0.45455	0.48	0.45588	0.42105	0.46053	0.46269	0.48276	0.4359	0.45161	0.45	0.47541	0.36957	0.41975	0.4375	0.5	0.46154	0.48718	0.35593	0.32877	0.48101	0.44776	0.46479	0.44156	0.46774	0.5	0.44615	0.48684	0.45833	0.48485	0.49206	0.47945	0.42647	0.45333	0.41071	0.4697	0.41379	0.42105	0.47297	0.49254	0.47945	0.49231	0.48485	0.47826	0.45714	0.48	0.41837	0.5	0.49123	0.34667	0.40541	0.4	0.47619	0.48	0.46835	0.46032	0.46914	0.47619	0.46296	0.46269	0.42623	0.48148	0.42188	0.44776	0.47619	0.4507	0.44	0.5	0.48333	0.38028	0.45588	0.37879	0.47692	0.35849	0.49123	0.44286	0.46154	0.46575	0.44828	0.47059	0.48148	0.43056	0.42353	0.45833	0.46939	0.4717	0.4557	0.49206	0.49367	0.35135	0.49057	0.47778	0.45312	0.48	0.44615	0.4625	0.49333	0.42029	0.48718	0.45	0.4386	0.43103	0.45455	0.49231	0.4918	0.4125	0.47692	0.45161	0.32836	0.40845	0.47887	0.49153	0.45	0.5	0.49315	0.47436	0.4507	0.5	0.48214	0.47436	0.43662	0.46154	0.4321	0.4881	0.49315	0.5	0.44444	0.48052
cell18	0.34021	0.34343	0.27778	0.3209	0.25362	0.38655	0.33621	0.30189	0.35417	0.31818	0.29464	0.38835	0.32222	0.35043	0.25893	0.35	0.26966	0.30189	0.28972	0.35714	0.30233	0.32432	0.33945	0.28037	0.35	0.36449	0.31	0.33884	0.26957	0.34579	0.37168	0.31395	0.29752	0.42149	0.40741	0.37895	0.40164	0.37755	0.344	0.34737	0.33913	0.32174	0.33333	0.30841	0.2233	0.40157	0.23469	0.26667	0.47727	0.42718	0.256	0.35965	0.34821	0.34579	0.35135	0.41176	0.37288	0.304	0.34862	0.31429	0.35088	0.31818	0.37963	0.33588	0.27869	0.32911	0.33028	0.40336	0.25234	0.39048	0.30303	0.26415	0.35537	0.37755	0.44068	0.32456	0.40952	0.28037	0.37755	0.41346	0.37864	0.31148	0.33577	0.33036	0.33696	0.35849	0.34211	0.34375	0.31776	0.31111	0.38235	0.29358	0.30392	0.34711	0.41	0.33333	0.32727	0.33028	0.30769	0.2906	0.3619	0.3578	0.29293	0.325	0.38983	0.37398	0.26923	0.325	0.35	0.26957	0.27679	0.33628	0.34783	0.35714	0.36752	0.3211	0.31724	0.37313	0.33607	0.35115	0.36364	0.33588	0.32727	0.38793	0.3719	0.34375	0.23853	0.41667	0.33036	0.29348	0.37374	0.35897	0.25773	0.37963	0.30435	0.36449	0.32407	0.34091	0.28448	0.26415	0.31405	0.23469	0.31068	0.30841	0.39394	0.31776	0.29464	0.30709	0.38298	0.35	0.36449	0.30275	0.36	0.35897	0.33019	0.37037	0.41975	0.33333	0.32222	0.34211	0.30216	0.35433	0.40517	0.36842	0.33028	0.34146	0.37705	0.35185	0.272	0.34286	0.39823	0.32456	0.31579	0.28704	0.35714	0.29412	0.27723	0.32773	0.37719	0.41463	0.3301	0.34951	0.28947	0.2605	0.375	0.40217	0.39806	0.1954	0.3301	0.30769	0.28421	0.4	0.35922	0.30909	0.27966	0.33913	0.31304	0.36364	0.3719	0.30579	0.38	0.31	0.33636	0.36752	0.30392	0.39362	0.32787	0.38406	0.37607	0.22764	0.40351	0.2931	0.37069	0.37079	0.22222	0.35246	0.29524	0.24074	0.41732	0.33028	0.31858	0.38017	0.37	0.24779	0.32836	0.36538	0.25581	0.26957	0.34409	0.36975	0.34615	0.32609	0.4	0.25197	0.3719	0.37288	0.35043	0.40708	0.34524	0.31579	0.40217	0.30526	0.33333	0.32292	0.42857	0.45455	0.42222	0.42029	0.475	0.47368	0.47541	0.49351	0.46875	0.4875	0.46988	0.44444	0.4507	0.41429	0.5	0.48276	0.34247	0.43333	0.49438	0.43373	0.46067	0.49153	0.3871	0.4875	0.40299	0.46377	0.47674	0.5	0.49412	0.5	0.48	0.35821	0.5	0.43038	0.41573	0.46914	0.47253	0.4	0.47619	0.48276	0.48333	0.44928	0.45455	0.41935	0.46835	0.40541	0.42188	0.44444	0.46667	0.4359	0.47727	0.5	0.47143	0.46429	0.47059	0.48684	0.46053	0.42029	0.43662	0.47561	0.4557	0.5	0.48387	0.43373	0.46512	0.34177	0.47887	0.48485	0.47872	0.46575	0.44928	0.46753	0.46269	0.45312	0.5	0.48148	0.46739	0.45588	0.36145	0.46377	0.39535	0.46429	0.48193	0.48387	0.44578	0.41818	0.43902	0.45833	0.49398	0.45283	0.37879	0.48649	0.46835	0.42424	0.49333	0.45833	0.4125	0.47222	0.45714	0.4878	0.46479	0.48571	0.425	0.47436	0.32075	0.4058	0.36735	0.45	0.39394	0.40909	0.43836	0.47368	0.43243	0.38889	0.44286	0.49123	0.39744	0.49412	0.38596	0.47826	0.45679	0.47945	0.42424	0.44928	0.43284	0.45679	0.43284	0.5	0.475	0.47222	0.43548	0.47297	0.46512	0.5	0.5	0.45205	0.46053	0.45714	0.42373	0.49412	0.44706	0.44	0.475	0.44578	0.475	0.41667	0.46835	0.46341	0.46667	0.4507	0.45	0.41379	0.42857	0.47541	0.42029	0.46552	0.48235	0.48387	0.46988	0.5	0.45714	0.46988	0.48529	0.47826	0.47222	0.4382	0.4875	0.47059	0.43939	0.48101	0.37143	0.43836	0.47222	0.38571	0.48387	0.5	0.5	0.47619	0.48438	0.4881	0.42667	0.37931	0.42683	0.46154	0.39726	0.47826	0.46429	0.42857	0.43243	0.49333	0.45679	0.45714	0.38028	0.40678	0.40476	0.45833	0.46269	0.49351	0.47273	0.44444	0.48718	0.5	0.49231	0.44737	0.4875	0.49333	0.48611	0.43284	0.5	0.39474	0.4878	0.43077	0.47059	0.47191	0.49367	0.4	0.48485	0.48611	0.43662	0.49398	0.44706	0.4	0.5	0.42857	0.46753	0.34722	0.475	0.45833	0.44156	0.5	0.44595	0.48684	0.47826	0.45714	0.4878	0.48864	0.49367	0.41429	0.48529	0.35714	0.47368	0.47222	0.46429	0.46667	0.44444	0.47059	0.49462	0.43038	0.44776	0.43478	0.48276	0.39744	0.45	0.48485
cell19	0.34343	0.29487	0.33702	0.29082	0.34807	0.33333	0.36813	0.31765	0.39355	0.2381	0.28655	0.3141	0.28169	0.3526	0.26797	0.31847	0.31707	0.34356	0.37306	0.3027	0.34409	0.28061	0.32727	0.28409	0.28947	0.30323	0.33533	0.32558	0.30061	0.32961	0.33696	0.33333	0.33939	0.32278	0.35263	0.23404	0.36585	0.32867	0.37173	0.33562	0.2561	0.33125	0.37888	0.33702	0.29545	0.3526	0.34507	0.29091	0.36649	0.30588	0.35099	0.39645	0.32597	0.34066	0.35227	0.32597	0.27815	0.39306	0.33333	0.32927	0.31548	0.36913	0.35196	0.33136	0.41143	0.31333	0.32941	0.32609	0.31579	0.39205	0.3038	0.33758	0.29231	0.38922	0.32298	0.27322	0.36709	0.38202	0.31724	0.33333	0.36559	0.39053	0.31122	0.34524	0.30588	0.2732	0.41081	0.39153	0.33117	0.29146	0.36242	0.3743	0.33696	0.38509	0.38308	0.32222	0.37576	0.38415	0.31522	0.36181	0.33333	0.3125	0.26846	0.38065	0.38071	0.34737	0.30978	0.37245	0.33708	0.32075	0.35714	0.39378	0.30387	0.30075	0.36126	0.28144	0.32642	0.31792	0.37931	0.31694	0.39634	0.34254	0.33129	0.29834	0.34302	0.29384	0.32558	0.36066	0.30178	0.37195	0.29412	0.35119	0.30588	0.36702	0.3869	0.32597	0.34375	0.34637	0.41818	0.34706	0.3545	0.35028	0.36932	0.29936	0.36364	0.39877	0.39665	0.31056	0.38202	0.34731	0.30405	0.24691	0.27807	0.29379	0.26519	0.32927	0.34641	0.35849	0.20904	0.30263	0.34409	0.35567	0.32338	0.31395	0.37725	0.34731	0.38614	0.33526	0.29448	0.31579	0.34524	0.31868	0.37696	0.30055	0.36364	0.30769	0.33516	0.36184	0.33333	0.32317	0.35766	0.30303	0.29744	0.33152	0.27273	0.38857	0.3822	0.35583	0.27059	0.33146	0.31548	0.40491	0.31313	0.345	0.39024	0.32919	0.34132	0.26286	0.43452	0.37222	0.31056	0.31737	0.3956	0.33871	0.32544	0.33962	0.34545	0.31667	0.30481	0.44681	0.36702	0.38	0.29944	0.35955	0.31395	0.35714	0.33333	0.36216	0.38202	0.30682	0.31844	0.35294	0.33333	0.36196	0.35484	0.34559	0.32821	0.32099	0.28481	0.39227	0.345	0.32692	0.35211	0.25281	0.27041	0.34503	0.33333	0.37931	0.34416	0.3237	0.3631	0.35714	0.32544	0.30636	0.46269	0.47368	0.48571	0.47475	0.48624	0.47368	0.44737	0.47368	0.5	0.45536	0.46729	0.44615	0.47573	0.472	0.49074	0.46591	0.45133	0.46358	0.37288	0.48592	0.48175	0.44715	0.46565	0.45299	0.48214	0.36111	0.5	0.49038	0.48413	0.49524	0.42857	0.45736	0.48361	0.48182	0.46364	0.48438	0.49275	0.48276	0.46032	0.41228	0.49231	0.45	0.49515	0.43363	0.5	0.5	0.49533	0.47863	0.4812	0.5	0.47664	0.48649	0.49107	0.45378	0.45045	0.46364	0.48438	0.46903	0.40625	0.46154	0.45614	0.46465	0.44144	0.43511	0.46316	0.43902	0.49194	0.48276	0.49057	0.42202	0.47899	0.49091	0.44628	0.47059	0.47967	0.49573	0.49167	0.40741	0.49515	0.424	0.49593	0.38554	0.49541	0.47917	0.42969	0.44144	0.49038	0.49219	0.45455	0.43165	0.45763	0.48201	0.47414	0.47368	0.49515	0.47414	0.49541	0.5	0.416	0.44444	0.49573	0.47748	0.4661	0.43802	0.47059	0.46875	0.46032	0.48305	0.41007	0.43697	0.49524	0.46667	0.49074	0.5	0.37864	0.4902	0.375	0.45614	0.44697	0.44853	0.48571	0.45455	0.4958	0.45082	0.48819	0.45082	0.47059	0.48696	0.46939	0.46269	0.4661	0.47664	0.48305	0.48544	0.49565	0.48214	0.47273	0.46825	0.4537	0.4878	0.4955	0.41228	0.45669	0.46957	0.48246	0.43697	0.4466	0.49558	0.46078	0.41176	0.49593	0.475	0.47	0.48305	0.48544	0.45669	0.46269	0.46729	0.47482	0.46875	0.47126	0.47059	0.43697	0.41379	0.45968	0.45378	0.47059	0.425	0.46226	0.4188	0.47126	0.46774	0.42453	0.44762	0.46847	0.45192	0.47692	0.48305	0.46296	0.47368	0.43434	0.4955	0.49123	0.45614	0.44	0.45946	0.47917	0.47863	0.475	0.48673	0.44954	0.42857	0.40909	0.47222	0.4486	0.488	0.48673	0.48649	0.45736	0.42105	0.42857	0.45283	0.48182	0.48276	0.49474	0.46667	0.44792	0.48598	0.4381	0.49515	0.5	0.38462	0.44444	0.5	0.45536	0.40517	0.45455	0.49	0.39394	0.5	0.45833	0.48462	0.4537	0.49107	0.41379	0.49524	0.48175	0.44444	0.46429	0.48305	0.46903	0.44231	0.47154	0.48649	0.45045	0.48958	0.44898	0.44531	0.44068	0.42727	0.45	0.48718	0.49606	0.46528	0.43158	0.49505	0.44444	0.44776	0.42718	0.4569	0.48485	0.47664	0.4359	0.4958
cell20	0.32031	0.43662	0.2782	0.36029	0.41139	0.31579	0.3	0.2625	0.32174	0.24409	0.27586	0.31304	0.37879	0.3617	0.35659	0.3806	0.38462	0.35606	0.33582	0.30405	0.37288	0.43363	0.275	0.38849	0.328	0.34091	0.39815	0.32308	0.38261	0.35294	0.3211	0.35714	0.33051	0.30081	0.28358	0.2562	0.44355	0.31387	0.32639	0.38346	0.35938	0.34234	0.35652	0.33071	0.344	0.29323	0.35714	0.36641	0.32258	0.28667	0.35772	0.30303	0.32	0.28099	0.31818	0.27559	0.31111	0.32479	0.38655	0.33333	0.432	0.37209	0.34965	0.32432	0.31852	0.36364	0.3741	0.30303	0.30159	0.27007	0.26549	0.34328	0.29921	0.30469	0.35577	0.30709	0.36066	0.32432	0.30597	0.30645	0.34586	0.27273	0.24242	0.41379	0.328	0.34483	0.28906	0.3125	0.32609	0.312	0.36957	0.35938	0.32075	0.27083	0.32117	0.31624	0.25581	0.30508	0.39837	0.33784	0.26923	0.28099	0.33824	0.40909	0.3617	0.32877	0.27778	0.32824	0.31667	0.36496	0.37931	0.35385	0.25191	0.288	0.33813	0.36207	0.41304	0.22951	0.3252	0.31298	0.31452	0.33071	0.33103	0.3876	0.31469	0.28125	0.34109	0.26271	0.29412	0.29577	0.29915	0.40517	0.36	0.3	0.352	0.32787	0.30081	0.36434	0.3609	0.31538	0.39394	0.31933	0.34906	0.33088	0.39091	0.37795	0.34641	0.44828	0.27778	0.344	0.35606	0.28333	0.3629	0.33333	0.32727	0.31034	0.32143	0.33333	0.36607	0.28788	0.32231	0.31858	0.41781	0.27692	0.28319	0.3964	0.25	0.33094	0.33333	0.39516	0.35385	0.35385	0.31405	0.35345	0.33929	0.36585	0.35385	0.27434	0.35385	0.19531	0.30769	0.32283	0.39007	0.29787	0.41667	0.34211	0.24627	0.32727	0.32231	0.34234	0.32381	0.30216	0.3986	0.28025	0.30233	0.34074	0.29268	0.35652	0.38931	0.27536	0.27143	0.42574	0.32143	0.35714	0.32576	0.30476	0.34459	0.41912	0.37736	0.30702	0.38655	0.34028	0.41007	0.32215	0.27419	0.30645	0.35878	0.26891	0.30645	0.32812	0.328	0.45161	0.29787	0.35537	0.328	0.35971	0.26496	0.47414	0.28829	0.25	0.39286	0.375	0.31206	0.47015	0.4403	0.34483	0.30714	0.35246	0.34228	0.41176	0.30709	0.35156	0.36842	0.39189	0.49462	0.5	0.48864	0.49438	0.46535	0.45361	0.42308	0.44318	0.4875	0.49505	0.42697	0.35616	0.45361	0.44304	0.47561	0.475	0.45745	0.42857	0.41975	0.45833	0.47778	0.5	0.47727	0.40244	0.46512	0.5	0.49425	0.48649	0.44211	0.47059	0.44318	0.44565	0.39474	0.42391	0.46739	0.44444	0.44444	0.48148	0.41304	0.4507	0.42857	0.48352	0.45349	0.44706	0.47619	0.49074	0.42105	0.4625	0.47253	0.46988	0.41573	0.47619	0.47059	0.4382	0.44048	0.47674	0.41379	0.46392	0.37624	0.44737	0.47297	0.49074	0.48684	0.44211	0.475	0.48889	0.45192	0.4557	0.49412	0.47312	0.46067	0.44048	0.5	0.49367	0.45652	0.39623	0.45652	0.44444	0.49296	0.4898	0.45652	0.40541	0.48039	0.48052	0.47436	0.4382	0.44444	0.47727	0.35135	0.41322	0.48649	0.43478	0.41414	0.5	0.46316	0.40964	0.49367	0.47917	0.45745	0.48387	0.46512	0.45946	0.48864	0.42105	0.48913	0.47674	0.47312	0.48544	0.46316	0.49383	0.41026	0.49383	0.47297	0.37681	0.47945	0.49296	0.37879	0.48611	0.47826	0.4	0.47312	0.47761	0.47619	0.45455	0.47619	0.46512	0.48148	0.43529	0.49351	0.45882	0.49398	0.4382	0.44086	0.44872	0.49367	0.47619	0.5	0.42029	0.41791	0.38272	0.41818	0.44048	0.46154	0.43678	0.4875	0.48684	0.47561	0.46939	0.47674	0.48837	0.41096	0.49315	0.43373	0.44737	0.48052	0.46602	0.46341	0.44565	0.5	0.46667	0.4878	0.49315	0.46667	0.47727	0.4875	0.48864	0.48315	0.46237	0.45455	0.49451	0.44615	0.4625	0.47312	0.49367	0.36765	0.40909	0.48235	0.43939	0.41333	0.49296	0.47143	0.49351	0.4321	0.47312	0.42857	0.42353	0.48571	0.48571	0.47143	0.45349	0.4375	0.42857	0.47561	0.49515	0.44444	0.43299	0.42553	0.48148	0.46875	0.48148	0.47778	0.38202	0.45588	0.43902	0.47436	0.44444	0.42308	0.45055	0.46512	0.48889	0.44706	0.45556	0.4717	0.425	0.48936	0.48864	0.45333	0.41772	0.49383	0.39241	0.39759	0.49505	0.46429	0.46988	0.38372	0.46429	0.49505	0.43038	0.5	0.44211	0.48889	0.49351	0.5	0.5	0.45455	0.42857	0.36471	0.41667	0.37931	0.47561	0.42857	0.46875	0.44565	0.41892	0.45679	0.46591	0.48052	0.375	0.4557	0.49425	0.4382	0.48485	0.49495	0.45238
cell21	0.33333	0.26316	0.37342	0.32414	0.36424	0.28873	0.2875	0.25185	0.37063	0.29193	0.33088	0.34722	0.35433	0.3125	0.30702	0.31008	0.38217	0.29851	0.30303	0.30216	0.37989	0.35338	0.36364	0.29661	0.37288	0.37415	0.36913	0.33566	0.30233	0.3254	0.31884	0.31884	0.29114	0.34483	0.32704	0.32414	0.34286	0.36735	0.35374	0.31159	0.35075	0.3741	0.33846	0.36913	0.39844	0.34752	0.38346	0.25	0.29655	0.33088	0.29032	0.2875	0.39752	0.32432	0.30252	0.30882	0.28859	0.38217	0.39726	0.28994	0.31579	0.375	0.35294	0.30147	0.33533	0.31818	0.30822	0.32308	0.32609	0.31757	0.37778	0.32836	0.37013	0.35772	0.31387	0.31944	0.25517	0.43662	0.37692	0.37086	0.35036	0.38889	0.3038	0.3245	0.31304	0.35766	0.27632	0.35766	0.26573	0.28758	0.24516	0.31111	0.32432	0.39869	0.32867	0.33088	0.37086	0.29801	0.3609	0.36943	0.30201	0.32639	0.30872	0.33133	0.34074	0.37069	0.33784	0.26829	0.34302	0.33793	0.34532	0.3007	0.32886	0.32576	0.375	0.35821	0.36429	0.2803	0.36585	0.34568	0.37324	0.32704	0.34043	0.34483	0.39855	0.31613	0.38346	0.29412	0.34815	0.31933	0.31579	0.28105	0.37615	0.32836	0.29252	0.35556	0.37662	0.32903	0.36364	0.39241	0.40845	0.30065	0.39416	0.31746	0.31111	0.37671	0.37037	0.2803	0.2971	0.36496	0.38686	0.3681	0.33333	0.37857	0.33577	0.34328	0.3037	0.3	0.33333	0.34591	0.30864	0.32298	0.30201	0.36986	0.27439	0.31298	0.27097	0.30201	0.2518	0.36364	0.32468	0.33577	0.36184	0.33333	0.36641	0.35616	0.29323	0.275	0.2987	0.31429	0.304	0.31469	0.34783	0.40373	0.25564	0.3949	0.35135	0.38889	0.31944	0.38346	0.27673	0.33083	0.26627	0.31892	0.41176	0.37589	0.25564	0.34211	0.31481	0.39716	0.32639	0.37956	0.37671	0.29677	0.35172	0.39286	0.35878	0.26351	0.26056	0.312	0.30303	0.33803	0.36242	0.31159	0.34783	0.36552	0.42742	0.28125	0.32653	0.2521	0.31034	0.33117	0.3268	0.26897	0.35484	0.37778	0.31944	0.33333	0.40411	0.29341	0.32051	0.39041	0.34756	0.35669	0.42361	0.3125	0.29412	0.21324	0.32051	0.28125	0.31496	0.33813	0.31852	0.34014	0.46316	0.42453	0.4955	0.44186	0.5	0.48485	0.5	0.38938	0.40385	0.48837	0.49515	0.43023	0.48958	0.48315	0.45977	0.40964	0.44792	0.45872	0.38947	0.47475	0.42593	0.44898	0.48421	0.45714	0.42105	0.48421	0.47368	0.36905	0.47788	0.48148	0.46237	0.47312	0.5	0.46988	0.4434	0.47959	0.46729	0.40385	0.5	0.41905	0.45192	0.47126	0.47	0.45361	0.49438	0.47706	0.49524	0.45192	0.48352	0.47475	0.43636	0.48039	0.47872	0.40659	0.47253	0.45556	0.45918	0.48	0.45833	0.46729	0.44681	0.47959	0.49505	0.48361	0.46939	0.49474	0.49451	0.41837	0.47573	0.5	0.4507	0.47475	0.5	0.49438	0.42424	0.39189	0.48039	0.42553	0.48214	0.5	0.47253	0.44048	0.47115	0.41975	0.41837	0.49485	0.49412	0.48958	0.44538	0.46154	0.49573	0.43434	0.45882	0.46667	0.4375	0.43878	0.45192	0.48515	0.45833	0.44792	0.48276	0.47727	0.46067	0.42222	0.42708	0.43	0.4381	0.49425	0.46296	0.49057	0.46392	0.46316	0.44	0.48315	0.45263	0.47872	0.45349	0.47115	0.46512	0.43333	0.46512	0.46789	0.46809	0.45833	0.42105	0.43363	0.48113	0.48182	0.43333	0.45556	0.47253	0.4375	0.44444	0.48113	0.44048	0.48235	0.5	0.47727	0.44828	0.45455	0.46739	0.47525	0.48387	0.42991	0.47619	0.47126	0.46078	0.48361	0.44706	0.49315	0.44898	0.48193	0.48864	0.49505	0.48515	0.42697	0.48544	0.47887	0.48454	0.48958	0.31944	0.43564	0.48544	0.46392	0.4557	0.48673	0.45361	0.46721	0.4557	0.44643	0.48387	0.45122	0.46154	0.5	0.46914	0.39175	0.40816	0.49438	0.46512	0.4875	0.43434	0.5	0.48077	0.5	0.4382	0.43434	0.45977	0.46429	0.5	0.46809	0.44578	0.48718	0.4875	0.48696	0.49533	0.42697	0.43434	0.45455	0.43373	0.41111	0.46078	0.49624	0.45745	0.46067	0.47917	0.42683	0.45238	0.49524	0.41667	0.48889	0.40659	0.42553	0.472	0.44828	0.40777	0.5	0.46316	0.49485	0.45455	0.36937	0.45545	0.45882	0.49462	0.48571	0.48598	0.46067	0.45192	0.45283	0.44737	0.5	0.44944	0.46602	0.45192	0.45161	0.48936	0.45455	0.46512	0.3956	0.46512	0.47959	0.44578	0.46316	0.47475	0.45631	0.48544	0.48598	0.49038	0.44643	0.46154	0.38947	0.48276	0.35632	0.45833	0.48913
cell22	0.23649	0.31008	0.37908	0.35032	0.30882	0.33333	0.35433	0.34266	0.40426	0.35374	0.3125	0.3141	0.36207	0.35461	0.31783	0.34426	0.39062	0.33858	0.29927	0.35766	0.38732	0.2619	0.36923	0.36986	0.37662	0.2953	0.38732	0.31757	0.32456	0.34091	0.30827	0.31579	0.30469	0.34109	0.29365	0.3252	0.32117	0.3662	0.38686	0.34211	0.28926	0.35156	0.336	0.32624	0.28369	0.28676	0.29508	0.30075	0.35802	0.41667	0.45205	0.48175	0.2963	0.37908	0.30496	0.26718	0.28319	0.45	0.35714	0.34848	0.28261	0.32886	0.37584	0.33846	0.33333	0.35862	0.26984	0.3871	0.31447	0.3985	0.31788	0.3622	0.30709	0.27049	0.3557	0.31618	0.38462	0.40458	0.33333	0.28571	0.29412	0.34014	0.31447	0.26829	0.33088	0.30935	0.45695	0.29932	0.35938	0.41538	0.29861	0.26154	0.40667	0.33913	0.41912	0.28571	0.3522	0.35556	0.32877	0.29861	0.28667	0.32283	0.3629	0.35965	0.2585	0.27778	0.33071	0.32168	0.36496	0.37063	0.33553	0.40714	0.37302	0.32836	0.35374	0.30159	0.28859	0.30714	0.35385	0.35526	0.33974	0.32026	0.38971	0.36943	0.31159	0.34965	0.31618	0.32886	0.41892	0.25472	0.33077	0.33607	0.33083	0.31902	0.31405	0.36923	0.32624	0.27559	0.33577	0.30488	0.33951	0.31783	0.29771	0.44444	0.37815	0.3007	0.34906	0.36691	0.37037	0.28926	0.36607	0.28696	0.34586	0.32353	0.37013	0.28571	0.32812	0.3254	0.31858	0.43411	0.35088	0.35878	0.32847	0.30147	0.3125	0.32061	0.35915	0.3	0.36364	0.34921	0.28	0.34228	0.28662	0.35036	0.35659	0.37415	0.32258	0.31061	0.27815	0.31852	0.37168	0.29839	0.34646	0.36025	0.35507	0.35556	0.33103	0.36913	0.24615	0.32168	0.26923	0.39552	0.35507	0.34884	0.34028	0.28777	0.25373	0.3	0.3268	0.30719	0.34646	0.32877	0.39205	0.29008	0.34586	0.328	0.31944	0.32624	0.3617	0.43448	0.384	0.32468	0.34839	0.368	0.35075	0.34043	0.31746	0.35915	0.27273	0.35714	0.33333	0.32258	0.32283	0.29286	0.24828	0.27559	0.30159	0.31852	0.43243	0.35606	0.33974	0.37313	0.34437	0.32609	0.25362	0.31884	0.33898	0.28395	0.30657	0.30534	0.36054	0.31387	0.32886	0.35417	0.49462	0.47706	0.46835	0.5	0.4375	0.49074	0.47561	0.46939	0.42553	0.48235	0.42529	0.48611	0.39759	0.44318	0.49	0.48571	0.48421	0.45161	0.48454	0.48936	0.46067	0.47674	0.49524	0.47	0.46154	0.48889	0.47253	0.43956	0.49153	0.47561	0.49495	0.48193	0.48673	0.49315	0.4878	0.44086	0.42574	0.46914	0.43137	0.47619	0.48913	0.48052	0.47191	0.46667	0.48544	0.5	0.46667	0.48113	0.43158	0.47887	0.46067	0.46875	0.48101	0.48315	0.5	0.49398	0.49315	0.42697	0.48515	0.48315	0.44737	0.5	0.46914	0.44954	0.48387	0.4878	0.45161	0.5	0.43333	0.5	0.49351	0.48148	0.47297	0.43011	0.4902	0.46809	0.46429	0.4955	0.46237	0.4902	0.40404	0.49398	0.44792	0.44048	0.42857	0.4902	0.48958	0.46364	0.46	0.45872	0.49558	0.44318	0.47727	0.49541	0.40476	0.36145	0.45122	0.44444	0.44578	0.47191	0.46154	0.44554	0.44	0.4433	0.45946	0.46988	0.47143	0.41772	0.47727	0.49038	0.3913	0.3871	0.46237	0.425	0.40741	0.49451	0.46078	0.44944	0.48544	0.47423	0.49541	0.42553	0.42553	0.46739	0.46591	0.46	0.46429	0.49367	0.44444	0.46341	0.42857	0.46154	0.49425	0.42353	0.45	0.49383	0.47423	0.44211	0.47945	0.33981	0.37681	0.48544	0.48387	0.45098	0.4902	0.43617	0.46875	0.46154	0.46835	0.46835	0.42667	0.46739	0.39773	0.46535	0.4557	0.5	0.46602	0.47059	0.49	0.44578	0.5	0.5	0.44086	0.4	0.46591	0.48837	0.47917	0.46296	0.44928	0.4902	0.4	0.43478	0.42553	0.48913	0.45679	0.43011	0.48387	0.42708	0.46078	0.48148	0.47778	0.46067	0.42308	0.4902	0.45333	0.48837	0.49351	0.48276	0.44792	0.45783	0.41111	0.4881	0.45122	0.5	0.47561	0.44792	0.46667	0.48624	0.46667	0.47826	0.47126	0.41111	0.49451	0.41667	0.49	0.44828	0.48387	0.4902	0.49451	0.46939	0.49505	0.46939	0.47826	0.47573	0.45714	0.45283	0.48101	0.46591	0.42308	0.47826	0.49	0.46237	0.46789	0.48718	0.41284	0.42391	0.4382	0.4381	0.5	0.4026	0.44444	0.45833	0.46465	0.42424	0.45161	0.46512	0.44681	0.43689	0.48837	0.44706	0.45238	0.44186	0.47253	0.43617	0.44211	0.49451	0.45977	0.49533	0.48	0.48624	0.49474	0.4881	0.41964	0.46739
cell23	0.30719	0.35099	0.27673	0.36747	0.37576	0.33333	0.36207	0.2973	0.28931	0.35882	0.27815	0.33702	0.37241	0.32447	0.32624	0.37576	0.38095	0.35897	0.3169	0.31138	0.29333	0.35849	0.35632	0.35099	0.36747	0.4	0.27922	0.34839	0.28571	0.35758	0.32468	0.30872	0.27869	0.36667	0.38554	0.30667	0.32692	0.32075	0.37931	0.26554	0.225	0.31138	0.30435	0.37143	0.35484	0.30345	0.31788	0.24675	0.31333	0.34302	0.33094	0.32768	0.32418	0.27389	0.29518	0.33333	0.35632	0.27211	0.26667	0.26667	0.33523	0.28824	0.30653	0.33987	0.34066	0.34459	0.37313	0.32967	0.32484	0.35714	0.39759	0.36184	0.35955	0.31373	0.35461	0.3494	0.36066	0.2622	0.40588	0.35429	0.29032	0.27811	0.3046	0.33333	0.36129	0.37162	0.3625	0.28477	0.3237	0.27607	0.25161	0.28571	0.31206	0.31373	0.32667	0.32895	0.32609	0.35714	0.33108	0.31548	0.32515	0.38411	0.39597	0.37419	0.35417	0.29487	0.35766	0.38217	0.32258	0.32515	0.33544	0.37572	0.37126	0.35443	0.3	0.39474	0.39412	0.33813	0.36905	0.34132	0.33333	0.32727	0.28244	0.33136	0.31056	0.31461	0.26531	0.33566	0.31481	0.35583	0.30496	0.21277	0.29078	0.29114	0.34932	0.31429	0.32571	0.28824	0.33974	0.32258	0.29762	0.36264	0.36723	0.38312	0.28758	0.34302	0.34677	0.34395	0.35762	0.30488	0.28	0.31902	0.38462	0.41844	0.30612	0.34337	0.26613	0.31579	0.33333	0.31655	0.29885	0.31737	0.35676	0.30178	0.36076	0.29448	0.33987	0.25989	0.37736	0.32143	0.41085	0.26203	0.35465	0.30814	0.30519	0.33121	0.34673	0.28662	0.30058	0.33793	0.33333	0.34118	0.39073	0.33103	0.32099	0.39752	0.3253	0.28105	0.33784	0.3	0.34839	0.37415	0.34132	0.35233	0.33962	0.33898	0.28302	0.34247	0.34659	0.35461	0.38547	0.3141	0.33146	0.33333	0.30405	0.30882	0.3224	0.36129	0.39444	0.38065	0.34682	0.31638	0.30675	0.31613	0.2953	0.33333	0.29747	0.32203	0.27273	0.34839	0.34591	0.29341	0.32919	0.39394	0.35979	0.33103	0.38043	0.33094	0.31034	0.35567	0.35393	0.30682	0.31818	0.28947	0.32317	0.30769	0.34228	0.35417	0.33333	0.28671	0.22152	0.34161	0.2963	0.34868	0.48515	0.46957	0.45536	0.45098	0.48454	0.40541	0.4902	0.44444	0.40179	0.49541	0.46939	0.40426	0.49057	0.43478	0.46491	0.48387	0.49541	0.45299	0.40566	0.43434	0.43966	0.48598	0.49074	0.4486	0.47778	0.49524	0.48718	0.4537	0.47706	0.47872	0.48454	0.48214	0.48	0.47115	0.5	0.5	0.5	0.48958	0.46296	0.46957	0.43636	0.48235	0.48718	0.43966	0.48113	0.46774	0.48936	0.46789	0.4661	0.42056	0.47458	0.48	0.5	0.44944	0.40164	0.39669	0.46296	0.47115	0.5	0.47009	0.47826	0.47899	0.45133	0.41441	0.47706	0.42373	0.49038	0.3945	0.5	0.47436	0.49515	0.45946	0.48936	0.42991	0.48182	0.49474	0.46226	0.48246	0.46154	0.48598	0.49242	0.4026	0.42593	0.48454	0.44068	0.44037	0.42	0.47899	0.4537	0.48062	0.45631	0.488	0.47692	0.44068	0.47525	0.49515	0.47826	0.49573	0.43023	0.46226	0.40984	0.47423	0.49057	0.48182	0.5	0.5	0.43434	0.46154	0.47863	0.48214	0.48624	0.48305	0.46316	0.48598	0.45098	0.4898	0.43269	0.48673	0.38532	0.472	0.42424	0.4902	0.46491	0.44944	0.47748	0.49565	0.48889	0.48387	0.45669	0.45714	0.48246	0.46067	0.42017	0.48387	0.47273	0.46847	0.45614	0.46957	0.47423	0.48696	0.49565	0.47475	0.47059	0.4955	0.41739	0.47959	0.42735	0.47458	0.46847	0.48864	0.47059	0.48077	0.45217	0.45045	0.44118	0.4717	0.34066	0.46018	0.48182	0.44167	0.46392	0.40594	0.41593	0.42718	0.45833	0.48305	0.42391	0.39	0.45455	0.43636	0.48936	0.4878	0.46789	0.45455	0.46988	0.4902	0.45	0.41593	0.48182	0.496	0.45946	0.5	0.46392	0.45946	0.41	0.45217	0.42308	0.45192	0.41837	0.46809	0.42056	0.36667	0.48315	0.45946	0.45263	0.42105	0.45872	0.4876	0.43617	0.46667	0.43651	0.416	0.41509	0.46018	0.32979	0.41748	0.43158	0.45714	0.41667	0.43363	0.46903	0.43363	0.46721	0.43636	0.44444	0.44882	0.47872	0.5	0.40244	0.47059	0.47059	0.46667	0.45902	0.45783	0.46789	0.48958	0.49138	0.47126	0.40244	0.38384	0.43269	0.47573	0.38298	0.48387	0.47959	0.48958	0.46729	0.47312	0.47917	0.49057	0.46491	0.41414	0.49606	0.48571	0.4717	0.47368	0.44186	0.48485	0.44545	0.47126	0.49	0.47674	0.48673	0.4661
cell24	0.27778	0.35885	0.33333	0.38462	0.33333	0.30472	0.32057	0.33188	0.33191	0.38813	0.33019	0.3444	0.27551	0.28571	0.29412	0.36321	0.31915	0.35586	0.32258	0.35961	0.30488	0.34545	0.34595	0.32995	0.32692	0.36364	0.35321	0.30435	0.30493	0.38053	0.33871	0.2767	0.41014	0.31602	0.35714	0.31746	0.37339	0.34975	0.3	0.34529	0.28922	0.39732	0.27861	0.32227	0.3234	0.35	0.28723	0.30864	0.34222	0.27273	0.33195	0.29148	0.3551	0.32524	0.28311	0.33014	0.35897	0.30198	0.32821	0.34914	0.34597	0.28358	0.35887	0.37968	0.33953	0.31285	0.35577	0.30734	0.34328	0.32857	0.3262	0.30909	0.32579	0.24752	0.37186	0.34599	0.34649	0.37281	0.31797	0.36082	0.32178	0.30144	0.30645	0.28426	0.33333	0.32967	0.35294	0.38537	0.35417	0.33333	0.31646	0.35841	0.31739	0.38636	0.30769	0.35323	0.35217	0.3516	0.37674	0.35377	0.30172	0.35586	0.33495	0.23963	0.25943	0.32692	0.3	0.31416	0.34	0.30357	0.35398	0.37	0.32018	0.33146	0.304	0.27979	0.29224	0.30992	0.39024	0.28085	0.33624	0.34361	0.35681	0.34375	0.31527	0.29339	0.32609	0.31707	0.35983	0.37427	0.3172	0.38496	0.3561	0.30622	0.33679	0.31771	0.37705	0.38182	0.25114	0.36744	0.32599	0.33755	0.33333	0.34951	0.42775	0.28125	0.33654	0.35323	0.37021	0.35681	0.31188	0.28436	0.32917	0.3	0.4	0.28241	0.31667	0.2783	0.34066	0.34184	0.30204	0.30213	0.32906	0.29018	0.3625	0.33803	0.35246	0.34568	0.33495	0.30516	0.3285	0.31452	0.30189	0.36444	0.29319	0.31776	0.33745	0.311	0.35802	0.35673	0.30688	0.32673	0.33495	0.32645	0.36087	0.31472	0.34112	0.36239	0.29302	0.28899	0.30288	0.2783	0.32599	0.32453	0.38503	0.31579	0.34335	0.34529	0.30275	0.34513	0.42132	0.38462	0.32922	0.31839	0.33333	0.35238	0.33854	0.308	0.30151	0.37838	0.33197	0.32174	0.29327	0.32627	0.34764	0.32273	0.29412	0.38144	0.36842	0.31858	0.29518	0.32727	0.34335	0.32258	0.30992	0.38251	0.33735	0.38095	0.35263	0.33476	0.38916	0.32579	0.33725	0.29461	0.31004	0.37449	0.34928	0.26168	0.33617	0.34135	0.30952	0.3913	0.3271	0.33188	0.48485	0.47059	0.48148	0.46667	0.49007	0.49711	0.43137	0.42958	0.49286	0.4698	0.43836	0.46207	0.47368	0.46104	0.46721	0.48819	0.47101	0.49133	0.46584	0.44604	0.3961	0.44755	0.46	0.44643	0.49306	0.47059	0.42038	0.4965	0.49231	0.45161	0.47794	0.49635	0.44253	0.44805	0.47468	0.4875	0.41892	0.5	0.48045	0.48322	0.41958	0.43871	0.49286	0.49306	0.44371	0.43262	0.49677	0.46667	0.45161	0.47205	0.49315	0.45714	0.47333	0.49206	0.48819	0.46809	0.4303	0.44056	0.47222	0.47531	0.43114	0.49451	0.46746	0.46452	0.47899	0.49032	0.48252	0.47761	0.48966	0.4697	0.42623	0.46324	0.4589	0.41176	0.44706	0.47656	0.48951	0.48905	0.47222	0.48276	0.48252	0.46429	0.49645	0.43165	0.47586	0.48077	0.4539	0.46309	0.44444	0.49704	0.4966	0.4966	0.45882	0.43919	0.45385	0.47403	0.43077	0.4939	0.44776	0.44138	0.5	0.44928	0.47368	0.48408	0.46753	0.49682	0.47857	0.42143	0.46711	0.4939	0.48235	0.46053	0.4589	0.45985	0.44	0.4876	0.47857	0.45578	0.49007	0.4698	0.47967	0.472	0.44218	0.40476	0.48175	0.49701	0.46897	0.46457	0.49167	0.48905	0.49254	0.48966	0.44444	0.4698	0.43939	0.43902	0.46108	0.48333	0.49333	0.49645	0.4375	0.47826	0.48077	0.5	0.46023	0.4589	0.48322	0.48276	0.5	0.47664	0.48951	0.45833	0.46957	0.42857	0.48872	0.4963	0.49682	0.44767	0.4726	0.49265	0.4726	0.47586	0.43511	0.49635	0.49057	0.44715	0.46835	0.49296	0.49367	0.49438	0.48413	0.49669	0.46528	0.46565	0.46457	0.45865	0.44586	0.47368	0.4589	0.49242	0.45342	0.48148	0.48366	0.46377	0.49587	0.47682	0.47887	0.38136	0.47222	0.46377	0.5	0.47143	0.5	0.47973	0.47826	0.47097	0.37415	0.43972	0.44526	0.4507	0.43787	0.4965	0.4375	0.42424	0.49315	0.408	0.41447	0.48718	0.46309	0.47101	0.42384	0.456	0.47297	0.48889	0.47904	0.4702	0.44628	0.4863	0.4	0.49618	0.45578	0.47059	0.43529	0.48227	0.5	0.36842	0.4898	0.49306	0.48148	0.49635	0.44928	0.48667	0.41333	0.48837	0.4863	0.45865	0.43709	0.47934	0.44118	0.41803	0.40426	0.41429	0.43357	0.48795	0.49315	0.47287	0.44776	0.46479	0.4507	0.47761	0.47682	0.46528	0.4539	0.47445
cell25	0.36646	0.32237	0.33553	0.30612	0.36905	0.37931	0.30282	0.37748	0.28188	0.36496	0.34211	0.37419	0.26027	0.31788	0.33333	0.39259	0.32	0.34969	0.39024	0.3375	0.41615	0.43939	0.27108	0.33333	0.33813	0.41758	0.32653	0.39726	0.36527	0.33113	0.27083	0.3125	0.37162	0.34783	0.32877	0.33117	0.32903	0.31902	0.27815	0.34426	0.31655	0.30597	0.32571	0.24832	0.37821	0.344	0.34	0.27329	0.33113	0.32237	0.31515	0.34545	0.3	0.32867	0.2931	0.3012	0.33333	0.34328	0.35185	0.30075	0.35821	0.33333	0.3245	0.22628	0.28276	0.31469	0.29114	0.29054	0.34848	0.3038	0.34848	0.35556	0.3875	0.23841	0.27407	0.3758	0.22857	0.34483	0.27326	0.32593	0.3375	0.33679	0.37576	0.30827	0.35938	0.32237	0.37209	0.33939	0.36585	0.35294	0.30345	0.32026	0.40506	0.34783	0.3526	0.375	0.33333	0.3557	0.31429	0.29189	0.40476	0.37209	0.304	0.27273	0.28994	0.33333	0.34815	0.28859	0.27007	0.34752	0.30822	0.37162	0.2623	0.35135	0.26277	0.3625	0.3697	0.29139	0.40945	0.31373	0.31579	0.28571	0.31373	0.31447	0.33333	0.31395	0.33721	0.38	0.38182	0.30935	0.3007	0.35252	0.37662	0.36913	0.35433	0.28758	0.35928	0.29787	0.32727	0.32927	0.23571	0.36986	0.35862	0.29221	0.30769	0.34615	0.36496	0.38926	0.34014	0.30921	0.37589	0.30657	0.31111	0.33562	0.36567	0.32653	0.34058	0.33117	0.31579	0.27922	0.35878	0.31507	0.29091	0.34211	0.28462	0.34014	0.25	0.30822	0.34783	0.31902	0.38776	0.29605	0.37313	0.35294	0.3	0.34783	0.32468	0.30769	0.31792	0.35294	0.31579	0.35616	0.34091	0.26897	0.27215	0.39716	0.27742	0.34459	0.28767	0.36486	0.32903	0.41071	0.32353	0.25767	0.32117	0.31111	0.37419	0.32414	0.36076	0.34682	0.2963	0.34507	0.22785	0.3522	0.30667	0.36424	0.35714	0.36025	0.31757	0.41791	0.26144	0.34437	0.25	0.36486	0.33077	0.38806	0.34127	0.42748	0.31544	0.36154	0.27407	0.37805	0.26087	0.31544	0.41447	0.34959	0.28221	0.39375	0.28767	0.32544	0.36806	0.35938	0.32653	0.35948	0.34177	0.28947	0.40678	0.31579	0.2953	0.2782	0.35333	0.37879	0.36842	0.33803	0.45161	0.46154	0.42453	0.49474	0.49153	0.4958	0.48649	0.44828	0.49057	0.475	0.46316	0.42553	0.45918	0.45652	0.49425	0.5	0.48276	0.46154	0.43478	0.43478	0.48421	0.46939	0.49	0.4186	0.45	0.47664	0.43137	0.46602	0.39423	0.47253	0.42056	0.40367	0.475	0.48113	0.48454	0.47015	0.49533	0.45055	0.42708	0.4902	0.48454	0.48387	0.48454	0.43363	0.46667	0.47423	0.45055	0.47059	0.44444	0.44565	0.45556	0.44348	0.44828	0.48315	0.49451	0.48148	0.45614	0.46429	0.44898	0.46392	0.5	0.48649	0.42593	0.49541	0.43966	0.42478	0.45745	0.42574	0.49495	0.44792	0.47423	0.48485	0.4023	0.47273	0.5	0.44086	0.45055	0.49533	0.45	0.3913	0.45263	0.5	0.41237	0.48864	0.47778	0.41509	0.44681	0.40594	0.48	0.49074	0.4955	0.48387	0.46939	0.4434	0.5	0.49167	0.43878	0.48039	0.46789	0.49	0.46535	0.43182	0.48077	0.4661	0.45161	0.43519	0.46237	0.38384	0.43548	0.46392	0.38095	0.45614	0.46875	0.46465	0.45745	0.45217	0.44318	0.46667	0.44554	0.48421	0.44	0.4875	0.42857	0.44565	0.48276	0.47115	0.41667	0.45283	0.46316	0.45263	0.48387	0.46591	0.46341	0.46067	0.48113	0.42342	0.49451	0.44706	0.45161	0.46903	0.46729	0.42342	0.4382	0.4875	0.48598	0.42308	0.47059	0.44444	0.43478	0.4321	0.49275	0.45055	0.42529	0.45545	0.45545	0.44	0.39048	0.40217	0.42	0.43564	0.4881	0.42	0.48101	0.47059	0.47368	0.42857	0.39815	0.49425	0.47887	0.49194	0.5	0.47788	0.42453	0.48182	0.47475	0.48039	0.49524	0.47115	0.42105	0.49107	0.47059	0.47727	0.45455	0.42169	0.425	0.45918	0.35789	0.48077	0.49412	0.39759	0.5	0.49485	0.4023	0.47727	0.43802	0.43902	0.44444	0.47368	0.47368	0.48837	0.47664	0.40566	0.41053	0.45714	0.456	0.48529	0.45192	0.49462	0.45263	0.45918	0.48352	0.5	0.47872	0.3964	0.47778	0.45714	0.41573	0.46491	0.44898	0.48739	0.48352	0.46552	0.36449	0.48684	0.37255	0.46512	0.48739	0.43333	0.44944	0.46939	0.37234	0.41837	0.45882	0.49383	0.47253	0.47273	0.48315	0.44231	0.43243	0.4557	0.48182	0.3871	0.46552	0.48352	0.40278	0.49495	0.47959	0.46875	0.47423	0.48454	0.39806	0.38272	0.47706	0.45833
cell26	0.32026	0.36	0.26415	0.34054	0.34659	0.34637	0.34031	0.2924	0.32335	0.40437	0.27273	0.30256	0.2807	0.41875	0.36129	0.36986	0.40437	0.36601	0.2766	0.36702	0.35754	0.30508	0.33333	0.28986	0.31455	0.30851	0.39073	0.38217	0.4	0.31176	0.33673	0.34682	0.37349	0.35829	0.3046	0.34043	0.28409	0.32099	0.36471	0.31818	0.29891	0.36571	0.40361	0.34545	0.33588	0.30137	0.37584	0.32	0.29189	0.32222	0.32121	0.33129	0.40556	0.35294	0.31515	0.33962	0.32903	0.31902	0.32704	0.38462	0.33333	0.30899	0.38462	0.33333	0.37572	0.29375	0.41026	0.32955	0.28221	0.34831	0.2924	0.43919	0.34171	0.38378	0.29651	0.26738	0.30645	0.3526	0.28655	0.25967	0.25731	0.38251	0.33333	0.3481	0.31522	0.3172	0.34302	0.31515	0.29412	0.3369	0.35567	0.32184	0.29375	0.36076	0.32609	0.32911	0.28571	0.29375	0.39645	0.39572	0.33498	0.34783	0.27273	0.3375	0.40936	0.345	0.33544	0.31746	0.30323	0.3369	0.35503	0.31613	0.31126	0.39241	0.36686	0.36875	0.29167	0.34921	0.36628	0.34579	0.30168	0.32044	0.37267	0.34	0.39535	0.27604	0.33505	0.30488	0.37129	0.37576	0.33333	0.37989	0.37853	0.32402	0.33333	0.37576	0.36527	0.34239	0.36508	0.36527	0.38974	0.30168	0.32768	0.35196	0.36095	0.37576	0.36076	0.33133	0.33333	0.36	0.37342	0.35294	0.33537	0.32099	0.38547	0.31905	0.32704	0.3314	0.39041	0.31771	0.34536	0.36686	0.36735	0.35028	0.33728	0.37158	0.32143	0.3545	0.34884	0.32099	0.35632	0.38272	0.31818	0.31461	0.38095	0.31414	0.35028	0.34857	0.36842	0.30178	0.31548	0.3125	0.34737	0.4023	0.27072	0.30726	0.30952	0.31757	0.33766	0.3172	0.2973	0.3609	0.32948	0.31609	0.36	0.31073	0.26882	0.3561	0.26257	0.35465	0.30939	0.2875	0.25134	0.40404	0.34395	0.29944	0.34595	0.37349	0.35976	0.32065	0.30769	0.38537	0.42949	0.27835	0.3432	0.32222	0.31818	0.33333	0.33548	0.29775	0.35252	0.37209	0.38587	0.33962	0.35955	0.34507	0.38172	0.34286	0.37423	0.34659	0.4269	0.31285	0.265	0.33491	0.38743	0.27528	0.44785	0.28729	0.30857	0.37079	0.33533	0.32584	0.28108	0.33708	0.46281	0.40777	0.44262	0.48649	0.45205	0.49007	0.45263	0.416	0.49057	0.44275	0.49558	0.46154	0.43478	0.47154	0.44628	0.48421	0.44545	0.47887	0.5	0.456	0.44186	0.49219	0.4955	0.4322	0.44554	0.49138	0.42748	0.45872	0.44444	0.49254	0.49565	0.42609	0.49618	0.44954	0.39	0.45588	0.4486	0.49091	0.4958	0.46774	0.46552	0.48921	0.47748	0.47573	0.49123	0.48855	0.49138	0.49138	0.5	0.47748	0.44954	0.46218	0.392	0.41176	0.49194	0.44776	0.5	0.49533	0.41525	0.46341	0.41837	0.47692	0.49624	0.45536	0.46957	0.49275	0.46535	0.48276	0.44262	0.49138	0.48387	0.5	0.46218	0.43478	0.44554	0.46226	0.47872	0.44545	0.496	0.47475	0.48	0.4434	0.47826	0.48039	0.42188	0.43333	0.48413	0.43939	0.43902	0.45333	0.49057	0.4359	0.45833	0.47727	0.47525	0.4878	0.48077	0.44203	0.408	0.49524	0.35294	0.48246	0.47115	0.48649	0.4359	0.4955	0.49091	0.456	0.41284	0.39024	0.49091	0.48	0.46602	0.49541	0.49438	0.46667	0.48246	0.38636	0.39604	0.49606	0.4902	0.46218	0.46099	0.46535	0.40336	0.44444	0.40952	0.36082	0.44444	0.41667	0.28972	0.49593	0.43262	0.375	0.44565	0.40708	0.48571	0.44167	0.46809	0.48305	0.49038	0.44	0.45	0.44355	0.4717	0.43689	0.45455	0.41803	0.425	0.41667	0.46602	0.47	0.47573	0.45588	0.47899	0.45038	0.5	0.46218	0.48305	0.47222	0.47863	0.45536	0.45	0.45082	0.47244	0.5	0.48062	0.48718	0.47222	0.47154	0.46296	0.45918	0.4717	0.40517	0.44444	0.47959	0.40496	0.4375	0.45185	0.4381	0.496	0.45918	0.49107	0.48855	0.47748	0.46087	0.4955	0.44565	0.48544	0.44762	0.45378	0.42975	0.49587	0.37838	0.49206	0.47967	0.448	0.49091	0.48214	0.49138	0.47619	0.49573	0.48077	0.48819	0.48214	0.45872	0.42982	0.41593	0.47321	0.49138	0.48598	0.48529	0.42017	0.43333	0.42982	0.48	0.47917	0.45714	0.46602	0.47222	0.46154	0.496	0.44755	0.47458	0.46341	0.4955	0.416	0.48182	0.43158	0.46903	0.39344	0.46212	0.48485	0.49565	0.46957	0.45745	0.4466	0.43478	0.45312	0.47009	0.44531	0.48276	0.49612	0.46847	0.47368	0.4717	0.45614	0.49206	0.43434	0.47899	0.3876	0.42	0.48649	0.46465
cell27	0.29577	0.24242	0.25882	0.29885	0.48837	0.35135	0.31461	0.42857	0.35294	0.3494	0.28378	0.35065	0.26984	0.28736	0.31646	0.23288	0.30233	0.32051	0.34177	0.4359	0.32258	0.325	0.43902	0.33766	0.29545	0.33333	0.34375	0.35616	0.34091	0.24658	0.39189	0.30588	0.26389	0.33333	0.28986	0.46667	0.25316	0.32911	0.43333	0.38272	0.37333	0.2561	0.34375	0.28395	0.33803	0.34615	0.43939	0.4125	0.30769	0.37209	0.33766	0.33871	0.46809	0.37143	0.35821	0.3038	0.32468	0.27473	0.34211	0.35366	0.33333	0.3662	0.36486	0.34615	0.32911	0.37143	0.35211	0.28205	0.29412	0.325	0.2716	0.38571	0.44578	0.28205	0.34722	0.35135	0.28571	0.29688	0.25974	0.39394	0.38356	0.37975	0.4	0.39437	0.30303	0.34043	0.34667	0.34343	0.43243	0.34524	0.38636	0.29167	0.34409	0.32927	0.35938	0.35211	0.3375	0.27907	0.34884	0.35065	0.4375	0.32258	0.32099	0.38462	0.35	0.35526	0.47761	0.32558	0.35	0.37838	0.31579	0.30263	0.1791	0.43636	0.34177	0.31818	0.34737	0.27381	0.46512	0.36471	0.38095	0.22989	0.44595	0.32292	0.34146	0.28395	0.36667	0.30769	0.31507	0.42029	0.30769	0.32911	0.30986	0.38554	0.43243	0.32609	0.40816	0.31313	0.33333	0.38776	0.24096	0.44286	0.28395	0.32941	0.25424	0.38542	0.375	0.29412	0.30137	0.22826	0.2963	0.33333	0.28571	0.27848	0.48913	0.35052	0.35938	0.31915	0.23636	0.31707	0.31111	0.3125	0.26582	0.38462	0.31944	0.32877	0.34091	0.35135	0.30137	0.37805	0.31507	0.4359	0.33333	0.30488	0.3125	0.37755	0.3125	0.4382	0.2375	0.33333	0.35821	0.39241	0.42667	0.35802	0.47436	0.34615	0.4557	0.4127	0.3299	0.36	0.39241	0.35065	0.35211	0.27434	0.38889	0.27273	0.42254	0.34615	0.3125	0.36667	0.37805	0.33333	0.31461	0.35526	0.38462	0.47143	0.43038	0.34021	0.36667	0.23333	0.38889	0.30851	0.41667	0.35443	0.29268	0.41791	0.22368	0.27397	0.38462	0.36986	0.25397	0.3	0.36842	0.32895	0.31461	0.31169	0.32941	0.31579	0.3125	0.375	0.30986	0.40845	0.39394	0.32673	0.33735	0.27368	0.34286	0.2716	0.36	0.3662	0.43284	0.33333	0.41429	0.38028	0.46667	0.43333	0.33962	0.45238	0.46512	0.45	0.46552	0.46552	0.48276	0.45283	0.46154	0.5	0.5	0.48276	0.48	0.4878	0.46	0.42593	0.49275	0.41176	0.31481	0.47541	0.47368	0.5	0.44828	0.41071	0.44681	0.44444	0.37838	0.36364	0.48333	0.48214	0.46809	0.44186	0.39286	0.39583	0.44231	0.4717	0.38983	0.44068	0.47619	0.45763	0.47059	0.47887	0.48077	0.43103	0.36538	0.36735	0.48333	0.48485	0.42593	0.5	0.46032	0.42105	0.33333	0.44444	0.37097	0.46429	0.42308	0.39286	0.39344	0.46154	0.4898	0.46939	0.46296	0.47458	0.42623	0.44444	0.3913	0.49057	0.42222	0.44898	0.45238	0.42553	0.46667	0.49123	0.41379	0.48889	0.47541	0.47917	0.46809	0.46296	0.41667	0.45902	0.38596	0.40816	0.45	0.4	0.40426	0.44231	0.44615	0.48214	0.47692	0.44444	0.48276	0.4898	0.5	0.4	0.46429	0.45283	0.41818	0.49091	0.42	0.37288	0.38182	0.47619	0.4386	0.36364	0.49206	0.39286	0.45455	0.5	0.4	0.4	0.4898	0.4878	0.44186	0.41071	0.5	0.46032	0.46875	0.47727	0.45455	0.43902	0.4717	0.36538	0.46667	0.4375	0.48214	0.4359	0.41667	0.47727	0.42647	0.425	0.39216	0.45763	0.44444	0.43939	0.48214	0.47826	0.46	0.40678	0.48214	0.45763	0.36364	0.43636	0.3617	0.49123	0.48837	0.37209	0.41667	0.44262	0.44444	0.43396	0.48936	0.42593	0.48	0.5	0.47059	0.41304	0.45833	0.4375	0.42857	0.47541	0.34	0.42	0.45455	0.48387	0.39583	0.47368	0.41667	0.38182	0.48889	0.37778	0.5	0.48611	0.46154	0.48333	0.47826	0.46939	0.43284	0.34091	0.39286	0.41509	0.46667	0.43103	0.41379	0.5	0.43396	0.46552	0.44681	0.4	0.37037	0.45098	0.42857	0.4375	0.45283	0.46552	0.44231	0.41026	0.49091	0.45902	0.36	0.4878	0.40816	0.44068	0.47368	0.45098	0.5	0.42623	0.45238	0.45098	0.48276	0.45652	0.41667	0.4898	0.39535	0.46667	0.46	0.39655	0.49091	0.42373	0.46552	0.42424	0.44231	0.46774	0.46154	0.44898	0.49057	0.5	0.47059	0.48718	0.42553	0.45946	0.46939	0.39583	0.44643	0.47368	0.49123	0.47826	0.26316	0.48214	0.4902	0.4386	0.48387	0.47727	0.45455	0.43636	0.38776	0.44643	0.49206	0.49123	0.5	0.44444
cell28	0.31206	0.37008	0.28	0.36257	0.30667	0.35606	0.35526	0.34932	0.31496	0.38519	0.325	0.31206	0.34677	0.31579	0.34028	0.33333	0.33088	0.24841	0.33333	0.40278	0.33566	0.36765	0.36943	0.34286	0.32031	0.30147	0.29496	0.36691	0.28082	0.31169	0.27586	0.35507	0.29167	0.31902	0.32895	0.336	0.30464	0.32484	0.34337	0.35256	0.37209	0.3	0.30579	0.38462	0.31081	0.35461	0.34532	0.36095	0.36641	0.37405	0.37107	0.36538	0.32026	0.35036	0.31206	0.32203	0.33544	0.29221	0.30769	0.35714	0.33621	0.32468	0.33121	0.2782	0.30899	0.38971	0.30769	0.30769	0.33846	0.29932	0.31098	0.30488	0.36	0.28788	0.40157	0.24286	0.34328	0.19697	0.35714	0.27907	0.38732	0.32857	0.30137	0.39706	0.27559	0.35366	0.31148	0.37342	0.32308	0.37342	0.33333	0.29787	0.38571	0.31788	0.31724	0.34307	0.31507	0.25161	0.33582	0.33333	0.37162	0.2953	0.3	0.34722	0.30201	0.32192	0.2803	0.31818	0.35878	0.26389	0.33758	0.30573	0.2987	0.38261	0.35616	0.38686	0.3012	0.36601	0.375	0.31783	0.41007	0.35156	0.33908	0.2619	0.28276	0.38312	0.32919	0.26429	0.31373	0.392	0.26582	0.36957	0.34694	0.27338	0.31148	0.2963	0.38636	0.37267	0.38514	0.29452	0.33803	0.31298	0.34591	0.34752	0.33784	0.25714	0.33333	0.33571	0.30935	0.3	0.38281	0.38732	0.32836	0.30827	0.2446	0.39416	0.32576	0.35664	0.26471	0.25397	0.32414	0.36875	0.32317	0.35172	0.3913	0.31387	0.35821	0.29545	0.32283	0.33088	0.36364	0.30769	0.42466	0.33333	0.3876	0.31429	0.28387	0.24286	0.34659	0.29655	0.35338	0.25676	0.35606	0.38095	0.3252	0.29323	0.25694	0.3806	0.36232	0.27206	0.29197	0.32215	0.31293	0.30769	0.31126	0.31655	0.33835	0.27857	0.33103	0.32653	0.33557	0.33898	0.30714	0.34307	0.31008	0.29825	0.36364	0.40157	0.3986	0.38806	0.37313	0.26623	0.31429	0.33103	0.32593	0.42636	0.35659	0.31159	0.30882	0.33835	0.28926	0.32432	0.44295	0.27586	0.35256	0.27273	0.37415	0.36	0.31452	0.32903	0.36364	0.28652	0.30539	0.33103	0.39041	0.28667	0.26761	0.33333	0.28758	0.31469	0.31068	0.29921	0.36496	0.33088	0.46535	0.48837	0.48936	0.46739	0.47115	0.40385	0.49438	0.44037	0.41935	0.47368	0.44762	0.5	0.44444	0.44444	0.5	0.46739	0.47917	0.46957	0.44944	0.45545	0.49505	0.39423	0.49515	0.43678	0.47475	0.47525	0.43299	0.49474	0.45455	0.47423	0.48077	0.41758	0.42708	0.49412	0.44565	0.45098	0.5	0.44	0.42708	0.5	0.39604	0.43119	0.47222	0.43519	0.47458	0.46226	0.43182	0.48113	0.43564	0.45631	0.43158	0.45192	0.47368	0.49462	0.47312	0.475	0.42697	0.41667	0.45055	0.49451	0.49485	0.47664	0.45614	0.45	0.45	0.46667	0.48276	0.48936	0.44792	0.44444	0.45794	0.48889	0.47826	0.49524	0.41667	0.45783	0.48864	0.44762	0.47	0.44231	0.4434	0.4382	0.49451	0.42727	0.42697	0.42991	0.41414	0.41346	0.49515	0.48214	0.41	0.45714	0.37255	0.49383	0.42553	0.39	0.38614	0.45556	0.39216	0.42697	0.5	0.43564	0.42353	0.46341	0.42222	0.38554	0.49425	0.46067	0.47273	0.45946	0.48352	0.46667	0.46667	0.48421	0.47312	0.48148	0.40476	0.47826	0.47959	0.46392	0.46667	0.48276	0.47423	0.45055	0.47674	0.37113	0.5	0.4902	0.46591	0.5	0.4	0.47312	0.40171	0.47826	0.44681	0.38144	0.39252	0.41429	0.44048	0.47826	0.49495	0.47674	0.44118	0.48077	0.46809	0.42169	0.49524	0.47154	0.47368	0.41975	0.48387	0.48052	0.49367	0.49451	0.45192	0.46875	0.47191	0.39362	0.48	0.43333	0.40816	0.38636	0.49438	0.40187	0.5	0.46847	0.45794	0.44554	0.44211	0.48485	0.44186	0.44565	0.5	0.47619	0.47253	0.45333	0.48958	0.45455	0.46875	0.47368	0.44248	0.44565	0.45977	0.46296	0.43434	0.46154	0.45455	0.49333	0.46729	0.46739	0.43	0.46237	0.44211	0.4898	0.49438	0.5	0.47126	0.47059	0.45361	0.5	0.49451	0.49038	0.44231	0.41096	0.42857	0.47126	0.4875	0.48515	0.48235	0.5	0.43299	0.49107	0.49091	0.48936	0.46154	0.48421	0.45918	0.41584	0.41558	0.49398	0.4433	0.44565	0.45	0.46809	0.43	0.48624	0.47423	0.49462	0.45882	0.47778	0.45745	0.48276	0.44	0.49462	0.46154	0.47778	0.46226	0.45783	0.46237	0.42169	0.47126	0.48315	0.42697	0.4375	0.41573	0.47674	0.46667	0.43956	0.39326	0.48	0.47059	0.40476	0.5	0.49057
cell29	0.31776	0.35106	0.39831	0.37692	0.30159	0.32203	0.34188	0.37624	0.3	0.3245	0.32727	0.32558	0.28846	0.392	0.30909	0.31356	0.28	0.33981	0.29787	0.36364	0.37903	0.30769	0.34951	0.34921	0.3964	0.31933	0.352	0.33628	0.32673	0.35294	0.31624	0.40777	0.31818	0.32258	0.33582	0.34343	0.26772	0.36111	0.25	0.41121	0.31481	0.39796	0.27586	0.33962	0.33871	0.27723	0.31868	0.37398	0.3254	0.31132	0.35433	0.29	0.30894	0.34167	0.29808	0.28723	0.32203	0.37143	0.33628	0.30357	0.30337	0.36842	0.375	0.38053	0.29915	0.28866	0.35455	0.31858	0.33945	0.32323	0.35185	0.36792	0.41958	0.33036	0.38182	0.37069	0.42969	0.3299	0.34454	0.32222	0.38095	0.40984	0.336	0.36735	0.32143	0.40769	0.2605	0.34959	0.34454	0.37037	0.36441	0.32743	0.41176	0.38938	0.35514	0.31959	0.4065	0.28696	0.33333	0.30645	0.312	0.27083	0.29592	0.41935	0.41284	0.39362	0.25806	0.33607	0.32075	0.41509	0.376	0.33333	0.34615	0.29885	0.35878	0.28723	0.29457	0.38095	0.33333	0.38095	0.26496	0.30508	0.36975	0.39669	0.34	0.37168	0.29752	0.35	0.28571	0.29204	0.38793	0.33	0.28866	0.33043	0.34653	0.41129	0.32174	0.30357	0.33071	0.35238	0.31304	0.36458	0.24419	0.32	0.31633	0.33981	0.32203	0.32143	0.33913	0.28261	0.44167	0.36842	0.33962	0.45536	0.31496	0.32061	0.30435	0.27184	0.36559	0.45263	0.36634	0.33884	0.29091	0.34677	0.33333	0.24528	0.28972	0.3252	0.29565	0.37168	0.37097	0.27679	0.33065	0.29126	0.38542	0.29921	0.30189	0.34188	0.34375	0.38095	0.25882	0.35652	0.26214	0.28723	0.272	0.36364	0.32353	0.26415	0.37719	0.34167	0.4375	0.26804	0.32692	0.36364	0.43478	0.3037	0.4	0.28302	0.35652	0.28696	0.32353	0.3211	0.44643	0.32653	0.35238	0.38235	0.36134	0.27536	0.33981	0.30075	0.25234	0.31496	0.34783	0.34653	0.34513	0.31405	0.38542	0.37895	0.31746	0.31395	0.3012	0.33628	0.35345	0.30833	0.34234	0.43519	0.31746	0.35	0.35659	0.37226	0.3271	0.38889	0.41379	0.34921	0.36893	0.34286	0.43966	0.32061	0.41	0.33793	0.33036	0.33036	0.33333	0.38168	0.48235	0.46914	0.42222	0.46377	0.35593	0.47	0.4058	0.46429	0.42424	0.37879	0.42466	0.41538	0.44068	0.46988	0.46154	0.4	0.45763	0.44444	0.40845	0.45588	0.49412	0.40476	0.44828	0.4625	0.47945	0.46835	0.47368	0.45714	0.48529	0.41176	0.48684	0.43836	0.47561	0.48571	0.38961	0.46988	0.45455	0.43182	0.47692	0.48454	0.46552	0.47222	0.43056	0.42466	0.38806	0.48611	0.44595	0.42424	0.44	0.45238	0.46575	0.46835	0.45588	0.43662	0.48148	0.48718	0.4375	0.42857	0.46575	0.46269	0.45	0.4557	0.46667	0.47312	0.46667	0.40789	0.41096	0.4507	0.49333	0.45333	0.45714	0.47368	0.47761	0.38824	0.48438	0.4918	0.49296	0.5	0.43836	0.4875	0.46479	0.45455	0.47826	0.48718	0.41558	0.4557	0.46875	0.45679	0.4086	0.43529	0.35484	0.48	0.48684	0.48235	0.4878	0.47143	0.46269	0.40426	0.45333	0.47368	0.36111	0.45333	0.4507	0.49254	0.44444	0.46341	0.5	0.40476	0.4	0.47945	0.48485	0.46429	0.48684	0.48	0.46154	0.44898	0.5	0.47826	0.44706	0.44118	0.46939	0.46154	0.46269	0.49351	0.48052	0.49451	0.42466	0.49333	0.47368	0.44444	0.45455	0.48649	0.48148	0.5	0.46835	0.45763	0.45946	0.45588	0.4	0.42169	0.43478	0.475	0.46341	0.46053	0.47126	0.44595	0.46154	0.42105	0.47826	0.46667	0.49091	0.39437	0.47297	0.48649	0.47297	0.49206	0.39474	0.39437	0.49333	0.48684	0.44737	0.43662	0.47541	0.48039	0.49333	0.45263	0.48276	0.44578	0.45333	0.425	0.47826	0.48148	0.48235	0.46269	0.41892	0.41429	0.48611	0.46341	0.46835	0.45833	0.48052	0.47761	0.47143	0.46753	0.4	0.47143	0.36923	0.43103	0.42857	0.46053	0.49231	0.34211	0.47143	0.45455	0.47619	0.49333	0.42466	0.48718	0.33333	0.49333	0.45652	0.46591	0.48101	0.4507	0.49296	0.40845	0.44444	0.40323	0.40278	0.40789	0.48101	0.38272	0.49254	0.47826	0.39394	0.48276	0.49383	0.45312	0.43077	0.49495	0.46575	0.375	0.46512	0.49351	0.45455	0.41791	0.47727	0.46835	0.49254	0.4625	0.41509	0.44737	0.46154	0.37879	0.46053	0.44776	0.46154	0.4058	0.45312	0.49383	0.41892	0.43421	0.49315	0.4	0.39241	0.45	0.46269	0.4881	0.36765	0.43038	0.48571	0.46914	0.44156	0.4
cell30	0.31967	0.31068	0.32222	0.38	0.3	0.35185	0.39785	0.31624	0.27	0.29508	0.39583	0.34167	0.31683	0.35514	0.31429	0.35955	0.4	0.34694	0.37069	0.32692	0.30769	0.30769	0.35294	0.35354	0.32143	0.26596	0.22667	0.26852	0.35165	0.23656	0.34043	0.26882	0.30928	0.47321	0.33058	0.35165	0.39048	0.32432	0.34343	0.45192	0.36607	0.33684	0.41284	0.3125	0.2809	0.32895	0.3913	0.34862	0.34409	0.28283	0.25234	0.33333	0.40541	0.31	0.34615	0.23333	0.40426	0.34286	0.375	0.31897	0.32292	0.38462	0.30476	0.27	0.32653	0.25641	0.39796	0.28283	0.26923	0.38554	0.35238	0.38462	0.25	0.21111	0.36905	0.35	0.32353	0.28571	0.33945	0.40404	0.35294	0.23529	0.32727	0.33654	0.38	0.30769	0.36471	0.26724	0.29268	0.30357	0.26923	0.25263	0.32258	0.30435	0.42056	0.27358	0.37383	0.33333	0.33673	0.2844	0.26606	0.32955	0.34821	0.32075	0.3271	0.29703	0.34783	0.31	0.36364	0.32609	0.34375	0.36559	0.36697	0.32039	0.29907	0.35632	0.36364	0.41379	0.39669	0.30476	0.27966	0.39175	0.31481	0.34653	0.38554	0.24	0.29688	0.27368	0.30392	0.29412	0.31193	0.28866	0.375	0.27	0.36559	0.33333	0.25688	0.34314	0.28431	0.34167	0.3	0.42991	0.38462	0.25743	0.40476	0.39175	0.37615	0.38462	0.35922	0.36264	0.39394	0.34091	0.23529	0.31481	0.375	0.31776	0.29545	0.39815	0.36145	0.26316	0.37168	0.34409	0.34906	0.33663	0.37079	0.39362	0.38776	0.34545	0.38824	0.35922	0.34188	0.32099	0.33333	0.39423	0.35632	0.35922	0.25	0.17895	0.36134	0.36275	0.29213	0.35052	0.28846	0.29412	0.33333	0.4	0.32759	0.33663	0.33708	0.26	0.41509	0.375	0.3299	0.35507	0.37113	0.36697	0.33696	0.33333	0.30526	0.38793	0.3617	0.35052	0.34821	0.24299	0.26733	0.36364	0.29032	0.24324	0.32584	0.41667	0.37624	0.31481	0.37	0.39326	0.36111	0.23529	0.35514	0.375	0.3253	0.33981	0.37349	0.28723	0.31034	0.26596	0.2963	0.34146	0.32222	0.37624	0.33981	0.32174	0.2963	0.30435	0.30337	0.32432	0.28421	0.34	0.3619	0.35556	0.29661	0.33684	0.38947	0.3871	0.26744	0.38835	0.48718	0.47059	0.49231	0.48571	0.49275	0.41026	0.42169	0.4127	0.40909	0.46552	0.44444	0.48052	0.48571	0.44615	0.42623	0.45902	0.42623	0.47368	0.5	0.44118	0.33871	0.44615	0.48276	0.4	0.44615	0.45333	0.44828	0.45161	0.5	0.46154	0.46667	0.43836	0.5	0.3913	0.4507	0.46053	0.47761	0.48718	0.46667	0.49275	0.48684	0.40678	0.46053	0.48077	0.45	0.43103	0.49254	0.42466	0.48571	0.43284	0.44444	0.49296	0.45	0.40678	0.46377	0.47761	0.46296	0.46575	0.47761	0.48684	0.45763	0.47143	0.45652	0.45946	0.47273	0.47436	0.40845	0.47458	0.45455	0.44595	0.41333	0.49206	0.45455	0.45763	0.45833	0.48214	0.49206	0.48438	0.46774	0.42105	0.48052	0.47297	0.42667	0.375	0.46269	0.46154	0.5	0.49231	0.44	0.46988	0.47273	0.48052	0.49351	0.37681	0.47273	0.37931	0.48077	0.47826	0.45783	0.48214	0.49123	0.42466	0.35714	0.47059	0.32653	0.375	0.45763	0.49206	0.49231	0.44118	0.48571	0.41538	0.45205	0.48571	0.41379	0.48387	0.43056	0.48571	0.48387	0.44118	0.44928	0.44444	0.48276	0.45455	0.40385	0.36486	0.42188	0.43636	0.48485	0.48	0.45946	0.44262	0.49231	0.38235	0.43478	0.39062	0.45783	0.42308	0.4386	0.34615	0.4507	0.43243	0.43548	0.47619	0.44615	0.46875	0.49315	0.43421	0.40816	0.43284	0.4717	0.43077	0.41538	0.42424	0.47761	0.46774	0.42222	0.48052	0.48	0.45312	0.5	0.48214	0.37931	0.47945	0.45205	0.45833	0.5	0.45205	0.47826	0.45455	0.48611	0.44928	0.41509	0.45946	0.49153	0.37313	0.48684	0.45902	0.45714	0.37681	0.49231	0.42373	0.41667	0.44286	0.4697	0.47692	0.43077	0.44776	0.46552	0.45455	0.4026	0.47761	0.45	0.40984	0.49296	0.47297	0.48276	0.46154	0.4058	0.4	0.45161	0.49206	0.46377	0.48333	0.37931	0.5	0.45714	0.49123	0.47619	0.32203	0.4	0.5	0.48438	0.4	0.37313	0.44068	0.45098	0.48052	0.45	0.44595	0.38095	0.49254	0.47692	0.41538	0.4881	0.47761	0.32432	0.40625	0.48387	0.46667	0.49275	0.45882	0.48214	0.45614	0.45	0.49275	0.49091	0.43077	0.40351	0.49153	0.37975	0.47887	0.4386	0.425	0.44444	0.44262	0.48529	0.47826	0.49231	0.46269	0.47368	0.49333	0.48571	0.46667
cell31	0.27	0.33333	0.36429	0.34167	0.35514	0.36082	0.35238	0.32673	0.44643	0.32456	0.34677	0.26923	0.42268	0.27778	0.34343	0.39	0.33333	0.30097	0.34286	0.35238	0.36429	0.33981	0.41748	0.41071	0.21101	0.33333	0.25806	0.32203	0.352	0.36842	0.33898	0.40367	0.27358	0.28302	0.30579	0.35294	0.36364	0.38889	0.35345	0.36082	0.33	0.3125	0.40952	0.36957	0.28689	0.36029	0.28846	0.33019	0.32353	0.34146	0.41964	0.40777	0.26923	0.33028	0.35965	0.30612	0.29839	0.26786	0.37615	0.28676	0.37736	0.23333	0.33654	0.33333	0.35772	0.35714	0.312	0.2973	0.36607	0.36275	0.35	0.35714	0.27381	0.28302	0.31395	0.42241	0.39252	0.28723	0.35772	0.30088	0.32039	0.33607	0.4	0.32609	0.31776	0.35593	0.33645	0.28244	0.33043	0.34234	0.27928	0.30435	0.39604	0.35965	0.31183	0.32456	0.36111	0.46237	0.31818	0.33871	0.32143	0.28713	0.34021	0.36283	0.46296	0.2807	0.35849	0.35345	0.3271	0.33962	0.2562	0.30172	0.3	0.33333	0.31496	0.31746	0.26562	0.24793	0.32692	0.28467	0.32381	0.40816	0.30275	0.32812	0.30526	0.3875	0.33333	0.30702	0.33962	0.37255	0.34906	0.35	0.31532	0.33019	0.28866	0.30631	0.26549	0.33333	0.31481	0.32773	0.4031	0.38835	0.32479	0.28182	0.36634	0.39091	0.35238	0.34711	0.30714	0.32632	0.30631	0.38938	0.42308	0.34862	0.34545	0.33036	0.21839	0.40164	0.42105	0.26042	0.31579	0.30702	0.34454	0.40777	0.38235	0.3945	0.25532	0.24194	0.29167	0.45098	0.36697	0.34426	0.27273	0.36559	0.32292	0.32824	0.31579	0.29358	0.31034	0.40909	0.30851	0.32456	0.33019	0.36975	0.32203	0.35514	0.29907	0.29839	0.38261	0.24324	0.26667	0.37234	0.35833	0.31343	0.30693	0.33043	0.38776	0.26724	0.39785	0.31132	0.29114	0.29358	0.28125	0.36697	0.36667	0.43564	0.28099	0.35345	0.27273	0.38384	0.36364	0.30275	0.31897	0.40385	0.31429	0.26549	0.39024	0.28571	0.31667	0.31429	0.33333	0.28155	0.25641	0.39091	0.3254	0.33333	0.37037	0.31731	0.38333	0.37681	0.27523	0.26316	0.31933	0.34188	0.34615	0.29808	0.35514	0.32174	0.31683	0.375	0.39423	0.2907	0.30702	0.27	0.43373	0.46535	0.47826	0.48718	0.45333	0.47561	0.49254	0.46988	0.44615	0.48611	0.46269	0.4	0.48718	0.4881	0.44595	0.41176	0.49383	0.44872	0.5	0.5	0.46667	0.4557	0.45	0.49296	0.34783	0.49275	0.44444	0.39506	0.48	0.41573	0.47436	0.49351	0.43529	0.42105	0.49351	0.39241	0.39706	0.42857	0.49333	0.44444	0.425	0.46835	0.49091	0.47436	0.42466	0.45455	0.43333	0.5	0.48958	0.46154	0.44737	0.4875	0.47826	0.43284	0.47143	0.41667	0.46269	0.48387	0.47692	0.46479	0.42029	0.42667	0.49206	0.47059	0.45333	0.41176	0.46269	0.45312	0.44444	0.49412	0.4881	0.43158	0.46154	0.44	0.43038	0.44068	0.39024	0.48	0.46753	0.47059	0.45455	0.47368	0.38947	0.47674	0.48438	0.43939	0.49206	0.5	0.46939	0.47143	0.47059	0.44944	0.48235	0.3875	0.43182	0.47143	0.47059	0.44944	0.39344	0.42857	0.45333	0.45161	0.45714	0.48611	0.46774	0.41975	0.43243	0.43077	0.49333	0.46053	0.49254	0.41096	0.43038	0.46667	0.40625	0.4	0.49254	0.43056	0.44262	0.44	0.47436	0.35135	0.45205	0.45763	0.44615	0.46988	0.46154	0.4321	0.39344	0.46154	0.46269	0.38202	0.46154	0.45946	0.43902	0.38372	0.4026	0.37143	0.47692	0.49351	0.47826	0.48864	0.45714	0.43939	0.44262	0.47368	0.44262	0.4359	0.31579	0.44615	0.47761	0.43662	0.4875	0.43056	0.49383	0.47222	0.4186	0.47619	0.48571	0.45205	0.42593	0.49383	0.48684	0.47761	0.45763	0.46154	0.37288	0.46739	0.43836	0.48837	0.48387	0.39506	0.42105	0.5	0.48052	0.43056	0.46988	0.46341	0.48485	0.48611	0.48454	0.42105	0.42647	0.4375	0.44828	0.4382	0.48649	0.46667	0.45977	0.46667	0.48611	0.4127	0.4	0.46479	0.42424	0.43478	0.5	0.48864	0.49254	0.49231	0.46575	0.48529	0.42353	0.48	0.49383	0.47273	0.39344	0.48438	0.47222	0.375	0.45946	0.45205	0.46835	0.48718	0.45205	0.48544	0.45205	0.47253	0.45	0.38095	0.45	0.48	0.41935	0.37143	0.4875	0.48649	0.44086	0.41558	0.49275	0.45	0.44595	0.5	0.43137	0.33333	0.44444	0.42308	0.4918	0.48485	0.41429	0.43662	0.45161	0.45205	0.48571	0.42857	0.46575	0.36364	0.44776	0.41463	0.48148	0.48333	0.47561	0.35714	0.49438	0.4878
cell32	0.46237	0.47297	0.47368	0.43137	0.42424	0.45122	0.45122	0.45122	0.43	0.45	0.44318	0.48864	0.49383	0.47368	0.48718	0.43662	0.4	0.47312	0.44	0.47436	0.49495	0.46535	0.47312	0.45833	0.46667	0.49412	0.44156	0.47253	0.48684	0.46269	0.46067	0.4878	0.42045	0.45745	0.47619	0.42222	0.46591	0.42268	0.3956	0.38028	0.48101	0.48837	0.44156	0.49462	0.46341	0.49425	0.5	0.42568	0.31387	0.40945	0.34586	0.288	0.27692	0.36975	0.30303	0.31667	0.31579	0.36296	0.3719	0.34884	0.2406	0.28276	0.33884	0.37705	0.29496	0.41509	0.34028	0.36765	0.26606	0.36842	0.3622	0.35659	0.39568	0.31061	0.24576	0.0	0.0	0.0	0.0	0.0	0.0	0.0	0.0	0.0	0.5	0.5	0.5	0.0	0.0	0.0	0.49	0.44681	0.42391	0.48718	0.48485	0.36111	0.46575	0.38554	0.44898	0.43878	0.47	0.48193	0.44615	0.44318	0.48315	0.4881	0.49	0.5	0.46875	0.46875	0.49425	0.48113	0.47619	0.5	0.49451	0.48077	0.45098	0.425	0.47368	0.47959	0.45455	0.45783	0.47727	0.47253	0.375	0.37615	0.48	0.49438	0.49451	0.42045	0.41053	0.49254	0.42222	0.40964	0.45783	0.43299	0.48148	0.46914	0.45455	0.49398	0.49351	0.48352	0.46591	0.4878	0.40909	0.5	0.4875	0.47368	0.38636	0.45455	0.46053	0.42857	0.48515	0.44286	0.48889	0.47312	0.49383	0.46154	0.48148	0.44444	0.49515	0.44048	0.46237	0.43564	0.4881	0.44595	0.42857	0.48958	0.48936	0.46512	0.45455	0.44944	0.49558	0.48913	0.48718	0.45361	0.4375	0.45652	0.47619	0.42045	0.42857	0.4	0.48684	0.48889	0.4878	0.43182	0.44048	0.45455	0.41975	0.48276	0.48352	0.47561	0.40789	0.40777	0.5	0.49485	0.42045	0.48235	0.44186	0.46939	0.48148	0.46269	0.45872	0.49438	0.4875	0.44048	0.49425	0.49425	0.46835	0.45122	0.49485	0.43038	0.44444	0.43023	0.49333	0.49438	0.44578	0.46575	0.42222	0.46535	0.5	0.49367	0.46053	0.44828	0.42857	0.46739	0.47872	0.46512	0.48276	0.4	0.38806	0.46875	0.44186	0.47619	0.4466	0.4902	0.4875	0.49474	0.46078	0.41463	0.49438	0.46875	0.41837	0.42553	0.43478	0.46667	0.36842	0.44737	0.47368	0.48193	0.46739	0.42683	0.47899	0.43182	0.44828	0.44776	0.45882	0.41667	0.44048	0.48485	0.42553	0.47573	0.45455	0.4	0.48193	0.45192	0.5	0.40964	0.35354	0.46429	0.48454	0.47887	0.40426	0.44578	0.42529	0.40741	0.46512	0.46753	0.5	0.46809	0.5	0.33696	0.45679	0.42857	0.44578	0.49425	0.48718	0.5	0.44186	0.47423	0.48673	0.49	0.45833	0.48315	0.48235	0.48421	0.38542	0.48864	0.46835	0.48235	0.47674	0.47778	0.5	0.44048	0.47	0.5	0.47945	0.46429	0.41584	0.44872	0.46316	0.48529	0.44304	0.45238	0.49333	0.42391	0.4186	0.44681	0.45	0.3913	0.45122	0.49315	0.49474	0.47778	0.49451	0.42857	0.46739	0.5	0.48936	0.49333	0.49462	0.38824	0.44578	0.41176	0.48315	0.48515	0.44186	0.44578	0.44928	0.49333	0.49333	0.43056	0.4321	0.47945	0.39706	0.48235	0.43878	0.34118	0.4	0.34118	0.48101	0.48387	0.48889	0.43333	0.45238	0.49412	0.43662	0.45556	0.47674	0.47126	0.49367	0.49	0.425	0.47525	0.49485	0.36782	0.46429	0.46429	0.48837	0.42391	0.47126	0.41463	0.43038	0.47191	0.46429	0.5	0.41584	0.3625	0.46067	0.44944	0.44565	0.44595	0.49383	0.475	0.4878	0.3913	0.38824	0.43038	0.43373	0.41304	0.46237	0.47674	0.47778	0.37179	0.45783	0.45122	0.42857	0.42857	0.49254	0.42857	0.46809	0.46809	0.43478	0.39024	0.44086	0.40909	0.48352	0.47126	0.46988	0.46316	0.4881	0.4902	0.43056	0.44048	0.45333	0.4375	0.44706	0.49451	0.45	0.4375	0.38835	0.49367	0.48649	0.47414	0.40816	0.43182	0.44578	0.45556	0.46269	0.46154	0.44565	0.42683	0.45238	0.43137	0.49425	0.42045	0.4375	0.46316	0.4878	0.45652	0.42105	0.43137	0.4625	0.44706	0.48958	0.49451	0.47561	0.44444	0.46835	0.43038	0.47674	0.44186	0.46479	0.41379	0.5	0.46429	0.43689	0.46753	0.44048	0.40217	0.46667	0.48649	0.44737	0.48101	0.48101	0.48235	0.42857	0.4625	0.49074	0.45652	0.44554	0.41379	0.46377	0.45238	0.47826	0.4875	0.44828	0.42169	0.3494	0.32099	0.5	0.49367	0.48101	0.44444	0.43902	0.47436	0.49367	0.49383	0.5	0.46835	0.47692	0.46	0.49333	0.4881	0.40476	0.5	0.46809	0.48837
cell33	0.45192	0.48413	0.43307	0.45865	0.44954	0.48333	0.49265	0.48485	0.49123	0.46154	0.48062	0.49587	0.48276	0.46341	0.47368	0.41414	0.4322	0.4918	0.47934	0.48246	0.4908	0.49057	0.49265	0.424	0.47101	0.43636	0.46903	0.47414	0.47692	0.41739	0.47899	0.48077	0.43836	0.48739	0.47794	0.39316	0.45082	0.5	0.47899	0.48182	0.45455	0.41727	0.47458	0.46269	0.43478	0.4955	0.4898	0.31313	0.33908	0.34043	0.34694	0.36207	0.30189	0.32632	0.31551	0.28652	0.35268	0.2957	0.38378	0.33971	0.32796	0.34054	0.32569	0.4	0.34862	0.30899	0.29384	0.40698	0.31461	0.28161	0.31111	0.34	0.34737	0.32683	0.32597	0.0	0.0	0.0	0.0	0.0	0.0	0.0	0.0	0.0	0.5	0.5	0.5	0.0	0.0	0.0	0.49593	0.49219	0.45455	0.48276	0.49342	0.49091	0.48905	0.45736	0.45299	0.46043	0.47059	0.48529	0.42748	0.36134	0.45528	0.45902	0.44366	0.43077	0.45968	0.48	0.4697	0.45695	0.44954	0.42857	0.46479	0.43651	0.48993	0.47857	0.47518	0.48462	0.47788	0.45802	0.48246	0.49242	0.45045	0.41135	0.4697	0.35652	0.47934	0.4958	0.49167	0.456	0.42969	0.44828	0.49593	0.49612	0.44025	0.45455	0.4486	0.49206	0.44355	0.49558	0.49606	0.45378	0.4322	0.42202	0.49153	0.48837	0.45806	0.47328	0.43396	0.39806	0.4918	0.4065	0.44275	0.48696	0.41739	0.47541	0.42718	0.48673	0.47917	0.44737	0.46512	0.42282	0.48062	0.43966	0.47761	0.49624	0.5	0.48551	0.46957	0.5	0.48148	0.41322	0.48718	0.42623	0.5	0.45872	0.45522	0.42763	0.4403	0.48837	0.47934	0.49558	0.47244	0.46296	0.47244	0.44275	0.49573	0.472	0.45736	0.44444	0.44882	0.48438	0.47788	0.49242	0.5	0.49153	0.46324	0.44186	0.48276	0.45299	0.44	0.448	0.46032	0.46457	0.47953	0.38384	0.49074	0.42063	0.44218	0.46667	0.4958	0.43519	0.5	0.41045	0.4898	0.44961	0.45161	0.44643	0.44643	0.49606	0.475	0.47692	0.46457	0.45614	0.48148	0.42308	0.43307	0.44262	0.45985	0.44444	0.45	0.47244	0.48387	0.45161	0.47863	0.4661	0.48739	0.47826	0.47009	0.43307	0.41964	0.49565	0.49635	0.48344	0.45455	0.43972	0.4878	0.42754	0.40909	0.43697	0.49275	0.47115	0.49231	0.48673	0.49219	0.47541	0.43636	0.49541	0.47619	0.46104	0.46491	0.41045	0.43651	0.41803	0.43307	0.496	0.45522	0.48837	0.41667	0.48214	0.4569	0.41463	0.464	0.45455	0.49664	0.46154	0.44615	0.3931	0.47445	0.47872	0.42361	0.4359	0.44231	0.46667	0.42373	0.42063	0.49206	0.47143	0.49038	0.5	0.49286	0.48739	0.43182	0.42647	0.4589	0.39683	0.48855	0.49138	0.45536	0.47059	0.392	0.43421	0.44444	0.48413	0.4726	0.45926	0.47761	0.48246	0.46729	0.49123	0.47581	0.46721	0.39695	0.46154	0.45794	0.48855	0.45736	0.5	0.48551	0.45528	0.45775	0.47619	0.49612	0.5	0.47059	0.43333	0.47482	0.4065	0.47115	0.45588	0.5	0.45324	0.42742	0.46753	0.48031	0.5	0.5	0.49573	0.42424	0.49612	0.46825	0.44262	0.49618	0.47525	0.41026	0.44186	0.47899	0.41558	0.47788	0.35897	0.36975	0.44805	0.42857	0.44828	0.47552	0.40351	0.4381	0.48039	0.47934	0.47794	0.47445	0.4359	0.49254	0.46721	0.48905	0.37168	0.45217	0.46087	0.48529	0.44248	0.47761	0.47934	0.48039	0.49167	0.48611	0.4876	0.46296	0.46602	0.48921	0.43411	0.47321	0.44521	0.41905	0.4539	0.46309	0.41481	0.5	0.46281	0.48276	0.48361	0.47794	0.40157	0.47253	0.48673	0.47794	0.4812	0.47107	0.4878	0.46491	0.46552	0.37288	0.44167	0.47009	0.48696	0.42241	0.49593	0.42742	0.49254	0.47934	0.4252	0.45946	0.49315	0.44231	0.47244	0.4186	0.46377	0.46094	0.46218	0.47934	0.46729	0.49624	0.48462	0.49153	0.47525	0.46528	0.40458	0.42975	0.4965	0.49624	0.4717	0.49558	0.47967	0.47656	0.408	0.43902	0.48092	0.4965	0.46358	0.46875	0.47368	0.48855	0.47244	0.49606	0.48031	0.4878	0.46957	0.48673	0.38655	0.4403	0.47581	0.49242	0.4812	0.47887	0.43046	0.44531	0.42857	0.47794	0.45522	0.4661	0.45714	0.48739	0.46309	0.46721	0.5	0.48201	0.42157	0.48344	0.46429	0.47183	0.49593	0.46552	0.49194	0.46875	0.49624	0.48148	0.5	0.45324	0.45133	0.44643	0.49593	0.4697	0.45985	0.42754	0.47101	0.46324	0.45038	0.49123	0.4381	0.45528	0.49254	0.45324	0.46617	0.45082	0.45614	0.48905	0.47967
cell34	0.31034	0.29167	0.23276	0.29412	0.34409	0.31461	0.26087	0.31111	0.33019	0.33333	0.32584	0.33333	0.38202	0.28037	0.32143	0.32727	0.19355	0.35955	0.34694	0.30435	0.34545	0.19277	0.22222	0.24272	0.4	0.4	0.36047	0.26316	0.37895	0.27885	0.32967	0.33962	0.37273	0.31461	0.32479	0.32673	0.32258	0.31373	0.34021	0.3587	0.32292	0.31313	0.34783	0.38776	0.37864	0.28571	0.39216	0.36364	0.28205	0.32292	0.37805	0.36559	0.37931	0.38739	0.36364	0.30337	0.37634	0.29167	0.31169	0.33058	0.34783	0.41573	0.29091	0.32558	0.35849	0.33673	0.31818	0.30928	0.28421	0.3871	0.27711	0.30928	0.40659	0.34884	0.32584	0.36111	0.25974	0.23864	0.33766	0.40217	0.25532	0.32258	0.33628	0.26966	0.29213	0.41935	0.27473	0.29897	0.28	0.32653	0.27835	0.38043	0.31818	0.36522	0.29293	0.31868	0.30303	0.36	0.46341	0.29474	0.33043	0.28395	0.41573	0.40496	0.32632	0.32292	0.3	0.35556	0.40698	0.30303	0.32432	0.32584	0.32456	0.3012	0.25926	0.30108	0.29592	0.28829	0.35106	0.35514	0.28155	0.31731	0.34286	0.36449	0.36697	0.24779	0.31522	0.36364	0.28421	0.31868	0.23232	0.3871	0.24731	0.46465	0.31313	0.33333	0.35577	0.34343	0.37931	0.32632	0.2844	0.37143	0.37079	0.31818	0.39474	0.38372	0.42553	0.28829	0.34	0.2973	0.30952	0.31395	0.32	0.33962	0.29358	0.35294	0.38272	0.34314	0.33333	0.31633	0.32143	0.25773	0.39286	0.36486	0.37037	0.33333	0.32653	0.31452	0.46078	0.34783	0.32323	0.34343	0.35106	0.32632	0.24176	0.41379	0.35417	0.33333	0.28947	0.37363	0.38824	0.23148	0.37374	0.3	0.35577	0.3301	0.36792	0.28125	0.30233	0.37864	0.29885	0.25	0.3125	0.29293	0.34146	0.30526	0.3125	0.27273	0.40171	0.26316	0.25	0.31707	0.29897	0.2605	0.27619	0.35294	0.35185	0.32609	0.30769	0.31	0.40625	0.35714	0.30392	0.3913	0.23684	0.32039	0.38318	0.28846	0.33333	0.27835	0.28235	0.34615	0.36957	0.38393	0.43878	0.37681	0.28409	0.33684	0.25	0.37815	0.26214	0.28916	0.33028	0.29032	0.40517	0.44048	0.27193	0.42157	0.31624	0.36036	0.40196	0.38542	0.2844	0.34118	0.36232	0.47458	0.4697	0.45	0.45	0.47945	0.43662	0.48611	0.44444	0.45312	0.47761	0.45	0.48077	0.5	0.38028	0.47541	0.47541	0.34328	0.38961	0.42857	0.47619	0.4386	0.45455	0.46154	0.40741	0.45833	0.49123	0.48214	0.47143	0.42424	0.48148	0.47692	0.40909	0.49206	0.49123	0.49462	0.39344	0.4386	0.47297	0.47143	0.43421	0.48649	0.49153	0.46	0.44928	0.4507	0.5	0.47619	0.5	0.44681	0.5	0.4697	0.46154	0.44286	0.425	0.44304	0.34921	0.42373	0.43333	0.47761	0.48276	0.39286	0.43103	0.5	0.45455	0.45455	0.44444	0.45614	0.4697	0.46875	0.44444	0.46377	0.4	0.47619	0.44737	0.5	0.45833	0.46774	0.49231	0.49275	0.45902	0.47143	0.46988	0.48101	0.49254	0.49153	0.46479	0.34783	0.44118	0.39706	0.48438	0.48387	0.46988	0.48438	0.39344	0.5	0.4	0.45614	0.48718	0.5	0.44444	0.48387	0.46154	0.39286	0.35938	0.43478	0.48837	0.43103	0.49383	0.41176	0.38095	0.49091	0.44615	0.38889	0.42188	0.46377	0.44262	0.39437	0.47887	0.49275	0.47191	0.5	0.45312	0.46667	0.5	0.47541	0.42623	0.43636	0.5	0.45455	0.48837	0.46154	0.45833	0.43662	0.4918	0.45902	0.45833	0.45161	0.49091	0.49057	0.46154	0.43077	0.44444	0.40845	0.48718	0.33929	0.49296	0.46154	0.375	0.40741	0.47273	0.47297	0.42857	0.43421	0.48333	0.44231	0.48611	0.46667	0.4	0.48529	0.5	0.44444	0.45455	0.39683	0.48485	0.45098	0.4386	0.49398	0.48077	0.49231	0.41176	0.41176	0.49206	0.5	0.40351	0.46774	0.48485	0.5	0.45205	0.49296	0.42308	0.45902	0.46479	0.39726	0.48485	0.41667	0.47059	0.48052	0.39623	0.41558	0.42857	0.45714	0.44444	0.48214	0.47761	0.42029	0.35714	0.4918	0.46269	0.47887	0.45312	0.44068	0.44	0.48387	0.49275	0.48485	0.39623	0.45455	0.49231	0.44068	0.40206	0.47059	0.46269	0.44643	0.5	0.5	0.49254	0.42683	0.48276	0.47826	0.47945	0.48052	0.49254	0.48148	0.44595	0.43284	0.48387	0.5	0.36232	0.47143	0.48276	0.48387	0.49057	0.4507	0.47436	0.42308	0.47945	0.43636	0.44928	0.41096	0.48	0.4	0.49462	0.47826	0.46552	0.37778	0.46154	0.49091	0.4697	0.41667	0.48611	0.42553	0.47143	0.40323
cell35	0.32258	0.28682	0.36913	0.34756	0.33582	0.39394	0.31953	0.30282	0.33108	0.37324	0.36691	0.4127	0.33582	0.39891	0.30435	0.3007	0.25517	0.34615	0.36719	0.35762	0.36943	0.39216	0.30556	0.34615	0.29487	0.36478	0.38462	0.25694	0.3268	0.35172	0.30714	0.38509	0.34074	0.31818	0.31126	0.36923	0.30675	0.31429	0.33108	0.32653	0.34014	0.30534	0.30769	0.33544	0.33766	0.34868	0.28358	0.36508	0.28105	0.28662	0.28378	0.29655	0.38194	0.36585	0.375	0.31757	0.35294	0.33588	0.3125	0.33333	0.34899	0.30864	0.31447	0.27517	0.32692	0.32231	0.35404	0.34266	0.38158	0.35507	0.34307	0.33129	0.39333	0.35461	0.34815	0.36875	0.37162	0.30935	0.375	0.29078	0.28571	0.41045	0.34731	0.35256	0.28378	0.31098	0.31783	0.33333	0.34328	0.35714	0.34899	0.32836	0.36429	0.29365	0.31724	0.35669	0.38312	0.34783	0.31618	0.3526	0.32515	0.32576	0.31818	0.37423	0.39437	0.28125	0.36667	0.32653	0.3037	0.2807	0.37333	0.36765	0.34559	0.30469	0.32877	0.32609	0.2953	0.25595	0.40506	0.33974	0.28873	0.35625	0.33333	0.32143	0.38889	0.34503	0.34722	0.31111	0.33113	0.36496	0.32	0.39583	0.36986	0.34211	0.37324	0.26582	0.3253	0.34641	0.35526	0.33824	0.33835	0.40972	0.25161	0.35294	0.34839	0.33562	0.30935	0.30464	0.30263	0.40559	0.31579	0.29286	0.29861	0.33071	0.35669	0.30323	0.33036	0.29167	0.31008	0.38776	0.34921	0.33846	0.3375	0.29861	0.37762	0.26429	0.35556	0.31818	0.34028	0.38462	0.32432	0.35156	0.35333	0.41667	0.38655	0.33333	0.32653	0.28571	0.35714	0.34437	0.32061	0.30952	0.32593	0.35075	0.30247	0.41353	0.34921	0.29286	0.30935	0.41212	0.31034	0.36154	0.38926	0.34731	0.36885	0.34848	0.28667	0.32061	0.33333	0.33125	0.2956	0.33333	0.28235	0.29139	0.33108	0.34228	0.33333	0.34615	0.29655	0.3125	0.33099	0.28966	0.32124	0.35032	0.41353	0.34752	0.31013	0.32414	0.2956	0.33803	0.36913	0.30556	0.35862	0.39394	0.36242	0.27344	0.3617	0.2973	0.41135	0.3875	0.32121	0.23404	0.33103	0.34969	0.34694	0.32414	0.36765	0.27586	0.33793	0.3268	0.344	0.31613	0.37975	0.27737	0.47423	0.49505	0.49398	0.46392	0.44706	0.42	0.44118	0.49524	0.48276	0.4375	0.48387	0.48235	0.475	0.47423	0.47863	0.5	0.47126	0.38947	0.48421	0.44248	0.47778	0.39241	0.46018	0.47525	0.4902	0.49495	0.44037	0.41053	0.47222	0.48454	0.49462	0.41758	0.46739	0.47727	0.44231	0.49505	0.48039	0.44086	0.44304	0.48571	0.41176	0.42241	0.41558	0.5	0.49462	0.40625	0.48214	0.4466	0.46316	0.4625	0.48077	0.48913	0.49074	0.4902	0.43243	0.40816	0.44211	0.43529	0.47778	0.46535	0.41176	0.49138	0.45192	0.5	0.47191	0.45872	0.48958	0.38835	0.45	0.49091	0.44554	0.44144	0.46939	0.4717	0.40952	0.5	0.4386	0.43243	0.44578	0.44186	0.46789	0.44578	0.43564	0.41509	0.5	0.45263	0.37634	0.46535	0.39024	0.46078	0.5	0.44144	0.49474	0.4717	0.49438	0.48235	0.4321	0.46018	0.44	0.48454	0.45556	0.46667	0.48193	0.4537	0.4	0.49524	0.49412	0.48387	0.48515	0.5	0.47253	0.41935	0.38298	0.45283	0.47778	0.4875	0.46988	0.5	0.49438	0.48352	0.39623	0.43966	0.34783	0.44737	0.46809	0.45455	0.48214	0.46602	0.44554	0.42	0.35052	0.43373	0.48544	0.47253	0.41489	0.5	0.47917	0.45361	0.41026	0.47826	0.48864	0.45283	0.43158	0.49515	0.49091	0.45545	0.49351	0.47115	0.45161	0.47619	0.43396	0.48113	0.46847	0.46429	0.4321	0.44086	0.375	0.42157	0.49091	0.45833	0.44944	0.45361	0.48387	0.45794	0.36458	0.42157	0.31646	0.44086	0.47423	0.48315	0.46875	0.44118	0.47	0.47872	0.48718	0.48276	0.48182	0.49505	0.4902	0.43	0.46739	0.46512	0.49107	0.45714	0.5	0.40952	0.5	0.48315	0.5	0.46465	0.45882	0.40777	0.44231	0.45833	0.47664	0.45098	0.4537	0.47959	0.46939	0.46809	0.47706	0.49524	0.48649	0.48276	0.42742	0.3875	0.49425	0.38793	0.36522	0.44444	0.4661	0.46939	0.45763	0.4386	0.48315	0.45745	0.49438	0.49558	0.45263	0.48598	0.43333	0.47253	0.46465	0.46835	0.46667	0.47	0.38583	0.48276	0.46939	0.46465	0.48684	0.46465	0.4382	0.46535	0.46739	0.4717	0.41176	0.49425	0.45349	0.48148	0.41237	0.49533	0.39506	0.48148	0.42529	0.43	0.46154	0.47826	0.47788	0.42308	0.5	0.48235	0.44048	0.49565
cell36	0.39091	0.37008	0.34328	0.3037	0.36719	0.31707	0.28889	0.336	0.312	0.32117	0.34234	0.37398	0.28571	0.23016	0.29457	0.35052	0.36	0.40909	0.28889	0.33333	0.33088	0.29661	0.35294	0.34188	0.38849	0.38621	0.35965	0.3209	0.39344	0.29487	0.30833	0.25806	0.2695	0.34821	0.27273	0.32203	0.33628	0.33607	0.41481	0.28226	0.27273	0.33588	0.35772	0.27451	0.40984	0.28788	0.3578	0.33594	0.34328	0.30986	0.3254	0.32353	0.34351	0.31538	0.30534	0.29839	0.34454	0.35	0.35772	0.33577	0.31356	0.36691	0.3871	0.28346	0.33333	0.31579	0.33083	0.3557	0.35772	0.29134	0.36667	0.32479	0.375	0.30769	0.31655	0.25781	0.31707	0.23853	0.37963	0.30597	0.2619	0.36036	0.32099	0.34677	0.32692	0.36641	0.44882	0.32759	0.30081	0.39855	0.30252	0.32283	0.30508	0.38889	0.24272	0.35484	0.30833	0.36434	0.31452	0.28481	0.32593	0.36508	0.33333	0.34167	0.26852	0.37903	0.28244	0.38596	0.33621	0.32283	0.28788	0.32414	0.39655	0.38983	0.33871	0.36923	0.29851	0.304	0.36667	0.36434	0.32639	0.35455	0.23944	0.33099	0.29167	0.25581	0.39252	0.3169	0.34058	0.41463	0.31579	0.36634	0.31532	0.296	0.35593	0.33077	0.375	0.37615	0.32414	0.29412	0.32192	0.25984	0.33571	0.30645	0.36283	0.35766	0.3	0.3719	0.37903	0.40385	0.336	0.33628	0.33803	0.38182	0.32593	0.30872	0.35965	0.33333	0.36036	0.34848	0.29323	0.30645	0.31148	0.35938	0.31746	0.35185	0.28448	0.36296	0.34959	0.35294	0.28889	0.31746	0.39655	0.34375	0.34862	0.29915	0.41441	0.34677	0.2931	0.27068	0.38095	0.37984	0.38028	0.31967	0.36697	0.33962	0.36	0.36975	0.36697	0.31618	0.33333	0.39252	0.2766	0.36932	0.30081	0.26866	0.32143	0.31579	0.34848	0.33333	0.36	0.34211	0.34188	0.34884	0.2549	0.39024	0.24348	0.30827	0.3619	0.29104	0.36232	0.38053	0.35862	0.34783	0.34167	0.34884	0.32231	0.288	0.35	0.33813	0.30172	0.28926	0.43089	0.408	0.32857	0.31818	0.32836	0.31092	0.35938	0.31783	0.30088	0.31967	0.29861	0.30496	0.37903	0.28571	0.31897	0.30822	0.4186	0.31852	0.36275	0.32061	0.33607	0.36667	0.42708	0.42857	0.45055	0.48	0.40426	0.48515	0.44872	0.43333	0.47917	0.4878	0.49367	0.46067	0.44444	0.45238	0.47191	0.43038	0.45122	0.46465	0.4382	0.48544	0.46154	0.49412	0.5	0.47368	0.5	0.48421	0.48684	0.48958	0.42045	0.48485	0.46053	0.40476	0.46	0.4359	0.43529	0.45918	0.44318	0.46479	0.47826	0.40449	0.4086	0.48387	0.46067	0.43956	0.5	0.39796	0.49351	0.48315	0.42268	0.48684	0.48352	0.4881	0.48101	0.49351	0.40698	0.44318	0.41026	0.49383	0.475	0.48889	0.46835	0.4359	0.35	0.46237	0.43373	0.47312	0.4875	0.49451	0.40323	0.45714	0.46667	0.49351	0.4557	0.4023	0.43373	0.46429	0.47297	0.4382	0.42718	0.45714	0.44118	0.40789	0.43023	0.38889	0.4557	0.48571	0.39773	0.5	0.49398	0.44872	0.47826	0.48958	0.48039	0.4557	0.47368	0.48193	0.46835	0.45055	0.47826	0.48485	0.4878	0.46914	0.42308	0.4881	0.46753	0.45122	0.46154	0.41111	0.44186	0.48101	0.46988	0.44444	0.5	0.475	0.38462	0.40909	0.48529	0.44444	0.46078	0.5	0.46341	0.46575	0.43617	0.39437	0.42857	0.47253	0.45263	0.46316	0.42857	0.5	0.42857	0.39773	0.46512	0.46316	0.37333	0.49398	0.46835	0.47297	0.48387	0.49383	0.49367	0.47368	0.49438	0.49438	0.40741	0.41667	0.46377	0.45679	0.49462	0.49438	0.47297	0.48101	0.4881	0.47368	0.48	0.44737	0.49367	0.45205	0.4	0.4881	0.43564	0.48276	0.48485	0.40964	0.47826	0.49254	0.40541	0.42045	0.5	0.49533	0.5	0.42683	0.46835	0.48837	0.44737	0.48529	0.42857	0.34667	0.47253	0.46154	0.42697	0.47619	0.45833	0.42857	0.47692	0.46739	0.48052	0.47059	0.41558	0.42466	0.42529	0.4375	0.47674	0.46988	0.48837	0.45455	0.4878	0.47059	0.36559	0.45882	0.42222	0.4625	0.5	0.49351	0.46667	0.48052	0.42169	0.5	0.39506	0.49398	0.43284	0.45238	0.49398	0.4507	0.43836	0.5	0.41176	0.5	0.47059	0.48077	0.45349	0.4625	0.49474	0.41429	0.41772	0.49462	0.38372	0.45349	0.43056	0.48421	0.47887	0.4878	0.4507	0.47297	0.44737	0.48718	0.42553	0.49383	0.5	0.48101	0.49398	0.4625	0.47126	0.43836	0.4875	0.45556	0.48649	0.45833	0.48889	0.46809	0.40964	0.45783	0.48936	0.49
cell37	0.4	0.44872	0.45349	0.47423	0.42169	0.46988	0.46364	0.475	0.43678	0.5	0.47674	0.48454	0.42188	0.49	0.43836	0.47561	0.45055	0.49451	0.42857	0.48352	0.38776	0.45614	0.48421	0.44944	0.47619	0.46226	0.5	0.43956	0.45652	0.48101	0.36986	0.45679	0.47436	0.4898	0.43023	0.37975	0.46591	0.4881	0.5	0.4881	0.40659	0.49383	0.42308	0.47436	0.47727	0.43011	0.47826	0.26613	0.38393	0.37288	0.31013	0.30282	0.32787	0.37821	0.35115	0.32624	0.36029	0.33333	0.328	0.38211	0.35811	0.3125	0.27049	0.34667	0.304	0.41573	0.34559	0.36667	0.31667	0.37975	0.36434	0.35714	0.30882	0.28926	0.34259	0.0	0.0	0.0	0.0	0.0	0.0	0.0	0.0	0.0	0.0	0.0	0.0	0.0	0.0	0.0	0.4881	0.48864	0.44565	0.45122	0.44048	0.48315	0.41772	0.42857	0.40385	0.43269	0.43478	0.41379	0.48864	0.42857	0.4125	0.45679	0.4878	0.41935	0.47674	0.39506	0.46465	0.41463	0.49438	0.46429	0.43333	0.45361	0.46154	0.46512	0.43038	0.42157	0.46067	0.44048	0.45349	0.41935	0.49462	0.47312	0.46667	0.46341	0.49	0.47436	0.46067	0.45349	0.45794	0.46237	0.46774	0.36364	0.44565	0.46067	0.48276	0.47561	0.4433	0.48101	0.45679	0.5	0.47674	0.48958	0.43548	0.44444	0.42056	0.4186	0.45455	0.43902	0.46914	0.49425	0.46392	0.48544	0.44706	0.45882	0.40909	0.49412	0.40816	0.47525	0.49485	0.47191	0.48864	0.42045	0.45918	0.48214	0.49505	0.46465	0.46535	0.48315	0.47727	0.48077	0.45588	0.5	0.43333	0.49398	0.49	0.46269	0.41463	0.4359	0.48936	0.29885	0.47674	0.44186	0.48611	0.41111	0.48718	0.5	0.38462	0.4507	0.45455	0.45745	0.48864	0.49474	0.47872	0.47674	0.46154	0.47273	0.45588	0.43836	0.48837	0.46535	0.37037	0.47191	0.47368	0.48515	0.47191	0.44	0.45882	0.44	0.45882	0.45882	0.49425	0.48649	0.42222	0.48101	0.47619	0.44186	0.48611	0.45	0.48	0.39806	0.44944	0.4537	0.4625	0.35294	0.49412	0.45556	0.48649	0.47297	0.48913	0.47872	0.43373	0.45349	0.47561	0.44578	0.48	0.41667	0.49367	0.45238	0.4878	0.40741	0.47436	0.49351	0.36957	0.42029	0.43529	0.46	0.4875	0.42424	0.49515	0.49425	0.47826	0.49398	0.44872	0.47253	0.46067	0.44615	0.49425	0.42222	0.45455	0.4875	0.4898	0.45946	0.48387	0.42683	0.43878	0.47917	0.4375	0.49485	0.4625	0.45361	0.49495	0.49462	0.47059	0.39286	0.47297	0.34314	0.45882	0.47619	0.48837	0.4881	0.48276	0.44156	0.35227	0.4881	0.47727	0.40449	0.47	0.42169	0.46591	0.46753	0.48387	0.43878	0.45238	0.49254	0.45161	0.49412	0.49351	0.41429	0.45122	0.42857	0.4881	0.46575	0.42105	0.44898	0.45205	0.48611	0.5	0.48718	0.42857	0.46429	0.48958	0.5	0.43158	0.46154	0.48235	0.49367	0.41237	0.49	0.49398	0.49398	0.43678	0.48101	0.40187	0.46875	0.46875	0.42857	0.48913	0.47872	0.45455	0.49438	0.5	0.46729	0.5	0.45161	0.49398	0.43182	0.5	0.44872	0.41667	0.5	0.48864	0.48889	0.41667	0.48889	0.39024	0.47368	0.37143	0.46154	0.46591	0.42308	0.47368	0.38636	0.45349	0.46988	0.44578	0.48	0.49367	0.4878	0.40278	0.36735	0.42308	0.47368	0.47692	0.45455	0.42667	0.4382	0.45349	0.5	0.49275	0.36842	0.42529	0.43878	0.48958	0.46067	0.46914	0.49383	0.42169	0.5	0.41772	0.42667	0.45055	0.48387	0.47561	0.44681	0.43023	0.43421	0.48837	0.48148	0.34737	0.45455	0.48235	0.42697	0.46341	0.46341	0.47917	0.47368	0.46575	0.45161	0.49438	0.45545	0.38554	0.45977	0.47368	0.48235	0.49333	0.5	0.48889	0.49485	0.46154	0.47115	0.41791	0.4878	0.48889	0.43038	0.44737	0.4625	0.45882	0.47126	0.46667	0.43011	0.46602	0.44186	0.375	0.46847	0.45745	0.41667	0.44737	0.45205	0.3875	0.47826	0.46988	0.48485	0.4875	0.47727	0.48889	0.46875	0.4875	0.42683	0.44048	0.47436	0.46	0.48193	0.45122	0.47368	0.44068	0.475	0.46341	0.48352	0.41237	0.44944	0.41111	0.42391	0.49296	0.47059	0.48193	0.49333	0.44286	0.47959	0.48837	0.47126	0.44444	0.41379	0.49398	0.36	0.46809	0.47761	0.46512	0.49398	0.46914	0.38462	0.41892	0.42857	0.48421	0.4878	0.5	0.46939	0.47761	0.48101	0.42466	0.4386	0.43956	0.4875	0.45122	0.46602	0.47059	0.46988	0.43678	0.44037	0.46667	0.45783	0.375	0.5	0.45918	0.48958
cell38	0.35263	0.28977	0.34595	0.34359	0.27027	0.36058	0.40404	0.36269	0.32022	0.34762	0.3122	0.32105	0.3352	0.33482	0.31351	0.32203	0.31472	0.2963	0.34872	0.41117	0.32735	0.35602	0.33168	0.31472	0.36047	0.37097	0.34328	0.30052	0.33659	0.35567	0.38547	0.37714	0.29577	0.31925	0.34848	0.36098	0.27746	0.34328	0.30583	0.36842	0.31285	0.30612	0.35714	0.34694	0.37097	0.3388	0.34078	0.33495	0.36508	0.35519	0.38073	0.37143	0.39437	0.32105	0.33158	0.36628	0.311	0.32544	0.31319	0.33333	0.34706	0.28283	0.33333	0.32599	0.33503	0.35393	0.37363	0.29302	0.32143	0.26316	0.375	0.35354	0.34123	0.35417	0.34848	0.30303	0.29843	0.31285	0.4104	0.34225	0.29586	0.3202	0.33636	0.30851	0.32184	0.34104	0.35227	0.3871	0.27941	0.29596	0.29508	0.35323	0.30806	0.33168	0.34928	0.35468	0.37255	0.31443	0.3	0.4	0.26633	0.36702	0.28758	0.29952	0.32353	0.33498	0.36765	0.35681	0.35938	0.3314	0.27128	0.31183	0.32124	0.38286	0.28922	0.34254	0.3198	0.33028	0.30256	0.30396	0.38208	0.34343	0.32701	0.35922	0.37209	0.34247	0.31754	0.30435	0.34715	0.39429	0.40299	0.3743	0.29717	0.35714	0.31579	0.30208	0.34314	0.295	0.32701	0.32222	0.30964	0.2924	0.32323	0.26437	0.2973	0.32338	0.36364	0.31795	0.31308	0.36123	0.39891	0.34659	0.28856	0.33854	0.31507	0.25628	0.38122	0.32544	0.30769	0.39779	0.35052	0.34184	0.28365	0.34807	0.25843	0.31325	0.3445	0.28986	0.4058	0.37563	0.32402	0.39247	0.32597	0.34392	0.35185	0.39572	0.35021	0.36126	0.38	0.33333	0.34091	0.33333	0.33679	0.35632	0.35359	0.34649	0.31746	0.32642	0.34343	0.34286	0.33333	0.43011	0.28	0.30769	0.26437	0.30542	0.39631	0.38333	0.37963	0.36364	0.30055	0.33005	0.31718	0.34343	0.37705	0.33918	0.33495	0.30159	0.37297	0.32301	0.32308	0.35217	0.38835	0.33708	0.25414	0.33333	0.27778	0.32778	0.35938	0.30435	0.30726	0.34595	0.3641	0.3545	0.34434	0.34536	0.32461	0.4385	0.34597	0.3224	0.31183	0.34419	0.34518	0.2963	0.36458	0.4264	0.31073	0.37968	0.31844	0.34054	0.26702	0.36923	0.33526	0.33333	0.48322	0.47887	0.47727	0.49091	0.48092	0.45588	0.4188	0.45455	0.46622	0.49231	0.46512	0.472	0.47656	0.49618	0.48175	0.4955	0.43697	0.43871	0.46512	0.5	0.45255	0.47788	0.43411	0.47973	0.48344	0.45736	0.46667	0.49153	0.42975	0.47967	0.44444	0.44882	0.44056	0.46903	0.43357	0.46259	0.49254	0.48305	0.46154	0.48201	0.5	0.47273	0.47656	0.45299	0.47414	0.48466	0.41935	0.45255	0.40833	0.4963	0.41791	0.45139	0.47273	0.45902	0.47656	0.47015	0.45802	0.4569	0.4964	0.41606	0.41803	0.46853	0.4252	0.47368	0.4359	0.49333	0.5	0.47967	0.47581	0.44138	0.47967	0.46212	0.47458	0.45312	0.44286	0.42373	0.46617	0.48462	0.44444	0.49254	0.48889	0.43966	0.46789	0.46847	0.41447	0.49167	0.48062	0.5	0.49286	0.40136	0.47541	0.46457	0.44056	0.47656	0.48113	0.46875	0.46667	0.44785	0.45185	0.425	0.42857	0.49275	0.49606	0.46269	0.5	0.47107	0.45872	0.44715	0.47368	0.47826	0.45669	0.46154	0.43697	0.43103	0.45455	0.47692	0.45946	0.47328	0.5	0.43511	0.47059	0.45455	0.49342	0.47009	0.44853	0.46875	0.48872	0.48246	0.40678	0.45324	0.47619	0.43802	0.49045	0.4902	0.49153	0.43636	0.45255	0.46825	0.41525	0.44444	0.38095	0.46	0.45324	0.47482	0.46281	0.48993	0.45238	0.44828	0.44604	0.44615	0.46429	0.44068	0.48872	0.45763	0.46032	0.45517	0.44056	0.47945	0.48515	0.41722	0.48276	0.46903	0.49167	0.45985	0.48592	0.45	0.43704	0.41606	0.45082	0.488	0.48855	0.49324	0.43443	0.39286	0.45614	0.42	0.49624	0.47143	0.49286	0.49606	0.49194	0.43269	0.4698	0.47297	0.49587	0.49194	0.40741	0.44231	0.5	0.47009	0.46491	0.48438	0.49593	0.47934	0.5	0.46617	0.43103	0.48966	0.46923	0.40678	0.47794	0.40602	0.49606	0.45963	0.43548	0.46491	0.44604	0.5	0.46087	0.48905	0.44521	0.475	0.47445	0.42241	0.49606	0.5	0.45614	0.44697	0.47321	0.45299	0.47015	0.4403	0.47619	0.46512	0.46226	0.45669	0.41538	0.496	0.5	0.48092	0.44538	0.38806	0.45578	0.41905	0.48718	0.4	0.49593	0.46237	0.45038	0.49573	0.46099	0.43478	0.46269	0.42623	0.46429	0.4964	0.41129	0.4878	0.46212	0.48718	0.48	0.46491	0.5	0.49265
cell39	0.30488	0.26389	0.28333	0.35099	0.31553	0.30857	0.30539	0.36145	0.31013	0.30435	0.38	0.36076	0.35417	0.34536	0.29609	0.30263	0.26374	0.32558	0.37766	0.33523	0.37824	0.32667	0.30921	0.31928	0.35172	0.35882	0.34694	0.33939	0.33974	0.27869	0.31609	0.31293	0.39037	0.32044	0.3	0.29927	0.30319	0.33898	0.43455	0.3012	0.35294	0.3046	0.29609	0.32065	0.30159	0.33714	0.27381	0.42857	0.3046	0.37234	0.31953	0.24096	0.32044	0.2795	0.35669	0.36364	0.30822	0.31875	0.31176	0.33333	0.36943	0.33333	0.39306	0.30921	0.33099	0.33562	0.32948	0.30405	0.33939	0.37255	0.3141	0.25	0.36683	0.36879	0.32847	0.33121	0.35329	0.23899	0.31977	0.3253	0.31609	0.29282	0.32821	0.32168	0.32704	0.31677	0.2795	0.34254	0.34356	0.36145	0.36416	0.29268	0.41317	0.35928	0.35928	0.28977	0.30464	0.25989	0.32164	0.30769	0.3314	0.34969	0.39053	0.38043	0.32203	0.32298	0.3268	0.33862	0.3027	0.32515	0.35057	0.32934	0.30822	0.35762	0.34409	0.29747	0.32642	0.35632	0.33784	0.39674	0.39375	0.35263	0.26136	0.35052	0.37209	0.32544	0.28729	0.29412	0.30729	0.38889	0.34337	0.31081	0.35032	0.3125	0.27215	0.36571	0.38596	0.38636	0.36158	0.38947	0.32667	0.29897	0.36269	0.34194	0.35616	0.31138	0.33758	0.30682	0.28736	0.31953	0.36719	0.26752	0.30769	0.30233	0.36774	0.34831	0.31902	0.33962	0.34286	0.33908	0.36702	0.30058	0.35897	0.29487	0.33514	0.28571	0.40288	0.32836	0.34483	0.27907	0.39306	0.37427	0.29054	0.3617	0.4	0.36196	0.35468	0.29213	0.2963	0.36913	0.2375	0.39041	0.31765	0.35676	0.35294	0.32	0.38235	0.3125	0.3268	0.3381	0.33557	0.34375	0.35484	0.32569	0.38298	0.30851	0.25444	0.31677	0.27778	0.32749	0.33152	0.26163	0.38974	0.36313	0.34416	0.32026	0.3642	0.2907	0.31325	0.40698	0.36813	0.3641	0.24339	0.31214	0.29487	0.26282	0.33333	0.31319	0.30556	0.36364	0.30588	0.30645	0.31098	0.30303	0.27027	0.33951	0.3253	0.30409	0.3865	0.38286	0.29747	0.31447	0.33898	0.32584	0.32544	0.30939	0.40994	0.32584	0.3617	0.31176	0.34591	0.33735	0.31613	0.36196	0.49565	0.49074	0.41905	0.4	0.48148	0.4661	0.4717	0.44248	0.48214	0.46957	0.40426	0.48113	0.48544	0.46875	0.5	0.4466	0.44792	0.49541	0.5	0.45238	0.38346	0.41606	0.5	0.47244	0.47581	0.47009	0.46512	0.47619	0.48718	0.42	0.48936	0.4955	0.47619	0.39773	0.47664	0.44628	0.43119	0.48182	0.46226	0.48673	0.47899	0.47368	0.46078	0.49533	0.48571	0.49286	0.45455	0.48819	0.49038	0.475	0.46617	0.5	0.48	0.41509	0.48718	0.46429	0.48113	0.48276	0.48062	0.49505	0.38017	0.49624	0.5	0.46043	0.4486	0.4661	0.49091	0.45918	0.49606	0.45833	0.45133	0.48515	0.49541	0.424	0.46491	0.44211	0.46875	0.44554	0.46729	0.49565	0.42241	0.5	0.46923	0.41284	0.416	0.45	0.48182	0.45669	0.46237	0.40288	0.47899	0.37903	0.4876	0.48507	0.46667	0.46875	0.46535	0.45669	0.45217	0.44211	0.46552	0.47059	0.48	0.416	0.45283	0.40789	0.4433	0.49091	0.41414	0.48739	0.44444	0.42478	0.49505	0.46226	0.4537	0.46591	0.49533	0.48485	0.49533	0.47706	0.47475	0.43966	0.49593	0.45098	0.46957	0.47009	0.49107	0.43678	0.5	0.48718	0.37838	0.48649	0.49286	0.5	0.48718	0.44706	0.46667	0.47863	0.47826	0.39806	0.48113	0.43089	0.46602	0.47287	0.45631	0.4569	0.464	0.42177	0.475	0.41414	0.42529	0.46825	0.5	0.4466	0.48315	0.45133	0.49524	0.49573	0.49242	0.38938	0.45045	0.4878	0.45098	0.41593	0.40659	0.47934	0.47664	0.49565	0.49425	0.45736	0.5	0.4955	0.46667	0.47619	0.48864	0.38462	0.44262	0.49612	0.46729	0.5	0.41538	0.43056	0.43443	0.44144	0.47458	0.5	0.48837	0.48485	0.43396	0.47619	0.49474	0.45133	0.48077	0.44444	0.46429	0.45	0.47664	0.4902	0.47573	0.47	0.47959	0.45	0.42857	0.44318	0.45946	0.47674	0.47727	0.45082	0.5	0.45614	0.49107	0.47115	0.472	0.45745	0.46218	0.41284	0.42574	0.42857	0.49524	0.4375	0.46392	0.46087	0.35455	0.5	0.47273	0.4382	0.448	0.42574	0.48276	0.49074	0.45833	0.43103	0.46429	0.47525	0.49558	0.47321	0.46847	0.41237	0.38554	0.47222	0.42857	0.4661	0.4955	0.44615	0.3964	0.48544	0.42105	0.49038	0.43137	0.38596	0.44538	0.48598	0.48696	0.47458
cell40	0.29817	0.36683	0.33654	0.3348	0.25926	0.32599	0.32189	0.30244	0.31507	0.29167	0.35371	0.2913	0.33333	0.34649	0.22936	0.36073	0.33488	0.36598	0.36318	0.34184	0.31727	0.34934	0.32367	0.33051	0.37555	0.33333	0.35385	0.35211	0.33168	0.31841	0.305	0.38393	0.375	0.30131	0.37607	0.35023	0.32692	0.36735	0.36607	0.29954	0.37321	0.37566	0.36145	0.25333	0.33632	0.33043	0.31188	0.34286	0.32683	0.36916	0.35484	0.33962	0.34762	0.3211	0.34426	0.28351	0.35	0.3615	0.29469	0.33193	0.33831	0.30769	0.31	0.34821	0.30041	0.26768	0.30412	0.31088	0.36269	0.32836	0.32973	0.34222	0.35	0.33803	0.30144	0.28293	0.29384	0.44792	0.31905	0.2654	0.37097	0.36449	0.30916	0.38624	0.33962	0.28889	0.31	0.3719	0.32821	0.31064	0.31414	0.30457	0.34956	0.34906	0.36986	0.3242	0.37113	0.30233	0.34314	0.32558	0.38208	0.3172	0.32474	0.2891	0.28155	0.29327	0.32857	0.38693	0.32609	0.3886	0.3271	0.32243	0.37004	0.30622	0.36564	0.29612	0.32099	0.42083	0.32178	0.3252	0.38119	0.37391	0.34375	0.3195	0.33663	0.31858	0.36744	0.36275	0.30622	0.31797	0.35772	0.29048	0.34031	0.27027	0.30457	0.31771	0.34389	0.33019	0.35268	0.37054	0.41803	0.305	0.3318	0.33621	0.33679	0.39655	0.32864	0.3128	0.26407	0.36538	0.31193	0.3578	0.3814	0.38696	0.30374	0.2931	0.30144	0.33333	0.32402	0.36364	0.36515	0.33498	0.39151	0.329	0.35498	0.38571	0.34884	0.32083	0.38158	0.34021	0.36032	0.33778	0.39623	0.31429	0.29851	0.33074	0.31963	0.26943	0.29694	0.30052	0.30097	0.29016	0.31004	0.30734	0.34802	0.34821	0.33621	0.33036	0.33333	0.38333	0.34615	0.3237	0.35565	0.32669	0.25843	0.35023	0.38049	0.3027	0.33766	0.29545	0.29703	0.33981	0.30734	0.37037	0.33981	0.31638	0.29675	0.36585	0.33649	0.335	0.31429	0.28421	0.32906	0.33168	0.31016	0.34715	0.35242	0.34031	0.31429	0.29612	0.37019	0.33028	0.34872	0.33649	0.35455	0.36041	0.34211	0.34597	0.27094	0.33865	0.33937	0.34021	0.30769	0.3662	0.37073	0.29353	0.27778	0.39496	0.4115	0.34518	0.31963	0.3653	0.36967	0.38421	0.49007	0.46309	0.48077	0.44586	0.49254	0.48462	0.49231	0.40854	0.4902	0.41481	0.4964	0.49275	0.47101	0.47205	0.47328	0.45833	0.43411	0.48571	0.46429	0.46923	0.48408	0.41176	0.48101	0.4702	0.49697	0.48611	0.48684	0.48299	0.45161	0.44828	0.4403	0.49231	0.46528	0.48387	0.45238	0.47333	0.47826	0.48592	0.46541	0.48462	0.49624	0.42958	0.49153	0.47368	0.42105	0.42857	0.49007	0.45752	0.43949	0.45968	0.475	0.4	0.42953	0.4963	0.45578	0.48718	0.49624	0.46	0.4963	0.4726	0.4964	0.47059	0.44444	0.45912	0.46207	0.47977	0.44853	0.47244	0.49275	0.48125	0.44715	0.46043	0.43382	0.36806	0.47333	0.45794	0.48592	0.48951	0.46715	0.41304	0.49635	0.49153	0.49275	0.4	0.43077	0.4908	0.48611	0.40523	0.39216	0.42759	0.48905	0.48966	0.49432	0.49032	0.43571	0.46309	0.45946	0.47794	0.41912	0.47619	0.42105	0.45455	0.48438	0.44604	0.46957	0.48344	0.46259	0.45985	0.49693	0.48227	0.47887	0.48734	0.45038	0.47368	0.46903	0.44776	0.48571	0.44681	0.4717	0.44295	0.4698	0.49655	0.46324	0.4726	0.38346	0.42208	0.45562	0.43609	0.49315	0.45865	0.45902	0.44755	0.43902	0.48936	0.46825	0.47445	0.48611	0.44755	0.49635	0.46809	0.48413	0.4964	0.40769	0.49123	0.4965	0.48227	0.48819	0.49664	0.42657	0.47009	0.43333	0.43478	0.46429	0.42308	0.47059	0.44872	0.43151	0.47973	0.49057	0.42308	0.49593	0.49618	0.48322	0.488	0.49324	0.46457	0.4966	0.46053	0.47183	0.425	0.48718	0.42308	0.44828	0.48951	0.49618	0.49612	0.45714	0.4726	0.44737	0.45139	0.5	0.48252	0.49655	0.4875	0.48148	0.46835	0.44512	0.46154	0.41791	0.44366	0.45	0.49669	0.46835	0.47656	0.4507	0.48936	0.48936	0.42963	0.46	0.45588	0.49296	0.49682	0.45113	0.48734	0.5	0.424	0.48387	0.46358	0.49375	0.41722	0.45968	0.44262	0.48026	0.45324	0.47973	0.45522	0.46309	0.49693	0.45217	0.45946	0.40741	0.48052	0.48447	0.40146	0.49606	0.4918	0.4812	0.4964	0.44366	0.42857	0.47581	0.45299	0.496	0.45652	0.46154	0.49645	0.47651	0.45872	0.46094	0.44615	0.49007	0.47445	0.43871	0.45062	0.45378	0.49091	0.47222	0.45238	0.40278	0.48936	0.47887	0.49351	0.47799	0.49664
cell41	0.30172	0.30841	0.41135	0.28485	0.41791	0.33333	0.24419	0.3609	0.29197	0.31333	0.32867	0.30464	0.33913	0.36232	0.32847	0.32836	0.2906	0.36567	0.27206	0.336	0.32836	0.32414	0.29839	0.38017	0.296	0.31973	0.27407	0.35862	0.37584	0.31298	0.30657	0.34091	0.40506	0.36364	0.36986	0.31008	0.28571	0.34932	0.40441	0.23448	0.33577	0.28889	0.32639	0.28169	0.35862	0.27731	0.32847	0.32283	0.31111	0.33562	0.3007	0.37255	0.35878	0.4	0.33333	0.31061	0.3741	0.38281	0.38017	0.29851	0.4	0.40179	0.2585	0.31496	0.35762	0.3	0.39583	0.26974	0.30986	0.28788	0.37838	0.32911	0.37762	0.23944	0.43066	0.28889	0.32653	0.35833	0.25197	0.32895	0.37879	0.35385	0.39855	0.30702	0.31818	0.34783	0.29851	0.34167	0.34307	0.28767	0.40441	0.41985	0.28188	0.35172	0.31405	0.36975	0.34586	0.30405	0.35583	0.34911	0.38806	0.35246	0.32692	0.34459	0.23438	0.36697	0.38017	0.32414	0.25735	0.37931	0.39394	0.34416	0.39189	0.32847	0.35417	0.27419	0.32075	0.30714	0.34161	0.30573	0.28926	0.34568	0.30986	0.34459	0.42958	0.35714	0.2956	0.26613	0.33728	0.23404	0.31724	0.27559	0.31788	0.27612	0.3037	0.31933	0.35338	0.33571	0.35099	0.34483	0.36242	0.33071	0.33735	0.27068	0.34351	0.31148	0.34959	0.3741	0.35338	0.33566	0.36429	0.30719	0.31298	0.33871	0.34375	0.3622	0.35577	0.33058	0.29661	0.40496	0.32298	0.30894	0.33758	0.33077	0.28148	0.28276	0.36054	0.2963	0.34028	0.31206	0.36719	0.31618	0.35398	0.41549	0.32456	0.40458	0.29341	0.31034	0.34247	0.42963	0.39041	0.34426	0.31579	0.32051	0.34351	0.36957	0.35	0.25455	0.35938	0.31056	0.36792	0.27273	0.31288	0.37423	0.32031	0.33987	0.34395	0.29032	0.41045	0.35333	0.33051	0.29839	0.37584	0.30872	0.27891	0.35659	0.2549	0.36667	0.37879	0.29231	0.28448	0.35211	0.28767	0.32773	0.36364	0.39041	0.38462	0.30818	0.28986	0.34839	0.36	0.35333	0.31852	0.34752	0.33083	0.33871	0.27273	0.37589	0.32168	0.33962	0.25758	0.28571	0.37584	0.38255	0.32877	0.29167	0.38194	0.39535	0.35616	0.29771	0.29921	0.33333	0.33557	0.32653	0.47115	0.44	0.46602	0.45455	0.4433	0.41509	0.44681	0.49533	0.43011	0.5	0.49057	0.49398	0.44444	0.42857	0.34021	0.46479	0.43478	0.47748	0.44898	0.44762	0.38462	0.46154	0.5	0.44565	0.45283	0.43373	0.48913	0.44944	0.40217	0.48235	0.44898	0.45652	0.46591	0.43529	0.4881	0.47727	0.42045	0.47872	0.43158	0.47525	0.47727	0.47059	0.4359	0.46591	0.44565	0.45679	0.46512	0.4486	0.49398	0.48039	0.48235	0.4625	0.44086	0.38636	0.47674	0.47826	0.48515	0.37209	0.44681	0.48113	0.48864	0.44898	0.49462	0.49524	0.45	0.48387	0.5	0.48101	0.47115	0.40217	0.46914	0.42697	0.49074	0.38298	0.46	0.37838	0.38542	0.36957	0.47778	0.46316	0.46809	0.43902	0.44792	0.47191	0.41748	0.37363	0.47368	0.45545	0.4466	0.44355	0.48515	0.49495	0.5	0.44554	0.41053	0.43636	0.47917	0.36559	0.45946	0.49351	0.47872	0.5	0.5	0.48193	0.49351	0.47475	0.5	0.45545	0.45614	0.47	0.4	0.45679	0.47778	0.475	0.46341	0.43662	0.48684	0.4433	0.46939	0.44186	0.42105	0.42718	0.45536	0.41414	0.46914	0.4902	0.47312	0.49367	0.46591	0.49451	0.5	0.45263	0.49425	0.4359	0.48913	0.46809	0.49	0.44	0.49367	0.45361	0.45455	0.45556	0.425	0.48864	0.46316	0.44681	0.4375	0.5	0.47674	0.48571	0.45977	0.47436	0.49367	0.4	0.45588	0.48571	0.40909	0.49515	0.45055	0.42202	0.45588	0.49495	0.44156	0.47959	0.48624	0.45349	0.45	0.47115	0.4881	0.41346	0.47826	0.45918	0.47664	0.40777	0.475	0.48101	0.5	0.46988	0.44595	0.48148	0.42727	0.37681	0.46729	0.47664	0.49412	0.4466	0.46237	0.46988	0.44578	0.41463	0.46875	0.43836	0.5	0.42466	0.46237	0.46018	0.42708	0.47573	0.46053	0.45882	0.46	0.48485	0.41346	0.47826	0.43519	0.45361	0.49351	0.48454	0.44565	0.49425	0.46809	0.45833	0.47414	0.42391	0.47458	0.47059	0.45161	0.48235	0.46053	0.48598	0.47525	0.45455	0.48571	0.39506	0.39744	0.44444	0.475	0.39326	0.48387	0.46988	0.49474	0.46429	0.44156	0.46753	0.47059	0.46809	0.45745	0.47727	0.41739	0.48315	0.49462	0.47619	0.47368	0.45455	0.45556	0.41905	0.4321	0.48387	0.45833	0.43434	0.48936	0.47059	0.43678	0.46809
cell42	0.33621	0.34615	0.27778	0.32479	0.35433	0.27523	0.36607	0.35714	0.37383	0.28358	0.28972	0.36607	0.37864	0.28704	0.27273	0.3719	0.31915	0.38095	0.32331	0.28829	0.27434	0.37391	0.26471	0.40157	0.34483	0.33333	0.38333	0.3125	0.32857	0.368	0.34951	0.28704	0.30612	0.31132	0.35772	0.34653	0.31897	0.33929	0.2449	0.32	0.32174	0.31193	0.42727	0.38028	0.34821	0.29907	0.3	0.37692	0.29091	0.27193	0.31356	0.31304	0.39098	0.37607	0.2562	0.37037	0.31532	0.29245	0.30275	0.3	0.32653	0.40678	0.39496	0.33607	0.27723	0.39175	0.29412	0.26772	0.296	0.34906	0.39423	0.23469	0.33577	0.30702	0.31193	0.34677	0.312	0.40179	0.27723	0.28	0.352	0.32743	0.35714	0.37302	0.4	0.39344	0.33846	0.3209	0.38843	0.32593	0.35714	0.29126	0.375	0.375	0.36154	0.27612	0.38261	0.31008	0.38	0.30597	0.40404	0.34167	0.31915	0.3125	0.29412	0.31884	0.25472	0.33962	0.33913	0.26316	0.33333	0.42222	0.32258	0.35922	0.28571	0.34211	0.36885	0.34959	0.36134	0.32353	0.35135	0.29167	0.33088	0.30872	0.34188	0.40625	0.29197	0.4359	0.25	0.37113	0.33628	0.29839	0.35789	0.37815	0.42683	0.31579	0.32787	0.41964	0.35246	0.28	0.25758	0.35593	0.30159	0.30833	0.29091	0.41525	0.34	0.20588	0.28226	0.28302	0.36364	0.25664	0.34328	0.37037	0.33333	0.25664	0.34211	0.36449	0.31818	0.35577	0.34161	0.37143	0.37795	0.33913	0.37584	0.28125	0.33628	0.36641	0.32	0.32353	0.26271	0.30435	0.31579	0.45082	0.36792	0.39552	0.34188	0.37234	0.34694	0.31868	0.31633	0.2735	0.42969	0.2971	0.25641	0.34146	0.34043	0.28037	0.41739	0.33588	0.32727	0.39423	0.26549	0.39333	0.30392	0.38	0.33962	0.28319	0.41905	0.33051	0.33333	0.32432	0.35246	0.35	0.31746	0.375	0.38095	0.30827	0.2735	0.42	0.34653	0.32773	0.32979	0.33562	0.31746	0.27869	0.29496	0.33333	0.344	0.31532	0.32323	0.33858	0.31343	0.27723	0.376	0.38235	0.33613	0.33333	0.33333	0.3254	0.32039	0.30769	0.34328	0.37302	0.35455	0.4	0.42056	0.34375	0.35156	0.28972	0.328	0.36842	0.32407	0.38926	0.46835	0.49398	0.44286	0.44706	0.47887	0.46753	0.5	0.48276	0.46269	0.40625	0.47826	0.49398	0.5	0.47778	0.42029	0.49153	0.42667	0.44944	0.48276	0.44681	0.475	0.40698	0.5	0.41667	0.45349	0.32877	0.49383	0.46377	0.41558	0.48485	0.41558	0.35632	0.41333	0.44156	0.48718	0.4507	0.47727	0.5	0.43902	0.49367	0.45349	0.46591	0.47692	0.42667	0.4375	0.4	0.45333	0.49254	0.49333	0.4375	0.39506	0.41111	0.35294	0.38235	0.42466	0.49367	0.45238	0.39806	0.49398	0.33333	0.43478	0.47143	0.44554	0.45055	0.46512	0.5	0.46667	0.43939	0.4507	0.47674	0.43939	0.42857	0.45833	0.46739	0.41333	0.44444	0.48718	0.42683	0.47917	0.4	0.41026	0.5	0.47297	0.4717	0.42857	0.46341	0.48438	0.4875	0.44706	0.48387	0.45714	0.5	0.46835	0.41558	0.49296	0.45833	0.47692	0.45455	0.40278	0.35714	0.36709	0.49383	0.48611	0.48193	0.47826	0.5	0.46988	0.48837	0.44304	0.47826	0.48611	0.43077	0.46552	0.47692	0.45946	0.34286	0.5	0.41463	0.46429	0.4023	0.39785	0.49398	0.4507	0.4026	0.48148	0.4625	0.46575	0.48276	0.44681	0.46341	0.47945	0.4359	0.41667	0.44	0.4	0.4875	0.45745	0.37143	0.49315	0.5	0.40698	0.4625	0.5	0.475	0.47561	0.41096	0.48684	0.40789	0.44565	0.40741	0.37681	0.46479	0.42667	0.46914	0.42667	0.43662	0.5	0.48529	0.46575	0.42857	0.41429	0.42308	0.42857	0.46667	0.45714	0.48193	0.44444	0.4	0.46237	0.46341	0.46835	0.44595	0.43421	0.48684	0.47826	0.4878	0.37037	0.42857	0.45455	0.43678	0.42529	0.4875	0.46067	0.43038	0.44118	0.46914	0.49351	0.42373	0.40278	0.39024	0.46479	0.4875	0.3913	0.38158	0.38202	0.42105	0.46988	0.48182	0.42857	0.47674	0.45714	0.45679	0.45946	0.46053	0.46753	0.4875	0.4125	0.41176	0.46479	0.36275	0.49275	0.39744	0.46154	0.4878	0.46341	0.48684	0.3871	0.43038	0.48611	0.475	0.47436	0.4557	0.46479	0.47368	0.46341	0.41975	0.425	0.47917	0.44444	0.47253	0.47561	0.48837	0.49315	0.49333	0.42105	0.3662	0.34667	0.46667	0.42857	0.40964	0.45556	0.5	0.44444	0.45205	0.5	0.47126	0.45455	0.47297	0.46591	0.4	0.38095	0.4375	0.49315	0.47826
cell43	0.31343	0.33028	0.31852	0.37984	0.35802	0.38926	0.44681	0.28369	0.35075	0.30556	0.32903	0.375	0.38793	0.3268	0.31343	0.35849	0.28571	0.38562	0.35971	0.35135	0.36296	0.29365	0.34351	0.32824	0.30667	0.30061	0.28319	0.3	0.31944	0.2953	0.4186	0.37903	0.33113	0.40541	0.2987	0.29545	0.33571	0.32836	0.27869	0.30597	0.3	0.29323	0.31429	0.2953	0.32624	0.35294	0.33083	0.2953	0.30769	0.2766	0.31897	0.33071	0.37121	0.36154	0.32394	0.37363	0.35461	0.48889	0.3806	0.2518	0.29688	0.37037	0.30818	0.29927	0.34615	0.31405	0.38854	0.35156	0.32824	0.41497	0.33594	0.34868	0.34228	0.325	0.31061	0.34559	0.30612	0.32432	0.28188	0.26752	0.32479	0.3622	0.34694	0.29091	0.376	0.4188	0.33333	0.32484	0.3617	0.30657	0.28767	0.34586	0.35862	0.35385	0.36641	0.34127	0.37778	0.27559	0.35211	0.37692	0.4	0.29323	0.28571	0.36842	0.36486	0.38889	0.28986	0.40602	0.34677	0.40984	0.28571	0.32143	0.29221	0.31304	0.3741	0.32558	0.36538	0.27517	0.30172	0.41212	0.27972	0.32414	0.37398	0.29008	0.32609	0.29771	0.39552	0.32168	0.27857	0.34426	0.31387	0.32558	0.40625	0.25157	0.264	0.32283	0.304	0.33846	0.35664	0.28986	0.30872	0.29496	0.38012	0.29771	0.33824	0.31624	0.37255	0.27419	0.32639	0.28788	0.30818	0.36667	0.34965	0.36552	0.43448	0.27632	0.34234	0.33566	0.312	0.41781	0.34783	0.35417	0.30519	0.30645	0.34507	0.22764	0.40288	0.33113	0.33333	0.38017	0.35616	0.34722	0.32283	0.30556	0.26613	0.34091	0.35185	0.28148	0.26582	0.33594	0.312	0.27559	0.36111	0.28462	0.34328	0.30435	0.34559	0.33065	0.28696	0.36806	0.24561	0.34091	0.29365	0.33544	0.33588	0.40876	0.4069	0.375	0.41176	0.38129	0.35915	0.32667	0.28261	0.26613	0.30147	0.30172	0.375	0.31343	0.34426	0.31532	0.34615	0.34815	0.24576	0.408	0.33065	0.33858	0.27731	0.30303	0.29801	0.35088	0.27778	0.33898	0.2541	0.32911	0.39216	0.30357	0.32704	0.35714	0.34058	0.34483	0.34194	0.34884	0.40411	0.29008	0.36691	0.35915	0.37398	0.36875	0.31206	0.34884	0.27132	0.38028	0.27632	0.37241	0.49495	0.4557	0.5	0.48352	0.4898	0.44681	0.48485	0.48515	0.47525	0.49367	0.46341	0.4881	0.43678	0.47727	0.46237	0.46739	0.44444	0.48387	0.44554	0.45349	0.47423	0.41	0.41935	0.46	0.4125	0.47059	0.4898	0.44681	0.46535	0.46729	0.40244	0.44118	0.49485	0.47727	0.43137	0.49451	0.48315	0.47619	0.43956	0.42105	0.46914	0.47059	0.47312	0.37931	0.45238	0.49474	0.48315	0.49	0.44792	0.49383	0.41414	0.48235	0.48352	0.48	0.44762	0.4382	0.48387	0.40741	0.48889	0.47273	0.42529	0.49524	0.47727	0.47619	0.41573	0.39823	0.45	0.48684	0.45679	0.45745	0.47727	0.32632	0.46729	0.44444	0.43158	0.5	0.40506	0.4875	0.45783	0.44318	0.46988	0.43243	0.46903	0.39437	0.46465	0.49474	0.49315	0.46067	0.45055	0.42268	0.35714	0.5	0.46	0.47525	0.4881	0.47126	0.45455	0.49	0.49524	0.47059	0.41975	0.43678	0.39506	0.41935	0.49398	0.48235	0.5	0.5	0.43519	0.42045	0.34409	0.47059	0.46067	0.38614	0.45679	0.325	0.5	0.47059	0.43373	0.39583	0.425	0.49485	0.47872	0.5	0.47826	0.5	0.40594	0.46154	0.42222	0.45161	0.39175	0.45349	0.46957	0.43011	0.48235	0.42708	0.49485	0.4697	0.43617	0.46067	0.47619	0.42	0.49425	0.48958	0.49533	0.47959	0.47778	0.49515	0.49038	0.4557	0.45238	0.44186	0.43662	0.5	0.45652	0.4955	0.48684	0.41905	0.5	0.48052	0.45238	0.43023	0.43023	0.45679	0.46429	0.46875	0.46809	0.48276	0.46154	0.46739	0.47253	0.34444	0.44944	0.47	0.47761	0.48529	0.45055	0.42697	0.47475	0.45361	0.42718	0.47222	0.48387	0.48611	0.45161	0.49038	0.45679	0.46053	0.48684	0.48889	0.44681	0.47959	0.5	0.47423	0.44578	0.49495	0.3956	0.37634	0.42574	0.41333	0.48913	0.5	0.48958	0.5	0.40789	0.44118	0.44156	0.49485	0.47945	0.44444	0.48485	0.44318	0.45652	0.39759	0.49515	0.46575	0.47253	0.48684	0.47222	0.46591	0.41304	0.38462	0.47748	0.49254	0.47826	0.44444	0.44792	0.45361	0.41304	0.43011	0.4186	0.48101	0.47525	0.48235	0.47561	0.46154	0.41892	0.4321	0.47778	0.37634	0.46835	0.47706	0.44578	0.48387	0.49438	0.48276	0.4878	0.45263	0.47115	0.47619	0.47778	0.48039	0.46429	0.475
cell44	0.38125	0.36242	0.33728	0.31126	0.30128	0.27972	0.34132	0.31613	0.34132	0.34545	0.30723	0.30286	0.3741	0.3012	0.29927	0.38255	0.36879	0.35616	0.34161	0.34586	0.29518	0.33735	0.43506	0.37008	0.33094	0.36875	0.34454	0.31757	0.36486	0.30625	0.39416	0.35075	0.29944	0.31677	0.42138	0.37037	0.3268	0.27333	0.30065	0.32941	0.3494	0.33333	0.31915	0.35172	0.36646	0.2381	0.31788	0.36601	0.32374	0.37725	0.34302	0.35811	0.40541	0.37267	0.39355	0.28571	0.44444	0.26282	0.35294	0.34545	0.33824	0.34459	0.33908	0.35897	0.3046	0.35374	0.34177	0.26974	0.31319	0.36306	0.34559	0.34307	0.36538	0.33562	0.26812	0.33582	0.30935	0.32432	0.33333	0.34356	0.3949	0.34568	0.32597	0.30827	0.31579	0.36905	0.32164	0.29341	0.35152	0.29104	0.3354	0.35762	0.29299	0.33333	0.33333	0.33333	0.36842	0.21212	0.30556	0.29143	0.2994	0.37209	0.32258	0.33088	0.31073	0.35507	0.30822	0.33146	0.36879	0.35669	0.32967	0.30128	0.34058	0.33333	0.27976	0.38806	0.26738	0.39869	0.34507	0.38182	0.32335	0.38356	0.3681	0.32948	0.3268	0.38462	0.30573	0.3494	0.3697	0.37692	0.3141	0.38931	0.35762	0.33099	0.375	0.32468	0.39568	0.35948	0.28916	0.32593	0.37179	0.34641	0.2987	0.33728	0.33793	0.33962	0.36424	0.35135	0.3125	0.33333	0.33094	0.32738	0.3125	0.35329	0.26515	0.31544	0.36522	0.33758	0.34507	0.32283	0.36464	0.31788	0.38462	0.30872	0.39394	0.33333	0.22561	0.34375	0.39429	0.32026	0.3481	0.32895	0.31126	0.29167	0.39189	0.3352	0.33129	0.35135	0.32335	0.27731	0.33858	0.36471	0.30573	0.35762	0.38365	0.35625	0.41935	0.37179	0.34783	0.33125	0.31737	0.31387	0.31613	0.36932	0.33103	0.33088	0.31515	0.33813	0.27632	0.37097	0.36184	0.30556	0.41615	0.33929	0.31098	0.32749	0.33758	0.38217	0.37324	0.33784	0.32461	0.34	0.32468	0.38312	0.38372	0.32955	0.36	0.32847	0.4094	0.2803	0.34899	0.36538	0.3642	0.36709	0.37179	0.27152	0.31333	0.35766	0.32716	0.39264	0.28289	0.32877	0.29371	0.33143	0.31325	0.34503	0.36646	0.32	0.23529	0.28834	0.30303	0.32468	0.36552	0.24242	0.45455	0.47312	0.48718	0.3913	0.47475	0.48305	0.49524	0.47664	0.48148	0.43	0.5	0.38318	0.49541	0.46078	0.46875	0.42857	0.44211	0.47321	0.4537	0.43011	0.41748	0.45455	0.49057	0.46067	0.475	0.44444	0.45161	0.4466	0.4466	0.46316	0.41837	0.46316	0.49515	0.49091	0.46602	0.45082	0.45652	0.45455	0.49515	0.42553	0.38947	0.47273	0.43925	0.42056	0.41509	0.48624	0.49505	0.45045	0.48092	0.41837	0.40964	0.43519	0.49515	0.49573	0.49558	0.48276	0.39423	0.44348	0.48837	0.46847	0.45528	0.5	0.45045	0.46032	0.46667	0.48361	0.49618	0.48673	0.49495	0.48649	0.42857	0.46667	0.47475	0.46316	0.5	0.4878	0.47368	0.48148	0.41667	0.47674	0.44037	0.48611	0.48837	0.5	0.41667	0.47059	0.40217	0.46939	0.5	0.45299	0.43878	0.45714	0.49495	0.46847	0.48913	0.48454	0.5	0.46296	0.47321	0.45652	0.43966	0.45055	0.47191	0.46392	0.46154	0.43878	0.46067	0.49412	0.47059	0.46364	0.46226	0.44737	0.48276	0.49	0.5	0.43678	0.44828	0.48515	0.47423	0.48958	0.48214	0.49107	0.44545	0.38947	0.4	0.46094	0.45	0.48276	0.49462	0.5	0.47826	0.49425	0.47959	0.47959	0.4086	0.49091	0.45872	0.49296	0.48913	0.49524	0.46939	0.42241	0.5	0.47525	0.42982	0.45794	0.47115	0.40708	0.4557	0.46237	0.41905	0.49485	0.48673	0.46316	0.47727	0.45122	0.45098	0.43564	0.46018	0.38835	0.5	0.46602	0.49515	0.47863	0.47581	0.44068	0.4898	0.45872	0.44545	0.5	0.48148	0.49495	0.46	0.48182	0.47872	0.5	0.45045	0.48	0.44318	0.42391	0.49573	0.43956	0.4898	0.48039	0.46392	0.5	0.49524	0.45361	0.47917	0.49451	0.41379	0.47826	0.46667	0.47	0.48958	0.43243	0.48421	0.46667	0.46	0.44898	0.44444	0.4898	0.44444	0.43434	0.44231	0.49451	0.43689	0.48544	0.48571	0.4188	0.4	0.46875	0.49624	0.49485	0.40833	0.47619	0.44048	0.47368	0.43023	0.47748	0.47959	0.48077	0.45	0.44444	0.32967	0.49565	0.48485	0.49515	0.4569	0.43678	0.49038	0.49524	0.44144	0.46465	0.45833	0.45714	0.46429	0.45918	0.5	0.5	0.48148	0.46853	0.47664	0.41509	0.2987	0.41176	0.41379	0.43478	0.49107	0.42169	0.48598	0.48148	0.42982	0.48113
cell45	0.31613	0.35115	0.26708	0.33333	0.33544	0.25658	0.26087	0.31429	0.31092	0.26389	0.2803	0.30882	0.29197	0.30675	0.37324	0.33333	0.30323	0.29252	0.37821	0.25974	0.2963	0.37838	0.30625	0.28571	0.33108	0.40252	0.35099	0.29834	0.32	0.31915	0.32026	0.32394	0.37255	0.31737	0.36416	0.28148	0.30323	0.37681	0.35152	0.38095	0.29032	0.38129	0.28169	0.30128	0.42208	0.32479	0.375	0.38286	0.34615	0.3012	0.26974	0.31544	0.33562	0.32515	0.33548	0.37013	0.33951	0.30714	0.33566	0.27451	0.32667	0.40816	0.36054	0.31579	0.27742	0.33083	0.2987	0.37107	0.36301	0.32164	0.2766	0.31655	0.275	0.30058	0.37013	0.26	0.28169	0.29775	0.375	0.34211	0.30597	0.34595	0.30178	0.4	0.34058	0.3	0.31944	0.33143	0.3	0.29487	0.34307	0.26471	0.37594	0.3121	0.30625	0.24419	0.32867	0.27097	0.30065	0.35802	0.37647	0.30114	0.35507	0.37748	0.30636	0.34091	0.31169	0.31373	0.36842	0.38776	0.27815	0.33333	0.35417	0.32192	0.34161	0.32317	0.32727	0.38854	0.41667	0.32461	0.3875	0.3245	0.31013	0.30822	0.34	0.30216	0.37736	0.35714	0.31646	0.32237	0.28889	0.31579	0.31507	0.3913	0.37419	0.31875	0.29221	0.35374	0.38686	0.33537	0.32143	0.34591	0.36709	0.36905	0.32143	0.28676	0.31361	0.32927	0.34545	0.42308	0.35762	0.3986	0.3169	0.29457	0.36301	0.34211	0.3985	0.30137	0.36667	0.40373	0.34483	0.32653	0.33557	0.27439	0.32	0.34307	0.33824	0.35294	0.23871	0.36184	0.325	0.34965	0.30137	0.39683	0.26016	0.38961	0.28481	0.37654	0.32402	0.3	0.29851	0.29927	0.35714	0.36424	0.37097	0.32484	0.34058	0.30323	0.34532	0.29299	0.3169	0.29927	0.38411	0.34375	0.34839	0.34641	0.38356	0.29268	0.34884	0.30882	0.29365	0.288	0.34247	0.33562	0.32927	0.34194	0.33557	0.31461	0.34328	0.34043	0.3865	0.36364	0.38922	0.37241	0.38298	0.42236	0.32168	0.36364	0.34932	0.4	0.34028	0.35833	0.40625	0.29605	0.29586	0.27068	0.31098	0.3	0.37008	0.32075	0.24845	0.26923	0.28659	0.32121	0.33775	0.31343	0.31507	0.31169	0.3375	0.3038	0.31707	0.31098	0.30464	0.29333	0.42424	0.46939	0.45783	0.5	0.47959	0.47748	0.46226	0.48182	0.46316	0.48485	0.45455	0.40816	0.48649	0.37255	0.45045	0.42553	0.47368	0.45299	0.35849	0.47525	0.45833	0.47059	0.45614	0.43802	0.46	0.49451	0.46392	0.46226	0.42424	0.42453	0.45192	0.41905	0.42157	0.5	0.42727	0.44643	0.4434	0.47222	0.4386	0.44167	0.41121	0.48276	0.49474	0.48837	0.48	0.49123	0.5	0.42697	0.46465	0.46392	0.46667	0.46875	0.47126	0.42	0.42105	0.5	0.39773	0.43956	0.47959	0.44944	0.49057	0.38889	0.48515	0.46789	0.48	0.46729	0.34091	0.48	0.5	0.49462	0.48113	0.40909	0.4486	0.4537	0.45098	0.43299	0.41284	0.5	0.46939	0.49515	0.43396	0.4359	0.4898	0.49474	0.46875	0.45045	0.48889	0.44037	0.45161	0.5	0.48515	0.4661	0.5	0.44444	0.44944	0.43636	0.4386	0.4086	0.49533	0.43564	0.46739	0.4625	0.5	0.44762	0.46237	0.43434	0.47312	0.48913	0.49091	0.46512	0.47917	0.37931	0.44915	0.48387	0.46429	0.49462	0.49	0.49505	0.48598	0.49565	0.38542	0.45783	0.46067	0.41748	0.46296	0.48315	0.42157	0.46465	0.39815	0.44	0.45833	0.48718	0.48624	0.5	0.44578	0.47959	0.49495	0.46591	0.44706	0.46602	0.48913	0.46018	0.39823	0.45545	0.48039	0.42857	0.46809	0.46392	0.43373	0.48387	0.41905	0.49074	0.41593	0.48182	0.45455	0.44444	0.475	0.48387	0.48936	0.4881	0.44944	0.48485	0.46875	0.49333	0.48246	0.42553	0.46392	0.48864	0.40741	0.5	0.40952	0.42697	0.42424	0.46809	0.39	0.42574	0.46988	0.43636	0.49438	0.48571	0.43137	0.46154	0.45	0.37234	0.43529	0.48515	0.46067	0.48889	0.42268	0.49485	0.42105	0.48864	0.46939	0.48387	0.41284	0.45161	0.44444	0.43023	0.45833	0.48387	0.47863	0.44882	0.45045	0.45918	0.464	0.45556	0.47664	0.45918	0.44444	0.4902	0.47573	0.49383	0.45	0.5	0.44348	0.43333	0.46392	0.48649	0.45263	0.48958	0.45536	0.46739	0.46939	0.43478	0.5	0.49091	0.46154	0.36275	0.42222	0.48864	0.4386	0.47436	0.47778	0.45238	0.40336	0.49	0.48544	0.4625	0.4375	0.4898	0.42308	0.47273	0.44737	0.5	0.45631	0.46218	0.39815	0.48113	0.4898	0.46512	0.48315	0.49219	0.46392	0.5
cell46	0.4127	0.43939	0.46875	0.425	0.45714	0.46053	0.48101	0.45205	0.48052	0.5	0.48571	0.42466	0.45098	0.5	0.42623	0.5	0.43636	0.48276	0.42623	0.37879	0.42857	0.49254	0.48	0.48684	0.43243	0.48837	0.36364	0.4918	0.48529	0.46875	0.48052	0.47826	0.48837	0.47059	0.44444	0.42105	0.45455	0.44231	0.42647	0.46575	0.45763	0.47297	0.42105	0.39062	0.43284	0.44928	0.46269	0.32479	0.38384	0.33684	0.34375	0.29524	0.34783	0.38281	0.29808	0.28395	0.36522	0.37615	0.46316	0.4086	0.34314	0.32174	0.26214	0.27885	0.34021	0.46667	0.29293	0.3	0.23958	0.32222	0.31183	0.31707	0.34167	0.33981	0.30952	0.0	0.0	0.0	0.0	0.0	0.0	0.02439	0.0	0.0	0.0	0.0	0.0	0.0	0.0	0.0	0.49275	0.39394	0.48649	0.43421	0.46875	0.42667	0.42029	0.44928	0.4321	0.44	0.45714	0.38983	0.49206	0.34783	0.42647	0.42188	0.46575	0.32	0.45946	0.4058	0.45902	0.42353	0.43182	0.5	0.41463	0.4	0.49367	0.44048	0.5	0.47436	0.46512	0.39773	0.4697	0.44444	0.47692	0.46552	0.43478	0.41538	0.43878	0.35821	0.37681	0.43548	0.47368	0.49351	0.4918	0.49153	0.41935	0.5	0.48438	0.40909	0.38889	0.48611	0.38571	0.42857	0.49296	0.47458	0.44068	0.36364	0.44737	0.48684	0.4375	0.43103	0.46154	0.45205	0.47761	0.33333	0.32857	0.48718	0.39062	0.47887	0.39726	0.43678	0.5	0.47887	0.44444	0.47059	0.47541	0.41667	0.46377	0.47826	0.48571	0.475	0.48052	0.5	0.42857	0.39726	0.48	0.47826	0.46914	0.49231	0.47541	0.49425	0.43077	0.47059	0.42857	0.49315	0.49275	0.46988	0.49254	0.46429	0.43939	0.47297	0.45	0.47222	0.41791	0.46875	0.39726	0.45763	0.42647	0.44872	0.44444	0.47143	0.32308	0.44828	0.46032	0.5	0.49425	0.41176	0.48214	0.44928	0.42857	0.46429	0.47692	0.47541	0.5	0.48718	0.45763	0.46032	0.45333	0.41935	0.40625	0.3908	0.37975	0.49254	0.49351	0.46032	0.45882	0.36207	0.49296	0.42466	0.4058	0.47541	0.4	0.46479	0.4125	0.49351	0.44118	0.49383	0.47887	0.5	0.45312	0.34667	0.47297	0.46053	0.44444	0.49275	0.45205	0.47561	0.46667	0.3662	0.43636	0.4	0.49367	0.30667	0.45588	0.49254	0.43902	0.49231	0.47059	0.44444	0.41667	0.3875	0.48684	0.48684	0.48	0.39726	0.48529	0.49254	0.46479	0.45714	0.45205	0.42029	0.42029	0.43333	0.48485	0.49231	0.475	0.4359	0.48438	0.48148	0.39394	0.48438	0.46479	0.46479	0.46479	0.4086	0.40541	0.42169	0.42254	0.43333	0.47273	0.43284	0.47297	0.43939	0.47368	0.43478	0.46774	0.5	0.47222	0.43243	0.45763	0.39706	0.4557	0.41892	0.46835	0.46053	0.49351	0.47126	0.45312	0.47945	0.47143	0.42373	0.49315	0.47368	0.44262	0.48	0.48052	0.48052	0.5	0.41071	0.47761	0.46154	0.46552	0.42857	0.4	0.45098	0.47561	0.46575	0.49351	0.40909	0.48529	0.49315	0.43137	0.44304	0.39706	0.44118	0.4697	0.4375	0.4918	0.47692	0.44118	0.36	0.4321	0.49351	0.4375	0.46479	0.42	0.35294	0.48387	0.47692	0.4	0.36923	0.44944	0.45833	0.48438	0.48684	0.46575	0.44068	0.46032	0.43939	0.40909	0.46875	0.33846	0.46835	0.48529	0.47222	0.49231	0.47297	0.47826	0.4386	0.49275	0.45902	0.47059	0.4875	0.48485	0.40323	0.475	0.40299	0.43056	0.40299	0.46914	0.44	0.48387	0.39189	0.48529	0.4359	0.47436	0.46875	0.41892	0.42188	0.46296	0.45455	0.41892	0.38095	0.43939	0.49333	0.49315	0.47826	0.43333	0.44776	0.45455	0.49412	0.47059	0.44444	0.5	0.48485	0.48	0.46575	0.43939	0.49206	0.49123	0.45679	0.45455	0.44615	0.37255	0.39062	0.4918	0.46774	0.48485	0.44898	0.42105	0.48485	0.49275	0.49275	0.36066	0.48529	0.49153	0.46154	0.5	0.47222	0.48611	0.42857	0.42254	0.48333	0.41892	0.45588	0.49275	0.47059	0.46667	0.4386	0.41538	0.49351	0.42857	0.40845	0.38028	0.4697	0.46032	0.47826	0.4375	0.48387	0.44444	0.45	0.44286	0.49351	0.46377	0.43836	0.48611	0.43939	0.39726	0.41975	0.48333	0.5	0.46479	0.47368	0.44643	0.37805	0.42623	0.375	0.34545	0.5	0.46479	0.38806	0.47692	0.43373	0.44156	0.42188	0.39655	0.47059	0.46154	0.47826	0.47458	0.39394	0.48649	0.48193	0.46053	0.46032	0.44615	0.44444	0.45614	0.45312	0.4	0.47619	0.49495	0.44	0.47561	0.43662	0.44286	0.49438
cell47	0.30435	0.34899	0.34483	0.28966	0.39726	0.3986	0.37415	0.34	0.31818	0.31915	0.37762	0.30556	0.31677	0.34615	0.368	0.3121	0.25676	0.30435	0.31373	0.31724	0.29012	0.35616	0.31973	0.34667	0.3	0.37063	0.31081	0.37162	0.28667	0.32857	0.29139	0.38931	0.32759	0.28495	0.3642	0.31061	0.29268	0.30986	0.42857	0.35673	0.37333	0.40288	0.30409	0.36066	0.34058	0.41322	0.34228	0.31447	0.30216	0.39394	0.32308	0.35256	0.33529	0.30573	0.3526	0.35172	0.35616	0.29054	0.27338	0.375	0.3169	0.30247	0.40816	0.35461	0.34161	0.27481	0.33094	0.38129	0.37975	0.32143	0.29688	0.29193	0.36646	0.3	0.416	0.37037	0.33544	0.24828	0.36719	0.35758	0.30496	0.38788	0.31847	0.29365	0.34545	0.29927	0.33333	0.36905	0.3758	0.35849	0.33594	0.3007	0.39416	0.28	0.35152	0.34146	0.33582	0.33758	0.28767	0.28369	0.39521	0.27027	0.32759	0.32258	0.32331	0.29323	0.32117	0.34	0.28676	0.27742	0.34848	0.31613	0.36364	0.40769	0.31034	0.32143	0.34459	0.30818	0.3211	0.32727	0.36735	0.35625	0.35938	0.31737	0.32237	0.3	0.34211	0.39103	0.35036	0.29104	0.28049	0.34694	0.34559	0.31847	0.34532	0.35762	0.34899	0.36313	0.38636	0.28986	0.28846	0.31973	0.33094	0.36054	0.30519	0.30714	0.36364	0.42073	0.37654	0.37879	0.30709	0.25547	0.34146	0.28667	0.37107	0.36527	0.40559	0.30968	0.31884	0.32773	0.28873	0.36	0.38667	0.28873	0.32867	0.31852	0.32692	0.37086	0.34132	0.3609	0.41447	0.35948	0.34965	0.28472	0.35338	0.33562	0.31757	0.24638	0.29801	0.38194	0.37681	0.35556	0.37736	0.32624	0.36154	0.33766	0.29577	0.37762	0.27857	0.26415	0.33333	0.33099	0.37662	0.30857	0.38983	0.28477	0.368	0.35714	0.33562	0.29167	0.34868	0.29167	0.28342	0.36	0.35507	0.31061	0.28758	0.29412	0.37762	0.34028	0.26282	0.32484	0.34706	0.31429	0.30882	0.32468	0.33094	0.34722	0.33537	0.35862	0.35948	0.36879	0.39355	0.35404	0.27742	0.35075	0.31847	0.38365	0.36986	0.32584	0.28378	0.39865	0.30573	0.30323	0.35849	0.29452	0.30556	0.30061	0.31818	0.25342	0.32903	0.47826	0.37107	0.3	0.46429	0.49558	0.40244	0.48235	0.48515	0.49533	0.46018	0.42424	0.47368	0.45349	0.4898	0.44872	0.48544	0.44643	0.39175	0.44086	0.43333	0.5	0.47917	0.47917	0.48515	0.49057	0.5	0.46154	0.49495	0.43373	0.45045	0.46316	0.38889	0.47872	0.45652	0.48387	0.41905	0.46512	0.46465	0.46392	0.47253	0.48544	0.45783	0.49057	0.4086	0.38889	0.39785	0.42105	0.4881	0.45455	0.48649	0.42529	0.45833	0.48515	0.43396	0.47321	0.48387	0.43182	0.4878	0.42857	0.45714	0.49541	0.46	0.47727	0.49	0.45455	0.46392	0.36634	0.45098	0.5	0.45455	0.4186	0.41304	0.48598	0.43902	0.48454	0.48837	0.47126	0.44086	0.46429	0.47959	0.43299	0.47872	0.48387	0.48936	0.41667	0.44444	0.45455	0.5	0.49533	0.44737	0.48571	0.39773	0.46078	0.46903	0.4918	0.46988	0.42157	0.475	0.48182	0.41176	0.48438	0.4382	0.48611	0.48739	0.41758	0.49351	0.48864	0.49505	0.42857	0.45	0.43902	0.46491	0.43878	0.47222	0.43617	0.46465	0.5	0.47059	0.5	0.48889	0.4	0.48113	0.46602	0.47619	0.48315	0.45872	0.5	0.48421	0.41584	0.46226	0.47778	0.41935	0.49462	0.47826	0.45055	0.45	0.46377	0.39241	0.47115	0.45045	0.42683	0.4625	0.46809	0.47525	0.46602	0.5	0.43689	0.46957	0.5	0.47917	0.48413	0.49138	0.46939	0.48193	0.44304	0.425	0.44828	0.48315	0.46939	0.49412	0.45545	0.4375	0.49	0.49438	0.44792	0.43333	0.4	0.45238	0.4486	0.43956	0.45455	0.47059	0.45455	0.42308	0.49485	0.46465	0.48936	0.5	0.48684	0.43333	0.45	0.46602	0.41441	0.46465	0.46392	0.45833	0.45192	0.45349	0.46847	0.46154	0.375	0.42478	0.37037	0.49	0.45545	0.49438	0.42683	0.48387	0.44	0.41573	0.49505	0.45098	0.49425	0.45763	0.46218	0.47525	0.46316	0.49351	0.47475	0.45946	0.48039	0.5	0.48936	0.48039	0.47115	0.48936	0.45455	0.41935	0.3956	0.45238	0.46535	0.49515	0.49524	0.46078	0.5	0.46667	0.45455	0.43697	0.48571	0.43636	0.45833	0.44898	0.43956	0.48837	0.38298	0.47475	0.46	0.5	0.44628	0.48148	0.48454	0.48148	0.48544	0.49123	0.44444	0.48624	0.47706	0.4375	0.48913	0.45745	0.47788	0.43299	0.49412	0.43636	0.43689	0.38136	0.4898
cell48	0.30723	0.36364	0.26994	0.32099	0.39869	0.29054	0.32432	0.34459	0.33108	0.30357	0.31429	0.31429	0.28333	0.32941	0.32667	0.31343	0.34146	0.31884	0.36527	0.29577	0.28144	0.39568	0.29487	0.39103	0.40136	0.31638	0.35507	0.29878	0.34899	0.29078	0.29341	0.33333	0.40698	0.3557	0.33735	0.40411	0.35211	0.23571	0.3719	0.32704	0.35714	0.34483	0.33333	0.39161	0.32877	0.32215	0.37956	0.37838	0.37838	0.26351	0.32051	0.34459	0.33333	0.31765	0.3494	0.37008	0.33117	0.35211	0.39888	0.34591	0.35556	0.33582	0.30435	0.23022	0.35556	0.31373	0.28767	0.375	0.31618	0.36486	0.34328	0.31579	0.2987	0.2963	0.25758	0.43333	0.31579	0.36641	0.33582	0.29496	0.24627	0.30556	0.36932	0.29412	0.34591	0.34783	0.33775	0.35849	0.325	0.34722	0.35616	0.31818	0.27586	0.24667	0.26531	0.36806	0.29139	0.34839	0.31973	0.31447	0.35333	0.26429	0.34	0.31447	0.32903	0.34194	0.28346	0.28387	0.37681	0.32237	0.3125	0.30137	0.27711	0.2973	0.32121	0.34507	0.26974	0.37333	0.38931	0.36	0.33094	0.32941	0.34899	0.32298	0.36	0.28387	0.42466	0.31544	0.33987	0.25926	0.29139	0.35	0.40244	0.25175	0.33088	0.35976	0.29936	0.3007	0.38037	0.3314	0.30303	0.34211	0.2987	0.38667	0.40385	0.31469	0.36076	0.37209	0.33333	0.26623	0.32948	0.36364	0.32468	0.33125	0.31677	0.28105	0.36943	0.34014	0.27419	0.40116	0.38365	0.28889	0.31579	0.38732	0.33125	0.39259	0.36735	0.29861	0.32597	0.28188	0.36875	0.38596	0.32203	0.33793	0.30822	0.31915	0.325	0.34	0.30818	0.34756	0.36552	0.41333	0.40741	0.33766	0.34524	0.34545	0.38608	0.34615	0.37821	0.29586	0.2449	0.35099	0.35366	0.31792	0.34731	0.30811	0.35256	0.35616	0.32484	0.3865	0.31944	0.38806	0.36905	0.34568	0.32857	0.30201	0.27586	0.32414	0.39583	0.36601	0.34014	0.30519	0.33562	0.33125	0.35616	0.33529	0.39583	0.32192	0.28358	0.33333	0.33333	0.36646	0.35294	0.34228	0.33143	0.36	0.39041	0.39416	0.31852	0.34307	0.33117	0.35338	0.28662	0.29448	0.31973	0.32168	0.37037	0.32468	0.30769	0.24667	0.31081	0.36296	0.30556	0.36842	0.44068	0.47244	0.47222	0.48276	0.48361	0.44444	0.48485	0.45918	0.47664	0.40196	0.48958	0.47573	0.4875	0.46154	0.48864	0.48889	0.47	0.45614	0.41667	0.43529	0.49505	0.46392	0.36449	0.46226	0.47126	0.39175	0.41176	0.42149	0.4537	0.48387	0.49038	0.41667	0.44167	0.48936	0.4898	0.44538	0.49074	0.5	0.44954	0.45122	0.39604	0.35849	0.47619	0.47321	0.47778	0.47863	0.48077	0.48673	0.42574	0.43529	0.44086	0.48421	0.44	0.48421	0.48387	0.48624	0.5	0.49438	0.47664	0.48739	0.47863	0.475	0.5	0.47664	0.48421	0.47748	0.48673	0.375	0.5	0.47115	0.47788	0.42718	0.42391	0.45833	0.4433	0.47059	0.39326	0.48624	0.48598	0.47191	0.5	0.48235	0.47321	0.48515	0.45763	0.47	0.48352	0.48387	0.48333	0.4	0.40777	0.49	0.46457	0.39604	0.47368	0.49495	0.46875	0.3964	0.48	0.49462	0.45918	0.46392	0.46591	0.5	0.43333	0.47126	0.47674	0.43269	0.45	0.44118	0.43689	0.47778	0.46939	0.5	0.43023	0.48352	0.47674	0.48421	0.43158	0.49505	0.46939	0.47368	0.48544	0.45545	0.40196	0.46018	0.45283	0.45652	0.46721	0.4717	0.49438	0.41509	0.47934	0.46667	0.48571	0.3587	0.44715	0.4955	0.48454	0.45614	0.47059	0.5	0.49123	0.49138	0.43269	0.48673	0.43158	0.4188	0.4955	0.43396	0.48515	0.48193	0.48421	0.49074	0.48148	0.47863	0.46237	0.47273	0.4955	0.43678	0.41333	0.47778	0.47	0.48077	0.47009	0.47967	0.47778	0.4878	0.4902	0.47788	0.46591	0.47321	0.47541	0.38384	0.49	0.39623	0.46	0.44762	0.41441	0.46	0.5	0.42697	0.44167	0.45528	0.4902	0.464	0.43564	0.47826	0.41584	0.4717	0.44037	0.45192	0.46392	0.48148	0.49398	0.46296	0.43678	0.35	0.46809	0.47423	0.41584	0.43478	0.47917	0.47126	0.47059	0.48936	0.475	0.45161	0.46237	0.47619	0.46729	0.475	0.46094	0.44118	0.49038	0.48182	0.41237	0.47664	0.47778	0.47959	0.47788	0.47458	0.47	0.41053	0.47321	0.49123	0.47573	0.47826	0.45946	0.44681	0.42708	0.48649	0.46739	0.47115	0.47273	0.41758	0.42157	0.45882	0.45631	0.46078	0.44643	0.43966	0.44444	0.45745	0.47059	0.4382	0.48624	0.44086	0.5	0.4386	0.46154	0.42857	0.49558	0.47423
cell49	0.34545	0.34843	0.30599	0.31546	0.39427	0.28829	0.35669	0.30496	0.34769	0.35714	0.28521	0.32288	0.35019	0.32566	0.38298	0.368	0.30872	0.33553	0.33333	0.35587	0.34	0.28344	0.33754	0.32258	0.33115	0.32177	0.33818	0.29114	0.35644	0.3109	0.32342	0.31274	0.38486	0.33916	0.28035	0.3322	0.3871	0.35739	0.3769	0.32803	0.33803	0.32288	0.34228	0.33922	0.34386	0.304	0.28205	0.3503	0.3434	0.31373	0.30108	0.33775	0.3588	0.34604	0.36	0.30078	0.38487	0.34532	0.33904	0.29003	0.28958	0.36735	0.32143	0.36806	0.35495	0.30769	0.34768	0.32226	0.29642	0.33333	0.34237	0.34835	0.33231	0.33446	0.32847	0.28521	0.39777	0.34182	0.32117	0.3127	0.41237	0.32298	0.32153	0.30894	0.37407	0.35088	0.33333	0.33096	0.3858	0.35216	0.33754	0.36913	0.33803	0.36082	0.3321	0.30892	0.31169	0.35531	0.36156	0.3366	0.32749	0.37634	0.34528	0.32441	0.29524	0.34146	0.29139	0.32776	0.32384	0.33446	0.3754	0.35577	0.34862	0.32836	0.32881	0.38488	0.30159	0.33533	0.33223	0.34012	0.33223	0.37671	0.35082	0.3053	0.2956	0.36246	0.36795	0.34387	0.31944	0.34799	0.30986	0.27419	0.3468	0.34202	0.32468	0.32298	0.3477	0.37829	0.34211	0.29167	0.33651	0.35417	0.36246	0.28571	0.31208	0.3617	0.34014	0.32381	0.3354	0.26744	0.3377	0.33214	0.33935	0.40493	0.31847	0.34114	0.28058	0.3354	0.35659	0.27273	0.31385	0.3481	0.36872	0.33218	0.29967	0.30421	0.31361	0.35404	0.29801	0.38926	0.3	0.30368	0.31353	0.31023	0.31939	0.25806	0.34018	0.30921	0.32288	0.36786	0.33463	0.33758	0.33228	0.34965	0.3289	0.33447	0.33219	0.31615	0.33333	0.33229	0.31203	0.36194	0.35855	0.3534	0.3268	0.33131	0.31449	0.3829	0.31379	0.35608	0.356	0.27541	0.3141	0.31845	0.33333	0.27609	0.33086	0.33773	0.35374	0.34014	0.33333	0.375	0.32302	0.34375	0.37405	0.31788	0.34708	0.34899	0.33654	0.36264	0.32542	0.30769	0.31461	0.38739	0.34304	0.31752	0.34063	0.34628	0.33564	0.29032	0.38596	0.36333	0.39228	0.35862	0.37864	0.32895	0.32509	0.35959	0.31502	0.31889	0.30357	0.33968	0.30921	0.32432	0.47107	0.45856	0.4703	0.48404	0.41791	0.48469	0.42268	0.4717	0.49738	0.48795	0.41791	0.43299	0.47396	0.46445	0.46465	0.48515	0.42623	0.47577	0.49048	0.48416	0.47393	0.49749	0.42424	0.49231	0.43299	0.49268	0.47525	0.5	0.44393	0.48095	0.47087	0.44444	0.49091	0.46632	0.49744	0.45581	0.49239	0.49741	0.47521	0.45312	0.49171	0.48309	0.48352	0.49296	0.48165	0.45794	0.45918	0.4843	0.44348	0.43103	0.45614	0.4433	0.42784	0.45251	0.46277	0.47248	0.49505	0.47093	0.46774	0.47887	0.49495	0.48585	0.47418	0.49282	0.47945	0.48165	0.48958	0.46829	0.49451	0.485	0.49254	0.46734	0.47059	0.48901	0.47514	0.46784	0.46277	0.39888	0.49495	0.47668	0.46602	0.49677	0.44878	0.49	0.4878	0.44286	0.49223	0.47475	0.46847	0.46473	0.48095	0.45923	0.45455	0.47644	0.43529	0.4898	0.4898	0.49761	0.49756	0.49721	0.49038	0.43455	0.48619	0.46919	0.43011	0.46766	0.4467	0.435	0.4717	0.42661	0.47087	0.49537	0.42473	0.48913	0.46486	0.40719	0.48357	0.41991	0.46114	0.47826	0.4433	0.49038	0.49171	0.47872	0.49189	0.47	0.49727	0.43784	0.49215	0.45128	0.48168	0.47692	0.46569	0.49765	0.44149	0.40741	0.46907	0.4646	0.45029	0.4878	0.49	0.44444	0.48223	0.48756	0.48899	0.49468	0.48673	0.4978	0.47907	0.49457	0.48663	0.44242	0.5	0.48113	0.48958	0.46226	0.48691	0.47253	0.48945	0.46377	0.4908	0.47982	0.49215	0.47423	0.4381	0.44022	0.48571	0.47321	0.44565	0.48402	0.49718	0.5	0.45856	0.48503	0.46561	0.45509	0.43077	0.49239	0.47739	0.49741	0.45596	0.49751	0.4532	0.48276	0.4375	0.49223	0.4581	0.42222	0.41667	0.41622	0.45263	0.46316	0.47706	0.42157	0.49451	0.45854	0.47568	0.42593	0.49515	0.45408	0.45933	0.46729	0.48792	0.46629	0.49302	0.47644	0.48958	0.45366	0.43434	0.4424	0.48469	0.46842	0.5	0.43367	0.48603	0.48744	0.46154	0.49767	0.49451	0.45263	0.47	0.49254	0.41758	0.43956	0.48469	0.45729	0.49289	0.44724	0.48765	0.47644	0.47778	0.48214	0.43275	0.48214	0.46766	0.46729	0.49741	0.48619	0.47525	0.47059	0.49479	0.4712	0.45274	0.44954	0.47087	0.49754	0.47179	0.47887	0.49107	0.4715	0.47248	0.47418	0.42408	0.49468
cell50	0.3189	0.33624	0.319	0.31559	0.3405	0.33457	0.32601	0.32271	0.31416	0.35019	0.35223	0.33716	0.36765	0.36972	0.36279	0.33906	0.27149	0.35036	0.35081	0.27778	0.35043	0.37945	0.32443	0.3361	0.36475	0.30859	0.35146	0.30451	0.36434	0.30672	0.37447	0.33937	0.36179	0.404	0.32601	0.33197	0.35075	0.32766	0.34348	0.27099	0.38912	0.37344	0.34118	0.27984	0.34296	0.375	0.31365	0.37603	0.37121	0.38039	0.33028	0.31707	0.30502	0.3463	0.35021	0.288	0.31557	0.29302	0.38397	0.33704	0.30279	0.33482	0.32941	0.32906	0.36226	0.34052	0.28627	0.36	0.37872	0.27928	0.33469	0.38136	0.38034	0.35039	0.33482	0.32549	0.35	0.33184	0.34286	0.37143	0.29958	0.28514	0.33673	0.3301	0.34274	0.35685	0.33621	0.29362	0.31641	0.29752	0.39056	0.34749	0.36071	0.32599	0.36614	0.33193	0.34483	0.32932	0.32271	0.42553	0.27839	0.32114	0.36842	0.35231	0.33772	0.36287	0.36	0.375	0.29612	0.30594	0.35433	0.32333	0.31365	0.34387	0.28571	0.36667	0.32099	0.30576	0.34579	0.35216	0.2931	0.30612	0.30769	0.38043	0.37591	0.29811	0.31783	0.34025	0.32384	0.3287	0.29185	0.30769	0.32895	0.35211	0.35071	0.36719	0.31349	0.368	0.37652	0.32489	0.31837	0.36255	0.356	0.344	0.33184	0.32773	0.28054	0.3626	0.35102	0.37037	0.36749	0.33891	0.34746	0.3278	0.32468	0.33922	0.34914	0.29771	0.32212	0.3843	0.31333	0.28058	0.368	0.33333	0.35968	0.33486	0.32589	0.34426	0.32296	0.31102	0.32482	0.34052	0.32016	0.29098	0.28033	0.29545	0.33784	0.3861	0.33217	0.38222	0.30556	0.38113	0.28829	0.37402	0.292	0.3719	0.36032	0.31923	0.30645	0.32342	0.31513	0.3125	0.35814	0.37874	0.31579	0.35433	0.3691	0.34632	0.33471	0.33735	0.361	0.35622	0.32852	0.31325	0.35088	0.27083	0.37313	0.28235	0.36123	0.36965	0.30677	0.32472	0.32558	0.32751	0.32766	0.31897	0.39013	0.36437	0.35656	0.308	0.31556	0.3195	0.34538	0.33969	0.30165	0.31222	0.39431	0.38095	0.31624	0.28467	0.3266	0.35455	0.34934	0.30159	0.35316	0.36546	0.2996	0.32353	0.36123	0.35338	0.30242	0.31489	0.31365	0.32967	0.46154	0.44667	0.48252	0.43931	0.48235	0.48295	0.47904	0.45455	0.49682	0.49425	0.45238	0.45806	0.45304	0.5	0.47059	0.49444	0.5	0.49198	0.46154	0.44444	0.47802	0.4918	0.4759	0.5	0.39216	0.49206	0.41566	0.44643	0.4939	0.49333	0.41379	0.49007	0.47959	0.47531	0.43137	0.48469	0.46429	0.46667	0.45109	0.43005	0.44366	0.44571	0.49359	0.44253	0.4702	0.47093	0.49351	0.44845	0.44134	0.49367	0.46711	0.44633	0.44928	0.45251	0.47651	0.48276	0.45665	0.4359	0.44848	0.46809	0.49412	0.44974	0.48691	0.4878	0.45509	0.4709	0.49268	0.5	0.49143	0.45109	0.49383	0.45122	0.49315	0.47879	0.48045	0.46939	0.48951	0.48663	0.4581	0.49664	0.47682	0.34783	0.48851	0.49102	0.44388	0.41463	0.44262	0.48454	0.43836	0.46023	0.48824	0.48187	0.41379	0.48428	0.45912	0.48466	0.5	0.47368	0.49485	0.44134	0.49306	0.49102	0.48529	0.46784	0.48966	0.48193	0.45562	0.45989	0.4153	0.45882	0.45833	0.46875	0.48428	0.48851	0.41135	0.42675	0.45402	0.49091	0.4902	0.5	0.49162	0.42262	0.4152	0.47059	0.47771	0.40964	0.4586	0.43506	0.49664	0.45251	0.45695	0.44633	0.4646	0.46667	0.45255	0.48333	0.46552	0.45679	0.49398	0.49032	0.43478	0.48663	0.45503	0.49468	0.49693	0.45714	0.49171	0.45161	0.46259	0.44079	0.4759	0.46154	0.41958	0.46512	0.46584	0.49112	0.42553	0.38816	0.48876	0.48538	0.48052	0.46988	0.45122	0.49438	0.49102	0.4382	0.47059	0.44654	0.4863	0.46739	0.48387	0.48521	0.49398	0.48824	0.47134	0.5	0.44025	0.46154	0.47977	0.49751	0.46667	0.46914	0.46707	0.48066	0.46667	0.49375	0.44311	0.48634	0.46988	0.49711	0.4898	0.40506	0.48366	0.47093	0.47977	0.45238	0.46914	0.38509	0.49133	0.48408	0.48619	0.5	0.46784	0.49689	0.44199	0.41358	0.49091	0.49032	0.46104	0.47977	0.4581	0.5	0.46369	0.49724	0.49711	0.49068	0.49635	0.46552	0.45578	0.46835	0.48466	0.41304	0.49405	0.47712	0.49102	0.47647	0.45205	0.45402	0.48352	0.44371	0.48023	0.42564	0.48503	0.44578	0.49701	0.49112	0.44571	0.45	0.47929	0.5	0.5	0.49708	0.43503	0.49405	0.4539	0.49697	0.48344	0.49057	0.46012	0.47273	0.37162	0.48299	0.4918	0.47429
cell51	0.275	0.37273	0.26786	0.44545	0.28302	0.3719	0.32237	0.32143	0.27358	0.38095	0.32331	0.41525	0.32558	0.39823	0.31496	0.33654	0.375	0.26852	0.2963	0.37864	0.27419	0.37931	0.30208	0.28	0.33962	0.35652	0.4	0.30088	0.28319	0.33065	0.36	0.3254	0.28155	0.38793	0.29293	0.31405	0.37624	0.34959	0.36082	0.288	0.35577	0.31429	0.35043	0.34234	0.34167	0.29808	0.31858	0.26126	0.33898	0.39695	0.272	0.36449	0.27928	0.368	0.41584	0.38542	0.31481	0.29524	0.34286	0.29565	0.33333	0.27835	0.28205	0.38462	0.28358	0.31765	0.28125	0.28169	0.39394	0.28704	0.35833	0.31959	0.31452	0.30841	0.37	0.336	0.32743	0.34694	0.36458	0.31897	0.29787	0.33088	0.32624	0.33	0.33333	0.40171	0.30556	0.33663	0.232	0.42105	0.30075	0.32727	0.20968	0.3	0.38393	0.36937	0.3609	0.32692	0.34454	0.30172	0.35659	0.37113	0.32407	0.39286	0.32584	0.32283	0.28182	0.33929	0.30476	0.31092	0.32323	0.33981	0.24762	0.46154	0.36232	0.34513	0.36283	0.26733	0.40741	0.46154	0.35593	0.3629	0.31858	0.35	0.34426	0.31967	0.38739	0.35417	0.27642	0.27358	0.24324	0.24793	0.36	0.29167	0.34694	0.35398	0.31618	0.41228	0.31193	0.33083	0.32787	0.34259	0.25	0.35345	0.41026	0.33607	0.38393	0.27869	0.39231	0.31818	0.28155	0.30769	0.36111	0.29464	0.38393	0.424	0.37755	0.30973	0.27586	0.34586	0.38532	0.31538	0.28873	0.27	0.30952	0.29907	0.23469	0.34513	0.32174	0.27778	0.36496	0.33051	0.30252	0.23276	0.30973	0.26515	0.312	0.28302	0.375	0.32051	0.23077	0.29091	0.40426	0.28082	0.33898	0.36364	0.37273	0.37879	0.2809	0.30435	0.38739	0.40594	0.34951	0.34058	0.36893	0.37398	0.36275	0.36082	0.31818	0.30894	0.3211	0.31683	0.34646	0.28926	0.29464	0.33636	0.36719	0.30081	0.33051	0.28947	0.31034	0.30556	0.33813	0.43478	0.32143	0.29167	0.27731	0.25926	0.4537	0.27885	0.43617	0.34694	0.32258	0.33043	0.39167	0.27711	0.35714	0.37895	0.26882	0.35075	0.36036	0.28182	0.28571	0.34653	0.35772	0.33043	0.36264	0.38532	0.32353	0.31731	0.33333	0.31818	0.36441	0.29032	0.46753	0.42683	0.41791	0.46774	0.40278	0.35211	0.4625	0.40541	0.49425	0.47887	0.49275	0.46939	0.44444	0.44186	0.49231	0.36364	0.47826	0.45833	0.42254	0.47143	0.4625	0.44	0.48684	0.48387	0.48649	0.4878	0.48837	0.49367	0.4125	0.49315	0.38571	0.49153	0.46591	0.42623	0.47561	0.47191	0.46154	0.48387	0.48837	0.46988	0.39683	0.47887	0.41791	0.3253	0.46269	0.43056	0.40789	0.42353	0.44737	0.43056	0.5	0.41667	0.47059	0.47945	0.4878	0.4875	0.43662	0.47826	0.45161	0.40909	0.49367	0.47561	0.42529	0.38824	0.47368	0.5	0.4058	0.43478	0.42466	0.48529	0.48	0.47436	0.37736	0.46753	0.42667	0.44444	0.38667	0.47458	0.47458	0.5	0.41176	0.4507	0.42169	0.37097	0.48438	0.49398	0.37143	0.5	0.5	0.48864	0.3662	0.48315	0.48052	0.47826	0.4125	0.46269	0.48052	0.48235	0.49383	0.45763	0.44737	0.48	0.47436	0.43529	0.45833	0.47561	0.4697	0.48718	0.42553	0.39744	0.45205	0.40984	0.475	0.48	0.43243	0.43636	0.4557	0.43478	0.48529	0.48837	0.48649	0.44928	0.43056	0.47368	0.44444	0.46667	0.4557	0.49254	0.45	0.43284	0.47222	0.42857	0.45679	0.39062	0.48485	0.48529	0.49206	0.46429	0.45946	0.38028	0.44	0.44304	0.5	0.49275	0.44318	0.46753	0.44444	0.47143	0.46269	0.4375	0.3875	0.49296	0.46552	0.45783	0.43939	0.47692	0.4359	0.42857	0.45238	0.42424	0.41096	0.47059	0.41935	0.40845	0.5	0.48571	0.44304	0.46479	0.41667	0.4875	0.5	0.44068	0.44286	0.48387	0.49315	0.43662	0.47826	0.47619	0.5	0.43421	0.39759	0.48529	0.47222	0.43421	0.46154	0.48101	0.48611	0.42308	0.3871	0.47727	0.34615	0.5	0.475	0.4918	0.48235	0.48684	0.45205	0.44578	0.48718	0.47541	0.45902	0.45455	0.41935	0.44118	0.43836	0.47945	0.46053	0.4125	0.44928	0.44444	0.47368	0.46032	0.48718	0.45588	0.37931	0.43836	0.46377	0.41379	0.43056	0.47143	0.40625	0.41667	0.5	0.5	0.35385	0.49315	0.48	0.45333	0.39683	0.46479	0.48	0.33333	0.46154	0.49153	0.47191	0.44156	0.44444	0.47273	0.44776	0.5	0.48	0.49315	0.48684	0.4918	0.47541	0.46154	0.47826	0.45122	0.5	0.47368	0.49153	0.4382	0.37634	0.36842
cell52	0.47959	0.42857	0.45882	0.47788	0.47674	0.4086	0.44595	0.47872	0.39024	0.49351	0.47368	0.42222	0.46875	0.4557	0.48315	0.42529	0.45161	0.35616	0.47253	0.34444	0.49495	0.40659	0.48352	0.37662	0.48193	0.48315	0.46988	0.40476	0.46	0.45833	0.48315	0.41489	0.49438	0.44048	0.48387	0.49425	0.42045	0.47191	0.44681	0.43902	0.44186	0.43956	0.38961	0.43421	0.42697	0.44578	0.43529	0.38926	0.34848	0.32353	0.3007	0.29927	0.31579	0.34266	0.28926	0.29365	0.33333	0.3007	0.27612	0.34247	0.3622	0.30534	0.35766	0.38938	0.30519	0.3211	0.33083	0.38938	0.43382	0.35766	0.28455	0.33333	0.32237	0.33628	0.25	0.0	0.0	0.0	0.0	0.0	0.0	0.0	0.0	0.0	0.5	0.5	0.5	0.0	0.0	0.0	0.48958	0.47253	0.45205	0.46575	0.47674	0.44444	0.40789	0.4625	0.48684	0.41667	0.38372	0.44737	0.43678	0.45122	0.47917	0.37179	0.44872	0.43333	0.42857	0.48039	0.4898	0.49462	0.4881	0.43478	0.4486	0.49412	0.49	0.45238	0.47368	0.42105	0.48148	0.45349	0.48649	0.47872	0.44048	0.49	0.45882	0.45205	0.49425	0.4557	0.43158	0.46591	0.34737	0.425	0.43077	0.46739	0.47826	0.49057	0.46875	0.43182	0.46465	0.43056	0.425	0.39506	0.46	0.47126	0.42105	0.48718	0.48485	0.4881	0.4881	0.35802	0.42105	0.43434	0.49438	0.49367	0.49412	0.38356	0.44048	0.48649	0.40187	0.4125	0.45783	0.5	0.48077	0.5	0.47297	0.37113	0.4625	0.475	0.48936	0.4875	0.47674	0.47887	0.44706	0.42708	0.47573	0.40506	0.44086	0.49398	0.47945	0.4359	0.47826	0.47368	0.44444	0.46753	0.4875	0.49451	0.49505	0.43966	0.44776	0.45455	0.46465	0.49524	0.49383	0.48077	0.47253	0.46667	0.45545	0.5	0.4557	0.4557	0.5	0.49451	0.44086	0.45783	0.48936	0.46903	0.5	0.44156	0.47059	0.46465	0.40244	0.47126	0.40244	0.5	0.48148	0.49438	0.49451	0.42857	0.46341	0.47917	0.47706	0.42308	0.44304	0.45	0.5	0.45263	0.5	0.45361	0.48958	0.4382	0.45161	0.47191	0.38636	0.44318	0.48936	0.45263	0.46988	0.3908	0.46667	0.48544	0.48052	0.36667	0.41379	0.47826	0.48276	0.43333	0.45556	0.48544	0.4625	0.44156	0.42308	0.4486	0.46078	0.42667	0.47312	0.46	0.47561	0.43373	0.48	0.48454	0.48889	0.46429	0.48276	0.46835	0.4433	0.44595	0.47059	0.42982	0.45679	0.42169	0.4717	0.47917	0.41892	0.47436	0.49495	0.48718	0.46667	0.44828	0.41772	0.48936	0.48837	0.5	0.47368	0.44595	0.46479	0.4381	0.46429	0.49515	0.4625	0.48673	0.47872	0.40659	0.47826	0.43333	0.4625	0.48148	0.43333	0.48421	0.40789	0.45679	0.44776	0.46392	0.4881	0.45055	0.45349	0.39024	0.40909	0.45238	0.49296	0.46535	0.45455	0.43269	0.47917	0.40789	0.5	0.47273	0.43689	0.46575	0.46939	0.45833	0.47423	0.44681	0.48913	0.42308	0.36735	0.44304	0.45882	0.47	0.46512	0.49495	0.47222	0.5	0.42708	0.45361	0.46154	0.44444	0.45238	0.45263	0.46479	0.49367	0.5	0.47126	0.46032	0.4875	0.45679	0.5	0.44595	0.5	0.49351	0.46154	0.42857	0.49495	0.43662	0.4557	0.46835	0.45946	0.40964	0.48148	0.4507	0.47126	0.44872	0.47059	0.48039	0.43023	0.47945	0.46377	0.46988	0.47525	0.49412	0.42308	0.46914	0.4557	0.46875	0.49462	0.49524	0.48889	0.44565	0.4433	0.44444	0.44792	0.33333	0.46875	0.4625	0.44086	0.47297	0.44156	0.5	0.48936	0.48148	0.47191	0.48718	0.4321	0.46341	0.48148	0.45238	0.5	0.48101	0.48454	0.4881	0.49485	0.49541	0.48039	0.49425	0.5	0.5	0.49351	0.47826	0.5	0.47423	0.49057	0.44086	0.45455	0.40476	0.48544	0.40594	0.45556	0.44156	0.5	0.42045	0.43902	0.48421	0.41176	0.46667	0.47423	0.45098	0.47115	0.45833	0.4321	0.42353	0.48684	0.45238	0.46067	0.4557	0.39286	0.43662	0.44444	0.4875	0.4	0.47191	0.5	0.45946	0.43902	0.43662	0.46667	0.45783	0.43529	0.39759	0.47945	0.47727	0.47674	0.40845	0.44156	0.45679	0.47368	0.5	0.46809	0.45783	0.49451	0.41333	0.39024	0.47778	0.48515	0.45238	0.47423	0.45714	0.5	0.41667	0.46392	0.4878	0.49412	0.43023	0.45205	0.42045	0.49275	0.47945	0.42857	0.43956	0.48684	0.5	0.46753	0.47727	0.49505	0.48936	0.46591	0.45833	0.47826	0.48571	0.42683	0.43056	0.41121	0.44444	0.44578	0.48913	0.44444	0.49474	0.46875
cell53	0.35	0.34066	0.37634	0.32039	0.3125	0.34375	0.31111	0.33333	0.35556	0.29213	0.33708	0.40541	0.34444	0.36364	0.42857	0.24286	0.32927	0.32	0.28235	0.31	0.38235	0.29293	0.37234	0.29592	0.29661	0.25806	0.28421	0.29348	0.28846	0.36782	0.41667	0.35714	0.28571	0.36134	0.45	0.44086	0.35354	0.38043	0.33721	0.22727	0.33333	0.30769	0.35354	0.25287	0.36082	0.34234	0.29577	0.41	0.34021	0.38462	0.38	0.33333	0.26531	0.33654	0.30108	0.4	0.38095	0.36486	0.4	0.25	0.2809	0.34524	0.26042	0.30233	0.28846	0.3494	0.34483	0.32653	0.42	0.33684	0.31707	0.26437	0.37	0.40206	0.28571	0.3253	0.24	0.30952	0.38202	0.3908	0.28261	0.34694	0.41121	0.32432	0.36842	0.24176	0.32927	0.24051	0.35556	0.30851	0.24348	0.27632	0.35227	0.3908	0.41	0.27551	0.31818	0.3299	0.30769	0.29524	0.39	0.30851	0.34286	0.33766	0.37374	0.43434	0.27711	0.39252	0.42169	0.30612	0.40367	0.31633	0.34862	0.31461	0.30851	0.32673	0.33636	0.30233	0.35065	0.33333	0.33333	0.25	0.28866	0.36842	0.44186	0.3	0.2549	0.31395	0.34906	0.34615	0.25234	0.36	0.34066	0.38043	0.34314	0.32353	0.34314	0.30588	0.35135	0.34737	0.33673	0.27368	0.32911	0.35227	0.26316	0.35714	0.33784	0.22018	0.31507	0.30952	0.33333	0.37634	0.37363	0.42857	0.3587	0.35294	0.27835	0.36559	0.27957	0.34444	0.27869	0.24211	0.27184	0.39252	0.34375	0.30851	0.43011	0.3619	0.25	0.40426	0.26923	0.32039	0.40187	0.32099	0.33735	0.29545	0.35556	0.22115	0.42	0.31169	0.33735	0.34524	0.28829	0.36449	0.33721	0.3956	0.38462	0.34259	0.45098	0.36264	0.29114	0.28205	0.35052	0.28333	0.36364	0.31461	0.25556	0.30851	0.2451	0.42857	0.38532	0.3617	0.32967	0.33981	0.40909	0.375	0.40566	0.41176	0.45556	0.32258	0.33721	0.2619	0.32773	0.35106	0.36792	0.36842	0.33721	0.29348	0.27619	0.39535	0.30137	0.47917	0.35484	0.31183	0.34951	0.32979	0.33	0.3617	0.39024	0.33333	0.41558	0.32941	0.30612	0.31683	0.33981	0.40449	0.48454	0.38961	0.32558	0.29114	0.35366	0.48837	0.3299	0.2766	0.46774	0.40678	0.4918	0.40385	0.40678	0.4	0.3125	0.42857	0.45455	0.49153	0.46296	0.44068	0.44262	0.45455	0.43103	0.47761	0.43333	0.43902	0.48611	0.38983	0.42188	0.47458	0.43939	0.48333	0.4	0.4	0.47541	0.45833	0.35593	0.5	0.28846	0.42857	0.41667	0.46774	0.40984	0.5	0.48571	0.44286	0.39655	0.42424	0.5	0.44643	0.48	0.44444	0.43103	0.47458	0.45714	0.5	0.45333	0.34	0.47541	0.4375	0.45455	0.48387	0.4697	0.48718	0.5	0.47619	0.47887	0.48611	0.49351	0.44444	0.45455	0.4507	0.45763	0.4	0.49206	0.46429	0.44444	0.43103	0.41333	0.42593	0.41379	0.41379	0.42857	0.39583	0.42593	0.46875	0.43103	0.46575	0.46	0.37037	0.44444	0.49231	0.44	0.4898	0.46032	0.39683	0.5	0.41791	0.45902	0.49231	0.44118	0.4697	0.37736	0.47826	0.48214	0.44928	0.4375	0.45614	0.46296	0.45312	0.5	0.43548	0.33962	0.45614	0.40426	0.45455	0.5	0.39286	0.41892	0.49254	0.49315	0.48529	0.37736	0.4898	0.46479	0.44928	0.43548	0.43333	0.42466	0.47692	0.43548	0.49254	0.34921	0.46296	0.47059	0.44828	0.43103	0.47692	0.475	0.40299	0.5	0.45763	0.46032	0.46552	0.45614	0.42593	0.41379	0.46667	0.47692	0.40678	0.48387	0.45714	0.38333	0.4697	0.42424	0.47297	0.45455	0.47619	0.41176	0.45	0.48052	0.42	0.47692	0.31667	0.46552	0.36207	0.47059	0.4507	0.45	0.44444	0.43333	0.48214	0.35938	0.47887	0.41538	0.46479	0.38333	0.45902	0.39726	0.47458	0.44118	0.38	0.45614	0.48276	0.46	0.47059	0.47761	0.47761	0.49153	0.45833	0.47143	0.44928	0.48387	0.45455	0.32759	0.4898	0.46667	0.40625	0.44444	0.375	0.46429	0.45588	0.45902	0.43478	0.5	0.45455	0.46032	0.35	0.41935	0.4058	0.44262	0.3913	0.47059	0.44828	0.45455	0.47059	0.47458	0.47692	0.45455	0.47458	0.49398	0.39394	0.49296	0.37313	0.49438	0.45614	0.4	0.36207	0.44595	0.47436	0.49206	0.4918	0.42308	0.47917	0.48611	0.48	0.41071	0.47619	0.39062	0.5	0.44262	0.45098	0.47692	0.46341	0.48485	0.49057	0.42647	0.37255	0.39683	0.44156	0.5	0.5	0.4717	0.44828	0.48333	0.41071	0.4918	0.4918	0.47297	0.43939	0.49206	0.48649
cell54	0.42529	0.5	0.43056	0.44	0.49315	0.38571	0.475	0.43284	0.38235	0.45238	0.47059	0.36364	0.46575	0.45556	0.45	0.42254	0.37349	0.38961	0.46535	0.46575	0.39583	0.39773	0.46341	0.43243	0.42254	0.46154	0.46154	0.49474	0.48571	0.39286	0.46914	0.41489	0.48101	0.44872	0.47619	0.45205	0.44304	0.49367	0.45679	0.38202	0.48718	0.425	0.49398	0.46429	0.48101	0.40278	0.45455	0.32203	0.34513	0.32353	0.27481	0.28814	0.34091	0.41406	0.24779	0.35345	0.35338	0.33043	0.22222	0.39394	0.32331	0.30108	0.27333	0.3125	0.34921	0.32075	0.325	0.25	0.39161	0.31532	0.36752	0.30159	0.39024	0.37398	0.35294	0.0	0.0	0.01282	0.0	0.0	0.0	0.0	0.0	0.0	0.5	0.5	0.5	0.0	0.0	0.0	0.44578	0.40476	0.45714	0.38333	0.49383	0.42105	0.45122	0.44304	0.39024	0.47253	0.45238	0.46512	0.41772	0.45	0.4186	0.43023	0.47436	0.44444	0.4625	0.4875	0.42857	0.43038	0.44944	0.42857	0.49	0.48649	0.47959	0.46753	0.41096	0.46667	0.4186	0.44444	0.4375	0.4625	0.46914	0.37113	0.41026	0.48936	0.46914	0.44262	0.45455	0.49425	0.39189	0.49541	0.47253	0.35616	0.49425	0.47945	0.42169	0.4881	0.4881	0.45679	0.44872	0.5	0.45	0.5	0.45679	0.47368	0.47368	0.48193	0.44828	0.49351	0.47619	0.4	0.43956	0.5	0.45455	0.44872	0.46154	0.45455	0.38298	0.43478	0.47126	0.46512	0.4878	0.49351	0.46914	0.42857	0.47368	0.5	0.48571	0.48649	0.47945	0.43617	0.45312	0.47826	0.4	0.5	0.44828	0.44776	0.46774	0.48101	0.48315	0.47761	0.46667	0.4	0.48	0.48052	0.4881	0.42045	0.47826	0.45714	0.44595	0.46067	0.48052	0.44872	0.47436	0.49275	0.43902	0.46512	0.43529	0.4625	0.46392	0.48193	0.46729	0.47059	0.46053	0.49038	0.46914	0.43023	0.4881	0.47436	0.47222	0.43939	0.45977	0.48864	0.45122	0.48684	0.49275	0.48193	0.48684	0.43038	0.43038	0.4433	0.38028	0.47945	0.48889	0.45161	0.48611	0.4375	0.39437	0.48649	0.48052	0.47297	0.48101	0.38554	0.5	0.41053	0.47222	0.5	0.44578	0.46479	0.49333	0.48315	0.44048	0.48889	0.48684	0.48718	0.5	0.45556	0.47887	0.49425	0.44048	0.42667	0.4381	0.48889	0.47368	0.44706	0.45977	0.45312	0.44928	0.45631	0.48352	0.4881	0.45455	0.44643	0.45652	0.4875	0.37805	0.45679	0.44444	0.48718	0.46429	0.46835	0.44828	0.36364	0.43529	0.48387	0.42529	0.40476	0.46429	0.44872	0.43373	0.46341	0.46914	0.40385	0.41071	0.48936	0.49296	0.49038	0.42857	0.48315	0.48913	0.46154	0.49383	0.42105	0.42697	0.48958	0.48101	0.5	0.46154	0.48913	0.4375	0.45455	0.47826	0.47778	0.43182	0.45882	0.44615	0.49315	0.48913	0.45205	0.47826	0.48913	0.46429	0.34286	0.46753	0.46575	0.44444	0.45783	0.46429	0.4321	0.46429	0.46154	0.48649	0.46269	0.45122	0.5	0.44565	0.49451	0.45714	0.44444	0.48438	0.46939	0.49367	0.45946	0.40244	0.47826	0.38636	0.44444	0.48438	0.4875	0.44444	0.45238	0.48958	0.44156	0.47143	0.44286	0.42254	0.43836	0.42373	0.47126	0.41489	0.46739	0.38462	0.49333	0.47619	0.4186	0.48	0.39474	0.39744	0.39241	0.40206	0.5	0.5	0.48684	0.39759	0.5	0.49425	0.41892	0.42857	0.45349	0.44681	0.5	0.44872	0.45238	0.47727	0.48315	0.425	0.41975	0.44828	0.46377	0.43678	0.44304	0.36842	0.49438	0.37179	0.45652	0.49367	0.48684	0.42683	0.47826	0.46237	0.49296	0.43421	0.47143	0.48315	0.45833	0.49231	0.41026	0.4875	0.4625	0.47143	0.44	0.5	0.3913	0.425	0.4026	0.46512	0.41429	0.47674	0.45333	0.45946	0.5	0.45588	0.47674	0.47619	0.48649	0.46753	0.48235	0.49462	0.47692	0.44828	0.49425	0.46067	0.41176	0.44706	0.42529	0.44286	0.47368	0.45455	0.47273	0.47561	0.47222	0.48936	0.5	0.41429	0.49383	0.49438	0.46429	0.34286	0.46067	0.48864	0.40217	0.48387	0.41758	0.45	0.40659	0.47253	0.47887	0.49398	0.375	0.44444	0.42857	0.43182	0.47887	0.45455	0.45361	0.42647	0.48571	0.37179	0.48485	0.48101	0.49315	0.5	0.47674	0.43902	0.49123	0.48718	0.5	0.4878	0.49383	0.45205	0.47368	0.47761	0.4382	0.46667	0.40741	0.5	0.49425	0.37079	0.45946	0.4433	0.45455	0.46591	0.42857	0.46316	0.48352	0.44872	0.5	0.30159	0.49425	0.48387	0.43243	0.45679	0.45455	0.39216	0.48052
cell55	0.28729	0.32653	0.37013	0.29221	0.27027	0.36875	0.33951	0.40972	0.27211	0.33854	0.28472	0.31646	0.34416	0.33566	0.32911	0.42657	0.39535	0.26144	0.30645	0.33548	0.2649	0.30189	0.39894	0.36986	0.28387	0.33333	0.40764	0.31875	0.30909	0.2875	0.34078	0.34868	0.33146	0.33333	0.34021	0.37821	0.31737	0.39264	0.38562	0.37037	0.32278	0.32911	0.35915	0.33766	0.35583	0.32099	0.36054	0.36264	0.35443	0.34965	0.31126	0.37584	0.36306	0.30872	0.36	0.28302	0.2963	0.34228	0.42778	0.32402	0.37671	0.33813	0.31325	0.2963	0.30583	0.32	0.2994	0.30573	0.31206	0.28916	0.34868	0.39752	0.27568	0.35862	0.33129	0.35393	0.36424	0.29167	0.34839	0.33758	0.34973	0.35	0.38608	0.29496	0.30058	0.30435	0.34356	0.3253	0.32857	0.36932	0.38667	0.31176	0.34591	0.35333	0.37654	0.31034	0.40426	0.34839	0.35465	0.30488	0.34014	0.39355	0.38037	0.29412	0.32121	0.33544	0.31551	0.30588	0.34161	0.27673	0.29801	0.33117	0.34615	0.37037	0.34831	0.34416	0.32335	0.27044	0.312	0.24737	0.4	0.31507	0.35802	0.35714	0.32886	0.35638	0.38286	0.38365	0.37888	0.33846	0.27273	0.38816	0.3375	0.34899	0.34127	0.32414	0.31214	0.32749	0.32877	0.38571	0.3625	0.36364	0.34302	0.3625	0.38621	0.31169	0.29412	0.32558	0.31548	0.38323	0.32192	0.30496	0.29032	0.36364	0.33333	0.34568	0.35135	0.26797	0.32258	0.30345	0.25275	0.35673	0.42697	0.3986	0.29333	0.32877	0.2795	0.29944	0.34356	0.36667	0.34731	0.33529	0.33333	0.29814	0.37313	0.31977	0.34118	0.33557	0.33523	0.34	0.25478	0.30882	0.30496	0.31176	0.33094	0.35	0.37306	0.33526	0.36424	0.28221	0.32192	0.36986	0.36301	0.36757	0.38028	0.38217	0.41615	0.37162	0.33813	0.32386	0.38194	0.34395	0.36	0.36416	0.32877	0.27097	0.31953	0.26708	0.33117	0.35088	0.33793	0.30978	0.32877	0.33548	0.34375	0.31818	0.39259	0.40385	0.43382	0.32121	0.36486	0.43137	0.34932	0.33133	0.27273	0.34194	0.31973	0.4125	0.31034	0.29697	0.37356	0.30061	0.33113	0.28824	0.27429	0.32075	0.33333	0.38854	0.36898	0.30405	0.35811	0.38168	0.31073	0.32	0.46774	0.49474	0.40984	0.48315	0.43434	0.46465	0.47778	0.36842	0.46226	0.48718	0.41346	0.42593	0.48039	0.43103	0.41964	0.42857	0.49533	0.48739	0.44898	0.44545	0.45902	0.45902	0.41667	0.49	0.45455	0.45631	0.47826	0.45536	0.42574	0.45455	0.46154	0.47312	0.43411	0.49533	0.41667	0.4186	0.47423	0.44545	0.49091	0.47778	0.45902	0.4087	0.48077	0.42391	0.46875	0.48182	0.42308	0.40789	0.46087	0.46364	0.47619	0.46535	0.45299	0.49367	0.39815	0.45192	0.45946	0.4486	0.49485	0.47959	0.5	0.32727	0.48387	0.47328	0.47656	0.46602	0.45614	0.46939	0.48246	0.45238	0.46939	0.3945	0.47253	0.45669	0.42708	0.4557	0.48182	0.47368	0.4717	0.48246	0.46602	0.43269	0.47573	0.47115	0.48421	0.46512	0.46154	0.46774	0.4375	0.48905	0.43636	0.45968	0.46087	0.48113	0.44762	0.47525	0.46939	0.42424	0.43299	0.47312	0.47475	0.48864	0.39062	0.46154	0.48421	0.5	0.4717	0.48485	0.46018	0.43878	0.43	0.44	0.47009	0.48148	0.49074	0.42667	0.47917	0.42222	0.44118	0.49231	0.44643	0.46667	0.47917	0.4898	0.43299	0.49515	0.44545	0.48148	0.41905	0.41748	0.40449	0.43396	0.48673	0.4375	0.44628	0.4	0.45455	0.48889	0.46341	0.49206	0.43	0.46392	0.49505	0.42708	0.5	0.43011	0.45455	0.48148	0.44086	0.48039	0.48936	0.47619	0.5	0.47748	0.47222	0.47273	0.45872	0.48039	0.33645	0.47959	0.43299	0.48958	0.48148	0.45614	0.45545	0.45455	0.49612	0.47458	0.47191	0.45714	0.4433	0.4955	0.42391	0.39623	0.47	0.44118	0.47414	0.5	0.45556	0.46018	0.41818	0.46939	0.38182	0.46341	0.44898	0.44056	0.44762	0.48889	0.45556	0.47706	0.49425	0.43636	0.45098	0.4	0.45669	0.49074	0.41414	0.4381	0.48673	0.49505	0.47872	0.47273	0.4381	0.46903	0.43363	0.42222	0.48113	0.416	0.45918	0.46429	0.45631	0.48864	0.45833	0.47273	0.48387	0.472	0.45161	0.44231	0.44318	0.40385	0.49091	0.48649	0.41129	0.45882	0.46809	0.49541	0.47222	0.43243	0.45122	0.41837	0.44348	0.46018	0.47253	0.43269	0.48598	0.43443	0.44681	0.46465	0.49038	0.4	0.49533	0.46602	0.48113	0.44828	0.47191	0.4557	0.48958	0.46154	0.47312	0.45217	0.45045	0.45833	0.4569	0.43564
cell56	0.26699	0.34158	0.36036	0.31624	0.33929	0.39367	0.36364	0.35106	0.34225	0.33333	0.29534	0.26068	0.35052	0.36634	0.33333	0.3089	0.31818	0.32701	0.31034	0.34973	0.41837	0.28646	0.35749	0.34597	0.3587	0.36287	0.34239	0.34685	0.33508	0.37118	0.2619	0.28649	0.34101	0.28033	0.31188	0.34078	0.34091	0.31718	0.31579	0.3	0.33508	0.34328	0.39286	0.31841	0.31892	0.33166	0.32642	0.33684	0.41361	0.35079	0.35567	0.32787	0.33921	0.32418	0.39171	0.35106	0.24242	0.31156	0.30412	0.4	0.3012	0.33824	0.32735	0.35227	0.33824	0.3202	0.32512	0.36161	0.33962	0.34409	0.31579	0.38424	0.31771	0.38571	0.4104	0.30317	0.32381	0.28641	0.32701	0.25714	0.37374	0.29524	0.29493	0.33516	0.30208	0.28415	0.29327	0.3139	0.30047	0.27778	0.33784	0.3	0.34673	0.29952	0.33486	0.33668	0.37662	0.34409	0.36788	0.3211	0.31944	0.33	0.34715	0.33796	0.36683	0.38725	0.30583	0.39713	0.29358	0.36207	0.32984	0.32381	0.32653	0.29851	0.38725	0.32778	0.30275	0.38028	0.28261	0.31019	0.26601	0.35106	0.34884	0.35377	0.31343	0.34538	0.32353	0.29897	0.3122	0.37688	0.29843	0.33505	0.30978	0.31579	0.34021	0.28272	0.32569	0.35616	0.35047	0.31658	0.32287	0.31282	0.33649	0.3318	0.28934	0.32524	0.28866	0.38462	0.33168	0.3719	0.42308	0.33171	0.34375	0.36111	0.35648	0.36652	0.41765	0.35577	0.36242	0.25641	0.30808	0.32243	0.30542	0.3242	0.35468	0.26667	0.29858	0.32692	0.35	0.34343	0.36111	0.34343	0.3089	0.38785	0.31928	0.375	0.30802	0.35714	0.33482	0.39109	0.36416	0.29851	0.37383	0.31878	0.3299	0.36239	0.29493	0.3125	0.38217	0.38182	0.37912	0.37356	0.34222	0.31224	0.33673	0.37037	0.35652	0.33493	0.32258	0.28877	0.34184	0.39888	0.33772	0.34615	0.33175	0.34171	0.29386	0.39111	0.35754	0.32161	0.27941	0.30769	0.345	0.3545	0.35025	0.35398	0.26943	0.33854	0.33014	0.33516	0.36946	0.34328	0.34742	0.3388	0.35714	0.37949	0.34928	0.345	0.30846	0.34715	0.31754	0.33508	0.32804	0.27451	0.29439	0.28837	0.34135	0.29864	0.28319	0.36652	0.34759	0.30978	0.36797	0.31034	0.46795	0.48214	0.48252	0.47222	0.4875	0.49032	0.45455	0.4382	0.47552	0.48739	0.48252	0.5	0.47287	0.464	0.48148	0.47586	0.49593	0.37762	0.44516	0.44805	0.46763	0.46154	0.5	0.48592	0.48462	0.49194	0.42763	0.47619	0.43165	0.49123	0.47586	0.45775	0.43478	0.42657	0.45038	0.41509	0.45139	0.41844	0.44375	0.49689	0.47244	0.47183	0.44828	0.41892	0.40152	0.43919	0.46763	0.46405	0.48649	0.4537	0.47097	0.48322	0.49645	0.49677	0.48438	0.47518	0.47183	0.49219	0.4898	0.45926	0.46099	0.46753	0.475	0.48529	0.43137	0.49153	0.4965	0.4876	0.47917	0.47799	0.43571	0.48718	0.4863	0.47945	0.4527	0.46212	0.41791	0.49606	0.34167	0.46552	0.43165	0.48031	0.36923	0.4812	0.47581	0.4252	0.48322	0.44853	0.44186	0.49359	0.4569	0.46358	0.4964	0.46622	0.5	0.44715	0.44762	0.49333	0.4863	0.46729	0.47518	0.46667	0.49123	0.48227	0.48252	0.47059	0.46094	0.49618	0.475	0.5	0.48227	0.48765	0.44961	0.47407	0.47154	0.48077	0.44667	0.496	0.45775	0.5	0.46715	0.46875	0.46853	0.49254	0.48529	0.46753	0.44531	0.48175	0.45946	0.44538	0.48696	0.47917	0.49398	0.47101	0.44	0.48507	0.48993	0.42735	0.49153	0.45517	0.49645	0.45912	0.48092	0.40288	0.46324	0.39007	0.41958	0.47899	0.49167	0.42188	0.48739	0.47857	0.45669	0.48438	0.48649	0.49612	0.45714	0.44056	0.44366	0.44715	0.45113	0.48819	0.4812	0.45312	0.47368	0.4183	0.4	0.40411	0.48872	0.49375	0.45255	0.44056	0.42105	0.43846	0.4375	0.46154	0.48	0.496	0.41538	0.45695	0.4539	0.42657	0.46341	0.48462	0.49624	0.47712	0.45161	0.42963	0.44755	0.46903	0.45652	0.46032	0.45255	0.46512	0.47244	0.44231	0.5	0.45033	0.45324	0.47287	0.46269	0.48889	0.46957	0.49655	0.4898	0.5	0.49342	0.49624	0.47967	0.45378	0.43046	0.46087	0.48701	0.46358	0.46711	0.47059	0.47727	0.42857	0.46457	0.47015	0.49655	0.4403	0.39259	0.488	0.4875	0.48052	0.4902	0.49618	0.48819	0.46094	0.46281	0.47826	0.45802	0.46774	0.43537	0.47656	0.4375	0.46465	0.44444	0.4878	0.49624	0.5	0.46032	0.48361	0.46809	0.4252	0.49606	0.47445	0.48485	0.47692	0.46835	0.46903	0.48252	0.5
cell57	0.34188	0.30172	0.42241	0.42063	0.28689	0.32812	0.28283	0.33628	0.33083	0.29134	0.29565	0.40876	0.36697	0.39231	0.26667	0.30769	0.2377	0.3252	0.30233	0.30275	0.32258	0.33333	0.34286	0.30159	0.30769	0.36	0.41346	0.41026	0.36449	0.33333	0.36207	0.36538	0.33333	0.34074	0.27559	0.31068	0.3125	0.28571	0.32456	0.34483	0.26733	0.37063	0.31532	0.2963	0.33333	0.37143	0.31132	0.28571	0.31356	0.38793	0.32479	0.33803	0.20312	0.2803	0.37963	0.2451	0.33071	0.33858	0.30469	0.31356	0.34259	0.28696	0.33333	0.27434	0.38235	0.28723	0.33333	0.31618	0.32143	0.35484	0.36559	0.27049	0.30769	0.31818	0.32353	0.31707	0.28966	0.35556	0.32653	0.37363	0.37008	0.31707	0.27083	0.37143	0.264	0.31683	0.41026	0.25714	0.32727	0.30328	0.3609	0.35075	0.30973	0.36036	0.35833	0.33333	0.32456	0.30909	0.33	0.34848	0.38971	0.37634	0.41237	0.32353	0.33333	0.27731	0.37383	0.31405	0.32	0.29688	0.33846	0.31373	0.27451	0.31313	0.31034	0.3629	0.31538	0.325	0.35	0.4252	0.33333	0.39098	0.3719	0.34483	0.42718	0.42149	0.24786	0.30769	0.36449	0.36634	0.28155	0.34188	0.36	0.38318	0.34653	0.28947	0.39167	0.35043	0.325	0.38136	0.30952	0.3945	0.31304	0.33333	0.32432	0.39	0.29412	0.27049	0.36364	0.35043	0.31298	0.33065	0.32407	0.28829	0.35714	0.33065	0.33019	0.28	0.2907	0.32593	0.33333	0.28037	0.34426	0.34483	0.34286	0.4	0.31132	0.38655	0.30827	0.37255	0.34286	0.26786	0.30909	0.29508	0.39815	0.28319	0.375	0.28226	0.32824	0.36641	0.2963	0.28448	0.2906	0.31933	0.29358	0.35714	0.27869	0.23958	0.3211	0.30088	0.34906	0.40449	0.27778	0.34615	0.38462	0.3	0.34694	0.26316	0.41228	0.36364	0.34426	0.27358	0.31452	0.32031	0.30769	0.39604	0.37705	0.29565	0.27826	0.33871	0.32231	0.25862	0.25893	0.36975	0.37736	0.26606	0.27473	0.34579	0.312	0.36697	0.41304	0.34234	0.28846	0.28182	0.33333	0.27835	0.28889	0.30894	0.31776	0.34127	0.39683	0.40566	0.28682	0.27586	0.33333	0.31068	0.27523	0.31707	0.33621	0.4188	0.34454	0.34454	0.31111	0.27928	0.48889	0.47368	0.47059	0.39189	0.40625	0.48052	0.47222	0.5	0.4878	0.42857	0.45946	0.46914	0.48387	0.36765	0.4878	0.38028	0.46575	0.46237	0.48276	0.47222	0.41379	0.49495	0.47297	0.40323	0.46835	0.5	0.4878	0.49206	0.44872	0.45833	0.42857	0.47561	0.46552	0.4697	0.4918	0.43333	0.5	0.43	0.47368	0.48052	0.46269	0.48352	0.5	0.4875	0.42857	0.46512	0.43284	0.46753	0.45455	0.48	0.5	0.40278	0.43182	0.38095	0.45122	0.47887	0.47297	0.44828	0.46667	0.46154	0.4382	0.42222	0.47525	0.4359	0.39437	0.44872	0.40698	0.42647	0.48958	0.36232	0.36842	0.48315	0.4697	0.46575	0.4875	0.45588	0.45918	0.47297	0.46512	0.45205	0.44118	0.46774	0.45455	0.41818	0.35484	0.48	0.43243	0.45977	0.4875	0.47573	0.49474	0.49315	0.47297	0.45902	0.39744	0.5	0.48485	0.46154	0.47761	0.5	0.4878	0.48611	0.40789	0.4	0.47887	0.38356	0.5	0.45122	0.4375	0.5	0.47619	0.41935	0.48438	0.46575	0.42667	0.41892	0.40984	0.47945	0.43056	0.47826	0.5	0.48485	0.45679	0.41935	0.45455	0.49315	0.4697	0.36047	0.48864	0.44792	0.47297	0.47368	0.44186	0.36145	0.46835	0.5	0.44318	0.4625	0.44706	0.47727	0.45455	0.36986	0.47222	0.49438	0.43023	0.44944	0.44444	0.40909	0.5	0.4125	0.4375	0.49333	0.45652	0.46914	0.34615	0.45902	0.46667	0.46154	0.46429	0.4875	0.4898	0.48148	0.48438	0.42857	0.48913	0.42308	0.48571	0.47059	0.43836	0.40698	0.5	0.5	0.47692	0.48438	0.46988	0.43038	0.45	0.4875	0.40506	0.42308	0.45946	0.42667	0.43902	0.46575	0.3908	0.46914	0.45902	0.45	0.49515	0.44318	0.44444	0.38372	0.47423	0.44048	0.41538	0.48611	0.48718	0.48571	0.49398	0.47826	0.49231	0.47312	0.47297	0.41096	0.39706	0.41463	0.43548	0.46067	0.49367	0.39726	0.45055	0.425	0.43564	0.37647	0.38679	0.45455	0.44444	0.46237	0.47436	0.40845	0.48	0.46739	0.47761	0.48148	0.4878	0.47368	0.44444	0.47059	0.46774	0.43617	0.48837	0.46591	0.46753	0.45714	0.46479	0.47222	0.46575	0.46341	0.48529	0.40741	0.45977	0.4881	0.46053	0.48611	0.44928	0.45161	0.38356	0.44595	0.34783	0.48052	0.4625	0.4507	0.45333	0.4878
cell58	0.3125	0.38136	0.37121	0.34167	0.41176	0.37903	0.37615	0.29054	0.35514	0.31532	0.28788	0.36508	0.28261	0.31429	0.29323	0.27907	0.37815	0.36735	0.376	0.37879	0.35338	0.30702	0.33846	0.33333	0.3985	0.34259	0.35088	0.29412	0.32787	0.30822	0.27273	0.33607	0.38889	0.32174	0.33835	0.32967	0.27419	0.25424	0.408	0.35766	0.25385	0.38889	0.34286	0.27778	0.30579	0.36207	0.32727	0.22581	0.34314	0.28099	0.34146	0.42963	0.33582	0.38843	0.31915	0.29787	0.30508	0.25806	0.27586	0.22556	0.32075	0.39831	0.24615	0.32759	0.31092	0.3301	0.38017	0.31683	0.4434	0.37255	0.34615	0.37607	0.34513	0.37168	0.25	0.34343	0.30909	0.30909	0.28906	0.33065	0.33628	0.425	0.3037	0.36792	0.368	0.35398	0.4	0.34921	0.34615	0.30275	0.32414	0.35833	0.37624	0.28972	0.39516	0.36607	0.33654	0.30833	0.34454	0.34615	0.3	0.30973	0.38835	0.32456	0.2735	0.28467	0.32174	0.36522	0.34513	0.23894	0.36134	0.30579	0.33945	0.34615	0.24793	0.35135	0.34559	0.39007	0.35537	0.34043	0.37607	0.3	0.35398	0.28814	0.328	0.2439	0.27273	0.41739	0.37589	0.27957	0.3629	0.30769	0.25	0.29771	0.22772	0.36441	0.34194	0.33333	0.25926	0.2803	0.29932	0.32673	0.35455	0.38235	0.38182	0.36634	0.32143	0.30357	0.32857	0.33043	0.33884	0.304	0.28205	0.37037	0.31624	0.44167	0.31624	0.32168	0.24038	0.37168	0.35556	0.41463	0.32353	0.37037	0.30827	0.39286	0.29268	0.34167	0.37037	0.43651	0.30252	0.32773	0.32374	0.33835	0.3945	0.35246	0.34579	0.33566	0.41026	0.30841	0.39216	0.28704	0.30252	0.26712	0.36522	0.28319	0.26471	0.28696	0.33607	0.41549	0.4	0.34286	0.38235	0.29197	0.35246	0.37589	0.35088	0.35537	0.36885	0.35833	0.34746	0.25	0.36975	0.30252	0.35484	0.33333	0.31092	0.40426	0.36697	0.32653	0.39231	0.27481	0.29932	0.34545	0.36036	0.30303	0.44444	0.40496	0.27027	0.33333	0.34579	0.25954	0.33981	0.38655	0.39416	0.31897	0.34091	0.29839	0.3125	0.37121	0.29508	0.33333	0.27869	0.38298	0.36697	0.38843	0.34483	0.37584	0.32824	0.31343	0.37113	0.27642	0.37	0.28571	0.46835	0.43182	0.49315	0.36585	0.49412	0.45205	0.49254	0.48315	0.47674	0.39785	0.45714	0.49296	0.47619	0.39189	0.38356	0.44444	0.41667	0.47826	0.46341	0.42857	0.46667	0.33824	0.45455	0.45763	0.49383	0.49333	0.43243	0.42308	0.5	0.4	0.4881	0.45205	0.47525	0.425	0.46512	0.43478	0.46575	0.44872	0.47312	0.47561	0.43299	0.47674	0.47126	0.5	0.45679	0.49367	0.5	0.48148	0.47917	0.44156	0.475	0.48864	0.46377	0.40476	0.41176	0.5	0.46835	0.47297	0.5	0.48837	0.37363	0.48913	0.38961	0.47126	0.46667	0.46067	0.49351	0.45902	0.45918	0.45588	0.42105	0.45918	0.47191	0.48718	0.43373	0.45312	0.45122	0.47368	0.40449	0.49315	0.375	0.42667	0.43548	0.48864	0.47143	0.45161	0.47761	0.48052	0.4625	0.375	0.43689	0.49	0.47727	0.49074	0.48	0.44828	0.42308	0.49206	0.41176	0.42308	0.46835	0.45882	0.47436	0.4375	0.41667	0.41791	0.48193	0.48148	0.48913	0.46429	0.41026	0.49438	0.45333	0.42254	0.41772	0.4	0.36111	0.49333	0.5	0.3494	0.4625	0.49123	0.46512	0.46774	0.44286	0.49231	0.47143	0.38806	0.48148	0.48101	0.45455	0.49495	0.46809	0.47191	0.46667	0.4557	0.43023	0.47674	0.44444	0.4875	0.43038	0.46316	0.48936	0.41791	0.49412	0.48649	0.44706	0.46316	0.42169	0.47887	0.45312	0.46479	0.39437	0.4186	0.47826	0.44186	0.43421	0.49438	0.47945	0.42857	0.49275	0.4375	0.44776	0.5	0.4881	0.43243	0.47826	0.48515	0.43421	0.43182	0.48864	0.44444	0.4375	0.42353	0.45333	0.48214	0.47297	0.47887	0.39726	0.48515	0.40476	0.40278	0.42857	0.47525	0.45455	0.47917	0.44872	0.5	0.48571	0.44944	0.46667	0.45349	0.4878	0.39286	0.47312	0.46392	0.46512	0.4878	0.38028	0.46667	0.46154	0.48276	0.46809	0.48611	0.48864	0.41791	0.46154	0.44706	0.45679	0.46053	0.4875	0.42667	0.49333	0.48958	0.42697	0.45055	0.40299	0.40789	0.46053	0.47619	0.49367	0.44828	0.475	0.46667	0.46602	0.47778	0.42697	0.47761	0.44776	0.44444	0.47761	0.46988	0.49315	0.44872	0.5	0.46914	0.42857	0.45614	0.46575	0.45312	0.39189	0.45333	0.43137	0.46237	0.47619	0.4507	0.47368	0.46667	0.48193	0.4875	0.49315	0.49231	0.35802	0.46591
cell59	0.44444	0.48	0.43636	0.44898	0.46809	0.45312	0.45902	0.47826	0.33333	0.41176	0.48148	0.4918	0.42857	0.41667	0.35088	0.47458	0.5	0.44231	0.46552	0.43636	0.43636	0.38298	0.45098	0.40323	0.48077	0.42222	0.41379	0.48148	0.42857	0.42857	0.38095	0.43478	0.48276	0.44	0.34884	0.5	0.4918	0.48936	0.4	0.40909	0.4717	0.5	0.42105	0.46	0.46341	0.41176	0.425	0.4	0.39024	0.4507	0.48529	0.39024	0.3125	0.38961	0.33784	0.29851	0.30435	0.36047	0.32812	0.31395	0.32468	0.29851	0.38983	0.32877	0.33333	0.36842	0.45714	0.35955	0.35443	0.28	0.29688	0.32353	0.33708	0.33708	0.32941	0.0	0.0	0.0	0.0	0.0	0.0	0.0	0.0	0.0	0.5	0.5	0.5	0.0	0.0	0.0	0.46	0.47619	0.44444	0.44444	0.47059	0.48148	0.44444	0.47727	0.44444	0.45	0.36207	0.47826	0.4186	0.47273	0.4898	0.5	0.34146	0.4	0.43182	0.46296	0.42857	0.38806	0.44681	0.45946	0.44681	0.425	0.43333	0.5	0.4902	0.48333	0.49296	0.45614	0.4717	0.46667	0.4186	0.42105	0.45098	0.4902	0.45098	0.47273	0.46667	0.41667	0.46032	0.425	0.45161	0.46809	0.5	0.47541	0.47826	0.48148	0.49057	0.48077	0.4	0.45098	0.38636	0.46154	0.44	0.41667	0.34921	0.275	0.44898	0.35556	0.48837	0.47541	0.40678	0.48214	0.45833	0.45161	0.47619	0.4	0.49091	0.48571	0.48276	0.4878	0.4898	0.48936	0.44	0.41176	0.4	0.42857	0.35	0.38028	0.45098	0.45098	0.38636	0.41379	0.38095	0.36207	0.33333	0.45652	0.43636	0.48148	0.42857	0.4	0.47917	0.44681	0.38298	0.43182	0.43077	0.33962	0.4902	0.44681	0.4386	0.4918	0.5	0.34615	0.35849	0.48077	0.44444	0.38776	0.48148	0.40816	0.46429	0.45614	0.38182	0.35897	0.46296	0.5	0.46667	0.48276	0.48649	0.47368	0.41667	0.42857	0.42553	0.46154	0.5	0.36364	0.45902	0.42553	0.48077	0.48148	0.40541	0.40816	0.45455	0.44681	0.47826	0.49057	0.44286	0.47761	0.48936	0.42857	0.44681	0.44828	0.47826	0.4717	0.46667	0.49153	0.43548	0.49206	0.41509	0.46429	0.42308	0.46939	0.46875	0.47619	0.44444	0.48	0.45902	0.4902	0.48649	0.35484	0.4	0.48148	0.43902	0.4	0.37255	0.5	0.5	0.5	0.45833	0.46939	0.45	0.43284	0.42373	0.46809	0.41818	0.46	0.49123	0.47727	0.375	0.48	0.40426	0.4	0.42373	0.45614	0.49057	0.44444	0.42105	0.42857	0.48571	0.41791	0.39024	0.34483	0.45283	0.37838	0.49123	0.47059	0.45	0.48438	0.46809	0.48148	0.34146	0.47727	0.32203	0.49091	0.46	0.33333	0.48077	0.41304	0.44444	0.42553	0.48148	0.33333	0.44643	0.44643	0.36364	0.45455	0.42593	0.46296	0.44262	0.36842	0.48214	0.41818	0.45902	0.39216	0.5	0.45161	0.48718	0.41304	0.42593	0.46512	0.5	0.5	0.48077	0.45652	0.39394	0.48148	0.44262	0.45652	0.46154	0.41071	0.48485	0.46296	0.375	0.4	0.5	0.43284	0.4	0.47059	0.45833	0.43478	0.49057	0.475	0.42	0.48214	0.46512	0.44681	0.35714	0.47761	0.44828	0.48889	0.48	0.4	0.46296	0.41667	0.42857	0.38776	0.41176	0.42308	0.41304	0.425	0.40741	0.45455	0.4375	0.34694	0.3617	0.46809	0.44231	0.4902	0.48837	0.47059	0.46667	0.45833	0.46512	0.34146	0.45833	0.5	0.42	0.46429	0.44898	0.35714	0.46296	0.4898	0.48214	0.48077	0.45455	0.39706	0.49091	0.5	0.47368	0.40816	0.43636	0.43182	0.45833	0.47059	0.4375	0.4	0.48	0.49091	0.4898	0.45652	0.46032	0.38298	0.39535	0.45833	0.42	0.44643	0.27451	0.49091	0.48214	0.46032	0.45455	0.4	0.46512	0.425	0.44231	0.47761	0.46	0.48649	0.37736	0.42857	0.46667	0.47059	0.43182	0.5	0.40678	0.45614	0.45652	0.49091	0.47273	0.47917	0.4878	0.46341	0.45	0.44444	0.43478	0.42	0.48077	0.4	0.5	0.45652	0.46939	0.44828	0.48077	0.46429	0.4902	0.37255	0.5	0.43548	0.5	0.5	0.4	0.35897	0.48718	0.43548	0.44231	0.5	0.45455	0.44898	0.43396	0.5	0.5	0.49123	0.5	0.46512	0.46341	0.44444	0.5	0.46154	0.46667	0.48	0.49057	0.35897	0.5	0.5	0.38983	0.47917	0.46552	0.4	0.46552	0.40816	0.45455	0.4186	0.39683	0.48077	0.43182	0.5	0.42553	0.36364	0.45455	0.41071	0.5	0.5	0.44898	0.42105	0.47692	0.44828
cell60	0.34127	0.33621	0.33333	0.3125	0.38849	0.416	0.32031	0.36232	0.35443	0.32215	0.29927	0.32026	0.26718	0.38621	0.36111	0.41593	0.36054	0.29752	0.33088	0.30952	0.29139	0.36434	0.31373	0.3209	0.29448	0.25	0.32308	0.29936	0.33051	0.39474	0.272	0.33333	0.41317	0.33099	0.33742	0.33333	0.30345	0.36364	0.38621	0.41549	0.28906	0.33582	0.41732	0.32117	0.34586	0.32609	0.31532	0.32237	0.2963	0.32374	0.33088	0.32283	0.30657	0.30328	0.36667	0.32812	0.23881	0.28571	0.34559	0.31169	0.30328	0.32432	0.35821	0.29457	0.35461	0.32824	0.32432	0.33333	0.32653	0.33333	0.29412	0.35374	0.35417	0.40476	0.31405	0.36765	0.36842	0.38211	0.37143	0.29496	0.36066	0.35526	0.29286	0.256	0.3252	0.34746	0.21898	0.37705	0.37956	0.28889	0.30534	0.40816	0.32857	0.34307	0.34965	0.28571	0.352	0.29054	0.38931	0.32061	0.30488	0.28571	0.31148	0.25342	0.29197	0.37121	0.26562	0.31852	0.30769	0.288	0.37179	0.33557	0.26573	0.35821	0.30723	0.31452	0.36054	0.32075	0.34783	0.31613	0.37762	0.35766	0.38889	0.26866	0.33333	0.31579	0.35	0.35433	0.30282	0.31655	0.26429	0.34921	0.34028	0.38686	0.31731	0.31387	0.39167	0.33758	0.32414	0.25735	0.2963	0.352	0.38	0.35	0.32031	0.30709	0.30769	0.34899	0.3037	0.32468	0.34146	0.32759	0.39855	0.32121	0.32237	0.4094	0.35238	0.30769	0.30769	0.3125	0.37013	0.35526	0.40385	0.4186	0.31967	0.31343	0.376	0.26923	0.30882	0.32558	0.36	0.37584	0.35374	0.30657	0.38017	0.33548	0.38732	0.36879	0.32886	0.34058	0.41441	0.26357	0.32653	0.31159	0.33566	0.32667	0.33594	0.3	0.35833	0.35664	0.31783	0.44037	0.36025	0.32203	0.27692	0.30556	0.30714	0.29412	0.31973	0.33088	0.29921	0.32743	0.37671	0.3662	0.3913	0.27737	0.28261	0.34868	0.31757	0.26667	0.35938	0.30137	0.37879	0.31034	0.29371	0.24603	0.28986	0.24627	0.375	0.32117	0.37795	0.32927	0.32168	0.38028	0.29008	0.31061	0.33582	0.39437	0.33594	0.41333	0.32911	0.38938	0.31034	0.30178	0.27742	0.36434	0.30216	0.36913	0.33594	0.33898	0.32394	0.34483	0.34028	0.3	0.43333	0.5	0.47619	0.45122	0.46602	0.49573	0.49	0.45122	0.45652	0.45833	0.4321	0.3913	0.46739	0.48936	0.48276	0.5	0.36735	0.47273	0.5	0.46789	0.44898	0.4898	0.48276	0.42222	0.45946	0.46591	0.4878	0.48515	0.4881	0.47059	0.46429	0.48352	0.4717	0.38095	0.48235	0.49425	0.40426	0.45652	0.42553	0.38384	0.46535	0.47573	0.49462	0.42857	0.43478	0.48052	0.42718	0.5	0.42727	0.5	0.47475	0.43421	0.45161	0.48101	0.47368	0.49383	0.46	0.45556	0.4433	0.46154	0.49333	0.47423	0.43182	0.45161	0.44681	0.49038	0.5	0.47475	0.5	0.48913	0.39806	0.48598	0.45349	0.4625	0.40741	0.48889	0.40476	0.41463	0.47917	0.43038	0.46154	0.48315	0.48673	0.46429	0.44144	0.47273	0.47674	0.49495	0.46237	0.48598	0.37895	0.475	0.36471	0.45918	0.46067	0.48052	0.46835	0.47573	0.43434	0.42857	0.45055	0.46809	0.48352	0.49495	0.4898	0.46914	0.48235	0.43956	0.4375	0.48936	0.46154	0.43	0.41667	0.43956	0.47619	0.42105	0.48718	0.45455	0.47059	0.46875	0.47368	0.43299	0.47191	0.47191	0.48529	0.48148	0.46226	0.40964	0.45652	0.48352	0.46316	0.34066	0.47788	0.49333	0.42105	0.475	0.44737	0.49398	0.48148	0.5	0.45122	0.5	0.41111	0.34737	0.41111	0.47191	0.46154	0.48	0.49398	0.4026	0.5	0.46835	0.47368	0.46875	0.48864	0.41111	0.5	0.47059	0.45631	0.41667	0.48718	0.49438	0.39506	0.46535	0.45679	0.48352	0.4875	0.48454	0.46988	0.49524	0.42308	0.39583	0.47917	0.48936	0.45833	0.44615	0.43269	0.44444	0.49	0.45652	0.44643	0.42857	0.37234	0.45361	0.48936	0.38384	0.43299	0.44	0.45977	0.49351	0.48837	0.38356	0.47674	0.44565	0.48315	0.48544	0.49	0.46053	0.48544	0.41304	0.43836	0.45977	0.4878	0.44	0.44211	0.43678	0.46753	0.5	0.5	0.46316	0.46392	0.34783	0.38462	0.4	0.47	0.45349	0.44286	0.46939	0.4878	0.44595	0.44792	0.43269	0.46226	0.49425	0.49474	0.43182	0.44444	0.5	0.46914	0.46591	0.44318	0.49451	0.4898	0.47	0.49	0.43617	0.42	0.45238	0.5	0.48387	0.39241	0.41935	0.48193	0.45312	0.4875	0.48485	0.43478	0.48276	0.37895	0.48315	0.41346	0.42667	0.44681	0.425
cell61	0.33333	0.40659	0.35455	0.33077	0.31092	0.2521	0.31132	0.37037	0.38739	0.22917	0.28829	0.39785	0.37805	0.3301	0.29592	0.22936	0.42529	0.25263	0.33333	0.31092	0.30709	0.3254	0.44118	0.36559	0.38235	0.35714	0.32381	0.34862	0.27273	0.32039	0.22619	0.32143	0.30208	0.39048	0.28155	0.36441	0.36275	0.36082	0.36634	0.2973	0.3625	0.31633	0.42991	0.37895	0.27027	0.29464	0.21	0.35455	0.36471	0.33333	0.28571	0.31092	0.2562	0.36458	0.30928	0.32143	0.29915	0.32759	0.32673	0.30579	0.33981	0.42609	0.35088	0.31765	0.32609	0.39175	0.30909	0.26829	0.31915	0.26891	0.30682	0.28155	0.3945	0.36458	0.30208	0.26804	0.22115	0.31765	0.26531	0.40179	0.37815	0.30631	0.37069	0.36082	0.33333	0.37895	0.33913	0.3301	0.28829	0.33621	0.27679	0.31776	0.35537	0.34483	0.375	0.39091	0.34615	0.31522	0.21905	0.19266	0.35849	0.32673	0.40659	0.31579	0.31373	0.36283	0.33	0.32039	0.3299	0.24771	0.35106	0.27835	0.41758	0.29	0.36937	0.33636	0.34043	0.38182	0.35354	0.26718	0.38144	0.37037	0.33333	0.33333	0.36607	0.39	0.30645	0.32353	0.37615	0.38462	0.25926	0.30172	0.29592	0.39091	0.39326	0.37383	0.37624	0.41463	0.35484	0.31858	0.40196	0.29213	0.3301	0.37903	0.27778	0.24545	0.34314	0.23864	0.40541	0.37615	0.32632	0.26966	0.3587	0.34066	0.38776	0.40351	0.41593	0.35577	0.31481	0.21739	0.40164	0.25532	0.31405	0.27434	0.29565	0.30526	0.36538	0.28571	0.35514	0.3619	0.28037	0.32323	0.35849	0.35849	0.24038	0.3619	0.44248	0.38384	0.36364	0.42157	0.31461	0.36134	0.37363	0.41732	0.32653	0.30769	0.29091	0.24786	0.35484	0.38043	0.28431	0.27957	0.33981	0.36434	0.28866	0.27273	0.36585	0.34259	0.328	0.34783	0.37079	0.4	0.31193	0.32075	0.3	0.36842	0.33028	0.39362	0.44318	0.35238	0.30303	0.32692	0.30392	0.33	0.40196	0.3271	0.37374	0.28261	0.33028	0.30612	0.30088	0.33036	0.38835	0.25253	0.35484	0.32292	0.33696	0.30337	0.33333	0.39655	0.36364	0.42708	0.2193	0.34211	0.38182	0.39316	0.27885	0.31532	0.40541	0.24752	0.33	0.39091	0.36538	0.32632	0.46269	0.38667	0.44872	0.43478	0.47191	0.44444	0.49367	0.48718	0.43284	0.43056	0.49315	0.45588	0.32692	0.46154	0.36986	0.5	0.47143	0.39785	0.41772	0.46591	0.47541	0.43662	0.47059	0.4918	0.43939	0.38806	0.45946	0.4697	0.46479	0.49275	0.42647	0.4898	0.47143	0.48485	0.47692	0.44928	0.47541	0.47059	0.44578	0.39726	0.43836	0.46753	0.45455	0.4625	0.43103	0.5	0.49254	0.5	0.4026	0.48684	0.375	0.43023	0.48684	0.43333	0.41176	0.475	0.48936	0.46269	0.48571	0.44737	0.42593	0.44706	0.47761	0.41791	0.47436	0.48684	0.47619	0.375	0.45	0.48333	0.41667	0.44776	0.45783	0.41176	0.48684	0.39024	0.4359	0.48485	0.41333	0.47059	0.41667	0.39683	0.3913	0.46875	0.37879	0.47222	0.49351	0.4	0.46988	0.42169	0.49333	0.49351	0.4186	0.42857	0.47222	0.4507	0.5	0.41304	0.47619	0.5	0.45455	0.5	0.45714	0.44737	0.40278	0.47945	0.41333	0.46575	0.48	0.46667	0.47674	0.42254	0.47541	0.46875	0.45614	0.49296	0.46667	0.35484	0.40741	0.46667	0.46835	0.46154	0.48571	0.46377	0.47436	0.46667	0.46154	0.4918	0.44444	0.47143	0.48276	0.4717	0.45679	0.4557	0.47143	0.31507	0.41935	0.47222	0.35938	0.5	0.47619	0.47692	0.45238	0.41538	0.42623	0.46575	0.40323	0.44595	0.46377	0.5	0.45161	0.40299	0.46575	0.43077	0.49254	0.42105	0.48438	0.44595	0.44318	0.41791	0.4127	0.39241	0.41667	0.47273	0.47297	0.48889	0.4875	0.48315	0.42029	0.42029	0.47222	0.5	0.39437	0.46774	0.46032	0.46479	0.45455	0.41892	0.47619	0.46154	0.5	0.49315	0.44615	0.36232	0.41667	0.47619	0.42466	0.43077	0.47945	0.45	0.39344	0.44156	0.47143	0.45455	0.44615	0.45455	0.41818	0.5	0.46667	0.5	0.47619	0.4875	0.4918	0.45122	0.45333	0.5	0.44118	0.46875	0.45283	0.49315	0.43662	0.5	0.46914	0.49383	0.44444	0.44068	0.38983	0.49367	0.5	0.43056	0.47619	0.45205	0.34783	0.49153	0.49254	0.4507	0.42424	0.48	0.47143	0.41667	0.42254	0.39394	0.46667	0.44444	0.4	0.43077	0.42857	0.41538	0.46667	0.40984	0.47222	0.44304	0.45122	0.43077	0.46341	0.41791	0.49091	0.44578	0.48	0.47297	0.44615	0.42029	0.475	0.39726
cell62	0.28369	0.45349	0.27559	0.38281	0.26154	0.35772	0.28671	0.29747	0.30709	0.30075	0.30702	0.34454	0.24348	0.29134	0.33607	0.31148	0.40517	0.31193	0.29457	0.375	0.33582	0.31818	0.37607	0.34266	0.3252	0.37931	0.4	0.29333	0.29688	0.30769	0.30986	0.28713	0.39062	0.37209	0.35971	0.3209	0.36601	0.30534	0.40157	0.336	0.33333	0.30508	0.31818	0.38318	0.33058	0.26619	0.34444	0.37302	0.33945	0.27922	0.4127	0.33803	0.34127	0.32593	0.35766	0.24167	0.29134	0.36641	0.34234	0.36719	0.33043	0.35043	0.36154	0.32	0.33333	0.40206	0.30328	0.34532	0.28696	0.38583	0.39496	0.28689	0.33077	0.39683	0.28205	0.28358	0.35338	0.3617	0.31092	0.39259	0.35714	0.30952	0.375	0.29348	0.31532	0.36134	0.2549	0.34028	0.36	0.26562	0.30216	0.36066	0.4	0.29231	0.28682	0.39496	0.25	0.34746	0.37168	0.28477	0.34188	0.36975	0.33333	0.26364	0.47414	0.36893	0.35938	0.30328	0.40157	0.38053	0.34921	0.26562	0.27206	0.40909	0.40164	0.32653	0.30769	0.29365	0.35714	0.384	0.33043	0.35526	0.32824	0.275	0.368	0.36364	0.35088	0.32787	0.33913	0.2931	0.36634	0.37607	0.33333	0.37008	0.4188	0.3252	0.30556	0.376	0.33571	0.38182	0.31579	0.33858	0.38686	0.38136	0.33858	0.35	0.36	0.40157	0.37313	0.33636	0.3	0.32331	0.30075	0.32824	0.37984	0.33058	0.34286	0.25	0.2807	0.40336	0.31884	0.39416	0.35484	0.41538	0.33051	0.33735	0.32558	0.32903	0.30496	0.37931	0.35294	0.40517	0.30469	0.35345	0.29457	0.33582	0.36691	0.25263	0.31356	0.35088	0.2963	0.304	0.31304	0.36522	0.31034	0.4	0.38926	0.35294	0.35135	0.27966	0.35	0.28421	0.34694	0.3169	0.31532	0.32203	0.31206	0.35593	0.32031	0.30233	0.31933	0.35922	0.41964	0.40141	0.36036	0.38938	0.30357	0.35714	0.3913	0.22222	0.32308	0.31159	0.30216	0.32812	0.28346	0.36111	0.34959	0.2766	0.32773	0.312	0.33036	0.31613	0.40336	0.36986	0.35862	0.33588	0.37008	0.42017	0.31858	0.40336	0.31304	0.39394	0.39844	0.30769	0.31356	0.29412	0.38095	0.34959	0.34513	0.34286	0.4359	0.32759	0.36522	0.36691	0.47887	0.47222	0.42169	0.44211	0.47423	0.45361	0.4875	0.48235	0.44286	0.46512	0.39189	0.49412	0.48148	0.48101	0.48718	0.47368	0.5	0.47727	0.49315	0.44828	0.48864	0.4878	0.46429	0.5	0.44898	0.45556	0.37662	0.44086	0.43023	0.4	0.46341	0.45122	0.49367	0.49275	0.46575	0.39189	0.38667	0.45833	0.49398	0.44444	0.47887	0.47727	0.47561	0.47059	0.46341	0.44578	0.3625	0.49315	0.46591	0.42857	0.5	0.46479	0.48864	0.5	0.48611	0.47059	0.45	0.47826	0.47674	0.5	0.48454	0.44706	0.4382	0.47191	0.47423	0.37647	0.46377	0.41096	0.47945	0.4878	0.45	0.37	0.43662	0.49333	0.45882	0.45161	0.425	0.48864	0.47674	0.46154	0.45977	0.48387	0.39241	0.4321	0.43182	0.41558	0.46739	0.5	0.3913	0.4	0.44595	0.47761	0.45783	0.48913	0.41429	0.43333	0.5	0.46835	0.44737	0.49057	0.44706	0.48611	0.41176	0.4125	0.48649	0.48913	0.46575	0.49351	0.43478	0.5	0.49333	0.49495	0.47143	0.47436	0.47945	0.42857	0.40541	0.48276	0.47945	0.47436	0.4375	0.475	0.48438	0.49333	0.49296	0.48352	0.38462	0.48052	0.46988	0.425	0.47191	0.475	0.48515	0.49296	0.5	0.47059	0.46988	0.48889	0.44928	0.45455	0.45545	0.42857	0.48352	0.43023	0.37805	0.40506	0.44118	0.47423	0.45783	0.42857	0.44615	0.48958	0.47368	0.4625	0.4	0.5	0.39437	0.4507	0.47778	0.45161	0.41176	0.40659	0.45455	0.48101	0.425	0.49438	0.48315	0.49474	0.47368	0.48936	0.45	0.40506	0.49315	0.47312	0.42188	0.41975	0.46914	0.47368	0.475	0.47872	0.45349	0.49351	0.49333	0.41379	0.49412	0.4878	0.45902	0.43939	0.44304	0.49438	0.44286	0.44872	0.48571	0.48936	0.49451	0.47368	0.47674	0.49451	0.4359	0.49367	0.40777	0.42857	0.4898	0.48864	0.45882	0.49231	0.44286	0.41414	0.48235	0.46753	0.49438	0.48684	0.40449	0.41892	0.49351	0.39241	0.46988	0.44444	0.49296	0.47059	0.49462	0.4382	0.41176	0.47059	0.43617	0.48387	0.41758	0.45238	0.49351	0.45333	0.44	0.42683	0.43373	0.48276	0.42188	0.43299	0.47872	0.48718	0.43182	0.4	0.45455	0.49541	0.36782	0.44186	0.4359	0.47619	0.49254	0.5	0.49495	0.49315	0.48315	0.46154	0.49351	0.48864
cell63	0.35606	0.23404	0.37815	0.27434	0.2971	0.29323	0.3578	0.34545	0.37273	0.31429	0.36496	0.34375	0.34043	0.34211	0.31959	0.31092	0.29204	0.34118	0.33981	0.41121	0.24074	0.35965	0.31169	0.33945	0.36275	0.36364	0.32653	0.30841	0.33077	0.35052	0.36792	0.29545	0.27642	0.35075	0.28346	0.32743	0.34513	0.33654	0.38393	0.3301	0.34	0.32174	0.34066	0.40404	0.34167	0.38384	0.31897	0.43119	0.26446	0.28704	0.27193	0.26786	0.33036	0.35043	0.3964	0.32632	0.34615	0.32	0.34483	0.34167	0.30476	0.26471	0.32479	0.34426	0.40625	0.31132	0.36207	0.4	0.32773	0.37838	0.2973	0.27451	0.24719	0.26316	0.29358	0.43103	0.2844	0.35088	0.33628	0.4188	0.29808	0.36434	0.35659	0.33333	0.34821	0.37255	0.33065	0.35246	0.3299	0.36697	0.31818	0.336	0.38261	0.31304	0.36066	0.35577	0.3037	0.36111	0.33913	0.352	0.31624	0.37931	0.31959	0.34513	0.37374	0.36275	0.34375	0.33333	0.35714	0.31959	0.41322	0.37795	0.22523	0.32143	0.32231	0.32653	0.31707	0.30702	0.30612	0.35294	0.44915	0.24219	0.375	0.34483	0.41489	0.36842	0.35294	0.42202	0.32203	0.33654	0.31092	0.32432	0.21495	0.26923	0.43689	0.34821	0.39831	0.41228	0.2437	0.33028	0.30631	0.31858	0.34	0.3299	0.38384	0.29897	0.32075	0.31532	0.31304	0.325	0.35294	0.33628	0.29204	0.27049	0.30088	0.2973	0.27723	0.32456	0.32967	0.29808	0.31159	0.25664	0.22936	0.29839	0.35789	0.33929	0.42991	0.42609	0.32979	0.38182	0.34821	0.26724	0.29825	0.34677	0.33036	0.38542	0.33684	0.36607	0.30702	0.21569	0.33333	0.30328	0.30172	0.33058	0.33607	0.32323	0.24528	0.37255	0.28571	0.38614	0.35514	0.26724	0.2931	0.2649	0.3	0.34127	0.34021	0.27273	0.33945	0.33333	0.40566	0.36538	0.3806	0.34815	0.36364	0.27451	0.41176	0.29661	0.27586	0.40351	0.35	0.29204	0.29661	0.35644	0.26471	0.33333	0.26496	0.35714	0.38596	0.25688	0.33636	0.36364	0.32432	0.27907	0.29661	0.30275	0.38938	0.29091	0.38095	0.34146	0.41414	0.31818	0.35238	0.30392	0.44444	0.27679	0.32143	0.36641	0.42982	0.33962	0.39024	0.37363	0.39796	0.37719	0.44444	0.41176	0.45783	0.5	0.47222	0.43529	0.38571	0.48837	0.37349	0.49296	0.48649	0.41791	0.38667	0.43902	0.4875	0.44304	0.47297	0.46053	0.39062	0.49383	0.48438	0.46032	0.43373	0.4321	0.47674	0.4881	0.5	0.48235	0.32394	0.44156	0.46835	0.40476	0.48276	0.45714	0.48718	0.44565	0.46341	0.46032	0.32787	0.41837	0.42857	0.46835	0.39062	0.47222	0.49367	0.47778	0.4697	0.46753	0.38636	0.45161	0.4875	0.44	0.48684	0.38095	0.48101	0.44928	0.46739	0.4375	0.49333	0.49412	0.44706	0.42857	0.49398	0.48352	0.40476	0.42857	0.36111	0.4127	0.48235	0.49351	0.47059	0.44615	0.5	0.46667	0.48193	0.46875	0.45833	0.4375	0.49254	0.45902	0.36145	0.40984	0.47368	0.49315	0.43836	0.44944	0.42254	0.4878	0.46377	0.44944	0.48101	0.48913	0.42169	0.47436	0.46269	0.46988	0.47273	0.42029	0.48193	0.43662	0.43333	0.42857	0.46479	0.42857	0.5	0.48485	0.47826	0.4697	0.46154	0.47692	0.47368	0.4	0.39286	0.48148	0.47222	0.46809	0.44444	0.44776	0.48529	0.38806	0.41429	0.44118	0.44737	0.48529	0.39189	0.44444	0.4875	0.45	0.45122	0.44304	0.47826	0.45	0.48148	0.48837	0.49275	0.5	0.5	0.46774	0.42667	0.49425	0.48352	0.38961	0.45882	0.38667	0.31746	0.47297	0.48611	0.44262	0.47143	0.48571	0.5	0.48148	0.43373	0.47887	0.4125	0.45946	0.43939	0.47945	0.48889	0.45333	0.4697	0.46053	0.48101	0.5	0.48718	0.47826	0.49206	0.48837	0.44776	0.41538	0.4918	0.4557	0.41333	0.47826	0.49091	0.48438	0.4625	0.46667	0.47368	0.48276	0.39726	0.49398	0.41558	0.48837	0.40506	0.41026	0.48352	0.46479	0.42029	0.40678	0.42424	0.49412	0.35849	0.42647	0.47619	0.48052	0.4125	0.46575	0.46575	0.43478	0.47945	0.45946	0.44156	0.40625	0.44578	0.46835	0.33333	0.43662	0.43478	0.4902	0.44	0.45238	0.46875	0.49315	0.4625	0.41935	0.46296	0.42188	0.44898	0.46988	0.45455	0.4375	0.47826	0.47887	0.4359	0.45455	0.4186	0.49383	0.32857	0.43182	0.40625	0.46341	0.40323	0.45312	0.41892	0.49351	0.5	0.44118	0.47297	0.5	0.46053	0.42647	0.47674	0.48387	0.35185	0.45882	0.48387	0.44737	0.46667	0.38462	0.48101	0.48718	0.5	0.48148
cell64	0.32117	0.34043	0.32716	0.29231	0.31944	0.33333	0.27273	0.36879	0.34615	0.30519	0.26471	0.30263	0.39098	0.34899	0.34177	0.31579	0.30667	0.35385	0.33083	0.29252	0.32911	0.35664	0.36364	0.25658	0.30833	0.40136	0.30282	0.38889	0.30675	0.32624	0.37594	0.32	0.39735	0.41935	0.42222	0.35385	0.33113	0.32331	0.38462	0.35507	0.26119	0.41304	0.34375	0.27083	0.3125	0.3622	0.33333	0.37857	0.37013	0.3169	0.33333	0.31061	0.32335	0.33582	0.36429	0.31579	0.22667	0.32576	0.36054	0.31875	0.33871	0.37956	0.31013	0.38571	0.2803	0.28571	0.37681	0.36	0.34815	0.3245	0.32759	0.32298	0.31013	0.34375	0.31538	0.26667	0.32374	0.28571	0.32258	0.35461	0.36066	0.32877	0.31677	0.33	0.35878	0.34965	0.38211	0.32479	0.32283	0.37121	0.33803	0.424	0.34	0.34351	0.31884	0.36364	0.3012	0.35714	0.29104	0.29139	0.26712	0.35115	0.34109	0.31373	0.28221	0.35976	0.288	0.3865	0.35625	0.33333	0.38961	0.36111	0.4	0.29167	0.38217	0.34091	0.3913	0.36306	0.296	0.36145	0.375	0.28926	0.37241	0.39416	0.35	0.29139	0.28302	0.2987	0.31008	0.34146	0.29299	0.3719	0.31915	0.36496	0.34959	0.3268	0.36667	0.39216	0.28369	0.3141	0.32	0.31111	0.32759	0.29861	0.33548	0.33125	0.29771	0.33824	0.34532	0.23148	0.36508	0.32558	0.32857	0.32117	0.34586	0.30657	0.38596	0.36842	0.35766	0.37415	0.29375	0.39241	0.29448	0.33051	0.32812	0.34109	0.28947	0.24444	0.24828	0.30263	0.32886	0.36879	0.34722	0.30534	0.34884	0.3617	0.30827	0.38235	0.46296	0.36667	0.30657	0.37778	0.34965	0.36522	0.36257	0.31655	0.35385	0.30864	0.32231	0.32919	0.38571	0.3937	0.34416	0.3522	0.30556	0.27941	0.26154	0.39496	0.32609	0.30986	0.37302	0.3125	0.3121	0.36496	0.32639	0.25	0.33557	0.35172	0.35664	0.32624	0.26531	0.40881	0.38235	0.3254	0.36691	0.34194	0.34752	0.25	0.29134	0.34868	0.37795	0.35526	0.33758	0.32609	0.36429	0.27523	0.25974	0.44295	0.38667	0.34568	0.34646	0.30882	0.29496	0.32394	0.34677	0.3125	0.34783	0.31373	0.27869	0.34091	0.28261	0.31933	0.23853	0.3007	0.43396	0.42697	0.48485	0.44828	0.47748	0.44762	0.45455	0.48571	0.45161	0.4557	0.4878	0.49038	0.43878	0.44	0.45263	0.48913	0.42268	0.47525	0.39623	0.46392	0.44211	0.47253	0.4433	0.49398	0.45	0.47959	0.49074	0.47253	0.48889	0.44444	0.44565	0.45055	0.47525	0.44872	0.48421	0.49138	0.4717	0.49	0.41935	0.42	0.48387	0.47573	0.5	0.48148	0.44706	0.47475	0.48193	0.45794	0.41304	0.47748	0.46875	0.49425	0.48515	0.46316	0.48315	0.49383	0.48485	0.44231	0.44444	0.41667	0.47917	0.42857	0.49558	0.46154	0.46296	0.472	0.46535	0.45556	0.47674	0.5	0.36634	0.47525	0.45536	0.5	0.47	0.46341	0.48544	0.48864	0.45263	0.46591	0.42056	0.48649	0.47253	0.42647	0.47273	0.4898	0.34579	0.49074	0.41463	0.49573	0.4958	0.45918	0.49515	0.46875	0.41667	0.45361	0.43158	0.48485	0.49074	0.45882	0.47273	0.48276	0.49412	0.42529	0.40206	0.475	0.42045	0.49474	0.42169	0.48113	0.49451	0.49	0.47	0.43158	0.4186	0.4898	0.45161	0.42718	0.46316	0.44444	0.49485	0.47297	0.46667	0.425	0.49351	0.44554	0.5	0.46988	0.47945	0.47191	0.43956	0.42105	0.46429	0.46512	0.47573	0.42708	0.48673	0.46341	0.49333	0.43617	0.44286	0.44037	0.48454	0.44444	0.42222	0.49438	0.49451	0.46667	0.44681	0.45	0.45833	0.47674	0.48315	0.49533	0.39362	0.47191	0.42056	0.47525	0.4881	0.43925	0.46392	0.43011	0.47727	0.45055	0.48193	0.48352	0.44048	0.42202	0.49351	0.47368	0.42353	0.42857	0.49505	0.44211	0.46667	0.48889	0.39773	0.47	0.42991	0.44681	0.4898	0.40299	0.49462	0.41837	0.45556	0.4186	0.47778	0.5	0.43956	0.46789	0.48515	0.49	0.41509	0.4359	0.43023	0.4434	0.46512	0.46067	0.44762	0.42391	0.49425	0.41975	0.5	0.43023	0.41121	0.42353	0.4382	0.47059	0.4902	0.45631	0.39362	0.4382	0.46739	0.47778	0.48352	0.47826	0.46939	0.48193	0.43529	0.41304	0.45977	0.48352	0.47475	0.45349	0.45361	0.44444	0.41176	0.48101	0.49438	0.49495	0.44304	0.49351	0.46316	0.49254	0.48214	0.45946	0.40777	0.4557	0.41667	0.43038	0.47312	0.46154	0.43478	0.47059	0.42529	0.46988	0.49462	0.48276	0.45631	0.48315	0.46591	0.46018	0.5	0.5
cell65	0.3253	0.2907	0.34653	0.31579	0.38356	0.41176	0.35714	0.39506	0.34409	0.27885	0.27473	0.36364	0.28571	0.225	0.34921	0.22093	0.31081	0.27711	0.20213	0.31818	0.37113	0.26263	0.37805	0.33333	0.40741	0.35294	0.35	0.25352	0.28571	0.31461	0.27059	0.33735	0.25	0.32941	0.30526	0.33673	0.32836	0.34653	0.31915	0.37209	0.3875	0.31325	0.37143	0.3253	0.36264	0.2029	0.4375	0.34783	0.32099	0.38889	0.34444	0.36047	0.28947	0.29348	0.33333	0.33721	0.36905	0.31944	0.26761	0.29032	0.34118	0.33684	0.25243	0.39506	0.35526	0.2875	0.37931	0.33333	0.28571	0.32955	0.39759	0.33333	0.29213	0.30682	0.37662	0.33735	0.29545	0.41111	0.27941	0.37209	0.32609	0.34667	0.29825	0.40299	0.375	0.32	0.37838	0.32222	0.26136	0.39535	0.3	0.43038	0.36634	0.33333	0.36709	0.36264	0.30233	0.3125	0.35897	0.34146	0.4086	0.34568	0.30769	0.23529	0.32	0.27957	0.325	0.26374	0.35526	0.42424	0.32051	0.29545	0.29348	0.37313	0.32584	0.27273	0.35165	0.34091	0.34722	0.30909	0.32955	0.38542	0.34694	0.27059	0.28049	0.27885	0.25556	0.23301	0.31818	0.42105	0.26882	0.29412	0.34783	0.44444	0.25641	0.33	0.27174	0.27536	0.36047	0.2875	0.3253	0.37864	0.30588	0.26882	0.29231	0.27723	0.3012	0.25926	0.34328	0.28916	0.36364	0.24286	0.24691	0.30928	0.35714	0.41176	0.30986	0.24468	0.37838	0.36792	0.32955	0.44578	0.28723	0.27027	0.30769	0.27273	0.26761	0.30693	0.34906	0.30263	0.38272	0.30952	0.32432	0.39286	0.4086	0.27059	0.31731	0.33735	0.22222	0.29412	0.27174	0.2809	0.36842	0.34177	0.25	0.28395	0.375	0.4	0.40278	0.2987	0.24742	0.33333	0.31034	0.39326	0.33333	0.30612	0.3253	0.33333	0.28972	0.34568	0.31034	0.32308	0.29703	0.34091	0.4	0.38158	0.29412	0.29762	0.38542	0.27273	0.28421	0.36585	0.3125	0.46429	0.40698	0.31461	0.29167	0.20482	0.29213	0.30769	0.25333	0.32	0.3038	0.34091	0.4	0.3375	0.2619	0.35	0.3253	0.39326	0.32222	0.39241	0.27957	0.30303	0.23077	0.33333	0.37681	0.34043	0.40506	0.33766	0.26923	0.3375	0.36782	0.33333	0.47619	0.39683	0.46	0.44828	0.5	0.46552	0.36735	0.49296	0.44068	0.4717	0.48	0.40984	0.47826	0.5	0.41818	0.46552	0.42857	0.48438	0.43103	0.43333	0.49091	0.36364	0.40278	0.49057	0.38889	0.46	0.46296	0.43333	0.43077	0.2766	0.46667	0.45	0.42623	0.43396	0.47826	0.49315	0.43548	0.4717	0.43478	0.49206	0.42857	0.3662	0.48889	0.48387	0.2549	0.38889	0.4	0.47917	0.48387	0.49231	0.49254	0.48387	0.35294	0.39623	0.45	0.38462	0.47368	0.42857	0.39216	0.40909	0.43284	0.5	0.48	0.41096	0.47059	0.3662	0.5	0.4717	0.47692	0.35484	0.46667	0.47619	0.49123	0.425	0.38889	0.28571	0.44828	0.48438	0.32075	0.40625	0.44643	0.46	0.44681	0.42373	0.45763	0.45902	0.42857	0.5	0.41667	0.45	0.36364	0.41667	0.5	0.42424	0.45614	0.48571	0.48077	0.49123	0.44231	0.46429	0.37879	0.45098	0.41538	0.46341	0.38776	0.48276	0.40351	0.48	0.3913	0.39286	0.5	0.44828	0.48148	0.44737	0.4918	0.42222	0.42466	0.47368	0.49231	0.47059	0.4902	0.48485	0.5	0.4	0.48889	0.42424	0.34043	0.47368	0.4918	0.46667	0.44643	0.43284	0.38095	0.44186	0.47917	0.41176	0.37705	0.48837	0.46154	0.41509	0.45455	0.48529	0.43137	0.33929	0.44068	0.42308	0.39216	0.49123	0.4	0.46154	0.45312	0.42593	0.45	0.43548	0.46296	0.36207	0.43636	0.4127	0.44776	0.43548	0.48936	0.46154	0.5	0.47761	0.46154	0.42593	0.44068	0.47541	0.44776	0.40323	0.47273	0.47917	0.4127	0.47273	0.46032	0.4375	0.45455	0.49153	0.47727	0.44231	0.42	0.38889	0.5	0.45455	0.44444	0.4375	0.4386	0.46939	0.48387	0.48148	0.46154	0.39655	0.42105	0.40984	0.48	0.44776	0.45333	0.5	0.46809	0.42188	0.41818	0.5	0.5	0.48214	0.44444	0.46512	0.5	0.43548	0.43103	0.48889	0.36957	0.45161	0.47143	0.37838	0.42857	0.49206	0.45763	0.46809	0.47826	0.41176	0.5	0.375	0.44068	0.4898	0.42105	0.41176	0.48	0.45614	0.43077	0.42373	0.42857	0.47368	0.5	0.47273	0.47059	0.48438	0.47368	0.45283	0.46667	0.4898	0.40385	0.4717	0.45283	0.44231	0.48485	0.4902	0.41176	0.48529	0.45312	0.44444	0.49254	0.45902	0.4375	0.47761
cell66	0.43902	0.29114	0.26923	0.34653	0.28	0.44118	0.31183	0.22917	0.40909	0.35849	0.37662	0.33333	0.29412	0.28571	0.33	0.30769	0.28723	0.39785	0.41	0.30392	0.23423	0.36559	0.36264	0.32468	0.39583	0.32673	0.32468	0.38835	0.30667	0.41818	0.27273	0.36047	0.39048	0.34783	0.38043	0.33721	0.31034	0.275	0.28049	0.28736	0.46154	0.4	0.36538	0.3578	0.3299	0.31	0.24096	0.41379	0.36458	0.4	0.28049	0.26549	0.37805	0.2069	0.33333	0.38462	0.33333	0.33962	0.35	0.35227	0.30233	0.30233	0.25455	0.3038	0.35052	0.32184	0.4026	0.30682	0.32323	0.31429	0.34831	0.28571	0.31667	0.37333	0.28431	0.2987	0.30928	0.26966	0.27273	0.42268	0.40741	0.32075	0.32407	0.43902	0.32979	0.34043	0.375	0.28947	0.35	0.37363	0.37805	0.39	0.35354	0.3908	0.31068	0.29412	0.3913	0.31	0.41304	0.31429	0.31579	0.28889	0.40206	0.29808	0.4023	0.36957	0.31868	0.31461	0.26829	0.31522	0.31313	0.23404	0.35417	0.34667	0.29808	0.3012	0.36937	0.31405	0.34146	0.26804	0.31868	0.21905	0.35556	0.37736	0.33333	0.32479	0.34884	0.37963	0.26415	0.32979	0.31683	0.35	0.30435	0.27523	0.38462	0.29885	0.33333	0.22892	0.32258	0.42353	0.32692	0.30693	0.4086	0.23077	0.28571	0.31522	0.21739	0.39604	0.31313	0.29897	0.28205	0.24706	0.40698	0.3125	0.33333	0.35417	0.36364	0.39583	0.35556	0.35052	0.4466	0.29545	0.36842	0.375	0.34066	0.29114	0.30208	0.41748	0.26136	0.33696	0.33333	0.31	0.33663	0.38158	0.36842	0.31068	0.24468	0.28846	0.32479	0.36364	0.2973	0.38542	0.36449	0.31731	0.30357	0.375	0.38889	0.40206	0.41791	0.29897	0.24419	0.25556	0.3	0.34314	0.29412	0.4381	0.29474	0.31765	0.29787	0.37624	0.35593	0.34884	0.26364	0.29245	0.27273	0.25773	0.38298	0.37864	0.34831	0.30189	0.28205	0.31183	0.27885	0.36667	0.32258	0.29661	0.30769	0.27632	0.27711	0.34783	0.29114	0.34314	0.36264	0.40385	0.31933	0.31081	0.33333	0.2963	0.27957	0.32353	0.36957	0.3253	0.31	0.32075	0.33929	0.31633	0.41111	0.28421	0.35556	0.42056	0.32911	0.34091	0.29787	0.33	0.44928	0.5	0.38028	0.45833	0.42188	0.4	0.45	0.4	0.46875	0.45588	0.44231	0.46774	0.48485	0.5	0.42373	0.45283	0.44262	0.48611	0.43284	0.44444	0.4507	0.40323	0.48387	0.49231	0.43478	0.49275	0.39437	0.25926	0.47273	0.37736	0.45455	0.5	0.46479	0.45902	0.46479	0.44444	0.5	0.32836	0.41096	0.42623	0.43103	0.4	0.4918	0.38462	0.46296	0.42254	0.5	0.44444	0.47059	0.46377	0.45902	0.46154	0.45588	0.44615	0.44068	0.48	0.4127	0.43333	0.47273	0.43056	0.48438	0.4023	0.46296	0.46032	0.47059	0.39474	0.48214	0.5	0.42647	0.45161	0.5	0.44444	0.49275	0.44262	0.41509	0.42308	0.44828	0.48438	0.5	0.44231	0.40845	0.48077	0.47692	0.47541	0.46377	0.43103	0.43103	0.48052	0.44286	0.47436	0.47561	0.48649	0.46575	0.48052	0.49231	0.44156	0.46296	0.48529	0.45	0.43548	0.37097	0.46575	0.48438	0.47436	0.44286	0.45455	0.46032	0.37255	0.42593	0.48101	0.45763	0.42466	0.41667	0.48387	0.49091	0.44898	0.5	0.49091	0.46914	0.40278	0.42623	0.40678	0.47059	0.47458	0.48276	0.44286	0.42667	0.46667	0.41071	0.46774	0.45	0.42667	0.47761	0.44776	0.43284	0.40625	0.48571	0.48	0.47692	0.42466	0.45902	0.48052	0.48276	0.45283	0.49351	0.41333	0.44444	0.35593	0.5	0.45312	0.46809	0.44444	0.375	0.45946	0.47945	0.46	0.4918	0.38	0.46753	0.49123	0.47273	0.46429	0.48649	0.48214	0.4375	0.5	0.47826	0.42623	0.45763	0.39437	0.49206	0.5	0.5	0.43333	0.5	0.41818	0.47143	0.44444	0.43636	0.4	0.49254	0.43103	0.44776	0.43636	0.48438	0.48649	0.44776	0.3617	0.47273	0.49057	0.49123	0.48077	0.39683	0.375	0.47692	0.42424	0.49275	0.46875	0.42373	0.40625	0.40541	0.5	0.44928	0.41176	0.45312	0.43396	0.48333	0.43333	0.46667	0.45902	0.45588	0.4697	0.47273	0.47619	0.5	0.49057	0.42857	0.42373	0.49057	0.49206	0.43284	0.38961	0.5	0.49123	0.48	0.5	0.41772	0.43636	0.4717	0.38596	0.44068	0.35	0.46429	0.41379	0.47692	0.42857	0.45763	0.39216	0.4902	0.4127	0.49333	0.47143	0.45902	0.45333	0.47273	0.47945	0.44186	0.37838	0.49254	0.4902	0.42105	0.43548	0.42188	0.4918
cell67	0.33333	0.32836	0.32234	0.32	0.375	0.29502	0.34948	0.30204	0.34884	0.3452	0.31379	0.29317	0.34615	0.36306	0.30909	0.39924	0.34962	0.34956	0.2996	0.34599	0.33091	0.29268	0.32542	0.36585	0.35145	0.38538	0.35018	0.30822	0.33893	0.32841	0.3125	0.31579	0.29	0.3299	0.36806	0.31939	0.32632	0.30651	0.32323	0.34848	0.36431	0.375	0.29183	0.37546	0.3218	0.34677	0.28767	0.38113	0.27778	0.28571	0.32184	0.32143	0.30263	0.31111	0.33942	0.36742	0.32353	0.31022	0.3304	0.30827	0.36481	0.35439	0.35612	0.30545	0.38376	0.37447	0.42982	0.32841	0.31174	0.28947	0.32103	0.37218	0.30576	0.3375	0.42449	0.32117	0.30686	0.37638	0.32411	0.37281	0.29259	0.36333	0.34211	0.388	0.31559	0.3042	0.34783	0.35315	0.33333	0.34657	0.29167	0.3375	0.34559	0.35018	0.33007	0.327	0.36232	0.35021	0.31752	0.34982	0.33548	0.34286	0.33333	0.30081	0.37262	0.29818	0.37302	0.36789	0.33333	0.4084	0.34848	0.36328	0.31646	0.34855	0.36306	0.33086	0.33333	0.31338	0.30078	0.31387	0.34783	0.3322	0.29964	0.3193	0.33456	0.38095	0.3355	0.35357	0.32095	0.32735	0.3101	0.32404	0.32558	0.29796	0.31727	0.37687	0.31128	0.32986	0.34615	0.30038	0.34164	0.3879	0.35165	0.35039	0.31128	0.33333	0.32627	0.33798	0.33667	0.2717	0.32283	0.32624	0.33942	0.33465	0.33579	0.36934	0.37945	0.32932	0.36123	0.35714	0.35202	0.31271	0.27759	0.31061	0.3	0.34892	0.30385	0.35223	0.31884	0.29796	0.3098	0.36882	0.33094	0.38603	0.34749	0.29814	0.34686	0.30364	0.35811	0.36719	0.35165	0.27519	0.29032	0.32443	0.36972	0.36462	0.28455	0.37091	0.33835	0.3125	0.35612	0.2971	0.32616	0.32326	0.32231	0.34247	0.33808	0.32453	0.28996	0.28832	0.31429	0.32331	0.33225	0.34363	0.32197	0.32016	0.33716	0.36	0.30396	0.28731	0.32967	0.35461	0.32411	0.27888	0.36327	0.33333	0.375	0.33992	0.36949	0.35021	0.2915	0.3209	0.32222	0.31786	0.3037	0.28761	0.29151	0.35537	0.29204	0.28472	0.34211	0.30714	0.35088	0.30196	0.38662	0.35	0.24567	0.32203	0.35849	0.31541	0.32639	0.33725	0.35685	0.35772	0.4703	0.45614	0.47959	0.45402	0.49451	0.46995	0.48718	0.44324	0.48876	0.48366	0.47399	0.47305	0.47904	0.4023	0.48571	0.44048	0.46784	0.49254	0.45882	0.48235	0.49438	0.48958	0.4491	0.49425	0.42012	0.45506	0.49198	0.44755	0.45503	0.48387	0.42935	0.49123	0.47805	0.48387	0.41317	0.44041	0.41765	0.4497	0.4385	0.47619	0.46753	0.49714	0.47024	0.48756	0.49198	0.48634	0.49412	0.49479	0.39766	0.5	0.49741	0.49693	0.47849	0.45263	0.46707	0.44565	0.45882	0.43558	0.41071	0.48485	0.4798	0.45274	0.48315	0.49231	0.45226	0.46774	0.45251	0.48538	0.47368	0.45408	0.48148	0.48101	0.48889	0.49432	0.48744	0.48795	0.48387	0.49697	0.45856	0.48837	0.47853	0.44681	0.4843	0.41143	0.48588	0.49162	0.46893	0.5	0.46512	0.43069	0.48387	0.44608	0.47619	0.48	0.46409	0.47917	0.47205	0.5	0.46277	0.45	0.46154	0.48276	0.48864	0.46552	0.49153	0.47778	0.43503	0.45355	0.46857	0.45143	0.4712	0.47436	0.38889	0.44643	0.48087	0.48837	0.4918	0.46341	0.4697	0.48454	0.45109	0.48734	0.47727	0.47674	0.46196	0.49462	0.46	0.49045	0.47283	0.46429	0.47429	0.49444	0.5	0.49462	0.49686	0.44	0.46835	0.47552	0.47273	0.47977	0.48555	0.48	0.49275	0.47458	0.48	0.45918	0.49746	0.46512	0.49457	0.48235	0.4491	0.5	0.46746	0.45604	0.48555	0.46784	0.45087	0.46561	0.45506	0.49153	0.43709	0.4949	0.43902	0.4456	0.47059	0.47059	0.40491	0.47525	0.45679	0.46078	0.48276	0.46602	0.42353	0.47399	0.48864	0.46309	0.45652	0.48824	0.4837	0.47594	0.475	0.4269	0.48848	0.49778	0.46561	0.44706	0.49738	0.45026	0.47159	0.49693	0.47305	0.45251	0.44172	0.48223	0.48634	0.46409	0.4837	0.42857	0.4717	0.5	0.48485	0.43478	0.45882	0.40588	0.43137	0.47222	0.49444	0.49457	0.48889	0.49289	0.49143	0.44019	0.44231	0.5	0.48276	0.48947	0.40588	0.48901	0.49462	0.49733	0.4901	0.46316	0.49724	0.43976	0.47059	0.49068	0.4264	0.49102	0.44242	0.47619	0.47712	0.48125	0.47929	0.46853	0.49133	0.49198	0.45263	0.45455	0.47959	0.44079	0.4709	0.49405	0.45	0.48851	0.46078	0.45985	0.42683	0.4949	0.43961	0.44809	0.47541	0.46961	0.48869	0.47802
cell68	0.30702	0.27711	0.35955	0.31405	0.24561	0.39583	0.5	0.34906	0.2967	0.29245	0.35052	0.41758	0.30682	0.34375	0.38384	0.36364	0.31915	0.24468	0.26263	0.33333	0.30097	0.28283	0.37705	0.29358	0.33962	0.3211	0.4023	0.35	0.32075	0.38679	0.29897	0.32955	0.35955	0.30909	0.30612	0.38095	0.29885	0.28571	0.3211	0.30476	0.38298	0.2766	0.34653	0.34	0.39744	0.35	0.28736	0.40217	0.36471	0.36522	0.34343	0.3	0.33333	0.32955	0.26667	0.27273	0.34951	0.28713	0.24731	0.26606	0.29213	0.46154	0.37755	0.28704	0.30556	0.27381	0.38542	0.31707	0.35922	0.31132	0.5	0.33898	0.30556	0.25773	0.30667	0.29703	0.30337	0.29412	0.30392	0.28155	0.37079	0.36047	0.40594	0.38384	0.4086	0.35484	0.30769	0.38095	0.32673	0.31731	0.27434	0.26471	0.30303	0.3619	0.31646	0.28571	0.24359	0.29032	0.27711	0.33333	0.30693	0.27835	0.31111	0.32353	0.375	0.28571	0.34021	0.31776	0.38372	0.2766	0.27907	0.28829	0.25301	0.31579	0.375	0.27059	0.41905	0.25	0.38462	0.32039	0.31868	0.34653	0.25688	0.41748	0.33333	0.34579	0.34343	0.36364	0.37234	0.30108	0.44898	0.31683	0.32955	0.32967	0.32727	0.27273	0.33929	0.3125	0.36458	0.35417	0.35354	0.29921	0.2	0.31429	0.37037	0.31959	0.36957	0.34211	0.42241	0.31683	0.34314	0.39583	0.29032	0.43434	0.38532	0.27381	0.42353	0.37255	0.34694	0.3617	0.39806	0.38144	0.29787	0.32653	0.32292	0.34444	0.36559	0.34286	0.43299	0.33333	0.37963	0.36559	0.32632	0.33333	0.26733	0.3299	0.22857	0.34343	0.27619	0.28571	0.35227	0.31731	0.35106	0.26374	0.36036	0.36842	0.37624	0.30928	0.40698	0.37864	0.2963	0.37681	0.26374	0.36923	0.26724	0.30435	0.35577	0.39252	0.23364	0.33673	0.38182	0.36735	0.37143	0.35714	0.37864	0.34021	0.32979	0.34545	0.32432	0.28205	0.24528	0.28713	0.27928	0.36607	0.2619	0.22523	0.375	0.34951	0.32673	0.24	0.38824	0.34409	0.35106	0.38462	0.32222	0.37363	0.33333	0.32979	0.24	0.40217	0.35789	0.30556	0.32143	0.27473	0.33708	0.28155	0.37634	0.31068	0.31959	0.32609	0.42308	0.26263	0.352	0.31	0.47297	0.45902	0.47887	0.4717	0.47826	0.44118	0.43077	0.4	0.47887	0.45455	0.45763	0.36667	0.48529	0.45833	0.48	0.37097	0.46575	0.48837	0.38889	0.48718	0.45614	0.46875	0.45902	0.35938	0.49351	0.48438	0.48333	0.40741	0.42029	0.47143	0.43478	0.47541	0.37975	0.45902	0.47458	0.45238	0.44156	0.49296	0.43836	0.49275	0.49153	0.48649	0.48214	0.46667	0.46032	0.48052	0.44776	0.45161	0.46053	0.38596	0.45205	0.42466	0.47826	0.45763	0.45455	0.48485	0.375	0.49153	0.42	0.46032	0.45714	0.40845	0.41304	0.39437	0.43478	0.44262	0.43396	0.41975	0.47059	0.49057	0.38235	0.44928	0.48214	0.4386	0.47761	0.46809	0.4	0.45902	0.40351	0.40698	0.46575	0.5	0.3913	0.42623	0.47692	0.43396	0.47541	0.45455	0.36	0.43243	0.47059	0.49333	0.4127	0.48214	0.41176	0.48077	0.45283	0.40506	0.49383	0.48485	0.48276	0.39394	0.37931	0.45588	0.49254	0.45588	0.45455	0.49333	0.44578	0.45588	0.49254	0.43077	0.48333	0.46575	0.40351	0.43478	0.49254	0.46939	0.39394	0.46667	0.47826	0.49206	0.45614	0.49206	0.4881	0.45588	0.4717	0.41667	0.5	0.3871	0.32	0.42105	0.46269	0.48333	0.49315	0.32558	0.41071	0.49123	0.4717	0.48276	0.48333	0.42857	0.33766	0.40984	0.48235	0.46429	0.40625	0.45455	0.46154	0.36585	0.4717	0.45763	0.45349	0.49351	0.48529	0.47368	0.44444	0.42857	0.48438	0.43662	0.5	0.48438	0.43284	0.37097	0.4	0.45902	0.48	0.47222	0.5	0.48611	0.41379	0.36765	0.42593	0.40244	0.44828	0.4375	0.49275	0.43529	0.49333	0.37838	0.42623	0.47458	0.42105	0.41509	0.46377	0.45161	0.46377	0.46939	0.47273	0.42857	0.44286	0.47692	0.47222	0.47059	0.43548	0.48387	0.43056	0.49315	0.45312	0.35849	0.44595	0.4918	0.47826	0.37037	0.47126	0.48148	0.48571	0.47436	0.48438	0.3875	0.37143	0.41379	0.46835	0.49231	0.48052	0.47143	0.4386	0.46429	0.4386	0.42373	0.40909	0.35385	0.45283	0.46479	0.3913	0.43548	0.49412	0.46774	0.46809	0.48611	0.39241	0.47436	0.42424	0.46512	0.4875	0.42308	0.48485	0.5	0.44776	0.45205	0.45614	0.36923	0.42857	0.48571	0.43636	0.5	0.48214	0.44444	0.49153	0.43836	0.46988	0.39344	0.48438	0.42105
cell69	0.36697	0.29762	0.37363	0.32927	0.26214	0.31452	0.40404	0.34286	0.3125	0.36667	0.31313	0.29915	0.3913	0.38	0.27885	0.27049	0.38095	0.35354	0.27835	0.34862	0.31405	0.30097	0.42991	0.30435	0.26582	0.33696	0.26829	0.3125	0.35398	0.31532	0.37931	0.40952	0.37963	0.39316	0.30909	0.40845	0.30189	0.30097	0.33333	0.29358	0.37931	0.30909	0.34188	0.33333	0.35632	0.32292	0.34314	0.32456	0.33654	0.38384	0.36735	0.2381	0.35714	0.36937	0.35556	0.3211	0.29032	0.29	0.35052	0.40206	0.33333	0.3964	0.33043	0.3	0.35115	0.30435	0.35652	0.35849	0.38043	0.28283	0.38554	0.33708	0.41085	0.4	0.26596	0.38053	0.38614	0.34483	0.28704	0.28283	0.34118	0.27083	0.41228	0.26437	0.32	0.27273	0.29808	0.31683	0.3301	0.37037	0.3211	0.29474	0.32692	0.31858	0.33333	0.3252	0.36538	0.3625	0.34	0.33981	0.31579	0.36893	0.32292	0.2973	0.27174	0.29808	0.28302	0.34821	0.28302	0.3012	0.26357	0.35514	0.31	0.30097	0.37069	0.35632	0.30328	0.264	0.33019	0.28682	0.31959	0.3012	0.30769	0.40187	0.36842	0.29412	0.33898	0.36364	0.35185	0.31765	0.31193	0.42029	0.37634	0.2451	0.31915	0.3301	0.43956	0.28829	0.34815	0.28713	0.27928	0.31313	0.33913	0.40909	0.32979	0.375	0.27381	0.29524	0.38384	0.33036	0.29268	0.37895	0.31481	0.29032	0.41905	0.29464	0.32353	0.33333	0.26667	0.28829	0.31538	0.32353	0.38095	0.33613	0.34	0.25641	0.28283	0.33058	0.37963	0.30435	0.39785	0.31579	0.35714	0.34831	0.42574	0.30088	0.32	0.30189	0.35714	0.42574	0.3299	0.38462	0.28155	0.375	0.38679	0.36697	0.29032	0.31395	0.3271	0.34579	0.33333	0.32292	0.28358	0.3125	0.2967	0.3871	0.35185	0.33684	0.25714	0.37895	0.27059	0.31683	0.35115	0.29	0.32479	0.32222	0.30252	0.3252	0.4375	0.39	0.37374	0.33621	0.29412	0.3913	0.33333	0.31481	0.35345	0.30909	0.23256	0.36842	0.30208	0.26882	0.36449	0.35135	0.32432	0.37647	0.46729	0.375	0.25773	0.32479	0.26429	0.36842	0.36275	0.28319	0.38542	0.36975	0.33663	0.32143	0.35965	0.38393	0.28431	0.39362	0.3299	0.31776	0.44304	0.48052	0.38235	0.48611	0.47619	0.49412	0.49275	0.4058	0.44928	0.48387	0.48438	0.4918	0.48193	0.41791	0.41176	0.44262	0.45333	0.47674	0.46053	0.42029	0.48936	0.49296	0.48684	0.42105	0.42647	0.48611	0.49254	0.3913	0.39437	0.41558	0.47436	0.49275	0.49091	0.49206	0.47761	0.44776	0.47297	0.45098	0.38667	0.40845	0.44118	0.48718	0.47761	0.47059	0.47458	0.49123	0.47143	0.43662	0.49315	0.38806	0.4507	0.46154	0.47222	0.5	0.47761	0.43243	0.47761	0.45238	0.35802	0.48387	0.45679	0.44444	0.40244	0.5	0.43939	0.44872	0.48333	0.5	0.48	0.42029	0.47059	0.44737	0.47945	0.5	0.41429	0.45	0.38983	0.48485	0.46154	0.49123	0.44444	0.46875	0.42857	0.48333	0.46667	0.44304	0.43038	0.47059	0.47436	0.48052	0.35484	0.4375	0.45312	0.5	0.45614	0.42623	0.47826	0.41176	0.45833	0.38095	0.47561	0.45588	0.5	0.46269	0.44595	0.5	0.39623	0.46479	0.5	0.41935	0.45455	0.5	0.48684	0.44444	0.49275	0.42647	0.46575	0.43284	0.48485	0.45	0.48837	0.42857	0.46575	0.3913	0.42188	0.4125	0.5	0.38298	0.48485	0.3913	0.41071	0.4878	0.49351	0.43103	0.45614	0.46296	0.47297	0.41096	0.39062	0.46667	0.48684	0.5	0.41558	0.43529	0.43836	0.46667	0.4375	0.4127	0.47887	0.46552	0.41667	0.49123	0.48052	0.4625	0.44156	0.46465	0.48387	0.46296	0.4375	0.47692	0.47143	0.49231	0.5	0.41333	0.46988	0.48438	0.45283	0.40964	0.37705	0.45333	0.41667	0.47059	0.45283	0.45556	0.46667	0.39394	0.46753	0.40984	0.46053	0.48485	0.5	0.43548	0.48864	0.47945	0.49275	0.49351	0.41379	0.39062	0.49275	0.45238	0.45902	0.44444	0.45556	0.47143	0.4697	0.46753	0.45833	0.44928	0.4697	0.48611	0.49367	0.42188	0.46269	0.45312	0.43836	0.5	0.46377	0.47436	0.47826	0.46914	0.48148	0.46575	0.5	0.48387	0.42254	0.37879	0.48148	0.49275	0.38298	0.47761	0.4	0.46429	0.41026	0.49351	0.49296	0.45763	0.46053	0.4875	0.48	0.36364	0.5	0.48438	0.41975	0.38889	0.48649	0.46053	0.5	0.44828	0.41176	0.45238	0.4557	0.41176	0.45833	0.43103	0.4918	0.41818	0.47945	0.45455	0.41176	0.41333	0.45455	0.45455	0.44928	0.4881
cell70	0.39056	0.30392	0.35	0.36531	0.32927	0.324	0.29851	0.32812	0.325	0.33761	0.30469	0.36965	0.28431	0.27984	0.37751	0.29808	0.36885	0.3786	0.32016	0.34766	0.30859	0.32917	0.34831	0.30222	0.2963	0.36508	0.375	0.33465	0.3431	0.30588	0.34836	0.37383	0.36972	0.33065	0.31325	0.3035	0.30864	0.33735	0.39382	0.3405	0.31193	0.30864	0.3035	0.3373	0.30698	0.34156	0.32701	0.32479	0.33333	0.32068	0.35146	0.36694	0.25912	0.33621	0.36607	0.35688	0.35317	0.31933	0.32365	0.33448	0.37179	0.32035	0.29482	0.36	0.29339	0.31982	0.3682	0.30418	0.36449	0.35242	0.33712	0.29719	0.35821	0.31602	0.32727	0.3178	0.32627	0.35648	0.31004	0.38462	0.28862	0.29762	0.31561	0.38991	0.32444	0.35371	0.30859	0.34199	0.27039	0.36328	0.33865	0.288	0.36929	0.33766	0.35043	0.32035	0.3405	0.34	0.34583	0.37165	0.37132	0.31522	0.33023	0.32143	0.35918	0.35316	0.31878	0.35426	0.33755	0.36564	0.2988	0.35223	0.36797	0.33051	0.23868	0.34568	0.35178	0.35055	0.31489	0.33117	0.29268	0.32271	0.33068	0.39114	0.39815	0.34387	0.33452	0.29487	0.32584	0.3625	0.35271	0.2684	0.33929	0.30568	0.35565	0.34884	0.38735	0.30534	0.30172	0.31837	0.34749	0.3178	0.35146	0.33808	0.34711	0.33333	0.35023	0.3251	0.36434	0.32567	0.33654	0.33621	0.34016	0.32171	0.34921	0.31687	0.30041	0.3308	0.32589	0.35094	0.34457	0.31837	0.38559	0.36287	0.34375	0.38931	0.34263	0.30385	0.30769	0.31163	0.31746	0.35319	0.30736	0.33333	0.33333	0.34579	0.2827	0.34802	0.32353	0.31416	0.31915	0.32468	0.35632	0.35897	0.32946	0.37143	0.32946	0.3373	0.3176	0.28063	0.32927	0.34746	0.38559	0.34304	0.35955	0.40171	0.31395	0.35652	0.27667	0.27935	0.36047	0.34167	0.31086	0.25909	0.34746	0.31224	0.29804	0.31387	0.33047	0.36777	0.3375	0.36327	0.36752	0.30252	0.38889	0.31441	0.30833	0.3547	0.33977	0.32083	0.361	0.29515	0.32301	0.312	0.32	0.39648	0.3166	0.35294	0.42437	0.36567	0.31765	0.3295	0.31111	0.39623	0.33083	0.352	0.35772	0.30337	0.32569	0.31222	0.31837	0.33945	0.36058	0.34222	0.49123	0.48	0.4949	0.48148	0.45349	0.5	0.43671	0.46739	0.42515	0.39752	0.49333	0.45161	0.46067	0.43137	0.46471	0.5	0.4702	0.46486	0.42857	0.48634	0.49697	0.48951	0.49701	0.42384	0.43636	0.45902	0.46875	0.49697	0.47727	0.48538	0.43275	0.46154	0.48454	0.49624	0.47024	0.42487	0.49045	0.45985	0.48521	0.47568	0.38365	0.48538	0.43836	0.49425	0.48366	0.46073	0.43258	0.47312	0.48447	0.46108	0.4497	0.49677	0.46341	0.45029	0.40127	0.43137	0.47853	0.43791	0.5	0.48864	0.37037	0.49261	0.47701	0.46296	0.48148	0.36957	0.47904	0.48299	0.43915	0.49438	0.44172	0.45128	0.47929	0.47458	0.46939	0.47917	0.43103	0.42038	0.41975	0.49664	0.45833	0.47887	0.44643	0.43478	0.43147	0.4698	0.46328	0.46961	0.45665	0.46328	0.48325	0.44792	0.43243	0.47853	0.47458	0.47337	0.496	0.45522	0.48538	0.47059	0.45763	0.46043	0.45695	0.43709	0.47305	0.47059	0.49669	0.44624	0.48795	0.46584	0.5	0.46795	0.4908	0.49645	0.46746	0.48571	0.43312	0.5	0.45513	0.47799	0.45455	0.46061	0.48408	0.47403	0.44681	0.49102	0.49045	0.45614	0.42593	0.43646	0.49007	0.4386	0.46193	0.4593	0.48366	0.49265	0.43046	0.49306	0.49693	0.45699	0.45455	0.49711	0.45355	0.46154	0.48333	0.49398	0.49697	0.44068	0.45355	0.46386	0.48521	0.45455	0.46199	0.45833	0.41667	0.48101	0.49412	0.45679	0.49412	0.44654	0.44079	0.42767	0.46429	0.48864	0.46108	0.475	0.48322	0.4303	0.46259	0.49686	0.46951	0.42683	0.4726	0.45912	0.46763	0.47651	0.45665	0.49068	0.48485	0.4881	0.45833	0.46053	0.46795	0.42683	0.5	0.47059	0.45926	0.48087	0.46429	0.44286	0.48667	0.44118	0.47403	0.49689	0.4939	0.44509	0.47239	0.46961	0.49375	0.48466	0.47674	0.49751	0.48387	0.46067	0.47619	0.47059	0.48052	0.45455	0.49102	0.45963	0.44318	0.49704	0.47619	0.46927	0.39869	0.48	0.49677	0.42405	0.44366	0.475	0.49444	0.45596	0.4964	0.49398	0.44304	0.46358	0.49714	0.41935	0.43353	0.47904	0.48148	0.49068	0.42236	0.47701	0.49162	0.46951	0.47468	0.49045	0.49045	0.49405	0.47337	0.48663	0.44643	0.44385	0.47436	0.4965	0.46154	0.49153	0.49333	0.49655	0.48447	0.47619	0.45963	0.44565
cell71	0.30717	0.31879	0.36418	0.32565	0.34615	0.30618	0.34167	0.34857	0.32781	0.33604	0.31761	0.275	0.33333	0.28977	0.36646	0.32288	0.34385	0.34824	0.31761	0.36333	0.33623	0.33762	0.36283	0.32803	0.30709	0.34421	0.36755	0.2844	0.33616	0.30088	0.35202	0.35179	0.37432	0.37356	0.36875	0.375	0.29834	0.32808	0.35542	0.32722	0.39236	0.35072	0.35196	0.25602	0.28173	0.34242	0.31437	0.30275	0.33025	0.31804	0.29431	0.32716	0.3601	0.34049	0.33127	0.33125	0.32209	0.28882	0.29464	0.33718	0.36286	0.33131	0.30141	0.31778	0.33245	0.30719	0.28793	0.33429	0.34259	0.37952	0.37015	0.32768	0.39837	0.3271	0.32951	0.33588	0.2973	0.32492	0.31515	0.35474	0.34627	0.35057	0.35149	0.33431	0.30183	0.33856	0.33432	0.32194	0.34769	0.37798	0.30398	0.3303	0.3535	0.30241	0.31875	0.37216	0.35542	0.31613	0.30791	0.30435	0.32665	0.28011	0.31366	0.29155	0.30323	0.31928	0.3716	0.35443	0.39869	0.34454	0.32861	0.36888	0.3515	0.29841	0.36313	0.31	0.38602	0.33718	0.35329	0.32791	0.30564	0.30247	0.32249	0.35325	0.34627	0.33952	0.33051	0.30149	0.30141	0.29667	0.31135	0.32479	0.37465	0.30488	0.3355	0.32	0.38131	0.3776	0.34	0.28916	0.33989	0.33974	0.36311	0.37725	0.29846	0.34356	0.30216	0.29379	0.33062	0.3	0.35312	0.27113	0.31773	0.32581	0.33234	0.3376	0.30323	0.29444	0.3197	0.33232	0.34341	0.35088	0.30027	0.34097	0.35354	0.34969	0.33333	0.34167	0.34848	0.35083	0.31287	0.31212	0.34365	0.30423	0.3239	0.33716	0.33903	0.32857	0.3306	0.36593	0.35495	0.28446	0.3012	0.30448	0.31692	0.34343	0.29855	0.34085	0.35447	0.35227	0.37255	0.34307	0.40909	0.34343	0.33013	0.31503	0.30595	0.32095	0.33333	0.32065	0.29167	0.34295	0.34946	0.28846	0.36471	0.32226	0.31231	0.35028	0.32907	0.32026	0.38793	0.34375	0.30925	0.30183	0.2956	0.32012	0.31325	0.31454	0.32239	0.34743	0.32423	0.32486	0.29618	0.33684	0.32546	0.34333	0.34682	0.3065	0.33103	0.2938	0.31476	0.32941	0.31699	0.35659	0.31699	0.34463	0.35	0.29444	0.33333	0.37101	0.31561	0.3738	0.32407	0.33242	0.46212	0.49793	0.47761	0.46117	0.49573	0.42857	0.4955	0.43404	0.47982	0.49528	0.46847	0.41117	0.47418	0.46753	0.47087	0.46729	0.46377	0.48548	0.45	0.47893	0.49012	0.44545	0.43913	0.47083	0.47788	0.4424	0.4537	0.46847	0.47807	0.46473	0.48402	0.45992	0.49049	0.47639	0.47788	0.46835	0.49356	0.49393	0.4413	0.47967	0.48927	0.48291	0.4604	0.46586	0.48594	0.45778	0.47005	0.44314	0.49569	0.48	0.37611	0.49621	0.43673	0.46983	0.48908	0.47345	0.44813	0.48598	0.41827	0.4913	0.47807	0.49174	0.48163	0.44444	0.48472	0.48101	0.47951	0.47273	0.43049	0.40773	0.44397	0.48879	0.49038	0.42788	0.44583	0.47032	0.49123	0.48963	0.48035	0.48178	0.46847	0.47668	0.4477	0.48684	0.44344	0.46781	0.49554	0.44531	0.46903	0.48276	0.49765	0.4739	0.49774	0.46759	0.47768	0.48996	0.46919	0.48548	0.5	0.48585	0.5	0.4686	0.49763	0.45833	0.49554	0.47511	0.5	0.43913	0.48927	0.47556	0.46667	0.45	0.46829	0.49206	0.42523	0.49724	0.47699	0.44186	0.48684	0.45525	0.47845	0.49519	0.5	0.48018	0.49189	0.48305	0.49265	0.44175	0.47393	0.4717	0.44615	0.48855	0.43704	0.45133	0.46073	0.49784	0.47619	0.4877	0.48529	0.45349	0.46842	0.49237	0.5	0.48289	0.49099	0.4916	0.45532	0.5	0.49537	0.46512	0.475	0.47964	0.46364	0.49558	0.48636	0.41667	0.49282	0.4689	0.46581	0.44643	0.45596	0.49074	0.47791	0.37872	0.46667	0.48117	0.47788	0.45763	0.4532	0.45349	0.4689	0.4878	0.44635	0.48058	0.49744	0.48947	0.46698	0.48815	0.46445	0.43701	0.40933	0.46231	0.47685	0.5	0.47347	0.45306	0.45778	0.49528	0.49099	0.41026	0.48707	0.45133	0.45581	0.48052	0.47706	0.45082	0.47264	0.44601	0.48485	0.48649	0.47556	0.49573	0.42672	0.44541	0.48261	0.48603	0.49758	0.47556	0.47222	0.48954	0.488	0.49004	0.48315	0.46789	0.49554	0.45992	0.48325	0.48945	0.4633	0.46479	0.47442	0.49791	0.47773	0.48357	0.45536	0.46352	0.48858	0.48899	0.48744	0.48815	0.46053	0.46078	0.49763	0.47343	0.48458	0.42534	0.47791	0.43939	0.47541	0.49763	0.47596	0.44161	0.46957	0.48511	0.45175	0.46296	0.46696	0.48819	0.48718	0.48837	0.48309	0.49057	0.4664	0.47393
cell72	0.28431	0.3	0.37143	0.28829	0.36792	0.35088	0.3913	0.33621	0.38889	0.33333	0.33721	0.30841	0.34737	0.29412	0.42708	0.30275	0.37079	0.28049	0.30631	0.38614	0.27103	0.37624	0.32673	0.33708	0.36975	0.34127	0.31633	0.35043	0.38462	0.29204	0.31818	0.25234	0.33333	0.30392	0.38318	0.27381	0.34653	0.33929	0.424	0.36275	0.24742	0.25962	0.37719	0.36066	0.36275	0.31111	0.31683	0.31532	0.33333	0.38793	0.32673	0.24348	0.26957	0.44231	0.27174	0.26214	0.35294	0.38372	0.33636	0.28571	0.31707	0.41758	0.3964	0.32743	0.34746	0.38824	0.36	0.33333	0.26606	0.40187	0.37168	0.33684	0.33654	0.4375	0.33684	0.3	0.28713	0.34021	0.4	0.33333	0.28571	0.31313	0.30833	0.34568	0.34906	0.26168	0.37719	0.28814	0.34821	0.3587	0.30303	0.38318	0.33	0.38947	0.35514	0.30841	0.38318	0.26744	0.37755	0.36607	0.29358	0.34234	0.33913	0.37624	0.34615	0.34737	0.35514	0.23656	0.25275	0.35802	0.32979	0.35849	0.27826	0.26	0.38053	0.39583	0.28704	0.27559	0.36937	0.3964	0.2963	0.31959	0.1875	0.23469	0.3617	0.24742	0.35772	0.29293	0.28125	0.33333	0.31746	0.39773	0.34694	0.41584	0.37975	0.47967	0.4	0.37288	0.44	0.35965	0.24074	0.30357	0.38889	0.33333	0.40816	0.32967	0.35043	0.34314	0.31915	0.31183	0.33684	0.26596	0.34694	0.3871	0.30508	0.40179	0.29213	0.38532	0.30682	0.4087	0.38	0.20755	0.31068	0.36893	0.41304	0.43519	0.42157	0.34615	0.33636	0.34579	0.25234	0.35417	0.35593	0.36538	0.34737	0.39175	0.2973	0.36283	0.35897	0.3	0.32911	0.36559	0.35294	0.37349	0.29412	0.27723	0.31	0.2907	0.30667	0.30275	0.34884	0.32941	0.33684	0.27826	0.34146	0.27885	0.28431	0.31646	0.3	0.31304	0.2449	0.31068	0.35294	0.33962	0.32673	0.31373	0.31776	0.32075	0.30841	0.40179	0.32673	0.34146	0.33913	0.37805	0.26882	0.33333	0.41667	0.35556	0.26437	0.21	0.38571	0.45098	0.36607	0.26263	0.44545	0.31633	0.25641	0.35106	0.3908	0.38318	0.30097	0.2625	0.35238	0.36036	0.2451	0.31532	0.38554	0.33043	0.33051	0.32692	0.30588	0.35789	0.37778	0.41593	0.45833	0.48529	0.45455	0.5	0.43548	0.375	0.47059	0.44444	0.3662	0.49231	0.45455	0.4717	0.47692	0.44286	0.46774	0.44	0.33333	0.45783	0.46377	0.48333	0.40909	0.47945	0.45205	0.4375	0.45122	0.41538	0.47561	0.46875	0.38462	0.45902	0.47143	0.42466	0.44262	0.47458	0.46154	0.41837	0.4557	0.48148	0.34328	0.40909	0.45763	0.5	0.40625	0.38806	0.40506	0.44444	0.43077	0.42373	0.42857	0.46053	0.46269	0.46667	0.40323	0.46154	0.47222	0.48684	0.4878	0.48	0.49057	0.47561	0.44928	0.44156	0.42647	0.40964	0.4878	0.45946	0.47368	0.4125	0.49275	0.49333	0.46914	0.42254	0.41333	0.4902	0.4386	0.46429	0.40541	0.46032	0.48148	0.46552	0.48333	0.48571	0.41429	0.42857	0.46774	0.41509	0.45283	0.47692	0.41558	0.47826	0.475	0.48148	0.39726	0.47059	0.46939	0.48611	0.47692	0.36923	0.30303	0.47692	0.42424	0.43548	0.43333	0.45161	0.47761	0.42254	0.44444	0.47297	0.43662	0.46875	0.46774	0.48485	0.49231	0.49057	0.47222	0.46667	0.45763	0.42029	0.40299	0.45783	0.49367	0.47368	0.46154	0.43077	0.45902	0.41573	0.49315	0.49333	0.48387	0.34286	0.43284	0.32877	0.45833	0.49333	0.41071	0.47541	0.39394	0.4918	0.48214	0.46341	0.32877	0.47222	0.35088	0.49206	0.46753	0.4	0.5	0.46377	0.4	0.4875	0.3871	0.42857	0.49296	0.45205	0.48438	0.48485	0.47692	0.49231	0.49275	0.47436	0.39623	0.44737	0.40984	0.46154	0.43243	0.45833	0.48529	0.40541	0.47297	0.38235	0.4	0.49231	0.46269	0.47887	0.47143	0.40625	0.47692	0.42857	0.46552	0.47692	0.38095	0.40816	0.5	0.46667	0.48214	0.47273	0.46914	0.44828	0.47059	0.47458	0.48611	0.44595	0.49153	0.48529	0.43077	0.44828	0.44776	0.49231	0.325	0.45161	0.48193	0.5	0.48611	0.42857	0.41667	0.44262	0.43421	0.39344	0.41096	0.40845	0.41558	0.47945	0.34286	0.43836	0.43056	0.44304	0.46296	0.46667	0.45588	0.45455	0.47826	0.41538	0.48889	0.49123	0.46154	0.39344	0.4881	0.48052	0.45283	0.43333	0.4902	0.46575	0.5	0.48718	0.5	0.45455	0.49315	0.35088	0.39062	0.48	0.46479	0.45333	0.42029	0.4557	0.49153	0.46377	0.46552	0.48571	0.46479	0.44928	0.39655	0.44068	0.49398	0.42667
cell73	0.43056	0.44444	0.49333	0.42157	0.49367	0.49438	0.47727	0.45161	0.40476	0.46667	0.49438	0.49351	0.48571	0.46237	0.49351	0.36047	0.40404	0.45918	0.48421	0.42424	0.45455	0.46154	0.43038	0.45556	0.39024	0.46067	0.475	0.3956	0.48936	0.45556	0.47872	0.47727	0.40964	0.47	0.44681	0.43023	0.4881	0.48889	0.45783	0.49398	0.48193	0.4697	0.43182	0.47619	0.45455	0.39726	0.47368	0.325	0.30709	0.25564	0.31429	0.26471	0.31469	0.34532	0.33088	0.33884	0.28448	0.28777	0.392	0.2782	0.37815	0.28947	0.33607	0.34815	0.28966	0.35811	0.26923	0.37333	0.36975	0.39098	0.24806	0.36	0.41406	0.29008	0.32432	0.0	0.0	0.0	0.0	0.0	0.0	0.0	0.0	0.0	0.5	0.5	0.5	0.0	0.0	0.0	0.47917	0.48515	0.48052	0.4186	0.49438	0.45361	0.48958	0.47222	0.3913	0.48235	0.4875	0.49425	0.46053	0.46988	0.47126	0.43478	0.39744	0.48235	0.48529	0.46667	0.45455	0.5	0.49333	0.38462	0.48544	0.42169	0.42105	0.41935	0.43333	0.42857	0.42045	0.49462	0.4881	0.45545	0.42529	0.49474	0.46875	0.47115	0.40625	0.46835	0.47059	0.45192	0.4881	0.42857	0.44304	0.4382	0.40659	0.42708	0.41096	0.48352	0.44828	0.48235	0.42353	0.48235	0.45	0.44828	0.46341	0.48421	0.47126	0.46809	0.40476	0.41096	0.45977	0.45098	0.48936	0.37113	0.48684	0.48235	0.43421	0.43662	0.45	0.46154	0.5	0.48936	0.47561	0.44872	0.42169	0.42105	0.49038	0.48039	0.4	0.49275	0.40244	0.47872	0.43902	0.47674	0.43	0.42169	0.38776	0.43056	0.5	0.44048	0.46875	0.45	0.45122	0.5	0.5	0.44318	0.46667	0.49451	0.4507	0.38806	0.40244	0.3617	0.48235	0.48837	0.48454	0.48571	0.49367	0.42169	0.48276	0.37079	0.45098	0.49398	0.48421	0.38889	0.37647	0.39286	0.37313	0.49398	0.45455	0.45652	0.42697	0.45333	0.33803	0.47778	0.49333	0.46591	0.41558	0.49383	0.39344	0.43243	0.48684	0.48837	0.43956	0.43836	0.45238	0.46575	0.44737	0.47368	0.4878	0.42683	0.4898	0.48864	0.40845	0.45783	0.47778	0.42574	0.42857	0.48387	0.46835	0.49438	0.44156	0.42857	0.47525	0.40909	0.41463	0.42	0.45455	0.41758	0.49541	0.4321	0.48276	0.44	0.4	0.4375	0.48837	0.47619	0.45556	0.38356	0.48649	0.45745	0.40789	0.47253	0.43011	0.49351	0.5	0.47619	0.5	0.49315	0.46591	0.5	0.46237	0.47826	0.4875	0.5	0.4898	0.5	0.49315	0.49505	0.42553	0.44776	0.37634	0.47059	0.47674	0.46341	0.4875	0.49425	0.44156	0.37931	0.43011	0.4625	0.44444	0.49412	0.44872	0.38393	0.47917	0.45238	0.48193	0.44898	0.47674	0.46	0.44828	0.38298	0.44706	0.42857	0.45745	0.4486	0.47423	0.47561	0.44444	0.47872	0.45455	0.48193	0.46377	0.49425	0.48276	0.44186	0.4881	0.5	0.47959	0.42857	0.44048	0.44286	0.5	0.43662	0.42697	0.41379	0.48454	0.44286	0.44048	0.48315	0.49474	0.48544	0.45122	0.39286	0.48544	0.44444	0.36471	0.46739	0.47619	0.5	0.47191	0.49383	0.47619	0.48684	0.45	0.48148	0.42466	0.45977	0.44048	0.48421	0.42857	0.5	0.42857	0.47423	0.45	0.42683	0.4625	0.5	0.39744	0.47253	0.5	0.44186	0.46753	0.46835	0.40449	0.49351	0.44444	0.48958	0.46512	0.41772	0.475	0.49383	0.48889	0.49398	0.47727	0.44706	0.47059	0.31507	0.46939	0.46316	0.45055	0.5	0.49367	0.48529	0.5	0.48913	0.46053	0.4	0.45783	0.46341	0.48936	0.47945	0.29268	0.5	0.48958	0.45714	0.47143	0.46479	0.43	0.48515	0.48421	0.44578	0.4625	0.46154	0.44286	0.46429	0.44792	0.46988	0.46341	0.46154	0.47436	0.45122	0.45349	0.4625	0.4557	0.44578	0.36782	0.46667	0.47222	0.45977	0.4878	0.46154	0.47191	0.4881	0.39583	0.45122	0.45238	0.45	0.46914	0.43836	0.48	0.4878	0.41558	0.5	0.45977	0.44872	0.44048	0.425	0.48235	0.47872	0.46575	0.45588	0.40789	0.49451	0.3587	0.43333	0.45238	0.48684	0.49333	0.45556	0.38043	0.49383	0.43333	0.4	0.49451	0.39474	0.45455	0.45349	0.47436	0.43038	0.4697	0.48649	0.45055	0.46512	0.47674	0.46053	0.4881	0.48193	0.48837	0.47	0.5	0.47619	0.46988	0.4625	0.44	0.46154	0.49412	0.34043	0.48718	0.47059	0.46341	0.46154	0.46809	0.48544	0.45652	0.42553	0.47778	0.47561	0.49398	0.47727	0.40426	0.40741	0.45977	0.42466	0.47727	0.40278
cell74	0.36364	0.37063	0.25146	0.3494	0.30387	0.4	0.32716	0.3169	0.31788	0.22581	0.37063	0.32026	0.36735	0.26786	0.30573	0.39655	0.33758	0.36667	0.33544	0.32353	0.275	0.31429	0.30714	0.30519	0.33962	0.31818	0.30872	0.31122	0.42675	0.38462	0.38158	0.25749	0.3432	0.33125	0.33136	0.3743	0.36517	0.375	0.36066	0.34545	0.27907	0.37158	0.29545	0.27528	0.35606	0.34302	0.26471	0.37349	0.37267	0.24224	0.22619	0.31056	0.37725	0.34395	0.35119	0.30588	0.3432	0.36552	0.27273	0.32044	0.328	0.30636	0.36095	0.36957	0.32353	0.33333	0.38012	0.34118	0.34302	0.30588	0.35625	0.3609	0.28571	0.29801	0.3352	0.39394	0.28902	0.35714	0.38728	0.31169	0.36667	0.33908	0.3401	0.31884	0.35526	0.35461	0.32911	0.3869	0.34337	0.275	0.39865	0.39865	0.33133	0.33077	0.30345	0.32484	0.41358	0.33333	0.32836	0.30573	0.36782	0.29114	0.28859	0.32749	0.2994	0.3481	0.33702	0.26708	0.36709	0.36207	0.37342	0.32026	0.34756	0.28889	0.39726	0.32051	0.31351	0.31034	0.33333	0.36932	0.37195	0.30488	0.33537	0.31765	0.33544	0.45122	0.38854	0.24699	0.33333	0.29221	0.3314	0.38509	0.3253	0.35	0.32895	0.41916	0.38129	0.26627	0.3642	0.33121	0.33898	0.34	0.34839	0.35099	0.30556	0.37086	0.34266	0.3253	0.33898	0.33121	0.35971	0.34899	0.30061	0.32331	0.39884	0.33784	0.31944	0.31507	0.32877	0.30357	0.35152	0.30588	0.34615	0.37419	0.28652	0.35329	0.25786	0.25	0.33962	0.34783	0.28777	0.39161	0.40541	0.36129	0.31013	0.33526	0.32609	0.37736	0.33721	0.36306	0.29134	0.29448	0.30189	0.33529	0.37267	0.32394	0.28378	0.31034	0.38251	0.30464	0.29932	0.28481	0.375	0.29703	0.39474	0.32394	0.32051	0.35115	0.34343	0.29487	0.36879	0.28481	0.3869	0.35795	0.40667	0.38158	0.32584	0.30233	0.38	0.26966	0.35088	0.32759	0.31638	0.31944	0.33333	0.28758	0.3481	0.33784	0.32738	0.34831	0.37662	0.4	0.3245	0.42029	0.36842	0.33566	0.35838	0.35556	0.31667	0.32759	0.4183	0.34706	0.25	0.37278	0.36232	0.36782	0.33533	0.38922	0.31081	0.3125	0.33562	0.29167	0.32	0.32414	0.45	0.49515	0.49541	0.472	0.46667	0.48246	0.43878	0.48148	0.49123	0.44681	0.38393	0.4	0.48077	0.45098	0.49	0.44578	0.47423	0.49515	0.47863	0.49107	0.48101	0.49123	0.47899	0.4433	0.49367	0.46078	0.45669	0.49123	0.45545	0.43902	0.46809	0.48544	0.47423	0.48485	0.42708	0.48485	0.46535	0.46739	0.46429	0.43478	0.5	0.44144	0.46903	0.40206	0.44828	0.41026	0.46667	0.41818	0.48182	0.45614	0.47059	0.4466	0.46957	0.4375	0.4322	0.5	0.475	0.38	0.46809	0.48673	0.456	0.5	0.48	0.4569	0.49495	0.48214	0.42056	0.47959	0.49057	0.47009	0.48739	0.45714	0.34884	0.46729	0.45098	0.46835	0.43269	0.42574	0.48696	0.45763	0.4	0.44	0.4958	0.46067	0.47059	0.43689	0.47788	0.49515	0.4466	0.48529	0.47244	0.49194	0.44762	0.49107	0.46809	0.41414	0.43434	0.5	0.425	0.48276	0.46739	0.42623	0.49515	0.48529	0.5	0.40179	0.48148	0.49138	0.48077	0.45536	0.44681	0.45882	0.48485	0.48544	0.48624	0.44048	0.43	0.49438	0.49107	0.44762	0.49593	0.41176	0.48913	0.45714	0.46512	0.47619	0.41509	0.42667	0.4434	0.37273	0.45192	0.49	0.46429	0.48315	0.31183	0.46591	0.47967	0.40404	0.4023	0.49515	0.47872	0.48571	0.40385	0.49495	0.43802	0.40541	0.47059	0.43689	0.5	0.46739	0.40541	0.43564	0.45669	0.40594	0.49367	0.48214	0.46739	0.41463	0.41441	0.48544	0.37864	0.45631	0.47573	0.48649	0.46774	0.47115	0.46018	0.48333	0.48421	0.40984	0.49425	0.44248	0.47573	0.42718	0.47191	0.49533	0.45113	0.47573	0.48544	0.48305	0.44167	0.46465	0.47321	0.44954	0.45714	0.47222	0.49383	0.43564	0.48039	0.49123	0.45833	0.43564	0.47009	0.4252	0.48624	0.49485	0.43243	0.49107	0.45714	0.43636	0.40196	0.45098	0.42975	0.41237	0.40171	0.46939	0.46774	0.46729	0.46875	0.48515	0.43023	0.48515	0.44681	0.49474	0.48077	0.45946	0.42202	0.46226	0.49462	0.5	0.47826	0.40206	0.49505	0.42991	0.46552	0.49558	0.47273	0.49138	0.48421	0.47917	0.47917	0.45	0.49091	0.47126	0.49074	0.45946	0.46429	0.46602	0.43103	0.4958	0.47059	0.48718	0.45794	0.47863	0.47706	0.43564	0.42	0.4902	0.48421	0.5	0.44348	0.4661	0.49219	0.47706
cell75	0.33051	0.34348	0.32787	0.33333	0.34848	0.30435	0.28571	0.32189	0.29167	0.35985	0.38095	0.33071	0.31878	0.39744	0.31034	0.32456	0.34348	0.41525	0.36245	0.37917	0.33195	0.3029	0.33051	0.33906	0.33603	0.2562	0.26407	0.31707	0.34599	0.32889	0.31739	0.32051	0.31707	0.30686	0.33333	0.29839	0.35938	0.30734	0.30342	0.30483	0.34934	0.32124	0.3114	0.30172	0.27519	0.35043	0.29577	0.33878	0.28502	0.3083	0.32296	0.2686	0.30075	0.35366	0.34091	0.3066	0.32099	0.34529	0.36404	0.38298	0.30928	0.30594	0.34524	0.31687	0.3444	0.31839	0.29832	0.32068	0.37118	0.35683	0.3373	0.33617	0.34231	0.3625	0.33	0.30165	0.33047	0.29515	0.30612	0.34322	0.28708	0.32468	0.3463	0.325	0.23894	0.3494	0.33175	0.32296	0.37273	0.32456	0.35065	0.29384	0.3399	0.30901	0.32661	0.36604	0.3035	0.33333	0.32456	0.26562	0.31765	0.38326	0.35071	0.33058	0.36889	0.31416	0.38017	0.31076	0.32243	0.35135	0.30418	0.26357	0.38756	0.36842	0.34454	0.34034	0.3405	0.36538	0.33468	0.36226	0.34677	0.41245	0.329	0.31048	0.32864	0.34432	0.30496	0.37931	0.34322	0.35526	0.37083	0.3913	0.36735	0.28755	0.26639	0.27706	0.37066	0.32917	0.30093	0.3038	0.3083	0.35081	0.36493	0.30457	0.32432	0.33636	0.32444	0.35223	0.3037	0.375	0.33061	0.31858	0.37118	0.26316	0.31667	0.34836	0.32857	0.32946	0.34928	0.2839	0.34191	0.32627	0.34553	0.34667	0.30962	0.27083	0.29412	0.28509	0.37218	0.27434	0.27843	0.34717	0.34634	0.34387	0.28251	0.33948	0.36327	0.292	0.364	0.32407	0.32143	0.35433	0.26923	0.32895	0.30894	0.32456	0.30328	0.37405	0.33205	0.33992	0.32075	0.32456	0.29528	0.325	0.27363	0.35	0.38362	0.329	0.31984	0.31518	0.31556	0.33486	0.28571	0.32308	0.33469	0.32773	0.34201	0.34902	0.32353	0.32489	0.33333	0.30943	0.33475	0.34538	0.33491	0.29044	0.33981	0.31222	0.37339	0.33891	0.33333	0.27572	0.33945	0.33621	0.29861	0.33014	0.31923	0.32328	0.3012	0.33579	0.3374	0.36797	0.32313	0.34286	0.31076	0.33865	0.3551	0.34211	0.30556	0.34222	0.32035	0.3516	0.37143	0.29958	0.49693	0.45205	0.43478	0.40123	0.47458	0.44311	0.48276	0.44767	0.4908	0.48276	0.44048	0.49342	0.46259	0.43407	0.45775	0.4759	0.45745	0.44643	0.43931	0.49708	0.49383	0.45455	0.47853	0.5	0.47097	0.47468	0.4875	0.46541	0.45912	0.46429	0.4717	0.48	0.44785	0.48299	0.38596	0.49189	0.42781	0.46277	0.4586	0.43976	0.49673	0.49306	0.44595	0.44218	0.48227	0.47059	0.45	0.45	0.42767	0.46377	0.43448	0.47561	0.44118	0.4878	0.45833	0.4589	0.4589	0.4698	0.48193	0.48214	0.46667	0.47222	0.49655	0.45876	0.48101	0.44375	0.46988	0.48966	0.48214	0.49306	0.43506	0.48649	0.47097	0.43671	0.46377	0.45385	0.4898	0.4507	0.48503	0.46259	0.45614	0.46875	0.5	0.49655	0.44444	0.49007	0.48193	0.47541	0.46341	0.49444	0.48901	0.49425	0.48876	0.48066	0.47239	0.45695	0.47518	0.44751	0.4593	0.45098	0.47879	0.46914	0.42038	0.46923	0.42484	0.47337	0.43609	0.47849	0.45062	0.47134	0.46203	0.47531	0.46104	0.49677	0.45517	0.4702	0.44595	0.48765	0.48701	0.48125	0.48765	0.46512	0.49333	0.46715	0.46104	0.47561	0.43646	0.49315	0.47904	0.42857	0.48361	0.49112	0.49704	0.47205	0.42857	0.48148	0.42405	0.5	0.47887	0.48619	0.48	0.45198	0.41714	0.45783	0.48	0.45238	0.45763	0.45732	0.44375	0.49265	0.48951	0.45562	0.48765	0.48101	0.49682	0.46565	0.47802	0.42781	0.49432	0.46753	0.425	0.44898	0.44199	0.46591	0.48966	0.45882	0.44737	0.48485	0.45695	0.48352	0.40945	0.44667	0.46857	0.48299	0.47328	0.49286	0.49724	0.48344	0.47826	0.48299	0.49669	0.48322	0.48408	0.49143	0.45455	0.4	0.5	0.49162	0.4717	0.49045	0.41875	0.43046	0.5	0.47771	0.47059	0.48555	0.48299	0.46707	0.48921	0.46405	0.47799	0.46341	0.47126	0.40881	0.49412	0.45695	0.48936	0.46629	0.49265	0.46951	0.45	0.48193	0.48128	0.49068	0.45985	0.47742	0.48734	0.4491	0.42	0.45912	0.48795	0.45625	0.49682	0.4303	0.4939	0.45455	0.48352	0.49133	0.43624	0.49693	0.43226	0.49383	0.48951	0.42969	0.4589	0.39189	0.48125	0.43307	0.46575	0.47682	0.4966	0.49673	0.44099	0.45349	0.46405	0.48408	0.46061	0.4586	0.46893	0.48611	0.46667	0.46853	0.46429	0.47929
cell76	0.31111	0.41667	0.32323	0.37838	0.30645	0.45833	0.2807	0.33962	0.28302	0.24762	0.29907	0.32075	0.3	0.25	0.37	0.30108	0.33333	0.28431	0.27451	0.32143	0.27184	0.34545	0.32773	0.27184	0.27957	0.32258	0.28	0.38542	0.32653	0.27358	0.33019	0.26596	0.26957	0.26016	0.28205	0.34545	0.38776	0.27027	0.30556	0.37288	0.46237	0.29897	0.408	0.36735	0.33945	0.36036	0.35165	0.4188	0.34653	0.38532	0.31897	0.29921	0.42177	0.34862	0.32143	0.39823	0.37895	0.28455	0.33333	0.33028	0.27885	0.32222	0.36207	0.25962	0.37143	0.28571	0.34	0.23469	0.32979	0.30973	0.33043	0.3211	0.24242	0.35106	0.38835	0.36735	0.29474	0.35484	0.31034	0.30476	0.34286	0.37143	0.25	0.23333	0.29907	0.34862	0.2561	0.2807	0.26923	0.33628	0.35227	0.35714	0.37778	0.39394	0.32632	0.31	0.39252	0.344	0.34483	0.33645	0.35135	0.30833	0.33962	0.36283	0.26087	0.3619	0.33333	0.37234	0.35714	0.4	0.35398	0.28947	0.36522	0.39252	0.37607	0.31313	0.32031	0.28155	0.30909	0.36066	0.39796	0.31429	0.29661	0.25833	0.29078	0.32479	0.29524	0.33981	0.32624	0.33663	0.3871	0.2963	0.34211	0.37288	0.3617	0.30189	0.3299	0.33929	0.29412	0.31313	0.35577	0.30693	0.38372	0.38793	0.29293	0.32609	0.36538	0.36893	0.30769	0.2381	0.34783	0.36937	0.40909	0.44186	0.36842	0.31624	0.29412	0.36522	0.29885	0.28125	0.33333	0.29592	0.29565	0.31183	0.30508	0.36441	0.35789	0.33051	0.33607	0.36607	0.2963	0.40187	0.27434	0.32039	0.37374	0.32479	0.35514	0.29839	0.38261	0.30841	0.28696	0.41509	0.30841	0.26214	0.34906	0.35537	0.375	0.24786	0.28235	0.31304	0.29907	0.32773	0.31034	0.35088	0.27907	0.30392	0.33929	0.32692	0.30526	0.31092	0.34286	0.30952	0.28319	0.23077	0.3945	0.28972	0.35088	0.23853	0.41441	0.28182	0.34021	0.27368	0.34737	0.36458	0.25263	0.28829	0.26966	0.38043	0.36667	0.34951	0.33735	0.2931	0.28866	0.27273	0.32759	0.30612	0.2562	0.36842	0.29	0.25	0.39316	0.39024	0.2906	0.30973	0.29293	0.36667	0.28421	0.29032	0.31132	0.41748	0.32039	0.35714	0.28571	0.35965	0.46053	0.5	0.45312	0.47619	0.44615	0.37037	0.36986	0.42647	0.48684	0.47826	0.47561	0.425	0.40278	0.34286	0.44	0.39394	0.46341	0.4023	0.44186	0.49438	0.44304	0.47222	0.39344	0.48529	0.46032	0.4321	0.36905	0.4	0.39286	0.44118	0.44262	0.46341	0.47826	0.48529	0.42029	0.48718	0.44286	0.44	0.47059	0.48315	0.44828	0.49333	0.49231	0.43373	0.43103	0.49231	0.49206	0.45312	0.42029	0.5	0.47458	0.48052	0.46269	0.48438	0.4507	0.46914	0.35821	0.44286	0.46154	0.44444	0.49367	0.43902	0.48611	0.44	0.43056	0.43617	0.44304	0.475	0.48649	0.49333	0.49296	0.46914	0.41176	0.40426	0.46552	0.47826	0.47126	0.44872	0.48438	0.46479	0.49351	0.36508	0.49296	0.40984	0.46479	0.46988	0.4125	0.41975	0.48936	0.45833	0.49123	0.46914	0.41463	0.47436	0.45783	0.5	0.46667	0.4875	0.47887	0.43284	0.5	0.44776	0.46429	0.43373	0.45946	0.48276	0.4375	0.49315	0.475	0.4697	0.45679	0.49383	0.46479	0.4697	0.46296	0.45588	0.49254	0.46154	0.42667	0.48193	0.45455	0.475	0.48052	0.47541	0.48101	0.43038	0.48438	0.47619	0.48101	0.39506	0.42857	0.45	0.4	0.49315	0.41538	0.44048	0.47887	0.46835	0.48193	0.4625	0.47761	0.49296	0.4026	0.45679	0.49275	0.5	0.49296	0.47727	0.45588	0.44231	0.47826	0.39706	0.47619	0.5	0.46377	0.41176	0.4375	0.46032	0.41176	0.45763	0.45455	0.44444	0.43333	0.45205	0.46591	0.45455	0.48718	0.5	0.46154	0.45745	0.5	0.38356	0.44118	0.48571	0.45	0.42373	0.5	0.40323	0.5	0.48571	0.41176	0.5	0.47619	0.45122	0.46429	0.43902	0.45161	0.47297	0.44262	0.49231	0.47761	0.42647	0.49315	0.45361	0.45833	0.44068	0.47887	0.38961	0.48101	0.46479	0.42308	0.41667	0.45946	0.4375	0.41791	0.4697	0.49315	0.39062	0.46479	0.43836	0.5	0.36486	0.41111	0.42	0.44776	0.4878	0.49333	0.45588	0.39241	0.39474	0.48148	0.49275	0.42466	0.41558	0.47945	0.40845	0.47368	0.43902	0.43243	0.46667	0.31667	0.47619	0.48485	0.47436	0.45833	0.49315	0.47887	0.47826	0.38806	0.48529	0.48387	0.41509	0.44156	0.46512	0.47458	0.4697	0.45588	0.3875	0.48421	0.40741	0.46269	0.46875	0.36585	0.47887
cell77	0.26786	0.32192	0.3931	0.28689	0.36066	0.28889	0.40441	0.35652	0.32558	0.34646	0.28777	0.3985	0.31193	0.32624	0.29508	0.29412	0.33566	0.30645	0.34965	0.31206	0.29496	0.36567	0.30709	0.32895	0.35385	0.34028	0.36585	0.30345	0.30065	0.29771	0.40171	0.25984	0.29688	0.33083	0.3375	0.28276	0.31206	0.32374	0.27344	0.37857	0.35246	0.38211	0.35461	0.33094	0.38571	0.42478	0.35514	0.41538	0.325	0.35556	0.42	0.3037	0.34559	0.34266	0.30769	0.3629	0.30952	0.26119	0.35484	0.29545	0.31746	0.31538	0.48408	0.325	0.33333	0.26562	0.38816	0.39474	0.35484	0.28462	0.29134	0.39669	0.36429	0.36986	0.32456	0.31304	0.36585	0.33083	0.272	0.32727	0.34783	0.34783	0.37838	0.4	0.4	0.31538	0.34677	0.36667	0.3629	0.29286	0.38961	0.33566	0.32867	0.34815	0.28058	0.34722	0.32308	0.36567	0.32308	0.32192	0.38667	0.35211	0.36066	0.3937	0.2803	0.37671	0.34437	0.39189	0.36842	0.3252	0.3986	0.34307	0.27559	0.38739	0.28571	0.39831	0.25806	0.27586	0.41935	0.37143	0.39231	0.36641	0.3169	0.33333	0.32	0.35	0.37415	0.29921	0.33088	0.3913	0.35659	0.30709	0.33121	0.32283	0.29752	0.37762	0.35659	0.31579	0.30275	0.39062	0.33333	0.36434	0.33824	0.26573	0.34188	0.32812	0.40336	0.34109	0.31618	0.33846	0.35294	0.33784	0.40559	0.3758	0.33071	0.31667	0.34167	0.33333	0.38655	0.27419	0.34459	0.36196	0.36879	0.32836	0.23134	0.31933	0.29655	0.35172	0.33071	0.29412	0.34667	0.36923	0.39496	0.32847	0.30645	0.22628	0.33571	0.28571	0.31677	0.39474	0.36364	0.32061	0.3254	0.33566	0.35252	0.28571	0.35606	0.384	0.36	0.30882	0.31111	0.35484	0.31884	0.31343	0.29661	0.37594	0.29032	0.30464	0.34167	0.30822	0.31818	0.26724	0.38095	0.38519	0.375	0.33058	0.32515	0.38889	0.41228	0.41667	0.31884	0.33083	0.38849	0.35	0.3609	0.34507	0.33871	0.30709	0.30645	0.35862	0.37879	0.27586	0.328	0.3622	0.36667	0.33898	0.30345	0.33824	0.24306	0.32	0.29752	0.39024	0.26119	0.31544	0.28169	0.35294	0.36364	0.32624	0.33065	0.33333	0.35385	0.32117	0.29134	0.33333	0.47368	0.47059	0.4875	0.49351	0.48421	0.44037	0.45652	0.48864	0.49398	0.5	0.43158	0.41441	0.47778	0.47115	0.40698	0.44792	0.48101	0.45	0.4507	0.4881	0.49462	0.39535	0.48454	0.40816	0.45349	0.44762	0.48	0.48101	0.47872	0.41667	0.49	0.40698	0.48421	0.5	0.5	0.4958	0.46667	0.48193	0.48598	0.47423	0.47573	0.45763	0.47826	0.47312	0.48485	0.48515	0.4026	0.43299	0.48889	0.44086	0.47674	0.47573	0.49412	0.48718	0.41667	0.43902	0.48235	0.46237	0.47059	0.45745	0.47126	0.44954	0.47674	0.4625	0.43529	0.46465	0.46667	0.42857	0.46154	0.42391	0.46789	0.47778	0.45946	0.47619	0.48421	0.46053	0.43678	0.48515	0.44681	0.45714	0.47727	0.5	0.42529	0.5	0.48193	0.46939	0.48387	0.47475	0.44118	0.45745	0.46078	0.47253	0.38356	0.48235	0.48438	0.47872	0.41975	0.43038	0.44444	0.5	0.49495	0.45455	0.48485	0.36	0.39024	0.45122	0.46429	0.49333	0.47253	0.41935	0.5	0.46875	0.47778	0.47143	0.475	0.49425	0.49412	0.45652	0.4	0.45192	0.4898	0.45455	0.34831	0.46512	0.42045	0.46154	0.46392	0.42647	0.375	0.4382	0.49425	0.49558	0.4902	0.47	0.5	0.425	0.47423	0.39773	0.47475	0.42857	0.42308	0.48571	0.41584	0.44681	0.4881	0.46067	0.48352	0.46316	0.47959	0.43478	0.46774	0.47945	0.42353	0.44898	0.48387	0.47727	0.42391	0.48101	0.43023	0.38889	0.48864	0.44231	0.48864	0.47191	0.43158	0.48101	0.48101	0.42391	0.45556	0.49091	0.43902	0.49524	0.5	0.475	0.3875	0.4023	0.48315	0.4881	0.46364	0.47917	0.37349	0.44186	0.43158	0.40206	0.45977	0.46835	0.5	0.46377	0.45	0.45	0.46154	0.46939	0.4881	0.48913	0.47312	0.45545	0.43529	0.39	0.4086	0.47059	0.44444	0.46535	0.49038	0.44944	0.48936	0.43678	0.48958	0.425	0.44578	0.41379	0.46667	0.47312	0.48889	0.47778	0.46364	0.45192	0.44186	0.44737	0.49275	0.44318	0.4625	0.35897	0.43617	0.45205	0.46364	0.47475	0.47872	0.40659	0.47778	0.4625	0.46914	0.4878	0.40449	0.4186	0.46809	0.48598	0.48649	0.4433	0.49367	0.46739	0.46667	0.45055	0.48193	0.45263	0.4375	0.47143	0.5	0.39506	0.47727	0.47917	0.45745	0.48958	0.44643	0.44554
cell78	0.33333	0.32653	0.3641	0.35821	0.27374	0.31959	0.33514	0.33696	0.31868	0.3445	0.4186	0.31088	0.33533	0.38624	0.32143	0.40816	0.27168	0.30588	0.2766	0.40351	0.3399	0.32749	0.25466	0.29508	0.35897	0.36872	0.25904	0.37566	0.35632	0.34239	0.34286	0.41954	0.32828	0.36937	0.38798	0.35294	0.32487	0.30556	0.32683	0.34356	0.30519	0.34375	0.3022	0.30688	0.33679	0.30542	0.38983	0.39766	0.33908	0.35079	0.32086	0.35714	0.29167	0.30769	0.31737	0.3526	0.33846	0.39459	0.3	0.31746	0.3375	0.32749	0.32663	0.25904	0.29798	0.31126	0.35028	0.34409	0.35754	0.28788	0.32044	0.3869	0.34409	0.35758	0.37714	0.28125	0.39583	0.37778	0.28497	0.28877	0.27179	0.36224	0.32719	0.34783	0.29487	0.34416	0.36364	0.29851	0.34536	0.37368	0.32683	0.26437	0.37662	0.32749	0.32955	0.30108	0.34132	0.32727	0.33714	0.4	0.31282	0.33113	0.39766	0.4011	0.33939	0.31737	0.3352	0.40838	0.33113	0.35976	0.38068	0.31579	0.34146	0.31953	0.315	0.25749	0.35043	0.35176	0.32749	0.31004	0.4	0.38889	0.31579	0.25269	0.37433	0.38889	0.40107	0.36842	0.38068	0.35556	0.34463	0.30256	0.36517	0.36923	0.29016	0.29878	0.37363	0.33526	0.35938	0.36224	0.38974	0.3494	0.35079	0.34595	0.33898	0.31551	0.32738	0.39891	0.3401	0.32796	0.36646	0.32632	0.35676	0.34807	0.25263	0.35754	0.35172	0.36667	0.32692	0.3354	0.3122	0.26946	0.30208	0.30729	0.29474	0.34783	0.35263	0.28655	0.35593	0.33155	0.30178	0.28571	0.28866	0.32143	0.24096	0.26178	0.32571	0.34759	0.30085	0.31902	0.35754	0.35638	0.31217	0.33184	0.32222	0.31818	0.37778	0.35669	0.33505	0.26994	0.31548	0.34807	0.35789	0.33617	0.41615	0.29348	0.34392	0.40741	0.36517	0.36634	0.38172	0.31548	0.29319	0.37356	0.37569	0.34518	0.36548	0.33333	0.31765	0.25882	0.32984	0.37912	0.28662	0.32804	0.36111	0.30102	0.32105	0.4023	0.39683	0.35484	0.31361	0.36111	0.36458	0.33679	0.38356	0.33939	0.36747	0.34911	0.34975	0.31818	0.3388	0.31319	0.3237	0.27273	0.35882	0.37097	0.32597	0.33333	0.34132	0.32178	0.34783	0.34807	0.28351	0.33641	0.43609	0.48361	0.49123	0.46341	0.44615	0.4539	0.46591	0.48819	0.47414	0.4958	0.48246	0.44628	0.49573	0.41129	0.48413	0.46364	0.49635	0.47581	0.48031	0.40678	0.45872	0.5	0.44643	0.41176	0.49153	0.41791	0.44068	0.47959	0.43382	0.43307	0.42963	0.43925	0.44828	0.47788	0.49057	0.45775	0.47619	0.47692	0.39496	0.47748	0.49587	0.46154	0.41379	0.47899	0.46552	0.49206	0.44186	0.48	0.39024	0.4878	0.48077	0.496	0.48077	0.48454	0.46721	0.4375	0.48462	0.49231	0.45	0.48276	0.49074	0.42609	0.45614	0.45133	0.47154	0.47328	0.45	0.4434	0.45378	0.46923	0.44118	0.49524	0.46429	0.5	0.44531	0.48387	0.45217	0.44545	0.47107	0.49153	0.42105	0.42857	0.44628	0.42982	0.46622	0.45283	0.49618	0.46203	0.49074	0.46479	0.47328	0.48276	0.48252	0.48148	0.44167	0.48529	0.43564	0.46018	0.43519	0.47619	0.47826	0.38462	0.47934	0.47581	0.45556	0.48305	0.38938	0.47154	0.47899	0.4812	0.42982	0.5	0.47934	0.49138	0.46939	0.40909	0.496	0.47328	0.49587	0.44615	0.49242	0.46903	0.496	0.47748	0.49505	0.41176	0.48214	0.43269	0.46825	0.45	0.47727	0.48571	0.40517	0.45133	0.5	0.4359	0.48276	0.46154	0.40741	0.44628	0.45378	0.44286	0.48696	0.45299	0.49123	0.46457	0.42537	0.46377	0.46903	0.43307	0.46218	0.48113	0.43511	0.44882	0.45	0.47917	0.47059	0.49167	0.44444	0.45614	0.46087	0.44715	0.43478	0.44167	0.344	0.5	0.49533	0.43846	0.49206	0.48529	0.45652	0.45378	0.41964	0.4434	0.43396	0.43363	0.5	0.4	0.4466	0.472	0.48855	0.44828	0.46721	0.46154	0.49038	0.4918	0.43651	0.49167	0.49057	0.42308	0.45872	0.472	0.45455	0.49123	0.49219	0.47863	0.4434	0.46957	0.4359	0.46565	0.44262	0.44961	0.43651	0.47788	0.45161	0.44954	0.4	0.48252	0.46552	0.49123	0.47656	0.45082	0.4964	0.44186	0.375	0.44248	0.47107	0.48837	0.49123	0.48951	0.47273	0.45455	0.41803	0.48936	0.42105	0.4958	0.44348	0.4726	0.4381	0.41379	0.48182	0.4375	0.4697	0.43925	0.43571	0.41667	0.48649	0.45299	0.43434	0.47458	0.48031	0.44444	0.48462	0.46032	0.49485	0.42202	0.44792	0.46309	0.4	0.48649	0.5	0.48361	0.47015	0.47328
cell79	0.31677	0.3	0.30189	0.32973	0.31646	0.35099	0.34503	0.35849	0.27007	0.30864	0.34395	0.35429	0.38411	0.37209	0.2659	0.40141	0.32955	0.3662	0.30612	0.31677	0.29255	0.35088	0.34426	0.37297	0.32759	0.27976	0.33117	0.375	0.2663	0.34043	0.28834	0.36076	0.33333	0.35567	0.29121	0.41615	0.25824	0.35758	0.35461	0.31667	0.3141	0.38037	0.34503	0.32143	0.25926	0.30657	0.31544	0.35897	0.27778	0.37634	0.37342	0.30964	0.40361	0.3494	0.36585	0.30409	0.31902	0.32919	0.39216	0.31818	0.3522	0.34437	0.37566	0.35252	0.33714	0.3169	0.30719	0.36517	0.36913	0.34483	0.3931	0.40972	0.39333	0.32515	0.40719	0.32184	0.37879	0.32919	0.37778	0.30994	0.34286	0.30818	0.34737	0.34286	0.36735	0.26163	0.34194	0.33333	0.30625	0.33735	0.3314	0.33846	0.32203	0.36646	0.25949	0.36686	0.33793	0.35758	0.3268	0.26705	0.29444	0.39041	0.30573	0.34694	0.3253	0.32704	0.35976	0.32609	0.34078	0.32692	0.32203	0.35593	0.33553	0.34375	0.28495	0.30323	0.38636	0.32484	0.30986	0.30114	0.32941	0.33333	0.3697	0.32632	0.325	0.3787	0.33333	0.30719	0.30114	0.375	0.34459	0.37017	0.32961	0.31073	0.28986	0.34756	0.39521	0.35227	0.31579	0.34545	0.31325	0.33962	0.3432	0.40964	0.30675	0.32121	0.40476	0.30519	0.31148	0.325	0.35443	0.30682	0.31056	0.35849	0.31492	0.33152	0.36129	0.37576	0.34074	0.3037	0.28796	0.2622	0.26627	0.37059	0.35032	0.38235	0.39865	0.31156	0.31138	0.40397	0.31792	0.31056	0.27711	0.3354	0.32593	0.31953	0.35366	0.32759	0.31522	0.32609	0.40136	0.39053	0.27737	0.31214	0.34503	0.37037	0.30508	0.35443	0.39286	0.3125	0.33333	0.29787	0.33766	0.37156	0.29375	0.35366	0.36129	0.34722	0.33333	0.32919	0.30435	0.36842	0.31788	0.31481	0.30128	0.375	0.32927	0.25568	0.28788	0.35976	0.3481	0.29801	0.27647	0.37838	0.32716	0.30357	0.35028	0.38462	0.36735	0.33333	0.26846	0.34239	0.35811	0.37059	0.3697	0.29412	0.37342	0.27338	0.34568	0.29327	0.37158	0.34667	0.39766	0.30542	0.26282	0.29518	0.37086	0.3237	0.36145	0.31646	0.35404	0.28571	0.29487	0.36898	0.41121	0.43697	0.45455	0.38281	0.49074	0.49565	0.43878	0.49123	0.49057	0.46535	0.47664	0.46237	0.37383	0.5	0.49474	0.46154	0.41053	0.44715	0.46364	0.45918	0.43956	0.40909	0.48276	0.46903	0.4537	0.472	0.46763	0.448	0.46491	0.48352	0.49	0.46154	0.4661	0.47917	0.4537	0.49593	0.45283	0.44118	0.48077	0.44068	0.47059	0.47656	0.4434	0.45714	0.496	0.49167	0.45455	0.42991	0.46721	0.5	0.45614	0.46429	0.49612	0.41818	0.41837	0.38144	0.5	0.46667	0.49565	0.46602	0.46825	0.43243	0.46296	0.47541	0.49505	0.46218	0.47706	0.37391	0.44444	0.49	0.45536	0.46847	0.44037	0.48	0.45528	0.43137	0.47967	0.43103	0.40594	0.47423	0.49612	0.4322	0.49	0.47321	0.45522	0.48696	0.47253	0.47619	0.4569	0.46715	0.48361	0.48361	0.44248	0.47368	0.475	0.44	0.38776	0.47541	0.45968	0.44231	0.44068	0.46226	0.475	0.42718	0.45794	0.46602	0.4382	0.45946	0.42718	0.5	0.4537	0.44444	0.48182	0.44086	0.41667	0.46018	0.46392	0.46667	0.43966	0.47959	0.488	0.41111	0.48438	0.3619	0.47619	0.46565	0.5	0.48485	0.37383	0.43689	0.46602	0.48333	0.45802	0.45631	0.39806	0.47581	0.43478	0.47115	0.43	0.43925	0.5	0.44915	0.43137	0.42593	0.46667	0.48454	0.49091	0.49074	0.44554	0.46316	0.48718	0.40777	0.44444	0.46465	0.49541	0.45455	0.47619	0.46018	0.43	0.4958	0.45122	0.48	0.48039	0.46465	0.47475	0.49167	0.49565	0.45902	0.48958	0.42308	0.42683	0.48387	0.46914	0.4717	0.39623	0.47059	0.45794	0.47573	0.42553	0.40952	0.41	0.49451	0.48333	0.48413	0.37234	0.39024	0.48889	0.48148	0.475	0.39252	0.44118	0.49558	0.49565	0.45133	0.42424	0.47706	0.49515	0.47475	0.40777	0.39655	0.432	0.49524	0.42353	0.46341	0.48333	0.46392	0.45918	0.48077	0.48718	0.45455	0.375	0.46392	0.44262	0.49533	0.42857	0.47934	0.4569	0.38318	0.48214	0.42157	0.46018	0.42424	0.47059	0.5	0.48077	0.496	0.4537	0.43617	0.48113	0.46729	0.46491	0.48649	0.47748	0.45455	0.5	0.47059	0.48077	0.45349	0.44262	0.4717	0.46875	0.38739	0.49074	0.4359	0.48837	0.42017	0.44118	0.47748	0.42697	0.4433	0.5	0.44118	0.49558	0.48529
cell80	0.33588	0.30435	0.29787	0.3522	0.33582	0.35172	0.40164	0.34579	0.325	0.34109	0.24	0.30147	0.35433	0.31081	0.43396	0.36842	0.37879	0.31405	0.28571	0.32031	0.34848	0.23894	0.30252	0.28346	0.36774	0.41732	0.35036	0.40152	0.4026	0.33099	0.2782	0.29231	0.36607	0.33088	0.35507	0.36567	0.41129	0.32283	0.31304	0.31667	0.33083	0.29661	0.304	0.37383	0.31933	0.31731	0.3719	0.2459	0.328	0.28037	0.32955	0.34146	0.34437	0.33117	0.33621	0.31967	0.34615	0.32824	0.33094	0.30508	0.30645	0.384	0.43609	0.2803	0.29104	0.43137	0.28455	0.35172	0.384	0.33846	0.34146	0.33333	0.34667	0.41045	0.28571	0.37037	0.36029	0.34043	0.36697	0.3719	0.37273	0.4	0.38158	0.29268	0.28462	0.34351	0.28873	0.43511	0.35537	0.32787	0.30303	0.25547	0.29771	0.3741	0.3806	0.34884	0.30612	0.38971	0.28244	0.33533	0.39844	0.3	0.27103	0.40833	0.33333	0.3913	0.35772	0.30303	0.30208	0.28814	0.28	0.33846	0.29032	0.29358	0.32099	0.34188	0.36667	0.4058	0.31298	0.35417	0.30233	0.30081	0.27143	0.28571	0.36923	0.36842	0.31507	0.26316	0.33103	0.38583	0.33083	0.31624	0.29032	0.31884	0.31304	0.2521	0.33333	0.41259	0.26016	0.2973	0.30612	0.27737	0.32576	0.26087	0.29091	0.32639	0.35333	0.39286	0.33333	0.3252	0.36434	0.27612	0.40984	0.34711	0.31126	0.32857	0.31731	0.3913	0.38889	0.30081	0.3913	0.27815	0.27692	0.312	0.29134	0.35537	0.27559	0.31405	0.32593	0.28682	0.4031	0.37879	0.32	0.35878	0.30833	0.36567	0.34286	0.29771	0.3209	0.27642	0.27928	0.34286	0.26415	0.35252	0.34921	0.35821	0.36885	0.30508	0.31624	0.31159	0.32673	0.37736	0.34437	0.30667	0.26357	0.3	0.3169	0.38095	0.30827	0.34532	0.37374	0.36111	0.32773	0.30709	0.39683	0.28676	0.33333	0.31496	0.41818	0.37	0.32031	0.34375	0.28571	0.27586	0.38596	0.3806	0.2973	0.3252	0.31081	0.34091	0.37838	0.35606	0.32743	0.37313	0.33088	0.21053	0.36842	0.34711	0.32258	0.29221	0.30201	0.30827	0.33577	0.28148	0.40945	0.33846	0.34228	0.35878	0.40708	0.28346	0.30769	0.40952	0.36567	0.24837	0.45455	0.42391	0.48235	0.46154	0.5	0.46591	0.48276	0.49474	0.40698	0.49474	0.4878	0.48421	0.45679	0.43956	0.39326	0.48936	0.43529	0.47727	0.41176	0.47945	0.5	0.47692	0.45745	0.39815	0.48649	0.38667	0.42254	0.47959	0.475	0.45946	0.39759	0.41573	0.46988	0.48485	0.42857	0.4381	0.4875	0.45205	0.47561	0.45745	0.5	0.45098	0.49438	0.48889	0.48684	0.46154	0.47368	0.48148	0.38043	0.36	0.45745	0.47619	0.48315	0.47368	0.49367	0.39726	0.48352	0.45238	0.43243	0.38554	0.5	0.43564	0.48039	0.45614	0.46053	0.48148	0.47727	0.48039	0.4902	0.47748	0.39326	0.475	0.46988	0.45455	0.42353	0.40506	0.43836	0.49367	0.44211	0.4625	0.44578	0.44872	0.42857	0.4023	0.46	0.49474	0.47191	0.41053	0.43939	0.45361	0.46753	0.49412	0.5	0.41176	0.48684	0.49438	0.46154	0.40909	0.48485	0.49315	0.44776	0.4	0.47727	0.46512	0.43434	0.47778	0.45833	0.49057	0.4898	0.46316	0.38554	0.36782	0.46341	0.49474	0.48684	0.4359	0.42105	0.35065	0.47826	0.39286	0.42424	0.45833	0.48958	0.44578	0.49383	0.45794	0.40625	0.42353	0.5	0.39773	0.45349	0.42857	0.3253	0.47945	0.49412	0.48235	0.4382	0.45055	0.40789	0.5	0.43182	0.42045	0.46154	0.44828	0.45283	0.47674	0.42857	0.44944	0.5	0.45	0.43038	0.46988	0.44898	0.47423	0.47126	0.48485	0.41096	0.43373	0.47	0.47423	0.42991	0.4125	0.43243	0.44898	0.39189	0.47561	0.48913	0.42857	0.45679	0.37363	0.4	0.45588	0.44737	0.49351	0.4557	0.4878	0.5	0.48684	0.425	0.49425	0.4557	0.41975	0.45882	0.43519	0.46067	0.46914	0.49398	0.38636	0.41558	0.48515	0.46774	0.49425	0.48684	0.45679	0.47945	0.46591	0.46154	0.48113	0.46835	0.4321	0.49462	0.47826	0.44318	0.47312	0.45349	0.42466	0.45	0.41111	0.46341	0.41489	0.49425	0.45	0.48889	0.48913	0.49383	0.46316	0.45745	0.45588	0.46429	0.44928	0.49474	0.49275	0.34146	0.48	0.4433	0.45652	0.48148	0.48485	0.5	0.45833	0.49315	0.5	0.44444	0.49398	0.44615	0.49398	0.47778	0.425	0.3913	0.5	0.4125	0.4898	0.44578	0.5	0.48193	0.47619	0.4875	0.49412	0.49333	0.35556	0.47959	0.41071	0.36792	0.46154
cell81	0.38971	0.31298	0.36765	0.37086	0.35507	0.40876	0.32877	0.43846	0.30233	0.35507	0.30935	0.27273	0.36522	0.40714	0.33803	0.31852	0.3619	0.28777	0.39597	0.2625	0.32117	0.34351	0.32558	0.29839	0.26897	0.31783	0.33824	0.37975	0.35385	0.37956	0.36691	0.32192	0.40816	0.33803	0.27737	0.2649	0.39706	0.35762	0.29605	0.30612	0.32867	0.33058	0.34459	0.31944	0.27049	0.31148	0.32331	0.29197	0.36283	0.41216	0.36301	0.38168	0.3038	0.24242	0.42857	0.33793	0.34437	0.31183	0.34815	0.39041	0.36364	0.32308	0.38365	0.31579	0.29012	0.35833	0.30282	0.35036	0.31469	0.32468	0.29545	0.34014	0.3125	0.35616	0.33083	0.32117	0.4129	0.32824	0.41026	0.36242	0.32468	0.3871	0.32051	0.30986	0.384	0.33803	0.28671	0.29496	0.42177	0.33103	0.39855	0.27869	0.36806	0.36719	0.39456	0.36429	0.31469	0.31915	0.33333	0.3141	0.36585	0.34507	0.35135	0.39516	0.36667	0.37671	0.37168	0.32624	0.4065	0.30769	0.24031	0.35664	0.36552	0.36283	0.38298	0.36885	0.35526	0.34722	0.3609	0.36301	0.34615	0.33094	0.34868	0.36434	0.31387	0.36029	0.28667	0.29457	0.27778	0.35374	0.38776	0.33913	0.33588	0.33088	0.3964	0.33071	0.3169	0.25185	0.26923	0.30435	0.29677	0.44937	0.33775	0.37681	0.30147	0.35417	0.32061	0.2973	0.32877	0.36207	0.31206	0.31624	0.408	0.36667	0.31538	0.2971	0.31034	0.36567	0.34545	0.3609	0.38462	0.35099	0.3352	0.2971	0.33333	0.41007	0.29197	0.32394	0.30345	0.32374	0.42857	0.31405	0.3629	0.34646	0.30986	0.32353	0.29221	0.34211	0.38411	0.27273	0.36752	0.34351	0.27273	0.39683	0.3141	0.34615	0.36508	0.35938	0.368	0.38806	0.29927	0.32061	0.3875	0.32919	0.32117	0.35664	0.39552	0.38462	0.34328	0.30147	0.27692	0.37063	0.29167	0.33333	0.31973	0.33846	0.34028	0.28387	0.41026	0.31928	0.32877	0.32031	0.33582	0.24603	0.25547	0.31176	0.39683	0.38525	0.38686	0.3931	0.32061	0.29577	0.40458	0.34965	0.4	0.39344	0.25325	0.26829	0.31724	0.3268	0.3662	0.29252	0.34247	0.34884	0.29032	0.35948	0.27132	0.26573	0.34783	0.2695	0.28462	0.34328	0.30345	0.26471	0.38889	0.47872	0.44954	0.45349	0.5	0.42529	0.45833	0.43182	0.48454	0.44828	0.49398	0.48276	0.4557	0.5	0.45745	0.41096	0.46316	0.47222	0.49	0.45192	0.48889	0.47525	0.49533	0.46835	0.48485	0.47368	0.43011	0.43878	0.42391	0.4898	0.44304	0.45714	0.42	0.44737	0.41818	0.48113	0.45455	0.46988	0.41837	0.4023	0.48	0.44231	0.48052	0.47368	0.46847	0.47727	0.45	0.44444	0.48148	0.46591	0.3908	0.42268	0.5	0.46078	0.49451	0.45794	0.37931	0.49412	0.44186	0.5	0.45098	0.45833	0.3908	0.45545	0.49138	0.46875	0.43678	0.42105	0.48837	0.45556	0.45205	0.46078	0.40659	0.47368	0.46809	0.48315	0.45977	0.41975	0.47191	0.43678	0.46875	0.46269	0.45	0.48864	0.45714	0.48889	0.48235	0.49462	0.43299	0.45283	0.44762	0.45918	0.44828	0.41758	0.38554	0.45833	0.38636	0.46392	0.48936	0.44954	0.48052	0.48387	0.44	0.48352	0.47059	0.47	0.5	0.47778	0.38298	0.42857	0.47423	0.45455	0.46154	0.5	0.48387	0.41667	0.46392	0.45349	0.49474	0.49	0.37374	0.4381	0.49505	0.49412	0.46667	0.45669	0.46316	0.45045	0.46667	0.5	0.45238	0.42683	0.4876	0.43878	0.44578	0.41111	0.46835	0.48936	0.47059	0.48485	0.48387	0.49505	0.45652	0.44444	0.47273	0.48193	0.46341	0.48235	0.47664	0.46512	0.43373	0.44318	0.46316	0.45122	0.45263	0.44737	0.41111	0.47312	0.43564	0.42045	0.47312	0.48315	0.47727	0.44186	0.47126	0.44578	0.38384	0.37	0.40964	0.38182	0.43333	0.4881	0.39806	0.41935	0.475	0.49231	0.47191	0.49254	0.375	0.44086	0.48515	0.46875	0.44118	0.47664	0.46154	0.49462	0.46237	0.5	0.49412	0.42667	0.4382	0.43373	0.48544	0.45238	0.43564	0.43182	0.48684	0.47872	0.48101	0.41096	0.48515	0.48454	0.45545	0.48515	0.4381	0.41667	0.5	0.48039	0.48276	0.47423	0.43158	0.42105	0.45652	0.46154	0.49425	0.43	0.39744	0.45977	0.49438	0.48889	0.46591	0.48913	0.46789	0.47674	0.4433	0.37363	0.5	0.44444	0.48235	0.47312	0.4466	0.43299	0.46914	0.46237	0.46789	0.48936	0.44792	0.43529	0.49438	0.47059	0.39759	0.42708	0.49474	0.4902	0.37895	0.43333	0.49462	0.4375	0.48913	0.47115	0.46739	0.45455	0.46	0.48864
cell82	0.44118	0.49254	0.35714	0.49254	0.46667	0.48684	0.46296	0.4375	0.43939	0.48	0.43077	0.32258	0.39344	0.48485	0.41935	0.38889	0.34722	0.39623	0.48718	0.44118	0.46667	0.47826	0.42188	0.39241	0.46753	0.44444	0.48077	0.4375	0.3871	0.41667	0.35938	0.41071	0.48571	0.42188	0.45833	0.49153	0.38333	0.43548	0.49153	0.44444	0.49057	0.44681	0.41176	0.46269	0.43478	0.49231	0.48936	0.29885	0.32258	0.31959	0.36364	0.39175	0.32231	0.41176	0.30303	0.35526	0.37374	0.26136	0.31068	0.38739	0.2967	0.3	0.36364	0.34043	0.31429	0.27957	0.36082	0.3	0.2809	0.25743	0.23333	0.23404	0.24	0.26596	0.4	0.0	0.0	0.0	0.0	0.0	0.0	0.0	0.0	0.0	0.5	0.5	0.5	0.0	0.0	0.0	0.42857	0.43939	0.45902	0.48148	0.47541	0.4902	0.42593	0.39216	0.45588	0.48101	0.46939	0.48	0.47917	0.39726	0.48864	0.4	0.46753	0.42254	0.46296	0.49206	0.42188	0.4507	0.5	0.49123	0.5	0.44776	0.41935	0.46269	0.46667	0.5	0.47143	0.41791	0.45902	0.45455	0.36364	0.44286	0.4375	0.35714	0.40299	0.49123	0.39189	0.48684	0.44828	0.46053	0.43836	0.47826	0.45588	0.48684	0.42105	0.5	0.42683	0.48148	0.49254	0.42667	0.48333	0.44643	0.41509	0.44828	0.47887	0.46429	0.46809	0.48276	0.44118	0.5	0.5	0.45333	0.43396	0.43478	0.41071	0.4	0.5	0.44828	0.5	0.47887	0.375	0.45098	0.39655	0.38889	0.48438	0.33898	0.39726	0.48529	0.43478	0.45588	0.46429	0.48529	0.46067	0.43103	0.44737	0.48077	0.43103	0.48684	0.48214	0.46392	0.43836	0.45098	0.41538	0.44068	0.38202	0.47692	0.5	0.44068	0.4881	0.46753	0.44928	0.39326	0.4125	0.43662	0.38596	0.43548	0.49206	0.45902	0.48913	0.42029	0.42424	0.375	0.46667	0.48649	0.41096	0.41509	0.44118	0.34848	0.5	0.43939	0.4058	0.47059	0.5	0.45614	0.49091	0.43077	0.38889	0.46479	0.47619	0.46479	0.44444	0.44643	0.48387	0.41791	0.49057	0.5	0.48684	0.375	0.38235	0.42857	0.39683	0.43939	0.48148	0.44928	0.42029	0.38462	0.40351	0.45161	0.45098	0.43333	0.44286	0.475	0.41379	0.39583	0.47059	0.42857	0.39706	0.41176	0.46032	0.48529	0.48485	0.48333	0.49231	0.5	0.36735	0.4386	0.40678	0.48684	0.46835	0.4918	0.39726	0.49057	0.49153	0.39062	0.46552	0.42857	0.4026	0.4918	0.44444	0.37879	0.42667	0.43137	0.46269	0.43939	0.38776	0.41538	0.45714	0.4	0.47059	0.44444	0.48	0.42623	0.44444	0.44643	0.44444	0.5	0.45333	0.41333	0.45455	0.4058	0.43038	0.4507	0.46552	0.46296	0.45902	0.43662	0.38333	0.44068	0.4507	0.48276	0.48611	0.46479	0.46774	0.41667	0.41818	0.49206	0.44118	0.43333	0.40351	0.40789	0.47619	0.44444	0.5	0.47541	0.47059	0.47458	0.48485	0.42105	0.49254	0.39655	0.44444	0.45333	0.43284	0.46429	0.4557	0.44444	0.45455	0.48333	0.49254	0.49367	0.46575	0.46341	0.49091	0.47436	0.44615	0.47222	0.36538	0.45833	0.47458	0.38095	0.44286	0.49057	0.37778	0.44928	0.42	0.41667	0.48485	0.45763	0.49275	0.5	0.46154	0.40385	0.42647	0.47619	0.4	0.49153	0.42623	0.46667	0.44615	0.46753	0.38806	0.4386	0.46154	0.48077	0.48438	0.48214	0.5	0.42857	0.42188	0.45161	0.45312	0.47368	0.45055	0.47368	0.45652	0.44776	0.39189	0.46774	0.49254	0.41975	0.47761	0.4	0.43636	0.46479	0.48485	0.46875	0.5	0.43902	0.36364	0.49057	0.47368	0.37209	0.45455	0.36667	0.47761	0.41071	0.48571	0.34375	0.46032	0.46154	0.43333	0.42857	0.4	0.49315	0.48684	0.41071	0.4717	0.375	0.49057	0.48529	0.43103	0.45238	0.46032	0.34783	0.47222	0.45588	0.42593	0.45161	0.44643	0.46875	0.49206	0.49206	0.475	0.45455	0.39437	0.45205	0.42105	0.40909	0.45098	0.44444	0.39216	0.33333	0.44262	0.48148	0.46296	0.4717	0.43939	0.46875	0.4375	0.45161	0.33333	0.48438	0.4359	0.48214	0.41791	0.44068	0.49153	0.47458	0.45312	0.47945	0.47619	0.44444	0.49367	0.42857	0.46774	0.42623	0.48077	0.46154	0.45652	0.45679	0.38182	0.40984	0.46552	0.44118	0.35	0.43137	0.47297	0.40625	0.42857	0.43137	0.4	0.43421	0.48571	0.44	0.4	0.45205	0.4127	0.43478	0.48	0.3871	0.43939	0.48	0.47273	0.43478	0.4898	0.4697	0.37705	0.41538	0.41538	0.45833	0.45333	0.4918	0.49451	0.48649
cell83	0.27857	0.24031	0.36301	0.36	0.32836	0.352	0.25352	0.37209	0.35878	0.36296	0.32877	0.25694	0.40741	0.32867	0.31111	0.37956	0.31111	0.30469	0.28358	0.34014	0.34783	0.36765	0.31933	0.31343	0.4	0.33333	0.49138	0.3609	0.33824	0.28462	0.30534	0.28455	0.31884	0.31507	0.33758	0.32847	0.35338	0.35294	0.3719	0.312	0.37063	0.28906	0.36691	0.34615	0.37037	0.26042	0.36691	0.33594	0.30216	0.30827	0.25547	0.3253	0.31818	0.31897	0.34167	0.29661	0.31298	0.3662	0.3125	0.35032	0.34783	0.35948	0.38095	0.31034	0.3007	0.26087	0.3037	0.32927	0.34615	0.25	0.24194	0.24444	0.47518	0.30894	0.36111	0.36	0.39716	0.36	0.33077	0.27083	0.31757	0.36184	0.296	0.33333	0.38	0.37313	0.30303	0.3125	0.27465	0.30201	0.32394	0.31452	0.34783	0.32	0.27119	0.30921	0.41139	0.34247	0.304	0.28986	0.31579	0.35338	0.30435	0.2619	0.34351	0.31818	0.30827	0.30597	0.3758	0.34513	0.31206	0.36842	0.35211	0.29825	0.29412	0.2459	0.34043	0.36943	0.36885	0.42667	0.34454	0.28455	0.36364	0.2953	0.32231	0.24074	0.36842	0.30769	0.37879	0.37956	0.37736	0.33974	0.27941	0.41135	0.21368	0.31783	0.31333	0.36719	0.35878	0.40323	0.2971	0.39695	0.30769	0.28148	0.35965	0.29078	0.32061	0.34821	0.33094	0.3741	0.36719	0.37762	0.30496	0.37324	0.38065	0.34641	0.36207	0.29231	0.4	0.37086	0.35556	0.32576	0.34899	0.35593	0.30282	0.30833	0.32258	0.26797	0.33846	0.31293	0.30435	0.36774	0.31293	0.24806	0.33884	0.34752	0.33846	0.2971	0.29221	0.33884	0.45378	0.31624	0.40909	0.31159	0.38129	0.31933	0.304	0.30508	0.27778	0.3631	0.33333	0.35714	0.27344	0.3141	0.37984	0.36054	0.39375	0.31897	0.39189	0.28226	0.37226	0.33028	0.31469	0.34586	0.31343	0.312	0.29921	0.32877	0.30714	0.38136	0.4065	0.28571	0.33835	0.3254	0.36641	0.33077	0.38462	0.31304	0.37903	0.38931	0.36066	0.32192	0.35	0.28671	0.3	0.34286	0.36434	0.27815	0.34043	0.33094	0.34507	0.34752	0.32593	0.42446	0.31034	0.3169	0.2782	0.37903	0.35385	0.39597	0.32407	0.32886	0.35897	0.27737	0.48544	0.48454	0.49425	0.46067	0.44706	0.4375	0.5	0.48235	0.44186	0.46237	0.47778	0.49333	0.46269	0.49524	0.43564	0.46835	0.47727	0.44086	0.38095	0.40594	0.47872	0.45882	0.42708	0.43038	0.44545	0.47917	0.4381	0.47222	0.49412	0.43564	0.43158	0.46067	0.47273	0.41558	0.44928	0.44048	0.41772	0.46667	0.45361	0.49462	0.49038	0.44706	0.4433	0.43023	0.44828	0.46591	0.45238	0.5	0.42105	0.42353	0.46535	0.49425	0.4557	0.46067	0.49495	0.41667	0.46739	0.375	0.47826	0.46914	0.46067	0.48214	0.5	0.44828	0.48718	0.46067	0.47368	0.49462	0.47872	0.5	0.41111	0.47917	0.34286	0.49462	0.48936	0.48193	0.40206	0.49398	0.5	0.41667	0.48485	0.46774	0.47619	0.48387	0.48837	0.47525	0.48571	0.49438	0.41975	0.45783	0.43636	0.42857	0.44304	0.44828	0.47778	0.46875	0.46053	0.45652	0.41667	0.43182	0.47727	0.46939	0.44	0.45545	0.45055	0.42667	0.45098	0.44898	0.42991	0.47191	0.49524	0.45882	0.48193	0.49462	0.43678	0.48052	0.49367	0.47368	0.5	0.49495	0.45652	0.46154	0.48315	0.44681	0.49451	0.44444	0.47727	0.49398	0.47436	0.41935	0.45882	0.41905	0.45098	0.46341	0.44565	0.5	0.41111	0.37143	0.37647	0.45122	0.47312	0.41558	0.44048	0.48387	0.42529	0.48315	0.46591	0.45872	0.38614	0.475	0.49425	0.48864	0.3956	0.47059	0.48684	0.48315	0.49451	0.49451	0.46067	0.37895	0.47619	0.47297	0.48052	0.42391	0.47573	0.48624	0.3964	0.43956	0.46341	0.4023	0.48148	0.49485	0.49505	0.44086	0.47368	0.4875	0.44231	0.37079	0.47945	0.45556	0.47872	0.46875	0.49451	0.5	0.48193	0.49351	0.4881	0.47436	0.44706	0.42647	0.47191	0.45679	0.475	0.4	0.43299	0.41667	0.4878	0.46939	0.44048	0.41379	0.47872	0.5	0.40741	0.46914	0.47312	0.37778	0.41463	0.43	0.42391	0.4375	0.49367	0.4186	0.38462	0.48936	0.48193	0.48936	0.47674	0.42453	0.44118	0.49451	0.43011	0.47826	0.46809	0.5	0.42697	0.4881	0.4557	0.42727	0.48077	0.42424	0.48352	0.40506	0.46067	0.48529	0.45055	0.33333	0.44048	0.42169	0.49367	0.47619	0.4433	0.4375	0.40625	0.5	0.40541	0.45205	0.49231	0.39474	0.43478	0.43836	0.47959	0.41414	0.48182	0.48889
cell84	0.31034	0.25664	0.29323	0.39161	0.36923	0.29655	0.3007	0.27338	0.32353	0.37778	0.30597	0.33607	0.336	0.32143	0.32847	0.37963	0.30882	0.32773	0.27536	0.29464	0.32026	0.26761	0.33884	0.25424	0.31507	0.32653	0.32727	0.30645	0.26087	0.36	0.24299	0.37391	0.28148	0.30921	0.33987	0.31915	0.41611	0.32414	0.33333	0.31298	0.31618	0.3964	0.31746	0.39669	0.32456	0.32787	0.38525	0.28571	0.32231	0.34513	0.27049	0.3875	0.32847	0.28148	0.28571	0.39024	0.29496	0.30597	0.29197	0.36691	0.33858	0.40458	0.32759	0.26573	0.37013	0.37037	0.35156	0.28926	0.30282	0.34375	0.24561	0.33333	0.38889	0.35338	0.29771	0.30065	0.28082	0.37398	0.34167	0.28169	0.33077	0.36508	0.38571	0.3741	0.36232	0.33577	0.35714	0.36054	0.35659	0.32812	0.34959	0.38571	0.35714	0.34615	0.41463	0.28346	0.3	0.33775	0.31532	0.3037	0.34161	0.33607	0.33645	0.29851	0.27068	0.41026	0.37288	0.30147	0.2963	0.33333	0.37692	0.32847	0.32394	0.30909	0.29927	0.32877	0.35664	0.36424	0.37209	0.4023	0.35537	0.375	0.32558	0.33557	0.34821	0.3254	0.28571	0.36508	0.34667	0.32558	0.27972	0.26667	0.34848	0.33333	0.32558	0.36691	0.3169	0.28467	0.30709	0.32867	0.3609	0.38849	0.27857	0.35659	0.27193	0.31333	0.29231	0.39098	0.34559	0.28058	0.24818	0.35714	0.28205	0.31496	0.34746	0.375	0.28448	0.39437	0.32824	0.31967	0.38562	0.33858	0.33108	0.375	0.34146	0.24409	0.288	0.35878	0.32215	0.40268	0.28873	0.30769	0.38849	0.35556	0.35484	0.31111	0.28369	0.33333	0.29487	0.15748	0.38596	0.25676	0.29752	0.31788	0.34395	0.31298	0.36806	0.27211	0.30435	0.36296	0.35833	0.36885	0.32394	0.28859	0.375	0.37333	0.33094	0.36923	0.28947	0.29412	0.21667	0.35772	0.36184	0.2963	0.3741	0.29412	0.37241	0.29412	0.36923	0.40157	0.39823	0.2971	0.2971	0.33793	0.38571	0.32743	0.35338	0.33846	0.29323	0.304	0.34513	0.32847	0.32258	0.2803	0.30081	0.34884	0.375	0.36364	0.28358	0.31757	0.37241	0.26168	0.33088	0.25161	0.30921	0.35915	0.42636	0.33333	0.32812	0.34646	0.272	0.25984	0.39535	0.26087	0.47778	0.45631	0.46457	0.49333	0.45882	0.45556	0.44186	0.48352	0.48515	0.48718	0.48101	0.5	0.42529	0.43299	0.46341	0.44444	0.48624	0.46154	0.49462	0.46237	0.45161	0.48837	0.39394	0.4321	0.44304	0.46316	0.45349	0.48837	0.46226	0.47368	0.48958	0.43038	0.48598	0.48684	0.45238	0.44578	0.5	0.47059	0.46154	0.46154	0.40244	0.47778	0.41489	0.47959	0.5	0.4	0.46753	0.48	0.46067	0.5	0.45745	0.45652	0.47253	0.49438	0.44048	0.5	0.47674	0.46591	0.47191	0.48958	0.47778	0.44048	0.46392	0.3913	0.48193	0.42391	0.5	0.49275	0.40741	0.45349	0.48193	0.46988	0.39394	0.48421	0.47887	0.46988	0.38947	0.48598	0.46667	0.44872	0.45652	0.4359	0.36364	0.47619	0.47414	0.34409	0.48387	0.48515	0.45652	0.46875	0.4321	0.46847	0.46479	0.44944	0.48315	0.47475	0.42553	0.41772	0.4625	0.49367	0.46939	0.45333	0.46053	0.49495	0.45055	0.46154	0.44595	0.45455	0.38667	0.45361	0.43939	0.47312	0.47436	0.48235	0.49367	0.3913	0.39326	0.39583	0.4026	0.47959	0.47872	0.42105	0.44706	0.46667	0.5	0.3908	0.38095	0.38542	0.43333	0.41837	0.37931	0.48387	0.36697	0.43836	0.47126	0.48718	0.42857	0.43902	0.49315	0.47475	0.425	0.48485	0.42308	0.48958	0.45631	0.48	0.49398	0.39785	0.44565	0.5	0.41935	0.41975	0.44872	0.48235	0.43617	0.47312	0.45455	0.48611	0.49474	0.47872	0.49412	0.4026	0.39423	0.41111	0.45833	0.48352	0.45783	0.48361	0.41379	0.43636	0.48193	0.475	0.46809	0.43158	0.45	0.45946	0.49	0.45455	0.48039	0.45098	0.41935	0.5	0.46939	0.45833	0.47619	0.47872	0.45977	0.47297	0.46	0.46774	0.44318	0.44048	0.5	0.4898	0.46154	0.48611	0.44944	0.49425	0.4881	0.39773	0.45652	0.40964	0.47674	0.48837	0.43617	0.41333	0.43421	0.43023	0.41667	0.45161	0.41667	0.47191	0.47059	0.48	0.48571	0.47674	0.45455	0.47826	0.40217	0.49485	0.45556	0.41573	0.3956	0.43836	0.44898	0.48611	0.47253	0.44828	0.45918	0.47	0.45745	0.47222	0.39474	0.49438	0.5	0.44872	0.48352	0.48649	0.43056	0.45455	0.46429	0.44643	0.47059	0.5	0.48837	0.5	0.42391	0.4902	0.47788	0.48315	0.46429	0.48	0.46	0.47222
cell85	0.28302	0.33113	0.30719	0.3522	0.25974	0.3481	0.33333	0.35762	0.33088	0.325	0.36774	0.32824	0.30282	0.38217	0.30667	0.28571	0.34266	0.38415	0.38272	0.31953	0.29714	0.31928	0.36905	0.32824	0.30921	0.31073	0.31655	0.3758	0.29861	0.35443	0.33562	0.28571	0.28662	0.38217	0.39227	0.28358	0.30909	0.32895	0.31034	0.33149	0.37415	0.37821	0.30935	0.3141	0.31915	0.34899	0.31034	0.35	0.35714	0.27586	0.3169	0.34211	0.32278	0.34641	0.3268	0.33793	0.29221	0.31818	0.44099	0.28289	0.33577	0.30488	0.37059	0.39516	0.3012	0.31333	0.31169	0.25373	0.34524	0.38	0.35583	0.30323	0.27333	0.32692	0.25954	0.32895	0.30168	0.28571	0.35461	0.40602	0.38298	0.25862	0.36413	0.35526	0.33333	0.32	0.35032	0.31073	0.35556	0.36424	0.32099	0.34899	0.3401	0.41549	0.34194	0.30968	0.31977	0.39623	0.29747	0.35862	0.36242	0.46207	0.33333	0.42636	0.36154	0.33557	0.34641	0.36986	0.32667	0.29655	0.33537	0.35065	0.35971	0.26415	0.4	0.35849	0.2987	0.28571	0.36296	0.28916	0.30667	0.34807	0.37805	0.36111	0.34028	0.40854	0.37059	0.27044	0.25595	0.36	0.3169	0.31609	0.32653	0.35915	0.36691	0.36478	0.32353	0.27374	0.23418	0.35616	0.24699	0.33582	0.39844	0.38926	0.37398	0.40789	0.30137	0.33094	0.28	0.3	0.3625	0.32192	0.30827	0.37419	0.40397	0.36196	0.3172	0.34211	0.36719	0.29412	0.34395	0.32192	0.36774	0.39053	0.30519	0.39259	0.3	0.29609	0.37195	0.38961	0.31977	0.28481	0.36842	0.35211	0.39416	0.38312	0.2561	0.24848	0.39884	0.34286	0.40625	0.37805	0.32639	0.29381	0.27044	0.34965	0.27624	0.37415	0.32692	0.33939	0.3617	0.30818	0.31469	0.31868	0.37662	0.2795	0.32278	0.36641	0.40645	0.32934	0.37086	0.32099	0.36585	0.38202	0.34884	0.34752	0.39877	0.34839	0.32919	0.36306	0.40146	0.29114	0.34568	0.34211	0.35032	0.3764	0.4	0.35374	0.26882	0.37415	0.31973	0.27517	0.32515	0.35849	0.39161	0.32867	0.35758	0.42105	0.27381	0.38372	0.39752	0.38889	0.35616	0.41718	0.3245	0.35503	0.3681	0.33742	0.3557	0.34091	0.25	0.39855	0.27711	0.29341	0.4876	0.41509	0.46296	0.44167	0.46392	0.4381	0.46465	0.49505	0.43269	0.48276	0.49474	0.45455	0.48113	0.4	0.44	0.49558	0.46809	0.42017	0.49167	0.49558	0.47959	0.48649	0.45361	0.4902	0.38843	0.48031	0.4955	0.42735	0.45714	0.47414	0.45669	0.45745	0.42857	0.42453	0.46094	0.44444	0.47115	0.47525	0.48958	0.38679	0.47706	0.48624	0.40206	0.49524	0.48039	0.44144	0.45133	0.496	0.48696	0.44944	0.48673	0.40426	0.47	0.46575	0.3913	0.48	0.45045	0.49474	0.42593	0.48276	0.47009	0.44144	0.4902	0.45378	0.46739	0.40909	0.4026	0.43011	0.4	0.47959	0.5	0.43011	0.46739	0.43363	0.46875	0.46667	0.4375	0.48864	0.43119	0.5	0.46491	0.44944	0.42478	0.49057	0.47748	0.48673	0.48889	0.48889	0.49505	0.49524	0.42553	0.41176	0.36607	0.49541	0.42157	0.48387	0.48387	0.44565	0.4	0.48571	0.47368	0.41667	0.40625	0.45714	0.48235	0.47368	0.46067	0.48421	0.49091	0.43802	0.45631	0.46939	0.45714	0.48544	0.47917	0.42857	0.48515	0.42045	0.41573	0.48413	0.46078	0.41304	0.48718	0.45	0.46392	0.49541	0.45283	0.45652	0.44348	0.48	0.3871	0.44762	0.45968	0.46602	0.46226	0.47222	0.37895	0.47573	0.47945	0.49	0.47863	0.44086	0.49505	0.47	0.45794	0.42202	0.44	0.47009	0.48235	0.46296	0.48718	0.46154	0.4434	0.43564	0.49495	0.48515	0.48624	0.49558	0.47107	0.45833	0.48454	0.45918	0.48361	0.40206	0.47115	0.49057	0.44231	0.49524	0.4375	0.49587	0.48052	0.4876	0.44211	0.45745	0.42222	0.47115	0.48544	0.48485	0.49206	0.46364	0.46429	0.4557	0.43689	0.49505	0.48454	0.44318	0.5	0.45263	0.46809	0.49515	0.49038	0.39669	0.37209	0.4486	0.48421	0.47423	0.4087	0.45217	0.45455	0.42857	0.39623	0.49485	0.48246	0.42857	0.5	0.47872	0.5	0.46667	0.3913	0.5	0.49618	0.47423	0.43	0.4382	0.4958	0.47222	0.47826	0.48598	0.49505	0.47706	0.49451	0.45882	0.46078	0.41304	0.47899	0.43396	0.4486	0.41414	0.48193	0.46226	0.47423	0.46939	0.4	0.47573	0.47	0.41935	0.46903	0.47321	0.41748	0.45745	0.5	0.49123	0.4902	0.46667	0.45161	0.48113	0.49	0.47934	0.47525	0.49533	0.42202	0.49	0.48413	0.47748
cell86	0.32039	0.33333	0.34483	0.27559	0.30328	0.36	0.27273	0.37037	0.27451	0.31298	0.35088	0.37097	0.37143	0.35971	0.3299	0.30508	0.325	0.31731	0.33019	0.30075	0.37008	0.33333	0.33071	0.31967	0.40278	0.2963	0.3301	0.3252	0.33333	0.40741	0.36585	0.26667	0.35036	0.2973	0.30769	0.32407	0.2973	0.375	0.28814	0.375	0.30631	0.31034	0.31933	0.30909	0.36719	0.30088	0.28099	0.29231	0.39815	0.37288	0.30709	0.38261	0.39865	0.33051	0.34375	0.32836	0.3211	0.36585	0.32353	0.28125	0.25664	0.42149	0.33628	0.2605	0.37984	0.375	0.296	0.37143	0.33846	0.40541	0.35644	0.29688	0.37762	0.2623	0.44628	0.28226	0.30986	0.28319	0.375	0.33621	0.28125	0.43077	0.34513	0.34545	0.33051	0.36036	0.32	0.31061	0.30935	0.33871	0.39706	0.33858	0.35897	0.30894	0.41129	0.39394	0.376	0.40179	0.33333	0.3	0.34146	0.32558	0.38372	0.31897	0.32576	0.35088	0.28947	0.27103	0.37615	0.35398	0.30579	0.41045	0.36	0.31624	0.40845	0.3209	0.41216	0.40602	0.33884	0.33333	0.33051	0.28571	0.27941	0.2973	0.38095	0.3719	0.35	0.38017	0.40833	0.36134	0.30709	0.32639	0.37255	0.328	0.34426	0.30216	0.384	0.42975	0.34711	0.34483	0.35484	0.32759	0.35772	0.30986	0.26852	0.42241	0.36937	0.33071	0.38235	0.29167	0.36937	0.34815	0.32787	0.34266	0.31579	0.36434	0.30496	0.2963	0.31579	0.36893	0.38158	0.31783	0.30159	0.27027	0.31132	0.25743	0.312	0.33333	0.41085	0.33333	0.30172	0.30709	0.34188	0.32773	0.36607	0.39231	0.31008	0.33333	0.27586	0.39316	0.35577	0.36	0.30476	0.33613	0.30894	0.33051	0.24786	0.30275	0.32061	0.27778	0.33594	0.36066	0.34375	0.28767	0.39496	0.33333	0.32479	0.40594	0.33613	0.344	0.2807	0.33333	0.30075	0.23577	0.33071	0.37903	0.34146	0.37594	0.43443	0.32381	0.40541	0.34884	0.32075	0.24107	0.32231	0.352	0.25833	0.32174	0.28169	0.31655	0.32727	0.29839	0.32632	0.3252	0.29861	0.33824	0.28205	0.35156	0.33981	0.28986	0.36	0.39474	0.344	0.33588	0.275	0.30833	0.33645	0.4069	0.37879	0.41228	0.29412	0.30435	0.26772	0.34375	0.47126	0.47727	0.39286	0.46875	0.42222	0.44944	0.4	0.47778	0.4878	0.45833	0.41026	0.49367	0.4382	0.45652	0.47727	0.47368	0.46914	0.37333	0.47126	0.49425	0.48611	0.43529	0.49296	0.47945	0.45455	0.49438	0.48193	0.49038	0.41	0.47143	0.48718	0.46316	0.48913	0.4881	0.45349	0.45882	0.45588	0.43243	0.39474	0.49367	0.4881	0.47253	0.49351	0.5	0.48148	0.46939	0.41837	0.44578	0.45783	0.49275	0.38272	0.47059	0.47312	0.45588	0.45946	0.49367	0.49485	0.45205	0.44118	0.49462	0.47423	0.49533	0.49425	0.46939	0.48052	0.42466	0.41111	0.47887	0.46377	0.45238	0.46914	0.46667	0.40323	0.49383	0.48571	0.47297	0.41111	0.46067	0.43529	0.42308	0.46939	0.43939	0.48837	0.42188	0.48387	0.47059	0.44615	0.41573	0.46341	0.45122	0.46753	0.3908	0.39773	0.46067	0.4375	0.41558	0.46988	0.46377	0.41176	0.46154	0.45882	0.47945	0.44737	0.4875	0.47059	0.49438	0.45455	0.40299	0.48276	0.47312	0.48649	0.42857	0.49296	0.44944	0.39535	0.43662	0.48485	0.46479	0.44944	0.46939	0.47727	0.44262	0.46237	0.48718	0.36	0.475	0.45192	0.43284	0.49438	0.43373	0.45455	0.47917	0.38462	0.44304	0.5	0.43373	0.48276	0.3913	0.4	0.4878	0.44565	0.49367	0.49296	0.4878	0.43023	0.46377	0.48	0.5	0.48052	0.40278	0.49351	0.4878	0.43939	0.48193	0.47312	0.49438	0.4	0.44706	0.49367	0.45833	0.47297	0.46667	0.47368	0.45833	0.46154	0.41758	0.46914	0.49425	0.46269	0.4878	0.42857	0.44565	0.47887	0.48387	0.40351	0.48529	0.38889	0.49451	0.44304	0.45455	0.46154	0.44737	0.4507	0.46739	0.48684	0.48837	0.4625	0.49398	0.49412	0.48	0.46575	0.45833	0.48193	0.46667	0.49505	0.49425	0.47059	0.46154	0.49383	0.47826	0.46377	0.38961	0.47945	0.38806	0.48387	0.42424	0.48193	0.4382	0.41573	0.43299	0.4433	0.41935	0.49333	0.49398	0.45977	0.41463	0.41558	0.44304	0.46154	0.4023	0.5	0.5	0.46914	0.5	0.45882	0.35616	0.48571	0.43023	0.41176	0.47297	0.49275	0.4875	0.5	0.48052	0.45556	0.45882	0.44706	0.44444	0.5	0.47674	0.44156	0.44186	0.49383	0.42553	0.48101	0.44578	0.47761	0.40426	0.43836	0.45349	0.43243	0.49412	0.42857	0.45455
cell87	0.39024	0.30769	0.31788	0.35829	0.32515	0.29299	0.37671	0.36747	0.37333	0.31875	0.34783	0.32584	0.28947	0.34872	0.33766	0.39735	0.36145	0.33125	0.2515	0.30357	0.31847	0.28302	0.31953	0.39597	0.32099	0.25843	0.28834	0.31016	0.30539	0.31429	0.3245	0.35849	0.36196	0.28649	0.31515	0.27465	0.37288	0.40642	0.33143	0.33544	0.39326	0.33714	0.32639	0.32468	0.30052	0.32624	0.29167	0.33333	0.27933	0.29221	0.26829	0.36076	0.35329	0.38217	0.31176	0.40411	0.3046	0.32558	0.30986	0.36364	0.37342	0.34884	0.3046	0.375	0.27072	0.34194	0.32653	0.27564	0.32895	0.36257	0.32044	0.32022	0.30899	0.33735	0.37333	0.38922	0.35	0.3169	0.35714	0.3631	0.33951	0.31447	0.38182	0.31915	0.2638	0.32121	0.3007	0.33136	0.38235	0.29518	0.25	0.3354	0.3961	0.27027	0.36905	0.32275	0.35542	0.32624	0.30769	0.3815	0.33143	0.34574	0.27811	0.26582	0.28994	0.32	0.34239	0.32973	0.38889	0.29605	0.30357	0.34459	0.26257	0.36709	0.31447	0.32886	0.28743	0.31953	0.40132	0.36842	0.3631	0.32948	0.32632	0.30872	0.28235	0.28125	0.2931	0.32867	0.3012	0.29747	0.34286	0.35616	0.29333	0.31447	0.32099	0.27174	0.29193	0.30412	0.38961	0.30939	0.34426	0.29333	0.35329	0.37013	0.30625	0.34266	0.31325	0.37195	0.32184	0.33775	0.33696	0.28	0.34831	0.34483	0.32335	0.32418	0.34884	0.27326	0.36486	0.32919	0.31319	0.30864	0.42767	0.32961	0.33889	0.28235	0.28042	0.33523	0.33158	0.33333	0.35028	0.27673	0.2994	0.26115	0.37013	0.37736	0.30625	0.33333	0.3865	0.37931	0.33125	0.33333	0.39766	0.33889	0.42282	0.35359	0.30994	0.29825	0.35955	0.39683	0.32215	0.425	0.36095	0.30097	0.37692	0.39241	0.33898	0.33516	0.32044	0.30435	0.37107	0.30114	0.29936	0.31527	0.33929	0.36184	0.33333	0.38554	0.30263	0.32461	0.33702	0.33908	0.34783	0.31461	0.29814	0.32258	0.30201	0.38012	0.34574	0.31707	0.33846	0.36538	0.27879	0.30986	0.31579	0.3617	0.34884	0.33714	0.40385	0.21667	0.36207	0.325	0.29167	0.33333	0.35294	0.32374	0.33582	0.33149	0.27273	0.33333	0.39355	0.40437	0.29091	0.38191	0.48413	0.5	0.41739	0.44037	0.49138	0.45299	0.46364	0.43704	0.4375	0.44628	0.43269	0.49091	0.5	0.49565	0.45161	0.46226	0.48113	0.48214	0.44167	0.5	0.47899	0.48361	0.47107	0.5	0.40708	0.49612	0.46018	0.47312	0.47826	0.49057	0.49541	0.47826	0.48837	0.47706	0.496	0.46218	0.41489	0.44262	0.45082	0.44444	0.43478	0.46789	0.49412	0.46565	0.49451	0.42857	0.49485	0.48092	0.46429	0.48673	0.4898	0.49138	0.44068	0.46739	0.40157	0.48421	0.48571	0.49515	0.47015	0.48454	0.44144	0.4963	0.43564	0.47009	0.43697	0.44094	0.49541	0.44444	0.47475	0.5	0.49107	0.47959	0.47664	0.40625	0.4918	0.45192	0.48718	0.40385	0.488	0.45283	0.44643	0.49495	0.48913	0.43689	0.42991	0.48649	0.43262	0.37037	0.46226	0.44915	0.45794	0.4958	0.47748	0.48113	0.47154	0.48571	0.48101	0.46957	0.44915	0.44086	0.41221	0.49587	0.49541	0.41053	0.48624	0.47368	0.47619	0.4	0.49138	0.48673	0.46721	0.47706	0.43269	0.45714	0.45455	0.48936	0.5	0.46018	0.49541	0.43564	0.4661	0.46602	0.45614	0.47475	0.46429	0.45385	0.48598	0.48077	0.49533	0.4876	0.48113	0.42718	0.49624	0.47748	0.49425	0.47619	0.48	0.49153	0.47059	0.42063	0.47368	0.48276	0.43333	0.47458	0.36634	0.46226	0.4717	0.44086	0.49091	0.48864	0.45902	0.44762	0.40741	0.44444	0.47191	0.38017	0.49505	0.48387	0.5	0.432	0.46875	0.43564	0.46602	0.48673	0.46774	0.48039	0.49587	0.43564	0.45349	0.48182	0.48889	0.49495	0.43269	0.4918	0.4	0.46939	0.43333	0.43478	0.48696	0.47706	0.44954	0.45161	0.41509	0.48077	0.4878	0.47619	0.47525	0.37288	0.42056	0.47423	0.49153	0.49107	0.46602	0.45872	0.49524	0.48214	0.48148	0.4	0.44318	0.4434	0.4955	0.45918	0.42975	0.48571	0.46429	0.45968	0.47115	0.48454	0.46	0.49167	0.48214	0.48739	0.48252	0.4697	0.46218	0.45455	0.37255	0.47009	0.46	0.49565	0.47059	0.48182	0.47967	0.46296	0.4918	0.4955	0.47619	0.44348	0.38384	0.4958	0.48739	0.43333	0.42	0.45283	0.47863	0.46154	0.45	0.47312	0.48958	0.47525	0.47967	0.46087	0.48387	0.49057	0.5	0.49515	0.48739	0.47541	0.48246	0.41964	0.38261	0.48485	0.44167	0.46903
cell88	0.33526	0.38378	0.31443	0.29167	0.27381	0.28774	0.28636	0.3237	0.33505	0.36318	0.3125	0.35106	0.30435	0.35678	0.34826	0.31414	0.32143	0.32105	0.30387	0.30588	0.28495	0.33702	0.32057	0.30256	0.36598	0.31579	0.33735	0.28804	0.34821	0.29412	0.35088	0.33824	0.2757	0.39189	0.31797	0.36634	0.28947	0.35567	0.32558	0.36517	0.375	0.35714	0.31217	0.35859	0.34804	0.33136	0.3432	0.3285	0.34946	0.3617	0.36413	0.33163	0.34483	0.34804	0.38579	0.32039	0.32821	0.36702	0.34653	0.30222	0.32738	0.29146	0.31651	0.34054	0.28704	0.35032	0.31746	0.30337	0.33918	0.29032	0.32524	0.34463	0.35	0.32418	0.31414	0.34123	0.2931	0.35882	0.30387	0.32065	0.38043	0.31443	0.28311	0.26627	0.30052	0.34595	0.32044	0.27869	0.36216	0.35176	0.34595	0.31111	0.35644	0.35556	0.3369	0.34211	0.33508	0.27273	0.37037	0.36413	0.35023	0.42373	0.34031	0.31088	0.31183	0.30726	0.32	0.31401	0.35407	0.37569	0.29319	0.36559	0.38587	0.37297	0.32212	0.31658	0.25238	0.3087	0.38049	0.31401	0.36224	0.30986	0.36735	0.35407	0.35821	0.35652	0.33488	0.34503	0.31718	0.32653	0.36364	0.29412	0.30526	0.33161	0.38636	0.37198	0.31892	0.36564	0.33333	0.32474	0.35681	0.33333	0.3913	0.31455	0.33898	0.30435	0.36994	0.33163	0.31507	0.34302	0.33846	0.39884	0.33511	0.32178	0.36275	0.36508	0.34392	0.31551	0.34211	0.37811	0.33175	0.35023	0.21788	0.37968	0.26178	0.31383	0.34043	0.36864	0.2807	0.37186	0.37805	0.32857	0.3913	0.38172	0.31658	0.34842	0.29665	0.34211	0.35526	0.33721	0.28302	0.33846	0.34946	0.34123	0.32995	0.31694	0.28889	0.35922	0.38506	0.31156	0.25143	0.375	0.32828	0.32645	0.39773	0.3	0.3	0.32828	0.36898	0.37619	0.30052	0.38308	0.36458	0.4	0.34211	0.31905	0.37714	0.335	0.33333	0.28421	0.35747	0.30978	0.31884	0.34807	0.29787	0.37629	0.34184	0.32995	0.35437	0.34426	0.36842	0.36932	0.22751	0.31553	0.33158	0.38889	0.33645	0.36453	0.29268	0.39024	0.34314	0.34969	0.34872	0.27778	0.36869	0.30693	0.34872	0.2957	0.32124	0.38916	0.31868	0.36585	0.36325	0.35909	0.49645	0.48592	0.43972	0.472	0.43704	0.46094	0.46043	0.48889	0.46309	0.41085	0.46795	0.46552	0.47857	0.48718	0.38971	0.48246	0.475	0.42759	0.4958	0.4661	0.46212	0.48739	0.45038	0.49091	0.496	0.40171	0.49635	0.48739	0.48462	0.41667	0.48148	0.44545	0.46617	0.44275	0.44348	0.48333	0.4697	0.48361	0.49254	0.41085	0.5	0.43262	0.48649	0.47826	0.4	0.48921	0.45	0.44286	0.47183	0.4878	0.5	0.47887	0.48062	0.38168	0.4539	0.46825	0.49194	0.47788	0.47826	0.45802	0.47059	0.4589	0.4964	0.48571	0.46104	0.49333	0.47945	0.48739	0.44776	0.48819	0.41844	0.43307	0.46043	0.46154	0.4875	0.43011	0.47482	0.39333	0.4876	0.44643	0.5	0.45968	0.46575	0.45614	0.49138	0.45378	0.47863	0.48571	0.39695	0.40171	0.42718	0.45946	0.47143	0.47482	0.40336	0.46043	0.47059	0.48571	0.47059	0.475	0.472	0.48905	0.49265	0.48031	0.45378	0.49593	0.49505	0.45669	0.47368	0.46923	0.46018	0.45082	0.472	0.37302	0.43363	0.48092	0.45669	0.47656	0.46212	0.49606	0.48366	0.5	0.45113	0.44615	0.47887	0.49677	0.46617	0.5	0.5	0.44526	0.46715	0.45238	0.48246	0.48148	0.475	0.45522	0.48507	0.4918	0.47059	0.5	0.46923	0.40385	0.496	0.49624	0.46897	0.46053	0.45185	0.41538	0.47482	0.49573	0.48276	0.47967	0.44604	0.45714	0.47541	0.46617	0.45283	0.49231	0.4963	0.4569	0.47423	0.40909	0.45775	0.49219	0.4252	0.4252	0.49138	0.47368	0.45736	0.49677	0.45763	0.44366	0.46018	0.45455	0.4	0.48485	0.49618	0.49296	0.48696	0.41611	0.45113	0.48673	0.48026	0.48344	0.46729	0.48529	0.45	0.48387	0.47154	0.44366	0.49254	0.45185	0.46154	0.47826	0.48921	0.43284	0.47015	0.4918	0.44615	0.47059	0.47518	0.47552	0.49587	0.47794	0.5	0.41284	0.47009	0.4252	0.48462	0.4958	0.46269	0.38849	0.4902	0.4965	0.44628	0.47154	0.4359	0.46	0.44762	0.46269	0.45455	0.43846	0.46565	0.49057	0.47134	0.47287	0.45139	0.48305	0.47727	0.43411	0.47407	0.4726	0.46154	0.5	0.4726	0.46452	0.48571	0.4878	0.44361	0.4878	0.47244	0.45833	0.43066	0.5	0.4964	0.42478	0.49593	0.42636	0.47934	0.47788	0.47183	0.46281	0.4964	0.47482
cell89	0.46226	0.40517	0.49462	0.5	0.47273	0.45192	0.48039	0.45872	0.46667	0.45745	0.45263	0.46535	0.42391	0.43	0.49398	0.5	0.5	0.48958	0.48913	0.40196	0.47863	0.47619	0.45455	0.45783	0.46512	0.48276	0.48515	0.48936	0.49606	0.43564	0.46316	0.43333	0.44211	0.47674	0.40385	0.4486	0.4955	0.45455	0.49573	0.47312	0.44318	0.46154	0.48	0.49505	0.4898	0.48958	0.48352	0.33333	0.32061	0.31852	0.30263	0.30178	0.22368	0.2638	0.36735	0.29104	0.325	0.28758	0.312	0.28671	0.32593	0.32143	0.32919	0.35948	0.33594	0.30709	0.28333	0.36134	0.34	0.28571	0.33333	0.25954	0.33728	0.25974	0.34615	0.0	0.0	0.0	0.0	0.0	0.0	0.0	0.02	0.0	0.5	0.5	0.5	0.0	0.0	0.0	0.49515	0.47253	0.46429	0.41176	0.46154	0.46154	0.4386	0.43421	0.45133	0.37755	0.46429	0.4875	0.47312	0.5	0.38384	0.41573	0.4902	0.47253	0.44186	0.46392	0.4466	0.40816	0.43158	0.47826	0.48387	0.48421	0.44554	0.41509	0.41667	0.48649	0.43519	0.47273	0.43333	0.46552	0.40196	0.46465	0.48624	0.4878	0.46429	0.44444	0.48039	0.46729	0.49474	0.44828	0.48387	0.5	0.47573	0.46602	0.49438	0.47788	0.5	0.48864	0.46739	0.49167	0.40625	0.46939	0.48387	0.48193	0.45631	0.49515	0.47959	0.47191	0.45745	0.47706	0.45192	0.49515	0.45	0.46226	0.47872	0.44	0.49485	0.42056	0.42718	0.47115	0.40385	0.36	0.44944	0.43529	0.4902	0.45455	0.38043	0.45631	0.45361	0.4898	0.47423	0.43243	0.43119	0.40741	0.5	0.46875	0.48	0.47619	0.46392	0.46602	0.47788	0.39604	0.46316	0.48544	0.48113	0.41667	0.46053	0.45263	0.47664	0.45968	0.45455	0.48673	0.47872	0.45161	0.45192	0.45	0.425	0.45833	0.41346	0.5	0.46729	0.41071	0.44444	0.49123	0.45882	0.49462	0.48889	0.3964	0.48571	0.5	0.48052	0.40659	0.48148	0.42857	0.48739	0.47191	0.45	0.48544	0.48544	0.46535	0.42857	0.46591	0.48438	0.39252	0.4321	0.47115	0.49515	0.43519	0.47475	0.49107	0.47778	0.46739	0.5	0.48276	0.45283	0.47525	0.48113	0.5	0.40659	0.43478	0.5	0.43299	0.45361	0.43333	0.5	0.48696	0.46316	0.47475	0.4898	0.5	0.47674	0.4902	0.45455	0.43137	0.46939	0.5	0.48598	0.44248	0.49558	0.48855	0.44444	0.42982	0.4375	0.45263	0.48624	0.43564	0.44681	0.41758	0.4375	0.48276	0.46316	0.42982	0.47706	0.45918	0.49038	0.44828	0.4881	0.47778	0.49474	0.49057	0.48837	0.46602	0.48837	0.42478	0.4902	0.48913	0.49524	0.43	0.43925	0.45556	0.5	0.4	0.5	0.47619	0.48352	0.49	0.47959	0.49495	0.48421	0.46226	0.47126	0.45	0.5	0.45631	0.42667	0.46078	0.49495	0.41176	0.48039	0.48039	0.5	0.49533	0.48649	0.44681	0.47222	0.46667	0.47059	0.48485	0.41237	0.48889	0.49587	0.4625	0.38384	0.49057	0.49091	0.4902	0.44	0.47826	0.46	0.46667	0.45631	0.44037	0.5	0.41284	0.4375	0.46535	0.49474	0.41304	0.49398	0.46316	0.4902	0.42857	0.48315	0.45	0.46939	0.45192	0.44444	0.46226	0.49524	0.43137	0.44156	0.46729	0.43878	0.43878	0.49485	0.42857	0.4898	0.43269	0.4	0.47368	0.41237	0.49	0.47899	0.46154	0.47706	0.45361	0.46667	0.49074	0.42424	0.44444	0.44792	0.43564	0.49462	0.45283	0.45192	0.45783	0.5	0.47619	0.41975	0.42857	0.39326	0.3913	0.46067	0.45299	0.40404	0.37719	0.46535	0.46226	0.49	0.42697	0.45161	0.4433	0.48739	0.45794	0.48333	0.47525	0.5	0.39216	0.4569	0.46789	0.5	0.5	0.46591	0.48571	0.46939	0.38095	0.46067	0.46154	0.45	0.47423	0.45977	0.45652	0.4086	0.43333	0.46667	0.44444	0.4381	0.49515	0.44554	0.48571	0.49091	0.44681	0.46875	0.42553	0.46875	0.4433	0.4375	0.47525	0.48454	0.46078	0.4	0.41837	0.45545	0.44898	0.44118	0.49505	0.42609	0.41837	0.45556	0.47253	0.40385	0.49438	0.43137	0.48315	0.45299	0.43421	0.46667	0.47287	0.47727	0.44565	0.46667	0.48936	0.46939	0.45038	0.5	0.47273	0.44828	0.47115	0.45745	0.41121	0.49565	0.48	0.45045	0.48837	0.46739	0.47525	0.46429	0.47748	0.46	0.5	0.49495	0.38043	0.48889	0.47561	0.43103	0.47674	0.4898	0.47619	0.48315	0.48276	0.48544	0.42017	0.47321	0.46729	0.45652	0.48889	0.46154	0.4466	0.4434	0.47297	0.4898	0.46875	0.48649	0.48148
cell90	0.32903	0.35374	0.31847	0.26452	0.31111	0.36932	0.36905	0.39521	0.34965	0.26012	0.36047	0.32716	0.27517	0.31928	0.3522	0.38667	0.29605	0.35811	0.3481	0.36628	0.32787	0.30769	0.27027	0.34247	0.33333	0.31447	0.34899	0.37013	0.39623	0.27778	0.36538	0.3741	0.31395	0.32759	0.32258	0.36585	0.33889	0.35329	0.28947	0.40107	0.34615	0.24713	0.36885	0.3125	0.31818	0.24476	0.30667	0.32544	0.36774	0.28105	0.26351	0.36184	0.25786	0.35032	0.40719	0.2807	0.32117	0.28082	0.41216	0.3526	0.35256	0.35669	0.35928	0.4359	0.35417	0.25595	0.37805	0.3	0.30978	0.3007	0.33908	0.34532	0.34615	0.34615	0.29487	0.25786	0.35882	0.33813	0.32051	0.28736	0.21622	0.30994	0.35052	0.27211	0.25974	0.34911	0.34969	0.27381	0.32558	0.30488	0.29333	0.32544	0.30769	0.35036	0.37195	0.3522	0.32298	0.32258	0.34247	0.43671	0.32258	0.36301	0.36765	0.34161	0.31646	0.29825	0.38122	0.29299	0.40385	0.36747	0.375	0.33333	0.2956	0.36154	0.37931	0.32298	0.35366	0.35802	0.31737	0.30233	0.32275	0.33133	0.34146	0.32544	0.4026	0.37209	0.25926	0.36517	0.30597	0.34091	0.35762	0.36508	0.3481	0.30061	0.36601	0.36646	0.30387	0.27857	0.38462	0.32258	0.34211	0.30189	0.31977	0.34146	0.31061	0.34532	0.37086	0.28082	0.37853	0.35036	0.26389	0.35152	0.35	0.3758	0.30921	0.36634	0.26027	0.37931	0.38732	0.35882	0.34254	0.37107	0.29697	0.33125	0.24324	0.31613	0.26875	0.3697	0.36585	0.33333	0.29054	0.28994	0.39865	0.35821	0.32192	0.39024	0.30818	0.29586	0.39785	0.35766	0.33553	0.28105	0.31469	0.30508	0.34483	0.2956	0.30345	0.35484	0.3038	0.28655	0.41135	0.31655	0.30189	0.31461	0.35849	0.27895	0.35758	0.37821	0.31818	0.32044	0.41765	0.37226	0.27811	0.32168	0.33793	0.34884	0.36478	0.32778	0.33939	0.39456	0.33735	0.31551	0.29714	0.31081	0.32911	0.27879	0.30857	0.29677	0.29054	0.31169	0.30822	0.34132	0.35366	0.33918	0.3526	0.34395	0.29268	0.38298	0.34615	0.28659	0.34591	0.32692	0.30994	0.32759	0.33548	0.41011	0.29814	0.33143	0.33571	0.32857	0.32877	0.30282	0.36126	0.32168	0.48507	0.48039	0.45536	0.48	0.46429	0.47059	0.47115	0.46392	0.48305	0.43023	0.45161	0.42697	0.33333	0.46512	0.43333	0.49462	0.45192	0.48696	0.42063	0.5	0.49074	0.47222	0.46875	0.47674	0.49438	0.46875	0.48077	0.39326	0.44762	0.43103	0.45946	0.48889	0.47321	0.48454	0.45614	0.49107	0.47573	0.46809	0.46667	0.47656	0.48387	0.48454	0.4466	0.47525	0.44037	0.46729	0.45299	0.49505	0.45763	0.49533	0.5	0.49451	0.46939	0.46552	0.42991	0.43137	0.42991	0.48515	0.42593	0.48936	0.44144	0.49123	0.49	0.44248	0.48077	0.44762	0.49	0.45045	0.49	0.45192	0.48361	0.48958	0.48246	0.48571	0.4918	0.46591	0.5	0.41026	0.5	0.46316	0.46552	0.4902	0.43	0.48333	0.48077	0.46154	0.44565	0.49533	0.46429	0.44915	0.45455	0.48819	0.42056	0.48739	0.49485	0.38843	0.5	0.45455	0.45714	0.46	0.46552	0.43519	0.38947	0.45902	0.4466	0.47664	0.49091	0.46078	0.40741	0.46535	0.44944	0.4717	0.48077	0.46809	0.46847	0.45	0.45161	0.47475	0.47706	0.49618	0.48438	0.47727	0.47967	0.47312	0.39604	0.48485	0.44954	0.49587	0.44792	0.45833	0.47191	0.47863	0.41667	0.45055	0.47	0.47967	0.45	0.46847	0.43878	0.47664	0.3945	0.43617	0.4898	0.44118	0.43519	0.47059	0.49505	0.40187	0.48	0.41053	0.5	0.4881	0.49206	0.45161	0.36364	0.45669	0.48454	0.44828	0.48624	0.5	0.46789	0.41228	0.49038	0.45192	0.41176	0.40777	0.45536	0.40367	0.47748	0.48571	0.40566	0.44565	0.49451	0.41237	0.45918	0.46847	0.49515	0.41228	0.44	0.45714	0.48571	0.4625	0.48718	0.5	0.48101	0.48182	0.48148	0.45361	0.46154	0.48649	0.48936	0.49038	0.44565	0.45536	0.47059	0.425	0.49474	0.49074	0.46465	0.44737	0.48696	0.48889	0.45455	0.45783	0.45918	0.39604	0.48958	0.49524	0.48598	0.36607	0.47059	0.41489	0.48214	0.48673	0.43396	0.47222	0.46667	0.43396	0.48936	0.48077	0.42748	0.41509	0.4434	0.46154	0.44681	0.46835	0.42105	0.49091	0.5	0.42391	0.48352	0.48913	0.49558	0.42453	0.46535	0.49462	0.4557	0.48039	0.42991	0.5	0.5	0.49541	0.49541	0.43333	0.41667	0.47748	0.3908	0.48673	0.48958	0.42742	0.37624	0.44231	0.44248	0.47273
cell91	0.35417	0.35088	0.36601	0.30464	0.34911	0.31507	0.40972	0.29577	0.35294	0.38788	0.36076	0.3245	0.29104	0.35714	0.35537	0.33333	0.27517	0.35156	0.3	0.37255	0.3169	0.36364	0.30935	0.31928	0.27692	0.3268	0.33333	0.37179	0.29677	0.33083	0.35915	0.35385	0.28387	0.32051	0.32484	0.30303	0.29078	0.35583	0.40667	0.32867	0.42063	0.37795	0.30345	0.31818	0.32484	0.25	0.28477	0.33758	0.24828	0.34177	0.40132	0.31915	0.35443	0.375	0.28	0.33103	0.36111	0.36054	0.40441	0.45378	0.37719	0.35664	0.34568	0.33898	0.25175	0.35484	0.4	0.35897	0.37063	0.3662	0.40936	0.35616	0.38415	0.43357	0.352	0.31884	0.27545	0.35385	0.32558	0.3	0.35172	0.41818	0.36471	0.2695	0.38816	0.34746	0.26351	0.34752	0.33974	0.35802	0.35185	0.30065	0.44118	0.31624	0.28667	0.37778	0.37931	0.34965	0.3	0.28662	0.33728	0.36364	0.35772	0.3913	0.34965	0.30657	0.37681	0.27451	0.29412	0.39344	0.33544	0.30769	0.35256	0.27068	0.2971	0.35948	0.37086	0.27273	0.30667	0.28649	0.30769	0.32903	0.30769	0.32886	0.31373	0.34437	0.35404	0.33793	0.33088	0.37956	0.37984	0.32283	0.36735	0.36424	0.36735	0.325	0.3787	0.28205	0.32653	0.33766	0.27389	0.36429	0.28571	0.35484	0.3268	0.29655	0.33846	0.42537	0.31677	0.38095	0.34194	0.30986	0.31618	0.28889	0.36806	0.30405	0.32576	0.30921	0.35338	0.33077	0.31977	0.42857	0.3	0.3609	0.34932	0.32911	0.37143	0.36364	0.4125	0.30345	0.36184	0.30534	0.3268	0.32886	0.30935	0.24848	0.27922	0.29487	0.32278	0.35772	0.37778	0.37405	0.31325	0.31609	0.35333	0.27007	0.32278	0.31655	0.29078	0.34118	0.34959	0.33553	0.35333	0.35465	0.35385	0.28931	0.32877	0.32624	0.33557	0.36429	0.37013	0.3354	0.3	0.3121	0.29787	0.30303	0.36184	0.38571	0.25503	0.25175	0.31613	0.2766	0.31915	0.40458	0.35878	0.29496	0.27206	0.32237	0.31056	0.35461	0.25714	0.35556	0.325	0.30882	0.28148	0.35433	0.34228	0.31757	0.37162	0.34839	0.3125	0.3268	0.38514	0.38571	0.31373	0.27559	0.36296	0.32692	0.38728	0.30769	0.33858	0.37143	0.39855	0.37748	0.45545	0.40196	0.46602	0.42308	0.47115	0.41748	0.46535	0.43878	0.48515	0.47778	0.49485	0.48148	0.45882	0.49565	0.40541	0.49383	0.42424	0.41228	0.48193	0.43434	0.46602	0.4898	0.47619	0.44898	0.47619	0.49038	0.47312	0.4125	0.48	0.46226	0.46739	0.45882	0.48276	0.41071	0.41489	0.45631	0.45045	0.49451	0.43373	0.4876	0.5	0.46809	0.5	0.49	0.47826	0.38043	0.47959	0.48113	0.4381	0.43396	0.3945	0.46154	0.44211	0.4625	0.4466	0.43902	0.44318	0.44	0.48936	0.47706	0.48387	0.42708	0.48515	0.42857	0.44954	0.47321	0.38776	0.45055	0.42045	0.4486	0.47368	0.47423	0.48113	0.42574	0.47368	0.45	0.47917	0.48889	0.5	0.41509	0.47253	0.38889	0.47872	0.40426	0.48515	0.47059	0.45299	0.41322	0.44156	0.46491	0.44118	0.38889	0.48276	0.46739	0.43662	0.43478	0.44565	0.47312	0.43878	0.48936	0.48958	0.45	0.49474	0.43137	0.49	0.48936	0.48	0.47727	0.40217	0.47619	0.47778	0.48421	0.48315	0.49	0.47253	0.47959	0.47423	0.42424	0.45918	0.49495	0.49474	0.45263	0.48571	0.32787	0.42268	0.5	0.45918	0.43023	0.45652	0.47872	0.44	0.42045	0.48246	0.45263	0.42697	0.48421	0.48039	0.49485	0.49398	0.5	0.49425	0.49038	0.47191	0.46465	0.47525	0.49425	0.47826	0.38384	0.47475	0.48454	0.48077	0.49451	0.43617	0.47967	0.45263	0.45794	0.49438	0.4466	0.47863	0.49558	0.45238	0.47872	0.44286	0.5	0.47	0.46667	0.4375	0.47222	0.47917	0.4955	0.43878	0.46154	0.44565	0.46465	0.48515	0.42424	0.47525	0.42857	0.41284	0.47748	0.49515	0.47674	0.47368	0.49474	0.45556	0.46939	0.45745	0.42105	0.44444	0.49383	0.45745	0.45161	0.45098	0.47706	0.47368	0.44554	0.42453	0.48837	0.46739	0.38776	0.45918	0.46739	0.5	0.48936	0.33333	0.38372	0.49485	0.43966	0.44944	0.49398	0.49541	0.48889	0.42268	0.49485	0.48193	0.46667	0.47	0.4537	0.46316	0.45714	0.43902	0.43333	0.47573	0.5	0.44211	0.47778	0.44086	0.47917	0.45122	0.47	0.41667	0.46429	0.44211	0.45918	0.43956	0.49474	0.45833	0.47727	0.45977	0.47059	0.45045	0.46	0.43137	0.46903	0.48454	0.4375	0.46154	0.44762	0.35354	0.47674	0.47423	0.47368	0.4188	0.46364
cell92	0.32576	0.34146	0.32215	0.34641	0.37162	0.35256	0.28652	0.28824	0.37908	0.34868	0.34591	0.34459	0.34783	0.34756	0.32609	0.36301	0.35766	0.31944	0.40625	0.33553	0.36296	0.3719	0.29932	0.31293	0.40141	0.33333	0.28058	0.30189	0.30822	0.32331	0.3	0.28205	0.33333	0.33784	0.3169	0.33077	0.29333	0.38931	0.38806	0.31973	0.25874	0.34646	0.37037	0.35252	0.31538	0.31429	0.33333	0.30303	0.41085	0.41259	0.34641	0.28082	0.36207	0.34286	0.33333	0.30833	0.38889	0.32	0.33858	0.36434	0.36066	0.37589	0.31169	0.35075	0.30921	0.31452	0.35616	0.33548	0.38168	0.42424	0.36184	0.34091	0.28481	0.34815	0.31193	0.30597	0.30719	0.29861	0.31579	0.3125	0.31746	0.33333	0.31667	0.3	0.34028	0.25862	0.29167	0.34615	0.33562	0.34437	0.34694	0.30556	0.33588	0.39837	0.34028	0.27152	0.37143	0.30667	0.26623	0.30675	0.30247	0.31293	0.24667	0.40667	0.38926	0.36875	0.28571	0.33962	0.36129	0.29333	0.31452	0.4	0.33099	0.34028	0.34375	0.33333	0.27703	0.3125	0.27439	0.3268	0.38168	0.32515	0.31081	0.375	0.31579	0.27586	0.36842	0.33333	0.28058	0.33557	0.35185	0.24658	0.33113	0.33784	0.4087	0.34783	0.35976	0.32749	0.30667	0.34532	0.34228	0.37654	0.31373	0.32117	0.37037	0.28696	0.37692	0.28767	0.37162	0.33835	0.38926	0.36774	0.36301	0.33117	0.28477	0.39286	0.35664	0.30435	0.37037	0.27451	0.33103	0.28986	0.34161	0.40441	0.28788	0.34646	0.29286	0.31737	0.32759	0.3662	0.37857	0.3719	0.32331	0.4	0.33846	0.34586	0.31169	0.33133	0.32584	0.31111	0.37838	0.34839	0.30282	0.27976	0.37313	0.34615	0.33846	0.33858	0.24194	0.3038	0.32836	0.344	0.25694	0.32768	0.34646	0.30488	0.35948	0.31538	0.43949	0.33793	0.36054	0.36765	0.39394	0.31507	0.35156	0.336	0.3354	0.37671	0.38129	0.37241	0.36154	0.38608	0.36196	0.37888	0.35	0.30303	0.32886	0.33058	0.40136	0.32353	0.37209	0.33083	0.41538	0.34266	0.36313	0.33858	0.38415	0.32639	0.34483	0.28125	0.275	0.28387	0.21769	0.38732	0.32877	0.2971	0.32749	0.42657	0.35294	0.34167	0.37179	0.4	0.33929	0.32576	0.5	0.49138	0.4382	0.48148	0.45455	0.47619	0.44828	0.43363	0.45652	0.46667	0.47727	0.45455	0.46667	0.45882	0.4902	0.41818	0.5	0.45652	0.43137	0.48958	0.38824	0.44681	0.40741	0.47368	0.46226	0.47423	0.42222	0.47959	0.5	0.48182	0.46154	0.49451	0.43925	0.41758	0.40449	0.48214	0.49485	0.47573	0.45714	0.46491	0.44898	0.46512	0.42391	0.4955	0.49462	0.44444	0.44118	0.42857	0.47959	0.37374	0.45283	0.44565	0.425	0.38938	0.5	0.48571	0.42857	0.5	0.46739	0.44792	0.44086	0.48515	0.46154	0.48077	0.44554	0.43925	0.5	0.46591	0.4717	0.49495	0.44944	0.49425	0.49451	0.47423	0.41758	0.46377	0.46809	0.49351	0.43678	0.43333	0.4955	0.46875	0.41905	0.45455	0.38889	0.42424	0.40217	0.42424	0.47872	0.46667	0.48	0.48361	0.43396	0.48	0.38667	0.5	0.44118	0.43137	0.43966	0.47475	0.48913	0.42424	0.48837	0.44898	0.47619	0.42857	0.4881	0.4466	0.44545	0.47368	0.4625	0.45055	0.49425	0.48544	0.41111	0.41772	0.48315	0.48276	0.48649	0.47826	0.42391	0.47191	0.48598	0.47778	0.47727	0.45536	0.46789	0.49438	0.47674	0.43925	0.34737	0.46296	0.44	0.44086	0.47126	0.42857	0.5	0.42857	0.44211	0.43956	0.4625	0.48182	0.4026	0.49524	0.49495	0.46465	0.47917	0.47423	0.48315	0.4359	0.45631	0.41176	0.48837	0.4381	0.44118	0.49474	0.4537	0.4898	0.43878	0.42857	0.45679	0.48718	0.48315	0.47706	0.44211	0.49	0.46535	0.46602	0.42667	0.44248	0.43902	0.47222	0.48673	0.48039	0.48598	0.42857	0.4	0.47674	0.48387	0.48113	0.46753	0.46341	0.47368	0.49057	0.4	0.42342	0.45161	0.45714	0.43396	0.47312	0.47191	0.49438	0.49524	0.47312	0.49275	0.47826	0.4902	0.46809	0.45238	0.4381	0.46789	0.44792	0.49074	0.45545	0.47368	0.35526	0.46875	0.47727	0.44086	0.43	0.46535	0.45161	0.46465	0.43617	0.40385	0.43925	0.38947	0.48649	0.43678	0.48214	0.4375	0.46667	0.48182	0.44444	0.5	0.4557	0.47788	0.44118	0.41584	0.40741	0.49425	0.39326	0.5	0.43434	0.46154	0.47788	0.39759	0.43878	0.49474	0.47917	0.49412	0.48276	0.46	0.45652	0.38095	0.3956	0.36486	0.48148	0.45299	0.38554	0.46392	0.40449	0.41121	0.47059
cell93	0.34586	0.25243	0.31193	0.33051	0.375	0.38793	0.33065	0.30435	0.29204	0.38889	0.49558	0.38095	0.28125	0.368	0.32787	0.32174	0.32308	0.30702	0.32759	0.3622	0.27826	0.32203	0.33058	0.33654	0.32886	0.27966	0.31008	0.3211	0.39831	0.35043	0.35156	0.34454	0.32773	0.33846	0.31967	0.35043	0.3964	0.31897	0.34375	0.35593	0.34351	0.38298	0.32407	0.33663	0.31068	0.34426	0.375	0.31452	0.31532	0.41176	0.25843	0.38168	0.352	0.33594	0.25217	0.29204	0.31783	0.33333	0.31068	0.32258	0.33945	0.30496	0.26471	0.28	0.34959	0.38542	0.35455	0.28571	0.24762	0.31034	0.41	0.32727	0.27826	0.29787	0.31429	0.25893	0.32258	0.37931	0.33628	0.35537	0.29348	0.29358	0.37324	0.32979	0.27692	0.40351	0.27559	0.33645	0.26724	0.39	0.36719	0.33981	0.38095	0.31933	0.28205	0.28926	0.31343	0.31897	0.36207	0.34884	0.31405	0.26446	0.35644	0.46774	0.30769	0.37838	0.2243	0.35455	0.24752	0.28947	0.40909	0.2521	0.35484	0.35652	0.39823	0.33028	0.37838	0.375	0.28972	0.31343	0.37391	0.31034	0.29787	0.33607	0.33582	0.28333	0.33094	0.35417	0.32323	0.27826	0.30189	0.42157	0.3125	0.41667	0.30097	0.35484	0.23256	0.31193	0.35593	0.34513	0.36937	0.34259	0.37692	0.34167	0.35294	0.34211	0.29365	0.32576	0.32812	0.34653	0.31624	0.33636	0.27434	0.35772	0.38636	0.27049	0.35185	0.375	0.35227	0.32479	0.36364	0.38596	0.29851	0.28155	0.35577	0.34783	0.31683	0.34783	0.32283	0.28571	0.33582	0.24771	0.35714	0.29134	0.33333	0.26446	0.33962	0.35	0.30233	0.36538	0.38983	0.30392	0.34426	0.29134	0.36641	0.31746	0.30476	0.30909	0.30081	0.37594	0.30252	0.34783	0.33333	0.29921	0.31959	0.33884	0.37956	0.32824	0.3169	0.33846	0.31858	0.3871	0.36364	0.35556	0.33071	0.35294	0.37143	0.35537	0.31034	0.29752	0.33051	0.27434	0.3629	0.36975	0.33333	0.36842	0.3	0.25225	0.32203	0.30894	0.33028	0.30645	0.29907	0.34579	0.33065	0.33	0.27619	0.328	0.312	0.36585	0.28889	0.32353	0.34906	0.304	0.34513	0.39286	0.29365	0.35897	0.36634	0.3	0.29204	0.31148	0.37069	0.37405	0.48649	0.47143	0.4186	0.44444	0.49351	0.43333	0.49412	0.49398	0.43662	0.4	0.40625	0.46753	0.44595	0.46316	0.45	0.47368	0.46835	0.48052	0.44444	0.44444	0.48649	0.39394	0.48837	0.44118	0.45349	0.47297	0.45	0.46988	0.48889	0.48837	0.47059	0.48421	0.43529	0.47143	0.37838	0.44737	0.47222	0.46429	0.44	0.48	0.5	0.48958	0.42029	0.49351	0.45333	0.4898	0.48718	0.48193	0.47727	0.5	0.45679	0.4086	0.4881	0.47692	0.47436	0.38889	0.44304	0.40964	0.5	0.43678	0.48718	0.49451	0.47436	0.46575	0.49315	0.44444	0.42857	0.36364	0.46667	0.48315	0.5	0.49398	0.44262	0.49315	0.5	0.49206	0.46053	0.42105	0.42169	0.47436	0.44	0.43478	0.5	0.48529	0.48571	0.47297	0.44828	0.47674	0.33333	0.49367	0.40476	0.48864	0.48315	0.47368	0.46032	0.37143	0.41667	0.44444	0.48148	0.49351	0.46053	0.43662	0.48235	0.47222	0.44595	0.49383	0.42188	0.36471	0.4186	0.42254	0.38806	0.47059	0.48235	0.48	0.45783	0.4	0.47541	0.47945	0.49296	0.44792	0.5	0.4918	0.45161	0.44444	0.46552	0.4375	0.46067	0.48052	0.45882	0.45714	0.48837	0.46667	0.46835	0.45946	0.40845	0.46667	0.44444	0.4	0.44444	0.48718	0.43478	0.4878	0.43077	0.42857	0.45238	0.46429	0.48889	0.49383	0.44828	0.44595	0.48438	0.43077	0.47778	0.48	0.44706	0.45238	0.44872	0.48958	0.45349	0.48	0.5	0.44444	0.46269	0.45882	0.45679	0.44186	0.46575	0.43158	0.47297	0.44304	0.5	0.36585	0.40909	0.45763	0.47297	0.45455	0.4557	0.47619	0.42683	0.49451	0.46341	0.49367	0.48864	0.39286	0.44444	0.45	0.47191	0.34667	0.48052	0.38202	0.4557	0.49383	0.40698	0.44872	0.30588	0.49254	0.48529	0.44286	0.40244	0.47561	0.43836	0.4875	0.38889	0.4697	0.46269	0.5	0.48485	0.46479	0.45	0.48421	0.47778	0.45333	0.46341	0.5	0.44211	0.375	0.47059	0.49451	0.47945	0.45679	0.45783	0.48315	0.40299	0.46154	0.41667	0.41772	0.5	0.44872	0.48	0.42857	0.41071	0.49315	0.4507	0.48148	0.47826	0.39706	0.43038	0.39024	0.48148	0.44595	0.44118	0.45631	0.49462	0.48718	0.48052	0.48649	0.47887	0.41935	0.38667	0.45122	0.45679	0.47436	0.5	0.48571
cell94	0.5	0.49057	0.49495	0.44954	0.47826	0.49153	0.43519	0.44086	0.40244	0.46729	0.4902	0.44444	0.46667	0.49153	0.46789	0.4434	0.49485	0.44898	0.48246	0.5	0.3625	0.47619	0.5	0.5	0.49541	0.5	0.41758	0.47934	0.45794	0.47692	0.45833	0.42708	0.49541	0.47009	0.42373	0.48936	0.48276	0.48571	0.48913	0.47009	0.46364	0.48315	0.46875	0.48571	0.46154	0.42222	0.48421	0.33962	0.35542	0.35172	0.38462	0.30769	0.35673	0.35465	0.32919	0.31944	0.36957	0.35542	0.43243	0.34118	0.40136	0.31319	0.36723	0.26573	0.31677	0.35172	0.29139	0.26994	0.30921	0.2953	0.32639	0.38125	0.31677	0.33094	0.29496	0.0	0.0	0.0	0.0	0.0	0.0	0.0	0.0	0.0	0.5	0.5	0.5	0.0	0.0	0.0	0.49533	0.48485	0.44954	0.47059	0.46	0.44545	0.48113	0.40909	0.45	0.46094	0.43902	0.44444	0.46465	0.47525	0.48305	0.47458	0.44444	0.47423	0.47423	0.47	0.44355	0.47	0.44	0.42157	0.47826	0.39623	0.41237	0.49074	0.47525	0.43299	0.46591	0.48333	0.46078	0.47899	0.48958	0.45	0.49587	0.4902	0.47706	0.44792	0.46316	0.48598	0.37113	0.5	0.48837	0.47273	0.488	0.43878	0.45455	0.43925	0.48864	0.49524	0.44318	0.47107	0.49091	0.40449	0.47297	0.46552	0.4537	0.4486	0.49495	0.47872	0.45192	0.4466	0.47115	0.48039	0.37895	0.44118	0.4717	0.47423	0.5	0.46939	0.47154	0.44248	0.44828	0.45192	0.47321	0.49573	0.48148	0.46903	0.44348	0.5	0.43023	0.48214	0.47423	0.4537	0.48649	0.43564	0.47573	0.49425	0.45192	0.44086	0.45631	0.48696	0.5	0.4955	0.44144	0.48148	0.42268	0.48276	0.47475	0.44828	0.47273	0.43796	0.5	0.43363	0.47368	0.48246	0.46809	0.42157	0.49558	0.43299	0.44882	0.48673	0.5	0.47778	0.42593	0.40952	0.49038	0.45133	0.42017	0.37624	0.4717	0.5	0.46154	0.42105	0.49495	0.49565	0.475	0.45833	0.47423	0.47778	0.49505	0.41935	0.47107	0.48148	0.46316	0.47619	0.4127	0.42593	0.45312	0.44554	0.5	0.48113	0.47664	0.48276	0.48276	0.43651	0.4717	0.48913	0.47059	0.40187	0.45455	0.46018	0.47414	0.47368	0.45098	0.42453	0.46429	0.464	0.44037	0.49167	0.46018	0.4955	0.46957	0.45455	0.48485	0.45098	0.48649	0.48148	0.45882	0.46364	0.41667	0.47826	0.49541	0.46296	0.46729	0.42574	0.48305	0.49123	0.40678	0.46988	0.44954	0.45133	0.46875	0.41071	0.43103	0.45783	0.45045	0.40952	0.49462	0.46512	0.42593	0.46324	0.44231	0.40708	0.45133	0.4661	0.44828	0.44068	0.47664	0.48305	0.47573	0.45455	0.42593	0.48673	0.41739	0.47368	0.49505	0.472	0.45833	0.44545	0.45349	0.4878	0.4958	0.35165	0.42105	0.45455	0.48454	0.49091	0.4717	0.47826	0.44954	0.43011	0.47573	0.49038	0.46	0.47619	0.45299	0.5	0.46875	0.4898	0.48598	0.48454	0.49533	0.49438	0.47706	0.46729	0.49485	0.48235	0.45263	0.48696	0.49533	0.45833	0.47222	0.424	0.49573	0.44715	0.4359	0.49383	0.44186	0.4188	0.4918	0.46392	0.45098	0.47525	0.48361	0.44444	0.49474	0.48624	0.47414	0.48077	0.46591	0.42157	0.46	0.43878	0.47126	0.46364	0.49524	0.5	0.43363	0.47872	0.49533	0.49	0.46667	0.5	0.44737	0.49	0.48113	0.47619	0.48315	0.46667	0.42424	0.45714	0.42453	0.472	0.47967	0.44954	0.46392	0.44248	0.47368	0.46364	0.4486	0.49107	0.47872	0.49194	0.5	0.46296	0.40816	0.48696	0.47917	0.41818	0.46491	0.48235	0.43878	0.41573	0.44444	0.49038	0.4466	0.49057	0.49524	0.4	0.45217	0.47525	0.41558	0.49425	0.46465	0.40952	0.45283	0.37864	0.4486	0.41538	0.46465	0.46957	0.48864	0.47154	0.47458	0.49485	0.49315	0.49038	0.46602	0.48387	0.48864	0.4717	0.44348	0.45882	0.5	0.48649	0.5	0.40909	0.44248	0.47222	0.42553	0.43564	0.43396	0.48718	0.45631	0.45324	0.44737	0.47368	0.5	0.47863	0.45794	0.4958	0.46535	0.45055	0.475	0.4375	0.48696	0.44037	0.45763	0.49474	0.49107	0.46154	0.47826	0.5	0.49286	0.49231	0.42727	0.42857	0.40777	0.48515	0.43011	0.48571	0.48696	0.49485	0.45045	0.41818	0.5	0.45283	0.47619	0.49074	0.49138	0.47368	0.47	0.47778	0.47253	0.41346	0.46087	0.47664	0.40909	0.45833	0.44762	0.47727	0.43363	0.48276	0.49038	0.48515	0.42857	0.49485	0.42	0.45217	0.46591	0.45361	0.49167	0.37255	0.41071	0.48214
cell95	0.34074	0.30435	0.35461	0.48718	0.32895	0.30488	0.33553	0.24823	0.32593	0.35417	0.36879	0.26207	0.37963	0.30952	0.34328	0.25758	0.392	0.32895	0.37013	0.34783	0.27972	0.29134	0.34615	0.37037	0.33824	0.25641	0.33987	0.32414	0.27007	0.34591	0.38686	0.31387	0.34932	0.30488	0.31724	0.33333	0.31818	0.38849	0.31111	0.42063	0.31429	0.25899	0.34328	0.33043	0.31343	0.34375	0.32479	0.30519	0.26829	0.31818	0.28346	0.33577	0.35115	0.32215	0.31746	0.39669	0.29688	0.41481	0.36029	0.27869	0.31293	0.30818	0.3169	0.34234	0.375	0.33871	0.2875	0.375	0.34694	0.34375	0.30709	0.39024	0.34722	0.30252	0.30714	0.34	0.29452	0.28926	0.33121	0.34965	0.32593	0.33333	0.30345	0.36567	0.344	0.26724	0.33577	0.29545	0.32374	0.34677	0.31707	0.32117	0.36496	0.36434	0.38255	0.38889	0.32867	0.31159	0.36667	0.38	0.27564	0.30534	0.38356	0.32075	0.37594	0.41406	0.37762	0.36842	0.33094	0.44828	0.29496	0.34375	0.33094	0.32331	0.31333	0.33077	0.29496	0.32624	0.32609	0.26667	0.34483	0.33742	0.35625	0.3557	0.37008	0.28169	0.27891	0.38938	0.35075	0.33621	0.37143	0.31061	0.27632	0.35616	0.28906	0.3617	0.29851	0.34848	0.34266	0.29565	0.31788	0.3245	0.34058	0.31343	0.28346	0.35915	0.38655	0.39583	0.36552	0.37324	0.36429	0.35	0.38168	0.39706	0.37302	0.37037	0.34426	0.36478	0.31193	0.30921	0.375	0.34532	0.36765	0.33333	0.29008	0.29655	0.38065	0.33553	0.31818	0.37795	0.26144	0.32353	0.33065	0.2782	0.32203	0.3268	0.32026	0.37589	0.31973	0.36937	0.31298	0.37815	0.37762	0.37584	0.31655	0.38849	0.30282	0.30303	0.35433	0.33333	0.36957	0.32624	0.35036	0.25926	0.28906	0.31579	0.328	0.32168	0.37398	0.29861	0.30345	0.37594	0.31469	0.33544	0.31387	0.35115	0.30496	0.38415	0.3	0.29921	0.36957	0.2987	0.39695	0.37594	0.37405	0.26619	0.33071	0.37241	0.30597	0.36765	0.3254	0.25688	0.30882	0.36424	0.37143	0.35971	0.31875	0.35526	0.26752	0.27737	0.4	0.29921	0.33103	0.36879	0.3354	0.31776	0.35	0.28986	0.36364	0.28682	0.29839	0.38971	0.35	0.25	0.48039	0.47619	0.45263	0.47778	0.5	0.45745	0.46591	0.3871	0.42424	0.46479	0.47619	0.42424	0.49451	0.45055	0.48837	0.45679	0.42708	0.5	0.45745	0.49495	0.42222	0.45833	0.42424	0.45882	0.48387	0.4466	0.44037	0.5	0.42718	0.41584	0.34091	0.47115	0.47674	0.46465	0.44048	0.46667	0.48544	0.43137	0.42169	0.4958	0.39326	0.48387	0.45161	0.46078	0.41379	0.46392	0.45455	0.46237	0.45794	0.4898	0.49524	0.4433	0.46591	0.44444	0.45977	0.36275	0.46429	0.46237	0.43373	0.46667	0.46341	0.43333	0.48544	0.46465	0.48193	0.46739	0.46465	0.44944	0.46591	0.46154	0.5	0.47887	0.43529	0.44086	0.5	0.39744	0.40449	0.47222	0.44944	0.48684	0.41584	0.44086	0.47826	0.46465	0.43421	0.46226	0.39683	0.48182	0.45783	0.4	0.47872	0.4433	0.46154	0.47321	0.4881	0.48837	0.48889	0.4125	0.47191	0.45055	0.47423	0.46154	0.4382	0.47959	0.49107	0.48936	0.4382	0.46154	0.4	0.43333	0.4881	0.48276	0.48485	0.47059	0.46226	0.4557	0.48235	0.46237	0.48889	0.43564	0.49474	0.44318	0.41837	0.48684	0.45745	0.35366	0.48864	0.43564	0.48837	0.45455	0.41379	0.48276	0.46903	0.42857	0.37333	0.4321	0.49333	0.46939	0.47692	0.47959	0.48485	0.36607	0.42857	0.46154	0.48276	0.45	0.44444	0.49451	0.46	0.40964	0.45122	0.48889	0.44086	0.49074	0.49438	0.42718	0.43158	0.44048	0.5	0.40217	0.44944	0.42105	0.49505	0.41758	0.42697	0.49091	0.46226	0.48	0.36765	0.47475	0.5	0.45977	0.48544	0.4717	0.47368	0.41176	0.46602	0.40909	0.47619	0.42202	0.42857	0.48276	0.46067	0.43564	0.46535	0.48515	0.47475	0.42045	0.4382	0.48544	0.46667	0.42857	0.425	0.48421	0.45349	0.39286	0.48515	0.46739	0.47475	0.42391	0.43333	0.46154	0.48544	0.45977	0.42056	0.49462	0.44211	0.46988	0.47826	0.48454	0.3125	0.45361	0.42169	0.43158	0.3956	0.47321	0.47788	0.48052	0.37805	0.48315	0.46237	0.47778	0.44086	0.45783	0.45745	0.49533	0.47475	0.48958	0.48485	0.4625	0.39216	0.45238	0.45745	0.39706	0.46429	0.48387	0.4875	0.48936	0.48571	0.48864	0.45263	0.40659	0.4902	0.49515	0.42857	0.38	0.48352	0.38889	0.45361	0.44211	0.35514	0.47674	0.46226	0.47
cell96	0.40357	0.34058	0.35547	0.34783	0.29934	0.32765	0.31047	0.30142	0.38846	0.37201	0.37786	0.35714	0.3691	0.33101	0.36576	0.37083	0.29752	0.34413	0.34375	0.33969	0.30903	0.32692	0.33449	0.31298	0.34981	0.33214	0.3083	0.31818	0.30797	0.29699	0.34965	0.33469	0.32333	0.31734	0.33446	0.33645	0.35507	0.28519	0.29814	0.28958	0.28689	0.37069	0.33453	0.29046	0.29963	0.32075	0.33468	0.32459	0.30743	0.3614	0.34137	0.3169	0.36842	0.32028	0.31034	0.24123	0.34812	0.34646	0.31557	0.31655	0.34902	0.33074	0.32886	0.37295	0.36567	0.37555	0.24907	0.32075	0.31535	0.35379	0.32593	0.35169	0.32095	0.34959	0.3547	0.30165	0.33574	0.33462	0.3452	0.3045	0.34677	0.3125	0.29878	0.33333	0.40146	0.32609	0.35472	0.31802	0.35146	0.31698	0.30483	0.33818	0.31624	0.35983	0.35907	0.3227	0.32721	0.33871	0.28992	0.35048	0.31579	0.31325	0.38351	0.27715	0.33835	0.33465	0.31164	0.33077	0.30952	0.30769	0.35379	0.38868	0.34496	0.31727	0.33922	0.32218	0.31667	0.32567	0.35865	0.36264	0.36576	0.34035	0.35484	0.35962	0.3	0.34028	0.32542	0.28679	0.37193	0.36546	0.35055	0.3125	0.27957	0.34815	0.29719	0.33846	0.29329	0.37276	0.37288	0.35391	0.37052	0.30901	0.36777	0.30075	0.31967	0.24908	0.341	0.32963	0.35231	0.35573	0.336	0.33591	0.36287	0.34459	0.37681	0.37262	0.304	0.292	0.33784	0.32963	0.27174	0.29825	0.34409	0.32	0.32609	0.33032	0.31071	0.29897	0.32609	0.36201	0.32982	0.35401	0.31955	0.36965	0.33333	0.34098	0.32685	0.30216	0.34667	0.29435	0.38393	0.34959	0.39062	0.35764	0.34118	0.28571	0.36301	0.3431	0.31923	0.29966	0.30502	0.33977	0.35165	0.32515	0.38889	0.34483	0.30634	0.3719	0.33106	0.34944	0.30597	0.35294	0.31939	0.35772	0.34749	0.35145	0.38909	0.33333	0.30864	0.37175	0.3087	0.28352	0.31203	0.34902	0.37209	0.34875	0.30189	0.34052	0.32042	0.34363	0.33459	0.35246	0.33808	0.30741	0.32867	0.33333	0.27687	0.32314	0.33955	0.34457	0.31317	0.33043	0.29818	0.37193	0.33585	0.30859	0.30037	0.38583	0.27419	0.32677	0.35628	0.28044	0.31301	0.30657	0.48259	0.47179	0.44512	0.46448	0.44505	0.44974	0.42262	0.47573	0.48718	0.47586	0.46707	0.47541	0.46995	0.49735	0.48256	0.46196	0.46196	0.43478	0.47644	0.49721	0.47159	0.48295	0.47027	0.45506	0.45251	0.48214	0.46632	0.49045	0.49419	0.49451	0.49367	0.43713	0.48276	0.45806	0.47727	0.49143	0.48663	0.44086	0.47027	0.5	0.48193	0.47847	0.49704	0.48295	0.46893	0.48276	0.45509	0.43085	0.49541	0.46988	0.46067	0.4908	0.46893	0.49359	0.45402	0.47727	0.43367	0.49143	0.45355	0.46561	0.46328	0.38462	0.48	0.48585	0.49457	0.47475	0.44845	0.46108	0.43529	0.46875	0.48744	0.44809	0.49419	0.46835	0.46988	0.49367	0.45745	0.45161	0.49721	0.47436	0.5	0.48571	0.4386	0.43421	0.45294	0.48408	0.43243	0.46774	0.47475	0.42473	0.41667	0.46369	0.48235	0.48705	0.49655	0.46821	0.45652	0.46196	0.47879	0.4527	0.48352	0.47368	0.4375	0.46296	0.45771	0.4466	0.48876	0.46465	0.49171	0.49029	0.46821	0.45213	0.44203	0.47403	0.42308	0.47561	0.48404	0.46203	0.47742	0.45833	0.46114	0.45408	0.5	0.46795	0.47561	0.46875	0.5	0.39766	0.48925	0.4734	0.48276	0.47159	0.44608	0.47097	0.46667	0.47674	0.43684	0.44375	0.43956	0.47959	0.44809	0.46341	0.5	0.44172	0.47368	0.4973	0.44706	0.5	0.44079	0.41772	0.46541	0.49359	0.48171	0.46927	0.5	0.48256	0.49171	0.47423	0.49091	0.4697	0.48503	0.45604	0.38961	0.44242	0.4625	0.48454	0.47253	0.47674	0.42857	0.47849	0.41975	0.48663	0.47134	0.48551	0.40341	0.49045	0.48649	0.4497	0.47239	0.47531	0.49133	0.39597	0.4837	0.49065	0.38509	0.49432	0.43503	0.48	0.46667	0.46893	0.45411	0.5	0.48936	0.46078	0.48889	0.4	0.48256	0.49432	0.48936	0.44304	0.46465	0.46552	0.47115	0.4433	0.49102	0.47857	0.49419	0.49444	0.45312	0.47959	0.48205	0.44025	0.44865	0.45783	0.49102	0.42683	0.47059	0.46354	0.49342	0.49749	0.49724	0.48824	0.43011	0.47305	0.41975	0.46099	0.45545	0.47953	0.46739	0.43719	0.40936	0.4918	0.48295	0.46951	0.48947	0.44516	0.48649	0.49324	0.4386	0.45989	0.4581	0.4837	0.48187	0.47938	0.47396	0.47191	0.44231	0.48058	0.45506	0.49468	0.5	0.49102	0.43182	0.47977
cell97	0.32479	0.33937	0.30522	0.3066	0.41463	0.35443	0.32719	0.33333	0.30455	0.34524	0.37652	0.28017	0.32889	0.32035	0.38318	0.3318	0.35514	0.3653	0.33182	0.34862	0.37555	0.32479	0.31897	0.36885	0.34016	0.30172	0.31696	0.37991	0.36863	0.32365	0.30583	0.32407	0.34335	0.3972	0.27888	0.36667	0.34127	0.38356	0.29565	0.33679	0.32	0.31304	0.37736	0.34498	0.3301	0.33333	0.34545	0.35081	0.23923	0.30233	0.32701	0.29752	0.34361	0.32174	0.32569	0.311	0.31481	0.36	0.34649	0.33465	0.27895	0.30204	0.34597	0.35931	0.29204	0.3835	0.36	0.36052	0.35122	0.33621	0.316	0.35938	0.35622	0.38278	0.29565	0.34375	0.36957	0.30198	0.3114	0.31507	0.37449	0.30516	0.29297	0.34466	0.27313	0.35714	0.37555	0.27344	0.312	0.34101	0.31579	0.29339	0.30455	0.34804	0.32489	0.30325	0.30705	0.38393	0.43182	0.3029	0.33761	0.34685	0.25664	0.37344	0.38967	0.32787	0.34328	0.37838	0.27805	0.38308	0.35071	0.32143	0.36667	0.375	0.3373	0.36	0.35081	0.36604	0.35176	0.308	0.29204	0.29555	0.34583	0.34146	0.31535	0.31169	0.336	0.39535	0.33463	0.2844	0.33755	0.35185	0.31754	0.37615	0.37089	0.33466	0.35193	0.29134	0.35931	0.36697	0.35319	0.34025	0.35526	0.33182	0.3285	0.31707	0.31343	0.36199	0.34529	0.32569	0.32489	0.3431	0.33766	0.36564	0.29719	0.38961	0.33659	0.34135	0.34021	0.38053	0.31174	0.34553	0.35593	0.33188	0.35622	0.31754	0.3622	0.37175	0.42411	0.30855	0.41597	0.33058	0.3	0.36287	0.2823	0.39111	0.31034	0.36638	0.38662	0.29018	0.35912	0.33636	0.33796	0.29577	0.32468	0.34221	0.27404	0.30837	0.41126	0.31128	0.30638	0.30159	0.34538	0.3195	0.29032	0.29572	0.44037	0.26316	0.31092	0.3278	0.31579	0.26396	0.33476	0.4009	0.31839	0.30601	0.34008	0.28033	0.30622	0.36486	0.32456	0.37615	0.3375	0.33659	0.31092	0.30705	0.34951	0.3018	0.34061	0.33482	0.34146	0.40741	0.32189	0.33184	0.36471	0.38144	0.34855	0.30568	0.37975	0.38272	0.29464	0.26754	0.31818	0.2636	0.35319	0.3431	0.35417	0.27692	0.35294	0.34513	0.32143	0.27982	0.32727	0.32258	0.49749	0.4966	0.38806	0.47853	0.46199	0.48901	0.5	0.47799	0.46746	0.46281	0.42857	0.48148	0.42537	0.45238	0.41781	0.49669	0.5	0.45122	0.46023	0.4586	0.48023	0.49275	0.48529	0.47368	0.46795	0.41401	0.47799	0.5	0.47134	0.48052	0.5	0.48	0.42138	0.48438	0.43448	0.49718	0.4698	0.48837	0.48148	0.43709	0.47887	0.48366	0.46377	0.5	0.4863	0.48408	0.49007	0.48684	0.42515	0.4863	0.48734	0.44444	0.47552	0.45833	0.48148	0.46575	0.49708	0.43671	0.47651	0.49153	0.49359	0.41317	0.48101	0.4875	0.47239	0.49412	0.46358	0.49689	0.43636	0.47826	0.47445	0.5	0.49306	0.49419	0.46497	0.43262	0.48428	0.46341	0.35811	0.48026	0.44	0.47742	0.475	0.46667	0.4918	0.5	0.49342	0.49669	0.47253	0.42697	0.48428	0.49718	0.48256	0.42405	0.49693	0.4875	0.47853	0.43382	0.4386	0.47297	0.48052	0.46259	0.44961	0.48148	0.46988	0.44286	0.5	0.45963	0.47561	0.475	0.48026	0.44755	0.46154	0.49254	0.49342	0.44578	0.46565	0.49635	0.46893	0.47337	0.47399	0.49333	0.48387	0.47407	0.49669	0.45399	0.44937	0.49669	0.45395	0.47647	0.44295	0.47712	0.47879	0.41538	0.47518	0.47368	0.46825	0.47619	0.44444	0.4	0.45255	0.48344	0.48507	0.39869	0.4069	0.42941	0.43902	0.48344	0.46622	0.46809	0.47368	0.45775	0.44776	0.48507	0.48905	0.4586	0.49315	0.46927	0.37013	0.4321	0.48889	0.45113	0.47205	0.47826	0.46575	0.4698	0.47712	0.48101	0.49689	0.44848	0.49265	0.42675	0.44375	0.47244	0.47015	0.46053	0.45732	0.49359	0.45638	0.46784	0.47297	0.39568	0.44706	0.46739	0.45513	0.39024	0.47651	0.47531	0.45312	0.46259	0.48361	0.5	0.44079	0.49645	0.48864	0.44604	0.46377	0.41667	0.45833	0.45455	0.43697	0.46939	0.47337	0.48529	0.43889	0.5	0.49231	0.43558	0.45324	0.47333	0.48276	0.4898	0.45062	0.46104	0.48447	0.48175	0.44275	0.49057	0.49286	0.43421	0.49057	0.44595	0.44805	0.45139	0.4031	0.47552	0.46023	0.47482	0.45455	0.46269	0.48366	0.4964	0.46875	0.45985	0.47368	0.49242	0.47468	0.4403	0.4965	0.49296	0.48649	0.44667	0.43827	0.4702	0.44025	0.48148	0.47287	0.47917	0.46154	0.4557	0.49315	0.41912	0.41509	0.48765
cell98	0.46667	0.42718	0.46552	0.48673	0.44094	0.41284	0.4188	0.49138	0.46218	0.46465	0.49515	0.49533	0.47674	0.49593	0.4537	0.46067	0.48571	0.48544	0.47706	0.49524	0.42593	0.48361	0.44	0.49541	0.46667	0.47826	0.5	0.41964	0.4434	0.49573	0.42991	0.47619	0.43363	0.47059	0.5	0.49524	0.46226	0.41053	0.41739	0.45	0.45045	0.4569	0.48113	0.46491	0.44762	0.4433	0.49451	0.30409	0.35616	0.33333	0.32258	0.31507	0.30818	0.35326	0.29221	0.39674	0.3494	0.40244	0.36875	0.37059	0.35484	0.33333	0.30899	0.33735	0.39286	0.44203	0.34356	0.26374	0.36264	0.30612	0.30573	0.35542	0.31548	0.34545	0.30435	0.0	0.0	0.0	0.0	0.0	0.0	0.0	0.0	0.0	0.5	0.5	0.5	0.0	0.0	0.0	0.46218	0.43011	0.42453	0.42268	0.47287	0.4661	0.49541	0.42537	0.49398	0.46491	0.42593	0.5	0.4878	0.40777	0.47706	0.42169	0.46789	0.45833	0.48913	0.42453	0.4486	0.49495	0.49057	0.5	0.41964	0.42857	0.42478	0.44444	0.43421	0.42453	0.48387	0.4902	0.43564	0.48	0.44554	0.46789	0.42735	0.46018	0.44961	0.49485	0.46491	0.45783	0.47748	0.49451	0.45263	0.44737	0.4434	0.43333	0.48598	0.43011	0.46667	0.42169	0.40777	0.47727	0.45833	0.47826	0.47899	0.42453	0.375	0.46078	0.45263	0.47706	0.49541	0.48148	0.42991	0.48113	0.4375	0.43519	0.5	0.48246	0.48092	0.42857	0.46078	0.44444	0.4381	0.44954	0.5	0.46364	0.49462	0.48276	0.40659	0.46721	0.49254	0.48352	0.4878	0.32039	0.47863	0.49565	0.46667	0.45098	0.48515	0.4955	0.48182	0.48673	0.46392	0.47748	0.43956	0.49057	0.43299	0.48092	0.47368	0.40816	0.47458	0.40157	0.49533	0.46269	0.48544	0.42105	0.47	0.45192	0.47273	0.475	0.5	0.44961	0.48649	0.49462	0.43119	0.48113	0.49462	0.45283	0.47321	0.49505	0.46094	0.43333	0.49541	0.5	0.48649	0.4902	0.3945	0.4322	0.48958	0.45361	0.4958	0.46667	0.47115	0.44048	0.48571	0.5	0.45536	0.456	0.45833	0.34118	0.45536	0.45946	0.48039	0.45763	0.48718	0.5	0.49485	0.49091	0.4717	0.39362	0.49485	0.46535	0.48214	0.49219	0.45238	0.44118	0.48039	0.47154	0.47321	0.41463	0.48958	0.45263	0.47788	0.47706	0.3871	0.45324	0.48624	0.48276	0.49524	0.5	0.47727	0.39623	0.49153	0.48958	0.48214	0.49123	0.38776	0.48598	0.43478	0.44828	0.43	0.392	0.47368	0.4375	0.48175	0.46739	0.49167	0.44	0.5	0.47788	0.47826	0.44231	0.46729	0.4434	0.46429	0.47541	0.47458	0.475	0.46032	0.43519	0.47541	0.46535	0.46729	0.47222	0.44248	0.43478	0.43299	0.42424	0.41739	0.47917	0.47917	0.47368	0.3945	0.44762	0.4898	0.41284	0.45	0.46018	0.47414	0.47872	0.48485	0.47706	0.49515	0.41803	0.42553	0.4486	0.5	0.47253	0.46939	0.41748	0.45217	0.43434	0.41509	0.45794	0.48387	0.46429	0.44444	0.47321	0.48246	0.49593	0.39806	0.48462	0.45528	0.44792	0.42529	0.456	0.46154	0.4375	0.45455	0.48515	0.46875	0.48352	0.48077	0.49505	0.48315	0.47619	0.46789	0.5	0.33673	0.4433	0.40777	0.48148	0.45872	0.45	0.48515	0.45122	0.46316	0.4466	0.4537	0.48696	0.44348	0.47273	0.47525	0.4381	0.47059	0.44444	0.45349	0.44262	0.49254	0.49074	0.47368	0.47619	0.40541	0.375	0.46667	0.44086	0.49074	0.4537	0.46875	0.45652	0.35632	0.45833	0.44565	0.4955	0.4717	0.44737	0.45833	0.4955	0.47899	0.49153	0.46729	0.38554	0.4875	0.48077	0.5	0.49153	0.488	0.48	0.45946	0.424	0.46939	0.496	0.47059	0.49123	0.47414	0.39474	0.43299	0.48696	0.42574	0.44762	0.45455	0.45794	0.42424	0.45614	0.39423	0.5	0.41667	0.47368	0.4955	0.45833	0.49541	0.45833	0.45299	0.49495	0.41667	0.47826	0.44186	0.46018	0.37864	0.4466	0.42991	0.45872	0.40625	0.47	0.47368	0.5	0.42857	0.41667	0.45263	0.44231	0.42446	0.46729	0.46809	0.45378	0.43519	0.49123	0.43925	0.40816	0.375	0.45536	0.44915	0.41667	0.35955	0.45283	0.48276	0.47863	0.41228	0.5	0.47115	0.4	0.40777	0.48739	0.45455	0.5	0.42991	0.41667	0.47107	0.47573	0.48673	0.42	0.49474	0.4898	0.46667	0.45255	0.44186	0.44762	0.44361	0.46847	0.47619	0.48193	0.46465	0.41837	0.47573	0.43299	0.44915	0.45133	0.43137	0.44944	0.49485	0.4717	0.47244	0.41304	0.43	0.49	0.49123	0.49
cell99	0.40367	0.29412	0.33058	0.30435	0.27731	0.33333	0.28369	0.34746	0.27778	0.30973	0.28713	0.28	0.25439	0.36	0.35922	0.29032	0.3619	0.36522	0.32743	0.38136	0.39286	0.35455	0.31818	0.37634	0.26042	0.34653	0.3964	0.28448	0.26126	0.28125	0.30973	0.34646	0.31624	0.34545	0.33858	0.32	0.32203	0.32673	0.40741	0.32143	0.336	0.31356	0.38043	0.30973	0.40323	0.33594	0.27273	0.45361	0.29825	0.26415	0.3211	0.25743	0.26829	0.31624	0.40952	0.25862	0.36885	0.34579	0.33333	0.39394	0.35238	0.40171	0.38462	0.37736	0.36975	0.35052	0.34286	0.34783	0.368	0.31858	0.29565	0.35185	0.3252	0.33673	0.38393	0.31	0.36	0.26891	0.376	0.33858	0.31897	0.25641	0.3254	0.375	0.29126	0.34884	0.31132	0.38182	0.4	0.35833	0.26357	0.33981	0.31148	0.3125	0.27642	0.31579	0.38095	0.33333	0.3629	0.32143	0.23478	0.31897	0.41441	0.27451	0.36364	0.33028	0.35088	0.29167	0.26549	0.38017	0.23932	0.28829	0.35433	0.33898	0.33871	0.33	0.36842	0.38889	0.34409	0.32168	0.27344	0.30827	0.44118	0.28829	0.34234	0.32727	0.34454	0.29032	0.41414	0.3619	0.36607	0.34043	0.27083	0.32	0.35897	0.32143	0.30172	0.32773	0.29825	0.29204	0.26786	0.30252	0.30088	0.27778	0.30973	0.25	0.3211	0.36434	0.39394	0.30088	0.33333	0.31092	0.3125	0.39423	0.36567	0.32759	0.34118	0.27723	0.36036	0.40541	0.32231	0.31092	0.34074	0.39796	0.29592	0.3125	0.30973	0.31405	0.26437	0.36029	0.33333	0.34426	0.29508	0.31933	0.33036	0.33613	0.23853	0.34	0.33103	0.32584	0.33636	0.33628	0.31304	0.42609	0.2619	0.36275	0.28448	0.37879	0.29921	0.39252	0.27184	0.30769	0.31776	0.31496	0.35965	0.32759	0.31532	0.29457	0.34579	0.28226	0.30075	0.32	0.37226	0.32479	0.39837	0.28431	0.384	0.33077	0.4	0.38532	0.35433	0.34586	0.37069	0.34694	0.42574	0.30328	0.3125	0.25275	0.34167	0.34959	0.29907	0.40171	0.36296	0.344	0.4	0.27778	0.35965	0.37719	0.23894	0.35156	0.30159	0.37383	0.36207	0.36522	0.35821	0.35043	0.3	0.30405	0.22314	0.32331	0.31532	0.25	0.31405	0.31343	0.45455	0.49315	0.48052	0.46914	0.45455	0.49495	0.49367	0.46835	0.45349	0.37705	0.4359	0.49333	0.44	0.42857	0.45872	0.49315	0.48235	0.46591	0.41975	0.4	0.49398	0.35714	0.45946	0.49275	0.475	0.42254	0.46591	0.45312	0.48611	0.40278	0.45679	0.49367	0.46053	0.48837	0.47297	0.39785	0.5	0.48837	0.48235	0.47761	0.46429	0.45977	0.49383	0.40659	0.44928	0.43421	0.44872	0.48936	0.46667	0.47887	0.42045	0.5	0.44048	0.45455	0.49296	0.4375	0.46067	0.5	0.48571	0.44706	0.42667	0.48718	0.41667	0.48837	0.48684	0.47778	0.49462	0.48684	0.42553	0.36905	0.41558	0.48438	0.38095	0.45455	0.43421	0.40845	0.41379	0.45	0.49351	0.46753	0.46479	0.49296	0.5	0.43662	0.5	0.46269	0.41429	0.46835	0.45333	0.45161	0.45556	0.44444	0.44872	0.46053	0.48333	0.49412	0.4127	0.38636	0.44872	0.37705	0.46988	0.44872	0.41463	0.43902	0.47143	0.43182	0.5	0.46341	0.45055	0.5	0.46875	0.36905	0.48571	0.46774	0.4127	0.3871	0.4375	0.47059	0.48193	0.41558	0.45455	0.48052	0.41892	0.42045	0.45205	0.5	0.47826	0.45455	0.43421	0.47436	0.49383	0.45238	0.49412	0.49383	0.43077	0.48611	0.48052	0.49315	0.41026	0.46988	0.45455	0.45455	0.44304	0.42553	0.44156	0.38961	0.4507	0.49398	0.47222	0.47727	0.47297	0.38356	0.48684	0.48438	0.4125	0.4507	0.48387	0.5	0.46341	0.46575	0.42105	0.43678	0.45833	0.41463	0.40506	0.41892	0.42029	0.38554	0.48148	0.44706	0.41818	0.46269	0.47436	0.42647	0.47887	0.45763	0.45946	0.39759	0.48	0.48649	0.4878	0.34783	0.48	0.41892	0.42353	0.46602	0.43103	0.4557	0.46753	0.43038	0.41667	0.48276	0.49206	0.44944	0.34921	0.5	0.41538	0.48529	0.39623	0.38272	0.48529	0.47436	0.41026	0.4	0.46053	0.49351	0.43421	0.46512	0.47945	0.49351	0.42529	0.49231	0.5	0.49254	0.38961	0.43902	0.47222	0.36782	0.40278	0.48864	0.5	0.47436	0.49351	0.49412	0.48529	0.36923	0.47475	0.48148	0.42593	0.44578	0.42105	0.47561	0.43529	0.44444	0.44318	0.38095	0.48571	0.42188	0.47872	0.44304	0.47619	0.47945	0.46667	0.43662	0.49474	0.45946	0.46875	0.45652	0.45882	0.49398	0.46154	0.45946	0.45977	0.42529
