	0	1	2	3	4	5	6	7	8	9	10	11	12	13	14	15	16	17	18	19	20	21	22	23	24	25	26	27	28	29	30	31	32	33	34	35	36	37	38	39	40	41	42	43	44	45	46	47	48	49	50	51	52	53	54	55	56	57	58	59	60	61	62	63	64	65	66	67	68	69	70	71	72	73	74	75	76	77	78	79	80	81	82	83	84	85	86	87	88	89	90	91	92	93	94	95	96	97	98	99	100	101	102	103	104	105	106	107	108	109	110	111	112	113	114	115	116	117	118	119	120	121	122	123	124	125	126	127	128	129	130	131	132	133	134	135	136	137	138	139	140	141	142	143	144	145	146	147	148	149	150	151	152	153	154	155	156	157	158	159	160	161	162	163	164	165	166	167	168	169	170	171	172	173	174	175	176	177	178	179	180	181	182	183	184	185	186	187	188	189	190	191	192	193	194	195	196	197	198	199	200	201	202	203	204	205	206	207	208	209	210	211	212	213	214	215	216	217	218	219	220	221	222	223	224	225	226	227	228	229	230	231	232	233	234	235	236	237	238	239	240	241	242	243	244	245	246	247	248	249	250	251	252	253	254	255	256	257	258	259	260	261	262	263	264	265	266	267	268	269	270	271	272	273	274	275	276	277	278	279	280	281	282	283	284	285	286	287	288	289	290	291	292	293	294	295	296	297	298	299	300	301	302	303	304	305	306	307	308	309	310	311	312	313	314	315	316	317	318	319	320	321	322	323	324	325	326	327	328	329	330	331	332	333	334	335	336	337	338	339	340	341	342	343	344	345	346	347	348	349	350	351	352	353	354	355	356	357	358	359	360	361	362	363	364	365	366	367	368	369	370	371	372	373	374	375	376	377	378	379	380	381	382	383	384	385	386	387	388	389	390	391	392	393	394	395	396	397	398	399	400	401	402	403	404	405	406	407	408	409	410	411	412	413	414	415	416	417	418	419	420	421	422	423	424	425	426	427	428	429	430	431	432	433	434	435	436	437	438	439	440	441	442	443	444	445	446	447	448	449	450	451	452	453	454	455	456	457	458	459	460	461	462	463	464	465	466	467	468	469	470	471	472	473	474	475	476	477	478	479	480	481	482	483	484	485	486	487	488	489	490	491	492	493	494	495	496	497
cell0	190	81	159	144	179	166	125	149	129	67	101	170	126	188	97	124	117	84	184	153	224	104	81	135	125	109	304	200	186	174	61	184	187	150	130	121	67	130	137	146	75	106	120	113	166	192	265	153	132	152	107	79	203	171	137	137	115	145	94	223	112	139	265	156	136	188	156	112	104	94	182	123	189	98	134	165	163	127	111	215	161	118	254	177	239	125	190	138	162	225	188	117	152	185	126	90	196	182	237	163	181	156	118	85	125	162	120	196	187	134	201	127	178	279	169	243	154	125	72	298	154	82	127	194	170	88	226	131	135	124	147	112	148	228	126	181	198	90	115	130	150	105	97	163	175	123	86	82	113	286	119	64	114	185	121	60	135	208	196	194	109	254	197	113	225	120	209	142	250	129	74	130	181	140	182	171	125	183	179	258	133	150	130	155	256	125	69	112	73	181	126	225	86	67	163	125	162	122	312	123	152	205	109	125	119	156	136	244	240	207	76	163	248	185	179	154	98	174	116	126	239	180	119	103	208	175	276	121	161	72	104	81	209	102	95	157	79	169	53	94	160	244	198	191	98	70	96	141	37	109	105	34	90	89	94	136	120	93	68	62	78	74	82	200	41	120	39	50	153	85	102	116	93	71	98	81	121	104	65	134	95	184	111	117	138	142	77	109	48	120	101	124	137	100	97	60	51	62	85	87	58	150	109	64	154	154	110	68	78	86	117	126	31	63	145	120	158	68	84	71	117	88	79	68	92	91	122	81	84	76	123	93	104	104	156	116	114	112	137	106	66	165	136	108	129	69	91	87	40	94	129	91	116	144	134	134	62	106	82	123	87	91	173	129	89	86	106	59	72	116	163	78	58	119	127	92	93	88	93	92	109	113	98	60	66	95	165	94	101	147	37	87	85	107	53	24	45	112	161	130	142	99	93	86	120	106	84	86	158	42	81	133	95	127	70	152	113	164	84	118	83	84	109	94	141	100	91	164	140	41	75	73	129	68	94	122	93	103	97	56	57	149	98	102	91	96	117	86	75	47	110	105	163	153	187	44	75	131	115	115	90	181	93	77	154	105	134	108	154	101	154	195	71	146	103	93	122	77	170	97	141	80	136	77	82	75	143	60	81	98	74	135	136	58	156	108	118	124
cell1	174	174	150	235	95	135	124	172	300	120	238	139	104	217	122	220	153	141	124	167	150	207	119	118	96	126	214	164	165	346	157	260	118	213	165	130	396	271	124	82	182	218	175	180	116	164	101	169	207	60	252	192	223	164	46	110	162	221	206	72	181	173	260	223	172	153	161	241	240	326	344	92	217	158	140	78	121	215	103	124	116	187	228	141	141	354	195	108	161	121	128	218	294	241	85	249	135	188	203	185	259	152	172	145	127	129	159	227	119	226	82	167	175	125	152	237	145	241	171	143	196	238	105	172	103	220	220	132	102	191	181	142	250	177	114	113	153	251	240	202	203	173	251	210	186	191	128	201	153	147	199	229	140	142	107	110	213	177	119	177	173	95	202	103	144	215	198	63	111	183	378	318	108	134	151	118	102	239	172	91	248	233	82	156	221	104	269	151	199	170	214	178	193	139	193	259	198	225	164	273	142	212	194	243	187	206	98	95	158	190	239	336	246	232	157	160	188	151	248	231	175	291	305	92	169	164	160	182	107	174	202	206	199	141	129	105	130	149	164	199	210	250	188	149	167	86	92	177	146	112	89	100	127	122	75	115	123	111	60	87	39	138	108	120	145	101	134	107	152	63	91	137	108	79	77	108	79	85	157	118	79	76	135	74	207	106	127	154	101	161	124	97	175	128	101	58	95	102	86	170	91	104	84	98	78	92	151	105	139	186	150	139	70	152	111	118	107	105	91	97	89	84	100	104	79	109	110	125	80	144	101	145	91	127	137	146	96	70	118	137	134	107	107	89	152	148	76	153	55	56	70	136	124	81	107	123	127	199	258	105	162	114	78	95	156	54	130	131	124	83	99	75	170	122	149	88	104	215	114	104	83	59	167	206	104	97	110	86	92	76	85	114	106	74	108	122	94	88	117	107	111	94	150	172	166	87	105	117	139	55	70	96	128	85	112	86	136	114	96	98	83	55	171	74	104	154	69	115	78	157	65	141	134	109	118	87	136	141	46	101	152	92	117	125	88	110	148	194	124	177	191	203	119	155	140	56	89	91	82	94	94	116	136	107	115	91	68	69	156	105	156	62	115	130	87	107	102	87	96	82	143	110	76	137	108	105	176	59	143	83	148	75	117	102	141	142	95	96
cell2	113	205	119	115	73	66	125	119	81	225	90	62	85	255	71	173	94	151	121	81	151	62	225	119	130	125	147	195	201	113	143	192	167	138	99	104	121	147	156	71	111	124	113	118	124	77	123	190	88	102	167	118	103	184	100	178	136	92	63	103	131	108	106	56	178	93	119	113	111	154	139	118	149	125	147	95	70	141	136	99	207	63	149	239	95	127	128	135	101	158	77	121	99	100	178	183	164	117	116	155	318	113	173	61	150	73	173	98	105	84	99	133	141	176	206	205	132	193	159	136	137	146	174	136	89	70	183	126	246	198	184	124	101	165	114	96	140	127	132	90	111	112	113	119	91	83	140	174	180	216	63	153	93	160	122	88	125	219	124	101	93	104	144	72	133	177	118	108	130	90	119	139	138	161	138	227	82	119	76	151	125	120	123	164	166	150	134	206	131	261	125	168	68	127	144	173	81	168	66	139	175	113	108	79	104	80	143	110	119	105	92	123	158	138	124	141	188	183	145	152	181	88	181	104	221	123	127	108	135	109	118	92	231	115	86	101	150	140	112	181	84	153	113	138	87	99	65	133	61	73	106	76	61	95	107	79	94	140	97	103	83	90	38	100	57	75	96	95	47	71	70	59	94	102	54	67	74	33	52	94	118	55	30	64	122	78	116	142	70	61	85	66	90	75	139	56	108	152	73	57	149	66	118	74	97	141	87	34	155	69	117	113	70	150	95	55	150	50	92	100	114	131	65	81	132	148	117	110	65	76	118	74	121	125	98	75	73	70	52	64	154	103	61	78	83	81	97	109	111	92	80	94	60	126	128	126	79	95	47	85	128	75	97	96	68	91	143	83	95	81	121	102	97	68	169	108	83	53	64	114	67	68	126	95	81	105	73	125	109	83	119	88	131	95	189	80	67	83	85	110	81	88	186	69	72	36	98	133	107	70	50	81	99	90	82	66	79	110	131	109	105	41	66	124	88	106	106	98	86	85	77	99	79	75	80	94	59	87	132	166	116	61	107	70	122	56	81	63	64	118	59	45	60	122	118	109	76	71	93	82	59	66	115	59	144	92	67	127	71	52	96	159	135	111	60	75	73	75	124	100	82	98	151	76	83	91	114	110	69	76	70	138	103	74	67	66	98	53
cell3	90	92	68	112	97	84	124	159	147	100	36	144	222	73	221	90	70	90	90	78	90	86	196	116	60	128	95	86	138	95	133	62	119	108	41	142	30	129	81	100	81	109	53	118	115	99	57	173	185	129	142	126	237	187	212	228	119	148	167	157	138	191	223	126	180	195	131	150	147	151	156	167	221	139	141	77	110	94	100	98	137	57	60	66	46	66	93	40	70	49	90	127	178	95	100	135	166	160	66	126	52	129	130	95	79	102	123	93	49	65	118	111	128	116	249	33	91	105	135	120	89	63	83	98	46	90	67	158	112	121	74	91	44	140	113	46	51	129	139	117	119	92	86	134	70	88	124	116	144	84	79	149	81	109	121	155	62	110	111	122	92	177	146	169	118	81	104	153	79	42	41	112	98	88	92	117	115	102	89	86	107	54	92	75	111	84	195	157	65	109	135	87	139	53	127	89	64	130	122	146	139	86	104	115	112	105	111	112	67	119	86	135	115	65	140	119	113	127	77	198	129	74	73	162	103	72	55	92	53	74	77	103	104	108	91	67	143	81	143	120	58	93	146	158	77	88	180	77	110	100	239	216	108	94	54	72	84	98	125	121	62	173	47	122	112	143	62	77	140	155	70	147	306	84	99	61	75	81	71	164	64	88	81	139	141	89	145	159	48	84	210	67	97	82	108	104	128	127	121	131	77	99	78	150	79	130	127	89	68	117	63	69	101	125	104	170	114	161	134	75	91	100	138	140	75	114	127	119	144	81	134	234	103	92	123	102	52	125	98	79	141	169	82	146	81	98	141	117	146	99	135	113	89	110	94	149	157	155	149	79	91	117	130	122	75	113	111	103	83	148	88	87	105	52	76	163	100	104	160	104	78	110	150	103	74	75	54	61	52	97	131	97	116	138	154	107	86	115	122	84	101	74	125	84	103	95	80	111	114	117	129	87	71	184	83	96	163	65	80	98	146	112	57	172	138	152	85	126	64	123	107	85	81	68	114	155	85	100	49	180	126	162	100	106	107	183	102	76	96	104	105	57	82	168	92	136	128	111	85	108	64	94	182	87	121	156	113	61	116	108	128	88	58	153	102	166	157	142	76	99	93	125	107	122	112	74	95	76	119	38	102	88	191	118	110	147	83	84
cell4	131	79	147	114	104	138	135	91	86	85	64	182	107	170	127	137	156	134	57	119	97	108	62	136	116	140	173	130	152	108	162	189	92	46	99	86	181	97	152	171	102	83	100	45	128	129	86	59	97	73	113	134	99	110	103	63	181	86	111	80	121	41	120	120	76	46	130	80	116	135	106	102	73	187	94	134	131	125	91	276	95	121	149	62	165	90	115	206	81	79	135	85	87	218	93	133	97	136	83	91	103	139	47	101	68	93	171	135	104	121	121	98	132	97	164	84	108	100	104	91	109	95	190	60	114	122	128	97	140	109	153	170	125	92	138	202	114	94	120	125	84	166	159	115	129	105	129	121	145	100	86	105	139	87	127	82	68	132	83	73	78	82	63	53	108	84	199	106	103	127	101	94	131	136	118	150	91	143	102	83	71	120	84	127	53	159	139	133	92	151	63	136	96	94	86	108	134	196	165	78	123	137	119	217	147	106	134	94	114	82	139	74	171	105	147	86	82	121	133	45	196	100	147	112	141	137	104	123	63	128	61	117	229	70	122	79	137	145	205	71	117	122	101	122	95	68	56	49	53	64	93	72	46	107	80	85	61	148	106	101	88	35	50	68	46	57	73	67	76	104	64	18	134	43	59	74	55	78	84	89	68	89	82	66	47	109	110	71	51	107	96	97	52	49	79	70	50	97	93	110	107	87	72	108	57	52	67	100	50	79	86	83	52	69	102	94	39	75	110	83	36	82	47	92	104	63	105	65	108	72	106	105	95	74	71	84	49	123	57	138	66	91	55	46	49	75	106	86	83	63	125	57	77	98	51	28	43	72	121	86	99	62	119	83	122	78	81	83	49	56	117	68	64	77	73	71	73	87	63	124	59	85	75	80	45	72	118	47	35	83	107	55	82	87	75	63	51	101	89	53	107	77	58	85	76	115	31	75	89	49	61	43	78	158	41	142	68	54	61	124	52	101	52	81	84	49	34	98	128	59	102	133	61	111	84	88	128	86	112	68	48	52	134	108	86	91	85	71	106	147	113	62	71	133	84	86	82	71	57	78	106	111	71	112	109	80	62	74	109	72	72	62	75	46	141	79	64	108	65	69	95	101	95	53	56	62	52	41	73	144	85	40	57	48	58	36	107	42
cell5	69	81	61	54	79	65	38	103	61	61	59	85	60	72	70	29	62	127	93	102	29	86	135	129	49	101	59	69	142	62	105	72	48	96	56	36	91	80	70	121	75	74	65	31	143	98	67	75	134	138	142	87	68	95	135	187	93	72	121	165	85	164	230	151	137	110	150	84	131	151	168	138	168	110	113	89	89	69	65	98	114	56	52	31	0	0	0	31	67	48	134	58	65	121	112	95	69	96	141	72	124	59	78	69	74	63	75	84	107	108	64	49	64	56	75	88	57	55	113	147	76	81	38	138	64	81	52	57	175	70	49	74	52	96	136	49	72	111	59	64	54	69	98	135	95	86	72	88	79	94	89	62	74	63	90	97	44	82	57	134	75	98	85	125	149	41	111	79	115	65	120	70	62	32	83	85	74	80	64	49	110	93	73	104	53	99	75	109	98	61	49	64	48	72	114	86	69	123	24	43	93	108	52	109	74	59	61	112	89	104	71	85	70	80	59	68	42	67	88	83	95	158	87	78	104	80	63	92	112	37	63	128	99	71	77	52	48	54	58	105	76	44	55	71	79	71	51	74	65	104	61	124	122	66	84	71	76	55	147	88	85	93	114	45	106	131	102	73	89	134	62	119	101	85	50	119	52	106	92	94	94	66	119	70	105	61	75	76	96	88	84	74	134	84	85	64	139	62	92	79	73	72	76	173	51	104	72	52	100	54	74	76	86	114	61	158	82	75	57	73	103	86	76	106	57	69	121	68	74	90	81	92	103	139	123	47	115	198	121	47	81	67	82	69	64	147	82	58	68	79	92	50	87	101	88	97	70	49	94	80	74	44	80	141	52	79	109	122	100	39	143	113	74	66	57	70	71	91	65	98	163	126	79	93	57	64	56	76	91	72	112	34	70	67	56	109	90	97	59	46	82	131	65	60	86	139	67	79	105	120	60	103	69	63	26	44	57	92	72	47	56	77	106	109	85	62	123	78	106	90	83	102	77	91	84	59	92	47	120	97	83	50	121	72	91	74	55	79	181	82	131	49	106	66	89	99	43	124	113	84	118	57	86	106	141	60	150	118	107	109	101	95	61	99	62	77	106	93	66	54	98	48	88	86	121	62	86	86	54	50	104	126	53	73	63	90	185	16
cell6	79	146	168	131	166	86	141	76	139	122	118	108	165	84	100	86	86	79	102	219	82	176	158	151	142	161	161	102	48	70	112	133	67	93	122	160	203	142	143	120	133	250	79	204	107	126	194	88	192	151	128	164	104	89	90	152	132	99	167	119	143	79	137	111	163	132	156	133	125	104	157	47	103	100	115	98	134	209	79	123	122	144	122	97	105	120	116	82	120	64	165	168	121	103	108	65	92	100	146	96	147	100	139	77	91	144	107	147	120	29	133	162	116	173	167	94	106	151	269	124	116	166	134	145	218	204	91	217	196	196	104	111	90	129	152	95	117	111	183	186	142	174	177	99	177	85	240	123	81	103	140	115	173	173	141	97	73	103	102	91	165	106	203	60	89	60	85	187	140	130	141	130	145	140	149	112	67	79	147	128	141	147	121	156	52	135	63	109	151	202	128	189	120	61	109	111	114	133	109	114	196	149	132	64	65	124	170	114	173	109	154	154	163	153	142	116	124	140	103	62	184	170	96	92	88	213	124	194	168	153	82	67	85	217	140	122	122	137	192	126	100	111	163	140	122	50	117	70	106	101	84	121	83	41	117	159	71	121	91	90	149	75	82	81	63	106	62	81	79	53	117	145	81	123	87	99	151	124	125	118	57	89	139	124	155	42	71	65	111	65	70	97	120	83	109	92	85	88	76	64	68	60	105	92	75	102	87	85	121	75	106	99	84	69	91	125	58	97	102	92	90	99	61	83	54	105	68	43	47	81	78	155	85	92	78	109	80	93	78	116	99	66	36	55	57	75	57	69	98	63	90	63	123	126	69	67	46	93	97	66	62	122	86	65	130	67	151	67	104	99	71	73	70	57	112	113	63	157	46	114	68	80	100	57	79	35	63	82	107	64	62	84	75	105	156	51	75	43	77	89	131	124	80	65	100	109	44	134	124	91	69	38	129	125	51	69	89	104	79	112	72	107	102	61	84	63	82	92	52	106	90	89	126	66	112	80	86	86	113	94	111	84	42	57	82	76	112	135	102	62	115	71	104	81	69	84	89	89	65	86	40	65	102	116	58	84	75	127	78	83	51	74	104	112	88	57	64	109	122	47	78	66	91	77	69	79	107	76	97	96	85	131	115	77	58	71	94	81
cell7	36	57	113	58	44	57	89	73	49	30	48	34	77	112	83	58	64	108	81	40	32	49	50	94	85	48	58	66	33	61	71	40	50	85	63	34	42	62	50	48	68	71	74	50	129	72	47	89	174	70	87	115	140	103	126	126	99	60	81	59	38	85	93	87	75	97	146	125	135	104	91	78	125	118	84	68	74	75	52	17	23	49	48	24	20	16	38	21	30	38	47	72	76	42	112	92	70	54	88	117	115	94	64	61	34	115	47	68	56	89	66	87	86	57	32	43	78	89	57	106	40	34	55	68	59	99	61	68	84	46	65	58	54	93	92	98	45	126	75	77	48	45	72	33	98	57	47	66	107	57	55	32	87	55	61	73	69	39	33	94	43	48	76	25	55	78	82	89	49	35	66	86	52	67	63	63	74	67	81	100	66	79	61	143	79	91	63	118	73	80	44	77	102	77	57	37	85	59	19	54	36	48	56	112	57	76	58	111	79	105	54	41	47	85	73	77	58	98	42	68	60	80	41	69	104	59	71	56	77	60	58	68	56	92	25	100	66	103	56	93	47	59	140	69	62	103	85	62	65	76	33	70	53	52	117	81	52	142	72	134	76	40	46	46	38	84	82	59	64	25	77	78	54	37	65	54	46	39	39	97	76	66	16	76	62	120	98	124	66	101	84	92	68	41	32	46	91	42	56	47	72	61	61	68	99	62	55	73	57	57	44	86	41	53	64	70	77	65	66	66	36	103	38	74	60	50	114	56	34	92	72	107	104	95	52	103	61	62	40	57	65	55	68	46	46	75	90	49	55	92	71	79	55	46	80	82	79	75	55	72	37	58	85	75	46	48	27	51	71	138	24	109	67	70	65	117	95	29	47	71	104	54	79	73	75	53	52	59	65	68	68	89	89	90	61	99	34	67	48	47	49	96	57	89	48	41	89	61	39	92	66	63	98	51	152	76	60	79	63	106	53	46	104	57	116	103	66	60	82	75	75	120	48	36	66	51	78	82	30	70	80	68	85	68	41	36	80	62	26	42	66	100	64	25	41	42	83	57	96	57	71	77	72	58	82	73	65	68	125	43	63	99	65	57	107	72	75	47	88	64	81	76	95	63	87	83	87	83	67	109	60	58	45	63	92	68	75	58
cell8	122	103	155	100	149	140	121	72	76	113	102	108	118	114	164	68	71	61	205	104	99	113	55	135	65	125	168	161	117	102	115	75	110	115	108	69	113	88	124	67	116	100	124	77	187	76	58	120	193	133	217	118	134	116	154	161	161	121	105	110	159	132	79	107	117	146	172	138	196	109	180	200	112	98	130	155	91	101	69	56	158	36	29	96	0	0	0	105	65	92	106	142	81	65	129	139	86	109	68	98	162	33	160	63	120	135	99	57	154	101	106	137	94	137	181	115	169	109	128	85	177	165	111	206	85	143	172	114	33	70	108	101	152	84	126	64	74	142	62	123	86	124	47	81	91	80	85	121	104	48	70	130	85	97	129	102	137	89	71	94	165	82	74	106	106	103	190	75	90	58	141	75	42	129	114	86	67	87	126	93	87	63	97	67	103	174	71	154	112	125	108	201	72	122	39	124	118	62	109	104	102	145	79	111	38	97	138	104	108	73	89	127	46	98	67	64	135	102	129	99	92	99	121	67	94	162	143	161	89	74	66	96	151	142	112	91	152	156	118	149	81	115	76	113	196	74	91	121	75	134	103	101	66	162	94	116	151	120	79	104	146	112	130	159	162	127	97	191	84	133	137	95	103	194	110	77	105	108	149	143	98	59	100	94	96	177	169	101	123	84	144	141	125	73	161	88	103	137	106	123	143	265	128	84	126	165	100	111	143	128	144	137	127	115	144	165	100	178	127	20	101	74	122	148	180	166	98	178	176	168	108	117	60	201	235	87	105	129	98	111	184	124	151	107	127	137	74	88	151	125	101	86	56	78	51	29	86	127	121	136	44	122	85	138	79	103	83	115	148	178	144	125	65	145	87	113	173	59	75	127	63	39	84	146	57	95	123	97	92	65	120	72	159	147	51	85	99	95	120	126	135	66	75	123	86	119	72	138	122	164	116	93	132	130	99	144	71	119	61	112	84	89	113	137	140	198	124	74	151	33	82	171	88	154	64	93	160	76	137	182	98	97	92	124	86	120	132	68	72	199	127	154	144	194	73	113	82	130	183	114	97	108	107	66	182	132	124	136	74	63	149	132	116	74	214	154	177	66	94	76	114	180	144	208	116	137	104	98	133	160	111	161	121	40	68	159	105	98
cell9	70	136	66	104	123	69	61	78	77	127	61	163	122	47	78	52	126	105	51	93	145	104	72	101	105	112	108	39	71	59	89	107	65	109	47	79	101	119	70	124	94	51	120	153	129	67	126	205	117	68	116	169	67	79	145	59	193	238	189	134	145	138	135	191	163	153	159	352	187	208	76	170	96	107	89	73	73	56	52	38	46	31	48	49	0	0	0	32	36	38	102	82	158	114	93	89	53	65	99	62	61	59	63	90	123	87	53	82	66	104	106	69	97	74	62	52	61	101	120	107	109	59	115	84	28	93	60	61	52	90	59	52	77	104	58	58	90	123	147	70	64	37	77	84	45	84	115	102	53	99	129	73	40	101	110	64	95	78	86	96	115	59	92	71	146	81	89	74	122	105	49	95	141	126	130	73	72	112	44	89	133	82	93	97	71	90	102	89	45	106	72	75	119	69	90	52	74	68	73	135	73	130	68	62	103	64	73	74	69	65	78	48	97	66	36	92	108	48	60	76	80	83	62	37	50	94	60	60	72	70	81	68	53	96	86	90	130	112	68	166	102	54	112	139	76	88	82	77	144	53	68	146	85	87	101	108	79	86	104	83	159	78	64	86	58	52	72	87	102	80	98	44	63	69	84	101	91	53	37	46	44	83	51	97	110	106	38	64	60	69	84	66	62	132	100	46	81	77	112	44	98	38	75	43	81	68	75	138	77	99	116	109	45	64	97	134	96	81	62	80	103	97	64	46	92	39	104	63	79	57	93	65	117	25	60	90	100	33	95	106	78	114	88	65	60	74	101	85	80	90	63	101	91	88	69	73	84	88	70	73	29	112	26	84	94	100	58	138	56	129	36	86	131	91	37	31	87	106	119	140	85	78	69	73	74	85	78	80	66	66	94	68	88	81	40	79	63	81	189	80	87	61	74	37	72	128	104	77	123	55	68	81	94	171	98	78	93	79	121	144	69	104	127	93	62	63	76	49	59	94	66	87	79	50	98	70	52	92	57	56	88	112	117	96	94	62	30	45	167	71	42	43	79	146	92	76	54	92	68	57	124	91	62	67	58	47	141	43	153	83	86	129	61	82	127	101	35	53	63	106	50	114	80	137	59	83	50	100	39	108	61	113	56	116	73	88	45	53
cell10	203	136	104	155	149	83	48	124	140	147	208	145	188	97	196	81	198	68	297	167	111	98	235	116	173	147	179	116	150	179	166	72	72	129	201	146	135	132	175	245	200	92	115	192	134	247	109	127	94	115	113	142	125	53	289	192	140	211	148	98	86	111	169	114	159	65	114	158	120	117	162	192	125	153	131	108	189	147	96	194	188	153	148	132	148	83	121	130	135	123	121	227	268	147	145	142	138	133	117	132	122	134	238	134	184	144	170	198	127	77	148	105	147	184	126	180	131	80	137	89	240	106	138	119	140	148	177	127	177	107	171	95	147	178	107	113	104	144	154	246	172	144	212	149	113	155	218	157	140	102	164	112	103	117	133	306	171	204	133	134	178	306	89	169	195	121	150	103	152	85	83	145	152	245	153	144	176	143	111	133	133	213	114	136	140	98	127	145	91	196	240	168	68	120	123	70	103	195	79	111	130	159	189	129	104	250	119	97	126	137	192	178	88	103	118	170	211	187	195	65	108	66	160	118	183	115	158	204	129	160	168	172	180	87	167	78	135	109	145	103	157	130	138	147	54	70	90	57	78	118	105	89	133	63	85	129	57	118	49	44	68	66	94	124	118	107	90	111	87	80	107	88	145	137	65	136	84	60	91	71	113	73	64	98	84	78	80	99	98	67	92	101	146	139	128	67	169	116	72	65	104	79	44	93	66	87	85	131	132	144	72	66	79	79	68	107	116	77	84	106	133	94	85	98	139	94	108	102	106	63	121	116	92	90	106	85	90	98	42	103	56	99	77	85	126	90	145	125	48	107	135	92	116	60	87	89	109	134	113	72	88	107	102	114	135	60	107	66	83	96	117	222	68	153	77	99	114	115	114	85	116	102	109	173	182	121	42	118	62	91	42	67	41	60	70	124	88	86	151	139	98	82	126	116	108	52	104	75	167	41	46	65	74	102	76	38	125	78	62	114	124	93	88	105	103	65	80	120	88	71	146	105	154	141	112	79	124	64	121	90	88	83	70	122	72	103	192	114	97	69	157	93	62	96	167	107	159	104	85	105	79	124	94	85	42	99	102	59	114	56	104	143	97	99	77	89	142	117	80	93	74	97	52	100	105	131	82	87	72	108	94	58	95	158	125	73	90	125
cell11	111	108	227	120	101	121	94	201	191	197	130	107	154	236	175	189	232	170	186	136	55	117	97	180	113	153	131	185	109	180	225	132	229	126	280	191	175	62	100	109	176	127	202	154	229	129	169	203	155	113	140	84	72	164	60	67	123	123	107	149	161	336	217	174	100	153	246	155	209	140	185	91	239	122	52	216	306	236	138	119	164	264	109	152	279	114	76	153	137	211	107	178	131	251	224	185	154	185	121	107	167	159	172	119	108	129	156	216	150	169	174	139	204	287	236	174	191	134	153	68	175	203	105	166	216	66	166	164	150	153	190	89	195	246	193	127	177	274	217	122	147	108	94	96	133	165	88	255	208	218	149	182	159	182	186	232	279	118	126	331	107	80	207	166	134	104	193	85	310	184	145	219	180	197	177	165	180	116	239	167	144	282	173	120	251	138	137	96	114	170	204	122	119	124	150	133	203	162	144	159	76	175	151	202	154	206	162	215	193	132	229	103	172	168	225	66	178	133	299	78	136	157	208	151	246	207	176	124	179	101	90	166	171	169	183	155	125	174	252	273	160	116	159	227	96	87	86	96	79	101	108	100	103	90	96	71	122	132	58	98	130	166	69	123	146	69	78	106	94	101	113	100	154	127	86	96	137	108	83	189	100	134	128	134	85	51	140	131	132	58	66	84	110	93	85	147	61	102	101	105	67	107	99	84	124	53	109	47	67	185	113	107	153	158	106	192	120	154	146	125	147	139	80	91	102	63	79	100	102	114	121	42	130	129	53	201	118	90	164	168	128	161	88	86	112	90	112	120	191	127	63	145	57	114	172	95	66	147	115	137	132	134	122	63	116	92	68	105	90	147	173	150	69	109	116	94	154	82	87	124	131	95	141	147	143	87	143	85	51	152	156	80	78	96	142	120	65	162	109	178	205	97	61	190	244	157	79	75	85	116	103	58	142	117	133	162	122	87	171	141	158	122	44	112	182	75	102	123	239	188	104	111	170	46	76	93	133	136	105	90	108	141	203	120	181	124	104	62	63	49	93	74	119	77	68	102	56	162	81	138	122	81	115	134	105	120	110	102	130	78	98	113	120	114	156	52	102	90	69	45	91	162	106	115	62	76	74	137	107	111	150	184	71	112	127	117	148	78
cell12	97	216	170	107	164	150	126	187	152	147	186	150	117	174	185	109	53	134	177	149	188	215	170	99	194	122	116	230	133	108	119	83	142	162	94	146	158	113	157	84	196	150	103	158	272	193	208	108	251	212	130	179	151	213	146	157	224	175	172	86	224	168	129	216	133	117	171	110	208	212	99	204	186	150	153	91	115	261	224	123	152	130	168	144	200	132	167	77	172	73	72	159	161	231	279	123	258	128	147	159	292	129	91	153	147	165	136	200	141	153	201	110	153	161	208	143	94	155	161	95	242	274	280	168	237	161	224	174	117	210	79	117	120	173	136	144	243	94	161	196	126	230	139	156	183	96	261	126	185	131	281	136	208	235	145	115	216	185	124	202	52	229	139	134	44	179	240	118	315	347	202	109	264	132	132	111	340	290	182	337	334	309	207	263	162	135	194	153	140	113	180	200	136	119	202	133	204	131	222	153	239	86	206	120	123	272	84	176	124	182	155	190	99	206	53	110	163	179	153	253	149	142	174	196	203	126	170	198	256	185	312	179	179	165	113	106	134	141	201	226	139	248	115	234	132	178	122	63	100	107	57	132	62	157	93	154	127	96	115	128	83	126	96	84	86	96	122	131	151	115	101	87	78	110	79	135	114	95	121	57	78	101	87	97	59	124	73	132	160	130	61	164	146	73	136	69	88	106	81	152	168	119	78	111	90	154	89	181	106	92	85	94	114	80	108	148	100	64	146	92	117	66	153	114	71	64	61	111	154	112	124	112	105	85	223	75	93	59	53	114	117	119	84	130	134	131	162	85	99	111	76	38	77	111	84	113	92	99	91	93	125	105	129	29	97	117	111	145	93	98	116	104	131	70	94	112	112	91	67	100	75	117	91	120	84	73	80	87	129	69	134	104	62	72	94	145	61	64	184	113	123	69	114	125	112	115	116	95	130	116	112	106	60	117	64	67	108	81	62	131	100	129	208	66	94	98	176	145	92	104	125	85	129	139	83	86	101	100	42	148	61	88	80	68	132	114	114	90	90	126	151	140	62	46	120	79	83	112	61	60	85	79	112	92	45	156	120	76	101	178	78	134	65	90	72	44	103	232	85	107	120	129	95	61	55	87	76	70	122	170	197	116	115	88	58	164	133	99
cell13	196	127	109	133	120	218	135	222	154	144	82	185	99	87	218	308	192	180	133	154	119	140	189	157	212	153	124	189	219	172	124	182	240	257	200	151	134	204	139	171	386	324	116	204	128	206	124	149	142	143	176	177	154	270	168	138	226	127	125	169	187	161	81	129	104	243	164	305	275	198	149	235	135	147	222	131	201	250	242	241	204	186	206	127	124	245	160	174	144	212	303	72	164	101	244	178	142	112	209	154	145	126	143	186	124	239	188	150	174	132	294	184	210	168	221	171	168	219	96	111	289	153	203	138	123	168	156	159	153	159	166	85	86	189	217	254	260	160	235	104	182	265	246	199	210	144	204	197	137	140	174	168	116	230	223	262	114	269	183	307	220	113	263	122	150	172	210	165	115	92	147	244	194	127	141	112	215	131	129	170	263	124	349	157	323	135	96	191	201	101	178	201	129	126	194	147	193	230	240	186	207	184	163	141	194	141	226	190	204	267	257	137	144	174	238	191	141	68	165	157	256	193	158	104	173	194	225	160	99	234	129	138	216	111	150	189	80	213	196	80	145	151	110	277	83	67	79	115	102	117	101	159	64	210	114	59	97	130	72	198	114	46	129	202	183	106	166	201	67	155	155	140	194	205	137	161	100	89	136	130	148	111	77	287	114	54	90	116	69	92	159	90	112	111	110	160	123	72	120	109	171	108	131	204	67	144	154	117	129	146	130	110	155	102	125	130	130	98	79	141	55	47	116	100	127	177	129	87	72	109	102	152	143	81	140	66	113	51	126	159	186	193	166	112	83	133	136	136	190	102	146	92	213	115	112	61	86	166	128	147	67	82	141	127	100	117	69	89	93	100	112	78	87	131	139	91	107	70	87	256	70	111	111	137	139	135	96	47	84	108	86	80	117	92	70	124	103	117	151	127	136	103	108	140	95	182	84	142	180	116	171	63	150	65	132	133	131	81	124	225	86	178	63	83	57	147	84	68	40	109	133	148	168	109	81	135	88	122	169	85	118	157	130	125	91	153	151	127	113	160	123	100	173	104	182	44	72	125	102	169	83	113	100	91	203	104	196	160	122	79	105	208	117	92	93	87	134	77	141	118	144	100	92	104	127	160	172	160	147	95	111	107	102	137	95	86	78	114
cell14	328	138	338	148	122	110	146	187	183	87	106	217	173	147	150	120	239	149	186	51	80	187	95	51	86	72	165	114	82	130	118	114	168	99	98	216	231	125	165	117	221	38	119	93	190	136	94	70	147	133	94	191	159	192	101	130	127	123	133	202	169	183	159	180	158	143	87	142	100	118	103	102	87	125	199	67	175	174	130	113	263	132	162	159	51	177	185	187	145	156	210	87	222	78	132	122	133	192	132	152	138	79	215	151	158	129	116	142	124	202	123	163	95	94	139	72	233	170	207	235	102	148	123	197	152	247	148	204	123	104	185	129	136	120	98	91	95	150	163	80	75	90	87	138	110	107	29	81	159	74	108	100	109	166	189	87	72	131	141	146	179	154	112	179	94	108	165	198	206	76	85	119	182	136	131	129	60	96	101	153	138	154	172	84	152	152	108	114	74	113	98	173	92	146	179	151	123	182	87	132	128	100	138	199	173	136	190	170	79	81	120	111	77	97	272	257	219	121	159	184	206	151	107	171	101	174	197	120	265	231	105	135	77	127	162	79	147	97	142	127	251	75	168	148	60	94	141	25	48	84	111	123	109	118	143	63	84	129	79	109	100	105	130	84	67	53	64	134	58	66	79	86	133	101	163	144	101	103	103	117	70	173	72	53	128	78	78	67	63	90	136	50	113	105	59	35	87	64	110	175	109	82	87	78	54	68	78	82	155	59	95	86	128	75	80	28	90	83	70	96	148	131	108	63	40	159	114	55	84	69	49	70	80	165	69	135	102	99	66	69	79	83	50	38	71	85	88	80	74	87	75	106	104	68	112	99	72	148	115	108	103	102	82	133	67	118	183	32	77	109	109	44	102	85	186	114	91	127	83	105	172	171	66	81	118	128	83	46	99	83	115	119	128	93	84	50	179	100	67	65	112	132	119	77	92	106	72	98	169	97	86	40	107	88	166	101	92	125	67	62	68	114	17	190	131	134	140	70	100	99	101	243	116	101	73	70	62	148	71	113	89	91	111	90	155	87	79	94	150	123	55	68	59	80	53	172	77	84	69	95	108	104	75	80	119	60	81	154	98	77	97	136	103	54	84	152	131	94	97	48	60	87	106	136	89	159	139	130	75	140	81	113	129	138	94	41	65	54
cell15	139	133	175	216	153	102	112	150	134	104	72	119	90	149	56	235	77	109	97	33	172	140	197	54	158	109	107	121	106	96	71	72	214	131	89	160	94	201	134	135	162	103	137	119	105	94	89	127	145	114	161	136	158	92	97	153	209	141	196	98	180	123	186	194	96	98	104	110	109	94	117	78	98	228	143	90	184	125	168	169	68	56	117	135	155	97	196	103	146	177	147	76	141	108	290	108	95	96	149	173	179	151	136	96	171	123	188	109	164	71	136	56	64	96	138	110	150	193	82	122	143	229	111	94	129	122	211	161	208	97	95	109	133	224	176	89	114	88	78	139	100	195	116	71	183	105	172	128	187	184	170	180	144	90	104	144	125	134	90	128	128	87	199	82	140	134	129	122	125	131	103	144	129	92	84	57	109	62	83	181	188	114	126	155	81	75	85	69	83	166	122	153	137	133	133	71	107	125	194	99	127	103	116	128	104	116	176	155	117	149	279	93	67	289	116	84	126	112	136	119	224	97	92	73	138	88	125	189	367	227	93	148	109	50	95	109	76	190	156	120	144	96	89	110	84	138	73	100	38	68	114	91	137	62	82	88	114	88	49	83	94	63	66	128	116	105	41	97	50	120	127	96	66	87	91	102	116	160	82	59	58	55	97	98	60	73	89	86	53	99	121	68	82	71	98	80	39	125	96	84	95	97	105	51	101	128	109	109	73	97	65	71	65	79	120	103	93	73	107	82	97	120	41	126	72	71	53	110	82	66	84	81	54	57	55	114	46	43	68	54	85	61	62	84	70	83	72	78	101	136	112	91	79	75	78	77	91	68	67	84	80	107	58	92	49	73	80	146	52	70	93	111	81	98	115	29	83	105	71	84	97	71	63	66	49	84	88	98	47	82	116	48	75	68	89	57	67	109	53	39	50	103	71	111	56	43	41	37	123	50	83	37	61	98	70	45	89	83	69	130	39	93	82	75	47	109	121	124	92	147	81	112	121	75	79	55	104	128	169	42	148	67	77	52	76	57	89	118	29	125	81	70	113	78	75	62	155	155	78	53	71	75	72	135	55	102	87	105	62	41	110	110	103	91	76	40	38	49	54	83	101	104	65	111	98	58	66	78	94	31	49	75	98	90	113	103	52	99
cell16	102	101	110	121	144	137	212	141	119	187	156	104	200	118	171	159	112	177	242	137	90	111	193	112	158	114	111	145	144	62	177	108	76	150	132	90	173	114	170	176	92	210	161	98	88	125	110	92	144	156	123	79	162	121	98	163	208	149	136	261	110	145	129	148	150	153	113	120	74	116	107	92	94	115	144	125	144	114	120	144	90	152	226	126	195	153	95	144	109	98	141	104	108	121	227	153	85	157	139	114	112	163	161	136	109	118	93	159	180	113	130	133	156	173	130	112	119	121	182	173	195	183	157	85	139	146	150	79	165	127	155	117	74	148	195	204	97	336	102	116	79	81	101	118	127	125	99	82	130	155	221	127	102	166	195	134	154	79	121	160	161	116	114	133	140	132	111	106	150	70	109	160	174	108	138	109	128	170	155	102	102	161	94	129	178	157	159	221	205	184	158	274	118	157	165	155	72	84	195	173	231	127	136	203	220	108	225	138	133	82	80	196	120	169	122	167	201	135	215	127	108	139	200	194	103	102	130	186	341	56	132	87	132	102	148	116	139	145	148	180	127	103	112	58	102	61	98	76	115	72	100	62	61	106	55	70	50	79	136	60	62	123	68	63	57	101	72	123	135	88	121	44	114	78	103	149	86	83	42	132	197	46	137	85	90	32	52	96	140	85	88	112	70	127	126	102	104	93	69	108	79	171	81	157	102	94	140	122	87	33	58	128	94	86	138	78	95	75	128	84	135	45	125	47	87	67	86	43	124	53	94	165	64	41	67	119	116	83	95	106	74	82	86	68	96	102	99	99	74	96	170	123	57	91	91	177	67	74	73	84	67	83	127	134	76	111	39	120	76	79	54	151	70	105	104	75	73	90	126	63	72	128	39	85	73	75	122	88	115	166	71	44	75	71	152	95	120	67	115	85	124	64	56	132	83	78	86	106	98	52	118	83	97	66	75	65	65	78	134	132	62	101	80	107	60	136	96	24	74	118	92	78	58	50	91	84	84	130	120	132	94	73	108	130	89	67	107	81	57	124	74	76	82	41	66	79	92	229	175	100	134	90	51	141	76	107	77	83	95	72	61	89	105	95	85	151	106	90	134	118	58	82	100	67	89	75	87	138	53	126	72	76	103	83	91	93	150	108
cell17	28	55	47	38	49	35	46	90	47	56	29	45	47	70	54	40	65	83	86	88	93	45	58	30	83	49	53	52	96	60	57	34	51	82	32	55	50	65	40	57	67	29	84	29	87	59	45	79	170	47	117	141	87	42	53	116	85	97	83	122	85	98	107	41	139	93	172	81	55	93	97	54	58	115	25	41	63	32	77	55	59	17	33	63	28	27	16	29	32	18	48	84	21	62	68	51	39	59	60	58	62	63	59	58	63	55	69	47	40	81	101	69	78	48	94	35	45	70	55	50	36	61	32	26	60	43	57	42	57	104	35	58	36	40	63	65	80	54	58	29	82	24	42	48	48	47	43	104	56	61	53	56	72	55	49	91	57	73	63	69	47	70	54	62	49	48	46	59	52	46	44	61	37	34	54	33	69	52	30	57	45	65	70	118	49	61	64	38	53	51	68	33	53	33	66	87	66	67	25	39	73	71	40	49	53	63	43	49	57	57	105	85	20	37	76	151	74	48	37	67	75	37	47	46	85	52	59	62	45	34	65	43	52	52	56	53	44	54	93	61	51	76	87	121	79	58	64	53	57	51	26	59	71	51	44	80	69	67	29	41	68	59	83	34	71	45	76	24	48	50	41	54	36	39	51	83	70	60	99	55	89	52	38	49	57	46	67	43	21	46	53	31	47	98	86	56	54	59	58	79	81	97	83	87	66	37	46	33	41	47	51	47	54	56	39	82	81	57	33	41	66	95	56	58	45	63	37	65	58	73	66	73	72	47	51	79	65	81	59	36	79	85	42	83	84	77	44	63	43	60	81	42	40	69	80	43	56	45	90	68	80	60	33	102	84	51	50	42	55	53	71	87	82	61	38	69	59	41	56	105	26	40	110	111	44	85	57	47	59	48	105	76	47	79	25	48	48	52	65	38	48	96	30	51	28	63	77	51	60	51	71	56	60	13	60	65	93	50	38	62	65	41	94	21	53	57	26	97	66	84	86	64	101	50	68	103	47	56	69	50	81	50	63	71	47	48	63	49	123	52	21	43	88	75	55	64	89	50	49	62	32	34	70	51	32	40	60	55	39	45	53	36	29	105	69	42	32	46	86	91	36	63	44	96	58	97	32	66	64	32	101	60	44	117	56	67	48	41
cell18	103	120	39	149	86	122	86	57	103	95	89	101	126	63	87	65	41	145	70	73	121	56	89	101	80	88	87	87	119	129	149	56	90	111	105	150	98	136	53	75	58	76	111	85	53	104	97	104	104	42	64	126	102	76	57	101	110	89	98	67	89	51	68	99	64	62	160	128	111	68	71	107	145	143	112	39	66	81	78	112	85	89	141	93	122	177	159	96	74	175	86	100	75	140	118	138	86	73	63	69	57	102	44	109	103	70	104	111	68	126	74	89	53	49	96	167	79	118	66	107	133	68	117	93	133	53	164	92	101	98	55	144	108	141	141	40	88	109	45	34	102	137	75	92	71	127	96	124	72	55	69	110	133	73	48	110	111	46	93	68	87	71	78	60	86	83	103	79	62	66	54	44	97	53	111	187	124	66	84	134	53	114	92	74	91	57	73	86	102	84	58	96	87	134	79	73	124	89	112	41	95	79	137	64	50	61	92	93	135	50	62	103	128	96	114	66	35	59	64	63	178	128	78	153	55	190	41	81	79	72	92	53	123	144	115	81	106	95	78	114	63	74	159	121	108	48	44	34	69	71	68	58	44	29	46	60	61	86	79	55	58	87	46	61	22	45	63	56	65	69	39	27	28	54	83	71	75	46	117	45	105	128	50	70	87	48	68	56	58	104	71	72	78	66	75	44	63	49	58	44	20	63	69	61	71	63	52	49	123	70	40	22	72	79	81	80	68	105	68	83	72	89	92	57	59	78	41	47	64	70	60	54	59	73	65	39	37	76	57	69	43	61	60	54	42	53	94	69	64	56	129	108	106	83	81	61	77	65	58	47	60	71	75	58	41	68	52	49	76	60	84	31	48	76	78	85	37	83	39	36	47	69	56	62	33	98	91	83	25	68	81	115	42	93	119	92	62	70	84	87	63	86	45	59	32	48	68	96	51	65	53	42	76	40	36	41	100	72	110	52	79	66	28	99	78	88	50	66	70	89	77	67	72	72	99	109	101	55	47	70	59	50	107	45	50	78	69	50	63	74	95	55	54	70	69	64	53	75	62	60	70	39	42	62	60	79	40	47	96	75	82	44	31	68	65	56	36	51	53	86	80	42	110	117	27	82	63	46	67	23	55	61	37	72	91	71	93	50
cell19	106	87	75	98	100	91	138	163	53	76	140	75	80	139	66	64	127	116	74	109	73	37	118	183	153	107	130	98	49	157	80	67	104	72	63	115	87	100	98	90	99	155	34	95	88	103	83	131	63	110	87	106	64	50	101	138	68	121	90	116	61	64	126	40	101	114	119	74	73	52	104	100	84	95	120	78	114	65	88	152	98	116	72	57	103	92	115	108	97	62	137	59	52	113	164	68	95	102	90	89	93	107	57	108	93	56	83	114	105	111	128	70	83	122	166	72	80	66	92	150	154	79	74	82	64	132	107	77	66	90	92	64	48	91	103	85	50	79	62	65	92	71	89	84	87	108	104	116	130	97	87	107	44	74	55	92	83	51	105	168	83	106	115	54	104	81	65	59	116	80	149	156	112	77	113	82	134	94	129	138	87	118	65	92	121	109	120	68	85	81	119	99	112	143	107	168	110	80	52	132	15	119	92	79	57	89	93	71	69	69	71	131	54	123	68	65	103	70	94	110	148	164	45	104	88	91	99	86	95	81	65	70	128	143	115	65	109	88	142	72	146	127	103	144	34	81	71	71	46	44	109	50	58	41	80	44	62	68	42	48	58	25	31	57	75	56	98	62	44	62	74	79	82	46	68	91	37	59	86	101	65	38	53	98	38	33	62	67	54	75	75	67	57	69	61	54	53	102	73	39	96	59	38	48	71	56	79	57	74	45	55	64	89	80	34	106	41	79	61	45	46	59	39	35	57	100	75	46	83	88	115	85	67	84	45	78	34	49	63	56	44	80	100	92	24	32	58	59	123	84	48	69	102	46	54	56	48	54	56	47	66	71	81	60	59	93	70	69	46	37	44	39	56	89	96	51	70	88	43	79	46	79	89	55	74	96	77	89	37	54	53	54	46	33	119	68	60	93	99	61	93	61	29	74	106	25	48	85	70	76	50	44	50	62	57	67	58	73	77	89	57	50	57	32	62	96	110	89	64	31	84	78	45	129	56	83	68	88	57	65	51	52	54	58	63	99	55	66	39	47	40	54	83	67	73	68	52	48	45	39	43	95	115	57	76	48	49	98	78	58	81	99	46	37	79	73	73	59	96	71	37	27	75	21	84	60	63	63	74	130	82	54	51	75	40	62	41	56
cell20	78	42	78	76	85	128	128	76	89	124	74	136	93	83	51	129	83	89	54	93	102	97	97	127	132	110	128	67	69	81	97	81	112	74	54	110	101	89	94	70	67	78	136	98	105	105	57	51	87	88	116	135	107	109	133	110	141	118	101	158	82	134	75	124	142	125	162	82	49	138	60	117	121	52	52	102	130	94	76	154	133	84	100	104	126	91	57	87	163	101	108	119	71	159	160	86	113	42	81	132	74	49	108	138	109	101	111	142	83	132	127	65	93	119	140	152	107	133	152	106	147	74	94	85	87	124	158	105	102	81	67	158	64	87	77	116	62	63	101	85	150	136	135	24	122	135	109	90	167	135	72	81	77	59	101	104	125	121	178	127	117	142	103	87	74	54	97	86	120	144	125	90	96	86	143	76	106	69	161	90	89	153	142	66	66	72	102	52	74	90	163	117	193	101	178	102	68	112	110	114	103	78	50	46	76	114	105	108	141	93	110	115	135	78	63	122	115	118	141	79	109	76	52	52	174	98	104	138	118	116	96	82	138	138	130	129	73	133	171	156	112	86	91	106	75	124	60	56	51	41	84	65	64	34	58	88	99	52	133	69	50	46	94	80	45	42	89	70	98	69	58	41	91	57	86	86	44	65	47	45	59	109	64	65	48	67	93	58	77	67	44	122	65	105	95	60	39	118	60	43	87	52	69	58	102	70	99	69	108	72	97	97	69	52	63	75	70	105	52	59	59	68	67	77	57	53	67	101	83	71	76	55	127	85	91	75	128	60	68	68	100	55	81	63	76	60	87	104	95	64	63	55	62	51	47	77	68	73	50	71	37	84	63	78	86	76	55	76	55	79	64	74	79	59	77	74	58	59	32	38	73	77	52	91	70	70	80	78	74	43	99	88	58	31	45	81	52	52	20	61	87	58	56	104	56	91	68	79	58	113	45	62	65	64	66	71	67	95	99	47	81	59	69	91	41	76	49	70	83	37	50	110	65	66	99	44	95	92	87	96	97	83	83	71	86	60	107	72	75	75	58	108	68	74	58	59	94	87	58	94	60	76	105	54	56	53	63	88	76	47	106	61	45	102	74	56	49	51	43	48	72	75	41	88	88	57	67	82	111	64	83	35	67	55	85	47	77	60
cell21	105	114	220	124	269	147	192	144	129	132	65	170	286	128	163	134	265	211	124	196	120	314	114	117	256	65	171	184	279	209	141	98	114	153	159	195	114	123	164	113	135	126	225	241	196	77	93	192	138	112	135	106	123	168	191	174	153	157	111	126	184	151	122	190	94	92	157	138	170	105	106	202	99	141	161	165	269	203	110	120	232	182	160	217	81	138	153	91	136	189	181	212	81	140	157	175	131	101	367	277	285	192	195	152	180	136	162	160	187	156	135	170	145	129	66	229	124	177	112	160	108	160	231	188	248	121	131	189	145	157	260	188	119	308	67	151	222	157	175	122	114	187	202	156	92	279	70	126	243	166	165	102	177	215	65	162	154	142	200	147	192	214	166	112	130	207	202	141	225	103	148	153	173	175	93	182	27	154	222	142	168	111	139	214	105	121	169	88	185	171	87	208	172	143	216	192	166	214	131	294	174	152	220	234	170	156	86	129	146	480	147	131	176	189	245	108	175	101	129	159	105	265	202	201	125	168	145	129	141	130	228	123	210	209	208	139	123	223	198	131	150	114	347	148	106	67	133	138	132	75	105	152	73	156	93	95	146	131	164	99	74	81	116	33	93	87	61	109	104	103	87	104	157	97	133	75	147	89	99	171	89	43	101	129	121	101	126	95	77	92	168	70	152	203	156	92	105	82	153	70	199	63	25	89	118	93	144	89	68	115	125	117	111	130	132	76	111	113	100	104	113	98	92	92	118	114	122	113	92	94	164	120	108	98	104	185	144	81	90	137	126	89	77	58	109	150	83	66	154	90	78	138	127	87	150	81	84	97	92	86	143	155	74	53	102	130	69	83	148	125	95	140	76	123	82	179	89	114	62	158	218	214	79	64	134	108	146	46	82	90	53	65	92	91	55	109	176	105	109	103	139	99	67	101	71	66	112	133	159	59	82	115	107	78	116	69	111	100	181	85	116	113	128	137	104	143	153	126	104	109	81	67	94	129	79	82	91	109	82	91	145	91	183	143	57	99	135	134	127	158	192	89	68	100	105	50	98	124	176	92	113	49	66	122	68	88	81	93	142	118	63	133	139	93	87	138	112	141	87	102	90	148	96	141	152	156	69	115	153	77	89	99	103	139	57	100	111	118
cell22	90	79	98	95	169	95	112	121	98	156	86	99	98	68	157	99	183	171	99	82	115	155	56	146	116	133	84	113	107	95	135	96	105	112	122	79	183	141	171	75	97	115	90	94	95	149	80	101	93	94	134	151	115	90	176	80	102	75	134	111	70	127	59	121	72	82	94	80	77	65	139	128	159	84	93	96	89	89	127	101	111	187	82	138	72	144	76	78	105	147	68	127	140	86	93	70	101	106	81	121	112	84	82	117	91	124	125	162	107	127	85	108	123	176	135	191	41	104	140	120	133	80	79	182	82	84	53	58	182	118	178	165	93	110	110	166	165	100	37	83	76	102	106	76	77	64	78	57	83	73	89	52	115	84	88	101	51	44	75	232	76	177	63	76	94	127	62	74	130	121	88	187	101	167	136	105	150	98	86	38	56	107	152	133	94	47	86	128	128	96	75	79	132	136	148	117	121	177	67	72	123	124	98	169	126	75	94	144	88	96	68	179	227	104	164	210	101	78	110	50	89	136	115	150	102	79	56	95	75	74	181	58	92	96	88	92	145	95	128	172	117	103	223	52	92	53	68	51	35	43	75	92	99	51	70	97	70	93	45	54	110	61	102	65	51	46	51	99	60	84	62	53	54	104	86	114	74	29	71	71	71	92	75	74	59	72	85	82	36	55	90	52	70	82	43	33	80	101	55	60	60	121	110	44	96	48	71	93	82	90	70	88	63	74	79	77	59	77	92	54	47	80	48	77	65	90	79	94	71	76	47	111	60	45	69	86	42	59	63	97	116	44	89	74	58	95	84	92	51	58	75	51	96	55	71	44	80	72	75	66	42	64	54	74	79	25	42	37	68	61	104	133	87	123	52	53	73	59	61	106	74	58	98	66	64	81	62	42	60	87	29	70	112	84	78	54	58	101	69	51	83	49	70	43	64	82	43	72	45	82	67	78	72	45	91	88	92	113	61	61	34	66	66	53	48	114	31	89	45	49	68	89	101	52	45	29	81	51	55	61	67	112	76	56	121	93	68	59	50	67	114	65	51	68	104	60	81	57	92	89	34	78	69	34	29	84	70	56	104	51	45	44	55	84	48	104	61	49	90	64	70	33	46	81	47	71	101	124	95	69	88	86	53	91	39	83	74	50
cell23	47	198	90	133	136	97	229	192	85	212	54	95	112	136	99	139	118	130	120	65	42	158	104	186	164	137	73	145	140	207	95	132	147	150	42	111	113	67	101	161	114	153	99	181	219	102	80	125	124	139	150	167	97	42	148	95	93	165	115	134	156	185	146	144	148	145	106	182	90	119	143	195	133	151	171	64	118	128	66	143	161	134	104	135	77	99	43	104	85	92	149	117	103	116	92	70	160	199	122	113	215	61	113	107	133	123	155	130	109	204	112	113	161	120	70	97	125	207	100	87	95	152	73	188	65	117	164	100	118	224	161	159	149	113	89	120	141	107	182	87	157	143	126	185	82	152	133	93	164	132	141	125	88	177	111	206	156	117	115	69	192	230	127	81	118	101	149	163	91	91	195	104	117	160	103	100	88	171	172	108	147	94	117	169	180	115	127	78	158	156	154	144	234	110	129	145	113	125	87	84	179	115	145	155	152	153	90	199	104	167	178	123	181	72	186	190	128	185	83	184	99	156	190	111	98	111	155	121	91	55	211	141	106	75	109	220	143	125	101	139	75	95	228	113	58	67	78	78	78	74	122	113	67	84	109	156	121	56	46	67	102	52	73	47	109	98	116	197	73	65	125	56	69	111	88	166	68	81	72	81	71	94	49	54	111	127	111	105	58	67	74	82	133	95	65	78	68	95	86	129	120	84	111	115	47	57	35	62	136	97	47	138	28	71	92	66	86	72	106	83	76	105	121	96	73	84	95	88	96	72	101	104	75	85	105	97	76	79	57	73	91	106	56	81	89	130	69	83	182	101	90	89	114	78	88	68	66	97	71	78	78	51	114	98	69	166	58	58	58	56	76	77	56	80	88	76	99	73	100	44	84	77	66	110	74	113	68	67	75	70	105	91	79	123	89	83	77	149	98	87	137	138	89	86	78	23	113	126	90	78	57	94	81	73	52	63	39	59	73	66	108	60	66	95	52	80	115	106	77	70	99	121	62	84	92	105	58	91	75	53	41	41	82	70	102	42	146	234	54	48	64	76	79	135	47	87	92	97	138	140	91	60	102	225	32	82	89	122	83	60	37	120	146	63	76	91	84	62	95	96	95	86	66	82	127	26	89	107	65	76	64	40	102	88	152	67	84	78
cell24	125	99	272	305	221	303	151	210	124	290	152	265	131	198	192	344	248	248	242	212	178	240	217	243	292	88	212	161	263	96	229	134	251	180	270	202	191	292	250	116	221	132	173	189	183	219	159	197	259	214	207	295	173	192	336	129	269	175	187	247	159	174	374	265	178	161	116	165	287	93	198	270	349	176	124	146	105	162	267	281	235	228	342	166	304	200	330	319	252	349	370	151	321	143	188	211	233	134	274	270	247	160	145	256	177	202	360	86	237	219	212	197	97	266	84	292	311	214	211	353	182	257	269	157	141	240	330	342	265	246	302	134	135	276	167	330	182	242	181	243	192	191	139	228	103	215	98	199	191	252	196	167	293	110	133	341	169	159	282	150	223	156	259	147	302	200	280	107	203	282	201	266	272	122	291	297	247	170	345	134	182	183	226	273	110	225	159	270	226	262	135	182	191	218	136	214	149	230	167	356	338	243	193	284	236	201	216	175	170	255	227	214	167	152	247	195	149	266	237	247	261	199	232	336	175	253	111	198	138	195	330	107	318	215	90	194	174	218	236	199	110	255	160	156	118	180	121	133	128	120	168	212	98	200	136	121	225	260	150	71	68	55	232	102	92	106	183	152	138	78	94	138	166	119	157	144	158	121	253	174	178	195	183	158	71	103	140	145	139	90	101	160	105	115	177	308	130	131	188	218	105	113	117	175	115	110	86	114	152	110	142	78	133	224	176	115	67	118	151	67	134	101	133	104	160	130	139	148	92	148	110	100	293	182	189	197	204	201	123	80	125	130	120	152	76	150	150	248	195	73	204	123	130	109	154	103	136	111	107	78	111	117	103	151	102	181	116	69	78	127	165	104	183	121	92	113	313	231	177	191	105	191	209	203	214	133	159	139	105	152	128	142	173	113	44	168	72	158	159	142	135	134	130	90	110	122	170	174	146	136	174	112	159	141	162	90	151	168	88	83	246	53	129	188	138	165	126	179	119	203	163	133	154	105	151	178	104	224	135	163	109	194	86	101	168	146	129	165	69	224	98	158	140	145	123	272	97	71	158	105	167	155	143	164	97	118	161	104	149	148	129	164	98	98	137	176	139	73	291	201	108	182	73	192	75	198	107	125	207	145	111	92	130	214	132	163	127	130
cell25	164	163	87	174	128	135	95	88	148	164	127	194	149	132	53	191	116	146	106	134	91	143	154	91	87	110	107	106	153	111	75	113	55	95	105	181	65	94	91	107	128	41	163	90	139	101	141	130	127	112	68	155	121	144	229	142	82	171	121	157	61	76	106	129	78	167	117	75	56	135	87	63	138	129	217	146	87	142	116	239	73	171	40	143	106	193	188	75	149	151	128	115	61	112	133	75	184	220	168	162	212	122	44	104	189	117	113	96	87	157	129	170	52	183	91	144	119	84	89	118	119	57	92	197	104	111	101	81	120	201	111	187	134	160	93	214	46	82	172	140	119	148	166	156	123	133	112	105	200	133	79	107	125	61	92	109	205	79	218	130	137	63	145	96	184	139	123	143	99	83	96	137	111	188	132	87	115	133	157	75	120	84	109	91	120	178	227	94	103	170	140	157	152	132	170	80	94	180	176	113	72	95	148	91	86	179	122	180	137	144	154	119	94	94	64	71	93	109	66	101	119	69	188	157	126	88	103	133	163	128	99	117	123	74	89	120	147	112	95	178	60	126	114	148	87	122	49	154	89	98	108	49	56	53	111	36	140	95	93	80	118	52	54	82	72	86	59	127	57	116	68	81	103	107	118	66	65	105	132	126	78	103	46	116	111	52	131	119	54	100	106	90	98	90	67	105	76	75	76	54	111	80	81	36	42	104	44	79	42	84	67	133	55	41	23	117	52	55	124	94	92	128	83	73	92	24	107	85	117	60	88	46	39	65	74	145	113	91	108	83	79	56	118	89	103	52	89	75	94	47	185	104	74	58	75	84	74	55	85	61	81	69	47	83	55	113	83	95	42	63	111	96	43	216	77	129	66	75	52	122	72	90	72	95	37	99	71	133	142	77	94	50	70	94	106	75	67	118	57	47	129	71	59	71	46	66	133	113	101	79	92	98	53	87	114	49	128	44	135	72	133	136	80	65	119	116	67	67	92	129	73	128	69	101	83	93	73	72	105	61	73	83	108	101	53	141	81	71	105	32	82	115	65	64	129	81	126	85	117	96	100	66	139	82	81	66	72	52	80	54	104	53	59	91	107	112	92	67	89	76	63	124	79	74	63	55	45	80	145	108	137	59	45	125	79	60	76	103
cell26	173	180	106	248	220	166	210	268	187	179	151	239	178	152	135	175	216	121	159	231	144	138	127	117	127	138	233	161	304	230	139	150	153	185	125	192	165	180	179	185	212	150	149	196	153	73	193	215	155	190	211	108	97	253	178	193	194	161	141	238	313	33	171	178	152	180	196	117	185	164	156	195	149	155	119	142	182	217	310	172	211	193	172	248	174	70	199	194	202	153	156	269	109	172	131	168	156	229	228	166	146	85	67	184	152	149	116	119	193	93	243	202	100	253	120	100	92	140	202	187	168	177	143	106	140	196	166	97	244	143	186	148	179	183	80	190	273	232	273	166	198	350	149	148	205	147	121	132	202	89	390	132	97	192	175	127	232	196	150	153	216	202	158	114	162	194	333	131	178	150	245	269	227	120	208	154	182	185	198	146	201	164	298	286	299	157	104	122	125	110	119	179	268	196	169	213	104	217	184	83	141	180	210	266	149	122	268	152	198	120	117	130	161	294	264	161	225	87	209	158	214	256	250	161	149	171	150	262	158	249	77	171	114	238	111	160	170	158	98	120	107	184	158	251	190	121	210	92	111	93	105	110	182	123	165	140	134	129	117	68	127	148	65	111	152	66	129	53	140	84	163	121	185	134	200	153	112	120	140	63	117	141	96	105	101	97	65	103	106	92	79	84	148	109	104	128	121	127	116	174	116	126	77	130	119	94	139	169	143	183	119	172	77	111	142	69	75	98	82	76	56	127	134	99	142	35	80	97	113	201	141	100	54	147	91	155	125	230	105	90	195	94	136	150	147	66	99	142	157	158	148	92	124	137	32	106	76	85	83	182	173	53	137	139	97	75	158	143	85	164	65	93	143	170	78	110	169	152	157	65	91	70	127	105	89	158	100	106	109	151	179	160	58	40	190	162	158	133	120	78	184	159	125	124	136	61	117	136	101	118	185	209	83	190	37	86	119	177	138	97	67	71	136	136	115	130	106	148	107	133	148	96	64	71	78	87	88	137	68	60	112	98	121	135	118	156	113	113	66	188	127	103	184	281	107	153	110	86	113	157	99	84	130	88	57	122	146	152	104	149	170	88	131	120	71	117	63	151	128	177	99	134	69	147	72	52	141	151	82	110	230	146	87	66	72	107	123	149
cell27	152	122	126	124	149	52	97	105	128	169	93	70	68	46	88	61	85	164	130	94	124	124	120	115	169	68	100	88	115	89	107	56	136	90	128	116	128	107	94	195	145	126	141	112	121	90	122	230	112	161	76	132	106	183	53	112	145	117	79	93	93	40	86	168	38	125	122	61	155	76	115	61	100	160	150	73	145	125	215	160	156	110	139	118	119	160	118	105	95	141	184	87	90	82	61	43	178	139	120	80	101	127	77	103	125	130	103	111	103	138	97	67	58	112	90	103	74	79	99	34	104	104	109	103	131	156	130	69	124	89	102	145	51	92	176	117	109	80	176	65	89	147	180	107	145	111	163	197	79	76	79	142	46	62	210	75	166	283	78	91	131	125	89	137	84	138	109	72	89	223	113	116	121	126	89	47	121	133	44	101	104	193	43	84	73	106	139	141	114	120	124	50	167	97	153	66	184	114	195	85	83	146	92	138	54	92	108	103	177	85	125	109	145	184	82	89	137	49	99	60	138	113	77	137	106	119	99	68	84	119	94	102	61	155	113	118	71	122	131	108	126	85	61	138	88	76	56	89	77	86	70	65	82	43	52	100	67	69	59	28	116	100	26	74	68	94	87	35	67	99	79	111	91	46	54	106	62	49	95	92	69	82	114	90	35	72	83	108	92	68	100	72	117	59	100	108	71	67	100	165	57	70	51	78	67	109	68	125	50	68	58	74	46	66	83	74	65	105	31	68	74	42	37	117	113	35	66	52	50	111	105	90	76	35	56	77	144	75	47	75	103	107	80	116	61	109	107	90	88	64	51	47	69	49	63	104	78	56	80	60	72	73	67	50	74	48	36	57	127	66	41	87	116	79	54	62	72	55	97	58	88	55	134	66	31	100	46	57	83	85	107	38	78	86	95	61	84	89	64	60	53	49	67	53	61	74	95	79	79	43	78	35	52	77	79	68	84	80	69	65	64	43	73	59	62	52	75	76	50	45	96	103	55	38	133	51	54	77	83	81	54	42	85	56	87	65	65	100	89	69	67	81	83	67	118	94	84	70	40	85	46	71	172	67	63	28	37	39	97	96	62	50	74	85	114	101	66	46	69	80	39	60	74	51	122	49	72	113	71	35	40	67	112	103	55	67	88	78
cell28	150	167	215	182	112	160	69	104	136	96	162	140	136	136	178	68	102	167	83	82	101	106	107	80	98	107	83	116	85	162	129	58	119	100	77	169	194	113	119	57	89	52	208	89	131	127	98	106	98	115	185	135	167	154	95	163	98	121	184	85	186	136	86	118	136	139	199	121	66	127	216	49	103	189	137	119	159	100	115	146	103	94	137	88	99	177	49	195	107	173	132	74	100	59	89	111	78	107	182	143	97	213	120	171	212	91	74	103	106	98	100	173	119	134	182	235	120	157	144	219	219	128	217	109	116	106	100	217	181	53	194	147	158	164	76	160	179	111	93	117	133	107	77	162	169	189	118	117	121	57	83	123	81	136	166	82	99	120	157	168	149	162	222	124	131	134	61	158	174	122	139	137	111	126	211	162	76	150	159	216	101	74	107	153	142	164	107	73	111	120	140	116	172	157	141	63	111	156	138	83	215	100	156	111	151	74	174	135	142	64	166	146	100	209	66	162	165	126	100	115	92	78	112	183	131	365	148	103	92	97	91	212	162	83	215	88	92	65	96	210	140	67	140	196	161	95	89	54	73	70	98	73	91	67	37	86	75	74	83	83	68	68	70	133	135	65	56	139	57	60	52	75	121	143	103	101	125	113	93	192	100	64	96	107	94	87	107	115	64	74	112	121	85	48	148	53	67	102	79	46	102	101	111	62	81	89	175	78	118	51	96	49	66	92	42	75	152	81	80	89	87	63	80	129	136	60	144	111	87	71	99	95	81	110	66	135	86	75	71	63	118	152	176	52	44	114	150	87	101	69	60	134	93	75	134	82	80	123	121	105	94	42	115	138	79	113	59	55	131	96	63	105	97	129	164	109	140	78	71	86	92	93	52	85	136	95	76	68	155	112	137	59	122	150	110	78	120	124	87	72	115	74	70	71	52	72	79	71	78	174	40	148	60	41	98	71	108	107	95	107	84	105	108	79	146	115	73	40	64	86	67	70	124	74	92	41	91	87	68	82	45	65	96	113	80	109	62	155	65	47	89	68	82	77	80	60	79	127	63	63	86	92	62	77	70	66	74	121	101	32	54	118	97	133	63	109	79	110	52	114	108	111	167	117	99	51	87	143	118	64	78	147	61	31	73	38	110	59
cell29	197	113	93	204	63	136	60	143	102	165	152	64	152	123	179	109	99	133	222	126	138	130	93	134	84	132	130	126	81	64	101	72	149	96	41	127	111	88	98	130	77	138	105	87	89	112	64	191	80	82	95	95	48	88	66	89	170	107	130	54	74	52	107	52	78	96	155	123	175	120	92	127	90	106	125	128	110	104	107	96	120	116	91	67	57	197	105	73	94	90	109	46	151	110	72	157	84	89	121	64	197	72	91	165	146	185	101	160	67	103	70	145	105	194	133	128	139	144	93	130	83	155	87	104	107	158	107	138	122	95	103	102	128	98	100	79	105	86	116	131	176	124	120	76	105	104	105	71	109	122	100	167	92	180	55	171	152	138	111	104	58	90	77	102	98	110	132	96	109	128	104	98	96	289	115	113	67	88	143	60	141	69	131	126	95	154	75	27	152	108	75	71	133	119	89	145	109	84	117	100	172	118	64	78	37	77	145	114	159	201	62	134	108	105	129	138	102	112	111	109	135	144	157	107	169	169	137	112	87	67	56	88	113	101	153	108	120	54	104	86	35	130	150	158	79	107	54	78	114	157	52	60	90	72	115	82	79	50	59	176	44	83	58	64	87	42	106	84	62	88	46	45	52	55	75	65	68	95	82	61	84	46	122	109	62	43	67	49	64	32	30	83	64	98	72	65	88	67	58	120	136	69	42	83	95	65	54	56	99	84	93	76	44	49	28	88	63	85	56	63	43	66	83	77	98	67	59	55	117	56	101	143	70	52	56	69	82	103	74	39	54	71	88	77	79	38	46	101	52	50	102	44	69	63	81	40	49	71	116	49	44	65	129	36	79	90	35	58	40	100	37	36	42	63	59	44	50	78	70	67	80	95	81	68	84	60	36	100	70	29	96	61	74	82	63	87	60	45	106	80	53	58	96	112	106	78	60	96	82	97	108	76	122	34	62	110	63	63	60	81	44	65	75	93	41	62	67	42	42	59	61	81	49	78	48	95	70	66	94	64	119	59	89	53	90	87	34	47	120	91	114	36	39	36	181	56	64	71	111	52	102	66	102	66	50	51	98	83	59	82	65	93	75	96	68	52	69	93	35	77	79	55	123	136	102	87	53	101	43	81	113	90	93	97	59	47	47	32
cell30	111	121	118	84	88	201	96	80	99	152	161	166	150	57	85	218	93	106	107	94	67	129	62	138	47	139	176	135	133	160	123	157	164	159	162	142	197	89	170	67	149	144	150	194	92	134	131	54	101	80	106	172	175	91	144	104	163	90	97	196	96	142	94	127	134	111	94	150	133	143	195	163	127	66	148	163	58	171	72	91	191	169	150	26	66	192	109	109	142	164	158	161	133	174	148	138	145	93	143	182	125	82	145	136	111	90	203	76	111	170	131	199	137	61	72	161	172	76	118	164	198	132	88	170	158	131	101	134	85	132	89	50	66	156	157	90	95	178	156	152	135	191	164	167	244	114	120	152	79	149	117	182	65	106	157	95	98	115	56	140	139	123	73	138	93	130	85	88	103	61	134	191	154	90	69	153	125	125	123	107	79	108	150	146	90	94	163	90	129	116	192	89	111	184	70	147	136	84	107	144	172	97	116	51	117	68	103	73	161	147	117	119	199	203	128	209	191	118	77	140	105	156	136	107	129	167	99	97	107	170	83	81	149	84	118	128	121	117	169	118	157	105	60	103	96	114	87	129	82	93	82	92	103	66	137	152	102	171	94	84	97	101	56	83	81	47	103	81	126	80	88	75	105	80	100	99	100	83	122	65	49	76	63	117	89	50	61	70	46	94	112	97	60	71	77	79	89	48	117	67	105	71	58	91	100	130	56	88	110	121	159	56	63	89	115	80	145	65	143	90	69	105	62	114	58	66	91	81	102	61	58	113	83	107	94	67	90	39	54	172	65	106	144	113	101	125	134	44	117	62	55	70	98	112	35	78	112	50	57	20	80	58	91	39	134	156	76	91	48	111	65	96	108	95	71	114	60	188	71	118	80	54	64	52	41	85	65	76	85	105	87	113	82	46	38	68	83	109	111	125	88	61	45	97	93	81	125	81	68	54	93	74	90	82	72	103	134	101	95	96	53	70	123	101	75	88	65	89	61	66	48	78	98	80	89	127	102	97	81	139	129	62	73	74	50	48	69	68	70	74	109	95	56	118	102	91	62	62	57	82	62	82	89	58	64	44	81	54	123	86	83	101	49	90	78	113	101	56	74	65	162	65	88	150	156	86	169	87	94	108	102	78	81	82	56	45	90	44
cell31	132	166	212	113	229	88	144	255	174	147	250	179	228	229	210	116	130	139	222	191	304	178	163	73	197	202	99	80	107	156	165	176	164	260	242	192	194	147	273	151	196	197	127	213	229	158	182	233	225	223	158	212	220	233	166	187	185	137	210	164	235	145	166	280	250	209	172	142	138	196	268	308	129	172	260	151	227	247	175	293	114	158	105	194	165	217	114	291	200	244	170	230	266	244	127	184	234	178	175	158	173	147	320	137	242	224	156	112	156	189	290	77	161	280	159	231	240	94	125	194	145	161	149	133	166	195	71	112	236	112	130	133	112	149	142	213	291	202	202	197	99	182	231	149	130	227	295	159	217	157	133	236	140	129	199	98	190	214	156	200	217	179	189	113	120	122	145	105	133	196	186	168	168	204	209	172	170	142	169	165	275	151	143	169	195	165	170	128	166	121	121	180	165	152	107	279	159	163	168	143	272	241	96	219	249	251	112	138	172	177	209	98	204	94	156	125	118	122	181	145	162	324	172	274	184	97	168	119	207	272	288	169	206	163	148	195	261	163	102	128	268	173	199	190	140	149	84	169	171	120	112	113	145	131	148	192	91	65	106	110	86	166	151	163	146	130	74	157	118	152	126	197	125	78	71	114	78	183	169	114	126	50	134	71	194	92	113	200	147	147	189	101	86	177	157	90	127	118	105	142	160	140	112	196	80	172	90	92	117	92	266	83	162	151	83	154	160	134	181	95	121	214	77	147	101	123	133	119	105	139	141	120	85	119	127	101	124	114	127	166	161	233	184	107	70	226	140	63	106	129	170	79	129	118	121	77	164	134	151	124	157	137	99	133	131	103	78	81	83	131	156	89	166	72	112	86	169	126	107	122	85	44	104	150	50	122	168	163	184	118	110	123	110	79	135	179	126	120	119	146	129	185	108	121	117	148	82	172	104	106	172	117	101	178	94	183	129	146	204	79	133	163	109	163	189	133	150	110	120	139	127	104	88	154	189	123	67	129	142	97	101	73	106	62	94	182	74	148	83	126	61	149	133	77	152	158	111	129	197	112	112	206	71	179	101	120	136	99	100	57	116	135	97	152	101	176	147	135	89	127	162	198	164	66	116	96	127	133	77	164	89	55	107	73	154	123	133	89
cell32	45	57	59	47	42	73	74	36	91	66	53	46	37	66	71	41	50	44	46	70	54	48	67	43	46	63	42	36	49	37	70	56	33	70	64	53	41	36	67	69	51	57	29	44	57	46	76	135	43	107	42	81	105	108	52	85	60	106	33	170	73	49	32	82	142	57	95	67	66	63	167	67	178	65	129	44	58	39	73	78	82	36	37	19	0	0	0	37	27	24	87	36	41	53	60	59	47	44	31	48	27	40	57	63	80	35	47	42	39	47	81	48	67	43	113	63	62	56	44	75	106	56	26	62	71	55	44	78	50	88	68	107	71	61	68	43	66	52	37	36	49	66	46	66	38	79	41	81	81	93	67	42	28	68	44	47	49	101	81	41	36	52	71	45	91	45	49	68	49	24	84	29	83	43	67	56	44	36	57	74	57	39	59	51	61	47	55	36	21	72	59	39	67	36	50	55	19	53	58	59	24	36	47	57	49	46	66	46	59	110	39	71	74	36	44	35	40	51	62	51	35	53	56	60	31	87	72	54	29	38	22	107	43	48	64	52	97	48	37	73	79	48	72	37	57	84	43	91	40	46	52	74	73	52	77	75	50	80	71	38	88	54	63	72	65	68	52	97	69	78	62	90	33	41	64	68	71	77	35	86	48	16	35	81	55	61	94	56	45	50	38	39	50	93	48	49	65	25	45	41	58	36	59	71	61	41	48	105	62	49	80	40	61	83	37	31	38	57	34	88	63	55	102	61	65	57	59	68	46	59	66	68	37	71	55	88	65	62	58	44	86	52	58	78	53	48	56	60	58	51	48	50	48	79	53	31	40	25	41	79	36	67	60	64	45	65	61	74	40	55	50	44	69	99	43	57	51	63	59	63	52	63	46	69	69	44	51	53	58	54	33	63	70	31	49	26	110	75	61	46	32	28	54	91	87	84	58	78	59	80	78	29	59	44	59	72	41	62	62	35	68	54	67	50	51	47	23	67	77	26	39	53	42	107	95	61	37	61	60	66	78	57	37	76	68	39	50	54	61	32	56	112	50	30	85	54	54	60	57	52	89	59	70	29	76	79	64	36	52	87	50	55	45	62	49	49	65	91	32	40	61	39	45	66	58	29	46	57	59	107	64	50	31	39	39	51	78	67
cell33	146	109	180	133	85	103	97	93	82	103	170	76	133	114	120	87	151	135	62	73	106	146	108	207	78	124	53	86	122	63	135	70	52	77	129	145	105	184	84	102	132	85	123	101	133	44	61	198	125	156	220	103	110	92	203	122	187	128	118	101	144	174	116	103	100	174	240	184	198	274	179	99	183	216	185	74	123	140	119	105	150	78	55	30	0	0	0	50	34	55	93	131	71	162	149	92	91	91	114	89	101	74	98	139	108	111	207	87	84	94	48	171	135	89	66	75	77	131	150	71	99	73	87	40	130	82	61	164	108	74	81	133	159	78	141	126	54	119	91	111	129	97	87	52	65	178	115	129	104	167	135	80	85	51	97	92	197	54	97	88	132	53	109	90	102	126	39	95	114	138	119	116	89	111	72	106	130	108	114	129	166	111	63	146	63	128	105	188	123	114	105	68	77	175	74	103	169	145	176	64	125	160	66	102	118	105	61	98	68	99	123	86	63	111	157	116	42	65	91	129	78	97	62	101	155	85	74	108	72	91	138	160	114	113	152	66	153	127	160	109	130	160	84	80	202	43	84	117	56	73	78	125	150	123	100	111	114	124	89	103	144	92	146	98	48	83	79	88	83	77	135	144	91	95	50	106	77	142	84	137	84	60	117	135	133	117	77	84	102	94	65	71	142	70	81	89	125	50	72	170	82	103	66	77	123	117	103	75	98	50	162	91	125	113	104	164	134	121	120	83	164	44	183	110	111	130	187	61	101	114	93	187	126	48	82	78	150	112	111	150	135	138	63	112	77	91	44	85	140	75	133	93	105	82	109	121	197	92	143	65	73	68	141	171	98	44	118	84	82	53	86	153	85	77	115	139	104	68	140	62	79	153	88	136	76	129	179	113	130	84	96	91	85	131	97	92	125	165	108	52	76	152	56	127	43	96	81	71	91	157	53	96	131	61	85	81	98	62	117	117	77	108	72	109	103	177	125	129	113	150	123	115	69	117	92	128	151	145	91	141	130	91	154	159	66	81	139	85	146	97	122	122	136	90	98	64	88	57	123	60	160	66	63	133	133	167	124	96	99	97	66	106	106	75	129	90	69	92	70	104	101	129	166	57	94	53	111	140	68	74	146	90	98	173	93	92	119	83
cell34	102	128	103	122	98	132	192	73	182	178	168	162	129	173	122	220	127	182	181	128	204	84	164	166	116	153	220	94	158	223	66	261	151	188	201	206	136	141	168	82	170	63	146	198	75	69	277	107	72	227	142	151	79	224	153	184	241	135	100	225	135	139	118	267	141	196	158	175	161	185	151	244	89	168	155	243	125	226	123	280	112	138	177	87	124	178	98	131	115	121	76	190	58	224	205	123	75	157	147	201	93	103	252	89	72	197	229	281	199	133	132	58	137	162	134	168	206	115	133	118	250	198	120	161	98	123	349	220	138	142	90	150	206	248	175	226	147	215	121	142	186	95	142	198	131	102	97	171	211	170	141	91	96	170	140	165	119	75	134	186	154	112	166	226	87	92	146	128	101	262	313	187	110	180	151	131	119	199	169	118	171	128	117	160	224	203	101	100	138	150	160	200	268	105	90	265	161	131	156	122	236	152	143	158	87	160	91	173	165	149	126	142	110	81	131	136	64	207	127	233	108	71	145	182	113	197	136	207	164	125	155	172	185	138	104	89	85	105	78	246	139	152	210	161	107	86	88	78	59	65	76	94	133	96	87	157	101	54	129	145	203	88	173	205	78	90	120	70	99	115	58	108	104	108	179	115	57	83	89	120	80	105	107	206	101	121	104	119	82	96	73	105	87	70	70	215	74	148	83	91	93	92	66	123	126	126	112	61	148	105	86	103	83	91	85	143	77	101	151	108	106	159	60	198	74	87	90	141	118	128	99	163	90	120	122	76	154	109	93	128	52	107	64	79	115	118	70	135	95	54	102	117	71	75	107	89	43	100	75	118	133	84	151	88	54	96	83	133	101	59	151	111	88	65	70	71	53	74	128	130	115	91	68	84	85	155	97	133	107	40	133	113	63	115	115	111	124	123	83	142	67	191	132	65	152	122	73	86	91	78	121	77	123	76	141	167	71	144	57	95	170	77	57	64	94	109	100	137	108	129	99	107	53	48	117	112	98	151	115	92	113	110	87	100	118	60	143	121	98	83	71	101	221	83	77	91	112	152	72	95	73	110	70	170	90	144	127	152	92	90	122	106	143	166	140	193	240	114	80	118	93	55	140	90	113	106	40	103	80	70	96	66	122	95	68	113	96	84
cell35	167	105	211	88	137	81	124	115	119	110	134	121	148	138	113	121	102	117	110	119	88	152	134	170	95	121	69	156	170	179	116	110	189	84	227	85	86	170	116	152	150	110	108	127	128	130	264	116	92	55	132	118	126	181	140	252	96	147	72	187	111	114	81	97	171	105	59	88	231	94	123	123	64	171	138	144	141	95	83	176	94	125	153	80	140	88	121	97	196	99	78	72	156	69	111	127	94	84	123	118	55	98	67	121	83	115	95	53	124	113	128	133	45	119	167	219	95	101	89	75	92	118	115	107	59	99	155	198	102	77	82	142	69	252	160	126	210	72	61	119	137	122	92	181	72	102	54	128	75	129	122	185	146	129	103	132	212	130	151	116	138	116	110	61	91	82	152	121	215	113	135	98	80	73	178	127	105	92	131	161	84	76	70	148	95	102	146	56	75	72	125	113	139	135	59	157	102	91	118	123	151	106	124	163	99	82	118	99	82	132	107	61	57	123	82	93	159	137	143	113	130	125	145	139	52	154	101	54	126	127	162	79	141	58	155	104	149	105	99	107	42	68	84	102	91	80	75	39	93	143	66	77	94	36	81	65	68	89	81	65	89	76	87	67	88	50	48	98	70	109	49	75	69	39	69	77	83	116	94	68	67	106	93	37	68	102	83	65	165	81	69	62	105	95	34	64	51	48	40	78	103	63	79	85	74	53	138	36	83	84	62	99	76	160	91	81	84	70	89	101	66	86	66	91	75	93	33	91	83	95	75	115	76	66	32	66	71	66	101	65	106	65	55	95	149	104	72	82	80	47	94	51	81	93	88	115	91	51	84	108	104	49	67	110	50	71	105	90	74	58	129	78	85	65	129	82	95	36	122	68	73	53	54	41	99	101	72	67	86	84	87	106	124	90	48	83	51	82	107	38	62	87	144	49	73	58	82	112	94	73	68	58	58	54	87	23	121	117	88	99	82	90	68	71	61	67	49	59	54	149	79	55	57	66	65	137	93	42	91	87	72	53	183	72	86	76	70	65	67	135	99	53	86	66	85	91	133	142	75	60	83	70	64	87	69	98	46	93	73	124	110	65	46	39	102	25	140	82	117	95	108	89	57	63	80	115	78	85	101	124	74	99	64	37	93	82	101	45
cell36	101	72	95	79	86	121	112	138	123	98	126	82	86	125	72	78	98	98	88	87	85	32	98	132	134	94	95	95	56	85	66	94	84	86	65	115	134	65	67	147	49	86	50	73	63	59	101	110	78	133	49	127	77	97	98	126	60	99	44	69	140	88	81	68	68	122	79	44	115	116	122	75	98	131	167	80	85	60	82	107	102	71	112	90	128	57	89	98	95	116	86	62	81	98	194	114	79	62	89	66	145	82	93	104	125	107	99	118	95	115	90	99	70	77	43	107	63	50	192	71	126	69	72	68	118	123	54	82	53	109	200	97	88	59	97	57	116	84	77	137	107	169	144	73	119	109	84	62	99	56	101	115	83	84	146	134	135	96	96	36	42	94	95	48	100	54	114	61	82	88	49	96	71	140	51	94	195	118	50	63	154	81	79	53	38	62	87	126	80	217	97	110	95	117	80	93	96	112	59	84	83	47	62	173	90	81	44	149	93	88	162	76	76	100	65	81	56	93	147	92	65	145	85	76	109	77	78	90	80	60	74	71	95	115	91	63	75	38	104	142	60	73	64	77	73	67	42	44	24	72	84	56	56	50	74	31	91	38	35	64	75	68	60	75	90	44	81	62	67	42	98	43	64	60	83	60	36	75	47	51	43	29	39	29	62	55	65	48	100	39	59	65	43	45	72	62	78	48	103	91	70	79	28	72	91	55	70	36	30	48	47	69	64	93	57	60	130	52	63	47	70	43	57	59	85	108	88	91	53	64	76	48	83	84	56	111	16	36	55	81	78	47	42	76	54	126	54	49	88	57	43	59	45	43	48	48	56	67	102	90	44	62	57	24	111	63	59	144	35	112	55	44	42	51	45	38	47	39	98	47	53	88	27	65	52	57	39	31	53	123	46	60	43	79	44	43	128	133	72	101	51	73	75	61	32	70	63	76	38	51	93	65	48	70	44	93	123	35	73	45	56	62	87	46	83	60	65	17	56	42	55	111	25	72	41	58	42	40	49	48	70	96	75	67	46	33	87	53	65	62	55	80	94	64	104	72	47	39	60	54	53	51	112	48	63	145	27	49	28	56	53	76	61	81	69	42	49	80	42	78	61	33	89	52	41	105	43	79	47	72	58	57	78	53	60	92	70	90
cell37	153	181	104	90	70	129	54	128	81	122	112	107	71	68	32	193	64	53	58	151	56	89	73	97	83	147	96	95	65	68	42	250	101	120	142	59	103	141	87	39	100	75	87	105	71	73	80	96	134	145	86	88	91	112	88	173	141	140	169	218	212	123	126	111	138	279	156	113	134	133	75	115	246	84	180	106	80	98	79	78	128	60	60	46	80	44	46	41	73	50	115	107	74	116	112	81	69	70	70	106	57	85	103	72	88	95	107	141	111	80	151	88	60	93	61	111	62	77	128	124	85	88	80	58	95	111	120	126	219	62	175	131	87	73	177	95	66	160	66	70	68	134	75	85	69	68	112	104	51	66	95	62	59	62	67	100	145	138	147	75	102	139	132	101	113	104	124	73	74	91	90	120	62	88	100	108	86	92	111	80	49	67	60	115	110	85	127	102	161	51	83	197	109	108	120	82	81	125	165	80	132	134	168	156	100	96	73	108	122	47	125	139	143	140	70	68	142	96	59	133	101	116	83	108	40	139	78	101	151	49	138	105	103	92	150	72	110	89	117	140	95	71	89	67	51	147	142	94	126	76	103	70	83	110	107	64	68	118	130	85	60	100	61	61	45	103	86	87	118	132	145	74	119	105	105	58	135	118	51	95	105	103	56	127	146	128	90	89	115	74	110	72	86	81	70	82	59	77	138	147	87	63	127	69	132	153	137	64	58	103	82	114	73	96	57	149	67	106	172	77	58	63	75	92	68	88	73	73	62	91	149	69	101	125	85	98	148	52	121	58	159	136	142	133	97	153	117	149	129	61	141	88	53	90	136	73	124	62	74	120	103	51	118	65	127	91	54	74	112	69	107	130	57	137	93	105	95	99	61	78	185	123	61	67	121	43	149	65	120	63	119	128	70	51	75	138	82	172	120	102	71	107	92	45	110	101	135	75	148	66	79	60	126	88	72	98	89	96	102	82	114	40	189	70	118	76	112	113	54	80	76	85	81	132	54	92	57	146	81	135	96	100	120	91	79	62	89	105	57	81	87	148	108	61	50	111	119	104	138	119	79	135	134	96	119	121	63	73	43	151	144	96	109	71	76	72	68	56	104	37	35	82	145	121	57	71	63	34	103	96	76	125	112	101	119	65	169	47
cell38	109	100	116	68	104	189	78	225	177	125	183	163	155	89	98	83	105	220	133	230	160	127	78	145	114	88	193	123	221	107	99	119	132	158	126	126	88	90	207	113	122	125	90	90	148	154	234	130	75	120	175	152	116	111	141	114	151	137	112	111	194	147	68	114	125	172	141	179	257	107	148	93	164	194	102	155	217	89	117	73	114	111	98	102	104	84	76	117	120	173	114	136	133	117	116	149	120	137	101	79	208	76	154	63	88	132	135	104	115	147	138	79	83	85	138	105	139	123	155	164	75	76	83	96	202	82	90	132	157	107	74	129	138	97	101	93	87	138	96	81	124	110	122	177	118	160	151	86	109	124	112	114	144	74	73	80	138	190	133	186	54	76	193	95	63	95	99	118	93	121	44	157	221	123	79	168	74	79	102	138	76	198	143	124	112	90	99	99	108	71	278	95	81	120	113	109	145	96	189	103	173	31	137	123	98	135	103	82	132	95	151	106	113	66	174	108	100	131	178	123	93	68	186	158	99	54	179	121	143	87	133	113	70	193	121	84	88	124	142	65	110	131	114	88	89	58	74	63	63	85	58	95	80	64	76	51	86	121	94	52	68	67	71	97	96	86	83	58	68	77	76	54	64	171	62	113	87	98	71	73	63	36	52	35	46	76	81	78	65	166	87	66	39	93	71	76	88	92	74	88	58	95	73	68	77	82	58	106	49	38	53	121	62	70	58	120	34	59	69	69	64	85	113	101	51	53	90	102	76	74	81	104	75	69	129	160	60	41	111	106	116	83	67	53	90	75	63	56	59	111	40	78	80	68	83	71	71	77	54	68	70	100	65	46	79	141	74	62	73	93	131	99	42	67	61	78	47	143	121	71	76	98	65	83	74	140	66	107	112	77	22	98	57	78	122	63	124	88	56	127	49	102	163	117	106	96	54	112	90	77	74	66	87	64	70	76	98	59	53	104	119	114	93	154	99	80	33	93	65	73	142	79	35	92	110	64	66	89	56	72	116	73	97	105	92	61	73	70	80	135	49	101	72	107	118	94	68	43	99	92	126	113	113	86	42	84	62	115	42	74	77	77	147	82	85	67	76	67	99	100	84	114	91	130	121	64	80	102	60	174	115	79	36	104	103	70	51	63
cell39	158	177	218	152	104	159	147	238	154	67	163	116	128	116	148	162	297	294	182	107	138	215	247	130	314	180	69	88	159	76	212	116	245	179	107	142	118	123	147	226	122	206	103	154	105	139	61	157	262	142	141	228	133	146	117	118	127	179	158	270	98	190	248	189	96	183	185	134	253	172	300	160	66	151	66	121	117	110	88	176	124	262	139	139	193	106	219	114	144	169	106	165	80	113	250	162	198	107	85	123	118	154	195	133	148	140	141	242	149	144	138	108	175	114	188	203	117	105	143	122	118	137	169	177	116	147	269	103	111	211	151	100	145	170	203	121	213	113	175	294	92	110	70	167	175	244	80	130	169	159	158	219	142	77	94	65	146	200	215	178	239	133	186	195	197	71	318	177	131	226	193	256	187	152	91	131	146	235	182	133	123	136	172	231	101	121	83	154	111	119	146	183	174	279	168	91	225	132	110	185	235	236	224	178	162	173	127	80	223	261	170	228	109	85	116	127	144	111	112	57	207	199	156	152	165	215	167	202	126	154	139	159	204	71	110	149	83	164	201	135	211	127	218	99	122	144	91	74	142	84	152	141	118	126	90	56	92	111	113	118	82	54	163	69	122	77	90	98	79	113	81	127	80	80	122	53	83	76	104	66	187	74	188	82	66	115	133	120	72	108	87	110	194	138	110	91	92	84	71	92	157	55	90	73	78	126	107	52	63	208	123	73	110	87	98	92	80	59	54	56	83	119	80	120	118	98	73	48	134	87	44	137	133	90	75	123	110	118	174	112	66	116	144	99	120	133	101	148	107	63	168	78	48	89	90	94	80	101	94	73	63	98	66	112	87	99	91	135	179	99	88	124	48	108	128	81	95	89	110	120	124	157	115	70	45	130	127	66	102	161	122	45	89	144	93	144	60	103	89	53	89	74	96	124	108	155	77	150	112	129	72	64	95	93	115	85	94	82	115	134	94	61	98	82	80	78	133	170	97	130	116	62	126	67	105	69	99	121	77	65	84	66	82	46	104	68	93	117	84	123	110	107	191	101	120	164	92	86	136	89	84	87	166	86	114	84	123	44	46	76	165	142	70	85	124	51	119	82	72	92	127	70	85	112	117	84	113	116	79	148	99	88	44	38	51	65	145	96
cell40	167	146	222	134	283	191	197	80	193	140	126	127	129	159	115	102	290	215	203	99	193	180	151	81	134	87	121	96	151	136	172	126	93	94	74	160	161	162	116	100	132	166	136	130	160	95	151	148	201	110	95	184	144	130	141	137	125	188	97	212	181	187	261	121	178	149	161	282	111	166	143	207	89	162	192	131	109	160	204	137	177	181	75	276	203	170	184	122	153	133	165	158	125	128	143	239	173	193	125	154	241	162	102	131	158	163	129	182	144	175	130	109	118	82	206	184	159	178	94	192	95	70	132	126	104	187	125	46	130	87	186	115	211	136	175	117	95	159	91	253	231	207	208	166	86	149	93	148	124	180	77	93	64	170	114	186	130	87	115	147	247	170	284	101	191	177	44	73	147	70	223	183	91	124	122	130	148	209	76	144	130	143	146	105	197	101	121	84	150	142	92	127	200	186	116	138	103	231	133	189	159	219	130	121	122	68	99	113	172	114	83	153	169	201	124	150	147	115	112	151	141	73	113	78	179	161	111	162	170	136	132	257	213	160	183	154	117	157	42	181	232	80	110	142	52	61	103	125	117	85	33	66	114	186	108	84	103	86	63	57	75	78	130	107	97	114	102	108	111	92	108	108	60	93	160	84	67	58	119	59	92	72	89	86	66	132	143	114	105	115	86	98	49	112	88	69	106	63	89	118	65	55	137	117	95	131	63	92	126	70	39	65	111	110	99	115	116	104	88	132	111	195	135	144	117	81	119	128	66	101	104	42	91	67	74	38	84	83	67	95	59	51	70	47	97	79	123	123	96	65	129	58	105	84	76	71	126	104	85	119	87	128	142	115	89	121	37	107	60	136	93	82	66	77	78	149	72	43	69	71	44	85	104	96	81	90	62	117	148	100	75	82	66	202	81	98	108	161	135	92	91	105	84	39	69	49	65	133	90	133	72	90	68	85	135	144	68	141	83	158	52	90	86	123	112	139	90	68	88	135	39	175	132	72	150	113	74	46	90	79	92	83	72	96	73	48	102	76	125	129	150	62	87	89	95	112	121	140	82	100	74	81	149	117	102	64	60	130	101	64	79	119	173	106	86	112	82	85	92	123	55	92	132	141	27	60	64	68	78	39	115	109	82	60	73	81	106	62
cell41	222	217	211	196	273	148	150	322	177	206	244	225	319	342	303	313	235	298	192	184	202	122	247	365	345	288	253	186	137	324	229	285	170	219	315	202	181	328	293	240	224	268	281	168	450	162	150	185	183	107	167	312	361	244	132	198	136	259	176	363	180	165	206	158	268	332	218	220	286	226	233	158	101	297	277	338	162	300	173	155	191	222	217	226	151	332	343	176	215	164	184	278	162	231	108	170	214	241	347	281	221	120	172	204	136	147	160	109	242	297	232	374	193	229	89	298	175	173	312	150	192	257	262	340	187	178	189	199	348	309	318	197	167	258	143	211	320	245	267	256	355	354	288	134	111	150	234	410	326	190	337	150	443	349	182	199	266	365	221	134	166	235	332	134	189	277	186	186	157	97	288	308	194	235	286	173	345	150	251	367	202	390	314	165	260	202	231	215	196	335	228	167	170	236	255	132	407	253	189	183	272	248	271	198	151	178	184	382	355	291	219	245	232	189	341	236	197	296	213	220	163	129	213	206	307	208	244	212	268	196	224	182	191	203	237	204	355	271	293	203	152	225	177	278	132	154	181	70	118	182	234	177	151	191	185	195	120	128	102	176	134	175	139	132	150	268	269	134	186	199	165	166	202	163	168	83	172	123	186	132	81	112	119	140	146	196	206	175	156	152	140	123	121	233	142	185	174	175	98	123	97	192	170	142	142	162	113	142	204	147	132	208	134	266	186	114	108	261	168	165	174	265	112	105	116	132	133	156	196	115	97	134	206	135	227	257	107	189	99	86	215	180	98	128	157	282	192	164	133	240	170	259	143	63	168	167	160	78	171	203	142	215	159	180	146	118	191	134	161	222	117	116	179	91	181	120	217	168	151	249	143	96	94	102	209	151	152	122	163	117	158	46	129	233	150	168	94	129	139	161	71	100	185	161	283	136	136	128	143	119	207	130	201	224	49	285	122	188	195	212	173	124	178	175	240	99	190	178	118	368	166	139	92	203	110	219	255	226	160	147	104	164	312	105	112	143	171	215	70	143	219	232	105	214	76	227	106	202	231	100	108	121	134	182	212	172	133	104	262	108	88	258	200	154	188	71	114	141	165	160	126	136	119	118	122	87	185	291	144	150	204	282	239	149	77	249	110	150
cell42	144	124	157	127	156	87	236	156	148	113	59	81	117	85	212	126	86	132	121	143	82	165	141	126	135	127	196	89	114	158	84	127	58	140	158	135	149	185	72	83	154	121	135	116	127	116	184	114	114	64	77	135	111	83	122	126	100	179	118	122	155	103	111	78	162	96	204	127	134	109	127	142	173	174	121	89	150	96	91	132	243	138	110	111	140	107	147	152	94	127	167	148	96	77	126	119	218	188	127	146	117	59	128	76	125	122	191	142	101	171	116	151	116	65	106	91	100	96	91	88	87	95	127	88	200	119	196	165	179	152	153	151	61	227	129	84	147	92	170	103	131	114	73	164	88	128	185	104	102	128	52	105	186	100	104	85	113	138	209	107	119	110	137	172	45	117	83	89	124	89	178	128	139	133	161	96	62	136	123	94	184	89	234	112	108	111	119	107	139	91	129	158	138	155	116	117	136	93	114	134	240	121	122	92	116	159	112	123	134	135	157	101	122	76	125	166	75	145	148	152	139	153	135	108	119	248	144	173	217	201	153	129	104	54	211	109	114	91	81	130	112	238	143	70	135	90	73	82	75	94	88	99	102	111	70	85	59	104	130	65	109	97	71	60	85	111	78	104	103	74	124	92	98	110	96	102	102	42	89	49	142	108	118	69	129	93	115	121	123	83	82	50	88	80	135	76	96	77	124	61	129	50	81	64	127	126	84	66	126	62	108	85	117	76	92	56	77	43	83	40	113	51	128	68	108	141	74	64	113	104	46	38	116	130	77	90	64	89	98	57	110	105	78	101	32	105	45	105	117	116	71	52	66	65	100	109	42	129	66	58	49	107	86	136	76	77	99	66	91	98	77	80	86	98	134	67	46	123	77	76	47	58	94	59	80	160	126	50	112	84	91	110	94	56	108	87	129	153	94	116	78	110	74	93	101	75	86	89	83	63	100	132	98	65	103	96	123	91	85	62	163	97	97	85	139	88	62	124	77	70	70	105	99	84	78	73	148	122	57	27	51	63	75	144	50	100	79	61	125	76	81	72	109	111	83	172	95	58	86	107	68	96	147	65	38	88	97	68	80	55	50	60	67	123	67	73	122	89	60	110	105	60	91	95	127	188	64	86	96	131	54	86	57	53	48	101	78	38
cell43	99	93	136	82	92	129	132	94	80	74	174	75	81	72	121	199	144	193	133	188	74	104	49	84	220	85	96	83	106	115	67	172	177	67	82	71	133	70	74	194	78	78	71	81	177	102	121	146	91	67	87	127	104	118	68	77	76	114	93	117	53	96	94	140	66	167	104	131	66	210	71	89	68	95	63	78	93	128	119	82	84	166	91	173	114	88	149	69	103	66	56	103	68	99	120	194	197	72	118	52	174	111	66	130	98	97	111	106	75	111	133	84	190	101	102	89	79	122	116	82	117	133	103	122	98	67	121	126	175	115	135	52	102	145	60	154	87	149	195	52	98	61	90	136	67	165	104	157	83	62	108	105	136	68	92	194	78	74	70	108	130	103	69	80	65	101	53	111	118	61	135	90	84	73	95	70	75	151	116	97	125	79	123	131	71	143	45	88	98	127	52	91	80	62	108	83	39	78	163	104	125	120	94	189	118	133	121	72	96	83	165	123	116	47	99	84	145	99	88	74	112	132	92	62	73	119	137	119	85	111	93	82	116	178	110	117	104	113	123	61	135	88	196	132	81	61	45	66	38	80	64	93	72	55	47	52	65	52	90	24	43	76	72	102	86	34	71	42	41	61	88	66	75	64	40	55	60	65	56	59	128	119	82	104	50	104	78	41	34	83	51	44	78	29	83	75	80	81	47	54	47	64	72	78	81	95	107	75	44	47	49	77	68	78	154	42	76	60	67	52	65	72	114	46	97	50	54	61	100	34	51	103	86	70	65	66	51	58	55	84	56	59	41	75	62	87	109	77	83	78	154	69	48	96	41	72	102	67	40	43	75	115	30	60	120	64	63	90	76	90	46	58	101	75	48	66	82	58	72	104	57	52	62	82	84	71	49	32	90	48	70	39	42	72	71	37	56	62	124	75	111	83	87	67	62	56	104	46	66	30	81	71	71	74	75	102	65	31	46	43	64	109	56	89	57	99	48	95	75	79	85	71	106	79	63	75	33	78	71	64	111	71	92	64	77	60	63	68	86	54	64	69	42	46	52	79	54	94	78	49	86	67	75	46	76	108	72	99	53	64	80	82	126	116	61	59	71	62	58	45	98	56	53	59	46	69	71	65	57	71	87	48	90	107	81	93	66	51
cell44	131	113	134	215	135	145	102	165	199	110	148	233	105	197	136	148	153	221	146	158	104	167	134	102	88	76	134	53	67	117	97	132	127	193	111	189	137	91	95	214	146	108	181	100	157	97	118	123	175	140	58	171	144	142	200	85	95	88	155	190	184	40	139	135	99	180	177	127	148	196	186	201	212	172	104	186	109	112	185	149	100	157	137	203	205	160	194	166	127	118	131	89	108	200	156	88	99	217	206	209	91	104	172	128	149	177	198	196	196	155	124	101	125	86	244	123	111	100	177	149	67	113	189	197	220	130	181	85	244	267	185	194	192	108	142	251	187	149	156	90	72	112	129	178	224	134	130	85	99	89	113	216	142	141	98	143	155	105	51	109	48	105	96	151	96	148	195	172	140	178	194	163	216	155	189	227	108	217	206	75	169	295	210	217	85	173	91	212	100	120	207	180	187	155	144	67	250	132	156	134	196	102	85	145	231	139	260	153	225	117	77	179	184	146	153	146	154	188	160	110	184	140	216	184	92	205	105	214	148	201	139	122	103	132	85	156	197	229	247	57	114	129	195	105	55	61	81	122	62	44	134	90	88	111	63	84	109	98	110	117	114	116	144	90	66	222	79	99	107	67	107	81	89	115	182	73	82	94	105	90	83	79	125	128	88	73	121	113	52	47	66	89	95	119	88	80	179	84	86	75	97	89	67	98	91	144	61	103	94	102	89	88	118	77	201	179	83	99	89	75	66	136	100	96	124	56	37	109	131	106	125	63	163	161	166	78	166	50	166	156	123	141	48	105	76	163	161	86	46	99	133	117	106	65	69	80	93	86	91	102	72	125	130	81	86	65	87	65	80	138	81	83	145	73	93	83	60	72	81	139	85	96	48	81	132	154	107	128	127	182	91	73	74	180	69	112	122	117	97	75	121	139	100	95	164	171	75	103	83	73	100	56	62	63	150	28	68	172	142	141	125	110	81	66	93	115	69	52	60	111	131	113	94	112	106	79	86	67	97	186	139	108	88	120	64	149	98	89	75	112	120	127	131	117	73	79	91	63	127	87	91	135	106	91	73	138	153	54	139	64	110	126	136	115	57	66	74	115	123	92	126	86	93	60	101	104	75	190	130	86	57	84	128	104	125	105	115	129
cell45	142	112	215	167	133	177	176	109	112	79	161	168	103	121	153	181	98	69	140	207	137	218	129	180	127	192	104	136	152	218	268	181	181	211	138	76	139	60	119	122	112	154	144	243	80	169	225	107	339	139	131	155	184	192	86	88	123	227	90	182	101	131	103	251	111	158	211	126	243	190	166	84	74	73	101	86	151	108	112	181	127	69	126	103	229	124	210	190	162	234	228	71	366	250	171	126	185	150	182	89	160	259	179	117	181	114	108	206	298	157	83	172	88	148	189	190	203	150	193	146	119	95	302	82	101	88	110	233	104	139	100	83	135	186	97	193	84	107	88	104	87	136	173	285	215	230	74	150	142	253	138	112	132	79	229	173	139	130	190	238	98	162	146	85	150	132	241	129	229	129	152	88	227	159	94	157	120	111	126	109	192	121	199	152	114	80	118	253	108	161	158	185	161	138	92	150	203	84	137	103	172	125	138	111	114	162	220	116	210	90	164	103	33	243	128	150	71	149	179	86	194	161	173	188	171	196	201	137	67	144	122	191	195	179	124	176	108	87	72	172	104	161	197	154	99	118	67	69	58	82	42	65	85	124	58	132	159	114	166	111	105	115	79	71	77	77	168	82	54	212	115	111	93	89	100	147	154	109	96	87	75	118	91	78	108	122	114	75	162	134	63	89	103	110	61	114	115	125	114	45	53	118	65	117	67	77	92	80	76	137	108	101	147	69	83	94	136	89	97	80	136	41	147	24	135	100	85	130	91	112	115	73	51	171	70	213	116	87	101	110	85	113	100	58	101	68	122	62	169	90	116	91	140	145	86	52	93	104	95	90	105	83	82	122	83	196	79	139	107	135	160	91	94	98	165	156	77	85	113	74	42	121	143	85	80	126	115	116	110	64	76	90	129	109	149	99	91	109	112	76	115	73	97	59	102	164	79	88	101	96	209	93	109	141	142	151	62	91	111	115	132	164	122	112	63	155	91	111	61	111	172	57	119	47	79	52	129	83	90	173	107	132	121	95	70	119	154	63	133	74	99	111	57	81	134	117	100	115	109	87	92	126	87	131	66	122	145	185	122	97	107	152	117	84	76	113	158	124	101	98	139	158	88	70	107	182	125	80	125	118	89	113	97	47	96	91	51	76
cell46	268	125	173	142	148	183	81	53	180	195	161	115	188	110	119	88	94	167	180	135	121	103	199	243	87	159	164	97	117	147	102	84	151	155	147	141	185	180	136	73	118	46	151	295	113	175	153	276	133	203	311	180	84	140	157	232	286	214	268	184	325	249	140	264	202	109	253	175	202	228	131	112	367	187	282	149	146	133	144	131	216	49	60	37	59	44	82	60	73	42	164	53	108	138	116	177	112	166	122	64	100	137	153	149	208	77	232	81	182	144	83	80	120	85	198	109	147	213	100	145	77	149	76	188	155	163	93	214	143	202	118	170	122	151	109	105	191	85	134	111	185	88	178	56	162	94	171	191	197	160	115	135	207	83	161	161	151	73	93	83	143	148	229	176	137	212	101	132	108	175	135	61	69	253	159	100	209	177	128	216	169	103	99	162	116	182	134	186	70	170	147	69	171	122	209	182	131	153	104	162	116	152	175	160	114	111	124	112	81	71	170	149	150	188	174	84	136	88	262	189	161	88	178	203	74	109	199	91	128	132	134	134	157	84	114	109	164	96	159	82	171	116	169	145	240	42	164	256	93	194	148	183	59	105	163	151	189	155	129	94	120	132	156	91	164	143	98	210	202	102	107	126	127	169	55	99	66	131	295	211	134	135	125	93	121	187	106	124	103	164	102	103	163	135	96	115	144	152	150	116	105	227	90	204	203	161	194	181	95	166	99	91	181	70	103	131	119	126	194	134	158	180	144	156	287	141	140	83	100	179	121	159	145	127	210	131	110	107	83	116	155	120	106	93	82	155	84	87	243	99	169	93	67	44	162	184	141	139	125	159	96	64	75	152	108	206	192	128	127	111	104	109	169	98	207	245	229	151	104	104	133	206	176	84	145	68	103	149	85	113	200	164	91	119	115	158	142	129	133	118	220	183	183	155	179	168	104	155	164	200	127	126	150	109	74	118	156	160	143	149	76	153	145	178	117	153	172	166	145	72	180	151	242	119	148	132	118	160	315	107	188	77	89	130	206	155	106	77	124	93	110	58	102	87	125	232	164	180	88	230	161	169	85	132	140	135	118	166	208	155	155	216	145	121	153	145	91	103	203	113	118	249	149	168	89	81	94	124	154	119	163	101	248	165	178	95	250	57
cell47	258	107	272	172	145	99	183	229	309	173	205	185	113	201	208	201	230	136	169	255	253	175	160	217	188	182	149	162	178	168	210	181	243	120	157	269	102	123	273	204	136	152	157	150	204	211	119	95	95	159	200	74	198	168	205	240	125	136	172	163	327	172	334	193	127	121	136	110	192	274	97	178	266	271	78	180	349	263	118	304	155	277	213	180	253	239	171	104	121	207	252	253	92	235	215	224	227	212	139	259	356	177	136	210	121	342	160	154	223	237	232	98	175	143	263	322	154	202	199	105	193	191	131	176	148	167	177	146	279	175	97	157	97	195	238	202	105	135	195	211	103	133	231	198	199	155	230	98	191	239	181	130	191	122	179	154	174	124	149	436	206	124	184	206	162	135	196	286	219	164	310	221	159	116	158	193	122	115	281	216	199	286	251	171	159	90	214	193	176	232	130	167	168	157	98	201	205	267	161	208	99	164	245	119	80	148	215	295	267	110	238	201	103	260	287	107	158	148	150	254	282	219	182	245	288	109	185	96	130	125	126	120	103	172	126	174	183	108	78	141	193	267	144	98	122	74	145	97	114	127	129	116	144	51	109	72	45	79	85	245	136	167	109	144	124	108	154	123	142	55	112	113	131	143	206	148	143	115	166	111	81	91	92	108	114	108	75	153	148	120	101	93	144	146	135	96	116	89	87	140	127	110	64	145	57	117	132	148	158	107	104	148	153	112	175	120	150	156	58	161	116	137	180	95	128	141	148	213	119	89	153	220	103	162	230	156	118	149	76	114	122	134	81	95	54	85	161	116	98	126	98	172	84	99	127	163	170	117	106	84	139	140	92	60	80	99	99	66	103	138	270	53	83	195	56	81	92	136	118	137	103	104	198	103	114	100	69	104	90	102	68	117	129	78	94	74	200	196	125	57	88	158	118	162	126	224	117	198	72	78	174	148	84	65	98	47	50	173	146	98	78	196	169	138	63	108	162	109	147	77	74	133	71	141	69	188	71	109	110	192	139	99	101	70	167	127	86	140	199	104	109	127	81	78	53	148	84	113	141	121	121	137	164	108	111	145	66	77	83	64	160	157	105	114	72	50	186	96	90	89	110	77	100	76	105	47	183	196	93	65	126	186	115	201	125	113	174	194
cell48	95	114	209	127	131	196	78	120	100	135	151	96	299	226	173	139	73	139	129	147	297	151	135	94	206	157	128	98	177	134	219	102	142	241	81	191	205	101	164	97	143	87	170	201	190	162	173	154	191	122	155	153	174	105	105	121	206	111	138	185	156	167	104	137	192	202	183	153	139	167	174	117	123	105	157	132	200	88	84	144	131	126	236	75	212	163	172	135	245	117	221	161	182	259	215	93	139	138	118	101	181	100	114	111	102	140	118	76	126	242	127	136	170	154	94	147	206	157	224	133	127	222	128	161	147	80	209	150	167	148	134	142	203	143	133	195	174	200	182	161	136	87	90	85	206	127	196	165	257	137	311	147	216	311	115	120	146	110	92	143	168	243	234	313	211	172	109	111	143	168	146	160	113	105	147	187	102	85	113	195	112	164	104	204	278	123	284	76	202	178	128	295	170	117	109	105	100	139	167	195	209	162	136	122	134	205	181	123	164	182	190	123	146	124	138	176	126	179	238	254	179	95	89	178	180	210	171	101	201	107	75	178	127	153	161	147	89	93	186	98	103	215	154	132	100	81	119	139	93	72	190	134	111	92	93	99	97	86	62	97	139	138	131	129	69	107	85	84	97	92	84	127	104	98	117	69	90	107	87	113	66	91	160	148	91	100	111	142	41	71	91	103	95	139	127	128	105	101	152	124	123	136	143	70	66	99	99	100	66	171	116	163	117	73	68	112	75	105	76	161	119	133	139	92	95	94	194	106	94	93	123	82	150	86	110	87	90	121	115	78	148	119	63	144	82	104	131	55	91	132	77	141	120	98	105	90	112	173	120	115	121	95	60	107	58	98	140	187	54	144	87	123	121	94	65	74	153	46	91	140	92	107	109	170	136	80	148	115	83	78	81	148	67	119	158	132	96	90	113	153	81	169	89	183	117	106	141	145	164	70	91	133	71	136	72	64	162	88	59	133	90	167	101	105	119	93	89	145	66	143	160	55	101	134	90	213	93	86	120	98	48	103	139	171	192	109	128	104	138	91	104	75	122	140	104	145	117	113	87	112	126	83	107	46	119	79	194	140	73	86	92	64	64	146	96	86	83	104	82	93	56	87	136	86	101	149	100	157	135	145	118	125	82	124	94	126	115	78
cell49	230	144	113	225	180	281	176	329	120	166	199	221	383	155	224	148	162	196	224	223	239	171	288	91	255	76	120	306	275	288	117	208	177	281	242	208	264	256	169	222	189	168	227	252	242	91	204	157	144	192	410	249	137	220	149	159	239	404	222	262	251	345	333	211	99	304	180	232	262	333	346	132	250	365	231	225	384	79	247	138	193	158	404	141	267	214	249	285	193	196	109	181	223	246	186	328	256	178	254	279	189	306	215	169	260	290	116	178	212	152	354	194	152	172	175	169	377	326	149	198	153	146	204	148	264	232	449	206	320	249	248	157	204	235	178	197	235	276	204	223	310	164	322	319	204	132	292	256	87	136	335	235	200	157	300	175	191	295	270	292	231	308	217	206	177	279	428	238	178	226	254	166	276	247	162	209	215	203	166	243	196	308	195	206	288	179	128	231	456	217	254	243	285	183	160	134	311	124	317	184	180	224	160	151	378	188	259	272	268	294	281	298	268	214	184	211	199	269	172	285	256	252	282	232	183	213	208	208	248	166	206	165	228	238	334	234	143	142	347	164	189	142	267	232	80	101	77	172	180	102	143	178	219	143	209	38	169	191	136	155	123	145	203	102	129	156	149	130	173	171	163	110	226	192	166	156	114	74	130	91	171	238	118	209	175	127	125	193	99	169	107	136	102	105	200	111	81	173	159	162	95	145	143	163	160	124	102	120	198	125	157	160	70	120	165	82	125	81	153	82	217	159	166	203	49	97	131	67	133	198	108	124	123	248	180	147	149	266	164	113	228	125	134	254	164	116	90	188	152	201	184	94	122	89	154	193	105	166	158	150	101	149	123	216	214	147	117	101	106	153	184	101	183	125	131	68	102	181	229	112	109	152	102	195	113	142	145	99	89	174	199	121	145	163	263	174	157	206	223	119	154	156	75	159	396	126	110	258	252	155	110	173	199	48	232	131	55	155	81	136	126	90	211	161	94	222	182	162	170	156	113	216	81	112	126	163	146	103	283	162	130	237	237	143	188	157	139	137	113	146	113	143	90	199	198	111	78	161	155	138	175	130	140	154	125	136	207	177	163	154	141	87	91	116	154	102	166	139	196	128	195	187	226	136	233	153	107	135	113	99	157	209	165	117	82	143	152	100
cell50	118	141	97	120	86	197	112	52	65	107	121	77	56	52	64	167	69	96	48	51	79	82	151	104	123	123	88	87	84	92	91	55	150	138	136	121	80	80	155	48	138	60	88	149	122	55	182	107	68	110	108	99	186	75	114	141	119	81	87	64	110	91	60	104	68	107	133	143	74	101	127	90	147	77	139	64	90	86	119	87	100	144	106	67	111	61	163	95	113	135	99	71	128	102	66	213	116	69	89	136	77	117	89	108	54	112	79	111	96	67	108	79	88	127	107	117	81	157	164	65	56	176	99	73	67	148	62	35	114	190	128	78	71	93	144	108	47	87	97	104	105	122	135	76	106	109	104	89	129	126	71	104	108	95	73	59	128	100	64	56	166	155	77	114	98	60	138	93	80	59	99	133	68	86	73	95	112	94	117	84	90	144	137	50	60	89	84	162	170	78	81	84	51	112	84	69	101	123	100	128	70	136	73	77	71	92	93	64	81	55	112	110	75	158	117	99	94	98	94	136	146	73	104	59	97	117	117	152	91	135	103	153	73	100	110	119	115	105	63	68	167	76	112	72	83	50	42	60	111	53	103	39	44	40	68	88	81	49	80	73	58	91	70	91	34	71	50	67	64	77	45	92	112	87	59	66	71	89	73	35	57	49	64	93	49	62	43	44	182	105	64	96	78	73	75	51	43	52	79	49	70	102	74	38	60	77	98	67	57	77	67	65	147	75	34	66	44	54	78	31	123	36	52	53	57	47	82	76	49	51	52	62	47	64	107	106	54	59	88	73	107	82	85	104	47	68	41	93	92	70	59	98	44	61	77	86	66	65	88	61	62	63	65	63	126	108	59	16	66	50	62	16	112	66	117	60	97	31	63	42	93	61	94	111	98	36	46	49	70	78	107	72	52	38	85	50	110	86	89	39	73	38	84	38	39	57	47	144	54	47	50	73	68	51	78	81	34	133	23	53	62	56	59	88	69	73	45	46	46	91	45	44	72	48	47	60	117	78	58	41	61	106	62	97	32	97	75	55	43	121	65	60	64	58	53	88	43	79	53	128	86	60	69	70	69	57	64	23	40	69	71	53	31	34	30	79	124	53	30	57	85	75	37	75	153	89	82	63	67	62	48	49	68	69	82	56	79	50
cell51	137	70	124	107	113	96	100	87	154	93	125	90	140	98	112	158	185	124	267	61	33	111	87	63	87	248	127	88	139	128	79	180	218	140	94	94	146	88	149	113	153	141	116	118	106	205	113	108	51	109	140	93	111	119	68	51	104	120	142	84	97	142	159	178	96	105	143	180	145	206	119	117	123	91	163	86	244	132	118	100	92	114	137	104	98	114	120	162	124	89	195	128	135	78	71	147	80	125	170	135	152	128	144	165	80	75	127	130	106	90	212	89	126	145	122	111	96	117	88	82	164	105	141	128	177	157	139	81	78	154	189	132	73	97	129	142	147	95	126	100	114	142	116	73	73	119	112	141	103	152	69	89	150	205	69	90	218	49	233	126	77	196	125	200	102	81	138	148	127	121	90	163	132	126	95	75	92	127	156	146	106	117	126	101	166	126	173	90	115	99	88	146	93	108	130	41	106	74	130	106	96	78	174	31	110	126	174	185	76	108	109	116	148	256	70	141	136	152	98	108	162	202	149	62	123	123	223	121	144	92	97	138	116	86	129	57	192	158	119	112	96	83	144	92	55	94	128	74	147	102	83	52	47	51	69	95	27	65	111	61	64	57	114	45	121	61	46	35	46	85	77	71	72	44	61	67	107	101	131	58	105	76	31	81	88	68	54	91	35	62	78	88	112	87	79	103	74	52	89	128	47	82	73	93	84	73	76	72	81	81	95	75	105	92	68	68	60	65	89	57	54	112	71	96	62	86	115	71	77	54	74	163	80	95	50	95	89	63	128	84	56	34	60	75	57	61	73	38	113	53	94	84	126	99	95	63	38	55	121	74	52	97	113	71	75	99	66	129	41	59	47	63	91	103	101	51	105	101	109	80	86	88	66	66	51	89	97	81	37	65	82	108	116	94	68	54	49	134	59	65	78	85	85	60	86	79	63	100	57	86	42	65	79	110	92	73	104	68	14	100	90	53	92	75	150	86	73	83	52	109	117	115	45	113	98	93	87	76	67	75	23	81	70	74	73	142	31	69	54	57	45	90	93	68	65	90	80	76	82	77	207	99	95	100	50	92	38	106	39	74	46	121	115	118	87	86	97	94	96	51	85	53	65	132	90	52	70	89	78	48	44	101	101	66	78	41	44	44
cell52	37	142	52	70	81	92	80	101	52	89	65	34	64	102	74	72	43	116	103	144	33	66	64	63	94	92	70	74	57	69	70	68	54	37	109	81	85	82	39	149	80	74	50	56	92	80	78	99	104	32	91	115	113	100	108	86	128	36	98	86	148	159	200	92	82	53	67	105	99	89	283	110	117	159	86	64	92	94	115	136	114	45	45	40	0	0	0	31	40	55	57	64	99	79	72	61	69	119	72	38	56	61	43	56	61	70	96	41	63	68	85	81	86	146	59	60	45	72	45	59	30	68	130	109	116	51	97	63	104	65	100	94	29	102	62	78	57	72	139	75	88	46	59	99	59	65	119	62	41	72	61	74	82	86	94	106	69	56	59	71	43	105	96	71	55	96	103	69	65	87	79	79	112	22	49	133	44	85	32	45	64	98	111	117	37	41	82	60	63	85	49	101	61	53	68	96	84	93	63	59	36	132	103	104	89	115	30	107	48	45	100	91	110	60	122	26	52	32	39	56	53	109	24	63	59	127	99	184	63	111	83	69	52	57	48	65	89	46	26	58	55	66	88	32	111	78	92	68	89	92	39	61	120	45	81	81	69	77	87	58	60	98	62	99	61	38	48	35	41	154	85	67	68	63	60	63	97	84	53	57	108	70	61	85	104	59	34	59	95	77	118	59	86	112	39	75	42	69	53	81	68	55	108	97	46	49	59	135	53	54	82	91	62	74	68	56	85	83	74	69	77	71	102	62	79	103	72	66	44	55	56	150	73	79	76	129	41	54	42	51	88	65	71	91	53	77	43	61	122	115	75	101	82	102	64	81	86	108	71	94	74	60	55	64	38	61	76	42	82	73	77	63	80	79	80	51	23	37	61	44	47	35	121	48	94	81	51	33	98	82	91	53	82	36	72	84	44	93	73	94	63	59	56	77	51	89	48	80	79	94	42	32	87	76	76	84	61	62	72	63	114	88	59	51	48	62	117	74	23	88	93	44	53	54	92	116	37	98	54	54	35	45	109	72	51	32	74	61	63	96	106	90	38	108	43	89	27	91	64	102	40	69	66	55	56	57	45	88	80	72	50	90	67	72	126	77	53	54	66	65	95	54	45	77	64	76	52	82	91	86	78	117	40	60	55	78	96	55
cell53	106	119	156	129	53	66	95	155	106	94	138	66	117	91	115	71	158	225	148	185	232	52	193	182	198	72	174	89	63	164	151	117	143	104	83	62	185	128	94	173	260	133	78	122	101	198	213	231	147	99	177	140	66	97	128	147	64	120	197	139	133	175	120	195	163	148	211	57	90	115	94	211	175	100	64	124	115	119	172	86	108	88	170	85	133	123	77	145	113	242	86	85	175	124	111	133	210	141	201	69	131	69	131	245	85	165	92	138	94	157	151	85	101	139	135	119	95	128	151	140	148	129	226	99	91	66	109	103	214	84	107	144	137	146	150	150	151	122	64	103	147	117	114	119	67	165	99	61	101	93	131	149	181	112	147	88	66	123	128	134	171	135	110	168	41	52	68	89	222	97	206	134	91	161	130	160	103	256	166	98	152	114	121	132	190	192	109	122	146	156	113	122	139	77	177	145	127	176	160	99	99	159	143	134	68	203	87	124	117	90	160	168	210	153	272	151	79	84	179	138	64	117	99	147	132	124	151	181	93	124	145	152	100	104	179	84	132	128	152	154	203	108	93	126	200	41	63	101	35	77	84	49	104	105	82	57	143	101	79	54	91	74	121	106	130	81	64	87	113	107	83	88	96	60	57	128	82	62	49	144	87	23	76	79	63	90	130	76	54	61	119	91	110	92	46	110	41	102	84	130	95	151	40	81	113	51	73	70	131	48	63	83	59	98	98	91	119	107	108	119	77	104	80	51	132	91	75	69	175	105	92	109	80	74	101	77	42	67	57	77	60	37	92	51	105	110	50	69	52	77	71	57	81	184	172	91	122	118	122	92	62	82	131	29	66	83	114	75	79	85	83	65	59	116	93	124	54	57	93	78	126	138	70	115	122	68	50	172	46	55	62	37	105	63	86	122	42	87	74	80	94	38	99	105	105	95	92	69	89	75	108	118	125	105	64	39	81	124	66	107	122	67	51	69	69	42	73	104	88	159	64	56	116	91	73	106	98	65	103	104	105	58	80	48	105	73	50	76	106	83	105	99	70	76	132	102	56	87	123	44	106	93	100	91	74	99	74	74	51	58	120	77	57	55	84	54	106	84	94	55	26	52	92	117	36	58	98	63	106	55	91	88	112	153	127	120	85	47
cell54	59	86	47	40	35	49	100	106	87	46	29	66	87	73	77	59	75	29	64	61	78	41	44	97	77	44	45	53	57	54	65	77	97	84	65	89	64	45	95	47	80	78	57	37	76	59	39	72	89	55	57	76	146	94	94	129	56	75	77	104	100	145	75	151	175	93	80	126	179	95	52	115	82	61	161	99	98	93	44	50	47	16	23	39	0	0	0	48	60	25	73	107	71	70	77	88	95	53	52	45	42	42	49	81	68	54	81	101	36	63	46	117	39	54	51	43	34	83	39	55	80	48	43	113	56	45	64	35	51	70	80	62	56	68	57	45	71	52	45	42	48	45	45	39	70	59	66	88	68	99	80	67	58	73	63	50	92	28	59	60	42	79	58	36	86	57	60	83	84	38	108	61	40	57	122	87	60	76	95	78	74	87	34	60	35	60	69	92	45	33	65	68	103	42	47	73	92	56	71	63	59	67	68	55	93	70	59	72	32	53	83	86	37	67	62	36	69	69	62	63	50	84	82	89	65	101	75	57	62	34	41	44	48	58	64	60	90	74	35	78	72	62	73	62	82	21	40	61	45	58	153	67	89	44	57	55	41	45	81	60	55	134	28	58	61	63	47	81	69	100	63	61	118	130	43	58	62	105	53	47	77	49	75	47	104	35	43	38	91	71	24	50	53	71	114	105	38	54	49	65	58	74	55	47	35	53	73	63	71	123	72	68	44	106	69	67	68	66	80	65	43	43	41	57	67	119	85	52	88	70	66	60	31	113	37	75	43	75	63	52	53	16	91	69	66	45	77	26	84	60	46	72	55	101	57	42	51	48	54	53	38	68	49	50	65	67	92	52	95	69	48	67	44	80	106	87	46	30	31	88	52	57	87	98	71	30	72	118	93	57	74	26	84	66	104	68	38	44	55	41	79	87	47	60	63	35	108	71	80	77	70	74	92	70	110	59	34	59	44	71	47	78	52	58	75	77	103	33	90	79	49	73	65	56	34	82	38	107	48	54	66	125	71	93	75	88	70	69	63	49	48	47	42	54	33	59	101	44	63	48	54	65	61	96	70	51	50	66	45	49	113	78	103	62	66	28	57	70	53	44	64	64	81	54	66	29	104	79	55	63	75	102	59	58	67	56	78	66
cell55	188	182	182	255	146	95	108	172	99	102	254	169	198	135	300	336	128	135	177	94	230	145	187	187	120	99	332	152	168	160	178	138	236	241	153	235	237	144	329	279	100	166	228	133	240	255	155	162	273	65	135	358	158	141	164	161	311	155	85	175	178	217	150	268	228	139	173	208	211	115	250	220	150	159	185	122	121	113	293	91	205	246	198	175	148	166	77	201	165	106	147	107	188	190	336	156	139	232	299	213	105	72	203	254	145	200	162	183	128	175	66	169	237	97	229	83	68	149	206	340	138	294	135	243	145	285	218	259	267	180	102	92	198	144	201	177	156	198	270	129	322	200	188	270	189	185	191	102	106	242	155	183	148	363	235	144	136	195	269	203	78	168	168	59	265	105	289	110	309	252	189	120	226	147	178	220	226	126	243	192	187	160	131	130	69	217	139	234	120	207	195	192	113	139	103	227	268	145	184	158	258	371	136	141	119	65	191	135	131	101	171	220	157	147	257	78	149	181	258	125	153	189	142	267	117	186	134	206	88	135	213	254	111	102	112	107	134	169	257	143	76	216	132	117	78	122	173	81	80	105	121	81	141	174	132	139	167	105	111	229	54	182	213	147	87	158	127	174	186	137	154	123	93	123	100	173	125	115	118	167	110	112	83	94	114	114	142	87	83	153	127	157	105	74	107	105	167	65	81	64	133	127	66	134	60	93	135	144	103	53	91	108	79	203	64	117	167	134	96	123	124	54	45	113	119	128	102	96	98	119	82	107	149	105	98	45	216	101	101	46	98	109	73	155	150	81	162	164	123	83	150	97	153	182	112	104	93	73	120	119	135	111	166	143	68	70	111	115	92	103	170	61	171	100	159	148	199	129	136	133	124	114	76	113	105	94	86	122	125	83	120	157	119	88	39	185	99	155	103	91	152	128	109	102	121	136	59	79	38	98	127	143	64	146	105	56	161	102	61	85	121	218	142	125	74	136	138	84	94	84	118	94	79	77	57	119	126	109	121	54	98	126	63	72	147	114	137	118	61	172	99	46	120	131	141	97	90	94	116	109	93	140	141	97	81	107	75	166	57	195	134	127	103	67	116	87	146	95	153	64	76	66	154	93	61	90	134	122	114	193	61	99	78	151	77	131	64	164
cell56	177	113	186	128	87	55	146	90	147	118	131	206	262	88	116	139	73	137	139	77	82	135	193	196	183	165	125	90	213	213	168	96	219	112	105	118	135	123	124	68	135	121	92	184	56	82	196	168	87	134	164	88	88	134	100	87	183	124	103	90	211	195	162	111	95	223	114	198	108	118	121	131	58	133	157	144	125	179	70	105	219	169	139	214	131	202	111	116	111	142	110	108	120	174	198	114	88	131	142	208	168	142	134	177	197	139	220	168	154	53	135	179	118	79	150	97	133	131	174	118	107	133	220	153	182	224	82	92	170	223	74	165	149	54	95	134	82	116	117	156	124	160	118	114	190	124	109	148	186	107	151	203	105	191	160	144	119	162	137	153	88	210	100	65	110	216	234	256	91	173	82	162	60	115	117	119	170	132	105	169	211	163	222	128	120	158	81	145	103	189	135	86	159	88	103	99	135	154	70	97	119	73	188	112	92	120	144	214	163	102	137	147	146	78	129	178	153	201	127	83	141	171	156	139	153	115	160	89	142	117	124	161	156	139	150	103	209	239	110	172	230	180	145	138	73	111	80	92	102	59	120	81	82	58	56	50	55	65	102	107	65	111	100	53	157	26	64	75	73	54	60	86	97	60	100	101	110	60	170	99	60	91	88	104	84	113	68	102	51	52	112	52	64	51	131	95	133	103	37	68	98	92	69	37	84	87	78	34	132	59	126	96	86	117	81	86	93	54	69	37	127	87	176	108	70	54	186	158	84	121	174	94	99	81	102	72	93	98	118	45	53	55	105	109	110	142	87	60	120	102	102	79	46	103	108	74	47	56	83	83	102	55	89	62	81	93	61	107	56	58	72	54	80	44	81	123	117	118	96	89	72	127	80	108	59	67	74	73	80	101	81	86	35	75	32	142	70	53	123	124	70	54	59	94	102	165	48	103	74	93	129	108	74	75	89	75	51	130	123	95	102	102	126	67	74	100	92	116	90	67	97	81	89	139	55	38	130	47	51	104	66	126	131	76	64	46	122	60	39	38	68	99	54	85	85	95	113	89	79	98	91	99	90	84	86	120	89	73	47	51	99	77	98	71	146	77	147	148	91	55	111	90	71	70	118	69	96	53	98	130	66	41	130	84	92	96	86	84
cell57	105	94	87	68	74	128	95	105	84	136	114	145	106	147	126	90	82	162	162	77	102	159	64	106	64	59	114	159	169	85	67	45	40	82	156	87	71	88	118	63	117	104	101	87	83	154	101	122	166	129	96	104	51	86	81	136	88	97	56	134	44	87	139	132	72	99	81	132	121	118	109	155	86	106	84	103	87	69	85	86	70	140	132	117	63	131	48	110	133	132	125	142	99	43	89	86	44	83	107	59	69	89	96	84	88	79	45	77	149	74	49	140	52	77	73	134	123	121	103	109	82	70	212	86	57	122	96	108	107	84	101	56	56	116	148	79	90	123	126	142	105	41	59	89	85	71	80	95	80	120	87	112	40	53	89	56	119	113	100	123	66	100	121	141	85	80	41	108	60	78	110	42	32	53	95	129	74	92	114	81	82	89	130	91	84	65	83	123	87	60	61	89	131	118	48	95	75	94	80	70	48	102	62	101	98	174	115	39	42	121	66	115	60	168	40	61	73	109	123	86	81	76	94	87	103	101	85	54	85	58	108	69	64	101	64	111	56	122	175	76	101	59	66	86	97	42	44	82	37	37	61	46	53	36	43	102	103	74	63	74	93	52	36	88	72	90	68	78	73	33	70	84	69	46	51	60	26	79	37	90	85	96	54	89	84	58	56	53	34	58	77	66	38	56	70	72	36	49	61	62	99	53	105	87	55	72	28	37	52	74	58	34	50	59	67	62	107	78	51	57	53	39	58	69	42	99	32	82	47	96	83	79	49	52	70	52	55	45	56	80	54	80	43	53	70	54	75	59	69	57	63	32	50	74	38	52	57	58	41	32	54	127	61	33	66	66	54	26	66	64	76	62	79	27	44	54	39	45	73	53	57	54	110	50	62	46	60	117	54	78	36	59	47	76	37	51	57	56	52	17	64	87	35	41	43	49	68	55	89	63	60	45	97	86	78	117	50	45	60	32	35	43	65	53	92	82	77	21	88	69	104	59	85	128	54	58	79	40	71	50	43	59	59	52	62	57	101	50	51	64	107	138	43	72	83	36	42	50	64	59	103	42	55	45	56	82	35	75	93	88	68	80	59	75	43	67	71	72	68	58	84	54	77	89	43	40	48	58	44	60	84	47	36	42	36	41	95	80
cell58	80	50	80	128	130	73	105	88	120	65	88	47	100	155	82	176	54	93	98	96	180	143	132	146	107	103	80	125	82	47	113	114	135	123	91	134	107	159	93	110	73	128	104	118	124	97	115	129	76	134	86	178	116	122	98	102	88	51	55	93	59	118	107	127	98	108	170	77	172	62	98	76	69	85	115	108	114	107	159	95	83	84	80	77	174	169	69	90	54	63	77	124	124	148	92	132	115	127	142	79	104	216	99	135	43	112	115	124	86	77	115	135	33	104	78	117	59	98	163	107	113	84	149	98	89	103	68	49	131	93	86	79	59	160	121	165	104	82	115	115	76	123	147	67	100	187	122	142	161	112	67	113	85	121	102	111	127	150	93	118	64	67	115	126	123	119	109	157	71	96	122	125	86	110	71	102	102	91	85	94	91	100	63	83	187	161	112	84	169	128	109	160	97	68	120	114	125	70	102	95	77	165	72	113	59	68	84	81	181	126	123	89	162	91	122	104	96	107	72	132	91	119	178	68	114	79	164	166	107	77	87	121	143	99	109	116	142	174	97	134	85	80	77	76	54	52	71	47	53	65	59	55	129	77	58	102	102	79	19	41	75	48	88	74	68	55	55	117	49	72	59	44	66	30	60	53	63	92	65	88	104	104	94	106	53	61	75	86	70	83	86	53	53	77	59	46	77	60	72	55	54	79	103	52	81	28	47	58	67	97	71	55	68	71	46	96	49	73	107	73	37	79	52	69	72	62	124	56	114	62	155	57	34	74	85	95	94	119	74	108	57	104	86	60	23	59	104	77	61	66	59	76	76	98	59	150	83	48	99	55	112	56	42	39	70	61	76	66	88	62	57	29	96	55	65	48	63	77	74	50	79	55	47	54	83	100	55	75	103	104	55	46	58	85	60	74	60	117	65	89	111	40	31	72	118	64	66	79	62	120	54	49	76	82	88	52	78	101	92	93	47	63	84	64	58	39	56	78	44	129	58	104	110	93	25	78	71	63	62	88	50	54	93	51	77	72	63	58	70	73	40	56	51	35	61	28	103	61	60	93	64	135	66	57	86	85	64	81	73	138	68	83	116	122	84	42	84	99	66	48	73	72	96	67	63	75	50	54	75	59	60	65	52	62	45	89	80	44
cell59	117	87	114	73	85	177	123	116	114	98	166	118	80	35	86	69	53	107	135	72	165	105	145	105	50	120	118	121	85	130	58	79	78	114	151	91	134	71	119	120	80	129	73	83	171	114	120	82	183	175	108	151	97	192	131	149	110	156	189	132	165	145	55	216	141	147	88	176	190	171	233	194	171	150	81	128	76	101	83	148	94	54	51	63	0	0	0	80	50	36	60	117	87	180	115	42	85	106	93	99	65	133	180	99	115	96	63	75	213	58	158	114	76	76	96	120	31	135	65	61	90	123	105	80	100	117	104	111	110	78	51	74	119	123	140	122	94	89	71	134	84	60	63	90	84	100	141	84	116	101	83	134	100	74	83	140	132	95	107	104	154	44	98	192	108	93	56	122	156	91	86	87	128	88	135	117	122	75	45	115	129	99	153	60	157	103	150	139	84	116	69	89	82	141	91	151	76	86	75	93	74	116	156	61	144	76	131	83	111	93	85	73	77	169	22	135	125	91	103	122	57	242	82	109	155	118	66	92	161	164	202	113	144	120	102	49	109	103	70	121	69	109	61	100	100	128	100	102	184	92	103	140	117	84	145	105	134	100	105	65	72	109	153	94	128	71	97	101	112	116	119	102	113	163	41	98	88	122	105	159	121	73	154	147	85	96	121	120	64	167	115	104	190	122	143	122	95	145	95	103	156	126	141	77	179	138	114	174	91	77	57	80	51	157	55	90	146	75	108	108	135	172	102	138	121	88	72	154	143	129	79	96	102	87	99	92	67	64	110	116	74	72	194	174	88	72	129	49	67	102	101	68	52	81	162	154	100	131	178	134	118	114	103	147	87	99	120	49	110	116	86	124	152	59	112	184	129	84	99	54	77	83	62	89	86	57	81	113	142	108	131	92	64	176	149	129	35	65	97	91	47	164	75	132	81	85	127	78	116	124	93	156	86	83	61	56	80	115	110	119	85	87	104	64	99	50	128	104	127	76	136	71	103	73	82	103	63	75	56	141	111	111	150	133	236	92	81	66	111	75	102	103	81	162	177	130	153	119	113	128	103	130	165	66	126	139	117	72	59	22	67	74	99	134	85	156	78	104	36	161	57	113	91	83	94	118	141	103	91	101	96	126	100	105	85	129	124	148
cell60	207	264	180	154	183	162	190	214	238	194	92	164	163	144	179	122	145	163	192	153	174	226	361	154	134	244	193	196	220	224	205	128	92	218	94	158	247	197	253	202	163	238	81	202	202	220	312	293	160	171	168	190	207	234	128	120	244	248	171	209	121	126	223	167	259	254	264	250	127	141	168	237	115	239	171	237	223	199	243	135	229	77	238	228	176	90	109	151	275	144	138	246	223	172	96	275	245	156	200	141	102	339	246	205	184	268	205	189	264	236	78	177	232	161	215	125	104	165	181	160	169	117	155	61	187	163	207	92	139	159	156	188	160	211	274	130	161	231	155	258	180	221	172	147	314	115	162	210	156	130	206	200	214	118	109	385	93	156	168	121	318	184	257	152	129	131	161	177	140	148	225	183	182	292	229	98	257	124	107	195	154	124	213	206	239	138	220	154	109	183	165	208	154	123	197	120	142	240	146	129	271	111	95	228	133	234	128	206	174	242	346	185	217	217	249	113	118	151	154	119	189	220	140	101	122	151	223	186	214	138	213	198	184	206	236	128	152	176	148	243	135	187	189	196	142	130	70	149	123	99	142	158	111	113	92	117	112	99	96	131	76	139	93	142	183	122	200	141	123	151	149	80	99	65	92	103	111	74	172	89	120	104	212	144	75	185	91	157	164	86	144	111	191	133	28	139	117	144	124	84	126	100	166	68	112	124	108	153	138	98	70	23	99	70	141	115	137	95	155	70	111	126	79	79	152	98	112	140	158	76	103	178	82	59	128	192	145	124	60	155	84	127	108	110	129	112	114	106	73	122	103	128	100	147	93	143	82	128	203	154	117	148	145	170	166	162	207	95	125	158	63	60	60	193	111	117	178	110	48	105	132	170	112	94	131	172	94	82	170	123	139	185	183	73	147	160	184	147	156	67	173	83	64	169	111	93	64	72	101	109	115	148	125	97	103	137	139	114	104	100	76	117	140	113	156	124	144	142	177	171	123	65	104	117	120	192	120	176	172	164	88	82	142	124	116	101	97	120	123	106	133	154	82	108	171	127	119	141	115	77	167	103	132	137	73	100	88	138	142	112	92	122	79	102	176	72	79	174	86	170	190	105	95	45	119	85	179	203	67	124	76	97	108	93	196	168	201	112
cell61	241	225	480	287	201	380	309	159	240	381	195	146	330	365	348	213	231	430	216	281	279	335	330	79	290	354	174	276	384	175	356	312	307	189	357	194	341	234	213	271	276	240	323	221	321	120	351	240	238	216	279	258	366	153	237	267	215	212	194	219	296	298	155	229	70	327	236	260	265	244	269	224	349	194	156	168	191	196	269	241	229	338	227	371	262	176	219	274	203	246	262	197	162	263	149	201	298	259	188	162	295	267	256	184	288	208	282	407	266	282	209	275	164	180	459	180	271	330	204	332	131	176	251	287	201	353	251	199	197	245	438	222	234	295	220	352	324	164	415	220	93	266	253	190	155	178	243	232	228	457	216	155	293	331	239	242	177	287	319	164	302	220	199	138	233	237	169	249	221	361	353	258	149	317	127	319	641	137	287	325	289	220	310	381	244	341	284	283	439	219	213	132	250	479	392	127	335	131	281	157	175	208	272	176	280	241	284	279	249	174	322	152	183	201	247	186	206	246	300	260	255	120	390	143	272	283	377	346	240	260	173	272	317	334	222	201	291	356	190	373	239	369	252	267	136	205	268	104	206	152	78	157	118	163	200	86	142	75	144	179	189	188	279	149	155	166	168	135	195	111	165	77	249	162	165	204	149	119	203	155	118	104	145	187	216	121	137	100	180	236	165	162	160	131	101	207	127	218	150	117	199	233	109	221	217	150	163	187	177	153	309	190	156	180	299	255	100	88	260	123	208	187	121	273	186	136	201	132	166	206	162	172	176	175	227	148	164	231	178	123	290	127	241	217	259	119	225	175	302	184	143	259	277	273	240	172	207	160	161	154	147	213	172	137	211	177	135	119	97	234	90	171	73	239	106	253	170	185	98	143	127	103	83	149	75	190	344	128	119	169	169	144	130	132	158	175	149	192	118	191	111	260	202	270	139	209	286	192	244	189	117	198	216	133	121	125	179	217	107	99	105	208	153	146	178	332	229	188	136	195	148	197	105	98	187	178	122	112	116	170	213	158	216	194	202	97	284	176	180	150	150	148	110	120	164	176	116	212	161	174	150	122	323	62	178	150	96	151	193	136	128	121	136	125	84	99	242	173	183	244	147	206	215	242	175	166	282	198	161	155	203	175	275	149	174	219	185	144
cell62	260	367	515	299	339	292	251	355	439	402	419	349	352	526	275	393	351	267	197	604	599	449	441	359	427	339	179	293	325	302	312	290	369	318	288	412	376	177	390	559	170	161	258	305	255	301	288	367	177	409	626	378	384	286	323	267	441	391	282	341	442	345	424	364	449	586	385	423	389	424	287	426	386	209	316	433	330	373	425	349	412	364	278	295	457	328	574	427	343	389	475	501	407	376	318	402	226	285	238	478	260	341	268	394	402	256	184	402	167	175	512	407	340	314	380	398	340	260	287	237	366	286	643	178	403	279	221	559	230	484	254	541	382	548	486	272	180	225	173	454	467	262	338	177	322	189	312	392	291	349	359	254	371	282	310	425	382	423	562	512	249	289	295	355	229	262	423	381	458	251	285	286	250	306	679	183	360	235	376	657	277	304	463	631	232	258	335	277	267	331	556	357	265	316	369	182	479	267	565	186	340	545	277	196	596	468	310	282	182	281	301	341	395	400	242	325	368	363	343	611	545	252	448	266	311	503	239	270	262	449	331	452	390	433	337	360	257	578	359	278	495	314	216	476	325	109	248	235	202	207	312	289	237	228	245	265	366	147	163	228	240	238	172	199	180	227	120	283	150	264	118	150	335	372	132	254	69	230	170	278	269	361	248	220	384	235	289	256	244	175	271	265	314	182	128	245	79	247	206	146	200	258	110	202	210	345	256	217	140	175	94	156	232	251	287	118	180	141	187	148	253	170	250	176	273	180	107	161	152	300	258	153	214	170	211	247	151	142	229	166	151	147	196	168	185	221	176	323	310	222	158	229	237	199	288	176	434	266	169	224	274	206	131	80	332	153	158	358	146	310	174	163	140	246	181	198	244	190	237	321	220	229	315	139	142	300	209	232	292	144	455	249	212	211	175	99	226	269	63	321	284	188	146	115	233	297	117	351	123	374	300	131	145	224	267	247	237	174	333	216	334	168	193	180	232	275	199	215	98	200	195	235	171	113	231	274	208	234	283	156	163	236	218	228	183	186	303	292	413	307	289	250	264	215	240	268	237	81	196	205	188	321	204	179	262	299	306	254	191	193	136	203	145	220	277	178	314	134	279	180	192	315	153	160	244	252	160	325	223	270	282	334	195	276	210	244	213	338
cell63	203	121	194	125	107	157	225	120	312	238	87	108	187	130	89	177	161	188	176	77	170	160	165	282	282	111	93	177	185	101	162	146	81	116	276	122	103	278	94	102	184	175	133	242	167	109	177	247	282	227	121	103	92	196	98	125	164	164	118	210	133	224	130	202	223	178	125	134	158	200	163	227	258	59	300	254	181	129	131	175	392	205	153	208	258	222	190	82	116	97	138	119	95	111	182	232	186	201	116	162	56	187	133	143	211	76	196	94	190	178	87	139	172	251	151	94	199	179	154	185	227	177	166	174	245	225	117	178	183	106	216	214	132	222	217	60	103	188	163	164	79	186	137	122	120	152	148	90	216	152	139	237	151	224	147	158	280	109	56	154	260	230	227	215	151	179	186	166	82	142	157	279	169	151	222	180	207	102	162	175	206	183	76	97	213	150	108	165	155	169	88	249	70	132	140	244	164	195	269	126	144	95	171	207	210	137	129	123	100	129	162	155	127	77	118	160	107	160	244	173	101	162	119	134	159	195	103	220	248	206	340	220	86	155	317	169	96	88	102	208	158	189	180	199	121	130	69	73	102	123	98	104	137	113	116	138	157	144	130	77	146	67	137	61	75	62	133	194	189	57	70	112	50	99	123	95	130	98	167	68	109	114	73	108	124	130	85	122	111	127	82	136	137	141	167	144	83	77	104	109	127	69	76	128	107	119	141	112	104	88	87	104	116	92	129	45	84	65	78	127	181	97	78	78	99	100	82	70	86	64	66	70	88	141	184	103	117	100	52	133	145	44	98	117	89	87	82	70	116	130	95	82	152	100	136	70	38	62	118	73	121	124	123	78	95	146	61	69	125	129	100	192	116	132	138	80	96	76	55	75	103	92	111	92	107	90	117	98	119	97	195	79	62	115	126	130	96	118	69	102	234	93	95	85	95	62	177	137	103	95	117	103	80	61	76	85	103	134	59	135	100	77	138	96	98	73	107	101	201	89	137	113	111	86	99	117	143	156	56	112	91	109	87	105	63	89	122	90	60	143	69	155	83	96	137	152	86	120	59	95	102	151	48	87	113	124	57	116	94	43	131	102	87	80	102	69	82	203	127	97	115	83	88	89	125	106	93	84	139	151	58	89	85	105	72	73	62	221
cell64	194	131	142	82	100	114	84	60	104	130	29	63	121	103	127	67	187	87	166	100	134	170	138	106	123	155	71	153	89	97	123	130	90	96	145	74	122	33	138	85	86	60	90	133	120	67	128	96	104	85	66	194	69	131	120	75	93	120	115	117	117	157	59	76	61	169	95	184	103	104	123	107	97	129	93	119	131	98	117	85	65	85	165	156	103	143	112	139	54	140	104	80	118	108	75	85	124	94	92	119	100	112	104	153	145	90	134	103	76	88	128	62	104	115	116	98	100	124	86	43	55	121	48	168	59	132	108	54	90	166	131	118	116	79	111	75	83	41	133	151	80	89	74	89	161	120	164	97	105	41	74	90	66	72	102	129	58	125	76	132	130	75	97	72	118	119	79	200	73	95	121	100	88	108	86	140	107	99	114	166	89	198	116	110	106	63	40	96	73	140	112	131	143	91	145	77	94	95	73	80	113	131	89	76	113	97	129	130	75	169	111	62	101	82	78	128	159	134	102	70	64	89	73	119	168	110	268	73	108	102	88	57	93	44	74	145	165	138	77	106	118	69	73	144	46	52	16	42	43	91	73	95	144	68	58	83	40	60	86	47	62	127	134	94	60	30	92	64	116	62	149	67	74	77	91	95	47	73	36	59	74	51	51	69	59	59	95	68	58	45	58	57	136	78	100	68	95	65	91	93	64	34	49	78	44	72	38	88	30	52	130	81	50	45	74	31	35	58	62	98	56	89	66	96	69	62	64	96	55	38	44	57	80	27	94	49	50	25	57	76	91	57	62	95	52	99	70	97	64	86	36	86	49	74	56	48	101	51	89	41	65	35	41	74	76	51	101	109	58	99	99	63	45	35	74	71	56	49	36	62	57	61	85	55	54	76	69	91	34	38	70	111	108	66	76	38	51	65	62	53	80	59	100	92	61	25	90	73	76	71	46	110	68	49	114	91	79	73	84	68	95	56	55	69	95	42	35	41	67	32	66	25	73	83	71	59	41	47	53	61	73	27	96	87	58	26	66	82	102	89	75	34	92	75	40	102	74	49	99	31	127	47	54	38	44	29	71	77	44	55	68	45	64	71	101	55	81	74	104	86	53	76	75	139	49	77	93	56	47	67	98	99	69	21	108	144	67	78
cell65	62	90	71	82	76	75	120	64	37	70	57	61	113	61	67	76	82	85	100	88	100	24	69	72	70	76	73	68	102	28	84	56	68	119	43	85	37	99	93	44	49	60	130	54	69	81	72	111	61	72	57	107	56	36	50	57	90	110	57	62	126	33	57	84	93	94	104	118	98	128	132	53	77	64	62	102	40	76	71	59	105	43	80	74	61	116	81	63	76	102	34	93	71	73	126	91	72	119	54	122	81	57	125	139	83	94	66	97	79	67	49	90	79	69	47	72	104	62	100	77	90	90	56	57	85	116	49	78	106	54	174	67	43	79	113	77	43	119	56	74	48	75	117	51	101	103	61	153	74	37	50	55	70	60	89	23	126	78	100	62	58	122	98	103	71	71	84	69	57	65	46	102	90	64	34	54	85	44	63	112	88	72	95	87	68	57	98	23	49	91	85	69	33	37	50	41	75	88	109	102	109	126	60	85	72	41	78	97	144	92	56	43	50	131	41	62	79	67	70	47	130	74	82	39	51	162	91	61	99	63	52	191	118	105	81	58	134	31	92	76	79	94	74	78	44	45	49	81	42	53	51	32	54	65	68	54	47	24	19	44	73	43	40	77	57	57	62	39	31	20	20	55	76	52	44	45	61	36	44	60	41	29	57	89	61	75	51	65	23	62	54	76	49	83	55	49	38	29	49	36	41	46	51	44	45	49	48	42	48	45	59	65	71	169	50	80	53	25	43	45	101	37	33	65	54	45	42	44	105	54	28	60	82	21	69	58	35	51	52	88	42	43	68	34	67	60	59	48	30	75	52	25	65	60	63	41	46	35	39	58	70	53	60	50	37	62	48	31	55	55	42	56	61	65	41	36	54	30	32	89	108	42	40	89	24	38	72	32	63	18	36	75	59	68	30	24	44	61	29	61	47	55	41	36	82	30	51	44	60	50	39	70	84	51	41	47	73	40	42	33	47	28	40	80	49	33	90	28	73	30	47	38	59	96	43	89	56	74	48	55	59	45	44	43	33	36	55	49	102	92	32	54	44	28	74	29	54	27	50	68	58	87	40	25	31	32	35	36	69	64	30	34	84	80	37	53	29	34	49	93	85	48	34	63	23	62	31	61	32	41	41	77	40	24	58	48	68	57
cell66	153	142	223	133	89	119	192	157	199	97	156	192	93	175	150	185	193	132	121	133	209	153	122	127	151	105	166	167	168	133	208	134	187	87	96	161	179	148	161	108	273	192	96	254	153	279	113	123	109	70	119	223	135	168	160	183	225	160	96	129	138	132	167	122	88	145	189	160	102	157	141	100	107	117	168	186	117	146	135	136	111	54	147	113	272	128	128	275	119	77	194	232	94	135	120	101	146	165	196	137	176	193	105	79	145	234	174	58	177	136	123	159	181	136	191	132	121	150	121	120	175	230	292	88	127	164	129	185	98	158	194	121	164	209	124	140	205	215	208	160	90	157	201	120	209	155	196	77	161	180	98	177	170	153	264	95	176	144	176	277	227	178	140	110	73	133	144	109	133	108	87	165	153	169	175	92	162	140	156	140	144	331	153	199	95	189	122	169	131	92	162	203	124	98	212	145	178	84	104	99	183	164	190	266	157	274	253	109	215	93	202	145	134	142	234	121	148	197	93	80	173	138	78	178	148	156	191	186	78	231	193	124	255	183	141	140	85	250	191	91	140	133	87	129	117	105	58	86	73	103	154	136	57	107	61	60	107	86	180	168	78	118	96	86	130	82	105	110	101	130	142	88	107	78	50	114	77	81	74	213	153	94	101	140	113	80	155	84	109	105	99	84	131	75	110	232	138	178	96	98	116	147	99	111	120	80	98	70	145	89	80	115	92	81	101	77	107	130	103	139	115	74	101	120	64	62	159	62	136	92	41	98	95	136	105	83	141	98	186	132	122	110	131	129	113	129	64	95	91	115	97	111	103	136	90	110	79	113	118	76	96	122	163	141	143	126	98	64	37	99	208	76	203	129	63	130	78	82	87	164	104	137	87	138	130	129	131	62	81	134	39	128	42	75	74	153	111	96	72	154	70	54	104	184	109	83	89	109	135	68	131	65	116	91	146	68	155	98	102	107	79	93	118	91	78	57	104	166	71	144	50	126	130	84	128	95	110	130	105	136	53	105	102	79	96	82	114	62	75	109	78	124	73	112	81	101	119	203	135	113	138	90	100	105	99	125	172	96	58	109	53	149	154	42	67	179	71	96	145	94	97	139	97	78	102	187	71	117	85	61	109	100	60	87	72	65	113	155
cell67	155	164	171	110	221	90	147	72	105	146	87	85	55	55	68	73	143	78	192	148	150	114	68	148	176	104	111	140	64	65	154	125	155	118	39	69	150	104	208	68	130	77	109	63	110	94	125	188	96	161	89	89	128	86	55	113	226	125	191	106	90	102	143	125	58	87	142	75	136	125	62	132	165	78	146	54	113	140	162	40	116	84	66	72	110	141	62	59	109	90	127	157	106	97	84	123	96	152	100	137	134	101	129	97	49	66	105	154	81	105	71	67	140	70	88	161	168	153	84	115	161	106	70	60	133	103	125	191	154	157	53	191	147	62	75	109	110	149	66	45	137	86	79	149	149	139	177	85	117	75	87	150	145	138	83	112	108	72	72	113	116	100	56	88	114	202	159	128	96	227	155	155	90	105	130	59	93	99	150	117	114	100	99	66	105	142	144	60	87	96	91	104	70	142	125	89	111	45	167	86	59	73	143	139	121	164	147	118	193	107	98	103	93	133	117	69	120	86	91	128	108	110	87	165	122	64	235	88	103	76	80	63	104	120	104	161	136	98	95	87	81	132	209	102	88	47	46	52	75	106	96	40	91	85	93	55	82	66	86	51	87	57	36	93	50	97	24	186	81	124	61	57	94	66	56	82	116	59	56	73	79	127	115	74	30	47	37	67	97	74	61	52	66	97	48	112	60	39	46	55	95	51	45	110	77	86	37	78	110	68	96	69	66	73	61	106	71	75	41	66	103	81	102	63	110	88	67	72	63	75	68	73	63	94	112	71	65	98	69	44	49	73	139	91	56	68	46	68	57	60	78	82	77	61	73	67	53	57	81	70	110	74	62	46	43	74	88	92	114	101	61	78	102	83	47	96	95	68	76	74	93	59	71	56	95	84	128	39	66	61	75	79	99	68	108	89	40	63	88	119	89	33	59	58	96	65	43	55	70	82	90	76	67	93	93	64	60	105	64	70	149	92	68	70	74	84	90	84	72	43	38	86	61	64	79	53	81	78	71	47	73	70	46	42	103	77	91	68	92	90	64	51	76	77	44	68	77	133	70	78	81	53	40	53	62	77	87	47	67	160	64	84	60	62	117	71	73	96	49	49	93	70	51	67	84	76	62	93	123	58	59	72	65	114	59	111	81	61
cell68	125	246	178	106	168	177	131	123	142	147	178	74	216	151	118	157	79	177	107	91	70	151	194	127	86	108	136	147	135	131	121	99	102	143	125	82	187	154	203	91	155	199	130	164	191	131	165	114	172	173	100	60	124	182	115	139	137	172	138	93	166	130	131	139	158	127	120	146	112	87	196	158	188	152	105	99	83	95	60	135	68	152	190	109	81	68	96	132	138	125	100	82	89	113	142	125	212	72	146	171	67	214	60	149	115	166	128	135	165	88	86	164	71	126	133	76	99	78	133	68	192	120	119	176	103	134	193	157	195	135	124	103	184	131	147	129	66	137	34	173	128	165	64	122	163	94	123	180	133	104	125	92	133	77	83	158	108	104	149	116	135	148	126	137	46	163	77	97	134	164	162	126	163	235	162	137	232	67	141	121	97	123	93	109	101	135	94	65	119	87	202	113	125	124	97	145	186	262	127	120	69	172	115	141	80	231	78	106	111	111	55	136	89	132	53	136	110	81	160	118	72	86	118	82	142	117	80	105	42	103	142	151	178	154	66	145	100	112	145	93	92	83	124	91	71	58	100	106	124	104	41	93	90	79	112	81	96	35	70	80	55	49	110	68	51	126	86	85	75	83	64	74	34	33	121	80	98	34	54	99	84	148	136	75	66	79	83	102	75	123	90	83	68	77	88	81	61	78	98	81	80	63	107	113	71	54	121	48	64	80	47	100	94	80	129	99	52	74	34	62	36	121	89	56	69	104	120	122	88	113	84	78	66	121	135	92	66	114	81	55	56	59	71	82	45	127	82	74	73	51	35	60	63	41	130	62	125	58	79	69	98	130	79	114	119	85	28	55	52	63	119	44	64	55	68	63	62	97	34	97	76	152	85	108	62	159	60	86	30	76	74	51	94	40	75	53	42	61	87	68	156	71	65	133	19	75	80	52	76	96	120	105	40	124	122	25	72	79	116	107	62	102	76	82	71	83	90	60	78	93	70	31	115	98	72	77	63	49	105	57	30	58	57	121	52	133	107	77	68	38	57	73	110	83	79	97	88	97	109	77	84	60	94	80	87	69	77	58	81	57	114	53	85	53	34	62	72	74	96	56	107	78	117	86	78	94	74	67	72	76	55	139	50	73	96	75	59	111
cell69	126	111	171	155	107	185	141	101	52	76	43	124	186	97	116	117	125	84	137	148	222	106	100	111	88	83	110	149	113	113	77	180	71	155	117	136	266	90	100	88	115	159	114	91	125	135	187	108	97	122	204	119	141	74	68	100	86	128	160	159	113	160	129	70	91	83	159	104	86	118	126	105	169	91	256	216	117	119	197	152	167	139	112	78	184	105	126	128	108	142	202	127	99	147	94	93	146	69	112	167	120	130	111	175	114	202	120	189	125	108	76	167	124	63	137	133	128	88	51	204	125	128	63	111	143	89	134	97	89	128	95	213	116	72	126	125	84	148	142	46	84	96	122	104	107	77	150	60	107	159	125	76	147	184	141	86	112	75	183	73	171	143	124	59	143	101	161	196	91	174	136	168	176	120	64	196	111	154	208	232	67	250	115	138	92	177	146	117	151	141	180	171	89	117	109	89	63	122	103	135	66	95	163	116	94	117	123	150	206	101	72	87	111	117	91	224	107	171	137	153	137	109	145	144	97	93	127	234	91	138	107	133	145	154	91	135	96	140	67	88	81	118	81	87	58	49	80	92	126	56	42	107	117	68	28	81	99	88	77	87	39	188	52	84	64	107	86	94	98	89	48	97	42	112	39	41	57	52	133	125	115	94	55	54	50	60	61	67	101	78	78	43	62	85	65	96	55	62	43	90	68	67	125	103	110	57	65	78	50	42	145	50	90	152	61	60	92	93	57	127	86	78	43	108	130	102	86	69	114	91	112	71	47	45	81	82	91	96	130	83	110	57	80	131	46	54	68	88	86	78	62	110	56	60	50	27	97	31	95	79	67	58	71	84	84	88	49	62	53	87	85	40	83	69	153	77	56	124	28	86	80	79	78	62	84	44	96	105	42	58	83	45	37	52	34	58	97	65	98	66	116	56	48	72	62	108	76	79	78	77	77	73	40	75	90	82	99	86	38	63	41	96	82	72	73	85	82	74	94	71	126	82	34	48	62	83	72	156	74	97	93	94	57	96	122	54	82	34	33	86	137	79	101	55	88	49	106	65	83	104	77	60	86	101	74	94	58	55	92	85	58	61	35	137	71	100	44	121	71	100	109	90	51	51	86	90	69	89	102	85	75	132	115	68	93	67	85	123
cell70	152	195	83	206	186	117	158	162	282	117	190	218	141	171	173	203	70	128	86	228	135	214	138	153	157	125	171	124	94	114	117	84	132	126	120	94	181	162	107	102	233	110	210	126	166	163	115	123	147	235	136	112	190	93	102	93	134	94	120	62	92	159	143	75	200	149	110	74	109	124	170	104	91	154	186	151	150	99	98	116	144	132	110	148	157	124	96	183	89	140	119	114	103	98	112	234	173	85	105	180	78	211	146	183	152	93	129	139	206	178	232	150	222	122	158	184	89	82	130	168	123	128	94	123	142	154	109	93	120	98	125	94	205	98	226	72	108	101	90	150	97	82	94	136	74	73	191	136	110	171	80	156	164	130	148	79	125	144	172	107	160	159	184	150	125	85	191	124	105	236	129	114	155	110	111	115	148	122	118	191	151	139	120	106	151	110	117	137	173	99	188	138	118	97	83	155	127	117	137	221	162	143	218	160	106	114	110	95	115	126	120	88	88	238	151	107	159	195	193	105	194	212	154	228	120	91	117	148	162	166	101	87	106	173	82	81	141	120	92	153	140	168	96	94	103	81	54	48	72	123	85	109	140	87	72	91	87	132	100	83	124	90	135	110	40	89	138	105	131	97	106	82	51	119	33	111	115	56	126	96	95	114	40	136	42	98	46	89	84	129	47	70	40	72	89	96	133	72	44	91	149	69	108	104	37	68	94	124	126	92	68	87	102	43	123	80	57	81	65	47	80	121	125	71	67	156	85	80	95	67	58	63	79	95	76	137	70	87	99	128	120	119	48	129	88	90	120	99	109	137	99	75	111	78	62	73	74	131	56	147	92	75	133	69	125	91	78	40	96	57	126	135	110	60	70	102	85	82	88	81	106	64	85	97	61	111	95	106	65	51	62	160	34	77	87	73	148	65	77	85	42	56	86	122	152	106	58	159	76	85	91	146	75	120	107	94	154	71	118	63	157	105	81	111	154	113	123	66	148	53	99	78	74	95	88	66	77	55	91	132	84	84	64	97	100	160	92	79	94	107	88	109	40	129	35	62	88	53	148	49	64	45	91	49	95	101	79	142	92	109	103	96	62	65	93	91	85	52	84	111	161	121	46	65	59	46	93	87	98	108	101	115	139	85	111	64	53	50
cell71	162	224	170	259	195	214	195	179	214	376	202	180	168	249	265	139	155	185	201	169	220	56	199	153	194	198	98	222	177	230	185	354	246	184	159	200	306	167	291	205	153	115	100	258	294	278	143	244	158	157	232	242	301	187	217	177	232	186	109	142	158	142	142	302	240	155	218	219	321	236	323	252	168	162	266	138	211	187	93	143	158	236	225	236	181	154	175	222	298	200	185	161	100	155	188	174	252	171	222	356	223	259	75	271	160	198	148	243	147	324	178	195	193	214	166	216	221	240	57	250	113	240	175	98	111	210	298	107	153	197	123	130	93	196	282	297	190	308	153	205	189	124	135	115	269	313	225	118	226	114	236	123	167	188	308	326	195	147	139	131	258	170	161	196	195	217	158	219	153	223	236	237	213	127	278	438	184	187	254	214	245	263	269	210	215	170	389	199	202	204	147	165	169	142	210	166	72	167	146	148	120	279	124	211	107	316	258	151	308	235	369	255	183	182	219	121	135	148	142	185	286	306	103	241	224	296	223	129	216	229	164	135	98	173	193	210	209	138	157	160	319	230	332	140	118	139	81	105	93	147	66	106	58	163	114	114	170	85	103	66	93	233	147	108	151	162	100	68	270	151	91	141	88	154	203	232	91	154	82	84	155	109	119	89	110	146	135	154	115	143	90	128	144	107	42	172	147	107	142	196	90	251	111	70	126	215	90	137	87	92	92	88	99	131	155	192	201	177	135	79	151	140	74	110	108	134	148	191	124	171	141	65	46	104	90	165	122	50	75	180	162	174	232	121	171	138	158	81	185	161	137	127	59	154	159	287	176	156	200	175	196	119	154	156	126	108	149	92	85	111	114	131	66	97	191	161	95	122	158	119	76	153	116	162	141	129	144	115	292	70	328	113	210	70	190	142	94	90	69	142	156	148	89	139	143	126	176	133	79	161	98	139	119	82	88	130	129	62	129	132	232	162	69	168	143	82	139	111	85	167	66	149	214	146	99	153	62	134	53	105	234	95	208	57	125	103	131	120	123	112	187	212	100	144	162	101	124	124	114	199	109	141	71	159	186	139	206	178	61	199	101	176	168	127	78	93	137	94	116	194	94	178	101	59	105	56	159	108	111	101	77	80	157	209	78	162	111	99
cell72	177	117	89	125	124	186	144	277	198	161	141	190	194	221	118	98	191	106	230	70	205	197	94	113	122	198	257	108	124	141	179	109	125	127	151	175	250	172	108	155	169	128	116	168	105	91	94	121	193	152	89	224	169	146	132	116	134	148	175	140	112	207	145	237	204	164	188	185	185	154	229	169	120	204	220	212	234	177	181	131	84	155	106	75	175	132	186	149	111	155	176	190	134	232	147	85	152	170	141	57	213	244	175	193	111	164	145	165	92	43	181	133	106	171	92	134	203	170	119	127	201	190	277	225	77	179	190	128	141	316	292	172	214	106	96	168	166	117	165	243	136	220	206	129	288	93	103	149	105	106	127	86	112	91	144	160	235	109	196	229	227	119	88	112	101	131	101	133	150	153	81	100	151	168	153	124	65	203	199	313	168	172	99	89	255	144	119	156	126	127	162	218	136	144	114	164	144	108	151	156	218	201	235	279	216	145	120	105	129	238	134	260	158	170	51	169	163	182	247	137	141	148	156	148	134	189	174	137	200	104	154	88	116	160	161	162	129	251	133	188	118	104	181	122	108	77	79	49	116	87	59	96	74	109	120	112	62	82	142	82	124	96	81	116	93	124	74	46	109	142	117	64	103	144	67	56	87	132	166	101	156	65	32	90	142	90	127	69	62	108	66	66	125	95	83	60	107	108	108	65	113	146	143	65	100	147	96	145	68	144	130	70	90	71	205	73	45	87	67	106	73	125	113	135	77	125	184	114	72	64	83	70	102	97	72	146	85	63	63	123	67	77	69	196	91	54	105	108	82	239	117	127	166	112	85	106	172	77	85	77	86	136	116	94	126	56	91	69	96	88	94	81	78	85	62	109	97	112	74	71	81	106	80	73	68	51	143	150	75	88	61	85	104	97	126	101	69	84	103	107	109	99	70	121	115	127	89	47	120	120	153	90	52	115	70	69	109	78	123	66	63	138	60	64	73	126	40	124	69	66	117	132	74	110	62	84	122	69	81	85	95	72	73	163	99	179	73	58	127	152	85	115	101	50	120	109	77	83	70	116	45	58	95	117	125	86	158	155	119	117	50	103	87	82	120	149	88	69	92	73	123	151	45	102	158	120	37	122	89	54	160	65	112	54	80	123	86	101
cell73	68	76	68	125	82	127	69	41	49	92	60	83	101	89	81	103	88	90	111	56	53	135	171	64	99	50	96	85	89	57	79	172	92	79	59	61	124	79	83	64	116	91	62	101	80	79	78	151	118	115	88	63	68	83	150	101	171	166	109	137	118	189	200	94	118	106	192	169	127	133	147	119	147	105	108	38	72	86	124	51	98	39	30	66	0	0	0	74	58	32	68	85	177	133	93	99	70	105	127	109	117	88	95	80	71	50	96	88	68	139	75	164	103	72	105	93	92	157	78	83	78	127	92	101	52	62	126	60	63	118	69	52	64	59	65	86	74	111	122	139	35	131	152	75	80	99	89	96	149	43	59	27	84	123	69	90	100	58	74	102	98	122	106	158	103	152	79	82	122	58	63	81	73	118	150	123	99	72	83	111	135	65	51	76	142	119	166	131	114	105	139	80	63	105	69	79	66	70	74	122	68	115	81	104	98	119	57	120	53	61	55	43	68	91	97	116	72	59	130	79	135	49	60	73	49	37	68	78	64	82	109	61	65	96	135	109	165	38	127	38	64	87	89	76	53	82	140	101	68	117	113	48	94	101	95	105	92	101	105	92	93	82	53	55	53	90	113	106	108	53	55	76	84	62	99	56	61	93	130	103	92	132	119	63	55	102	141	148	88	92	88	64	48	80	98	107	78	100	60	59	94	123	66	63	78	114	54	82	51	59	47	95	117	99	105	112	86	63	64	60	147	71	147	217	99	72	95	117	82	50	111	68	97	110	86	104	61	102	107	77	44	162	76	145	106	71	41	49	55	100	130	143	89	117	90	73	29	74	87	77	58	79	100	73	75	63	91	62	76	77	106	75	45	90	144	147	80	93	74	95	56	114	89	73	161	74	30	109	71	63	111	147	87	82	68	85	67	67	138	42	83	99	87	50	96	44	58	39	63	62	90	60	52	79	104	41	118	97	67	61	154	77	48	68	49	51	84	83	111	60	103	85	115	70	64	68	47	76	55	97	92	155	76	66	65	80	75	94	145	66	85	121	54	82	136	68	74	64	94	119	84	63	112	64	75	89	79	76	150	90	105	64	54	96	61	53	88	77	52	46	79	90	100	159	68	94	89	136	155	61	80	59	65	135	83	124	92	104
cell74	136	113	77	123	107	132	58	94	174	189	110	77	86	61	121	96	75	83	71	63	136	68	79	43	117	221	148	92	99	142	134	57	82	64	86	115	104	61	121	176	164	102	88	111	65	110	75	101	109	99	83	100	90	136	78	74	93	96	47	32	91	93	113	65	90	135	69	125	124	79	141	101	90	143	167	61	85	191	117	79	84	78	144	93	102	121	117	66	130	145	97	91	108	71	135	173	118	114	96	35	145	159	72	93	130	122	94	56	109	130	67	84	80	102	117	138	130	158	71	87	139	157	167	143	158	88	138	121	112	163	157	198	81	133	96	84	83	99	83	79	258	38	77	129	162	76	90	167	128	76	102	100	153	73	70	88	58	121	106	78	101	197	121	71	103	86	162	149	42	154	63	72	61	112	99	110	49	73	87	117	72	53	97	107	120	125	74	70	107	141	96	118	108	169	67	73	95	135	104	85	140	124	84	154	90	148	184	79	86	88	107	69	134	236	150	134	122	104	75	117	123	136	85	130	42	88	143	83	94	120	133	43	66	98	87	99	121	54	62	135	97	117	57	120	49	71	62	108	50	56	66	72	68	70	61	111	62	67	50	63	48	95	83	74	59	65	53	75	95	42	67	35	97	74	50	79	54	48	31	77	38	54	100	89	95	66	61	85	64	94	58	29	103	107	114	72	81	61	57	41	85	54	49	127	57	51	65	134	52	37	80	88	47	50	87	96	86	64	62	87	135	81	35	89	110	58	100	81	77	45	101	75	27	58	53	45	49	61	96	79	66	50	78	63	100	78	95	67	73	73	70	46	40	65	102	109	93	119	25	80	99	101	92	70	86	49	79	30	58	42	55	129	51	82	64	57	66	57	41	87	55	62	79	105	117	94	84	61	54	70	64	71	102	78	118	63	65	78	65	48	64	67	59	108	23	36	92	74	82	100	25	82	39	80	81	69	65	64	48	70	74	59	85	63	63	60	52	27	42	76	52	68	61	93	105	91	46	49	33	48	77	95	95	56	89	110	66	79	64	84	80	72	55	49	131	63	70	57	63	77	73	43	67	73	50	53	38	51	74	57	86	59	44	26	92	95	56	88	68	70	73	65	88	46	96	84	61	35	55	64	85	98	107	76	79	54	77	57
cell75	126	117	69	79	108	88	96	73	51	50	73	73	74	70	44	58	28	94	98	91	40	105	89	130	60	107	81	48	113	77	82	84	45	70	106	70	102	113	95	55	110	75	88	55	144	75	103	156	121	78	160	107	43	67	74	77	68	78	86	139	86	71	81	85	130	115	89	119	44	92	83	50	79	101	73	76	139	134	89	103	142	71	91	99	89	65	120	50	99	80	107	155	83	105	66	69	65	59	167	70	61	94	76	59	45	86	52	87	80	106	118	110	66	93	63	47	100	114	57	102	52	106	65	61	131	73	73	63	85	97	91	89	130	133	132	104	125	121	60	164	77	111	99	107	74	110	71	98	110	105	97	88	82	59	61	68	117	56	88	57	125	93	55	124	73	105	64	73	144	103	114	127	180	98	82	73	88	102	80	38	138	90	78	76	94	125	78	140	35	59	79	141	50	67	69	84	141	69	97	133	51	193	146	94	87	75	68	94	59	116	86	100	88	129	102	65	74	68	78	107	126	115	103	62	79	54	127	167	88	72	94	133	87	76	96	121	71	88	92	67	113	56	66	78	61	81	87	76	87	58	66	75	53	39	38	67	71	111	55	62	73	40	33	43	58	96	36	54	58	61	64	43	63	64	63	37	67	64	58	46	59	72	43	34	56	102	52	55	74	64	47	81	98	53	59	74	68	48	86	42	50	49	50	48	59	58	44	63	25	117	106	53	52	77	80	80	39	46	88	49	58	59	32	38	63	36	57	61	73	63	32	39	62	67	62	51	60	37	70	27	45	69	65	42	54	78	48	62	71	33	50	62	52	27	27	49	56	104	50	42	101	73	59	67	37	40	61	33	80	52	59	67	29	51	28	71	31	35	65	48	85	48	58	36	61	56	71	49	54	55	51	77	50	61	44	74	35	51	42	59	32	73	51	61	25	56	23	91	40	75	59	61	77	20	28	57	82	100	100	37	90	88	48	62	68	75	69	42	45	94	47	47	77	29	37	78	52	51	79	103	60	66	37	56	71	54	58	38	98	50	47	52	49	59	16	53	30	43	49	31	78	39	42	58	65	44	88	44	35	79	92	56	59	62	26	76	38	53	59	54	92	75	33	103	47	62	54	41	82	93	80	60	68	28	16	68	58	64
cell76	170	136	96	110	147	145	114	208	138	94	73	121	120	92	143	86	202	217	198	154	101	144	165	101	60	107	217	132	79	155	91	133	74	157	83	163	123	78	129	124	93	115	200	88	135	95	121	122	84	159	124	110	110	64	172	119	89	128	148	109	104	65	71	124	199	113	164	76	107	91	92	96	205	68	75	81	139	132	154	99	131	111	97	120	82	105	51	176	99	136	103	102	130	101	186	38	118	118	135	157	78	133	169	144	149	161	113	137	82	148	71	131	139	160	125	66	125	112	127	108	102	142	195	132	72	137	108	126	103	211	158	134	180	52	96	151	129	154	102	68	75	232	107	192	127	117	106	108	121	79	93	130	156	108	192	94	163	75	92	76	172	190	59	143	127	170	38	160	144	130	113	93	149	40	225	134	128	152	78	154	112	129	198	77	125	191	152	203	110	126	162	140	120	66	209	93	102	104	103	167	79	188	86	64	152	62	250	149	160	107	111	125	87	154	100	123	199	124	69	63	163	288	121	102	170	214	77	149	262	90	137	58	130	90	102	155	124	124	132	109	139	90	69	144	85	73	94	104	108	79	104	95	43	72	96	138	83	63	83	59	98	63	124	63	23	68	68	61	72	64	112	126	110	47	109	60	73	107	85	79	76	43	82	65	45	48	52	60	90	99	72	110	134	62	31	94	146	33	120	66	38	72	79	93	82	62	98	98	63	89	106	90	58	96	93	145	35	92	144	44	66	55	71	90	61	54	74	94	70	105	65	84	75	83	65	72	93	52	93	75	77	81	120	116	114	32	85	51	66	45	68	51	76	73	52	118	94	65	143	138	86	78	109	41	99	47	33	116	95	73	31	70	85	66	70	89	73	90	63	34	72	129	110	60	123	68	74	102	59	64	74	57	48	66	54	78	30	69	129	66	85	117	73	33	101	96	42	80	54	112	67	31	93	92	71	72	106	57	54	41	91	46	40	65	110	58	47	58	69	75	98	86	35	77	89	76	41	46	107	71	120	96	88	96	107	77	72	73	88	62	128	104	113	59	105	76	64	81	87	102	86	57	123	122	60	109	81	70	67	92	41	189	115	79	57	67	62	71	46	67	68	57	64	87	32	94	74	66	82	127	122	69	66	106	43	35	91	83
cell77	71	132	220	173	88	175	305	298	133	183	201	248	86	109	151	147	184	147	155	174	92	81	173	149	142	154	126	79	126	182	113	147	145	140	193	164	124	79	191	89	88	94	123	110	67	118	128	227	142	88	131	153	179	120	172	97	76	134	168	113	139	123	112	53	211	148	155	146	140	75	163	178	134	182	141	118	98	136	93	64	86	79	75	126	134	220	164	336	133	112	162	130	161	237	140	84	44	229	140	117	146	144	135	111	98	122	130	179	190	232	142	163	148	135	107	175	201	156	133	99	101	173	71	191	103	144	186	174	171	122	77	153	103	198	151	123	109	102	167	100	177	113	97	108	201	83	59	133	165	94	139	147	154	184	161	137	150	184	96	162	163	85	152	164	126	138	195	62	159	104	137	213	116	163	111	114	154	244	68	135	135	235	201	84	110	110	154	168	104	113	143	145	122	266	188	84	97	107	188	222	137	160	204	78	130	177	229	82	183	222	176	120	95	161	139	173	89	163	114	75	278	126	102	141	82	192	127	99	117	114	128	183	121	181	171	83	73	210	89	80	123	127	108	158	45	100	68	47	110	82	89	55	95	129	129	171	102	96	115	45	111	119	46	105	81	96	124	55	41	80	108	61	86	111	107	61	31	59	139	118	80	103	154	68	58	93	115	65	57	86	135	83	104	63	76	116	65	106	96	96	84	66	116	37	52	88	69	141	92	80	77	89	80	65	63	92	81	113	57	83	56	98	117	96	112	113	113	106	94	90	139	91	54	105	56	124	76	66	99	110	91	78	96	118	90	94	63	72	70	71	115	92	87	121	89	86	91	96	67	54	103	143	93	123	107	88	55	53	70	126	80	81	46	65	118	113	124	142	94	70	114	67	61	60	129	62	96	80	65	80	108	136	63	90	75	93	95	67	112	58	85	82	100	83	96	77	72	90	91	85	53	88	171	112	124	57	93	81	127	92	89	87	93	147	56	98	204	106	101	89	60	68	68	60	94	72	105	114	89	122	120	64	75	162	154	147	53	56	61	115	28	85	67	91	70	125	72	94	126	77	71	111	79	132	44	49	93	81	84	201	187	101	87	87	109	55	82	109	77	65	82	92	62	152	88	60	89	138	96	47	107	78	115	136	106	91	86	114
cell78	160	248	232	150	207	384	149	151	234	196	203	208	351	166	242	126	170	202	306	137	173	214	227	141	190	196	308	114	191	188	129	143	329	301	266	404	253	299	160	190	279	233	132	235	243	191	309	288	163	195	219	372	327	228	538	172	220	344	163	195	313	373	145	218	244	281	351	156	220	323	336	409	385	254	305	255	216	319	151	343	244	238	331	93	273	192	305	128	199	196	252	180	286	178	177	227	222	214	248	351	255	290	152	383	450	273	239	177	252	437	253	193	237	174	202	152	212	221	279	289	314	129	199	246	219	212	187	134	175	208	210	247	288	181	277	309	167	309	189	83	264	336	254	153	279	213	210	214	189	210	290	182	239	233	260	278	306	205	259	318	142	211	326	138	217	147	189	346	241	268	198	165	192	247	226	172	334	194	278	196	379	284	324	313	303	319	173	253	210	300	275	271	167	320	314	198	357	304	287	348	252	321	336	355	253	230	181	157	282	312	476	184	397	181	272	147	253	107	257	359	207	346	368	382	178	322	113	230	281	248	270	145	578	225	190	165	135	211	253	217	230	298	263	298	149	211	109	204	104	332	96	197	157	143	169	169	148	177	142	121	255	111	102	174	133	153	110	158	232	189	172	113	85	191	119	235	210	232	72	203	106	163	150	127	196	198	234	262	139	138	252	217	132	168	206	125	155	101	160	134	70	117	139	151	89	202	116	142	149	121	151	193	100	116	180	150	226	125	169	154	118	169	193	116	147	184	178	208	218	133	242	110	121	153	141	64	110	125	172	205	114	224	158	213	135	149	120	141	187	80	142	163	147	137	237	96	112	257	223	166	187	352	196	202	153	135	206	228	221	231	102	163	105	106	203	176	167	106	138	167	147	80	112	152	121	155	187	159	251	225	207	96	81	162	132	179	177	116	128	128	319	222	285	136	147	72	185	162	159	168	156	132	128	116	148	246	218	130	310	227	52	110	130	232	196	162	175	292	238	164	254	134	132	90	172	170	192	161	159	163	269	180	150	136	118	68	182	178	209	170	55	240	205	158	256	176	236	234	320	212	173	99	187	170	154	268	208	92	91	127	176	118	276	163	222	125	136	180	79	90	211	192	165	183	94	65	217	188	210	163	126	167	94	226	283	165	118	206
cell79	207	137	78	98	192	113	76	108	212	148	134	208	196	161	189	89	111	130	72	89	191	248	125	168	137	125	114	211	301	137	146	158	173	136	151	173	232	166	106	143	119	169	167	127	70	87	138	84	119	267	189	191	134	229	76	100	93	171	125	178	110	86	161	97	144	189	196	149	219	83	81	212	201	104	138	188	218	138	168	148	179	145	152	83	159	157	166	103	82	59	157	250	104	132	216	115	205	120	139	91	171	118	98	66	116	113	238	218	160	109	121	139	132	172	81	126	224	172	241	70	190	59	110	178	103	171	119	159	124	178	92	99	194	134	151	203	129	251	92	113	88	175	81	153	70	119	61	187	188	163	135	124	89	189	159	126	219	105	335	143	248	148	132	66	126	225	85	162	209	100	239	87	161	149	153	125	150	159	110	183	169	123	112	200	185	242	211	113	142	129	105	75	73	128	76	216	113	153	114	180	311	171	136	311	144	162	106	179	159	158	99	118	168	144	186	217	239	85	133	186	135	134	369	163	183	233	103	70	191	106	150	67	125	80	138	206	167	190	96	230	138	137	227	178	69	106	149	163	92	171	74	121	85	101	63	82	55	146	81	117	113	94	77	97	60	194	134	166	74	137	92	63	124	67	128	91	60	111	121	65	124	68	190	113	150	112	122	74	136	128	162	125	83	76	40	84	122	66	142	74	120	91	93	99	107	70	93	81	103	105	116	130	111	112	149	102	123	73	87	96	94	73	79	72	63	127	186	120	73	86	82	107	127	93	69	99	71	115	89	139	67	66	118	157	85	105	160	137	80	110	75	78	94	58	130	75	63	127	87	71	112	95	101	92	164	92	59	86	39	119	23	136	61	80	112	42	102	64	89	82	145	88	69	80	110	82	149	82	52	42	117	102	81	83	226	96	125	27	94	100	239	79	174	183	106	85	72	110	110	126	67	116	128	59	92	103	145	163	117	107	76	127	62	77	79	80	118	94	84	113	86	135	77	56	88	120	126	63	44	74	102	74	134	98	109	97	140	152	86	68	84	31	82	81	80	152	88	121	100	91	111	85	74	56	124	114	119	97	79	78	81	159	145	57	74	168	119	122	82	63	116	103	93	121	79	137	91	54	49	69	106	79	64	84	138	72	113	145
cell80	149	225	198	109	186	207	168	123	160	97	106	190	148	130	135	126	316	289	204	283	161	255	148	128	154	217	289	144	138	280	146	151	75	279	196	258	253	143	156	112	111	181	121	127	246	190	250	347	237	349	272	336	140	164	181	193	300	179	255	159	138	212	106	222	170	205	182	280	204	114	87	218	158	126	201	170	121	225	272	318	171	333	226	70	135	199	231	180	157	167	240	165	189	158	197	94	166	223	71	198	192	187	188	283	105	108	225	232	302	195	226	304	309	219	169	148	93	217	303	218	363	88	170	210	72	119	204	199	108	259	135	218	463	242	91	170	227	207	149	172	312	101	172	118	169	224	115	189	134	309	237	158	118	130	224	209	166	203	304	170	219	146	132	137	101	149	91	243	255	112	201	243	200	243	320	224	207	211	194	156	201	176	213	174	208	240	195	263	180	245	320	217	207	247	257	118	109	180	209	166	141	154	196	230	159	283	118	277	174	144	148	230	199	228	215	153	152	334	214	206	153	244	130	274	204	90	160	226	175	223	263	165	316	231	143	270	301	309	146	137	124	277	183	142	126	140	129	143	144	232	159	85	56	132	153	207	163	94	115	143	167	146	169	148	145	238	116	236	170	171	88	121	245	104	147	119	167	61	123	80	139	209	79	105	137	118	64	66	149	85	178	147	221	97	128	209	140	153	120	106	157	132	124	96	158	154	95	156	168	173	111	144	168	223	138	96	91	99	113	109	90	123	131	138	104	225	213	136	149	199	96	96	134	126	157	105	150	174	95	133	91	163	59	106	73	79	95	74	110	241	210	182	97	115	101	159	127	223	107	138	112	105	130	176	162	145	123	73	221	109	159	138	101	144	90	106	95	79	128	105	138	106	88	267	93	129	152	120	156	140	198	65	167	124	92	181	89	143	75	135	89	67	138	165	155	121	82	185	158	90	118	123	183	120	157	199	119	142	106	138	53	116	188	67	98	106	133	96	142	119	156	252	112	176	117	92	86	82	103	170	202	107	183	75	110	83	205	85	51	146	112	138	237	103	110	99	186	111	103	110	180	104	94	140	70	201	140	208	73	107	181	222	176	151	123	112	215	196	184	74	122	120	108	119	68	89	168	131	66	115	72	147	60	102	130	168	112	235
cell81	114	146	122	98	153	104	117	133	370	162	134	148	152	152	136	88	118	53	130	96	135	81	104	152	197	95	177	119	117	104	109	176	128	161	83	127	181	85	158	154	176	194	193	174	146	113	90	195	127	157	106	76	114	70	129	138	91	109	110	152	104	110	144	93	151	88	136	121	226	68	134	155	68	166	131	74	161	174	101	122	81	76	150	124	90	93	88	141	156	68	138	96	79	227	98	46	110	116	166	83	121	101	117	172	80	164	113	98	205	152	116	127	163	120	75	214	101	119	62	117	132	180	159	133	154	80	102	145	131	120	57	81	74	133	156	84	77	123	39	64	173	111	118	106	75	99	143	107	127	136	123	72	196	91	90	193	98	167	65	196	89	109	141	99	112	75	116	60	105	78	97	68	141	125	196	128	161	99	202	208	74	137	145	81	133	138	131	175	117	193	109	196	199	80	160	190	87	132	151	80	149	94	86	117	87	138	154	242	155	156	188	80	86	155	128	164	163	96	91	89	47	153	103	94	102	138	52	187	164	126	96	125	163	170	87	114	166	101	168	85	125	97	131	138	55	90	87	77	97	90	67	85	78	68	89	79	134	72	73	129	72	80	119	80	55	67	88	72	58	81	51	157	46	61	70	38	79	173	63	80	109	64	106	81	64	94	108	55	85	147	145	63	95	79	116	83	122	94	81	67	43	68	73	99	38	78	68	98	59	141	52	45	103	137	57	105	48	76	66	92	82	47	100	68	46	141	73	124	57	122	90	96	120	69	100	102	96	113	62	45	78	89	71	105	149	75	80	38	90	94	96	92	112	102	127	47	103	103	53	61	77	87	132	116	22	98	70	58	137	104	81	85	104	83	79	100	62	55	79	42	28	73	42	126	72	100	67	94	140	76	128	75	83	106	72	124	70	96	84	82	97	99	74	60	81	61	68	125	39	72	74	91	76	54	94	49	111	56	89	118	117	98	71	137	48	88	45	111	128	78	89	81	57	98	98	51	62	100	50	96	106	57	45	65	159	149	83	65	101	19	82	125	68	80	105	135	150	83	48	52	85	64	106	78	78	80	57	116	79	89	100	64	223	76	67	124	64	74	82	60	70	60	67	63	47	79	49	68	39	70	65	72	46	63	94	82	77	74
cell82	70	103	59	73	44	69	66	85	70	69	102	59	102	54	26	61	120	57	98	62	53	98	66	46	36	51	94	68	69	74	41	69	120	48	56	69	65	93	85	48	81	49	48	65	59	100	78	102	123	127	105	114	88	98	92	57	113	69	137	96	127	93	64	158	121	169	97	105	132	126	81	96	119	106	227	76	73	74	51	47	38	54	21	36	0	0	0	38	22	18	66	116	53	53	71	96	49	129	24	89	59	29	130	72	124	58	101	96	70	85	71	28	69	63	57	58	78	67	34	49	63	73	69	72	66	86	106	67	51	55	72	122	43	78	87	46	56	49	44	90	84	80	85	65	39	68	87	45	63	48	58	74	98	89	77	71	62	97	82	106	43	65	63	58	36	78	43	66	23	92	59	35	35	53	48	66	63	41	77	53	59	78	137	79	42	48	57	75	58	47	59	60	57	36	89	118	78	96	62	57	60	56	56	112	69	88	79	49	62	62	59	66	84	48	87	45	45	53	54	60	65	61	100	65	55	122	39	41	65	65	72	58	79	92	51	27	123	101	39	76	63	42	55	34	44	80	60	62	66	182	79	48	72	69	89	119	51	80	53	24	25	66	80	96	83	66	53	79	49	61	52	71	53	56	89	67	75	40	41	77	68	52	76	49	94	116	156	108	69	81	47	73	65	47	71	43	44	79	34	49	95	61	81	48	57	82	48	29	64	90	39	137	78	81	79	98	74	62	60	105	32	83	58	52	80	62	135	92	56	54	30	82	85	80	102	58	47	59	83	61	92	66	56	73	77	46	70	107	76	67	73	68	86	57	74	60	42	96	116	48	71	93	70	90	49	62	85	79	50	59	87	109	27	81	33	45	62	79	124	138	17	49	88	47	62	67	71	44	78	58	78	62	50	100	63	52	74	70	65	97	62	46	92	55	62	81	86	87	58	117	21	78	48	71	84	53	36	32	98	83	55	38	73	42	66	59	53	63	67	42	73	94	54	71	71	31	53	73	92	50	113	51	62	55	38	84	51	68	32	33	93	71	52	70	66	101	62	38	36	69	57	81	36	71	33	48	63	164	76	59	52	92	57	34	72	57	87	52	18	90	35	54	38	128	91	96	58	54	70	55	64	103	56	50	59	54	73	56
cell83	88	138	77	111	113	179	130	167	105	153	100	136	136	167	115	113	145	141	112	199	206	46	109	132	135	94	92	53	180	187	80	79	105	94	170	63	71	63	129	77	95	57	126	133	113	82	57	121	100	124	116	86	105	110	103	86	142	94	171	104	107	78	126	82	46	112	82	118	120	148	126	80	125	148	145	101	148	130	94	117	62	182	91	110	91	87	70	51	121	107	83	103	102	85	67	74	90	177	163	134	91	142	125	186	109	142	91	74	146	97	38	68	90	143	151	69	112	127	180	171	68	132	158	121	180	153	110	137	101	90	84	47	124	63	140	150	143	78	118	136	75	128	98	87	113	63	129	60	82	102	158	88	109	82	115	89	83	127	95	142	78	141	113	96	96	132	114	74	167	81	120	87	125	91	90	81	79	84	71	99	87	77	116	69	166	112	152	110	165	59	127	73	34	45	116	119	84	77	94	59	135	127	110	142	188	48	22	121	149	77	95	84	148	85	84	108	128	113	105	51	60	77	94	123	159	122	175	111	81	103	126	89	88	68	79	144	64	145	154	138	87	109	92	111	78	106	67	73	70	94	60	119	107	70	97	54	62	56	92	58	52	14	73	86	58	39	57	121	70	83	34	99	64	86	59	70	59	90	58	52	67	61	47	58	105	64	86	98	63	69	75	50	124	56	112	65	79	93	61	50	89	25	78	88	56	58	62	89	58	78	101	119	129	126	63	119	57	51	54	120	58	97	70	54	137	126	85	119	111	85	63	77	35	55	85	43	82	59	90	34	83	115	43	58	70	45	48	65	86	78	111	47	98	59	56	47	78	67	92	70	67	52	52	47	39	87	58	63	83	79	87	115	118	29	106	114	64	36	67	63	62	83	53	69	74	76	92	67	44	57	50	79	75	76	64	61	85	130	82	83	68	64	100	79	18	78	110	58	37	53	73	52	63	129	63	61	46	53	90	45	66	91	98	112	69	75	83	107	83	49	107	51	60	35	90	80	67	68	70	81	84	74	35	60	63	94	59	71	115	35	55	68	88	56	81	69	73	96	87	38	173	108	87	89	34	58	57	105	33	52	67	104	71	88	59	50	75	69	49	127	44	86	60	44	77	92	126	42	76	89	83	92	65	93	76	95	54	44
cell84	137	79	156	158	45	120	35	108	85	66	117	100	125	119	153	100	135	82	150	118	172	70	80	164	161	116	70	199	114	71	62	133	92	155	100	106	90	132	107	127	104	80	111	150	150	120	144	127	68	203	124	85	128	81	125	79	59	92	74	74	75	105	55	133	107	75	143	98	128	81	103	110	105	57	73	120	136	166	158	154	49	93	144	66	116	161	124	114	158	91	129	148	123	103	101	122	158	86	199	72	49	141	102	118	113	87	175	146	103	100	112	127	73	68	109	217	92	147	96	101	98	124	82	128	126	73	117	193	117	158	119	123	77	211	135	133	177	95	85	75	204	158	125	143	71	145	118	160	133	75	148	112	113	137	105	89	129	124	71	122	82	103	50	170	78	192	185	105	66	88	98	128	128	208	77	121	74	114	90	52	87	140	146	106	157	80	106	88	114	125	193	117	90	67	105	127	115	82	106	93	97	66	57	162	128	152	52	107	141	146	205	133	187	110	94	89	63	119	70	82	108	123	57	146	80	103	55	163	92	74	84	259	74	200	163	141	124	129	81	86	143	176	190	106	103	74	44	35	52	101	61	88	122	113	71	73	76	92	127	117	93	72	53	70	105	130	71	72	133	88	24	80	67	101	76	94	63	138	87	47	66	114	56	67	60	61	84	65	102	73	115	62	84	69	115	75	62	91	57	53	117	108	90	58	113	59	77	34	57	41	126	71	78	96	78	76	110	63	56	95	131	48	48	77	64	127	38	126	73	85	79	59	151	73	45	81	97	111	115	65	83	90	102	82	70	71	65	87	97	67	87	126	106	48	106	65	67	46	67	94	65	66	199	77	117	108	22	122	68	64	40	47	101	78	94	59	67	45	38	146	108	68	83	63	83	85	43	49	43	86	66	69	97	117	59	74	92	105	43	57	86	65	92	51	77	96	83	72	46	67	76	91	58	48	100	59	87	93	36	39	80	64	92	77	100	93	74	53	38	41	89	88	127	85	75	77	80	59	72	68	73	37	80	132	74	70	92	72	79	110	88	60	62	112	80	117	113	73	82	103	61	74	60	60	118	34	111	73	57	48	67	67	87	57	60	82	49	86	93	133	83	105	147	84	35	77	118	67	75	30	128	50	66	155	76	52	80	55
cell85	319	305	199	179	186	231	234	122	204	207	143	218	238	250	176	317	257	123	291	189	264	438	249	248	269	307	241	199	216	387	234	227	259	344	471	235	269	417	265	174	290	123	304	226	197	221	264	278	258	263	158	224	335	283	206	155	441	324	340	316	443	216	125	301	258	412	238	157	180	457	362	275	289	477	412	297	295	420	104	238	326	381	428	390	531	361	287	240	233	470	194	249	292	104	217	128	236	252	293	85	235	348	210	216	380	242	276	187	143	298	273	176	307	307	204	263	200	192	136	136	234	176	280	258	335	262	150	279	399	259	128	271	193	517	368	393	276	215	355	148	204	258	198	135	341	182	295	398	347	227	229	250	140	444	137	168	432	338	351	121	178	206	157	339	269	439	114	296	247	321	366	189	360	106	326	378	256	262	336	249	237	192	243	213	369	279	210	375	284	178	155	235	175	174	278	256	280	172	290	120	255	143	336	256	308	294	400	216	227	322	288	312	265	262	252	187	206	376	302	174	205	263	270	226	396	144	239	245	240	277	197	313	565	267	249	483	266	239	312	325	226	210	432	155	222	136	261	263	146	161	225	111	240	212	158	262	129	288	168	249	185	64	107	167	168	178	165	198	289	154	116	157	253	179	89	159	192	127	196	151	165	180	246	224	188	165	207	159	108	249	123	263	275	226	195	135	204	141	243	258	220	100	118	103	247	231	121	169	133	183	157	110	264	183	216	83	316	202	224	129	137	170	224	271	186	140	265	383	109	162	184	178	217	73	175	102	163	208	122	72	96	267	166	91	221	203	164	141	152	111	278	195	119	257	130	206	329	220	130	186	199	157	417	99	201	138	147	250	186	164	194	295	144	299	219	198	147	258	132	192	203	195	298	164	174	222	73	215	198	196	208	189	156	170	209	155	106	89	275	186	177	120	197	150	529	128	161	106	191	232	175	270	229	140	149	121	142	182	195	172	118	141	177	178	240	137	221	98	168	106	172	194	210	92	160	166	176	176	300	199	124	315	209	106	281	137	100	156	208	195	185	112	225	115	152	169	156	120	168	182	215	226	194	107	137	103	319	113	92	128	205	163	336	110	139	186	118	117	118	191	202	143	324	341	139	116	162	122	153	195	338	150	175	186	156	290	214	232
cell86	144	41	65	154	91	104	88	140	118	138	59	89	113	166	71	159	53	75	92	160	101	95	52	204	134	102	167	76	134	63	189	45	92	139	84	118	68	89	86	141	100	97	115	105	152	115	213	104	85	191	182	109	155	159	96	190	121	92	95	166	146	102	102	204	86	116	63	154	136	70	94	144	83	54	229	191	48	156	164	75	114	110	72	90	120	103	105	215	64	58	106	104	99	47	127	78	106	110	102	52	97	42	63	43	75	115	96	117	67	75	103	108	110	187	67	55	149	80	146	159	101	88	99	57	207	205	158	102	132	106	105	102	160	69	104	61	123	85	75	134	50	84	152	179	70	145	75	157	256	64	106	92	126	78	125	69	111	93	109	127	48	137	96	109	121	85	192	141	91	88	141	113	163	85	105	165	195	153	79	91	71	96	129	80	60	111	121	115	88	117	148	121	81	98	159	109	145	91	90	119	107	60	115	113	108	27	78	117	113	89	91	76	166	119	84	130	105	180	113	70	229	108	112	81	65	91	82	109	121	111	151	186	107	138	119	57	116	146	112	95	78	105	124	131	68	76	49	89	67	100	47	62	55	37	64	64	71	45	60	63	64	42	56	99	68	48	55	98	64	34	93	105	33	71	79	101	55	64	74	57	53	67	152	78	82	88	74	99	106	102	93	78	66	97	41	87	70	99	81	88	101	67	65	136	50	68	84	104	91	164	64	84	81	36	127	77	129	46	74	56	88	65	104	76	104	64	77	58	49	48	88	68	80	48	46	60	59	118	55	98	42	57	96	58	45	105	101	66	85	106	79	35	102	61	86	60	50	86	44	26	97	77	55	89	71	89	87	69	83	68	61	52	73	103	94	51	77	47	120	122	85	53	112	93	45	58	50	72	38	95	90	63	129	154	105	71	66	101	49	89	67	113	59	103	55	108	57	56	60	85	103	107	40	67	98	83	60	112	22	67	102	85	78	106	50	79	102	77	89	65	76	104	55	59	84	56	86	57	62	80	79	58	67	58	54	56	53	85	68	54	104	88	52	86	62	114	72	75	42	54	66	96	55	97	87	57	104	100	87	34	84	36	66	97	94	144	83	71	90	97	88	88	83	114	54	85	67	52	107	102	49	52	43	114	60	46	87	104
cell87	244	250	176	111	215	213	168	142	116	145	131	207	272	167	278	197	157	183	147	191	200	101	228	181	138	135	250	178	150	130	237	242	139	298	98	143	80	201	61	114	185	122	145	220	214	133	170	167	117	152	267	193	252	113	168	140	203	273	227	262	99	186	223	185	250	210	173	231	147	163	175	226	299	133	145	111	111	280	313	227	184	141	167	111	141	228	209	174	184	112	113	240	327	160	213	126	202	118	188	271	103	125	170	230	104	212	349	140	252	163	126	137	193	243	276	252	179	179	141	184	278	207	185	201	141	144	120	206	197	173	253	134	201	127	150	186	132	178	351	140	208	125	93	152	267	155	87	95	204	200	209	65	163	124	115	220	125	224	246	198	223	317	208	171	299	200	144	228	108	185	132	184	132	195	85	151	117	118	167	224	177	184	143	120	235	254	199	166	135	294	269	201	206	194	129	187	95	188	116	225	132	166	345	130	178	136	133	255	156	205	241	181	172	203	137	152	132	197	160	144	159	215	279	108	166	174	237	131	179	187	237	161	211	195	293	161	241	109	413	155	198	209	200	158	122	148	74	39	129	162	154	80	128	138	153	177	83	89	96	164	152	76	140	92	87	46	87	102	78	47	126	129	209	144	118	101	141	60	94	111	113	112	102	219	97	60	54	104	118	80	169	134	156	98	96	188	67	135	71	127	131	134	153	109	189	92	118	64	156	127	93	73	95	79	206	154	128	59	160	127	59	162	185	72	83	85	108	189	103	116	107	55	137	245	113	219	137	168	117	141	59	158	86	83	127	126	167	192	63	170	67	164	45	84	166	156	105	164	179	80	131	125	93	106	117	144	117	110	140	101	160	104	177	74	183	97	158	177	196	251	227	178	122	123	132	101	138	180	125	77	114	128	104	250	111	296	183	141	125	133	93	139	152	59	77	159	85	149	185	111	78	58	104	76	140	91	74	143	107	126	158	120	97	114	153	48	125	84	202	110	176	227	111	158	116	105	62	43	104	114	108	119	128	80	154	129	94	205	69	214	82	136	132	126	140	153	176	252	119	124	63	78	111	96	165	177	117	163	144	99	142	83	167	126	118	137	191	89	158	135	79	73	147	105	101	106	110	180	114	121	183	58	182	122	95	157	100	77
cell88	108	81	104	108	133	113	77	62	92	134	94	151	51	80	42	107	164	109	86	113	140	100	135	89	115	94	124	78	148	126	150	64	103	85	115	68	92	125	171	128	121	169	87	71	143	190	56	148	117	59	138	182	100	96	88	82	111	66	118	125	122	60	125	184	150	93	171	138	85	114	136	101	134	80	120	93	98	105	132	96	73	119	107	77	83	134	81	138	170	67	63	135	73	135	107	60	120	151	97	140	105	123	145	62	150	100	75	139	125	60	80	112	121	171	114	115	102	135	81	98	138	126	124	86	83	123	159	81	73	113	93	98	110	99	182	75	96	134	111	56	144	126	126	68	75	75	192	87	211	120	166	95	67	130	23	51	107	137	116	122	87	82	141	140	86	73	94	209	71	75	106	93	126	84	112	129	105	81	93	76	114	112	79	116	99	93	102	110	161	123	99	133	89	134	86	128	106	78	102	93	108	82	80	77	86	72	134	112	115	167	63	116	86	125	230	147	69	224	132	83	127	105	220	95	208	88	107	143	66	115	56	65	129	104	176	95	92	129	95	180	118	82	150	79	76	98	107	55	73	59	64	59	68	78	101	62	63	83	86	67	62	37	107	28	44	73	103	62	76	53	58	96	72	56	59	33	58	66	54	158	51	59	38	56	57	34	62	159	54	61	53	109	72	79	50	77	107	73	46	91	60	72	21	25	80	78	69	77	50	103	44	48	97	62	48	96	76	64	75	84	69	99	77	66	82	78	71	71	85	72	76	54	101	122	98	114	90	36	58	83	42	65	52	66	41	72	121	76	82	62	58	71	84	82	135	51	84	69	82	90	51	64	59	51	57	82	66	79	79	84	56	138	47	92	69	60	135	99	87	75	76	96	30	40	85	57	88	52	50	64	73	74	69	93	68	82	108	60	132	73	58	54	64	96	97	76	46	100	49	84	47	87	98	97	110	47	52	72	66	78	19	97	41	91	80	46	74	90	79	79	35	33	77	98	63	30	62	56	124	55	67	53	82	76	71	38	72	75	89	99	108	93	56	94	82	132	55	59	51	82	71	77	66	91	100	103	64	78	68	94	50	112	62	74	75	101	30	82	110	65	62	77	54	125	95	72	67	89	106	94	72	81	70	106	97	118	116	80
cell89	78	172	106	152	136	133	88	130	96	117	242	148	120	137	118	78	159	108	96	84	160	184	122	231	186	127	92	159	86	111	126	107	69	90	154	195	169	124	158	203	95	126	102	63	115	133	178	206	121	134	172	117	182	160	80	185	263	115	213	196	194	205	199	139	239	218	131	251	169	122	251	330	79	274	99	47	92	143	138	111	103	67	86	123	0	0	0	122	34	91	167	61	128	189	195	173	106	113	154	64	122	107	166	248	217	98	152	87	195	125	157	199	137	100	101	68	96	142	115	180	181	122	160	205	101	146	93	205	115	76	111	139	120	168	84	113	61	105	123	164	103	167	151	59	125	135	121	125	141	57	87	142	88	117	93	186	69	147	190	154	87	69	150	74	159	170	174	84	129	199	159	66	165	122	143	100	85	123	146	69	76	69	137	109	119	110	181	107	145	124	111	112	78	90	149	140	204	73	116	114	117	88	113	196	185	130	178	116	211	159	89	168	214	85	87	79	182	135	162	117	215	235	147	93	183	77	156	149	176	136	83	170	148	160	113	141	130	122	175	94	145	51	237	82	170	117	89	125	94	54	86	194	162	83	164	144	188	104	104	114	113	177	147	139	141	108	156	153	131	75	94	121	127	110	107	138	156	42	150	61	128	89	70	64	156	149	93	105	61	108	87	168	85	243	102	99	192	159	67	160	157	62	105	210	120	171	70	208	92	95	136	100	102	141	91	108	112	136	154	106	213	88	137	118	215	96	138	110	99	210	141	221	61	112	63	132	146	128	113	133	94	69	150	128	82	81	186	102	162	121	159	128	111	128	109	106	80	188	133	76	74	175	67	90	152	116	91	86	98	110	129	128	106	75	81	80	135	71	74	165	140	116	166	146	62	184	180	145	147	174	118	103	115	190	160	102	76	67	155	70	89	91	158	245	178	70	173	64	158	126	126	100	120	169	98	56	128	141	111	150	120	129	317	110	74	102	146	168	138	134	123	42	104	145	70	148	42	131	113	104	73	93	79	156	148	39	155	155	109	80	157	141	114	62	82	177	96	149	162	100	106	117	137	109	136	131	198	162	144	103	89	145	95	185	153	152	109	162	163	87	98	151	161	201	120	144	198	115	189	180	134	97	150	143	214	109	115	99
cell90	191	109	138	85	195	114	175	177	247	182	142	217	78	127	203	71	190	57	151	194	165	192	138	194	174	253	81	152	94	104	174	149	245	338	120	141	103	173	108	231	234	231	146	167	151	163	133	158	222	200	231	193	190	128	228	141	132	112	166	151	220	204	169	228	144	168	195	168	138	189	126	200	212	305	193	192	175	204	131	100	169	209	168	202	168	169	157	116	137	94	131	250	166	100	177	230	136	281	296	193	212	83	116	190	172	161	264	159	199	131	177	216	171	134	170	121	116	148	124	203	184	102	218	146	143	43	145	148	270	125	184	116	250	137	103	148	139	238	104	157	226	160	71	89	130	123	108	131	172	221	68	212	172	85	148	124	197	196	116	267	313	192	162	200	149	59	149	189	135	194	138	135	164	261	146	158	183	251	207	168	172	150	115	127	167	208	183	157	157	130	77	212	203	132	138	320	104	155	189	85	162	115	159	133	147	163	150	254	149	172	136	213	164	124	111	103	173	169	146	136	157	99	231	99	173	120	222	191	204	133	124	167	106	150	151	129	111	110	56	183	129	158	172	133	148	150	77	104	132	91	77	122	126	131	110	103	133	75	72	113	152	128	64	60	113	100	59	98	67	88	80	90	98	171	98	63	69	63	113	94	106	82	68	136	107	195	77	103	73	86	120	60	143	128	129	167	108	99	129	42	82	113	132	130	117	87	87	166	111	108	147	162	55	61	142	101	191	111	59	118	44	105	89	158	93	110	128	100	119	70	107	64	82	77	110	100	152	194	86	105	132	135	131	83	67	119	116	62	79	155	133	159	112	138	50	85	86	91	94	110	72	90	96	166	97	65	106	99	161	46	47	117	66	148	89	152	69	158	126	125	119	139	91	63	120	102	76	98	59	99	136	104	169	165	76	104	133	103	66	119	101	93	124	74	151	127	94	87	180	66	125	136	85	109	59	94	127	109	206	97	97	59	90	124	84	65	149	85	61	137	83	80	186	107	50	81	97	103	51	79	105	58	124	126	135	89	94	84	119	175	118	72	171	153	95	112	85	113	76	43	52	74	123	57	94	130	156	134	106	147	69	143	95	105	126	101	84	134	83	71	151	104	145	129	125	106	58	101	91	59	64	100	66	95	87	128	109	172
cell91	104	87	101	188	156	123	165	79	170	160	142	101	213	97	197	163	231	211	158	188	115	104	129	182	202	193	106	163	156	71	101	163	118	86	121	156	143	156	86	94	77	142	138	165	227	139	151	187	91	78	107	138	249	113	217	190	100	90	211	77	126	130	142	86	145	123	192	133	109	188	142	138	180	194	107	93	153	161	203	88	188	98	116	103	93	168	166	91	81	102	181	98	124	125	95	161	125	86	131	145	251	132	119	183	141	165	156	191	92	74	125	189	59	92	140	129	171	147	188	138	129	118	152	164	135	222	196	91	107	179	81	131	107	170	164	119	179	156	144	162	102	103	152	129	181	76	197	82	160	131	199	99	128	100	81	133	149	90	128	112	206	73	106	139	116	79	136	138	187	65	156	189	76	155	148	91	188	203	111	137	140	255	168	112	94	81	160	69	149	89	103	107	190	135	77	95	140	227	140	157	174	172	197	103	69	180	133	168	103	176	112	120	166	123	116	186	92	178	137	89	176	139	151	129	99	90	142	116	167	77	111	110	177	107	126	163	91	103	235	159	149	146	174	105	92	70	65	58	106	123	166	93	128	103	91	73	89	88	140	96	100	47	142	83	61	62	92	58	65	106	174	83	111	60	75	76	54	76	60	55	80	74	157	117	97	55	79	88	104	108	46	101	92	80	88	107	90	57	88	60	39	166	68	62	97	106	65	88	37	106	70	120	83	35	117	125	58	49	72	110	71	124	131	180	135	88	76	143	42	111	41	79	79	77	111	65	74	87	98	50	82	67	128	136	68	82	58	75	43	86	83	93	63	66	108	76	89	87	77	94	93	133	137	91	102	98	107	81	119	54	72	119	91	55	79	175	80	44	78	117	79	88	74	73	92	79	76	89	68	178	86	98	77	91	64	91	117	90	55	80	57	92	82	48	93	58	117	64	71	121	45	141	109	57	35	99	80	68	77	83	106	106	100	104	117	85	103	92	52	48	58	97	47	68	191	111	84	149	92	162	94	103	62	70	92	40	82	66	67	95	144	87	130	61	72	104	114	30	119	39	61	50	138	56	99	88	82	107	105	68	69	111	105	78	78	129	90	83	175	137	82	66	108	76	70	96	76	176	107	95	148	92	61	78	148	84	95	63
cell92	179	167	134	183	177	327	132	157	234	143	177	110	89	51	103	116	172	183	268	154	110	127	165	91	156	134	92	168	108	154	59	157	176	101	99	128	179	209	160	87	162	142	227	198	210	158	151	157	161	194	125	154	191	132	199	138	55	183	213	82	197	148	133	106	153	189	69	160	143	214	171	90	157	210	144	227	186	114	198	66	155	113	188	289	96	126	119	145	177	115	92	152	131	139	114	200	182	250	113	122	157	167	97	126	180	169	277	149	138	175	64	111	276	251	97	103	101	164	139	131	133	185	193	123	165	85	164	259	118	127	119	170	158	84	119	163	104	119	227	98	338	129	160	158	103	112	253	229	130	98	107	149	73	124	84	112	156	109	112	254	128	127	247	113	108	114	135	92	172	195	142	129	220	108	215	168	131	170	215	123	211	100	97	154	200	100	137	129	143	178	158	133	158	147	208	152	105	147	186	149	176	139	104	92	197	177	113	175	162	143	173	141	190	86	202	126	90	104	98	223	91	152	126	168	90	146	117	219	92	104	179	110	221	94	257	153	77	97	114	111	145	154	88	149	143	56	122	66	104	107	61	115	128	123	72	71	61	114	121	114	119	68	57	116	88	63	64	60	116	69	134	87	166	62	79	87	110	75	87	114	77	105	103	101	107	71	97	103	108	67	47	75	155	115	103	59	72	80	102	36	117	77	119	110	65	108	118	77	131	146	77	108	76	56	116	132	45	70	64	122	110	86	57	123	76	87	99	145	215	117	108	119	98	58	102	138	105	63	113	131	66	105	68	92	88	132	119	23	110	47	139	58	91	67	139	87	81	116	113	76	72	79	128	98	72	102	98	174	94	57	90	87	53	125	98	59	118	147	123	76	119	76	103	131	66	27	90	94	101	128	65	125	108	99	98	130	111	90	116	76	116	125	129	104	41	78	58	75	117	41	73	74	86	150	66	66	111	37	60	55	148	56	72	88	40	111	80	112	83	159	81	104	50	121	46	92	62	86	91	94	137	97	74	83	116	102	136	81	153	31	77	121	69	85	125	100	54	55	91	85	66	101	67	60	44	146	76	122	100	58	70	112	132	98	88	80	70	81	82	80	108	126	104	101	103	120	65	80	126	61	77	77	110	114	48	79	123	70
cell93	97	117	75	114	127	193	118	170	135	113	109	113	132	100	58	181	124	49	129	114	91	114	182	92	86	157	145	82	85	138	192	87	93	45	96	163	159	163	122	132	97	167	234	160	130	156	193	106	119	79	153	102	155	99	109	147	87	150	112	148	69	110	112	53	97	83	59	90	124	119	58	132	125	131	112	51	130	128	133	218	113	92	89	115	58	96	154	174	107	122	178	113	139	40	39	151	77	110	117	168	110	61	154	240	127	110	115	66	121	208	62	89	101	58	68	52	86	115	183	147	105	91	94	89	165	112	133	150	114	107	120	125	98	164	101	160	103	75	138	73	73	143	119	161	107	115	144	135	84	97	134	113	90	111	83	121	100	127	122	73	196	151	161	175	218	77	51	98	102	96	126	111	64	100	72	224	85	84	116	123	118	70	176	155	169	101	122	103	144	106	189	143	106	177	72	59	103	119	165	84	111	112	82	120	112	145	105	131	62	93	102	102	46	94	112	99	155	100	174	102	72	87	134	161	133	183	180	123	129	134	70	115	108	98	126	58	142	78	104	153	58	133	93	82	62	109	58	73	33	43	79	108	81	67	73	102	92	93	85	42	75	148	88	59	70	63	96	46	96	80	96	97	106	84	51	48	76	109	77	117	104	90	43	140	53	120	35	103	65	86	80	38	173	65	115	67	55	83	54	161	115	56	75	104	57	115	90	89	58	117	95	37	77	76	78	85	50	91	92	98	104	80	58	74	143	78	69	65	76	90	129	56	87	79	85	68	132	41	86	54	74	65	63	96	101	75	80	83	105	116	61	91	46	59	77	64	169	74	57	75	85	66	81	72	78	60	39	66	85	105	130	66	88	68	83	69	60	110	71	92	257	82	107	88	123	63	57	22	94	109	112	66	58	77	57	103	31	71	50	82	105	91	98	87	78	34	91	68	75	52	76	148	126	54	89	133	71	85	66	62	59	74	70	95	36	76	40	75	45	45	125	47	83	77	77	75	51	48	70	81	50	126	148	106	83	67	103	63	108	65	58	58	61	76	105	96	76	85	42	51	87	142	61	119	112	76	54	38	60	41	86	52	100	87	64	77	64	103	76	37	86	112	113	45	85	69	73	75	104	93	90	87	80	99	136	96	51	79
cell94	128	124	84	73	106	151	106	103	182	45	126	80	35	120	85	110	129	42	94	116	86	132	72	69	89	142	88	85	86	84	68	201	102	133	114	89	140	108	137	90	57	79	116	58	99	230	92	56	218	128	88	154	147	123	188	211	139	185	175	180	194	147	153	189	161	193	111	179	161	159	149	155	127	245	160	198	79	87	111	95	54	36	36	47	0	0	0	46	56	53	116	121	91	128	91	65	63	97	55	71	99	39	148	161	67	84	69	71	75	95	93	96	119	100	125	70	142	51	89	134	115	88	141	82	141	109	79	91	105	125	199	190	72	119	163	95	106	91	98	178	91	190	96	108	92	41	75	147	134	102	165	173	79	203	108	82	111	105	118	67	115	68	155	61	139	100	75	133	131	101	112	74	65	184	70	133	165	82	111	130	118	97	190	113	166	111	122	200	96	64	67	92	48	86	86	80	105	126	93	58	155	80	87	121	144	123	145	97	66	92	94	99	120	95	124	88	127	118	141	87	165	93	96	103	128	86	71	92	79	192	55	95	103	181	181	96	121	91	77	130	122	77	106	152	117	85	120	83	129	90	223	146	112	149	176	62	130	105	124	132	107	101	113	50	92	154	204	71	156	120	101	176	57	93	111	108	90	164	78	78	132	139	139	84	148	97	96	96	150	103	148	134	135	187	82	75	76	171	83	56	108	156	206	113	70	160	68	84	142	115	125	86	124	115	95	137	140	195	104	151	92	83	184	118	128	96	52	99	138	115	99	159	95	66	112	127	109	141	106	29	188	156	139	103	65	101	69	101	203	65	110	81	113	82	102	108	80	110	87	123	76	115	208	95	50	174	82	76	55	98	62	128	51	177	87	207	100	80	107	110	97	123	99	91	94	72	92	67	72	90	65	108	119	96	128	120	183	65	61	115	54	149	154	99	70	138	75	106	155	78	158	105	61	115	42	56	71	100	117	29	68	82	125	74	62	93	108	100	69	98	211	86	91	96	104	89	90	89	79	95	109	90	180	144	82	105	153	137	121	131	119	89	69	108	56	63	142	78	126	168	80	133	147	165	137	118	120	72	97	93	82	73	67	58	56	99	103	80	115	56	189	98	107	164	91	96	141	198	106	99	149	102	118	96	108	117	111	126
cell95	96	79	155	199	130	222	129	92	155	128	122	84	108	175	94	222	117	159	128	78	107	89	134	136	171	141	187	48	143	215	129	97	123	126	201	162	134	147	95	81	131	106	121	101	91	107	210	109	171	139	221	85	159	69	122	141	98	148	92	100	84	59	148	210	74	150	124	152	110	127	142	138	112	122	105	135	168	142	82	90	138	78	131	114	171	100	140	103	117	166	100	108	128	179	103	206	113	151	115	126	130	151	127	126	114	173	120	138	128	57	95	93	206	141	136	87	154	97	193	108	167	89	101	93	83	113	174	91	158	114	100	158	108	109	127	117	105	74	132	108	99	54	147	68	189	110	104	139	153	164	112	118	70	131	129	131	110	102	162	147	100	192	196	83	224	100	87	90	96	235	81	145	104	113	95	68	99	156	71	101	100	131	92	123	149	104	174	179	63	90	91	84	158	130	142	263	204	113	120	121	110	209	137	57	137	84	160	122	134	128	122	73	125	215	119	232	82	70	117	90	89	94	92	144	109	147	185	79	124	222	115	189	76	159	104	94	63	86	167	100	93	181	123	93	33	90	133	77	71	104	35	87	89	121	55	93	117	113	52	136	48	63	93	86	101	74	111	103	53	100	54	86	87	121	105	98	75	82	88	95	72	70	95	68	73	50	136	44	75	86	82	35	97	102	66	67	42	45	85	97	107	131	91	29	149	159	78	130	80	33	82	74	64	86	110	65	62	98	90	138	76	75	48	105	122	74	147	91	71	61	67	22	87	43	85	83	65	107	65	87	78	71	137	71	39	148	156	98	76	27	65	94	93	135	38	83	81	85	73	143	82	85	104	56	93	63	127	83	108	118	156	78	59	54	89	91	65	77	104	82	73	77	69	71	71	109	80	33	100	84	62	101	105	93	88	88	45	119	86	89	69	105	110	98	98	85	60	61	64	110	64	53	146	95	63	42	112	61	74	61	91	75	132	65	57	77	84	154	61	86	81	29	120	108	75	69	67	52	99	100	55	74	57	52	68	56	113	40	134	67	99	63	105	64	74	124	73	70	67	162	85	146	72	50	141	61	34	83	112	78	88	54	158	79	79	115	57	51	137	61	115	50	86	103	39	47	91	70	118	93	76	45	140	114	95	88	73	105
cell96	77	83	108	55	148	90	64	98	123	51	103	77	137	109	118	136	89	68	74	96	39	102	86	66	107	81	135	159	53	58	101	112	127	58	167	109	105	74	117	99	64	75	155	151	118	32	152	151	87	152	122	93	102	86	73	74	69	95	74	72	59	95	97	115	102	99	72	94	79	65	26	143	110	74	87	112	137	109	99	94	120	74	82	70	44	71	112	59	90	93	91	84	138	91	131	103	73	204	69	186	90	85	100	133	123	110	61	97	124	56	117	93	89	107	127	94	217	169	55	29	92	82	112	101	62	47	79	114	110	113	182	96	96	88	53	115	105	56	130	90	67	88	94	92	135	66	70	94	248	115	80	163	60	66	88	171	128	67	76	110	100	196	98	69	51	86	55	92	68	76	153	88	107	77	91	172	205	109	95	102	107	95	143	74	146	77	130	102	68	79	77	144	144	62	130	71	90	120	122	73	81	83	115	120	169	82	156	110	79	184	109	78	68	115	72	102	85	143	117	115	78	77	67	39	135	127	94	104	102	61	159	90	113	141	101	81	72	116	121	62	78	81	111	63	67	64	50	96	52	86	53	34	32	49	67	73	87	65	37	69	61	55	45	111	95	44	60	64	58	100	113	60	39	35	53	32	51	48	46	62	73	64	60	59	82	48	107	32	35	46	55	29	42	42	74	67	73	46	87	67	53	60	41	57	61	41	53	75	56	51	53	57	80	35	75	86	39	32	99	43	41	40	55	56	61	57	91	62	57	53	60	60	40	68	95	101	52	85	39	102	41	54	69	80	75	52	55	54	44	52	68	55	70	36	62	45	68	117	92	70	74	121	83	39	80	89	93	70	94	48	43	53	83	76	61	72	52	57	62	65	98	45	63	42	40	89	72	69	105	67	95	41	57	97	53	101	82	57	35	87	78	78	30	74	61	68	81	76	73	65	113	55	93	99	59	75	105	106	81	52	24	88	81	136	62	35	91	48	54	86	61	50	51	78	68	58	66	86	90	91	79	77	69	125	56	57	90	76	66	46	57	31	72	51	56	48	49	59	83	80	79	87	23	60	66	29	63	38	52	33	52	128	40	82	38	42	96	51	46	67	75	37	36	56	65	122	50	61	60	75	37	105	80	55	45	82	78	52
cell97	86	181	84	148	85	82	66	54	127	96	65	129	100	115	96	94	64	117	84	102	138	94	89	66	70	153	130	103	95	82	100	86	98	131	44	104	140	126	92	77	72	108	71	61	59	94	103	96	81	81	104	125	89	155	67	94	67	118	63	98	107	105	52	118	121	49	48	74	61	78	109	71	96	43	173	64	195	80	89	26	81	103	88	229	117	73	128	112	101	74	92	147	105	83	53	85	116	126	60	78	96	104	93	108	75	94	95	83	131	119	90	73	115	117	116	122	62	76	90	54	73	109	142	78	161	114	40	40	99	103	149	86	69	73	106	121	90	137	77	61	100	118	108	123	107	90	135	150	86	143	111	107	177	127	122	101	138	100	75	79	79	43	143	98	55	132	157	99	139	144	109	155	123	126	72	82	89	47	50	40	79	130	70	111	87	115	59	88	130	86	71	82	83	82	121	156	111	73	53	82	121	82	105	115	87	189	91	60	77	94	135	78	87	115	101	106	92	93	45	90	141	75	118	198	117	132	121	110	123	91	118	136	105	144	89	110	98	120	100	104	145	146	90	54	68	57	46	67	106	50	100	40	28	58	93	62	80	65	52	58	83	77	53	77	33	31	43	31	56	31	100	84	26	53	53	49	77	70	59	62	96	106	112	73	61	87	97	60	52	56	66	67	63	70	51	39	63	54	97	84	47	63	49	53	68	94	52	40	73	24	124	48	56	112	91	58	114	109	62	72	82	49	46	91	100	88	39	107	58	46	51	48	76	86	68	66	80	65	60	108	54	62	84	42	63	70	76	61	74	68	65	60	102	74	86	23	64	60	59	71	31	52	108	84	66	130	61	46	54	72	100	70	42	51	31	93	91	41	76	30	67	75	70	35	91	54	93	57	86	54	42	124	85	62	104	91	59	42	87	52	69	107	100	125	81	53	79	57	46	76	64	49	57	113	87	30	70	46	52	44	60	53	59	48	63	62	83	73	81	51	101	88	46	39	41	27	39	58	90	77	65	70	65	78	83	97	86	41	84	68	94	70	77	80	94	73	38	37	89	73	80	57	116	99	42	59	65	48	51	62	39	112	53	70	107	44	36	76	70	56	134	68	92	106	123	85	61	58	69	43	77	63	77	55	31	41	93	96
cell98	71	168	96	103	102	63	127	102	103	50	77	69	122	21	78	98	36	85	82	41	104	92	89	100	128	54	77	106	106	119	54	88	89	208	112	101	108	112	91	79	60	70	143	134	91	129	71	106	171	85	238	151	108	108	154	147	82	109	122	161	133	145	143	114	132	161	130	91	77	190	131	129	137	168	130	72	84	164	88	75	78	62	59	59	0	0	0	74	34	66	84	101	102	80	105	49	96	184	136	89	95	110	49	104	109	186	53	80	70	67	186	52	92	95	86	103	81	82	111	131	96	82	114	194	136	129	92	121	75	132	92	127	47	181	45	198	79	67	138	89	114	97	74	104	111	46	122	109	119	105	52	72	76	116	42	104	62	119	78	99	123	102	131	75	75	93	75	110	102	138	61	107	103	144	79	93	137	109	98	106	110	94	139	85	94	109	35	71	77	176	56	140	123	58	141	116	79	61	56	163	138	124	102	152	108	107	75	112	94	119	66	123	130	83	85	64	140	84	69	77	91	81	136	112	92	94	82	158	125	81	43	200	121	101	124	53	124	108	119	97	99	85	85	171	94	58	130	71	183	47	166	74	91	83	113	74	83	74	83	92	56	137	161	212	70	58	94	98	78	54	68	69	68	128	62	130	97	111	55	56	58	98	120	94	81	98	39	67	112	54	128	192	88	82	140	73	103	66	71	86	204	95	52	131	99	55	85	103	112	63	91	114	101	90	47	67	65	92	105	80	49	93	72	105	128	112	106	161	80	85	74	64	98	95	85	121	125	100	94	171	103	90	106	71	76	108	78	82	127	132	89	86	101	125	85	92	44	117	57	140	125	132	113	94	109	108	62	147	87	103	74	94	137	75	89	95	86	101	103	144	155	78	90	112	112	107	61	179	67	125	116	81	181	106	89	75	67	51	55	81	95	103	42	119	103	143	39	106	125	43	119	101	85	87	53	88	105	78	101	103	80	146	135	58	78	78	95	115	114	169	108	72	134	126	78	83	131	64	124	105	92	52	67	107	105	85	67	97	103	55	70	117	94	60	152	97	150	125	101	57	112	88	134	35	114	101	152	149	67	67	122	101	121	89	64	73	93	109	158	83	122	51	56	136	148	102	117	71	80	119	129	90	136	80	83	63	151	113
cell99	210	294	140	242	173	167	354	263	206	212	182	324	330	258	299	129	151	177	199	176	187	300	226	222	206	140	387	273	237	300	173	223	306	227	224	258	230	275	241	256	325	330	165	359	194	245	296	198	162	127	250	466	374	157	250	306	400	278	195	320	285	215	219	140	394	193	343	277	255	226	235	220	129	202	271	200	109	341	154	158	200	227	146	265	148	239	295	190	359	122	363	167	260	204	239	98	339	313	311	150	191	253	259	305	268	323	353	360	93	293	192	268	246	350	145	157	251	186	199	331	327	151	336	77	113	284	191	122	182	368	168	315	218	268	144	403	188	114	238	205	169	163	204	344	158	447	188	183	214	214	406	281	281	151	147	162	95	233	407	176	233	176	243	345	305	342	402	218	217	169	249	233	290	209	288	307	150	321	126	224	231	283	142	176	269	346	232	326	207	281	146	249	232	213	141	264	257	218	139	302	153	214	132	262	457	114	249	172	181	241	167	351	359	304	304	244	263	430	97	224	318	177	93	232	322	254	222	224	180	218	198	193	213	142	169	102	247	140	209	229	388	247	171	198	185	170	161	88	144	153	146	101	144	150	210	139	165	188	186	148	82	118	102	149	162	68	125	159	191	149	84	181	155	214	120	67	201	148	164	106	126	111	158	160	195	285	106	172	191	156	141	88	145	47	135	123	156	84	140	289	116	147	205	173	128	111	146	152	130	131	200	132	203	120	149	178	173	288	159	180	91	79	176	150	182	200	156	231	175	58	156	336	99	168	155	200	134	76	178	117	80	141	155	109	192	128	147	193	178	73	106	102	129	95	162	116	158	145	96	155	134	83	165	199	106	116	172	124	82	162	157	243	108	128	146	120	159	90	87	143	154	128	163	191	209	85	159	197	210	128	151	161	120	132	205	202	147	125	125	210	236	171	143	166	114	187	289	92	172	207	158	118	177	143	170	142	192	94	139	250	150	190	195	150	130	163	128	92	158	163	118	126	88	157	179	71	104	139	184	190	199	92	130	94	206	120	210	130	262	93	231	100	130	168	204	244	145	137	143	78	97	118	122	142	109	122	304	312	189	146	241	135	100	176	184	285	184	222	97	193	226	133	176	106	105	76	235	157	205	222	166	101	127	156	198	107	114	117
