	0	1	2	3	4	5	6	7	8	9	10	11	12	13	14	15	16	17	18	19	20	21	22	23	24	25	26	27	28	29	30	31	32	33	34	35	36	37	38	39	40	41	42	43	44	45	46	47	48	49	50	51	52	53	54	55	56	57	58	59	60	61	62	63	64	65	66	67	68	69	70	71	72	73	74	75	76	77	78	79	80	81	82	83	84	85	86	87	88	89	90	91	92	93	94	95	96	97	98	99	100	101	102	103	104	105	106	107	108	109	110	111	112	113	114	115	116	117	118	119	120	121	122	123	124	125	126	127	128	129	130	131	132	133	134	135	136	137	138	139	140	141	142	143	144	145	146	147	148	149	150	151	152	153	154	155	156	157	158	159	160	161	162	163	164	165	166	167	168	169	170	171	172	173	174	175	176	177	178	179	180	181	182	183	184	185	186	187	188	189	190	191	192	193	194	195	196	197	198	199	200	201	202	203	204	205	206	207	208	209	210	211	212	213	214	215	216	217	218	219	220	221	222	223	224	225	226	227	228	229	230	231	232	233	234	235	236	237	238	239	240	241	242	243	244	245	246	247	248	249	250	251	252	253	254	255	256	257	258	259	260	261	262	263	264	265	266	267	268	269	270	271	272	273	274	275	276	277	278	279	280	281	282	283	284	285	286	287	288	289	290	291	292	293	294	295	296	297	298	299	300	301	302	303	304	305	306	307	308	309	310	311	312	313	314	315	316	317	318	319	320	321	322	323	324	325	326	327	328	329	330	331	332	333	334	335	336	337	338	339	340	341	342	343	344	345	346	347	348	349	350	351	352	353	354	355	356	357	358	359	360	361	362	363	364	365	366	367	368	369	370	371	372	373	374	375	376	377	378	379	380	381	382	383	384	385	386	387	388	389	390	391	392	393	394	395	396	397	398	399	400	401	402	403	404	405	406	407	408	409	410	411	412	413	414	415	416	417	418	419	420	421	422	423	424	425	426	427	428	429	430	431	432	433	434	435	436	437	438	439	440	441	442	443	444	445	446	447	448	449	450	451	452	453	454	455	456	457	458	459	460	461	462	463	464	465	466	467	468	469	470	471	472	473	474	475	476	477	478	479	480	481	482	483	484	485	486	487	488	489	490	491	492	493	494	495	496	497
cell0	1.04403	0.9075	1.19661	1.14843	1.20464	0.89947	1.90334	0.98781	1.51785	1.48573	0.63445	1.00387	0.93962	1.30905	1.46967	1.56604	1.62225	1.20464	0.86734	1.25283	0.96372	0.55414	1.85515	1.26086	0.43367	1.33314	1.65438	1.10827	1.10024	0.92356	1.03599	0.92356	1.22874	1.30905	0.75491	1.10827	1.50179	0.72279	0.88341	0.74688	1.18858	0.79507	0.58626	1.6865	1.05206	0.79507	1.22874	1.23677	0.81113	1.38133	0.69066	1.22874	1.04403	1.22071	1.30102	1.63029	1.36526	1.19661	1.59013	1.18055	1.0119	1.64635	0.81113	1.44557	0.32124	0.88341	1.08418	0.87537	1.26086	1.07615	1.34117	2.48157	1.27692	1.18055	1.33314	0.96372	1.48573	1.15646	1.79894	1.32511	1.80697	1.07615	0.79507	1.67847	2.0238	0.54611	1.0119	1.32511	2.52172	0.85931	1.18858	1.83909	1.43754	0.65854	0.36942	1.22071	1.26889	1.05206	1.06009	1.25283	0.89947	1.17252	0.55414	0.4658	0.62642	1.4777	0.88341	1.10827	0.8031	0.77097	0.85931	1.44557	1.20464	0.56217	0.49792	1.62225	1.40542	0.79507	1.31708	0.79507	0.89144	0.85128	0.99584	0.73082	0.73082	1.07615	1.30102	0.95568	0.58626	1.1163	0.89144	1.33314	1.53391	1.87121	1.05206	0.42564	1.30102	2.03183	0.77097	1.60619	1.18858	0.93159	1.09221	1.05206	1.1404	2.36913	1.64635	1.2448	1.30102	1.70256	0.70672	1.05206	1.04403	0.98781	2.39323	0.48989	1.41345	0.47383	0.62642	1.88728	1.0119	1.22071	1.42148	1.13237	0.83522	1.19661	0.97175	1.4536	1.2448	0.79507	1.59816	1.13237	2.16033	1.32511	1.37329	1.67044	1.6865	0.94765	1.31708	0.58626	1.46967	1.20464	1.49376	1.60619	1.20464	1.17252	0.75491	0.62642	0.75491	1.06009	1.02796	0.70672	1.77484	1.30905	0.77097	1.87925	1.83909	1.30905	0.82719	0.93962	0.99584	1.23677	0.39352	1.67847	1.59013	0.82719	1.4536	1.87121	0.81113	1.04403	0.85128	1.38133	1.0119	0.95568	0.86734	1.10827	1.08418	1.46967	0.97978	1.01993	0.88341	1.49376	1.1163	1.25283	1.27692	1.87121	1.39739	1.34117	1.35723	1.66241	1.26086	0.79507	1.99168	1.59816	1.33314	1.50982	0.85931	1.08418	1.10827	0.50595	1.1404	1.50982	1.07615	1.39739	1.15646	1.07615	1.07615	0.49792	0.85128	0.65854	0.98781	0.69869	0.73082	1.38936	1.03599	0.71476	0.69066	0.85128	0.47383	0.57823	0.93159	1.30905	0.62642	0.4658	0.95568	1.01993	0.73885	0.74688	0.70672	0.74688	0.73885	0.87537	0.9075	0.78703	0.48186	0.53004	0.76294	1.32511	0.75491	0.81113	1.18055	0.29715	0.69869	0.68263	0.85931	0.42564	0.19274	0.36139	0.89947	1.29299	1.04403	1.1404	0.79507	0.74688	0.69066	0.96372	0.85128	0.6746	0.69066	1.26889	0.3373	0.65051	1.06812	0.76294	1.01993	0.56217	1.22071	0.9075	1.31708	0.6746	0.94765	0.66657	0.6746	0.87537	0.75491	1.13237	0.8031	0.73082	1.31708	1.12433	0.32927	0.60232	0.58626	1.03599	0.54611	0.75491	0.97978	0.74688	0.82719	0.779	0.44973	0.45776	1.19661	0.78703	0.81916	0.73082	0.77097	0.93962	0.69066	0.60232	0.37746	0.88341	0.84325	1.30905	1.22874	1.50179	0.35336	0.60232	1.05206	0.92356	0.92356	0.72279	1.4536	0.74688	0.61838	1.23677	0.84325	1.07615	0.86734	1.23677	0.81113	1.23677	1.56604	0.5702	1.17252	0.82719	0.74688	0.97978	0.61838	1.36526	0.779	1.13237	0.64248	1.09221	0.61838	0.65854	0.60232	1.14843	0.48186	0.65051	0.78703	0.59429	1.08418	1.09221	0.4658	1.25283	0.86734	0.94765	0.99584	0.78703	0.82719	0.68263	1.10827	0.44973	0.65051	0.59429	0.81113	1.3492	0.55414	1.12433	0.63445	0.47383	1.0119	0.55414	1.03599	0.70672	0.65854	0.56217	0.77097	0.70672	0.96372	0.53004	0.54611	0.4417	0.5702	1.00387	0.73885	0.779	1.62225	0.72279	1.25283	0.55414	0.97978	0.74688	0.61035	1.85515	1.27692	0.56217	0.39352	0.83522	0.98781	0.81916	0.76294	0.75491	0.47383	0.78703	0.97978	0.26502	1.12433	0.91553	1.04403	0.78703	0.28911	1.08418	0.779	1.06009	0.69066	0.85931	0.56217	0.81113	1.03599	0.8031	0.73885	0.75491	1.10024	1.10024	1.51785	1.63029	0.42564	0.99584	0.75491	0.65854	0.36139	0.55414	1.0119	0.47383	0.57823	0.53004	0.86734	1.06812	0.65854	0.66657	1.67044	0.93159	0.52201	0.73885	0.53004	0.57823	0.97978	1.38936	1.16449	0.36942	1.13237	0.63445	0.87537	0.97978	0.83522	1.22874	0.69869	0.78703	0.65051	0.60232	0.60232	0.779	1.09221	0.53004	1.08418	0.37746
cell1	1.17092	1.22702	0.87644	1.06575	1.66173	1.01667	1.68978	1.19897	1.00265	1.37426	1.66874	0.73621	1.20598	0.72219	1.54253	1.54253	0.92552	0.71517	1.3392	1.26908	0.99564	1.75288	1.24104	0.79931	0.7923	1.07276	1.75989	1.68276	1.41633	1.42334	1.21299	1.75989	1.47242	1.30414	1.3392	0.89747	1.40931	1.07276	1.03069	1.39529	1.60564	0.98161	0.99564	0.75023	0.77127	1.49345	1.24104	0.83437	1.24104	1.21299	0.66609	1.41633	0.72219	1.00966	1.50748	1.38828	0.44173	0.77828	1.28311	2.65035	2.22966	0.75724	0.93954	1.05874	0.82736	0.71517	1.67575	1.20598	0.63805	1.73886	1.63368	0.57494	1.0938	1.54955	0.7292	1.8861	1.05874	1.39529	1.19196	1.50046	1.24805	1.35322	0.9746	1.35322	1.81598	1.38828	1.57759	1.14989	1.91414	0.99564	1.48644	1.36023	1.7038	1.31115	1.44437	0.68713	0.66609	1.10782	1.33219	1.67575	2.35587	1.72483	1.62667	1.10081	1.12184	1.31817	1.05874	1.73886	1.61966	1.22702	2.04035	2.13851	0.64506	1.18495	1.14989	1.12184	1.2761	0.75023	1.22	1.41633	1.44437	1.39529	0.98862	0.90449	0.73621	0.9115	1.04472	1.14989	1.39529	1.47242	1.75288	1.31817	1.04472	1.77391	0.90449	0.98161	1.83001	1.5215	1.17092	0.95357	1.06575	1.37426	1.29012	0.79931	1.22702	1.24805	1.13587	0.64506	0.91851	0.42069	1.42334	1.12184	1.24104	1.53552	1.05874	1.38127	1.12184	1.56357	0.67311	0.99564	1.43736	1.05874	1.07977	0.77828	1.17092	0.86242	0.91851	1.67575	1.23403	0.84839	0.79931	1.42334	0.78529	2.20863	1.10782	1.3392	1.60564	1.03069	1.68276	1.31115	1.03069	1.81598	1.31115	1.07977	0.59598	0.98161	1.05874	0.89046	1.81598	0.98161	1.0938	0.89747	0.99564	0.84138	0.98862	1.57759	1.10081	1.50046	1.9492	1.57058	1.43035	0.82035	1.00265	1.26908	1.21299	1.12184	1.12184	0.96058	1.02368	0.96759	0.89747	1.07276	1.10081	0.83437	1.11483	1.1569	1.34621	0.82736	1.50748	1.0938	1.5215	1.00265	1.34621	1.46541	1.5215	1.03069	0.75724	1.22	1.40931	1.38127	1.13587	1.10782	0.93954	1.59863	1.5215	0.7923	1.61265	0.62403	0.58196	0.62403	1.35322	1.42334	1.30414	0.85541	0.75023	0.86242	0.89046	1.39529	1.80897	0.73621	1.13587	0.79931	0.5469	0.66609	1.0938	0.37862	0.9115	0.91851	0.86943	0.58196	0.69414	0.52586	1.19196	0.85541	1.04472	0.61701	0.7292	1.50748	0.79931	0.7292	0.58196	0.41368	1.17092	1.44437	0.7292	0.68012	0.77127	0.60299	0.64506	0.53288	0.59598	0.79931	0.74322	0.51885	0.75724	0.85541	0.65908	0.61701	0.82035	0.75023	0.77828	0.65908	1.05173	1.20598	1.16391	0.61	0.73621	0.82035	0.9746	0.38563	0.49081	0.67311	0.89747	0.59598	0.78529	0.60299	0.95357	0.79931	0.67311	0.68713	0.58196	0.38563	1.19897	0.51885	0.7292	1.07977	0.48379	0.80632	0.5469	1.10081	0.45575	0.98862	0.93954	0.76426	0.82736	0.61	0.95357	0.98862	0.32253	0.70816	1.06575	0.64506	0.82035	0.87644	0.61701	0.77127	1.0377	1.36023	0.86943	1.24104	1.3392	1.42334	0.83437	1.08679	0.98161	0.39264	0.62403	0.63805	0.57494	0.65908	0.65908	0.81334	0.95357	0.75023	0.80632	0.63805	0.47678	0.48379	1.0938	0.73621	1.0938	0.43471	0.80632	0.9115	0.61	0.75023	0.71517	0.61	0.67311	0.57494	1.00265	0.77127	0.53288	0.96058	0.75724	0.73621	1.23403	0.41368	1.00265	0.58196	1.0377	0.52586	0.82035	0.71517	0.98862	0.99564	0.66609	0.67311	0.68713	1.25506	0.73621	0.70816	0.44874	0.40667	0.76426	0.7292	0.49081	1.38828	0.56092	0.37862	0.51885	1.57759	0.43471	1.06575	0.57494	0.93253	0.74322	0.49782	0.93253	0.38563	1.38127	0.73621	0.79931	0.46276	0.68012	0.53989	1.19897	1.23403	0.68012	0.87644	1.18495	1.02368	0.84839	0.61	0.63805	0.75023	0.9115	0.96058	0.43471	0.68713	0.77127	0.70115	0.7292	0.77127	0.52586	0.47678	0.75724	1.17793	0.53989	0.61701	1.02368	0.7292	0.63805	1.12885	0.60299	1.0938	0.83437	0.56793	0.38563	0.63104	0.80632	0.67311	0.65908	0.33655	1.0938	0.56793	0.7292	0.69414	0.67311	0.94655	0.85541	0.7292	0.92552	0.76426	0.90449	0.57494	0.4277	0.86943	0.84138	0.60299	1.2761	0.38563	0.9115	1.47242	0.58196	0.77828	0.78529	0.82736	0.61	0.98161	0.47678	0.74322	0.60299	0.61701	1.10081	1.12885	1.01667	0.72219	0.67311	1.08679	1.10081	0.62403	1.26908	0.56092	1.18495	0.74322	0.57494	0.86242
cell2	1.03795	1.38691	1.17216	2.2459	2.2638	1.14532	1.89694	1.28849	1.48534	0.65319	1.8522	1.07374	0.85004	1.44955	0.48318	1.10953	0.8232	1.2527	1.12743	2.20116	1.77167	1.6464	1.10953	0.90373	1.47639	1.02005	0.85899	1.2527	1.13637	1.18111	0.8053	0.99321	1.00216	1.0111	1.06479	0.81425	0.74267	1.2527	1.55692	1.61061	1.93273	0.56371	1.36902	0.83215	1.43165	1.09163	0.78741	1.11848	1.95957	1.10953	0.90373	0.83215	0.93057	1.28849	0.64424	1.19006	1.58376	1.05584	0.96636	1.16322	0.8053	1.06479	1.24375	1.2348	1.4406	1.2348	2.03116	0.73372	1.06479	0.68003	1.35112	1.11848	1.07374	1.10058	1.46744	1.48534	1.34217	1.19901	1.84325	1.17216	2.33538	1.11848	1.50323	0.60845	1.13637	1.28849	1.54797	0.72477	1.50323	0.59056	1.24375	1.56587	1.0111	0.96636	0.70688	0.93057	0.71583	1.27954	0.98426	1.06479	0.93952	0.8232	1.10058	1.41376	1.2348	1.10953	1.26164	1.68219	1.63745	1.29743	1.36007	1.61956	0.78741	1.61956	0.93057	1.97747	1.10058	1.13637	0.96636	1.20796	0.97531	1.05584	0.8232	2.06695	1.029	0.76951	0.90373	1.34217	1.2527	1.00216	1.61956	0.75162	1.36902	1.0111	1.2348	1.2348	1.36902	0.86794	1.75377	0.81425	0.96636	1.39586	1.05584	0.8411	1.30638	1.44955	1.07374	1.26164	1.88799	1.31533	1.37796	1.12743	1.17216	0.55476	1.34217	0.74267	1.0469	1.30638	1.30638	0.62635	0.93057	0.95742	0.8411	1.19006	1.0469	0.81425	1.34217	0.92163	1.38691	0.55476	0.76951	1.47639	0.67109	1.47639	0.77846	0.58161	0.68898	1.54797	1.87009	0.92163	0.8053	1.20796	0.88583	1.24375	1.02005	1.86115	0.75162	1.44955	2.0401	0.95742	0.76951	1.98642	0.91268	1.57482	1.00216	1.29743	1.8522	1.17216	0.50108	2.06695	0.94847	1.58376	1.51218	0.91268	1.98642	1.2169	0.76951	1.98642	0.69793	1.22585	1.36007	1.56587	1.78062	0.86794	1.10058	1.72693	1.93273	0.76056	0.95742	0.87689	1.05584	1.61061	0.97531	1.58376	1.6464	1.27954	1.029	1.0111	0.96636	0.71583	0.87689	2.0401	1.40481	0.8053	1.02005	1.11848	1.09163	1.30638	1.44955	1.46744	1.2348	1.09163	1.2527	0.78741	1.12743	1.14532	1.12743	0.70688	0.85004	0.42055	0.76056	1.14532	0.67109	0.86794	0.85899	0.60845	0.81425	1.27954	0.74267	0.85004	0.72477	1.08269	0.91268	0.86794	0.60845	1.51218	0.96636	0.74267	0.47423	0.57266	1.02005	0.5995	0.60845	1.12743	0.85004	0.72477	0.93952	0.65319	1.11848	0.97531	0.74267	1.06479	0.78741	1.17216	0.85004	1.69114	0.71583	0.5995	0.74267	0.76056	0.98426	0.72477	0.78741	1.66429	0.6174	0.64424	0.32212	0.87689	1.19006	0.95742	0.62635	0.44739	0.72477	0.88583	0.8053	0.73372	0.59056	0.70688	0.98426	1.17216	0.97531	0.93952	0.36686	0.59056	1.10953	0.78741	0.94847	0.94847	0.87689	0.76951	0.76056	0.68898	0.88583	0.70688	0.67109	0.71583	0.8411	0.52792	0.77846	1.18111	1.48534	1.03795	0.54582	0.95742	0.62635	1.09163	0.50108	0.72477	0.56371	0.57266	1.05584	0.52792	0.40265	0.53687	1.09163	1.05584	0.97531	0.68003	0.6353	0.83215	0.73372	0.52792	0.59056	1.029	0.52792	1.28849	0.8232	0.5995	1.13637	0.6353	0.46529	0.85899	1.4227	1.20796	0.99321	0.53687	0.67109	0.65319	0.67109	1.10953	0.89478	0.73372	0.87689	1.35112	0.68003	0.74267	0.81425	1.02005	0.98426	0.6174	0.68003	0.62635	1.2348	0.92163	0.66214	0.5995	0.59056	0.87689	0.47423	0.6353	0.64424	0.48318	0.8053	0.69793	0.5995	0.89478	1.13637	1.05584	0.71583	0.25054	1.0111	1.60166	0.51897	1.60166	0.64424	0.50108	0.64424	0.64424	0.55476	0.6353	0.60845	1.4227	0.83215	0.4295	0.92163	0.68003	0.6174	0.97531	0.66214	0.93952	0.44739	0.85899	0.77846	0.28633	1.02005	0.2058	0.93057	0.56371	0.70688	0.57266	0.78741	0.36686	0.85899	0.8053	0.69793	0.53687	0.8411	0.64424	0.73372	1.48534	1.17216	0.88583	1.03795	1.12743	0.59056	0.65319	0.78741	0.75162	0.62635	0.93057	1.10953	0.6174	0.90373	0.92163	0.64424	0.69793	0.71583	0.73372	0.74267	0.8053	1.07374	0.68898	0.6353	0.54582	0.77846	0.67109	0.71583	0.71583	0.96636	0.83215	0.86794	0.93952	0.65319	0.96636	1.29743	0.57266	0.95742	0.72477	0.6353	0.92163	1.27954	0.67109	0.71583	0.93952	1.19901	1.11848	0.46529	0.89478	0.36686	0.92163	0.94847	0.68003	0.55476	0.72477	0.86794	0.68003	0.34897	0.44739
cell3	1.2841	1.25441	1.42513	1.2841	2.73891	0.37855	1.00946	1.15049	1.48451	1.34348	0.97977	0.72741	0.92039	1.12823	0.51215	1.00946	0.78679	1.73687	1.26183	1.37317	0.99462	1.32863	1.30637	1.56615	1.26183	0.51215	0.57154	1.46224	1.55873	1.31379	1.32863	1.02431	0.97235	1.46966	0.77194	0.9872	1.36575	1.29152	1.581	0.95008	1.02431	0.83132	0.41566	1.20987	1.5142	1.71461	0.71256	1.22472	1.22472	1.34348	1.01689	1.98182	1.64038	1.85563	1.3509	0.90555	1.15049	1.67749	0.90555	0.48246	0.43793	1.2841	1.10596	0.97977	1.03915	1.29152	1.26183	1.12823	1.00946	0.95008	1.20987	0.63834	1.01689	0.86844	1.23956	0.94266	2.108	1.75172	0.72741	1.18761	1.48451	0.94266	1.56615	0.58638	1.43997	0.97977	0.68287	1.43255	1.33606	1.63296	1.32863	1.09111	2.48655	1.36575	0.92039	1.12823	1.73687	1.26925	1.27668	0.74225	1.30637	0.93524	1.49935	1.26183	0.74225	1.581	1.31379	1.26183	1.44739	0.83132	2.19707	1.39544	0.8239	0.80163	1.75914	1.15049	0.8239	0.63092	1.03173	0.61607	0.83875	0.84617	1.14307	1.1208	1.19503	1.01689	0.71999	1.58842	1.06884	1.15792	1.06142	1.054	1.26925	1.14307	2.0412	1.03173	1.1208	1.99666	0.84617	1.24699	1.1208	2.62758	2.36037	1.2173	1.03915	0.61607	0.79421	0.92782	1.07627	1.42513	1.34348	0.68287	1.92244	0.527	1.40286	1.27668	1.61811	0.71999	0.86844	1.53646	1.73687	0.77937	1.59584	3.42179	0.95008	1.11338	0.67545	0.84617	0.89813	0.78679	1.46966	1.7443	1.1208	1.29152	1.87048	1.59584	1.20987	1.75172	0.55669	0.94266	2.31583	0.74225	1.07627	0.92039	1.2173	1.15049	1.42513	1.4177	1.32863	1.43255	0.84617	1.1208	0.84617	1.6478	0.88328	1.43997	1.40286	1.01689	0.76452	1.29152	0.72741	1.06142	1.45482	0.68287	1.15049	0.97977	1.77399	1.48451	0.86844	0.9872	1.11338	1.5142	1.581	0.81648	1.2173	1.44739	1.32863	1.581	0.91297	1.45482	2.53851	1.15049	1.00946	1.3509	1.1208	0.56411	1.35832	1.02431	1.18761	1.03915	1.57358	1.91501	0.91297	1.67007	0.89813	1.08369	1.59584	1.29152	1.62553	1.06884	1.52162	1.26925	1.02431	1.2173	0.69772	1.10596	1.16534	1.15049	1.10596	0.58638	0.67545	0.86844	0.96493	0.90555	0.55669	0.83875	0.8239	0.76452	0.61607	1.09853	0.65318	0.64576	0.77937	0.38597	0.56411	1.20987	0.74225	0.77194	1.18761	0.77194	0.57896	0.81648	1.11338	0.76452	0.54927	0.55669	0.40082	0.45277	0.38597	0.71999	0.97235	0.71999	0.86101	1.02431	1.14307	0.79421	0.63834	0.85359	0.90555	0.62349	0.74968	0.54927	0.92782	0.62349	0.76452	0.70514	0.5938	0.8239	0.84617	0.86844	0.95751	0.64576	0.527	1.36575	0.61607	0.71256	1.20987	0.48246	0.5938	0.72741	1.08369	0.83132	0.42308	1.27668	1.02431	1.12823	0.63092	0.93524	0.47504	0.91297	0.79421	0.63092	0.60123	0.50473	0.84617	1.15049	0.63092	0.74225	0.3637	1.33606	0.93524	1.20245	0.74225	0.78679	0.79421	1.35832	0.7571	0.56411	0.71256	0.77194	0.77937	0.42308	0.60865	1.24699	0.68287	1.00946	0.95008	0.8239	0.63092	0.80163	0.47504	0.69772	1.3509	0.64576	0.89813	1.15792	0.83875	0.45277	0.86101	0.80163	0.95008	0.65318	0.43051	1.13565	0.7571	1.23214	1.16534	1.054	0.56411	0.73483	0.6903	0.92782	0.79421	0.90555	0.83132	0.54927	0.70514	0.56411	0.88328	0.28206	0.7571	0.65318	1.4177	0.87586	0.81648	1.09111	0.61607	0.62349	0.89813	0.54184	1.01689	0.77937	0.70514	0.94266	0.92782	0.62349	0.5938	0.57896	0.43793	1.25441	0.73483	1.16534	0.86844	0.93524	1.06884	0.92039	0.39339	0.81648	0.66803	0.74225	0.43051	0.93524	0.79421	0.7571	1.054	0.8907	1.04658	0.74968	1.11338	1.29894	0.63092	0.31175	0.68287	0.5938	1.23956	0.66803	1.04658	1.17276	0.69772	0.56411	0.6903	0.31175	0.87586	0.88328	0.5938	0.40082	0.66803	0.50473	0.77937	0.92039	0.67545	0.74968	0.70514	0.43051	1.04658	0.79421	0.76452	0.54927	0.83132	0.28206	0.83132	0.8239	0.51958	0.31175	0.89813	0.54184	0.80163	0.92782	0.72741	0.70514	0.49731	1.2841	0.64576	0.92039	0.90555	0.86101	0.62349	1.90759	0.64576	0.83132	1.02431	0.43051	1.14307	0.62349	0.80906	0.9872	0.77194	0.60123	0.54184	0.92782	0.58638	0.60123	1.49935	0.63834	0.91297	0.66061	0.93524	0.56411	0.62349	0.70514	0.95751	0.31917	0.69772	0.46762	0.63834	1.17276	0.92782	0.71256
cell4	1.24541	1.24541	1.00868	1.35863	0.99839	1.688	0.86458	1.11161	1.02927	1.07044	0.93663	1.1219	0.9778	1.95561	0.61756	1.17336	1.2557	1.31746	0.99839	1.44097	1.1219	1.57478	1.74975	1.28658	0.94692	1.42039	2.07912	1.17336	0.96751	1.23512	1.28658	0.86458	1.70858	1.63653	1.18366	1.32775	1.08073	1.32775	1.24541	1.49244	1.02927	0.88517	1.08073	1.43068	0.89546	1.30717	0.844	0.6999	1.35863	0.85429	0.75136	0.80283	0.844	0.64844	0.54551	1.11161	0.86458	2.04824	1.09102	1.06014	1.30717	1.03956	0.96751	1.34834	1.3998	1.21453	1.5439	0.93663	1.47185	1.04985	0.85429	0.73078	1.23512	0.86458	1.30717	0.54551	1.63653	1.43068	1.36892	0.94692	1.55419	0.64844	1.3998	0.9881	0.96751	0.88517	1.11161	1.37922	2.01736	1.69829	0.80283	1.266	1.41009	1.22483	2.23351	1.51302	1.09102	1.37922	0.96751	1.17336	0.844	1.43068	0.76166	1.76004	1.08073	1.51302	0.88517	0.844	1.24541	1.36892	0.46317	2.01736	1.02927	1.51302	1.15278	1.45126	1.41009	1.07044	1.266	0.64844	1.31746	0.62785	1.20424	2.35702	0.72049	1.2557	0.81312	1.41009	1.49244	2.11	0.73078	1.20424	1.2557	1.03956	1.2557	1.42039	1.03956	0.82341	0.75136	0.81312	0.9778	1.42039	1.10131	0.72049	1.6777	1.2557	1.30717	0.95722	2.31585	1.63653	1.57478	1.3998	0.5558	0.78224	1.06014	0.74107	0.90575	1.13219	1.02927	1.17336	1.55419	0.9778	0.31907	2.03795	0.66902	0.92634	1.14249	0.83371	1.20424	1.22483	1.38951	1.07044	1.63653	1.66741	1.94531	1.43068	1.09102	1.63653	1.69829	1.06014	0.82341	1.66741	1.47185	1.45126	0.82341	0.75136	1.17336	1.08073	0.79253	1.49244	1.45126	1.70858	1.62624	1.32775	1.1219	1.70858	0.87488	0.82341	1.01897	1.56448	0.79253	1.22483	1.32775	1.28658	0.78224	1.04985	1.57478	1.44097	0.61756	1.13219	1.688	1.31746	0.5661	1.28658	0.74107	1.42039	1.60565	0.95722	1.58507	0.9881	1.63653	1.14249	1.61595	1.61595	1.46156	1.16307	1.08073	1.28658	0.77195	1.87326	0.86458	2.14087	1.00868	1.37922	0.87488	0.71019	0.87488	1.29688	1.1219	1.63653	1.30717	1.23512	1.00868	1.42039	0.50434	0.67932	0.52493	0.28819	0.44258	0.74107	1.24541	0.88517	1.01897	0.63814	1.22483	0.85429	1.2557	0.80283	0.83371	0.85429	0.50434	0.57639	1.20424	0.6999	0.65873	0.79253	0.75136	0.73078	0.75136	0.89546	0.64844	1.27629	0.60727	0.87488	0.77195	0.82341	0.46317	0.74107	1.21453	0.48375	0.36024	0.85429	1.10131	0.5661	0.844	0.89546	0.77195	0.64844	0.52493	1.03956	0.91605	0.54551	1.10131	0.79253	0.59697	0.87488	0.78224	1.18366	0.31907	0.77195	0.91605	0.50434	0.62785	0.44258	0.80283	1.62624	0.422	1.46156	0.6999	0.5558	0.62785	1.27629	0.53522	1.03956	0.53522	0.83371	0.86458	0.50434	0.34995	1.00868	1.31746	0.60727	1.04985	1.36892	0.62785	1.14249	0.86458	0.90575	1.31746	0.88517	1.15278	0.6999	0.49405	0.53522	1.37922	1.11161	0.88517	0.93663	0.87488	0.73078	1.09102	1.51302	1.16307	0.63814	0.73078	1.36892	0.86458	0.88517	0.844	0.73078	0.58668	0.80283	1.09102	1.14249	0.73078	1.15278	1.1219	0.82341	0.63814	0.76166	1.1219	0.74107	0.74107	0.63814	0.77195	0.47346	1.45126	0.81312	0.65873	1.11161	0.66902	0.71019	0.9778	1.03956	0.9778	0.54551	0.57639	0.63814	0.53522	0.422	0.75136	1.48214	0.87488	0.41171	0.58668	0.49405	0.59697	0.37054	1.10131	0.43229	0.64844	0.76166	0.57639	0.51463	0.74107	0.61756	0.36024	0.9778	0.57639	0.57639	0.5558	0.80283	0.5661	0.67932	0.65873	0.2779	0.57639	1.20424	0.88517	0.96751	0.26761	0.80283	1.27629	1.22483	0.45288	0.95722	0.5558	0.65873	1.34834	0.57639	0.99839	0.66902	0.45288	0.90575	0.52493	0.33966	0.86458	0.75136	0.65873	1.14249	0.6999	0.6999	0.60727	0.28819	1.34834	0.91605	0.63814	0.46317	0.85429	0.87488	0.90575	0.57639	0.422	0.61756	0.85429	1.15278	0.58668	0.46317	0.75136	1.04985	0.52493	1.03956	1.45126	0.89546	0.83371	0.93663	0.5558	0.61756	0.80283	0.68961	0.83371	1.06014	0.65873	0.68961	0.844	0.844	0.64844	0.61756	0.92634	1.07044	1.08073	0.95722	0.58668	0.58668	1.24541	0.91605	1.266	0.54551	0.60727	1.15278	1.06014	0.89546	0.64844	0.91605	1.32775	0.67932	1.17336	0.5661	0.74107	0.65873	0.71019	0.58668	0.6999	0.78224	1.00868	1.01897	0.60727	0.54551
cell5	1.06658	0.73399	0.64224	0.86014	1.00923	0.65371	0.63077	1.29595	1.68588	0.87161	0.92895	0.43581	1.58266	0.73399	0.92895	0.59637	0.65371	2.007	0.8028	0.56196	0.84867	0.59637	1.10098	1.55973	0.56196	0.82574	1.27301	0.67665	0.73399	0.6193	0.79133	1.12392	1.54826	1.08951	0.9863	0.82574	1.00923	0.90602	1.07805	1.0207	0.71105	0.84867	0.72252	1.03217	1.11245	0.50462	0.94042	0.9863	2.25931	1.26154	1.65148	1.46798	2.12169	2.52309	0.72252	1.92672	1.37623	1.9726	1.14686	2.05288	1.23861	1.12392	0.56196	1.39917	1.46798	1.29595	1.36476	1.11245	0.82574	1.9726	1.55973	1.29595	1.76616	0.90602	1.66294	0.86014	1.25007	1.12392	0.69958	0.56196	0.73399	0.26378	0.44727	0.71105	0.0	0.0	0.0	0.49315	0.41287	0.71105	0.27525	0.49315	1.06658	1.23861	0.59637	1.25007	0.84867	0.67665	0.69958	1.28448	1.0207	1.19273	0.81427	0.97483	0.8028	0.91749	0.67665	0.77986	0.48168	0.76839	1.00923	0.95189	1.08951	1.81204	0.99777	0.89455	1.19273	0.91749	0.72252	1.05511	1.28448	0.42434	0.72252	1.46798	1.13539	0.81427	0.88308	0.59637	0.55049	0.6193	0.66518	1.2042	0.87161	0.50462	0.63077	0.81427	0.90602	0.81427	0.5849	0.84867	0.74546	1.19273	0.69958	1.4221	1.39917	0.75693	0.96336	0.81427	0.87161	0.63077	1.68588	1.00923	0.97483	1.06658	1.30742	0.51609	1.21567	1.50238	1.16979	0.83721	1.0207	1.53679	0.71105	1.36476	1.15833	0.97483	0.57343	1.36476	0.59637	1.21567	1.05511	1.07805	1.07805	0.75693	1.36476	0.8028	1.2042	0.69958	0.86014	0.87161	1.10098	1.00923	0.96336	0.84867	1.53679	0.96336	0.97483	0.73399	1.59413	0.71105	1.05511	0.90602	0.83721	0.82574	0.87161	1.98406	0.5849	1.19273	0.82574	0.59637	1.14686	0.6193	0.84867	0.87161	0.9863	1.30742	0.69958	1.81204	0.94042	0.86014	0.65371	0.83721	1.18126	0.9863	0.87161	1.21567	0.65371	0.79133	1.3877	0.77986	0.84867	1.03217	0.92895	1.05511	1.18126	1.59413	1.41063	0.53902	1.31889	2.27078	1.3877	0.53902	0.92895	0.76839	0.94042	0.79133	0.73399	1.68588	0.94042	0.66518	0.77986	0.90602	1.05511	0.57343	0.99777	1.15833	1.00923	1.11245	0.8028	0.56196	1.07805	0.91749	0.84867	0.50462	0.91749	1.61707	0.59637	0.90602	1.25007	1.39917	1.14686	0.44727	1.64001	1.29595	0.84867	0.75693	0.65371	0.8028	0.81427	1.04364	0.74546	1.12392	1.86938	1.44504	0.90602	1.06658	0.65371	0.73399	0.64224	0.87161	1.04364	0.82574	1.28448	0.38993	0.8028	0.76839	0.64224	1.25007	1.03217	1.11245	0.67665	0.52755	0.94042	1.50238	0.74546	0.68811	0.9863	1.59413	0.76839	0.90602	1.2042	1.37623	0.68811	1.18126	0.79133	0.72252	0.29818	0.50462	0.65371	1.05511	0.82574	0.53902	0.64224	0.88308	1.21567	1.25007	0.97483	0.71105	1.41063	0.89455	1.21567	1.03217	0.95189	1.16979	0.88308	1.04364	0.96336	0.67665	1.05511	0.53902	1.37623	1.11245	0.95189	0.57343	1.3877	0.82574	1.04364	0.84867	0.63077	0.90602	2.07581	0.94042	1.50238	0.56196	1.21567	0.75693	1.0207	1.13539	0.49315	1.4221	1.29595	0.96336	1.35329	0.65371	0.9863	1.21567	1.61707	0.68811	1.72029	1.35329	1.22714	1.25007	1.15833	1.08951	0.69958	1.13539	0.71105	0.88308	1.21567	1.06658	0.75693	0.6193	1.12392	0.55049	1.00923	0.9863	1.3877	0.71105	0.9863	0.9863	0.6193	0.57343	1.19273	1.44504	0.60783	0.83721	0.72252	1.03217	2.12169	0.1835	0.6193	1.11245	1.29595	1.0207	1.28448	0.66518	1.05511	0.57343	1.08951	0.95189	0.90602	0.81427	1.26154	0.64224	0.75693	0.76839	1.21567	0.75693	1.65148	0.6193	1.33035	1.2042	1.14686	1.11245	1.21567	1.22714	0.76839	0.36699	0.55049	0.84867	1.04364	0.51609	0.72252	0.94042	1.22714	1.54826	1.08951	1.11245	0.91749	1.0207	1.94966	0.6193	1.58266	0.82574	0.96336	1.50238	0.66518	1.49091	1.18126	1.00923	1.27301	1.14686	0.74546	0.99777	0.34406	1.30742	0.36699	0.74546	2.17903	0.63077	1.50238	1.34182	0.76839	1.65148	0.97483	1.00923	0.91749	0.86014	1.12392	0.66518	1.06658	1.35329	1.70882	1.12392	1.33035	0.84867	0.96336	0.92895	0.79133	1.14686	0.79133	0.91749	1.43357	0.9863	0.87161	0.86014	0.42434	0.90602	1.28448	1.62854	0.72252	1.34182	1.14686	0.89455	1.74322	1.03217	1.35329	0.84867	0.76839	1.21567	1.35329	1.51385	1.00923	1.05511	1.34182	0.96336	1.2042	0.89455
cell6	1.29682	1.17168	0.94417	1.13756	1.25131	0.38677	0.86454	1.09206	1.13756	2.3775	1.27406	1.04655	1.10343	0.71666	1.68359	0.28439	0.69391	1.66083	1.4902	1.47882	0.81904	0.85317	0.77354	1.31957	1.18306	0.68253	0.85317	0.86454	1.37644	1.3992	1.09206	1.34232	1.38782	0.70529	1.33094	0.64841	1.60396	0.60291	0.73941	1.00105	1.31957	1.33094	1.0693	0.76216	0.5574	0.75079	0.78491	1.03518	1.87697	1.20581	2.30924	0.68253	1.01243	0.68253	0.96692	2.12723	1.59258	1.47882	1.60396	1.47882	1.64946	1.59258	1.69496	1.27406	0.76216	0.89867	1.67221	1.45607	1.60396	1.67221	1.37644	1.77459	0.59153	1.5357	0.71666	0.81904	1.11481	1.51295	0.9783	1.4447	0.87592	0.21614	0.43227	0.44365	0.0	0.0	0.0	0.4209	0.4209	0.37539	1.01243	0.83042	0.83042	0.83042	0.48915	0.50053	0.94417	1.29682	0.87592	1.29682	0.60291	0.65978	0.71666	0.76216	1.16031	1.05793	0.88729	0.92142	1.0693	0.76216	0.47777	1.41057	1.30819	0.72804	0.68253	0.67116	1.61533	0.92142	1.45607	1.26269	1.16031	0.63703	0.50053	0.62566	1.62671	1.0693	0.91005	0.9328	1.00105	1.4447	0.96692	0.72804	0.84179	1.23994	1.09206	1.38782	0.56878	1.33094	0.79629	1.20581	1.14893	0.95555	1.37644	0.94417	0.4664	1.33094	1.80872	0.80767	1.37644	1.03518	1.0238	1.69496	0.85317	0.9328	0.92142	0.71666	1.20581	0.70529	0.92142	0.89867	0.60291	1.33094	1.64946	0.92142	1.3992	0.98968	1.12618	1.71771	1.41057	1.42195	1.34232	0.64841	1.01243	1.58121	1.41057	1.76321	0.47777	0.80767	0.73941	1.26269	0.73941	0.79629	1.10343	1.36507	0.94417	1.23994	1.04655	0.96692	1.00105	0.86454	0.72804	0.77354	0.68253	1.19444	1.04655	0.85317	1.16031	0.98968	0.96692	1.37644	0.85317	1.20581	1.12618	0.95555	0.78491	1.03518	1.42195	0.65978	1.10343	1.16031	1.04655	1.0238	1.12618	0.69391	0.94417	0.61428	1.19444	0.77354	0.48915	0.53465	0.92142	0.88729	1.76321	0.96692	1.04655	0.88729	1.23994	0.91005	1.05793	0.88729	1.31957	1.12618	0.75079	0.40952	0.62566	0.64841	0.85317	0.64841	0.78491	1.11481	0.71666	1.0238	0.71666	1.3992	1.43332	0.78491	0.76216	0.52328	1.05793	1.10343	0.75079	0.70529	1.38782	0.9783	0.73941	1.47882	0.76216	1.71771	0.76216	1.18306	1.12618	0.80767	0.83042	0.79629	0.64841	1.27406	1.28544	0.71666	1.78597	0.52328	1.29682	0.77354	0.91005	1.13756	0.64841	0.89867	0.39815	0.71666	0.9328	1.21719	0.72804	0.70529	0.95555	0.85317	1.19444	1.77459	0.58015	0.85317	0.48915	0.87592	1.01243	1.4902	1.41057	0.91005	0.73941	1.13756	1.23994	0.50053	1.52433	1.41057	1.03518	0.78491	0.43227	1.46745	1.42195	0.58015	0.78491	1.01243	1.18306	0.89867	1.27406	0.81904	1.21719	1.16031	0.69391	0.95555	0.71666	0.9328	1.04655	0.59153	1.20581	1.0238	1.01243	1.43332	0.75079	1.27406	0.91005	0.9783	0.9783	1.28544	1.0693	1.26269	0.95555	0.47777	0.64841	0.9328	0.86454	1.27406	1.5357	1.16031	0.70529	1.30819	0.80767	1.18306	0.92142	0.78491	0.95555	1.01243	1.01243	0.73941	0.9783	0.45502	0.73941	1.16031	1.31957	0.65978	0.95555	0.85317	1.4447	0.88729	0.94417	0.58015	0.84179	1.18306	1.27406	1.00105	0.64841	0.72804	1.23994	1.38782	0.53465	0.88729	0.75079	1.03518	0.87592	0.78491	0.89867	1.21719	0.86454	1.10343	1.09206	0.96692	1.4902	1.30819	0.87592	0.65978	0.80767	1.0693	0.92142	0.53465	0.84179	1.61533	0.84179	0.62566	0.80767	0.87592	1.3992	1.28544	1.34232	0.68253	0.50053	1.11481	1.62671	1.21719	0.83042	0.94417	1.52433	1.17168	0.59153	0.47777	0.69391	0.72804	1.36507	1.20581	0.70529	0.83042	0.94417	0.48915	0.86454	1.03518	0.59153	0.71666	1.21719	0.89867	0.48915	0.63703	0.88729	0.71666	0.68253	0.96692	1.04655	1.03518	0.72804	1.84284	1.04655	0.68253	0.85317	1.68359	0.65978	0.83042	1.12618	1.35369	1.00105	1.21719	1.21719	0.95555	0.56878	0.78491	0.5574	0.36402	0.81904	0.89867	0.83042	0.72804	0.9328	1.41057	1.21719	1.31957	1.01243	0.87592	0.73941	1.21719	1.13756	0.81904	0.98968	1.0693	1.09206	0.76216	0.26164	0.23889	1.03518	1.38782	0.98968	0.67116	0.61428	0.47777	1.16031	0.62566	0.75079	1.04655	0.67116	1.03518	1.09206	0.63703	1.75184	1.30819	1.01243	0.79629	1.29682	1.68359	1.62671	1.34232	0.94417	0.86454	0.50053	1.66083	0.68253	0.98968
cell7	1.01122	1.57561	1.15232	1.51682	1.49331	0.9877	0.58792	0.78781	1.34045	1.37572	1.16407	1.56386	0.83484	0.57616	0.99946	1.21111	1.04649	1.70496	1.10528	1.17583	1.51682	0.85836	1.14056	1.02297	0.96418	1.62265	1.59913	1.70496	0.82308	2.19881	1.36396	1.36396	0.87012	0.78781	1.24638	0.61143	1.68144	1.03473	0.83484	1.16407	1.85781	0.99946	0.97594	0.5644	1.51682	0.95242	1.09352	1.28166	1.23462	0.68198	0.55264	1.66968	0.79957	0.85836	1.35221	0.44682	0.9877	1.39924	1.411	1.58737	0.90539	0.64671	1.15232	1.46979	0.91715	1.15232	1.11704	1.11704	1.31693	1.17583	1.44627	1.77551	1.16407	1.38748	1.08177	2.51628	1.43451	1.61089	1.09352	2.10474	1.34045	1.39924	0.79957	1.34045	1.84606	1.34045	1.02297	0.67022	1.50506	1.04649	0.35275	0.96418	0.64671	0.8466	0.9877	1.96364	1.03473	1.30517	0.99946	1.94012	1.36396	1.79902	0.75253	1.1288	1.65792	1.15232	1.16407	0.81132	1.36396	1.03473	1.72847	0.71726	1.19935	1.04649	1.411	0.5644	1.82254	0.92891	1.11704	1.01122	1.31693	1.08177	2.10474	1.58737	0.92891	0.88187	1.45803	1.17583	0.94067	0.89363	0.82308	1.21111	1.37572	1.42276	1.39924	0.90539	0.91715	0.63495	1.34045	1.96364	0.7055	1.02297	1.05825	1.04649	1.91661	1.11704	1.07001	1.411	0.65847	1.5521	1.29341	1.43451	1.2699	1.2699	0.92891	0.82308	0.81132	1.49331	0.88187	1.2699	1.23462	1.77551	0.71726	1.09352	1.2699	0.2822	0.91715	1.84606	0.9877	0.63495	1.11704	0.96418	0.83484	0.7055	0.69374	1.74023	1.34045	1.18759	0.29396	1.32869	1.1288	2.1165	1.71671	2.18705	1.16407	1.75199	1.45803	1.57561	1.24638	0.74077	0.61143	1.04649	1.71671	1.78726	0.9877	1.18759	2.05771	1.85781	0.78781	1.74023	1.1288	0.97594	1.30517	1.05825	1.39924	1.49331	1.07001	1.29341	1.77551	1.01122	1.56386	1.21111	1.61089	1.15232	1.17583	1.15232	0.64671	1.78726	0.65847	1.32869	1.05825	0.89363	1.90485	0.97594	0.58792	1.56386	1.28166	1.8343	1.77551	1.63441	0.95242	1.86957	1.07001	1.10528	0.7055	1.01122	1.16407	0.96418	1.19935	0.87012	0.83484	1.32869	1.56386	0.87012	0.64671	1.08177	0.83484	0.92891	0.64671	0.54088	0.94067	0.96418	0.92891	0.88187	0.64671	0.8466	0.43506	0.68198	0.99946	0.88187	0.54088	0.5644	0.31747	0.59967	0.83484	1.62265	0.2822	1.28166	0.78781	0.82308	0.76429	1.37572	1.11704	0.34099	0.55264	0.83484	1.22286	0.63495	0.92891	0.85836	0.88187	0.62319	0.61143	0.69374	0.76429	0.79957	0.79957	1.04649	1.04649	1.05825	0.71726	1.16407	0.39978	0.78781	0.5644	0.55264	0.57616	1.1288	0.67022	1.04649	0.5644	0.48209	1.04649	0.71726	0.45857	1.08177	0.77605	0.74077	1.15232	0.59967	1.78726	0.89363	0.7055	0.92891	0.74077	1.24638	0.62319	0.54088	1.22286	0.67022	1.36396	1.21111	0.77605	0.7055	0.96418	0.88187	0.88187	1.411	0.5644	0.4233	0.77605	0.59967	0.91715	0.96418	0.35275	0.82308	0.94067	0.79957	0.99946	0.79957	0.48209	0.4233	0.94067	0.72902	0.30572	0.49385	0.77605	1.17583	0.75253	0.29396	0.48209	0.49385	0.97594	0.67022	1.1288	0.67022	0.83484	0.90539	0.8466	0.68198	0.96418	0.85836	0.76429	0.79957	1.46979	0.50561	0.74077	1.16407	0.76429	0.67022	1.25814	0.8466	0.88187	0.55264	1.03473	0.75253	0.95242	0.89363	1.11704	0.74077	1.02297	0.97594	1.02297	0.97594	0.78781	1.28166	0.7055	0.68198	0.52912	0.74077	1.08177	0.79957	0.88187	0.68198	0.88187	0.71726	1.14056	0.7055	1.07001	1.05825	0.89363	0.41154	0.79957	0.72902	0.77605	0.85836	0.82308	1.21111	0.48209	0.48209	0.43506	1.46979	0.75253	0.7055	0.79957	0.36451	1.01122	0.77605	0.5644	1.17583	0.85836	0.76429	0.82308	0.52912	0.76429	0.78781	0.76429	0.47033	0.77605	0.65847	0.90539	0.50561	0.81132	0.74077	0.88187	0.54088	1.36396	0.50561	0.43506	0.55264	0.88187	0.63495	1.07001	0.58792	0.65847	0.54088	0.75253	0.75253	0.76429	0.61143	0.55264	0.49385	0.76429	0.61143	0.36451	0.52912	0.5644	0.71726	0.79957	0.65847	0.94067	0.52912	0.89363	0.9877	0.50561	0.47033	0.62319	1.10528	0.64671	0.68198	0.48209	0.65847	0.79957	1.44627	0.31747	1.31693	1.45803	0.62319	0.79957	0.67022	0.72902	0.82308	0.94067	0.45857	1.01122	0.97594	0.87012	0.57616	1.02297	0.8466	0.58792	0.91715	0.99946	0.65847	0.48209	0.78781	1.43451	1.2699
cell8	0.90788	1.07549	1.55038	1.39674	1.46658	1.25706	0.95677	1.33388	1.41769	2.04622	1.07549	1.25008	1.48054	0.80312	1.85068	1.19421	1.13834	1.36182	1.25008	0.76821	0.74725	0.88693	0.67742	1.49451	1.00565	1.22215	1.01264	1.09644	1.39674	0.92185	0.76122	1.20818	1.34087	1.41769	0.52378	1.41071	1.20119	0.67742	0.9009	1.2431	1.38975	1.76687	1.10342	1.30595	0.81709	0.99168	1.34785	0.54473	1.21516	1.0266	1.95543	1.03359	1.57831	1.97638	1.20818	0.74027	0.9009	1.50848	0.87296	0.81709	0.62853	1.08946	0.78217	1.45261	0.71234	0.82408	1.0685	1.31992	1.66212	1.04057	0.65647	1.22215	1.3688	1.21516	1.30595	0.64948	1.81576	1.61323	1.20119	0.65647	0.83804	0.85201	1.711	0.9847	1.41071	0.63552	1.5434	0.90788	1.34087	0.56568	0.87296	1.05454	0.59361	0.92185	1.3269	1.47356	0.97073	0.76122	1.6272	0.76821	1.13834	1.38975	1.67609	1.08247	1.10342	1.59228	0.75424	1.33388	1.18024	0.73329	1.19421	1.11041	0.67742	0.86598	1.3688	1.11041	0.69837	1.38975	1.0685	1.36182	1.03359	0.95677	1.04057	1.29198	0.70535	0.99867	1.67609	1.48753	1.66212	0.93581	0.78916	0.70535	1.00565	1.59927	1.47356	1.17326	0.9428	1.61323	1.64815	1.23611	1.5434	0.85201	1.21516	0.82408	1.20119	2.05321	0.78217	0.93581	1.25706	0.78916	1.38277	1.04057	1.0266	0.71932	1.66212	0.9847	1.2431	1.57831	1.2431	0.84503	1.11041	1.52943	1.15231	1.36182	1.6691	1.70402	1.3269	0.99867	1.99734	0.88693	1.38975	1.44562	0.9847	1.09644	2.00432	1.18024	0.83106	1.11041	1.13136	1.55038	1.285	0.81709	0.88693	0.99168	0.99168	1.8856	1.82973	1.05454	1.25008	0.88693	1.50149	1.47356	1.33388	0.76122	1.67609	0.9428	1.06152	1.41071	1.08946	1.285	1.52244	2.73062	1.14533	2.59095	1.45959	0.81709	1.25706	1.13834	0.67742	1.48753	1.38277	1.56435	1.20119	1.48054	1.67609	1.04057	1.82973	1.31293	0.22348	1.04755	0.71234	0.93581	0.99168	0.44696	0.47489	1.0685	1.86465	1.81576	1.74592	1.11041	1.22913	0.66345	2.10209	2.45128	0.88693	1.10342	1.35484	1.01264	1.14533	1.89956	1.29198	1.57831	1.11739	1.38277	0.95677	0.51679	0.61456	1.05454	0.87296	0.70535	0.6006	0.39109	0.54473	0.35617	0.20253	0.6006	0.88693	0.84503	0.94978	0.30728	0.85201	0.59361	0.96375	0.55171	0.71932	0.57965	0.80312	1.03359	1.2431	1.00565	0.87296	0.45394	1.01264	0.60758	0.78916	1.20818	0.41204	0.52378	0.88693	0.43997	0.27236	0.58663	1.01962	0.39807	0.66345	0.85899	0.67742	0.6425	0.45394	0.83804	0.50283	1.11041	1.0266	0.35617	0.59361	0.69139	0.66345	0.83804	0.87995	0.9428	0.46092	0.52378	0.85899	0.6006	0.83106	0.50283	0.96375	0.85201	1.14533	0.81011	0.64948	0.92185	0.90788	0.69139	1.00565	0.49584	0.83106	0.42601	0.78217	0.58663	0.62155	0.78916	0.95677	0.97772	1.38277	0.86598	0.51679	1.05454	0.23046	0.57266	1.19421	0.61456	1.07549	0.44696	0.64948	1.11739	0.53076	0.95677	1.27103	0.6844	0.67742	0.6425	0.86598	0.6006	0.83804	0.92185	0.47489	0.50283	1.38975	0.88693	1.07549	1.00565	1.35484	0.50981	0.78916	0.57266	0.90788	1.27802	0.79614	0.67742	0.75424	0.74725	0.46092	1.27103	0.92185	0.86598	0.94978	0.51679	0.43997	1.04057	0.92185	0.81011	0.51679	1.49451	1.07549	1.23611	0.46092	0.65647	0.53076	0.79614	1.25706	1.00565	1.45261	0.81011	0.95677	0.7263	0.6844	0.92883	1.11739	0.77519	1.12437	0.84503	0.27935	0.47489	1.11041	0.73329	0.6844	0.63552	1.2431	0.61456	0.95677	1.13136	0.62853	0.56568	0.69837	0.7263	1.15231	0.5587	1.49451	1.12437	0.44696	0.71234	0.49584	1.15231	0.97073	0.48187	0.85899	1.33388	0.97073	0.67043	0.93581	0.94978	1.0266	0.99168	0.37014	0.67043	0.55171	0.81709	1.01264	0.59361	1.0266	0.43997	0.73329	0.92185	1.08946	0.64948	0.87995	0.76821	1.0266	0.90788	0.57965	1.07549	0.62155	1.15929	1.2431	0.71932	0.41902	0.71932	1.03359	0.41902	0.48187	0.89391	0.86598	0.90788	0.86598	1.17326	0.81709	0.89391	0.85201	0.83804	1.19421	1.01264	0.94978	0.9847	2.17891	1.15231	1.33388	0.6844	0.74027	1.13136	1.15929	0.97073	0.69139	0.67043	0.50981	0.50981	0.46791	0.85201	0.82408	0.83804	0.69139	0.90788	0.62853	0.69837	0.9428	0.76122	1.43864	1.04755	0.86598	0.82408	0.50283	0.6006	0.9009	0.57965	0.56568	0.5587	0.58663	0.83804
cell9	1.77451	1.25373	0.76188	1.12836	0.91619	1.48519	1.47554	0.99334	1.38874	1.04156	0.88725	0.76188	0.88725	1.43697	1.76486	1.53341	1.60091	0.88725	1.64913	1.23444	0.41469	1.38874	0.85832	0.86797	0.75224	1.2923	0.8969	0.75224	1.07049	1.96739	1.53341	1.04156	1.28266	1.75522	2.13134	1.06085	0.93547	0.54971	1.14764	1.20551	0.69437	1.2248	1.707	1.49483	0.77152	1.40803	1.83237	1.0512	0.57864	1.4659	1.57198	0.96441	1.39839	1.12836	1.2248	1.3791	1.64913	0.84868	1.34052	1.02227	1.93846	0.93547	0.90654	1.10907	1.75522	1.50447	0.71366	1.3791	2.09276	1.78415	1.8613	1.08013	1.0512	1.58163	0.62686	1.77451	1.89024	1.18622	1.38874	1.38874	1.07049	1.2923	1.4659	1.26337	0.67508	1.51412	1.02227	1.04156	1.74557	1.02227	1.27302	0.76188	1.08013	0.97405	1.06085	1.89024	1.08978	1.8613	0.98369	0.90654	1.49483	0.92583	1.04156	1.04156	0.98369	0.94512	1.09942	0.68473	1.36946	0.94512	1.35981	1.54305	0.71366	0.8969	1.08978	1.15729	1.19586	0.91619	0.54971	0.75224	1.32124	0.84868	0.88725	1.07049	1.06085	1.14764	1.01263	0.77152	1.39839	1.27302	1.31159	1.85166	1.64913	1.02227	2.36279	1.48519	0.79081	1.6202	1.92881	1.08013	1.23444	1.17658	1.09942	2.08312	0.75224	0.98369	1.06085	1.8613	1.42732	0.96441	1.2923	1.45625	1.00298	1.27302	0.97405	1.97703	1.57198	0.73295	0.90654	0.4822	0.91619	1.52376	1.52376	0.91619	1.49483	1.25373	0.77152	1.68771	1.02227	1.26337	1.76486	1.53341	1.30195	0.80046	0.55936	0.69437	0.62686	1.17658	0.74259	1.40803	1.62985	1.49483	0.58829	0.94512	0.90654	1.01263	1.21515	0.94512	0.91619	1.90952	1.41768	0.6558	1.16693	1.10907	1.47554	1.87095	1.43697	0.55936	1.09942	0.62686	1.20551	1.01263	1.12836	1.98668	1.09942	1.41768	1.66842	1.6202	0.63651	0.92583	1.39839	1.90952	1.3791	1.23444	0.90654	1.14764	1.44661	1.39839	0.91619	0.69437	1.31159	0.59793	1.50447	0.94512	1.16693	1.14764	0.84868	1.36946	0.96441	1.66842	0.36647	0.84868	1.34052	1.44661	0.47256	1.3791	1.52376	1.10907	1.62985	1.27302	0.96441	0.85832	1.04156	1.56234	0.81975	0.77152	0.86797	0.60758	0.97405	0.87761	0.84868	0.66544	0.70402	0.8101	0.84868	0.67508	0.70402	0.27968	1.08013	0.25075	0.8101	0.90654	0.96441	0.55936	1.33088	0.54007	1.24408	0.34719	0.82939	1.26337	0.87761	0.35683	0.29897	0.83903	1.02227	1.14764	1.35017	0.81975	0.75224	0.66544	0.70402	0.71366	0.81975	0.75224	0.77152	0.63651	0.63651	0.90654	0.6558	0.84868	0.78117	0.38576	0.76188	0.60758	0.78117	1.82273	0.77152	0.83903	0.58829	0.71366	0.35683	0.69437	1.23444	1.00298	0.74259	1.18622	0.53042	0.6558	0.78117	0.90654	1.64913	0.94512	0.75224	0.8969	0.76188	1.16693	1.38874	0.66544	1.00298	1.2248	0.8969	0.59793	0.60758	0.73295	0.47256	0.569	0.90654	0.63651	0.83903	0.76188	0.4822	0.94512	0.67508	0.50149	0.88725	0.54971	0.54007	0.84868	1.08013	1.12836	0.92583	0.90654	0.59793	0.28932	0.43398	1.61056	0.68473	0.40505	0.41469	0.76188	1.40803	0.88725	0.73295	0.52078	0.88725	0.6558	0.54971	1.19586	0.87761	0.59793	0.64615	0.55936	0.45327	1.35981	0.41469	1.47554	0.80046	0.82939	1.24408	0.58829	0.79081	1.2248	0.97405	0.33754	0.51114	0.60758	1.02227	0.4822	1.09942	0.77152	1.32124	0.569	0.80046	0.4822	0.96441	0.37612	1.04156	0.58829	1.08978	0.54007	1.11871	0.70402	0.84868	0.43398	0.51114	1.16693	0.73295	0.569	0.86797	0.84868	0.50149	0.36647	0.69437	0.8101	0.84868	1.17658	0.78117	1.08013	0.52078	1.10907	0.45327	1.08013	0.38576	1.68771	0.93547	0.59793	0.54971	1.30195	0.62686	0.98369	0.83903	0.98369	0.6558	0.85832	1.0512	0.90654	0.39541	0.38576	0.7233	1.138	0.8101	0.77152	0.75224	0.98369	1.38874	1.16693	0.51114	0.59793	1.06085	0.73295	1.40803	0.62686	0.71366	0.53042	0.62686	0.63651	0.80046	0.7233	0.27003	1.62985	1.08013	0.78117	1.20551	0.8101	0.54007	0.47256	0.60758	0.96441	0.6558	0.87761	0.37612	0.63651	0.86797	0.68473	0.62686	0.94512	1.08978	0.69437	0.88725	0.73295	0.58829	1.12836	0.82939	0.54007	1.08013	1.08978	0.87761	0.82939	0.7233	0.82939	0.45327	0.67508	0.75224	0.78117	0.69437	0.68473	1.26337	1.50447	0.82939	0.81975	0.79081	0.78117	0.75224	0.64615	0.73295	0.6558	0.51114	1.10907
cell10	0.38944	1.4223	1.21911	1.43923	1.67628	1.07519	0.65189	1.25298	0.88894	1.24451	1.55776	1.06673	1.52389	1.10906	0.67729	1.15985	0.75348	2.03186	0.8974	1.16832	1.00746	1.18525	1.25298	1.4985	1.07519	1.4985	0.90587	1.4477	0.80428	1.24451	1.50696	0.90587	0.95667	0.88047	1.21911	1.30378	2.08265	1.45617	1.21911	1.79481	1.26145	0.95667	1.31224	1.8456	1.32917	1.18525	0.86354	1.38844	0.9482	0.87201	0.99053	1.12599	2.59062	1.4477	1.72708	1.12599	1.13445	1.50696	2.59062	0.75348	1.43077	1.65088	1.0244	1.26991	0.87201	1.28684	0.71962	0.70268	1.22758	1.28684	2.07419	1.29531	1.21911	1.49003	1.21065	0.93973	1.12599	1.12599	1.80327	0.96513	1.15139	1.18525	0.82968	1.07519	1.22758	0.77041	1.65935	2.03186	1.4223	0.57569	1.01593	1.04133	0.59263	0.87201	1.65088	0.66882	0.93973	1.10059	1.34611	1.60009	1.09212	0.88047	2.11652	1.00746	0.82121	1.06673	1.15985	1.62549	1.50696	0.74501	0.87201	0.999	1.43923	1.78634	1.58316	1.65088	0.55029	0.91434	0.55876	1.35457	0.999	1.54929	0.9736	1.33764	1.72708	1.09212	1.35457	1.4223	1.45617	1.52389	0.73655	1.41383	0.66035	1.14292	0.9228	1.22758	0.87201	1.32917	1.10059	1.16832	1.24451	0.71115	0.88894	1.15985	0.73655	0.999	1.53236	1.35457	1.10906	1.67628	0.77888	1.04133	1.65935	0.73655	1.4731	0.63496	0.59263	0.85507	0.84661	1.21065	1.55776	1.49003	1.36304	1.14292	1.3715	1.16832	1.00746	1.37997	1.12599	1.86254	1.71861	0.82968	1.70168	1.04133	0.76195	1.15139	0.8974	1.43077	0.93973	0.81274	1.26145	1.08366	1.00746	0.999	1.23605	1.24451	0.8974	1.19372	1.27838	1.86254	1.78634	1.61702	0.85507	2.12499	1.4731	0.9228	0.81274	1.32917	1.01593	0.55029	1.17678	0.84661	1.11752	0.90587	0.86354	0.80428	1.23605	1.04979	1.15985	0.86354	1.41383	0.84661	1.34611	1.4985	0.95667	1.04979	1.36304	1.70168	1.21065	1.07519	1.23605	1.82021	1.18525	1.37997	1.28684	1.36304	0.77888	1.55776	1.48156	1.15985	1.19372	1.35457	1.07519	1.14292	1.26145	0.54183	1.31224	0.71962	1.23605	0.9736	1.10906	1.57469	1.16832	1.82867	1.05826	0.40637	0.90587	1.14292	0.77888	0.98206	0.50796	0.73655	0.75348	0.9228	1.13445	0.95667	0.60956	0.74501	0.90587	0.86354	0.96513	1.14292	0.50796	0.90587	0.55876	0.70268	0.81274	0.99053	1.87947	0.57569	1.29531	0.65189	0.83814	0.96513	0.9736	0.96513	0.71962	0.98206	0.86354	0.9228	1.46463	1.54083	1.0244	0.35558	0.999	0.5249	0.77041	0.35558	0.56723	0.34711	0.50796	0.59263	1.04979	0.74501	0.72808	1.27838	1.17678	0.82968	0.69422	1.06673	0.98206	0.91434	0.44024	0.88047	0.63496	1.41383	0.34711	0.38944	0.55029	0.62649	0.86354	0.64342	0.32171	1.05826	0.66035	0.5249	0.96513	1.04979	0.78735	0.74501	0.88894	0.87201	0.55029	0.67729	1.01593	0.74501	0.60109	1.23605	0.88894	1.30378	1.19372	0.9482	0.66882	1.04979	0.54183	1.0244	0.76195	0.74501	0.70268	0.59263	1.03286	0.60956	0.87201	1.62549	0.96513	0.82121	0.58416	1.32917	0.78735	0.5249	0.81274	1.41383	0.90587	1.34611	0.88047	0.71962	0.88894	0.66882	1.04979	0.79581	0.71962	0.35558	0.83814	0.86354	0.4995	0.96513	0.4741	0.88047	1.21065	0.82121	0.83814	0.65189	0.75348	1.20218	0.99053	0.67729	0.78735	0.62649	0.82121	0.44024	0.84661	0.88894	1.10906	0.69422	0.73655	0.60956	0.91434	0.79581	0.49103	0.80428	1.33764	1.05826	0.61802	0.76195	1.05826	0.54183	0.51643	1.11752	0.55029	0.4741	0.60109	0.46563	0.96513	0.98206	0.96513	0.64342	0.51643	0.76195	1.17678	0.86354	0.93127	1.15985	0.81274	0.9228	0.66882	0.25398	0.58416	0.4741	0.88047	0.54183	0.70268	0.50796	0.55029	0.87201	1.12599	0.65189	1.10906	0.70268	1.10059	0.95667	0.31324	0.66882	0.55876	0.86354	0.61802	1.01593	0.77041	1.11752	0.64342	0.80428	1.00746	0.76195	0.54183	0.69422	0.4233	0.33864	0.84661	0.27938	0.31324	0.58416	0.59263	0.51643	0.70268	0.80428	1.60009	1.05826	0.83814	0.48257	0.74501	1.19372	0.75348	1.06673	0.66882	0.93127	0.43177	1.17678	0.58416	0.25398	1.05826	1.49003	1.16832	0.66882	0.69422	0.36404	0.4995	0.69422	1.40537	0.59263	0.34711	0.77041	0.62649	1.04133	0.4995	0.82968	0.66035	1.23605	1.10906	0.91434	0.71962	0.88047	0.60956	0.51643	0.81274	0.79581	0.82968	0.57569	0.50796	0.63496
cell11	0.91567	1.27665	0.88045	0.9861	1.03893	0.7924	1.20622	1.68166	1.39111	0.99491	1.11817	0.80121	0.88925	0.3962	1.05654	1.171	0.59871	0.95089	1.26785	0.36979	0.9861	1.32067	0.82762	0.89806	1.11817	0.52827	1.14458	1.45274	1.13578	0.80121	0.88925	1.64644	1.27665	0.73077	0.86284	0.62512	0.56349	0.5811	0.80121	0.95969	0.51947	1.49676	1.24143	1.31187	0.85404	1.05654	0.90686	1.60242	1.63764	2.04264	2.45645	1.03893	1.10937	2.91429	0.94208	0.70436	1.82253	1.46155	1.1798	0.91567	1.69927	0.74838	2.72939	1.62003	1.27665	1.92819	1.58481	1.73449	1.5584	1.45274	1.58481	1.02132	2.10427	1.47035	1.26785	1.63764	1.03893	0.72197	1.50557	0.81001	0.80121	0.29935	0.32577	0.51947	0.5899	0.35218	0.30816	0.35218	0.3874	0.3962	1.20622	0.95089	0.83643	0.93328	0.44022	1.04774	0.88045	1.1798	0.91567	1.19741	0.92447	1.26785	1.15339	0.74838	1.3647	0.59871	0.99491	0.95969	1.31187	0.3874	1.05654	0.7924	1.7609	0.45783	0.80121	0.94208	1.19741	0.87165	1.44394	1.24143	1.02132	0.71316	1.04774	0.5811	0.52827	0.9773	1.01252	0.9861	1.07415	0.89806	0.71316	1.03013	1.48796	1.60242	0.94208	0.67795	0.94208	1.35589	0.84523	0.76599	0.75719	0.84523	0.69556	0.88925	0.95089	0.88045	0.90686	0.7924	0.84523	0.62512	1.07415	1.16219	0.51066	0.86284	1.14458	1.46155	0.60751	1.08295	1.28546	0.60751	0.68675	0.93328	0.82762	0.88925	0.99491	0.88045	1.35589	1.11817	0.75719	0.84523	1.20622	0.95089	0.73077	1.66405	0.88045	1.1798	1.12698	1.1798	0.74838	0.44903	1.23263	1.15339	1.16219	0.51066	0.5811	0.73958	0.96849	0.81882	0.74838	1.29426	0.53707	0.89806	0.88925	0.92447	0.5899	0.94208	0.87165	0.73958	1.09176	0.46664	0.95969	0.41381	0.5899	1.62883	0.99491	0.94208	1.34709	1.39111	0.93328	1.69046	1.05654	1.35589	1.28546	1.10056	1.29426	1.22383	0.70436	0.80121	0.89806	0.55468	0.69556	0.88045	0.89806	1.00371	1.06534	0.36979	1.14458	1.13578	0.46664	1.7697	1.03893	0.7924	1.44394	1.47916	1.12698	1.41752	0.7748	0.75719	0.9861	0.7924	0.9861	1.05654	1.68166	1.11817	0.55468	1.27665	0.50186	1.00371	1.51437	0.83643	0.5811	1.29426	1.01252	1.20622	1.16219	1.1798	1.07415	0.55468	1.02132	0.81001	0.59871	0.92447	0.7924	1.29426	1.52318	1.32067	0.60751	0.95969	1.02132	0.82762	1.35589	0.72197	0.76599	1.09176	1.15339	0.83643	1.24143	1.29426	1.25904	0.76599	1.25904	0.74838	0.44903	1.33828	1.3735	0.70436	0.68675	0.84523	1.25024	1.05654	0.57229	1.42633	0.95969	1.5672	1.80492	0.85404	0.53707	1.67285	2.1483	1.38231	0.69556	0.66034	0.74838	1.02132	0.90686	0.51066	1.25024	1.03013	1.171	1.42633	1.07415	0.76599	1.50557	1.24143	1.39111	1.07415	0.3874	0.9861	1.60242	0.66034	0.89806	1.08295	2.10427	1.65525	0.91567	0.9773	1.49676	0.40501	0.66914	0.81882	1.171	1.19741	0.92447	0.7924	0.95089	1.24143	1.78731	1.05654	1.59361	1.09176	0.91567	0.54588	0.55468	0.43142	0.81882	0.65153	1.04774	0.67795	0.59871	0.89806	0.49305	1.42633	0.71316	1.21502	1.07415	0.71316	1.01252	1.1798	0.92447	1.05654	0.96849	0.89806	1.14458	0.68675	0.86284	0.99491	1.05654	1.00371	1.3735	0.45783	0.89806	0.7924	0.60751	0.3962	0.80121	1.42633	0.93328	1.01252	0.54588	0.66914	0.65153	1.20622	0.94208	0.9773	1.32067	1.62003	0.62512	0.9861	1.11817	1.03013	1.30307	0.68675	0.5811	1.27665	1.02132	0.63392	0.9773	0.85404	0.74838	1.26785	1.12698	1.20622	0.86284	0.95969	1.01252	0.66914	1.78731	0.31696	0.7748	1.07415	0.87165	1.10937	1.30307	0.99491	0.5811	1.11817	0.66914	0.67795	1.34709	0.7836	0.63392	0.69556	0.47544	0.86284	0.96849	0.54588	0.86284	0.93328	0.67795	0.92447	0.48425	1.1798	0.88045	0.5811	0.95969	1.63764	1.11817	1.23263	0.61631	1.48796	1.22383	0.7748	1.04774	0.88925	1.30307	0.85404	0.95089	1.32067	1.03013	1.03893	0.50186	1.32948	0.9773	0.73077	1.26785	0.7748	0.66914	1.01252	0.64273	1.24143	1.26785	0.59871	1.23263	1.11817	0.89806	0.89806	0.52827	0.67795	1.54079	1.33828	0.72197	0.91567	0.76599	1.01252	0.85404	1.1798	0.7924	0.99491	0.44022	1.02132	0.41381	0.42262	0.93328	0.96849	1.39111	1.66405	0.72197	1.51437	0.72197	0.88925	0.96849	1.72568	0.76599	0.55468	0.87165	0.86284	0.9861	0.7748
cell12	1.45985	1.0292	1.11679	1.46715	0.80292	1.11679	1.17518	1.51825	1.0438	0.68613	1.13139	1.17518	0.69343	1.76642	2.0	2.0438	1.22628	1.72993	1.17518	1.63504	1.27007	0.85401	1.53285	0.57664	0.85401	0.87591	1.26277	0.9927	1.05109	1.77372	0.68613	1.17518	1.43066	0.91971	1.67883	1.0146	1.13869	1.33577	0.70073	1.90511	0.91971	1.35036	0.9562	2.05109	0.9927	1.51825	1.71533	1.05839	0.83942	1.57664	1.35036	0.90511	1.47445	0.37956	1.67153	1.0146	0.9781	0.32117	1.30657	1.75182	0.86131	2.29927	2.53285	1.47445	0.79562	1.92701	0.9635	0.9635	0.81022	2.48175	2.11679	1.32847	2.45985	2.43796	2.25547	1.51095	1.91971	1.18248	0.9854	1.41606	1.11679	1.0219	0.82482	1.31387	1.45985	0.9927	0.86861	1.47445	0.9708	1.48905	0.9562	1.62044	1.11679	1.74453	0.62774	1.50365	0.87591	0.89781	1.9854	0.61314	1.28467	0.90511	1.32847	1.13139	1.38686	0.72263	1.50365	0.38686	0.80292	1.18978	1.30657	1.11679	1.84672	1.08759	1.0365	1.27007	1.43066	1.48175	0.91971	1.24088	1.44526	1.86861	1.35036	2.27737	1.30657	1.30657	1.20438	0.82482	0.77372	0.9781	1.0292	1.46715	1.64964	1.0146	1.81022	0.83942	1.70803	1.44526	1.9562	1.35766	0.72263	1.09489	1.19708	0.60584	1.45985	0.67883	1.70803	1.0073	1.68613	1.35036	1.09489	1.23358	1.41606	0.91241	1.34307	1.05109	0.91241	0.93431	1.07299	1.29197	1.43796	1.67153	1.21898	1.08759	0.9708	0.85401	1.19708	0.84672	1.48175	1.25547	1.0146	1.29927	0.63504	0.86131	1.10949	0.9781	1.08759	0.63504	1.35036	0.81022	1.45985	1.78832	1.43066	0.68613	1.81752	1.57664	0.79562	1.48175	0.74453	0.9635	1.14599	0.89781	1.64964	1.82482	1.33577	0.9708	1.53285	1.0073	1.69343	0.9708	1.9781	1.18978	1.0219	0.93431	1.06569	1.26277	0.87591	1.15328	1.62774	1.08029	0.71533	1.54745	1.0146	1.28467	0.72993	1.67153	1.27737	0.77372	0.71533	0.67883	1.24818	1.66423	1.21898	1.32847	1.22628	1.13869	0.92701	2.43796	0.81752	1.0146	0.75182	0.80292	1.47445	2.40876	1.29927	0.92701	1.40146	1.45255	1.37956	1.76642	0.94161	1.08029	1.22628	0.81752	0.27737	0.56204	0.81022	0.61314	0.82482	0.67153	0.72263	0.66423	0.67883	0.91241	0.76642	0.94161	0.21168	0.70803	0.85401	0.81022	1.05839	0.67883	0.71533	0.84672	0.75912	0.9562	0.51095	0.68613	0.81752	0.81752	0.66423	0.48905	0.72993	0.54745	0.85401	0.66423	0.87591	0.61314	0.53285	0.58394	0.63504	0.94161	0.50365	0.9781	0.75912	0.45255	0.52555	0.68613	1.05839	0.44526	0.46715	1.34307	0.82482	0.89781	0.50365	0.83212	0.91241	0.81752	0.83942	0.84672	0.69343	0.94891	0.84672	0.81752	0.77372	0.43796	0.85401	0.46715	0.48905	0.78832	0.59124	0.45255	0.9562	0.72993	0.94161	1.51825	0.48175	0.68613	0.71533	1.28467	1.05839	0.67153	0.75912	0.91241	0.62044	0.94161	1.0146	0.60584	0.62774	0.73723	0.72993	0.30657	1.08029	0.44526	0.64234	0.58394	0.49635	0.9635	0.83212	0.83212	0.65693	0.65693	0.91971	1.10219	1.0219	0.45255	0.33577	0.87591	0.57664	0.60584	0.81752	0.44526	0.43796	0.62044	0.57664	0.81752	0.67153	0.32847	1.13869	0.87591	0.55474	0.73723	1.29927	0.56934	0.9781	0.47445	0.65693	0.52555	0.32117	0.75182	1.69343	0.62044	0.78102	0.87591	0.94161	0.69343	0.44526	0.40146	0.63504	0.55474	0.51095	0.89051	1.24088	1.43796	0.84672	0.83942	0.64234	0.42336	1.19708	0.9708	0.72263	0.93431	0.59124	0.50365	0.59854	0.54015	1.0	0.57664	1.0146	0.72263	0.66423	0.36496	0.83212	0.41606	0.37226	0.9854	1.40146	0.88321	0.78832	0.60584	0.70803	0.55474	0.63504	0.88321	0.70073	0.9781	0.71533	0.56934	0.88321	0.9927	0.78832	0.56204	0.80292	1.10219	1.16058	0.91971	0.70073	0.62044	0.94161	0.60584	0.77372	1.78102	1.50365	0.53285	0.92701	0.56934	0.9562	0.53285	0.64964	0.63504	0.67883	0.81752	0.79562	0.67883	1.23358	0.75182	0.59854	1.0438	0.59854	0.58394	0.78102	0.87591	0.72993	0.37226	0.59124	0.46715	1.11679	0.74453	1.43796	1.25547	0.92701	0.69343	1.05839	0.61314	0.65693	1.0219	0.59124	0.92701	1.13869	1.11679	1.13139	0.90511	0.82482	0.94161	0.59124	0.57664	1.09489	0.70073	0.81022	0.67153	0.9708	1.35766	0.30657	0.74453	0.45255	1.10949	0.80292	0.65693	0.53285	0.9708	0.64234	0.67153	0.59124	0.66423	0.83212	0.66423	0.67153	0.48175
cell13	1.33248	0.98671	0.7337	1.66138	1.05417	1.18911	0.95297	1.24814	0.96141	0.94454	1.23971	0.53974	0.62407	1.65294	0.88551	1.14694	0.79274	0.69997	0.96141	0.86021	0.91924	0.89394	0.91081	0.92767	0.47227	0.46384	1.06261	1.22284	1.42524	1.48428	0.90237	1.37464	0.5819	1.00357	1.50958	1.38308	1.12164	1.18911	0.79274	1.15537	1.10477	0.75057	0.78431	0.97827	0.94454	0.67467	1.29031	1.26501	1.48428	0.64937	1.53488	1.05417	1.72884	1.27344	0.6325	1.47584	0.67467	0.86021	0.96984	1.19754	0.91081	0.6325	0.506	0.81804	1.39151	1.11321	0.72527	0.80961	0.61564	1.20597	0.72527	0.72527	0.96141	1.47584	0.72527	1.94811	0.85177	1.84691	0.759	0.54817	1.07947	1.13007	0.64937	0.83491	1.14694	0.7337	0.7084	1.10477	0.80961	0.88551	0.91924	1.08791	0.69997	1.03731	0.91081	0.82647	1.07947	0.759	1.27344	1.04574	1.13007	1.52644	1.45898	0.78431	0.79274	0.97827	1.34934	1.07104	0.78431	0.37107	0.90237	0.86864	1.45898	1.10477	0.91924	0.5819	0.95297	1.12164	1.25657	0.88551	0.6325	0.69154	0.5819	0.69997	1.22284	0.59877	0.81804	1.05417	0.4554	1.21441	1.11321	0.43854	0.81804	0.84334	0.61564	1.59391	0.69997	0.56504	0.66624	0.96984	0.86021	0.98671	0.85177	1.34091	0.53974	1.77101	0.96141	0.49757	0.81804	1.09634	0.6072	1.66981	0.96141	0.38794	1.08791	1.70354	1.54331	0.89394	1.39994	1.69511	0.56504	1.30718	1.30718	1.18067	1.63608	1.72884	1.15537	1.35778	0.84334	0.75057	1.14694	1.09634	1.24814	0.93611	0.64937	2.42038	0.96141	0.4554	0.759	0.97827	0.5819	0.77587	1.34091	0.759	0.94454	0.93611	0.92767	1.34934	1.03731	0.6072	1.01201	0.91924	1.44211	0.91081	1.10477	1.72041	0.56504	1.21441	1.29874	0.98671	1.08791	1.23127	1.09634	0.92767	1.30718	0.86021	1.05417	1.09634	1.09634	0.82647	0.66624	1.18911	0.46384	0.39637	0.97827	0.84334	1.07104	1.49271	1.08791	0.7337	0.6072	0.91924	0.86021	1.28187	1.20597	0.6831	1.18067	0.5566	0.95297	0.4301	1.06261	1.34091	1.56861	1.62764	1.39994	0.94454	0.69997	1.12164	1.14694	1.14694	1.60234	0.86021	1.23127	0.77587	1.79631	0.96984	0.94454	0.51444	0.72527	1.39994	1.07947	1.23971	0.56504	0.69154	1.18911	1.07104	0.84334	0.98671	0.5819	0.75057	0.78431	0.84334	0.94454	0.6578	0.7337	1.10477	1.17224	0.76744	0.90237	0.59034	0.7337	2.15895	0.59034	0.93611	0.93611	1.15537	1.17224	1.13851	0.80961	0.39637	0.7084	0.91081	0.72527	0.67467	0.98671	0.77587	0.59034	1.04574	0.86864	0.98671	1.27344	1.07104	1.14694	0.86864	0.91081	1.18067	0.80117	1.53488	0.7084	1.19754	1.51801	0.97827	1.44211	0.5313	1.26501	0.54817	1.11321	1.12164	1.10477	0.6831	1.04574	1.89751	0.72527	1.50114	0.5313	0.69997	0.4807	1.23971	0.7084	0.57347	0.33734	0.91924	1.12164	1.24814	1.41681	0.91924	0.6831	1.13851	0.74214	1.02887	1.42524	0.71684	0.99514	1.32404	1.09634	1.05417	0.76744	1.29031	1.27344	1.07104	0.95297	1.34934	1.03731	0.84334	1.45898	0.87707	1.53488	0.37107	0.6072	1.05417	0.86021	1.42524	0.69997	0.95297	0.84334	0.76744	1.71198	0.87707	1.65294	1.34934	1.02887	0.66624	0.88551	1.75414	0.98671	0.77587	0.78431	0.7337	1.13007	0.64937	1.18911	0.99514	1.21441	0.84334	0.77587	0.87707	1.07104	1.34934	1.45054	1.34934	1.23971	0.80117	0.93611	0.90237	0.86021	1.15537	0.80117	0.72527	0.6578	0.96141	2.31918	0.96141	2.39508	1.03731	0.85177	0.81804	0.91924	0.51444	0.6831	0.96984	1.05417	1.05417	1.20597	1.05417	0.82647	1.68668	1.05417	1.29874	0.3542	0.57347	1.33248	0.6578	0.3542	0.6072	0.48914	1.15537	0.78431	0.5819	0.91081	0.81804	0.80961	1.18067	0.69997	0.69997	1.51801	1.63608	0.86864	1.16381	0.83491	1.57704	0.26144	0.80961	0.6578	1.34091	0.95297	0.6578	0.48914	1.02887	0.92767	0.6578	1.34091	1.13007	1.35778	0.71684	0.91924	0.90237	0.87707	0.93611	1.42524	1.18067	1.29031	1.13007	1.27344	1.11321	1.01201	0.61564	0.99514	0.69997	0.83491	0.71684	0.7084	0.6072	0.86864	1.40838	0.46384	1.23127	1.23127	0.92767	0.80117	1.85535	0.92767	1.14694	1.11321	0.3542	1.24814	1.30718	1.31561	1.02887	1.11321	1.46741	0.6072	1.56018	0.53974	0.92767	0.85177	0.93611	1.34934	0.91924	1.06261	0.97827	0.56504	1.51801	1.50958	1.14694	0.87707	0.84334	1.08791	0.62407
cell14	0.94696	0.83606	0.89578	1.59533	0.80193	1.18584	0.61425	1.98777	1.4503	1.76596	2.00483	0.87018	1.26262	1.04934	1.68065	1.29674	2.10721	1.26262	1.74036	1.04934	0.88724	1.57827	1.10052	1.16024	1.02374	0.83606	0.77634	0.81046	1.27968	1.39058	0.6825	0.63984	0.76781	0.74221	1.1773	0.93843	0.91284	0.2474	0.69103	1.35646	0.63131	0.92137	0.85312	0.9299	1.41618	1.6124	0.74221	0.61425	1.11759	1.2029	1.24555	1.52708	1.3138	0.95549	1.52708	0.80193	0.92137	1.40765	1.68918	1.75743	0.64837	0.72515	1.01521	1.55268	1.16024	1.11759	1.10052	0.51187	0.81899	0.86165	1.30527	1.1773	1.3138	1.46737	0.71662	1.29674	1.29674	0.92137	0.97256	0.63131	0.96403	0.83606	1.4759	0.78487	1.24555	1.52708	1.28821	1.04934	1.55268	0.74221	1.12612	1.09199	0.85312	1.1773	1.69771	1.4759	1.16024	1.62093	1.4503	0.67396	0.69103	1.02374	0.94696	0.6569	0.82753	2.32049	2.19252	1.86833	1.03227	1.35646	1.56974	1.75743	1.28821	0.91284	1.45883	0.86165	1.48443	1.68065	1.02374	2.26077	1.97071	0.89578	1.15171	0.6569	1.08346	1.38205	0.67396	1.25409	0.82753	1.21143	1.08346	2.14133	0.63984	1.43324	1.26262	0.77634	1.1773	1.7489	0.32419	0.63984	1.07493	1.42471	1.59533	1.35646	1.54415	1.80008	1.27968	1.08346	1.5868	1.02374	1.38205	1.23702	1.3394	1.62946	1.10052	0.86165	0.71662	0.81899	1.68918	0.74221	0.86165	1.01521	1.16877	1.64652	1.27115	2.07308	1.83421	1.26262	1.33087	1.27968	1.48443	0.87018	2.21811	0.93843	0.71662	1.68065	0.99815	1.03227	0.83606	0.7934	1.15171	1.76596	0.63131	1.43324	1.33087	0.75075	0.46922	1.08346	0.83606	1.29674	0.72515	2.20958	1.41618	1.08346	1.14318	0.99815	0.69103	0.87871	0.96403	1.01521	1.91099	0.74221	1.16877	1.11759	1.65505	0.99815	1.01521	0.57159	1.14318	1.1773	1.10906	0.89578	1.21143	1.88539	1.68918	1.37352	0.78487	0.63131	1.04081	1.48443	1.48443	0.69103	1.05787	0.86165	0.63984	0.91284	1.01521	2.07308	0.92137	1.7233	1.34793	1.24555	0.83606	0.87871	1.02374	1.07493	0.6569	0.46068	0.93843	1.10906	1.15171	0.70809	1.79155	0.97256	0.90431	0.88724	0.58012	0.95549	0.84459	0.61425	1.26262	0.98109	0.92137	0.87871	0.87018	0.69956	1.13465	0.57159	1.00668	1.56121	0.273	0.6569	0.9299	0.9299	0.37537	0.87018	0.72515	1.5868	0.97256	0.77634	1.08346	0.70809	0.89578	1.46737	1.45883	0.56306	0.69103	1.00668	1.09199	0.70809	0.39243	0.84459	0.70809	0.98109	1.01521	1.09199	0.7934	0.71662	0.42656	1.52708	0.85312	0.57159	0.55453	0.95549	1.12612	1.01521	0.6569	0.78487	0.90431	0.61425	0.83606	1.44177	0.82753	0.73368	0.34125	0.91284	0.75075	1.41618	0.86165	0.78487	1.0664	0.57159	0.52893	0.58012	0.97256	0.14503	1.62093	1.11759	1.14318	1.19437	0.59718	0.85312	0.84459	0.86165	2.07308	0.98962	0.86165	0.62278	0.59718	0.52893	1.26262	0.60571	0.96403	0.75928	0.77634	0.94696	0.76781	1.32234	0.74221	0.67396	0.80193	1.27968	1.04934	0.46922	0.58012	0.50334	0.6825	0.45215	1.46737	0.6569	0.71662	0.58865	0.81046	0.92137	0.88724	0.63984	0.6825	1.01521	0.51187	0.69103	1.3138	0.83606	0.6569	0.82753	1.16024	0.87871	0.46068	0.71662	1.29674	1.11759	0.80193	0.82753	0.4095	0.51187	0.74221	0.90431	1.16024	0.75928	1.35646	1.18584	1.10906	0.63984	1.19437	0.69103	0.96403	1.10052	1.1773	0.80193	0.34978	0.55453	0.46068	0.86165	0.85312	1.09199	1.38205	0.95549	0.60571	0.69103	0.94696	0.84459	0.64837	0.44362	0.75075	0.57159	0.93843	0.34125	1.4759	0.47775	0.69103	0.58865	0.19622	1.09199	0.87871	1.25409	0.31565	0.98109	0.6569	0.67396	0.77634	0.6569	0.59718	0.41803	0.45215	1.3394	0.82753	0.55453	1.02374	0.58865	1.27115	0.84459	0.85312	1.03227	0.63984	0.86165	0.74221	0.66543	0.57159	0.55453	0.77634	0.91284	0.71662	0.97256	0.85312	1.00668	0.57159	0.60571	0.96403	1.29674	0.89578	1.25409	0.60571	1.13465	0.77634	1.15171	1.2029	0.60571	0.60571	0.6569	0.6825	0.67396	0.59718	0.74221	0.48628	0.60571	1.4503	0.92137	0.46068	0.81899	0.84459	1.05787	1.0664	0.42656	0.34125	0.80193	0.5204	0.67396	1.25409	0.64837	0.90431	1.11759	0.91284	0.46068	0.89578	0.6825	1.80861	0.67396	0.59718	0.57159	0.92137	1.10052	1.10052	0.94696	0.82753	0.61425	1.07493	0.78487	1.16877	0.66543
cell15	1.29084	0.56175	1.0757	0.50199	0.64542	1.13546	0.89641	1.17131	1.51793	0.66932	0.96813	1.14741	1.85259	0.84861	0.76494	1.01594	0.99203	1.70916	1.26693	1.6494	0.76494	0.75299	0.84861	1.02789	1.87649	1.43426	0.71713	0.90837	0.70518	0.60956	1.05179	0.76494	1.54183	0.89641	0.56175	1.42231	0.83665	1.38645	1.00398	1.48207	1.47012	1.3506	1.44622	1.15936	0.65737	1.05179	1.01594	1.12351	0.99203	1.08765	0.71713	1.02789	1.03984	0.69323	1.57769	0.66932	1.13546	1.01594	0.99203	0.98008	0.99203	1.05179	0.78884	1.15936	1.05179	0.74104	0.66932	0.43028	0.89641	0.49004	0.65737	1.44622	1.56574	0.89641	0.96813	1.27888	0.64542	0.59761	0.68127	0.5259	0.75299	1.00398	1.19522	1.0996	1.05179	1.05179	0.56175	1.0996	1.55378	0.77689	0.99203	0.8247	0.90837	1.00398	0.81275	0.92032	1.41036	1.23108	0.92032	1.20717	2.1992	0.76494	0.51394	2.37849	0.94422	0.66932	1.02789	0.88446	1.0996	0.94422	1.78088	0.77689	0.72908	0.56175	1.0757	0.68127	0.99203	1.51793	2.98805	1.81673	0.75299	1.17131	0.84861	0.40637	0.75299	0.86056	0.59761	1.45817	1.26693	0.96813	1.14741	0.76494	0.70518	0.87251	1.00398	1.6494	0.87251	1.19522	0.45418	0.81275	1.36255	1.08765	1.63745	0.74104	0.98008	1.05179	1.36255	1.05179	0.58566	0.99203	1.12351	0.75299	0.78884	1.52988	1.38645	1.25498	0.49004	1.15936	0.59761	1.43426	1.51793	1.14741	0.78884	1.03984	1.08765	1.21912	1.38645	1.91235	0.98008	0.70518	0.69323	0.65737	1.15936	1.17131	0.71713	0.87251	1.06375	1.02789	0.63347	1.18327	1.44622	0.81275	0.98008	0.84861	1.17131	0.95618	0.46614	1.49402	1.14741	1.00398	1.13546	1.15936	1.25498	0.60956	1.20717	1.52988	1.30279	1.30279	0.87251	1.15936	0.77689	0.84861	0.77689	0.94422	1.43426	1.23108	1.11155	0.87251	1.27888	0.98008	1.15936	1.43426	0.49004	1.50598	0.86056	0.84861	0.63347	1.31474	0.98008	0.78884	1.00398	0.96813	0.64542	0.68127	0.65737	1.36255	0.5498	0.51394	0.81275	0.64542	1.01594	0.72908	0.74104	1.00398	0.83665	0.99203	0.86056	0.93227	1.20717	1.6255	1.33865	1.08765	0.94422	0.89641	0.93227	0.92032	1.08765	0.81275	0.8008	1.00398	0.95618	1.27888	0.69323	1.0996	0.58566	0.87251	0.95618	1.74502	0.62151	0.83665	1.11155	1.32669	0.96813	1.17131	1.3745	0.34661	0.99203	1.25498	0.84861	1.00398	1.15936	0.84861	0.75299	0.78884	0.58566	1.00398	1.05179	1.17131	0.56175	0.98008	1.38645	0.57371	0.89641	0.81275	1.06375	0.68127	0.8008	1.30279	0.63347	0.46614	0.59761	1.23108	0.84861	1.32669	0.66932	0.51394	0.49004	0.44223	1.47012	0.59761	0.99203	0.44223	0.72908	1.17131	0.83665	0.53785	1.06375	0.99203	0.8247	1.55378	0.46614	1.11155	0.98008	0.89641	0.56175	1.30279	1.44622	1.48207	1.0996	1.75697	0.96813	1.33865	1.44622	0.89641	0.94422	0.65737	1.24303	1.52988	2.01992	0.50199	1.76892	0.8008	0.92032	0.62151	0.90837	0.68127	1.06375	1.41036	0.34661	1.49402	0.96813	0.83665	1.3506	0.93227	0.89641	0.74104	1.85259	1.85259	0.93227	0.63347	0.84861	0.89641	0.86056	1.61355	0.65737	1.21912	1.03984	1.25498	0.74104	0.49004	1.31474	1.31474	1.23108	1.08765	0.90837	0.47809	0.45418	0.58566	0.64542	0.99203	1.20717	1.24303	0.77689	1.32669	1.17131	0.69323	0.78884	0.93227	1.12351	0.37052	0.58566	0.89641	1.17131	1.0757	1.3506	1.23108	0.62151	1.18327	0.71713	0.71713	0.8008	0.86056	1.03984	0.98008	1.57769	1.02789	0.89641	1.26693	1.12351	0.74104	1.44622	0.86056	1.25498	1.17131	0.8247	1.30279	1.76892	1.00398	0.64542	0.81275	1.38645	0.8247	1.14741	0.84861	0.81275	1.0757	1.02789	0.39442	1.27888	0.74104	0.5498	1.03984	0.96813	0.64542	1.27888	1.0757	1.25498	0.64542	1.55378	1.14741	0.68127	0.66932	0.94422	0.81275	0.63347	1.06375	1.0996	0.87251	0.58566	1.14741	0.87251	0.72908	1.13546	1.55378	1.08765	0.95618	1.94821	0.78884	1.01594	0.93227	1.06375	1.06375	1.13546	0.8247	0.83665	0.51394	0.83665	0.76494	0.68127	0.66932	0.84861	1.06375	0.86056	1.02789	0.8008	0.87251	1.02789	0.60956	1.0996	1.56574	0.93227	1.43426	1.0996	0.68127	1.02789	0.78884	0.68127	1.01594	0.76494	0.77689	0.87251	1.39841	1.26693	0.62151	1.0996	1.01594	0.83665	0.81275	1.17131	1.18327	1.00398	0.78884	0.81275	0.81275	1.05179	0.63347	0.90837	0.95618
cell16	1.34781	1.49469	1.12318	0.96766	1.02814	1.04542	1.57245	1.49469	1.68477	1.58109	1.35645	0.73439	1.20094	1.26142	1.29598	0.68255	1.42557	1.09726	1.33917	1.01086	0.63935	1.2787	1.68477	1.76253	0.83806	2.90298	0.88126	1.00222	0.68255	0.69983	0.87262	1.0195	1.09726	1.07998	0.85534	0.70847	1.12318	1.33917	1.9094	1.09726	0.88126	1.43421	1.68477	1.15774	1.33053	0.68255	1.04542	1.38237	1.39101	1.00222	0.98494	1.1491	1.20958	1.14046	0.95902	0.91582	1.29598	0.60479	0.94174	1.38237	1.50333	0.9331	1.1923	0.94174	1.1059	1.46877	1.33917	0.88126	0.88126	1.39101	0.81214	1.11454	1.53789	1.35645	1.37373	1.9094	1.77117	1.58973	1.36509	2.36731	1.0195	1.35645	1.42557	1.33917	0.62207	0.72575	1.68477	1.49469	1.9958	1.09726	1.17502	1.75389	1.90076	0.9331	1.94396	1.1923	1.1491	0.70847	0.69119	1.69341	1.03678	1.46013	1.05406	1.44285	1.73661	1.16638	1.85756	1.09726	0.9331	1.20094	1.72797	1.67613	0.8899	0.88126	1.12318	1.60701	2.94618	0.48383	1.14046	0.75167	1.14046	0.88126	1.2787	1.00222	1.20094	1.25278	1.2787	1.55517	1.09726	0.8899	0.96766	0.50111	1.29598	0.8035	1.25278	1.01086	1.52061	0.8899	1.25278	0.8467	0.79486	1.36509	0.72575	0.94174	0.64799	1.0195	1.77981	0.78622	0.79486	1.58973	0.90718	0.81214	0.76031	1.32189	0.9331	1.59837	1.70205	1.17502	1.53789	0.57887	1.48605	1.0195	1.34781	1.9526	1.13182	1.09726	0.55295	1.69341	2.48827	0.63071	1.77117	1.07998	1.15774	0.45791	0.69119	1.20094	1.78845	1.11454	1.14046	1.46013	0.89854	1.61565	1.65021	1.31325	1.32189	1.22686	0.8899	1.34781	1.0627	2.15132	1.05406	2.01308	1.27006	1.20094	1.76253	1.56381	1.11454	0.44927	0.74303	1.64157	1.25278	1.11454	1.77981	1.01086	1.26142	0.99358	1.66749	1.13182	1.72797	0.60479	1.58973	0.61343	1.09726	0.85534	1.11454	0.57023	1.59837	0.68255	1.20094	2.1254	0.8467	0.55295	0.85534	1.47741	1.48605	1.0627	1.26142	1.39101	0.99358	1.07134	1.12318	0.9331	1.21822	1.30461	1.2787	1.27006	1.00222	1.25278	2.19452	1.58973	0.74303	1.20094	1.1491	2.23772	0.57887	0.63935	0.63071	0.72575	0.57887	0.71711	1.09726	1.15774	0.65663	0.95902	0.33695	1.03678	0.65663	0.68255	0.46655	1.30461	0.60479	0.90718	0.89854	0.64799	0.63071	0.77759	1.08862	0.54431	0.62207	1.1059	0.33695	0.73439	0.63071	0.64799	1.05406	0.76031	0.99358	1.43421	0.61343	0.38015	0.64799	0.61343	1.31325	0.82078	1.03678	0.57887	0.99358	0.73439	1.07134	0.55295	0.48383	1.14046	0.71711	0.67391	0.74303	0.91582	0.8467	0.44927	1.0195	0.71711	0.83806	0.57023	0.64799	0.56159	0.56159	0.67391	1.15774	1.14046	0.53567	0.87262	0.69119	0.92446	0.51839	1.17502	0.82942	0.20736	0.63935	1.0195	0.79486	0.67391	0.50111	0.43199	0.78622	0.72575	0.72575	1.12318	1.03678	1.14046	0.81214	0.63071	0.9331	1.12318	0.76895	0.57887	0.92446	0.69983	0.49247	1.07134	0.63935	0.65663	0.70847	0.35423	0.57023	0.68255	0.79486	1.97852	1.51197	0.86398	1.15774	0.77759	0.44063	1.21822	0.65663	0.92446	0.66527	0.71711	0.82078	0.62207	0.52703	0.76895	0.90718	0.82078	0.73439	1.30461	0.91582	0.77759	1.15774	1.0195	0.50111	0.70847	0.86398	0.57887	0.76895	0.64799	0.75167	1.1923	0.45791	1.08862	0.62207	0.65663	0.8899	0.71711	0.78622	0.8035	1.29598	0.9331	0.39743	0.51839	0.72575	0.52703	1.14046	0.44063	0.77759	0.82942	0.55295	0.46655	0.96766	0.57887	0.69983	1.16638	0.79486	0.66527	0.58751	0.87262	0.8035	0.70847	0.45791	1.18366	1.28734	1.0627	0.38879	0.8899	0.40607	0.50975	0.72575	0.65663	0.89854	1.52925	0.50975	1.17502	0.47519	0.50111	0.42335	0.55295	0.67391	1.13182	0.38015	0.59615	0.44063	0.73439	0.60479	1.21822	0.8899	0.96766	0.96766	0.37151	0.63071	0.55295	0.64799	0.46655	0.52703	0.86398	0.87262	0.89854	0.76895	1.13182	0.78622	0.90718	0.99358	0.38015	1.2787	0.85534	1.59837	0.74303	0.50975	0.85534	0.8899	0.50111	0.53567	1.05406	0.23328	0.58751	0.86398	0.47519	1.04542	0.77759	0.82078	0.49247	0.95902	1.52925	0.72575	0.78622	0.52703	0.76895	0.90718	0.60479	0.64799	1.13182	0.29375	0.88126	0.90718	0.72575	0.54431	0.8035	0.81214	0.76895	0.8467	0.86398	0.87262	0.79486	0.8899	0.77759	0.9331	0.63935	0.54431	1.13182	1.35645	0.95902
cell17	1.61949	0.96893	1.92401	0.7613	0.94124	1.45339	1.12119	1.01045	0.85819	1.12119	1.32881	1.01045	1.24576	0.9274	1.20424	0.89972	1.19039	2.14548	0.73361	1.24576	0.7613	0.84435	1.27344	1.3565	1.63333	1.12119	1.21808	0.5952	1.6887	0.48446	0.84435	1.02429	0.96893	0.99661	0.89972	2.14548	1.16271	1.28729	1.14887	1.16271	1.43955	1.13503	0.98277	1.8548	1.17655	1.49491	1.32881	1.39802	0.94124	1.45339	1.10734	1.2596	0.99661	1.02429	0.94124	1.19039	1.07966	0.96893	0.89972	1.28729	0.73361	0.74746	1.12119	0.71977	1.41186	1.0935	0.63672	1.16271	0.94124	1.3565	1.43955	2.39463	1.06582	1.24576	1.30113	0.83051	1.10734	1.10734	1.38418	0.69209	1.07966	0.69209	1.32881	1.84096	1.38418	1.37034	0.56751	0.81667	1.53644	1.43955	0.83051	1.01045	1.0935	1.31497	0.89972	1.02429	1.17655	1.19039	2.14548	1.75791	0.44294	0.53983	1.96553	1.28729	0.70593	1.30113	0.99661	1.37034	1.56412	0.80282	0.96893	0.96893	1.74407	1.0935	1.19039	1.30113	0.94124	0.70593	1.39802	0.9274	1.10734	1.10734	1.13503	1.07966	0.94124	1.12119	1.8548	1.2596	1.07966	1.61949	1.77175	2.47768	1.61949	1.4257	1.3565	1.13503	1.19039	1.02429	0.53983	1.19039	1.50876	1.03813	0.88587	1.64717	1.43955	1.37034	0.63672	0.84435	1.45339	1.24576	1.6887	0.74746	1.4257	0.9274	1.59181	0.53983	0.94124	1.03813	0.88587	1.12119	0.77514	0.7613	1.06582	1.77175	1.4257	1.24576	2.10395	1.10734	1.53644	1.17655	1.05198	0.78898	1.02429	1.20424	1.07966	1.0935	1.46723	0.88587	0.4291	0.95508	1.05198	0.63672	0.98277	2.07627	1.71638	1.14887	1.10734	1.20424	1.17655	1.64717	1.61949	1.99322	1.73022	1.8548	1.38418	0.78898	0.96893	0.71977	0.85819	0.98277	1.07966	0.96893	1.13503	1.12119	0.77514	1.70254	1.67486	1.13503	0.71977	0.84435	1.37034	1.97938	1.20424	1.20424	0.95508	1.28729	0.7613	1.3565	1.28729	1.5226	1.37034	1.48107	1.45339	0.96893	1.06582	1.66102	1.3565	1.63333	1.20424	0.7613	1.57796	1.77175	0.87203	1.6887	1.71638	1.57796	0.96893	1.31497	0.9274	1.30113	1.66102	0.84435	0.85819	1.38418	1.10734	0.5952	0.77514	0.62288	1.24576	0.94124	1.10734	0.83051	0.45678	1.41186	1.16271	0.70593	0.69209	0.58136	0.7613	0.73361	0.98277	1.20424	1.13503	0.84435	0.52599	0.95508	0.81667	0.56751	0.77514	1.45339	0.35989	0.55367	1.5226	1.53644	0.60904	1.17655	0.78898	0.65056	0.81667	0.66441	1.45339	1.05198	0.65056	1.0935	0.34604	0.66441	0.66441	0.71977	0.89972	0.52599	0.66441	1.32881	0.41525	0.70593	0.38757	0.87203	1.06582	0.70593	0.83051	0.70593	0.98277	0.77514	0.83051	0.17994	0.83051	0.89972	1.28729	0.69209	0.52599	0.85819	0.89972	0.56751	1.30113	0.29068	0.73361	0.78898	0.35989	1.34265	0.91356	1.16271	1.19039	0.88587	1.39802	0.69209	0.94124	1.4257	0.65056	0.77514	0.95508	0.69209	1.12119	0.69209	0.87203	0.98277	0.65056	0.66441	0.87203	0.67825	1.70254	0.71977	0.29068	0.5952	1.21808	1.03813	0.7613	0.88587	1.23192	0.69209	0.67825	0.85819	0.44294	0.47062	0.96893	0.70593	0.44294	0.55367	0.83051	0.7613	0.53983	0.62288	0.73361	0.4983	0.40141	1.45339	0.95508	0.58136	0.44294	0.63672	1.19039	1.2596	0.4983	0.87203	0.60904	1.32881	0.80282	1.34265	0.44294	0.91356	0.88587	0.44294	1.39802	0.83051	0.60904	1.61949	0.77514	0.9274	0.66441	0.56751	0.89972	1.02429	0.30452	1.3565	0.80282	0.9274	0.35989	0.80282	0.83051	0.77514	0.87203	1.07966	0.51215	0.71977	0.56751	0.3322	1.2596	0.5952	0.65056	1.05198	0.47062	0.7613	0.84435	0.66441	0.73361	0.71977	0.91356	0.37373	0.73361	0.81667	0.78898	0.99661	0.51215	0.98277	1.30113	0.85819	1.16271	0.44294	0.63672	0.4983	0.66441	0.96893	0.70593	0.44294	0.85819	0.81667	0.91356	0.88587	0.35989	0.55367	1.07966	0.87203	0.63672	0.48446	0.91356	0.95508	0.81667	0.85819	0.55367	0.77514	0.4291	0.71977	0.85819	0.62288	0.96893	1.0935	0.58136	0.56751	0.71977	0.47062	1.12119	0.62288	0.83051	0.3322	0.56751	0.70593	0.65056	0.94124	0.74746	0.55367	1.10734	0.85819	0.7613	0.55367	0.9274	0.87203	0.5952	1.55028	0.77514	0.84435	0.65056	1.20424	1.02429	1.20424	0.74746	0.63672	0.51215	0.5952	0.47062	0.88587	0.65056	0.94124	0.87203	0.60904	0.88587	0.95508	0.5952	1.05198	0.63672	0.77514
cell18	0.68242	0.63092	1.23608	2.15027	1.01719	1.51935	0.84981	1.37772	1.71249	0.87556	1.50648	1.19746	1.71249	0.68242	2.11164	1.18458	1.30046	1.26184	0.70817	1.85413	1.39059	1.8155	1.8155	0.51503	1.13308	1.40347	0.57941	0.43778	1.31334	1.76399	0.96569	1.18458	0.91419	1.63524	1.23608	1.59661	0.92706	0.70817	0.88843	1.41635	1.71249	0.93994	0.61804	1.41635	1.42922	0.59229	1.19746	0.87556	1.1202	0.91419	1.00432	0.77255	1.10732	1.0687	1.32621	1.01719	0.7983	0.84981	0.6953	0.56654	1.24896	0.68242	1.42922	2.40779	1.59661	0.84981	1.08157	1.72537	0.68242	1.46785	1.18458	0.95281	1.1717	0.73392	0.93994	1.10732	1.31334	1.08157	0.7468	1.23608	1.1202	1.72537	1.01719	0.93994	1.59661	1.14595	1.4421	0.52791	1.22321	1.01719	1.76399	0.82406	0.64379	0.78543	1.18458	1.19746	1.73824	0.64379	0.7983	1.32621	1.64811	1.23608	1.46785	0.84981	0.45066	0.75968	0.82406	0.81118	2.2919	1.64811	1.00432	1.97001	0.70817	2.44642	0.52791	1.04295	1.01719	0.92706	1.18458	0.68242	1.58373	1.85413	1.48072	1.04295	1.36484	1.22321	1.00432	1.46785	0.81118	0.95281	2.04726	1.55798	2.07301	0.91419	0.83693	0.66955	1.31334	1.36484	1.28759	1.14595	0.82406	0.55366	0.87556	1.1717	1.13308	1.63524	1.5451	1.08157	1.08157	1.64811	0.87556	1.22321	0.41203	0.86268	0.70817	1.26184	1.33909	0.78543	0.52791	0.54079	1.04295	1.57086	1.37772	1.45497	0.87556	2.1889	0.83693	1.99576	2.42066	0.97857	1.36484	1.66099	0.93994	1.23608	1.1717	1.53223	1.75112	1.39059	1.4421	1.50648	1.31334	1.42922	0.86268	1.22321	0.91419	1.14595	0.88843	0.41203	1.22321	1.84125	0.57941	1.1717	0.97857	0.95281	2.31766	1.35197	0.77255	0.43778	1.40347	1.4936	1.60948	1.57086	1.31334	2.00864	1.35197	1.64811	1.36484	1.67386	1.73824	1.0687	1.10732	1.48072	0.82406	0.90131	1.22321	1.37772	1.21033	1.08157	1.09445	1.42922	1.30046	0.77255	0.7468	1.42922	1.10732	1.32621	0.87556	1.22321	1.1202	1.04295	0.83693	0.99144	1.80262	1.28759	1.19746	1.08157	2.45929	2.07301	2.00864	1.5451	1.59661	1.14595	1.00432	1.59661	0.96569	0.33477	1.35197	0.83693	0.73392	0.92706	1.13308	0.68242	1.10732	0.72105	0.52791	0.7468	0.70817	1.05582	0.72105	0.75968	0.90131	0.77255	1.14595	0.7983	0.36052	0.70817	1.08157	1.1202	1.15883	0.77255	1.10732	0.95281	0.90131	1.01719	0.91419	0.72105	0.81118	0.56654	0.57941	0.83693	0.48928	0.50216	0.90131	0.81118	0.6953	0.84981	0.52791	0.39915	0.57941	0.95281	0.6953	0.91419	0.91419	0.84981	0.50216	0.66955	0.64379	0.39915	0.81118	0.70817	0.51503	0.78543	0.45066	0.7468	0.63092	1.05582	0.81118	0.60517	0.83693	0.57941	1.01719	0.96569	0.82406	0.73392	0.73392	0.59229	0.28327	0.59229	1.18458	1.04295	0.61804	1.21033	1.32621	0.86268	1.01719	0.60517	0.45066	0.38628	0.61804	0.64379	1.37772	0.57941	0.64379	1.00432	0.88843	0.64379	0.81118	0.95281	1.22321	0.70817	0.6953	0.90131	0.88843	0.82406	0.68242	0.96569	0.7983	0.77255	0.90131	0.50216	0.54079	0.7983	0.77255	1.01719	0.51503	0.60517	1.23608	0.96569	1.05582	0.56654	0.39915	0.87556	0.83693	0.72105	0.46353	0.65667	0.68242	1.10732	1.03007	0.54079	1.41635	1.50648	0.34765	1.05582	0.81118	0.59229	0.86268	0.29614	0.70817	0.78543	0.47641	0.92706	1.1717	0.91419	1.19746	0.64379	0.90131	0.70817	0.63092	0.81118	0.95281	1.22321	1.19746	1.31334	0.41203	0.63092	1.21033	0.63092	0.65667	1.13308	0.54079	0.54079	1.08157	0.93994	0.63092	0.93994	0.50216	0.68242	1.5451	1.26184	0.91419	1.0687	0.81118	0.39915	1.31334	0.65667	0.54079	0.65667	0.41203	0.64379	1.60948	0.7983	0.78543	0.77255	0.83693	1.32621	0.28327	0.78543	0.70817	0.86268	0.68242	1.09445	0.51503	0.88843	0.70817	0.87556	0.51503	0.39915	0.86268	1.15883	0.55366	0.99144	0.7468	0.95281	0.51503	0.51503	1.05582	0.54079	0.64379	0.86268	0.96569	1.01719	0.60517	0.59229	0.4249	0.86268	0.84981	0.6953	0.81118	1.03007	0.68242	0.95281	0.56654	0.70817	1.22321	0.82406	0.96569	0.57941	0.43778	0.88843	0.7468	0.95281	0.91419	0.81118	0.54079	1.13308	0.45066	0.45066	0.93994	1.31334	0.56654	0.77255	0.82406	0.75968	0.70817	0.72105	0.84981	0.46353	0.87556	0.77255	0.46353	0.68242	0.93994	0.88843	0.90131	1.0687	0.61804	0.68242
cell19	1.55061	2.10985	0.91511	1.01679	0.83885	1.16931	1.90649	1.95733	1.00408	0.94053	1.04221	0.81343	1.67771	1.35996	0.97866	0.83885	1.14389	1.16931	0.81343	0.61008	1.1566	1.30912	1.08034	0.6355	1.00408	0.78801	0.82614	1.16931	0.9024	1.13118	1.06763	1.10576	1.37267	1.32183	1.47435	1.65229	1.23286	1.10576	1.35996	0.55924	0.94053	0.69905	1.16931	1.05492	0.64821	1.33454	2.13527	1.05492	1.34725	1.46164	0.68634	1.32183	1.0295	0.82614	0.74989	1.47435	1.01679	1.89378	1.98275	1.42351	0.97866	1.43622	1.04221	1.70313	1.19473	1.63958	1.75397	1.10576	1.49977	0.82614	1.16931	1.5379	1.38538	1.52519	0.86427	1.08034	1.0295	1.51248	1.25828	1.42351	1.81752	1.35996	2.13527	1.39809	1.01679	0.66092	1.67771	0.19065	1.51248	1.16931	1.00408	0.72447	1.13118	1.18202	0.9024	0.87698	0.87698	0.9024	1.665	0.68634	1.56332	0.86427	0.82614	1.30912	0.88969	1.19473	1.39809	1.88107	2.08443	0.57195	1.32183	1.11847	1.1566	1.25828	1.09305	1.20744	1.0295	0.82614	0.88969	1.62687	1.81752	1.46164	0.82614	1.38538	1.11847	1.80481	0.91511	1.85565	1.61416	1.30912	1.83023	0.66092	1.5379	1.35996	1.33454	0.86427	0.52111	1.49977	0.95324	1.08034	0.7626	1.52519	0.87698	1.23286	1.29641	0.78801	0.94053	1.11847	0.49569	0.59737	1.11847	1.39809	1.09305	1.32183	1.85565	1.18202	0.80072	1.22015	1.42351	1.43622	1.57603	0.9024	1.30912	1.71584	0.73718	1.1566	1.65229	1.88107	1.24557	0.71176	1.27099	1.00408	1.85565	0.71176	0.66092	1.19473	1.29641	1.05492	1.4108	1.47435	1.27099	1.06763	1.30912	1.1566	1.04221	1.0295	1.90649	1.39809	0.73718	1.83023	1.13118	0.72447	0.92782	1.32183	1.08034	1.49977	1.10576	1.4108	0.82614	1.09305	1.18202	1.69042	1.51248	0.67363	2.03359	0.78801	1.48706	1.1566	0.87698	0.88969	1.09305	0.78801	0.68634	1.35996	1.11847	1.44893	0.88969	1.56332	1.665	2.1734	1.55061	1.30912	1.56332	0.83885	1.47435	0.58466	0.67363	1.19473	1.08034	0.82614	1.55061	1.85565	1.69042	0.49569	0.64821	1.14389	1.11847	2.31321	1.61416	0.91511	1.30912	1.95733	0.87698	1.01679	0.71176	0.61008	0.68634	0.71176	0.59737	0.83885	0.9024	1.0295	0.7626	0.74989	1.18202	0.88969	0.87698	0.58466	0.47027	0.55924	0.49569	0.71176	1.13118	1.22015	0.64821	0.88969	1.11847	0.54653	1.00408	0.58466	1.00408	1.13118	0.69905	0.94053	1.22015	0.97866	1.13118	0.47027	0.68634	0.67363	0.68634	0.58466	0.41943	1.51248	0.86427	0.7626	1.18202	1.25828	0.7753	1.18202	0.7753	0.36859	0.94053	1.34725	0.31775	0.61008	1.08034	0.88969	0.96595	0.6355	0.55924	0.6355	0.78801	0.72447	0.85156	0.73718	0.92782	0.97866	1.13118	0.72447	0.6355	0.72447	0.40672	0.78801	1.22015	1.39809	1.13118	0.81343	0.39401	1.06763	0.99137	0.57195	1.63958	0.71176	1.05492	0.86427	1.11847	0.72447	0.82614	0.64821	0.66092	0.68634	0.73718	0.80072	1.25828	0.69905	0.83885	0.49569	0.59737	0.5084	0.68634	1.05492	0.85156	0.92782	0.86427	0.66092	0.61008	0.57195	0.49569	0.54653	1.20744	1.46164	0.72447	0.96595	0.61008	0.62279	1.24557	0.99137	0.73718	1.0295	1.25828	0.58466	0.47027	1.00408	0.92782	0.92782	0.74989	1.22015	0.9024	0.47027	0.34317	0.95324	0.26691	1.06763	0.7626	0.80072	0.80072	0.94053	1.65229	1.04221	0.68634	0.64821	0.95324	0.5084	0.78801	0.52111	0.71176	0.59737	0.31775	0.61008	0.55924	0.62279	0.95324	1.00408	0.59737	0.67363	0.99137	0.57195	1.05492	0.69905	0.64821	0.3813	1.00408	0.61008	0.68634	0.41943	0.73718	0.78801	0.71176	0.73718	1.00408	0.97866	0.85156	0.96595	0.49569	0.52111	0.6355	0.7626	0.61008	0.82614	0.57195	0.40672	0.82614	0.78801	0.68634	0.71176	0.52111	0.52111	0.61008	1.09305	0.7753	0.81343	0.83885	0.40672	0.36859	0.67363	0.67363	0.85156	1.09305	0.81343	0.85156	1.01679	0.83885	1.11847	0.92782	0.7626	1.24557	0.58466	1.08034	0.59737	0.99137	1.13118	0.97866	1.24557	0.59737	0.33046	1.04221	0.44485	0.88969	0.88969	0.39401	0.40672	0.74989	1.01679	0.68634	0.55924	1.1566	1.0295	0.67363	0.7626	0.81343	0.99137	0.72447	0.43214	0.67363	1.29641	0.78801	0.82614	0.92782	0.54653	1.13118	0.6355	0.71176	0.30504	0.57195	1.0295	0.53382	0.3813	0.87698	1.05492	0.85156	0.78801	0.87698	1.06763	0.6355	0.99137	1.01679	0.40672
cell20	0.9164	0.8882	1.66362	1.45214	1.00099	1.26886	1.42394	0.98689	1.39575	0.69082	0.8741	0.81771	0.84591	1.15607	1.48034	0.98689	0.97279	0.78951	0.63443	1.53673	0.59214	0.77542	0.73312	1.05738	0.54984	0.56394	0.9587	0.80361	1.39575	1.32526	1.28296	0.21148	1.18427	1.26886	1.02919	0.8741	1.57903	1.28296	0.67673	0.73312	0.70492	0.54984	0.9587	0.98689	1.14198	1.17017	1.69182	1.24066	1.09968	1.29706	0.98689	0.80361	0.71902	0.50754	0.8882	0.83181	1.12788	1.35345	1.17017	0.84591	0.8741	0.80361	1.36755	0.70492	0.98689	0.67673	1.50854	1.14198	0.66263	1.01509	1.35345	0.59214	0.60623	0.66263	0.9446	0.45115	0.66263	0.81771	1.56493	1.09968	1.8187	0.9446	1.66362	0.9446	0.62033	1.05738	1.02919	1.08558	0.98689	0.74722	0.45115	0.43705	0.69082	1.08558	0.98689	1.01509	1.35345	0.8882	1.01509	1.09968	1.28296	0.73312	0.59214	1.15607	1.09968	1.12788	1.29706	0.76132	1.01509	0.71902	0.47935	0.46525	1.62132	0.9023	0.98689	1.33935	1.12788	1.11378	0.8882	0.74722	1.28296	1.28296	1.19837	1.22657	0.70492	1.25476	1.60722	1.46624	1.05738	0.83181	0.86001	0.98689	1.05738	1.74821	0.84591	0.78951	0.71902	0.57804	1.18427	0.9164	0.9023	0.47935	0.81771	1.24066	1.39575	0.73312	1.8751	0.97279	0.70492	0.64853	1.32526	1.12788	0.63443	0.59214	1.25476	0.98689	1.38165	0.97279	0.81771	0.57804	1.28296	0.80361	1.21247	1.21247	0.62033	0.9164	0.66263	0.63443	0.83181	1.53673	0.9023	0.9164	0.67673	0.9446	1.31116	0.81771	1.08558	0.9446	0.62033	1.72001	0.9164	1.48034	1.33935	0.84591	0.54984	1.66362	0.84591	0.60623	1.22657	0.73312	0.97279	0.81771	1.43804	0.98689	1.39575	0.97279	1.52263	1.01509	1.36755	1.36755	0.97279	0.73312	0.8882	1.05738	0.98689	1.48034	0.73312	0.83181	0.83181	0.9587	0.9446	1.08558	0.80361	0.74722	0.9446	1.42394	1.17017	1.00099	1.07148	0.77542	1.7905	1.19837	1.28296	1.05738	1.8046	0.84591	0.9587	0.9587	1.40985	0.77542	1.14198	0.8882	1.07148	0.84591	1.22657	1.46624	1.33935	0.9023	0.8882	0.77542	0.8741	0.71902	0.66263	1.08558	0.9587	1.02919	0.70492	1.00099	0.52164	1.18427	0.8882	1.09968	1.21247	1.07148	0.77542	1.07148	0.77542	1.11378	0.9023	1.04329	1.11378	0.83181	1.08558	1.04329	0.81771	0.83181	0.45115	0.53574	1.02919	1.08558	0.73312	1.28296	0.98689	0.98689	1.12788	1.09968	1.04329	0.60623	1.39575	1.24066	0.81771	0.43705	0.63443	1.14198	0.73312	0.73312	0.28197	0.86001	1.22657	0.81771	0.78951	1.46624	0.78951	1.28296	0.9587	1.11378	0.81771	1.59313	0.63443	0.8741	0.9164	0.9023	0.9305	1.00099	0.9446	1.33935	1.39575	0.66263	1.14198	0.83181	0.97279	1.28296	0.57804	1.07148	0.69082	0.98689	1.17017	0.52164	0.70492	1.55083	0.9164	0.9305	1.39575	0.62033	1.33935	1.29706	1.22657	1.35345	1.36755	1.17017	1.17017	1.00099	1.21247	0.84591	1.50854	1.01509	1.05738	1.05738	0.81771	1.52263	0.9587	1.04329	0.81771	0.83181	1.32526	1.22657	0.81771	1.32526	0.84591	1.07148	1.48034	0.76132	0.78951	0.74722	0.8882	1.24066	1.07148	0.66263	1.49444	0.86001	0.63443	1.43804	1.04329	0.78951	0.69082	0.71902	0.60623	0.67673	1.01509	1.05738	0.57804	1.24066	1.24066	0.80361	0.9446	1.15607	1.56493	0.9023	1.17017	0.49345	0.9446	0.77542	1.19837	0.66263	1.08558	0.84591	0.69082	0.9305	0.69082	0.8741	0.50754	1.46624	1.39575	0.9305	0.9305	0.84591	0.66263	1.15607	0.9587	1.09968	1.11378	1.07148	1.72001	1.91739	1.22657	0.8741	1.19837	0.69082	1.95969	0.78951	0.73312	1.56493	0.38066	1.53673	1.11378	1.77641	1.32526	0.9164	0.57804	0.71902	0.9587	0.97279	1.18427	0.69082	0.77542	1.04329	0.70492	0.84591	0.86001	1.40985	1.50854	1.25476	0.47935	0.53574	1.18427	0.83181	0.71902	0.81771	0.69082	0.77542	1.07148	1.18427	1.07148	0.8882	0.97279	0.69082	0.76132	1.15607	0.9587	0.74722	1.19837	0.56394	0.59214	0.9446	0.81771	1.04329	0.69082	0.49345	1.11378	0.84591	1.02919	0.98689	1.76231	1.29706	0.70492	0.78951	1.45214	1.11378	1.02919	1.42394	0.46525	0.8741	0.9164	0.56394	0.86001	1.24066	1.17017	1.24066	0.47935	0.8882	1.01509	1.08558	0.77542	0.63443	2.26985	1.77641	1.77641	0.81771	0.9164	1.02919	0.80361	0.50754	0.56394	1.00099	0.98689	1.09968	1.00099	0.83181
cell21	1.2543	1.06984	0.95179	0.48696	1.68961	0.9149	1.30594	0.82636	1.18051	0.79685	1.18051	1.70437	1.3871	1.8298	0.89276	0.96655	1.39448	1.06984	1.15838	1.91834	1.3871	0.87801	2.27249	0.49434	1.11411	1.63796	1.15838	1.29119	0.90014	0.84112	1.37973	1.4904	1.151	0.6788	2.05852	0.51648	0.92966	1.79291	1.22478	1.21741	0.75258	1.30594	1.58632	0.47958	1.19527	1.13625	1.04771	1.47564	1.0846	1.41662	1.57894	1.22478	0.82636	0.95917	1.52729	1.4904	1.04033	1.6601	0.75996	1.09198	1.12887	1.27643	1.29119	0.68617	1.34284	0.19921	1.13625	1.63796	1.04771	1.23954	0.81898	1.02557	1.57894	0.77471	0.89276	1.24692	0.64928	1.36497	1.26167	0.6419	1.53467	1.26905	1.05508	1.59369	1.41662	1.22478	1.57894	0.96655	2.1692	1.28381	1.12149	1.62321	1.7265	1.2543	1.151	0.63453	0.95179	1.07722	3.54154	1.0846	0.96655	1.29857	1.39448	1.80766	0.79685	1.29119	0.7452	0.95179	1.17314	0.77471	1.95523	1.4904	1.48302	0.92228	1.23954	1.06984	0.95179	1.04033	0.95917	1.68223	0.90752	1.54943	1.54205	1.53467	1.02557	0.90752	1.64534	1.46089	0.96655	1.10673	0.84112	2.56024	1.09198	1.19527	0.72307	1.06984	0.60501	2.05114	1.51991	1.59369	1.16576	1.40924	1.04771	0.80423	1.51253	1.57894	1.424	1.84455	1.09198	0.82636	0.90014	1.2543	0.36891	1.00344	0.98868	0.67142	1.19527	1.12887	1.14362	0.95179	1.151	1.74864	1.09935	1.4904	0.81898	1.59369	1.01819	1.151	1.88882	0.98868	0.47221	1.151	1.44613	1.3207	1.10673	1.37973	1.05508	0.87063	1.01819	1.84455	0.75258	1.66748	2.2356	1.71175	0.99606	1.14362	0.93703	1.69699	0.80423	2.16182	0.70831	0.27299	0.9813	1.27643	0.9813	1.59369	0.97392	0.78209	1.26905	1.40186	1.26167	1.21003	1.424	1.44613	0.84849	1.18051	1.26167	1.151	1.16576	1.37235	0.80423	1.36497	1.21003	0.61239	1.23216	1.30594	1.2543	1.02557	1.03295	1.82242	1.32808	1.17314	1.09198	1.13625	2.04377	1.57894	0.90014	0.98868	1.47564	1.37973	0.98868	0.85587	0.6419	1.23216	1.65272	0.9149	0.75996	1.68223	1.04771	0.86325	1.51253	1.35759	0.9813	1.68223	0.59764	0.61977	0.71569	0.6788	0.63453	1.05508	1.14362	0.54599	0.39105	0.75258	0.95917	0.5091	0.61239	1.09198	0.92228	0.70093	1.03295	0.56074	0.90752	0.60501	1.3207	0.65666	0.84112	0.45745	1.16576	1.60845	1.57894	0.58288	0.47221	0.98868	0.79685	1.07722	0.3394	0.60501	0.66404	0.39105	0.47958	0.6788	0.67142	0.4058	0.80423	1.29857	0.77471	0.80423	0.75996	1.02557	0.73044	0.49434	0.7452	0.52385	0.48696	0.82636	0.9813	1.17314	0.43531	0.60501	0.84849	0.78947	0.5755	0.85587	0.5091	0.81898	0.73782	1.33546	0.62715	0.85587	0.83374	0.94441	1.01082	0.76733	1.05508	1.12887	0.92966	0.76733	0.80423	0.59764	0.49434	0.69355	0.95179	0.58288	0.60501	0.67142	0.80423	0.60501	0.67142	1.06984	0.67142	1.35021	1.05508	0.42056	0.73044	0.99606	0.98868	0.93703	1.16576	1.41662	0.65666	0.50172	0.73782	0.77471	0.36891	0.72307	0.9149	1.29857	0.6788	0.83374	0.36153	0.48696	0.90014	0.50172	0.64928	0.59764	0.68617	1.04771	0.87063	0.46483	0.9813	1.02557	0.68617	0.6419	1.01819	0.82636	1.04033	0.6419	0.75258	0.66404	1.09198	0.70831	1.04033	1.12149	1.151	0.5091	0.84849	1.12887	0.56812	0.65666	0.73044	0.75996	1.02557	0.42056	0.73782	0.81898	0.87063	0.64928	0.56812	0.70093	0.68617	1.22478	0.68617	0.8116	0.87063	0.70831	1.12887	0.61977	0.71569	0.70831	0.48696	1.12887	0.70831	1.3207	1.23216	0.71569	0.59764	0.83374	1.11411	0.39842	1.05508	0.83374	0.95917	0.60501	0.81898	0.77471	0.68617	0.97392	0.69355	0.75996	0.80423	0.87801	0.56812	1.3207	1.01819	1.23216	0.53861	0.70093	0.83374	0.64928	0.6788	0.68617	1.07722	0.5755	0.73044	0.67142	0.6788	0.96655	1.09198	0.82636	0.64928	1.26905	0.58288	0.66404	0.5755	0.47958	0.7452	0.71569	0.56074	0.3394	0.95917	0.6788	1.09198	1.34284	1.05508	0.8116	0.61239	1.00344	0.92228	1.14362	0.60501	0.67142	0.68617	0.64928	0.6419	0.9149	0.72307	0.79685	1.35021	0.59026	0.99606	0.52385	1.04033	0.54599	0.56074	0.75996	1.06246	0.49434	0.9149	1.01082	0.61977	0.67142	0.5091	0.72307	0.76733	0.58288	0.87063	0.80423	0.60501	0.59026	0.84112	0.65666	0.90014	0.90752	1.17314	0.76733	0.9149	0.61239
cell22	1.21045	1.37857	1.97259	1.51306	2.14071	0.45952	1.16562	1.5691	1.34495	1.49065	0.89663	0.88542	2.03984	0.91905	0.94146	0.59402	0.65006	2.03984	1.32253	1.995	1.8493	1.04233	1.23287	1.23287	1.86051	1.8493	1.12079	0.41469	0.93025	0.8518	1.1432	1.18804	0.8518	0.86301	0.7173	0.87422	0.63885	0.93025	0.81818	0.9975	0.58281	1.28891	0.94146	0.98629	1.132	0.5716	0.49315	0.84059	2.60023	0.8518	1.9838	0.7061	0.8518	1.05354	1.4234	0.69489	0.82938	1.45703	1.35615	0.98629	2.09587	1.132	1.87172	1.52427	1.17683	1.68118	1.09837	0.96388	0.4259	0.62764	1.19924	1.7036	1.49065	1.05354	0.52677	0.96388	1.43461	1.43461	1.07596	0.84059	0.88542	1.47944	1.52427	1.65877	1.31132	1.35615	1.9838	0.75093	0.80697	1.37857	1.38978	1.09837	1.89413	1.41219	0.84059	1.05354	1.61394	0.98629	1.07596	0.76214	2.00621	2.54419	1.16562	1.83809	2.35366	1.132	0.87422	1.23287	0.56039	0.9975	1.52427	1.28891	1.68118	1.1432	0.88542	0.62764	1.06475	0.84059	0.82938	2.02863	0.65006	1.03113	1.07596	0.98629	1.03113	1.62514	1.06475	1.43461	1.92776	1.31132	1.15441	2.49936	0.58281	1.52427	0.90784	1.16562	0.87422	0.5716	0.75093	1.28891	1.54669	1.69239	0.8518	1.15441	1.60273	1.17683	1.5691	0.75093	0.94146	1.88292	1.03113	1.69239	1.09837	0.87422	0.77334	0.86301	1.68118	1.03113	1.37857	1.05354	0.87422	0.91905	1.72601	1.44582	1.91655	1.22166	0.48194	1.22166	1.23287	1.16562	1.51306	1.30011	1.23287	1.01992	1.24408	1.41219	1.37857	0.61643	0.90784	1.51306	0.8518	1.17683	1.34495	0.75093	0.54919	1.31132	1.66998	0.89663	0.9975	1.00871	2.02863	1.83809	0.73972	1.58031	0.82938	1.19924	1.60273	1.43461	1.46823	1.17683	1.49065	1.09837	1.22166	1.34495	1.26649	1.05354	1.21045	1.19924	1.34495	1.66998	1.34495	0.79576	1.32253	1.07596	1.52427	1.32253	1.5691	1.15441	1.2777	0.80697	1.86051	0.96388	0.88542	0.68368	1.08716	1.03113	1.5691	0.8518	1.87172	1.60273	1.95017	0.78455	1.51306	1.21045	0.9975	1.54669	1.53548	1.5691	0.90784	0.94146	1.26649	0.90784	1.66998	0.90784	0.79576	0.49315	0.89663	0.80697	0.84059	0.73972	0.47073	0.7173	0.60523	0.82938	0.88542	0.2802	0.47073	0.41469	0.76214	0.68368	1.16562	1.49065	0.97509	1.37857	0.58281	0.59402	0.81818	0.66127	0.68368	1.18804	0.82938	0.65006	1.09837	0.73972	0.7173	0.90784	0.69489	0.47073	0.67247	0.97509	0.32503	0.78455	1.25528	0.94146	0.87422	0.60523	0.65006	1.132	0.77334	0.5716	0.93025	0.54919	0.78455	0.48194	0.7173	0.91905	0.48194	0.80697	0.50435	0.91905	0.75093	0.87422	0.80697	0.50435	1.01992	0.98629	1.03113	1.26649	0.68368	0.68368	0.38107	0.73972	0.73972	0.59402	0.53798	1.2777	0.34744	0.9975	0.50435	0.54919	0.76214	0.9975	1.132	0.58281	0.50435	0.32503	0.90784	0.5716	0.61643	0.68368	0.75093	1.25528	0.8518	0.62764	1.35615	1.04233	0.76214	0.66127	0.56039	0.75093	1.2777	0.72851	0.5716	0.76214	1.16562	0.67247	0.90784	0.63885	1.03113	0.9975	0.38107	0.87422	0.77334	0.38107	0.32503	0.94146	0.78455	0.62764	1.16562	0.5716	0.50435	0.49315	0.61643	0.94146	0.53798	1.16562	0.68368	0.54919	1.00871	0.7173	0.78455	0.36986	0.51556	0.90784	0.52677	0.79576	1.132	1.38978	1.06475	0.77334	0.98629	0.96388	0.59402	1.01992	0.43711	0.93025	0.82938	0.56039	0.25778	1.2777	0.54919	0.82938	0.89663	0.60523	1.38978	0.53798	1.32253	0.32503	0.51556	0.86301	0.59402	0.88542	0.73972	0.87422	0.73972	0.43711	0.25778	1.00871	0.66127	1.17683	1.09837	0.81818	0.43711	0.93025	0.90784	1.4234	0.82938	0.94146	0.97509	0.25778	0.69489	0.72851	0.44832	0.65006	1.03113	0.7173	1.05354	0.65006	1.17683	1.40099	0.62764	0.49315	0.84059	0.78455	0.81818	0.80697	1.26649	0.8518	0.26899	0.95267	0.56039	0.5716	1.07596	0.76214	0.8518	1.01992	1.03113	1.22166	1.00871	0.7173	0.96388	1.00871	1.132	0.56039	0.72851	0.89663	1.25528	0.8518	0.93025	1.132	0.38107	0.77334	0.78455	0.40348	0.94146	1.03113	0.8518	0.65006	0.88542	0.50435	0.63885	0.25778	0.69489	0.53798	0.60523	0.93025	0.77334	0.62764	0.77334	0.5716	0.40348	0.98629	1.2777	0.78455	0.7173	1.34495	0.39228	0.73972	0.66127	0.82938	0.77334	1.01992	0.80697	0.7061	1.30011	0.7173	0.72851	1.05354
cell23	0.88999	0.50696	0.70974	0.93505	1.5434	0.721	0.65341	0.69847	1.16037	0.55202	1.41948	0.48442	0.91252	1.23923	0.73227	0.91252	1.72365	1.22796	1.20543	1.13784	0.85619	0.64214	0.90126	1.07024	0.79986	1.39695	0.64214	1.17163	1.09277	1.1153	0.84493	1.17163	0.45063	1.27302	0.99138	1.09277	0.92379	0.66468	1.36315	0.84493	1.5434	1.19416	0.88999	0.87872	0.49569	1.41948	1.73492	1.43074	0.91252	1.32935	1.13784	1.67859	1.83631	1.02518	1.02518	2.19681	1.17163	1.31809	1.80251	1.16037	1.12657	0.99138	1.92643	1.9377	1.21669	1.65606	1.05898	1.31809	1.9039	2.02782	1.29555	1.43074	0.87872	1.77998	1.75745	1.19416	1.1153	1.76871	0.8224	0.95758	1.09277	0.43936	0.47316	0.33797	0.28164	0.721	0.4281	0.55202	0.56328	0.60835	1.16037	0.66468	1.48707	0.77733	1.28429	1.35188	0.94632	1.39695	0.52949	1.38568	1.45327	0.96885	1.41948	0.60835	1.34062	0.74354	1.16037	1.39695	0.8224	0.74354	0.84493	1.19416	0.91252	0.67594	0.40556	1.56593	1.07024	0.83366	0.55202	0.81113	1.66732	1.09277	0.92379	0.7548	1.04771	0.54075	0.70974	1.71239	0.79986	0.65341	0.7548	0.87872	0.87872	0.87872	0.83366	1.37441	1.27302	0.7548	0.94632	1.22796	1.75745	1.36315	0.63088	0.51822	0.7548	1.1491	0.58582	0.8224	0.52949	1.22796	1.10404	1.30682	2.21934	0.8224	0.73227	1.40821	0.63088	0.77733	1.25049	0.99138	1.87011	0.76607	0.91252	0.81113	0.91252	0.79986	1.05898	0.55202	0.60835	1.25049	1.43074	1.25049	1.1829	0.65341	0.7548	0.83366	0.92379	1.49834	1.07024	0.73227	0.87872	0.76607	1.07024	0.96885	1.45327	1.35188	0.94632	1.25049	1.29555	0.52949	0.64214	0.3943	0.69847	1.53213	1.09277	0.52949	1.55467	0.31544	0.79986	1.03644	0.74354	0.96885	0.81113	1.19416	0.93505	0.85619	1.1829	1.36315	1.08151	0.8224	0.94632	1.07024	0.99138	1.08151	0.81113	1.13784	1.17163	0.84493	0.95758	1.1829	1.09277	0.85619	0.88999	0.64214	0.8224	1.02518	1.19416	0.63088	0.91252	1.00265	1.46454	0.77733	0.93505	2.05036	1.13784	1.01391	1.00265	1.28429	0.87872	0.99138	0.76607	0.74354	1.09277	0.79986	0.87872	0.87872	0.57455	1.28429	1.10404	0.77733	1.87011	0.65341	0.65341	0.65341	0.63088	0.85619	0.86746	0.63088	0.90126	0.99138	0.85619	1.1153	0.8224	1.12657	0.49569	0.94632	0.86746	0.74354	1.23923	0.83366	1.27302	0.76607	0.7548	0.84493	0.7886	1.1829	1.02518	0.88999	1.38568	1.00265	0.93505	0.86746	1.67859	1.10404	0.98012	1.5434	1.55467	1.00265	0.96885	0.87872	0.25911	1.27302	1.41948	1.01391	0.87872	0.64214	1.05898	0.91252	0.8224	0.58582	0.70974	0.43936	0.66468	0.8224	0.74354	1.21669	0.67594	0.74354	1.07024	0.58582	0.90126	1.29555	1.19416	0.86746	0.7886	1.1153	1.36315	0.69847	0.94632	1.03644	1.1829	0.65341	1.02518	0.84493	0.59708	0.46189	0.46189	0.92379	0.7886	1.1491	0.47316	1.64479	2.63617	0.60835	0.54075	0.721	0.85619	0.88999	1.52087	0.52949	0.98012	1.03644	1.09277	1.55467	1.5772	1.02518	0.67594	1.1491	2.53478	0.3605	0.92379	1.00265	1.37441	0.93505	0.67594	0.41683	1.35188	1.64479	0.70974	0.85619	1.02518	0.94632	0.69847	1.07024	1.08151	1.07024	0.96885	0.74354	0.92379	1.43074	0.29291	1.00265	1.20543	0.73227	0.85619	0.721	0.45063	1.1491	0.99138	1.71239	0.7548	0.94632	0.87872	0.58582	0.41683	1.28429	1.41948	0.96885	1.45327	0.68721	0.92379	0.56328	1.39695	0.65341	1.19416	0.56328	0.95758	0.83366	1.58846	1.12657	1.13784	1.05898	0.96885	0.77733	1.13784	1.01391	1.12657	1.40821	0.41683	0.98012	0.67594	1.25049	0.40556	1.02518	0.66468	1.1153	0.83366	1.25049	0.88999	0.88999	1.32935	1.16037	0.52949	0.94632	0.56328	0.81113	0.8224	0.81113	0.96885	0.67594	0.88999	1.19416	0.90126	1.00265	1.39695	0.86746	0.83366	1.56593	0.63088	1.27302	0.77733	0.84493	1.1491	0.70974	0.81113	1.76871	1.23923	0.79986	0.70974	0.54075	0.70974	1.31809	0.3943	0.88999	1.21669	1.5772	0.7548	0.49569	0.73227	0.49569	0.74354	1.20543	1.29555	1.08151	1.04771	1.5772	0.77733	1.36315	0.96885	1.53213	1.48707	1.19416	1.64479	1.61099	0.65341	1.48707	0.69847	0.87872	0.95758	1.00265	0.64214	1.34062	1.28429	1.12657	0.81113	0.63088	1.16037	0.76607	1.00265	1.59973	0.3943	1.10404	0.96885	0.96885	0.86746	0.65341	0.43936	0.3605
cell24	1.36456	1.32957	1.36456	1.32957	1.09864	1.04966	1.2246	1.28758	0.72077	0.64379	1.14063	1.5465	1.59548	1.24559	1.12663	1.44153	0.63679	0.6088	1.30158	0.76275	1.5395	0.83973	1.11264	0.83973	1.11964	0.9097	0.89571	0.65079	1.06365	0.44785	1.00767	0.43386	0.95869	0.90271	1.18262	0.9167	0.74876	1.37155	0.51783	0.6018	1.57449	0.77675	0.73476	1.30857	0.69977	1.02167	0.71377	1.81241	1.02867	2.11331	1.39954	1.95936	0.74876	1.42054	1.97336	1.40654	1.86139	1.90338	0.85372	2.03634	2.07832	1.72844	1.18961	2.41421	0.93769	1.27359	1.28058	1.58149	1.91038	0.76975	1.57449	1.11264	1.88939	1.58149	1.8334	0.6298	0.87472	0.88871	1.02167	0.6158	0.97968	0.35688	0.54582	0.38487	0.85372	0.81873	0.58081	0.45485	0.66478	0.55282	0.94469	0.99368	0.81873	0.80474	1.19661	1.05666	1.00067	0.76975	0.70677	1.14063	0.90271	0.69277	1.2316	1.09164	1.16862	1.2176	0.93769	1.09164	1.57449	0.77675	1.16862	0.50384	0.9307	0.64379	0.90271	1.5465	0.48284	1.46252	0.81174	0.98668	0.67878	1.00067	1.08465	0.93769	0.50384	1.17562	0.73476	0.73476	0.82573	1.25959	0.84672	0.9307	0.89571	0.83973	1.17562	1.48352	0.68578	1.39954	0.95169	0.84672	1.57449	1.81941	1.04966	0.49684	0.47585	0.38487	1.62347	0.71377	0.64379	0.74176	1.28058	1.06365	0.96569	0.54582	0.65779	0.96569	1.16162	0.83273	1.09864	1.00767	1.10564	0.84672	1.77042	1.2176	1.24559	1.36456	1.28058	1.10564	0.49684	0.72077	0.97968	1.01467	0.97268	0.6298	0.70677	1.11964	0.73476	0.80474	1.2386	2.1553	0.9097	0.9167	1.31557	1.5255	0.73476	0.79074	0.81873	1.2246	0.80474	0.76975	0.6018	0.79774	1.06365	0.76975	0.99368	0.54582	0.9307	1.56749	1.2316	0.80474	0.46885	0.82573	1.05666	0.46885	0.93769	0.70677	0.9307	0.72776	1.11964	0.9097	0.97268	1.03566	0.64379	1.03566	0.76975	0.69977	2.05033	1.27359	1.32257	1.37855	1.42754	1.40654	0.86072	0.55982	0.87472	0.9097	0.83973	1.06365	0.53183	1.04966	1.04966	1.73544	1.36456	0.51083	1.42754	0.86072	0.9097	0.76275	1.07765	0.72077	0.95169	0.77675	0.74876	0.54582	0.77675	0.81873	0.72077	1.05666	0.71377	1.26659	0.81174	0.48284	0.54582	0.88871	1.15462	0.72776	1.28058	0.84672	0.64379	0.79074	2.19029	1.61647	1.2386	1.33657	0.73476	1.33657	1.46252	1.42054	1.49751	0.9307	1.11264	0.97268	0.73476	1.06365	0.89571	0.99368	1.21061	0.79074	0.3079	1.17562	0.50384	1.10564	1.11264	0.99368	0.94469	0.93769	0.9097	0.6298	0.76975	0.85372	1.18961	1.2176	1.02167	0.95169	1.2176	0.78375	1.11264	0.98668	1.13363	0.6298	1.05666	1.17562	0.6158	0.58081	1.72144	0.37088	0.90271	1.31557	0.96569	1.15462	0.88171	1.25259	0.83273	1.42054	1.14063	0.9307	1.07765	0.73476	1.05666	1.24559	0.72776	1.56749	0.94469	1.14063	0.76275	1.35756	0.6018	0.70677	1.17562	1.02167	0.90271	1.15462	0.48284	1.56749	0.68578	1.10564	0.97968	1.01467	0.86072	1.90338	0.67878	0.49684	1.10564	0.73476	1.16862	1.08465	1.00067	1.14763	0.67878	0.82573	1.12663	0.72776	1.04266	1.03566	0.90271	1.14763	0.68578	0.68578	0.95869	1.2316	0.97268	0.51083	2.03634	1.40654	0.75575	1.27359	0.51083	1.34356	0.52483	1.38555	0.74876	0.87472	1.44853	1.01467	0.77675	0.64379	0.9097	1.49751	0.9237	1.14063	0.88871	0.9097	1.2386	1.2386	0.65779	1.32257	0.97268	1.02167	0.72776	0.67178	1.11964	1.24559	0.90271	1.03566	1.12663	1.00067	0.39887	1.44153	0.88171	1.10564	0.79774	1.02167	0.69277	1.09164	1.16862	0.69277	0.65779	0.83973	0.81174	0.80474	1.16162	0.84672	0.57381	0.86772	0.41986	0.72776	0.79074	1.37155	0.48984	0.71377	0.68578	0.80474	0.97268	0.39887	0.55282	0.67878	1.05666	0.76975	1.07065	0.98668	0.95869	0.85372	0.51083	1.17562	0.9167	1.09164	1.73544	1.07065	0.6228	1.29458	0.9237	1.18961	0.46885	0.58081	0.80474	0.97968	0.58781	1.26659	0.88871	0.56682	0.42686	1.01467	0.66478	0.47585	1.04966	0.97968	1.64447	1.10564	0.65779	1.07765	0.88171	1.79841	0.55282	1.30158	0.3079	1.08465	0.80474	1.45553	1.42054	0.56682	1.12663	1.14763	0.95869	0.87472	0.46885	0.84672	1.00067	0.57381	1.39255	1.65846	1.26659	1.2246	1.60248	0.9307	0.33589	0.79074	1.42754	0.88871	0.86072	0.73476	0.67178	1.19661	0.97268	1.28758	0.39887	1.38555	0.69277	1.08465
cell25	0.93922	0.67766	0.68955	0.95111	0.963	0.428	0.73711	1.54555	0.82033	0.856	0.76089	0.65389	0.93922	1.55744	0.89166	1.49799	1.07	1.30777	0.72522	1.70011	0.35667	0.77278	1.177	0.60633	0.93922	0.73711	0.49933	1.04622	1.24833	0.856	1.02244	1.24833	1.59311	1.24833	1.29588	1.45044	1.22455	0.49933	0.49933	0.97489	0.87977	1.20077	1.02244	0.83222	0.856	0.71333	1.36722	0.92733	1.14133	1.96166	0.54689	0.55878	0.68955	2.13999	1.34344	0.80844	1.04622	1.01055	0.642	1.02244	0.87977	0.80844	0.66578	1.08189	0.70144	1.09377	0.68955	1.22455	1.40288	0.963	1.36722	1.12944	1.12944	0.749	0.97489	0.90355	0.66578	1.01055	0.79655	1.23644	0.28533	0.55878	0.97489	1.177	0.90355	0.82033	1.24833	0.79655	0.90355	1.37911	1.21266	1.53366	1.18888	1.34344	0.428	1.58122	1.22455	0.72522	0.78466	1.04622	1.35533	0.78466	0.70144	0.70144	0.70144	0.57066	0.66578	0.67766	0.84411	0.856	0.642	1.87844	0.82033	1.56933	0.90355	0.63011	0.57066	1.74766	1.14133	0.95111	1.177	1.42666	1.284	1.10566	0.71333	1.94977	0.67766	1.177	1.21266	0.70144	0.71333	0.90355	0.19022	1.05811	0.79655	1.61688	0.73711	0.87977	0.43989	0.61822	0.99866	1.50988	0.82033	0.97489	0.856	1.02244	0.70144	1.50988	0.67766	1.37911	0.80844	0.963	1.22455	1.27211	1.40288	0.78466	0.77278	1.24833	1.56933	1.49799	0.92733	1.22455	0.54689	1.37911	1.31966	0.61822	1.55744	1.41477	0.642	1.18888	1.26022	1.07	1.16511	1.07	0.79655	1.24833	0.90355	0.89166	0.90355	0.642	1.31966	0.95111	0.963	0.428	0.49933	1.23644	0.52311	0.93922	0.49933	0.99866	0.79655	1.58122	0.65389	0.48744	0.27344	1.391	0.61822	0.65389	1.47422	1.11755	1.09377	1.52177	0.98677	0.86789	1.09377	0.28533	1.27211	1.01055	1.391	0.71333	1.04622	0.54689	0.46367	0.77278	0.87977	1.72388	1.34344	1.08189	1.284	0.98677	0.93922	0.66578	1.40288	1.05811	1.22455	0.61822	1.05811	0.89166	1.11755	0.55878	2.19944	1.23644	0.87977	0.68955	0.89166	0.99866	0.87977	0.65389	1.01055	0.72522	0.963	0.82033	0.55878	0.98677	0.65389	1.34344	0.98677	1.12944	0.49933	0.749	1.31966	1.14133	0.51122	2.56799	0.91544	1.53366	0.78466	0.89166	0.61822	1.45044	0.856	1.07	0.856	1.12944	0.43989	1.177	0.84411	1.58122	1.68822	0.91544	1.11755	0.59444	0.83222	1.11755	1.26022	0.89166	0.79655	1.40288	0.67766	0.55878	1.53366	0.84411	0.70144	0.84411	0.54689	0.78466	1.58122	1.34344	1.20077	0.93922	1.09377	1.16511	0.63011	1.03433	1.35533	0.58255	1.52177	0.52311	1.60499	0.856	1.58122	1.61688	0.95111	0.77278	1.41477	1.37911	0.79655	0.79655	1.09377	1.53366	0.86789	1.52177	0.82033	1.20077	0.98677	1.10566	0.86789	0.856	1.24833	0.72522	0.86789	0.98677	1.284	1.20077	0.63011	1.67633	0.963	0.84411	1.24833	0.38044	0.97489	1.36722	0.77278	0.76089	1.53366	0.963	1.49799	1.01055	1.391	1.14133	1.18888	0.78466	1.65255	0.97489	0.963	0.78466	0.856	0.61822	0.95111	0.642	1.23644	0.63011	0.70144	1.08189	1.27211	1.33155	1.09377	0.79655	1.05811	0.90355	0.749	1.47422	0.93922	0.87977	0.749	0.65389	0.535	0.95111	1.72388	1.284	1.62877	0.70144	0.535	1.48611	0.93922	0.71333	0.90355	1.22455	0.95111	1.07	0.60633	1.49799	1.284	1.01055	1.177	1.49799	1.07	0.97489	0.89166	1.37911	1.03433	0.84411	0.76089	1.01055	1.23644	0.68955	0.93922	0.65389	0.79655	0.76089	1.27211	1.01055	0.90355	0.78466	0.79655	0.535	0.89166	0.70144	1.42666	1.12944	1.34344	0.73711	1.56933	1.04622	0.67766	0.87977	1.07	1.22455	0.82033	0.83222	1.14133	0.90355	0.428	1.11755	1.23644	0.92733	1.09377	1.27211	0.59444	0.54689	1.50988	1.01055	1.10566	1.12944	0.92733	0.80844	1.391	1.83088	0.16644	0.93922	1.03433	0.86789	1.02244	1.08189	0.63011	1.03433	0.98677	0.93922	1.10566	0.83222	0.89166	0.97489	0.82033	1.74766	1.01055	1.86655	1.01055	1.24833	0.83222	0.66578	0.52311	1.11755	1.11755	1.12944	1.15322	0.91544	0.86789	1.59311	0.54689	0.95111	0.76089	0.93922	0.91544	1.30777	1.26022	0.99866	0.78466	0.47555	0.39233	1.10566	1.24833	1.15322	0.63011	0.84411	0.91544	1.37911	1.12944	0.52311	1.50988	0.66578	0.54689	0.49933	0.79655	1.12944	1.08189	0.97489	1.02244	0.84411
cell26	0.70763	0.93461	1.30845	1.10818	0.64755	1.62889	0.95464	1.2417	0.98802	1.19497	1.22167	0.53406	1.2684	1.82249	1.54878	1.82249	1.10818	1.3218	2.33652	0.99469	0.98802	1.36854	0.98134	0.80777	0.8812	1.34851	0.59414	2.60356	0.8812	0.64755	1.28175	1.16826	0.84782	1.54878	1.30845	1.00137	1.02139	1.44197	1.34851	1.05477	0.76104	1.08148	1.2951	2.22304	0.87453	1.18829	1.00137	1.63557	1.79579	1.5154	0.80109	1.38856	1.02807	1.21499	1.23502	1.3218	0.97466	1.34183	1.09483	1.98938	1.90927	1.99606	1.0481	0.69428	0.81445	0.83447	0.73434	0.79442	1.19497	1.78911	1.30845	1.12821	1.42194	0.69428	1.44864	1.22834	0.55409	0.94129	1.20164	1.40191	1.77576	0.99469	0.81445	1.78911	1.01472	1.3218	0.80109	0.78107	0.86785	1.0748	1.96268	1.76241	1.0748	1.50205	0.58079	1.39524	1.05477	1.42862	1.709	1.66895	1.0748	0.99469	1.14156	1.00137	1.74905	1.05477	1.66227	0.51404	1.14156	0.76104	1.58884	0.74101	1.06813	1.13488	1.05477	0.65423	0.80109	0.71431	1.22834	1.05477	1.67562	1.88925	1.20164	2.06949	0.95464	1.10818	0.94796	1.04142	1.08148	1.80914	1.22834	1.58216	1.38189	1.2684	1.09483	1.16826	0.69428	1.24837	1.44864	0.64755	1.08815	1.4887	0.68093	1.28175	0.53406	1.39524	0.83447	1.64224	1.19497	1.90927	1.32848	2.01609	1.37521	1.04142	1.02807	1.15491	1.54211	1.66227	0.92793	1.74905	1.16826	0.99469	0.97466	0.6609	1.0481	1.12821	0.93461	0.78774	0.84782	1.50205	1.08815	1.06813	1.2684	1.2417	1.26172	1.16159	1.66895	1.72903	1.16159	1.22834	0.80777	1.31513	1.19497	0.96799	1.36854	1.70232	1.44197	1.82249	1.17494	1.70232	0.77439	1.11486	1.44864	0.72098	0.79442	0.96131	0.8278	0.78774	0.56744	1.27507	1.32848	1.01472	1.13488	0.80109	0.96131	1.14156	2.02944	1.41527	1.00804	0.52739	1.48202	0.90123	1.54878	1.24837	2.28312	1.02139	0.91458	1.94933	0.95464	1.34851	2.06949	0.80777	1.01472	1.39524	1.56213	1.54878	1.43529	0.93461	1.24837	1.32848	0.32711	1.08148	0.75436	0.8545	0.84115	1.82249	1.70232	0.53406	1.39524	1.37521	1.01472	0.76771	1.58884	1.40859	0.56744	1.09483	0.43393	0.62085	0.95464	1.13488	0.52071	0.73434	1.12821	1.01472	1.0481	0.43393	0.6075	0.4673	0.84782	0.70096	0.59414	1.05477	0.66758	0.70763	0.72766	1.00804	1.19497	1.06813	0.3872	0.26703	1.2684	1.08148	1.05477	0.88788	0.80109	0.52071	1.22834	1.06145	0.83447	0.8278	0.90791	0.40722	0.78107	0.90791	0.67425	0.78774	1.23502	1.39524	0.55409	1.2684	0.247	0.57412	0.79442	1.18161	0.92126	0.64755	0.44728	0.47398	0.90791	0.90791	0.76771	0.86785	0.70763	0.98802	0.71431	0.88788	0.98802	0.64088	0.42725	0.47398	0.52071	0.58079	0.58747	0.91458	0.45395	0.40055	0.74769	0.65423	0.80777	0.90123	0.78774	1.04142	0.75436	0.75436	0.4406	1.25505	0.84782	0.68761	1.22834	1.87589	0.71431	1.02139	0.73434	0.57412	0.75436	1.0481	0.6609	0.56077	0.86785	0.58747	0.38052	0.81445	0.97466	1.01472	0.69428	0.99469	1.13488	0.58747	0.87453	0.80109	0.47398	0.78107	0.42057	1.00804	0.8545	1.18161	0.6609	0.89455	0.46063	0.98134	0.48066	0.34714	0.94129	1.00804	0.54741	0.73434	1.53543	0.97466	0.58079	0.4406	0.48066	0.71431	0.82112	0.99469	1.1015	0.88788	0.91458	0.90791	1.08815	0.37384	0.70096	0.76771	0.93461	1.22834	0.68093	0.50736	0.49401	0.34046	0.64088	0.44728	0.62085	1.18829	0.94796	0.69428	0.65423	0.8278	0.23365	0.95464	0.86785	1.22834	0.49401	0.72766	0.6342	0.83447	0.64755	0.78107	0.40722	0.98134	0.65423	0.92126	0.84782	0.93461	0.78107	0.68093	1.42194	1.0481	0.91458	1.02139	0.81445	0.87453	0.65423	0.88788	1.66895	0.80777	1.17494	0.48066	0.77439	1.33516	0.38052	0.80777	1.05477	0.8545	0.57412	0.67425	0.67425	0.29373	0.62085	1.22167	0.28038	0.90123	0.8812	0.44728	1.12821	0.56077	0.8278	0.44728	0.73434	1.15491	1.08815	0.52739	1.05477	0.90123	1.55546	1.16159	1.13488	0.80109	1.00804	0.86118	0.86118	1.17494	0.86118	0.76104	0.68761	1.02139	1.34183	0.69428	0.8545	0.60082	0.44728	0.30709	1.28175	1.00804	0.87453	0.58079	0.73434	0.92126	0.52739	0.58079	0.48733	0.75436	1.17494	0.84115	1.02139	1.37521	0.73434	0.48733	0.48733	0.42057	0.81445	0.65423	0.74769	0.54074	0.52071	0.84115	0.62085	0.64088	0.42725	1.66895
cell27	1.03953	0.71468	1.4077	0.74716	1.34273	0.96373	1.1045	1.57012	0.55225	0.99622	1.90581	1.26693	1.1803	0.86628	1.90581	0.70385	0.96373	1.59178	1.94912	1.15864	1.57012	1.20196	1.76504	2.1332	0.85545	0.82296	0.85545	1.53764	0.49811	0.67136	2.27397	0.81213	1.79752	3.06445	0.84462	0.98539	1.41853	1.35356	0.96373	1.4835	0.90959	1.49432	1.1803	0.77965	0.96373	2.41474	1.22361	1.2561	1.31024	1.36438	0.96373	0.50894	1.31024	1.44018	0.47645	1.09367	1.12616	2.08989	0.46562	0.90959	0.79048	1.14781	1.50515	1.52681	1.23444	1.29941	1.34273	0.54142	1.80835	1.05036	1.65675	0.71468	1.99243	1.23444	2.11155	0.92042	0.89876	1.58095	0.99622	1.49432	0.58474	0.99622	1.16947	1.11533	1.91663	0.92042	1.35356	1.1803	1.57012	1.99243	0.88793	0.96373	1.4835	0.53059	1.07202	0.64971	1.49432	1.22361	0.83379	1.4835	1.14781	1.28858	1.07202	0.73633	0.90959	1.28858	1.01787	1.1045	0.66053	1.67841	1.22361	1.27776	0.76882	1.32107	1.41853	1.16947	1.36438	0.92042	0.66053	1.49432	1.4077	1.23444	0.92042	1.45101	1.26693	1.42935	1.14781	1.03953	1.31024	0.8013	0.83379	0.69302	0.71468	1.81918	0.98539	0.50894	1.86249	1.61344	0.46562	1.23444	1.12616	1.53764	1.39687	0.55225	1.11533	1.58095	1.26693	1.76504	1.49432	0.76882	0.89876	1.66758	0.99622	0.77965	1.52681	1.49432	1.11533	1.38604	1.85166	1.41853	0.55225	1.15864	1.29941	1.72172	1.46184	1.11533	1.62427	1.19113	1.90581	0.99622	1.60261	1.72172	1.14781	1.08284	1.62427	2.6638	0.90959	1.13699	0.84462	1.26693	1.07202	1.73255	1.11533	2.0574	0.84462	1.13699	0.94207	1.1803	0.74716	1.11533	1.32107	1.19113	1.06119	1.70007	0.63888	1.49432	1.20196	0.69302	0.59556	1.87332	1.80835	0.57391	1.06119	0.86628	0.82296	1.77586	1.72172	1.44018	1.21279	0.64971	1.61344	0.54142	1.06119	1.36438	0.55225	1.4077	0.90959	1.73255	1.32107	1.89498	0.97456	1.79752	1.72172	1.4835	0.70385	1.1803	0.82296	0.76882	1.11533	0.81213	1.00705	1.71089	1.2561	0.92042	1.35356	0.97456	1.19113	1.1803	1.08284	0.82296	1.22361	0.79048	0.56308	0.92042	1.37521	0.71468	0.44397	0.94207	1.2561	0.85545	0.58474	0.67136	0.77965	0.59556	1.05036	0.62805	0.9529	0.59556	1.45101	0.71468	0.33568	1.08284	0.49811	0.61722	0.89876	0.92042	1.15864	0.41148	0.84462	0.93125	1.0287	0.66053	0.90959	0.96373	0.69302	0.64971	0.57391	0.53059	0.72551	0.57391	0.66053	0.8013	1.0287	0.85545	0.85545	0.46562	0.84462	0.379	0.56308	0.83379	0.85545	0.73633	0.90959	0.86628	0.74716	0.70385	0.69302	0.46562	0.79048	0.63888	0.67136	0.56308	0.81213	0.82296	0.54142	0.48728	1.03953	1.11533	0.59556	0.41148	1.44018	0.55225	0.58474	0.83379	0.89876	0.8771	0.58474	0.45479	0.92042	0.60639	0.94207	0.70385	0.70385	1.08284	0.96373	0.74716	0.72551	0.8771	0.89876	0.72551	1.27776	1.01787	0.90959	0.75799	0.43314	0.92042	0.49811	0.76882	1.86249	0.72551	0.68219	0.3032	0.40065	0.42231	1.05036	1.03953	0.67136	0.54142	0.8013	0.92042	1.23444	1.09367	0.71468	0.49811	0.74716	0.86628	0.42231	0.64971	0.8013	0.55225	1.32107	0.53059	0.77965	1.22361	0.76882	0.379	0.43314	0.72551	1.21279	1.11533	0.59556	0.72551	0.9529	0.84462	0.8771	0.98539	1.39687	0.92042	0.53059	0.63888	0.55225	0.83379	0.60639	0.79048	0.53059	0.93125	0.79048	0.72551	0.56308	1.12616	0.67136	0.66053	0.92042	0.57391	0.75799	0.94207	0.63888	0.82296	1.1803	0.96373	0.34651	0.75799	0.47645	0.88793	1.0287	0.73633	0.72551	0.93125	0.46562	0.9529	0.47645	1.59178	1.51598	0.96373	0.67136	1.12616	0.67136	0.54142	0.77965	0.88793	0.67136	0.53059	0.59556	0.98539	0.90959	0.75799	0.41148	1.35356	0.40065	0.69302	0.86628	1.15864	0.62805	0.75799	0.88793	0.69302	1.01787	1.83001	0.42231	0.72551	0.93125	1.34273	0.93125	0.88793	0.64971	0.45479	1.26693	0.57391	0.79048	0.68219	1.03953	1.06119	0.40065	0.64971	0.66053	0.86628	1.27776	1.2561	0.79048	0.49811	0.60639	0.8771	1.35356	0.55225	0.66053	0.59556	0.49811	0.61722	0.58474	0.82296	1.28858	0.9529	1.09367	0.43314	0.77965	0.90959	0.67136	0.46562	0.64971	1.22361	0.60639	0.68219	1.1045	1.4835	0.50894	0.8771	0.49811	1.09367	0.79048	0.74716	0.81213	0.8013	1.07202	0.48728	0.67136	0.71468	0.23823	0.86628
cell28	0.7167	1.16464	1.37965	2.27553	1.62154	1.05713	1.62154	1.26319	1.46924	0.68087	1.4334	1.60362	0.99442	0.83317	1.04818	1.19152	0.95859	0.68983	1.45132	1.51403	1.69321	1.05713	1.04818	1.08401	0.51065	0.74358	1.10193	0.72566	1.21839	1.48716	0.73462	0.88692	1.07505	1.40653	1.50507	1.33486	1.45132	1.98885	1.11089	1.1736	1.20047	0.54648	1.41549	1.55883	1.09297	1.24527	1.22735	0.99442	1.1288	1.8903	1.45132	0.68087	1.34382	1.42444	1.93509	0.90484	0.66295	0.95859	1.37069	1.27215	1.46924	0.95859	0.65399	0.99442	1.07505	1.25423	1.03922	1.54091	1.40653	1.26319	0.5644	0.99442	1.39757	1.23631	0.74358	1.92614	0.89588	1.39757	0.99442	1.35277	0.66295	1.55883	1.20943	1.27215	0.57336	1.48716	1.30798	0.89588	1.87238	0.59128	1.45132	1.4782	1.1288	0.89588	1.03026	0.82421	0.69878	1.00338	1.63945	1.1736	3.26995	1.3259	0.92275	0.82421	0.869	0.81525	1.89926	1.45132	0.74358	1.92614	0.78837	0.82421	0.58232	0.86004	1.88134	1.25423	0.60024	1.25423	1.75592	2.14115	1.26319	1.20047	0.72566	0.99442	0.94963	1.33486	0.96755	1.21839	0.92275	0.50169	1.1288	0.98546	0.97651	1.11089	1.1288	0.95859	0.92275	0.97651	1.79175	1.80071	0.88692	0.75254	2.00676	1.79175	0.88692	0.80629	0.69878	1.03026	1.64841	1.5857	0.77045	0.82421	0.90484	1.81863	0.77941	1.71112	1.09297	0.89588	1.88134	1.37069	1.50507	1.45132	1.35277	1.10193	0.77045	0.74358	0.93171	1.31694	1.3259	1.30798	1.0213	0.82421	1.2811	0.54648	0.53753	1.01234	1.63945	1.6305	0.869	0.85108	1.67529	0.83317	1.26319	0.66295	1.09297	1.07505	1.0213	1.0213	1.11985	1.23631	1.05713	0.69878	1.4334	1.44236	0.92275	0.43898	1.13776	1.04818	1.38861	0.84212	0.69878	0.94963	1.39757	1.45132	1.11985	0.93171	1.29006	1.10193	1.49611	0.91379	1.81863	1.19152	1.0213	0.94963	0.86004	1.59466	2.01572	2.38303	0.68983	0.59128	1.54987	2.03364	1.14672	1.3259	0.92275	0.84212	1.81863	1.27215	0.99442	1.85446	1.11089	1.07505	1.64841	1.5857	1.4334	1.22735	0.58232	1.49611	1.83655	1.06609	1.50507	0.78837	0.73462	1.76488	0.86004	0.5644	0.94067	0.869	1.15568	1.46924	0.97651	1.25423	0.69878	0.63607	0.77045	0.82421	0.83317	0.46586	0.7615	1.21839	0.85108	0.68087	0.6092	1.38861	1.00338	1.22735	0.52857	1.09297	1.34382	0.98546	0.69878	1.07505	1.11089	0.77941	0.64503	1.03026	0.66295	0.62711	0.63607	0.46586	0.64503	0.70774	0.63607	0.69878	1.55883	0.35835	1.3259	0.53753	0.36731	0.87796	0.63607	0.96755	0.95859	0.85108	0.95859	0.75254	0.94067	0.96755	0.70774	1.30798	1.03026	0.65399	0.35835	0.57336	0.77045	0.60024	0.62711	1.11089	0.66295	0.82421	0.36731	0.81525	0.77941	0.6092	0.73462	0.40314	0.58232	0.86004	1.01234	0.7167	0.97651	0.55544	1.38861	0.58232	0.42106	0.79733	0.6092	0.73462	0.68983	0.7167	0.53753	0.70774	1.13776	0.5644	0.5644	0.77045	0.82421	0.55544	0.68983	0.62711	0.59128	0.66295	1.08401	0.90484	0.28668	0.48377	1.05713	0.869	1.19152	0.5644	0.97651	0.70774	0.98546	0.46586	1.0213	0.96755	0.99442	1.49611	1.04818	0.88692	0.4569	0.77941	1.2811	1.05713	0.57336	0.69878	1.31694	0.54648	0.27772	0.65399	0.34043	0.98546	0.52857	1.46924	0.85108	0.68087	1.50507	0.46586	1.01234	0.44794	1.06609	0.74358	1.22735	1.03922	0.48377	1.13776	0.91379	1.33486	0.81525	0.73462	0.98546	1.65737	0.92275	1.03026	0.96755	0.68983	1.01234	0.61815	0.99442	0.97651	0.93171	0.59128	0.48377	0.75254	0.53753	1.11985	0.70774	0.29564	0.94067	0.83317	0.67191	0.7167	0.96755	0.57336	1.03026	0.77941	0.65399	0.66295	0.83317	0.47481	1.42444	0.60024	0.59128	0.7167	0.70774	0.34939	0.66295	0.50169	0.65399	1.27215	0.78837	0.95859	0.39419	0.53753	0.36731	0.78837	0.38523	0.5644	0.70774	1.16464	0.92275	1.29902	0.89588	0.68983	0.93171	0.79733	0.93171	0.95859	0.80629	0.78837	0.79733	0.70774	0.89588	0.86004	0.68087	0.49273	0.42106	1.46028	0.78837	0.53753	0.69878	0.65399	0.79733	0.34043	1.1288	0.82421	0.53753	1.1736	0.61815	0.64503	0.89588	0.47481	1.46028	0.53753	0.67191	1.24527	1.09297	1.37965	0.75254	1.19152	0.49273	0.77045	0.51961	1.07505	0.78837	1.44236	0.98546	0.95859	1.03026	1.07505	0.69878	0.95859	0.6092	1.14672	0.63607	0.77045	0.78837	1.1736
cell29	1.17308	1.51294	1.33753	1.04152	1.12923	1.11826	1.40331	1.07441	1.09634	0.86611	1.15115	0.94285	1.27175	1.4362	1.92955	1.35946	1.3156	0.83322	1.15115	1.14019	1.15115	0.7784	1.19501	1.33753	1.09634	1.83088	1.00863	1.97341	0.60299	1.87474	1.66643	1.51294	1.21693	1.14019	0.63588	0.9867	0.84418	1.11826	1.07441	1.20597	1.44716	1.05248	1.19501	1.40331	1.14019	1.07441	1.05248	3.16841	1.26079	1.23886	0.73455	0.96478	1.56776	0.6578	1.54583	0.75647	1.4362	1.38138	1.04152	1.68836	0.82225	0.29601	1.66643	1.18404	0.82225	0.7784	1.45813	1.30464	0.97574	1.58969	1.19501	0.92092	1.28271	1.09634	1.8857	1.29368	0.70166	0.85514	0.40564	0.84418	1.58969	1.24982	1.74318	2.20364	0.67973	1.46909	1.18404	1.15115	1.41427	1.51294	1.11826	1.2279	1.21693	1.19501	1.48005	1.57872	1.72125	1.17308	1.85281	1.85281	1.50198	1.2279	0.95381	0.73455	0.61395	0.96478	1.23886	1.1073	1.6774	1.18404	1.3156	0.59202	1.14019	0.94285	0.38372	1.42524	1.64451	1.73221	1.30464	1.7651	0.899	1.29368	1.86377	2.49965	0.85514	0.99767	1.42524	1.19501	1.94052	1.32657	1.32657	0.80033	1.00863	2.80662	0.72358	1.33753	0.94285	1.05248	1.39235	0.70166	1.75414	1.37042	1.03056	1.4362	0.73455	0.72358	0.899	0.899	1.2279	1.08537	1.11826	1.60065	1.38138	1.00863	1.39235	0.74551	1.96244	1.80896	0.99767	0.73455	1.06345	0.78936	1.05248	0.5701	0.52624	1.40331	1.06345	1.61162	1.18404	1.04152	1.46909	1.08537	0.93189	1.90763	2.19267	1.14019	0.73455	1.40331	1.5568	1.09634	0.899	0.88803	0.86611	1.3156	1.41427	1.49102	1.27175	0.71262	0.83322	0.46046	1.46909	1.04152	1.39235	0.90996	1.01959	0.73455	1.06345	1.41427	1.24982	1.57872	1.1073	0.97574	0.88803	1.91859	0.90996	1.64451	2.3352	1.16212	0.87707	0.93189	1.12923	1.32657	1.69932	1.26079	0.6578	0.87707	1.15115	1.4362	1.24982	1.29368	0.64684	0.75647	1.68836	0.84418	0.85514	1.65547	0.74551	1.12923	1.01959	1.34849	0.67973	0.81129	1.18404	1.85281	0.7784	0.73455	1.08537	2.08304	0.60299	1.28271	1.41427	0.59202	0.93189	0.63588	1.09634	0.40564	0.39468	0.46046	0.69069	0.64684	0.48239	0.54817	0.85514	0.76744	0.73455	0.87707	1.04152	0.88803	0.74551	0.92092	0.6578	0.39468	1.09634	0.76744	0.31794	1.05248	0.66877	0.81129	0.899	0.69069	0.95381	0.6578	0.49335	1.16212	0.87707	0.58106	0.63588	1.05248	1.2279	1.16212	0.85514	0.6578	1.05248	0.899	1.06345	1.18404	0.83322	1.33753	0.37275	0.67973	1.20597	0.69069	0.69069	0.6578	0.88803	0.48239	0.71262	0.82225	1.01959	0.4495	0.67973	0.73455	0.46046	0.46046	0.64684	0.66877	0.88803	0.53721	0.85514	0.52624	1.04152	0.76744	0.72358	1.03056	0.70166	1.30464	0.64684	0.97574	0.58106	0.9867	0.95381	0.37275	0.51528	1.3156	0.99767	1.24982	0.39468	0.42757	0.39468	1.98437	0.61395	0.70166	0.7784	1.21693	0.5701	1.11826	0.72358	1.11826	0.72358	0.54817	0.55913	1.07441	0.90996	0.64684	0.899	0.71262	1.01959	0.82225	1.05248	0.74551	0.5701	0.75647	1.01959	0.38372	0.84418	0.86611	0.60299	1.34849	1.49102	1.11826	0.95381	0.58106	1.1073	0.47142	0.88803	1.23886	0.9867	1.01959	1.06345	0.64684	0.51528	0.51528	0.35083	0.64684	0.75647	0.66877	0.50431	0.54817	1.2279	0.53721	0.50431	0.58106	0.97574	0.96478	1.01959	0.899	0.36179	0.51528	1.32657	0.55913	0.64684	0.6578	0.52624	0.39468	0.7784	0.39468	0.86611	0.28505	0.85514	1.07441	0.82225	0.7784	0.94285	0.7784	0.96478	1.01959	0.96478	1.01959	0.88803	1.19501	0.5701	0.99767	0.39468	0.92092	0.88803	0.88803	1.01959	1.26079	0.80033	0.80033	0.30697	0.62491	0.4495	0.64684	1.07441	1.08537	0.53721	0.85514	0.60299	0.99767	0.52624	0.55913	1.24982	0.60299	0.87707	0.55913	0.78936	0.81129	0.66877	0.58106	0.90996	0.80033	0.86611	1.2279	1.03056	0.76744	0.37275	0.92092	0.899	1.06345	0.43853	0.59202	1.15115	1.05248	0.87707	0.14252	0.38372	1.16212	0.6578	0.63588	0.85514	1.04152	0.97574	0.92092	0.82225	1.08537	0.90996	0.85514	0.85514	0.59202	0.899	0.94285	0.64684	0.75647	1.08537	0.64684	0.49335	1.28271	0.42757	0.64684	1.06345	0.78936	1.05248	1.35946	0.60299	0.71262	0.95381	1.07441	0.43853	0.71262	1.04152	1.2279	0.82225	0.51528	1.05248	0.97574	0.83322	0.5701
cell30	0.99499	0.64046	0.98356	0.66333	0.36597	0.50322	1.20085	0.9035	1.25804	1.07505	0.75482	0.82344	1.16654	1.16654	1.05218	1.42959	1.28091	1.32666	1.89849	0.88063	0.91494	1.15511	0.59471	1.15511	0.92637	1.41815	0.49178	0.80057	1.18942	0.73195	0.75482	0.88063	0.41172	1.05218	1.1208	0.89206	0.52609	1.05218	0.72051	0.98356	0.64046	0.69764	0.75482	0.44603	1.00643	1.4639	1.18942	1.0293	0.78913	1.74982	1.42959	1.42959	1.40672	1.22373	0.9035	1.23516	1.71551	1.66976	1.0293	1.07505	1.86418	1.0293	1.47534	1.32666	2.19585	1.01787	1.26947	2.10435	0.80057	1.6812	1.55539	0.96068	1.22373	1.64689	1.96711	0.72051	0.88063	0.38885	0.88063	0.52609	0.7777	0.26304	0.64046	0.58327	0.0	0.0	0.0	0.40028	0.44603	0.73195	1.56683	1.00643	1.56683	1.47534	0.92637	0.59471	1.07505	0.7777	1.4639	0.85775	1.13223	0.86919	0.86919	1.28091	0.75482	1.13223	0.91494	0.88063	1.04074	0.54896	1.14367	0.65189	0.91494	0.99499	0.89206	0.9035	1.31522	0.89206	1.18942	0.76626	0.44603	0.78913	1.09792	1.30378	0.99499	1.47534	0.93781	1.06361	0.93781	1.05218	1.17798	0.75482	1.56683	1.73838	1.16654	1.95568	1.07505	0.96068	1.10936	1.15511	0.64046	0.94925	0.92637	0.53753	1.17798	0.92637	1.44103	0.91494	1.00643	0.85775	1.20085	0.91494	1.14367	1.13223	1.14367	0.94925	1.39528	0.74339	0.5604	0.86919	0.72051	1.33809	1.01787	0.57184	0.69764	0.80057	0.52609	1.07505	1.28091	1.10936	0.6862	0.81201	0.88063	0.9035	1.01787	0.54896	1.33809	0.76626	1.20085	0.81201	0.66333	1.04074	1.14367	1.48677	0.64046	1.00643	1.25804	1.38384	1.81844	0.64046	0.72051	1.01787	1.31522	0.91494	1.65832	0.74339	1.63545	1.0293	0.78913	1.20085	0.70908	1.30378	0.66333	0.75482	1.04074	0.92637	1.16654	0.69764	0.66333	1.29235	0.94925	1.22373	1.07505	0.76626	1.0293	0.44603	0.61758	1.96711	0.74339	1.21229	1.64689	1.29235	1.15511	1.42959	1.53252	0.50322	1.33809	0.70908	0.62902	0.80057	1.1208	1.28091	0.40028	0.89206	1.28091	0.57184	0.65189	0.22873	0.91494	0.66333	1.04074	0.44603	1.53252	1.78413	0.86919	1.04074	0.54896	1.26947	0.74339	1.09792	1.23516	1.08649	0.81201	1.30378	0.6862	2.1501	0.81201	1.34953	0.91494	0.61758	0.73195	0.59471	0.46891	0.97212	0.74339	0.86919	0.97212	1.20085	0.99499	1.29235	0.93781	0.52609	0.43459	0.7777	0.94925	1.2466	1.26947	1.42959	1.00643	0.69764	0.51465	1.10936	1.06361	0.92637	1.42959	0.92637	0.7777	0.61758	1.06361	0.84632	1.0293	0.93781	0.82344	1.17798	1.53252	1.15511	1.08649	1.09792	0.60615	0.80057	1.40672	1.15511	0.85775	1.00643	0.74339	1.01787	0.69764	0.75482	0.54896	0.89206	1.1208	0.91494	1.01787	1.45246	1.16654	1.10936	0.92637	1.5897	1.47534	0.70908	0.83488	0.84632	0.57184	0.54896	0.78913	0.7777	0.80057	0.84632	1.2466	1.08649	0.64046	1.34953	1.16654	1.04074	0.70908	0.70908	0.65189	0.93781	0.70908	0.93781	1.01787	0.66333	0.73195	0.50322	0.92637	0.61758	1.40672	0.98356	0.94925	1.15511	0.5604	1.0293	0.89206	1.29235	1.15511	0.64046	0.84632	0.74339	1.85275	0.74339	1.00643	1.71551	1.78413	0.98356	1.9328	0.99499	1.07505	1.23516	1.16654	0.89206	0.92637	0.93781	0.64046	0.51465	1.0293	0.50322	0.73195	0.86919	1.13223	0.65189	1.23516	0.43459	0.7777	1.10936	1.09792	1.21229	1.13223	1.17798	0.76626	1.07505	1.74982	0.66333	0.75482	1.2466	1.01787	1.72694	0.92637	0.86919	0.35454	1.05218	1.05218	0.49178	0.43459	0.57184	0.78913	0.9035	0.96068	0.92637	1.39528	1.30378	1.07505	1.04074	0.75482	1.53252	0.78913	1.07505	1.05218	0.70908	1.16654	1.21229	0.82344	1.00643	1.2466	1.2466	1.21229	0.88063	1.09792	1.15511	1.2466	0.86919	0.93781	0.96068	0.70908	1.22373	0.92637	1.28091	0.73195	0.96068	1.56683	1.38384	1.10936	0.98356	0.75482	0.73195	1.04074	1.44103	1.66976	0.70908	0.93781	1.4639	0.98356	1.01787	0.96068	1.63545	0.62902	0.85775	0.53753	1.07505	0.86919	1.18942	0.58327	1.54396	1.09792	1.30378	0.92637	1.30378	1.42959	1.33809	0.6862	1.01787	1.33809	1.78413	0.96068	0.86919	0.92637	0.75482	1.73838	0.74339	1.29235	1.23516	0.75482	0.61758	0.81201	1.01787	1.53252	0.36597	0.82344	1.52108	0.88063	0.54896	1.34953	0.49178	0.61758	1.01787	0.7777	0.88063	0.9035	0.88063
cell31	1.04835	0.37902	0.61288	1.28222	0.58063	0.70159	0.70159	0.60482	0.81449	0.74998	1.16932	1.57253	1.06448	1.09674	1.03222	0.50805	0.96771	1.20964	0.7903	0.68546	1.22577	1.62898	0.87094	1.16932	0.86288	0.71772	1.28222	0.74191	0.68546	1.1048	0.51611	1.02416	1.16932	0.83062	1.06448	1.15319	1.02416	0.62901	0.63708	0.6532	0.77417	0.5645	0.72578	1.06448	1.0161	0.9032	0.81449	1.40318	1.32254	1.96768	0.92739	1.87897	1.57253	1.99994	0.82255	1.19351	1.49995	1.20964	1.57253	1.3306	1.37092	1.03222	1.33867	0.97577	0.97577	1.45157	1.3306	1.22577	0.86288	2.24993	1.28222	1.31447	1.35479	1.15319	2.19348	1.29028	0.51611	1.18545	1.35479	1.35479	0.59675	0.36289	0.46773	0.53224	0.0	0.0	0.0	0.52418	0.26612	0.54837	0.48386	0.83868	0.6774	0.62095	0.63708	0.95965	0.79836	0.89513	1.88704	0.68546	0.85481	0.83868	0.70965	1.24996	0.95158	0.88707	1.23383	1.45963	1.13706	1.20964	0.99997	1.0161	1.51608	1.26609	1.82252	0.50805	1.12093	0.71772	0.87094	0.85481	1.03222	0.94352	1.1048	1.37092	0.99997	1.0161	1.0161	1.08867	0.83062	0.69353	0.55643	0.78223	1.20157	0.95965	1.20964	0.6774	0.69353	0.98384	1.04029	0.74998	1.37899	0.879	0.62095	0.92739	1.47576	0.84675	1.2177	0.69353	0.66933	1.41931	1.16932	0.79836	0.75804	0.75804	0.99997	0.95965	0.5645	0.81449	1.15319	1.08867	1.81446	1.28222	0.62095	0.96771	0.97577	1.69349	0.83062	0.52418	1.37899	1.58059	0.77417	1.63704	0.95965	1.25802	1.59672	0.64514	0.95158	0.84675	1.14512	1.29028	1.129	0.9032	1.58059	0.64514	1.38705	0.72578	0.74191	0.94352	0.74191	2.14509	0.66933	1.30641	1.2177	0.66933	1.2419	1.29028	1.08061	1.45963	0.7661	0.97577	1.72575	0.62095	1.18545	0.81449	0.9919	1.07255	0.95965	0.84675	1.12093	1.13706	0.96771	0.68546	0.95965	1.02416	0.81449	0.99997	0.91933	1.02416	1.33867	1.29835	1.87897	1.48382	0.86288	0.5645	1.82252	1.129	0.50805	0.85481	1.04029	1.37092	0.63708	1.04029	0.95158	0.97577	0.62095	1.32254	1.08061	1.2177	0.99997	1.26609	1.1048	0.79836	1.07255	1.05642	0.83062	0.62901	0.6532	0.66933	1.05642	1.25802	0.71772	1.33867	0.58063	0.9032	0.69353	1.36286	1.0161	0.86288	0.98384	0.68546	0.35483	0.83868	1.20964	0.40321	0.98384	1.35479	1.31447	1.48382	0.95158	0.88707	0.9919	0.88707	0.63708	1.08867	1.4435	1.0161	0.96771	0.95965	1.17738	1.04029	1.49189	0.87094	0.97577	0.94352	1.19351	0.66127	1.38705	0.83868	0.85481	1.38705	0.94352	0.81449	1.43544	0.75804	1.47576	1.04029	1.17738	1.64511	0.63708	1.07255	1.31447	0.879	1.31447	1.52414	1.07255	1.20964	0.88707	0.96771	1.12093	1.02416	0.83868	0.70965	1.2419	1.52414	0.9919	0.54031	1.04029	1.14512	0.78223	0.81449	0.58869	0.85481	0.49998	0.75804	1.46769	0.59675	1.19351	0.66933	1.0161	0.49192	1.20157	1.07255	0.62095	1.22577	1.27415	0.89513	1.04029	1.58866	0.9032	0.9032	1.66124	0.57256	1.4435	0.81449	0.96771	1.09674	0.79836	0.80643	0.45966	0.93545	1.08867	0.78223	1.22577	0.81449	1.41931	1.18545	1.08867	0.71772	1.02416	1.30641	1.59672	1.32254	0.53224	0.93545	0.77417	1.02416	1.07255	0.62095	1.32254	0.71772	0.44353	0.86288	0.58869	1.2419	0.9919	1.07255	0.71772	1.06448	1.99994	1.16932	0.78223	1.4435	1.49189	0.70159	0.4516	0.62901	1.29028	0.62095	0.95158	1.54027	0.81449	1.29028	0.71772	0.87094	0.71772	0.77417	1.19351	0.96771	0.83062	1.14512	0.77417	0.7903	1.14512	0.73385	0.63708	0.7903	0.62095	1.15319	0.96771	0.54837	1.23383	1.129	0.91126	0.6774	0.6532	1.15319	1.17738	0.9032	1.0161	0.74191	0.83062	0.53224	1.03222	1.08867	1.30641	1.51608	0.48386	1.2419	0.52418	0.92739	1.20964	1.24996	0.59675	0.95965	0.70159	1.20157	0.39515	1.93542	0.82255	0.54837	0.37096	0.93545	1.59672	0.66127	1.12093	0.74998	0.7661	0.74191	1.90316	0.77417	2.01606	0.77417	1.48382	0.75804	1.06448	0.68546	1.26609	1.29835	1.41124	1.34673	1.19351	0.71772	1.15319	0.96771	0.83868	1.45157	0.62901	0.7661	0.879	1.03222	0.95965	0.86288	0.75804	0.6532	0.80643	0.47579	0.66933	0.80643	0.88707	0.96771	0.95158	0.47579	0.7903	0.70159	0.7661	1.34673	0.83062	1.13706	0.79836	1.88704	1.09674	1.08061	0.9919	0.74191	1.3306	1.83059	0.95158	0.42741
cell32	1.29666	1.43608	1.14329	0.93415	1.61734	1.04569	1.8683	1.46397	2.28658	1.46397	1.24089	1.12935	1.17117	1.18512	1.3106	0.76684	0.76684	1.01781	1.39425	0.93415	1.36637	0.8505	1.65916	0.8505	1.68705	1.65916	1.91013	1.39425	0.90627	0.58559	1.4082	0.98992	1.00386	1.00386	2.10533	1.65916	0.86444	0.7529	1.10146	1.45003	0.94809	1.8683	0.94809	1.03175	1.45003	1.04569	0.50193	1.75676	0.66924	1.82647	0.87838	1.38031	1.15723	0.78078	1.1154	1.19906	1.51974	1.18512	0.83655	1.22694	1.05963	1.28271	0.94809	1.15723	0.78078	0.43222	1.49185	1.17117	1.4082	0.73896	1.12935	1.12935	0.40433	1.12935	1.18512	1.25483	0.51587	0.80867	0.98992	1.19906	1.04569	0.96204	1.4082	0.94809	1.24089	2.30052	0.83655	1.47791	1.5058	0.78078	0.94809	0.78078	0.86444	1.08752	1.3106	1.03175	0.72501	1.10146	1.18512	1.213	0.66924	1.79859	1.42214	1.18512	0.61347	0.80867	0.4601	2.18898	0.92021	1.00386	1.33848	1.07358	2.00773	1.03175	0.7529	1.5058	1.67311	1.04569	1.47791	0.76684	1.213	1.71493	0.89232	1.8683	0.89232	0.98992	1.07358	1.54762	1.51974	1.05963	1.57551	1.51974	1.05963	1.60339	1.42214	0.82261	1.12935	1.213	1.63128	1.46397	1.33848	1.42214	1.14329	2.02167	1.45003	1.61734	1.25483	1.8683	0.69713	0.89232	1.32454	1.45003	1.4082	1.65916	0.7529	1.7707	0.97598	0.34856	0.7529	1.70099	1.14329	1.3106	1.97984	1.18512	0.92021	1.01781	0.82261	0.8505	1.08752	1.93801	1.03175	1.05963	1.39425	0.54376	0.96204	0.86444	1.19906	0.7529	1.25483	1.49185	1.29666	0.86444	1.04569	2.18898	1.28271	1.00386	1.67311	0.8505	1.24089	1.67311	0.78078	0.71107	0.78078	1.19906	0.69713	1.81253	1.3106	1.14329	2.10533	1.24089	1.36637	1.17117	1.213	1.35243	0.97598	1.24089	1.36637	1.46397	0.76684	1.47791	1.12935	1.81253	1.4082	1.26877	1.07358	0.7529	1.3106	1.7707	1.15723	1.25483	1.65916	1.1154	1.03175	1.15723	1.29666	1.22694	1.08752	1.00386	1.03175	1.03175	1.60339	1.14329	0.69713	0.83655	0.57164	0.8505	1.70099	0.7529	1.35243	1.28271	1.33848	0.90627	1.36637	1.26877	1.03175	0.5577	0.76684	0.69713	0.61347	0.96204	1.38031	0.59953	0.79473	0.71107	0.87838	0.82261	0.87838	0.72501	0.87838	0.64136	0.96204	0.96204	0.61347	0.71107	0.73896	0.80867	0.7529	0.4601	0.87838	0.97598	0.43222	0.68318	0.36251	1.53368	1.04569	0.8505	0.64136	0.44616	0.39039	0.7529	1.26877	1.213	1.17117	0.80867	1.08752	0.82261	1.1154	1.08752	0.40433	0.82261	0.61347	0.82261	1.00386	0.57164	0.86444	0.86444	0.48799	0.94809	0.7529	0.93415	0.69713	0.71107	0.6553	0.32068	0.93415	1.07358	0.36251	0.54376	0.73896	0.58559	1.49185	1.32454	0.8505	0.51587	0.8505	0.83655	0.92021	1.08752	0.79473	0.51587	1.05963	0.94809	0.54376	0.69713	0.7529	0.8505	0.44616	0.78078	1.56157	0.69713	0.41828	1.18512	0.7529	0.7529	0.83655	0.79473	0.72501	1.24089	0.82261	0.97598	0.40433	1.05963	1.10146	0.89232	0.50193	0.72501	1.213	0.69713	0.76684	0.62741	0.86444	0.68318	0.68318	0.90627	1.26877	0.44616	0.5577	0.8505	0.54376	0.62741	0.92021	0.80867	0.40433	0.64136	0.79473	0.82261	1.49185	0.89232	0.69713	0.43222	0.54376	0.54376	0.71107	1.08752	0.93415	1.10146	0.78078	1.36637	0.8505	1.04569	1.07358	0.89232	1.1154	0.58559	0.79473	1.29666	0.52982	0.98992	0.86444	0.93415	0.62741	1.12935	0.98992	0.47405	0.5577	0.92021	0.6553	0.82261	1.57551	0.57164	0.92021	0.39039	0.62741	0.87838	0.4601	1.00386	0.54376	0.37645	0.5577	0.98992	1.03175	0.76684	1.43608	0.64136	0.78078	1.01781	0.6553	0.86444	0.59953	0.44616	0.93415	0.94809	0.64136	0.71107	1.17117	0.54376	0.44616	1.01781	0.5577	0.93415	0.66924	0.52982	0.48799	0.73896	0.79473	0.54376	0.43222	0.50193	0.82261	1.57551	0.92021	1.38031	0.80867	0.44616	0.92021	1.07358	0.96204	0.50193	0.93415	1.05963	0.87838	0.78078	1.10146	1.14329	0.80867	0.44616	0.73896	0.50193	0.80867	0.69713	0.96204	0.50193	1.22694	1.1154	0.66924	0.62741	0.66924	0.8505	0.64136	0.78078	0.5577	0.72501	1.03175	0.79473	0.82261	1.56157	0.6553	0.62741	0.69713	0.33462	1.22694	0.98992	0.6553	0.4601	0.57164	0.57164	0.98992	1.12935	0.54376	0.69713	0.50193	0.64136	0.44616	0.48799	1.71493	0.5577	0.86444	1.10146
cell33	0.60964	0.69405	0.7597	1.24742	1.49127	0.73157	1.32245	1.18176	0.50647	1.11611	0.85349	1.04108	1.2099	0.90977	0.81598	0.48771	0.60964	1.66947	1.07859	1.2099	0.97542	1.5663	1.26617	0.75032	0.79722	0.47833	0.90977	0.86287	1.84768	0.50647	0.90977	0.82536	1.23804	0.49709	1.02232	0.84412	0.95666	1.18176	0.36578	0.89101	1.06921	1.29431	1.11611	1.08797	0.83474	1.04108	0.67529	0.99418	1.21928	1.01294	1.06921	1.2099	1.55692	1.04108	0.59088	1.36934	0.59088	1.20052	0.9848	1.76326	1.15362	1.06921	0.9848	0.63778	0.72219	1.64134	0.69405	0.96604	1.58506	1.35996	1.65071	0.60026	1.17238	1.50065	0.61902	0.95666	1.10673	0.9848	0.57212	0.91915	0.63778	0.92853	1.15362	0.8066	0.59088	1.04108	1.47251	1.08797	0.39392	0.60964	0.85349	1.2099	0.73157	0.90977	0.5815	0.94729	1.45375	0.79722	0.69405	1.01294	0.67529	0.85349	1.29431	1.50065	1.06921	1.05983	1.42562	0.61902	1.435	1.19114	1.50065	1.02232	1.21928	1.50065	0.78784	0.75032	1.89457	0.4033	0.78784	1.09735	0.52523	0.68467	0.73157	1.17238	1.40686	1.15362	0.93791	1.04108	1.06921	1.163	0.83474	0.96604	1.35058	0.86287	1.36934	0.91915	0.45019	0.77846	0.74095	0.82536	0.77846	0.72219	1.26617	1.35058	0.85349	0.89101	0.46895	0.99418	0.72219	1.33183	0.78784	1.28493	0.78784	0.56274	1.09735	1.26617	1.24742	1.09735	0.72219	0.78784	0.95666	0.88163	0.60964	0.66591	1.33183	0.65653	0.7597	0.83474	1.17238	0.46895	0.67529	1.59444	0.76908	0.96604	0.61902	0.72219	1.15362	1.09735	0.96604	0.70343	0.91915	0.46895	1.51941	0.85349	1.17238	1.05983	0.97542	1.53817	1.25679	1.13487	1.12549	0.77846	1.53817	0.41268	1.71637	1.0317	1.04108	1.21928	1.75388	0.57212	0.94729	1.06921	0.87225	1.75388	1.18176	0.45019	0.76908	0.73157	1.40686	1.05045	1.04108	1.40686	1.26617	1.29431	0.59088	1.05045	0.72219	0.85349	0.41268	0.79722	1.31307	0.70343	1.24742	0.87225	0.9848	0.76908	1.02232	1.13487	1.84768	0.86287	1.34121	0.60964	0.68467	0.63778	1.32245	1.60382	0.91915	0.41268	1.10673	0.78784	0.76908	0.49709	0.8066	1.435	0.79722	0.72219	1.07859	1.30369	0.97542	0.63778	1.31307	0.5815	0.74095	1.435	0.82536	1.27555	0.71281	1.2099	1.67885	1.05983	1.21928	0.78784	0.90039	0.85349	0.79722	1.22866	0.90977	0.86287	1.17238	1.54755	1.01294	0.48771	0.71281	1.42562	0.52523	1.19114	0.4033	0.90039	0.7597	0.66591	0.85349	1.47251	0.49709	0.90039	1.22866	0.57212	0.79722	0.7597	0.91915	0.5815	1.09735	1.09735	0.72219	1.01294	0.67529	1.02232	0.96604	1.66009	1.17238	1.2099	1.05983	1.40686	1.15362	1.07859	0.64716	1.09735	0.86287	1.20052	1.41624	1.35996	0.85349	1.32245	1.21928	0.85349	1.44438	1.49127	0.61902	0.7597	1.30369	0.79722	1.36934	0.90977	1.14425	1.14425	1.27555	0.84412	0.91915	0.60026	0.82536	0.53461	1.15362	0.56274	1.50065	0.61902	0.59088	1.24742	1.24742	1.5663	1.163	0.90039	0.92853	0.90977	0.61902	0.99418	0.99418	0.70343	1.2099	0.84412	0.64716	0.86287	0.65653	0.97542	0.94729	1.2099	1.55692	0.53461	0.88163	0.49709	1.04108	1.31307	0.63778	0.69405	1.36934	0.84412	0.91915	1.62258	0.87225	0.86287	1.11611	0.77846	0.64716	0.85349	0.70343	0.8066	0.63778	0.88163	1.28493	0.49709	1.19114	1.163	1.10673	1.06921	0.88163	1.17238	0.79722	1.42562	0.84412	1.2099	1.22866	0.83474	1.37872	0.55336	1.08797	1.11611	0.76908	0.71281	1.19114	1.0317	1.48189	0.43144	1.74451	1.01294	1.24742	1.36934	1.37872	0.90039	0.90977	1.12549	0.54399	1.11611	0.39392	1.00356	0.50647	0.47833	1.82892	0.69405	0.43144	1.49127	0.9848	1.40686	1.51003	1.04108	1.22866	1.18176	0.66591	1.47251	0.90977	0.92853	0.78784	1.78202	0.94729	1.29431	1.05983	1.13487	1.05983	1.25679	1.01294	1.63196	0.56274	1.14425	1.00356	1.63196	0.81598	1.49127	0.8066	1.92271	0.71281	0.93791	1.17238	0.56274	0.82536	1.163	0.64716	0.87225	0.7597	0.79722	0.50647	1.27555	0.37516	1.48189	1.35996	0.81598	0.47833	1.05045	0.95666	1.36934	0.5815	0.65653	1.66947	0.60026	0.45957	1.31307	1.53817	1.87581	1.32245	0.89101	0.88163	0.41268	1.45375	1.31307	0.72219	1.10673	1.3881	0.75032	0.88163	0.78784	1.66009	1.32245	0.77846	1.05983	0.64716	0.78784	2.31663	1.47251	0.92853	0.92853	0.59088	0.9848
cell34	1.60412	1.93117	1.36272	1.75985	1.14468	1.6742	0.94222	1.10575	1.44838	0.73976	1.10575	1.54182	1.02009	0.79427	0.75534	1.33157	1.64305	1.32378	1.09796	0.70861	0.74755	1.32378	1.09018	1.28485	0.92665	0.58402	1.04345	1.44838	1.19919	0.87214	1.29264	1.75985	0.67747	0.7164	1.1369	0.99673	0.78648	2.04019	2.43732	1.45616	0.85657	1.40165	1.17583	1.02009	0.92665	1.54961	1.316	0.91886	1.33157	0.99673	0.91108	1.24591	1.74428	1.58075	0.78648	0.7787	1.0746	1.16805	1.24591	1.55739	2.08691	0.81763	0.70083	2.06355	1.2537	1.02009	1.21477	0.95001	1.83772	1.18362	1.11354	1.23034	0.67747	1.24591	0.70861	1.34715	1.28485	1.16026	0.98116	1.10575	0.85657	0.63074	1.02009	1.05903	0.49837	1.6119	0.98895	1.81436	0.84099	0.55287	1.12911	1.41723	0.87993	1.53403	1.05903	1.6119	1.27706	0.97337	1.20698	1.33936	1.44059	1.0746	0.80984	0.69304	0.66189	0.81763	0.60738	1.91559	1.08239	1.18362	1.63526	1.2537	1.26928	0.99673	1.01231	0.88771	0.72419	0.77091	0.87993	1.10575	1.53403	1.12132	1.01231	1.90002	1.21477	0.63074	1.4951	1.64305	2.39839	1.04345	1.9701	2.36724	0.92665	1.05903	1.39387	0.82542	1.14468	1.33157	0.66189	1.28485	1.23813	0.90329	2.01682	1.33936	0.69304	0.97337	1.01231	1.38608	0.95001	1.23813	1.29264	2.35945	1.12911	1.4328	1.19141	1.38608	0.96558	0.98116	1.01231	1.17583	0.97337	1.4328	0.8955	0.79427	2.46068	0.8955	1.74428	0.98116	1.06681	1.08239	1.08239	0.77091	1.44059	1.45616	1.47174	1.32378	0.70861	1.71313	1.2537	1.02788	1.19141	0.98116	1.06681	1.01231	1.64305	0.87993	1.16805	1.72092	1.2537	1.23034	1.82994	0.73198	2.27379	0.86435	1.24591	1.53403	1.18362	1.44838	1.15247	1.84551	1.01231	1.37051	1.4328	0.91886	1.78322	1.26928	1.09018	1.4951	0.61517	1.23034	0.77091	0.93444	1.37051	1.42502	0.80206	1.54182	1.12132	0.63074	1.17583	1.33936	0.82542	0.85657	1.24591	1.05903	0.49837	1.12911	0.52173	0.96558	1.37829	1.56518	0.95001	1.78322	1.05903	0.61517	1.12911	0.93444	1.53403	1.18362	0.7164	1.73649	1.27706	1.02788	0.7787	0.82542	0.55287	0.41271	0.57624	0.99673	1.01231	0.8955	0.70861	0.52951	0.65411	0.66189	1.20698	0.75534	1.03567	0.83321	0.31148	1.03567	0.87993	0.49058	0.8955	0.8955	0.86435	0.96558	0.9578	0.64632	1.10575	0.52173	1.48731	1.02788	0.50615	1.18362	0.95001	0.56845	0.66968	0.70861	0.60738	0.94222	0.5996	0.9578	0.59181	1.09796	1.30042	0.55287	1.12132	0.44386	0.73976	1.32378	0.5996	0.44386	0.49837	0.73198	0.84878	0.7787	1.06681	0.84099	1.00452	0.77091	0.83321	0.41271	0.37377	0.91108	0.87214	0.76312	1.17583	0.8955	0.7164	0.87993	0.85657	0.67747	0.7787	0.91886	0.46722	1.11354	0.94222	0.76312	0.64632	0.55287	0.78648	1.72092	0.64632	0.5996	0.70861	0.87214	1.18362	0.56066	0.73976	0.56845	0.85657	0.54509	1.32378	0.70083	1.12132	0.98895	1.18362	0.7164	0.70083	0.95001	0.82542	1.11354	1.29264	1.09018	1.50288	1.86887	0.88771	0.62296	0.91886	0.72419	0.42828	1.09018	0.70083	0.87993	0.82542	0.31148	0.80206	0.62296	0.54509	0.74755	0.51394	0.95001	0.73976	0.52951	0.87993	0.74755	0.65411	1.10575	0.69304	1.40944	0.97337	0.84099	0.5373	0.81763	0.75534	0.79427	0.72419	0.88771	0.80206	0.96558	0.90329	0.73976	0.79427	0.67747	0.7787	0.72419	0.80206	0.59181	1.01231	0.8955	1.12911	0.63074	0.79427	0.44386	1.03567	1.14468	1.19141	0.77091	0.73198	1.24591	0.5373	1.4951	0.56066	0.56066	1.1369	0.77091	1.01231	0.98895	0.73198	0.7164	0.84099	0.84878	0.87214	1.77543	0.7787	0.60738	0.58402	1.09018	0.68525	0.77091	0.82542	1.19919	0.91886	1.66641	0.63074	0.96558	0.47501	1.23813	0.73198	0.74755	0.5373	0.64632	1.1369	0.70083	0.38935	0.58402	1.54182	0.62296	0.81763	0.81763	0.42828	1.12911	0.91886	0.96558	0.93444	0.63074	0.54509	1.16805	0.62296	0.83321	0.95001	0.52951	0.91886	0.58402	0.80206	0.63853	1.29264	0.75534	0.65411	0.51394	0.48279	1.03567	0.45943	0.74755	0.83321	0.62296	0.55287	0.81763	0.7787	0.36599	0.64632	0.44386	0.80206	0.5373	0.74755	0.63074	0.35041	0.82542	0.74755	0.84878	0.88771	0.30369	0.78648	1.10575	1.44838	0.63074	0.68525	0.59181	0.49837	0.60738	0.78648	0.75534	0.70861	0.38935	0.64632	1.02009	1.33157	0.66968
cell35	0.78348	0.83436	1.44486	0.70208	2.56413	1.62802	1.28206	2.13677	0.73261	0.62068	1.21084	1.39399	1.24136	0.93611	1.84169	0.73261	1.03786	0.54946	1.30241	0.76313	1.31259	1.24136	1.88239	1.48556	1.31259	1.04804	1.34311	2.15712	1.32276	1.53644	1.18031	1.40416	1.18031	1.11926	0.62068	0.92593	0.83436	1.54662	1.23119	2.18765	1.14979	1.37364	0.99716	0.81401	0.74278	1.81117	1.29224	1.06839	0.93611	1.33294	1.63819	0.85471	0.77331	0.71226	1.50592	0.96663	1.03786	1.48556	0.56981	0.76313	0.73261	1.27189	1.14979	1.41434	1.37364	0.60033	1.59749	1.03786	0.92593	1.20066	1.25154	1.53644	1.07856	1.26171	1.65854	1.00734	0.83436	1.20066	1.00734	0.83436	1.34311	1.08874	0.62068	0.57998	1.25154	0.83436	0.94628	1.61784	1.39399	1.45504	1.14979	1.32276	1.27189	1.47539	1.41434	0.52911	1.56697	1.02769	0.54946	1.28206	1.29224	1.64837	0.80383	1.43469	0.59016	1.57714	1.05821	1.51609	1.06839	1.00734	1.08874	0.42735	0.69191	0.85471	1.03786	1.38381	1.20066	1.14979	0.59016	1.40416	2.13677	1.00734	1.18031	1.44486	0.53928	1.26171	0.97681	1.03786	1.32276	1.24136	0.97681	1.33294	1.11926	1.30241	0.99716	1.36346	0.73261	0.74278	1.49574	1.09891	1.64837	0.78348	1.12944	1.04804	0.57998	1.05821	1.20066	1.28206	1.78064	1.46521	1.02769	0.99716	1.60767	1.43469	0.55963	1.02769	1.56697	1.27189	0.97681	2.4929	1.20066	1.05821	0.95646	1.57714	1.42451	0.54946	0.97681	0.80383	0.73261	0.63086	1.14979	1.56697	0.95646	1.00734	1.32276	1.29224	1.14979	0.80383	2.06555	0.53928	1.24136	1.28206	0.95646	1.50592	1.14979	2.43185	1.40416	1.20066	1.28206	1.08874	1.40416	1.50592	1.02769	1.33294	0.96663	1.41434	1.15996	1.39399	0.50876	1.36346	1.24136	1.46521	1.19049	1.70942	1.15996	1.01751	0.4884	1.00734	1.07856	1.00734	1.55679	1.02769	1.62802	0.99716	0.84453	1.41434	2.208	1.54662	1.11926	1.21084	1.26171	0.75296	1.43469	0.81401	1.22101	1.45504	1.34311	1.73994	1.35329	0.85471	1.33294	1.60767	1.55679	0.76313	1.00734	1.66872	0.73261	1.07856	1.64837	1.36346	1.14979	0.85471	1.97397	0.98698	0.60033	0.77331	0.66138	1.31259	0.83436	0.96663	0.3663	1.24136	0.69191	0.74278	0.53928	0.54946	0.41718	1.00734	1.02769	0.73261	0.68173	0.87506	0.85471	0.88523	1.07856	1.26171	0.91576	0.4884	0.84453	0.51893	0.83436	1.08874	0.38665	0.63086	0.88523	1.46521	0.49858	0.74278	0.59016	0.83436	1.13961	0.95646	0.74278	0.69191	0.59016	0.59016	0.54946	0.88523	0.23403	1.23119	1.19049	0.89541	1.00734	0.83436	0.91576	0.69191	0.72243	0.62068	0.68173	0.49858	0.60033	0.54946	1.51609	0.80383	0.55963	0.57998	0.67156	0.66138	1.39399	0.94628	0.42735	0.92593	0.88523	0.73261	0.53928	1.86204	0.73261	0.87506	0.77331	0.71226	0.66138	0.68173	1.37364	1.00734	0.53928	0.87506	0.67156	0.86488	0.92593	1.35329	1.44486	0.76313	0.61051	0.84453	0.71226	0.65121	0.88523	0.70208	0.99716	0.46805	0.94628	0.74278	1.26171	1.11926	0.66138	0.46805	0.39683	1.03786	0.25438	1.42451	0.83436	1.19049	0.96663	1.09891	0.90558	0.57998	0.64103	0.81401	1.17014	0.79366	0.86488	1.02769	1.26171	0.75296	1.00734	0.65121	0.37648	0.94628	0.83436	1.02769	0.45788	0.88523	0.63086	0.82418	0.69191	0.74278	1.05821	0.95646	1.19049	1.06839	0.85471	1.10909	0.71226	0.73261	1.08874	0.62068	0.68173	0.86488	0.84453	0.76313	0.76313	0.74278	0.27473	0.84453	1.15996	1.17014	0.80383	0.83436	0.81401	0.47823	0.73261	0.57998	0.81401	0.73261	0.75296	0.56981	0.98698	1.17014	0.55963	0.57998	1.26171	0.42735	0.74278	0.43753	0.63086	0.53928	0.51893	0.87506	0.94628	0.68173	1.14979	0.42735	1.10909	0.67156	0.84453	0.86488	1.10909	0.35613	0.51893	0.72243	0.75296	1.46521	1.09891	0.97681	0.71226	0.59016	0.59016	1.04804	0.69191	0.37648	1.00734	0.88523	0.98698	0.43753	1.14979	1.09891	1.14979	0.47823	0.45788	0.52911	0.71226	0.93611	0.89541	0.62068	0.96663	0.79366	1.11926	0.49858	0.77331	0.85471	0.83436	1.01751	0.75296	0.53928	0.71226	0.85471	1.70942	0.98698	0.94628	1.12944	0.53928	0.77331	0.56981	1.28206	0.71226	0.80383	0.90558	1.08874	0.93611	0.86488	1.01751	0.83436	1.00734	0.79366	0.86488	0.61051	0.66138	0.37648	0.92593	0.53928	0.54946	1.12944	0.73261	0.62068	1.10909	0.60033	0.63086	0.60033
cell36	1.53631	1.60141	0.70306	1.06761	0.69004	1.41914	2.60392	1.2629	1.14573	0.76816	1.2629	0.74212	1.51027	1.09365	1.00251	1.78369	1.3931	2.20031	1.87482	0.95043	1.54933	1.41914	1.09365	0.80722	1.28894	0.7291	1.31498	1.49725	1.08063	1.09365	1.90086	1.74463	1.75765	1.24988	1.24988	0.46871	0.54682	1.22384	1.23686	0.62494	1.30196	0.70306	1.48424	0.7942	1.06761	1.14573	0.63796	1.24988	0.92439	1.82275	0.664	1.22384	2.53882	1.53631	0.65098	0.82024	2.00502	1.05459	1.02855	0.69004	0.49475	0.80722	1.13271	1.64047	1.04157	2.82525	1.2629	1.43216	1.23686	1.52329	1.04157	1.21082	1.24988	1.4582	0.76816	1.09365	1.08063	0.61192	0.80722	2.25239	1.17176	1.05459	0.57286	1.93992	1.21082	1.14573	2.10918	0.98949	0.98949	1.30196	0.84627	1.05459	0.7291	1.21082	1.91388	1.1978	0.84627	1.88784	1.10667	0.98949	1.41914	1.00251	1.01553	1.17176	1.04157	0.78118	0.96345	0.92439	1.23686	1.49725	1.18478	0.82024	0.97647	0.49475	1.35404	1.84878	0.78118	0.95043	0.83325	1.00251	1.41914	1.30196	0.84627	0.89835	0.50776	1.35404	1.65349	1.06761	1.09365	0.93741	1.43216	0.5989	1.74463	0.7291	0.69004	1.22384	1.17176	1.06761	0.48173	1.90086	0.5989	1.27592	1.56235	1.23686	1.35404	0.83325	1.96596	0.87231	1.22384	1.17176	1.66651	1.21082	0.69004	1.47122	0.91137	1.00251	0.85929	0.57286	0.7942	0.61192	1.328	2.0571	0.67702	0.82024	1.18478	0.89835	0.7291	1.14573	1.23686	0.84627	0.88533	1.38008	1.1978	1.54933	0.97647	2.00502	1.74463	1.36706	1.57537	0.55984	1.36706	1.83576	1.11969	1.35404	0.7291	0.61192	0.91137	0.92439	1.34102	1.1978	1.78369	0.83325	0.92439	0.67702	1.04157	1.18478	0.93741	1.36706	0.82024	1.14573	1.13271	1.64047	2.01804	1.67953	1.8618	0.98949	1.2629	1.48424	0.93741	1.65349	1.62745	1.06761	2.10918	0.32549	0.71608	1.08063	1.56235	1.48424	0.91137	0.83325	1.48424	1.02855	2.46071	1.05459	0.98949	1.73161	1.11969	0.85929	1.14573	0.89835	0.85929	0.96345	0.95043	1.13271	1.30196	2.0571	1.71859	0.87231	1.2629	1.10667	0.48173	2.14824	1.21082	1.18478	1.87482	0.45569	1.4582	0.71608	0.57286	0.54682	0.664	0.58588	0.49475	0.61192	0.50776	1.27592	0.61192	0.69004	1.14573	0.35153	0.84627	0.67702	0.74212	0.50776	0.40361	0.69004	1.60141	0.5989	0.78118	0.55984	1.02855	0.57286	0.55984	1.66651	1.73161	0.93741	1.31498	0.664	0.95043	0.97647	0.7942	0.41663	0.91137	0.82024	0.98949	0.49475	0.664	1.21082	0.84627	0.62494	0.91137	0.57286	1.21082	1.60141	0.45569	0.95043	0.58588	0.7291	0.80722	1.13271	0.5989	1.08063	0.78118	0.84627	0.22133	0.7291	0.54682	0.71608	1.44518	0.32549	0.93741	0.5338	0.75514	0.54682	0.52078	0.63796	0.62494	0.91137	1.24988	0.97647	0.87231	0.5989	0.42965	1.13271	0.69004	0.84627	0.80722	0.71608	1.04157	1.22384	0.83325	1.35404	0.93741	0.61192	0.50776	0.78118	0.70306	0.69004	0.664	1.4582	0.62494	0.82024	1.88784	0.35153	0.63796	0.36455	0.7291	0.69004	0.98949	0.7942	1.05459	0.89835	0.54682	0.63796	1.04157	0.54682	1.01553	0.7942	0.42965	1.15875	0.67702	0.5338	1.36706	0.55984	1.02855	0.61192	0.93741	0.75514	0.74212	1.01553	0.69004	0.78118	1.1978	0.91137	1.17176	1.24988	1.52329	0.85929	0.76816	0.58588	1.09365	0.44267	1.01553	0.664	1.05459	0.92439	0.88533	0.58588	0.32549	0.95043	1.05459	1.3931	0.52078	0.44267	0.48173	1.2629	0.44267	0.71608	0.62494	0.76816	0.70306	1.21082	0.80722	0.80722	0.49475	0.58588	0.35153	2.14824	0.84627	1.01553	1.17176	0.46871	0.84627	1.17176	0.74212	0.31247	0.82024	0.61192	0.7291	0.88533	0.61192	0.61192	0.664	0.55984	0.7942	0.75514	0.44267	0.52078	0.61192	0.92439	0.55984	1.1978	0.74212	0.91137	0.75514	0.62494	0.65098	0.70306	0.63796	0.78118	1.49725	0.91137	0.57286	0.75514	0.75514	0.41663	0.664	1.48424	0.50776	0.84627	1.02855	0.664	0.82024	0.69004	0.65098	1.08063	1.00251	0.97647	0.75514	1.328	0.7291	0.78118	0.67702	1.1978	0.84627	0.96345	0.88533	0.61192	1.00251	0.91137	0.67702	0.57286	0.54682	0.57286	0.92439	0.48173	0.67702	0.84627	0.61192	0.75514	0.7942	0.92439	1.17176	0.97647	0.69004	1.27592	0.75514	0.49475	0.75514	0.52078	0.91137	0.52078	0.65098	1.08063	1.02855	0.74212	0.70306	0.85929
cell37	1.21493	1.01244	1.07319	1.21493	1.27568	2.21725	0.62771	1.77177	1.3263	0.88082	0.73908	1.79202	0.96182	0.66821	1.61991	0.66821	0.70871	0.68846	1.35667	0.75933	0.86058	0.69859	0.68846	1.13394	1.05294	0.51635	0.66821	0.96182	0.62771	0.59734	0.62771	0.67834	1.01244	1.46804	1.39717	1.48829	0.75933	1.03269	1.40729	1.33642	1.02257	1.14406	1.05294	1.25543	0.73908	0.74921	0.92132	0.9112	1.21493	0.62771	0.89095	1.01244	1.09344	0.8707	0.93145	1.12381	0.80995	0.4961	0.67834	0.60747	1.16431	1.11369	0.86058	1.2858	1.03269	1.63003	0.51635	0.84033	1.99451	1.10356	1.09344	1.21493	0.8302	0.82008	1.26555	1.67053	0.80995	1.33642	1.35667	1.7009	1.57941	1.01244	0.97194	0.73908	1.09344	1.23518	0.47585	1.26555	1.40729	1.44779	1.41742	0.70871	0.68846	1.43767	0.97194	0.59734	1.34655	1.02257	1.17443	0.84033	1.09344	0.40498	1.40729	0.7897	1.02257	1.52879	0.4961	1.39717	1.06306	1.04282	0.93145	1.51866	0.72896	1.11369	0.90107	1.18456	1.41742	0.96182	0.71883	0.90107	0.67834	0.51635	1.48829	1.43767	0.9517	1.27568	0.76946	1.04282	0.70871	0.84033	1.11369	1.08331	0.64796	0.68846	1.19468	1.31617	0.86058	0.60747	1.01244	0.61759	0.61759	0.4556	1.04282	0.8707	0.88082	1.19468	1.33642	1.46804	0.74921	1.20481	1.06306	1.06306	0.58722	1.3668	1.19468	0.51635	0.96182	1.06306	1.04282	0.56697	1.2858	1.47817	1.29593	0.9112	0.90107	1.16431	0.74921	1.11369	0.72896	0.8707	0.82008	0.70871	0.8302	0.59734	0.77958	1.39717	1.48829	0.88082	0.63784	1.2858	0.69859	1.33642	1.54904	1.38705	0.64796	0.58722	1.04282	0.8302	1.15418	0.73908	0.97194	0.57709	1.50854	0.67834	1.07319	1.7414	0.77958	0.58722	0.63784	0.75933	0.93145	0.68846	0.89095	0.73908	0.73908	0.62771	0.92132	1.50854	0.69859	1.02257	1.26555	0.86058	0.99219	1.49841	0.52647	1.22505	0.58722	1.60978	1.37692	1.43767	1.34655	0.98207	1.54904	1.18456	1.50854	1.30605	0.61759	1.42754	0.89095	0.53659	0.9112	1.37692	0.73908	1.25543	0.62771	0.74921	1.21493	1.04282	0.51635	1.19468	0.65809	1.2858	0.92132	0.54672	0.74921	1.13394	0.69859	1.08331	1.31617	0.57709	1.38705	0.94157	1.06306	0.96182	1.00232	0.61759	0.7897	1.87302	1.2453	0.61759	0.67834	1.22505	0.43535	1.50854	0.65809	1.21493	0.63784	1.20481	1.29593	0.70871	0.51635	0.75933	1.39717	0.8302	1.7414	1.21493	1.03269	0.71883	1.08331	0.93145	0.4556	1.11369	1.02257	1.3668	0.75933	1.49841	0.66821	0.79983	0.60747	1.27568	0.89095	0.72896	0.99219	0.90107	0.97194	1.03269	0.8302	1.15418	0.40498	1.91352	0.70871	1.19468	0.76946	1.13394	1.14406	0.54672	0.80995	0.76946	0.86058	0.82008	1.33642	0.54672	0.93145	0.57709	1.47817	0.82008	1.3668	0.97194	1.01244	1.21493	0.92132	0.79983	0.62771	0.90107	1.06306	0.57709	0.82008	0.88082	1.49841	1.09344	0.61759	0.50622	1.12381	1.20481	1.05294	1.39717	1.20481	0.79983	1.3668	1.35667	0.97194	1.20481	1.22505	0.63784	0.73908	0.43535	1.52879	1.45792	0.97194	1.10356	0.71883	0.76946	0.72896	0.68846	0.56697	1.05294	0.3746	0.35435	0.8302	1.46804	1.22505	0.57709	0.71883	0.63784	0.34423	1.04282	0.97194	0.76946	1.26555	1.13394	1.02257	1.20481	0.65809	1.71103	0.47585	0.88082	0.79983	0.9517	0.54672	0.82008	1.48829	0.62771	1.83252	1.41742	0.99219	1.13394	1.06306	0.71883	0.69859	0.79983	0.66821	0.84033	1.76165	1.08331	1.84264	1.2858	1.02257	0.61759	1.17443	1.01244	1.41742	1.41742	0.99219	1.21493	0.53659	0.80995	0.96182	1.06306	1.25543	1.02257	1.00232	0.72896	0.72896	1.68065	0.92132	1.00232	0.99219	0.71883	0.71883	1.20481	1.22505	1.92364	1.03269	0.60747	0.97194	1.39717	1.23518	0.92132	0.9112	1.15418	0.9112	1.22505	1.12381	0.9112	0.89095	1.56929	1.18456	0.53659	0.93145	1.00232	1.38705	1.13394	1.42754	2.05526	0.84033	1.18456	0.58722	0.38473	1.46804	0.8302	1.2453	1.56929	1.01244	1.09344	0.90107	0.88082	0.7897	0.80995	0.84033	0.66821	0.60747	0.9517	0.96182	1.39717	0.92132	1.11369	1.06306	0.94157	0.93145	1.20481	0.96182	1.11369	0.80995	0.63784	1.6604	0.61759	1.26555	0.4961	0.70871	1.06306	1.10356	0.85045	0.93145	1.16431	1.10356	0.63784	0.65809	0.67834	1.10356	0.85045	1.11369	0.99219	1.25543	1.31617	0.59734	0.59734	0.65809	0.76946
cell38	2.0181	0.81923	0.89915	1.31876	1.56852	1.06899	0.7393	1.28878	1.3787	0.96909	1.00905	0.92912	0.86918	1.3787	0.95909	0.80924	1.23883	1.09896	1.21885	1.76833	1.17889	1.59849	1.50858	0.85919	1.08897	1.23883	1.11894	1.13893	1.43864	0.7393	0.72931	0.79925	1.3787	1.89821	1.32875	1.85825	0.53949	0.75928	1.92818	0.9491	0.62941	0.9491	0.98907	1.17889	0.92912	1.20886	0.43959	1.56852	2.20792	1.22884	0.78926	1.67842	0.7393	0.78926	1.01904	1.3787	0.75928	1.97813	1.42865	1.23883	1.11894	0.89915	0.98907	0.98907	1.07898	0.70933	2.77738	0.9491	0.80924	1.19887	1.12893	1.08897	1.44863	0.95909	1.88822	1.02903	1.72837	0.30971	1.36871	1.22884	0.97908	1.34873	1.02903	0.81923	1.31876	0.9491	1.50858	1.059	1.12893	0.65938	1.73836	1.07898	0.99906	1.30876	1.77832	1.22884	0.92912	0.67936	1.85825	1.57851	0.98907	0.53949	1.78831	1.20886	1.42865	0.86918	1.32875	1.12893	0.69934	1.92818	1.20886	0.83921	0.87917	1.23883	1.41866	0.64939	1.09896	1.30876	1.13893	0.87917	1.32875	0.86918	1.11894	0.91913	0.97908	1.2688	0.85919	1.36871	1.19887	0.9491	1.11894	0.74929	1.2688	1.80829	1.43864	0.76927	1.01904	0.98907	1.07898	1.44863	1.43864	1.30876	1.24882	0.87917	1.00905	1.13893	1.13893	0.81923	0.92912	2.48765	0.91913	1.66843	1.2688	1.41866	1.04901	1.10895	0.93911	0.54948	0.76927	0.53949	0.67936	1.10895	1.21885	1.1689	0.96909	2.53761	1.29877	0.98907	0.58944	1.38869	1.07898	1.14892	1.30876	1.36871	1.11894	1.31876	0.90914	1.40867	1.09896	1.01904	0.72931	1.21885	1.25881	0.7393	0.60942	0.78926	1.83827	0.93911	1.04901	0.85919	1.78831	0.49953	0.89915	1.02903	1.00905	0.91913	1.00905	1.39868	0.76927	0.81923	1.31876	1.53855	1.12893	1.12893	1.23883	1.53855	1.18888	1.03902	1.95815	2.37776	0.95909	0.60942	1.62846	1.53855	0.89915	0.89915	1.25881	1.11894	1.5885	1.17889	1.78831	0.96909	0.8492	0.89915	1.57851	0.60942	1.17889	1.19887	1.00905	1.27879	1.06899	1.06899	1.14892	0.82922	0.99906	1.07898	1.4886	0.89915	0.66937	0.67936	1.23883	2.10801	1.13893	0.92912	0.81923	0.6394	0.7393	0.93911	0.67936	0.35966	0.69934	0.77926	0.46956	1.42865	1.20886	0.70933	0.75928	0.97908	0.64939	0.82922	0.7393	1.39868	0.65938	1.06899	1.11894	0.76927	0.21979	0.97908	0.56946	0.77926	1.21885	0.62941	1.23883	0.87917	0.55947	1.2688	0.48954	1.01904	1.62846	1.1689	1.059	0.95909	0.53949	1.11894	0.89915	0.76927	0.7393	0.65938	0.86918	0.6394	0.69934	0.75928	0.97908	0.58944	0.5295	1.03902	1.18888	1.13893	0.92912	1.53855	0.98907	0.79925	0.32969	0.92912	0.64939	0.72931	1.41866	0.78926	0.34967	0.91913	1.09896	0.6394	0.65938	0.88916	0.55947	0.71932	1.15891	0.72931	0.96909	1.04901	0.91913	0.60942	0.72931	0.69934	0.79925	1.34873	0.48954	1.00905	0.71932	1.06899	1.17889	0.93911	0.67936	0.42959	0.98907	0.91913	1.25881	1.12893	1.12893	0.85919	0.4196	0.83921	0.61942	1.14892	0.4196	0.7393	0.76927	0.76927	1.46861	0.81923	0.8492	0.66937	0.75928	0.66937	0.98907	0.99906	0.83921	1.13893	0.90914	1.29877	1.20886	0.6394	0.79925	1.01904	0.59943	1.73836	1.14892	0.78926	0.35966	1.03902	1.02903	0.69934	0.50952	0.62941	0.81923	0.95909	1.15891	0.83921	0.54948	0.83921	0.77926	1.2688	0.82922	0.33968	0.85919	0.60942	0.70933	0.62941	0.8492	1.59849	1.55853	0.9491	0.51951	0.71932	1.14892	1.30876	0.68935	1.6984	0.98907	0.32969	0.43959	0.85919	0.4196	1.14892	0.60942	1.32875	0.9491	0.55947	0.75928	0.59943	0.68935	0.74929	1.23883	0.64939	1.11894	0.55947	0.78926	0.5295	0.72931	0.30971	0.82922	1.38869	0.76927	0.74929	1.23883	0.71932	0.77926	0.6394	0.61942	0.70933	0.97908	0.8492	1.44863	0.53949	0.98907	1.3787	1.02903	0.5295	0.97908	0.99906	0.72931	1.34873	0.91913	1.65843	0.85919	0.33968	0.8492	0.33968	0.64939	0.61942	0.56946	0.43959	0.93911	0.65938	1.40867	0.58944	0.95909	1.15891	0.5295	1.17889	0.61942	0.78926	0.91913	0.54948	0.8492	0.42959	0.55947	1.35872	0.85919	1.08897	0.55947	0.42959	0.70933	0.62941	0.85919	1.06899	0.72931	0.77926	0.77926	0.7393	1.24882	0.78926	0.75928	0.69934	0.57945	0.90914	0.56946	1.00905	1.09896	0.6394	0.58944	0.74929	0.69934	0.60942	0.7393	0.90914	0.93911	0.59943
cell39	1.13704	2.0807	0.7967	0.85858	1.63208	1.16798	0.7735	1.12157	1.31494	1.5702	0.93593	1.64755	0.87405	1.35362	2.27408	0.71162	0.85085	0.54145	1.29174	1.35362	1.88733	0.6188	1.00554	1.30721	1.22986	1.22212	1.69396	1.09836	0.59559	0.72709	0.50277	1.1293	1.54699	1.66302	1.37682	1.84866	1.02875	1.4387	1.50832	1.52379	0.54918	2.45972	1.36909	1.01328	1.7481	1.49285	1.98015	1.44644	1.17571	0.70388	1.01328	1.1293	1.81772	1.40776	1.02875	0.9514	1.05195	1.33041	1.78678	0.78123	0.93593	0.642	1.19118	0.85858	0.92046	1.1293	1.4155	1.34588	2.15805	1.29947	0.70388	1.74037	1.02101	0.85085	1.43097	1.81772	1.82545	1.73263	1.37682	1.25306	1.33815	0.98234	0.6188	1.7249	2.01882	1.31494	1.76357	0.84311	0.65747	0.89726	0.98234	1.11383	0.85858	0.86632	0.44089	1.60114	1.53926	1.20665	1.17571	1.27627	1.66302	1.29174	1.56246	0.97461	1.19118	1.07516	1.22986	1.57793	0.54918	0.85085	1.15251	0.642	1.26853	1.55473	1.04422	1.63208	0.98234	1.68622	0.76576	1.40003	1.63981	1.06742	0.84311	1.67075	0.97461	1.75584	1.60114	1.36135	1.47738	1.05195	0.642	1.07516	1.25306	1.33041	1.33041	0.9514	0.63427	1.88733	0.78897	1.42323	0.92046	1.19118	1.23759	0.9282	0.89726	1.30721	0.93593	1.4387	1.50832	1.22212	1.12157	0.96687	1.18345	0.93593	0.88952	1.21439	0.76576	2.17352	0.85085	2.17352	0.9282	0.78897	1.30721	1.55473	1.37682	0.84311	1.25306	1.05969	1.284	2.25861	1.5934	1.26853	1.05195	1.05969	0.95914	0.85085	1.07516	1.75584	0.642	1.05969	0.84311	0.9282	1.50058	1.23759	0.61106	0.75029	2.37463	1.4387	0.82764	1.33815	0.98234	1.16798	1.06742	0.9282	0.67294	0.63427	0.642	0.9514	1.35362	0.92046	1.38456	1.36135	1.16024	0.85085	0.58786	1.57793	1.00554	0.51824	1.60887	1.50832	1.01328	0.86632	1.39229	1.25306	1.35362	2.08844	1.2608	0.75029	1.31494	1.67849	1.16024	1.36135	1.49285	1.15251	1.70169	1.22212	0.71162	1.95695	0.90499	0.56465	1.05195	1.02875	1.06742	0.93593	1.19118	1.09063	0.86632	0.75029	1.13704	0.80444	1.33815	0.99781	1.1293	1.05969	1.04422	1.38456	0.76576	0.68068	0.95914	0.37128	0.83538	0.99008	0.62653	0.73482	0.68841	0.85085	0.9282	0.95914	1.21439	0.88952	0.54145	0.34807	1.00554	0.98234	0.51051	0.78897	1.24533	0.94367	0.34807	0.68841	1.11383	0.71935	1.11383	0.4641	0.7967	0.68841	0.40995	0.68841	0.57239	0.74256	0.95914	0.83538	1.19892	0.59559	1.16024	0.86632	0.99781	0.55692	0.49504	0.73482	0.71935	0.88952	0.65747	0.72709	0.63427	0.88952	1.03648	0.72709	0.47183	0.75803	0.63427	0.6188	0.60333	1.02875	1.31494	0.75029	1.00554	0.89726	0.47957	0.97461	0.51824	0.81217	0.53371	0.76576	0.93593	0.59559	0.50277	0.64974	0.51051	0.63427	0.35581	0.80444	0.52598	0.71935	0.90499	0.64974	0.9514	0.85085	0.82764	1.47738	0.78123	0.9282	1.26853	0.71162	0.66521	1.05195	0.68841	0.64974	0.67294	1.284	0.66521	0.88179	0.64974	0.9514	0.34034	0.35581	0.58786	1.27627	1.09836	0.54145	0.65747	0.95914	0.39448	0.92046	0.63427	0.55692	0.71162	0.98234	0.54145	0.65747	0.86632	0.90499	0.64974	0.87405	0.89726	0.61106	1.14477	0.76576	0.68068	0.34034	0.29393	0.39448	0.50277	1.12157	0.74256	0.92046	0.81217	1.19892	0.73482	1.54699	1.07516	1.09063	0.43316	1.06742	0.75803	0.68841	0.67294	1.14477	0.80444	0.97461	0.55692	1.60114	1.19118	1.12157	0.54918	1.05195	0.98234	0.82764	0.44089	0.71162	0.47957	0.68068	0.51824	0.7967	0.70388	0.9514	0.70388	0.4873	0.49504	0.40222	0.85858	0.88952	0.88952	0.642	0.54145	0.74256	0.89726	0.73482	0.70388	0.88179	0.52598	0.83538	0.80444	1.09836	0.60333	0.53371	0.99781	0.7735	0.71162	0.7735	0.75803	0.70388	1.03648	0.54145	1.16798	0.96687	1.04422	1.44644	0.65747	0.99008	0.84311	0.88952	1.55473	0.61106	0.90499	0.76576	1.15251	0.47183	0.89726	1.05195	0.72709	0.59559	0.87405	1.11383	0.75803	0.9514	0.96687	0.40995	1.53926	1.12157	0.92046	1.01328	0.67294	0.82764	0.71935	0.90499	0.85085	0.69615	0.70388	0.78897	1.284	0.9514	1.05195	0.67294	0.84311	1.33815	0.88952	0.54918	0.71162	0.87405	0.88952	0.71935	0.99008	0.7967	0.9514	0.72709	0.59559	0.66521	0.43316	1.1293	1.00554	0.88952	0.99008	0.50277	1.05195	0.51051	0.37901	0.72709
cell40	1.06767	0.88125	1.58456	1.0592	0.38978	1.10156	0.7372	1.57608	0.97446	1.78792	1.15241	1.48287	0.99141	0.80499	1.3473	0.77109	2.14381	1.95739	1.75403	1.7625	1.40661	0.72873	1.26256	0.78804	1.25409	1.05072	1.52524	0.65246	0.78804	0.54231	1.44051	0.96599	1.57608	1.10156	0.7372	0.97446	1.24561	2.09297	1.44051	2.40649	0.85583	1.61845	1.49982	0.37284	0.61857	1.24561	0.59315	1.88961	1.55066	0.77109	1.05072	1.03378	1.10156	1.25409	1.77098	0.64399	1.22019	1.10156	1.21172	1.23714	0.88972	1.66929	0.85583	1.0253	0.71178	1.27104	1.20325	0.77957	1.07614	1.69471	1.57608	0.98293	1.16935	0.87278	1.95739	1.12698	1.6015	1.3473	1.85571	1.10156	1.0253	1.03378	0.5762	0.83888	0.95751	1.45745	0.96599	0.70331	1.29646	1.43203	1.70319	1.05072	1.27104	1.24561	0.97446	0.94904	1.27951	1.19477	0.61857	0.95751	0.66094	1.51677	1.36424	0.94057	1.37272	1.44051	1.15241	1.11851	2.17771	1.80487	1.35577	1.55066	1.30493	0.99141	1.33035	0.35589	1.53372	1.96587	0.67789	0.93209	1.20325	0.66094	0.80499	1.28798	1.53372	1.50829	1.09309	0.44063	0.83888	1.44898	2.35565	1.39814	1.07614	1.36424	1.07614	0.82194	0.7372	0.96599	0.98293	1.6354	1.35577	1.27951	1.46593	1.33035	1.37272	1.39814	1.1863	1.38966	1.39814	0.76262	1.19477	2.02518	1.08462	0.82194	0.72873	1.52524	0.77109	1.17783	0.93209	1.15241	1.10156	0.84736	1.69471	1.81334	1.78792	0.94057	1.10156	1.22019	0.62704	1.42356	1.11004	0.90667	1.3473	0.77957	1.12698	1.46593	0.83888	0.74567	1.72013	1.4744	1.24561	1.66082	0.80499	1.17783	1.56761	0.92362	0.80499	0.68636	0.60162	2.12687	0.77957	0.98293	1.14393	0.50841	0.96599	1.55066	1.69471	0.94904	0.56773	1.72013	1.19477	1.27951	0.94057	1.0253	1.59303	1.44051	1.46593	1.44898	0.65246	1.06767	1.26256	1.11004	1.3473	0.98293	1.55066	1.88961	1.66082	1.40661	1.17783	1.12698	0.83888	0.50841	0.97446	0.82194	0.8982	0.7372	1.35577	2.44886	0.94904	2.0845	1.32188	0.69483	0.83041	1.26256	0.77957	1.04225	2.25397	1.13546	1.46593	1.0253	1.60998	1.0592	2.60986	1.56761	0.83888	0.95751	0.68636	0.97446	0.60162	0.37284	0.72025	0.88125	0.81346	0.68636	0.76262	0.52536	0.99141	1.25409	0.84736	0.63552	0.69483	0.55926	1.71166	0.68636	0.83041	0.91515	1.36424	1.14393	0.77957	0.77109	0.88972	0.71178	0.33047	0.58468	0.4152	0.55078	1.12698	0.76262	1.12698	0.6101	0.76262	0.5762	0.72025	1.14393	1.22019	0.5762	1.19477	0.70331	1.33882	0.44063	0.76262	0.72873	1.04225	0.94904	1.17783	0.76262	0.5762	0.74567	1.14393	0.33047	1.48287	1.11851	0.6101	1.27104	0.95751	0.62704	0.38978	0.76262	0.66941	0.77957	0.70331	0.6101	0.81346	0.61857	0.40673	0.8643	0.64399	1.0592	1.09309	1.27104	0.52536	0.7372	0.75415	0.80499	0.94904	1.0253	1.1863	0.69483	0.84736	0.62704	0.68636	1.26256	0.99141	0.8643	0.54231	0.50841	1.10156	0.85583	0.54231	0.66941	1.00835	1.46593	0.8982	0.72873	0.94904	0.69483	0.72025	0.77957	1.04225	0.46605	0.77957	1.11851	1.19477	0.22879	0.50841	0.54231	0.5762	0.66094	0.33047	0.97446	0.92362	0.69483	0.50841	0.61857	0.68636	0.8982	0.52536	0.77957	0.77109	0.78804	0.61857	0.94904	0.53383	0.49994	1.16935	0.56773	0.70331	0.81346	0.7372	1.11851	1.22019	1.07614	1.10156	0.88125	0.96599	0.65246	0.62704	0.70331	0.39826	0.63552	0.34742	0.63552	0.67789	0.61857	0.50841	1.22019	0.83041	1.03378	0.6101	0.74567	1.06767	0.72025	0.62704	1.15241	1.01683	0.88125	0.77957	0.97446	0.99988	0.56773	1.48287	0.91515	0.5762	0.53383	0.65246	0.64399	0.35589	0.56773	1.08462	1.29646	0.83888	0.47452	0.71178	0.46605	0.97446	0.67789	1.3134	0.7372	0.84736	0.68636	0.87278	0.59315	0.97446	1.24561	0.81346	0.80499	0.99141	0.75415	0.80499	0.54231	0.34742	1.04225	0.93209	0.72025	0.61857	0.82194	0.55078	0.72025	0.80499	0.75415	0.54231	1.23714	1.20325	0.56773	0.72873	0.6101	0.64399	0.99141	0.55926	0.79652	0.36436	0.60162	0.72025	0.83888	1.24561	1.03378	0.76262	0.38978	0.6101	0.70331	0.48299	0.52536	0.55926	0.4152	0.91515	1.0592	0.80499	1.39814	1.87266	0.66941	0.83041	0.31352	1.11004	0.61857	0.5762	1.07614	0.55926	0.74567	0.8982	0.94904	1.25409	0.67789	0.59315	0.63552	0.69483	1.19477	1.13546	1.12698
cell41	1.0107	0.85679	1.32366	0.73366	1.08253	1.64175	1.25697	1.36984	1.3134	1.82132	1.81619	1.47758	0.68748	0.56948	0.76957	1.20053	2.1035	1.67254	0.97479	1.72897	0.76957	2.2728	1.79054	0.93375	1.02096	1.36471	1.87262	1.13384	0.68748	0.85166	1.20566	1.70332	0.68748	0.96966	1.42114	0.95427	0.95427	0.80548	0.49766	1.47758	1.58019	0.99531	1.20566	1.46732	0.88757	1.77001	0.76957	1.28775	1.88289	1.03636	2.00089	1.61097	0.84653	1.33392	1.03636	1.18514	1.10305	1.00557	1.71871	1.16975	0.85679	0.87218	1.21079	1.30827	0.67722	2.0881	1.29801	0.96966	0.93888	1.39549	1.27236	1.39036	1.01583	0.7747	0.91322	0.94401	1.95984	1.82132	1.49297	1.12357	1.25697	1.19027	0.96966	1.74949	1.21079	1.0107	1.51862	1.09279	1.1287	0.83627	0.66183	1.09279	1.05688	1.57506	1.06714	1.25184	1.08766	1.37497	1.00557	1.14923	0.93375	0.97992	1.04149	1.21592	1.04662	1.82132	1.39036	1.50323	1.04149	0.77983	1.15436	0.90809	1.42627	0.98505	1.15949	1.36471	0.55409	0.87731	1.35958	1.79054	1.32879	1.15436	1.49297	1.41601	1.50836	0.88244	0.98505	0.80548	1.42627	1.04149	1.35958	1.08766	1.02096	1.13897	2.0368	2.01628	1.06714	1.50323	1.24158	1.30827	1.53914	1.2621	1.3134	0.63618	1.34932	0.94914	1.41601	1.0261	0.62079	0.85679	0.91322	1.09279	1.11844	1.4981	1.55966	1.35958	1.20053	1.1441	1.08253	0.95427	0.92349	1.75462	1.10818	1.44166	1.32366	1.34418	0.74905	0.96453	0.73366	1.48271	1.29288	1.08766	1.10305	1.21592	0.86192	1.08766	1.56993	1.11844	1.03636	1.59558	1.02096	2.02141	1.40575	0.87731	0.85166	1.9701	1.28775	1.29288	1.33392	2.01628	0.88244	0.83114	0.90809	1.00044	1.03636	1.21592	1.50836	0.87731	0.72853	1.03123	1.58532	1.06201	0.96966	1.75462	1.96497	0.83114	1.4314	0.75931	0.67209	1.67767	1.40062	0.75931	1.0107	1.20566	2.13428	1.48271	1.29288	1.0261	1.81619	1.29801	1.97523	1.09792	0.50279	1.30314	1.29288	1.22618	0.61566	1.32366	1.55453	1.08766	1.64688	1.21592	1.40062	1.10818	0.90809	1.45706	1.03123	1.24158	1.72897	0.91836	0.91322	1.38523	0.70801	1.37497	0.61566	1.11331	0.86192	0.7747	1.27749	0.73366	0.49253	0.48226	0.52331	1.07227	0.7747	0.77983	0.62592	0.83627	0.60027	0.81062	0.236	0.66183	1.1954	0.76957	0.86192	0.48226	0.66183	0.71314	0.82601	0.36426	0.51305	0.94914	0.82601	1.45192	0.69774	0.69774	0.6567	0.73366	0.61053	1.06201	0.66696	1.03123	1.14923	0.25139	1.46219	0.62592	0.96453	1.00044	1.08766	0.88757	0.63618	0.91322	0.89783	1.23131	0.50792	0.97479	0.91322	0.6054	1.88802	0.85166	0.71314	0.472	1.04149	0.56435	1.12357	1.30827	1.15949	0.82088	0.75418	0.53357	0.8414	1.60071	0.5387	0.57461	0.73366	0.87731	1.10305	0.35913	0.73366	1.12357	1.19027	0.5387	1.09792	0.38992	1.16462	0.54383	1.03636	1.18514	0.51305	0.55409	0.62079	0.68748	0.93375	1.08766	0.88244	0.68235	0.53357	1.34418	0.55409	0.45148	1.32366	1.0261	0.79009	0.96453	0.36426	0.58487	0.7234	0.84653	0.82088	0.64644	0.69774	0.61053	0.6054	0.62592	0.44635	0.94914	1.49297	0.73879	0.76957	1.04662	1.44679	1.22618	0.76444	0.39505	1.27749	0.56435	0.76957	0.8414	0.73366	0.91836	0.74392	0.91322	0.51818	1.3801	0.91322	0.87218	0.66183	0.34887	0.47713	0.69261	0.49253	1.23644	0.73879	0.50792	0.7747	0.70801	0.8414	0.47713	0.97479	0.82088	0.74392	0.80035	0.74392	1.14923	0.51818	0.66696	0.92862	0.49253	0.74905	0.34374	0.82088	0.92862	0.79009	0.87731	1.08253	0.42583	0.4874	0.89783	0.71314	0.78496	0.67722	0.74392	0.67722	1.08253	0.67209	0.66696	0.37452	0.45148	0.79009	0.66183	0.4874	0.71827	0.74392	0.58487	1.04662	0.69261	0.71827	0.91322	0.6054	0.65157	0.45661	0.94914	0.56435	1.1954	0.75418	0.79009	0.64131	0.74905	0.83627	1.01583	1.03123	0.71314	0.52331	0.87731	0.55922	0.53357	0.7747	1.42114	0.80548	0.64644	0.65157	0.82088	0.63618	0.85679	0.88244	0.55409	0.74392	0.97479	0.86705	0.56435	0.46174	0.74392	0.69774	1.28775	1.10305	0.74392	0.85679	0.68235	0.34887	0.75418	0.46174	0.74392	1.05688	1.24671	0.83627	0.59514	1.0107	0.67722	0.88244	0.68235	0.38992	0.62592	0.53357	0.58487	0.56435	0.53357	0.50792	0.51818	0.54383	0.96453	0.87731	1.16975	0.70288	1.14923	0.96966	1.05688	0.8927	0.89783
cell42	1.13033	0.46343	1.7068	0.96078	0.64429	1.11902	0.6782	1.25466	0.79123	0.99469	0.88166	0.56516	1.25466	0.66689	0.97208	1.40161	0.80253	0.75732	0.94948	0.38431	0.76862	1.3903	0.71211	0.76862	0.63298	0.84775	1.05121	1.59376	0.77993	0.90426	0.83644	1.0286	1.28857	0.31649	0.88166	0.61038	0.64429	0.91557	0.66689	1.379	0.94948	1.07381	1.0286	1.24336	0.71211	0.49734	1.0173	0.91557	0.71211	1.40161	0.66689	1.75201	0.83644	0.81384	0.84775	0.91557	0.81384	1.0399	0.66689	0.97208	1.18684	1.07381	1.18684	0.85905	0.90426	0.99469	0.6782	0.87035	1.05121	1.84243	0.90426	0.91557	0.64429	0.85905	1.18684	0.85905	0.91557	0.98339	0.99469	1.16424	0.75732	1.0173	0.91557	0.58777	0.94948	0.75732	1.10772	1.14163	1.0399	1.14163	1.0399	0.82514	0.84775	1.89895	1.09642	1.31118	1.62767	1.52594	1.17554	1.00599	0.77993	0.39561	1.61637	0.83644	0.84775	0.6895	0.61038	0.98339	0.87035	1.78592	0.50865	1.52594	1.0173	0.82514	0.92687	0.84775	1.06251	0.99469	1.11902	1.15293	1.25466	0.79123	0.96078	0.66689	1.17554	1.46943	0.73471	1.23206	1.09642	0.80253	0.6782	0.96078	1.25466	0.88166	1.17554	1.16424	0.83644	1.40161	1.0399	1.10772	1.24336	1.08512	1.15293	1.15293	0.47474	1.00599	0.55386	1.60507	1.22075	1.33379	0.77993	1.45812	1.05121	1.29988	1.3677	1.3903	0.93817	0.92687	0.56516	0.99469	0.90426	1.52594	0.85905	1.08512	0.87035	1.40161	0.6895	1.45812	0.56516	0.91557	0.72341	1.43552	1.42421	0.94948	0.74602	1.42421	0.7008	1.22075	0.96078	1.32248	0.85905	1.0399	0.63298	0.87035	0.48604	0.93817	0.45213	1.27727	0.57647	1.44682	0.76862	1.22075	1.59376	0.83644	0.72341	1.27727	1.17554	0.51995	0.42952	1.31118	1.46943	0.87035	1.0173	0.72341	1.00599	1.10772	0.64429	1.24336	1.18684	0.88166	1.14163	0.36171	1.18684	0.50865	1.18684	1.32248	1.31118	0.80253	0.58777	0.74602	0.73471	1.13033	1.23206	0.47474	1.45812	0.74602	0.65559	0.55386	1.20945	0.97208	1.53725	0.85905	0.87035	1.11902	0.74602	1.0286	1.10772	0.87035	0.90426	0.97208	1.10772	1.51464	0.75732	0.51995	1.3903	0.87035	0.85905	0.53125	0.65559	1.06251	0.66689	0.90426	1.80853	1.42421	0.56516	1.26597	0.94948	1.0286	1.24336	1.06251	0.63298	1.22075	0.98339	1.45812	1.7294	1.06251	1.31118	0.88166	1.24336	0.83644	1.05121	1.14163	0.84775	0.97208	1.00599	0.93817	0.71211	1.13033	1.49203	1.10772	0.73471	1.16424	1.08512	1.3903	1.0286	0.96078	0.7008	1.84243	1.09642	1.09642	0.96078	1.57116	0.99469	0.7008	1.40161	0.87035	0.79123	0.79123	1.18684	1.11902	0.94948	0.88166	0.82514	1.67289	1.379	0.64429	0.30519	0.57647	0.71211	0.84775	1.62767	0.56516	1.13033	0.89296	0.6895	1.41291	0.85905	0.91557	0.81384	1.23206	1.25466	0.93817	1.94416	1.07381	0.65559	0.97208	1.20945	0.76862	1.08512	1.66158	0.73471	0.42952	0.99469	1.09642	0.76862	0.90426	0.62168	0.56516	0.6782	0.75732	1.3903	0.75732	0.82514	1.379	1.00599	0.6782	1.24336	1.18684	0.6782	1.0286	1.07381	1.43552	2.12502	0.72341	0.97208	1.08512	1.48073	0.61038	0.97208	0.64429	0.59907	0.54256	1.14163	0.88166	0.42952	0.93817	0.88166	1.29988	0.76862	0.87035	1.22075	1.25466	0.90426	0.75732	0.7008	1.66158	0.71211	0.75732	0.6782	1.15293	1.89895	1.3903	1.85374	1.25466	1.78592	0.71211	0.98339	0.46343	0.77993	2.0798	0.80253	0.92687	0.79123	1.00599	1.08512	0.62168	1.65028	1.68419	0.63298	0.77993	0.66689	1.26597	0.66689	0.71211	1.84243	0.72341	0.73471	0.6782	0.77993	1.69549	0.97208	1.16424	1.3903	0.85905	0.63298	0.83644	1.22075	0.99469	1.11902	0.64429	0.73471	0.72341	1.07381	0.89296	1.11902	0.49734	0.90426	0.90426	1.33379	0.62168	1.59376	0.98339	1.25466	0.62168	2.02329	0.6782	0.83644	0.65559	0.91557	0.59907	0.83644	1.13033	1.27727	1.22075	0.77993	0.79123	1.58246	0.87035	1.65028	1.07381	0.82514	1.42421	0.65559	0.97208	0.62168	0.57647	1.20945	0.65559	0.93817	1.14163	1.86504	1.88765	0.6895	1.11902	0.48604	1.65028	1.08512	0.77993	0.56516	0.58777	0.47474	0.85905	1.00599	0.71211	1.07381	1.26597	0.80253	1.79722	0.96078	0.96078	0.83644	0.75732	1.15293	1.09642	0.79123	1.11902	1.26597	0.96078	1.08512	1.51464	0.99469	0.87035	0.50865	1.24336	1.05121	0.73471	0.49734	1.07381
cell43	1.09417	1.15028	1.48694	0.79958	1.37472	1.83764	0.49097	0.91181	0.54708	0.84167	1.2625	0.63125	1.54306	0.98194	1.47292	0.7575	0.57514	1.01	1.01	1.30458	0.61722	0.85569	1.85167	0.71542	0.65931	0.67333	1.01	1.20639	0.93986	0.64528	0.78556	0.61722	0.92583	0.47694	1.02403	1.10819	0.56111	1.27653	0.84167	0.7575	0.84167	1.78153	0.86972	0.65931	0.68736	1.37472	1.09417	1.36069	1.75347	1.10819	1.72542	1.83764	0.99597	2.00597	0.63125	1.23444	1.37472	1.78153	0.72944	1.27653	1.12222	0.86972	1.515	1.16431	0.54708	1.09417	2.28653	1.45889	1.75347	1.68333	1.31861	2.65125	1.65528	1.86569	1.69736	0.65931	0.89778	0.78556	1.55708	1.16431	1.06611	0.18236	0.49097	0.36472	0.65931	0.51903	0.40681	0.33667	0.57514	0.65931	0.84167	0.57514	0.70139	1.13625	1.23444	1.10819	0.79958	1.02403	0.86972	0.78556	1.09417	1.68333	1.02403	1.06611	0.98194	1.03806	1.12222	0.54708	1.29056	0.82764	1.83764	1.23444	1.13625	0.85569	0.63125	0.92583	0.53306	1.12222	0.89778	1.30458	1.01	0.77153	0.65931	0.72944	0.91181	0.72944	1.2625	0.33667	0.60319	1.06611	1.01	1.43083	1.20639	0.47694	0.99597	0.58917	0.57514	0.85569	1.23444	0.92583	1.05208	0.89778	0.56111	0.77153	0.84167	0.91181	0.78556	0.82764	1.79556	1.66931	1.15028	1.45889	0.70139	1.45889	1.09417	0.57514	0.47694	1.16431	0.71542	0.61722	1.09417	0.40681	1.16431	1.05208	1.12222	1.13625	0.65931	0.7575	0.65931	0.89778	1.01	1.09417	1.13625	1.33264	1.50097	1.05208	0.61722	0.65931	0.68736	1.08014	0.95389	1.09417	2.16028	0.58917	1.06611	0.84167	0.93986	0.72944	0.91181	1.01	1.59917	0.64528	1.36069	0.70139	0.7575	0.85569	1.40278	0.47694	0.71542	1.44486	1.20639	0.98194	0.91181	0.92583	0.71542	0.81361	0.77153	1.17833	0.78556	0.82764	0.57514	1.05208	0.86972	1.22042	1.52903	1.08014	1.16431	1.09417	2.16028	0.96792	0.67333	1.34667	0.57514	1.01	1.43083	0.93986	0.56111	0.60319	1.05208	1.61319	0.42083	0.84167	1.68333	0.89778	0.88375	1.2625	1.06611	1.2625	0.64528	0.81361	1.41681	1.05208	0.67333	0.92583	1.15028	0.81361	1.01	1.45889	0.79958	0.72944	0.86972	1.15028	1.17833	0.99597	0.68736	0.44889	1.2625	0.67333	0.98194	0.54708	0.58917	1.01	0.99597	0.51903	0.78556	0.86972	1.73944	1.05208	1.55708	1.16431	1.22042	0.93986	0.86972	0.78556	1.45889	0.64528	0.92583	0.42083	1.13625	0.99597	0.99597	1.03806	1.05208	1.43083	0.91181	0.43486	0.64528	0.60319	0.89778	1.52903	0.78556	1.24847	0.79958	1.38875	0.67333	1.33264	1.05208	1.10819	1.19236	0.99597	1.48694	1.10819	0.88375	1.05208	0.46292	1.09417	0.99597	0.89778	1.55708	0.99597	1.29056	0.89778	1.08014	0.84167	0.88375	0.95389	1.20639	0.7575	0.89778	0.96792	0.58917	0.64528	0.72944	1.10819	0.7575	1.31861	1.09417	0.68736	1.20639	0.93986	1.05208	0.64528	1.06611	1.515	1.01	1.38875	0.74347	0.89778	1.12222	1.15028	1.7675	1.62722	0.85569	0.82764	0.99597	0.86972	0.81361	0.63125	1.37472	0.78556	0.74347	0.82764	0.64528	0.96792	0.99597	0.91181	0.79958	0.99597	1.22042	0.67333	1.2625	1.50097	1.13625	1.30458	0.92583	0.71542	0.84167	0.77153	0.88375	1.43083	0.89778	0.99597	1.58514	0.70139	1.12222	1.29056	0.68736	1.05208	1.54306	0.71542	1.27653	0.89778	0.98194	1.01	1.36069	0.91181	1.03806	0.70139	1.10819	0.86972	0.63125	1.03806	0.89778	0.30861	0.44889	0.7575	0.58917	0.91181	0.82764	1.34667	0.74347	1.2625	0.99597	1.06611	1.45889	0.98194	0.67333	1.19236	0.65931	1.05208	0.60319	0.81361	0.77153	1.16431	0.85569	1.12222	0.99597	0.91181	1.30458	0.57514	0.64528	0.58917	1.01	1.23444	1.17833	0.2525	0.98194	0.81361	0.64528	1.12222	0.71542	1.02403	1.30458	1.22042	1.36069	1.36069	1.10819	0.71542	1.2625	0.72944	0.7575	1.24847	0.88375	0.56111	1.08014	0.91181	1.30458	1.33264	1.03806	1.24847	1.13625	0.84167	0.7575	0.85569	0.57514	0.71542	1.23444	1.05208	0.54708	0.70139	1.44486	1.36069	1.45889	0.63125	0.64528	1.15028	0.78556	0.98194	1.23444	1.30458	1.27653	1.2625	0.96792	0.84167	0.71542	1.19236	1.10819	0.7575	0.74347	0.63125	1.10819	0.96792	0.42083	0.72944	1.20639	1.09417	0.54708	1.17833	0.49097	1.65528	1.7675	1.17833	1.22042	1.22042	0.70139	0.93986	1.65528	1.2625
cell44	0.99796	1.01752	0.58703	0.46963	0.71422	0.81206	1.12515	1.49694	0.8512	0.83163	0.56747	0.62617	0.58703	0.73379	1.41866	0.93925	0.89033	0.63595	0.94904	1.01752	0.70444	0.33265	0.71422	0.3033	0.67509	0.61639	0.98817	0.61639	0.95882	1.26212	1.14472	0.90012	1.14472	1.25234	1.07623	1.40888	0.98817	1.24255	1.4578	0.71422	1.38931	1.30126	0.48919	1.0958	1.94699	1.35996	1.40888	0.83163	1.69261	0.89033	2.07418	0.97839	1.17407	2.02527	1.7611	1.82959	1.5165	1.40888	0.65552	2.44597	1.29147	1.52629	1.31104	1.91764	0.99796	0.83163	1.41866	2.26008	1.35996	2.54381	1.49694	2.20138	1.14472	0.75336	1.75132	1.2132	0.93925	0.99796	0.95882	1.00774	1.2132	0.47941	0.32287	0.61639	0.0	0.0	0.0	0.45984	0.71422	0.6066	0.89033	1.8198	0.362	1.17407	1.07623	0.97839	0.90012	0.78271	0.67509	0.81206	0.53811	1.01752	1.27191	1.48715	1.57521	0.362	0.73379	0.87077	1.30126	0.70444	0.53811	0.59682	0.7925	1.19363	0.6066	0.43049	1.31104	0.88055	0.86098	1.08601	0.61639	0.82185	1.06644	0.95882	1.07623	1.14472	1.11536	1.13493	1.40888	0.88055	0.64574	2.17202	0.77293	0.96861	1.04688	0.65552	1.04688	0.7925	0.87077	1.12515	1.78067	0.71422	0.80228	0.91969	1.02731	0.88055	0.81206	0.77293	1.22299	1.25234	0.86098	0.71422	1.18385	1.10558	0.50876	0.45984	0.64574	0.87077	0.92947	1.16428	0.86098	0.78271	1.75132	0.82185	0.84141	0.73379	0.94904	0.87077	0.65552	0.95882	0.89033	1.40888	0.59682	1.00774	0.91969	0.99796	0.87077	0.86098	1.1545	0.75336	1.96656	1.75132	0.81206	0.96861	0.87077	0.73379	0.64574	1.33061	0.97839	0.93925	1.2132	0.5479	0.362	1.06644	1.28169	1.03709	1.22299	0.61639	1.59477	1.57521	1.62413	0.76314	1.62413	0.48919	1.62413	1.52629	1.20342	1.37953	0.46963	1.02731	0.74358	1.59477	1.57521	0.84141	0.45006	0.96861	1.30126	1.14472	1.03709	0.63595	0.67509	0.78271	0.9099	0.84141	0.89033	0.99796	0.70444	1.22299	1.27191	0.7925	0.84141	0.63595	0.8512	0.63595	0.78271	1.35018	0.7925	0.81206	1.41866	0.71422	0.9099	0.81206	0.58703	0.70444	0.7925	1.35996	0.83163	0.93925	0.46963	0.7925	1.29147	1.50672	1.04688	1.25234	1.24255	1.78067	0.89033	0.71422	0.72401	1.7611	0.67509	1.0958	1.19363	1.14472	0.94904	0.73379	1.18385	1.35996	0.97839	0.92947	1.60456	1.67305	0.73379	1.00774	0.81206	0.71422	0.97839	0.5479	0.6066	0.61639	1.46758	0.27395	0.6653	1.68283	1.38931	1.37953	1.22299	1.07623	0.7925	0.64574	0.9099	1.12515	0.67509	0.50876	0.58703	1.08601	1.28169	1.10558	0.91969	1.0958	1.03709	0.77293	0.84141	0.65552	0.94904	1.8198	1.35996	1.05666	0.86098	1.17407	0.62617	1.4578	0.95882	0.87077	0.73379	1.0958	1.17407	1.24255	1.28169	1.14472	0.71422	0.77293	0.89033	0.61639	1.24255	0.8512	0.89033	1.32083	1.03709	0.89033	0.71422	1.35018	1.49694	0.52833	1.35996	0.62617	1.07623	1.23277	1.33061	1.12515	0.55768	0.64574	0.72401	1.12515	1.20342	0.90012	1.23277	0.84141	0.9099	0.58703	0.98817	1.01752	0.73379	1.85894	1.27191	0.84141	0.55768	0.82185	1.25234	1.01752	1.22299	1.02731	1.12515	1.26212	0.90012	0.69466	1.36974	1.0958	0.82185	1.1545	1.14472	0.69466	0.70444	0.49898	1.04688	1.08601	0.6653	0.76314	0.98817	1.19363	0.63595	0.42071	0.92947	1.34039	0.86098	1.42845	0.83163	1.16428	0.82185	1.20342	0.65552	0.86098	0.99796	1.41866	1.72196	1.17407	1.2132	1.3991	0.90012	0.47941	0.90012	0.39136	0.78271	0.78271	0.71422	0.96861	0.95882	1.58499	0.48919	1.08601	1.44802	0.65552	2.22094	0.87077	0.86098	1.00774	1.2132	1.23277	0.53811	0.5479	0.80228	1.48715	0.57725	1.16428	0.74358	0.8512	1.19363	1.63391	0.72401	1.05666	1.35018	0.82185	1.58499	1.2132	1.06644	0.52833	0.46963	0.48919	0.64574	0.55768	0.97839	0.70444	0.77293	0.90012	0.99796	0.37179	1.32083	0.94904	1.19363	0.81206	0.8512	1.25234	0.91969	0.78271	1.24255	0.74358	0.83163	1.27191	1.04688	0.75336	0.83163	1.20342	0.69466	0.86098	1.00774	2.43619	1.07623	1.12515	1.14472	0.95882	1.42845	1.32083	0.67509	1.07623	1.11536	0.53811	0.96861	1.22299	1.20342	1.31104	0.92947	1.25234	0.90012	0.78271	0.62617	1.94699	0.51855	0.6653	0.56747	0.69466	1.48715	0.64574	0.89033	0.63595	0.51855	0.86098	1.20342	0.62617
cell45	1.5348	0.668	0.8509	0.69981	0.82704	0.69185	1.08152	1.37576	2.26642	1.70976	1.82904	0.58847	1.19285	1.12923	2.01194	1.09742	0.89066	1.04971	0.62824	1.82109	1.37576	1.10538	1.03381	1.51095	1.89266	0.77933	1.28828	1.16104	0.67595	1.19285	1.04971	1.91652	1.02585	1.82109	1.02585	1.20876	0.69981	1.80518	1.26442	0.74752	1.24852	0.95428	0.88271	1.002	0.86681	1.52685	0.96223	1.58252	1.20876	0.90657	0.63619	0.93838	2.01194	0.85885	1.28033	1.25647	1.47118	1.28033	1.09742	0.73162	1.19285	1.61433	0.668	1.08947	0.81909	1.3678	0.99404	1.09742	0.88271	0.90657	1.28828	1.74952	0.92247	1.66999	0.71571	1.30419	0.81909	0.26243	1.93242	1.0179	1.19285	0.56462	1.1849	1.42347	0.6839	1.54276	1.28033	1.37576	1.49504	1.35985	1.55866	1.59842	1.08947	0.53281	1.14514	0.97019	1.5189	1.55071	1.42347	0.98609	1.39961	0.85885	0.69185	0.57257	1.3678	0.82704	1.28033	1.56661	1.22466	1.2008	1.41552	0.77138	0.78728	0.668	0.97814	0.5169	0.81909	1.0179	1.50299	0.71571	1.55071	1.89266	1.34395	1.97218	1.30419	1.26442	1.35985	0.94633	0.835	0.91452	0.91452	1.97218	1.002	0.64414	2.49704	1.40757	1.33599	1.52685	1.05766	1.21671	2.24256	1.82109	1.34395	1.13719	1.04971	0.92247	1.39961	1.06561	0.90657	1.26442	1.47118	1.32804	0.90657	1.94037	1.59047	0.76343	1.06561	1.26442	1.29623	0.77138	1.3678	1.37576	1.48709	1.3519	0.5169	0.93042	0.77933	1.44733	1.3519	0.80319	0.92247	1.11333	0.97019	0.88271	1.59842	1.26442	1.21671	1.74952	0.82704	0.96223	1.09742	1.61433	1.06561	1.169	0.93042	1.63023	0.48509	1.72566	0.28628	1.60637	1.2008	1.03381	1.57457	1.05766	1.33599	1.31214	0.82704	0.62824	2.0199	0.835	2.50499	1.39166	1.03381	1.1849	1.29623	0.97019	1.30419	1.23261	0.6839	1.23261	0.81114	1.42347	0.77933	1.96423	1.07357	1.37576	1.06561	1.69385	1.74156	1.03381	0.62028	1.05766	1.11333	1.23261	1.10538	1.09742	1.24852	0.98609	0.98609	1.43142	1.002	2.34594	0.91452	1.64614	1.31214	0.91452	0.64414	0.77138	1.11333	1.09742	1.2008	1.94037	1.8529	0.91452	0.67595	0.89862	0.58847	0.334	0.96223	1.13719	0.67595	0.63619	1.002	0.91452	0.92247	0.87476	0.50895	0.60438	0.71571	1.02585	0.86681	1.1849	0.78728	0.72366	0.86681	0.89066	0.60438	0.91452	0.58052	0.77138	0.46919	0.81114	1.30419	0.62824	0.69981	0.80319	0.76343	1.66204	0.73957	0.86681	1.12128	1.12923	1.2008	0.49305	0.72366	0.88271	0.91452	1.04971	1.30419	0.97019	0.89066	0.501	1.23261	0.72366	0.88271	0.48509	0.88271	1.3678	0.45328	0.94633	0.37376	0.62824	0.41352	1.02585	0.66005	0.71571	1.37576	0.8509	1.04971	0.96223	0.75547	0.55666	0.94633	1.22466	0.501	1.05766	0.58847	0.78728	0.88271	0.45328	0.64414	1.06561	0.93042	0.79523	0.91452	0.86681	0.69185	0.73162	1.002	0.69185	1.04176	0.52486	0.97019	1.15309	1.47118	0.97019	0.77138	0.8509	1.20876	0.93042	0.668	0.60438	0.89862	1.25647	0.98609	0.80319	0.77933	1.10538	1.25647	0.69981	0.55666	0.8509	1.44733	0.99404	0.63619	0.99404	0.93838	0.70776	0.89862	0.77138	0.37376	0.76343	0.72366	0.40557	0.60438	1.55071	0.77138	0.49305	0.46124	1.14514	1.03381	0.46124	0.29424	1.02585	1.10538	0.90657	0.64414	1.05766	0.61233	0.69185	0.48509	0.53281	0.96223	1.02585	0.78728	0.69185	0.58847	1.13719	1.39961	0.48509	0.90657	0.93838	0.59643	0.73957	0.90657	0.96223	0.46919	0.8509	0.88271	0.8509	0.80319	1.07357	1.02585	0.77138	0.40557	0.64414	0.25448	0.85885	1.67795	0.65209	1.002	0.88271	1.04971	0.5169	0.77933	1.19285	0.69981	0.30219	0.61233	0.90657	1.08947	0.835	1.0179	0.69185	1.27238	0.93838	0.54076	1.002	0.77138	0.44533	0.95428	0.69185	0.75547	0.8509	0.46919	0.39762	1.43142	0.69981	1.05766	0.8509	0.82704	0.75547	0.81114	0.75547	1.24057	0.55666	0.65209	0.44533	0.69981	0.53281	0.90657	0.69981	0.80319	0.49305	0.93838	0.29424	0.62028	0.77933	0.67595	1.03381	0.64414	0.96223	0.6839	0.35786	0.54871	0.77138	0.88271	0.84295	1.2008	0.42147	1.33599	0.46124	1.03381	0.81909	0.44533	0.45328	0.6839	0.48509	1.14514	0.61233	0.835	1.21671	0.55666	0.81909	0.43738	0.77933	0.76343	0.93042	0.62824	0.53281	0.81114	0.668	0.64414	0.67595	0.97814	0.72366	0.84295	0.77138
cell46	1.61924	1.52153	0.55138	0.93525	0.77472	1.2912	0.61419	1.24235	0.39085	1.13068	0.65607	1.19349	1.33308	1.37496	1.11672	0.80264	0.94223	1.44475	0.5793	1.1237	1.1237	1.0539	0.5095	0.64909	0.5793	0.99807	1.03296	1.5983	1.22839	0.95619	1.47965	0.70493	0.92129	0.75378	1.22141	0.94223	0.42575	0.48158	1.76581	1.10974	0.69795	1.45871	1.23537	0.89337	1.50757	1.17953	0.71889	1.06088	1.72393	1.20745	1.96821	1.42381	1.91936	0.76076	1.77977	1.50059	0.71191	1.73789	1.2912	2.2125	1.91238	1.38892	1.5983	1.0888	1.69601	1.20047	1.58434	1.82164	1.65414	1.18651	1.17953	0.99109	1.18651	0.82358	0.76774	1.18651	1.03994	1.04692	1.31214	1.21443	0.58628	0.4746	0.46065	0.53044	0.37689	0.73285	0.2373	0.46763	0.45367	0.5444	0.59326	1.38892	0.63513	0.89337	0.92129	0.93525	0.93525	1.09578	0.58628	0.79566	0.76076	1.14464	0.67003	1.10974	0.57232	1.19349	0.80962	1.17953	1.01202	1.67508	0.29314	1.14464	1.78675	0.64909	1.35402	1.03296	1.27725	0.41179	0.73285	1.13766	1.0539	1.31912	1.08182	0.90035	0.65607	0.83754	0.92129	1.0888	0.63513	1.14464	0.99807	0.68399	1.46569	1.40986	0.71191	0.7468	0.87941	0.88639	1.17953	0.38387	0.69097	0.46065	0.91431	2.05895	1.47267	0.93525	0.94223	0.87244	0.64909	0.84452	1.30516	0.73983	0.86546	0.71889	1.14464	0.71191	0.71889	1.13766	0.94223	0.67003	0.80264	1.00505	1.06088	1.04692	0.80962	0.73285	1.58434	0.62815	1.42381	1.41683	1.1237	1.35402	1.26329	0.66305	1.15859	0.69097	0.63513	1.26329	0.48856	0.71889	0.91431	0.83056	0.87941	1.35402	0.93525	1.10276	1.25631	1.00505	1.0888	2.00311	0.98411	0.97713	0.5793	0.69795	1.24933	0.84452	1.10974	1.01202	0.88639	1.46569	0.91431	0.76774	0.7468	0.5793	0.80962	1.08182	0.83754	0.73983	0.64909	0.57232	1.08182	0.58628	0.60721	1.69601	0.69097	1.17953	0.64909	0.46763	0.3071	1.13068	1.28422	0.98411	0.97015	0.87244	1.10974	0.67003	0.44669	0.52346	1.06088	0.75378	1.43777	1.34006	0.89337	0.88639	0.77472	0.72587	0.76076	1.17953	0.68399	1.44475	1.70997	1.5983	1.0539	0.72587	0.72587	0.92827	1.43777	1.22839	0.58628	1.01202	0.4746	0.71889	1.03994	0.59326	0.78868	1.3959	1.14464	0.63513	0.83056	0.80264	1.10276	0.99109	0.90035	0.92827	0.82358	1.53549	1.27725	1.27725	1.08182	1.24933	1.17255	0.72587	1.08182	1.14464	1.3959	0.88639	0.87941	1.04692	0.76076	0.51648	0.82358	1.0888	1.11672	0.99807	1.03994	0.53044	1.06786	1.01202	1.24235	0.8166	1.06786	1.20047	1.15859	1.01202	0.50252	1.25631	1.0539	1.68903	0.83056	1.03296	0.92129	0.82358	1.11672	2.19854	0.7468	1.31214	0.53742	0.62117	0.90733	1.43777	1.08182	0.73983	0.53742	0.86546	0.64909	0.76774	0.40481	0.71191	0.60721	0.87244	1.61924	1.14464	1.25631	0.61419	1.60528	1.1237	1.17953	0.59326	0.92129	0.97713	0.94223	0.82358	1.15859	1.45173	1.08182	1.08182	1.50757	1.01202	0.84452	1.06786	1.01202	0.63513	0.71889	1.41683	0.78868	0.82358	1.73789	1.03994	1.17255	0.62117	0.56534	0.65607	0.86546	1.07484	0.83056	1.13766	0.70493	1.73091	1.15161	1.24235	0.66305	1.74487	0.39783	1.3959	0.5793	1.47965	0.93525	0.77472	0.51648	0.84452	0.99109	0.7468	1.3959	0.97713	0.73285	0.7468	0.84452	1.03994	1.03994	0.8166	0.94921	0.63513	0.43971	1.37496	0.96317	0.88639	1.17953	1.019	1.00505	0.79566	0.87941	0.97015	0.92129	1.15161	0.97713	1.30516	0.64909	0.84452	1.45871	0.55836	0.67003	1.47965	1.10974	0.7468	0.80962	0.85848	0.79566	1.10974	1.13068	0.64211	0.51648	0.5095	0.85848	1.09578	0.40481	1.09578	0.90035	1.11672	1.30516	0.67701	0.72587	0.92827	0.88639	1.77279	0.93525	1.78675	1.04692	0.69097	0.64211	0.7468	0.59326	1.03994	1.48663	0.51648	0.96317	1.45173	1.47965	0.42575	0.98411	1.89842	1.43777	0.63513	1.6681	0.83056	1.50059	1.15859	0.99807	1.36798	1.29818	0.92129	0.56534	0.65607	1.13068	1.35402	1.37496	0.5095	1.27725	1.16557	1.21443	1.23537	1.15161	0.7468	1.43079	1.91936	0.96317	0.73285	1.13068	0.5095	1.13068	0.8166	1.21443	1.29818	1.25631	0.53742	0.93525	0.7817	1.42381	1.76581	0.83754	1.09578	1.0888	0.57232	1.03994	1.03994	0.69097	0.95619	0.8166	0.91431	0.96317	0.78868	1.50757	0.93525	0.51648	0.8515	0.52346	1.0539	1.2912	1.10974
cell47	0.56335	0.73732	1.07699	1.15155	0.57163	0.74561	1.06042	1.11013	0.86159	1.25925	0.54678	1.06042	1.68176	1.1764	0.84502	1.19297	1.20954	0.68762	0.73732	0.96101	1.21783	1.06042	1.15155	0.66276	1.01071	1.15983	0.88645	0.76218	1.10184	1.59892	1.20954	0.90301	1.69833	1.20954	0.90301	0.62962	0.89473	1.06042	0.68762	0.60477	1.56578	1.20126	1.1267	1.59892	1.36695	0.9113	0.86988	0.74561	1.77289	1.59892	1.45808	1.92201	1.07699	1.38352	1.3918	1.30067	0.81188	1.66519	1.69833	2.21197	1.33381	1.72318	0.82017	1.35866	2.02971	0.98586	0.66276	1.22611	1.78118	2.44394	2.21197	0.9113	1.97172	1.66519	0.85331	1.43322	1.59892	0.57163	0.88645	0.81188	0.82017	0.68762	0.82017	0.5882	0.0	0.0	0.0	0.53849	0.70419	0.82017	0.61306	1.01071	0.53021	0.6959	0.68762	0.71247	0.63791	0.68762	0.68762	0.67933	0.95272	1.05214	0.40594	0.77046	1.05214	1.47465	0.79532	0.53849	1.01071	0.61306	1.20126	0.8036	0.94444	1.05214	1.06871	0.96101	1.19297	0.42251	0.90301	0.59649	0.3728	0.65448	0.70419	2.02971	1.1267	1.38352	0.90301	1.19297	1.02728	0.89473	1.27582	1.019	1.1764	0.45565	0.92787	0.93615	1.08527	1.18469	1.70661	1.22611	1.18469	0.95272	1.37523	0.91958	0.67105	0.75389	0.76218	0.89473	0.94444	0.89473	0.62134	1.26753	1.22611	0.99414	0.83674	0.77046	1.19297	1.20954	1.11841	0.79532	0.96101	0.73732	0.72075	1.15983	1.05214	0.9113	0.53021	1.20126	0.47222	0.96929	1.09356	1.22611	1.30896	0.88645	0.86159	1.22611	1.26753	0.92787	1.44979	0.99414	1.24268	1.29239	0.4805	1.33381	0.96101	1.13498	1.49122	0.78703	1.06042	1.16812	1.22611	1.76461	0.98586	0.73732	1.26753	1.8226	0.85331	1.34209	1.90544	1.29239	0.97758	1.2344	0.62962	0.94444	1.01071	1.11013	0.67105	0.78703	0.44736	0.70419	1.33381	0.96101	0.81188	1.04385	0.81188	1.42494	0.6959	0.82017	1.05214	1.35038	1.40837	0.96929	0.87816	0.6959	1.15155	1.15983	0.76218	0.49707	0.66276	0.82017	0.82017	0.54678	0.85331	1.14327	2.23682	0.43908	0.68762	1.61548	0.46393	0.67105	0.76218	1.1267	0.97758	1.13498	0.85331	0.86159	1.64034	0.85331	0.94444	0.82845	0.57163	0.86159	0.74561	0.84502	0.56335	0.96929	1.06871	0.64619	0.77875	0.61306	1.65691	1.62377	1.03557	0.47222	0.72904	1.30896	0.97758	1.34209	1.04385	1.85574	0.96929	1.64034	0.59649	0.64619	1.44151	1.22611	0.6959	0.53849	0.81188	0.38937	0.41423	1.43322	1.20954	0.81188	0.64619	1.62377	1.40009	1.14327	0.52193	0.89473	1.34209	0.90301	1.21783	0.63791	0.61306	1.10184	0.5882	1.16812	0.57163	1.55749	0.5882	0.90301	0.9113	1.59063	1.15155	0.82017	0.83674	0.57992	1.38352	1.05214	0.71247	1.15983	1.64862	0.86159	0.90301	1.05214	0.67105	0.64619	0.43908	1.22611	0.6959	0.93615	1.16812	1.00243	1.00243	1.13498	1.35866	0.89473	0.91958	1.20126	0.54678	0.63791	0.68762	0.53021	1.32553	1.30067	0.86988	0.94444	0.59649	0.41423	1.54092	0.79532	0.74561	0.73732	0.9113	0.63791	0.82845	0.62962	0.86988	0.38937	1.51607	1.62377	0.77046	0.53849	1.04385	1.54092	0.95272	1.66519	1.03557	0.93615	1.44151	1.6072	0.60477	0.72075	1.32553	0.81188	0.85331	1.24268	0.49707	0.75389	0.64619	0.84502	1.05214	0.65448	0.96101	0.36452	1.18469	1.13498	0.88645	0.91958	0.56335	0.94444	1.88887	0.96101	0.86988	0.59649	1.30067	0.90301	0.61306	1.13498	0.83674	1.40009	0.64619	0.89473	1.57406	0.50536	1.20954	1.30896	0.64619	1.05214	0.61306	0.89473	0.54678	1.08527	1.26753	1.20954	1.03557	1.09356	0.99414	1.21783	0.75389	0.97758	0.97758	0.90301	0.88645	0.9113	0.77046	1.31724	0.6959	0.87816	1.18469	1.00243	1.06042	0.67105	0.88645	1.24268	1.30896	1.15983	0.96929	0.87816	1.05214	1.11841	0.75389	0.77875	0.65448	0.99414	0.82845	1.26753	0.54678	0.53021	0.91958	0.82845	0.79532	1.4995	0.4805	1.35866	1.05214	1.07699	0.86159	1.55749	0.74561	1.37523	1.44151	1.2344	0.84502	1.2344	1.21783	1.29239	0.75389	0.97758	0.95272	1.14327	1.07699	0.53849	0.59649	1.11841	1.30067	1.15155	0.75389	0.79532	1.53264	0.8036	0.88645	1.08527	0.99414	0.5882	0.91958	1.30896	0.97758	1.42494	0.85331	0.81188	1.40837	0.81188	1.019	0.95272	0.50536	1.33381	0.95272	1.06871	0.94444	0.84502	0.9113	1.29239	0.82017	1.2344	1.30067	1.27582
cell48	1.369	1.21104	1.02299	0.65441	0.67698	0.63937	1.54953	0.95529	1.47431	1.24113	1.93315	1.03051	2.33933	1.10573	1.62475	2.33933	0.86503	0.90264	1.09821	0.82742	0.69202	1.07564	1.26369	1.82784	1.76014	2.35438	1.58714	1.29378	0.8199	0.83494	1.07564	1.26369	1.09821	1.20352	0.84998	0.78981	1.10573	1.40661	0.76724	0.63937	0.84998	1.46679	0.84246	1.2336	0.78229	1.53448	2.09111	0.9252	2.13624	0.57167	1.51944	1.33891	0.96281	2.21898	1.27874	0.88007	0.8199	0.78981	0.7522	1.04555	1.25617	1.46679	1.57209	1.21856	1.02299	0.91768	1.00794	1.54201	1.36148	0.9252	1.2336	1.369	1.42918	0.9252	1.09821	0.93273	1.03803	1.32387	0.94777	1.34643	1.79023	1.91058	1.34643	0.71459	0.66946	1.33891	1.35396	1.57962	1.28626	0.75972	1.51192	0.80485	0.56415	1.33891	0.95529	1.15086	1.21104	1.10573	0.66946	0.69954	1.39909	0.73715	0.77476	1.61723	1.15838	0.9929	1.13582	0.91016	1.33139	1.54201	1.06812	0.83494	2.09863	1.48935	1.21856	1.01547	1.03803	1.14334	1.08316	1.00794	0.72211	1.10573	1.58714	1.53448	1.47431	1.45174	0.76724	1.18847	0.96281	0.93273	1.11325	1.0606	0.94777	1.48183	1.17343	1.08316	1.36148	0.74468	1.00794	1.20352	0.98538	1.27121	0.7522	1.01547	1.79775	1.66988	1.0606	1.14334	1.25617	1.66236	1.64731	0.84246	0.79733	1.14334	1.07564	1.55705	1.45926	1.42165	1.18095	1.1283	1.69997	1.37652	1.4367	1.53448	1.57962	0.83494	0.73715	1.11325	1.10573	1.10573	0.72211	1.88802	1.3013	1.86545	1.30882	0.81237	0.77476	1.28626	0.88759	1.18847	0.84246	1.28626	1.17343	0.90264	1.59466	1.03803	1.04555	1.06812	2.24907	1.22608	1.06812	1.06812	1.369	0.91016	1.69997	0.97786	1.24113	0.97786	1.04555	1.37652	1.28626	0.90264	1.63979	1.38404	0.73715	1.88802	1.07564	1.47431	0.63185	1.03803	1.48935	0.85751	1.6097	1.33891	1.11325	1.17343	1.03803	1.25617	1.90306	1.25617	0.72963	1.38404	1.06812	0.70707	1.21104	0.64689	1.10573	1.58714	2.09863	0.60176	1.57962	0.98538	1.37652	1.31635	1.06812	0.74468	0.8199	1.73758	0.51902	1.01547	1.5044	1.11325	0.86503	1.1283	1.02299	0.60176	1.11325	0.86503	0.62432	0.58671	0.60928	1.11325	0.50397	0.89512	1.18847	0.9929	0.72211	0.67698	0.84998	1.15086	0.60928	1.27121	0.66946	1.37652	0.88007	0.79733	1.0606	1.09069	1.2336	0.52654	0.6845	1.00042	0.53406	1.02299	0.54158	0.48141	1.21856	0.66193	0.4438	1.00042	0.67698	1.25617	0.75972	0.78981	0.89512	0.69954	0.66946	1.09069	0.49645	1.07564	1.20352	0.41371	0.75972	1.00794	0.67698	1.60218	0.69954	0.64689	0.90264	0.73715	0.36105	0.77476	1.04555	1.28626	1.44422	0.8199	0.96281	0.78229	1.03803	0.6845	0.78229	0.56415	0.91768	1.05308	0.78229	1.09069	0.88007	0.84998	0.65441	0.84246	0.94777	0.62432	0.80485	0.34601	0.89512	0.59424	1.45926	1.05308	0.5491	0.64689	0.69202	0.48141	0.48141	1.09821	0.72211	0.64689	0.62432	0.78229	0.6168	0.69954	0.42123	0.65441	1.02299	0.64689	0.75972	1.12077	0.7522	1.18095	1.01547	1.09069	0.88759	0.94025	0.6168	0.93273	0.70707	0.94777	0.86503	0.58671	0.85751	0.51149	0.42123	0.8199	0.62432	0.97034	0.64689	1.15086	0.45884	0.60176	0.69954	0.75972	1.44422	0.54158	0.84246	0.57167	0.59424	0.72211	0.84246	0.75972	0.82742	0.57167	1.0606	0.29336	0.91016	0.27079	0.40619	1.10573	0.98538	1.06812	0.42123	0.72963	0.65441	1.01547	0.86503	0.7522	0.97786	0.91768	0.64689	0.8199	0.69202	0.87255	0.7522	0.55663	0.51902	0.32345	0.73715	0.57167	0.51149	0.69202	1.54953	0.91016	0.51902	0.80485	0.54158	0.58671	0.91768	1.44422	0.79733	0.94777	0.88759	1.25617	1.2336	0.78229	0.33849	1.12077	0.60928	0.79733	0.93273	1.24113	1.27874	0.45884	0.84998	1.34643	0.84246	0.83494	1.369	0.26327	0.88007	0.45884	0.69202	0.60928	1.48183	0.51902	0.9929	0.76724	0.88759	0.94777	0.69202	0.73715	0.3761	0.64689	0.73715	0.91768	0.67698	1.17343	0.90264	0.63937	0.90264	1.01547	0.66946	1.06812	0.80485	0.72963	0.59424	0.40619	0.65441	0.77476	0.53406	1.26369	0.69954	0.5491	0.63185	0.63937	0.57167	1.33891	1.13582	0.52654	0.72963	0.5491	0.53406	0.72211	0.57919	0.96281	0.82742	1.66988	0.7522	1.1283	0.91016	0.88759	0.58671	0.70707	0.82742	0.65441	0.71459	0.88759	0.9929	0.77476	0.79733	1.11325
cell49	0.8857	1.73899	1.72279	1.10172	0.71288	1.57697	1.38255	0.46985	0.73448	1.8092	1.26914	1.08012	0.84789	1.62018	0.9451	1.03151	1.59318	1.45816	1.57697	1.24754	1.66338	1.17193	1.11252	0.95591	1.50677	2.31146	1.28534	0.96131	1.22054	1.37175	0.8965	1.49057	1.33395	0.8749	1.12873	1.16113	1.09632	0.8965	1.31235	1.05852	1.66338	1.05312	1.11252	1.55537	0.96671	0.69128	1.24754	2.46267	1.17193	1.37175	1.31235	1.53917	0.98831	0.8641	0.72368	1.67959	0.66967	1.71199	0.99371	0.97211	1.20973	0.8641	0.81549	2.04143	1.01531	1.39876	1.46896	1.44736	1.58778	1.51757	1.60938	1.44736	1.15573	0.99371	1.13953	1.07472	1.45276	0.9289	1.53917	1.38255	1.36095	1.52297	1.25294	0.98831	1.15033	1.12332	1.12332	1.33935	0.8965	1.11252	0.8911	1.23134	1.28534	1.8038	1.26374	0.77229	0.76689	1.87401	0.8857	1.02071	0.76689	1.44196	1.25294	0.64807	0.79389	0.61027	1.39335	1.44736	0.81549	1.15033	1.45276	1.793	1.17733	1.65258	0.31864	1.36635	1.57157	1.11792	1.25294	0.99371	1.19893	1.65258	0.84249	1.05312	1.24214	1.20433	1.01531	1.38795	1.39876	1.30694	0.8965	1.847	1.53377	1.32315	1.26374	0.9235	0.60487	1.05312	0.75068	1.38795	1.93341	0.95591	1.70659	1.42576	1.00991	1.00991	1.52297	0.77229	1.33395	0.8641	1.08012	0.81549	0.84789	1.62558	0.9073	0.65347	1.41496	1.28534	1.30154	0.77229	1.16113	1.17733	1.33935	1.32315	1.03691	0.83169	0.96131	1.57697	1.02071	1.28534	1.30694	0.59947	1.01531	2.21425	1.08552	0.82089	1.33935	1.22594	1.74979	1.35555	1.42576	1.08012	0.72368	1.28534	1.58778	0.97751	0.69668	1.10712	0.9127	0.73988	0.8803	1.04232	1.01531	1.14493	1.54457	1.58778	1.08552	1.18813	2.29525	1.38795	1.56617	1.46896	1.41496	1.52837	0.54546	1.49597	1.46356	1.52837	0.95051	1.36635	0.9073	0.95591	0.83709	1.22054	0.98831	2.48968	1.90101	1.16113	0.82629	1.68499	1.39876	1.27994	1.93881	0.9451	1.19893	0.96671	0.70208	1.7714	0.63727	1.13413	1.30694	0.66967	1.22054	1.29614	0.95591	1.55537	1.19893	1.37175	1.39335	1.7606	0.48065	1.45816	0.84789	1.45276	0.81549	0.8695	0.47525	0.79389	0.9019	0.75068	0.63727	0.65347	0.67507	0.8911	0.46985	0.97211	0.98831	1.22594	0.51306	0.28083	0.31323	0.9019	0.63187	0.66427	0.62107	0.23223	0.79929	0.98291	0.82629	0.8857	0.8911	0.49145	0.8695	0.40504	0.72368	1.08552	1.25294	0.85329	0.9073	1.09632	0.66427	0.75068	0.9181	0.57246	0.54546	0.8911	0.82629	0.73988	1.17193	0.65887	0.99371	0.41045	1.42576	0.84249	0.95051	0.73988	0.84249	1.08012	0.48065	0.73448	0.81009	0.9019	1.02071	0.58867	1.00991	0.77769	0.69128	0.9289	1.01531	0.64267	0.9289	0.45365	0.36724	0.64267	1.28534	0.63727	0.97211	0.52926	0.70208	0.8641	0.66427	0.85329	0.66967	0.50766	0.71288	0.97751	1.14493	0.83709	0.75068	0.38344	0.71288	0.80469	0.48065	0.54546	0.48605	0.8911	0.50766	0.83169	0.83169	0.81009	1.25294	0.79929	0.69668	0.55086	0.50766	0.9235	0.8911	1.13413	1.20973	0.76689	0.84249	0.81009	0.57246	0.34564	0.37264	0.8695	0.65347	0.8965	1.56617	1.07472	0.8857	0.41585	0.50766	0.84249	0.96131	0.61027	0.44825	0.41045	0.50766	1.30154	0.55086	0.73988	0.39964	0.41585	0.61567	0.66427	1.17733	0.82089	0.96671	0.96671	0.66967	0.68588	0.65887	0.72908	0.73448	0.43205	1.17733	1.08552	1.06932	0.9343	0.62107	0.61567	1.19893	0.38344	1.10172	0.46985	0.69128	1.15033	0.98831	0.41585	1.41496	0.82629	0.53466	0.85329	0.8587	0.81009	1.46356	0.60487	0.8965	1.10712	0.9397	0.63187	0.68588	0.51306	0.85329	0.70208	0.48065	0.79929	0.54546	0.82629	1.05852	1.13953	0.58326	0.83169	1.20973	0.69668	0.69668	1.16113	0.59947	1.08552	0.49686	0.70208	0.66967	0.9397	0.69128	0.76689	1.11792	0.83169	0.51846	0.85329	0.48065	1.29074	0.73988	0.8695	1.05312	0.79929	0.54546	1.01531	0.79929	0.54006	1.65798	0.9181	0.54006	0.70748	1.05852	0.60487	0.9289	0.69668	0.84789	0.42125	0.8911	0.61027	0.8587	0.75068	0.52926	0.8641	0.63187	0.68048	0.98831	0.82629	0.9019	0.64807	1.22054	1.27454	0.51306	0.43745	1.37175	0.78309	0.57246	0.52386	1.12873	0.46985	0.28083	0.85329	1.49597	0.99911	0.61567	0.55626	0.72908	1.09632	0.82629	0.38344	0.69128	0.76689	0.71288	0.95591	0.83709	1.04772
cell50	0.89681	1.25081	1.28621	1.22721	1.05021	1.52221	1.48681	0.83781	1.22721	1.27441	1.12101	0.86141	0.69621	1.51041	1.18001	0.75521	0.66081	1.95882	1.82902	0.90861	1.34521	1.15641	0.70801	1.62842	1.09741	0.94401	0.69621	1.16821	1.56941	0.80241	1.01481	0.86141	1.12101	1.32161	1.10921	1.38061	0.99121	1.06201	1.69922	1.61661	0.59001	0.70801	1.05021	0.99121	1.91162	2.00602	0.92041	0.95581	0.99121	0.60181	1.32161	0.99121	0.81421	1.19181	1.45141	1.18001	1.51041	0.82601	1.60481	0.86141	0.90861	0.83781	1.08561	1.09741	0.75521	0.95581	0.64901	1.32161	1.29801	0.88501	1.86442	1.38061	1.16821	1.10921	1.15641	1.10921	1.60481	1.72282	0.86141	1.22721	0.69621	1.14461	1.38061	1.38061	1.79362	1.07381	1.59301	1.21541	1.80542	0.86141	1.18001	1.29801	1.40421	1.35701	1.23901	0.74341	0.80241	1.97062	0.89681	1.32161	0.84961	1.48681	0.88501	0.73161	1.02661	1.95882	0.95581	1.86442	0.68441	0.79061	0.73161	1.21541	1.56941	1.41601	0.84961	1.41601	1.29801	1.01481	1.58121	1.28621	1.61661	0.60181	1.21541	0.92041	1.19181	1.12101	1.40421	0.83781	1.58121	1.94702	1.52221	1.07381	1.19181	1.22721	1.60481	1.32161	0.62541	1.02661	0.86141	1.12101	1.61661	0.88501	1.12101	0.74341	0.83781	3.18603	1.85262	1.13281	1.65202	1.41601	1.33341	1.30981	0.90861	0.76701	0.95581	1.39241	0.88501	1.22721	1.74642	1.34521	0.67261	1.07381	1.40421	1.78182	1.19181	1.02661	1.36881	1.15641	1.10921	2.57242	1.30981	0.62541	1.20361	0.77881	0.95581	1.35701	0.55461	2.13582	0.62541	0.95581	0.93221	1.01481	0.87321	1.46321	1.33341	0.88501	0.88501	0.88501	1.13281	0.82601	1.14461	1.86442	1.82902	0.97941	1.03841	1.54581	1.25081	1.87622	1.43961	1.51041	1.87622	0.86141	1.21541	0.75521	1.67562	1.64022	1.26261	1.01481	1.68742	0.80241	1.08561	1.33341	1.47501	1.15641	1.14461	1.59301	1.07381	1.07381	1.14461	1.13281	1.13281	2.23022	1.88802	1.02661	0.2832	1.19181	0.89681	1.07381	0.3186	1.94702	1.18001	2.01782	1.27441	1.58121	1.79362	0.57821	1.14461	0.74341	1.00301	0.63721	1.95882	1.60481	1.95882	1.72282	0.4248	0.54281	0.57821	0.82601	0.92041	1.26261	0.84961	0.61361	0.4484	1.00301	0.59001	1.29801	1.01481	1.05021	0.4602	0.86141	0.4484	0.99121	0.4484	0.4602	0.67261	0.55461	1.69922	0.63721	0.55461	0.59001	0.86141	0.80241	0.60181	0.92041	0.95581	0.4012	1.56941	0.2714	0.62541	0.73161	0.66081	0.69621	1.03841	0.81421	0.86141	0.531	0.54281	0.54281	1.07381	0.531	0.5192	0.84961	0.56641	0.55461	0.70801	1.38061	0.92041	0.68441	0.4838	0.71981	1.25081	0.73161	1.14461	0.3776	1.14461	0.88501	0.64901	0.5074	1.42781	0.76701	0.70801	0.75521	0.68441	0.62541	1.03841	0.5074	0.93221	0.62541	1.51041	1.01481	0.70801	0.81421	0.82601	0.81421	0.67261	0.75521	0.2714	0.472	0.81421	0.83781	0.62541	0.3658	0.4012	0.354	0.93221	1.46321	0.62541	0.354	0.67261	1.00301	0.88501	0.4366	0.88501	1.80542	1.05021	0.96761	0.74341	0.79061	0.73161	0.56641	0.57821	0.80241	0.81421	0.96761	0.66081	0.93221	0.59001	0.93221	0.4602	0.83781	0.68441	0.73161	0.62541	0.63721	0.56641	1.00301	0.61361	0.84961	0.61361	0.94401	0.62541	0.76701	1.02661	1.23901	0.81421	1.84082	0.413	0.2006	0.74341	0.55461	0.4366	0.54281	1.69922	0.80241	0.59001	0.92041	0.87321	0.4956	1.14461	1.53401	0.95581	0.62541	0.61361	1.01481	0.59001	0.97941	0.70801	0.99121	0.96761	0.71981	0.73161	0.70801	1.43961	0.71981	0.74341	0.3186	0.74341	0.93221	0.61361	0.70801	0.81421	0.4366	0.3422	0.66081	0.81421	0.96761	0.56641	0.64901	0.90861	1.05021	1.23901	0.61361	0.86141	0.56641	0.70801	0.95581	1.35701	1.49861	0.63721	1.20361	0.60181	0.76701	0.83781	0.62541	0.88501	0.77881	0.69621	0.61361	0.77881	0.90861	0.69621	0.63721	0.75521	0.79061	1.07381	0.80241	0.57821	1.36881	0.82601	0.89681	0.4838	0.4484	0.96761	0.4956	0.87321	1.14461	0.88501	1.00301	0.86141	0.94401	1.16821	0.5074	0.5074	0.84961	0.89681	0.64901	0.55461	1.42781	0.59001	0.82601	1.02661	0.82601	0.71981	0.62541	0.74341	0.56641	0.5192	1.08561	0.70801	0.90861	0.82601	1.19181	1.07381	0.92041	0.5192	0.5074	1.05021	1.25081	0.88501	0.5074	0.67261	0.84961	0.94401	1.02661	0.63721	0.84961	0.68441	0.76701
cell51	1.41514	1.15603	0.7275	0.7275	1.18593	1.11617	1.40518	1.02648	1.5148	0.68764	0.88695	1.49487	2.04298	0.68764	0.89692	2.17254	0.48832	2.32203	1.25569	0.76737	1.95329	1.24572	1.99316	1.01651	0.80723	1.37528	1.47494	1.26565	1.20586	0.89692	1.62442	1.31548	1.25569	0.94675	0.74743	0.91685	1.26565	1.55466	1.455	1.05637	1.166	1.25569	1.00654	1.65432	1.25569	1.72408	0.89692	1.14606	0.98661	0.87699	1.455	0.92682	1.0763	1.29555	0.4086	1.05637	0.73747	1.29555	1.05637	0.95671	0.77733	1.73405	0.30894	1.09624	1.25569	1.73405	1.84367	0.7574	1.0763	1.08627	1.15603	1.47494	2.55124	0.6976	1.40518	1.35535	1.5148	0.97665	1.0763	1.61446	2.01309	1.4849	0.61788	1.22579	1.22579	2.22237	1.20586	1.43507	0.91685	0.96668	1.37528	1.15603	0.85706	1.28559	0.56805	1.91343	1.57459	1.18593	1.11617	0.95671	0.82716	1.43507	0.91685	0.80723	1.40518	1.91343	1.06634	2.15261	1.50483	1.23576	0.77733	0.7275	0.74743	1.02648	1.455	0.42853	0.94675	1.66429	0.89692	0.96668	0.84709	1.67425	0.66771	1.78387	0.96668	0.71754	0.52819	0.73747	1.29555	1.11617	1.03644	1.1062	0.65774	0.92682	0.98661	1.59452	1.50483	2.01309	0.82716	1.5447	1.15603	0.47836	1.19589	1.32545	1.04641	0.79726	1.34538	0.53815	0.94675	1.1361	1.27562	1.64435	1.33541	1.166	1.4849	1.12613	0.79726	1.29555	1.84367	0.7275	1.22579	1.0763	1.41514	1.33541	2.00312	1.42511	1.09624	1.18593	1.20586	1.41514	1.12613	1.53473	1.40518	1.01651	0.99658	0.90689	0.97665	1.30552	0.84709	0.82716	1.66429	1.05637	1.40518	0.94675	1.24572	1.77391	1.05637	1.1361	0.83713	1.08627	2.43165	0.98661	1.04641	1.11617	0.76737	1.40518	1.34538	0.94675	1.84367	1.26565	0.82716	0.52819	0.90689	1.1361	0.81719	0.90689	1.1062	0.57802	1.64435	0.79726	1.40518	1.26565	1.88353	1.455	1.40518	0.97665	0.59795	0.81719	1.75398	1.08627	0.80723	1.43507	1.69418	1.05637	1.11617	1.44504	1.0763	1.93336	0.58798	0.90689	0.71754	0.97665	1.33541	1.58456	1.53473	0.7574	1.57459	1.47494	1.63439	1.15603	1.27562	1.27562	0.98661	0.97665	0.50825	0.88695	0.96668	0.80723	0.36873	0.64778	0.81719	1.0763	1.15603	0.93678	0.67767	0.53815	0.48832	1.33541	0.58798	0.64778	0.77733	0.84709	0.84709	0.59795	0.85706	0.7873	0.62784	0.99658	0.56805	0.85706	0.41856	0.64778	0.7873	1.09624	0.91685	0.7275	1.03644	0.67767	0.13952	0.99658	0.89692	0.52819	0.91685	0.74743	1.49487	0.85706	0.7275	0.82716	0.51822	1.08627	1.166	1.14606	0.44846	1.12613	0.97665	0.92682	0.86702	0.7574	0.66771	0.74743	0.22921	0.80723	0.6976	0.73747	0.7275	1.41514	0.30894	0.68764	0.53815	0.56805	0.44846	0.89692	0.92682	0.67767	0.64778	0.89692	0.79726	0.7574	0.81719	0.76737	2.06292	0.98661	0.94675	0.99658	0.49829	0.91685	0.3787	1.05637	0.38867	0.73747	0.45843	1.20586	1.14606	1.17596	0.86702	0.85706	0.96668	0.93678	0.95671	0.50825	0.84709	0.52819	0.64778	1.31548	0.89692	0.51822	0.6976	0.88695	0.77733	0.47836	0.43849	1.00654	1.00654	0.65774	0.77733	0.4086	0.43849	0.43849	0.4086	1.19589	0.86702	0.7574	0.88695	1.00654	0.86702	1.09624	0.55808	0.95671	0.70757	0.36873	0.6976	1.1062	0.62784	0.89692	0.46839	1.25569	1.11617	1.55466	0.3488	0.70757	0.6976	0.67767	1.02648	0.98661	0.76737	0.80723	0.62784	0.77733	1.30552	0.65774	0.56805	1.38524	0.73747	1.4849	0.15945	0.70757	0.86702	0.86702	0.80723	0.53815	0.60791	0.99658	0.87699	0.84709	0.71754	0.73747	0.22921	0.67767	0.85706	0.79726	0.7275	0.7873	0.61788	0.91685	0.24914	0.6976	0.61788	1.08627	1.15603	1.46497	0.65774	0.58798	0.3787	0.46839	0.73747	0.70757	0.65774	2.05295	0.79726	0.82716	1.166	0.62784	0.6976	0.98661	1.00654	1.24572	1.47494	1.24572	0.89692	0.93678	0.88695	0.7574	0.83713	1.27562	0.61788	0.6976	1.0763	0.85706	0.77733	0.66771	0.74743	1.28559	0.7873	0.41856	0.60791	0.66771	0.45843	0.60791	0.66771	0.7574	1.03644	0.44846	0.68764	0.73747	0.92682	0.88695	0.93678	1.57459	0.63781	0.65774	0.47836	0.7873	0.70757	0.57802	0.66771	1.41514	1.17596	1.25569	0.55808	1.04641	0.67767	1.12613	0.6976	1.0763	1.00654	0.3189	1.1062	0.66771	0.63781	0.89692	0.7275	0.84709	1.38524	0.95671	0.49829	0.63781	1.0763	0.63781
cell52	0.8922	1.63342	0.85102	0.56277	0.98829	0.8373	1.01574	1.12555	1.18045	1.29026	1.45498	0.94711	0.76867	0.80985	0.97456	0.59023	1.44125	1.31771	0.97456	0.75494	1.31771	1.4138	0.94711	0.8922	1.19418	1.08437	1.08437	1.53733	0.30198	0.67258	1.82558	0.60395	1.16673	0.43924	0.61768	0.87848	1.34517	1.52361	1.60596	0.50787	0.56277	1.12555	0.82357	0.86475	1.16673	0.67258	1.38635	0.8373	0.72749	0.93338	1.31771	1.153	1.27654	0.86475	0.80985	0.49414	1.81186	1.4138	1.42752	1.22163	1.57851	0.41179	1.4687	0.65886	0.61768	1.37262	1.24908	1.50988	0.82357	1.6746	0.35688	0.71376	0.43924	0.53532	0.76867	0.72749	1.49616	0.32943	0.86475	0.80985	1.74323	1.35889	2.52562	0.86475	1.52361	1.13927	0.94711	0.71376	0.78239	0.65886	0.8922	1.22163	0.6314	0.35688	0.79612	0.75494	0.90593	1.2079	0.43924	1.52361	1.07064	1.26281	0.93338	1.22163	1.26281	0.53532	0.8373	1.64714	0.61768	1.11182	1.11182	0.94711	1.05692	1.19418	0.79612	0.82357	1.34517	0.85102	1.35889	0.8373	0.5216	0.65886	0.48042	0.56277	2.11383	1.16673	0.91965	0.93338	0.86475	0.82357	0.86475	1.33144	1.153	0.72749	0.78239	1.48243	0.96083	0.8373	1.16673	1.42752	0.80985	0.46669	0.80985	1.30399	1.05692	1.61969	0.80985	1.18045	1.53733	0.53532	1.02946	0.5765	0.94711	0.72749	1.11182	0.93338	0.75494	1.48243	1.33144	0.6314	0.67258	0.80985	1.85304	0.72749	0.74121	1.12555	1.24908	0.85102	1.01574	0.93338	0.76867	1.16673	1.13927	1.01574	0.94711	1.05692	0.97456	1.40007	0.85102	1.08437	1.4138	0.98829	0.90593	0.60395	0.75494	0.76867	2.05893	1.00201	1.08437	1.04319	1.77068	0.56277	0.74121	0.5765	0.70004	1.2079	0.8922	0.97456	1.24908	0.72749	1.05692	0.59023	0.8373	1.6746	1.57851	1.02946	1.38635	1.12555	1.40007	0.87848	1.11182	1.18045	1.48243	0.97456	1.29026	1.01574	0.82357	0.75494	0.87848	0.5216	0.8373	1.04319	0.5765	1.12555	1.00201	1.05692	0.86475	1.0981	1.08437	1.0981	0.70004	0.3157	0.50787	0.8373	0.60395	0.64513	0.48042	1.66087	0.65886	1.29026	1.11182	0.70004	0.45296	1.34517	1.12555	1.24908	0.72749	1.12555	0.49414	0.98829	1.153	0.60395	1.27654	1.00201	1.29026	0.86475	0.80985	0.76867	1.05692	0.70004	1.22163	0.65886	1.0981	1.08437	1.29026	0.5765	0.43924	1.19418	1.04319	1.04319	1.153	0.8373	0.85102	0.98829	0.86475	1.56479	1.2079	0.80985	0.70004	0.65886	0.85102	1.60596	1.01574	0.3157	1.2079	1.27654	0.60395	0.72749	0.74121	1.26281	1.59224	0.50787	1.34517	0.74121	0.74121	0.48042	0.61768	1.49616	0.98829	0.70004	0.43924	1.01574	0.8373	0.86475	1.31771	1.45498	1.23536	0.5216	1.48243	0.59023	1.22163	0.37061	1.24908	0.87848	1.40007	0.54905	0.94711	0.90593	0.75494	0.76867	0.78239	0.61768	1.2079	1.0981	0.98829	0.68631	1.23536	0.91965	0.98829	1.7295	1.05692	0.72749	0.74121	0.90593	0.8922	1.30399	0.74121	0.61768	1.05692	0.87848	1.04319	0.71376	1.12555	1.24908	1.18045	1.07064	1.60596	0.54905	0.82357	0.75494	1.07064	1.31771	0.75494	0.8373	0.94711	1.24908	0.98829	0.41179	0.50787	0.76867	1.22163	0.80985	0.70004	1.05692	0.53532	0.86475	0.70004	0.86475	0.56277	1.26281	1.75695	1.16673	1.4687	1.82558	0.39806	1.53733	1.40007	1.56479	0.5216	1.35889	0.70004	0.49414	1.26281	1.22163	0.87848	1.11182	0.76867	0.67258	0.50787	1.44125	0.96083	0.72749	1.38635	2.05893	1.02946	0.61768	1.02946	0.79612	1.56479	1.61969	1.78441	1.18045	0.74121	1.40007	1.08437	0.49414	0.74121	1.02946	1.13927	0.5216	0.93338	1.52361	1.0981	1.07064	1.40007	0.97456	1.56479	1.27654	1.18045	1.68832	0.82357	0.97456	0.65886	0.79612	0.76867	1.70205	1.40007	0.80985	0.48042	1.01574	1.12555	0.39806	1.27654	0.74121	0.97456	0.85102	0.70004	1.35889	0.60395	1.05692	0.93338	0.56277	1.13927	0.87848	1.88049	0.6314	0.6314	1.31771	0.93338	1.01574	1.34517	1.44125	1.13927	1.55106	0.54905	1.04319	0.56277	1.01574	1.97657	0.67258	1.34517	0.70004	1.08437	0.76867	1.23536	1.18045	0.68631	0.79612	1.12555	1.11182	0.91965	0.71376	0.97456	1.22163	1.0981	1.13927	0.98829	1.82558	0.70004	0.68631	0.48042	0.82357	0.82357	1.75695	0.61768	0.87848	1.11182	1.07064	1.13927	1.16673	1.153	1.16673	0.8922	0.50787	0.8373	1.2079	0.91965	0.85102
cell53	0.9648	0.52308	1.27865	0.76719	0.48821	0.75557	0.70907	1.0113	1.11591	1.45301	0.83694	1.11591	0.66257	0.49984	1.3019	1.0113	1.31352	1.05779	0.83694	1.31352	0.30223	0.40684	0.51146	0.68582	1.74362	0.75557	1.5925	1.05779	0.69745	1.26703	1.02292	1.2554	0.80206	1.99935	1.27865	0.73232	1.18566	0.87181	0.92993	1.0113	1.51113	1.51113	0.84856	0.9648	1.11591	1.23216	0.87181	0.92993	1.10429	0.60445	1.38327	1.12754	1.0113	1.36002	1.2554	0.77882	0.75557	1.24378	1.10429	1.02292	0.52308	1.58088	0.66257	0.9648	0.88343	0.6742	1.23216	1.32515	1.62738	1.20891	2.13884	1.19728	0.59283	0.65095	1.39489	1.08104	0.46496	0.9183	0.75557	1.12754	1.03455	0.95318	1.15079	1.40652	0.72069	0.99967	1.13916	1.16241	0.77882	0.80206	1.37164	0.66257	1.02292	0.94155	1.18566	1.13916	1.5925	0.82531	0.74394	0.9648	2.32482	0.47659	0.73232	1.17403	0.40684	0.89506	0.97643	0.56958	1.20891	1.22053	0.95318	0.66257	1.66225	1.17403	0.9183	0.6277	1.05779	0.86018	1.40652	1.23216	1.51113	0.94155	0.74394	1.0113	1.31352	1.24378	0.9648	1.02292	1.11591	0.69745	0.66257	1.48789	0.95318	0.72069	0.56958	1.67387	1.0113	0.26735	0.88343	0.9183	0.73232	1.04617	1.51113	0.88343	0.6277	0.70907	1.38327	1.05779	1.27865	1.06942	0.53471	1.27865	0.47659	1.18566	0.97643	1.51113	1.10429	1.75524	0.46496	0.94155	1.31352	0.59283	0.84856	0.81369	1.52276	0.55796	0.73232	0.9648	0.68582	1.13916	1.13916	1.05779	1.38327	1.24378	1.2554	1.38327	0.89506	1.20891	0.92993	0.59283	1.53438	1.05779	0.87181	0.80206	2.03422	1.22053	1.06942	1.26703	0.92993	0.86018	1.17403	0.89506	0.48821	0.77882	0.66257	0.89506	0.69745	0.43009	1.06942	0.59283	1.22053	1.27865	0.58121	0.80206	0.60445	0.89506	0.82531	0.66257	0.94155	2.13884	1.99935	1.05779	1.41814	1.37164	1.41814	1.06942	0.72069	0.95318	1.52276	0.3371	0.76719	0.9648	1.32515	0.87181	0.9183	0.98805	0.9648	0.75557	0.68582	1.3484	1.08104	1.44139	0.6277	0.66257	1.08104	0.90668	1.46464	1.60413	0.81369	1.33677	1.41814	0.79044	0.58121	1.99935	0.53471	0.63933	0.72069	0.43009	1.22053	0.73232	0.99967	1.41814	0.48821	1.0113	0.86018	0.92993	1.09267	0.44172	1.15079	1.22053	1.22053	1.10429	1.06942	0.80206	1.03455	0.87181	1.2554	1.37164	1.45301	1.22053	0.74394	0.45334	0.94155	1.44139	0.76719	1.24378	1.41814	0.77882	0.59283	0.80206	0.80206	0.48821	0.84856	1.20891	1.02292	1.84823	0.74394	0.65095	1.3484	1.05779	0.84856	1.23216	1.13916	0.75557	1.19728	1.20891	1.22053	0.6742	0.92993	0.55796	1.22053	0.84856	0.58121	0.88343	1.23216	0.9648	1.22053	1.15079	0.81369	0.88343	1.53438	1.18566	0.65095	1.0113	1.42977	0.51146	1.23216	1.08104	1.16241	1.05779	0.86018	1.15079	0.86018	0.86018	0.59283	0.6742	1.39489	0.89506	0.66257	0.63933	0.97643	0.6277	1.23216	0.97643	1.09267	0.63933	0.30223	0.60445	1.06942	1.36002	0.41847	0.6742	1.13916	0.73232	1.23216	0.63933	1.05779	1.02292	1.3019	1.77849	1.47626	1.39489	0.98805	0.54633	0.9183	1.31352	0.73232	0.6277	0.55796	0.75557	1.55763	1.65062	1.36002	0.70907	0.48821	1.05779	1.36002	1.11591	1.19728	0.90668	1.17403	0.43009	1.02292	0.9183	1.20891	0.63933	0.68582	1.48789	1.19728	0.68582	0.72069	0.86018	0.88343	0.83694	0.99967	1.20891	1.48789	1.3019	0.99967	1.39489	0.97643	0.72069	1.51113	0.76719	0.90668	1.19728	0.87181	0.58121	1.16241	0.89506	0.58121	0.74394	0.9183	0.55796	0.58121	0.79044	1.49951	0.97643	0.9648	1.33677	0.59283	0.76719	0.79044	1.06942	1.04617	1.51113	0.77882	1.56925	1.80174	0.9648	0.82531	1.3019	1.87148	0.97643	0.65095	0.63933	0.6742	1.0113	0.61608	0.6742	1.40652	1.2554	1.36002	0.53471	0.77882	0.60445	0.74394	1.47626	1.9296	0.89506	1.12754	1.639	1.09267	1.08104	1.18566	1.37164	1.48789	0.82531	0.80206	0.69745	0.65095	0.65095	0.74394	1.23216	0.76719	0.77882	1.12754	0.84856	0.74394	1.16241	1.51113	1.82498	0.61608	0.83694	0.77882	0.72069	0.55796	1.3019	0.60445	0.88343	1.23216	0.74394	0.69745	1.70874	0.86018	0.69745	0.99967	0.56958	0.79044	1.05779	1.20891	0.92993	0.87181	1.04617	0.88343	0.69745	1.10429	0.80206	0.70907	0.63933	0.74394	0.72069	0.69745	0.61608	1.08104	0.90668	1.0113	1.36002
cell54	1.24754	1.78569	1.47992	1.21085	1.07631	1.29646	1.17415	0.91731	1.67561	0.56262	1.10077	1.14969	0.80723	1.39431	1.06408	0.69715	1.57777	1.02738	1.10077	1.49215	1.56554	0.70938	1.89577	1.12523	0.72162	1.03961	2.21377	1.57777	1.06408	1.44323	1.72454	1.44323	1.35761	1.52885	0.62377	1.113	0.67269	1.113	1.25977	1.71231	0.795	0.61154	1.23531	1.24754	1.87131	0.75831	0.83169	1.33315	1.70008	1.02738	1.272	1.16192	1.07631	1.25977	1.25977	1.00292	1.68785	1.24754	1.08854	1.39431	0.58708	0.96623	1.50438	1.52885	0.67269	1.25977	1.12523	0.68492	1.22308	1.28423	1.12523	1.12523	0.954	1.52885	1.45546	1.61446	1.19861	1.79792	1.39431	1.02738	1.113	0.62377	0.795	0.80723	0.94177	1.05185	1.16192	1.10077	1.61446	1.32092	0.69715	1.41877	1.272	1.12523	1.33315	1.13746	1.45546	0.37915	0.73385	1.12523	0.80723	1.03961	2.76415	1.21085	1.66338	0.84392	1.03961	1.05185	0.78277	0.86838	1.49215	1.12523	1.00292	2.43392	0.52592	0.88061	1.272	0.83169	1.08854	0.75831	1.12523	1.81015	1.13746	1.12523	2.17708	2.36054	0.795	1.07631	1.10077	1.92023	0.97846	0.88061	1.39431	0.90508	1.36985	0.84392	1.908	0.64823	0.77054	0.72162	1.65115	1.272	0.477	0.91731	0.97846	1.34538	2.12815	1.94469	0.68492	1.00292	0.89285	1.19861	1.05185	1.40654	0.96623	0.85615	0.67269	0.97846	1.34538	1.16192	1.25977	2.26269	1.28423	1.25977	0.85615	1.908	1.29646	1.25977	1.25977	1.22308	1.47992	1.19861	0.80723	0.78277	0.73385	1.03961	1.22308	2.17708	1.52885	0.94177	1.68785	1.272	1.19861	1.08854	0.56262	2.05477	0.67269	1.35761	0.78277	1.38208	1.14969	0.96623	0.96623	0.28131	1.68785	1.21085	1.21085	0.954	1.49215	1.272	1.08854	0.61154	1.10077	0.81946	1.28423	0.96623	1.83461	1.03961	0.80723	0.94177	0.88061	1.03961	0.97846	0.69715	1.22308	0.94177	0.954	1.17415	1.17415	1.25977	1.70008	1.272	0.85615	1.18638	0.81946	1.46769	1.93246	1.54108	0.84392	0.56262	0.56262	1.55331	0.96623	0.99069	1.62669	1.81015	1.32092	0.57485	1.34538	2.21377	1.68785	1.08854	1.34538	0.51369	1.02738	0.80723	1.272	0.83169	0.46477	0.53815	0.67269	0.50146	0.96623	1.06408	0.57485	0.73385	0.77054	0.42808	1.32092	0.86838	0.97846	0.94177	0.85615	0.90508	1.12523	0.85615	1.34538	0.72162	0.41585	0.72162	0.53815	0.86838	0.57485	0.954	0.636	0.70938	0.91731	0.94177	1.25977	0.40362	1.10077	0.96623	0.59931	0.89285	0.795	0.68492	0.41585	1.00292	0.46477	1.30869	0.58708	0.66046	0.80723	1.52885	0.86838	1.13746	0.91731	1.07631	0.85615	0.84392	0.77054	0.59931	0.58708	0.57485	0.51369	0.66046	0.40362	0.72162	1.23531	0.53815	0.77054	0.58708	0.66046	0.795	0.74608	1.17415	0.85615	0.62377	0.61154	0.80723	0.55038	0.59931	1.38208	0.954	1.25977	0.75831	0.80723	0.34246	0.69715	0.85615	0.64823	0.53815	0.78277	0.78277	0.99069	0.66046	0.80723	0.35469	1.272	0.96623	0.67269	0.77054	0.91731	1.24754	0.72162	0.70938	0.81946	0.68492	0.954	0.80723	0.86838	0.795	0.80723	1.08854	0.53815	0.35469	0.48923	0.72162	0.45254	0.50146	1.18638	0.80723	0.91731	0.66046	1.36985	1.55331	0.58708	0.62377	0.78277	0.39138	1.10077	0.69715	0.795	0.83169	0.56262	0.48923	1.50438	0.73385	0.75831	0.69715	0.77054	0.636	1.113	1.113	0.74608	0.99069	1.05185	0.66046	1.50438	1.30869	0.45254	0.77054	1.03961	0.57485	1.08854	1.18638	0.66046	0.73385	1.24754	0.25685	0.636	1.68785	0.69715	0.67269	0.795	0.70938	1.49215	0.70938	0.37915	0.795	0.795	0.90508	0.66046	1.24754	0.97846	0.59931	0.81946	0.954	0.97846	0.51369	1.12523	0.96623	0.77054	0.66046	0.78277	0.55038	0.48923	0.477	1.34538	0.36692	0.90508	1.16192	0.92954	0.84392	0.67269	0.74608	0.30577	0.92954	0.795	0.48923	0.66046	0.477	0.85615	0.81946	1.56554	0.67269	0.61154	1.01515	1.34538	1.01515	0.51369	0.34246	0.94177	1.19861	0.636	0.86838	0.77054	0.80723	0.55038	0.81946	0.25685	0.75831	1.01515	0.45254	1.05185	0.35469	0.30577	0.66046	0.91731	1.60223	0.66046	1.38208	0.64823	1.07631	0.636	1.32092	0.97846	1.113	1.18638	0.795	0.46477	0.40362	0.90508	0.64823	0.954	0.81946	0.74608	0.88061	1.18638	0.58708	1.46769	0.85615	0.77054	1.28423	0.84392	0.795	0.83169	0.44031
cell55	0.7394	1.68806	1.0812	1.27651	1.03237	2.5321	1.63924	1.00447	0.94866	1.36022	1.8764	1.41602	0.54409	1.17188	1.17188	0.41155	1.8485	0.73242	2.01591	0.7673	2.15542	1.75782	1.31836	0.83706	1.57646	1.02539	1.24163	1.5346	1.57646	0.87891	1.69504	1.33929	1.30441	1.11608	0.91379	0.90681	0.48131	1.51368	0.96959	1.63226	0.83706	1.44392	1.36022	1.33929	0.78823	0.96959	0.71847	1.58343	1.86943	1.01144	1.28349	1.10212	1.79967	2.5879	0.94866	0.98354	0.83008	0.45341	1.33232	0.94169	0.91379	0.70452	1.19281	1.5346	1.09515	1.02539	1.7927	0.54409	1.03935	1.26256	1.79967	0.87193	1.06725	1.31836	0.99052	1.86245	0.81613	1.29744	0.93471	1.43695	0.61384	0.94169	1.48578	1.77177	0.77428	0.7115	0.78125	0.74638	0.93471	1.17886	1.7927	0.99749	0.53014	1.5067	0.92076	0.81613	0.82311	1.28349	1.81362	0.83008	0.84403	1.10212	1.31139	0.89286	1.67411	1.41602	1.36022	1.48578	1.75782	1.1091	1.1649	2.39956	0.57896	1.89035	2.20425	1.75782	0.53711	0.85798	1.0812	1.34627	1.84153	1.94616	1.43695	1.64621	1.27651	0.98354	1.29744	1.06027	1.81362	1.31836	1.18583	1.21373	1.75084	1.14398	1.17886	0.85798	0.99749	1.22071	1.18583	1.4509	0.91379	0.87193	1.36022	1.54158	1.62529	1.10212	0.80218	1.13003	1.137	1.74387	0.70452	0.84403	0.6836	1.40207	1.31836	0.70452	1.40905	0.64174	0.96262	1.39509	1.5067	1.0533	0.56501	0.99052	1.17188	0.83706	2.12752	0.6836	1.21373	1.72992	1.42997	1.01144	1.32534	1.30441	0.57199	0.50223	1.15793	1.26256	1.31139	1.09515	1.02539	0.99749	1.25559	0.85798	1.14398	1.59738	1.0812	1.02539	0.48131	2.23215	1.04632	1.0812	0.49526	1.02539	1.1091	0.76033	1.56948	1.56251	0.87193	1.70899	1.71597	1.25559	0.85798	1.5346	0.99749	1.57646	1.91826	1.15793	1.08817	0.97657	0.7673	1.25559	1.24163	1.423	1.12305	1.72294	1.4788	0.71847	0.76033	1.19281	1.18583	0.93471	1.07422	1.76479	0.64872	1.77177	1.03935	1.62529	1.52763	2.07869	1.38114	1.43695	1.37417	1.28349	1.17886	0.78125	1.20676	1.11608	0.98354	0.94169	1.27651	1.30441	0.87891	1.26256	1.09515	0.83008	0.61384	0.27204	1.29046	0.69057	1.0812	0.71847	0.63477	1.06027	0.89286	0.76033	0.7115	0.84403	0.94866	0.41155	0.55106	0.26507	0.6836	0.88589	0.99749	0.44643	1.01842	0.73242	0.39063	1.12305	0.7115	0.4255	0.59292	0.84403	1.52065	0.99052	0.87193	0.51619	0.94866	0.96262	0.58594	0.65569	0.58594	0.82311	0.65569	0.55106	0.53711	0.3976	0.83008	0.87891	0.76033	0.84403	0.37668	0.6836	0.87891	0.43945	0.50223	1.02539	0.7952	0.95564	0.82311	0.4255	1.19978	0.69057	0.32087	0.83706	0.91379	0.98354	0.67662	0.62779	0.65569	0.80915	0.76033	0.64872	0.97657	0.98354	0.67662	0.56501	0.74638	0.52316	1.15793	0.3976	1.36022	0.93471	0.88589	0.71847	0.46736	0.80915	0.60687	1.01842	0.66267	1.06725	0.44643	0.53014	0.46038	1.07422	0.64872	0.4255	0.62779	0.93471	0.85101	0.7952	1.34627	0.4255	0.69057	0.54409	1.0533	0.53711	0.91379	0.44643	1.14398	1.06027	0.66965	1.11608	0.7673	0.52316	0.33482	0.87891	0.53711	0.87891	0.69755	0.78823	1.24163	1.57646	0.50921	0.69057	0.83008	0.43248	0.81613	0.75335	0.82311	0.64174	0.80915	1.15793	1.17188	1.09515	0.99052	0.75335	0.53711	1.26954	1.26954	0.99749	0.57199	1.29744	0.66267	0.62779	0.7115	0.81613	0.72545	0.74638	0.40458	0.80218	0.71847	0.55106	1.09515	0.32785	0.48131	1.17188	0.99749	0.50921	0.80915	0.98354	0.53014	0.44643	0.89286	0.99052	0.59292	0.55804	0.73242	0.52316	0.62779	0.53711	1.27651	1.1649	0.96262	0.66267	0.57199	1.33232	0.67662	1.18583	0.64872	0.70452	0.71847	0.78823	0.3418	0.7952	0.94866	0.85798	0.75335	1.06725	0.41155	0.62779	1.31836	1.01144	0.82311	1.27651	0.78823	1.20676	0.65569	0.69057	0.66267	0.85101	0.65569	0.64872	0.72545	1.03935	1.18583	0.6836	0.52316	0.78823	0.85101	1.24163	1.00447	0.84403	0.7952	1.07422	1.19281	0.83008	1.31836	1.00447	0.92774	0.3139	0.80915	1.07422	0.70452	0.47433	0.90681	0.58594	0.7952	0.7952	1.03237	0.70452	0.63477	0.78823	1.31139	0.92076	1.08817	1.33929	0.48131	0.55106	1.01144	1.32534	0.43248	0.99052	0.89286	0.3139	0.57896	0.7952	0.48828	0.69057	0.70452	0.93471	0.75335	0.95564	0.7115	0.6836	1.137	0.74638
cell56	0.96543	1.31085	1.64742	0.94771	1.33742	1.79799	0.93	1.69171	1.41714	1.27542	1.054	1.43485	1.21342	1.35514	0.77943	1.85999	0.88571	0.57571	0.97428	1.91314	2.07256	2.26742	0.806	1.53228	0.72628	1.43485	0.53143	1.01857	1.03628	1.054	1.50571	1.16914	0.93	1.49685	1.86885	1.44371	1.96628	1.13371	1.06285	1.39942	0.71743	1.28428	0.91228	1.67399	1.19571	0.76171	1.40828	0.77943	0.91228	0.87685	1.19571	1.364	0.62	0.85914	1.054	0.64657	1.66514	0.992	0.81485	1.06285	1.27542	1.89542	1.44371	0.90343	1.21342	1.302	1.29314	0.69085	1.14257	1.57657	1.35514	1.78028	1.12485	0.73514	1.24885	1.51457	1.38171	1.23114	1.35514	1.01857	1.41714	0.78828	1.25771	1.03628	1.09828	1.426	1.38171	1.23114	1.32857	0.91228	1.85114	2.11685	0.97428	1.52342	2.03714	1.59428	1.28428	1.22228	0.96543	1.48799	1.08057	1.23114	1.35514	0.77943	1.56771	1.13371	1.116	0.75285	0.75285	0.66428	0.75285	0.87685	1.33742	1.41714	0.89457	1.47028	1.302	0.69085	2.07256	0.34543	0.85914	1.02743	0.96543	0.744	0.83257	1.19571	1.32857	0.806	1.31971	1.32857	1.47028	0.79714	2.29399	1.31971	0.78828	1.18685	1.16028	1.40828	1.12485	1.48799	0.91228	1.364	0.69971	0.71743	1.48799	0.69085	0.85914	0.69971	1.77142	1.24	1.76257	1.39942	0.496	0.91228	1.27542	1.22228	0.95657	0.496	1.12485	1.426	0.63771	1.74485	0.78828	1.68285	1.32857	1.16028	1.55885	1.08057	1.13371	1.21342	0.73514	0.93	0.50486	1.69171	1.13371	2.35599	1.44371	0.93	0.72628	2.43571	2.05485	1.08942	1.63857	2.28513	1.28428	1.302	1.10714	1.35514	0.96543	1.26657	1.28428	1.53228	0.62	0.69971	0.70857	1.39057	1.43485	1.21342	0.806	1.62085	1.02743	1.57657	1.29314	1.39942	1.03628	0.60228	1.41714	1.41714	0.992	0.62	0.75285	1.09828	0.78828	0.75285	1.18685	0.83257	1.09828	1.25771	0.77943	1.41714	0.77943	0.77943	0.93885	0.744	1.10714	0.61114	1.06285	1.63857	1.56771	1.53228	1.28428	1.19571	0.95657	1.67399	1.07171	1.41714	0.84143	0.93	0.992	0.96543	1.09828	1.35514	1.054	1.13371	0.31	0.66428	0.28343	1.25771	0.62	0.46943	1.08942	1.09828	0.62	0.47828	0.52257	0.83257	0.90343	1.46142	0.42514	0.91228	0.65543	0.82371	1.14257	0.95657	0.65543	0.66428	0.78828	0.66428	0.45171	1.15142	1.08942	0.84143	0.90343	0.90343	1.116	0.59343	0.65543	0.88571	0.81485	1.02743	0.79714	0.59343	0.85914	0.71743	0.78828	1.23114	0.48714	0.33657	1.15142	0.41628	0.45171	0.92114	0.58457	1.116	1.16028	0.67314	0.56686	0.40743	1.08057	0.53143	0.34543	0.33657	0.60228	0.87685	0.47828	0.75285	0.75285	0.84143	1.00085	0.78828	0.69971	0.868	0.806	0.87685	0.79714	0.744	0.76171	1.06285	0.78828	0.64657	0.41628	0.45171	0.87685	0.682	0.868	0.62885	1.29314	0.682	1.302	1.31085	0.806	0.48714	0.98314	0.79714	0.62885	0.62	1.04514	0.61114	0.85028	0.46943	0.868	1.15142	0.58457	0.36314	1.15142	0.744	0.81485	0.85028	0.76171	0.744	0.89457	0.806	0.73514	0.57571	0.62885	1.08942	0.806	0.89457	0.71743	1.16028	0.97428	1.24	0.89457	1.25771	1.08057	0.77057	0.69971	1.39057	1.38171	0.66428	0.868	1.35514	0.54028	0.90343	0.54914	0.496	0.96543	1.364	1.44371	0.72628	0.57571	0.38086	0.34543	0.69971	1.32857	0.744	0.61114	0.75285	1.00971	0.53143	1.00971	0.40743	0.56686	0.744	0.69971	1.31085	0.85914	1.03628	1.41714	1.09828	0.81485	0.88571	0.434	0.73514	0.69085	1.16028	0.744	0.83257	0.47828	1.14257	0.38086	0.744	1.178	1.12485	0.61114	0.84143	0.69085	1.12485	1.02743	1.00971	0.93	1.31971	0.73514	0.90343	0.71743	0.87685	0.744	0.59343	0.72628	0.72628	0.59343	1.18685	1.12485	1.00085	0.54028	1.12485	0.39857	0.93885	1.13371	1.12485	1.06285	1.20457	0.85028	0.40743	0.76171	0.91228	1.10714	0.51371	1.10714	0.58457	0.76171	0.81485	0.70857	0.75285	0.67314	0.38086	0.66428	1.27542	0.62885	0.41628	1.19571	0.45171	0.65543	0.62	1.14257	1.04514	1.02743	0.87685	0.93	0.69085	0.59343	1.80685	0.73514	0.48714	1.03628	0.81485	0.92114	0.91228	0.71743	0.85914	0.46943	0.47828	0.98314	1.26657	0.67314	0.76171	1.054	1.07171	1.20457	0.90343	0.34543	0.50486	0.76171	0.72628	0.61114	0.682	0.806	0.682
cell57	1.23972	0.93773	1.20793	0.41324	0.55628	0.89005	0.58807	1.2715	1.17614	1.09667	1.2715	0.68343	1.0172	1.2874	1.50991	0.90595	0.84237	0.41324	1.12846	0.79469	0.95363	0.74701	0.54039	0.5086	1.06488	1.16025	1.09667	0.87416	1.14435	0.74701	1.11257	1.00131	1.35097	0.93773	0.55628	0.74701	1.31918	0.54039	0.87416	0.73111	1.11257	1.08078	1.36687	1.25561	1.12846	1.0331	1.66885	0.57218	2.06619	1.76421	1.5258	1.39865	0.87416	1.44633	1.81189	2.79731	1.2874	1.50991	1.06488	2.44764	1.49402	1.97083	2.0344	2.38407	2.32049	1.33508	0.69933	1.39865	1.11257	1.58938	1.16025	1.47812	1.38276	1.63706	1.60527	0.90595	0.55628	0.90595	0.63575	1.14435	0.73111	0.30198	0.55628	0.34966	0.0	0.0	0.0	0.58807	0.2543	0.66754	1.85957	0.79469	1.09667	0.58807	0.66754	0.92184	1.5417	0.66754	0.69933	1.30329	0.58807	0.58807	0.96952	0.73111	0.84237	0.57218	0.68343	1.62117	1.63706	1.17614	1.00131	1.17614	1.47812	0.82648	0.57218	1.39865	1.14435	1.43044	1.08078	1.23972	1.16025	0.52449	1.11257	1.33508	1.09667	0.73111	0.81058	0.95363	0.41324	1.25561	0.58807	1.43044	1.35097	1.5258	0.85826	1.41455	1.33508	0.92184	0.89005	0.84237	0.54039	0.92184	1.22382	1.04899	0.60396	0.89005	1.11257	1.14435	0.57218	0.7788	0.96952	0.98541	1.57348	0.84237	1.66885	1.38276	0.87416	1.14435	0.44503	0.58807	0.82648	1.17614	0.92184	0.54039	0.79469	0.93773	1.06488	0.98541	1.70064	1.23972	0.81058	0.90595	0.84237	0.61986	0.92184	1.09667	0.66754	1.57348	0.5086	1.30329	0.74701	1.5258	1.31918	1.25561	0.7788	0.82648	1.11257	0.82648	0.87416	0.71522	0.89005	1.2715	0.85826	1.2715	0.68343	0.84237	1.11257	0.85826	1.19203	0.93773	1.09667	0.90595	1.00131	0.5086	0.79469	1.17614	0.60396	0.82648	0.90595	0.92184	0.65165	0.5086	0.85826	2.01851	0.96952	0.52449	1.04899	1.04899	0.85826	0.41324	1.04899	1.0172	1.20793	0.98541	1.25561	0.42913	0.69933	0.85826	0.61986	0.71522	1.16025	0.84237	0.90595	0.85826	1.74832	0.79469	0.98541	0.73111	0.95363	1.85957	0.85826	1.23972	0.57218	0.93773	0.74701	1.20793	0.58807	0.81058	0.90595	0.89005	0.82648	0.27019	1.0172	1.38276	0.55628	0.65165	0.68343	0.7788	1.08078	0.87416	1.41455	1.00131	0.95363	0.71522	1.5417	1.36687	1.23972	1.85957	0.79469	0.71522	0.95363	0.5086	0.55628	0.68343	1.0331	0.84237	1.46223	1.30329	1.22382	0.33377	1.39865	1.09667	1.65295	0.93773	1.35097	2.0344	0.85826	0.92184	1.25561	0.63575	1.12846	0.79469	0.68343	0.93773	0.93773	0.82648	0.98541	0.90595	1.60527	0.79469	0.81058	1.0172	1.70064	2.19334	0.68343	1.14435	1.31918	0.57218	0.66754	0.79469	1.0172	0.93773	1.63706	0.66754	0.87416	0.71522	0.89005	1.30329	0.55628	1.19203	1.47812	1.39865	1.08078	1.2715	0.93773	1.19203	0.68343	1.06488	1.12846	1.14435	1.08078	0.92184	1.33508	0.85826	1.22382	1.41455	0.68343	0.63575	0.7629	0.92184	0.69933	0.95363	1.33508	0.74701	0.57218	0.66754	0.57218	0.65165	1.50991	1.2715	0.7788	0.47681	0.74701	1.19203	1.19203	0.68343	0.96952	0.81058	1.08078	0.63575	0.87416	0.42913	0.93773	1.39865	0.7629	1.65295	0.46092	0.81058	0.92184	0.90595	1.71653	1.33508	1.20793	1.38276	1.00131	0.92184	0.7629	1.19203	0.7788	0.49271	0.61986	1.36687	1.16025	1.12846	0.82648	1.19203	0.87416	0.95363	0.98541	0.96952	1.12846	1.00131	1.31918	0.92184	1.49402	1.33508	0.87416	0.87416	0.20662	0.55628	0.58807	0.55628	0.82648	0.89005	0.93773	0.79469	0.46092	0.52449	0.84237	0.47681	1.11257	0.95363	1.17614	0.90595	1.00131	1.63706	0.73111	1.57348	0.58807	0.89005	0.69933	0.60396	0.74701	1.11257	0.98541	1.09667	0.96952	1.68474	0.79469	0.71522	0.73111	1.16025	0.61986	1.11257	1.65295	1.62117	0.61986	0.87416	0.49271	0.61986	0.68343	1.17614	1.14435	1.38276	0.85826	1.23972	1.04899	1.14435	1.35097	0.7629	0.92184	2.01851	0.93773	1.19203	0.41324	1.04899	1.04899	1.11257	0.7788	0.68343	1.0331	1.2715	0.28609	0.92184	0.69933	1.09667	0.54039	0.90595	1.5258	0.98541	1.0331	0.79469	1.36687	0.89005	0.85826	0.95363	0.61986	0.46092	1.20793	0.89005	0.79469	0.66754	0.5086	1.46223	1.11257	1.57348	0.98541	0.7629	1.06488	1.0331	0.71522	1.11257	1.38276	0.60396	0.93773	1.76421	1.16025	1.30329
cell58	1.81333	1.26144	0.75461	1.27271	0.95735	1.36281	1.14881	1.25018	1.43039	1.68943	1.04745	1.32902	0.72083	0.75461	1.29523	1.41912	1.38534	1.34028	1.22766	1.76827	0.79967	1.08124	1.37407	1.40786	0.96861	1.23892	0.79967	1.14881	1.14881	1.02492	0.95735	1.05871	1.02492	1.12629	0.70956	0.93482	2.10616	1.81333	1.26144	0.94608	1.90343	1.44165	1.22766	1.80206	1.0925	0.76588	1.35155	1.28397	1.40786	0.7884	1.14881	1.06997	0.86724	1.85838	0.81093	1.27271	0.66451	0.76588	0.94608	0.91229	2.03858	1.41912	1.38534	1.0024	1.82459	1.02492	1.37407	1.17134	1.08124	1.20513	0.81093	1.4867	1.02492	1.34028	2.00479	0.76588	1.28397	0.88977	1.84711	1.86964	1.20513	0.86724	0.97987	1.36281	1.61059	1.11503	1.22766	1.3065	1.59933	1.95974	1.0925	1.50923	0.95735	0.90103	0.86724	0.85598	0.90103	0.88977	1.20513	0.83345	0.92356	1.0925	1.01366	0.91229	2.185	1.3065	0.96861	1.71196	1.65565	1.29523	0.37168	0.6983	1.26144	0.83345	1.41912	1.22766	1.12629	0.97987	0.94608	1.97101	0.82219	1.19387	1.0024	0.76588	1.13755	0.50683	1.01366	0.88977	1.06997	1.56554	1.12629	1.4867	1.81333	1.73449	1.53175	1.73449	0.88977	1.04745	1.29523	1.40786	1.19387	1.3966	1.43039	0.93482	0.91229	1.25018	1.02492	0.77714	1.32902	0.99113	1.23892	0.93482	0.90103	1.28397	1.71196	0.90103	1.37407	0.51809	0.79967	0.99113	1.12629	1.56554	1.64438	0.92356	1.17134	1.23892	0.77714	1.56554	0.85598	1.21639	1.82459	1.22766	0.64198	1.37407	0.88977	1.16008	1.28397	1.05871	2.08363	0.97987	1.95974	1.05871	2.47784	0.95735	0.58567	1.26144	1.45291	1.58807	1.53175	1.97101	1.20513	1.7908	0.95735	1.81333	1.47544	1.01366	0.43925	0.99113	1.71196	1.32902	1.04745	1.37407	1.54302	1.28397	1.27271	1.61059	1.0024	2.44405	1.3966	0.86724	1.7007	0.91229	1.91469	0.76588	1.74575	1.02492	0.90103	1.7007	0.84472	1.21639	0.95735	0.95735	0.25905	1.04745	1.08124	0.82219	1.04745	1.27271	1.23892	0.87851	1.34028	0.95735	0.82219	0.92356	1.41912	1.63312	0.93482	1.28397	1.7007	1.72322	0.95735	0.76588	0.96861	1.44165	0.67577	0.83345	0.67577	1.31776	0.73209	1.0024	1.25018	0.45052	0.34915	0.81093	1.32902	0.72083	0.74335	0.88977	0.6983	1.35155	0.6082	0.55188	0.85598	0.92356	0.99113	0.58567	0.87851	1.13755	1.03619	1.04745	0.52936	0.70956	0.94608	0.72083	0.65325	0.43925	0.63072	0.87851	0.49557	1.45291	0.65325	1.17134	1.23892	1.04745	0.28157	0.87851	0.79967	0.70956	0.6983	0.99113	0.56314	0.6082	1.04745	0.57441	0.86724	0.81093	0.70956	0.65325	0.7884	0.82219	0.45052	0.63072	0.57441	0.3942	0.68704	0.31536	1.16008	0.68704	0.67577	1.04745	0.72083	1.52049	0.74335	0.64198	0.96861	0.95735	0.72083	0.91229	0.82219	1.55428	0.76588	0.93482	1.3065	1.37407	0.94608	0.47304	0.94608	1.11503	0.74335	0.54062	0.82219	0.81093	1.08124	0.75461	0.70956	0.84472	0.56314	0.6082	0.84472	0.66451	0.67577	0.73209	0.58567	0.6983	0.50683	1.0024	0.90103	0.49557	0.88977	0.66451	0.86724	0.55188	0.63072	1.34028	0.92356	0.87851	0.83345	0.76588	1.27271	0.90103	0.63072	0.27031	0.65325	0.40546	0.72083	0.81093	1.05871	0.56314	1.25018	0.82219	1.13755	0.79967	0.38294	0.88977	0.88977	0.92356	0.66451	1.0024	0.47304	0.46178	0.76588	1.16008	0.70956	1.04745	0.55188	0.90103	0.92356	0.6082	0.95735	0.56314	0.65325	1.31776	0.87851	0.91229	0.41673	0.86724	0.88977	0.55188	0.72083	0.46178	0.95735	0.6983	0.73209	0.56314	0.79967	1.02492	0.74335	0.85598	0.72083	0.28157	1.0925	0.74335	0.74335	0.45052	0.87851	0.99113	0.86724	1.21639	0.96861	0.83345	0.73209	0.3942	0.96861	0.58567	0.75461	0.63072	1.12629	0.72083	0.83345	0.76588	0.97987	1.20513	0.76588	0.56314	0.45052	0.88977	0.66451	1.40786	0.91229	0.3041	0.66451	0.82219	0.72083	0.75461	0.50683	1.02492	1.3966	0.74335	0.87851	0.74335	0.46178	0.56314	1.63312	0.42799	1.21639	0.84472	0.57441	0.56314	0.74335	0.94608	0.23652	1.02492	0.49557	0.45052	0.67577	0.93482	0.81093	0.6082	0.76588	0.87851	0.81093	0.85598	0.83345	0.56314	0.37168	0.57441	0.88977	0.93482	1.0925	0.88977	0.72083	0.6983	0.54062	0.99113	0.64198	0.46178	0.4843	0.67577	0.64198	0.76588	1.0925	0.63072	0.88977	0.77714	0.61946	1.01366	0.75461	0.56314
cell59	0.94123	1.5662	1.46832	1.11441	1.17465	1.19724	1.7168	0.49697	1.10688	2.04811	1.23489	1.05418	0.63251	1.34784	1.73939	1.04665	0.96382	1.03912	1.49091	0.97888	1.52102	1.32525	1.35537	0.83581	0.52709	1.29513	1.41561	1.10688	1.70174	0.68521	1.77704	1.16712	1.72433	1.54361	0.95629	1.32525	0.7831	1.01653	0.90358	1.54361	1.02406	1.61891	0.8584	0.99394	0.84334	1.06171	0.87346	1.34031	1.7921	0.67015	1.62644	0.87346	1.46079	0.58733	1.03912	0.99394	0.84334	0.88852	1.91258	0.25601	1.49091	1.4382	1.05418	1.16712	1.39302	0.66262	2.69568	0.95629	1.2123	1.77704	1.31019	0.73792	1.05418	1.7921	1.83728	2.26648	1.26501	1.6415	1.35537	1.11441	0.55721	1.21983	1.15206	0.7831	1.33278	0.77557	1.2123	0.7078	1.15206	1.12947	1.43067	1.09935	1.14453	2.05564	1.04665	1.15959	1.61138	1.31772	1.02406	0.75298	1.05418	0.52709	1.009	0.92617	1.03159	0.68521	0.79816	1.2123	1.68668	1.07676	1.4382	0.82075	1.09935	0.91111	1.07676	1.31019	1.33278	1.15959	1.34784	2.08576	1.31772	0.56474	1.2123	1.009	1.35537	1.19724	1.80716	1.38549	0.82828	1.79963	1.6415	0.97888	1.09182	1.38549	1.32525	0.73039	1.85987	1.24995	1.15959	2.12341	1.37043	1.5662	1.37043	1.07676	1.6415	1.06924	1.15959	1.78457	1.43067	1.57373	0.88099	1.93516	1.10688	1.009	0.97135	1.2876	2.56014	0.76051	0.94123	0.5798	1.77704	0.62498	1.03912	1.70174	0.86593	1.19724	1.22736	1.55114	1.95022	1.15206	1.57373	1.35537	0.97888	0.79063	1.74692	1.60385	1.44573	0.90358	1.09182	1.18218	1.009	1.137	1.03159	0.77557	0.70027	1.2876	1.31019	0.85087	0.79063	2.13847	1.92764	0.99394	0.82075	1.46832	0.55721	0.77557	1.17465	1.137	0.79063	0.60992	0.91864	1.82975	1.75445	1.15206	1.46079	2.01046	1.49091	1.33278	1.28007	1.16712	1.66409	1.00147	1.12947	1.34031	0.58733	1.21983	1.28007	0.97135	1.39302	1.72433	0.69274	1.22736	2.11588	1.43067	0.94876	0.84334	0.88852	0.7831	0.9337	0.73039	1.02406	0.95629	0.66262	0.90358	1.25748	1.61891	1.24242	1.46832	1.05418	0.73039	2.00293	1.65656	1.44573	0.42167	0.48944	0.73039	0.68521	0.3539	1.23489	0.56474	0.99394	0.60992	0.64004	0.95629	0.58733	0.87346	0.9337	0.70027	1.17465	0.64756	0.62498	0.45932	0.42167	0.60239	0.86593	0.82828	0.89605	0.64004	0.65509	0.7831	0.48191	0.74545	0.37649	0.96382	0.7831	0.95629	0.57227	1.02406	0.53462	0.77557	0.54968	0.61745	0.77557	0.47438	0.56474	0.42167	1.06171	0.83581	0.83581	1.12947	1.00147	1.77704	0.69274	0.60992	0.49697	0.83581	0.56474	0.76804	0.77557	0.60992	1.21983	1.33278	0.97888	1.15206	0.89605	0.85087	0.96382	0.77557	0.97888	1.24242	0.49697	0.94876	1.04665	0.88099	0.54215	0.44426	0.16566	0.5045	0.55721	0.74545	1.009	0.64004	1.17465	0.58733	0.7831	0.27107	1.2123	0.4292	0.85087	0.68521	0.62498	0.7078	0.88852	1.06171	0.77557	0.68521	0.76051	0.72286	0.94876	0.75298	0.79063	0.64004	0.97135	0.9337	1.11441	0.8584	1.137	0.77557	0.70027	0.79816	0.69274	0.80569	0.92617	1.06171	0.85087	0.37649	0.7078	0.71533	0.61745	0.74545	0.51956	0.59486	0.68521	0.84334	0.64756	0.73792	0.98641	1.58879	0.68521	0.55721	1.07676	0.85087	0.97135	0.95629	0.91111	0.54215	0.37649	0.91864	0.40661	0.68521	1.01653	0.85087	1.09935	0.88099	0.68521	1.02406	0.31625	0.88099	0.83581	0.96382	1.3629	1.25748	0.67015	0.71533	0.7078	0.80569	0.92617	1.02406	0.51203	0.5045	1.06924	1.07676	0.87346	1.09182	0.5045	0.54968	0.96382	0.73039	1.11441	1.11441	1.12194	1.07676	0.55721	0.60239	0.7078	1.03912	0.5045	1.03912	0.71533	1.01653	0.98641	0.86593	1.03912	0.55721	0.97888	0.32378	1.03912	0.97135	0.73039	0.37649	0.36143	0.97888	1.03912	0.97135	0.73039	1.09935	0.85087	0.73039	0.41414	1.20477	1.07676	0.65509	0.87346	0.64004	0.45179	1.48338	1.03912	0.88099	0.76051	1.17465	0.8584	0.83581	1.12947	0.99394	0.45932	0.54215	0.72286	0.83581	0.48191	0.85087	0.70027	0.73039	0.76804	0.70027	0.73039	0.49697	0.63251	0.24848	0.7831	0.7078	0.90358	0.39155	0.59486	0.68521	0.64004	0.7831	0.67768	0.88852	1.20477	0.55721	0.71533	1.38549	0.81322	0.97888	0.64004	0.73792	0.60992	1.37043	0.5045	0.7078	0.92617	0.69274	0.54968	0.88852	0.88099	0.91111	0.49697	0.44426
cell60	2.56601	0.61984	1.03974	1.11972	0.80646	2.11946	1.22635	1.7129	1.01308	0.85978	0.87311	1.07306	1.1797	0.9331	0.98642	1.49962	1.21969	1.21302	1.94617	1.52628	0.65317	1.7129	0.82646	0.71315	1.29967	1.02641	0.82646	1.41964	1.37298	1.59293	0.91977	1.46629	1.02641	0.72648	1.21969	1.09972	1.38631	1.02641	0.81979	1.313	0.7998	0.94643	1.59959	0.97309	0.85978	1.80621	0.73981	0.63317	1.51961	0.88644	1.5596	0.85312	1.37298	1.15971	1.61292	2.30608	1.23302	1.4463	1.4463	1.65958	0.75314	0.78647	1.00641	1.02641	0.79313	1.25968	1.46629	0.9331	0.67316	0.81313	1.00641	1.48629	1.23968	1.4263	0.91977	1.41964	1.31966	1.22635	1.37298	1.57293	0.85312	1.01308	1.17303	0.98642	1.61959	0.89977	1.24635	1.25968	1.30633	1.39298	1.313	0.69982	1.49295	1.22635	0.99308	1.41964	1.5796	1.15971	1.12638	0.9331	1.12638	1.13305	1.02641	0.95976	1.31966	0.76647	1.50628	1.09972	1.39298	1.8262	1.20636	1.99283	1.38631	1.23302	1.49962	1.46629	0.80646	1.01308	0.63317	0.92643	1.00641	1.11305	0.73315	1.7129	0.89311	1.21302	1.03974	2.1128	1.4463	0.75314	1.8462	0.91977	1.75955	1.51961	0.96642	0.90644	1.36632	0.77314	1.33299	0.27993	1.41964	1.13971	1.45963	1.19969	0.82646	1.22635	0.98642	1.63958	0.68649	1.10639	1.25301	1.09972	1.54627	1.36632	0.97975	0.69982	0.23327	1.01308	0.71982	1.37965	1.13971	1.36632	0.93976	1.53294	0.69982	1.11305	1.293	0.73981	1.79954	0.95976	1.47962	1.37965	1.59959	0.75981	0.99308	1.79288	0.83979	0.57985	1.28634	1.93951	1.4463	1.24635	0.61984	1.53961	0.84645	1.25968	1.10639	1.10639	1.29967	0.94643	1.13305	1.46629	1.09972	1.27967	1.25301	1.03974	1.25301	0.99308	1.49962	0.95309	1.40631	0.82646	1.25301	2.01949	1.51961	1.17303	1.35299	1.30633	1.21302	1.62625	2.03948	0.97975	1.24635	1.5596	0.63317	0.60651	0.59318	1.91951	1.11305	1.16637	1.80621	1.10639	0.48654	1.0464	1.31966	1.65958	1.11972	0.91977	1.25968	1.69957	0.96642	0.81313	1.67957	1.22635	1.37298	1.87286	1.81287	0.73315	1.45296	1.56627	1.81954	1.49295	1.53294	0.6665	1.15304	0.55319	0.42656	1.12638	0.73981	0.61984	0.42656	0.47988	0.67316	0.72648	0.76647	0.98642	0.83312	0.6465	0.68649	0.9131	0.92643	0.75981	0.69316	0.6665	0.50654	0.7798	0.9331	0.75314	1.03974	0.82646	0.95976	0.94643	1.1797	1.13971	0.81979	0.43322	0.69316	0.7798	0.7998	1.27967	0.7998	1.17303	1.14638	1.09306	0.58652	0.54653	0.94643	0.82646	0.77314	0.67316	0.6465	0.7998	0.81979	0.70649	0.88644	1.02641	0.54653	0.71982	1.13971	0.84645	0.79313	0.93976	0.76647	0.5132	1.11305	0.68649	0.87978	0.9131	0.48654	0.6665	0.58652	0.91977	0.94643	0.74648	0.61318	0.81313	0.52653	0.67983	1.17303	0.47988	0.52653	1.15971	0.57319	1.13305	1.26634	0.69982	0.63317	0.29992	0.79313	0.56652	1.19303	1.35299	0.44655	0.82646	0.50654	0.6465	0.71982	0.61984	1.30633	1.11972	1.33966	0.74648	0.76647	0.74648	1.56627	0.89311	0.59985	1.1797	0.95309	0.47988	0.71982	1.22635	0.59985	0.47321	1.03307	1.16637	1.14638	0.73315	1.31966	0.6665	0.87311	0.88644	1.05973	1.03974	0.25993	0.9131	1.15304	0.55319	0.84645	1.20636	0.53986	1.11972	1.02641	1.00641	0.58652	1.10639	0.55986	1.0664	0.76647	0.67316	0.87311	0.87978	0.73315	1.01308	0.67316	1.0464	0.3799	1.13971	0.80646	0.72648	0.63317	0.67316	0.55986	0.5132	0.73315	0.82646	0.67316	0.70649	0.59318	0.70649	0.94643	0.97975	0.47321	0.69982	0.18662	1.09972	0.63317	0.83312	0.73981	0.85312	0.71315	1.09972	0.60651	0.51987	0.5132	0.61318	0.59985	0.89977	0.77314	0.72648	1.05973	0.71315	1.19969	0.85978	0.54653	0.67316	0.87978	0.59318	0.7998	0.92643	0.76647	0.47321	1.31966	0.63984	0.97309	0.83979	0.57319	0.5332	0.90644	0.82646	0.80646	0.53986	0.89311	0.62651	0.89311	1.31966	0.85312	1.0464	0.28659	0.59985	0.76647	0.6665	0.95309	0.56652	0.85978	1.03974	0.6465	1.03974	0.43322	0.54653	0.77314	0.95976	0.65317	1.14638	0.77314	0.63984	0.61318	0.77314	1.33966	0.69316	0.75314	0.90644	0.69982	1.13305	0.99308	0.53986	1.31966	0.69316	0.28659	0.87311	0.80646	0.60651	0.47321	0.57319	0.75981	0.69982	0.72648	1.4463	0.65317	0.45988	0.94643	1.0464	0.79313	0.75314	0.55986	0.87311	1.03974	0.53986
cell61	1.38806	1.01117	0.91465	0.63428	1.07092	1.0893	0.77676	1.14446	1.01576	1.65923	1.62246	1.18582	0.68484	1.457	0.58372	1.46619	2.94617	0.62968	1.31911	1.49377	1.32831	1.01117	1.42483	1.75116	1.12148	1.56731	1.30533	1.30073	2.01774	1.00657	0.97899	0.6067	1.14905	2.20159	1.80172	0.58372	1.53973	0.6021	1.29154	0.72161	0.80434	0.95601	1.25017	0.80893	1.28694	1.10769	1.30533	1.28234	1.14446	0.79974	1.47998	0.69862	0.84111	0.92384	1.13527	0.8549	0.94682	1.13067	1.37886	1.19502	1.17204	0.55155	1.79252	0.65726	1.25017	1.30073	1.73277	1.59029	1.10309	1.19502	0.79515	1.25017	1.457	1.53514	1.02036	0.92384	1.3375	1.63625	0.87328	1.71439	1.0985	1.696	1.15825	1.22719	0.94222	1.41104	1.86147	0.71241	1.42483	1.02955	0.55155	1.08471	0.82272	1.13986	1.36508	0.59291	1.00657	0.51478	1.01117	1.22719	1.30992	1.26396	1.91203	1.00657	1.05253	1.13067	1.16284	0.92384	1.39265	0.76297	1.14446	0.54695	1.73737	1.13986	1.13067	1.41104	1.04334	0.80893	1.38346	1.07092	0.82732	0.7262	0.98819	1.28694	1.47539	0.83192	0.95142	0.68024	1.24098	1.66843	1.14905	1.10769	1.0893	0.90545	0.70322	1.41104	0.87328	1.50296	1.01576	0.79974	1.37427	1.62246	0.73539	1.52594	1.52135	1.04334	1.13067	1.29154	1.22259	1.08471	2.11426	1.30992	1.06632	1.23638	2.04072	1.74197	0.68943	0.57453	1.22259	0.79974	1.35129	1.55812	0.92844	1.27775	1.53514	0.99278	0.9744	2.33947	1.13986	1.26396	1.3421	1.13067	1.18582	1.218	1.17204	1.55812	1.01117	1.14905	1.59489	1.22259	0.87788	1.99935	0.87328	1.63625	1.49837	1.81091	0.81353	1.5811	1.19502	2.07749	1.28694	0.98819	1.78793	1.90283	1.90283	1.62246	1.41104	2.16482	1.44321	1.0939	1.12607	1.06173	1.03874	1.47998	1.18123	0.93763	1.4524	1.19042	0.94682	0.84111	0.68484	1.61787	0.62968	1.17204	0.49639	1.66843	0.7262	1.73277	1.17663	1.27315	0.69403	0.98819	0.89167	0.68943	0.56993	1.03874	0.51937	1.30073	2.36246	0.86868	0.80434	1.17663	1.19961	0.99738	0.90545	0.92384	1.0893	1.22259	1.01117	1.3329	0.79055	1.3329	0.76757	1.76035	0.92844	1.24098	0.63887	0.96061	1.31452	0.88247	1.12148	0.86868	0.53776	0.91005	0.99278	0.6113	0.55614	0.57453	0.82272	0.99738	0.4918	0.45503	0.4826	0.95601	0.70322	0.67105	0.81813	1.52594	1.05253	0.86409	0.62509	0.89626	0.68024	0.90545	0.4826	0.45043	0.85949	0.81813	0.56074	0.51478	0.53316	0.78136	0.97899	0.7262	0.99278	0.89167	0.92844	0.44583	1.30533	0.80893	0.82732	0.68943	0.68943	0.68024	0.50558	0.55155	0.75378	0.80893	0.53316	0.9744	0.73999	0.79974	0.68943	0.56074	1.48458	0.28497	0.81813	0.68943	0.44124	0.69403	0.88707	0.62509	0.58832	0.55614	0.62509	0.57453	0.38608	0.45503	1.11228	0.79515	0.84111	1.12148	0.67564	0.94682	0.98819	1.11228	0.80434	0.76297	1.29613	0.91005	0.73999	0.71241	0.93303	0.80434	1.26396	0.68484	0.79974	1.00657	0.8503	0.66186	0.6021	0.86409	1.22259	0.70782	0.79515	0.66186	0.58372	0.82272	1.07551	0.95142	0.96521	0.80893	0.83651	1.20421	0.63428	0.88707	0.8503	0.61589	0.45962	1.4524	1.42942	1.08471	1.05253	0.83651	0.98359	0.80434	0.41826	0.68024	0.74459	0.72161	0.71701	0.66645	0.84111	0.73999	0.69403	0.96061	0.91465	0.41826	0.89626	1.30533	0.39068	0.3631	0.61589	0.7262	0.57912	0.70322	0.70322	0.84111	0.40447	0.94222	1.42023	0.87328	0.87328	0.66186	0.73999	0.62509	1.05713	0.92384	0.63887	0.78595	1.03874	0.82272	1.01576	0.81813	1.05713	1.35129	0.88707	0.96061	0.92384	1.04334	0.67105	1.00198	0.91924	0.4872	0.73999	1.02036	0.78136	0.86868	1.02036	0.81353	0.92384	0.8457	0.63428	0.67105	1.08011	0.74918	1.35129	0.9698	0.79974	0.92844	1.13067	1.17663	0.95142	0.87328	0.75838	0.94682	0.53316	0.67564	0.53776	1.12607	0.59751	0.80434	0.59751	0.86868	0.95142	0.58832	0.41826	0.96061	0.38608	0.39987	1.18582	0.95142	0.79515	0.78136	0.89167	0.89626	0.79055	0.6067	0.66186	0.53776	1.10309	0.83651	1.47079	0.42285	0.9744	0.63887	0.53316	1.3329	0.52856	1.11688	0.6067	1.25936	0.91465	1.27315	1.15365	0.62509	0.41366	0.51018	0.41826	1.08471	1.10309	0.64807	0.76297	0.40447	0.62968	0.6113	0.52397	0.71701	0.86868	0.95142	1.42942	0.71701	0.90086	0.66186	0.71241	0.98819	0.90086	0.98819
cell62	1.64197	1.50624	0.71809	0.85383	0.79253	0.7356	0.86258	0.78815	1.24352	1.1866	1.32234	0.7356	0.72247	0.73998	0.89323	2.01416	0.53857	1.05086	0.68306	1.09903	1.95286	0.81004	0.87572	1.33109	1.72079	1.44056	0.73998	0.87572	0.79253	0.79691	0.98081	1.64635	1.03773	0.7575	0.91513	1.05962	0.50792	1.38364	0.77939	1.677	0.55608	0.99394	1.58943	0.81004	0.5736	1.74268	1.37488	0.91513	0.80566	0.53419	0.82756	0.8801	1.00708	1.17346	1.15157	0.70058	0.93702	1.08151	1.07276	1.00708	1.79085	1.58943	0.74436	1.31796	0.7575	0.90637	1.47997	0.6962	0.79691	0.7575	1.3092	0.98518	1.33547	1.13406	1.29169	0.98081	1.02459	0.76188	1.70328	1.04649	0.80128	1.44056	0.91513	0.6349	1.38364	1.42304	0.47727	1.08589	1.02897	0.88448	0.90637	1.36612	1.26542	1.03773	0.99832	1.07276	1.16033	1.60257	0.64365	0.71371	0.99832	1.05086	1.04211	0.75312	0.87134	0.78815	0.99394	0.52543	1.23914	0.65679	1.15595	0.51667	0.65679	1.46683	1.62884	0.57798	1.11216	0.30212	1.00708	0.74436	1.21725	1.17784	1.58067	1.08589	0.96329	1.68138	1.02897	1.26542	1.12092	1.06838	0.76625	1.1866	1.16033	1.37488	0.79691	0.56046	1.07276	0.34591	1.08151	0.90199	0.63928	0.87572	1.12968	0.48165	0.88448	0.91951	1.51062	1.12092	0.95016	0.613	0.76625	0.41159	0.68306	1.01584	1.09903	1.25666	0.51667	0.78815	0.61738	0.8188	0.64803	1.10779	0.74436	1.09465	0.77063	1.19536	0.78815	0.46851	0.70495	0.66555	1.31358	1.12968	0.66993	0.93702	0.74436	0.92388	1.08151	0.66117	0.62176	1.0027	0.72685	0.66117	0.64365	0.85821	0.7356	0.81004	0.96767	0.77063	1.41429	1.35737	0.97205	0.69182	1.0027	1.03773	0.87134	1.26104	0.77063	1.90031	1.16471	0.73998	0.98081	1.19974	0.90199	0.5736	0.35029	1.45369	0.66993	0.69182	1.56754	0.63928	1.35737	0.76188	0.71371	0.613	1.07714	0.79253	0.86696	1.06838	0.83193	1.03773	1.40553	0.96329	1.0027	1.37926	0.60863	0.62176	1.31358	0.91513	1.01584	1.27855	0.63052	1.99226	1.09027	0.92826	0.92388	0.76625	0.43348	0.98956	1.17784	0.27585	1.40553	1.24352	0.82318	0.63928	0.50354	1.02021	1.30044	0.5123	1.53689	0.53857	1.6376	1.31358	0.5736	0.6349	0.98081	1.16909	1.08151	1.03773	0.76188	1.45807	0.94578	1.46245	0.7356	0.84507	0.78815	1.01584	1.20411	0.87134	0.9414	0.4291	0.87572	0.85383	1.02897	0.74874	0.49478	1.01146	1.19974	0.91075	1.02459	1.23914	0.68306	0.71371	1.03335	0.95453	0.99832	0.80128	0.81442	1.32672	1.27855	1.80836	1.34423	1.26542	1.09465	1.15595	0.9414	1.05086	1.17346	1.03773	0.35467	0.85821	0.89761	0.82318	1.40553	0.89323	0.78377	1.14719	1.3092	1.33985	1.11216	0.83631	0.84507	0.59549	0.88886	0.6349	0.96329	1.21287	0.77939	1.37488	0.58673	1.22163	0.78815	0.84069	1.37926	0.66993	0.70058	1.06838	1.10341	0.70058	1.42304	0.97643	1.18222	1.23477	1.46245	0.85383	1.20849	0.91951	1.06838	0.93264	1.47997	1.22163	0.74436	1.16471	0.77063	0.6743	0.94578	1.35299	0.73123	1.90907	1.45369	0.53419	0.66555	1.15595	0.80128	1.50624	0.95891	1.07276	0.98081	1.13844	1.08151	0.47289	1.02021	0.96767	0.99832	1.71641	1.70765	0.69182	0.56922	1.064	1.11654	0.60425	0.98518	0.87572	0.49478	0.72247	1.65511	0.76625	0.60863	1.677	0.58673	0.613	1.1253	1.06838	0.82756	1.46245	1.00708	0.66117	1.07276	1.48872	1.72517	1.40115	0.74436	0.61738	0.5517	1.17784	0.59987	0.74874	0.99394	1.01584	0.7356	1.28293	0.8188	1.3705	0.79691	1.22601	1.11654	1.33109	0.87134	1.24352	0.85821	0.81442	1.2479	1.56316	0.3678	1.81712	1.54127	1.11216	0.78815	0.80128	1.05086	2.38196	1.2479	0.92388	1.31358	1.65511	1.56316	1.35737	1.16471	0.49478	0.70058	0.59111	0.83193	0.7356	0.58673	0.66993	1.09465	1.41429	1.10779	1.20849	0.71371	0.98518	0.34153	1.15157	0.8188	0.8801	1.26104	0.46851	1.19098	0.57798	1.15595	1.07714	0.53419	0.84945	1.05962	1.51062	0.91951	0.58235	1.19974	1.03335	1.71203	1.10341	1.38364	1.07714	1.02459	1.03335	1.4931	1.40115	0.70933	1.08151	1.12968	0.64365	1.30044	1.30044	0.80566	1.35299	1.32672	0.3678	0.62614	1.14719	0.98081	0.98956	0.48602	1.1253	0.82318	0.75312	0.73123	0.9414	0.90637	0.55608	1.33109	0.91513	0.84069	1.42742	0.91951	1.36612	0.89323	0.98081	1.72079	0.66993
cell63	0.4188	1.15169	1.94441	1.72005	1.69762	1.60787	1.12925	1.33865	1.391	1.24143	0.61324	1.06195	1.17412	2.0865	1.26386	1.12925	1.66022	1.34613	1.54805	0.76281	1.21152	1.30874	1.54057	1.36856	0.56837	0.72541	1.59292	1.12177	0.80768	1.23395	1.15917	1.26386	0.65811	1.86214	0.52349	0.98716	1.04699	1.82475	1.22647	1.45831	2.01171	0.94229	1.0769	0.71046	1.27882	1.54805	1.57048	1.02455	0.96472	0.91985	0.74785	0.96472	1.21152	1.15917	0.94977	0.57584	0.88246	1.19656	0.8002	1.19656	1.82475	1.29378	0.75533	1.21152	0.88994	1.00212	1.18908	1.45831	0.77028	1.64527	1.85467	1.54057	2.54269	1.64527	0.64315	1.15917	2.37068	1.26386	0.71793	0.65811	0.76281	1.55553	1.1816	1.41343	1.34613	1.48822	1.35361	1.45831	0.77776	0.83759	1.15917	1.38352	1.11429	1.16664	1.54057	1.26386	1.2863	1.61535	1.73501	1.63779	1.45083	0.86003	1.61535	0.75533	1.54057	0.68054	0.80768	0.72541	1.4957	2.18372	2.10893	0.64315	0.79272	1.24143	0.55341	1.12177	1.34613	1.05447	1.44335	1.10682	1.86962	0.77028	1.24891	1.2863	0.80768	1.21152	1.37604	1.48074	0.94229	1.36856	1.23395	1.43587	0.91238	1.52561	1.53309	1.57796	1.85467	1.6004	0.91238	0.85255	1.20404	1.21152	1.39848	0.78524	0.85255	1.44335	1.21152	1.30126	1.6004	1.30126	1.19656	1.00212	0.98716	1.18908	1.29378	1.03203	1.44335	0.50854	0.93481	0.77028	0.87498	1.42839	2.00423	1.09186	0.85255	0.9049	1.12177	1.09934	0.91985	0.81516	0.98716	0.74785	0.74785	0.76281	1.0096	1.6004	2.06406	1.12177	1.43587	1.33865	2.58008	1.03203	1.45831	1.57796	0.4861	1.11429	1.31621	1.00212	0.95725	0.95725	0.76281	1.33117	1.4957	1.06195	0.91985	1.66022	1.12925	1.51813	0.72541	1.23395	2.41555	0.74037	1.12925	1.58544	1.02455	1.24891	1.20404	0.84507	1.03203	0.71046	1.97432	1.42839	1.20404	1.95189	1.15917	1.30874	1.12177	2.11641	1.06942	1.45083	1.391	1.23395	1.06195	0.87498	1.09186	0.74785	0.98716	1.00212	1.64527	1.60787	0.99464	1.37604	1.37604	2.20615	0.50106	1.68266	1.01707	1.09186	1.79484	1.42839	1.09934	0.74785	0.8675	1.48074	0.60576	0.62819	0.53845	0.9049	0.5908	0.70298	0.30662	1.18908	0.53097	0.44871	0.78524	0.53845	0.44123	0.75533	0.47114	0.57584	1.04699	0.84507	0.74037	0.50106	0.61324	0.64315	0.77776	1.15917	0.72541	0.68054	1.04699	0.79272	0.75533	0.65811	0.77028	1.24143	1.33117	0.9722	0.84507	0.68054	0.96472	0.76281	0.32157	0.68054	0.78524	0.74037	0.52349	0.73289	0.74785	0.79272	0.51602	1.67518	0.55341	0.28418	0.70298	0.83759	0.97968	0.72541	0.34401	1.06942	0.51602	1.15917	0.62071	0.71793	1.02455	1.13673	0.64315	0.89742	0.44123	0.71046	0.76281	1.12925	0.35897	0.65063	0.84507	0.92733	0.42627	0.8675	0.70298	0.32157	0.97968	0.76281	0.65063	0.59828	0.76281	0.51602	0.61324	1.51813	0.94977	0.72541	0.86003	0.62071	0.65811	0.66559	0.93481	0.79272	0.6955	0.62819	1.03951	1.12925	0.43375	0.66559	0.63567	0.78524	0.53845	0.54593	0.46367	1.65275	1.45831	0.97968	1.06942	0.62071	0.75533	0.86003	0.62819	0.44871	0.78524	0.97968	0.22435	0.47862	0.91238	0.77776	0.95725	0.50106	1.41343	0.65063	1.24891	0.75533	1.0096	1.27882	1.03951	0.66559	0.66559	1.16664	0.53097	1.15169	0.67306	0.73289	0.92733	0.97968	0.68054	0.71793	1.09186	0.56089	0.91985	0.24679	1.03951	0.64315	0.65063	0.45619	0.67306	1.00212	0.9049	0.50106	0.96472	0.72541	0.77776	0.52349	0.84507	0.94977	0.65063	0.44871	0.64315	1.14421	0.59828	0.71793	0.74785	1.12925	0.49358	1.26386	0.56837	0.57584	0.45619	1.27134	0.71046	1.38352	0.77776	0.77776	0.92733	0.8002	0.72541	0.9722	0.70298	0.89742	0.98716	0.73289	0.87498	0.63567	0.4861	0.63567	1.24143	1.17412	0.77776	1.0769	0.84507	1.03951	0.41132	1.05447	0.78524	0.60576	0.88994	0.81516	0.56837	0.64315	0.93481	0.71046	0.6955	0.88994	0.75533	0.84507	0.78524	1.15169	1.09186	0.68054	1.0096	0.77776	0.57584	0.65811	0.96472	0.46367	0.78524	0.94977	0.8675	0.87498	0.73289	0.75533	0.92733	0.65063	0.32157	0.41132	0.91238	0.35897	1.26386	0.44123	0.99464	0.81516	0.40384	0.68054	1.24891	0.98716	0.88246	0.87498	0.59828	0.83759	0.56837	0.62071	0.3141	1.00212	1.13673	0.59828	0.67306	0.55341	0.67306	1.21152	0.9049	1.23395	0.73289	0.78524
cell64	0.46212	0.83408	1.01442	0.74391	0.81153	1.14967	1.454	0.65374	1.40891	0.85662	1.48781	1.46527	0.84535	1.09332	0.81153	1.33001	1.34129	0.89043	2.25426	0.82281	1.07077	1.36383	1.12713	0.99187	1.2173	0.96933	1.57798	1.20603	1.11586	1.28493	1.87104	1.00315	2.23172	1.30747	1.23984	1.19476	0.71009	0.45085	1.08205	0.82281	1.57798	1.26239	1.47654	1.6118	1.02569	1.63434	0.86789	1.0595	1.07077	0.82281	0.9017	1.27366	1.47654	1.00315	0.85662	1.27366	1.09332	1.454	1.46527	0.84535	1.90485	1.25111	0.69882	1.1384	0.92425	0.87916	1.44273	1.79214	1.51035	1.14967	0.78899	0.72136	1.00315	0.82281	1.34129	1.89358	1.23984	3.02071	0.82281	1.2173	1.14967	0.99187	0.64246	1.04823	0.49594	0.83408	1.63434	1.85977	1.55544	0.86789	1.19476	1.33001	0.77772	0.82281	1.62307	0.78899	0.87916	0.30433	0.69882	0.72136	1.55544	1.22857	1.6118	2.38952	1.10459	0.93552	1.42018	0.69882	1.03696	1.44273	0.85662	1.09332	2.1979	2.24299	1.58925	1.03696	0.54102	1.49908	1.0595	1.99502	1.03696	2.52477	1.12713	1.25111	1.30747	1.51035	1.55544	0.77772	1.2173	0.63119	1.07077	1.01442	1.14967	0.86789	0.91298	1.14967	1.00315	0.99187	1.58925	1.19476	0.99187	0.83408	0.92425	1.70197	1.0595	0.71009	1.0595	1.01442	1.64561	1.38637	2.09646	1.18349	0.94679	1.26239	1.02569	1.20603	1.01442	1.22857	1.25111	0.72136	1.1384	1.49908	0.87916	0.86789	1.14967	1.35256	1.74705	1.33001	1.17222	1.6118	1.00315	1.44273	0.86789	1.5329	1.49908	1.20603	0.69882	0.94679	1.93866	2.14155	1.43146	1.34129	1.36383	1.38637	1.26239	0.77772	0.99187	1.47654	0.91298	0.89043	1.25111	1.19476	0.74391	1.14967	1.80341	0.96933	0.78899	1.44273	0.87916	1.08205	1.00315	1.6907	0.94679	0.55229	0.59738	1.04823	1.11586	1.30747	2.36697	0.78899	1.47654	1.04823	1.48781	1.20603	1.6907	2.06265	1.0595	1.71324	1.17222	0.73263	1.27366	0.86789	1.6907	1.19476	1.17222	1.17222	0.81153	1.42018	1.22857	2.85164	1.14967	0.69882	0.54102	1.08205	1.31874	0.58611	1.23984	1.20603	1.10459	1.12713	1.22857	0.86789	1.02569	1.16094	0.43958	0.82281	1.0595	0.71009	0.85662	0.42831	0.57484	0.73263	0.69882	0.59738	0.9017	0.66501	1.12713	1.03696	0.68755	0.28178	1.01442	0.82281	0.85662	0.80026	0.51848	1.23984	0.76645	0.55229	1.28493	1.02569	0.89043	0.82281	0.94679	0.76645	1.07077	0.63119	0.61992	0.77772	1.07077	0.47339	0.3945	0.46212	0.75518	0.36068	0.74391	0.28178	0.82281	0.93552	0.80026	0.66501	0.46212	0.52975	0.59738	0.68755	0.82281	0.30433	1.08205	0.9806	0.65374	0.29305	0.74391	0.92425	1.14967	1.00315	0.84535	0.38322	1.03696	0.84535	0.45085	1.14967	0.83408	0.55229	1.11586	0.34941	1.43146	0.52975	0.60865	0.42831	0.49594	0.32687	0.80026	0.86789	0.49594	0.61992	0.76645	0.50721	0.72136	0.80026	1.1384	0.61992	0.91298	0.83408	1.17222	0.96933	0.59738	0.85662	0.84535	1.56671	0.55229	0.86789	1.04823	0.63119	0.52975	0.75518	1.10459	1.11586	0.77772	0.2367	1.2173	1.62307	0.75518	0.87916	0.65374	0.94679	0.75518	0.86789	0.78899	0.78899	1.25111	0.66501	0.3945	0.72136	0.59738	0.64246	1.18349	0.64246	0.71009	0.80026	0.86789	0.89043	0.93552	0.52975	1.14967	0.72136	0.75518	0.73263	0.80026	0.76645	0.71009	1.07077	0.29305	0.87916	0.58611	0.71009	1.25111	0.45085	0.9017	0.38322	1.04823	0.9806	0.46212	0.51848	0.63119	1.36383	0.56357	0.72136	0.85662	0.75518	1.16094	0.63119	0.76645	0.59738	1.12713	0.58611	0.38322	0.52975	0.60865	0.94679	1.16094	0.59738	0.65374	1.2173	0.83408	0.87916	0.9806	0.99187	1.09332	1.23984	1.03696	1.35256	1.39764	0.55229	0.80026	0.66501	0.65374	1.08205	0.41704	0.78899	0.74391	0.61992	1.10459	0.45085	1.27366	1.0595	0.99187	0.72136	1.11586	1.26239	0.67628	0.69882	1.14967	0.82281	0.58611	1.66815	0.59738	0.91298	1.00315	0.55229	0.36068	1.16094	0.9806	0.30433	1.33001	1.46527	0.86789	0.99187	0.69882	1.02569	0.83408	0.71009	0.51848	0.93552	0.82281	0.73263	0.49594	0.76645	1.09332	0.65374	1.04823	0.81153	0.93552	0.94679	0.58611	0.59738	0.89043	1.2173	0.51848	0.82281	1.10459	0.56357	1.83722	0.69882	0.45085	0.83408	1.19476	0.81153	0.45085	1.25111	0.58611	0.78899	0.50721	0.77772	1.22857	0.54102	0.83408	0.64246	1.6118	0.77772
cell65	0.57829	0.78147	0.85962	1.09406	0.93776	1.39102	0.35948	1.96931	1.21909	1.56294	0.96902	0.90651	1.90679	1.53168	1.60983	1.10969	1.10969	1.31287	1.07843	0.89088	1.01591	0.71895	1.5942	1.40665	1.00028	0.5314	0.84399	1.3285	0.68769	0.98465	1.75049	1.37539	1.12532	1.48479	1.35976	1.0628	0.89088	1.53168	0.35948	0.76584	1.42228	1.3285	1.07843	0.51577	0.57829	0.78147	0.64081	1.17221	1.37539	1.70361	1.5942	1.70361	1.96931	0.93776	1.3285	1.12532	0.64081	1.21909	1.51605	2.25064	1.43791	0.87525	0.67206	0.78147	2.04745	0.64081	0.96902	1.23472	1.04717	1.09406	0.73458	2.03182	1.15658	1.28161	0.60955	0.7971	2.53196	1.42228	0.95339	1.54731	0.98465	0.81273	2.98522	1.84427	1.64109	1.26598	0.90651	2.09434	0.48451	1.43791	1.18784	1.23472	1.46916	1.15658	1.21909	1.04717	1.04717	1.15658	1.84427	1.00028	1.25035	1.18784	0.78147	1.26598	1.45354	1.60983	1.29724	1.15658	0.57829	0.45325	1.0628	1.73486	1.25035	1.26598	2.18812	1.07843	0.87525	0.7971	1.25035	0.62518	0.76584	0.85962	0.89088	1.14095	0.62518	1.15658	1.46916	1.15658	0.85962	1.01591	1.42228	0.95339	0.82836	1.40665	1.25035	1.43791	1.76612	1.15658	1.48479	0.51577	1.50042	1.26598	1.79738	1.12532	1.93805	1.28161	1.18784	0.90651	1.12532	0.82836	0.96902	1.09406	1.20346	1.04717	1.0628	1.14095	1.10969	0.98465	1.09406	1.04717	1.45354	1.51605	1.67235	3.86047	1.18784	1.87553	1.20346	0.57829	1.01591	1.03154	2.37567	1.0628	1.26598	1.65672	1.51605	1.31287	1.17221	0.81273	1.53168	2.42256	1.28161	0.67206	1.46916	1.89116	0.50014	1.60983	1.29724	0.81273	1.17221	1.26598	2.01619	0.96902	0.96902	1.56294	0.85962	1.60983	1.35976	1.40665	1.17221	0.70332	1.70361	1.18784	0.64081	1.57857	1.45354	1.48479	0.93776	1.10969	0.82836	0.92214	1.35976	1.64109	1.25035	1.48479	1.17221	0.90651	1.17221	0.5314	1.0628	1.8599	0.54703	0.98465	0.75021	1.01591	1.46916	0.95339	0.85962	1.28161	0.71895	0.76584	2.06308	2.53196	1.00028	0.89088	2.04745	0.56266	0.93776	1.68798	0.76584	1.51605	0.45325	0.82836	1.75049	1.37539	1.0628	0.46888	0.37511	0.68769	0.95339	0.45325	0.95339	0.73458	0.85962	0.64081	0.56266	1.28161	0.46888	0.7971	0.68769	0.93776	0.78147	0.60955	1.09406	1.31287	0.7971	0.64081	0.73458	1.14095	0.62518	0.65644	0.51577	0.73458	0.43762	0.62518	1.25035	0.76584	0.51577	1.40665	0.43762	1.14095	0.46888	0.73458	0.59392	0.92214	1.50042	0.67206	1.39102	0.87525	1.15658	0.75021	0.85962	0.92214	0.70332	0.68769	0.67206	0.51577	0.56266	0.85962	0.76584	1.5942	1.43791	0.50014	0.84399	0.68769	0.43762	1.15658	0.45325	0.84399	0.42199	0.78147	1.0628	0.90651	1.35976	0.62518	0.39074	0.48451	0.50014	0.54703	0.56266	1.07843	1.00028	0.46888	0.5314	1.31287	1.25035	0.57829	0.82836	0.45325	0.5314	0.76584	1.45354	1.3285	0.75021	0.5314	0.98465	0.35948	0.96902	0.48451	0.95339	0.50014	0.64081	0.64081	1.20346	0.62518	0.37511	0.90651	0.75021	1.0628	0.89088	0.84399	0.82836	1.0628	0.59392	0.64081	1.03154	0.89088	0.54703	0.89088	1.01591	0.46888	0.81273	1.04717	0.42199	0.92214	0.73458	0.92214	1.07843	1.26598	0.65644	0.65644	1.09406	0.68769	0.93776	0.81273	0.51577	0.92214	0.87525	0.87525	0.70332	1.0628	0.68769	0.90651	0.39074	0.54703	0.81273	0.93776	0.84399	0.67206	0.62518	0.90651	0.98465	0.43762	1.35976	0.85962	1.51605	0.51577	0.68769	0.59392	0.39074	0.60955	1.10969	0.68769	0.89088	0.76584	0.89088	1.10969	1.26598	0.70332	0.50014	0.64081	0.75021	0.67206	0.89088	0.64081	0.43762	0.71895	0.90651	0.89088	0.50014	0.85962	0.76584	0.46888	0.51577	0.56266	0.84399	0.90651	0.65644	0.82836	0.70332	0.64081	0.51577	0.28133	0.7971	0.56266	1.40665	0.59392	0.64081	1.48479	0.59392	0.37511	1.04717	1.18784	0.50014	0.75021	0.59392	0.54703	0.75021	0.81273	1.03154	0.73458	0.92214	1.07843	0.57829	0.39074	0.71895	1.28161	0.92214	0.21881	0.82836	0.60955	0.59392	0.81273	0.87525	0.75021	1.00028	0.68769	0.56266	0.76584	0.64081	0.59392	0.89088	1.21909	1.64109	0.43762	0.65644	0.85962	0.59392	1.01591	0.50014	0.87525	0.89088	0.71895	0.87525	1.09406	0.65644	0.67206	1.07843	1.12532	1.0628	0.84399	0.48451	0.82836	1.0628	0.5314	1.03154	0.75021	1.01591	0.37511
cell66	1.01137	1.13199	0.58455	1.11343	1.05776	0.96497	1.60519	0.57527	1.10415	0.86291	1.10415	1.70726	1.41034	0.95569	0.82579	0.69589	1.04848	0.61239	0.81652	1.22477	1.14127	1.00209	0.49176	1.1691	1.53097	0.67734	0.56599	1.00209	0.86291	0.96497	0.82579	0.89074	2.05984	0.94642	1.23405	0.55671	1.21549	0.77012	1.0392	0.81652	0.54744	0.99281	1.27117	0.7794	0.61239	1.31756	0.89074	1.65159	0.7794	0.96497	0.91858	1.69798	1.52169	1.76293	2.4681	1.45674	2.54233	2.34748	1.01137	1.99489	0.86291	1.87427	1.34539	1.24333	1.31756	2.17119	1.12271	1.37323	1.82788	0.86291	0.74229	1.60519	1.28044	0.72373	1.65159	0.91858	0.96497	1.15982	1.13199	0.49176	1.4289	0.59383	0.34331	0.81652	0.58455	0.43609	0.43609	0.26908	0.77012	0.66806	0.55671	0.86291	0.80724	0.52888	0.7794	1.08559	0.97425	0.53816	0.79796	0.67734	0.95569	1.4289	1.26189	0.52888	0.99281	0.56599	0.55671	0.99281	0.79796	1.67014	1.5588	0.72373	1.09487	0.89074	0.79796	1.20622	0.76084	0.97425	1.02064	0.93714	1.20622	1.31756	0.81652	0.99281	0.72373	0.46393	1.05776	0.71445	0.75157	0.68661	1.97634	1.41962	0.87219	0.93714	1.299	1.04848	0.74229	1.43818	0.7794	1.01137	0.97425	0.91858	0.7794	1.21549	0.69589	1.02064	2.15263	1.28044	1.65159	0.89074	0.9093	1.07632	1.36395	0.91858	1.02992	1.11343	0.74229	0.9093	0.6495	1.34539	0.82579	0.74229	1.06704	0.85363	0.75157	0.93714	0.71445	0.99281	1.20622	0.95569	1.28972	1.06704	0.68661	0.93714	1.11343	0.59383	0.57527	1.47529	0.57527	1.26189	0.85363	0.38042	0.9093	0.88147	1.26189	0.97425	0.77012	1.30828	0.9093	1.72582	1.22477	1.13199	1.02064	1.21549	1.19694	1.04848	1.19694	0.59383	0.88147	0.84435	1.06704	0.90002	1.02992	0.95569	1.26189	0.83507	1.02064	0.73301	1.04848	1.09487	0.70517	0.89074	1.13199	1.51241	1.30828	1.32684	1.1691	0.9093	0.59383	0.34331	0.91858	1.92994	0.70517	1.88355	1.19694	0.58455	1.20622	0.72373	0.76084	0.80724	1.52169	0.96497	1.27117	0.80724	1.28044	1.20622	1.19694	1.21549	0.57527	0.75157	1.24333	0.36186	1.18766	0.3897	0.69589	0.68661	1.41962	1.02992	0.89074	0.66806	1.4289	0.6495	0.50104	0.96497	1.70726	1.01137	0.77012	0.82579	1.01137	1.25261	0.63094	1.21549	0.60311	1.07632	0.84435	1.35467	0.63094	1.43818	0.9093	0.94642	0.99281	0.73301	0.86291	1.09487	0.84435	0.72373	0.52888	0.96497	1.54024	0.65878	1.33612	0.46393	1.1691	1.20622	0.7794	1.18766	0.88147	1.02064	1.20622	0.97425	1.26189	0.49176	0.97425	0.94642	0.73301	0.89074	0.76084	1.05776	0.57527	0.69589	1.01137	0.72373	1.15054	0.67734	1.0392	0.75157	0.93714	1.10415	1.88355	1.25261	1.04848	1.28044	0.83507	0.92786	0.97425	0.91858	1.15982	1.59592	0.89074	0.53816	1.01137	0.49176	1.38251	1.4289	0.3897	0.62166	1.66087	0.65878	0.89074	1.34539	0.87219	0.90002	1.28972	0.90002	0.72373	0.94642	1.73509	0.65878	1.08559	0.78868	0.56599	1.01137	0.92786	0.55671	0.80724	0.66806	0.60311	1.04848	1.43818	1.31756	1.36395	1.32684	0.81652	1.88355	0.76084	1.24333	0.61239	0.89074	1.23405	0.74229	0.72373	0.46393	0.46393	0.57527	0.61239	1.21549	0.65878	1.62375	1.26189	1.27117	0.96497	0.57527	1.26189	1.50313	1.12271	1.18766	0.53816	0.54744	1.299	1.05776	1.31756	1.00209	0.33403	0.58455	1.27117	0.88147	1.77221	0.57527	1.10415	0.6495	0.90002	0.79796	1.34539	0.85363	0.90002	1.06704	1.59592	0.81652	1.37323	0.75157	0.76084	1.08559	0.73301	0.46393	0.96497	1.92067	1.05776	1.61447	0.9093	0.76084	0.86291	1.20622	1.05776	0.49176	0.73301	1.20622	0.63094	1.15054	1.06704	0.52888	1.12271	1.41962	0.66806	1.24333	0.45465	0.96497	1.18766	1.37323	0.33403	0.98353	0.70517	0.54744	0.62166	0.93714	1.02992	1.77221	0.68661	0.88147	0.76084	1.07632	1.33612	0.89074	0.82579	0.71445	1.0392	0.81652	1.299	0.84435	1.15982	1.13199	0.86291	1.10415	0.82579	0.42681	0.56599	0.89074	1.30828	0.68661	0.89074	0.59383	0.57527	0.58455	0.74229	1.37323	1.4289	1.30828	0.70517	0.98353	1.37323	0.90002	0.59383	0.51032	1.12271	0.87219	1.06704	1.61447	1.30828	1.33612	0.45465	1.62375	1.10415	0.82579	0.98353	1.24333	0.93714	1.64231	1.0392	1.43818	1.10415	1.00209	0.67734	0.90002	0.73301	0.77012	1.21549	0.82579	0.74229	0.88147
cell67	1.14242	0.96972	0.50479	1.06271	1.68705	0.91659	0.89002	0.96972	1.39481	0.70405	1.10256	0.61106	0.85017	1.38153	1.51436	0.91659	0.86345	1.36824	1.10256	0.87674	0.86345	0.46494	0.77047	0.81032	1.11585	0.85017	1.36824	1.03614	0.99629	0.86345	0.87674	0.58449	0.92987	1.27525	1.27525	0.54464	0.81032	0.81032	0.8236	0.91659	0.62434	1.2354	1.08928	0.77047	0.96972	0.37195	1.4878	0.77047	0.51807	0.65091	1.27525	1.20883	1.06271	1.43466	1.30182	1.04943	1.74019	0.98301	0.9033	0.91659	0.85017	1.20883	1.03614	0.59778	1.04943	0.78375	0.79703	1.12913	0.96972	0.99629	0.77047	1.42138	1.10256	0.55792	2.059	0.77047	0.9033	0.70405	0.73061	0.53136	0.87674	1.06271	0.94316	1.40809	0.63763	0.89002	0.61106	0.89002	0.69076	1.19555	1.83318	0.91659	1.16898	0.62434	0.61106	0.69076	0.99629	1.40809	1.27525	0.53136	1.20883	1.12913	1.2354	0.73061	1.08928	0.87674	1.14242	0.67748	1.1557	0.75718	0.47822	1.2354	0.66419	1.28854	0.31881	2.4708	1.076	1.6472	0.81032	0.75718	1.24869	0.87674	0.7439	1.08928	1.54093	0.78375	0.7439	0.96972	1.04943	1.68705	1.52765	0.98301	0.39852	0.62434	0.4915	0.89002	1.28854	0.98301	0.81032	0.69076	0.87674	1.28854	0.63763	1.4878	0.79703	0.51807	0.61106	0.73061	1.26197	0.67748	0.59778	1.46123	1.02286	1.14242	0.4915	1.03614	1.46123	0.9033	1.27525	0.91659	0.87674	0.96972	0.81032	1.40809	0.94316	0.99629	0.54464	0.87674	1.36824	1.076	1.35496	0.83689	1.46123	1.16898	0.89002	0.95644	0.83689	0.99629	0.9033	0.96972	0.83689	1.24869	1.4878	0.94316	0.86345	1.30182	0.91659	0.58449	0.65091	0.96972	1.84646	1.20883	0.7439	0.9033	0.61106	0.9033	0.75718	0.79703	1.03614	1.08928	1.02286	0.81032	0.96972	0.89002	0.70405	0.75718	1.076	0.92987	1.46123	0.98301	0.8236	0.61106	0.57121	0.98301	1.16898	1.22212	1.51436	1.34167	0.81032	1.03614	1.35496	1.10256	0.62434	1.27525	1.26197	0.9033	1.00958	0.98301	1.2354	0.78375	0.94316	0.7439	1.26197	1.11585	1.70034	0.51807	0.87674	0.81032	0.99629	1.04943	1.31511	0.9033	1.43466	1.18227	0.53136	0.83689	1.16898	1.58078	1.18227	0.43837	0.78375	0.77047	1.27525	0.86345	0.57121	0.73061	0.92987	1.08928	1.19555	1.00958	0.89002	1.2354	1.2354	0.85017	0.79703	1.39481	0.85017	0.92987	1.9793	1.22212	0.9033	0.92987	0.98301	1.11585	1.19555	1.11585	0.95644	0.57121	0.50479	1.14242	0.81032	0.85017	1.04943	0.70405	1.076	1.03614	0.94316	0.62434	0.96972	0.92987	0.61106	0.55792	1.36824	1.02286	1.20883	0.9033	1.22212	1.19555	0.85017	0.67748	1.00958	1.02286	0.58449	0.9033	1.02286	1.76676	0.92987	1.03614	1.076	0.70405	0.53136	0.70405	0.8236	1.02286	1.1557	0.62434	0.89002	2.12542	0.85017	1.11585	0.79703	0.8236	1.55422	0.94316	0.96972	1.27525	0.65091	0.65091	1.2354	0.92987	0.67748	0.89002	1.11585	1.00958	0.8236	1.2354	1.63392	0.77047	0.78375	0.95644	0.86345	1.51436	0.78375	1.47451	1.076	0.81032	0.95644	1.88631	1.40809	0.83689	1.35496	1.39481	1.04943	1.02286	1.12913	1.16898	1.42138	0.59778	1.74019	1.2354	0.94316	1.24869	0.59778	1.38153	0.8236	0.73061	0.51807	1.22212	1.58078	1.00958	0.62434	0.87674	1.06271	1.22212	1.04943	1.06271	0.92987	0.77047	0.79703	1.08928	1.00958	0.63763	1.44794	1.20883	1.63392	0.7439	1.26197	1.58078	1.02286	1.26197	1.50108	1.08928	1.31511	0.87674	1.32839	1.35496	0.8236	0.46494	0.92987	1.39481	0.89002	1.076	1.04943	1.42138	1.22212	1.11585	0.67748	0.71733	1.51436	1.26197	0.81032	0.87674	1.1557	0.85017	0.70405	1.5675	1.24869	1.51436	1.16898	0.8236	0.77047	0.66419	0.75718	0.47822	1.08928	0.51807	1.20883	1.4878	0.85017	0.62434	0.53136	0.71733	1.03614	1.08928	0.99629	0.81032	0.61106	0.67748	0.75718	0.95644	1.70034	0.65091	1.06271	1.19555	1.38153	0.47822	1.71362	0.46494	1.18227	1.03614	1.00958	0.99629	1.06271	1.11585	0.63763	1.32839	0.55792	0.94316	1.04943	0.59778	0.81032	0.59778	1.02286	0.53136	1.52765	0.91659	0.96972	1.39481	0.8236	1.08928	1.54093	1.22212	1.54093	0.92987	0.4118	0.81032	1.51436	1.03614	1.14242	1.02286	0.51807	1.10256	0.26568	1.32839	0.91659	0.96972	0.94316	1.31511	0.71733	0.96972	1.44794	1.06271	0.75718	0.98301	0.85017	0.63763	0.66419	1.28854
cell68	1.06786	1.02831	1.47326	1.14696	1.33483	1.46337	1.24584	1.3546	0.45483	1.61168	0.76135	0.9591	1.32494	1.62157	1.60179	1.24584	1.61168	2.32359	1.60179	1.3546	2.29393	0.66247	1.39415	1.1964	0.9591	1.21618	0.91955	1.07775	0.99865	1.33483	0.92944	0.6427	1.17663	0.86022	1.9973	1.1173	1.23595	1.22607	0.9591	1.43371	1.8391	2.59056	1.25573	1.18651	0.68225	1.70067	1.13708	1.39415	0.79101	2.28404	0.77123	1.04809	1.09753	1.09753	0.54382	1.34472	0.88	1.30517	0.52404	1.34472	1.08764	0.8009	1.58202	1.16674	0.71191	0.85034	1.16674	0.81079	1.40404	1.15685	0.79101	1.0382	0.41528	1.01843	1.40404	1.49303	1.76	1.52269	0.65258	1.43371	0.98876	1.10741	1.43371	0.91955	0.90966	0.82067	1.22607	0.89977	1.02831	0.88989	1.45348	1.57213	1.84899	1.50292	0.60314	1.42382	1.29528	1.14696	1.61168	1.21618	1.40404	0.54382	0.98876	1.15685	0.81079	0.75146	1.64135	0.99865	0.54382	1.0382	0.90966	1.14696	1.24584	1.12719	1.21618	0.99865	1.09753	0.53393	0.50427	1.76	1.26562	1.22607	1.78966	0.50427	0.79101	1.44359	1.2755	2.18516	1.94786	1.07775	0.97887	1.18651	1.18651	1.47326	1.15685	1.77977	1.38427	1.22607	1.01843	1.1964	1.29528	1.1964	0.91955	1.10741	1.45348	1.22607	1.20629	0.93932	1.59191	1.72045	1.05798	0.83056	1.77977	0.70202	0.93932	1.17663	0.68225	1.52269	1.38427	1.1964	1.93797	1.46337	0.77123	1.09753	0.50427	0.92944	0.53393	1.77977	1.31505	0.84045	1.0382	1.54247	1.77977	1.85887	1.2755	1.6809	1.23595	1.14696	0.99865	1.8391	1.96764	1.39415	0.99865	1.67101	1.18651	0.83056	0.87011	0.88989	1.0382	1.18651	0.65258	1.84899	1.22607	1.09753	1.05798	0.75146	0.52404	0.94921	0.93932	0.53393	1.32494	0.94921	1.8391	0.83056	0.92944	1.34472	1.13708	1.45348	1.92809	1.24584	1.6809	1.76	1.2755	0.42517	0.81079	0.79101	0.92944	1.73033	0.67236	0.92944	0.83056	0.97887	0.98876	0.88989	1.40404	0.48449	0.86022	1.28539	1.1964	1.59191	0.82067	0.99865	0.78112	1.93797	0.90966	1.24584	0.44494	1.13708	1.08764	0.75146	1.40404	0.59326	1.1173	0.77123	0.41528	0.60314	0.86022	0.67236	1.54247	0.70202	0.6427	1.31505	0.18786	0.74157	0.79101	0.51416	0.75146	0.94921	1.18651	1.0382	0.3955	1.22607	1.20629	0.24719	0.71191	0.78112	1.14696	1.05798	0.61303	1.00854	0.75146	0.81079	0.70202	0.82067	0.88989	0.59326	0.77123	0.91955	0.69213	0.30652	1.13708	0.96899	0.71191	0.76135	0.62292	0.48449	1.0382	0.56359	0.29663	0.57348	0.56359	1.1964	0.51416	1.31505	1.05798	0.76135	0.67236	0.37573	0.56359	0.7218	1.08764	0.82067	0.78112	0.9591	0.87011	0.9591	1.07775	0.76135	0.83056	0.59326	0.92944	0.79101	0.86022	0.68225	0.76135	0.57348	0.8009	0.56359	1.12719	0.52404	0.84045	0.52404	0.33618	0.61303	0.71191	0.73168	0.94921	0.55371	1.05798	0.77123	1.15685	0.85034	0.77123	0.92944	0.73168	0.66247	0.71191	0.75146	0.54382	1.37438	0.49438	0.7218	0.94921	0.74157	0.58337	1.09753	0.87011	0.77123	1.20629	1.10741	0.73168	1.32494	0.96899	0.71191	0.35595	0.54382	0.29663	0.88989	1.31505	0.69213	0.81079	0.82067	0.86022	0.59326	0.96899	1.04809	1.58202	0.74157	0.68225	0.77123	0.62292	0.59326	0.75146	1.06786	0.79101	0.78112	0.55371	1.25573	0.50427	1.08764	0.83056	0.97887	1.84899	0.61303	0.67236	1.26562	0.79101	1.1173	0.82067	0.62292	0.87011	0.9591	1.29528	0.75146	0.65258	0.85034	1.42382	0.82067	0.96899	0.49438	0.45483	0.69213	0.58337	0.88	1.1173	1.08764	0.81079	1.09753	0.90966	0.48449	0.62292	0.57348	1.12719	0.73168	0.59326	0.85034	0.86022	0.74157	1.17663	0.65258	1.8391	1.54247	0.84045	0.83056	1.39415	1.08764	1.16674	0.97887	0.8009	0.53393	1.29528	0.73168	0.88	0.90966	0.79101	0.71191	1.02831	0.99865	0.7218	0.30652	0.56359	0.85034	0.70202	0.47461	0.53393	0.8009	0.57348	0.85034	1.02831	0.84045	0.84045	0.70202	0.99865	1.20629	0.6427	0.57348	0.55371	1.04809	0.61303	0.65258	0.66247	0.79101	0.90966	0.85034	0.92944	1.01843	0.70202	1.00854	0.96899	0.73168	0.77123	1.41393	0.83056	1.49303	0.66247	0.77123	0.76135	0.57348	1.2755	1.06786	0.46472	0.8009	0.70202	1.08764	1.13708	0.67236	0.85034	1.00854	0.3955	0.63281	0.97887	0.7218	1.07775	0.7218	0.96899	0.84045	0.73168	0.89977
cell69	0.77175	1.02232	1.12255	1.35307	1.12255	0.75171	1.83416	0.73166	1.71389	1.43325	1.24282	0.59134	1.43325	1.0123	1.61366	1.96446	0.91207	1.74396	1.36309	1.68382	1.764	1.20273	0.64146	1.96446	1.11252	1.5435	2.08473	2.32528	0.67152	2.50569	1.15262	1.38314	0.92209	1.77403	1.46332	1.17266	1.51343	1.41321	1.80409	1.71389	0.89202	1.17266	1.09248	0.89202	0.63143	1.22277	1.03234	1.35307	0.6615	0.95216	1.63371	1.16264	0.94214	1.17266	1.2328	1.50341	2.06468	1.0123	0.72164	0.87198	1.11252	1.17266	0.91207	2.24509	1.07243	1.71389	1.37312	1.53348	1.37312	1.09248	1.4533	1.44327	0.97221	0.93212	1.27289	2.34532	0.91207	1.38314	1.07243	1.33302	1.4533	1.5435	0.91207	1.35307	0.96218	1.40318	0.67152	0.882	0.81184	1.18268	0.81184	0.87198	0.882	0.76173	1.21275	1.38314	1.86423	0.82186	0.63143	1.61366	1.68382	1.03234	0.42096	1.21275	1.49339	1.29293	1.12255	1.34305	0.60136	2.75625	0.80182	1.28291	1.29293	0.99225	0.90205	1.28291	1.40318	1.47334	1.33302	0.69157	1.49339	0.65148	1.69384	0.58132	0.65148	0.85193	0.7918	1.95443	1.8943	1.70387	1.41321	0.82186	0.81184	0.89202	1.17266	1.59362	0.84191	0.99225	1.57357	1.15262	1.20273	0.64146	0.94214	1.28291	0.99225	1.43325	0.82186	0.94214	0.69157	1.34305	1.02232	0.99225	1.8943	1.58359	1.74396	0.83189	0.99225	1.16264	0.73166	0.6615	2.16491	0.78177	1.37312	2.31525	0.93212	0.90205	1.36309	1.41321	0.85193	1.90432	1.26287	1.18268	0.65148	1.62368	1.93439	1.52346	1.323	1.02232	1.66378	1.38314	1.65375	1.07243	0.71161	0.70159	1.24282	1.19271	1.37312	1.41321	1.92437	1.27289	1.71389	1.22277	1.71389	1.16264	1.97448	0.68155	0.81184	1.04237	1.28291	1.40318	1.00227	0.6615	1.49339	1.5435	1.04237	0.75171	0.441	1.4533	0.48109	1.41321	1.19271	1.02232	0.91207	1.07243	1.26287	1.25284	1.30296	0.75171	0.92209	0.81184	1.35307	1.25284	0.62141	1.24282	1.07243	2.29521	1.15262	0.86196	1.81412	0.42096	1.28291	1.14259	1.04237	1.22277	0.93212	1.26287	0.69157	1.43325	1.56355	0.68155	0.89202	1.27289	0.6615	0.55125	0.52118	0.34077	0.58132	0.97221	0.65148	0.98223	0.6615	1.16264	0.56127	0.48109	0.72164	0.62141	1.08246	0.76173	0.7918	0.78177	0.77175	0.77175	0.73166	0.40091	0.75171	0.90205	0.82186	0.99225	0.86196	0.38086	0.63143	0.41093	0.96218	0.82186	0.72164	0.73166	0.85193	0.82186	0.74168	0.94214	0.71161	1.26287	0.82186	0.34077	0.48109	0.62141	0.83189	0.72164	1.56355	0.74168	0.97221	0.93212	0.94214	0.5713	0.96218	1.22277	0.54123	0.82186	0.34077	0.33075	0.86196	1.37312	0.7918	1.0123	0.55125	0.882	0.49111	1.06241	0.65148	0.83189	1.04237	0.77175	0.60136	0.86196	1.0123	0.74168	0.94214	0.58132	0.55125	0.92209	0.85193	0.58132	0.61139	0.3508	1.37312	0.71161	1.00227	0.441	1.21275	0.71161	1.00227	1.09248	0.90205	0.51116	0.51116	0.86196	0.90205	0.69157	0.89202	1.02232	0.85193	0.75171	1.323	1.15262	0.68155	0.93212	0.67152	0.85193	1.2328	0.89202	1.15262	0.49111	1.18268	1.08246	0.67152	0.90205	0.93212	1.66378	0.68155	1.08246	1.26287	0.86196	0.31071	1.38314	0.38086	0.72164	0.49111	1.29293	0.78177	1.27289	0.80182	0.89202	0.93212	0.74168	1.00227	0.74168	0.55125	0.6615	0.70159	0.51116	0.75171	0.78177	0.71161	0.55125	1.02232	0.93212	0.61139	0.59134	1.40318	0.58132	1.20273	0.73166	0.95216	0.93212	0.68155	0.71161	0.90205	1.36309	0.80182	0.62141	1.13257	0.50114	0.59134	0.55125	0.80182	0.54123	0.73166	0.37084	0.52118	0.96218	0.80182	0.45102	1.17266	0.85193	0.65148	0.41093	0.61139	0.74168	0.98223	0.60136	0.51116	0.91207	1.09248	0.86196	0.81184	0.59134	0.5713	0.63143	0.86196	0.78177	0.63143	0.882	0.93212	0.67152	0.5713	1.12255	0.51116	0.81184	0.72164	0.68155	0.56127	0.5713	0.62141	1.37312	1.00227	0.51116	0.59134	1.08246	0.47107	1.22277	0.83189	1.1025	0.882	0.53121	0.73166	0.82186	1.22277	1.02232	1.16264	0.81184	0.72164	0.92209	1.07243	0.51116	0.441	0.76173	0.96218	0.73166	0.73166	0.54123	0.73166	0.82186	0.92209	0.63143	0.51116	0.72164	0.62141	1.25284	0.80182	0.6615	1.26287	0.32073	0.72164	0.64146	0.56127	0.49111	0.882	0.55125	0.48109	0.51116	0.78177	0.45102	0.41093	1.1025	0.81184	0.68155	0.98223	0.45102
cell70	1.1341	1.22134	0.95962	1.06867	0.56705	0.98143	0.98143	0.93781	1.34129	1.29767	0.687	1.53758	0.41438	0.42529	0.78514	1.374	0.89419	0.76334	1.74477	0.94872	0.81786	1.12319	0.78514	0.80695	0.82876	1.09048	0.88329	0.83967	1.40672	1.145	1.03596	0.88329	0.77424	1.07957	0.81786	0.83967	1.00324	1.23224	0.687	1.374	0.99234	0.82876	0.687	0.56705	1.11229	0.95962	0.82876	1.01415	1.64662	1.17772	1.02505	1.63572	1.17772	0.77424	0.80695	0.79605	0.687	0.82876	0.916	0.86148	0.63248	0.62157	1.76658	1.11229	0.77424	1.19953	1.40672	1.39581	0.79605	1.40672	1.58119	1.15591	1.67934	0.86148	0.65429	0.81786	1.10138	1.00324	0.4471	0.56705	0.42529	1.10138	1.07957	1.10138	0.73062	1.05776	0.88329	0.65429	1.07957	0.99234	1.374	0.52343	1.18862	0.97053	0.77424	0.77424	0.56705	0.77424	0.89419	1.02505	1.10138	0.64338	1.89743	1.145	0.94872	1.43943	1.09048	0.9051	1.35219	0.98143	1.47215	1.19953	0.43619	0.97053	1.50486	1.145	1.42853	1.05776	1.15591	0.89419	0.55614	1.29767	0.35986	1.21043	1.25405	0.61067	1.374	1.04686	1.03596	1.24315	0.43619	1.48305	0.458	1.06867	0.50162	0.97053	0.916	1.40672	0.51253	0.76334	0.43619	0.78514	0.97053	1.04686	1.45034	0.78514	0.47981	0.99234	1.62481	0.75243	1.17772	1.1341	0.40348	0.74153	1.02505	1.35219	1.374	1.00324	0.74153	0.94872	1.11229	0.46891	1.34129	0.87238	0.62157	0.88329	0.70881	0.51253	0.87238	1.31948	1.3631	0.77424	0.73062	1.70115	0.92691	0.87238	1.03596	0.73062	0.63248	0.687	0.86148	1.03596	0.82876	1.49396	0.76334	0.94872	1.07957	1.39581	1.30857	1.29767	0.52343	1.40672	0.95962	0.98143	1.30857	1.07957	1.18862	1.49396	1.07957	0.81786	1.21043	0.85057	0.6761	0.79605	0.80695	1.42853	0.61067	1.603	1.00324	0.81786	1.45034	0.75243	1.3631	0.99234	0.85057	0.43619	1.04686	0.62157	1.374	1.47215	1.19953	0.65429	0.76334	1.11229	0.92691	0.89419	0.95962	0.88329	1.15591	0.69791	0.92691	1.05776	0.66519	1.21043	1.03596	1.15591	0.70881	0.55614	0.6761	1.74477	0.37076	0.83967	0.94872	0.79605	1.61391	0.70881	0.83967	0.92691	0.458	0.61067	0.93781	1.33038	1.65753	1.15591	0.63248	1.73386	0.82876	0.92691	0.99234	1.5921	0.81786	1.30857	1.16681	1.02505	1.67934	0.77424	1.28677	0.687	1.71205	1.145	0.88329	1.21043	1.67934	1.23224	1.34129	0.71972	1.61391	0.57795	1.07957	0.85057	0.80695	1.03596	0.95962	0.71972	0.83967	0.59976	0.99234	1.43943	0.916	0.916	0.69791	1.05776	1.09048	1.74477	1.00324	0.86148	1.02505	1.16681	0.95962	1.18862	0.43619	1.40672	0.38167	0.6761	0.95962	0.57795	1.61391	0.53433	0.69791	0.49072	0.99234	0.53433	1.03596	1.10138	0.86148	1.54848	1.00324	1.18862	1.12319	1.04686	0.6761	0.70881	1.01415	0.99234	0.92691	0.56705	0.916	1.21043	1.75567	1.31948	0.50162	0.70881	0.64338	0.50162	1.01415	0.94872	1.06867	1.17772	1.10138	1.25405	1.51577	0.92691	1.21043	0.69791	0.57795	0.54524	0.87238	1.15591	0.9051	1.3631	0.99234	1.10138	1.01415	0.95962	1.06867	1.88653	1.05776	0.93781	0.85057	1.27586	1.29767	0.69791	0.80695	0.9051	0.99234	0.82876	1.15591	0.28352	0.98143	0.71972	0.97053	1.03596	0.52343	1.145	0.89419	1.19953	0.95962	1.832	1.25405	0.95962	0.80695	1.02505	1.57029	0.86148	1.52667	1.05776	0.81786	0.55614	0.54524	1.35219	1.51577	1.45034	0.687	1.26496	0.82876	0.78514	1.17772	1.24315	1.49396	1.00324	1.11229	0.88329	1.21043	0.97053	0.58886	0.86148	1.52667	1.57029	0.83967	1.06867	1.07957	1.58119	1.30857	1.374	1.01415	1.71205	1.25405	0.88329	0.86148	1.374	0.71972	1.10138	0.93781	0.458	0.75243	0.77424	1.25405	1.18862	1.21043	0.95962	0.73062	0.93781	1.145	1.50486	1.04686	0.66519	0.73062	1.145	1.21043	0.95962	0.92691	1.27586	0.85057	1.16681	1.832	1.07957	1.25405	1.12319	1.16681	0.916	0.79605	0.71972	1.24315	0.75243	1.69024	0.92691	0.97053	0.97053	1.15591	0.87238	1.11229	1.1341	1.24315	0.28352	1.26496	0.57795	1.29767	0.86148	0.46891	0.57795	1.03596	1.45034	0.52343	0.80695	0.92691	0.66519	0.69791	0.458	0.99234	1.51577	1.50486	0.97053	1.65753	0.78514	1.10138	0.95962	0.59976	0.6761	0.56705	0.83967	1.03596	0.63248	1.16681	0.51253	1.18862	0.58886	0.82876	0.97053
cell71	1.85605	1.96452	1.1751	0.88584	0.83763	0.78942	1.55474	1.02444	0.97021	1.18112	1.1751	1.30767	0.95213	1.31972	0.922	1.34383	1.42217	1.42819	1.28357	0.76532	1.67527	2.63945	1.10881	1.12689	1.53064	1.28959	1.4764	1.58487	1.62103	1.26549	1.29562	1.02444	2.34417	1.1992	1.21728	1.22933	0.88584	0.99431	1.01842	0.85571	1.26549	1.00034	0.43388	1.00636	0.87982	0.89187	0.72314	1.68129	0.74724	1.27152	0.6448	1.90426	1.55474	0.90995	1.85605	1.41614	2.22364	1.53667	1.10278	1.09676	1.31972	0.72916	0.81353	0.89187	0.85571	1.11484	1.72348	1.844	0.62069	1.4523	1.34985	1.78374	1.34383	0.77737	1.30165	1.37999	0.98829	0.81353	0.59056	1.04252	1.16304	1.26549	1.25946	0.83161	0.9461	0.96418	1.92234	1.38601	2.00068	0.84366	1.0606	1.25344	0.74724	0.96418	0.87982	1.31972	0.59056	0.97021	0.40978	0.70506	2.56111	1.02444	1.02444	1.54269	0.7834	0.92803	0.59659	0.84366	2.11517	1.36191	0.98226	1.37396	1.4764	0.922	1.34985	2.3984	1.38601	0.84969	1.25344	0.77737	1.39806	1.8681	2.10312	0.83161	1.40409	0.76532	0.75929	1.41012	1.01239	1.05457	0.83763	0.98226	1.30767	1.21728	1.13291	1.80784	0.81353	1.10881	1.29562	0.97021	0.40375	1.52461	1.32575	0.97021	1.28959	1.74155	0.83161	2.32609	1.00034	0.62069	1.13291	1.92234	0.80148	1.24741	0.75929	0.84366	0.83763	0.83161	0.91597	1.1751	1.43422	1.75963	1.80784	1.62103	1.23536	0.75327	1.37396	1.27754	0.68095	1.00034	0.97021	1.20523	1.48846	1.23536	1.36793	1.07265	1.15099	1.26549	0.61467	0.42786	0.94008	0.8075	1.47038	1.09676	0.46401	0.71108	1.63308	1.49448	1.58487	2.0971	1.10881	1.52461	1.26549	1.4523	0.71108	1.09676	1.09073	1.42819	1.40409	1.12689	0.88584	1.37396	1.44025	2.57316	1.62103	1.37999	1.38601	1.0606	0.94008	1.12689	0.98829	1.28959	1.11484	1.00636	1.36793	0.84366	0.7834	1.04855	1.01842	1.21125	0.62672	0.89789	1.74758	1.46435	0.88584	1.09073	1.40409	1.07265	0.72916	1.37999	1.02444	1.47038	1.28959	1.1751	1.28959	1.04252	2.54906	0.6448	2.94678	1.01239	1.88015	0.66288	1.69334	1.28357	0.56646	0.54235	0.4158	0.85571	0.94008	0.89187	0.53633	0.83763	0.86174	0.75929	1.0606	0.80148	0.47606	0.97021	0.59056	0.83763	0.71711	0.49414	0.5303	0.7834	0.77737	0.37362	0.77737	0.79545	1.39806	0.97623	0.4158	1.01239	0.86174	0.49414	0.83763	0.6689	0.51222	1.00636	0.39773	0.89789	1.28959	0.87982	0.59659	0.922	0.37362	0.8075	0.31939	0.63274	1.41012	0.57248	1.25344	0.34349	0.75327	0.62069	0.78942	0.72314	0.74121	0.67493	1.12689	1.27754	0.60261	0.86776	0.97623	0.60864	0.74724	0.74724	0.68698	1.1992	0.65685	0.84969	0.42786	0.95816	1.12086	0.83763	1.24138	1.07265	0.36759	1.1992	0.60864	1.0606	1.01239	0.76532	0.47004	0.56043	0.82558	0.56646	0.69903	1.16907	0.56646	1.07265	0.60864	0.35554	0.63274	0.33746	0.95816	0.65082	0.6689	0.60864	0.46401	0.48209	0.9461	1.25946	0.47004	0.97623	0.6689	0.59659	0.92803	0.60864	0.46401	0.65082	0.6448	0.98226	0.74724	1.46435	1.0365	0.83763	0.73519	1.00034	1.01239	1.15702	0.61467	0.51825	0.99431	0.62672	0.5062	0.86776	0.42786	1.01239	0.61467	0.74724	0.98226	1.04855	1.34985	0.56646	0.63274	0.73519	0.9461	0.56646	0.65685	0.66288	0.7834	0.91597	1.3137	0.89789	0.56646	0.8075	0.87982	0.67493	0.60261	0.87982	0.54838	0.47606	0.48812	0.63877	1.01239	0.79545	0.46401	1.15099	0.65685	0.75929	0.69903	0.60261	0.69903	0.7834	0.922	0.73519	0.59056	1.09676	0.75929	1.24138	1.06663	0.84366	0.98829	0.97021	0.98226	0.80148	1.20523	0.89187	0.63274	1.07868	1.16304	1.11484	1.22331	0.92803	0.95213	0.68095	0.44593	0.81955	0.5544	0.39773	0.91597	0.69301	0.97623	0.7834	0.58454	0.80148	0.92803	1.00636	0.71711	0.87982	0.56043	0.63274	0.57248	0.89789	0.73519	0.29528	1.10881	1.27754	0.91597	1.01842	0.58454	0.86174	0.77135	0.86776	0.47606	0.22297	0.95816	0.69301	0.69903	0.3917	0.89789	1.01239	0.7834	0.76532	0.84366	0.68095	0.63274	0.47004	0.63274	1.4523	1.18715	0.40978	0.94008	1.00034	0.67493	0.74121	1.66321	1.54269	0.90392	1.12689	0.54838	0.5062	0.88584	0.87379	0.61467	0.86174	1.27152	0.71108	1.15099	1.07265	0.67493	1.51256	0.48812	0.54235	0.77135	0.54838	0.5544	0.6689
cell72	0.70785	0.92186	0.74901	1.18524	1.31694	1.93425	0.89716	1.61325	1.88487	1.86841	0.97947	0.72432	0.92186	0.83132	1.07824	0.83132	1.0947	1.23463	1.25932	0.6667	0.82309	1.24286	1.38278	1.25932	1.02063	0.53501	1.67086	1.63794	2.57626	1.38278	1.41571	0.81486	0.73255	2.09887	1.18524	0.97947	1.28401	1.03709	1.04532	1.3334	1.79433	1.1194	1.18524	0.93832	1.34986	1.18524	0.88893	1.24286	1.28401	1.79433	1.6544	1.93425	2.29641	1.77787	1.19347	0.9877	0.86424	1.06178	1.95894	1.10294	2.14002	1.30048	1.39925	0.41977	1.39102	1.34163	1.49802	2.03302	1.12763	1.16055	1.21817	1.28401	1.21817	1.10294	1.55563	1.43217	1.12763	1.64617	0.85601	1.26755	0.72432	0.95478	1.31694	1.32517	1.3334	1.06178	2.06595	1.0947	1.5474	0.97124	0.85601	1.48979	1.00417	1.30048	0.97124	0.9877	0.60908	1.37455	1.11117	0.73255	1.20171	0.90539	1.34163	1.46509	1.39102	0.79016	1.0124	1.76964	1.0124	1.50625	1.15232	1.02886	1.47332	1.14409	1.5474	0.94655	0.55147	1.39102	1.72848	1.41571	0.7737	1.24286	1.7614	0.83955	0.69139	1.08647	1.62148	2.04948	1.24286	1.95071	0.81486	0.41154	1.1194	1.7614	1.10294	1.55563	0.8807	0.76547	1.30048	0.81486	0.84778	1.58033	1.15232	1.05355	0.74901	1.31694	1.32517	1.35809	0.78193	1.38278	1.80256	1.75317	0.81486	1.19347	1.81079	1.15232	1.79433	0.87247	1.75317	1.59679	0.83132	1.10294	0.88893	2.48572	0.93009	0.59262	1.0947	0.80662	1.30871	0.88893	1.58033	1.44863	1.68733	0.96301	1.53094	2.27172	1.36632	0.90539	0.80662	1.02063	0.89716	1.28401	1.15232	0.87247	1.80256	1.07001	0.7737	0.7737	1.49802	0.84778	0.93832	0.95478	1.56386	1.28401	1.13586	0.68316	1.27578	1.30871	1.02886	2.91372	1.46509	1.5474	2.02479	1.38278	1.07001	1.30048	2.09887	0.93009	1.06178	0.92186	1.06178	1.67086	1.42394	1.16878	1.5474	0.69139	1.13586	0.86424	1.17701	1.1194	1.16055	0.99593	0.97947	1.04532	0.79839	1.34163	1.18524	1.34986	0.92186	0.86424	1.02886	1.37455	0.97947	0.8807	0.84778	0.65847	1.75317	1.85194	0.93009	1.08647	0.71608	1.03709	1.29225	1.2264	1.03709	0.83132	0.56793	0.69139	0.84778	0.8807	0.89716	0.81486	0.57616	0.99593	0.94655	1.04532	0.73255	0.38685	0.9877	0.9877	1.25932	0.74078	0.428	0.94655	0.57616	0.56793	0.89716	0.64201	1.0124	0.54324	0.51854	1.13586	0.49385	0.52678	0.60085	1.03709	0.32923	1.02063	0.56793	0.54324	0.96301	1.08647	0.60908	0.90539	0.51031	0.69139	1.00417	0.56793	0.6667	0.69962	0.78193	0.59262	0.60085	1.34163	0.81486	1.47332	0.60085	0.47739	1.04532	1.25109	0.69962	0.94655	0.83132	0.41154	0.9877	0.89716	0.63378	0.68316	0.57616	0.95478	0.37039	0.47739	0.78193	0.96301	1.02886	0.70785	1.30048	1.27578	0.97947	0.96301	0.41154	0.84778	0.71608	0.67493	0.9877	1.2264	0.72432	0.56793	0.75724	0.60085	1.0124	1.24286	0.37039	0.83955	1.30048	0.9877	0.30454	1.00417	0.73255	0.44447	1.31694	0.53501	0.92186	0.44447	0.65847	1.0124	0.70785	0.83132	0.61731	0.68316	0.61731	1.12763	0.74078	1.15232	0.56793	0.48562	0.83132	0.54324	0.74078	0.90539	0.80662	0.72432	0.93009	0.79839	0.80662	1.00417	0.51031	0.48562	1.20994	1.53917	0.57616	0.89716	0.4527	0.86424	0.7737	0.79016	0.51031	0.71608	1.5474	0.83132	0.70785	0.53501	0.55147	1.1194	0.70785	0.74901	0.59262	1.04532	0.82309	0.5597	0.90539	0.71608	0.70785	0.69962	0.89716	0.72432	0.70785	0.52678	0.33747	0.56793	0.41154	0.48562	0.89716	0.60908	0.9877	1.00417	0.61731	0.65024	0.65847	0.44447	0.9877	0.56793	0.58439	0.93832	0.3457	0.75724	0.86424	0.79016	0.88893	0.72432	0.8807	0.63378	0.64201	0.3457	0.65024	0.7737	1.11117	0.46093	0.88893	0.70785	0.57616	1.12763	1.30048	0.99593	0.63378	0.60908	0.93832	0.5597	1.20994	0.89716	0.63378	0.76547	0.8807	1.0124	1.06178	0.80662	0.84778	0.72432	0.64201	0.44447	0.86424	0.79839	0.60908	1.25932	0.74901	0.85601	0.73255	0.58439	0.76547	0.44447	0.83132	1.42394	0.69962	0.74901	0.69962	1.14409	0.83132	0.90539	0.47739	0.56793	0.8807	0.64201	0.57616	0.61731	0.65847	1.15232	0.25516	0.83955	0.70785	0.6667	1.24286	0.97124	1.0124	0.50208	1.68733	0.65024	0.83955	0.36216	0.76547	0.88893	0.64201	0.37039	0.71608	0.37862	0.8807	0.44447	0.75724	0.68316
cell73	1.09327	1.39144	1.62636	0.77704	0.99389	0.9216	0.90353	0.84029	1.79803	1.73478	0.52405	0.66861	1.12038	1.6625	1.21977	0.84029	1.3824	1.0481	0.75897	1.31012	0.69572	1.21977	1.29205	0.99389	0.64151	1.69864	2.23173	1.54504	1.31012	1.65346	0.80414	2.38533	1.2017	1.49083	1.63539	1.28302	0.63247	1.63539	0.91257	1.27398	0.91257	1.05713	1.27398	1.06617	0.70476	1.12038	1.01196	0.29817	1.03906	1.25591	1.43662	1.94259	1.49083	1.0752	1.46372	1.36433	0.69572	0.4608	1.55408	1.77996	0.6144	1.42758	1.31916	0.74993	1.2288	1.01196	2.04198	1.56311	0.95774	1.37337	1.06617	1.02099	1.32819	0.84029	2.02391	1.2017	1.12942	1.05713	1.44565	1.59925	1.2017	1.16556	1.08424	1.61732	1.16556	1.61732	0.84932	1.40951	1.0752	1.49986	1.68961	1.3553	1.05713	1.18363	1.15652	1.37337	1.75285	0.88546	1.24687	1.18363	1.12942	0.99389	0.768	1.30109	1.21977	1.29205	1.49083	0.84932	1.41855	0.93064	0.9216	1.2017	1.05713	1.02099	1.9697	1.47276	0.75897	0.73186	1.0481	1.12038	0.86739	1.30109	0.768	0.81318	1.29205	1.78899	1.39144	1.26495	1.80706	1.63539	0.86739	0.74993	1.39144	1.90645	1.97874	1.19266	1.25591	1.19266	0.8945	0.66861	1.12038	1.31916	1.45469	1.05713	1.33723	0.84029	0.79511	1.24687	1.67154	0.88546	0.85836	1.0481	1.52697	0.72283	1.12038	0.72283	0.72283	1.08424	1.06617	1.3824	1.37337	1.43662	1.49083	1.15652	0.88546	0.90353	0.81318	1.99681	0.98485	1.97874	2.94552	1.33723	0.94871	1.28302	1.55408	1.13845	0.70476	1.52697	0.93064	1.30109	1.47276	1.16556	1.40048	0.95774	1.68961	1.96067	1.12942	1.16556	1.03003	1.97874	1.46372	0.95774	0.56923	0.66861	0.75897	1.33723	1.76189	1.99681	1.19266	1.62636	1.2288	0.98485	0.39755	1.00292	1.14749	1.06617	0.768	1.08424	1.37337	0.99389	1.02099	0.85836	1.19266	0.83125	1.03906	1.10231	1.41855	1.0481	0.62344	1.21977	1.89742	1.9697	1.08424	1.24687	1.02099	1.27398	0.75897	1.52697	1.18363	1.00292	2.16848	1.00292	0.40659	1.48179	0.98485	0.85836	1.55408	1.95163	1.17459	1.14749	0.93967	1.13845	0.94871	0.9216	1.24687	0.37948	0.74993	0.8945	0.78607	0.45177	0.86739	0.39755	0.52405	0.35238	0.56923	0.56019	0.81318	0.54212	0.46984	0.71379	0.93967	0.37045	1.06617	0.87643	0.60537	0.55115	1.39144	0.69572	0.4337	0.6144	0.44273	0.4608	0.75897	0.74993	1.00292	0.54212	0.93064	0.768	1.03906	0.63247	0.57826	0.6144	0.42466	0.68668	0.49694	0.87643	0.83125	1.40048	0.68668	0.59633	0.5873	0.72283	0.67765	0.84932	1.31012	0.59633	0.768	1.09327	0.48791	0.7409	1.2288	0.6144	0.66861	0.57826	0.84932	1.0752	0.75897	0.56923	1.01196	0.57826	0.67765	0.80414	0.71379	0.68668	1.3553	0.81318	0.94871	0.57826	0.48791	0.86739	0.55115	0.47887	0.79511	0.69572	0.46984	0.41562	0.71379	0.81318	0.90353	1.43662	0.6144	0.84932	0.80414	1.2288	1.40048	0.55115	0.72283	0.53308	0.5873	1.21977	0.74993	1.12038	0.83125	0.93967	1.05713	0.88546	0.60537	0.94871	0.84029	1.02099	0.45177	0.72283	1.3553	1.47276	0.85836	0.59633	0.67765	0.47887	0.93967	0.74993	0.57826	0.64151	0.55115	0.48791	1.05713	0.53308	0.6144	0.33431	0.91257	1.73478	1.14749	0.71379	0.768	1.11134	1.03906	0.44273	0.63247	0.48791	0.67765	0.88546	0.81318	0.46984	0.94871	1.37337	1.27398	0.79511	0.67765	0.86739	0.49694	0.84932	0.5873	0.77704	0.84932	0.75897	0.65054	0.78607	0.69572	1.05713	0.59633	0.56923	0.72283	0.74993	0.36141	0.24395	0.70476	0.71379	0.87643	0.50598	0.69572	1.03906	0.52405	0.98485	0.96678	0.6144	1.09327	0.78607	0.70476	1.12038	1.03003	0.82221	0.47887	0.65958	1.48179	0.9216	0.60537	0.65958	0.6144	1.12038	0.72283	0.78607	0.93967	0.90353	0.51501	1.02099	1.12038	0.75897	0.69572	0.84029	0.55115	1.03906	1.34626	0.91257	0.88546	0.74993	0.27106	1.12942	1.24687	0.55115	0.71379	1.01196	0.93967	0.73186	0.4337	0.84029	1.01196	0.51501	0.65958	0.6144	0.79511	0.91257	1.08424	1.01196	1.2288	0.55115	0.67765	1.09327	1.2288	1.31012	1.12038	1.2288	0.69572	1.08424	0.94871	0.85836	1.26495	1.2288	1.54504	0.62344	1.03906	0.7409	0.65054	0.64151	0.768	0.65054	0.55115	0.52405	0.71379	0.66861	0.78607	0.66861	0.59633	0.70476	1.31012	0.99389	0.59633	0.79511	0.77704	1.2017
cell74	0.84285	0.80822	1.01604	0.66967	1.39706	1.22387	0.90058	1.16614	2.27455	1.39706	0.81976	1.18923	0.99295	1.87044	1.72035	0.48493	1.77808	0.72739	0.83131	0.7043	1.29315	1.14305	1.27005	0.56575	0.84285	1.0045	1.35088	0.83131	0.61194	1.11996	1.23542	1.38551	1.44324	0.8544	0.80822	1.23542	1.62798	1.10841	1.36242	1.24696	1.95127	0.77358	0.84285	1.09687	1.5587	1.20078	0.98141	1.61643	1.4317	0.96986	1.77808	1.03914	1.7088	2.12446	0.91213	0.99295	1.01604	1.23542	0.79667	1.54716	2.72484	1.73189	1.54716	1.40861	1.20078	0.86595	1.35088	1.42015	1.57025	0.98141	1.50097	0.48493	1.01604	1.65107	0.95831	1.08532	1.38551	1.53561	0.49648	0.76203	1.1315	1.0045	1.14305	1.39706	0.62348	0.71585	1.5587	1.11996	1.35088	0.65812	1.38551	0.88904	1.22387	1.10841	1.8589	0.88904	0.94677	1.1546	1.25851	1.18923	1.24696	1.06223	1.92817	1.08532	1.1546	0.87749	1.09687	0.8544	1.61643	1.48943	1.23542	1.01604	1.10841	0.92368	1.27005	1.5587	0.75049	1.1546	0.63503	1.73189	1.25851	0.91213	1.33933	0.93522	0.86595	0.54266	1.2816	0.69276	0.95831	1.7088	1.54716	1.63953	1.1546	1.10841	1.50097	0.75049	1.21232	0.87749	0.50802	1.76653	1.84735	1.96281	1.23542	1.44324	1.06223	0.96986	0.73894	1.48943	0.94677	0.86595	2.18218	0.81976	1.10841	0.7043	1.44324	0.94677	0.64657	1.36242	1.52407	0.80822	0.91213	0.60039	1.50097	1.46634	1.10841	1.10841	1.47788	2.27455	1.45479	0.61194	1.52407	1.90508	0.99295	1.42015	1.30469	1.36242	0.81976	1.73189	1.32778	0.49648	1.01604	0.92368	0.78512	0.75049	1.66262	1.42015	1.11996	0.87749	1.32778	1.07377	1.74344	1.36242	1.65107	1.1546	1.27005	1.22387	1.20078	0.81976	0.66967	1.1315	1.5587	0.7043	0.98141	1.69725	2.04363	0.4272	1.38551	1.66262	1.72035	1.57025	1.17769	1.48943	0.91213	1.39706	0.5773	1.0045	0.72739	0.96986	2.20528	0.86595	1.4317	1.14305	1.0045	1.1546	0.98141	0.64657	1.95127	0.55421	1.59334	1.05068	1.90508	1.21232	1.17769	1.1546	1.45479	1.07377	0.92368	1.18923	1.10841	1.23542	1.7088	1.31624	2.05518	1.10841	0.75049	0.90058	0.75049	0.55421	0.73894	0.77358	0.68121	1.24696	0.26556	0.41565	1.06223	0.8544	0.94677	1.1546	0.28865	0.94677	0.45029	0.92368	0.93522	0.79667	0.75049	0.73894	0.55421	0.80822	0.8544	0.68121	0.98141	0.72739	0.72739	0.69276	0.60039	0.31174	0.48493	0.87749	0.60039	0.78512	0.7043	1.07377	1.21232	1.05068	0.53111	0.56575	0.38102	0.55421	0.88904	1.09687	1.09687	0.64657	1.02759	1.27005	0.76203	0.91213	0.73894	0.96986	0.92368	0.83131	0.63503	0.56575	1.51252	0.72739	0.80822	0.65812	0.72739	0.88904	0.84285	0.49648	0.77358	0.84285	0.5773	0.61194	0.43875	0.58884	0.8544	0.65812	0.99295	0.68121	0.50802	0.30019	1.06223	1.09687	0.64657	1.01604	0.78512	0.80822	0.84285	0.75049	1.01604	0.53111	1.10841	0.96986	0.7043	0.40411	0.63503	0.73894	0.98141	1.1315	1.23542	0.87749	0.91213	0.62348	0.88904	0.65812	1.1546	1.07377	0.65812	0.72739	1.0045	0.83131	0.88904	0.65812	0.48493	0.47338	0.68121	0.66967	0.7043	0.64657	0.40411	0.54266	0.24246	0.86595	0.90058	0.86595	0.36947	0.96986	0.83131	1.20078	0.54266	0.99295	0.73894	0.43875	1.03914	0.71585	0.76203	0.76203	0.4272	0.63503	0.98141	0.65812	0.94677	1.06223	0.86595	0.49648	1.02759	0.88904	1.48943	0.49648	1.33933	0.7043	0.95831	1.45479	1.10841	0.72739	1.51252	0.99295	0.39256	0.63503	0.66967	0.71585	0.64657	0.72739	0.80822	1.30469	0.79667	0.65812	0.75049	0.77358	1.22387	1.07377	0.83131	1.08532	0.40411	0.84285	0.78512	0.45029	0.72739	0.94677	0.66967	0.7043	1.29315	1.24696	0.78512	0.41565	0.54266	0.84285	0.92368	0.83131	0.61194	1.10841	0.45029	0.91213	0.73894	1.0045	1.45479	0.76203	0.98141	0.61194	0.63503	0.60039	0.55421	1.5587	0.64657	0.56575	0.86595	0.71585	0.54266	0.41565	0.79667	0.47338	0.80822	0.73894	0.99295	1.08532	1.03914	0.61194	0.8544	0.58884	0.43875	0.92368	1.08532	0.51957	0.94677	0.47338	0.94677	0.96986	0.54266	1.22387	0.69276	0.66967	0.5773	0.78512	0.90058	0.83131	0.81976	1.22387	1.24696	1.23542	0.96986	1.16614	1.1315	0.56575	0.71585	1.03914	0.91213	0.99295	0.69276	1.01604	0.64657	0.92368	1.01604	0.98141	0.92368	0.83131	0.78512	0.54266
cell75	0.68501	0.75351	1.33576	0.61651	0.99326	0.65076	1.38714	1.04464	0.61651	1.43851	0.83913	1.18164	0.68501	0.78776	1.69539	1.21589	1.28439	1.43851	2.08927	1.18164	0.97613	0.80488	0.97613	1.19876	0.92476	0.37675	2.0379	0.82201	1.19876	1.52414	1.07889	1.66114	1.26726	1.72964	1.07889	0.68501	0.83913	1.55839	0.59938	1.02751	0.77063	0.92476	0.51376	1.09601	0.66788	0.89051	1.02751	1.33576	1.98652	1.30151	1.37001	1.55839	1.16451	1.35289	1.26726	1.35289	2.12352	1.01039	1.25014	1.84952	2.0379	1.86664	0.61651	1.37001	0.95901	0.90763	0.85626	3.16816	0.70213	0.66788	1.64402	1.09601	1.25014	0.89051	1.57552	1.06176	1.07889	0.66788	0.85626	0.53088	1.06176	0.90763	0.65076	0.61651	0.30825	0.22263	0.32538	0.25688	0.42813	0.49663	0.65076	0.75351	1.69539	1.09601	0.54801	0.65076	0.90763	0.4795	0.97613	0.49663	1.11314	0.44525	1.42139	1.09601	1.47276	0.85626	1.13026	1.07889	0.73638	1.11314	0.95901	1.66114	0.92476	0.87338	1.19876	0.58226	0.77063	0.77063	0.77063	0.94188	1.28439	0.411	0.99326	1.23301	0.80488	0.4795	0.87338	1.11314	0.90763	0.70213	0.63363	1.69539	0.49663	1.06176	0.68501	0.73638	1.26726	0.82201	1.26726	1.16451	0.82201	1.47276	0.71926	0.85626	0.83913	0.85626	0.82201	1.01039	0.99326	0.75351	1.07889	0.42813	2.00365	1.81527	0.90763	0.89051	1.31864	1.37001	1.37001	0.66788	0.78776	1.50702	0.83913	0.99326	1.01039	0.54801	0.65076	1.07889	0.61651	0.97613	1.04464	1.25014	1.07889	0.54801	0.66788	1.06176	1.14739	1.06176	0.87338	1.02751	0.63363	1.19876	0.46238	0.77063	1.18164	1.11314	0.71926	0.92476	1.33576	0.82201	1.06176	1.21589	0.56513	0.85626	1.06176	0.89051	0.46238	0.46238	0.83913	0.95901	1.78102	0.85626	0.71926	1.72964	1.25014	1.01039	1.14739	0.63363	0.68501	1.04464	0.56513	1.37001	0.89051	1.01039	1.14739	0.49663	0.87338	0.4795	1.21589	0.53088	0.59938	1.11314	0.82201	1.45564	0.82201	0.99326	0.61651	1.04464	0.95901	1.21589	0.83913	0.92476	0.94188	0.87338	1.31864	0.85626	1.04464	0.75351	1.26726	0.59938	0.87338	0.71926	1.01039	0.54801	1.25014	0.87338	1.04464	0.42813	0.95901	0.39388	1.55839	0.68501	1.28439	1.01039	1.04464	1.31864	0.3425	0.4795	0.97613	1.40426	1.71252	1.71252	0.63363	1.54127	1.50702	0.82201	1.06176	1.16451	1.28439	1.18164	0.71926	0.77063	1.60977	0.80488	0.80488	1.31864	0.49663	0.63363	1.33576	0.89051	0.87338	1.35289	1.76389	1.02751	1.13026	0.63363	0.95901	1.21589	0.92476	0.99326	0.65076	1.67827	0.85626	0.80488	0.89051	0.83913	1.01039	0.274	0.90763	0.51376	0.73638	0.83913	0.53088	1.33576	0.66788	0.71926	0.99326	1.11314	0.75351	1.50702	0.75351	0.59938	1.35289	1.57552	0.95901	1.01039	1.06176	0.44525	1.30151	0.65076	0.90763	1.01039	0.92476	1.57552	1.28439	0.56513	1.76389	0.80488	1.06176	0.92476	0.70213	1.40426	1.59264	1.37001	1.02751	1.16451	0.4795	0.274	1.16451	0.99326	1.09601	1.40426	1.18164	0.80488	0.90763	1.23301	1.14739	0.97613	1.69539	1.09601	0.75351	0.59938	1.01039	0.94188	0.75351	1.16451	0.68501	1.66114	1.81527	1.60977	1.23301	0.78776	1.18164	1.31864	0.78776	0.4795	0.85626	1.78102	1.11314	0.56513	1.25014	0.71926	1.07889	0.56513	1.18164	0.66788	1.40426	0.95901	0.63363	1.07889	1.04464	0.68501	0.97613	1.66114	0.70213	1.04464	0.66788	0.94188	0.99326	0.70213	1.35289	1.01039	0.95901	0.90763	0.51376	1.37001	0.95901	0.71926	0.99326	1.11314	0.92476	0.83913	0.54801	0.54801	0.95901	1.60977	0.89051	1.37001	0.59938	0.80488	0.75351	0.61651	0.71926	1.62689	0.51376	0.56513	0.53088	0.97613	1.14739	1.37001	0.83913	0.61651	1.01039	1.28439	1.19876	0.87338	0.35963	1.40426	0.80488	1.02751	0.83913	0.80488	1.06176	0.85626	1.43851	0.25688	0.97613	0.92476	1.04464	1.14739	1.66114	0.59938	1.11314	1.38714	1.14739	1.23301	1.30151	1.01039	1.09601	0.61651	1.11314	0.58226	1.04464	1.21589	1.33576	0.94188	0.49663	0.99326	0.83913	1.02751	0.87338	0.75351	1.13026	1.52414	1.06176	0.59938	1.14739	0.82201	0.94188	0.87338	1.74677	1.09601	1.31864	1.02751	1.30151	1.26726	1.04464	1.31864	0.80488	0.4795	0.56513	1.95227	1.09601	1.02751	1.02751	0.92476	1.04464	0.56513	0.65076	1.13026	1.37001	0.90763	0.71926	0.82201	0.82201	1.25014	0.95901	0.90763
cell76	0.74491	1.68584	1.86227	0.57828	1.4016	1.24478	1.66624	0.37245	1.56823	1.4114	1.27418	1.10756	0.91153	1.46041	0.39206	2.20532	1.31339	1.25458	1.48981	0.76451	1.50942	1.09776	1.26438	1.94068	0.75471	1.22518	1.87207	1.48981	1.98969	1.07816	1.23498	1.58783	1.3722	1.17617	0.64689	2.0485	0.91153	0.99974	1.01935	1.00955	1.63684	0.77431	1.84267	0.84292	0.62729	1.48981	0.60769	2.45035	1.46041	1.56823	1.04875	1.08796	1.22518	0.85272	1.50942	0.98014	1.20557	1.95048	1.21538	0.6763	0.61749	1.59763	2.82281	1.18597	0.99974	1.66624	2.0975	0.75471	1.46041	2.56797	0.88213	1.34279	0.56848	1.27418	0.88213	0.99974	1.51922	1.21538	1.21538	1.29379	1.06835	1.3624	0.88213	0.6763	1.4114	1.30359	0.64689	0.80372	1.58783	1.56823	1.20557	1.50942	1.3918	0.64689	1.05855	1.49962	1.97989	1.21538	0.96054	1.19577	0.85272	1.43101	0.92133	1.87207	0.92133	0.34305	1.00955	1.03895	0.89193	1.05855	0.97034	1.63684	1.80346	1.57803	0.7057	1.57803	0.88213	1.07816	1.55842	1.24478	1.16637	1.09776	0.61749	1.18597	0.95074	0.6763	0.7057	0.80372	0.88213	1.33299	1.4212	1.08796	1.59763	1.95048	0.90173	0.49007	1.3722	2.17591	0.49987	1.77406	1.01935	0.56848	1.03895	1.14677	1.32319	1.22518	0.87233	1.45061	1.4212	0.96054	1.33299	1.53882	1.31339	0.88213	1.43101	1.4016	2.14651	0.55868	1.33299	2.0877	0.62729	0.94094	0.82332	1.04875	1.29379	0.91153	0.79391	1.06835	1.4114	1.03895	1.51922	0.92133	1.24478	1.12716	1.20557	0.93113	1.00955	1.382	0.73511	1.3722	1.4212	1.10756	1.78386	1.66624	1.70545	0.49007	1.24478	0.76451	0.98014	0.65669	0.99974	0.78411	1.11736	1.06835	0.79391	1.68584	1.382	0.95074	2.11711	2.00929	1.25458	1.09776	1.56823	0.59789	1.4212	0.6959	0.48027	1.69564	1.43101	1.07816	0.47047	1.03895	1.24478	0.98014	1.02915	1.32319	1.05855	1.30359	0.92133	0.53908	1.05855	1.86227	1.59763	0.83312	1.48001	1.49962	0.85272	0.75471	1.61723	2.1073	0.97034	1.08796	0.87233	0.7253	0.96054	0.78411	1.16637	0.46067	1.02915	1.90147	0.98014	1.24478	1.69564	1.04875	0.32345	0.98994	0.94094	0.41166	0.78411	0.52928	1.09776	0.65669	0.30384	0.91153	0.90173	0.6959	0.7057	1.03895	0.55868	0.52928	0.40186	0.89193	0.45087	0.39206	0.63709	1.07816	0.56848	0.46067	0.56848	0.6763	0.73511	0.96054	0.84292	0.34305	0.75471	0.87233	0.74491	0.40186	0.45087	1.04875	0.6959	1.17617	0.94094	0.86252	0.94094	1.04875	0.75471	0.7057	0.7155	0.86252	0.60769	1.25458	1.01935	1.10756	0.57828	1.02915	0.74491	0.62729	0.79391	0.85272	0.99974	0.84292	0.55868	1.20557	1.19577	0.58808	1.06835	0.79391	0.6861	0.65669	0.90173	0.40186	1.85247	1.12716	0.77431	0.55868	0.65669	0.60769	0.6959	0.45087	0.65669	0.6665	0.55868	0.62729	0.85272	0.31365	0.92133	0.7253	0.64689	0.80372	1.24478	1.19577	0.6763	0.64689	1.03895	0.42146	0.34305	0.89193	0.81352	0.37245	0.78411	1.28399	1.00955	0.49007	1.03895	1.80346	1.70545	0.77431	1.03895	1.16637	1.47021	0.49007	0.64689	0.90173	0.84292	1.07816	0.85272	0.88213	0.98994	0.49987	0.47047	0.98994	0.83312	0.82332	0.87233	0.7253	0.44106	0.7253	1.03895	0.62729	0.85272	0.83312	0.78411	1.10756	0.94094	0.76451	0.46067	1.11736	0.51947	0.49007	0.53908	0.74491	0.85272	0.35285	1.08796	0.96054	1.31339	0.82332	0.49007	0.74491	0.85272	1.04875	0.6861	0.99974	0.53908	0.42146	0.78411	0.96054	0.63709	0.81352	0.7155	0.6665	0.29404	1.23498	0.85272	0.90173	0.83312	0.83312	0.42146	0.92133	1.01935	0.76451	1.09776	0.81352	0.7057	0.57828	0.76451	0.53908	0.33325	0.48027	0.46067	0.42146	0.7253	0.77431	1.30359	0.90173	1.93088	0.74491	0.63709	0.93113	0.77431	0.93113	1.4114	0.77431	0.46067	0.25484	1.32319	0.94094	0.74491	1.23498	0.77431	0.77431	1.04875	0.73511	0.74491	1.01935	1.07816	1.3624	0.79391	0.96054	0.85272	0.79391	0.60769	0.97034	1.16637	0.87233	0.78411	0.59789	0.57828	0.97034	0.42146	1.07816	0.55868	0.86252	1.08796	0.98994	0.98994	0.7057	0.42146	0.93113	0.54888	1.13696	0.87233	0.6763	0.62729	0.57828	0.97034	0.56848	1.03895	0.6665	0.54888	0.7253	0.6763	0.49987	0.79391	0.95074	0.51947	0.82332	0.84292	0.89193	1.04875	0.94094	0.82332	0.86252	1.06835	0.57828	0.94094	0.95074
cell77	0.73882	1.32119	1.42549	1.09519	1.1995	1.69494	0.5389	1.38203	0.90397	1.19081	1.8514	1.00827	1.4168	0.96481	0.99089	1.33857	2.12085	0.59106	1.17342	1.17342	2.04262	1.74709	0.73013	0.95612	0.95612	1.33857	1.46026	0.90397	0.9822	1.24296	1.26034	1.06043	2.31207	1.6341	0.73013	0.84312	0.93005	1.6341	1.92963	1.19081	1.39072	1.77317	0.67798	1.12996	1.53849	1.99047	0.71274	1.59064	1.92963	1.52979	1.04304	0.82574	1.39941	1.20819	1.50372	0.77359	1.4168	0.99089	0.6519	2.41638	1.09519	0.88658	1.22557	0.71274	1.66887	1.10389	0.86051	1.01697	0.99089	1.11258	1.59064	1.05173	1.57325	1.48633	0.72144	0.63452	1.82532	0.77359	0.69536	1.06912	1.10389	0.93874	1.37334	0.62582	1.29511	0.87789	0.62582	1.4168	1.06043	1.19081	0.74751	1.22557	1.66887	1.65148	2.20777	1.33857	1.25165	1.50372	0.57367	1.44287	1.53849	0.61713	1.40811	1.03435	1.21688	1.65148	0.7649	0.5476	1.05173	1.40811	0.81705	1.12996	1.43418	1.38203	0.79966	0.42591	0.7649	1.81663	1.55587	1.10389	1.39941	1.9557	0.93005	0.77359	1.22557	1.50372	0.83443	0.7562	1.0865	1.7384	1.16473	1.38203	0.84312	0.99089	1.50372	0.85182	1.39072	1.04304	1.87747	1.0865	0.86051	1.52979	0.55629	1.45157	1.51241	0.69536	1.86009	1.19081	1.06043	1.02566	1.1995	1.01697	0.8692	0.81705	1.19081	1.24296	1.22557	1.1995	0.7562	1.12127	0.74751	1.28642	1.51241	1.38203	1.29511	1.49503	1.46895	1.34726	1.20819	1.17342	1.78186	1.15604	0.71274	1.40811	0.7562	1.59933	0.99958	0.84312	1.26903	1.45157	1.15604	1.01697	1.23427	1.50372	1.18211	1.19081	0.83443	0.93874	0.93005	0.93874	1.46895	1.21688	1.12127	1.53849	1.15604	0.99958	0.94743	1.33857	0.87789	0.71274	1.36465	1.8514	1.20819	1.58195	1.39072	1.12127	0.70405	0.73013	0.89528	1.64279	0.99958	1.05173	0.63452	0.88658	1.56456	1.40811	1.58195	1.84271	1.28642	0.89528	1.55587	0.86051	0.79966	0.81705	1.11258	0.5476	1.26903	1.06043	0.89528	1.04304	1.44287	1.76448	0.84312	1.18211	0.96481	1.21688	1.24296	0.89528	1.50372	0.79097	1.10389	1.06912	1.3038	1.12127	0.83443	0.66928	0.62582	0.78228	0.79097	0.73882	0.46068	0.7649	1.48633	0.97351	1.07781	0.49544	0.80836	0.70405	1.10389	0.79966	0.77359	0.7562	0.80836	1.27773	0.48675	0.85182	1.77317	0.92135	0.87789	0.77359	0.52152	0.59106	0.59106	0.52152	0.81705	0.62582	0.91266	0.99089	0.77359	1.06043	1.04304	0.55629	0.6519	1.40811	1.33857	1.27773	0.46068	0.48675	0.53021	0.99958	0.24338	0.73882	0.58236	0.79097	0.60844	1.0865	0.62582	0.81705	1.09519	0.66928	0.61713	0.96481	0.68667	1.14735	0.38245	0.42591	0.80836	0.70405	0.73013	1.74709	1.62541	0.87789	0.7562	0.7562	0.94743	0.47806	0.71274	0.94743	0.66928	0.56498	0.71274	0.79966	0.5389	1.32119	0.7649	0.52152	0.77359	1.1995	0.83443	0.40852	0.93005	0.67798	0.99958	1.18211	0.92135	0.79097	0.74751	0.99089	0.55629	0.90397	0.79097	0.47806	0.70405	0.5389	0.48675	0.78228	0.67798	0.70405	0.70405	1.23427	0.53021	0.78228	0.42591	0.59106	0.72144	1.04304	0.47806	0.59106	0.71274	0.79097	0.44329	0.66928	0.81705	0.61713	0.94743	0.6519	0.64321	0.39983	0.49544	1.10389	0.95612	0.8692	1.36465	0.87789	1.02566	0.51283	0.61713	0.97351	0.79966	0.46068	0.81705	0.70405	0.81705	0.95612	0.79097	0.73013	1.06043	0.66059	0.79097	1.3038	1.09519	0.73013	1.88617	0.58236	0.69536	1.12996	0.52152	0.66928	1.15604	1.33857	0.44329	0.7562	0.82574	0.91266	1.1995	0.51283	0.73013	1.15604	1.12127	1.36465	1.37334	0.95612	1.13865	0.90397	0.71274	1.06043	0.55629	1.13865	0.85182	0.81705	1.11258	0.26945	0.93005	0.66059	1.07781	0.39114	0.66059	0.67798	0.83443	0.59975	1.03435	0.59975	0.62582	0.74751	0.72144	0.7649	0.86051	1.24296	0.85182	0.96481	0.50414	1.33857	1.53849	0.93005	0.81705	0.60844	0.86051	1.47764	0.90397	0.85182	0.64321	0.77359	0.59975	0.68667	0.5476	0.71274	0.79097	1.00827	1.01697	1.0865	0.40852	0.64321	0.92135	0.7649	0.74751	0.59106	0.46937	0.60844	0.70405	0.77359	0.84312	1.01697	0.61713	0.95612	1.03435	0.57367	1.12127	0.6519	0.28684	0.95612	1.16473	0.89528	0.49544	0.93005	0.73013	0.67798	0.72144	0.59975	0.68667	0.96481	0.62582	0.82574	0.8692	0.94743	1.07781	0.66928	0.91266	1.10389
cell78	0.58537	0.86585	1.32927	0.55488	0.90244	0.57927	0.76829	1.40854	0.98171	1.08537	0.81098	0.68293	0.76829	0.98171	0.92073	0.70122	1.37805	0.78049	1.12805	0.78659	1.53659	1.15244	1.33537	1.26829	1.2622	1.28659	0.73171	1.01829	0.84756	1.21341	1.12805	1.12195	0.68293	1.31098	1.29268	0.82317	1.45122	1.21341	1.15854	1.40244	1.0122	1.31707	1.35976	1.44512	1.03049	0.93902	0.7378	0.64024	1.17073	1.28049	1.93293	0.73171	1.60976	0.72561	1.10366	0.58537	1.03659	0.44512	1.07927	1.47561	0.85976	1.40854	1.5122	1.57927	0.7378	1.34756	0.43902	0.93902	1.14634	1.03049	1.09146	0.59146	2.36585	0.92683	0.76829	0.68293	0.53659	0.85976	1.02439	0.88415	0.93902	1.2378	1.09756	1.18293	0.90854	1.28659	0.66463	1.2439	0.63415	2.02439	0.58537	1.20122	0.95732	0.87195	1.03049	1.03049	0.90244	1.07927	0.86585	0.7378	1.55488	0.67683	0.62195	1.06098	0.81098	0.93293	0.67073	0.96341	1.41463	1.15244	1.04878	0.68902	0.51829	1.16463	0.72561	1.43293	1.28049	1.41463	0.43902	1.2378	0.64634	0.9939	0.91463	0.77439	1.19512	1.20732	1.42683	1.59756	0.84756	0.84146	1.53659	1.32317	0.80488	1.02439	1.2561	0.7622	0.94512	0.61585	0.97561	0.81707	0.42683	0.71341	0.84756	0.92073	0.54268	1.23171	0.70732	0.86585	0.90854	0.7378	0.92073	1.17683	0.60976	0.70732	1.09756	0.91463	1.37805	0.7622	1.03049	0.93902	0.71951	1.03049	1.17683	0.70732	0.89634	1.12195	1.08537	1.26829	1.32927	0.81098	1.47561	0.67073	0.7378	0.93293	0.85976	0.39024	0.67073	0.7622	1.04878	1.25	0.69512	1.36585	0.96341	1.29878	0.82317	0.90854	0.73171	0.85976	1.14024	0.4878	0.86585	0.9939	0.89634	0.83537	1.44512	0.58537	0.68293	1.56707	1.35976	1.0122	1.14024	2.14634	1.19512	1.23171	0.93293	0.82317	1.2561	1.39024	1.34756	1.40854	0.62195	0.9939	0.64024	0.64634	1.2378	1.07317	1.01829	0.64634	0.84146	1.01829	0.89634	0.4878	0.68293	0.92683	0.7378	0.94512	1.14024	0.96951	1.53049	1.37195	1.2622	0.58537	0.4939	0.9878	0.80488	1.09146	1.07927	0.70732	0.78049	0.78049	1.94512	1.35366	1.7378	0.82927	0.89634	0.43902	1.12805	0.9878	0.96951	1.02439	0.95122	0.80488	0.78049	0.70732	0.90244	1.5	1.32927	0.79268	1.89024	1.38415	0.31707	0.67073	0.79268	1.41463	1.19512	0.9878	1.06707	1.78049	1.45122	1.0	1.54878	0.81707	0.80488	0.54878	1.04878	1.03659	1.17073	0.98171	0.96951	0.9939	1.64024	1.09756	0.91463	0.82927	0.71951	0.41463	1.10976	1.08537	1.27439	1.03659	0.33537	1.46341	1.25	0.96341	1.56098	1.07317	1.43902	1.42683	1.95122	1.29268	1.05488	0.60366	1.14024	1.03659	0.93902	1.63415	1.26829	0.56098	0.55488	0.77439	1.07317	0.71951	1.68293	0.9939	1.35366	0.7622	0.82927	1.09756	0.48171	0.54878	1.28659	1.17073	1.0061	1.11585	0.57317	0.39634	1.32317	1.14634	1.28049	0.9939	0.76829	1.01829	0.57317	1.37805	1.72561	1.0061	0.71951	1.2561	1.36585	0.89634	0.51829	0.64634	1.2622	0.7439	0.5	0.71341	1.39634	0.96951	0.88415	1.36585	1.29268	1.06098	1.2439	0.59146	0.73171	0.85366	0.46951	0.57927	1.2561	1.64024	0.81707	1.09756	0.89634	0.82317	0.75	1.37805	1.98171	0.90244	0.96341	1.03659	1.14634	0.89024	1.0	1.13415	1.53049	1.08537	0.69512	0.94512	0.78659	1.10976	1.10366	0.83537	0.46341	0.57927	0.90854	0.55488	0.78049	1.7561	1.2439	1.14024	1.05488	0.92683	1.15244	0.65854	0.61585	1.12195	0.82317	1.16463	0.71951	0.56098	1.05488	0.64024	0.94512	1.2378	1.29268	0.98171	1.43902	0.54878	0.53049	1.39024	1.32927	0.68902	0.90854	1.23171	1.43293	0.91463	1.10976	0.96951	1.17073	0.95732	0.9939	0.54878	1.04268	1.03049	1.08537	0.68293	0.54268	0.39024	1.03049	1.64024	0.68293	0.86585	1.42683	0.7561	1.35366	0.79268	0.92073	0.59756	1.12195	0.77439	0.64024	0.43293	0.76829	0.7439	1.56707	1.43293	1.04878	0.71341	0.79268	0.92073	0.87195	1.12805	0.53659	0.82317	1.46341	1.13415	1.57927	0.46341	1.2561	0.38415	0.72561	1.17073	0.67683	1.12195	0.78049	1.04878	0.81707	1.17073	0.59756	0.65244	1.27439	0.88415	0.9939	1.33537	0.84756	1.65244	0.60976	0.75	0.57927	1.15244	0.53659	1.0061	0.46341	0.78049	0.40244	1.22561	1.23171	1.06707	0.89024	0.81098	0.58537	1.2439	1.04878	0.83537	1.43902	0.68902	2.20732	0.94512
cell79	1.96128	1.17044	1.04391	0.52195	0.99646	1.77939	0.67221	1.28116	1.65286	0.79084	1.89011	0.68803	1.27325	1.17835	1.20999	0.98855	1.18626	1.25744	0.86992	1.44724	1.33652	0.97273	0.88574	1.58168	1.46305	1.91383	1.66867	0.89365	1.12299	1.02018	0.83038	0.59313	0.57731	1.01228	0.60104	1.70821	0.89365	1.20999	0.90156	1.42351	2.45951	1.35234	1.07554	2.45951	1.13881	1.28116	0.83829	1.4156	1.25744	1.24953	0.78293	0.93319	1.32861	1.13881	1.47096	1.71612	1.89011	0.67221	1.05182	1.47096	1.06763	1.05973	2.9182	1.28907	1.44724	1.84266	0.81457	0.55359	1.5105	0.83829	1.18626	0.52986	0.98855	0.63267	1.09136	1.62913	1.3207	1.5026	0.75921	1.81893	1.09136	1.08345	1.79521	1.4077	0.80666	1.24953	1.73985	1.93756	1.13881	1.98501	0.88574	1.43933	0.98064	1.23371	0.7513	0.97273	0.66431	1.77939	0.98064	1.38397	1.34443	1.11508	0.93319	1.16254	0.98064	1.24162	1.85847	1.36025	1.27325	1.16254	1.05973	0.7513	1.5026	0.82247	1.5026	1.06763	0.72757	1.30489	1.43933	0.79875	1.47887	0.82247	2.24599	1.30489	1.75567	1.37606	1.39188	0.89365	1.61331	1.54214	1.92965	1.45515	1.00437	0.88574	0.50614	0.99646	1.47096	0.77502	1.64495	0.88574	1.39979	1.05973	1.11508	1.19417	1.33652	1.70821	0.97273	1.28116	1.24953	1.39979	1.5026	1.30489	1.3207	1.75567	1.21789	1.42351	0.85411	1.17044	1.39188	1.01228	0.83829	1.05973	1.46305	1.17835	1.13881	1.13881	1.06763	1.036	1.02809	1.17835	1.04391	1.02809	0.83829	1.11508	0.79875	1.18626	0.82247	1.4156	1.06763	1.62122	0.80666	0.78293	1.39188	1.82684	0.99646	1.23371	1.86638	1.62122	0.9411	1.29698	0.86202	0.94901	1.11508	0.70385	1.53423	0.92528	0.75921	1.53423	1.25744	1.81102	1.31279	1.1309	1.20999	1.17044	1.92965	1.08345	0.68012	1.02018	0.4666	1.4077	0.29261	1.58959	0.52986	1.77939	1.19417	1.37606	1.10718	1.73985	0.90156	1.74776	0.96483	1.62913	0.82247	0.95692	1.33652	0.95692	1.70821	0.99646	0.64849	0.49823	1.4156	1.17835	0.94901	0.97273	2.66513	1.17044	1.51841	0.31634	1.15463	1.20208	2.79167	0.94901	2.06409	2.19854	0.83829	0.67221	0.5694	0.86992	0.86992	0.99646	0.52986	0.91737	1.01228	0.4666	0.72757	0.81457	1.14672	1.28907	0.92528	0.8462	0.60104	1.00437	0.49032	0.60895	0.62476	0.63267	0.93319	0.74339	0.66431	0.89365	0.68012	1.06763	0.60895	0.44287	0.69594	0.94901	0.99646	0.49823	0.34797	0.58522	0.80666	0.58522	1.05973	0.77502	0.86202	0.76712	1.10718	1.20208	0.68012	0.53777	0.66431	0.24516	0.64849	0.64058	0.63267	1.20208	0.69594	0.95692	0.79084	0.71966	0.87783	0.67221	0.58522	0.44287	0.98064	0.90156	0.9411	0.76712	0.62476	0.61686	0.64058	1.25744	1.14672	0.45078	0.58522	1.32861	0.9411	0.96483	0.64849	0.49823	0.91737	0.81457	0.73548	0.95692	0.62476	1.08345	0.71966	0.42705	0.38751	0.54568	0.83829	0.62476	0.50614	0.66431	1.09136	0.5694	0.89365	1.14672	0.61686	0.96483	0.79875	0.44287	0.76712	0.83038	0.67221	0.64058	0.82247	0.64058	0.3796	0.41915	0.78293	0.64058	0.52195	0.54568	0.53777	1.3207	1.17835	0.85411	1.17835	0.61686	1.04391	0.58522	0.45869	0.83038	1.09927	0.52986	0.60104	0.57731	1.20208	0.5694	0.63267	0.30052	1.12299	0.77502	1.05182	0.99646	0.58522	0.61686	0.45078	0.4666	0.76712	0.49823	0.54568	1.02809	0.81457	1.02018	1.43142	0.98064	1.43142	1.1309	1.42351	0.5615	0.64849	0.76712	0.79084	1.24953	0.7513	1.06763	0.64849	0.52195	0.83829	0.45869	0.87783	0.68803	0.72757	0.72757	0.54568	0.85411	0.4666	0.3796	0.89365	0.62476	0.49823	0.83038	0.68803	0.49032	0.89365	1.08345	1.33652	0.69594	1.37606	0.90947	0.26098	0.53777	0.79084	0.93319	0.74339	0.63267	0.68012	0.83829	1.05973	0.66431	0.79084	0.67221	0.78293	0.37169	0.60104	0.75921	0.8462	0.82247	0.75921	0.73548	1.15463	0.43496	0.45078	0.91737	0.9411	1.28116	0.80666	0.94901	1.31279	1.28907	0.85411	0.68803	0.58522	0.3796	0.90947	1.28907	0.91737	1.46305	0.35588	0.68803	0.88574	0.26889	0.4666	0.8462	0.78293	0.45869	1.06763	0.53777	0.91737	1.89802	1.00437	0.37169	0.70385	0.94901	0.86992	0.58522	0.75921	1.28116	0.41124	0.71966	0.4666	0.71966	0.90947	0.4666	0.75921	0.5615	1.29698	1.00437	0.63267	0.4745	0.52986	0.93319	0.88574	0.71966	0.8462	1.23371
cell80	0.86031	1.06978	0.72565	0.66581	0.67329	0.50122	0.7481	0.45634	1.2194	1.27176	0.56107	0.99497	1.20443	1.02489	1.23436	1.59344	1.14459	1.01741	1.07726	0.93512	0.75558	1.00245	0.89772	1.03237	0.86031	1.01741	1.20443	0.9426	1.31665	0.89023	1.20443	1.57848	1.08474	1.02489	1.21192	1.31665	0.56107	0.53863	0.92016	1.03237	0.81542	0.70321	0.77054	0.96504	1.16703	0.7855	1.43634	0.88275	2.07223	1.30169	1.07726	1.10718	1.72062	1.48871	1.70566	1.60841	1.14459	1.13711	2.49864	1.60093	1.54108	1.14459	1.82535	0.97252	2.04978	1.52612	0.67329	1.19695	1.6907	1.30917	1.66825	1.96749	1.23436	2.36398	1.7281	0.71069	1.36902	1.52612	1.54856	0.71069	0.68825	0.30672	0.70321	0.50122	0.0	0.0	0.0	0.32168	0.46382	0.51619	0.96504	1.06978	1.07726	1.73558	1.18947	0.63588	0.41893	0.98749	1.14459	1.54856	1.2194	0.70321	0.86031	1.06978	1.24932	1.09222	1.26428	1.10718	1.08474	1.78047	0.86779	1.76551	1.27176	1.27924	0.65832	0.9052	1.83284	0.77802	1.0997	0.89023	1.24932	0.45634	0.92016	0.59848	1.03985	1.56352	0.591	0.7855	1.02489	0.88275	0.47878	0.49374	1.11466	0.63588	1.33161	1.0997	1.65329	0.72565	0.95756	1.56352	1.04733	1.14459	0.89772	0.79298	1.17451	0.98749	0.92764	0.71817	1.18199	1.15207	0.71069	1.16703	1.2568	1.29421	0.83039	1.07726	1.2568	1.66825	1.03237	0.71817	0.68077	0.74062	0.84535	0.81542	0.67329	0.92016	0.98001	1.03237	0.77802	1.68322	1.59344	1.01741	1.11466	1.48871	0.71817	0.71817	1.00245	0.9426	1.17451	0.7855	1.12214	1.30169	0.71069	0.99497	0.68077	1.2194	0.44138	0.79298	0.54611	0.591	0.71069	0.55359	0.82291	1.80291	1.571	1.36153	0.72565	0.86031	0.75558	1.18947	0.95008	1.66825	0.80046	1.03237	0.83787	0.7855	0.97252	1.31665	1.21192	1.08474	0.92016	0.54611	1.65329	0.81542	1.18947	1.03237	0.75558	1.07726	0.67329	0.79298	0.71069	0.591	0.95756	0.7855	1.03237	0.79298	0.65832	1.99742	0.69573	0.96504	1.13711	0.89772	1.16703	1.04733	1.48123	0.48626	1.24932	0.92764	0.68825	1.35405	0.66581	1.06978	0.56107	1.00993	0.66581	0.50122	1.03237	1.23436	1.15955	0.9052	0.61344	1.38398	1.18199	0.67329	0.88275	0.92016	1.36902	0.89772	1.17451	1.48871	0.89023	1.0623	0.79298	1.03237	0.39649	0.86779	1.40642	0.50122	0.73313	0.79298	0.99497	0.71817	1.0623	0.89023	1.16703	1.8852	0.83787	1.31665	0.87527	0.68825	0.64336	0.61344	0.77054	1.27176	1.51115	0.80046	1.36902	0.56107	0.82291	0.62092	1.5336	0.63588	0.38153	1.09222	0.83787	1.03237	1.77299	0.77054	0.82291	0.74062	1.39146	0.83039	0.77054	0.82291	1.34657	0.77802	0.70321	1.04733	0.52367	1.50367	1.04733	1.55604	0.54611	0.80046	1.35405	1.66077	1.31665	1.12962	0.92016	0.83787	1.60841	1.46627	1.3765	0.55359	0.91268	0.89772	0.80794	0.89023	0.50871	0.66581	1.2568	0.98001	0.49374	0.86031	0.53863	1.0997	0.44886	0.76306	0.97252	1.2568	0.83787	1.75803	0.87527	1.12214	0.9426	0.75558	1.17451	0.80794	0.89772	1.02489	2.85025	1.24932	1.03237	1.13711	1.16703	1.17451	1.04733	0.68077	0.9052	0.41145	1.00245	0.7481	1.03985	0.62092	0.80046	1.17451	1.51863	0.73313	1.36153	0.91268	0.9052	0.80046	0.83787	1.35405	0.98749	1.24184	0.64336	0.98001	1.39894	0.65084	1.2194	1.18199	1.35405	1.49619	1.48871	1.34657	1.12214	0.86779	0.69573	1.50367	0.98001	1.21192	0.81542	0.58351	0.88275	0.53863	0.99497	1.0623	0.70321	0.83787	0.84535	1.17451	0.80046	0.84535	1.11466	0.71817	1.16703	0.68077	1.04733	0.93512	1.74306	0.52367	1.03985	1.18947	0.52367	1.27924	1.00993	0.56855	1.24184	1.34657	0.77802	0.93512	0.62092	0.58351	1.19695	0.591	0.7855	0.81542	1.09222	1.35405	0.72565	0.81542	0.7855	0.74062	0.60596	1.75054	0.75558	0.35909	0.85283	0.89023	1.27924	0.63588	0.92764	0.77802	0.9052	1.33161	0.62092	1.27176	0.87527	0.75558	1.57848	1.16703	0.89023	0.98001	1.2568	0.92016	0.57603	1.65329	0.77802	0.91268	0.47878	0.9052	1.01741	1.38398	1.22688	1.02489	1.18947	0.62092	0.7855	1.11466	1.00993	0.92764	0.44138	0.6284	0.57603	1.01741	1.20443	0.64336	0.64336	0.9052	0.29924	0.49374	1.33161	0.85283	0.91268	0.82291	0.57603	0.76306	1.10718	0.82291	0.98001	1.04733	0.95008	0.56107	1.51115	0.70321	0.66581	0.75558
cell81	1.58723	0.61778	1.86285	0.84589	1.03598	1.34011	0.94093	1.06449	0.71283	1.10251	0.57026	0.99796	0.74134	0.92192	0.6463	1.34011	1.18805	1.86285	1.21656	1.5302	0.94093	1.91988	1.97691	0.70332	1.3021	1.37813	0.76985	1.26408	1.3116	1.24507	1.66326	1.11201	1.83434	1.03598	1.86285	1.89137	0.76035	1.5207	1.80583	0.82688	1.25458	1.43516	0.76035	1.41615	0.89341	0.81738	1.11201	0.82688	1.3116	1.46367	2.30006	1.47318	1.48268	1.78682	0.76035	0.81738	1.47318	1.21656	1.55872	1.54921	0.91242	0.8649	0.84589	0.4467	1.45417	0.97895	0.89341	0.96944	1.3116	0.49423	1.77732	1.55872	1.19755	0.91242	1.18805	1.54921	1.61574	0.82688	1.0835	1.57772	0.95994	1.59673	0.80787	1.18805	0.92192	1.24507	1.3116	0.76985	1.27358	1.24507	1.12151	1.33061	1.29259	0.95044	1.20705	1.093	0.96944	1.25458	1.10251	1.90087	1.03598	1.05498	1.79632	1.00746	1.17854	1.64425	1.19755	0.79837	0.93143	1.23557	1.03598	0.84589	1.16904	0.74134	2.21452	0.66531	0.85539	0.99796	0.55125	1.13102	2.42361	0.89341	1.11201	1.17854	1.47318	1.13102	0.94093	1.36863	1.53971	0.79837	1.24507	2.08146	1.84385	1.32111	1.13102	1.59673	1.21656	1.70128	1.24507	1.21656	0.95994	0.61778	0.95994	1.06449	1.42565	0.54175	1.12151	0.96944	1.35912	0.81738	1.97691	0.72233	0.67481	1.46367	1.91038	0.79837	1.43516	0.69382	1.093	0.91242	1.32111	1.13102	0.66531	1.45417	0.98845	0.6463	2.00542	1.00746	1.7393	0.83638	1.7393	1.28309	1.38764	1.76781	1.04548	1.42565	1.46367	1.34011	1.60624	0.85539	0.6463	1.11201	1.25458	0.98845	1.49218	2.13848	1.03598	1.14052	0.56076	1.28309	1.34962	1.38764	1.32111	1.60624	1.40665	1.79632	0.68431	1.46367	1.47318	0.77936	0.93143	1.10251	1.26408	1.82484	1.65376	0.33265	1.39714	1.01697	0.81738	1.9579	1.45417	1.13102	1.19755	1.51119	1.15003	1.15003	1.39714	0.88391	0.76035	1.13102	0.60828	0.39918	0.98845	0.59877	1.78682	1.04548	1.44466	0.93143	1.33061	2.04344	1.06449	1.86285	1.093	1.17854	1.5207	1.00746	1.80583	1.02647	1.50169	1.78682	0.92192	1.21656	1.42565	1.06449	0.57026	0.76985	0.57977	0.6463	1.18805	0.37067	0.68431	0.70332	0.8649	0.72233	0.51324	0.89341	0.46571	1.05498	0.53224	0.84589	1.12151	1.11201	0.93143	0.67481	1.3021	0.45621	0.83638	0.4277	1.05498	1.21656	0.74134	0.84589	0.76985	0.54175	0.93143	0.93143	0.48472	0.58927	0.95044	0.47522	0.91242	1.00746	0.54175	0.4277	0.61778	1.51119	1.41615	0.78886	0.61778	0.95994	0.18058	0.77936	1.18805	0.6463	0.76035	0.99796	1.28309	1.42565	0.78886	0.45621	0.49423	0.80787	0.60828	1.00746	0.74134	0.74134	0.76035	0.54175	1.10251	0.75084	0.84589	0.95044	0.60828	2.11947	0.72233	0.63679	1.17854	0.60828	0.70332	0.77936	0.57026	0.66531	0.57026	0.63679	0.59877	0.4467	0.75084	0.46571	0.6463	0.37067	0.66531	0.61778	0.68431	0.4372	0.59877	0.89341	0.77936	0.73184	0.70332	0.81738	1.19755	0.69382	0.84589	0.50373	0.80787	0.77936	0.99796	0.81738	0.80787	1.17854	0.66531	1.18805	0.61778	0.30414	0.71283	1.37813	0.58927	0.77936	0.67481	0.75084	0.70332	0.72233	0.75084	0.54175	0.4277	0.59877	1.093	0.80787	0.81738	0.88391	0.83638	0.80787	0.76035	0.6558	0.80787	0.75084	1.0835	0.98845	0.57026	0.94093	0.57977	0.57026	0.77936	0.69382	1.15003	0.89341	0.84589	0.63679	0.99796	0.82688	0.90291	0.68431	0.76035	0.72233	0.4372	0.89341	0.52274	1.05498	0.74134	0.98845	0.70332	0.50373	1.23557	0.94093	1.3116	0.75084	0.80787	1.02647	0.95994	0.63679	0.74134	0.91242	0.80787	1.7393	0.89341	0.83638	0.8744	0.60828	0.53224	0.4467	1.28309	0.53224	0.79837	0.84589	0.55125	0.45621	0.76985	1.34011	0.60828	0.60828	0.82688	1.12151	0.57977	1.38764	0.63679	1.07399	0.60828	0.79837	0.29464	1.00746	0.70332	1.16904	1.12151	0.80787	0.98845	0.80787	0.33265	0.80787	0.73184	0.6558	0.67481	0.91242	0.77936	0.41819	0.57026	0.72233	0.84589	0.79837	0.84589	0.97895	0.75084	0.84589	0.66531	0.48472	0.63679	0.84589	1.40665	0.51324	0.91242	1.01697	0.55125	0.6463	0.57026	0.51324	1.03598	0.96944	0.93143	0.99796	0.76035	0.45621	0.79837	1.00746	0.51324	0.71283	0.55125	0.69382	0.8744	1.15003	1.04548	0.91242	0.80787	0.71283	1.14052	0.94093	1.21656	0.49423	0.74134	0.74134
cell82	0.83555	0.51861	1.12367	0.61946	0.95079	0.33134	1.32535	0.84995	0.50421	0.50421	0.76352	0.69149	0.95079	0.90758	0.59064	1.10926	0.76352	0.84995	1.12367	1.97362	1.13807	0.60505	0.69149	0.82114	1.08045	0.83555	0.67708	0.84995	0.86436	0.82114	0.51861	1.28213	1.6999	1.12367	1.38297	0.89317	0.82114	0.86436	0.80673	0.80673	1.61347	0.99401	1.26773	1.13807	0.70589	0.89317	0.89317	1.26773	1.41179	1.80075	1.02282	1.88718	0.95079	1.36857	1.1957	1.31094	1.41179	1.33976	2.13208	1.42619	1.2101	2.59307	0.80673	0.90758	1.39738	1.36857	1.57025	1.29654	1.71431	2.03124	1.13807	0.57624	2.6651	2.23293	0.83555	1.09485	0.90758	0.60505	0.79233	0.4898	0.63386	0.57624	0.44659	0.44659	0.50421	1.35416	0.54743	0.31693	0.54743	0.50421	1.28213	1.71431	0.7347	1.15248	0.76352	0.34574	0.36015	0.95079	1.15248	1.38297	1.1957	0.95079	0.76352	1.13807	0.70589	0.87876	0.74911	1.02282	0.76352	0.80673	1.28213	0.9652	1.08045	0.57624	0.59064	1.10926	0.97961	0.74911	1.09485	0.70589	1.35416	1.67109	2.24733	1.55584	0.99401	1.16688	0.67708	1.05164	0.93639	0.67708	1.02282	0.61946	0.63386	1.13807	0.4898	0.70589	1.36857	0.87876	1.16688	0.69149	0.82114	1.18129	0.69149	0.41777	0.92198	1.29654	0.56183	1.97362	1.12367	1.16688	1.13807	1.41179	1.06604	0.89317	0.86436	1.51263	0.46099	1.1957	0.83555	0.74911	1.15248	0.89317	1.94481	1.32535	0.80673	0.77792	0.43218	1.18129	1.22451	1.15248	1.46941	0.83555	0.67708	0.84995	1.1957	0.87876	1.32535	0.95079	0.80673	1.05164	1.10926	0.66267	1.00842	1.54144	1.09485	0.9652	1.05164	0.97961	1.23891	0.82114	1.06604	0.86436	0.60505	1.38297	1.67109	0.69149	1.02282	1.33976	1.00842	1.29654	0.70589	0.89317	1.22451	1.13807	0.7203	0.84995	1.25332	1.57025	0.38896	1.16688	0.4754	0.64827	0.89317	1.13807	1.78634	1.98802	0.2449	0.70589	1.26773	0.67708	0.89317	0.9652	1.02282	0.63386	1.12367	0.83555	1.12367	0.89317	0.7203	1.4406	0.90758	0.74911	1.06604	1.00842	0.93639	1.39738	0.89317	0.66267	1.32535	0.79233	0.89317	1.16688	1.23891	1.25332	0.83555	1.6855	0.30253	1.12367	0.69149	1.02282	1.2101	0.76352	0.51861	0.46099	1.41179	1.1957	0.79233	0.54743	1.05164	0.60505	0.95079	0.84995	0.76352	0.90758	0.9652	0.60505	1.05164	1.35416	0.77792	1.02282	1.02282	0.44659	0.76352	1.05164	1.32535	0.7203	1.62787	0.7347	0.89317	0.79233	0.54743	1.2101	0.7347	0.97961	0.46099	0.4754	1.33976	1.02282	0.74911	1.00842	0.95079	1.455	0.89317	0.54743	0.51861	0.99401	0.82114	1.16688	0.51861	1.02282	0.4754	0.69149	0.90758	2.36258	1.09485	0.84995	0.74911	1.32535	0.82114	0.4898	1.03723	0.82114	1.25332	0.74911	0.25931	1.29654	0.50421	0.77792	0.54743	1.84396	1.31094	1.38297	0.83555	0.77792	1.00842	0.79233	0.92198	1.48381	0.80673	0.7203	0.84995	0.77792	1.05164	0.80673	0.77792	1.25332	0.66267	1.02282	1.03723	1.59906	1.2101	1.49822	0.92198	1.41179	0.93639	1.22451	1.23891	1.55584	1.00842	1.02282	1.32535	1.23891	0.99401	1.87278	1.87278	0.41777	0.99401	1.06604	0.90758	1.22451	0.84995	0.86436	0.46099	1.62787	1.6999	0.7203	0.7203	0.92198	0.86436	0.79233	0.93639	0.64827	1.61347	1.71431	0.67708	1.1957	0.51861	1.15248	1.2101	1.02282	0.7347	0.51861	1.08045	0.90758	0.89317	0.4898	0.79233	0.9652	0.99401	0.93639	0.77792	1.26773	0.82114	1.52703	0.93639	0.99401	0.64827	1.16688	0.7203	0.37456	0.9652	0.7347	1.08045	1.03723	1.35416	1.13807	0.70589	1.10926	1.31094	1.29654	0.92198	1.32535	1.18129	0.87876	1.05164	0.50421	1.65669	0.82114	1.00842	0.82114	0.76352	0.61946	0.44659	1.12367	0.93639	0.70589	0.9652	0.93639	0.67708	0.57624	0.66267	0.82114	1.62787	1.48381	1.1957	0.80673	1.31094	1.12367	1.77193	1.03723	1.31094	0.84995	0.66267	1.35416	0.87876	0.36015	0.60505	0.82114	1.28213	1.39738	0.61946	1.02282	1.08045	1.64228	1.58466	0.56183	1.18129	1.12367	1.06604	1.62787	1.41179	0.97961	1.25332	0.89317	0.79233	0.7347	0.7203	0.51861	0.97961	1.31094	1.32535	1.28213	0.69149	1.05164	1.23891	0.64827	1.13807	0.84995	0.79233	1.00842	0.57624	1.16688	0.53302	0.74911	0.92198	1.46941	0.77792	0.99401	0.77792	0.69149	1.31094	1.13807	0.46099	0.90758	0.67708	1.25332	1.00842	1.41179
cell83	1.22468	1.06881	1.46962	1.26922	0.82388	1.85929	0.90181	1.33602	0.96861	1.39168	1.01315	1.00201	0.90181	0.87954	0.93521	0.79048	1.10221	0.96861	0.85728	1.29148	0.76821	1.84816	1.24695	1.69229	1.22468	1.83702	0.65687	1.41395	0.81274	0.37854	0.50101	1.29148	1.32488	0.93521	0.85728	1.04655	0.65687	1.50302	1.41395	1.22468	1.58095	2.09309	0.53441	0.24494	1.34715	1.65889	0.85728	1.05768	0.93521	1.64775	0.94634	0.93521	1.20241	1.42508	1.25808	1.16901	0.56781	0.66801	0.85728	1.04655	1.36942	1.77022	1.35828	1.94836	1.23581	0.90181	1.14675	1.40282	0.99088	0.97975	0.75708	0.87954	1.60322	0.71254	1.61435	1.71455	1.53642	0.96861	1.21355	1.02428	1.23581	1.31375	1.79249	1.14675	1.22468	1.15788	1.50302	0.99088	1.97062	1.84816	1.16901	1.59209	0.91294	1.01315	0.89068	1.49188	0.94634	0.85728	0.2672	1.22468	1.41395	0.95748	0.70141	0.94634	2.03742	1.21355	1.36942	0.56781	1.61435	1.03541	1.41395	1.00201	1.15788	1.02428	1.45848	0.96861	0.85728	1.07995	0.97975	0.79048	0.97975	1.71455	1.12448	1.41395	1.61435	1.11335	1.16901	1.20241	0.86841	2.05969	0.94634	1.87042	1.09108	1.32488	1.58095	1.00201	0.84614	1.48075	0.42307	1.32488	1.51415	0.97975	0.97975	1.01315	1.46962	1.19128	1.31375	2.09309	1.98176	2.15989	2.08196	1.03541	1.95949	0.99088	0.84614	0.92408	1.97062	1.00201	1.54755	1.15788	0.89068	2.26009	2.07082	1.39168	1.99289	1.84816	1.41395	1.03541	1.26922	0.60121	0.93521	1.16901	0.96861	0.69027	1.33602	1.01315	1.49188	0.61234	1.39168	1.85929	0.72368	0.97975	1.12448	0.74594	0.84614	1.10221	1.42508	1.28035	1.82589	0.81274	1.68115	1.02428	0.93521	0.79048	1.29148	1.12448	1.55869	1.15788	1.10221	0.87954	0.85728	0.80161	0.64574	1.43622	0.94634	1.05768	1.34715	1.33602	1.44735	1.93722	1.84816	1.06881	0.51214	1.75909	1.84816	1.13561	0.61234	1.12448	1.04655	1.04655	1.32488	0.92408	1.16901	1.26922	1.26922	1.52529	1.12448	0.74594	0.96861	0.81274	1.30262	1.21355	1.26922	1.10221	1.03541	1.40282	1.67002	1.13561	1.33602	1.32488	1.06881	1.09108	1.69229	1.30262	0.2004	0.86841	1.22468	0.64574	0.41194	0.59007	0.81274	0.57894	0.70141	1.43622	0.70141	0.67914	0.51214	0.59007	1.00201	0.50101	0.73481	1.01315	1.09108	1.24695	0.76821	0.83501	0.92408	1.19128	0.92408	0.54554	1.19128	0.56781	0.66801	0.38967	1.00201	0.89068	0.74594	0.75708	0.77934	0.90181	0.93521	0.82388	0.38967	0.66801	0.70141	1.04655	0.65687	0.79048	1.28035	0.38967	0.61234	0.75708	0.97975	0.62347	0.90181	0.76821	0.81274	1.06881	0.96861	0.42307	1.92609	1.20241	0.96861	0.99088	0.37854	0.64574	0.63461	1.16901	0.3674	0.57894	0.74594	1.15788	0.79048	0.97975	0.65687	0.55667	0.83501	0.76821	0.54554	1.41395	0.48987	0.95748	0.66801	0.48987	0.85728	1.02428	1.40282	0.46761	0.84614	0.99088	0.92408	1.02428	0.72368	1.03541	0.84614	1.05768	0.60121	0.48987	0.93521	0.52327	1.03541	1.10221	0.81274	0.85728	0.76821	0.83501	0.92408	0.48987	0.86841	0.69027	0.84614	0.80161	1.11335	0.69027	0.93521	0.59007	1.04655	0.79048	1.21355	0.48987	0.56781	1.14675	1.10221	0.80161	0.46761	1.42508	0.76821	0.47874	0.41194	0.93521	0.65687	1.05768	0.66801	0.70141	0.60121	0.92408	0.70141	0.85728	0.74594	0.56781	0.77934	1.04655	1.06881	0.79048	1.00201	0.86841	0.47874	1.40282	0.85728	0.56781	0.85728	0.56781	0.87954	0.55667	0.38967	0.65687	0.47874	0.52327	0.51214	0.71254	0.34514	0.94634	0.74594	0.50101	0.99088	0.69027	0.87954	0.55667	0.70141	0.74594	0.74594	0.37854	0.50101	0.84614	0.92408	1.06881	0.74594	1.10221	0.31174	0.63461	1.01315	0.46761	0.81274	1.07995	0.67914	1.02428	0.59007	1.13561	0.37854	0.84614	0.69027	0.69027	0.82388	1.09108	0.62347	1.36942	0.46761	0.334	0.94634	0.70141	0.82388	0.76821	0.60121	1.26922	1.02428	0.67914	0.67914	0.77934	0.85728	0.50101	0.47874	0.75708	1.50302	0.61234	1.04655	0.64574	0.69027	0.79048	0.71254	0.86841	0.87954	0.50101	0.77934	1.39168	0.80161	1.12448	0.83501	0.85728	0.51214	1.42508	0.94634	0.91294	1.21355	0.63461	0.59007	0.52327	1.43622	1.10221	0.86841	0.95748	0.45647	1.03541	0.79048	1.13561	0.91294	0.54554	1.04655	0.80161	0.79048	0.93521	0.74594	0.62347	0.93521	0.87954	0.50101	0.84614	0.56781	0.66801
cell84	1.18454	0.80343	1.97766	1.90556	1.08153	0.67982	0.90643	1.00943	1.31844	1.31844	2.14247	0.79312	1.24634	0.76222	1.17424	0.92703	0.53562	0.89613	1.44205	1.50385	1.09183	1.61715	0.82403	1.09183	0.90643	1.17424	1.28754	1.98796	1.20514	0.92703	0.69012	1.08153	1.30814	1.18454	0.84463	1.09183	0.95793	0.99913	0.67982	0.58712	1.66865	1.31844	1.56565	0.53562	1.10213	1.45235	1.50385	2.11157	1.36994	1.92616	1.13304	0.96823	0.91673	0.64892	1.22574	0.72102	0.84463	1.11243	1.26694	0.58712	1.50385	0.82403	1.06093	0.56652	1.67895	0.94763	0.76222	0.86523	2.66778	0.76222	2.06006	1.67895	1.45235	1.27724	1.32874	0.83433	0.88583	1.47295	1.81286	1.95706	1.09183	1.56565	1.09183	0.70042	0.56652	0.81373	1.54505	0.95793	1.33904	1.87466	1.75105	1.11243	1.12274	1.21544	1.40084	1.92616	1.80256	1.44205	1.11243	0.84463	1.11243	1.59655	1.98796	1.10213	1.08153	2.04976	1.34934	0.47381	0.97853	1.54505	1.16394	1.44205	0.94763	2.10127	1.32874	0.72102	1.03003	1.74075	0.85493	1.05063	0.92703	0.91673	1.26694	0.86523	0.99913	1.86436	1.44205	0.90643	1.16394	1.29784	1.08153	1.81286	1.14334	0.97853	1.41114	0.88583	0.82403	1.79226	1.65835	1.39054	0.89613	1.70985	0.92703	1.15364	0.53562	0.86523	0.62832	1.86436	1.07123	1.20514	1.46265	1.20514	1.15364	1.68925	0.96823	0.87553	1.45235	1.98796	0.77252	0.72102	1.22574	0.98883	1.95706	0.59742	1.91586	1.13304	1.31844	1.20514	0.89613	2.34847	1.14334	0.71072	1.26694	1.47295	1.68925	1.78196	0.98883	1.31844	1.39054	1.60685	1.30814	1.03003	1.09183	1.01973	1.32874	1.50385	1.00943	1.39054	1.89526	1.62745	0.77252	1.60685	1.00943	0.99913	0.70042	1.03003	1.42144	0.99913	1.01973	3.02829	1.20514	1.81286	1.67895	0.32961	1.86436	1.05063	0.96823	0.59742	0.74162	1.53475	1.21544	1.44205	0.92703	1.05063	0.69012	0.81373	1.60685	1.19484	1.51415	0.66952	0.96823	1.26694	1.29784	0.65922	0.76222	0.66952	1.38024	1.01973	1.04033	1.53475	1.77166	0.91673	1.09183	1.42144	1.65835	0.66952	0.90643	1.31844	0.97853	1.40084	0.76222	1.19484	1.45235	1.26694	0.74162	0.47381	0.69012	0.78282	0.93733	0.59742	0.49442	1.03003	0.60772	0.89613	0.95793	0.37081	0.40171	0.82403	0.65922	0.94763	0.79312	1.03003	0.95793	0.76222	0.54592	0.39141	0.42231	0.91673	0.90643	1.30814	0.87553	0.77252	0.79312	0.82403	0.60772	0.74162	0.70042	0.75192	0.38111	0.82403	1.35964	0.76222	0.72102	0.94763	0.74162	0.81373	1.13304	0.90643	0.61802	0.63862	1.15364	0.82403	1.20514	1.16394	0.75192	0.84463	1.06093	0.62832	0.76222	0.61802	0.61802	1.21544	0.35021	1.14334	0.75192	0.58712	0.49442	0.69012	0.69012	0.89613	0.58712	0.61802	0.84463	0.50472	0.88583	0.95793	1.36994	0.85493	1.08153	1.51415	0.86523	0.36051	0.79312	1.21544	0.69012	0.77252	0.30901	1.31844	0.51502	0.67982	1.59655	0.78282	0.53562	0.82403	0.56652	0.98883	0.85493	0.55622	0.46351	0.58712	0.69012	0.72102	0.30901	0.54592	0.61802	0.39141	0.62832	0.74162	0.69012	0.52532	0.89613	0.72102	0.33991	0.93733	0.50472	0.69012	1.43174	0.88583	0.72102	0.92703	0.62832	0.97853	0.93733	0.58712	1.20514	0.76222	0.63862	0.73132	1.05063	1.46265	0.70042	0.77252	1.25664	0.77252	0.49442	0.85493	0.36051	0.89613	0.70042	0.60772	0.70042	0.77252	0.77252	0.77252	0.80343	0.42231	0.56652	1.03003	0.82403	0.58712	0.49442	1.18454	0.95793	1.04033	0.94763	1.29784	0.63862	0.33991	0.90643	0.75192	1.25664	0.67982	0.41201	0.53562	1.39054	1.06093	0.80343	0.88583	1.46265	1.25664	0.91673	0.87553	1.27724	0.27811	0.73132	0.98883	1.14334	1.30814	1.16394	1.56565	1.12274	0.79312	0.74162	0.65922	1.42144	0.53562	0.70042	0.78282	0.27811	0.63862	0.42231	0.66952	0.75192	0.87553	0.18541	0.98883	1.09183	0.31931	0.81373	0.67982	0.81373	0.61802	0.47381	0.80343	0.87553	0.50472	0.95793	0.92703	0.57682	0.82403	0.57682	0.53562	0.38111	0.40171	0.71072	0.53562	0.85493	1.07123	0.74162	0.46351	0.90643	1.07123	0.80343	0.36051	0.76222	0.58712	1.48325	1.08153	1.13304	0.90643	0.62832	1.15364	0.39141	0.57682	0.79312	0.60772	0.36051	0.95793	0.51502	0.87553	1.21544	0.97853	0.63862	0.69012	0.71072	0.43261	1.41114	0.42231	0.55622	1.27724	1.01973	1.09183	0.35021	0.51502	0.63862	0.47381	0.99913	0.78282
cell85	1.94897	0.50611	1.31411	1.09657	1.4251	1.62488	0.83908	1.59825	0.47059	1.4473	1.67816	1.13653	1.16317	1.4917	1.10545	1.05218	0.8524	1.07882	0.94563	1.6382	1.23864	0.93231	1.66484	1.26084	0.79024	0.68813	1.0433	0.77692	0.77249	1.2342	1.13653	1.24308	0.76361	1.28748	0.53275	1.13209	0.63486	1.4917	1.13653	1.36739	1.30523	1.77583	0.95895	1.00778	1.42954	1.2786	1.38515	1.17649	1.16317	1.11877	0.8302	0.91455	1.66928	1.34075	0.77249	0.91011	1.16761	1.19868	1.00334	1.75807	0.6393	1.06106	1.08769	1.0655	1.22976	0.8746	1.38959	2.50836	1.18537	1.10545	2.14431	1.18093	1.06106	1.38515	1.44286	1.00334	0.93231	1.91789	0.68813	1.48282	0.90567	1.72255	1.78027	0.96783	1.07438	1.50058	0.74141	1.62932	1.41622	1.05662	1.74919	0.85684	1.88682	1.14097	1.6382	1.23864	0.43508	0.71477	1.12765	1.12765	1.16317	1.11433	1.31855	1.94453	1.03442	0.7858	1.05218	1.67372	1.15873	0.60378	1.07882	1.2786	0.85684	1.31855	0.99446	1.12321	1.20756	1.63376	1.51833	1.24752	1.11433	1.35407	1.0655	0.72809	1.65152	0.808	1.76695	1.81134	1.52277	1.29635	0.91011	1.35407	0.95007	1.61156	1.69592	1.4473	0.67481	0.77692	0.68369	1.63376	1.56273	0.79912	1.13209	0.88347	1.22532	1.0655	0.72365	1.74475	1.19868	1.42066	0.53719	2.09548	1.34075	1.52721	0.85684	0.93675	1.11877	1.47838	1.79803	1.26084	0.91899	1.73143	2.52168	0.73253	1.08326	1.22088	1.18537	1.45618	0.49723	1.17205	0.67925	1.09657	1.38071	0.83464	0.48391	0.64374	1.77583	1.08326	0.60822	1.45174	1.33631	1.0655	0.91899	1.02554	0.75473	1.86018	1.30523	0.78136	1.6826	0.86128	1.37183	2.17983	1.4695	0.8524	1.23864	1.30967	1.03442	2.78361	0.65262	1.34075	0.91455	0.96339	1.66484	1.24308	1.07438	1.29635	1.94453	0.96783	1.95785	1.47838	1.32299	0.95895	1.69592	0.91011	1.39403	1.71367	1.8957	2.19315	1.62044	0.73253	1.48282	0.47947	1.45618	1.30523	1.32299	1.38959	1.26972	1.02554	1.10545	1.39403	1.05218	0.72809	0.60378	1.8291	1.19424	1.74031	1.18981	0.808	1.30523	0.9989	3.42291	0.83908	1.06994	0.72809	0.84796	1.02998	0.77692	1.19868	1.01666	0.62154	0.6615	0.53719	0.63042	0.808	0.86572	0.76361	0.52387	0.62598	0.7858	0.79024	1.0655	0.60822	0.98115	0.43508	0.74585	0.47059	0.76361	0.86128	0.93231	0.40844	0.71033	0.73697	0.78136	0.78136	1.33187	0.88347	0.55051	1.39846	0.92787	0.47059	1.24752	0.60822	0.44396	0.69257	0.92343	0.86572	0.82132	0.49723	0.9989	0.51055	0.67481	0.75029	0.69257	0.53275	0.74585	0.808	0.95451	1.00334	0.86128	0.47503	0.60822	0.45728	1.41622	0.50167	0.40844	0.56827	0.91011	0.72365	1.4917	0.48835	0.6171	0.82576	0.52387	0.51943	0.52387	0.84796	0.89679	0.63486	1.43842	1.51389	0.6171	0.51499	0.71921	0.54163	0.67925	0.86572	1.50058	0.66594	0.77692	0.82576	0.69257	1.28748	0.95007	1.02998	0.9989	0.29301	0.47059	1.06994	0.6393	0.69701	0.58602	0.96783	0.82132	0.95895	0.39956	0.6171	0.71477	0.7858	0.47947	0.9989	0.78136	0.34185	0.52387	0.67481	1.11877	0.71921	0.65262	0.38624	1.41178	0.93231	0.67925	1.16317	0.55051	0.94563	0.45728	1.32299	0.33741	0.65262	0.95007	0.58158	0.82576	0.47503	0.62154	0.6171	0.97227	0.68813	0.68369	0.7858	0.76361	1.07882	0.79024	1.48726	0.73697	0.59934	1.32299	1.27416	0.75473	1.10101	1.09657	0.64818	1.31855	0.84796	0.6393	0.66594	1.15873	1.0211	0.70589	0.73697	1.42066	0.60378	0.8524	0.45728	1.09213	0.95895	0.51499	0.68369	1.00334	0.58158	0.38624	1.61156	1.31411	0.50611	0.74585	0.84796	0.85684	1.22532	0.44396	0.71033	1.2786	0.79912	0.53275	0.82132	0.4484	0.40844	0.74585	0.74141	0.70589	0.33297	0.91899	0.5727	0.73253	0.75029	0.71477	0.36848	0.69701	0.30189	0.46172	0.30189	0.53275	0.80356	0.69257	0.79024	0.54607	0.65706	0.79024	0.41288	0.75473	0.76805	1.28748	0.47059	0.38624	1.04774	0.55051	1.0433	1.12765	0.71033	0.5949	0.70145	0.40844	1.43398	1.45618	1.10545	0.73697	0.92787	0.75029	0.75029	0.71477	1.11433	0.48835	0.74585	0.44396	0.86128	0.56827	0.5727	0.63042	0.95007	0.82576	0.76805	1.26084	0.67925	0.48391	1.03442	0.51499	1.09657	1.78027	0.4484	0.76361	0.6615	0.88791	0.54163	0.88347	0.48835	0.79912	0.6615	0.75917	0.92343	0.35073	0.95007
cell86	1.01656	1.15422	1.28129	0.90008	2.03313	1.49308	0.96362	0.93185	1.49308	1.19658	1.72604	0.90008	1.11187	1.74722	2.0649	1.62015	0.83655	0.96362	0.75183	1.01656	1.36601	0.84714	0.63535	1.1754	1.28129	1.21776	0.93185	1.23894	1.5672	1.28129	0.85773	1.03774	1.68368	1.15422	1.53544	0.96362	0.95303	1.26012	1.13305	0.63535	1.21776	1.19658	1.14363	0.28591	0.82596	1.23894	1.19658	0.94244	0.96362	0.80478	1.75781	1.26012	0.88949	1.3766	1.11187	1.90606	1.19658	0.74124	2.42493	1.14363	1.18599	0.85773	0.6883	0.96362	0.86832	1.15422	1.28129	1.1754	1.59897	1.96959	1.13305	1.46131	1.26012	0.60359	1.22835	1.54602	1.18599	1.00598	0.82596	1.11187	1.31306	1.38719	1.06951	1.19658	0.80478	1.39778	1.09069	1.54602	0.75183	0.97421	0.91067	0.60359	1.01656	1.03774	1.15422	0.74124	0.94244	0.99539	1.02715	0.69889	0.90008	1.62015	1.05892	0.77301	0.86832	1.5672	1.02715	0.54005	1.48249	1.6731	0.55064	1.11187	1.24953	1.58838	0.8789	1.04833	1.20717	0.88949	0.82596	1.06951	2.42493	1.21776	1.32365	1.35542	1.18599	1.58838	1.63074	1.64133	1.44013	1.20717	1.02715	1.48249	0.63535	1.34483	1.13305	1.53544	1.32365	1.39778	1.59897	1.0801	1.03774	2.22373	0.77301	1.06951	1.33424	1.59897	1.45072	2.56259	1.04833	1.31306	1.28129	0.58241	1.98018	1.22835	2.04372	0.77301	1.18599	0.92126	1.38719	0.99539	1.62015	1.20717	1.66251	1.03774	1.22835	0.88949	0.7836	0.77301	1.40837	1.09069	1.24953	0.79419	0.75183	0.96362	0.93185	1.78958	0.86832	1.54602	0.67771	0.92126	1.52485	0.94244	0.73066	1.66251	1.60956	1.03774	1.36601	1.50367	1.98018	0.88949	1.8637	1.98018	1.93783	1.36601	0.9848	0.85773	1.34483	0.70948	0.43416	1.50367	1.18599	0.90008	1.40837	1.13305	1.3766	1.35542	1.12246	1.32365	1.0801	0.9848	0.82596	1.14363	1.6731	1.50367	0.79419	1.20717	0.77301	1.88488	1.90606	1.35542	0.86832	1.78958	1.48249	0.72007	0.92126	0.80478	1.13305	0.61417	1.53544	1.45072	0.97421	1.8637	0.73066	2.97557	1.06951	2.2555	0.61417	1.24953	1.27071	1.32365	1.36601	1.50367	1.24953	1.70486	0.60359	0.593	0.63535	0.90008	1.09069	1.13305	0.42357	0.70948	1.03774	0.8789	0.63535	1.18599	0.23296	0.70948	1.0801	0.90008	0.82596	1.12246	0.52946	0.83655	1.0801	0.81537	0.94244	0.6883	0.80478	1.10128	0.58241	0.62476	0.88949	0.593	0.91067	0.60359	0.65653	0.84714	0.83655	0.61417	0.70948	0.61417	0.57182	0.593	0.56123	0.90008	0.72007	0.57182	1.10128	0.93185	0.55064	0.91067	0.65653	1.20717	0.76242	0.79419	0.44475	0.57182	0.69889	1.01656	0.58241	1.02715	0.92126	0.60359	1.10128	1.05892	0.92126	0.36003	0.88949	0.38121	0.69889	1.02715	0.99539	1.52485	0.8789	0.75183	0.95303	1.02715	0.93185	0.93185	0.8789	1.20717	0.57182	0.90008	0.70948	0.55064	1.13305	1.0801	0.51887	0.55064	0.45534	1.20717	0.63535	0.4871	0.92126	1.10128	1.0801	1.09069	0.77301	0.47651	0.93185	0.90008	0.72007	0.61417	0.51887	0.63535	0.593	0.8789	1.16481	0.80478	1.24953	0.8789	0.62476	0.76242	0.64594	0.8789	0.83655	0.42357	1.02715	0.7836	0.56123	0.57182	1.0801	0.79419	0.66712	0.56123	1.02715	1.10128	0.58241	1.33424	0.42357	0.58241	0.33885	0.84714	0.25414	0.47651	0.81537	0.49769	0.61417	0.96362	0.93185	0.57182	0.80478	0.83655	0.85773	1.10128	0.85773	0.81537	0.54005	0.81537	0.9848	0.65653	1.35542	0.99539	0.73066	0.3918	0.81537	1.04833	0.75183	1.06951	0.95303	0.70948	0.9848	0.60359	0.72007	0.75183	0.99539	1.36601	0.593	0.593	0.4871	0.4871	1.1754	1.41895	1.00598	0.79419	0.64594	0.74124	0.43416	0.58241	0.9848	0.88949	0.74124	0.80478	0.45534	0.47651	1.12246	1.41895	0.6883	0.91067	0.52946	0.83655	0.54005	0.82596	1.21776	0.43416	0.51887	0.76242	0.97421	0.47651	0.85773	1.53544	0.60359	1.09069	0.66712	0.56123	0.56123	0.86832	1.03774	1.16481	1.06951	0.83655	0.7836	0.57182	0.81537	1.23894	0.91067	0.82596	0.90008	0.58241	0.63535	0.49769	0.90008	0.79419	0.70948	1.13305	0.60359	0.90008	0.50828	0.66712	0.82596	0.55064	0.79419	1.55661	0.62476	0.86832	0.54005	0.3918	0.91067	0.64594	0.32827	0.46593	0.86832	0.82596	0.8789	0.24355	0.67771	0.54005	0.49769	1.14363	1.29188	0.50828	0.97421	1.04833	0.64594	0.57182	0.69889	0.7836
cell87	1.93636	1.29522	0.93256	1.47655	0.69942	1.19808	0.85485	1.1916	0.85485	1.26284	0.55047	0.97789	0.75771	0.76418	1.08151	1.45065	1.14627	1.1916	0.92608	0.77713	1.52189	1.64493	1.28875	1.07503	0.87428	1.90398	1.74207	1.3017	1.33408	1.25637	0.83542	1.21103	0.61523	1.21751	0.75123	1.45713	0.85485	1.07503	2.23426	0.84189	1.15275	0.88075	0.86132	1.65141	1.01027	1.3276	1.56074	1.17218	1.11389	1.31465	0.88723	0.98437	0.85485	1.27579	1.03618	0.93256	1.0297	1.39236	1.80684	0.69942	1.07503	1.12684	1.53484	0.84837	1.15922	1.21103	1.53484	1.04265	1.36646	1.26284	1.8975	1.04265	1.56074	0.7059	2.67463	1.0038	1.28227	1.35351	1.29522	1.02323	1.1657	1.4636	0.7318	0.38857	1.23046	1.56074	1.48951	0.79009	1.24989	1.32113	1.48303	1.70969	0.82894	0.88723	0.93256	1.56722	1.48951	0.75123	1.37294	0.91961	0.82247	0.46628	0.81599	0.99732	0.74475	0.4598	1.23694	1.23046	2.01407	1.23046	1.50893	0.97142	1.35998	0.58933	0.90666	1.12684	1.06856	1.08151	1.03618	2.10474	0.95846	0.5958	0.53752	1.01027	1.12684	0.77713	1.61903	1.32113	1.52836	0.97142	0.91961	1.39884	1.31465	1.04913	0.81599	1.44417	0.95199	1.1398	1.21103	1.86512	1.84569	0.90018	1.17865	0.62818	1.50893	1.25637	0.91313	0.7059	0.93256	0.76418	1.98169	1.48303	1.24341	0.58285	1.50246	1.24341	0.5958	1.58017	1.78741	0.69294	0.85485	0.82247	1.04265	1.81331	0.99085	1.10094	1.03618	0.53752	1.35351	2.3573	1.09446	2.12416	1.35351	1.63846	1.12037	1.38589	0.58285	1.52189	0.85485	0.84189	1.24341	1.23046	1.61255	1.85217	0.58933	1.63198	0.66704	1.56722	0.4339	0.80951	1.61903	1.50246	1.02323	1.5737	1.7356	0.80951	1.26284	1.23694	0.90666	1.04913	1.11389	1.38589	1.11389	1.07503	1.34056	0.98437	1.56074	1.0038	1.70322	0.71885	1.79388	0.93904	1.56074	1.70969	1.92988	2.44149	2.15655	1.72912	1.18513	1.19808	1.28875	0.98437	1.34056	1.7356	1.24341	0.78361	1.08799	1.23694	1.03618	2.40911	1.07503	2.86244	1.77445	1.37941	1.24341	1.32113	0.90018	1.36646	1.47008	0.55047	0.75123	1.51541	0.82247	1.48951	1.19808	0.71885	0.50514	0.37561	0.67352	0.49218	0.90666	0.58933	0.47923	0.92608	0.69294	0.81599	1.02323	0.77713	0.62818	0.73828	0.99085	0.31085	0.80951	0.54399	1.30817	0.71237	1.1398	1.47008	0.71885	1.02323	0.75123	0.67999	0.40152	0.27847	0.67352	0.73828	0.69942	0.77066	0.82894	0.51809	0.99732	0.83542	0.60875	1.3276	0.44685	1.38589	0.53104	0.88075	0.85485	0.81599	0.90666	0.99085	1.1398	1.63198	0.77066	0.80304	0.408	0.50514	0.71885	0.62171	1.06856	1.14627	0.75771	1.05561	0.93256	0.64114	0.91961	0.53752	1.08151	0.81599	0.76418	0.88723	1.23694	0.57637	1.02323	0.87428	0.51161	0.47276	0.95199	0.67999	0.65409	0.68647	0.71237	1.1657	0.73828	0.78361	1.18513	0.37561	1.17865	0.79009	0.61523	1.01675	0.64761	0.49866	0.77713	0.58285	0.74475	0.77066	0.95846	0.81599	0.55047	0.44685	0.66056	0.96494	0.4598	0.93256	0.66056	0.57637	0.31085	0.77713	1.17865	0.79009	0.62818	0.80951	1.01027	0.72532	0.96494	0.63466	0.82894	0.67352	0.8937	0.51161	0.8937	0.82247	0.7059	0.74475	0.60875	0.83542	0.49218	0.66056	0.90018	1.23046	0.91961	0.8678	1.22399	0.63466	0.51809	1.0297	1.37294	0.408	1.06208	0.81599	1.06856	0.55695	0.86132	1.0038	0.84189	0.63466	0.58933	0.79656	0.47276	0.85485	0.90018	0.87428	0.4339	0.90018	1.32113	1.07503	0.68647	1.22399	0.99085	0.61523	0.81599	0.97142	0.72532	0.97142	0.57637	0.86132	0.66704	0.7059	0.75123	0.95199	0.69942	0.52457	0.85485	0.76418	0.56342	0.5958	0.95846	0.58933	0.99085	1.22399	0.47923	0.45333	0.97142	0.52457	0.96494	0.77713	0.4339	0.86132	1.08799	0.7059	1.01027	0.75123	0.88723	1.04265	0.44685	1.07503	0.72532	0.53752	0.99732	0.90018	0.4339	0.57637	0.80304	0.87428	1.23694	0.82247	0.82247	0.7318	0.96494	0.58285	0.69942	0.99085	0.90018	0.8937	0.61523	0.62818	0.50514	0.60875	0.79656	1.01675	0.7059	0.66056	0.57637	1.34056	1.1398	1.30817	0.53752	0.68647	0.97142	0.80304	0.408	1.0297	0.90018	0.90666	0.48571	0.58285	0.90666	1.10742	0.85485	0.90666	1.17218	0.90018	0.79009	0.55047	1.12037	0.93904	0.16838	0.36914	0.77066	0.98437	0.83542	0.87428	0.62818	0.58933	1.01675	1.01675
cell88	0.77852	0.63337	0.8181	1.86052	0.60698	0.67296	0.69935	1.97928	1.55703	0.541	0.63337	0.8313	1.13479	1.31952	0.68615	0.80491	0.65976	1.01603	0.98964	0.69935	1.04242	0.88408	0.80491	0.88408	0.93686	1.41189	1.05562	0.84449	1.17437	0.79171	1.14798	0.76532	1.1084	0.91047	0.68615	0.91047	0.8313	0.93686	0.68615	0.71254	0.67296	0.76532	0.65976	1.12159	0.97644	0.97644	1.46467	0.8313	1.53064	1.13479	1.6494	3.0349	1.93969	0.91047	2.95572	1.74177	1.0952	1.67579	1.3855	2.90294	1.25354	2.7446	1.16118	1.41189	1.88691	0.87088	1.51745	0.73893	0.85769	1.70218	1.3723	2.32235	1.25354	1.21396	1.70218	0.8181	1.59662	1.02923	0.71254	1.30632	0.68615	0.48822	0.64656	0.72574	0.0	0.0	0.0	0.38266	0.48822	0.32988	0.84449	0.77852	0.89727	1.02923	1.33272	0.8181	0.8313	1.0952	1.13479	0.88408	0.8181	0.48822	1.41189	0.36947	0.58059	0.96325	1.35911	0.8181	1.00284	0.69935	0.76532	1.26674	0.95005	0.73893	0.77852	0.43544	0.76532	0.87088	0.71254	2.08484	0.67296	0.77852	0.50142	0.73893	0.75213	0.44864	0.8181	2.09804	0.71254	0.80491	0.69935	1.43828	0.95005	1.04242	0.65976	1.01603	1.41189	0.96325	0.60698	1.20076	0.79171	0.95005	0.2771	0.32988	1.05562	1.02923	0.91047	1.01603	0.65976	1.35911	0.58059	0.63337	1.27993	0.8181	0.63337	1.26674	1.00284	0.84449	0.98964	1.1084	0.91047	1.30632	1.01603	0.87088	1.08201	1.02923	0.93686	0.93686	1.12159	0.95005	1.00284	0.71254	1.33272	1.60981	1.29313	1.50425	1.18757	0.47503	0.76532	1.0952	0.5542	0.85769	0.68615	0.87088	0.541	0.95005	1.59662	1.00284	1.08201	0.8181	0.76532	0.93686	1.1084	1.08201	1.78135	0.67296	1.1084	0.91047	1.08201	1.18757	0.67296	0.84449	0.77852	0.67296	0.75213	1.08201	0.87088	1.04242	1.04242	1.1084	0.73893	1.82094	0.62017	1.21396	0.91047	0.79171	1.78135	1.30632	1.14798	0.98964	1.00284	1.26674	0.39586	0.52781	1.12159	0.75213	1.16118	0.68615	0.65976	0.84449	0.96325	0.97644	0.91047	1.22715	0.89727	1.08201	1.42508	0.79171	1.74177	0.96325	0.76532	0.71254	0.84449	1.26674	1.27993	1.00284	0.60698	1.31952	0.64656	1.1084	0.62017	1.14798	1.29313	1.27993	1.45147	0.62017	0.68615	0.95005	0.87088	1.02923	0.25071	1.27993	0.541	1.20076	1.05562	0.60698	0.97644	1.18757	1.04242	1.04242	0.46183	0.43544	1.01603	1.29313	0.8313	0.39586	0.8181	0.73893	1.6362	0.72574	0.88408	0.69935	1.08201	1.00284	0.93686	0.50142	0.95005	0.98964	1.17437	1.30632	1.42508	1.22715	0.73893	1.24035	1.08201	1.74177	0.72574	0.77852	0.67296	1.08201	0.93686	1.01603	0.87088	1.20076	1.31952	1.35911	0.84449	1.02923	0.89727	1.24035	0.65976	1.47786	0.8181	0.97644	0.98964	1.33272	0.39586	1.08201	1.45147	0.85769	0.8181	1.01603	0.71254	1.6494	1.25354	0.95005	0.88408	1.17437	1.39869	1.24035	0.95005	1.06881	0.92366	1.39869	1.27993	1.55703	1.53064	1.05562	0.60698	1.31952	0.80491	1.14798	1.06881	1.01603	0.64656	0.97644	0.69935	0.92366	1.78135	1.16118	0.89727	1.06881	0.88408	0.60698	1.25354	0.8313	0.75213	0.62017	1.24035	1.45147	0.97644	1.76816	1.45147	0.98964	0.71254	1.20076	0.64656	0.8313	0.95005	0.8313	0.541	0.63337	1.20076	1.51745	1.30632	0.97644	1.20076	1.57023	0.73893	0.91047	0.79171	0.47503	0.87088	1.04242	1.42508	1.24035	0.71254	0.8313	1.01603	1.01603	0.8181	0.43544	0.89727	1.30632	0.59378	1.16118	0.52781	0.50142	1.06881	1.02923	0.64656	1.06881	1.76816	1.27993	0.89727	0.60698	1.29313	1.6362	0.43544	1.42508	0.51461	0.34308	0.65976	1.06881	1.0952	0.85769	0.77852	1.02923	1.31952	1.88691	1.88691	0.51461	1.3855	1.30632	0.44864	1.00284	1.3855	1.54384	1.39869	0.8181	0.8313	1.16118	0.48822	0.95005	0.79171	1.31952	1.99248	1.74177	0.73893	1.18757	0.64656	1.51745	0.96325	1.18757	1.54384	1.0952	0.73893	0.79171	0.52781	1.00284	0.89727	1.0952	0.88408	1.20076	0.77852	0.65976	0.92366	0.58059	0.88408	0.63337	0.64656	0.59378	0.8181	1.06881	0.89727	1.29313	0.64656	0.88408	0.46183	0.77852	0.96325	1.24035	0.8181	1.33272	1.18757	0.47503	0.95005	1.05562	0.96325	1.00284	1.04242	0.38266	0.60698	1.08201	0.67296	0.88408	0.69935	1.43828	0.51461	1.14798	1.46467	1.17437	0.65976	0.5542	1.13479	0.79171	0.93686	1.51745
cell89	0.77471	0.81844	1.23703	1.87429	1.49319	0.61227	1.56191	1.16831	1.01837	1.0496	0.83094	1.05585	0.70598	0.94339	1.43696	1.33075	1.11208	1.08709	1.54942	0.96839	0.95589	1.36199	1.0496	1.06835	0.99338	1.64938	1.63688	1.48069	1.0746	1.8618	1.38073	0.87467	1.13082	1.92428	1.0621	0.61227	1.1933	1.84306	1.48069	1.66187	1.09334	1.96176	1.48694	0.82469	1.58065	1.99925	0.78096	0.83718	0.74972	1.67437	1.24953	1.50568	1.10583	2.00549	2.23041	1.38073	0.85593	1.7181	0.74347	1.44945	1.36823	1.64313	1.29326	0.76221	1.5869	1.37448	1.49944	1.05585	1.34949	1.22454	1.13707	1.66812	0.90591	1.35574	0.49981	2.19917	0.76221	1.5994	1.09334	0.82469	1.18705	0.88717	0.54355	0.81219	1.78683	1.49319	0.76846	1.54942	1.36823	1.79307	0.99962	0.76221	1.37448	0.85593	1.30576	1.54942	1.35574	1.30576	1.337	1.02461	1.44945	1.40572	1.22454	0.72473	0.88092	1.15581	1.16831	1.03086	0.98713	1.26202	1.4557	0.3936	1.38698	0.58728	1.18081	0.83718	0.6685	0.63101	1.39323	1.38698	0.88092	0.99338	0.57478	0.99338	0.83094	1.5869	0.80595	2.26165	0.94964	0.92465	1.83056	1.4682	0.64351	1.50568	1.46195	0.60602	0.99338	1.993	1.12458	1.43696	1.44945	1.33075	1.63688	0.98088	0.75597	1.41822	0.99962	1.23079	0.71848	1.26827	1.71186	1.03711	1.26202	1.43696	0.98088	1.95551	0.83094	1.26827	1.09334	1.9805	0.90591	1.31201	1.01212	0.94964	1.96801	1.34324	2.07422	0.57478	1.04336	0.63101	1.2058	1.37448	1.25578	0.88092	1.44321	1.29326	0.9184	1.41822	1.24953	0.74972	0.76221	1.72435	0.95589	1.54942	1.10583	1.46195	1.2058	1.01837	1.21204	1.01212	0.99338	0.76221	1.78058	1.28702	0.72473	0.68724	1.5994	0.64351	0.84343	1.41197	1.11833	0.89341	0.79345	1.08084	0.89966	1.18705	1.02461	0.70598	0.78096	0.76846	1.26202	0.656	0.69974	1.51818	1.29951	1.09334	1.5869	1.5994	0.64976	0.58728	1.7181	1.64313	1.34324	1.34324	1.66812	1.08709	0.97463	1.0621	1.71186	1.13707	1.52443	0.74972	0.84968	1.28077	0.96839	1.36823	0.77471	1.37448	1.66187	1.63064	1.26827	0.91216	1.49944	1.18705	0.7872	0.62476	0.74972	1.05585	0.61227	0.34987	0.7997	0.88092	0.69349	0.93715	0.74972	0.80595	1.9805	0.68724	0.46233	0.63726	0.91216	1.0496	0.86218	0.83718	0.76846	0.2624	0.64976	0.90591	0.43734	0.92465	0.2624	0.81844	0.70598	0.64976	0.45608	0.58103	0.49356	0.97463	0.92465	0.24366	0.96839	0.96839	0.68099	0.49981	0.98088	0.88092	0.71223	0.38735	0.51231	1.10583	0.59977	0.9309	1.01212	0.62476	0.66225	0.73097	0.85593	0.68099	0.84968	0.81844	1.23703	1.01212	0.89966	0.64351	0.55604	0.90591	0.59353	1.15581	0.95589	0.94964	0.68099	1.01212	1.01837	0.54355	0.61227	0.94339	1.00587	1.25578	0.74972	0.89966	1.23703	0.71848	1.18081	1.12458	0.83718	0.60602	0.93715	0.89341	1.337	0.68099	0.71848	0.61852	0.94964	0.51231	0.6685	0.41859	0.96839	0.56229	0.85593	0.86842	1.2058	0.89341	0.69349	1.06835	0.36861	0.61852	1.00587	0.34362	0.9184	0.2749	0.72473	0.95589	0.7997	0.9309	0.67475	0.94339	0.84968	1.09334	0.44358	0.29989	0.84968	0.98088	0.98713	0.48732	1.66187	0.58103	0.68724	0.50606	0.84968	0.5248	1.12458	1.13082	1.12458	0.71223	0.83094	0.74347	0.81219	0.64351	0.75597	1.08084	0.98088	1.14332	0.94339	0.9309	0.62476	1.11833	0.68724	0.64976	0.55604	0.81844	0.73722	1.0746	1.01212	0.83094	1.12458	0.70598	0.83094	0.94964	0.81219	0.68724	0.92465	0.61227	0.97463	1.03711	1.47444	0.94964	0.93715	0.86218	0.99962	0.64351	0.49981	0.81844	1.03086	0.81844	0.99338	0.80595	0.82469	0.77471	0.55604	0.6685	0.44983	0.63101	1.22454	0.81219	0.49981	0.87467	1.12458	0.66225	1.38073	1.43696	0.94339	1.03086	0.41234	0.56854	0.9309	0.83718	0.7872	1.29951	0.76846	0.98713	0.64351	0.86842	1.0621	0.84343	0.66225	0.83718	0.58103	0.56229	0.71223	0.60602	0.99338	0.88717	0.49981	1.0621	0.70598	0.70598	0.21242	0.71223	0.73097	1.33075	0.60602	0.91216	0.57478	1.22454	0.66225	0.49981	0.72473	0.68724	1.16206	0.49981	0.76846	1.11208	0.77471	0.33737	0.43734	0.63101	0.59353	0.53105	0.64351	0.84343	1.0746	0.33113	1.03711	0.83718	0.39985	0.72473	0.59977	0.96214	0.96839	0.57478	1.33075	1.53067	0.94964	0.7872	0.99338	0.72473	0.28114	0.72473
cell90	1.42572	1.01837	1.46344	1.041	1.01837	1.23714	1.96886	1.10135	1.19187	1.38046	1.89342	1.56151	1.26731	1.29748	1.13153	0.8675	0.95803	1.25977	1.56905	1.38046	1.18433	1.18433	0.98066	0.58085	1.59922	1.53133	0.99574	1.041	2.41392	0.78453	1.16924	1.42572	0.6412	1.22205	0.8675	1.19942	1.00329	1.1089	1.22959	1.13153	1.91605	1.12398	1.29748	1.02592	1.60677	1.23714	0.9354	0.83733	0.77698	1.30503	1.27485	1.10135	1.02592	1.18433	0.74681	1.74255	0.74681	1.30503	0.90522	1.67466	1.44081	1.53888	1.00329	0.9354	1.25977	0.79961	1.13153	1.13907	0.97311	0.83733	0.82979	0.42244	1.38046	0.97311	1.19187	1.29748	1.00329	1.66712	1.68975	0.85242	1.19942	1.5087	1.03346	0.85996	1.38801	1.42572	1.4559	1.28994	1.16924	1.48607	0.84487	0.83733	1.22205	1.69729	1.48607	0.70909	0.70909	1.25977	1.14661	0.66383	1.13907	0.74681	1.01837	0.89768	0.9882	2.29323	1.12398	1.9236	1.09381	0.71663	0.8147	0.72418	1.27485	1.04855	1.37292	2.60251	1.41064	1.84816	0.85996	1.22205	2.19516	0.90522	1.16924	0.79961	0.95048	1.36538	0.67137	1.6294	1.44835	1.46344	1.87833	1.20696	1.12398	1.44835	0.49033	0.95048	1.29748	1.50116	1.48607	1.31257	0.98066	0.96557	1.86325	1.21451	1.21451	1.6822	1.81044	0.62611	0.67137	1.59922	1.11644	2.12727	1.27485	0.71663	1.30503	0.51296	1.21451	1.03346	1.78781	1.041	1.21451	1.40309	1.15416	1.34275	0.78453	1.19942	0.73172	0.9354	0.88259	1.19942	1.84816	0.92031	1.08627	1.01083	1.18433	1.48607	1.47853	1.44081	1.01083	0.76944	1.3352	1.30503	0.70909	0.85996	1.75764	1.47853	1.79536	1.26731	1.52379	0.56576	0.95803	0.98066	1.01837	1.1089	1.22205	0.82224	1.01837	1.09381	1.87079	1.10135	0.72418	1.22205	1.1089	1.81799	0.53559	0.55822	1.29748	0.75435	1.71992	1.01837	1.73501	0.78453	1.81044	1.43327	1.40309	1.3352	1.58414	1.01837	0.73172	1.32011	1.15416	0.85996	1.09381	0.66383	1.13153	1.52379	1.22205	1.9236	1.89342	0.85996	1.18433	1.51625	1.23714	0.77698	1.34275	1.11644	1.04855	1.41064	0.84487	1.73501	1.40309	1.02592	0.99574	2.02166	0.49787	0.94294	1.02592	0.6412	0.82224	0.44507	0.70909	0.95803	0.82224	1.55396	0.73172	0.73172	0.44507	0.67892	0.9354	0.63365	0.49033	1.12398	0.6412	0.46015	1.03346	0.62611	0.60348	1.40309	0.80716	0.37718	0.61102	0.73172	0.77698	0.38472	0.59594	0.79207	0.43752	0.9354	0.95048	1.01837	0.67137	0.70909	0.63365	0.89768	1.32011	0.89013	0.54313	1.28994	1.15416	0.71663	0.84487	0.6412	0.85242	0.57331	0.32437	0.39226	0.55822	0.92785	0.42998	0.70909	0.98066	1.17679	1.01083	0.79961	1.1089	0.5205	1.07872	0.71663	0.79207	0.95048	0.76189	0.63365	1.01083	0.62611	0.53559	1.13907	0.78453	1.09381	0.97311	0.94294	0.79961	0.43752	0.76189	0.68646	0.44507	0.48278	0.75435	0.49787	0.71663	0.65629	0.96557	0.82224	1.29748	0.58839	0.51296	0.59594	1.11644	0.92785	0.73172	0.98066	0.4677	1.00329	0.92785	0.83733	0.58085	1.2824	0.56576	1.1617	0.95048	1.36538	1.23714	0.94294	1.10135	0.67892	0.61857	0.70909	0.60348	1.07118	1.18433	1.13907	0.62611	0.96557	0.91276	0.42244	0.59594	0.95803	0.68646	0.51296	0.71663	0.90522	0.83733	0.9354	0.50542	0.5205	0.84487	0.80716	0.98066	1.35783	0.8147	0.89768	1.09381	0.55068	0.4677	0.62611	0.80716	1.47098	0.65629	1.14661	0.90522	0.73926	0.85242	0.76944	0.47524	0.73926	0.77698	0.82979	0.51296	0.85996	0.72418	1.12398	0.79207	0.6412	1.10135	0.83733	0.8147	1.06364	1.1617	0.62611	0.54313	0.92031	0.95048	1.20696	0.51296	1.10135	0.56576	0.67892	0.60348	0.54313	0.99574	0.98066	0.52805	0.4677	0.60348	1.07872	0.56576	0.74681	0.73172	0.55822	0.92785	0.73926	0.48278	0.77698	0.85242	1.49362	0.76944	0.70909	1.08627	0.84487	0.95803	0.9354	1.13153	0.53559	0.42998	0.73172	1.12398	0.347	0.55822	0.694	0.78453	0.79207	1.11644	0.82224	0.76189	0.694	0.89768	0.97311	0.79961	1.32011	1.1617	0.52805	0.63365	1.08627	0.4677	0.76189	0.63365	1.00329	0.97311	0.70155	1.07118	0.91276	0.85242	0.95803	0.60348	0.60348	0.91276	0.76944	1.06364	0.44507	1.16924	0.48278	0.94294	0.76189	1.17679	0.58839	0.75435	0.58839	0.47524	0.77698	0.89013	0.52805	0.75435	0.66383	1.22205	0.42998	0.63365	0.82224	0.694	0.46015
cell91	1.20551	1.22324	1.65758	0.57616	1.38279	1.67531	0.67367	1.37393	1.31188	0.80663	1.66644	1.7994	0.98391	1.21437	1.24097	2.26033	1.48916	0.99277	0.83322	0.71799	1.41825	0.61162	1.32074	0.7889	0.913	0.94845	1.68417	1.19665	0.68253	0.84208	1.24097	2.01214	1.24097	1.39166	1.54234	1.52462	1.74622	0.913	0.61162	1.59553	1.17892	1.48916	0.913	1.56007	0.99277	1.06369	1.47143	1.09028	1.02823	1.64871	0.81549	1.5778	1.21437	0.7889	1.56007	1.2321	1.33847	1.14346	0.87754	0.79776	1.25869	1.02823	1.4803	0.68253	0.98391	0.97505	1.56894	0.94845	1.11687	1.44484	0.80663	0.913	2.08305	1.40938	1.32074	1.29415	1.54234	0.93073	1.2321	0.95732	0.77117	1.39166	0.6648	1.69303	0.58503	1.26756	1.18778	1.06369	1.1346	1.22324	1.22324	1.18778	1.86145	1.25869	1.3562	0.65594	1.87031	1.10801	0.79776	0.84208	1.22324	0.79776	0.85095	1.40938	2.2692	1.09914	1.4803	0.81549	1.01937	0.98391	0.71799	0.99277	0.80663	0.77117	1.07255	1.0105	2.0476	1.54234	1.27642	0.73572	1.02823	1.17005	1.37393	1.40938	0.62935	1.32074	1.17005	1.06369	1.18778	1.44484	1.15233	0.74458	1.18778	0.82436	0.52298	2.26033	0.86868	0.84208	1.27642	1.39166	0.85981	1.16119	0.49639	1.41825	0.94845	1.59553	1.08141	0.46093	1.51575	1.64871	0.78004	0.6914	0.95732	1.44484	0.94845	1.63099	1.77281	2.31352	1.78167	1.17892	1.00164	1.85259	0.55844	1.4803	0.55844	1.03709	1.05482	0.99277	1.4803	0.86868	0.97505	1.18778	1.25869	0.68253	1.08141	0.90413	1.66644	1.77281	0.93073	1.07255	0.78004	1.01937	0.57616	1.17005	1.11687	1.2321	0.85981	0.90413	1.47143	1.0105	1.17892	1.17892	1.02823	1.2321	1.19665	1.74622	1.76395	1.21437	1.36506	1.32074	1.42711	1.06369	1.56894	0.73572	0.95732	1.5778	1.2321	0.73572	1.02823	2.25147	1.05482	0.61162	1.01937	1.56894	1.01937	1.19665	1.01937	0.94845	1.49802	1.09914	1.03709	0.54957	1.48916	1.24097	1.04596	1.16119	1.26756	0.98391	1.19665	0.85981	1.20551	1.52462	1.19665	0.70912	1.05482	0.7889	1.2321	1.08141	0.64708	1.2321	0.77117	1.5778	0.80663	0.95732	1.21437	1.30302	0.70026	0.45207	0.62048	0.31024	0.87754	0.70912	0.60276	0.68253	0.73572	0.93959	0.93959	0.8864	0.92186	1.03709	0.75344	0.913	0.81549	0.46093	0.42547	0.51411	0.85981	0.41661	0.60276	1.69303	0.98391	0.74458	1.32074	0.81549	1.43598	0.83322	0.913	0.54957	0.62048	0.81549	0.35456	0.72685	0.58503	0.59389	0.84208	1.27642	0.77117	1.15233	0.54071	0.63821	0.92186	1.0105	0.26592	1.05482	0.3457	0.54071	0.4432	1.22324	0.49639	0.87754	0.78004	0.72685	0.94845	0.93073	0.60276	0.61162	0.98391	0.93073	0.6914	0.6914	1.14346	0.79776	0.73572	1.55121	1.21437	0.72685	0.58503	0.95732	0.67367	0.62048	0.85095	0.67367	1.56007	0.94845	0.84208	1.31188	0.81549	0.54071	0.6914	1.31188	0.74458	0.84208	0.55844	1.01937	0.913	0.74458	1.05482	1.05482	1.91463	0.75344	0.89527	1.37393	0.81549	1.01937	0.59389	0.50525	0.29251	0.57616	0.70026	0.54957	1.05482	1.49802	0.89527	0.62935	0.71799	0.94845	0.51411	0.89527	0.77117	0.53184	0.98391	0.61162	0.86868	0.32797	0.92186	1.0105	0.54957	0.58503	0.70026	1.04596	1.07255	1.48916	0.6648	0.97505	1.09914	0.86868	0.27479	0.5673	0.85981	0.92186	1.11687	0.70026	0.90413	1.1346	0.84208	0.79776	0.30138	1.03709	1.22324	0.46093	1.17005	0.85981	0.73572	0.5673	0.87754	1.06369	0.39002	0.92186	0.79776	1.25869	0.93073	0.50525	0.90413	1.21437	0.83322	1.31188	1.05482	0.63821	1.16119	0.37229	0.87754	0.62935	1.09028	1.65758	0.52298	0.71799	0.6914	0.80663	1.05482	0.68253	0.53184	0.87754	0.73572	0.79776	0.63821	1.14346	1.05482	1.46257	0.63821	0.70026	0.89527	0.96618	0.54071	0.70912	1.01937	0.95732	1.56007	0.84208	0.81549	1.02823	0.33683	0.62048	1.59553	1.47143	0.5673	0.59389	0.5673	0.95732	0.79776	0.74458	0.76231	1.09914	1.08141	0.6914	0.93073	0.47866	0.94845	1.4803	0.63821	0.73572	0.65594	0.98391	0.89527	0.47866	0.65594	0.92186	0.58503	0.6648	1.27642	0.54957	1.94123	0.71799	0.79776	0.27479	0.57616	0.63821	1.44484	1.30302	0.77117	0.55844	0.59389	0.85981	0.41661	0.73572	0.47866	0.64708	0.913	0.62935	0.62935	1.42711	0.71799	0.73572	1.4537	0.64708	0.59389	0.68253	0.79776	0.50525
cell92	1.46148	1.65691	1.20657	1.09611	1.86934	0.91767	1.82685	1.42749	1.11311	1.44449	1.82685	1.04513	1.79286	0.8497	0.82421	1.30854	1.6994	0.8497	1.16409	1.09611	1.21507	1.51246	1.34252	1.1301	1.34252	1.24906	1.76737	1.29154	0.89218	1.24906	1.58044	1.26605	1.49547	1.18108	0.88369	0.78172	1.67391	1.50397	0.96016	1.48697	1.37651	1.21507	1.46998	1.19808	1.61443	0.73074	1.71639	1.07062	0.76473	0.88369	0.8327	1.89483	0.77323	1.29154	1.07062	1.42749	0.76473	1.24056	0.99415	1.86084	0.78172	0.88369	1.52096	0.93467	1.87783	0.79872	2.18373	1.30004	0.65427	0.82421	0.96866	0.94317	1.23206	1.30854	0.74773	1.26605	1.86084	0.71375	1.57194	0.8412	1.30854	1.37651	0.80721	1.47848	1.63142	1.57194	0.92617	0.90918	0.75623	1.44449	1.57194	1.42749	1.54645	0.89218	0.71375	1.48697	1.10461	0.79872	0.89218	0.81571	1.50397	0.86669	1.6824	1.1216	2.13274	0.79022	0.98565	1.08761	1.38501	0.97715	1.1301	1.42749	1.01114	1.37651	1.32553	1.32553	1.38501	0.90068	1.23206	1.31703	1.39351	0.82421	0.59479	0.97715	1.92882	1.4105	1.31703	0.75623	0.94317	1.05363	1.26605	0.48433	1.52096	0.98565	1.51246	1.38501	0.79872	1.402	1.46148	0.96016	1.63142	1.90333	0.97715	1.20657	0.79872	0.92617	0.33138	1.63992	0.98565	0.90068	0.81571	1.55495	1.36802	1.1301	0.72224	1.53795	0.96016	1.11311	1.26605	1.84385	2.77002	1.47848	1.35952	1.46998	1.26605	0.77323	1.28305	1.77587	1.30854	0.8412	1.46148	1.63992	0.81571	1.32553	0.86669	1.18108	0.90918	1.37651	1.36802	1.04513	1.05363	1.73339	0.76473	1.18958	0.8582	1.73339	1.08761	1.04513	1.46148	1.39351	0.94317	0.88369	0.89218	1.22357	1.31703	0.58629	1.24056	2.19222	1.18958	0.73074	1.17258	1.15559	0.69675	1.58894	1.26605	0.74773	1.52946	1.90333	1.52946	0.93467	1.51246	1.00264	1.31703	1.6824	0.8582	0.36537	1.17258	1.18958	1.27455	1.63992	0.8582	1.57194	1.38501	1.24906	1.23206	1.61443	1.39351	1.15559	1.45299	0.96016	1.46998	1.61443	1.63142	1.35952	0.52681	0.97715	0.75623	0.93467	1.46998	0.51832	0.94317	0.96016	1.07062	1.87783	0.5608	0.5608	0.94317	0.31439	0.50982	0.46733	1.25755	0.47583	0.61178	0.74773	0.33988	0.94317	0.67976	0.95166	0.70525	1.35102	0.68826	0.88369	0.42485	1.02814	0.39086	0.78172	0.52681	0.73074	0.77323	0.79872	1.16409	0.82421	0.62878	0.70525	0.98565	0.86669	1.15559	0.68826	1.30004	0.26341	0.65427	1.02814	0.58629	0.72224	1.06212	0.8497	0.45884	0.46733	0.77323	0.72224	0.5608	0.8582	0.5693	0.50982	0.37387	1.24056	0.64577	1.03663	0.8497	0.49283	0.59479	0.95166	1.1216	0.8327	0.74773	0.67976	0.59479	0.68826	0.69675	0.67976	0.91767	1.07062	0.88369	0.8582	0.87519	1.01964	0.5523	0.67976	1.07062	0.51832	0.65427	0.65427	0.93467	0.96866	0.40786	0.67126	1.04513	0.59479	0.64577	0.79022	0.50132	0.78172	0.8412	1.31703	0.80721	1.17258	0.91767	0.75623	0.74773	0.74773	0.90068	0.67976	0.38236	1.23206	0.8497	0.32289	0.89218	0.78172	0.62878	0.76473	1.24906	0.62878	0.5778	1.06212	0.99415	0.53531	0.5693	0.96016	1.28305	0.58629	0.63727	0.29739	0.65427	1.10461	1.09611	1.10461	0.8327	0.89218	0.65427	1.1386	1.60593	1.08761	0.87519	1.06212	1.30854	0.72224	0.81571	0.52681	1.05363	0.67976	1.05363	0.65427	0.73074	1.01114	0.58629	1.02814	0.76473	0.99415	0.45884	0.73074	0.75623	0.35687	0.65427	0.5523	0.40786	0.62878	0.8497	0.80721	0.39086	0.90068	0.8497	0.88369	0.75623	0.33988	0.86669	0.87519	0.91767	1.49547	0.77323	0.61178	0.59479	0.79022	0.39086	0.65427	1.03663	1.19808	0.72224	0.81571	1.22357	0.75623	0.92617	0.25491	0.25491	1.03663	0.51832	0.74773	0.79872	1.1386	0.75623	0.41635	1.04513	1.63142	0.8497	0.73074	0.78172	0.44184	0.8327	1.4105	0.42485	0.61178	0.68826	0.39086	0.45034	0.33988	0.5778	0.75623	1.24906	1.00264	0.70525	0.62028	0.63727	0.60329	1.11311	0.77323	0.90918	1.01964	0.77323	0.73924	0.81571	0.8497	0.67126	1.1216	0.67126	1.07912	0.70525	0.50982	0.93467	0.50982	0.48433	0.97715	0.80721	0.90918	0.62878	0.8582	0.8497	0.75623	0.8582	0.82421	0.92617	1.1386	0.63727	0.5523	0.82421	0.66277	0.8582	0.8327	0.50132	1.33403	1.02814	1.09611	1.20657	1.48697	0.52681	0.33138	0.66277	0.69675	0.64577	0.8327
cell93	1.1117	1.1218	0.64681	1.01063	0.72766	2.26382	0.85904	0.84893	1.17234	1.24308	1.19255	0.70744	1.77872	1.56648	1.70797	1.02074	1.23297	1.04095	1.45531	1.07127	1.9101	1.44521	1.07127	1.78882	0.72766	0.59627	1.04095	1.20265	1.66755	0.84893	1.1218	1.13191	0.82872	1.21276	1.13191	1.46542	1.06117	1.32393	0.62659	0.93989	1.03085	1.03085	0.46489	0.95	1.13191	1.00053	1.56648	1.01063	1.7585	1.03085	0.72766	0.87925	1.35425	1.62712	1.34414	1.84946	1.81914	1.24308	1.30372	1.35425	0.70744	1.16223	1.09148	0.99042	1.2734	0.58617	1.4351	0.78829	1.05106	1.54627	0.58617	1.34414	0.93989	0.82872	0.92978	1.67765	0.83883	1.52606	0.51542	0.65691	1.17234	1.64733	1.22287	1.03085	1.1117	1.53616	1.35425	1.26329	1.36436	0.9601	0.81861	0.51542	1.15212	1.45531	1.07127	0.74787	1.44521	1.63723	0.54574	1.48563	1.23297	1.44521	1.50584	1.56648	1.20265	0.76808	1.17234	1.66755	1.17234	1.7484	1.5867	1.37446	0.67712	2.16276	0.77819	1.77872	0.54574	1.63723	1.00053	1.31382	1.20265	0.58617	2.57712	0.97021	1.67765	1.04095	0.57606	0.83883	2.3851	1.71808	0.87925	0.86915	0.98031	0.87925	1.72818	1.34414	1.34414	0.88936	1.40478	1.53616	1.87978	1.13191	1.40478	1.97074	1.26329	0.75798	1.34414	1.42499	1.4351	1.61701	1.19255	0.85904	1.13191	2.17286	1.22287	1.06117	0.98031	1.17234	1.38457	1.95052	0.84893	1.30372	1.16223	1.2734	1.00053	1.98084	0.6367	1.30372	0.82872	1.13191	0.99042	0.9601	1.4351	1.52606	1.18244	1.21276	1.61701	1.7585	0.90957	1.36436	0.70744	0.89946	1.22287	0.97021	2.51648	1.1218	0.86915	1.15212	1.28351	1.02074	1.19255	1.08138	1.16223	0.90957	0.56596	0.99042	1.34414	1.57659	1.93031	1.00053	1.40478	0.45479	1.29361	1.04095	0.92978	1.67765	1.07127	1.38457	3.76966	1.21276	1.67765	1.31382	1.84946	0.98031	0.87925	0.35372	1.40478	1.71808	1.72818	0.98031	0.85904	1.17234	0.83883	1.60691	0.4851	1.10159	0.75798	1.22287	1.60691	1.38457	1.4351	1.30372	1.23297	0.56596	1.37446	1.03085	1.15212	0.77819	1.15212	2.24361	1.85957	0.80851	1.46542	1.30372	0.66702	0.62659	0.59627	0.74787	0.70744	0.9601	0.36383	0.76808	0.40425	0.75798	0.45479	0.45479	1.26329	0.475	0.83883	0.77819	0.77819	0.75798	0.51542	0.4851	0.70744	0.81861	0.50532	1.2734	1.49574	1.07127	0.83883	0.67712	1.04095	0.6367	1.09148	0.65691	0.58617	0.58617	0.61649	0.76808	1.06117	0.97021	0.76808	0.85904	0.42447	0.51542	0.87925	1.4351	0.61649	1.20265	1.13191	0.76808	0.54574	0.38404	0.60638	0.41436	0.86915	0.52553	1.01063	0.87925	0.64681	0.77819	0.64681	1.04095	0.76808	0.37393	0.86915	1.13191	1.14202	0.45479	0.85904	0.69734	0.73776	0.75798	1.05106	0.93989	0.90957	0.87925	0.80851	1.00053	1.37446	0.97021	0.51542	0.7984	0.93989	0.74787	1.32393	0.69734	1.05106	0.67712	0.72766	0.83883	0.6367	0.3133	0.92978	0.59627	0.25266	0.86915	0.62659	0.81861	0.93989	0.30319	0.67712	0.85904	0.62659	0.97021	0.53564	0.50532	0.6367	1.04095	0.6367	0.62659	0.62659	0.59627	0.50532	1.48563	0.74787	0.99042	0.83883	0.64681	1.02074	0.81861	0.99042	0.65691	0.41436	0.55585	0.84893	0.41436	0.71755	1.67765	0.67712	0.24255	1.04095	0.56596	0.43457	0.75798	0.69734	0.58617	0.90957	0.98031	0.71755	0.87925	0.84893	0.90957	0.91968	0.70744	0.72766	0.90957	0.77819	0.93989	0.53564	0.85904	0.7984	0.76808	0.73776	0.77819	0.62659	1.17234	0.7984	1.47553	0.35372	1.34414	0.81861	0.70744	0.38404	0.51542	0.52553	0.70744	0.66702	0.81861	0.76808	0.83883	0.88936	0.65691	0.95	0.64681	0.44468	0.84893	0.70744	0.38404	0.52553	0.74787	0.27287	1.07127	1.18244	0.475	0.6367	0.49521	0.52553	0.53564	0.70744	0.67712	0.70744	0.84893	0.70744	0.91968	0.51542	1.02074	0.34362	0.66702	0.99042	0.80851	0.64681	1.04095	0.57606	1.05106	0.77819	0.57606	0.66702	0.75798	0.90957	1.44521	1.01063	1.40478	1.45531	1.17234	0.70744	0.7984	0.64681	0.71755	1.30372	0.66702	1.36436	0.69734	0.7984	0.67712	0.30319	0.55585	1.29361	0.70744	1.16223	1.10159	1.29361	0.57606	1.50584	0.77819	0.59627	0.80851	0.77819	0.84893	0.49521	0.69734	1.34414	0.43457	1.01063	0.80851	0.67712	0.9601	0.97021	0.75798	0.83883	0.53564	0.45479	1.32393	0.49521	0.97021	1.23297	0.57606
cell94	1.01374	1.18726	1.07767	0.88588	1.73522	1.032	1.51604	1.01374	1.1142	1.82655	0.87674	0.5845	0.61189	0.84021	0.43837	0.78542	0.78542	0.73062	0.95894	1.15073	0.84935	0.5297	1.41558	0.73062	0.79455	1.10506	1.31512	1.12333	1.32425	0.88588	0.60276	0.84021	0.85848	0.90414	1.09593	0.86761	1.13246	0.80368	1.15986	1.07767	1.28772	0.79455	1.5069	0.84935	0.87674	0.94067	1.16899	0.78542	0.64843	0.84021	0.72149	1.75349	0.5023	0.86761	0.94067	1.65303	1.65303	0.87674	1.10506	0.83108	0.70322	1.18726	1.1142	0.70322	0.96807	1.38818	1.06853	0.77628	1.09593	0.75802	1.17813	0.82195	2.0366	1.33338	1.02287	1.36078	1.60736	0.56623	1.18726	0.95894	1.13246	1.20552	0.9772	0.92241	1.032	0.45664	0.84021	1.40644	1.86308	0.64843	1.42471	1.09593	0.92241	1.60736	0.52057	0.84935	1.01374	0.98634	0.82195	1.49777	0.71235	0.71235	1.20552	1.26945	1.26945	0.76715	1.35165	0.88588	0.87674	0.87674	1.36991	0.94067	1.35165	1.22379	1.23292	1.70783	0.74889	0.68496	0.69409	1.5617	0.75802	0.51143	0.98634	1.42471	1.88135	1.032	0.63929	1.46124	0.62103	0.76715	1.29685	1.05027	1.14159	0.78542	1.13246	1.05027	0.86761	1.25119	1.27859	1.78089	0.94981	1.37905	0.84021	0.75802	1.68043	1.07767	1.16899	0.87674	0.4749	0.90414	1.26032	1.05027	0.90414	1.45211	0.86761	0.60276	1.02287	1.15986	0.99547	1.28772	0.96807	0.26485	1.71696	1.42471	1.26945	0.94067	0.59363	0.92241	0.63016	0.92241	1.85395	0.59363	1.0046	0.73975	1.032	0.74889	0.93154	0.98634	0.73062	1.0046	0.79455	1.12333	0.69409	1.05027	1.89961	0.86761	0.45664	1.5891	0.74889	0.69409	0.5023	0.89501	0.56623	1.16899	0.46577	1.6165	0.79455	1.89048	0.91328	0.73062	0.9772	1.0046	0.88588	1.12333	0.90414	0.83108	0.85848	0.65756	0.84021	0.61189	0.65756	0.82195	0.59363	0.98634	1.0868	0.87674	1.16899	1.09593	1.67129	0.59363	0.5571	1.05027	0.49317	1.36078	1.40644	0.90414	0.63929	1.26032	0.68496	0.96807	1.41558	0.71235	1.44298	0.95894	0.5571	1.05027	0.38358	0.51143	0.64843	0.91328	1.06853	0.26485	0.62103	0.74889	1.14159	0.67582	0.56623	0.84935	0.98634	0.91328	0.63016	0.89501	1.92701	0.78542	0.83108	0.87674	0.94981	0.81282	0.82195	0.81282	0.72149	0.86761	0.99547	0.82195	1.6439	1.31512	0.74889	0.95894	1.39731	1.25119	1.10506	1.19639	1.0868	0.81282	0.63016	0.98634	0.51143	0.57536	1.29685	0.71235	1.15073	1.5343	0.73062	1.21466	1.34251	1.5069	1.25119	1.07767	1.09593	0.65756	0.88588	0.84935	0.74889	0.66669	0.61189	0.5297	0.51143	0.90414	0.94067	0.73062	1.05027	0.51143	1.72609	0.89501	0.9772	1.49777	0.83108	0.87674	1.28772	1.80829	0.96807	0.90414	1.36078	0.93154	1.07767	0.87674	0.98634	1.06853	1.01374	1.15073	0.76715	0.62103	1.23292	1.57997	1.032	1.76262	1.032	0.71235	1.23292	1.01374	0.96807	0.66669	0.84935	1.39731	0.74889	1.76262	0.93154	1.26945	1.01374	0.62103	0.83108	0.69409	1.05027	1.07767	1.36991	1.12333	1.49777	0.38358	1.13246	1.71696	1.032	0.75802	0.9772	1.0046	1.5891	1.28772	1.07767	0.99547	1.01374	1.15986	0.63929	1.04113	0.74889	0.68496	0.94981	0.79455	0.72149	0.84935	1.67129	0.85848	1.36078	1.10506	1.73522	0.67582	1.25119	0.54797	0.96807	1.13246	0.77628	1.17813	0.73062	0.78542	0.65756	0.4749	1.17813	1.66216	0.5845	1.20552	0.98634	1.19639	0.87674	1.0046	1.12333	0.90414	1.48864	0.65756	0.43837	0.91328	1.07767	1.34251	1.12333	0.64843	0.70322	1.10506	0.62103	1.04113	0.90414	1.36078	0.78542	1.10506	0.82195	0.93154	1.31512	0.78542	0.86761	1.01374	1.42471	0.82195	1.6439	0.89501	1.19639	0.92241	0.99547	1.04113	1.19639	1.0046	0.98634	0.90414	1.37905	0.94981	1.09593	1.02287	0.4475	0.74889	0.73062	1.63476	1.1142	1.07767	0.69409	1.22379	0.76715	1.52517	0.86761	1.32425	0.71235	0.80368	0.73975	0.66669	0.89501	1.38818	0.72149	1.25119	0.91328	0.80368	1.24205	0.85848	0.85848	1.0046	0.91328	0.88588	0.83108	1.49777	1.05027	0.71235	1.032	0.66669	0.84021	1.5069	1.0594	1.23292	1.21466	0.85848	0.71235	0.71235	0.94981	0.5571	1.04113	1.02287	1.04113	0.84935	0.80368	1.28772	1.15986	0.78542	1.59823	0.79455	1.18726	0.85848	0.67582	1.07767	0.76715	1.86308	0.63929	1.14159	0.82195	0.89501	0.73975	0.53883
cell95	0.94165	1.48381	0.67533	0.96067	0.95116	1.24602	0.87507	1.16993	1.41723	0.98921	1.65502	1.70258	0.59923	0.85605	0.86556	0.79898	1.50284	1.23651	1.35065	2.50156	1.94037	1.07481	1.14139	1.15091	1.04628	1.98793	1.30309	0.54216	1.30309	0.79898	1.52186	1.16042	1.27456	1.21749	1.16042	0.69435	1.18895	2.045	1.13188	2.2067	0.77995	0.66581	1.11286	0.85605	0.84653	0.89409	0.87507	1.36967	1.03677	1.39821	1.75965	0.75142	1.17944	2.11158	1.09384	1.7977	0.72288	1.51235	0.98921	0.89409	0.59923	0.818	1.58844	0.95116	0.88458	1.7216	1.16993	0.88458	0.47558	1.26505	1.87379	1.12237	1.03677	1.45528	1.37919	0.82751	1.21749	1.26505	1.68356	0.77044	1.30309	1.636	1.64551	0.73239	1.94037	0.71337	0.91312	1.33163	1.28407	1.43625	1.03677	1.55991	1.48381	0.73239	1.40772	0.75142	1.29358	1.20798	1.75014	1.51235	1.44577	1.0653	1.16993	1.23651	1.3126	1.05579	0.98921	1.33163	0.98921	1.08432	0.72288	1.95939	0.6563	1.10335	1.25553	1.18895	0.50412	1.42674	1.49332	0.95116	0.98921	0.59923	0.63728	1.18895	1.39821	1.51235	1.83574	1.29358	0.42802	2.12109	2.23523	1.10335	1.80721	1.11286	0.4946	1.227	1.0653	0.89409	1.26505	1.58844	0.89409	0.86556	1.41723	1.26505	1.98793	1.11286	1.08432	0.69435	1.48381	1.71209	1.08432	2.045	1.26505	1.03677	0.88458	1.07481	1.36967	0.34242	1.23651	0.60874	1.18895	1.16042	0.95116	1.51235	0.97019	1.28407	1.0653	1.01774	1.92135	1.01774	0.58021	2.10207	2.15914	1.3887	1.0653	0.41851	0.92263	1.32212	1.32212	1.91184	0.55167	1.19846	1.14139	1.16993	1.15091	1.67405	2.02598	1.17944	1.19846	1.51235	0.818	1.3126	0.91312	1.80721	1.16042	1.51235	1.7216	2.19718	1.08432	0.84653	0.77995	1.23651	1.33163	0.93214	1.12237	1.45528	1.17944	1.05579	1.08432	0.9797	1.02726	1.02726	1.55991	1.16042	0.44705	1.41723	1.17944	0.89409	1.45528	1.48381	1.29358	1.30309	1.24602	0.64679	1.73112	1.227	1.28407	0.9797	1.51235	1.58844	1.36016	1.37919	1.20798	0.87507	0.76093	1.67405	2.1306	1.53137	0.91312	0.77044	2.01646	1.32212	0.9036	0.58972	1.0653	0.58021	0.70386	0.58021	0.86556	0.71337	1.25553	0.61826	0.54216	0.73239	0.79898	1.46479	0.58021	0.818	0.77044	0.27584	1.14139	1.02726	0.71337	0.6563	0.63728	0.4946	0.94165	0.95116	0.52314	0.70386	0.54216	0.4946	0.64679	0.53265	1.07481	0.38046	1.27456	0.63728	0.94165	0.59923	0.99872	0.60874	0.70386	1.17944	0.69435	0.66581	0.63728	1.54088	0.80849	1.3887	0.68484	0.47558	1.34114	0.58021	0.3234	0.78946	1.0653	0.74191	0.83702	0.51363	1.50284	0.75142	0.75142	1.09384	0.54216	0.48509	1.30309	0.58021	1.09384	0.47558	0.818	0.9797	0.37095	0.44705	0.86556	0.66581	1.12237	0.88458	0.72288	0.42802	1.33163	1.08432	0.9036	0.83702	0.69435	0.99872	0.59923	0.6563	0.86556	0.42802	1.16993	0.72288	0.51363	0.77995	0.9797	0.38998	0.818	0.60874	1.08432	0.85605	1.03677	0.68484	1.01774	0.55167	0.9036	0.77044	0.29486	0.818	0.69435	0.52314	0.85605	0.63728	1.05579	1.26505	0.41851	0.44705	0.80849	0.89409	1.00823	0.45656	1.32212	1.05579	1.05579	0.83702	0.9797	0.78946	0.51363	0.58972	1.227	1.19846	0.93214	0.2473	1.19846	1.20798	0.69435	1.227	0.98921	0.73239	0.818	0.68484	0.56119	0.58972	0.54216	0.76093	0.5707	0.5707	0.47558	0.76093	0.77995	0.92263	0.80849	0.77995	0.5707	0.74191	0.62777	0.50412	0.19974	1.13188	0.87507	0.58972	0.68484	0.87507	1.09384	0.86556	0.78946	0.74191	0.96067	0.58972	0.63728	0.55167	0.34242	0.64679	0.54216	0.5707	0.67533	0.58021	0.87507	1.10335	0.72288	1.02726	0.818	0.58972	1.57893	0.63728	0.64679	0.96067	0.50412	0.54216	0.72288	0.6563	0.58021	1.08432	1.03677	0.85605	1.07481	0.39949	0.79898	0.71337	0.85605	1.01774	0.74191	1.74063	1.33163	0.43753	0.22828	0.75142	0.78946	0.82751	0.66581	0.80849	0.9797	0.36144	0.61826	0.91312	0.88458	0.88458	1.46479	0.76093	0.76093	0.67533	0.41851	0.91312	0.83702	0.43753	1.03677	0.71337	0.52314	0.70386	0.74191	0.73239	1.08432	0.51363	0.56119	0.74191	1.94037	0.93214	0.71337	1.02726	0.71337	0.52314	0.70386	1.36016	1.01774	0.54216	0.58972	1.01774	0.77995	1.55991	0.75142	0.55167	0.39949	0.66581	0.42802	0.92263	0.58972	1.00823	0.94165	1.21749
cell96	1.07752	1.31017	0.94283	1.11426	2.10607	2.51014	1.33466	1.16324	1.24895	1.31017	1.16324	1.75098	0.9061	1.78771	0.94283	1.5918	1.24895	0.83263	0.96732	0.94283	1.76322	1.76322	0.75917	1.5918	0.86937	1.10201	1.46935	1.49384	0.89386	0.99181	1.0163	1.40813	1.46935	2.06934	1.00406	1.91016	1.34691	0.96732	2.25301	1.33466	0.95508	0.83263	1.40813	0.88161	1.24895	1.04079	1.75098	1.43262	1.40813	0.95508	0.94283	0.82039	0.47754	1.65302	1.55506	1.15099	1.27344	1.24895	0.74692	1.94689	1.10201	1.38364	1.72649	1.2367	0.99181	0.88161	1.42037	1.4816	0.75917	0.95508	0.99181	1.35915	0.77141	1.26119	0.9061	1.33466	1.46935	1.0163	1.54282	1.28568	0.95508	0.64896	0.59999	0.88161	1.19997	1.32242	1.5918	1.2367	0.71019	1.28568	1.08977	0.97957	0.84488	2.0326	1.75098	0.83263	1.1265	1.18773	1.08977	1.79996	2.06934	1.1265	0.71019	0.67345	1.00406	0.63672	0.95508	0.85712	0.88161	1.21222	1.28568	1.15099	1.13875	1.06528	1.50609	0.86937	1.88567	0.61223	0.63672	0.86937	0.99181	0.53876	0.7959	0.80814	1.37139	1.22446	1.37139	0.83263	1.60404	1.21222	1.0163	1.07752	0.73468	1.0163	1.13875	0.77141	1.00406	1.37139	1.04079	0.95508	0.99181	1.05304	1.46935	0.67345	1.39588	1.55506	0.75917	0.5755	1.79996	0.80814	0.7959	0.74692	0.99181	1.00406	1.1265	1.05304	1.61629	1.1265	1.06528	0.96732	1.07752	1.08977	0.74692	1.18773	1.77547	1.86118	1.0163	1.50609	0.78365	1.02855	0.78365	0.96732	1.24895	1.42037	1.38364	0.99181	0.99181	0.96732	0.7959	0.93059	1.2367	1.04079	1.34691	0.64896	1.13875	0.78365	1.26119	2.13056	1.67751	1.28568	1.31017	2.2775	1.50609	0.72243	1.44486	1.60404	1.65302	1.32242	1.72649	0.9061	0.82039	0.99181	1.51833	1.37139	1.10201	1.34691	0.93059	1.17548	1.50609	1.42037	1.19997	1.76322	0.83263	1.15099	0.83263	0.74692	1.60404	1.29793	1.2367	1.88567	1.18773	1.702	0.78365	1.02855	1.78771	1.00406	1.98362	1.4816	1.04079	0.64896	1.5918	1.40813	1.43262	0.55101	1.33466	1.13875	1.2367	1.45711	1.35915	1.38364	1.16324	2.08158	0.97957	1.68975	1.21222	0.72243	0.91834	1.28568	1.29793	0.99181	0.63672	0.29387	1.07752	0.99181	1.66527	0.75917	0.42856	1.11426	0.58774	0.66121	1.05304	0.74692	0.61223	0.62447	0.95508	0.83263	0.71019	0.80814	1.05304	1.10201	1.11426	0.96732	0.94283	0.84488	1.53057	0.6857	0.69794	1.10201	0.93059	0.80814	0.56325	0.69794	0.37958	0.88161	0.62447	0.6857	0.58774	0.59999	0.72243	1.0163	0.97957	0.96732	1.06528	0.28163	0.73468	0.80814	0.35509	0.77141	0.46529	0.63672	0.40407	0.63672	1.56731	0.48978	1.00406	0.46529	0.51427	1.17548	0.62447	0.56325	0.82039	0.91834	0.45305	0.44081	0.6857	0.7959	1.49384	0.61223	0.74692	0.73468	0.91834	0.45305	1.28568	0.97957	0.67345	0.55101	1.00406	0.95508	0.63672	0.69794	1.51833	0.66121	1.27344	0.69794	0.6857	0.50203	1.00406	0.95508	0.94283	0.72243	1.35915	0.82039	0.93059	0.77141	0.78365	0.51427	0.97957	0.67345	0.85712	1.1265	0.75917	0.74692	0.56325	0.56325	1.24895	1.05304	0.88161	0.78365	0.69794	0.85712	0.67345	0.7959	1.08977	0.35509	0.88161	1.16324	1.04079	0.75917	0.62447	0.58774	0.86937	0.59999	0.48978	0.48978	0.77141	0.78365	0.37958	0.50203	0.85712	1.06528	0.71019	1.31017	0.52652	0.78365	0.53876	0.99181	0.53876	0.80814	0.86937	0.86937	0.41632	0.96732	1.00406	0.40407	0.39183	0.62447	0.48978	0.63672	0.89386	0.59999	0.7959	0.34285	1.46935	0.51427	1.62853	0.6857	0.74692	0.20816	0.62447	0.88161	0.69794	1.50609	0.64896	0.80814	1.07752	0.93059	0.83263	0.61223	0.7959	1.21222	0.85712	0.69794	0.41632	0.72243	0.95508	1.07752	0.48978	0.62447	0.61223	1.702	0.58774	0.7959	0.6857	1.27344	0.67345	1.05304	0.95508	0.66121	0.58774	0.46529	0.61223	0.46529	1.06528	0.62447	0.51427	0.58774	0.47754	0.85712	1.07752	0.96732	0.61223	0.99181	0.86937	0.64896	0.78365	0.94283	1.07752	0.5755	0.86937	1.1265	0.7959	0.61223	1.10201	0.96732	0.86937	0.7959	0.61223	0.97957	0.82039	0.41632	0.73468	0.47754	0.84488	0.96732	0.66121	1.00406	0.48978	0.5755	0.89386	0.85712	0.85712	1.07752	0.73468	0.41632	0.83263	1.16324	0.84488	0.59999	0.63672	0.64896	0.3306	1.19997	0.7959	0.46529	1.10201	1.32242	0.7959	1.18773
cell97	1.73117	1.3104	1.86341	1.47871	1.51477	0.86559	0.98581	1.06996	0.56503	0.6011	0.48088	0.94974	1.56286	0.84154	1.33444	1.04592	1.38253	0.7093	1.05794	1.56286	1.03389	0.85356	0.98581	0.99783	0.98581	1.45466	1.87543	1.33444	0.87761	0.63717	0.98581	1.45466	0.98581	1.26231	1.38253	1.04592	2.27216	1.094	0.72132	0.9257	1.13007	1.62297	0.93772	1.04592	1.38253	1.21422	1.27433	1.10603	1.11805	0.54099	1.08198	1.6951	0.90165	1.4186	2.38036	1.40658	1.58691	1.45466	1.32242	1.47871	1.094	1.4186	1.63499	1.26231	1.73117	1.06996	1.32242	1.17816	1.44264	1.2022	1.25029	1.74319	1.75521	1.08198	0.64919	1.21422	0.99783	0.8175	1.11805	0.88963	1.02187	1.28636	0.73334	0.52897	1.06996	1.6951	1.14209	1.44264	1.19018	0.9257	1.08198	1.47871	1.40658	0.97378	1.38253	0.6011	0.54099	0.79345	0.56503	1.00985	0.56503	1.76724	1.46669	0.4929	1.03389	0.94974	0.91367	1.38253	1.25029	1.06996	1.11805	1.6951	1.87543	1.94757	1.28636	1.11805	1.53882	1.77926	1.5268	1.08198	1.50275	1.03389	1.17816	1.2022	1.14209	1.23827	0.93772	0.7093	1.13007	1.02187	1.77926	1.45466	0.85356	1.14209	0.85356	0.93772	1.2022	1.67106	0.94974	0.73334	1.28636	0.44481	2.26014	0.88963	1.02187	2.00768	1.61095	1.05794	2.00768	1.94757	1.16614	1.29838	1.45466	0.90165	0.82952	1.64702	1.77926	1.56286	0.75739	1.93554	1.05794	0.84154	0.87761	1.27433	1.5268	1.23827	1.21422	1.45466	1.19018	1.04592	1.94757	0.94974	1.15411	1.53882	0.78143	1.17816	1.27433	1.33444	1.05794	1.3104	1.25029	1.14209	1.094	1.83937	1.29838	1.53882	0.44481	1.16614	1.10603	1.06996	1.27433	0.56503	0.93772	1.95959	1.51477	1.15411	2.29621	1.14209	0.8175	0.96176	1.28636	1.75521	0.90165	0.80548	1.13007	1.05794	0.91367	1.64702	1.59893	0.78143	1.43062	0.55301	1.2022	1.35849	1.25029	0.66121	1.62297	0.94974	1.68308	1.04592	1.5268	0.98581	0.76941	2.18801	1.55084	1.10603	1.89948	1.62297	1.08198	0.78143	1.51477	0.93772	1.22625	1.93554	1.77926	2.2361	1.46669	0.96176	1.40658	1.05794	0.8175	1.33444	0.73334	0.58908	0.52897	1.04592	0.36066	0.84154	0.55301	0.62514	0.52897	0.72132	0.63717	0.7093	0.57706	0.75739	0.74537	0.99783	0.87761	0.97378	0.61312	1.21422	1.05794	0.55301	0.46886	0.4929	0.32459	0.46886	0.69728	1.08198	0.9257	0.78143	0.84154	0.78143	0.93772	0.99783	1.16614	1.03389	0.4929	1.00985	0.8175	1.13007	0.84154	0.9257	0.96176	1.13007	0.87761	0.45684	0.44481	1.06996	0.87761	0.96176	0.68525	1.39455	1.19018	0.50492	0.7093	0.78143	0.57706	0.61312	0.74537	0.46886	1.34647	0.63717	0.84154	1.28636	0.52897	0.43279	0.91367	0.84154	0.67323	1.61095	0.8175	1.10603	1.27433	1.47871	1.02187	0.73334	0.69728	0.82952	0.51695	0.9257	0.75739	0.9257	0.66121	0.37268	0.4929	1.11805	1.15411	0.55301	1.33444	0.74537	0.80548	0.80548	0.4929	1.00985	0.80548	0.8175	0.36066	0.6011	0.52897	0.97378	0.16831	0.58908	0.76941	0.28853	0.68525	0.64919	0.33662	0.74537	0.7093	0.76941	1.03389	0.43279	0.61312	0.8175	0.84154	0.9257	0.39673	0.68525	0.7093	1.65904	0.87761	0.75739	0.85356	0.88963	0.68525	0.61312	0.46886	0.55301	1.13007	1.06996	0.72132	1.00985	0.52897	0.58908	0.91367	0.42077	1.2022	0.97378	0.79345	0.51695	0.80548	0.84154	0.44481	0.64919	0.63717	0.82952	0.69728	0.79345	0.75739	0.62514	0.69728	0.63717	1.13007	0.90165	0.51695	0.80548	0.7093	0.7093	0.84154	0.68525	0.55301	0.66121	1.32242	0.7093	0.58908	0.61312	0.90165	0.56503	0.80548	0.56503	0.75739	1.04592	0.68525	0.78143	0.78143	0.62514	0.80548	0.36066	0.73334	1.50275	1.06996	0.69728	0.75739	0.86559	0.36066	1.02187	1.02187	0.86559	0.64919	0.52897	0.51695	1.75521	0.45684	0.7093	0.74537	0.66121	0.79345	0.66121	0.63717	0.84154	0.99783	0.73334	0.64919	0.87761	1.56286	1.094	1.00985	0.74537	0.9257	0.69728	0.8175	0.87761	0.80548	0.62514	0.97378	1.43062	0.34864	1.57488	0.62514	0.52897	1.10603	0.72132	0.90165	0.75739	0.57706	0.82952	0.90165	0.37268	0.94974	0.88963	0.94974	0.8175	0.39673	0.54099	0.58908	0.90165	0.30055	0.82952	0.45684	0.94974	0.61312	0.76941	0.97378	0.76941	1.03389	0.55301	0.6011	0.73334	0.57706	0.85356	0.8175	1.06996	0.45684	0.82952	0.78143	1.13007
cell98	0.96805	1.13469	1.65839	1.27751	1.18229	1.26958	1.30132	1.15056	1.64252	0.99979	1.11882	1.30925	0.45229	0.8887	0.92044	2.05513	0.65859	1.62665	1.45208	0.69033	1.67426	1.40447	0.95218	0.72207	0.66653	1.9123	1.63458	1.47588	1.18229	1.82502	1.32512	1.29338	0.92838	1.30925	1.10295	1.44415	0.79349	1.45208	1.55523	0.99186	1.03947	0.77762	1.65045	0.99979	0.8411	0.91251	1.07914	0.93631	1.65045	1.32512	1.11088	1.15849	0.98392	1.85676	1.49969	0.99186	0.5237	2.31698	1.40447	1.26164	1.49969	0.63479	1.47588	1.23784	1.42828	1.13469	1.16643	1.0236	1.03153	2.03133	1.12675	0.69827	1.61871	0.88077	2.13448	0.38881	1.24577	1.23784	0.90457	1.12675	0.96805	1.3648	0.92044	1.00773	0.91251	0.97599	1.06327	0.66653	1.30132	1.15056	1.10295	0.66653	1.53143	1.31719	1.11088	1.2061	1.44415	1.45208	1.93611	0.97599	1.03153	0.82523	0.77762	0.75381	1.47588	1.2061	1.27751	2.0948	1.5711	1.35686	0.88077	1.29338	1.26164	1.96785	1.62665	0.92838	1.19816	1.65045	1.64252	0.98392	1.25371	1.55523	1.28545	0.64272	1.51556	1.41241	0.69827	0.83316	1.94404	0.32533	1.53143	1.18229	0.67446	0.99979	1.24577	1.35686	0.75381	1.11088	1.33306	1.22197	1.0474	0.56338	0.80936	0.76968	1.09501	1.26164	0.95218	0.57925	1.15056	0.8649	1.25371	1.50762	1.31719	1.28545	1.89643	0.95218	1.0236	0.91251	0.76175	1.19816	1.11882	1.13469	1.19023	0.95218	1.2299	0.91251	1.10295	2.00752	1.2061	1.06327	1.23784	1.16643	0.4999	1.33306	1.37273	1.37273	1.11088	0.88077	1.30925	1.3648	1.12675	1.10295	1.19816	1.01566	1.2299	1.0474	0.96012	0.66653	1.63458	1.07121	1.03153	1.37273	1.3648	0.89664	1.2061	1.63458	1.32512	0.58718	0.83316	2.01546	0.81729	1.2299	0.93631	1.23784	0.76968	1.66632	1.80915	1.87263	1.19816	1.77741	0.98392	0.73001	1.68219	1.19023	0.6824	0.96805	1.89643	1.34099	1.17436	0.83316	0.79349	1.01566	0.85697	0.99979	0.94425	0.80142	1.46001	0.96805	2.21383	1.42828	1.0236	1.0474	0.92838	0.57131	1.07914	1.60284	1.01566	1.39654	0.89664	1.08708	0.42055	1.19816	1.00773	1.0474	0.42055	0.69827	0.83316	0.61892	0.80142	0.81729	0.63479	1.15849	1.07121	0.46022	0.61892	0.61892	0.75381	0.91251	0.90457	1.34099	0.85697	0.57131	1.06327	0.99979	0.61892	0.65859	1.03947	0.50783	0.98392	0.83316	0.73001	0.41261	0.53164	0.84903	0.83316	0.67446	0.53164	0.76968	0.81729	0.43642	0.55544	0.92838	0.74588	0.47609	1.2061	0.76968	1.19023	0.99186	0.80142	0.45229	0.8887	0.69827	1.06327	0.27772	0.90457	0.80142	1.2061	1.18229	0.53164	0.53164	0.96805	0.80142	0.96012	0.7062	0.50783	0.57925	0.73794	0.8649	1.25371	0.65859	0.96805	0.40468	0.44435	1.07914	1.17436	0.80936	0.92838	0.56338	0.63479	0.94425	1.0236	0.71414	1.07914	0.63479	0.65859	0.4999	1.19816	0.89664	0.73794	1.00773	0.48403	0.8411	0.62685	0.57131	1.26164	0.88077	0.69827	0.7062	0.66653	1.15056	1.15849	0.94425	1.03153	0.44435	0.4999	0.62685	0.66653	0.61892	0.65066	0.97599	0.82523	0.81729	0.99186	0.80936	0.56338	0.8649	1.05534	0.5237	0.79349	1.13469	0.82523	0.82523	0.88077	0.77762	0.92838	0.84903	0.84903	1.11882	1.13469	0.57925	1.32512	0.6824	0.84903	1.03947	0.69827	0.51577	0.42055	0.87284	1.60284	1.26164	0.5237	0.88077	1.00773	1.45208	0.98392	0.7062	1.15849	1.00773	0.76175	0.78555	0.47609	1.33306	0.65859	1.2061	0.99186	0.85697	0.80936	0.79349	0.75381	0.45229	0.6824	1.14262	1.09501	0.51577	0.88077	0.76175	0.38087	0.62685	1.30925	0.49196	0.8411	0.53957	0.84903	1.05534	0.6824	1.19023	0.42848	1.27751	0.57925	0.92044	0.73001	0.84903	0.33326	1.16643	1.09501	1.14262	0.4999	0.65859	0.92838	0.88077	1.07914	0.96012	1.19023	1.22197	1.30925	0.32533	1.06327	0.67446	0.93631	0.84903	1.25371	0.51577	0.54751	0.8887	0.66653	0.69827	1.14262	1.13469	0.53164	1.2299	0.25392	0.39674	0.98392	0.64272	0.43642	0.65066	1.32512	0.60305	1.13469	0.76175	0.90457	0.5237	1.45208	0.66653	0.39674	0.81729	0.69033	0.55544	0.56338	0.71414	1.29338	0.5237	1.57904	0.6824	0.65066	0.80142	0.71414	1.43621	0.99186	1.00773	0.57131	0.53164	0.30152	0.8411	1.39654	0.63479	0.8411	0.61892	0.84903	1.23784	1.05534	1.18229	1.44415	0.74588	0.75381	0.61098	0.90457	0.83316
cell99	1.52298	1.0976	1.51248	1.61226	0.78775	1.68579	0.66171	1.17637	1.21314	1.48622	0.74574	0.92429	1.4127	1.81708	1.21839	1.71204	1.0871	1.47572	0.76674	1.30767	1.21839	1.11861	0.74049	1.38644	1.34968	1.14486	0.72998	1.586	0.80351	1.12386	0.69322	1.37594	2.40001	0.59869	1.30767	0.90329	0.95055	1.26565	0.87703	1.84334	1.88535	1.59651	1.59651	1.28141	1.38119	2.25822	0.50941	1.17637	1.67003	0.92955	0.48841	1.21839	1.69104	1.33392	1.16587	1.17637	0.9453	1.14486	1.03983	1.01357	1.11861	0.74574	0.88753	0.53567	1.29716	0.73523	1.0976	1.20263	2.03765	1.29716	0.89804	1.03983	1.45996	1.33392	1.29191	0.70372	1.13961	1.22889	1.13961	0.79825	1.13436	1.19213	1.63852	1.1081	1.30767	1.50723	1.44946	1.16587	0.67221	0.97156	0.80351	1.18688	1.28141	0.55143	1.00307	1.24465	1.51773	1.17112	0.67747	1.41795	1.20788	1.67003	0.97156	0.54092	1.59126	1.17637	1.28666	0.83502	1.00832	0.87178	1.23414	1.22889	1.565	2.23721	0.84027	1.36018	1.50723	1.2604	1.11335	0.67221	1.12911	0.38337	1.06084	0.96631	1.23939	0.67221	1.00832	2.25822	0.91379	1.17112	1.62277	1.33392	1.02408	0.89804	1.16062	1.15537	1.03458	1.02408	1.59126	1.01357	1.60701	0.9453	1.17112	1.40745	1.36543	2.26347	1.23414	1.41795	0.72473	0.6197	1.38644	1.16587	1.39694	1.62277	1.06609	0.9558	0.85602	1.11335	1.52824	0.82451	1.65428	0.96106	0.78775	0.97156	1.11861	1.69104	1.32867	0.97156	0.97681	0.64596	1.1081	1.22364	0.85077	1.49147	1.01357	1.24465	0.72473	0.98206	0.72998	0.793	1.01357	1.565	1.01882	0.77725	1.2709	0.91904	1.24465	1.12911	0.76149	1.24465	1.07134	0.65646	1.31292	1.55975	0.85077	0.91904	1.35493	0.96631	0.6407	1.24465	1.22889	1.88535	0.84552	0.99257	1.18163	0.92429	1.26565	0.72473	0.68797	1.10285	1.22364	1.07134	1.28666	1.46522	1.68053	0.67747	1.2499	1.51773	1.64377	0.97156	1.18163	1.29191	0.97681	1.07659	1.59651	1.61751	1.14486	0.97681	0.98206	1.62277	1.85909	1.34443	1.13436	1.28666	0.88753	1.44946	2.22671	0.73523	1.35493	1.62802	1.24465	0.90854	1.36543	1.0871	0.89278	0.74574	1.00832	0.49366	0.72998	1.31292	0.78775	0.99782	1.02408	0.78775	0.68272	0.85602	0.67221	0.48315	0.82976	0.85602	0.6197	0.66171	0.46215	0.82451	0.94005	0.37287	0.54617	0.72998	0.96631	0.99782	1.04508	0.48315	0.68272	0.49366	1.08184	0.6302	1.10285	0.68272	1.37594	0.48841	1.21314	0.52517	0.68272	0.88228	1.07134	1.28141	0.76149	0.71948	0.75099	0.40963	0.50941	0.6197	0.6407	0.74574	0.57243	0.6407	1.59651	1.63852	0.99257	0.76674	1.26565	0.70898	0.52517	0.92429	0.96631	1.49673	0.96631	1.16587	0.50941	1.01357	1.18688	0.69847	0.92429	0.55668	0.55143	0.39913	1.23414	0.82451	1.07659	1.16587	0.87178	0.53042	0.66696	0.81926	1.03983	0.56193	0.59869	0.61445	0.58819	0.57243	0.81401	0.82451	0.65121	0.9453	0.65646	0.88753	0.9348	0.82976	0.87178	0.68797	0.96106	0.82451	0.76674	0.76149	1.07134	1.31817	0.6197	0.62495	0.80876	0.52517	1.02933	0.65121	1.06084	0.51992	0.40438	1.16587	0.71948	0.80351	0.34661	0.99782	0.54092	0.81926	1.17637	0.54617	1.02933	1.06084	1.24465	0.82976	0.34661	0.53042	1.03983	0.94005	0.38862	0.772	1.12386	1.68579	0.74574	0.82451	1.14486	0.84027	1.31817	0.52517	1.34443	0.61445	0.84027	0.72473	0.793	0.69847	0.6197	0.62495	0.76149	1.21839	0.68797	1.34443	0.65121	0.74574	1.49673	1.00307	0.61445	0.6197	0.793	0.65121	0.68797	1.29191	0.74574	0.50941	0.39913	0.95055	0.62495	1.02408	1.07134	0.4674	1.10285	0.84552	0.6302	0.67221	0.48841	1.05559	0.68272	0.63545	0.95055	1.22889	0.92429	0.49366	0.75099	1.20788	0.70372	0.52517	0.85077	0.49366	1.15012	0.4674	0.81401	0.52517	1.19213	1.19738	0.69847	0.97681	0.73523	0.793	0.44114	0.75099	0.85077	1.4232	0.56718	0.66171	0.62495	0.43064	0.39913	0.57768	1.05033	0.73523	1.04508	1.16062	0.51466	1.01357	0.69322	0.87178	1.36018	0.89278	0.98206	0.99782	0.91379	0.63545	1.15537	0.76149	1.83808	1.44946	0.6197	0.76149	1.0871	0.81926	0.81926	0.86653	0.75099	0.58819	0.53567	1.00832	0.94005	0.89804	1.05033	1.45996	0.68797	0.66696	0.50941	0.92429	0.54092	0.6407	0.72998	0.6197	1.06609	0.99257	1.00832	0.88228	0.36237	1.02933	0.52517	0.40438
cell100	1.21813	1.15402	0.93764	1.57075	0.68921	1.29026	1.11395	0.39269	1.22615	1.8272	0.98573	0.71325	1.01778	1.12998	0.76935	0.97771	1.49061	0.67318	0.78538	1.75507	1.44253	1.37841	1.49862	0.84949	1.61082	1.2021	1.45855	1.36239	1.56274	1.49061	0.93764	1.69897	1.69897	1.15402	0.58502	1.28225	0.80942	1.4826	0.66516	1.14601	0.69722	2.09166	0.97771	1.08189	1.7711	0.92161	1.10594	1.69096	1.89933	1.79514	1.60281	0.55297	0.88956	0.8014	0.92161	1.40246	1.6589	1.64288	1.49061	1.91535	0.72928	0.64914	0.60907	1.22615	1.36239	0.92963	1.69096	1.3143	0.95367	1.67493	0.73729	0.4568	1.67493	0.94566	1.07388	0.9136	1.35437	1.61883	0.93764	1.21012	1.16203	0.72928	0.57701	1.62685	1.14601	0.97771	1.11395	0.68119	0.94566	1.12196	1.39444	0.64112	1.12196	1.23416	1.30629	1.28225	1.38643	0.83346	0.5129	1.89933	1.3143	2.12372	0.79339	0.92161	1.21012	1.18608	0.88956	1.10594	0.83346	1.35437	1.24218	1.63486	0.99374	2.27599	1.15402	0.69722	1.55472	1.50664	0.75332	1.01778	1.60281	0.78538	0.78538	0.77736	0.93764	1.10594	1.33033	1.39444	1.0258	0.81743	1.11395	0.93764	1.53068	0.73729	1.55472	0.98573	0.58502	1.12998	0.84147	0.72126	1.55472	0.81743	1.57876	0.78538	1.24218	0.94566	2.05961	1.7711	1.49862	1.47458	0.58502	1.3704	1.85124	1.46657	1.06587	1.13799	1.12196	0.89757	0.86552	1.10594	1.45855	0.72928	2.18783	0.66516	0.72928	1.61082	1.03381	0.69722	2.60456	1.77912	0.78538	1.0258	0.90559	2.2279	1.12196	1.04984	1.57876	1.94741	0.72126	1.41848	0.58502	1.62685	1.29026	0.97771	0.8014	0.9136	1.83521	1.3143	1.49061	0.80942	1.10594	1.08189	1.4826	1.3143	0.73729	1.53068	1.43451	1.19409	0.9136	1.00175	1.06587	1.29827	1.09792	1.3704	1.36239	1.81919	1.0258	1.81919	1.15402	0.96168	0.9697	1.89131	1.26622	2.02755	1.3143	1.46657	1.0258	1.16203	1.3704	2.2279	1.38643	1.49061	0.74531	1.12998	0.73729	0.88154	1.29827	1.10594	1.27423	1.91535	1.12998	1.25019	0.68119	0.94566	1.4826	0.82545	1.44253	0.57701	0.9697	0.48084	0.80942	1.01778	1.32232	0.62509	0.84949	0.57701	1.04984	0.95367	1.0258	0.48886	1.19409	0.71325	0.9697	1.00175	1.98748	0.50488	0.92161	1.00977	0.87353	0.28851	0.569	0.71325	0.46481	0.73729	0.75332	0.99374	0.84949	0.58502	0.93764	0.36063	0.88956	0.64112	0.52091	0.81743	1.29026	0.84147	0.5129	0.76935	0.20836	1.05785	0.63311	0.52091	0.44879	0.79339	0.64112	0.79339	0.95367	0.52893	0.93764	1.01778	0.72928	0.75332	0.72928	1.22615	0.83346	1.15402	0.61708	0.64112	0.41673	0.63311	0.5129	1.41848	1.00175	0.8575	0.53694	1.08991	0.99374	0.53694	0.79339	0.25645	0.60907	0.87353	0.74531	1.13799	0.58502	0.84147	1.0258	1.05785	1.04182	0.569	0.8014	0.71325	1.00175	0.60907	0.89757	0.68119	1.21012	0.58502	1.0258	1.00175	0.88154	0.69722	0.63311	0.52091	0.60105	0.83346	0.94566	0.68119	1.01778	1.04984	0.93764	0.41673	0.60907	0.90559	0.95367	0.63311	1.41047	0.99374	0.88154	0.76935	0.89757	0.44077	0.57701	0.93764	0.8575	0.84949	1.04182	0.28851	0.62509	0.56098	0.56098	1.0258	1.00175	0.84147	0.28049	0.56098	0.73729	0.99374	0.71325	0.50488	0.68921	0.84949	0.64914	0.66516	0.58502	0.70523	0.68921	0.77736	0.569	0.63311	0.74531	0.88956	0.55297	0.49687	0.93764	1.0258	0.92963	0.81743	1.59479	0.50488	1.01778	0.82545	0.71325	0.44077	0.55297	0.65715	0.46481	0.94566	1.27423	0.52091	0.5129	0.44077	1.06587	0.80942	1.04984	0.78538	0.48084	0.84949	0.61708	0.32056	0.8014	0.36063	0.78538	0.70523	1.03381	0.52091	0.66516	1.09792	1.38643	0.9136	0.76935	0.69722	0.66516	0.78538	0.52893	2.01152	0.8014	1.14601	0.78538	1.12998	0.94566	1.25019	0.80942	1.00977	0.65715	0.78538	1.21012	0.64112	0.49687	0.88154	0.72928	0.95367	1.76309	1.47458	0.77736	0.68921	1.41047	0.72928	0.9697	0.60105	1.03381	0.99374	0.56098	1.05785	0.70523	1.53869	0.69722	1.08189	1.03381	0.52893	0.58502	0.58502	0.77736	1.05785	0.75332	0.8014	0.41673	1.10594	0.21638	1.12998	0.64914	0.54495	0.73729	1.13799	0.59304	1.18608	0.96168	0.86552	0.87353	0.87353	0.92161	0.78538	0.81743	0.60907	0.50488	1.05785	0.72126	1.07388	1.2582	0.64112	0.8014	0.9136	1.08189	1.40246	0.84147	1.26622	0.75332	0.72928
cell101	1.20553	0.95035	1.01194	0.89755	1.09994	1.68951	1.18794	1.69831	1.60151	1.37273	2.26148	1.05594	3.00064	0.82715	0.85355	1.08234	2.41987	1.7511	1.11754	1.27593	2.09429	0.76556	0.81836	0.95035	1.28473	1.26713	1.63671	1.11754	1.39032	0.56317	0.93275	1.22313	1.31113	0.72156	1.53992	1.50472	0.97675	0.69516	1.53992	0.99435	1.53112	1.39912	1.8479	1.21433	0.82715	2.32307	0.92395	1.02954	0.58077	1.93589	0.49277	1.24953	1.39032	1.64551	1.9007	1.40792	0.82715	1.03834	0.58957	1.37273	0.84475	0.82715	1.8039	1.22313	0.70396	0.97675	1.38152	1.7423	1.20553	0.60717	1.28473	1.53112	1.16154	1.14394	1.31113	1.25833	0.90635	0.65996	0.81836	1.14394	1.09114	1.48712	0.99435	1.33753	1.43432	0.80076	1.43432	2.11188	1.13514	0.73036	0.87995	1.10874	0.86235	0.94155	1.61911	1.53992	0.72156	1.34633	1.28473	1.71591	0.67756	1.10874	1.92709	0.91515	0.88875	0.61597	2.36707	0.34318	0.58077	1.26713	1.39032	1.09114	1.19673	1.42552	1.8479	0.78316	0.92395	0.77436	1.53112	1.02954	1.08234	0.87995	0.96795	1.17034	1.65431	1.49592	1.08234	2.10309	0.41358	1.21433	1.03834	0.79196	1.45192	1.9095	0.64236	0.88875	0.73036	0.67756	1.22313	0.87115	0.60717	1.42552	0.90635	0.94155	1.39912	1.05594	0.87995	0.95915	1.54872	0.80076	1.53112	1.27593	0.84475	1.33753	1.09114	0.80956	1.10874	1.02074	2.05029	1.7863	0.96795	1.8743	1.61031	1.68071	1.46072	1.02954	1.16154	0.99435	1.24953	1.10874	1.29353	1.99749	2.19108	1.05594	0.67756	0.87115	0.86235	1.14394	0.97675	1.35513	1.53992	1.42552	1.68951	1.23193	1.11754	1.53992	1.02954	0.80956	1.8391	0.76556	0.83595	1.15274	0.67756	1.94469	1.66311	1.25833	1.50472	1.55751	1.23193	1.26713	1.49592	1.21433	1.50472	1.02954	1.51352	0.64236	0.95035	0.76556	0.80956	0.77436	0.79196	2.58706	0.71276	1.12634	0.53677	2.12068	0.95915	1.41672	0.96795	1.16154	1.09994	1.08234	1.44312	1.9183	0.94155	0.87115	1.10874	0.97675	1.16154	1.53992	0.80076	1.47832	1.26713	1.9183	0.86235	0.98555	0.84475	1.43432	0.93275	0.83595	0.80956	1.46952	1.04714	1.24073	0.49277	0.83595	1.20553	0.81836	0.21119	0.44878	0.82715	1.01194	0.66876	0.47517	0.26399	0.73916	1.04714	0.71276	0.77436	0.58957	1.25833	0.89755	1.18794	0.41358	0.99435	0.53677	0.88875	0.86235	0.43998	1.22313	0.63357	0.70396	0.94155	0.71276	0.52797	0.83595	0.42238	0.85355	0.64236	0.83595	0.91515	0.57197	0.58957	1.01194	0.98555	1.19673	0.78316	0.66876	0.75676	0.55437	1.02074	0.66876	1.07354	0.41358	0.84475	0.87115	0.80076	1.02074	0.81836	0.90635	0.51917	1.04714	0.81836	0.65116	0.44878	0.94155	1.10874	1.06474	0.59837	0.67756	1.07354	0.61597	0.55437	0.48397	0.92395	0.58957	1.01194	1.30233	0.69516	1.58391	0.57197	0.65116	0.95035	0.58077	0.60717	0.49277	1.00315	0.73036	0.40478	0.54557	0.72156	0.86235	0.37838	1.40792	0.50157	1.04714	0.85355	0.91515	0.87115	0.95915	0.48397	0.65996	0.72156	0.55437	0.51037	0.55437	0.81836	0.53677	0.60717	0.60717	0.42238	1.07354	0.62477	0.96795	0.90635	1.13514	0.53677	0.68636	0.74796	0.75676	1.20553	0.88875	1.12634	0.56317	0.95035	0.63357	0.65116	1.01194	1.47832	0.78316	0.87115	1.17034	1.42552	1.02074	0.56317	0.65116	0.92395	0.55437	0.62477	0.46637	0.47517	0.35198	0.62477	0.83595	0.42238	0.92395	0.62477	0.70396	0.73036	0.82715	0.75676	0.49277	0.76556	0.52797	0.78316	0.97675	0.65996	0.87995	1.17914	0.52797	0.68636	1.33753	1.18794	0.87995	1.21433	0.73036	0.85355	0.47517	0.99435	0.84475	0.45758	1.40792	1.04714	0.88875	0.79196	0.83595	0.62477	0.99435	0.51917	0.73036	0.65996	0.62477	0.82715	0.65996	0.74796	0.80956	0.48397	1.54872	0.76556	0.81836	0.91515	0.71276	0.75676	0.36078	0.54557	0.47517	0.36958	1.10874	1.02074	1.07354	0.71276	0.91515	1.22313	0.94155	0.97675	1.53112	1.09994	0.79196	1.11754	0.87115	1.06474	0.83595	0.58077	1.26713	0.73036	0.72156	0.24639	0.96795	1.08234	0.72156	1.11754	0.52797	0.80956	1.07354	1.14394	1.09994	0.87995	0.56317	0.45758	0.88875	0.49277	0.74796	1.02954	0.62477	0.87115	1.15274	1.05594	1.19673	1.15274	0.43998	0.86235	0.72156	0.46637	0.66876	0.64236	0.56317	1.21433	0.39598	1.00315	0.73916	0.72156	0.85355	0.80076	0.88875	0.86235	0.38718	0.56317	0.93275
cell102	1.32434	0.8335	0.88907	0.5001	0.87981	0.65754	0.7872	0.76868	0.75015	0.57419	0.92612	1.06503	0.87055	0.8335	1.23173	1.24099	0.56493	1.6207	0.75941	0.94464	0.82424	0.53715	0.85203	1.03725	0.74089	1.18543	1.38917	0.74089	0.63902	1.51883	0.96316	0.68533	0.37045	0.51862	0.89833	1.25026	1.59292	0.53715	1.13912	0.79646	0.87055	0.97242	0.79646	1.01873	0.71311	1.00947	1.33361	2.06524	1.19469	2.15785	1.454	1.98189	1.21321	1.13912	0.96316	0.75941	0.91685	1.44474	1.25026	1.27804	2.87096	1.67627	1.51883	1.66701	1.30582	1.4077	1.50957	2.26898	1.64849	1.36139	1.96336	1.5744	1.64849	1.02799	1.7411	0.84276	1.4077	0.81498	0.68533	0.65754	1.48178	0.37971	0.62976	0.41675	0.0	0.0	0.0	0.36118	0.50936	0.2871	1.09282	0.8335	0.93538	0.74089	0.9539	1.52809	0.8335	1.08355	1.46326	0.34266	1.39843	1.18543	1.64849	1.24099	0.91685	1.21321	1.24099	0.91685	1.30582	1.07429	1.02799	0.9539	1.14838	0.75015	1.07429	0.53715	1.69479	1.20395	0.9539	0.35192	1.76888	0.85203	0.75015	0.90759	0.8335	0.97242	0.75015	1.17617	0.76868	0.67606	1.04651	0.71311	1.97263	0.87055	1.06503	1.07429	1.30582	0.79646	0.46306	0.96316	0.75941	0.81498	1.22247	0.76868	0.37045	0.94464	1.09282	1.0002	1.6207	0.70385	0.77794	0.9539	1.2873	0.48158	1.11134	0.62976	0.92612	1.42622	1.50031	0.82424	1.27804	1.23173	1.07429	0.90759	0.68533	0.96316	0.42601	0.97242	0.94464	1.21321	1.46326	0.90759	0.71311	1.4077	0.90759	0.87055	0.73163	0.7872	1.08355	1.04651	1.09282	1.94484	1.17617	0.84276	0.39823	1.0002	1.06503	1.37065	0.91685	0.73163	0.89833	0.75941	1.18543	1.7411	0.76868	1.25952	1.4077	0.36118	0.73163	1.99115	0.64828	0.56493	0.55567	1.32434	0.85203	1.36139	1.17617	1.22247	0.8335	1.18543	1.07429	0.8335	1.42622	0.87981	0.86129	1.06503	1.14838	1.14838	0.87981	0.69459	0.9539	0.63902	0.79646	1.47252	1.48178	0.86129	0.97242	1.08355	0.47232	1.4077	1.07429	0.82424	0.80572	0.96316	0.98168	0.87055	0.7872	1.69479	0.48158	1.12986	1.1206	0.79646	0.86129	1.04651	0.91685	0.53715	0.92612	0.68533	1.24099	0.91685	1.63922	0.80572	0.71311	0.72237	1.43548	1.17617	1.23173	0.60197	0.99094	0.94464	1.25952	0.61124	1.51883	1.00947	0.77794	0.81498	1.06503	1.14838	1.22247	0.90759	0.75015	1.81519	0.85203	0.97242	1.33361	1.0002	0.94464	1.33361	1.37991	0.31488	1.29656	0.84276	0.88907	0.90759	0.57419	1.44474	0.65754	1.23173	0.75941	0.75941	0.81498	0.9539	1.26878	0.87981	1.37991	0.7872	1.44474	1.60218	0.49084	0.77794	0.96316	0.80572	0.94464	1.25952	0.86129	0.59271	1.0002	0.51862	0.52789	0.65754	1.09282	0.80572	1.12986	0.93538	1.02799	0.65754	1.46326	0.86129	1.75962	0.59271	0.37971	1.37065	0.52789	0.94464	0.6205	1.05577	1.20395	1.10208	1.07429	0.98168	1.41696	1.44474	0.53715	1.1206	1.01873	1.02799	1.01873	1.20395	0.71311	0.69459	1.01873	1.13912	0.9539	0.72237	0.58345	1.19469	1.1206	0.64828	0.73163	0.53715	0.80572	0.65754	0.91685	1.1206	1.00947	0.86129	1.16691	1.33361	0.39823	1.21321	1.34287	1.35213	0.90759	0.82424	1.25026	0.60197	1.37991	1.23173	1.01873	1.27804	0.54641	0.48158	1.70405	0.92612	0.6668	1.31508	0.87055	1.07429	1.00947	1.15764	0.93538	0.62976	0.63902	0.76868	1.05577	0.61124	1.56513	1.4077	0.85203	0.88907	0.57419	0.90759	1.12986	1.02799	1.1206	0.57419	1.10208	0.51862	1.30582	1.69479	1.44474	0.57419	1.26878	0.75941	0.58345	0.64828	1.09282	2.00967	1.06503	0.55567	0.89833	1.20395	0.65754	0.86129	0.73163	1.1206	0.98168	1.22247	0.85203	1.05577	0.89833	1.0002	0.75941	0.59271	0.90759	0.8335	0.81498	1.32434	0.5001	0.84276	1.30582	1.37991	1.07429	1.06503	0.90759	1.10208	1.04651	1.32434	0.9539	0.75015	0.87055	1.27804	1.75962	1.20395	0.36118	1.53735	0.79646	1.31508	1.30582	0.86129	1.71331	1.22247	0.79646	0.62976	0.56493	0.74089	0.8335	1.11134	1.64849	1.07429	1.05577	1.07429	0.8335	1.4077	1.05577	1.25026	0.62976	0.97242	0.52789	0.56493	1.52809	0.55567	0.75015	1.454	1.62996	0.65754	1.05577	0.25005	0.63902	0.75941	1.06503	0.63902	0.89833	1.80592	0.91685	0.80572	0.76868	0.81498	0.67606	1.03725	0.97242	0.89833	0.92612	0.80572	0.87981	0.71311	0.85203	1.10208
cell103	0.99609	0.85297	1.05906	0.82435	0.8129	1.7632	1.83189	1.11058	1.02471	0.96747	1.00754	1.6945	1.54566	0.8358	0.91022	1.68305	0.73276	1.2079	1.36247	0.95029	0.54957	0.97319	1.37392	0.84725	1.63153	1.95784	1.41399	1.94066	2.00363	1.93494	0.99037	1.01327	0.96747	1.07051	0.48087	1.83189	1.33957	0.84725	0.99609	0.88732	0.94457	1.33385	0.88732	1.17928	2.1353	0.8816	1.38537	0.84725	1.55711	1.27088	0.80718	1.31095	1.71167	0.80145	0.93312	1.27088	0.77283	1.16211	1.7861	1.02471	1.90631	1.14493	1.45979	1.79754	1.6487	1.2995	1.35675	1.04189	0.93884	1.42544	0.81863	0.9274	0.99037	1.28232	1.37964	1.29377	1.66015	2.32421	1.20218	0.85297	1.22508	1.11058	2.21545	1.08196	1.21363	0.89305	0.82435	1.03044	1.05334	1.37964	1.24798	0.48087	1.03044	1.11631	0.97319	1.39682	0.84725	0.57819	1.05906	1.2995	0.84725	1.56856	0.97319	0.59537	1.31095	0.74993	1.19073	1.33385	1.6945	0.8816	1.72885	0.8129	1.10486	0.52667	1.53421	0.96747	1.43117	1.46551	1.31667	1.24225	0.8358	0.75566	1.19645	1.40254	1.36247	1.16211	0.98464	2.04943	1.14493	0.74421	0.74421	0.56102	1.03616	1.13348	1.03616	0.85297	0.61826	0.89877	1.44262	0.60681	1.87769	1.45979	1.54566	0.83008	1.01327	1.40254	0.65261	1.92349	0.89877	1.12776	1.28805	1.03044	1.39109	1.36247	0.85297	1.59718	1.19073	1.04189	1.33385	1.95784	1.06479	1.15638	1.37964	1.83762	0.86442	1.19645	1.60291	1.83762	1.49986	1.08769	1.19073	0.8129	2.12958	0.97319	0.88732	1.41972	2.09523	1.67733	1.07624	1.45979	0.83008	0.9045	0.52094	0.78428	0.96174	0.88732	1.05334	1.68878	1.49414	1.07624	1.00182	0.93884	1.56283	1.13921	1.53993	1.05906	0.97892	1.91776	0.89305	1.37964	1.80327	1.29377	1.07051	0.95602	2.1582	2.67342	1.60863	1.06479	1.53421	1.19073	1.55138	0.74993	1.37964	0.9274	1.2079	0.68696	1.40827	0.42935	0.57819	1.33385	0.53239	0.80718	1.19645	1.05906	1.87197	1.28232	1.04761	1.98073	0.94457	1.05906	1.28805	1.83189	0.89305	0.65834	1.3453	0.91595	1.17928	1.60291	1.03616	1.09914	0.84153	1.43117	0.93312	0.95029	0.82435	0.68696	0.96747	0.72131	0.55529	0.41218	0.67551	0.66406	0.66979	0.75566	0.76138	1.14493	0.99609	0.58392	0.52094	0.59537	0.42935	0.87587	0.95029	0.79	0.70986	0.91022	1.21363	0.51522	0.56102	0.72131	1.23653	0.65261	0.60681	0.86442	0.77855	0.59537	0.60681	0.72131	0.53239	1.15066	0.81863	0.74421	0.76138	0.86442	0.56674	0.37783	1.05334	0.84153	0.4408	0.8358	0.56102	1.29377	0.91022	1.07051	1.15066	0.55529	0.45797	0.4408	0.9274	0.93884	0.60681	1.13348	0.87587	0.97319	1.37964	0.53812	0.79	0.33776	0.56102	0.73276	0.60681	0.66406	1.54566	0.87015	1.26515	1.39109	1.21935	1.23653	0.52094	0.8816	1.66588	1.01899	1.2537	0.72703	0.67551	1.01899	1.33385	0.69841	0.89877	0.73276	0.86442	0.72131	0.85297	0.73276	0.54384	0.98464	0.66406	0.79573	0.9045	1.35675	0.55529	0.69268	0.95029	0.3721	0.9045	0.57247	0.88732	1.11631	0.79573	0.49805	1.45979	0.91022	0.51522	0.9274	0.97319	0.84725	0.66406	0.53812	1.25943	1.21363	0.66406	0.75566	0.80718	0.53812	0.38355	0.75566	0.99609	0.68696	0.93312	0.3492	0.63544	1.17356	0.74421	1.03044	0.64689	0.88732	0.8129	0.41218	0.52094	0.76138	0.77855	0.36638	0.44652	0.72703	0.73848	0.58392	0.82435	0.77855	0.61254	0.72703	0.53239	0.69268	1.36819	0.74421	0.8587	0.41218	0.97319	0.8587	1.01899	0.53239	1.2079	0.64689	0.66406	0.67551	0.84725	0.72131	0.66979	0.69841	0.89305	1.66588	0.66979	0.70986	1.00182	1.05906	0.62399	0.91595	0.63544	0.80718	1.11058	0.44652	0.8587	1.2079	0.86442	0.31486	0.77855	1.07051	0.76711	0.76711	0.74993	0.73276	0.85297	0.4179	1.01899	0.72703	0.65261	0.93312	1.16783	0.99037	1.11058	0.84725	0.94457	0.41218	1.03044	0.33776	0.63544	0.79	0.87587	0.64689	0.50377	0.76138	0.77855	0.96747	0.36065	0.53812	0.96747	0.58392	0.4637	0.93884	0.49805	0.66406	1.28805	0.60109	0.98464	0.91022	1.2308	0.73848	0.63544	0.75566	0.54384	1.24798	0.73276	0.70413	0.49805	1.03616	0.79	0.97892	0.84153	0.74993	0.40645	0.96747	0.68696	1.2079	1.02471	0.64116	0.78428	0.69841	1.26515	0.81863	0.76138	1.13348	0.96747	0.35493	1.18501	0.67551	0.59537	1.05334	0.92167	0.60109
cell104	1.56	1.50647	2.24824	1.00177	1.14706	1.00177	1.1853	1.46059	1.23882	1.20824	0.61177	0.71882	1.36883	0.95588	0.96353	0.87941	1.53706	1.42235	0.78	0.84118	1.43765	1.09353	1.49118	0.85647	1.21588	0.68824	0.91	1.38412	1.35353	2.31706	0.45882	2.30941	1.36883	1.10882	1.98824	1.26941	0.90235	1.76647	1.62883	1.06294	1.02471	0.91765	1.45294	0.74177	1.4453	1.60588	1.59824	0.53529	1.86588	0.99412	1.20059	1.33059	1.17765	1.38412	1.26941	0.76471	1.40706	1.40706	1.00177	1.0553	1.04765	1.23882	1.26177	0.77235	1.85824	1.04765	1.09353	0.53529	0.94059	0.82588	1.03235	1.13941	0.48941	1.27706	1.42235	1.10882	0.82588	1.06294	0.95588	1.08588	0.71882	1.28471	1.09353	0.89471	1.27706	1.82	0.80294	1.61353	0.35941	0.66529	1.07824	0.94824	2.08765	1.33824	1.10118	0.88706	0.93294	2.04177	1.81236	0.51235	1.06294	1.52177	0.78765	1.42235	1.3	1.67471	0.72647	1.13177	1.07059	1.14706	1.13177	0.82588	0.87177	0.9253	0.93294	0.65	1.10118	1.82765	1.85059	1.43	1.17	0.64235	1.69765	0.85647	1.20059	1.11647	1.92706	1.98059	0.85647	1.17765	0.68059	1.99588	1.04765	0.86412	1.16235	1.28471	0.65765	1.72059	0.95588	1.62118	0.70353	1.17	0.87941	1.29235	0.76471	1.07059	1.00177	2.30941	1.62118	1.43	1.07059	1.79706	1.43765	1.20824	1.26941	1.04	1.71294	0.80294	1.17765	1.22353	0.85647	1.52177	0.78	0.71882	1.73588	0.88706	1.75883	1.41471	1.51412	1.41471	0.86412	1.00177	1.35353	1.61353	1.24647	0.94824	1.26941	0.90235	1.67471	1.91177	1.65941	1.37647	0.86412	1.28471	0.90235	1.36118	1.00177	0.7953	1.01706	1.45294	0.76471	1.66706	0.74941	1.08588	1.68235	1.42235	1.03235	1.72824	2.07236	1.1853	1.04765	0.83353	0.89471	0.87177	1.37647	0.78	1.38412	1.0553	1.07059	0.99412	1.66706	0.65	0.96353	1.00941	1.38412	1.68235	1.16235	1.35353	1.22353	1.04765	1.22353	0.80294	1.98824	1.24647	0.68059	2.01883	1.21588	0.81824	0.95588	0.87177	0.86412	0.57353	0.91	1.46059	0.80294	0.90235	1.11647	1.43	0.68824	1.26177	1.08588	1.41471	0.76471	0.90235	0.68059	0.68824	1.33824	0.52765	0.68059	0.61177	0.97882	0.81824	0.68824	1.15471	0.95588	1.0553	0.41294	0.75706	1.15471	0.78	0.86412	0.65765	0.78	0.84882	0.38235	1.13941	0.77235	0.90235	0.29824	0.85647	1.13177	0.72647	1.07059	0.54294	0.78	0.97882	0.42824	0.86412	0.87177	0.44353	0.65	0.99412	1.17	0.67294	0.48941	0.44353	0.61177	0.67294	0.55824	0.97882	0.87941	0.53529	0.84882	0.59647	1.00177	0.84118	0.84118	0.91765	1.4453	0.82588	0.58118	0.87177	1.39941	0.94824	0.55059	0.96353	0.55824	1.08588	0.60412	0.58882	0.52	0.85647	0.47412	1.04765	0.48941	0.84882	0.93294	0.84882	1.06294	1.01706	1.23882	0.81824	0.54294	0.60412	1.3	0.99412	0.70353	1.69	1.17	0.78765	0.42824	0.53529	1.82	0.39765	0.89471	0.81059	0.29824	1.10118	0.87177	1.03235	0.55824	0.60412	0.80294	1.13177	0.83353	0.74941	0.52765	1.06294	0.83353	0.90235	0.91765	0.89471	0.62706	0.42059	0.45882	0.94824	0.45118	0.73412	0.90235	0.49706	0.97882	0.82588	0.47412	1.27706	1.04765	0.98647	0.63471	0.94824	0.81059	0.55824	0.65	0.55824	0.58882	0.71882	0.69588	1.26941	0.67294	0.98647	0.70353	1.01706	1.04765	1.06294	0.68059	0.60412	0.75706	0.60412	1.06294	0.97118	0.59647	0.68059	0.88706	0.77235	0.61177	0.62706	0.87177	0.57353	0.52	0.89471	0.35177	0.75706	0.65	1.3	0.72647	1.23118	0.70353	0.78	1.45294	1.0553	0.82588	0.54294	0.73412	0.68059	0.45882	1.17765	0.86412	1.20059	0.61177	0.56588	0.95588	0.87941	0.93294	0.62706	0.74177	0.80294	1.35353	1.34588	0.59647	1.28471	0.62706	0.74941	1.23882	0.55059	0.90235	0.91765	1.35353	0.64235	0.63471	1.22353	0.73412	1.29235	0.51235	0.32882	1.10882	1.3	0.68059	0.90235	0.52	0.38235	1.54471	0.59647	0.82588	0.65765	0.94824	0.76471	0.56588	1.14706	0.54294	0.91765	1.59824	0.78	1.02471	0.54294	1.07059	0.63471	0.74941	0.88706	0.9253	0.60412	0.91765	0.60412	0.63471	0.69588	1.27706	0.84882	0.49706	0.84882	0.82588	0.78765	0.52	0.81824	0.69588	0.64235	0.96353	0.51235	0.58118	0.66529	0.73412	0.98647	1.00177	0.81059	0.64235	0.58118	0.74941	1.07824	1.10118	0.94059	0.54294	0.74177
cell105	1.43906	1.90297	0.7006	0.66273	1.91244	1.19291	0.89941	1.08876	1.03196	1.4864	1.42959	1.27811	1.01302	1.5148	1.0793	1.31598	1.43906	1.35385	1.49587	1.4864	1.20237	1.04143	1.03196	1.37279	1.29705	1.24971	1.03196	0.7574	1.73255	1.66628	2.32901	0.88995	1.63788	1.0793	1.26865	0.69113	0.90888	1.11717	2.00711	1.71362	0.82367	0.48284	1.59054	0.99409	0.58699	1.00356	1.06036	2.29114	1.00356	1.1645	1.01302	1.60001	1.52427	0.82367	2.6225	0.88995	0.93728	0.66273	1.25918	2.05445	1.46746	1.23078	0.64379	1.74202	1.76096	1.11717	1.12663	1.22131	0.44497	0.77634	1.24971	1.43906	0.87101	0.89941	1.8367	0.73847	0.88995	1.06983	1.27811	1.50533	1.0793	0.66273	0.95622	2.04498	1.30652	1.09823	1.33492	1.06036	0.84261	0.98462	1.20237	0.98462	1.03196	1.24024	1.458	1.46746	1.53374	0.83314	1.50533	0.98462	0.68166	1.82723	1.97871	1.58107	1.5432	1.81776	1.01302	1.26865	1.02249	0.92782	0.82367	1.23078	1.42013	1.05089	0.97515	1.27811	1.95977	0.97515	1.64735	1.06036	0.98462	1.46746	1.04143	1.00356	1.06036	1.17397	1.08876	0.73847	1.42013	0.96569	0.43551	1.50533	1.06036	1.41066	1.19291	0.82367	2.17753	1.22131	1.52427	0.729	0.81421	1.59054	1.26865	0.97515	1.46746	1.39172	1.42013	0.83314	0.76687	0.729	1.22131	1.05089	0.86154	0.82367	0.99409	1.33492	1.87457	1.14557	1.46746	1.43906	0.31243	1.20237	1.27811	1.39172	1.04143	1.33492	0.88048	0.84261	0.95622	1.47693	1.1077	0.64379	1.28758	0.81421	0.91835	1.66628	1.47693	0.99409	1.1077	1.43906	0.76687	1.21184	0.98462	1.17397	1.15504	1.73255	1.43906	1.27811	1.55267	0.77634	1.61894	1.12663	0.81421	0.66273	1.60001	2.03551	0.97515	1.06036	1.43906	1.0793	0.86154	0.49231	1.20237	1.11717	1.71362	0.34083	1.17397	0.42604	1.69468	1.97871	1.42959	1.62841	1.36332	1.20237	1.26865	0.93728	1.71362	1.40119	1.14557	1.50533	0.7574	1.02249	1.24971	0.93728	1.64735	0.80474	1.34439	1.64735	0.99409	0.93728	0.82367	1.14557	0.92782	1.01302	1.43906	0.71006	1.37279	0.83314	1.5148	1.85563	1.19291	0.98462	1.60001	1.02249	0.93728	0.63432	0.62486	0.73847	0.74793	0.76687	0.86154	0.46391	1.93137	0.83314	1.24971	0.83314	0.98462	1.5432	0.81421	0.7574	0.56805	0.46391	0.84261	0.93728	0.88995	1.04143	0.44497	0.66273	0.44497	1.14557	0.71006	1.17397	1.04143	0.69113	1.21184	0.69113	0.94675	0.76687	0.58699	0.64379	0.94675	0.69113	1.06036	0.89941	1.0793	1.14557	0.64379	0.39764	0.4071	0.90888	0.80474	0.7858	0.84261	0.49231	0.94675	0.86154	0.80474	0.23669	1.26865	0.71953	0.7006	0.34083	1.14557	1.09823	1.05089	0.65326	0.47338	0.47338	0.54912	1.06036	0.50178	0.60592	1.1361	1.0793	0.87101	0.71953	0.83314	0.82367	0.52071	0.729	0.45444	0.97515	0.82367	0.7858	1.04143	0.53965	0.93728	0.73847	0.85208	0.74793	0.67219	1.23078	0.82367	0.52071	0.85208	0.83314	0.84261	0.84261	0.79527	0.66273	0.7006	1.15504	0.90888	0.86154	0.67219	0.69113	0.89941	0.88048	0.87101	0.81421	1.23078	0.49231	0.58699	0.83314	0.54912	0.94675	0.79527	1.05089	0.89941	1.03196	0.7574	0.46391	0.89941	1.18344	1.25918	0.51125	0.74793	1.02249	0.88995	0.69113	0.71006	0.4071	0.53965	0.64379	1.24024	0.82367	0.39764	1.11717	0.84261	0.58699	0.69113	0.96569	0.63432	0.80474	0.69113	0.71006	0.31243	0.59645	1.01302	1.08876	0.84261	0.71953	0.77634	0.7006	0.83314	0.65326	0.61539	0.47338	0.65326	0.99409	0.66273	0.46391	0.55858	0.74793	0.76687	1.01302	0.86154	0.77634	0.51125	0.69113	0.76687	0.91835	1.24971	0.51125	0.61539	0.81421	0.90888	0.68166	0.85208	0.71953	0.58699	0.83314	0.53018	0.53018	0.68166	1.02249	0.93728	0.46391	0.71006	0.89941	0.94675	0.60592	0.51125	0.48284	0.51125	0.50178	0.83314	0.87101	0.64379	1.0793	0.41657	0.73847	1.09823	0.65326	0.7574	1.1361	0.88995	0.56805	1.00356	0.57752	1.40119	1.06036	0.52071	0.73847	1.24024	0.77634	0.7574	0.79527	1.52427	0.80474	0.85208	0.73847	1.02249	0.3787	0.42604	0.47338	0.64379	0.96569	0.7006	0.94675	0.98462	0.99409	0.59645	0.4071	0.52071	0.49231	0.92782	1.37279	0.68166	0.71006	0.84261	0.7006	1.38226	1.05089	0.65326	0.83314	1.20237	1.1645	1.1361	0.54912	1.1077	1.0793	1.09823	0.60592	0.60592	0.93728	0.64379	0.88995
cell106	0.89367	0.81175	1.07241	0.49152	0.98304	0.82665	1.01283	0.38726	1.06496	0.6926	1.06496	0.70004	0.72983	1.10965	0.58834	0.93091	0.98304	1.17667	1.33306	0.63302	1.12454	1.46712	1.36285	1.20646	0.94581	1.53414	1.34796	0.90112	0.73728	1.07986	0.79686	1.59372	0.98304	1.02028	1.25859	1.37775	0.84154	0.80431	1.61606	0.68515	1.00538	0.84154	1.57138	0.85644	0.90112	0.75218	1.3852	1.16922	1.66819	0.93836	1.05751	1.13943	1.74266	0.78197	0.79686	0.88623	1.2437	0.98304	0.80431	1.2437	1.74266	1.07241	1.28093	1.16922	1.69798	1.42243	1.74266	2.25653	1.3703	1.86927	1.26604	1.01283	1.46712	1.2288	1.16178	0.86389	2.12992	1.13199	0.87133	1.04262	0.93836	0.85644	0.41705	0.72239	0.0	0.0	0.0	0.31279	0.38726	0.35002	0.33513	0.64047	1.16922	1.84693	1.54904	1.2288	0.68515	0.18618	0.9607	0.64791	1.35541	0.65536	0.98304	0.99049	1.02773	0.8192	0.67026	1.12454	1.33306	1.92885	0.61068	0.70749	0.49897	1.54159	0.80431	0.59578	0.49152	1.42988	1.05007	0.61812	0.99049	0.63302	1.18412	1.23625	1.54904	1.46712	0.65536	1.02773	0.93091	1.41498	0.81175	0.57344	1.31817	0.5511	0.70004	0.88623	0.94581	1.07986	1.27349	0.72983	1.10965	0.85644	0.97559	0.6926	1.12454	1.07241	0.84154	0.91602	0.45428	1.17667	1.50435	1.09475	0.79686	0.87133	1.07986	0.93091	0.70004	0.93836	0.76707	1.34051	0.93091	0.79686	1.3703	0.49152	0.75962	0.78197	0.43194	1.63096	0.94581	0.77452	1.03517	1.01283	0.90112	0.64791	0.90112	1.43733	0.48407	0.92346	1.09475	1.40754	1.56393	1.00538	1.68309	1.07986	1.68309	0.51386	0.78197	1.41498	0.58089	0.75218	0.73728	1.34796	0.99794	0.87133	0.82665	1.34051	1.09475	0.94581	1.09475	1.12454	1.00538	0.58089	1.46712	1.02773	1.15433	1.64585	0.64047	0.79686	0.61068	0.84899	0.8192	0.75962	0.78941	1.52669	0.52131	0.84899	0.8341	0.61068	0.80431	0.74473	1.20646	0.67026	0.95325	0.62557	0.98304	1.05007	1.28093	1.21391	1.61606	1.06496	0.72239	1.16922	0.89367	1.30328	1.10965	0.74473	1.27349	0.61812	1.22135	0.96815	0.70004	1.18412	1.14688	0.46918	1.3852	1.55648	1.11709	0.65536	0.67026	0.78941	0.70749	1.05751	0.8341	0.95325	0.75962	1.19901	1.72777	0.74473	2.12248	0.84899	0.84154	1.12454	0.74473	0.95325	1.14688	1.03517	0.6926	0.57344	0.70004	0.94581	1.23625	1.05007	0.87878	0.92346	1.31072	1.36285	0.72239	1.28838	1.74266	1.44477	0.49897	1.48946	1.2437	1.57882	1.07241	1.21391	1.54159	0.81175	1.52669	1.20646	0.55855	0.94581	1.3852	1.12454	0.52876	0.88623	0.52131	1.16922	0.90857	0.94581	1.2288	1.07241	1.36285	0.78197	1.57138	0.59578	0.71494	0.77452	1.22135	1.00538	0.90857	0.89367	1.30328	0.93836	2.23419	1.40754	1.26604	1.27349	1.27349	0.86389	0.84154	0.64047	1.0873	1.18412	1.12454	0.52131	0.92346	0.97559	0.98304	0.87878	0.79686	0.8341	0.93836	1.12454	0.8341	1.48201	0.49897	0.89367	0.8341	0.46173	0.82665	0.88623	0.65536	1.00538	0.79686	0.8192	0.70004	1.30328	0.68515	0.86389	1.00538	0.80431	0.50642	1.63096	0.61068	0.86389	1.12454	0.5511	1.00538	1.15433	0.93091	1.3703	1.10965	0.77452	0.66281	0.84154	0.78941	1.1022	0.87133	0.68515	1.33306	1.63096	1.17667	1.31072	0.84154	1.28093	0.45428	1.20646	1.26604	1.91395	0.84154	1.75011	0.61812	1.1022	1.11709	1.0873	1.3703	1.02028	0.6777	0.9607	0.80431	0.98304	1.84693	1.12454	0.73728	2.01821	1.07241	0.62557	0.87878	1.07241	0.78197	0.98304	0.8192	1.52669	1.11709	1.06496	0.89367	0.95325	0.90857	0.93836	1.03517	0.51386	0.8192	0.72983	1.32562	0.62557	1.35541	1.47456	1.02028	0.95325	0.20852	0.72239	0.78941	0.50642	0.65536	0.51386	0.92346	0.85644	1.19901	0.4245	0.71494	0.84899	0.9607	0.74473	1.37775	0.61068	1.25114	0.5511	1.34796	0.49152	0.60323	1.56393	1.13943	1.48201	0.5511	1.05751	0.75962	0.8192	0.74473	1.17667	1.70543	0.85644	0.84154	0.84154	0.6777	1.59372	1.16178	0.87878	0.99049	1.42988	1.40009	0.52131	0.84899	1.20646	0.98304	0.76707	1.94374	0.64791	0.78197	0.87878	0.24576	0.97559	1.1022	0.64047	1.25859	1.03517	0.96815	0.92346	0.67026	0.94581	0.92346	0.73728	1.05751	1.47456	0.98304	1.16922	0.94581	0.87133	1.45222	0.84899	1.21391	0.8192	0.49152	0.71494	1.3852	1.28838	1.18412	0.82665
cell107	1.17468	1.10217	1.34871	1.01516	1.18193	0.83388	1.28345	0.98615	0.70336	0.95715	1.95055	0.9499	1.23994	0.75412	1.39222	1.74027	1.34871	1.21094	1.11667	1.50098	0.94265	1.32696	1.00066	1.39222	1.06592	1.12392	1.38496	1.08042	0.59459	1.35596	0.81938	1.69676	1.50823	1.22544	2.00856	0.83388	1.18918	0.6526	0.97165	1.21094	0.81213	0.9789	1.18918	1.17468	1.3197	0.84113	1.40672	1.57349	0.89189	0.87739	1.3197	1.37046	1.13843	1.21819	1.93605	1.21819	1.31245	0.81213	1.13843	1.26895	1.60975	1.32696	0.69611	0.9934	1.50823	1.11667	0.92814	1.29795	2.2551	1.36321	0.73236	0.9644	1.16018	1.10217	1.588	0.98615	1.15293	0.84113	0.77587	0.53658	0.59459	1.2617	1.47923	1.09492	2.26235	1.47198	1.9433	1.6315	1.37771	1.2762	1.31245	0.97165	1.55899	1.26895	1.01516	0.92089	1.07317	1.17468	1.10942	0.89189	0.91364	1.76927	1.04416	1.41397	0.77587	1.09492	1.45022	1.70401	1.11667	1.05141	1.47198	1.05141	0.81938	1.39947	1.18918	1.10217	1.2907	0.79762	1.46473	1.25444	1.26895	1.21819	1.34146	0.81213	0.97165	0.39156	0.72511	1.12392	2.03757	0.87013	1.45022	1.22544	1.56624	1.66051	1.19644	1.85629	0.68161	1.6315	1.40672	0.76862	1.39222	0.70336	0.31905	1.16743	0.92814	1.25444	0.75412	1.10942	1.24719	1.66051	1.34146	1.29795	1.71127	1.39947	0.71786	1.39947	0.79762	0.79037	0.87739	1.06592	0.81938	1.47923	1.47198	1.12392	1.25444	1.53724	0.9789	0.78312	1.38496	0.90639	1.85629	1.68226	0.47857	1.42847	2.03031	0.73961	0.89189	1.31245	1.38496	2.12458	1.68951	1.10217	1.17468	0.86288	1.10942	1.57349	1.3052	1.36321	1.58075	0.9934	1.25444	1.14568	0.84838	0.42057	0.42057	0.87739	1.66776	1.20369	0.84113	1.14568	0.98615	1.24719	1.19644	0.70336	0.9354	0.75412	0.6671	1.39222	1.87804	1.19644	1.23994	1.67501	1.20369	0.83388	1.41397	1.39222	1.52999	0.65985	1.01516	1.14568	1.05141	1.52999	0.73236	1.40672	1.84179	1.06592	1.73302	0.89914	1.53724	1.02966	1.08042	1.2762	1.06592	1.48648	1.87079	1.04416	1.02966	0.85563	0.70336	0.82663	1.21819	1.55899	1.33421	1.15293	0.6671	0.63085	0.89914	0.79762	0.77587	0.95715	0.9644	0.59459	1.00791	0.60184	1.02966	0.41331	0.55109	0.87739	0.73961	0.95715	0.6381	1.12392	0.80487	0.75412	0.9644	0.43507	0.70336	0.86288	0.79762	0.73236	1.12392	0.52208	1.01516	1.02241	0.47857	0.74687	1.16743	0.91364	0.97165	0.57284	1.39222	1.14568	0.71786	0.75412	0.67435	0.82663	1.06592	0.79037	0.90639	0.49308	0.76137	0.52208	0.65985	0.80487	1.13843	0.75412	0.60909	0.94265	0.6381	0.38431	0.87013	0.81938	0.58734	0.6526	0.79762	0.45682	0.81938	0.86288	0.90639	0.81938	0.42057	0.33355	0.81938	0.44957	0.53658	0.31905	1.29795	0.9644	1.04416	0.59459	0.84838	1.2762	0.78312	0.60909	0.52933	0.74687	1.19644	0.72511	0.49308	0.82663	0.92814	1.29795	1.16743	1.18918	0.81938	0.71786	0.85563	1.00066	0.81938	0.80487	0.52933	1.23994	1.16743	0.45682	0.6526	1.58075	1.42847	1.17468	1.13118	0.56559	1.42122	0.9789	0.3118	0.49308	0.52208	0.98615	0.49308	0.60909	1.34146	0.91364	0.70336	0.70336	1.47923	0.79037	0.9934	0.48583	0.91364	0.60909	1.00791	0.80487	0.54383	0.90639	1.2762	0.78312	0.60184	1.26895	1.18918	0.59459	0.50033	1.45748	0.76862	0.49308	0.73961	0.88464	0.44957	0.73961	1.14568	0.35531	0.6236	1.01516	1.64601	1.00791	0.71786	0.83388	0.98615	0.52933	1.47923	0.92814	0.95715	1.15293	1.00066	0.87739	0.55834	1.16743	0.52208	1.18193	0.39156	0.76862	1.33421	0.70336	0.97165	0.56559	0.44232	0.68161	0.65985	0.9644	1.05866	1.11667	1.13843	0.49308	0.76137	0.75412	0.53658	0.57284	1.10942	0.74687	0.68161	1.08042	0.47132	0.81938	0.84838	0.57284	0.64535	0.64535	0.83388	1.00066	0.85563	0.70336	0.68161	0.65985	0.82663	0.71786	0.98615	0.53658	0.63085	0.68886	0.55109	0.58734	1.31245	0.80487	0.68161	0.70336	1.2907	0.71786	0.63085	1.17468	0.70336	0.69611	0.85563	0.55834	0.73961	1.11667	0.53658	0.9789	0.55109	0.63085	1.10942	0.52933	0.6526	0.57284	0.6526	0.52208	0.51483	0.68161	0.65985	0.59459	1.15293	0.79762	0.44957	0.51483	0.76862	1.21094	1.18918	0.70336	1.00791	0.77587	1.14568	0.60909	0.81213	0.92089	1.47923	0.87013	0.67435	0.92814	0.63085	0.6526	1.3052	0.69611
cell108	0.51235	0.82108	0.67657	0.87363	1.13637	0.97872	0.8999	1.53706	0.95245	1.17578	0.4401	1.005	0.63059	1.16265	0.83421	1.28088	0.66343	0.57804	1.15608	0.99186	1.13637	0.58461	0.82108	0.63059	0.82108	1.39255	0.83421	1.14294	1.03127	1.35314	0.70941	1.39255	0.64372	1.38598	0.58461	0.73569	1.01814	0.95902	1.09039	0.72912	1.31372	1.16265	0.65686	1.04441	0.76196	0.90647	1.24147	1.12323	2.14794	1.58961	1.89833	1.7801	1.15608	2.61431	1.36627	2.01657	2.1348	1.4451	1.36627	2.02314	1.675	1.89176	0.66343	0.93931	2.66686	2.08225	1.71441	0.47951	0.63716	1.7998	2.08225	1.32029	2.71941	1.32686	2.60774	0.94588	0.78167	0.7751	0.8802	0.53206	0.60431	0.86049	0.34157	0.37441	0.0	0.0	0.0	0.49265	0.29559	0.50578	1.07725	0.67	1.65529	1.88519	1.33343	0.49265	0.80137	1.15608	0.52549	0.60431	0.74225	1.29402	1.22176	0.95245	0.67657	1.35314	1.01157	1.1298	0.94588	1.24804	1.20863	0.90647	1.66186	0.50578	1.07069	1.28745	0.5649	0.66343	1.11667	0.82108	0.91304	0.80794	1.38598	0.53863	0.78167	0.62402	0.74882	1.17578	1.005	0.71598	0.65029	0.62402	0.85392	1.30716	1.06412	0.38098	0.55833	0.91304	0.58461	1.01157	1.05755	0.80794	0.97872	0.82108	1.26774	0.70941	0.60431	0.46637	0.86706	1.55019	0.63059	1.2349	1.26118	1.87863	0.99186	0.68971	0.69627	1.2349	1.32686	0.95245	1.18892	0.86706	1.24804	0.67657	0.59774	1.15608	0.85392	0.36784	0.93931	0.55176	1.14294	1.14951	1.34	0.87363	0.71598	1.93117	1.03784	1.27431	1.36627	1.03127	0.78167	0.55833	0.86049	0.74882	1.005	0.82765	1.14951	0.53206	0.8999	0.62402	0.86706	1.29402	0.74225	0.58461	1.0247	1.43853	0.83421	1.09696	0.66343	1.27431	0.70941	1.16265	1.11667	0.7751	0.78823	1.01814	1.07069	0.78167	0.8802	1.03784	1.34	0.66343	1.01814	0.24961	0.73569	1.30059	0.55833	1.51078	0.78823	0.55176	1.26118	0.70941	0.84078	0.94588	0.72912	0.65029	1.06412	0.65686	1.07725	0.40725	0.91304	0.84078	0.80794	0.93274	1.1101	1.17578	0.59774	0.96559	1.24147	0.86706	1.34657	0.8802	1.26118	0.5649	1.27431	1.39255	0.63716	1.07069	1.13637	0.98529	0.59774	0.71598	1.43196	1.07725	0.72255	1.26118	0.75539	0.65029	0.80794	0.94588	1.1101	0.7948	0.8999	0.98529	0.82765	0.98529	1.18235	0.67	0.50578	1.12323	1.63559	1.05098	1.26118	0.85392	1.01814	1.15608	1.14294	1.13637	0.69627	1.14294	1.15608	1.32686	0.99843	1.35314	0.87363	1.28745	0.8802	1.05098	1.01814	1.20863	1.21519	1.22833	0.97216	1.1298	0.57804	1.16921	1.04441	1.05755	0.88676	1.19549	0.60431	1.26774	0.73569	0.91304	0.7948	1.27431	1.09039	1.31372	0.53863	1.07725	0.97872	0.44667	1.05098	0.61088	1.43853	0.8999	1.12323	0.82765	1.09039	1.47137	1.25461	1.07069	0.93931	0.99186	0.84735	0.82765	1.04441	0.75539	1.05755	1.39912	0.65029	0.70284	1.18892	0.78167	0.92618	0.97216	0.72912	0.99186	1.52392	0.85392	1.01814	0.58461	1.18235	0.38098	0.87363	1.63559	0.70284	0.80794	0.67	1.05098	1.58961	1.16265	0.42039	1.30059	0.92618	1.35314	1.43196	0.69627	1.45167	0.97216	1.675	1.51078	1.09039	0.74882	1.21519	0.74882	1.08382	0.80137	1.14951	0.42039	1.14951	1.20206	0.7751	0.70284	0.82108	0.94588	2.09539	0.95902	0.92618	0.43353	0.91304	1.20863	1.22833	0.88676	0.40069	0.97216	0.63716	0.99186	1.05098	0.51892	1.13637	0.99843	1.03127	0.74225	0.42696	0.97216	0.99186	1.04441	0.95902	1.17578	1.16921	0.93931	0.81451	0.83421	0.95902	0.81451	1.04441	0.94588	1.24147	1.26774	0.74882	0.97872	0.29559	0.84078	0.72255	0.70284	0.76853	0.49922	1.68814	0.84078	0.97872	0.72912	0.91304	1.11667	1.40568	1.50421	0.64372	0.51892	0.66343	1.15608	0.92618	1.41225	0.85392	0.98529	0.71598	1.01157	1.09039	0.42696	1.06412	0.82765	0.53863	0.7948	1.43196	0.95245	1.45167	0.96559	1.45167	1.18235	0.93274	0.83421	0.55176	1.1101	1.08382	1.03127	1.30716	1.16265	0.92618	1.03127	1.19549	1.37284	1.47137	0.63059	0.86706	0.92618	1.25461	1.01157	0.88676	0.66343	1.1101	1.005	1.11667	1.08382	0.97872	1.97715	1.37284	1.1101	1.09696	1.1101	1.32029	0.89333	0.97216	0.74882	1.53706	0.69627	0.80137	1.25461	0.92618	0.65686	0.7948	0.91304	0.83421	1.45167	1.07069	0.74225	0.61088	1.37284	0.67	2.08225
cell109	0.49269	0.99333	1.4304	1.39066	1.23968	1.11253	0.596	1.06485	0.92181	0.92976	1.0728	1.19994	0.77082	0.51653	1.23968	1.01717	1.45424	1.01717	1.04896	0.82645	2.46346	1.18405	0.89797	1.55754	1.44629	1.37477	0.81056	1.12842	0.80261	1.86746	1.60522	1.62906	2.24095	1.42245	0.65162	0.75493	0.596	1.73237	1.49397	1.13637	1.0728	1.42245	0.91386	0.8185	1.66879	1.54165	1.192	0.69136	1.40656	1.34298	0.9536	1.4145	0.6993	1.57343	1.35093	0.81056	0.65162	1.85157	1.4304	1.70058	1.02512	0.5801	1.33504	1.54959	1.57343	1.25557	0.97744	1.16816	1.23968	1.39066	1.54165	0.74698	1.70853	1.0728	1.14432	0.92976	1.78799	1.04896	0.87413	0.85029	0.63573	0.96949	1.43834	1.19994	0.92976	0.38144	1.09664	0.8344	1.14432	1.08074	1.94693	1.2953	0.96949	1.0569	1.43834	1.24762	1.63701	1.1761	0.53242	0.87413	1.00922	0.96949	1.12842	0.66752	1.01717	2.16149	1.20789	1.33504	0.73109	1.192	1.19994	1.34298	0.8344	0.60394	1.36682	0.9536	0.80261	0.65957	1.08074	1.52575	1.0569	1.32709	1.7721	0.85029	1.39066	0.65957	1.36682	1.66879	1.57343	0.85029	1.57343	0.85824	0.70725	1.7721	1.46218	0.8344	1.16816	0.73904	1.50986	1.80389	0.82645	1.21584	0.8185	0.67546	1.3112	1.3112	0.58805	1.81978	1.19994	1.80389	1.39861	1.35888	2.07407	0.81056	1.75621	1.28736	1.18405	1.18405	1.35093	1.4145	1.3112	1.83567	1.42245	0.85029	1.88335	1.86746	0.78672	1.4145	0.91386	1.33504	1.12842	0.96949	1.81978	0.86618	1.67674	0.65162	1.5337	1.24762	1.27146	1.25557	1.71647	0.84234	0.90592	1.16021	0.89002	1.14432	1.37477	1.08074	1.00922	0.75493	1.57343	1.09664	1.50986	0.5801	1.38272	1.27941	1.35888	0.99333	1.34298	1.04101	1.3112	2.11381	1.78005	1.47807	1.7721	1.91514	1.97871	0.64368	1.46218	1.04896	1.00128	1.71647	1.27941	2.22506	1.42245	1.30325	1.4145	1.45424	1.12842	1.34298	1.45424	1.02512	1.66085	0.75493	1.50986	0.8185	1.80389	1.48602	1.78799	0.82645	1.13637	1.16021	1.10458	1.33504	1.20789	1.16021	0.75493	1.32709	0.91386	0.97744	0.55626	0.63573	1.08074	0.96154	0.82645	0.57216	0.58805	1.3112	0.92181	0.98538	0.54832	0.57216	0.80261	1.08869	0.60394	0.70725	0.74698	0.97744	1.08074	0.86618	1.38272	1.75621	1.12048	1.45424	1.12842	0.92976	0.46885	0.56421	0.42117	1.09664	0.30197	1.38272	0.4768	0.64368	1.10458	0.45296	1.48602	0.62778	1.23173	0.46885	0.34171	0.92976	0.8344	1.15226	0.61189	0.74698	1.39861	0.92181	0.75493	1.192	0.51653	1.20789	0.46885	0.65162	0.78672	0.75493	0.73904	0.52448	0.51653	1.0569	1.13637	0.68341	0.9536	0.60394	0.61984	0.41323	0.34171	0.7152	0.38144	0.99333	0.48475	1.16816	0.54037	0.96949	0.7152	1.16021	0.54037	1.01717	0.58805	1.33504	0.96949	0.6993	0.50064	0.82645	0.74698	0.73109	0.75493	0.88208	0.80261	1.3112	0.82645	1.22378	0.89002	0.17483	1.11253	0.88208	0.56421	0.99333	0.46885	1.14432	0.74698	0.98538	0.3576	0.50064	0.38144	0.82645	0.53242	0.57216	1.04101	0.72314	0.53242	0.85824	0.85029	0.87413	1.10458	0.48475	0.62778	1.02512	0.90592	1.12048	0.46091	1.13637	0.38144	0.52448	1.34298	0.55626	0.4768	0.55626	0.72314	0.87413	0.76288	1.21584	0.85824	0.8185	0.9377	0.48475	0.99333	0.65957	0.92976	0.86618	0.65957	0.65162	0.85029	0.5801	0.76288	0.81056	0.72314	0.81056	0.24635	0.98538	0.42117	0.32581	0.41323	0.57216	1.0728	0.81056	0.96154	0.90592	0.99333	0.99333	0.28608	0.5801	0.91386	1.01717	0.49269	0.42117	0.74698	0.52448	0.72314	0.56421	1.02512	1.12842	0.77082	1.03306	0.69136	0.81056	0.63573	0.80261	0.61984	0.89797	0.76288	0.77877	0.80261	1.16816	1.01717	0.80261	0.92181	0.8185	0.96949	0.8185	0.64368	0.60394	0.56421	1.01717	0.79466	0.8185	0.75493	1.01717	1.21584	0.65957	1.08869	1.02512	0.74698	0.97744	0.12715	0.65162	0.39733	0.40528	0.75493	0.36555	1.40656	0.88208	0.52448	0.58805	0.77082	0.62778	0.7152	0.5801	1.47013	0.89797	0.53242	1.12048	0.49269	1.2953	0.65162	0.73109	0.33376	0.67546	1.33504	1.04101	0.89797	0.75493	0.63573	0.66752	0.89002	0.54832	1.14432	0.39733	1.10458	1.3112	0.8344	0.80261	0.62778	0.61984	0.7152	0.53242	1.16816	1.1761	0.97744	1.50986	0.61984	0.84234	0.90592	0.36555	0.61189	0.72314	0.43707	0.73904
cell110	0.72129	0.66241	1.20706	0.55937	0.57409	0.67713	1.3101	0.42689	0.85377	1.00098	0.67713	1.26594	1.29538	0.70657	1.14818	0.79489	0.64769	1.78115	0.85377	0.95681	1.26594	0.94209	1.07458	0.98626	1.28066	0.72129	1.3101	1.19234	0.75073	0.82433	0.86849	1.04514	0.67713	1.13346	1.20706	0.58881	0.57409	0.72129	1.39842	1.04514	1.29538	1.05986	0.70657	0.70657	2.03139	1.81059	1.32482	0.85377	1.05986	0.73601	0.70657	0.80961	0.85377	0.42689	0.97153	1.04514	1.05986	0.76545	1.11874	0.76545	1.35426	1.17762	0.86849	1.47202	0.83905	0.63297	0.66241	0.92737	1.07458	0.97153	1.25122	0.67713	1.51618	0.69185	0.50049	0.76545	0.66241	1.28066	0.83905	1.20706	1.4573	0.79489	0.48577	1.44258	1.0157	1.0157	0.85377	0.66241	1.42786	0.76545	0.76545	1.32482	0.55937	0.82433	0.50049	0.60353	0.80961	0.60353	0.76545	1.04514	2.04611	0.35329	0.54465	1.03042	0.70657	0.75073	0.79489	0.79489	0.92737	0.69185	0.79489	1.66339	1.0893	1.58978	0.86849	0.78017	1.1629	1.44258	0.50049	0.83905	1.79587	0.82433	0.91265	1.00098	1.00098	1.3837	0.79489	1.05986	1.26594	1.17762	2.01667	1.33954	0.89793	0.60353	1.25122	1.6045	0.89793	1.07458	0.67713	0.89793	0.94209	1.11874	0.86849	0.94209	0.83905	0.50049	1.44258	1.0157	1.25122	1.0893	0.78017	1.04514	0.72129	1.00098	1.20706	0.55937	0.41217	0.91265	0.79489	1.82531	1.1629	0.98626	1.22178	1.39842	0.88321	1.41314	0.41217	0.86849	1.04514	0.86849	1.1629	0.75073	0.97153	0.85377	0.57409	0.76545	0.95681	0.91265	0.63297	1.05986	0.69185	1.78115	0.86849	1.19234	1.22178	0.75073	0.76545	0.89793	0.94209	0.76545	0.61825	1.0893	1.33954	0.92737	1.75171	1.10402	1.10402	0.85377	1.26594	0.78017	0.98626	0.30912	0.86849	0.57409	0.88321	0.91265	0.75073	0.57409	0.61825	0.97153	0.82433	0.91265	0.91265	0.75073	0.51521	0.86849	1.50146	0.88321	1.67811	0.61825	0.58881	0.57409	0.61825	1.29538	1.05986	0.94209	1.5309	0.57409	1.03042	0.83905	0.97153	2.03139	0.51521	0.97153	1.70755	1.00098	1.50146	0.76545	0.79489	1.3101	1.0157	1.26594	1.25122	1.11874	1.07458	1.25122	0.58881	1.70755	1.54562	0.63297	0.95681	1.22178	0.89793	0.60353	1.00098	0.92737	0.69185	0.69185	1.13346	1.03042	0.73601	1.75171	1.17762	0.94209	1.5309	0.82433	1.04514	1.20706	1.4573	1.91363	0.91265	1.10402	1.11874	1.11874	1.79587	0.70657	0.69185	0.85377	0.83905	0.97153	1.51618	1.5309	0.92737	1.3837	1.5309	0.98626	1.2365	1.26594	1.25122	1.10402	0.57409	1.0157	0.98626	0.83905	0.67713	1.35426	1.19234	0.95681	1.14818	1.56034	1.11874	0.75073	1.04514	1.3101	1.28066	1.70755	1.54562	1.72227	1.2365	0.67713	0.69185	1.00098	0.83905	0.47105	0.83905	1.07458	1.32482	1.63395	0.73601	1.84003	1.0157	1.04514	0.78017	0.55937	0.61825	0.76545	0.95681	0.89793	0.66241	0.72129	0.97153	1.04514	1.14818	1.73699	1.17762	0.45633	0.97153	1.13346	0.47105	0.94209	0.78017	1.44258	1.13346	0.39745	1.57506	1.26594	1.17762	0.79489	1.03042	0.76545	1.69283	0.86849	0.89793	1.36898	0.98626	0.97153	1.0893	1.10402	0.72129	0.64769	1.20706	1.03042	0.78017	0.79489	0.83905	1.50146	0.51521	1.17762	0.27968	1.1629	1.1629	1.3101	1.42786	0.89793	1.04514	0.58881	1.05986	1.17762	1.47202	1.07458	1.03042	0.91265	1.33954	0.48577	0.63297	0.66241	0.58881	0.76545	1.17762	1.11874	1.14818	0.85377	0.38273	0.86849	1.28066	1.66339	1.10402	1.3101	0.89793	1.42786	1.05986	0.80961	0.60353	1.2365	0.67713	1.03042	0.88321	0.94209	0.88321	1.13346	1.3101	0.98626	1.64867	1.29538	0.97153	1.3101	1.10402	0.63297	0.70657	0.67713	1.41314	0.42689	0.97153	1.13346	0.75073	1.10402	1.56034	0.95681	0.69185	1.33954	1.5309	0.72129	1.00098	0.83905	0.47105	1.20706	0.55937	0.86849	0.57409	0.67713	1.05986	1.14818	0.97153	0.44161	1.03042	0.58881	0.73601	1.4573	1.13346	1.04514	0.72129	0.67713	0.97153	0.98626	1.48674	0.98626	0.97153	0.89793	1.1629	1.22178	0.89793	1.0157	1.07458	1.39842	0.60353	0.39745	0.70657	1.28066	1.04514	1.32482	0.75073	1.57506	0.98626	1.05986	1.19234	0.70657	0.89793	1.13346	0.88321	0.69185	0.86849	1.76643	0.60353	1.3101	1.35426	0.51521	1.07458	1.39842	1.17762	0.82433	0.66241	1.11874	0.98626	1.51618	0.51521	0.86849	1.04514	1.04514
cell111	1.12631	1.8731	1.90983	0.73455	0.78352	1.42013	1.57928	0.73455	0.33055	1.4691	0.90594	0.88146	1.11407	0.77128	1.3834	0.90594	0.71006	1.34667	1.54255	0.86922	1.3834	0.79576	0.90594	0.9794	1.32219	0.9794	1.01613	1.45686	0.69782	0.61212	0.71006	0.90594	0.68558	1.19976	0.808	1.01613	1.23649	1.4691	1.53031	0.45297	1.15079	1.18752	1.00388	1.53031	1.49358	0.99164	1.75068	1.07734	1.4691	1.4691	1.02837	1.56704	1.50583	1.08958	1.57928	0.84473	1.01613	1.01613	1.54255	1.32219	1.13855	1.12631	1.17528	0.93043	0.85697	0.84473	1.08958	1.37116	1.42013	1.04061	0.86922	1.60377	1.61601	1.67722	1.17528	1.0651	1.32219	1.5548	1.70171	0.69782	1.08958	1.16304	1.72619	0.9794	0.58764	1.70171	0.4897	1.00388	1.67722	1.3834	1.22425	1.05285	1.72619	0.77128	1.19976	1.04061	1.26098	1.02837	1.93431	1.2977	2.87699	2.2771	1.30995	1.2977	0.72231	1.73843	1.08958	0.85697	1.57928	1.01613	0.88146	1.05285	0.78352	1.21201	1.45686	1.2977	0.62437	1.32219	1.28546	1.21201	1.15079	1.30995	1.27322	0.96716	1.21201	1.68946	0.95491	1.0651	1.39564	0.59988	0.69782	1.08958	1.42013	1.35892	0.8937	1.17528	0.95491	1.75068	0.9794	1.5548	0.69782	1.59152	0.55091	0.73455	0.9794	1.26098	1.8731	1.30995	0.86922	1.33443	1.43237	1.90983	1.32219	1.27322	1.34667	1.50583	2.03225	1.07734	0.91819	0.63661	1.49358	1.17528	1.98328	0.62437	1.16304	0.69782	1.4691	0.51418	1.84862	1.24873	1.01613	0.63661	0.85697	1.00388	1.21201	1.21201	1.53031	0.95491	1.22425	0.75903	1.34667	0.86922	0.73455	1.51807	0.96716	1.48134	1.05285	1.21201	0.4897	1.97104	0.61212	1.35892	0.88146	1.22425	1.10182	1.44461	1.79965	1.16304	3.31771	0.71006	1.07734	1.05285	2.03225	1.11407	0.69782	1.35892	1.18752	2.08122	1.51807	1.79965	2.05674	1.4691	1.01613	0.83249	0.77128	0.78352	1.79965	0.93043	1.04061	1.0651	0.8937	0.94267	1.16304	1.97104	1.50583	1.08958	0.75903	1.33443	0.86922	1.24873	0.99164	1.34667	0.78352	0.86922	0.72231	1.72619	1.83637	0.95491	1.43237	1.4691	1.16304	1.22425	1.7874	0.808	0.96716	0.55091	1.05285	0.66109	1.51807	0.79576	0.41624	1.0651	0.91819	1.00388	0.59988	1.44461	1.04061	0.44073	0.77128	0.68558	0.82025	0.85697	0.53867	1.35892	0.88146	0.82025	0.91819	0.61212	0.69782	0.59988	0.75903	0.5754	0.86922	1.05285	1.60377	0.44073	0.73455	0.95491	0.63661	0.53867	1.13855	0.78352	0.94267	0.69782	0.41624	0.73455	0.88146	0.58764	0.90594	0.39176	0.74679	0.86922	0.78352	0.53867	1.22425	0.63661	0.4897	0.72231	0.46521	0.55091	1.19976	1.7874	0.8937	1.19976	0.9794	0.96716	0.69782	0.64885	0.95491	0.78352	0.95491	1.15079	0.56315	0.94267	0.64885	0.75903	0.99164	0.78352	1.26098	0.66109	1.00388	0.42849	0.808	0.88146	0.62437	0.63661	0.86922	0.58764	0.93043	0.71006	0.67334	0.808	0.50194	0.68558	0.4897	1.10182	0.51418	0.90594	0.4897	0.71006	0.9794	0.52643	0.79576	1.01613	0.53867	0.77128	0.75903	1.07734	1.00388	0.91819	0.58764	0.94267	1.07734	0.67334	0.75903	0.9794	0.36727	0.22036	0.94267	1.17528	0.82025	1.0651	1.13855	0.51418	0.73455	0.51418	0.66109	1.35892	0.8937	0.808	0.82025	1.07734	0.42849	0.50194	1.45686	0.74679	0.808	0.56315	1.13855	0.8937	1.02837	1.16304	0.99164	0.63661	0.79576	1.01613	0.64885	0.90594	0.75903	0.56315	0.34279	0.82025	0.67334	1.0651	0.88146	0.78352	0.71006	0.67334	0.75903	1.44461	0.82025	1.26098	0.808	0.44073	1.07734	0.808	0.85697	1.02837	0.95491	0.45297	0.91819	1.01613	0.84473	0.5754	0.46521	0.68558	1.13855	1.26098	0.62437	0.69782	0.33055	0.99164	1.33443	0.63661	1.00388	0.79576	0.51418	1.77516	0.68558	1.17528	0.8937	1.08958	0.75903	0.73455	0.75903	0.62437	0.93043	0.66109	0.77128	0.8937	0.25709	0.52643	0.90594	0.83249	0.67334	0.58764	0.72231	1.28546	0.74679	0.35503	0.72231	0.808	1.08958	0.30606	0.33055	0.69782	0.62437	1.19976	0.36727	0.58764	0.72231	0.64885	1.16304	1.01613	0.29382	0.59988	0.93043	0.74679	0.5754	0.85697	0.39176	0.808	0.90594	0.55091	0.79576	0.84473	0.96716	0.84473	0.61212	0.53867	0.47746	0.5754	0.84473	1.81189	0.4897	1.56704	0.62437	0.30606	0.5754	1.43237	0.90594	1.10182	0.53867	1.16304	0.45297	0.42849	0.64885	0.59988
cell112	1.59713	1.04408	0.42383	0.93554	1.21465	0.55822	1.20948	1.685	0.7598	0.93554	0.56856	1.20948	0.5944	0.86317	0.85801	1.26633	1.46274	0.99756	1.62297	1.1061	1.06992	1.28701	1.30251	1.50926	1.08543	1.4369	0.88902	0.53238	1.78837	1.06992	1.35937	2.10366	1.03891	1.1061	1.28184	1.44207	1.4369	1.8504	0.87868	1.12678	1.57646	0.80115	1.16813	1.60747	0.77014	1.17847	1.19397	1.95894	0.94587	1.0234	1.25083	0.94587	1.11644	0.94071	1.12678	1.07509	1.3387	1.11127	0.56339	1.16296	1.96928	1.45758	0.92003	1.91242	1.44724	1.05442	1.91759	1.56612	1.29218	0.68227	0.89936	1.36971	1.66432	1.22498	1.11644	1.03374	1.44207	1.57646	1.52994	1.08026	1.89692	1.63331	0.66159	1.01307	0.86317	0.70294	1.4214	1.29218	1.48342	1.66949	0.79081	0.43934	0.80632	1.32836	1.28701	0.69778	1.37488	0.92003	0.89936	1.24566	0.69778	0.85801	1.01307	0.91486	0.70811	1.40072	0.99239	0.6771	0.72879	1.03374	1.44207	1.2715	1.91759	0.81149	1.1888	1.31802	1.52994	1.37488	0.67193	1.49376	1.66432	2.09333	0.85284	0.95104	2.44997	1.23015	1.76253	0.83733	0.90452	1.03891	0.98205	0.47552	1.19397	0.95104	0.93037	1.64365	1.1733	1.24566	0.99756	1.2715	0.98205	0.81149	1.77287	1.54028	0.9252	1.75219	0.72362	1.43173	0.94587	1.57646	1.19914	1.44724	1.61781	2.67222	1.24566	1.38005	1.09577	1.11127	1.81422	1.54544	0.84767	1.06992	1.05959	1.25083	0.89419	1.24566	0.82182	1.18363	1.15262	1.58679	1.31285	1.22498	0.88902	1.4214	1.20431	1.3542	0.63058	1.04408	1.58679	1.54544	1.32836	0.98722	0.94587	0.93037	1.67983	1.64882	1.18363	1.39555	0.91486	1.72635	1.20431	0.89419	1.72635	1.9331	0.83733	1.02857	1.90209	0.53755	0.95621	0.54788	1.70567	1.29218	1.66432	1.66432	1.38005	1.34386	1.24566	1.32836	1.01307	1.27667	0.70294	0.7598	1.12161	1.20431	1.03891	0.78048	1.0906	1.82455	0.8425	1.33353	1.66432	1.01824	1.30251	1.25083	1.67983	2.07782	0.95104	0.73396	1.11127	1.08543	1.19397	1.06475	0.46002	1.37488	1.16296	1.31802	1.44724	0.9252	1.54544	1.72635	1.3542	1.07509	1.01824	2.06748	0.95621	0.72879	0.71328	1.18363	0.61508	0.73913	0.86317	0.83733	0.81666	0.73396	1.12678	0.69261	0.79598	0.58406	0.80115	1.06475	1.16296	1.70567	0.95621	0.92003	0.54271	0.88902	0.52721	0.5117	0.46518	1.1061	0.64092	0.81149	0.96138	1.07509	0.64609	0.94071	1.06992	0.62025	0.43417	0.75463	1.1888	0.79598	0.53755	0.71328	0.56339	0.79598	0.37732	0.50653	0.73913	0.88902	0.89419	1.06475	0.65643	0.52721	1.20431	0.89419	0.52721	0.66159	0.78564	0.94587	0.40316	0.66676	0.89419	0.67193	1.16813	0.93554	0.89936	1.28184	0.50136	0.54788	0.87868	0.44451	0.62541	0.54788	0.82182	0.44968	1.1061	0.81666	1.41106	0.70294	0.72879	0.65643	0.87351	1.16813	0.39282	0.79081	0.77014	0.55305	0.66676	0.56339	0.63575	1.27667	0.93554	0.98205	0.73396	0.54788	0.35147	0.57373	0.35147	0.95621	0.47552	0.86317	0.9252	0.74946	0.46518	0.70811	0.60991	0.81666	0.77014	0.5944	0.46518	1.47308	0.70294	0.69778	0.47552	0.96138	0.83216	0.9252	0.55305	0.49103	0.35147	0.55305	0.94587	0.71845	0.69261	0.68227	0.64609	1.11127	0.54788	1.05442	0.4135	1.03374	0.98205	0.46002	1.16813	0.69261	0.6771	1.01824	0.55822	0.83733	0.92003	0.73396	1.29218	0.96138	0.74946	0.83733	0.89936	0.82699	0.75463	0.90969	0.7598	0.94587	0.56339	0.80632	1.3542	0.72879	0.52721	0.78048	0.70811	0.74429	0.50653	0.48586	1.04408	0.47552	1.28701	0.78564	0.69778	0.72362	0.83216	0.93554	0.92003	0.44451	0.85801	1.0906	0.59957	0.78048	0.72362	0.81149	1.06475	1.59196	0.55822	0.44451	0.5789	0.54788	0.78564	0.47552	0.95621	0.95104	0.80632	0.82182	0.65643	0.64092	0.68744	1.65399	0.85284	0.95104	0.79598	0.65126	0.89936	0.6771	0.73396	1.09577	0.68227	0.72362	0.80632	1.25083	1.20431	1.1888	0.41867	0.77531	0.69778	0.82182	1.29735	0.98722	0.53755	0.89419	1.06475	0.74946	0.68227	1.03374	0.86834	0.66159	0.75463	0.31012	0.69261	0.80115	0.5944	0.84767	0.9252	0.56856	0.53755	0.74429	0.82182	1.21982	0.69261	0.83733	0.98722	0.83733	0.93554	0.82182	1.72118	1.18363	1.0079	0.68227	0.47552	1.01824	0.4135	1.06992	0.60991	0.85801	0.27911	0.60474	0.59957	0.85801	1.15779	0.89936	0.82182	0.44451
cell113	1.6202	0.91511	1.05013	1.12514	1.39517	0.98012	1.14514	1.08013	0.93011	0.60507	0.8351	1.35516	1.60519	0.63008	0.64508	1.6802	1.50018	1.92523	2.08525	1.46018	2.02524	0.60507	0.88511	0.88011	0.94011	1.30016	1.16514	0.91011	0.8451	1.34016	1.21515	1.33516	0.78009	0.96012	0.89011	1.42017	1.28515	0.75509	1.04513	1.47518	1.06513	1.19514	0.64508	1.39017	1.36016	1.25015	0.66508	1.45518	1.36016	1.17514	1.43017	1.6352	1.24015	1.45518	1.19514	1.32516	1.38517	1.6452	2.24027	1.07013	1.00012	0.8101	1.32016	1.73521	1.24015	0.98512	0.96012	1.23015	0.72509	1.27015	0.60507	1.39017	1.49518	1.00012	1.33016	0.99012	1.00512	0.98512	0.8451	1.39017	0.8351	1.32016	1.14514	1.01012	1.17514	1.58519	0.70508	0.8601	1.00012	1.27015	1.41517	1.41517	1.19014	1.40517	1.15514	1.06013	0.92511	0.57507	0.89011	0.64508	1.49018	0.70508	0.92511	0.61507	0.8351	1.02012	0.58507	1.24015	1.04013	1.07513	2.05025	1.23515	0.57007	1.08013	1.55519	1.06513	1.29016	0.51506	0.95011	2.00524	1.46518	1.08013	1.34516	1.6652	1.31516	1.27515	1.11513	1.49018	1.02512	1.6302	1.60519	1.29016	0.76009	1.80522	0.97512	0.91011	1.35016	1.31016	1.40517	1.6402	1.47518	0.91011	0.53506	1.28515	1.19014	1.37517	0.95011	1.57519	0.8501	0.94011	0.76009	0.8251	0.8651	0.64508	1.41017	1.72021	0.75009	1.17514	1.28515	0.68508	1.55519	1.89523	1.92523	1.02512	0.77009	1.21515	1.22515	1.12514	2.15526	2.36028	0.91011	1.82522	1.03512	1.44517	0.64008	1.48018	0.46506	0.98012	1.21015	1.60519	0.75009	1.24515	1.6952	0.94511	1.06513	0.88511	0.76509	1.41017	0.8551	1.83522	1.07013	0.55507	1.6902	1.48018	0.91511	1.25015	1.35516	1.24515	0.62508	0.95512	1.00512	0.76009	1.21015	0.75009	1.23015	1.04513	0.99512	1.82022	1.6652	1.72521	1.05513	0.77509	1.54019	0.71009	0.78009	0.68008	1.19514	1.02512	1.27015	1.6202	1.7002	2.72533	1.39017	0.68508	1.78522	0.54507	1.50018	1.30516	1.00512	1.61019	0.91511	1.25515	1.26515	1.45017	1.39517	1.11513	1.21015	1.39517	1.24515	0.99512	0.89511	1.19514	0.93011	1.38017	0.67008	0.55507	1.22515	0.88011	0.69008	0.26503	0.8451	0.65508	0.61507	0.75509	0.91011	0.76509	1.18014	0.94511	0.48006	1.19014	0.91011	0.43505	0.60007	1.09013	1.19014	0.60007	0.75509	0.66008	0.72509	0.8001	0.91011	0.88011	1.37017	0.94011	0.89011	0.97512	0.7951	0.8701	0.65508	0.59007	0.89011	1.21015	0.65508	1.37517	1.34016	0.74509	1.25515	1.51518	0.52506	0.50506	0.99012	0.68008	0.42005	0.59507	0.51506	0.62007	0.71009	1.15014	1.05013	0.73009	1.00512	0.91011	0.8151	1.17014	1.07513	0.73009	0.62508	0.31504	1.03012	0.52506	0.92011	0.58507	0.45505	0.72009	0.8551	1.22515	0.71009	0.78509	0.8001	0.75509	1.02512	0.73509	0.98012	0.68008	0.53506	0.78509	0.72509	0.62508	0.78009	1.06513	0.97012	0.67508	0.59007	0.88511	0.66008	0.57507	0.77509	0.63508	1.96024	0.7951	0.48006	0.90511	0.69008	0.57507	0.58507	1.31516	1.09013	1.11013	1.11013	0.8051	0.76009	0.98012	1.04013	1.12013	0.45505	0.53506	0.50506	0.90511	0.38505	0.39005	0.66008	1.6552	0.62508	0.57007	1.20515	1.12013	0.70008	0.46006	0.53006	0.77009	0.65008	1.12514	0.73009	0.8601	1.21515	0.48506	0.52506	0.68508	0.97512	0.59007	0.8501	0.8201	0.59507	1.25015	0.56007	0.52006	0.8151	0.51006	0.67008	0.8151	0.69008	0.7901	0.89011	0.48506	1.31016	0.57507	0.8151	1.17014	0.52006	0.60007	0.7951	0.58007	1.09013	0.56007	1.46518	1.24015	0.78009	1.17514	0.67008	0.93011	0.58507	0.65508	0.8001	0.8301	1.02512	0.55507	0.8001	0.8301	0.51006	0.8301	0.59007	0.77509	0.36504	1.01512	0.76509	1.14514	0.76009	1.02012	1.12013	1.36016	1.25015	0.67008	0.98012	0.73009	0.74009	0.57007	0.58507	0.8051	0.57507	0.55007	1.16514	0.78509	1.02012	0.42005	0.77509	0.8601	0.58007	0.71009	0.74009	0.8401	0.64008	1.12013	1.11013	0.60507	0.61507	1.35016	0.8201	1.52518	1.07013	0.93511	0.87511	0.88511	1.44017	0.69008	0.91511	0.52006	0.39505	0.75509	0.66508	0.42005	0.8651	1.15514	0.99012	1.46018	0.90011	0.91511	0.65508	0.40505	0.58507	0.8301	0.58507	0.8401	0.76009	0.75509	1.20014	0.73009	1.26515	0.96012	1.01512	0.8401	0.68008	0.64008	0.94011	0.8001	0.74009	0.58007	1.02512	0.8001
cell114	0.66135	0.88181	0.52908	1.05817	1.31389	0.59963	1.67543	1.12871	1.57843	0.67899	1.19044	1.64898	1.37562	1.59607	1.33153	1.06699	0.70544	1.63134	1.19044	1.0758	0.59963	1.19926	0.71426	1.60489	1.14635	1.0758	1.64898	1.30507	1.85179	1.38444	1.18162	1.12871	1.41089	0.96117	0.8289	1.21689	1.04053	1.6578	2.02815	0.59963	1.31389	1.40207	1.97525	1.35798	1.21689	0.68781	0.8289	1.37562	1.34916	1.86943	0.65254	0.89062	1.0758	0.99644	0.9259	1.06699	1.13753	1.64016	1.19926	0.9788	1.60489	1.76361	1.06699	1.18162	1.54316	2.08988	1.1728	1.67543	1.14635	0.9788	1.26098	0.81126	0.99644	1.10226	0.96117	1.45498	1.34916	1.52552	0.69663	0.94353	1.14635	1.18162	1.7107	0.89944	1.28744	0.66135	1.10226	1.44616	1.11989	1.20807	0.96117	1.88707	1.01408	1.47262	1.1728	0.74954	1.10226	1.75479	1.5608	1.08462	1.71952	0.58199	1.37562	1.42853	1.30507	1.18162	1.09344	1.05817	0.69663	1.11108	0.5379	1.20807	1.52552	0.87299	1.77243	1.25216	0.98762	0.9788	1.25216	1.3668	1.0758	1.30507	0.54672	2.46906	1.28744	1.23453	1.04053	0.91708	1.04935	1.11989	2.0987	0.91708	0.90826	1.51671	0.90826	1.7107	0.87299	1.25216	2.10752	1.05817	1.88707	1.11108	1.05817	0.90826	1.81652	1.62252	1.92234	1.49907	1.33153	0.60845	0.90826	0.75835	1.70189	1.56961	0.9259	1.21689	1.49907	1.47262	1.13753	1.1728	1.67543	0.83772	0.94353	1.1728	1.43734	1.04053	1.21689	0.82008	1.1728	1.25216	0.78481	2.40733	1.39325	0.7319	1.18162	1.55198	0.41445	0.80244	1.27862	1.53434	1.16398	0.74954	0.96999	0.58199	1.32271	1.42853	1.77243	1.27862	0.75835	1.0758	0.81126	0.62608	1.89588	1.19044	1.04935	1.32271	1.87825	0.98762	1.83416	0.86417	0.96999	2.51315	1.16398	1.16398	1.14635	0.9259	0.74954	0.39681	1.32271	1.60489	0.89944	0.88181	1.35798	1.77243	0.93471	1.35798	1.1728	0.65254	0.8289	0.94353	1.55198	1.20807	1.41089	0.99644	1.25216	1.1728	1.1728	1.11989	0.78481	0.98762	1.44616	1.3668	1.11989	1.53434	0.74072	1.18162	1.74598	0.79363	1.52552	1.4638	1.42853	1.03171	1.49907	1.86943	0.7319	0.6349	0.4409	0.87299	0.79363	0.62608	0.74072	0.70544	0.90826	0.98762	0.71426	1.06699	0.85535	0.75835	0.81126	1.01408	0.88181	0.83772	1.37562	0.90826	0.32627	0.99644	0.58199	0.71426	0.72308	0.81126	0.83772	0.65254	0.3439	0.74954	0.88181	0.9788	1.2698	0.65254	0.58199	0.54672	0.52027	1.2698	0.71426	0.87299	0.72308	0.67017	0.49381	0.90826	1.3668	1.00526	0.7319	0.46736	0.86417	0.69663	1.08462	0.4409	0.67899	0.74072	0.65254	0.70544	0.66135	0.41445	0.72308	0.9259	0.75835	0.87299	0.68781	0.78481	0.5379	0.45854	0.64372	0.3439	0.91708	1.45498	0.87299	1.63134	0.36154	0.90826	0.96999	1.10226	1.28744	0.48499	1.01408	1.11108	0.37036	0.46736	0.82008	1.19926	0.77599	0.59963	0.64372	1.37562	0.45854	0.49381	0.56436	0.55554	0.48499	0.91708	0.44972	1.0229	1.0758	0.47618	0.72308	0.43208	0.49381	1.20807	0.47618	0.4409	0.71426	0.75835	0.94353	0.76717	0.86417	0.7319	0.58199	1.01408	1.01408	0.91708	0.4409	0.62608	0.76717	1.1728	0.96117	0.74072	0.88181	0.7319	0.65254	0.87299	1.42853	0.98762	0.96999	0.48499	0.55554	0.77599	0.70544	0.58199	1.11989	0.76717	1.06699	0.67899	1.49025	0.7319	0.77599	0.52027	0.94353	0.74954	0.67017	0.78481	0.71426	0.48499	1.11989	1.1728	0.42327	0.99644	1.19044	0.43208	0.76717	1.0229	1.29625	1.00526	1.23453	0.8289	0.46736	1.12871	0.81126	0.52027	0.38799	0.90826	0.72308	0.64372	0.74072	0.99644	1.11108	0.85535	0.77599	0.74072	0.32627	0.62608	0.65254	0.90826	0.70544	0.57317	0.83772	0.89944	0.42327	1.15517	0.91708	0.65254	1.74598	0.67899	0.96117	1.08462	0.79363	0.65254	0.70544	0.52027	1.19926	0.59081	0.69663	0.54672	0.7319	0.95235	0.37918	0.57317	0.54672	0.65254	0.65254	0.87299	0.41445	0.62608	0.87299	0.32627	0.65254	0.77599	0.9788	0.7319	0.71426	0.54672	0.85535	0.37918	0.94353	0.74954	0.87299	1.25216	0.79363	0.8289	1.34916	1.79007	0.59081	0.49381	1.20807	1.11989	0.85535	0.78481	1.32271	0.39681	0.56436	0.84653	0.89944	0.96117	0.98762	0.65254	0.99644	1.1728	0.27336	0.52027	0.96117	1.2698	0.71426	0.59081	0.9788	0.4409	0.80244	0.50263	0.5379	1.19044	0.74072	0.6349
cell115	0.67477	0.42173	1.19959	1.61195	1.27457	1.27457	0.68414	1.08713	1.08713	0.54357	1.11525	1.40577	0.95593	1.08713	0.97467	0.94655	1.37766	0.82472	1.05902	0.53419	1.45263	1.06839	1.58384	1.28394	1.04964	1.34954	1.00279	0.84346	1.55572	0.79661	1.9306	0.91844	1.04964	1.49949	1.05902	1.10588	1.70567	0.61854	0.38424	1.47138	1.0309	1.60258	1.66818	1.04027	1.80876	1.58384	1.31206	1.92122	1.42452	1.06839	1.41515	1.7619	0.69351	0.61854	1.95871	1.35891	1.04964	1.40577	1.13399	0.91844	1.11525	1.05902	1.08713	2.10866	0.60917	0.65603	0.82472	0.97467	1.95871	1.17148	1.40577	1.18085	0.51545	1.35891	1.0965	1.41515	0.84346	0.79661	1.75253	0.65603	1.31206	0.74975	0.82472	1.19959	1.93997	1.51824	1.75253	1.73379	1.12462	1.59321	0.82472	1.20897	2.07117	1.15273	0.74975	1.14336	0.57168	1.40577	1.11525	1.50886	0.91844	1.62133	1.47138	0.74975	0.74975	1.57447	1.51824	1.462	0.53419	1.20897	1.30268	1.30268	1.11525	1.56509	1.54635	1.36829	1.01216	0.79661	1.97745	0.83409	1.21834	1.00279	1.82751	0.54357	1.68693	0.8997	1.02153	1.35891	1.0965	0.83409	1.72442	1.17148	1.7619	1.30268	0.61854	0.80598	1.68693	1.3964	0.87158	1.10588	0.90907	1.32143	0.79661	0.77786	1.29331	1.0965	0.90907	1.61195	0.79661	1.14336	1.42452	1.3964	0.93718	0.95593	0.67477	0.92781	1.66818	1.30268	0.72163	1.29331	1.28394	1.02153	0.86221	1.25582	0.97467	1.04964	0.82472	1.30268	1.59321	0.40299	1.71504	0.84346	1.55572	0.90907	1.38703	1.86499	1.18085	0.84346	1.19022	1.25582	1.55572	1.00279	1.91185	0.42173	1.10588	1.10588	1.90248	1.32143	1.73379	1.42452	0.84346	1.00279	1.04027	1.74316	0.78723	0.78723	0.731	0.74975	0.89032	1.6963	0.99341	1.45263	0.64666	1.49949	1.77127	1.2652	1.28394	1.6307	1.06839	0.79661	1.0309	1.45263	0.90907	1.53698	1.30268	1.73379	0.79661	1.81813	1.34017	1.19022	0.57168	1.13399	1.72442	1.28394	0.8997	1.23708	1.22771	1.93997	0.91844	1.25582	0.76849	1.28394	1.77127	1.02153	0.74037	1.08713	1.20897	2.05243	0.67477	1.59321	2.20238	1.56509	1.59321	1.10588	0.55294	1.43389	0.65603	0.4311	0.68414	0.63728	0.62791	1.20897	1.44326	0.77786	1.0965	0.34676	0.5998	0.95593	0.6654	0.63728	1.24645	0.70289	1.04964	0.75912	0.84346	1.64944	0.55294	0.88095	1.0309	1.19022	1.29331	1.27457	0.80598	0.47796	0.731	0.83409	0.60917	0.63728	1.01216	0.69351	0.68414	1.37766	0.90907	0.41236	0.38424	0.47796	0.74037	0.62791	0.67477	0.76849	0.88095	0.48733	0.4311	1.32143	0.85284	0.85284	0.52482	0.54357	0.90907	1.19022	0.86221	0.77786	0.79661	0.90907	0.56231	0.60917	0.57168	0.71226	0.70289	1.40577	1.51824	0.60917	0.86221	0.75912	0.44985	0.92781	1.14336	0.70289	0.89032	0.81535	0.40299	0.56231	0.55294	0.86221	0.70289	0.71226	0.82472	0.72163	1.12462	1.08713	0.86221	0.39362	1.32143	0.54357	0.9653	0.5998	0.731	0.65603	1.21834	1.28394	0.80598	0.97467	0.4311	0.31864	0.26241	0.3655	0.48733	0.64666	0.48733	0.64666	1.04964	0.59042	0.75912	0.93718	0.88095	0.65603	0.84346	1.28394	1.13399	0.69351	1.60258	0.68414	0.40299	0.82472	0.78723	0.731	0.90907	0.89032	1.13399	1.16211	0.84346	0.78723	1.04027	1.10588	0.5998	0.6654	0.81535	0.74975	0.77786	0.89032	0.68414	0.74975	0.74975	1.0965	0.94655	1.13399	0.98404	0.68414	0.731	0.95593	1.14336	0.67477	0.50608	0.61854	0.98404	1.10588	1.56509	0.97467	0.86221	0.68414	0.67477	0.93718	0.87158	0.69351	0.79661	0.70289	0.37487	1.06839	1.13399	0.90907	0.60917	0.6654	0.86221	0.54357	0.46859	0.58105	0.54357	0.67477	1.01216	0.67477	0.68414	0.47796	0.90907	0.62791	0.49671	0.74975	0.72163	0.62791	0.46859	0.95593	1.0965	0.70289	0.68414	0.49671	1.00279	0.46859	0.70289	0.99341	0.9653	0.82472	0.40299	0.45922	0.52482	0.80598	0.52482	0.86221	1.10588	0.70289	0.42173	0.68414	1.0965	0.71226	1.04027	0.94655	0.71226	0.98404	0.57168	0.81535	0.69351	1.29331	0.25304	1.05902	0.65603	0.38424	1.06839	0.44985	1.15273	0.49671	0.95593	1.21834	0.27178	0.65603	0.97467	0.731	0.9653	1.35891	0.77786	0.61854	1.11525	1.11525	0.72163	0.61854	0.92781	0.82472	1.25582	1.3308	0.92781	0.54357	0.89032	0.65603	0.57168	0.97467	0.77786	1.21834	1.05902	0.60917	1.37766	0.61854
cell116	0.79257	0.97705	1.0932	0.92239	0.43728	0.77207	0.84723	1.43482	0.94972	1.44166	1.03171	0.97705	0.49877	1.53048	1.25035	1.08637	0.66275	0.76524	1.29134	1.21618	0.90872	0.73791	0.69008	0.63542	1.19569	1.20252	0.75841	0.71741	1.25035	0.73108	0.78574	1.17519	0.77207	0.75157	0.53977	1.37333	0.70375	1.03171	1.14103	1.21618	0.62859	1.10003	0.99754	1.27768	1.21618	1.37333	1.20252	1.03171	1.17519	1.22302	1.21618	1.66713	2.12491	1.10003	1.17519	0.71058	2.13174	1.5988	0.98388	0.99754	1.90627	1.06587	0.92922	1.51681	1.70812	1.49632	1.72862	1.51681	1.387	1.85161	1.61247	1.3255	1.08637	1.37333	1.29134	0.8404	1.00438	0.78574	0.87456	1.29134	0.92239	0.49194	0.51927	0.49194	0.0	0.0	0.0	0.43728	0.5261	0.5261	0.82673	1.10003	0.75841	0.71741	0.92922	0.83356	1.24351	1.12053	1.13419	1.71496	1.0932	0.88139	0.86089	0.99071	0.60809	1.28451	1.19569	1.18885	1.29817	1.6603	0.66275	1.15469	0.68325	1.40749	0.94972	1.03171	1.61247	1.0727	0.82673	1.14786	1.27768	0.49877	1.10686	1.13419	1.26401	0.57393	1.02487	0.90872	0.92239	1.03854	1.43482	0.73108	1.52365	0.55343	1.25718	1.12053	0.86089	0.97705	0.75157	0.62176	0.84723	1.03171	1.8926	0.90189	0.63542	0.71741	1.24351	0.98388	1.22985	0.58076	1.03854	1.01121	1.346	1.41433	1.58514	1.04537	0.66275	0.57393	1.25035	0.5056	1.31867	0.76524	0.99071	1.16152	0.49194	0.57393	1.15469	1.35967	1.08637	0.97705	0.75841	0.74474	0.57393	1.00438	1.01804	0.94972	0.77207	1.43482	0.89506	1.10686	0.85406	0.76524	1.29134	1.43482	0.90189	0.60809	1.13419	1.31867	0.97705	0.49877	0.88139	1.10686	0.94972	0.88822	1.53048	1.18202	1.18885	1.01121	0.85406	1.10686	0.78574	1.16836	1.20935	1.22302	1.25718	0.91555	1.24351	1.13419	0.62859	1.12736	0.91555	0.80623	0.47144	0.62176	1.00438	1.53048	0.70375	0.73791	0.63542	1.25035	1.79011	1.18202	1.15469	1.35967	0.90189	1.07953	0.46461	0.7789	0.90189	2.15224	1.21618	0.95655	0.96338	1.12736	1.24351	0.74474	0.61492	1.20252	1.17519	1.05904	1.52365	1.03171	0.43728	1.05904	1.55781	1.1137	1.38016	0.77207	1.50315	0.87456	1.77645	0.72424	1.96093	0.87456	1.12053	1.02487	0.53977	1.01804	0.95655	0.60126	1.12736	0.82673	0.75841	1.01804	1.38016	0.92239	0.65592	0.62859	0.61492	0.70375	0.62176	0.8199	1.27768	1.56464	1.48948	0.77207	0.60126	0.68325	1.22985	1.12736	0.80623	0.99754	0.95655	1.29134	1.03171	0.96338	1.42799	0.64225	0.74474	1.10686	1.01121	1.45532	0.32796	0.84723	1.1137	1.21618	0.81307	0.62176	0.67642	0.5466	1.38016	0.74474	0.45778	0.86089	0.99754	0.67642	1.29134	1.16836	1.42116	0.66958	1.00438	1.29817	1.55098	1.18885	0.99071	0.92922	0.75157	0.69008	1.00438	1.14103	0.86773	0.96338	1.66713	1.13419	1.06587	0.86089	0.62859	1.13419	1.27084	0.91555	0.68325	1.53731	0.81307	0.70375	1.0932	0.66275	0.56026	1.28451	0.69691	0.68325	0.71058	1.0932	1.1137	1.0522	0.82673	0.98388	1.10003	1.13419	1.3255	1.04537	1.0522	0.77207	0.81307	1.27084	1.08637	0.76524	1.1137	0.92239	0.68325	1.76962	0.86773	0.67642	0.95655	0.97705	1.04537	0.97705	0.65592	0.53977	0.99071	0.71741	1.15469	0.75841	0.79257	1.22985	0.94972	1.18885	1.14103	1.04537	1.49632	0.55343	0.96338	0.77207	1.48265	0.97705	1.40749	1.41433	0.95655	1.22985	0.92239	0.70375	1.68763	0.56026	1.20935	0.94288	0.69691	0.92922	1.42799	0.61492	1.85161	0.5056	1.3665	1.33234	0.58759	0.80623	0.8199	1.45532	1.14786	0.62176	1.27768	1.1137	0.94288	1.0522	1.33234	0.5466	1.17519	1.07953	0.97705	0.83356	0.62859	1.18202	0.72424	0.61492	0.97021	0.94972	0.99754	0.98388	1.31867	0.61492	0.82673	1.01121	1.18202	0.84723	0.82673	0.93605	0.73108	1.12053	0.60126	0.96338	1.07953	1.15469	1.27768	1.03854	1.26401	0.95655	1.15469	0.73791	0.92239	1.18885	0.78574	0.84723	0.92922	0.30063	0.38262	1.07953	1.01804	1.22985	0.71058	0.85406	0.56026	1.07953	0.94288	0.99071	1.19569	0.71058	0.88822	0.97705	1.29134	0.86773	0.87456	0.80623	1.22302	1.14786	1.61247	1.14103	1.25718	0.66958	1.00438	1.13419	0.69691	0.94288	0.57393	0.92922	0.5466	0.70375	0.73108	0.44411	1.387	0.49877	0.66958	1.01804	0.55343	1.12053	0.71741	0.81307	1.01804	0.61492	1.46899	0.58076
cell117	1.21137	0.75532	1.0546	1.09736	0.74107	0.98334	0.45604	1.22562	1.18286	1.19712	0.82658	0.91209	0.89784	1.19712	0.88359	1.11161	0.78383	1.04035	1.29688	0.66981	0.59856	0.59856	0.79808	1.32538	1.35388	1.0546	0.66981	0.88359	1.80992	0.86933	1.16861	1.32538	0.62706	0.44179	0.57005	1.22562	0.98334	0.98334	1.18286	1.21137	1.15436	1.11161	0.92634	0.42754	0.86933	1.36813	1.43939	1.16861	1.75292	1.56765	1.29688	1.25412	1.23987	0.85508	1.79567	2.25172	1.80992	1.45364	1.36813	0.72682	0.81233	1.22562	2.30872	1.15436	1.63891	1.79567	0.85508	1.23987	1.32538	2.23747	0.69832	1.0261	1.78142	1.26837	1.22562	1.5249	0.79808	1.0831	1.0261	0.41329	1.06885	0.5558	0.28503	0.29928	0.0	0.0	0.0	0.24227	0.44179	0.51305	1.21137	0.89784	0.61281	0.66981	0.88359	0.59856	1.21137	1.0831	1.5249	0.84083	1.09736	0.62706	1.01185	1.11161	0.59856	1.43939	1.15436	0.86933	1.09736	0.78383	2.0807	0.62706	1.0831	0.38479	1.15436	0.62706	1.0546	0.84083	1.72442	0.91209	1.71016	1.76717	0.69832	1.06885	0.9976	0.74107	0.86933	1.23987	0.57005	0.69832	0.9976	0.69832	0.86933	0.27078	0.92634	1.35388	0.86933	0.98334	0.84083	0.89784	1.5249	0.59856	0.98334	1.41089	0.84083	0.9976	1.49639	1.15436	0.85508	0.82658	1.0546	0.98334	1.25412	0.85508	0.51305	0.92634	1.48214	0.86933	0.81233	0.98334	0.82658	1.0831	0.64131	0.9976	1.12586	0.75532	0.79808	1.51065	0.57005	1.22562	0.37054	0.82658	0.82658	0.91209	0.74107	0.94059	1.48214	0.5273	1.16861	0.9976	0.89784	0.84083	1.23987	0.5273	1.49639	0.45604	1.0546	0.48455	0.89784	0.4988	0.45604	0.86933	0.98334	1.18286	1.23987	0.4988	1.51065	0.66981	0.51305	1.18286	0.62706	0.94059	0.9976	0.72682	1.0546	1.56765	1.11161	0.85508	0.74107	0.94059	0.79808	1.0261	0.62706	1.65316	0.74107	1.01185	1.39663	0.58431	0.88359	1.29688	1.0546	1.19712	1.11161	0.66981	1.56765	1.22562	0.45604	1.51065	1.38238	1.0261	0.54155	0.75532	1.36813	0.58431	0.5558	0.62706	0.89784	0.81233	0.71257	0.81233	1.0546	1.42514	0.68407	1.35388	0.84083	1.93819	0.9976	0.45604	0.88359	0.94059	0.62706	0.98334	1.16861	0.88359	1.0546	1.06885	1.59615	1.25412	1.59615	0.68407	0.95484	1.23987	0.71257	1.0261	0.88359	0.95484	1.23987	1.28262	1.09736	1.06885	1.21137	0.96909	0.66981	2.29447	0.39904	0.78383	0.34203	1.0261	1.69591	1.53915	0.65556	1.0546	0.4988	1.06885	1.32538	1.95244	0.84083	1.12586	1.15436	0.85508	0.82658	1.56765	1.39663	0.9976	1.19712	0.94059	0.48455	0.5273	1.36813	0.62706	1.35388	1.16861	1.41089	0.95484	0.96909	0.41329	1.11161	1.22562	0.95484	0.81233	0.72682	0.84083	1.29688	1.48214	1.14011	1.25412	0.91209	0.54155	0.88359	1.33963	1.96669	0.82658	0.88359	0.76957	0.85508	0.84083	1.68166	0.75532	1.16861	1.38238	1.14011	1.36813	0.91209	0.78383	0.78383	1.23987	0.71257	0.65556	1.33963	0.45604	0.92634	1.35388	0.88359	0.65556	1.01185	0.86933	0.72682	1.35388	1.19712	0.9976	0.74107	2.03795	0.79808	0.9976	0.86933	1.36813	0.91209	0.74107	0.81233	0.92634	1.72442	0.89784	0.76957	1.0261	1.16861	1.98094	1.19712	1.09736	1.32538	0.5558	0.96909	1.15436	0.9976	1.18286	1.53915	1.38238	0.92634	0.54155	0.96909	1.5534	0.64131	0.72682	0.82658	1.0261	1.46789	0.75532	1.33963	0.92634	1.09736	0.45604	0.45604	1.01185	1.0261	0.96909	1.09736	1.11161	0.4703	0.95484	1.66741	0.5558	1.28262	1.06885	0.78383	0.89784	1.0831	0.96909	2.32297	0.64131	0.31353	0.58431	1.61041	0.81233	1.21137	0.84083	0.37054	0.66981	1.42514	0.74107	0.66981	0.98334	1.09736	0.79808	0.84083	1.22562	0.95484	1.0261	1.06885	0.59856	0.65556	1.61041	1.51065	0.96909	0.61281	0.66981	0.91209	0.96909	0.95484	1.35388	1.18286	1.16861	1.0831	0.72682	0.84083	0.65556	1.43939	1.0831	0.66981	1.49639	1.21137	0.82658	1.75292	0.89784	0.51305	0.86933	0.4988	0.58431	1.21137	1.35388	1.14011	1.56765	0.68407	0.65556	1.11161	0.66981	0.84083	1.15436	0.71257	0.91209	0.89784	0.41329	0.96909	0.5273	0.98334	1.06885	1.01185	0.54155	1.21137	0.65556	0.75532	1.19712	0.94059	0.5273	1.0546	0.95484	0.62706	0.86933	1.0261	1.31113	0.92634	1.41089	1.12586	0.84083	0.95484	1.41089	0.74107	0.91209	0.91209	0.74107
cell118	1.60659	1.44593	1.51019	1.2103	0.82472	1.28527	0.80329	1.99217	1.37096	1.58517	1.45664	0.51411	0.78187	1.13532	0.79258	1.36025	1.36025	1.76725	1.02822	1.7137	0.68548	0.82472	1.13532	1.02822	1.47806	1.07106	0.72832	1.66014	2.04572	1.30669	1.79938	0.69619	0.62121	0.56766	1.15674	1.51019	0.80329	1.94933	1.24243	1.70299	1.0068	1.38167	0.85685	0.88898	1.47806	2.1207	2.20638	1.06035	1.84222	0.66406	0.83543	1.45664	1.84222	0.83543	1.22101	0.74974	1.07106	1.45664	1.03893	0.7069	1.49948	0.79258	1.18888	0.55695	1.75654	1.19959	0.89969	0.93182	1.37096	0.55695	0.92111	1.38167	1.25314	1.94933	0.95324	1.52091	1.06035	0.73903	1.2103	1.73512	0.64264	1.94933	0.65335	0.9104	1.36025	0.82472	2.14212	1.19959	0.76045	0.98538	1.29598	1.27456	1.52091	1.27456	1.14603	0.7069	0.88898	1.27456	1.30669	1.60659	1.92791	1.03893	1.83151	1.01751	1.17817	1.43522	1.27456	1.0068	0.77116	1.51019	1.04964	0.77116	1.26385	1.29598	0.87827	1.02822	1.46735	0.95324	2.10999	1.02822	1.39238	1.32811	0.69619	1.63872	1.44593	1.96004	1.33882	1.85293	1.30669	0.59979	1.09248	1.79938	1.07106	2.10999	1.54233	1.15674	1.26385	1.43522	0.84614	0.66406	1.9172	0.68548	0.96395	1.22101	0.65335	1.29598	0.9104	0.89969	1.29598	1.02822	0.86756	1.26385	1.66014	0.99609	1.6173	1.39238	1.87435	1.39238	1.2103	1.07106	1.58517	1.15674	0.87827	0.80329	1.44593	1.60659	0.79258	1.03893	1.8208	1.16746	1.18888	1.47806	0.79258	1.98146	0.94253	1.54233	1.9172	1.3174	2.04572	0.99609	1.1139	1.27456	1.96004	2.19567	1.24243	1.44593	1.78867	1.45664	1.06035	1.0068	0.88898	1.32811	1.46735	0.88898	0.84614	0.93182	2.00288	1.02822	0.77116	0.83543	1.02822	1.07106	1.01751	0.74974	1.03893	0.44985	0.81401	1.23172	1.1139	1.37096	1.09248	1.4138	1.19959	1.25314	1.98146	0.28919	1.32811	1.01751	0.87827	0.85685	1.51019	0.81401	2.14212	1.26385	0.81401	1.44593	1.25314	1.43522	0.81401	1.09248	0.95324	0.95324	2.00288	1.28527	1.13532	1.64943	0.55695	0.99609	1.3174	1.17817	0.73903	1.42451	1.26385	1.54233	0.84614	0.76045	0.63193	0.74974	0.96395	0.47127	0.59979	0.99609	0.36416	0.69619	1.06035	0.78187	1.16746	0.7069	0.99609	0.63193	0.47127	0.71761	0.89969	0.44985	0.57837	0.55695	0.68548	0.7069	1.13532	1.1139	1.2103	1.1139	0.62121	0.51411	0.72832	1.06035	0.96395	0.71761	0.52482	1.02822	0.43913	0.97466	1.06035	0.97466	0.69619	0.65335	0.51411	1.01751	0.86756	0.9104	0.72832	0.67477	1.10319	0.80329	0.57837	1.04964	0.62121	0.87827	0.97466	0.6105	0.88898	0.77116	0.63193	0.87827	1.24243	0.9104	0.67477	0.89969	0.88898	0.73903	0.98538	0.67477	0.68548	0.25705	0.5034	0.37487	0.85685	0.53553	0.48198	1.24243	1.04964	0.58908	1.16746	1.07106	0.79258	0.84614	1.51019	0.32132	0.6105	0.82472	1.34954	0.9104	0.6105	0.57837	0.73903	0.28919	0.79258	1.06035	0.95324	0.56766	0.95324	0.38558	0.71761	0.73903	0.66406	0.69619	1.04964	1.0068	1.30669	0.81401	0.42842	0.66406	1.0068	0.93182	0.76045	0.52482	0.65335	0.36416	0.84614	0.69619	1.2103	0.69619	0.68548	0.51411	0.85685	0.47127	1.3174	0.68548	0.83543	0.47127	0.44985	0.67477	0.59979	1.08177	1.04964	0.76045	1.12461	0.99609	0.71761	0.51411	0.67477	0.49269	0.47127	0.62121	0.25705	0.71761	0.58908	0.76045	1.07106	0.5034	0.93182	1.1139	0.47127	0.72832	0.25705	1.06035	1.0068	0.54624	0.65335	0.82472	0.80329	0.72832	1.39238	1.08177	0.69619	0.71761	0.65335	0.73903	0.77116	0.89969	1.12461	0.79258	0.88898	0.41771	0.67477	0.59979	0.67477	0.74974	0.88898	0.89969	0.35345	0.63193	1.27456	0.48198	0.41771	0.88898	0.52482	0.93182	0.87827	0.79258	0.63193	1.0068	0.89969	0.74974	0.85685	1.6173	0.72832	0.72832	0.85685	1.08177	1.16746	0.6105	0.95324	0.48198	0.79258	0.56766	0.52482	0.76045	0.86756	0.54624	0.33203	0.41771	0.83543	0.58908	0.37487	0.71761	0.52482	0.96395	1.55304	1.25314	1.0068	0.74974	0.66406	0.55695	1.14603	1.06035	0.64264	0.59979	1.28527	0.92111	0.74974	0.82472	0.59979	1.22101	0.65335	0.59979	0.62121	0.79258	0.66406	0.43913	1.06035	1.42451	0.39629	0.58908	1.39238	1.0068	0.69619	1.09248	0.79258	0.407	0.69619	0.76045	0.43913	0.78187	0.47127	0.62121	0.86756	0.67477
cell119	1.69496	1.39056	0.65723	1.03773	0.94779	0.96855	0.78868	1.12767	1.18301	0.8371	0.8371	1.19685	1.43207	1.32138	0.70566	0.67798	0.43585	1.09999	0.98238	0.98238	2.46288	0.59497	1.59119	1.99244	0.31132	0.88553	1.08616	1.22452	0.80943	1.23836	1.41131	0.9893	2.9264	1.18301	1.27295	1.11383	2.22074	1.27987	1.0654	1.93018	0.75408	1.50125	1.34905	0.62956	1.10691	2.11005	1.41823	1.18993	0.98238	1.64653	1.05157	0.65723	1.26603	0.84402	1.12767	2.65659	1.17609	3.0786	1.70188	0.70566	0.80943	1.67421	1.56351	1.15534	1.68112	1.6327	0.9132	1.77106	1.33521	1.12075	0.93396	0.87861	1.38364	0.78176	0.81635	1.4459	1.33521	1.6327	1.09308	1.09999	0.75408	1.08616	1.42515	1.54276	1.50817	1.05157	0.8371	1.03773	0.92704	0.87169	1.23144	0.81635	1.70188	0.71258	1.00314	1.522	1.53584	0.56037	0.6849	1.33521	1.07232	1.39748	1.45974	2.34527	1.3698	1.38364	0.73333	1.65345	0.80943	1.07924	1.36289	0.70566	1.27987	1.28679	0.51887	0.80943	1.18301	2.69118	1.61194	0.98238	0.97547	1.30754	1.41131	1.08616	1.08616	0.62264	0.69182	1.01006	2.04087	1.17609	1.16918	1.18993	1.6327	1.47358	1.12075	0.84402	1.10691	0.81635	0.73333	1.12767	1.23144	1.58427	0.72641	1.75722	1.08616	0.85094	1.50817	0.69182	0.67107	1.47358	1.35597	0.99622	0.88553	2.26917	1.33521	0.90628	1.24528	0.8371	0.96855	0.71949	1.57043	1.13459	1.50817	1.33521	0.79559	0.71949	0.85094	1.13459	0.94779	1.25911	1.35597	1.05157	1.49433	1.37672	1.48741	1.03081	1.54968	1.98552	0.89245	1.12075	1.2176	0.90628	1.3698	1.48741	1.30062	1.19685	1.48741	1.26603	1.05157	1.24528	0.92704	0.94779	1.39056	0.94779	0.761	0.90628	0.72641	0.69874	1.30754	1.522	0.69182	1.31446	1.24528	1.32138	1.4805	0.89937	1.05849	1.72955	1.18301	0.83018	1.03081	0.84402	1.32138	0.96163	2.20691	1.41823	1.09308	0.49811	1.17609	1.28679	1.34905	1.26603	2.23458	0.82327	1.91634	1.16226	1.05157	1.16226	0.59497	1.59119	1.39748	0.74717	1.09308	0.62264	1.02389	1.62578	0.95471	1.35597	1.23836	1.09999	0.89245	0.74025	1.72263	0.67798	0.54654	0.85786	0.61572	0.6849	0.62264	1.20377	1.03081	0.92012	0.82327	0.90628	0.57421	1.02389	0.66415	0.6849	0.4566	0.48427	0.94088	1.15534	0.65031	0.8371	0.64339	0.40817	0.96163	1.01006	0.51887	0.85094	0.81635	0.92704	0.80943	0.89937	0.761	0.40126	0.76792	0.761	1.16918	1.1415	1.73647	0.51195	0.47044	0.97547	0.58113	1.34213	0.8371	0.79559	0.73333	0.9132	1.25219	0.97547	0.53962	0.77484	0.42893	0.54654	0.87861	0.33207	0.72641	0.90628	0.28365	0.80943	0.5327	0.92012	0.59497	0.56037	0.56037	0.78868	0.4566	0.58113	0.9132	0.98238	0.57421	0.6849	0.98238	0.92012	0.62956	0.94779	0.9893	0.70566	0.77484	0.89937	0.71258	0.5327	0.65723	0.89245	0.84402	0.74717	0.74717	1.11383	0.95471	0.67107	0.69182	0.69182	1.28679	0.98238	0.761	0.64339	0.77484	0.74025	1.19685	0.75408	0.96163	0.89937	0.49119	1.45974	0.67107	1.11383	0.6088	1.54276	0.761	0.49811	1.07232	0.97547	0.6088	0.89245	0.80943	1.07232	0.58805	1.15534	0.47736	0.6849	0.8371	1.05849	0.761	0.761	1.18301	0.85094	0.66415	0.57421	0.96163	0.63647	1.25219	1.04465	0.58113	0.69874	0.49811	0.99622	1.09999	1.12767	0.84402	0.83018	0.58805	1.16918	0.88553	1.25219	0.5327	1.02389	0.87861	0.84402	0.61572	0.36666	0.94088	1.00314	0.75408	0.94088	0.761	0.71949	1.07924	0.51195	1.05849	0.74025	0.8371	0.63647	0.73333	1.2937	0.71258	0.57421	0.49119	0.66415	1.01698	0.50503	0.21446	1.00314	1.09999	0.59497	1.23836	0.71949	0.59497	0.95471	0.6088	0.80943	0.43585	1.11383	0.69874	0.72641	0.56037	0.82327	1.09999	1.08616	0.85786	0.70566	1.25219	0.34591	0.72641	0.87169	0.57421	0.50503	0.5327	0.76792	0.75408	0.64339	0.51887	0.56037	2.02012	0.75408	0.78176	1.09999	0.59497	0.66415	1.14842	0.8371	0.67798	0.94779	1.16226	0.94779	1.08616	0.39434	0.9893	0.44277	1.28679	0.87861	1.15534	0.59497	0.89937	0.74717	0.8371	0.59497	0.75408	0.49119	0.5327	0.58805	0.65031	0.59497	0.67798	1.2937	0.58805	0.5327	0.70566	0.78868	0.57421	1.05849	0.6088	0.78868	0.86478	1.16226	1.27295	1.9371	0.36666	1.50817	0.58113	0.85786	0.46352	0.35283	0.72641	1.25911	0.59497	0.56037
cell120	1.06718	1.09527	0.73018	0.75826	1.52588	0.98293	2.34967	0.83315	1.29185	1.22632	1.07654	1.82544	0.78635	1.96586	1.24505	1.40419	1.26377	0.9174	1.11399	0.98293	0.9174	1.02974	1.07654	1.36674	0.58976	2.04075	2.04075	0.92676	1.55397	0.96421	1.27313	1.55397	1.30121	0.88932	1.38547	1.52588	1.52588	1.57269	1.71311	1.2076	1.06718	0.82379	0.97357	0.72082	1.09527	0.75826	0.86124	0.54295	1.36674	0.89868	1.38547	1.12335	0.8706	1.19824	1.75055	1.19824	0.5804	1.61014	1.31058	1.12335	0.94549	0.89868	0.64593	1.19824	0.73018	1.23569	2.23734	0.95485	1.6195	1.6195	2.02203	1.3761	1.34802	1.46972	0.75826	0.97357	1.07654	0.9174	1.69439	1.98459	1.75992	0.56168	0.98293	2.35904	1.11399	1.87225	1.22632	0.99229	1.31058	0.89868	0.96421	1.39483	1.55397	1.31058	1.33866	1.25441	0.97357	0.94549	0.85187	1.21696	1.47908	0.78635	1.59141	0.73018	1.61014	1.75055	0.72082	1.22632	1.26377	1.46972	1.4978	1.22632	1.23569	1.86289	0.75826	1.76928	1.65694	0.97357	0.71146	1.28249	2.39648	1.21696	1.02974	0.54295	0.85187	1.46036	0.75826	1.05782	2.05948	0.59912	0.9174	1.21696	1.21696	1.54461	1.35738	0.63657	0.99229	0.80507	1.85353	1.6663	1.05782	1.2076	1.01102	0.93613	1.27313	1.61014	1.09527	0.9174	1.1608	0.76762	1.05782	0.99229	1.64758	1.01102	1.00165	0.7489	1.07654	1.0391	1.22632	1.65694	1.45099	0.87996	1.08591	1.43227	1.17016	1.30121	1.15143	1.88161	1.65694	0.87996	1.34802	1.3761	0.63657	0.60848	1.21696	1.17016	0.54295	2.17181	0.99229	1.55397	0.96421	1.44163	1.06718	1.0391	1.06718	1.34802	1.46036	1.54461	0.86124	1.00165	1.13271	0.96421	1.72247	0.93613	1.24505	0.86124	0.94549	1.61014	0.58976	1.15143	1.28249	0.93613	0.97357	1.42291	0.93613	1.84417	0.81443	1.19824	0.98293	1.42291	1.38547	1.75992	1.07654	1.43227	0.88932	1.34802	1.6195	2.125	0.83315	0.75826	1.60077	1.02038	0.85187	1.15143	1.3293	1.51652	1.04846	1.24505	2.31223	1.51652	1.29185	0.72082	1.24505	1.34802	0.61784	1.00165	1.06718	1.17016	1.31058	1.26377	0.69273	1.79736	1.67566	1.27313	0.71146	0.54295	0.57104	1.29185	0.63657	0.57104	0.35573	0.73018	0.68337	0.37445	0.83315	0.80507	0.47742	0.77698	0.54295	0.44934	0.53359	0.58976	1.15143	0.69273	0.89868	1.22632	0.82379	0.57104	0.70209	0.78635	0.64593	0.59912	0.88932	0.61784	0.52423	0.70209	1.17952	0.75826	0.64593	0.46806	0.60848	1.02038	0.63657	0.78635	0.68337	0.88932	0.8706	0.96421	0.46806	0.55231	0.69273	0.43062	0.46806	0.8706	0.70209	0.9174	0.65529	1.0391	0.81443	0.99229	0.55231	0.68337	0.5804	1.43227	0.66465	0.6272	0.7489	0.80507	1.04846	0.63657	0.66465	0.54295	0.76762	0.60848	0.90804	1.45099	0.82379	0.38381	0.65529	0.76762	0.51487	0.61784	1.14207	0.47742	0.84251	0.90804	0.77698	1.25441	0.86124	0.77698	0.75826	0.4587	1.33866	1.05782	1.18888	0.59912	0.65529	1.30121	0.61784	0.51487	0.67401	0.73954	1.04846	1.06718	0.65529	1.13271	0.79571	0.55231	0.67401	0.84251	0.67401	1.11399	1.02974	0.86124	0.36509	1.25441	0.57104	0.32764	0.63657	0.47742	0.7489	0.97357	0.5804	0.78635	1.54461	0.52423	0.69273	0.85187	0.73954	0.58976	1.01102	0.70209	1.02038	1.17016	0.24339	0.71146	0.61784	1.0391	1.24505	0.5804	1.10463	0.81443	0.27148	1.04846	0.99229	0.53359	0.98293	1.18888	0.80507	0.64593	0.88932	0.97357	1.15143	0.8706	1.23569	1.0391	0.94549	1.04846	0.42126	0.33701	0.63657	0.82379	0.78635	0.83315	0.58976	0.82379	0.6272	0.76762	0.58976	0.93613	0.60848	0.71146	0.82379	1.02038	0.93613	0.86124	0.93613	1.00165	0.59912	1.13271	0.59912	0.70209	0.94549	0.96421	0.92676	0.75826	1.04846	0.77698	0.55231	1.18888	0.81443	0.49615	0.87996	0.99229	0.4587	1.10463	0.97357	0.79571	1.12335	0.78635	0.90804	0.68337	0.78635	0.47742	0.7489	1.01102	0.65529	0.97357	0.39317	0.92676	0.76762	1.33866	0.99229	0.63657	0.8706	1.07654	0.85187	0.99229	0.67401	1.02974	0.55231	0.8706	0.73018	0.49615	0.66465	0.43998	0.76762	0.67401	1.13271	1.06718	0.73954	0.97357	0.65529	0.77698	0.8706	0.55231	0.61784	0.92676	0.47742	1.01102	0.71146	0.83315	0.63657	0.73954	0.83315	0.73018	0.68337	0.53359	1.10463	0.69273	1.1608	0.54295	0.50551	1.55397	0.84251	0.40253	0.9174	0.65529
cell121	0.85812	1.25745	0.77316	1.70775	1.39339	1.95414	0.79865	1.05354	2.11557	1.25745	0.6797	1.93715	0.71369	1.45286	0.6797	1.08752	1.00256	1.20647	1.07903	1.12151	1.08752	1.47835	0.58624	0.79015	0.79865	1.3679	0.98557	1.88617	0.9176	1.16399	0.86662	1.23196	1.07053	0.69669	0.95158	1.08752	1.31692	1.3679	0.98557	1.92016	1.23196	1.32542	1.07903	0.9091	1.00256	1.92865	0.55226	0.84113	1.00256	0.6712	1.29993	1.46985	1.76722	0.88361	1.57181	1.35091	1.07053	1.44436	1.31692	1.22346	0.89211	1.61429	1.13	0.95158	0.82414	0.98557	0.74767	0.78166	1.13	0.64572	1.66527	1.26594	1.33391	1.01106	1.1385	0.86662	0.79015	0.72218	0.85812	1.00256	0.6882	1.11301	1.64828	0.49278	1.66527	1.71625	0.82414	1.60579	0.94309	1.18948	1.01955	0.84113	1.05354	1.12151	1.39339	1.10451	0.92609	1.18098	1.06203	0.62023	1.30842	0.54376	1.04504	0.89211	1.07053	1.00256	0.73068	0.99406	0.78166	0.82414	1.42737	0.81564	1.17248	1.69076	0.89211	0.53526	1.86068	2.06459	1.01955	1.63128	1.66527	2.23452	1.22346	1.30842	0.99406	1.46136	0.9006	0.96857	0.48429	1.01955	1.00256	1.06203	0.47579	0.58624	0.6797	1.04504	1.30842	1.08752	1.53782	1.31692	1.06203	0.60323	1.55482	0.83263	1.86918	1.41038	1.01955	0.73917	1.147	1.27444	1.18098	1.05354	1.49534	1.29143	1.63128	1.15549	0.44181	0.74767	1.85219	1.06203	0.96857	0.89211	1.05354	1.40188	1.03654	0.87512	0.9176	2.48941	0.98557	1.8267	1.44436	2.10707	1.24045	1.86068	1.5973	0.9091	1.13	1.25745	1.62279	1.31692	0.62872	0.86662	1.1385	1.1385	1.07903	1.50384	1.18948	1.27444	1.10451	1.45286	0.98557	0.72218	1.1385	1.06203	1.24895	1.10451	1.26594	1.66527	1.27444	1.22346	1.51233	1.09602	1.20647	1.08752	1.53782	1.00256	1.52933	1.27444	0.70519	2.06459	2.14106	1.50384	0.87512	0.96008	1.97113	0.9176	1.48685	1.23196	0.82414	1.69925	1.63128	1.97963	1.37639	1.27444	1.56331	1.00256	1.28294	0.9006	1.41888	0.98557	1.39339	1.91166	1.37639	1.31692	1.05354	1.27444	1.53782	1.46136	1.34241	1.67376	0.84113	1.29993	0.6882	0.84963	1.03654	0.74767	0.79865	1.13	0.66271	0.84963	1.12151	1.04504	0.70519	0.80715	0.6797	1.17248	0.77316	0.81564	0.30587	0.56925	0.6882	0.79865	0.84963	0.64572	1.12151	1.45286	1.37639	0.73068	1.02805	0.59474	0.79865	1.01955	1.20647	0.51827	0.39083	0.53526	0.78166	0.97707	0.89211	0.44181	0.6882	0.38233	0.71369	0.60323	1.33391	1.15549	1.03654	1.11301	0.77316	0.53526	0.99406	0.71369	0.84113	0.78166	0.62023	0.51827	1.08752	1.05354	0.74767	0.87512	1.27444	0.54376	1.52083	0.66271	0.52677	0.88361	0.38233	1.18098	1.18948	0.36534	0.84963	0.84963	0.82414	1.34241	0.65421	0.95158	0.84963	0.69669	0.63722	0.86662	0.80715	0.84963	0.66271	1.52083	1.24895	0.76466	0.55226	0.78166	0.42481	0.80715	0.77316	0.70519	0.9091	0.84963	0.69669	1.28294	0.81564	0.73917	0.84113	0.54376	0.73068	1.18098	0.65421	0.96008	0.69669	0.53526	0.59474	1.07053	0.87512	0.79865	0.77316	0.85812	0.69669	0.76466	0.6712	0.40782	1.07903	1.37639	0.62872	0.87512	0.47579	1.54632	0.78166	0.63722	1.16399	0.35684	0.9006	0.83263	0.39932	0.33985	0.39083	1.07053	1.74173	0.79015	0.81564	1.53782	2.01361	0.96008	0.48429	0.35684	1.02805	0.73917	0.79865	0.84963	1.18098	0.73917	1.07903	1.15549	0.36534	1.3679	0.89211	0.29737	0.52677	0.4588	0.38233	0.80715	0.33985	0.84113	1.13	0.94309	0.44181	0.84963	0.96857	1.31692	0.69669	1.04504	0.6882	0.49278	0.9091	0.72218	0.96008	0.80715	0.84113	1.10451	1.07903	1.00256	0.77316	1.29143	0.71369	0.93459	1.67376	0.69669	0.4588	0.61173	1.56331	0.81564	0.9006	0.55226	0.83263	0.65421	0.84963	0.94309	0.32286	0.87512	0.79015	0.86662	0.44181	0.50128	0.98557	0.37384	1.08752	0.78166	0.58624	0.94309	1.23196	0.54376	0.79865	0.6712	0.44181	0.93459	0.6797	0.52677	0.54376	0.85812	1.1385	0.78166	0.83263	0.6882	1.20647	0.4503	0.74767	0.78166	0.84963	0.81564	0.72218	0.48429	1.03654	1.13	0.55226	0.65421	1.10451	0.83263	0.74767	1.02805	0.60323	1.09602	0.6797	1.07903	0.58624	0.72218	0.94309	0.77316	0.38233	0.97707	0.50128	0.52677	0.64572	1.22346	0.17842	1.03654	1.27444	0.63722	0.33135	0.52677	0.86662	0.60323	1.17248	0.71369
cell122	0.998	1.98724	1.26063	1.50575	1.8209	1.3044	0.998	1.34817	0.6128	1.28689	0.98924	1.26938	1.87343	1.17308	1.95222	1.03301	1.42696	1.62831	0.62156	1.39194	0.998	0.998	0.77038	0.77914	2.14482	2.00475	1.54077	1.33066	0.69159	1.47949	1.45322	1.27814	0.85793	0.81415	1.64582	1.45322	1.08554	1.13807	1.55827	1.4182	1.26938	1.78589	1.24312	2.02226	0.68284	1.26938	1.47949	0.55152	1.29564	1.86468	1.21685	0.75287	0.79665	0.87544	1.31315	1.00675	1.04177	0.65658	0.82291	1.57578	0.97173	1.05928	1.05928	1.4182	0.77914	1.34817	0.98049	0.7091	1.4182	1.21685	0.67409	0.93672	1.60205	1.31315	0.91921	0.69159	2.09229	1.33942	0.66533	1.22561	1.04177	2.04852	1.12931	0.94547	1.59329	0.95422	1.07679	1.04177	1.49699	0.66533	1.52326	0.92796	0.998	1.0155	1.17308	1.08554	1.15557	0.84917	0.72661	0.85793	0.53402	1.44447	1.43571	1.09429	0.998	1.18184	1.26938	2.29364	1.22561	1.5145	1.62831	1.86468	1.23436	1.16433	1.28689	1.05928	1.22561	1.78589	1.75087	1.29564	0.84042	1.3044	1.4007	0.94547	1.10305	1.29564	1.1118	1.31315	1.28689	0.73537	1.34817	0.79665	0.70035	1.16433	0.86668	1.2081	1.74212	1.14682	1.16433	1.68959	1.77713	1.0155	0.998	1.24312	1.18184	0.92796	0.93672	0.92796	1.1118	0.48149	0.86668	0.63907	1.32191	1.89094	1.92596	1.64582	1.72461	0.82291	1.32191	0.91921	0.65658	1.07679	1.23436	1.2081	0.98924	1.24312	1.18184	1.34817	1.48824	1.89094	1.5145	1.02426	0.97173	1.26063	1.58454	1.08554	0.82291	0.79665	0.77914	1.6108	1.33942	1.67208	0.88419	1.96097	1.42696	1.03301	1.73336	0.95422	0.87544	1.42696	1.33066	1.36568	1.42696	1.68084	0.85793	0.78789	1.8209	0.79665	1.02426	0.71786	0.93672	1.55827	0.78789	1.09429	1.12056	1.05052	0.98924	0.84042	1.17308	1.10305	1.23436	0.74412	0.5953	1.4007	1.95222	0.75287	0.94547	1.25187	1.37443	1.39194	1.44447	1.40945	1.24312	1.57578	1.87343	1.42696	1.69834	1.61955	0.93672	0.94547	1.69834	1.5145	0.82291	0.89294	1.31315	1.38319	1.55827	1.49699	1.3044	1.32191	1.44447	1.05052	1.61955	1.10305	1.18184	2.1098	0.63907	1.12931	0.499	1.14682	0.87544	0.9017	0.36768	0.87544	1.31315	0.92796	1.36568	0.65658	0.69159	0.84042	0.84917	0.93672	0.75287	0.92796	0.78789	0.28889	1.05928	0.97173	0.93672	0.91045	1.19059	0.75287	0.82291	0.35017	0.65658	0.51651	0.55152	0.50775	0.97173	1.08554	0.44647	1.1118	0.36768	0.83166	0.55152	0.41145	0.35893	0.77914	0.89294	0.70035	0.56028	1.39194	0.63031	0.54277	0.91045	0.7091	0.87544	0.54277	0.52526	0.73537	0.69159	1.16433	0.83166	0.60405	1.19935	1.03301	1.03301	0.74412	0.6128	1.00675	1.21685	0.32391	0.78789	0.97173	0.86668	0.88419	0.31516	0.54277	0.49024	0.97173	0.64782	0.91045	0.83166	0.69159	0.91045	0.56903	1.06803	0.58654	0.60405	1.22561	0.62156	0.64782	0.7091	0.74412	0.66533	0.81415	1.08554	0.84917	0.73537	0.58654	1.22561	0.50775	1.34817	0.499	0.44647	0.87544	0.49024	0.77914	0.49024	0.98924	0.77038	0.83166	0.53402	0.56903	0.81415	1.07679	0.71786	0.56903	0.88419	0.28014	1.08554	0.5953	1.18184	0.54277	0.48149	0.91921	1.24312	0.75287	0.45523	0.42021	0.7091	0.76163	0.54277	1.04177	0.73537	0.53402	0.67409	0.73537	0.998	0.69159	0.6128	0.75287	0.74412	1.47949	0.88419	1.0155	0.8054	0.55152	0.60405	0.95422	1.12931	0.6128	0.84917	0.47273	1.02426	0.73537	0.79665	0.87544	0.46398	1.12931	0.73537	0.94547	0.93672	0.87544	0.52526	0.56903	0.77038	0.72661	0.65658	0.70035	0.86668	1.26938	0.83166	0.44647	0.79665	0.97173	1.19059	0.79665	0.63031	0.69159	0.66533	1.07679	0.499	1.17308	1.03301	0.66533	1.17308	0.52526	0.9017	0.79665	0.66533	0.78789	0.72661	0.51651	0.50775	0.70035	0.64782	0.92796	1.07679	0.53402	0.3064	0.68284	0.33267	0.44647	0.4027	0.499	0.79665	0.35017	0.35017	1.40945	0.53402	0.78789	0.6128	0.51651	0.50775	1.15557	1.00675	1.12931	0.46398	1.24312	0.86668	1.10305	1.10305	0.47273	0.85793	0.63031	0.499	1.19935	0.86668	0.89294	0.69159	1.1118	0.93672	0.63031	0.77914	0.58654	0.93672	0.77038	0.8054	1.05928	0.5953	1.17308	0.71786	0.82291	0.25388	0.49024	0.84042	1.19935	0.51651	0.69159	1.05052	0.56903	1.27814	1.16433	0.69159	0.91045	0.66533	1.00675
cell123	0.9325	0.53827	1.22817	0.76571	1.57691	1.82709	1.0538	1.02347	1.19026	1.12961	1.2964	1.83467	0.8491	1.28124	1.76644	1.20543	1.11445	1.89532	1.41012	0.51553	1.04622	2.06211	1.31915	2.11518	0.97799	0.8491	0.59134	1.22059	1.6603	1.33431	1.15994	1.84984	0.35632	0.9325	1.25849	1.52384	1.78919	0.50037	1.09929	0.66715	1.31915	1.09171	0.80362	0.8491	1.0538	1.03864	1.25091	1.18268	0.87185	0.46246	0.92492	0.83394	1.26608	0.73539	1.66788	1.14478	0.65199	1.34189	1.09171	1.07654	0.6899	0.77329	0.82636	0.81878	1.3798	0.69748	0.84152	0.6065	1.08412	0.78087	1.3798	1.39496	1.13719	1.09929	0.94008	1.23575	1.51626	1.53142	1.28124	0.70506	1.45561	1.09929	0.97799	0.73539	1.42528	1.32673	1.06896	1.36463	0.66715	1.01589	0.87943	1.75886	1.42528	1.54658	1.35705	1.23575	1.69821	0.94766	1.11445	0.9325	1.60723	1.22059	1.09929	0.64441	1.30398	0.94766	2.27439	1.14478	1.20543	0.73539	0.90976	1.38738	1.35705	0.91734	1.1751	1.06896	1.06138	1.69063	1.36463	1.19026	1.07654	1.11445	1.22817	1.67547	1.55417	0.78087	1.79677	1.40254	1.07654	1.91049	1.35705	1.87258	1.18268	0.9325	1.14478	0.80362	1.46319	1.59207	1.85742	1.33431	1.08412	1.13719	1.95597	1.67547	1.41012	1.24333	1.66788	0.97041	0.51553	0.7278	0.56102	1.26608	0.95524	1.02347	1.97872	1.48593	1.6224	0.68232	1.1751	1.34947	1.11445	1.22059	1.30398	1.9863	1.16752	1.41012	2.4715	0.71264	0.75813	1.03106	0.83394	1.15236	1.35705	0.87185	1.46319	1.19026	1.72095	0.90217	1.37221	1.75886	1.63756	1.59965	1.25849	0.90976	1.15236	0.90217	0.82636	1.0538	2.15309	1.23575	2.46392	1.68305	2.10002	1.02347	0.95524	1.18268	1.58449	1.06138	1.16752	1.47835	0.65199	0.95524	1.1751	1.55417	0.97799	0.74297	0.6899	1.59965	0.81878	0.58376	0.67474	1.0538	0.71264	0.8491	0.9325	1.16752	0.91734	0.72022	0.90217	0.9325	0.40181	1.42528	1.79677	0.97041	1.37221	1.68305	1.48593	1.06896	1.37221	0.77329	1.04622	1.31915	1.06896	1.26608	0.8112	1.99388	0.4852	1.56175	1.34189	1.37221	1.07654	1.34947	0.89459	1.15994	0.58376	0.75055	0.63683	0.50037	0.41697	0.46246	0.39423	1.24333	0.66715	0.87943	0.90217	0.97799	0.7278	0.69748	1.07654	0.75813	1.01589	0.62925	1.24333	0.57618	1.12961	0.78845	0.58376	0.40939	1.03106	0.73539	0.63683	0.63683	0.54585	1.04622	0.65957	0.59892	0.71264	0.53827	1.00831	0.64441	0.41697	0.88701	0.74297	0.62925	1.33431	0.99315	0.4473	0.75813	0.65199	0.79604	1.12961	0.39423	0.59892	1.31915	0.67474	1.31915	0.40939	0.94008	1.41012	0.326	0.97799	0.99315	0.6899	1.06896	0.95524	0.74297	1.09929	0.6065	0.68232	0.65957	0.47004	0.75813	0.6899	0.5686	0.78087	0.47004	1.00831	0.61408	0.97041	0.74297	0.47004	0.86427	0.90217	1.12961	0.68232	0.70506	0.83394	0.71264	0.51553	1.34189	0.40181	0.86427	0.82636	0.61408	0.57618	0.59892	1.0538	0.78845	0.90217	0.86427	0.57618	0.87943	0.92492	0.87185	0.85669	1.58449	1.09929	0.62925	0.43213	0.77329	1.27366	1.25849	0.41697	0.71264	1.28124	1.20543	0.64441	1.13719	0.73539	0.42455	0.84152	0.70506	0.6899	0.65199	0.61408	0.61408	1.00831	0.65199	0.61408	0.85669	0.8112	0.99315	0.59892	0.6065	0.50795	0.57618	1.34947	1.02347	0.8112	0.73539	0.59892	0.89459	0.61408	0.67474	0.78087	0.91734	0.73539	1.01589	0.65199	1.22059	0.75055	1.14478	0.6899	0.62167	0.78845	1.44803	0.52311	0.62925	0.63683	0.57618	0.7278	1.69821	0.54585	1.08412	0.5686	0.64441	0.99315	0.72022	0.69748	1.06138	0.76571	0.4852	1.01589	0.88701	1.25091	1.00073	0.76571	1.21301	0.69748	0.6899	1.07654	0.95524	0.61408	0.78845	1.12961	0.75055	0.72022	0.80362	1.18268	0.64441	0.95524	1.27366	1.08412	0.6065	0.56102	0.80362	0.84152	0.74297	0.40181	1.00073	0.37148	0.5686	0.91734	0.43972	0.65957	0.56102	0.56102	0.57618	0.71264	0.9325	1.22059	0.77329	0.57618	0.45488	0.61408	0.54585	0.6899	1.36463	1.02347	0.75813	1.09929	1.43286	1.14478	0.79604	0.59892	0.97041	0.53069	0.62167	1.04622	0.79604	0.43972	1.10687	1.91049	0.97041	1.3798	0.63683	1.04622	0.85669	0.35632	1.11445	1.32673	0.66715	0.97799	0.45488	1.34189	0.49278	0.6899	1.39496	0.94008	0.45488	0.92492	0.68232	0.90976	0.90217	0.45488	0.72022	1.15236	1.72853
cell124	1.39039	1.20805	1.16816	0.62682	1.65252	1.85196	1.54425	1.13967	0.91173	1.20235	0.70089	0.63821	1.24793	0.98581	1.20235	1.99442	0.99151	1.0371	0.80346	0.74078	1.20805	0.74078	1.47017	1.29922	1.47587	1.21944	1.0371	1.28782	1.53285	1.21944	0.83765	2.53576	1.19095	1.53855	1.27073	1.08838	1.12257	1.76078	0.49575	1.15106	0.90034	1.65821	1.24224	1.51006	1.31062	2.18246	1.24793	1.38469	1.31062	1.89185	1.31062	1.18525	0.61542	1.18525	1.11117	0.99721	1.0086	1.24793	1.14536	1.00291	0.98011	1.04279	0.58123	0.74648	1.28782	1.64112	1.51006	0.6667	1.0314	1.0257	1.39609	1.13967	1.31631	0.63251	1.48726	1.0086	1.20805	1.73229	0.72939	1.81777	0.76927	0.86615	0.93453	0.87754	2.68961	1.38469	0.80346	1.96023	0.51285	1.05989	0.87754	0.98011	1.18525	1.05419	1.81207	0.74648	1.07698	0.92313	0.97441	1.51006	1.14536	0.98581	0.59263	0.88894	0.85475	1.44738	1.28782	1.33341	0.55274	1.43028	0.81486	1.08268	0.98011	0.77497	1.19665	0.93453	1.33341	1.55564	0.71229	0.88894	0.88894	2.10268	1.26503	0.48436	0.59832	0.92883	1.32201	0.70659	1.21374	0.92883	1.08838	0.70659	2.12548	1.04849	0.99721	1.02	1.68101	1.84056	0.94022	0.66101	1.3619	1.09978	0.87754	1.23084	1.15106	1.34481	0.98011	1.49296	1.22514	0.49006	1.3505	1.54995	1.31631	0.75218	1.47017	0.74078	1.3505	1.18525	0.86615	1.62402	1.24224	1.49866	0.98011	1.07129	1.0314	1.00291	1.60123	0.97441	0.90603	1.07698	1.85766	1.54425	0.91743	1.55564	1.84056	1.45877	0.97441	0.6724	1.21944	2.01721	0.86615	1.28782	1.49296	1.46447	1.04849	1.72659	1.58983	0.99721	1.16246	1.0257	0.77497	1.11687	0.75218	1.34481	0.99721	1.0314	1.19095	1.44738	1.48157	1.3676	0.80916	2.67252	1.40179	1.24224	1.41888	1.14536	0.75788	1.81207	1.62972	0.72369	1.48726	1.32201	0.87184	1.15106	1.11117	1.3562	1.88045	1.19665	1.12257	1.21374	1.79497	1.86335	1.24224	0.63251	1.43598	1.04279	0.90034	1.92034	0.85475	1.42458	1.33911	1.45877	1.0371	1.16816	1.15676	1.27073	0.80916	1.59553	0.97441	1.50436	1.68101	0.98581	1.7038	1.12827	0.74648	0.89464	1.11117	1.57844	0.36469	0.83765	0.79207	0.95162	0.60972	0.61542	0.60402	1.11117	1.21944	1.19095	0.96302	1.30492	0.54704	0.75218	0.97441	0.42168	0.88324	0.49006	0.75788	1.0257	0.98011	0.95732	0.74648	0.55844	1.0086	0.96872	0.6895	0.86615	1.0086	0.51855	0.96302	0.62682	0.74648	1.10548	0.37609	0.62682	0.44447	0.47866	0.78067	0.96872	0.50145	0.66101	1.15106	0.92313	1.29922	0.83196	0.42168	1.25933	1.28782	0.54134	1.27073	0.62112	0.52425	0.70659	0.51285	0.63821	0.3305	0.66101	0.54134	0.66101	0.74078	0.70089	0.86615	0.64961	0.83765	1.08838	1.12257	0.78067	0.94022	1.25933	0.52994	0.96872	0.6952	0.63251	0.54134	0.48436	1.33911	0.78637	0.50145	0.92883	0.52994	0.86615	0.84335	0.85475	0.52425	1.3676	0.85475	0.49006	1.16246	0.59832	1.0371	0.55274	1.33911	0.48436	0.63251	0.28492	0.70089	0.50145	1.21374	0.80916	0.95732	0.96872	0.3419	0.51285	0.83765	0.3533	0.51855	1.12257	0.76927	1.13397	0.98581	0.49575	0.6667	0.87184	1.22514	0.86045	0.41598	0.84905	0.6895	0.76927	0.73508	1.0143	1.12827	0.91173	0.39888	1.29922	0.72939	0.6952	0.84905	0.58693	0.96302	0.46726	1.379	0.63251	0.98011	0.82056	1.0314	0.75218	0.79207	1.08838	0.91173	1.08838	0.74648	1.10548	1.0371	0.54704	0.80916	0.83196	0.85475	0.80916	1.07129	0.64961	0.62112	0.64961	0.79207	0.91173	0.72939	0.6724	1.07129	0.71229	0.79207	0.73508	0.97441	0.90034	0.71229	0.49575	0.96302	0.70089	0.6724	0.83196	0.55844	0.49575	1.53285	0.27922	0.79777	0.40458	0.48436	0.83765	0.6952	0.72369	0.59263	0.92883	0.65531	0.6724	1.47587	0.97441	0.97441	1.12827	1.40179	0.6781	1.08268	0.90603	1.29922	0.45587	0.53564	0.84905	0.56413	0.60402	0.94022	0.58123	1.05419	0.58693	0.72939	0.62112	1.0143	0.6895	0.51285	0.99151	0.54704	0.98581	0.38179	0.55844	0.60402	0.66101	0.57553	0.48436	1.14536	0.72939	1.16246	0.78067	1.26503	1.33911	0.80346	0.74648	0.70659	0.52425	0.6895	0.82626	0.66101	1.15676	0.60402	1.07129	0.78637	0.90034	0.62112	0.72369	0.78067	1.10548	0.73508	0.46156	0.47866	0.87184	0.87754	0.55844	0.73508	0.39318	0.87754	0.6667	1.14536	1.79497
cell125	0.85584	1.24708	0.82323	1.23893	0.83954	1.63017	1.67907	1.22263	1.71983	1.07591	1.80949	0.88029	1.23893	1.63017	0.9292	0.83954	1.19002	2.33929	0.88029	1.26338	1.14927	1.10851	1.4753	1.48345	1.10851	1.30413	1.58941	0.56241	1.36119	0.93735	1.57311	1.31229	0.58686	1.76058	1.9236	1.24708	0.90474	2.08661	0.93735	1.54866	0.9944	0.98625	1.70353	1.82579	1.27968	0.87214	2.4697	0.86399	0.63577	0.66837	1.64647	1.0107	1.49975	0.78248	0.90474	0.76618	0.63577	0.86399	1.07591	1.02701	1.12482	1.15742	1.84209	1.63832	0.54611	0.9455	0.96995	1.14112	0.67652	1.4264	0.9618	1.15742	0.4972	1.06776	0.93735	1.07591	1.25523	1.68722	0.85584	1.0107	0.31788	1.00255	1.32859	1.07591	1.25523	0.48905	1.72798	0.98625	0.81508	1.53236	1.88284	0.83139	0.64392	0.61946	0.85584	1.4753	0.73358	1.39379	1.20632	1.19817	0.88844	0.82323	1.39379	0.88029	1.26338	0.81508	0.9292	2.11922	0.60316	0.66022	0.95365	1.13297	1.21448	1.0107	0.9292	1.27153	1.36934	1.76058	0.78248	1.27153	1.21448	1.29598	1.14927	1.32044	1.09221	1.27153	1.60572	0.93735	1.64647	1.12482	0.66022	0.72542	0.9781	0.9455	1.27153	1.15742	0.87214	0.85584	0.9944	1.459	0.96995	0.9618	1.78503	1.41825	0.9455	1.82579	1.38564	1.0107	0.63577	1.35304	1.9073	1.23893	1.459	1.05146	0.9618	0.9944	1.82579	0.87214	1.13297	1.68722	1.04331	1.19002	0.80693	0.87214	1.19817	0.93735	1.13297	1.64647	1.67092	1.20632	1.32859	0.83954	1.26338	0.61946	1.10036	1.64647	0.93735	1.11667	1.22263	1.37749	1.0107	1.54051	0.79063	1.17372	1.89915	0.89659	1.29598	1.43455	1.10036	0.93735	1.55681	0.39124	0.74173	1.14112	1.39379	1.17372	1.56496	1.05146	1.50791	1.51606	1.38564	0.4972	1.34489	1.25523	1.11667	0.66837	1.459	1.10851	1.26338	0.78248	0.77433	1.41825	1.76058	1.4101	1.84209	1.34489	0.88029	1.01885	1.459	1.26338	0.9944	0.9618	0.90474	0.83954	1.08406	0.83139	1.50791	1.27968	1.09221	0.71727	0.82323	0.88029	1.07591	1.0107	1.14927	1.25523	1.12482	1.18187	1.54866	1.51606	1.09221	2.03771	0.69282	0.89659	1.00255	1.32044	1.29598	0.95365	0.62761	0.36679	0.61946	0.80693	1.08406	0.72542	0.53796	0.9618	0.5298	1.14112	0.73358	0.5135	1.00255	0.89659	0.63577	0.61131	0.87214	1.45085	0.56241	0.4809	0.98625	0.57871	0.70912	0.57871	0.9781	1.04331	0.86399	1.25523	0.98625	0.30158	0.61131	0.70097	0.79878	0.42384	0.98625	0.74988	0.73358	0.76618	0.74173	0.91289	0.79063	1.65462	0.90474	0.37494	0.93735	0.68467	0.5135	0.76618	0.91289	0.72542	1.12482	1.62202	0.70097	0.4809	0.47275	0.90474	0.60316	1.13297	0.80693	0.61131	1.40194	1.15742	0.88029	1.08406	0.76618	0.4483	0.90474	0.63577	0.78248	0.88844	0.77433	0.88844	0.4972	1.4264	1.03516	0.71727	0.87214	1.35304	0.83954	0.70912	1.16557	0.87214	0.9618	1.64647	0.5135	0.65207	0.39939	0.90474	1.32859	0.64392	1.03516	0.66022	1.4753	1.12482	1.41825	0.57871	0.66022	0.88844	0.83139	0.80693	0.9292	0.78248	0.81508	0.56241	0.86399	0.39124	1.36119	1.10851	0.61946	1.32044	0.9618	0.26898	0.62761	0.9618	0.82323	0.26898	1.12482	0.37494	0.9618	0.60316	0.92104	0.72542	0.9455	0.76618	0.88029	1.00255	1.36119	0.57871	0.9618	0.5135	0.36679	0.75803	1.02701	0.61131	0.93735	1.36934	1.15742	1.17372	1.21448	0.41569	0.63577	0.69282	1.01885	0.61131	0.4972	1.00255	0.53796	0.47275	1.06776	0.70097	1.13297	0.80693	0.72542	1.26338	1.12482	0.65207	0.61131	0.64392	0.83954	1.62202	0.77433	0.86399	0.82323	1.15742	0.88029	1.28783	0.76618	1.19817	1.10036	0.96995	1.38564	0.89659	0.70912	0.64392	1.20632	0.4972	0.82323	0.50535	0.74173	0.72542	0.41569	0.95365	1.20632	0.61946	0.96995	0.74988	0.78248	1.03516	0.79878	0.54611	1.31229	1.43455	0.50535	0.77433	0.74173	0.28528	0.53796	0.58686	0.66022	0.4972	0.90474	0.44015	0.74173	0.36679	0.88844	1.63832	0.83954	0.80693	0.35049	0.57871	1.24708	0.62761	0.64392	0.9618	1.09221	1.31229	0.35049	0.73358	0.61131	0.77433	1.04331	0.96995	1.13297	1.05146	1.02701	1.23078	1.09221	0.31788	0.44015	0.64392	0.81508	0.87214	1.01885	1.0107	0.4809	0.67652	0.65207	1.23078	0.52165	0.77433	0.91289	0.68467	0.43199	1.00255	0.77433	0.5298	1.11667	0.90474	0.9455	0.48905
cell126	0.71381	0.7308	1.55508	1.37663	1.03672	0.57784	0.96024	0.83278	0.85827	0.69681	1.14719	1.1132	0.79029	0.89226	1.09621	1.21517	0.98573	1.90349	0.65432	1.29165	0.66282	0.53536	0.85827	0.70531	1.45311	0.97724	0.34841	0.77329	0.51836	0.96874	0.40789	0.83278	0.77329	0.78179	0.95174	0.68831	1.01123	1.24916	0.82428	1.24916	1.17268	0.88376	1.13869	1.1132	1.35114	0.72231	0.89226	1.52109	1.45311	2.13293	1.19818	1.04522	0.92625	3.08467	1.73353	1.64006	1.844	1.32564	1.73353	1.93748	2.27739	1.53809	2.48133	1.35963	1.58057	0.81578	2.11593	2.28588	1.23217	1.93748	1.57208	0.81578	1.4786	1.79302	0.93475	0.58634	1.16419	0.84127	1.29165	0.7478	1.18968	0.40789	0.39939	0.28042	0.0	0.0	0.0	0.54385	0.40789	0.40789	1.81851	1.26616	1.15569	0.7393	0.72231	1.00273	0.7478	1.06221	1.14719	0.48437	1.16419	0.67982	1.04522	1.1132	0.96024	0.48437	0.7478	0.87526	0.7563	0.80728	1.21517	0.97724	1.68255	0.89226	1.24916	0.44188	0.76479	0.7563	0.78179	1.41062	1.4701	1.19818	0.7478	1.13869	1.36813	1.08771	0.7308	0.99423	1.09621	1.08771	1.04522	1.05372	0.57784	0.87526	1.74203	1.18118	0.85827	1.29165	0.80728	1.1302	0.28042	1.23217	0.58634	0.53536	0.88376	0.83278	1.07071	1.20668	1.24067	0.92625	0.71381	1.01123	0.98573	0.55235	0.32291	0.79029	0.78179	1.08771	0.55235	1.92048	0.87526	1.53809	0.90076	1.23217	2.14142	1.04522	0.60334	1.44461	0.71381	1.25766	0.68831	0.78179	0.95174	1.01123	0.85827	1.8525	0.45038	0.69681	0.84127	0.94325	0.80728	1.39363	1.24067	1.08771	0.92625	1.27466	0.77329	0.7393	0.46737	0.46737	1.58057	1.06221	0.7393	0.90926	0.87526	0.77329	1.30015	0.77329	0.84127	1.25766	0.70531	1.41062	0.70531	0.79879	1.39363	1.1302	0.99423	0.79879	0.60334	0.96874	1.14719	1.26616	1.1047	0.62033	0.7393	0.65432	0.87526	0.98573	0.89226	0.68831	1.00273	1.64856	1.09621	0.55235	0.82428	0.87526	1.73353	1.04522	0.89226	0.81578	0.68831	0.87526	1.25766	0.62883	0.80728	0.79879	1.4871	0.70531	0.88376	0.50986	0.67132	1.4956	1.07921	0.90926	0.40789	1.51259	0.99423	1.4871	0.71381	0.56935	0.80728	0.84977	0.92625	1.63156	0.64583	1.26616	1.09621	1.19818	1.43611	1.15569	1.08771	0.99423	0.57784	1.01973	0.99423	1.88649	0.79029	0.85827	0.76479	0.56085	1.93748	0.72231	0.57784	1.41062	0.85827	0.69681	1.04522	1.01123	1.27466	1.35114	1.06221	1.20668	0.81578	1.53809	1.59757	1.00273	0.7563	0.67982	0.72231	0.7308	1.1132	1.02822	0.67982	0.7393	1.06221	0.67132	1.72504	1.24067	0.64583	1.17268	1.1047	0.61184	0.79029	0.48437	0.91775	0.51836	0.86677	1.14719	1.05372	0.79879	0.79879	1.26616	0.90926	1.61457	0.79029	1.34264	1.35963	0.71381	0.68831	0.96024	1.01973	0.92625	0.63733	1.16419	1.36813	0.69681	0.79029	1.01123	1.18118	1.02822	1.28315	1.22367	0.59484	0.60334	0.83278	0.67982	0.96024	0.84127	1.09621	1.02822	1.1217	1.07071	1.61457	0.66282	0.52686	1.41062	0.89226	1.63156	0.79879	0.63733	1.21517	0.56085	0.7563	1.37663	1.34264	0.68831	1.17268	0.81578	0.95174	1.20668	1.03672	0.84127	0.84127	1.79302	1.64006	1.15569	0.80728	0.89226	0.85827	1.41062	0.60334	0.79879	0.65432	1.06221	1.1302	1.07071	0.54385	0.83278	0.7478	0.78179	0.82428	0.99423	1.1302	0.90926	0.56085	1.04522	0.84127	0.90076	0.84127	1.24067	0.7478	0.65432	0.88376	1.1047	1.00273	0.79029	0.59484	0.84127	0.28042	0.78179	0.66282	0.95174	1.08771	0.88376	1.07071	1.21517	0.89226	1.30865	1.01973	0.54385	0.98573	0.77329	1.24067	0.91775	0.80728	0.62033	0.67982	0.69681	1.42762	1.13869	1.01973	1.34264	1.35963	1.24067	1.04522	0.62033	0.58634	1.13869	1.55508	0.67132	0.3739	0.58634	0.77329	0.41639	0.68831	1.38513	0.56935	1.63156	1.1132	0.54385	1.02822	1.1132	1.21517	0.7393	1.09621	1.43611	0.92625	0.77329	1.28315	1.06221	1.02822	0.48437	0.58634	1.24067	0.7563	1.66555	1.04522	0.79879	1.44461	1.31715	0.59484	1.40212	0.89226	0.52686	1.01123	0.47587	1.30015	2.14142	0.97724	1.01123	1.26616	1.40212	0.59484	0.97724	1.20668	0.62033	0.62033	1.37663	0.85827	1.07071	0.94325	0.83278	1.01973	0.85827	1.09621	1.5041	1.1132	0.78179	1.08771	1.29165	1.24067	0.91775	1.18118	1.23217	1.40212	0.57784	0.92625	0.93475
cell127	1.12981	1.09886	1.05243	1.33101	0.63455	1.19172	1.03695	1.23815	0.83575	1.19172	0.95957	1.76437	1.09886	1.02147	1.77984	1.93461	1.16077	0.66551	0.88218	0.86671	1.34649	1.08338	0.8048	2.02747	1.08338	1.09886	1.4084	1.006	1.14529	1.09886	1.77984	0.63455	0.58812	1.36197	0.89766	1.43935	0.88218	1.16077	1.2072	0.6036	0.89766	0.65003	1.68698	1.6715	0.71194	0.91314	1.34649	1.22267	0.43335	1.37744	1.36197	0.8048	1.16077	1.48578	1.88818	1.02147	0.44883	1.56317	1.54769	1.16077	1.02147	0.74289	0.92861	1.54769	0.55717	1.14529	1.82627	0.61908	0.86671	1.31554	1.37744	1.45483	1.79532	0.94409	1.64055	0.94409	1.85723	1.14529	0.95957	1.08338	1.4703	1.59412	1.59412	1.4084	0.85123	0.75837	0.99052	1.59412	0.77384	0.82028	1.76437	1.28458	1.82627	0.49526	0.63455	0.77384	0.72741	2.49178	0.74289	1.42387	0.82028	1.70246	0.58812	0.68098	1.56317	0.4024	1.88818	1.4703	1.71794	0.99052	2.02747	1.06791	0.69646	1.53221	1.02147	0.65003	0.61908	0.66551	1.03695	0.89766	1.28458	1.26911	1.48578	1.6096	1.51674	1.57864	1.11434	0.65003	1.02147	0.72741	1.65603	0.63455	0.91314	1.39292	1.23815	0.99052	1.08338	1.26911	1.22267	1.71794	1.59412	1.06791	0.99052	2.81679	0.6036	1.37744	1.11434	1.19172	1.12981	0.8048	1.64055	0.97504	1.06791	1.28458	0.83575	1.03695	0.97504	0.75837	1.85723	1.96557	1.05243	1.65603	1.25363	1.93461	1.05243	0.97504	1.08338	1.03695	1.4703	1.6096	1.6096	1.09886	1.39292	1.95009	1.91913	1.34649	0.89766	1.4703	0.77384	1.93461	1.12981	1.36197	1.05243	0.74289	1.16077	1.4084	1.30006	0.85123	1.22267	0.95957	1.09886	1.06791	1.09886	0.69646	0.94409	1.2072	0.82028	1.70246	1.65603	1.19172	0.41788	0.47978	1.03695	1.90366	0.95957	1.43935	0.75837	0.41788	1.14529	2.73941	1.50126	1.02147	1.25363	1.73341	1.31554	0.97504	1.54769	0.91314	0.52621	1.23815	0.99052	1.84175	1.006	1.93461	0.94409	0.89766	2.012	1.26911	0.8048	1.42387	1.06791	0.91314	0.92861	1.59412	1.11434	2.13581	2.012	1.30006	0.86671	1.53221	1.006	1.59412	1.33101	1.90366	0.97504	0.58812	0.44883	0.91314	0.89766	0.6036	0.47978	0.44883	0.57265	0.75837	0.92861	0.55717	0.77384	0.61908	0.85123	0.88218	0.52621	1.02147	0.8048	0.75837	0.57265	0.75837	0.94409	0.6036	0.51074	0.34049	0.6036	0.6036	0.78932	0.55717	0.92861	1.12981	1.09886	1.06791	0.8048	0.74289	1.14529	0.58812	0.72741	0.74289	1.43935	0.74289	0.44883	0.8048	0.55717	0.44883	1.33101	0.52621	0.68098	0.97504	0.27858	0.89766	0.94409	0.72741	0.85123	0.89766	0.49526	0.49526	0.77384	0.83575	0.46431	0.89766	0.72741	0.65003	0.68098	0.63455	0.92861	0.68098	0.57265	0.94409	1.12981	0.88218	1.22267	1.006	0.78932	0.99052	0.68098	0.78932	1.12981	0.69646	0.86671	0.74289	1.22267	0.92861	0.71194	0.71194	0.63455	0.82028	0.75837	1.50126	0.83575	0.46431	1.19172	0.85123	1.03695	0.71194	0.68098	0.52621	1.09886	0.77384	0.63455	0.91314	1.02147	1.12981	0.4024	0.57265	0.58812	1.43935	0.99052	1.30006	1.28458	0.72741	0.55717	0.85123	0.88218	1.06791	0.77384	0.68098	0.77384	0.52621	1.12981	1.11434	0.58812	0.35597	0.63455	0.72741	0.8048	0.51074	0.58812	0.88218	0.82028	1.11434	0.89766	0.86671	0.57265	1.11434	0.61908	0.95957	0.83575	0.77384	0.49526	0.71194	0.65003	1.25363	1.2072	0.57265	0.99052	0.97504	1.25363	0.97504	1.4084	0.86671	0.94409	0.66551	0.86671	0.78932	0.99052	0.95957	0.61908	0.77384	1.23815	0.77384	0.58812	0.21668	0.29406	0.91314	0.82028	0.89766	1.26911	0.71194	0.95957	1.006	0.69646	1.14529	0.65003	0.58812	0.55717	0.55717	0.54169	1.03695	0.83575	0.69646	0.83575	0.97504	0.61908	0.8048	1.45483	0.63455	1.12981	0.41788	0.88218	0.61908	1.16077	0.71194	0.97504	0.91314	0.61908	0.57265	0.97504	0.68098	0.83575	0.8048	0.78932	1.2072	0.57265	1.16077	0.55717	1.12981	0.47978	0.46431	0.6036	0.72741	0.72741	0.89766	0.68098	0.65003	0.8048	0.74289	0.37145	0.61908	0.69646	0.89766	0.63455	0.75837	0.66551	1.4084	1.2072	1.03695	0.51074	0.57265	0.58812	0.78932	1.03695	1.06791	0.68098	0.61908	0.58812	1.08338	0.86671	0.54169	1.45483	0.46431	0.92861	1.11434	0.43335	0.95957	1.05243	1.006	0.82028	0.46431	0.6036	0.89766	0.30954	0.92861
cell128	0.61408	0.90551	0.84306	0.52041	1.20735	0.61408	1.03041	1.04082	0.77021	0.57245	1.10327	0.36429	0.46837	0.91592	1.08245	0.56204	1.12408	1.13449	0.85347	0.80143	1.67572	0.68694	1.09286	0.91592	1.56123	1.17612	1.00959	0.94714	0.6349	1.70694	0.8951	0.73898	0.62449	0.86388	1.00959	0.58286	1.24898	0.92633	0.70776	1.21776	0.87429	1.04082	0.98878	1.05123	1.05123	0.94714	0.80143	1.44674	1.58204	1.45714	1.29061	1.07204	0.99918	1.24898	1.32184	2.11286	1.10327	0.87429	1.82143	2.11286	0.65572	1.88388	2.18572	0.62449	0.84306	1.70694	1.35306	1.37388	1.15531	1.9151	0.87429	1.19694	1.48837	1.05123	1.3947	1.29061	1.15531	1.09286	0.95755	1.54041	0.33306	0.35388	0.37469	0.54123	0.0	0.0	0.0	0.3851	0.47878	0.64531	0.92633	0.64531	1.10327	0.65572	2.4147	1.55082	1.41551	0.90551	0.52041	1.25939	1.2698	0.40592	1.07204	0.85347	0.85347	1.36347	1.25939	1.6549	0.34347	1.08245	0.52041	0.66612	1.37388	1.44674	0.61408	1.63408	1.15531	1.00959	0.91592	0.78061	1.23857	0.71816	1.57163	1.07204	0.69735	1.24898	0.88469	1.07204	0.84306	0.97837	0.66612	1.20735	1.2698	0.92633	0.98878	0.74939	1.04082	0.74939	1.04082	0.98878	0.8951	0.64531	0.70776	1.44674	1.37388	1.92551	0.54123	1.36347	0.91592	0.88469	0.92633	1.32184	0.78061	1.10327	1.4051	0.81184	1.00959	1.47796	0.6349	0.59327	0.54123	0.39551	0.64531	1.05123	0.96796	0.52041	0.74939	1.30102	1.22816	1.05123	1.49878	0.78061	0.99918	0.49959	0.6349	0.64531	0.40592	1.18653	1.89429	0.80143	1.2698	0.69735	1.50919	0.79102	1.63408	0.87429	0.52041	0.94714	2.04	1.07204	1.07204	1.32184	2.02959	0.69735	0.82225	1.25939	0.58286	0.64531	0.97837	1.11367	1.21776	0.80143	0.58286	1.17612	0.98878	0.65572	1.31143	1.10327	1.02	0.68694	1.22816	1.2698	1.42592	0.7598	0.58286	1.66531	0.73898	0.60367	0.58286	1.29061	1.22816	1.43633	0.91592	1.63408	2.66449	0.81184	0.54123	0.99918	1.16572	1.08245	0.96796	0.79102	0.64531	0.79102	1.4051	1.44674	0.96796	1.81102	0.7598	0.87429	0.87429	0.86388	0.88469	0.92633	0.94714	1.38429	1.6549	0.77021	0.80143	0.81184	1.47796	0.59327	0.84306	0.48918	0.96796	0.71816	1.20735	0.81184	1.82143	1.19694	0.90551	1.61327	1.00959	1.32184	0.96796	1.02	2.02959	0.83265	0.91592	0.94714	0.72857	1.1449	1.29061	0.70776	0.78061	0.91592	0.98878	1.25939	0.81184	0.83265	1.38429	1.10327	0.85347	0.97837	0.69735	1.70694	1.23857	0.53082	0.93674	0.81184	0.53082	1.12408	0.85347	0.64531	1.54041	0.77021	1.00959	1.10327	0.96796	0.77021	0.41633	0.35388	1.16572	1.32184	1.1449	0.88469	0.58286	0.47878	0.88469	0.56204	1.1449	0.93674	0.67653	0.70776	1.06163	1.00959	1.17612	0.83265	0.85347	1.28021	0.72857	1.16572	1.07204	1.58204	1.16572	0.59327	1.47796	1.21776	0.96796	1.20735	1.3947	0.91592	0.73898	0.70776	0.67653	0.54123	0.71816	0.49959	0.74939	1.68612	1.11367	0.93674	1.04082	1.06163	1.48837	0.77021	1.1449	0.62449	0.51	0.72857	1.21776	1.76939	1.00959	1.02	0.83265	0.7598	0.90551	0.96796	1.30102	0.98878	1.34265	0.97837	1.25939	0.73898	0.66612	1.45714	0.49959	1.00959	0.55163	0.83265	1.45714	0.6349	0.87429	1.02	1.25939	1.29061	0.56204	0.41633	0.56204	1.89429	0.70776	1.20735	0.86388	0.60367	1.51959	0.66612	0.85347	0.69735	1.17612	0.78061	0.86388	1.03041	0.79102	0.74939	0.68694	1.33225	1.11367	0.61408	1.36347	1.3947	0.60367	1.4051	0.6349	0.78061	1.07204	0.65572	1.18653	0.60367	0.34347	2.10245	0.7598	0.96796	1.9047	0.42674	0.92633	1.13449	0.54123	0.85347	0.69735	1.51959	0.78061	0.79102	1.3947	0.97837	0.96796	1.2698	0.87429	1.00959	0.93674	1.42592	0.87429	0.74939	0.48918	1.33225	0.6349	1.60286	1.17612	0.53082	0.77021	1.3947	0.91592	0.44755	1.06163	0.92633	0.96796	1.62368	1.2698	0.88469	1.38429	0.84306	1.00959	1.05123	0.87429	0.99918	0.72857	0.68694	0.68694	0.61408	0.67653	1.21776	1.64449	0.8951	0.85347	1.07204	0.92633	1.05123	1.21776	0.78061	1.00959	1.17612	1.07204	1.11367	1.25939	0.56204	1.37388	0.78061	1.28021	1.48837	1.03041	0.81184	1.16572	1.16572	0.80143	1.10327	0.52041	0.88469	1.24898	0.73898	0.58286	0.66612	1.29061	0.67653	0.66612	1.51959	1.00959	0.90551	0.77021	0.98878
cell129	1.53717	1.06338	1.01074	1.94778	1.35818	0.97915	0.97915	0.8844	1.18973	1.38977	1.01074	1.15814	1.30554	1.30554	1.78985	2.01095	1.67404	1.46347	2.16888	0.737	1.6214	0.89493	1.80038	1.48452	1.90567	1.67404	1.07391	1.43188	1.13708	1.50558	1.18973	1.50558	1.44241	0.67383	0.9581	0.64224	1.48452	1.50558	1.46347	1.38977	1.41082	1.6214	0.89493	1.71615	1.86355	0.83175	0.70541	0.4422	1.30554	1.12655	1.87408	1.68457	1.2529	1.78985	0.9581	1.83197	1.00021	1.88461	1.09497	1.27395	1.38977	1.14761	1.15814	1.48452	0.71594	1.01074	1.43188	1.27395	1.50558	0.74753	0.8107	1.29501	1.09497	0.83175	0.63171	0.98968	0.72647	1.29501	0.71594	1.51611	1.11603	0.48431	1.1055	1.72668	0.70541	0.90545	0.5159	1.33712	1.11603	1.45294	1.04233	0.737	1.02127	1.14761	1.50558	1.48452	0.70541	0.86334	1.92672	2.11624	1.45294	1.93725	1.36871	0.52643	0.76858	1.5477	1.0318	1.18973	0.9581	1.93725	0.90545	1.3266	0.65277	1.49505	0.85281	0.76858	1.08444	0.89493	0.94757	0.75805	1.71615	1.52664	1.51611	0.86334	0.72647	0.97915	1.38977	0.8107	1.81091	1.16867	1.24237	0.78964	1.14761	1.2529	1.14761	1.00021	1.23184	0.52643	0.98968	1.41082	1.30554	0.91598	1.16867	1.16867	0.8844	0.87387	1.31607	1.80038	0.71594	0.94757	1.20025	0.86334	1.48452	1.53717	0.91598	0.78964	1.74774	0.71594	1.88461	0.83175	1.73721	1.05285	1.45294	1.13708	1.58981	1.30554	1.56875	1.16867	1.70562	1.30554	0.86334	1.46347	0.90545	1.06338	1.07391	1.24237	1.33712	1.86355	1.68457	1.36871	1.3266	0.70541	0.62118	0.86334	0.74753	0.70541	0.9581	1.04233	1.12655	1.18973	1.86355	1.09497	1.11603	0.5159	2.43209	1.44241	0.90545	1.5477	2.12677	1.23184	1.38977	0.49484	0.43167	1.28448	1.93725	0.98968	1.21078	0.90545	1.55822	1.76879	1.26342	1.12655	1.07391	1.3266	1.15814	1.63192	0.91598	1.1055	1.3266	1.96884	1.31607	1.09497	0.96863	1.95831	0.63171	1.22131	1.05285	0.89493	1.1792	0.93704	1.05285	0.87387	1.44241	1.46347	1.16867	0.72647	2.24258	0.87387	0.92651	0.72647	1.70562	0.84228	1.31607	1.48452	0.86334	1.00021	0.65277	0.54748	0.69488	1.06338	1.3266	0.98968	0.70541	1.05285	0.5896	0.97915	0.75805	0.72647	0.737	1.18973	0.61066	0.80017	0.76858	0.50537	0.96863	0.93704	0.737	0.89493	0.4422	0.737	0.82123	1.04233	0.56854	0.68436	1.34765	0.85281	1.38977	0.60013	1.45294	0.8844	0.4422	0.6633	0.69488	0.8107	1.33712	0.61066	0.78964	0.5896	0.70541	1.2529	0.53696	0.8844	0.84228	0.6633	0.68436	0.94757	0.49484	0.93704	0.49484	1.20025	1.21078	1.44241	1.02127	0.65277	0.737	1.06338	0.46326	0.65277	0.8107	0.83175	0.82123	0.84228	0.3685	0.72647	0.78964	0.93704	0.49484	0.6633	0.34744	0.61066	0.94757	0.43167	1.1792	0.86334	0.5159	1.36871	0.74753	0.94757	1.08444	0.80017	0.71594	0.85281	0.94757	0.46326	0.85281	0.35797	0.91598	0.80017	0.72647	0.89493	0.86334	1.45294	0.42114	0.71594	0.85281	0.70541	0.67383	0.31586	0.92651	0.96863	1.38977	0.61066	0.86334	0.737	0.93704	0.98968	0.77911	1.02127	0.72647	0.46326	0.57907	1.18973	0.72647	0.84228	0.47378	1.14761	0.72647	0.71594	0.35797	1.15814	1.11603	0.83175	1.26342	0.90545	0.67383	0.82123	1.11603	0.37903	0.40008	0.54748	0.737	0.62118	0.89493	0.62118	0.56854	0.83175	1.11603	1.05285	0.9581	0.43167	1.1792	0.8107	0.87387	0.62118	1.05285	0.93704	0.50537	0.70541	0.47378	0.52643	0.69488	0.8844	0.63171	0.78964	0.56854	0.42114	0.5159	0.85281	0.65277	0.87387	1.11603	0.69488	0.737	0.48431	0.74753	0.90545	0.45273	0.42114	0.63171	0.78964	0.69488	0.77911	0.38956	0.49484	0.70541	0.62118	0.78964	0.42114	0.38956	0.69488	1.65298	0.94757	0.6633	0.94757	1.04233	0.47378	0.737	0.87387	1.18973	0.57907	0.89493	0.63171	0.65277	0.98968	0.76858	0.96863	0.737	0.60013	1.01074	1.05285	0.6633	1.09497	0.37903	0.737	0.90545	0.86334	0.67383	0.65277	0.68436	1.09497	0.68436	1.11603	0.96863	0.5159	0.90545	0.52643	0.94757	0.91598	0.82123	0.65277	0.57907	0.52643	0.71594	0.82123	0.77911	0.64224	1.11603	0.56854	0.62118	0.77911	0.56854	0.9581	0.26321	1.04233	0.8107	0.65277	0.80017	0.49484	0.61066	0.62118	0.89493	0.77911	0.61066	1.35818	0.83175	0.84228	0.84228	1.2529
cell130	1.78028	1.11118	0.6452	1.46963	1.18287	1.03949	1.08728	1.11118	1.27845	1.36209	2.05509	1.52937	1.05144	1.55326	0.68105	1.70859	1.03949	1.50547	0.74079	0.75274	1.20677	1.07534	0.87222	1.06339	1.39794	0.9917	0.92001	1.87586	1.40988	0.68105	2.53301	0.74079	0.6691	1.19482	1.46963	0.74079	1.55326	1.00365	1.46963	1.05144	1.32625	1.14702	1.2904	1.88781	1.24261	1.07534	0.6691	0.9917	0.68105	1.20677	1.20677	1.05144	1.18287	0.88417	0.88417	1.11118	0.9678	1.30235	1.58911	1.2904	1.13508	0.83637	1.19482	1.13508	0.94391	0.9917	1.58911	2.29405	1.30235	1.20677	1.51742	1.54131	1.80417	0.9917	2.00729	0.82442	0.82442	1.60106	1.15897	1.46963	1.14702	1.12313	1.91171	1.17092	0.56156	1.09923	1.86392	0.65715	1.12313	1.68469	1.25456	1.9595	1.15897	0.97975	1.24261	0.88417	1.05144	2.05509	0.83637	0.93196	0.88417	1.06339	0.90806	1.9356	0.43013	1.60106	1.9595	2.07898	1.73249	1.27845	1.72054	1.32625	1.00365	1.03949	1.51742	1.23066	1.24261	0.93196	1.21871	0.75274	0.94391	0.6691	1.30235	1.32625	1.38599	1.49352	1.3143	1.18287	1.60106	1.62495	0.97975	2.03119	1.24261	1.45768	0.81248	2.03119	1.05144	1.76833	1.45768	1.44573	1.39794	1.3143	0.78858	1.11118	0.97975	1.60106	2.17457	1.99535	0.71689	1.40988	1.35014	1.19482	1.17092	1.56521	1.24261	1.45768	1.12313	1.19482	1.36209	1.85197	0.80053	0.68105	0.83637	1.94755	1.3143	1.0156	1.48157	1.23066	1.60106	1.97145	0.69299	1.00365	2.73613	1.6369	0.93196	1.24261	1.67274	1.17092	0.89611	0.86027	1.05144	1.43378	0.89611	1.78028	0.71689	1.42183	1.07534	0.6691	1.02754	1.30235	2.35379	1.39794	0.75274	1.9834	0.94391	0.72884	1.44573	0.60936	0.71689	0.68105	0.92001	1.23066	1.49352	1.72054	1.25456	0.9917	1.24261	0.94391	0.82442	0.89611	0.90806	1.57716	0.62131	1.03949	0.97975	1.25456	0.93196	0.60936	1.39794	0.92001	1.35014	1.11118	1.68469	1.00365	1.37404	1.0156	0.94391	0.89611	0.72884	1.30235	1.40988	0.38234	0.72884	1.70859	1.613	0.60936	1.23066	1.19482	1.19482	1.45768	0.80053	1.0156	0.39429	1.87586	1.09923	0.87222	1.37404	1.11118	0.6691	0.51377	0.70494	1.13508	0.63325	0.62131	0.63325	0.37039	0.92001	0.75274	0.60936	0.59741	0.80053	0.71689	0.94391	0.78858	0.84832	0.38234	0.81248	0.43013	0.68105	1.0156	0.87222	0.78858	0.81248	1.35014	1.00365	0.50182	0.15533	0.65715	0.72884	0.80053	1.05144	0.77663	0.69299	1.58911	0.41819	0.88417	0.50182	0.48988	0.59741	0.83637	0.70494	0.87222	0.38234	1.11118	1.03949	0.50182	0.41819	0.80053	0.71689	0.71689	0.35845	0.40624	0.69299	0.53767	0.75274	0.9678	0.65715	0.58546	0.40624	0.82442	1.26651	0.54962	0.59741	0.83637	0.41819	0.56156	0.6691	0.40624	0.6691	0.71689	0.41819	0.69299	0.58546	0.39429	0.39429	1.23066	0.50182	0.68105	0.6691	0.90806	0.95585	0.71689	1.03949	0.75274	0.50182	0.48988	0.59741	0.57351	0.92001	0.71689	0.72884	1.06339	1.11118	1.15897	0.53767	1.08728	0.54962	0.60936	0.84832	1.2904	1.44573	0.72884	0.52572	0.48988	0.89611	1.30235	0.71689	1.17092	0.76468	0.43013	0.54962	0.40624	0.75274	0.74079	0.48988	0.68105	1.19482	1.2904	0.35845	0.63325	0.60936	0.75274	1.35014	0.58546	0.82442	0.6691	0.28676	0.59741	0.75274	0.74079	0.68105	0.94391	0.87222	0.82442	1.20677	1.11118	0.87222	0.87222	1.06339	0.65715	0.62131	0.50182	0.48988	0.46598	0.21507	1.76833	0.39429	0.63325	1.03949	0.77663	0.87222	0.9917	0.47793	0.41819	0.87222	1.02754	0.88417	0.86027	0.97975	0.93196	1.08728	0.74079	0.68105	0.9917	0.94391	1.46963	0.50182	0.94391	1.00365	0.83637	0.72884	0.86027	0.3226	0.6452	0.95585	1.0156	1.03949	0.87222	0.52572	0.70494	0.71689	0.89611	0.95585	1.02754	0.9917	0.3465	1.11118	0.92001	0.89611	0.97975	0.40624	0.54962	0.72884	1.24261	0.60936	0.57351	1.14702	0.89611	1.09923	0.9678	0.72884	0.77663	1.02754	0.78858	0.62131	1.18287	0.72884	0.71689	0.69299	0.63325	0.74079	0.68105	0.77663	1.613	0.87222	1.23066	0.59741	0.74079	1.06339	0.65715	0.54962	0.86027	0.87222	0.86027	0.38234	0.31065	0.70494	0.88417	1.38599	0.58546	0.6691	0.3226	1.17092	0.70494	1.0156	0.48988	0.47793	0.76468	0.3226	1.05144	0.74079	0.48988	0.6691	0.48988	0.76468	1.15897	1.82807	1.05144
cell131	0.81926	1.51994	1.22888	1.14265	1.35824	0.81926	1.51994	1.50916	1.35824	0.6899	1.26122	1.2181	1.55227	1.272	0.80848	1.63851	1.12109	0.8516	0.59288	0.97017	0.75458	0.80848	1.19655	1.17499	1.07797	1.42292	1.13187	0.64678	2.03736	1.06719	0.8516	1.29356	2.19906	1.61695	1.16421	1.3259	1.00251	1.06719	1.47682	0.98095	1.36902	1.05641	1.16421	0.7438	1.71397	1.4876	1.16421	1.07797	1.12109	0.99173	1.69241	1.9619	1.14265	0.76536	1.64929	1.58461	1.34746	1.66007	0.5821	0.57132	0.45275	0.8516	1.72475	1.75709	0.65756	0.92705	1.55227	1.08875	0.90549	1.56305	1.35824	1.36902	2.05892	1.45526	1.77865	0.61444	1.9619	1.16421	0.46353	1.03485	1.11031	1.03485	1.16421	0.84082	1.12109	1.45526	1.31512	1.66007	1.36902	1.15343	1.50916	1.58461	1.31512	1.13187	0.99173	1.41214	1.08875	1.11031	0.73302	0.92705	1.63851	1.40136	1.31512	0.75458	1.07797	1.12109	0.80848	1.02407	1.71397	1.3798	1.05641	1.20732	1.99424	1.57383	1.13187	0.70068	1.19655	1.07797	1.23966	1.66007	0.73302	1.78943	1.18577	1.42292	0.67912	0.81926	1.3798	0.54976	0.77614	1.81099	1.2181	0.98095	1.01329	1.58461	1.35824	2.16672	0.86237	0.99173	1.11031	1.85411	1.66007	0.8516	1.28278	1.4876	1.20732	2.22062	1.5415	1.29356	0.99173	1.28278	0.89471	1.67085	1.01329	0.94861	1.56305	1.2181	1.75709	1.83255	1.3259	1.83255	1.34746	0.83004	0.90549	0.90549	1.33668	2.19906	1.16421	1.09953	1.78943	1.61695	1.46604	1.25044	1.01329	0.95939	1.11031	1.40136	1.22888	0.75458	0.71146	0.67912	0.98095	1.44448	0.42041	1.23966	1.00251	1.14265	1.87567	0.49587	0.61444	1.22888	0.67912	1.60617	1.73553	1.92956	0.76536	1.66007	1.02407	0.91627	1.28278	1.13187	0.78692	0.66834	1.22888	1.57383	1.06719	0.88393	1.60617	1.92956	0.88393	1.56305	1.86489	0.88393	0.71146	0.95939	1.00251	1.29356	1.11031	0.53898	0.39885	1.50916	1.78943	2.0158	1.80021	0.6899	0.94861	1.74631	0.84082	1.4876	1.41214	1.33668	0.42041	1.70319	1.03485	0.5821	1.17499	1.09953	0.89471	1.69241	2.28529	1.29356	1.53072	0.91627	1.18577	0.6899	1.06719	0.5282	0.42041	0.81926	1.15343	0.87315	0.5282	0.60366	0.54976	0.7977	0.77614	0.89471	1.20732	1.16421	0.7438	1.19655	1.12109	1.19655	0.43119	0.71146	0.94861	1.28278	1.08875	0.45275	0.86237	0.72224	0.59288	0.87315	0.59288	0.59288	0.94861	0.62522	0.60366	0.57132	0.88393	1.16421	0.67912	0.36651	0.64678	0.81926	1.272	0.70068	0.34495	0.84082	0.80848	1.46604	0.71146	0.83004	0.49587	1.00251	1.03485	0.88393	1.33668	0.98095	0.46353	0.636	0.40963	0.60366	0.80848	0.64678	0.89471	0.39885	0.77614	0.62522	0.7438	0.35573	0.62522	0.80848	0.76536	0.71146	1.78943	0.60366	0.62522	1.23966	0.80848	0.42041	0.53898	0.90549	0.81926	0.98095	0.7977	0.54976	0.49587	0.51742	0.57132	0.84082	0.48509	1.04563	0.90549	0.8516	0.70068	0.34495	1.01329	0.73302	1.28278	1.13187	0.54976	0.67912	0.71146	1.02407	0.50665	0.60366	0.95939	0.37729	0.77614	0.66834	0.86237	0.88393	0.56054	1.06719	0.91627	1.05641	0.48509	1.01329	0.46353	1.2181	0.76536	0.57132	0.59288	0.57132	0.67912	0.65756	0.57132	0.91627	0.75458	0.94861	0.73302	1.11031	0.59288	0.88393	1.03485	1.02407	1.01329	0.60366	0.76536	0.81926	0.67912	0.88393	0.56054	1.08875	0.45275	0.83004	0.72224	0.59288	0.49587	0.54976	0.636	0.43119	1.00251	0.84082	0.57132	0.51742	1.14265	0.7438	0.73302	0.54976	0.7438	1.00251	0.51742	0.90549	0.48509	0.61444	1.2181	1.03485	0.37729	0.80848	1.16421	0.95939	0.71146	0.86237	0.59288	1.04563	0.81926	0.5821	0.44197	0.6899	0.51742	0.71146	1.14265	0.43119	1.91878	0.5821	0.80848	0.76536	0.90549	0.38807	0.84082	0.98095	0.83004	0.45275	0.91627	0.65756	0.46353	0.81926	0.42041	0.70068	0.89471	1.04563	0.33417	0.51742	0.87315	0.51742	0.71146	0.636	0.76536	0.80848	0.83004	1.31512	0.93783	1.77865	0.61444	1.12109	0.7977	0.7438	1.03485	0.43119	0.77614	1.02407	0.86237	0.78692	1.03485	0.8516	0.53898	1.04563	0.67912	0.62522	0.8516	1.03485	0.59288	0.40963	0.81926	1.42292	0.8516	0.76536	1.07797	0.6899	1.272	0.45275	0.76536	0.8516	0.87315	0.88393	0.94861	0.61444	0.66834	1.13187	1.03485	0.5821	0.66834	0.57132	1.00251	0.48509	0.61444	0.81926
cell132	1.04696	1.81596	1.1674	0.8246	0.68562	1.7789	1.3805	0.33354	0.7968	1.13961	0.81533	1.01916	1.48242	1.28785	0.71341	1.63066	0.8246	1.41756	1.35271	0.99137	1.44536	1.37124	0.87092	1.15814	0.89872	1.13034	1.29712	1.53801	1.63993	1.18593	1.90861	0.769	0.91725	1.15814	1.02843	1.11181	1.34344	0.93578	0.80607	1.07475	1.7789	1.13034	0.99137	1.51948	1.44536	0.7968	1.11181	1.5658	1.33418	1.24153	1.08402	2.73321	1.52874	1.992	0.62076	1.05622	1.45462	0.88019	1.39903	0.95431	1.05622	1.41756	0.91725	1.43609	1.09328	1.12108	1.28785	1.61213	1.36197	0.60223	0.78753	1.43609	1.13961	1.21373	1.14887	1.65846	1.18593	1.33418	1.34344	1.46389	0.80607	0.97284	1.98273	1.51021	0.77827	1.48242	1.47315	1.51948	0.95431	1.12108	0.41693	0.87092	1.63066	0.74121	1.20447	1.57507	1.1952	1.7789	0.90798	0.77827	1.10255	2.28848	0.8246	1.24153	2.72394	1.07475	1.26932	1.14887	1.28785	1.24153	1.41756	1.02843	1.26006	0.97284	0.83386	1.54727	1.65846	0.55591	1.91788	0.84313	0.93578	0.74121	1.8067	0.85239	0.89872	0.91725	1.93641	0.78753	1.44536	1.51021	0.7968	1.0099	1.0099	0.63003	0.83386	1.55654	1.44536	0.6115	1.00063	0.54664	0.99137	1.10255	1.23226	0.96357	0.7968	1.61213	1.14887	1.17667	0.86166	1.07475	0.77827	0.95431	1.35271	1.9642	1.49168	1.82523	1.4083	0.84313	0.96357	1.1674	1.17667	0.65782	1.65846	1.0099	0.94504	1.54727	1.54727	0.97284	1.09328	1.8067	1.82523	1.6214	1.29712	1.14887	0.99137	2.31628	0.94504	0.99137	1.79743	1.08402	0.69488	2.35334	1.07475	1.08402	1.26006	0.8246	2.19583	1.42683	0.88945	1.75111	0.81533	1.0099	1.51021	1.0099	0.78753	1.44536	0.65782	1.21373	0.67635	2.06612	1.46389	1.33418	0.90798	1.51021	0.41693	1.90861	1.31565	0.94504	1.01916	0.90798	1.09328	1.23226	2.52938	0.59297	0.8246	0.8246	2.14024	1.27859	1.10255	0.72268	1.18593	0.6115	1.04696	2.28848	1.58433	0.80607	0.88945	0.69488	1.51021	1.11181	1.20447	2.25142	0.84313	2.37187	0.91725	1.06549	0.54664	1.94567	1.33418	0.91725	1.5658	0.55591	1.15814	1.92714	0.77827	0.77827	0.56517	0.75047	0.69488	1.03769	1.09328	0.44473	0.69488	0.88945	0.86166	0.63003	0.50032	0.94504	0.62076	0.74121	0.48179	0.46326	0.59297	1.14887	1.05622	0.85239	0.3706	0.91725	0.71341	0.72268	1.18593	1.3805	0.56517	0.88945	0.94504	0.75047	1.24153	0.52811	0.769	1.47315	0.50958	0.25942	0.46326	0.55591	0.45399	0.43546	0.92651	0.90798	1.00063	0.60223	1.10255	0.63003	0.55591	0.57444	0.30575	0.74121	0.70415	0.75047	0.72268	1.04696	0.86166	0.66709	0.90798	0.73194	1.04696	0.88945	1.11181	0.52811	0.56517	0.7968	0.97284	0.73194	0.37987	0.8246	0.75047	0.55591	0.89872	0.59297	0.75047	0.88019	0.9821	0.5837	0.77827	0.71341	0.84313	0.88019	0.67635	1.05622	0.63003	0.63003	0.51885	1.09328	0.67635	0.81533	0.83386	0.37987	1.10255	0.67635	0.52811	0.75047	0.81533	0.48179	0.69488	0.50032	0.7968	1.23226	1.32491	1.53801	1.01916	0.44473	1.01916	0.44473	0.62076	0.92651	0.66709	0.7968	0.92651	0.86166	0.44473	1.07475	1.38977	0.36134	0.769	0.46326	0.43546	0.87092	1.08402	0.53738	0.6115	1.223	1.08402	0.75047	0.8246	0.91725	1.01916	0.90798	0.65782	0.56517	1.13961	1.13034	1.28785	0.59297	0.89872	0.87092	0.65782	0.87092	1.06549	0.71341	0.95431	0.89872	0.59297	0.66709	0.8246	0.47252	0.45399	0.769	0.5837	1.23226	0.78753	0.71341	0.8246	0.49105	0.50958	1.42683	1.04696	1.10255	0.99137	0.75047	0.75047	0.57444	0.63003	0.97284	0.89872	1.09328	0.80607	0.44473	0.89872	0.5837	0.56517	0.83386	0.81533	0.77827	0.85239	0.78753	0.71341	1.53801	1.30638	0.93578	0.69488	0.50958	0.91725	0.69488	0.71341	0.41693	0.93578	0.77827	0.69488	0.7968	0.85239	0.29648	0.71341	0.63929	0.86166	0.53738	0.81533	0.83386	1.04696	0.87092	1.14887	1.223	1.29712	0.71341	0.95431	0.8246	0.94504	0.87092	0.81533	0.48179	0.46326	1.223	0.94504	1.36197	0.77827	0.87092	0.68562	0.57444	0.59297	0.66709	0.45399	0.53738	0.63929	0.54664	0.63003	0.13898	0.63003	0.57444	1.06549	0.70415	0.85239	0.71341	0.75047	0.34281	0.67635	1.20447	0.46326	1.12108	1.03769	1.12108	1.05622	0.53738	0.47252	1.01916	0.8246	0.92651	0.8246	1.0099	0.54664	0.56517
cell133	1.5302	0.69085	0.83935	1.62059	1.00076	1.41398	0.62629	1.54311	1.16218	0.89746	1.22029	1.56894	0.94911	1.65933	1.33005	1.53666	1.07179	0.81353	0.95557	0.99431	1.53666	1.11053	1.51083	0.71668	1.14927	1.09116	1.41398	0.86518	1.0847	1.4269	1.25903	1.31068	1.43335	1.188	0.81353	1.16864	1.45918	1.43335	1.16218	1.45272	0.89746	1.67225	1.49792	1.34942	0.60046	0.89746	1.63351	1.49792	1.74972	1.40107	0.72313	1.26548	1.38816	1.09116	0.77479	0.79416	1.188	1.27194	1.39461	1.38816	1.00722	0.90392	1.14281	1.71744	1.50438	1.23966	0.52944	1.22674	0.27763	0.68439	1.29131	1.11698	1.00722	1.2784	1.79492	1.20092	0.76833	1.01368	0.66502	1.2784	1.43981	1.04596	0.70376	0.87163	0.47133	0.94911	1.14281	1.14927	2.6149	1.85303	1.36879	1.0395	2.01444	1.48501	0.4907	1.4269	1.40753	1.45272	1.41398	1.11053	1.29777	0.65211	1.37524	1.07824	1.18155	1.06533	1.33005	1.1299	1.13635	1.22029	0.58755	1.89823	1.0847	1.47209	1.8272	0.92974	1.67225	0.76833	0.81998	0.96203	1.60122	1.8272	1.25903	1.65933	1.02013	0.83935	0.76187	0.69731	1.45272	1.02013	1.18155	1.69162	1.43981	1.09761	1.29131	1.65288	1.09116	0.54881	1.00076	1.36233	1.85303	1.31068	1.03305	0.90392	0.51007	0.95557	2.51805	1.30422	1.7239	1.85949	0.94911	1.01368	1.40107	0.60692	1.25903	1.74327	1.76264	1.26548	1.19446	0.85872	1.14281	1.52375	0.91037	1.52375	0.9362	1.96279	0.90392	1.07824	0.98785	2.04027	1.17509	0.58755	1.14281	1.43981	1.28485	1.13635	1.19446	1.6787	0.87163	1.16218	1.34942	0.82644	0.90392	1.91759	0.98785	1.48501	1.65933	0.92974	0.88455	1.30422	1.21383	1.45272	1.88531	1.42044	1.65288	1.24611	1.45918	1.62705	1.1299	1.23966	1.06533	1.34296	0.72313	0.70376	0.73605	0.91683	1.29131	1.86594	1.40107	0.98785	1.53666	0.55526	2.1694	1.03305	0.53589	1.47209	1.12344	0.96203	1.11053	1.53666	1.40753	1.46564	0.891	1.29131	0.891	1.0847	2.15003	0.75542	1.56248	1.59477	1.3817	1.22674	1.36879	2.23397	1.01368	1.21383	0.96203	1.33005	1.05242	0.98785	1.25257	0.96848	1.14281	0.87809	0.36157	1.22674	1.80138	0.76187	0.63274	0.7425	0.55526	0.66502	0.48424	1.22029	0.81353	0.94911	1.05242	0.83935	0.92329	0.40031	0.66502	1.07179	0.72313	0.60046	0.61983	0.85872	0.69731	0.9362	1.11698	0.72959	0.70376	0.60692	1.12344	0.94266	1.05242	0.86518	0.87809	0.51652	1.05887	1.11053	0.7425	1.16218	0.49715	0.70376	0.65211	0.86518	0.7877	0.69085	1.22029	0.66502	0.82644	1.25903	0.56818	0.81353	0.7877	1.03305	1.29131	0.83935	0.95557	0.83935	0.91037	0.40676	0.57463	0.27763	0.57463	1.28485	0.80061	1.02013	0.7425	0.94266	1.06533	0.81353	0.65857	0.71022	1.2784	0.62629	0.94911	0.94266	1.37524	1.06533	0.7425	0.75542	0.87809	1.02659	1.04596	0.71022	0.64565	1.12344	0.81353	0.61983	0.52298	0.51652	1.0395	1.14927	0.4455	0.50361	0.80061	0.70376	0.54881	0.60692	0.7425	0.48424	0.891	0.56818	0.54881	0.53589	0.99431	0.47778	0.76187	0.60046	0.71668	0.69731	0.56172	0.68439	0.71022	0.76187	0.77479	0.50361	0.91037	0.51007	0.83289	0.64565	0.80061	1.25903	0.83289	0.60046	0.32283	0.4455	0.94266	0.92974	0.60692	0.75542	0.57463	1.26548	1.25257	0.61983	1.03305	0.68439	0.35511	0.61337	0.42613	0.79416	0.76833	0.77479	0.75542	1.09116	0.50361	0.46487	0.80707	0.99431	0.64565	1.58831	0.78124	0.38094	1.54957	0.85872	0.6392	1.05887	0.80061	1.01368	0.36157	0.63274	0.39385	1.2332	0.70376	1.05887	0.51007	0.60692	0.69085	0.6392	0.80707	1.15572	0.71668	0.76833	1.06533	1.77555	0.53589	0.594	0.68439	0.58109	0.86518	0.70376	0.80707	1.02013	0.82644	0.83935	0.82644	0.96848	0.72959	0.77479	0.61983	0.52298	0.36157	0.88455	0.85872	0.62629	0.594	0.74896	0.54881	1.18155	1.18155	0.70376	0.95557	0.42613	0.43905	0.81998	0.72313	0.86518	0.38094	0.96203	1.36233	0.61983	0.61983	0.84581	1.0395	1.25257	0.45196	0.60692	0.56818	0.53589	0.7425	1.22029	0.53589	0.69085	1.12344	0.88455	1.00076	0.45196	1.19446	0.76833	0.28409	0.891	0.55526	1.01368	0.69085	0.92974	0.81998	0.65211	0.78124	0.73605	0.6392	0.83289	0.48424	0.43905	1.24611	0.47778	0.65211	0.91683	0.97494	0.51007	0.57463	0.79416	0.58109	0.297	0.7425	0.83935	1.0395	0.54235
cell134	0.36223	1.29798	1.55455	1.43381	1.35835	0.70936	0.84519	1.32816	1.14705	0.87538	1.2376	0.69427	0.45278	1.53946	0.81501	1.50927	0.98103	1.72057	0.54334	1.16214	1.28288	0.69427	1.07158	0.76973	0.8301	0.90556	1.08668	0.73954	0.73954	1.01121	0.78482	0.55843	1.70548	1.01121	1.08668	1.01121	1.17723	1.50927	1.08668	0.90556	1.31307	0.92066	0.45278	1.08668	1.0414	1.2376	0.66408	1.07158	0.92066	1.26779	1.72057	2.18845	1.73566	0.99612	0.93575	0.98103	1.59983	1.2527	0.87538	1.75076	0.99612	2.11298	0.90556	1.31307	0.93575	1.52437	1.02631	1.35835	1.56964	0.76973	1.73566	1.58474	1.4489	1.61492	1.2527	0.96594	1.37344	0.72445	0.89047	0.87538	0.99612	0.48297	0.33204	0.4226	0.0	0.0	0.0	0.37732	0.51315	0.43769	1.07158	0.6339	1.37344	0.96594	0.79992	1.55455	0.75464	0.48297	1.01121	0.69427	0.49806	0.67917	1.01121	0.86029	0.67917	1.10177	0.57352	1.05649	0.89047	0.52825	1.13196	0.69427	0.72445	0.79992	0.75464	0.72445	0.6188	1.78094	0.76973	0.99612	0.8301	0.6188	0.86029	1.02631	0.73954	1.38853	0.81501	0.96594	1.50927	0.81501	1.53946	0.78482	1.53946	0.99612	0.6188	1.14705	0.55843	0.73954	0.96594	1.20742	1.50927	0.66408	0.90556	0.81501	0.89047	1.64511	1.02631	0.86029	1.0414	0.78482	0.99612	0.55843	1.11686	1.05649	1.70548	1.32816	0.81501	0.72445	0.89047	0.64899	0.45278	1.08668	0.81501	0.90556	0.58862	1.34325	0.92066	0.64899	1.02631	1.28288	1.13196	0.46787	0.87538	1.16214	1.19233	0.67917	0.78482	0.6339	0.69427	0.96594	0.69427	0.78482	0.95084	1.50927	1.31307	0.89047	0.58862	0.81501	0.81501	1.19233	1.53946	1.05649	0.78482	1.55455	0.4075	0.48297	1.37344	0.95084	1.4489	0.75464	0.60371	1.79604	1.38853	0.78482	1.13196	0.72445	0.46787	0.64899	1.70548	1.47909	1.2527	0.6188	0.87538	1.70548	0.98103	1.22251	1.4489	0.64899	1.16214	1.32816	0.57352	0.99612	0.89047	1.01121	1.08668	1.37344	1.40362	2.12808	0.4226	1.2376	0.84519	1.43381	1.2376	2.06771	1.13196	1.38853	0.73954	1.02631	0.86029	1.63002	0.84519	0.55843	0.90556	1.11686	0.64899	1.38853	1.59983	1.55455	0.73954	0.98103	1.52437	1.19233	0.76973	1.08668	1.08668	0.86029	0.43769	1.4489	0.93575	1.22251	1.10177	0.86029	0.92066	0.89047	1.13196	1.63002	0.93575	1.49418	0.76973	0.76973	1.464	1.35835	1.10177	1.05649	0.69427	0.69427	1.43381	1.47909	0.78482	0.78482	0.98103	1.37344	0.75464	0.98103	1.2376	0.75464	0.34713	1.67529	0.33204	1.63002	1.11686	0.93575	1.13196	0.67917	0.48297	0.92066	1.2527	1.14705	1.14705	1.4489	0.93575	0.67917	0.86029	1.72057	0.36223	0.95084	1.02631	0.60371	1.13196	1.16214	0.81501	1.34325	0.84519	1.56964	1.61492	1.91678	1.01121	1.11686	1.13196	0.73954	1.29798	0.8301	0.76973	0.99612	0.87538	1.22251	0.84519	1.02631	0.75464	0.79992	0.96594	1.02631	1.22251	0.72445	1.11686	0.67917	0.60371	1.20742	0.52825	1.43381	0.90556	0.72445	0.36223	1.81113	0.87538	0.79992	1.31307	1.17723	0.81501	1.16214	1.37344	0.96594	1.07158	1.19233	0.37732	0.86029	1.0414	0.54334	1.32816	0.93575	0.57352	0.52825	1.16214	1.464	0.57352	0.30185	1.2527	1.02631	0.67917	0.78482	0.58862	1.16214	0.8301	1.11686	1.52437	0.73954	1.40362	0.79992	0.87538	0.75464	0.72445	0.96594	0.81501	1.08668	0.86029	1.11686	0.67917	0.84519	0.72445	1.63002	0.70936	1.02631	0.78482	0.87538	0.98103	0.48297	0.89047	1.84131	1.59983	0.89047	0.8301	1.08668	0.75464	0.86029	1.08668	0.69427	1.26779	1.22251	0.93575	1.2527	1.38853	0.49806	0.98103	0.51315	1.56964	1.0414	0.67917	1.17723	1.63002	0.96594	0.43769	1.464	0.78482	1.08668	0.84519	0.81501	0.99612	1.4489	1.2527	1.07158	0.95084	1.07158	1.40362	1.13196	0.6339	0.98103	0.64899	1.32816	1.07158	0.72445	1.58474	0.96594	0.51315	0.92066	1.16214	0.54334	1.26779	1.07158	0.6339	0.86029	1.01121	1.2376	1.08668	1.11686	1.05649	1.08668	0.8301	0.72445	0.78482	0.8301	0.49806	1.13196	0.54334	0.95084	0.43769	0.73954	1.84131	1.31307	1.07158	0.87538	1.05649	0.64899	0.69427	1.76585	0.64899	0.86029	1.13196	0.6188	0.86029	0.87538	1.14705	1.13196	1.61492	0.48297	1.16214	0.6339	1.11686	0.46787	0.92066	0.84519	1.88659	0.6339	0.87538	0.55843	0.57352	0.99612	0.45278	0.72445
cell135	0.58565	0.99664	0.58565	1.11993	0.66785	1.66449	0.76032	0.83224	1.11993	1.30488	0.32879	1.20213	1.02746	0.58565	1.32542	0.85279	0.89389	0.59593	1.06856	0.90417	1.10966	0.50346	0.42126	0.65757	0.38016	1.30488	1.23295	1.10966	1.59256	0.93499	1.57202	0.7295	1.03774	0.91444	0.35961	0.80142	0.94526	1.00691	0.67812	1.42817	1.27405	0.93499	1.56174	0.62675	1.45899	1.61311	0.90417	0.97609	1.39735	1.52064	1.00691	1.10966	1.88025	1.73641	1.43845	1.26378	1.92135	2.34261	1.23295	1.34597	1.9419	1.53092	0.67812	1.34597	1.46927	1.35625	2.29124	1.14048	1.67476	1.44872	1.2946	2.21932	3.02073	1.19185	1.27405	0.62675	1.27405	0.81169	0.81169	1.9008	1.03774	0.28769	0.52401	0.79114	0.42126	0.44181	0.41098	0.50346	0.36989	0.38016	1.09938	0.80142	0.91444	0.61648	1.15076	1.00691	1.03774	1.09938	0.65757	1.07883	0.75005	1.32542	1.26378	1.18158	0.7706	1.09938	1.05828	0.59593	0.96581	1.23295	1.17131	0.6473	1.61311	1.06856	0.54455	1.13021	0.90417	0.6473	0.88362	0.87334	1.03774	1.01719	0.61648	1.72613	1.08911	0.82197	1.07883	1.2124	0.98636	0.5651	0.73977	1.23295	1.00691	0.70895	0.6473	0.55483	0.79114	1.2124	1.26378	1.45899	0.92471	1.2946	0.70895	0.65757	1.2535	0.7295	1.07883	1.24323	0.7295	0.78087	1.08911	1.9419	1.00691	0.59593	0.80142	0.75005	0.98636	0.70895	1.32542	0.53428	0.92471	1.10966	0.84252	0.51373	0.86307	0.55483	0.41098	1.31515	1.08911	0.6473	1.16103	0.62675	0.85279	0.97609	1.28433	1.3357	0.97609	1.02746	1.34597	1.55147	1.19185	0.99664	0.69867	0.75005	0.42126	1.52064	1.28433	1.10966	0.90417	0.91444	0.61648	0.70895	0.51373	1.47954	2.14739	0.52401	0.82197	0.98636	0.91444	0.85279	1.17131	1.72613	1.00691	1.63366	1.4179	1.16103	0.82197	1.3768	0.49318	1.09938	0.6884	0.96581	1.20213	0.93499	0.90417	1.76723	0.97609	1.40762	0.38016	0.93499	0.85279	1.53092	0.54455	0.59593	0.6062	0.65757	0.67812	1.09938	0.84252	0.73977	1.50009	1.40762	0.81169	0.6062	0.98636	0.59593	0.81169	1.3768	1.16103	1.24323	0.49318	0.63703	0.99664	0.88362	1.22268	1.15076	0.44181	1.03774	0.76032	1.32542	0.70895	0.93499	1.28433	0.61648	0.63703	0.53428	1.08911	1.58229	1.50009	0.95554	0.7295	1.55147	1.46927	0.97609	1.08911	1.07883	0.92471	1.22268	1.19185	0.57538	1.3768	1.17131	0.88362	0.69867	0.70895	0.6062	1.16103	0.98636	0.93499	1.39735	0.84252	1.70559	0.85279	0.55483	0.88362	0.6884	1.54119	1.00691	0.47263	1.11993	1.00691	0.81169	1.06856	0.91444	0.6473	0.67812	1.2946	0.63703	0.99664	1.03774	0.7706	1.06856	1.15076	0.89389	1.42817	0.98636	1.32542	0.76032	0.75005	1.28433	0.97609	0.7706	1.22268	0.99664	1.05828	1.05828	1.4179	0.92471	1.27405	1.14048	1.61311	0.62675	0.95554	0.58565	1.36652	1.09938	0.69867	0.66785	0.7706	0.75005	1.01719	1.09938	1.18158	0.79114	0.87334	0.61648	1.35625	0.75005	1.17131	1.97272	0.85279	0.80142	0.95554	1.26378	1.03774	1.26378	0.18494	0.35961	1.74668	0.82197	0.78087	1.51037	0.63703	1.15076	0.57538	0.75005	0.63703	1.08911	0.81169	1.24323	0.53428	1.07883	2.34261	0.7295	0.80142	0.75005	0.61648	1.77751	1.06856	0.67812	0.42126	0.49318	0.73977	0.45208	0.46236	1.42817	1.34597	1.27405	1.48982	1.23295	1.09938	1.11993	1.03774	1.26378	0.5651	1.09938	0.36989	0.95554	0.46236	0.54455	0.67812	0.62675	0.80142	0.6473	1.22268	0.89389	0.87334	0.53428	1.63366	1.32542	0.91444	1.62339	1.64394	0.62675	0.44181	1.01719	1.08911	0.75005	0.67812	0.71922	1.45899	1.18158	0.90417	1.18158	0.63703	0.99664	1.31515	0.98636	0.6062	0.86307	1.48982	0.97609	0.6473	1.30488	0.6473	1.05828	1.18158	0.76032	0.88362	0.82197	1.00691	0.79114	0.71922	1.01719	1.06856	0.73977	0.58565	1.38707	1.2535	1.57202	1.10966	0.71922	0.76032	1.26378	1.32542	0.47263	0.7706	0.99664	0.90417	1.20213	1.31515	1.15076	0.70895	1.38707	1.10966	0.93499	0.7706	0.95554	0.6884	1.28433	1.00691	1.39735	1.24323	0.66785	0.50346	0.69867	1.08911	0.99664	1.53092	1.04801	1.3357	1.10966	1.02746	1.43845	1.07883	0.93499	0.97609	0.88362	0.59593	1.04801	1.47954	0.91444	0.88362	0.47263	0.93499	0.85279	0.90417	0.46236	0.80142	1.00691	0.95554	0.76032	0.90417	1.27405	0.83224	0.88362	0.36989	1.11993
cell136	1.36914	1.81266	1.03167	0.80027	1.28236	0.99311	0.9449	1.87051	1.14738	1.99586	0.77135	0.89669	0.67493	0.5303	0.92561	1.31129	1.1763	0.78099	1.38842	1.61018	1.16666	1.79338	1.22451	1.12809	0.91597	1.16666	1.58126	1.45591	1.09917	1.31129	0.62672	0.59779	1.80302	1.27272	2.25619	1.03167	0.80991	1.14738	1.80302	1.83195	1.51377	1.28236	1.42699	0.85812	1.54269	1.04132	0.62672	0.75206	1.49448	0.89669	1.28236	0.93526	1.01239	1.20523	0.54958	1.42699	0.77135	0.98347	1.04132	1.07988	0.85812	0.84848	0.85812	1.20523	1.07024	0.86776	1.69696	1.07988	1.34021	1.46556	0.92561	1.19559	0.80991	0.90633	1.28236	1.03167	1.50412	1.53305	1.08953	0.92561	0.60743	0.93526	0.52066	0.86776	0.7617	1.45591	0.80991	1.02203	1.31129	1.16666	0.97382	0.96418	0.74242	1.68732	0.95454	0.79063	1.51377	1.76445	1.20523	1.25344	1.23415	1.21487	1.34021	1.37878	1.8898	1.85123	1.73553	1.8223	0.98347	0.84848	0.88705	0.93526	1.25344	1.63911	1.12809	1.79338	1.18594	1.13773	0.85812	1.83195	0.59779	1.1763	1.00275	0.57851	0.90633	1.55233	0.88705	1.02203	0.84848	1.25344	0.92561	1.0606	1.26308	1.08953	1.62947	0.80991	0.65564	0.8292	1.42699	1.04132	1.23415	1.22451	1.14738	0.79063	1.81266	0.73278	0.69421	1.18594	1.72589	1.61018	1.43663	1.22451	1.02203	0.84848	1.45591	1.10881	0.74242	0.85812	0.95454	1.46556	0.46281	1.84159	1.36914	0.66529	0.83884	1.24379	0.92561	1.00275	1.07988	1.61018	0.67493	1.85123	0.84848	1.37878	0.90633	0.72314	0.98347	0.49173	1.36914	1.53305	0.98347	1.14738	1.63911	0.72314	1.38842	1.41735	1.30165	1.08953	1.11845	1.21487	1.15702	0.80991	1.58126	1.1763	1.05096	1.28236	1.37878	0.9449	0.99311	1.55233	0.83884	1.34021	1.30165	0.96418	0.87741	1.81266	1.50412	1.38842	2.09227	1.23415	1.75481	1.53305	2.05371	1.72589	1.32093	1.0606	0.85812	1.98621	0.86776	1.58126	1.23415	1.61983	1.43663	1.30165	1.26308	1.15702	0.96418	1.87051	1.3595	1.83195	0.84848	0.9449	1.36914	1.65839	1.1763	1.34985	1.80302	1.52341	0.80991	1.19559	0.9449	1.79338	1.42699	1.42699	0.60743	0.83884	0.75206	0.47245	1.05096	0.69421	0.2314	0.87741	0.52066	1.03167	0.49173	0.63636	0.93526	1.26308	0.71349	0.61708	0.50137	0.53994	1.23415	0.80991	0.91597	1.37878	1.27272	0.81955	1.26308	0.71349	0.77135	0.42424	0.78099	0.56887	0.95454	1.34985	0.7617	0.69421	0.95454	0.34711	0.40496	0.63636	0.40496	0.63636	0.93526	0.53994	0.9449	0.4146	1.34985	0.5303	0.67493	0.80027	0.85812	1.19559	0.58815	0.85812	1.08953	0.45317	0.646	0.57851	0.37603	0.9449	0.93526	0.63636	0.68457	0.7617	0.61708	0.78099	0.45317	0.61708	1.16666	0.78099	1.40771	0.85812	0.35675	0.62672	0.97382	0.81955	0.77135	0.78099	0.92561	0.8292	0.93526	1.12809	0.83884	0.52066	0.98347	1.12809	0.88705	0.37603	0.62672	0.79063	0.58815	0.80027	0.57851	1.08953	0.49173	0.74242	0.8292	1.14738	0.66529	0.60743	0.58815	0.86776	0.68457	1.11845	0.65564	0.79063	1.3595	0.88705	0.52066	1.10881	0.86776	0.78099	1.07988	1.68732	0.90633	0.55923	0.91597	0.91597	0.54958	0.8292	0.5303	0.83884	0.67493	1.07024	0.71349	0.98347	0.74242	1.37878	0.74242	0.49173	0.71349	1.42699	0.44352	0.48209	0.58815	0.5303	0.73278	0.46281	1.44627	0.67493	0.63636	0.74242	1.0606	0.44352	0.81955	0.87741	1.12809	0.49173	1.21487	0.70385	0.57851	0.57851	0.5303	0.89669	1.39806	0.50137	1.02203	1.07024	0.56887	0.49173	0.56887	0.8292	0.68457	0.57851	0.50137	1.68732	0.95454	1.16666	1.28236	1.01239	0.54958	0.8292	0.48209	0.56887	0.81955	0.58815	0.60743	0.68457	0.78099	0.80991	0.8292	1.38842	0.32782	0.67493	0.61708	0.19284	0.97382	1.07988	0.54958	0.97382	0.62672	1.07024	0.49173	0.72314	0.52066	1.39806	1.16666	0.63636	0.54958	0.68457	1.0606	1.11845	0.90633	1.05096	1.292	1.02203	0.74242	1.46556	0.78099	1.09917	1.12809	1.28236	0.78099	0.49173	0.59779	0.72314	1.30165	0.89669	0.87741	1.03167	0.79063	0.85812	0.67493	1.03167	0.81955	0.55923	0.75206	0.77135	0.81955	0.51102	0.83884	1.0606	0.9449	1.22451	1.07024	0.66529	0.83884	1.34021	0.87741	1.04132	0.80027	0.8292	0.86776	1.11845	0.69421	0.51102	0.7617	0.91597	0.40496	0.63636	0.73278	1.07988	0.59779	0.81955	0.91597	0.62672
cell137	0.98614	1.78795	1.33636	1.43773	1.11517	0.94006	0.682	1.52068	1.20733	0.82946	0.89398	1.17968	0.91241	0.77416	0.94927	1.51146	1.43773	1.05065	1.34557	1.30871	0.93084	1.22576	1.85247	0.94006	1.35479	0.57141	1.95384	2.05522	1.46538	1.52068	0.84789	1.32714	0.92162	0.78338	0.66357	1.17046	1.35479	1.17968	1.27184	1.52068	1.0783	2.24876	0.7926	1.46538	1.59441	1.24419	1.56676	1.09673	1.38244	1.25341	1.38244	1.19811	1.63128	1.69579	1.20733	1.28106	1.16125	0.84789	0.71887	0.61749	0.91241	1.04144	1.80638	0.78338	1.95384	0.96771	0.82946	0.97692	1.60363	2.05522	0.96771	1.82482	1.80638	0.87554	0.52533	1.04144	0.7373	1.70501	0.65435	0.94927	0.87554	1.01379	1.48382	1.54833	1.21654	1.22576	1.06908	1.52068	1.10595	1.4193	1.11517	1.33636	2.08287	1.40087	1.0783	1.22576	0.86633	0.682	0.88476	1.05987	0.75573	1.1336	1.42852	1.37322	1.48382	1.34557	1.25341	0.94927	0.94927	1.4746	1.023	1.41009	2.1566	1.78795	1.33636	1.64971	1.66814	1.364	0.96771	1.29949	0.7373	2.17503	0.64514	1.03222	0.96771	1.98149	1.06908	1.364	1.39165	1.08752	1.66814	1.32714	1.10595	0.61749	1.29027	0.77416	1.39165	0.64514	0.69122	0.89398	1.59441	0.80181	1.26263	1.30871	1.69579	0.93084	1.52068	1.03222	0.78338	0.7926	1.35479	0.95849	1.023	1.39165	1.364	1.20733	1.72344	1.42852	1.49303	1.26263	0.67279	1.16125	1.74187	0.88476	0.78338	1.55755	0.98614	0.95849	1.80638	1.31792	0.74652	1.49303	0.92162	1.8156	1.8709	1.0783	0.89398	1.46538	0.99535	1.57598	0.80181	1.41009	1.27184	1.54833	1.05987	1.16125	0.96771	1.00457	0.95849	1.06908	1.30871	1.01379	1.34557	1.95384	1.0783	1.4193	2.23033	1.16125	0.70965	1.20733	0.63592	1.25341	1.23498	1.32714	1.01379	1.364	0.50689	0.64514	1.64049	0.88476	0.93084	1.10595	1.05987	1.65892	1.17968	1.5299	0.84789	1.0783	0.64514	1.15203	1.03222	0.83868	0.682	1.14281	1.34557	1.24419	1.55755	1.33636	1.364	2.20268	1.14281	1.17046	1.73265	0.84789	2.11052	0.80181	0.70965	1.27184	1.68657	0.70965	0.71887	1.37322	0.94927	0.7926	0.49768	0.51611	0.3963	0.38708	1.03222	0.48846	0.74652	0.64514	0.69122	0.61749	1.14281	1.12438	0.69122	0.93084	1.00457	0.77416	0.7926	0.70043	0.52533	0.56219	0.65435	0.46081	0.94927	0.78338	0.59906	0.94927	0.80181	1.06908	1.26263	1.1336	0.42395	0.67279	0.60827	0.77416	0.83868	0.44238	1.20733	0.86633	0.87554	0.37787	0.82025	0.55297	0.65435	0.60827	0.81103	0.6267	0.87554	0.47924	0.93084	1.25341	0.80181	0.4516	0.48846	0.66357	1.08752	0.7926	1.06908	0.78338	0.47003	0.64514	1.03222	0.6267	0.86633	0.50689	0.32257	0.58984	1.05987	0.66357	0.42395	1.57598	0.89398	0.75573	0.64514	0.78338	0.38708	0.77416	0.3963	0.70043	1.28106	0.60827	0.85711	0.36865	1.14281	0.41473	0.7926	0.47924	1.06908	1.64971	0.88476	0.94927	1.23498	0.7926	0.94006	0.61749	0.78338	0.74652	0.98614	0.87554	1.0783	0.44238	0.71887	1.17968	0.84789	0.83868	0.70965	0.55297	0.71887	0.72808	0.91241	0.85711	0.81103	0.60827	0.58984	0.97692	0.48846	1.12438	0.60827	0.64514	0.75573	0.93084	1.03222	0.65435	0.56219	0.85711	1.364	0.23041	1.15203	0.95849	0.94927	0.57141	0.63592	0.27649	0.69122	0.71887	1.68657	0.35022	0.92162	0.92162	0.56219	0.91241	0.83868	1.74187	1.03222	0.35022	1.04144	1.023	0.57141	0.86633	0.47003	1.14281	0.7373	0.61749	0.59906	0.76495	0.52533	1.21654	0.74652	0.35022	0.54376	0.67279	0.91241	0.70043	0.58062	0.44238	0.96771	0.66357	0.4516	0.81103	0.57141	0.96771	0.36865	1.31792	1.05987	1.00457	0.49768	0.74652	0.48846	0.83868	0.35022	0.97692	0.67279	0.64514	0.89398	0.92162	0.4516	0.55297	0.7926	0.58062	0.66357	1.25341	0.93084	0.71887	0.56219	1.37322	0.50689	0.77416	0.78338	1.08752	0.31335	0.76495	1.11517	1.1889	1.12438	1.01379	1.11517	1.16125	1.05987	0.75573	0.91241	0.81103	1.20733	0.52533	0.78338	0.65435	0.75573	1.43773	1.10595	0.93084	1.15203	0.80181	0.80181	1.1336	0.52533	0.43316	1.023	0.78338	0.41473	1.15203	0.58984	0.74652	0.4516	1.32714	1.0783	0.70043	0.99535	0.90319	0.92162	0.57141	0.58062	1.37322	0.64514	0.37787	1.10595	1.00457	0.32257	1.15203	0.40551	1.05987	0.74652	1.11517	0.80181	0.67279	0.55297	1.33636
cell138	1.57869	0.81743	2.04669	1.65981	0.96718	1.24174	0.72383	0.79247	1.3291	0.96094	1.15438	1.24174	0.67391	0.84863	1.1419	1.35406	1.92189	1.09198	1.09198	1.0171	0.77999	1.08574	1.46014	1.46014	1.39774	1.32286	1.16686	1.4227	0.90479	0.90479	1.34782	1.52254	0.60527	1.08574	1.53501	1.08574	1.65357	1.2355	1.0171	0.86111	1.0483	0.89855	1.63485	1.91565	0.77375	1.40398	1.65357	1.4851	1.55997	1.31662	1.07326	1.32286	0.84239	1.60365	1.17934	1.37278	0.89231	1.88445	0.96094	1.46014	1.06078	1.4851	1.06078	1.44766	1.07326	0.78623	0.82991	1.31038	1.85949	2.36492	1.24798	0.68015	1.2355	1.06702	1.3603	1.22926	1.28542	1.44142	1.11694	1.54125	1.2043	0.46175	1.17934	1.01086	1.1419	1.33534	1.12318	1.2667	0.75503	1.39774	1.36654	1.38526	1.32286	1.66605	0.73631	1.0171	1.05454	1.12318	0.48047	1.2043	0.77999	1.70973	1.99677	0.87359	1.28542	0.82991	1.5163	1.2043	0.94222	0.71135	1.54749	1.89693	2.55212	1.25422	0.83615	1.05454	1.06702	1.35406	1.07326	0.86111	0.91103	1.12318	1.55373	1.54125	0.53039	1.14814	1.0483	1.81581	1.09822	1.63485	1.22926	1.19182	0.82367	0.91726	0.58655	0.91103	0.97342	0.71135	1.4851	1.3603	1.71597	0.90479	1.0795	1.21678	1.57245	1.85949	0.87983	1.14814	1.56621	0.72383	0.68015	1.09822	0.92974	0.79871	1.57869	1.0483	3.85626	1.21054	2.30876	1.35406	1.56621	0.81743	0.88607	1.27294	0.93598	1.46638	1.08574	1.3291	1.27918	1.24174	0.87359	1.80333	1.2667	1.1731	1.39774	0.88607	0.48671	1.24174	1.12942	1.14814	1.44766	0.89231	1.3291	0.68015	0.51791	1.21054	0.94846	1.61613	0.99838	1.22926	1.74093	0.86735	1.37278	1.0483	1.14814	0.94222	1.40398	1.63485	1.58493	1.79709	0.69887	1.2355	1.79085	1.74093	1.08574	1.34782	0.91103	1.24174	1.78461	1.44142	1.21054	1.24798	1.19806	1.04206	1.69725	0.91726	1.43518	0.62399	0.80495	1.0171	1.63485	1.98429	1.22926	1.16062	0.75503	1.0795	0.94222	0.94222	1.56621	1.36654	1.89069	1.27918	1.11694	1.3291	1.28542	0.63647	1.4539	1.69101	1.33534	0.97342	1.2043	0.77375	1.63485	1.24174	0.61775	1.02334	0.76751	1.11694	0.68015	0.97342	0.76127	0.57407	0.79871	0.91103	0.47423	0.29952	0.54911	1.02958	0.77999	0.71135	0.48671	1.01086	0.77375	0.33695	0.82991	1.12318	0.91103	0.88607	1.09198	0.70511	0.39311	1.21678	0.56159	0.66143	0.71759	0.62399	0.60527	0.64895	1.76589	0.63023	0.86735	0.36815	0.79871	0.86111	1.02958	0.61151	0.81743	0.77999	0.81119	1.02958	0.49919	1.0171	0.48047	1.75965	0.58655	1.19806	0.91103	0.81743	1.71597	0.74879	1.37278	0.89855	0.91726	0.42431	0.76127	0.51791	1.16686	0.91103	0.59279	0.79871	1.02958	1.09822	0.82367	0.46799	1.02958	0.52415	0.69887	0.96094	0.66767	1.19806	0.51791	0.84239	0.58655	1.05454	1.22302	0.55535	0.89231	1.08574	1.08574	0.99838	0.87359	0.67391	1.12318	0.88607	0.87359	0.42431	0.78623	0.33071	0.72383	0.61775	0.67391	0.83615	1.64109	0.83615	0.48047	0.73631	0.69263	0.59903	1.09198	0.94846	0.59279	1.21054	0.58655	0.43055	0.64895	1.08574	1.02334	0.71759	0.74255	0.9859	0.91103	0.43679	0.81743	0.59903	0.55535	0.90479	1.01086	0.63023	0.97966	0.59903	1.21054	0.59903	0.73631	0.48671	0.91103	0.46175	1.05454	0.79871	0.51167	0.29328	0.68639	0.87983	0.65519	0.73007	0.72383	0.82991	0.52415	0.56783	1.16686	0.39935	0.91726	0.72383	1.14814	0.74879	0.79247	0.99838	0.71135	0.60527	0.74879	0.76127	0.57407	0.79871	0.53039	0.93598	0.56159	0.97342	1.40398	0.69887	0.64271	0.65519	1.57245	0.72383	0.75503	0.66143	0.43055	0.60527	0.71135	0.73007	0.76127	0.88607	0.56783	0.94846	0.63023	0.41807	0.50543	0.79871	0.63647	0.51167	0.82991	0.82367	0.74879	0.79871	0.43055	1.09822	0.48047	1.18558	1.60365	0.88607	0.26832	0.44303	0.55535	0.39311	0.63023	1.06702	1.10446	0.56159	0.84863	0.71759	1.01086	0.70511	0.61151	0.86735	0.73007	0.76127	0.77999	0.44303	0.54287	0.60527	0.48671	0.35567	1.22302	0.87359	0.46175	0.76127	0.82991	1.12942	0.49919	0.69263	0.85487	0.73631	0.34943	0.89855	0.84239	0.72383	0.65519	0.56783	0.94222	0.86735	0.71135	1.31038	0.71135	1.02334	0.83615	0.73631	0.87359	0.59279	0.51167	0.56783	0.90479	0.62399	0.99214	0.61775	0.36815	0.63647	0.31823	0.92974	1.0483	0.9547
cell139	0.84254	0.79858	1.43598	1.2748	1.25282	1.39202	1.37004	1.58984	1.01837	0.93046	1.50192	1.57518	1.01837	1.58251	0.9158	1.33341	0.82056	0.98174	1.10629	1.78765	0.93778	0.54216	0.98907	0.71799	0.53483	0.8865	1.3847	0.84987	0.8865	0.79126	0.95976	1.26015	1.28213	0.55681	1.17223	1.17956	0.94511	1.70706	0.84254	0.60077	1.9122	1.773	0.6374	1.50925	0.75462	0.82056	1.00372	1.68508	1.53123	0.71066	1.37737	0.95976	0.58612	1.92685	0.94511	0.84987	0.95244	1.68508	1.58251	0.57879	0.39563	1.12095	1.14292	2.81335	0.9964	1.95616	0.67403	1.51657	0.96709	0.94511	1.12827	0.58612	1.94883	0.73997	1.61182	1.47994	1.40668	0.8865	1.83894	1.06966	1.06233	0.95976	1.03303	1.45796	1.96349	1.99279	0.57879	1.05501	1.58251	1.20886	1.12095	1.50192	1.2748	0.93778	1.46529	0.83521	0.79126	1.40668	0.65938	1.26747	1.20154	1.03303	1.32609	1.12827	0.95244	1.01837	1.28945	1.54588	0.65938	1.6338	1.26747	0.8865	0.84987	1.04768	1.90487	1.31143	1.58251	1.20154	1.43598	1.48727	1.04035	2.16863	1.42866	0.68136	1.84626	1.31876	0.93778	1.75102	1.34074	0.60077	1.50925	0.82056	1.42866	0.69601	1.25282	1.26747	1.86824	1.83161	1.05501	1.17956	1.34806	1.1356	1.35539	0.71066	1.00372	1.07699	0.98907	1.35539	1.53855	1.26747	1.17956	0.86452	1.32609	2.10269	1.11362	0.98174	0.80591	1.97081	0.78393	2.00744	1.29678	1.39935	0.87185	0.98907	2.01477	0.95244	0.89383	1.61914	1.18688	0.78393	1.11362	0.94511	0.87917	1.05501	1.17223	1.10629	0.83521	0.68869	1.24549	1.57518	1.51657	1.06966	0.9158	1.50192	1.9122	1.44331	1.42133	0.97442	0.62275	0.9158	1.20886	1.50925	1.58251	0.57879	1.24549	1.21619	1.50925	1.54588	1.03303	2.77672	2.59356	1.81696	1.69241	1.93418	1.05501	0.7473	0.6374	0.87917	0.70334	1.29678	1.86092	1.23817	1.34074	1.20154	0.89383	0.78393	1.12095	1.35539	1.78032	0.8865	1.39202	1.25282	0.90848	0.90115	1.90487	1.56786	1.25282	0.73997	2.32981	0.65938	1.20886	1.19421	0.7473	1.67043	1.34074	1.17956	1.20886	0.93046	0.64473	1.75102	1.06966	1.07699	1.83894	1.39202	0.9158	0.41028	0.85719	1.10629	0.93046	0.94511	1.01837	0.43959	0.72532	0.40295	0.76195	0.44691	0.67403	1.20154	0.66671	0.73264	1.09164	0.64473	0.93046	0.90115	0.70334	0.73997	0.61542	0.84254	0.63007	0.58612	0.6374	1.44331	0.68136	0.81323	0.68869	0.68869	0.59344	1.42866	0.90115	0.67403	1.19421	0.64473	0.73997	0.93046	0.52018	0.68869	0.73997	0.6374	0.5275	0.66671	0.69601	0.31504	1.18688	0.44691	0.93778	0.7766	0.51285	0.90115	1.09164	0.51285	0.68136	0.93778	0.89383	0.56414	1.01105	0.62275	0.70334	1.1356	0.359	0.5275	1.30411	1.04768	1.22352	0.6374	0.64473	0.95244	0.71066	1.11362	0.48354	0.87917	1.17956	0.69601	0.63007	0.76928	0.96709	0.70334	0.64473	1.30411	0.75462	0.90115	0.54216	0.78393	0.76195	0.73997	0.68136	0.65205	0.62275	0.7766	0.98174	0.82789	0.64473	0.57146	0.93778	0.73997	0.65938	0.37365	1.10629	1.23817	0.64473	1.20886	0.84987	0.7473	0.67403	0.60077	0.96709	0.57146	0.68136	0.43959	0.79126	0.54216	0.63007	0.60077	0.51285	0.80591	0.3883	1.24549	0.8865	1.22352	0.89383	0.42493	0.2784	0.63007	1.01105	0.43959	0.9964	1.00372	1.33341	0.73264	0.5275	0.69601	0.27108	1.1649	1.20154	1.17956	0.48354	0.60077	0.60077	0.83521	1.17956	0.83521	1.07699	0.41028	0.68869	0.65205	1.10629	0.49087	1.0257	0.86452	1.39202	0.51285	1.10629	1.78032	0.71066	0.56414	0.92313	0.31504	0.60809	1.06966	0.71066	0.73264	1.01105	0.56414	0.43226	0.84987	0.87185	0.54948	0.33702	0.93778	0.98174	0.69601	0.84987	0.48354	1.0257	0.68869	0.59344	0.79858	0.78393	0.69601	0.46889	0.48354	0.68136	0.55681	0.70334	0.7766	1.04035	1.12827	1.06966	1.09897	1.12827	0.79858	0.98907	0.98907	1.15025	0.46889	0.71066	0.71799	0.70334	0.90115	0.83521	0.57879	0.56414	0.98174	1.28945	0.47622	0.81323	0.7766	0.75462	0.76195	1.06966	0.61542	0.69601	1.08431	0.57146	0.76195	0.81323	0.85719	0.63007	0.47622	0.46157	1.49459	0.90848	0.81323	0.84987	0.60077	0.92313	0.54948	1.1356	0.58612	0.37365	0.82056	0.82789	0.58612	0.97442	0.90115	1.1356	0.66671	0.65938	0.84254	0.83521	0.36632	1.36272	0.7473	0.73997	0.79126	0.60809	0.90115	1.2748	0.7766
cell140	1.01924	1.71392	1.65129	1.27548	0.56372	0.73454	1.24701	1.33242	0.92814	1.38367	1.0648	0.78579	1.30395	1.7367	1.28117	1.60574	0.97369	0.61496	1.57157	1.29256	1.74239	1.00216	0.8655	0.8655	1.19007	1.23562	1.0648	0.93383	0.968	0.81426	0.81995	1.01924	0.7687	1.29825	1.28117	1.45769	1.0591	1.29825	1.07618	1.87905	1.48616	0.7687	0.80856	1.10465	1.52032	1.22992	0.89967	1.26409	1.02494	0.4783	1.04202	0.64343	1.22423	1.52602	1.01924	0.3815	0.74593	1.74239	1.32103	0.97938	1.71962	1.07049	0.5751	1.65129	1.57157	1.13313	1.08757	1.33242	0.74593	1.29256	0.89397	0.92814	1.41214	2.0271	0.88828	0.72884	1.17868	0.46692	1.46338	1.04771	0.92814	1.01355	1.53171	0.79717	0.92244	1.23562	1.20715	1.18437	1.65129	1.4463	2.04418	0.8655	1.37797	1.33242	1.60004	2.09543	0.6776	0.94522	1.37797	0.90536	0.75731	1.23562	1.18437	1.24131	1.37797	1.01355	0.71746	1.1616	1.52602	1.24701	0.88258	1.36658	1.80503	1.09896	0.66621	1.44061	1.41214	1.01355	0.59788	0.8712	0.59219	1.28687	0.79148	1.50894	1.45199	1.53171	0.88828	1.70253	1.49185	0.70607	0.82564	1.5431	0.968	0.99077	1.17298	1.24131	0.60357	0.75162	1.42352	1.53741	0.84273	1.45769	0.968	1.47477	1.52602	1.30395	1.1616	0.8655	1.18437	0.97369	1.33811	1.07618	0.8655	1.1616	1.01924	1.81072	1.40644	1.21854	1.57726	1.45769	1.29825	0.92244	1.03633	1.79933	1.17298	1.67406	1.33811	0.65482	1.37797	0.88258	1.02494	1.2527	1.07618	1.28687	1.42352	0.8712	0.89967	1.24701	1.04771	0.80287	1.32103	1.27548	1.46908	0.69468	1.09896	1.20715	1.22992	0.6776	0.6719	0.63774	2.10112	1.53171	0.99647	1.91322	1.20145	1.54879	1.1559	0.88828	1.75378	1.1559	1.26409	1.08188	0.98508	1.62282	0.71746	0.68329	1.07618	1.07049	2.1182	1.54879	1.36658	1.09896	1.52032	0.42136	2.00432	0.72315	1.29825	0.60357	1.09896	1.54879	1.2584	1.12743	1.13882	1.27548	1.26978	0.95661	1.76517	1.75378	1.45769	0.99077	1.22992	0.94522	0.99077	0.62066	1.41783	0.60357	1.50894	0.59788	1.10465	1.63421	0.91106	0.93383	1.82781	1.24131	1.16729	1.02494	0.78009	0.87689	1.01355	0.81995	1.57157	0.95091	1.01355	0.73454	0.50108	0.54094	0.6719	0.79717	1.17868	0.89967	0.50677	0.58649	0.60357	1.3552	1.11035	0.39289	1.3552	1.07049	1.37228	0.52955	0.83703	0.89967	1.11604	1.02494	0.80856	0.52955	0.78579	0.92814	0.78579	0.64343	0.81426	0.56941	0.95091	0.84842	0.89397	1.20145	0.71176	0.5751	0.78579	0.50677	1.38367	0.62635	0.91675	1.26409	0.97369	0.73454	0.71176	1.19007	0.71746	0.84273	0.98508	0.88828	0.84842	0.61496	1.42352	0.68899	0.79717	0.3872	0.37012	0.91675	0.66621	1.22992	0.62066	0.7687	1.46338	0.83134	0.76301	0.81426	0.81995	0.76301	1.04771	0.50677	1.23562	0.6776	1.28687	1.23562	0.37012	0.81426	0.80287	0.5808	0.97369	0.70607	0.74023	0.30748	1.07618	0.62635	0.56941	1.32672	1.16729	0.61496	1.04771	1.49755	0.68899	0.80287	0.68899	0.99077	0.62635	0.50677	0.92244	1.21284	0.61496	0.85411	1.22992	0.70037	0.90536	0.80287	0.36442	0.47261	0.91675	1.2527	0.58649	0.70607	0.44414	0.39289	0.37581	0.71176	1.49185	0.48969	0.99077	1.42352	0.9623	0.89397	0.53525	0.44983	0.54094	1.03063	1.03063	1.02494	1.39505	1.37228	1.0591	0.39859	1.08757	0.93383	0.68329	1.1559	0.72884	1.20145	0.68899	0.6776	0.92814	0.74023	0.8712	1.21854	1.12743	0.75162	1.08188	0.89397	0.55802	1.04202	0.84273	0.59219	1.20145	0.41567	0.79717	0.63774	0.51247	0.22207	0.8655	0.45553	1.46908	0.48969	0.91106	0.6719	0.54663	1.36658	0.40428	0.51247	0.74593	0.88828	0.68899	1.07049	0.74023	0.73454	0.78009	0.88828	1.57157	0.6776	0.81995	0.55802	0.49539	0.85411	0.968	0.7744	0.75731	0.73454	0.65482	0.75162	0.79717	0.14235	0.64913	0.90536	0.58649	0.72884	0.72315	1.10465	1.3495	0.82564	1.07049	0.81995	0.63204	0.51816	0.43275	1.09327	0.69468	0.81995	1.0591	0.64913	0.56941	0.92244	0.5808	0.66621	0.70607	1.03633	0.66621	0.85981	1.22423	1.00786	0.43845	0.62066	0.7744	1.04771	0.46692	1.7367	0.87689	0.58649	1.20715	0.81426	1.07618	0.52386	0.34734	0.64343	0.70607	0.66621	0.45553	1.01924	0.7744	0.65482	0.84273	1.00216	0.78579	1.07049	0.93383	1.12174	0.5808	0.71746	0.97369	0.88258
cell141	1.04444	1.09667	0.98352	1.35778	1.28815	0.87037	2.00185	0.75722	1.50574	1.05315	0.56574	0.87037	0.83556	1.53185	1.09667	1.34037	1.26204	1.28815	0.9313	1.22722	1.28815	1.03574	1.58407	1.81907	0.80074	1.82778	1.43611	1.09667	1.175	0.60056	1.62759	0.67019	0.92259	1.27944	1.23593	2.08889	1.43611	0.9487	1.42741	1.06185	1.56667	0.67889	1.77556	1.4187	1.43611	1.48833	1.58407	2.23685	1.14889	1.23593	1.70593	0.19148	1.13148	1.00963	0.58315	1.54926	0.79204	1.26204	0.94	1.51445	1.26204	1.00093	1.06185	0.96611	0.77463	1.26204	1.1663	1.74074	1.22722	1.36648	0.77463	0.99222	1.53185	1.08796	0.89648	1.175	0.90519	0.68759	1.10537	1.48833	1.23593	1.22722	1.20982	2.29778	1.4187	1.35778	0.92259	1.39259	0.94	1.19241	0.95741	0.4613	1.14889	0.76593	1.47963	0.66148	0.80944	1.34037	0.705	1.1837	1.01833	1.50574	1.00963	0.64407	1.175	1.57537	1.26204	1.77556	1.34037	0.59185	0.90519	1.09667	1.48833	1.50574	2.44574	1.26204	0.85296	0.91389	0.41778	1.92352	1.81037	1.49704	0.60926	1.67982	1.50574	1.08796	1.25333	1.23593	1.67982	0.68759	0.92259	1.45352	0.96611	1.31426	0.91389	1.00963	0.90519	0.54833	1.26204	1.82778	1.25333	0.79204	1.27074	1.34907	1.00093	1.03574	2.21945	1.10537	1.71463	1.74945	1.22722	1.51445	1.53185	1.25333	1.28815	0.68759	1.33167	0.99222	1.95833	1.04444	1.67111	1.4013	2.46315	0.73982	0.85296	1.78426	1.83648	2.17593	1.76685	1.60148	1.06185	0.4613	1.54926	1.27074	0.65278	0.92259	0.84426	1.21852	1.1837	1.33167	1.23593	0.94	1.20111	0.91389	1.62759	0.7137	1.11407	1.79296	0.77463	1.60148	0.88778	0.83556	1.4013	1.91482	1.175	0.68759	1.01833	1.19241	1.27944	0.89648	1.15759	1.13148	1.27944	2.05407	1.33167	1.22722	1.29685	0.77463	1.34907	0.9487	1.27944	1.39259	0.74852	1.11407	1.76685	1.03574	1.01833	1.56667	1.28815	0.9487	2.48056	1.41	1.00093	1.67982	0.48741	1.66241	0.87037	1.88	0.4613	2.14111	1.02704	1.46222	0.92259	1.4013	1.38389	1.10537	1.38389	1.48833	1.12278	1.19241	0.80944	1.32296	1.27944	1.78426	1.34907	0.59185	0.7137	0.95741	0.82685	0.59185	1.37519	0.31333	0.91389	0.53963	0.81815	1.04444	0.81815	1.175	0.92259	0.6963	1.08796	0.87037	0.52222	0.72241	0.96611	0.79204	1.15759	0.47	0.97482	0.67019	0.83556	0.7137	0.705	0.38296	0.53963	0.82685	0.67019	0.75722	0.68759	0.48741	0.66148	0.66148	1.27074	0.6963	0.79204	0.88778	0.98352	0.52222	0.80074	0.78333	0.705	0.63537	0.55704	1.11407	0.58315	0.86167	0.68759	1.07056	0.67889	0.95741	1.02704	0.57444	0.54833	0.75722	0.53963	0.53093	0.87037	0.82685	0.43519	1.07926	0.9487	0.87907	1.00093	0.96611	0.43519	1.1663	0.43519	0.64407	0.94	0.45259	0.87037	0.67019	0.74852	0.66148	0.43519	0.94	0.53963	1.00093	0.64407	0.80944	0.53963	0.53963	0.96611	0.82685	0.63537	0.4787	1.08796	0.67019	0.89648	0.4787	1.24463	0.90519	0.65278	0.49611	0.80074	1.14019	0.41778	0.74852	0.96611	0.26981	0.50482	0.74852	0.57444	0.74852	0.54833	1.1663	0.95741	1.19241	0.74852	1.06185	0.40907	0.99222	0.87037	0.56574	0.74852	0.82685	0.54833	0.39167	0.82685	0.62667	0.87037	0.40037	0.92259	1.10537	0.84426	1.19241	0.98352	0.99222	0.40907	0.76593	0.86167	0.80944	1.13148	0.94	0.52222	0.73111	1.03574	0.92259	0.75722	0.98352	0.33074	0.96611	0.54833	1.10537	1.04444	0.99222	0.92259	0.60056	0.97482	0.92259	1.05315	0.90519	1.01833	0.80074	0.80944	0.88778	1.14019	0.64407	0.73982	0.67889	0.28722	0.40037	0.72241	0.43519	0.85296	0.31333	0.89648	0.60926	1.47963	0.87907	0.66148	0.73111	0.77463	0.34815	0.83556	0.94	0.37426	0.68759	0.53093	1.74945	0.29593	0.78333	0.78333	1.09667	1.00963	0.43519	0.66148	0.9313	0.73111	0.88778	0.64407	0.60056	0.85296	0.53963	0.72241	0.80944	0.6963	0.61796	0.96611	0.86167	0.64407	0.72241	0.705	0.73111	0.60056	0.73982	1.04444	0.63537	0.73111	0.92259	1.06185	1.01833	0.88778	1.01833	0.76593	0.73111	0.95741	0.90519	0.78333	0.48741	0.64407	0.50482	0.52222	0.90519	0.67019	1.05315	0.705	0.90519	0.49611	1.07056	0.56574	0.73111	0.66148	0.54833	0.47	1.08796	1.51445	0.6963	0.42648	0.96611	0.56574	0.60926	1.14889	0.82685	0.62667	1.07926	0.78333	0.4613
cell142	1.07297	1.23647	1.13428	1.23647	1.57369	1.08319	0.77662	0.74597	1.29778	0.99122	2.01309	2.2379	0.90947	1.52259	1.2569	1.46128	1.308	0.71531	1.31822	1.95178	1.06275	1.50215	1.17515	1.94156	0.90947	1.308	1.16494	0.75619	0.74597	0.64378	0.85837	1.29778	1.18537	0.64378	1.308	1.20581	1.13428	1.308	1.07297	1.68609	0.75619	1.83937	1.04231	1.15472	0.89925	1.97222	1.50215	2.05397	1.04231	0.63356	1.61456	0.86859	1.20581	1.34887	1.10362	1.05253	1.43062	1.48172	1.18537	1.88025	1.03209	0.72553	1.53281	1.20581	1.06275	1.45106	0.981	0.68466	1.82915	1.308	1.21603	1.48172	0.73575	1.56347	2.09484	1.43062	0.89925	0.76641	0.75619	1.80872	2.57512	0.53137	1.31822	0.56203	1.84959	0.90947	1.45106	1.21603	1.45106	0.30656	0.76641	1.41019	0.85837	0.63356	1.10362	0.92991	1.50215	1.59412	0.68466	0.62334	1.7474	1.18537	0.981	1.38975	1.78828	0.82772	0.36787	1.98244	0.56203	1.28756	1.24669	1.69631	1.08319	0.85837	1.04231	1.28756	0.91969	1.31822	1.308	1.08319	0.981	1.45106	1.06275	1.38975	1.46128	1.35909	2.0744	1.49194	1.5839	1.60434	1.89047	2.49337	1.05253	0.85837	1.27734	1.08319	0.68466	1.78828	0.99122	2.10506	1.37953	0.84816	1.81894	1.49194	1.28756	0.64378	1.65544	1.13428	1.4715	1.29778	1.51237	0.67444	0.69487	1.21603	0.85837	0.981	1.32844	1.05253	1.50215	2.31965	1.20581	1.4204	2.10506	0.654	1.2569	0.82772	1.4204	1.308	1.06275	0.79706	1.1445	1.12406	1.04231	1.21603	1.68609	0.4905	1.07297	1.39997	1.48172	1.21603	0.84816	1.07297	1.18537	1.20581	0.42919	1.34887	0.69487	0.99122	1.11384	1.00144	1.62478	1.61456	1.35909	0.59269	1.27734	0.59269	0.77662	0.84816	1.39997	0.83794	1.02187	0.52116	0.76641	1.04231	1.02187	1.06275	1.49194	1.09341	2.00287	1.37953	0.97078	1.10362	1.19559	0.95034	1.97222	1.71675	1.18537	1.43062	1.7985	0.71531	1.4204	1.00144	0.97078	1.11384	1.308	2.21747	1.26712	0.4905	1.33865	2.16637	1.72697	1.18537	2.16637	1.27734	0.43941	1.17515	1.35909	1.5839	0.76641	0.75619	1.23647	1.09341	1.59412	2.27878	1.07297	0.75619	0.53137	0.88903	1.23647	0.50072	0.45984	0.76641	0.77662	0.58247	0.654	0.43941	0.99122	0.89925	0.72553	0.80728	0.73575	0.84816	1.16494	0.41897	0.64378	0.21459	0.97078	0.44962	0.28612	0.88903	0.83794	1.71675	1.60434	1.04231	0.84816	0.75619	0.76641	0.72553	1.26712	0.97078	0.99122	1.06275	0.82772	0.80728	0.84816	0.28612	1.39997	0.51094	1.05253	1.26712	0.63356	0.68466	0.87881	1.13428	1.20581	0.74597	0.63356	1.03209	0.82772	0.41897	1.15472	0.53137	0.68466	1.26712	0.70509	0.13284	0.94012	0.71531	0.60291	0.54159	0.61312	0.53137	0.66422	0.86859	0.88903	1.01166	0.31678	1.4204	0.67444	0.62334	1.22625	0.76641	0.78684	0.75619	0.71531	1.36931	0.54159	1.08319	0.51094	0.72553	0.44962	0.68466	0.45984	0.83794	0.76641	0.55181	0.83794	0.85837	0.69487	1.17515	1.03209	0.53137	1.1445	0.89925	0.68466	0.42919	1.36931	1.01166	0.71531	0.67444	1.18537	0.72553	1.2569	0.57225	0.55181	0.60291	0.82772	0.51094	0.85837	0.8175	0.67444	0.654	0.48028	0.8175	0.41897	0.77662	1.06275	0.56203	0.44962	0.80728	0.72553	0.60291	0.70509	0.78684	0.95034	0.327	1.22625	0.99122	0.96056	0.52116	1.00144	1.65544	0.41897	0.70509	0.45984	0.80728	0.73575	0.55181	0.51094	1.34887	0.36787	0.87881	1.08319	0.69487	0.75619	0.35766	0.654	0.654	0.74597	1.21603	0.68466	0.63356	0.66422	1.13428	0.84816	1.16494	0.83794	0.54159	0.69487	0.53137	1.05253	0.83794	0.58247	0.63356	0.54159	0.52116	0.99122	0.94012	0.44962	0.77662	0.55181	0.63356	0.58247	1.22625	0.43941	0.55181	0.83794	0.981	0.70509	0.61312	0.41897	1.4204	0.68466	1.01166	0.67444	0.66422	0.72553	0.96056	1.11384	0.981	0.42919	0.99122	0.83794	0.87881	1.23647	0.76641	0.66422	0.78684	0.64378	0.62334	0.78684	1.07297	0.37809	0.75619	0.84816	0.60291	0.95034	0.60291	0.78684	0.70509	0.92991	0.31678	0.53137	0.82772	0.57225	0.70509	0.75619	0.37809	0.31678	0.83794	0.31678	0.79706	0.75619	0.61312	0.87881	0.8175	0.62334	1.36931	1.2569	0.41897	0.96056	0.57225	0.62334	0.97078	0.60291	0.86859	0.62334	0.87881	0.64378	0.44962	0.8175	0.71531	0.72553	0.59269	0.69487	1.04231	0.83794	0.87881
cell143	0.89785	1.51102	0.63506	0.68981	1.19348	0.60222	0.9088	0.77741	1.56576	0.54747	1.28108	0.61317	1.19348	0.99639	0.9088	1.11684	0.66791	1.12779	0.89785	1.44532	0.75551	1.00734	0.60222	0.73361	0.66791	1.47817	1.10589	0.65696	1.48912	0.83215	0.96355	1.07304	0.96355	1.08399	1.21538	0.9526	0.865	1.04019	0.96355	1.51102	1.45627	1.50007	1.21538	1.28108	1.06209	1.00734	1.14969	2.02564	0.865	0.96355	1.44532	1.37962	1.57671	1.45627	1.89424	0.83215	1.16063	1.8176	1.73	2.50741	1.54386	0.81025	1.19348	1.22633	0.68981	2.04754	1.22633	1.28108	1.55481	1.8395	1.64241	1.51102	1.97089	1.36867	1.63146	1.48912	1.00734	1.10589	0.85405	0.70076	1.22633	0.33943	0.63506	0.50367	0.71171	0.37228	0.63506	0.81025	0.66791	0.21899	0.73361	1.54386	0.60222	0.66791	1.14969	1.20443	0.865	0.96355	0.9088	0.81025	1.11684	1.23728	0.91975	0.59127	0.99639	0.75551	1.24823	1.7519	1.08399	1.45627	0.83215	0.87595	0.87595	1.02924	0.73361	0.73361	1.17158	0.52557	0.56937	0.9526	1.04019	1.46722	1.05114	0.94165	0.76646	1.45627	0.44892	1.32488	1.21538	0.52557	1.43437	0.75551	1.00734	1.08399	0.62412	0.77741	0.99639	0.89785	1.00734	1.16063	0.64601	1.06209	0.865	1.04019	0.96355	0.9088	0.64601	1.22633	1.06209	0.98544	1.51102	0.75551	0.77741	0.71171	0.81025	1.07304	0.72266	1.00734	1.11684	0.56937	0.8869	0.71171	1.20443	0.63506	1.71905	1.12779	1.19348	0.60222	1.68621	0.72266	0.68981	1.24823	0.9088	1.21538	0.89785	0.85405	0.70076	0.9745	0.9307	0.8869	0.77741	0.75551	1.07304	1.17158	0.9088	1.24823	1.14969	1.27013	0.865	1.02924	0.75551	1.09494	1.07304	0.78836	0.76646	1.06209	0.72266	1.30298	1.80665	0.38323	0.76646	0.40513	1.04019	1.17158	0.77741	1.27013	1.25918	0.9307	1.41247	0.94165	0.865	0.63506	0.48177	1.17158	0.66791	1.30298	0.79931	0.68981	0.89785	1.36867	0.48177	1.08399	1.11684	1.35772	0.9307	0.60222	0.62412	1.50007	1.11684	0.77741	1.04019	0.78836	0.9526	1.04019	0.94165	0.9307	0.72266	0.71171	1.41247	0.36133	1.11684	1.01829	0.8869	0.91975	1.54386	1.32488	1.20443	0.81025	0.42703	1.31393	0.42703	0.53652	1.54386	0.85405	1.04019	0.865	1.23728	1.29203	1.57671	1.18253	0.62412	0.865	0.71171	1.08399	0.78836	1.21538	0.44892	0.94165	0.9745	0.59127	0.81025	0.8212	1.45627	1.85045	0.66791	1.07304	1.18253	0.68981	0.98544	0.87595	1.05114	1.31393	0.70076	1.29203	0.70076	1.78475	1.32488	0.79931	0.94165	1.04019	0.98544	0.63506	0.9526	0.8431	0.71171	0.99639	0.75551	0.87595	1.02924	0.59127	0.70076	1.51102	1.33583	0.9745	1.21538	0.74456	0.44892	0.58032	0.99639	0.39418	1.06209	0.60222	1.21538	0.87595	0.91975	1.04019	0.96355	1.45627	1.41247	0.70076	0.9526	1.94899	1.39057	1.12779	0.63506	0.8431	0.9745	1.11684	0.51462	0.58032	0.72266	0.68981	0.55842	0.96355	0.76646	1.31393	1.11684	0.89785	0.9745	1.10589	0.73361	0.44892	1.14969	0.8869	1.25918	1.02924	0.8431	0.99639	0.91975	0.38323	0.9307	1.12779	0.87595	1.40152	1.13874	0.77741	1.00734	1.59861	0.62412	0.96355	0.73361	0.85405	0.40513	0.74456	1.10589	1.47817	0.72266	1.29203	1.25918	1.60956	0.51462	1.14969	0.99639	0.91975	0.79931	2.11323	0.89785	1.01829	0.98544	0.44892	1.31393	1.24823	0.63506	1.33583	1.59861	1.14969	0.8869	0.54747	1.13874	1.20443	0.38323	1.47817	0.865	0.72266	2.05848	1.11684	0.83215	1.24823	0.52557	1.25918	0.77741	1.65336	1.17158	0.71171	1.17158	1.25918	1.52196	1.06209	0.99639	1.02924	0.52557	1.16063	0.63506	0.83215	1.07304	1.35772	0.79931	1.16063	0.60222	0.9526	1.23728	1.05114	1.09494	0.8431	0.79931	1.24823	0.53652	0.91975	0.55842	0.8431	0.56937	0.71171	1.39057	1.33583	0.68981	1.07304	1.18253	1.31393	0.56937	0.78836	1.10589	0.76646	1.01829	1.30298	0.94165	1.48912	1.46722	1.05114	0.51462	0.9526	0.33943	0.98544	0.76646	0.9088	0.83215	0.99639	1.19348	1.20443	0.99639	0.81025	0.59127	0.9526	1.17158	1.00734	1.04019	1.45627	0.67886	1.14969	0.73361	0.76646	1.14969	0.9745	0.81025	1.7081	1.19348	0.60222	0.87595	0.58032	0.72266	0.78836	1.59861	0.49272	0.9307	0.87595	1.21538	1.02924	0.36133	1.10589	1.12779	0.91975	0.9745	0.96355	0.85405	1.09494	0.81025	1.09494	0.79931	0.62412
cell144	1.21296	1.29173	0.85853	0.96092	0.84277	0.99242	2.2999	1.22084	1.39412	1.06331	1.03181	0.22842	1.00818	0.61436	1.51227	1.34686	0.80339	1.48864	1.57528	1.48076	1.21296	1.18146	1.22084	1.11845	1.85095	1.41775	0.98455	1.10269	1.61466	0.38594	1.33898	0.90578	0.85065	0.78764	1.22084	0.85853	0.95304	0.75613	1.25234	1.45713	0.96092	0.85065	1.17358	1.15783	1.58315	1.20509	1.20509	1.50439	0.94517	0.76401	1.44925	2.26052	1.91396	1.10269	0.85853	1.54377	1.03968	0.67737	1.07906	1.27597	1.9691	1.1657	0.67737	1.30748	1.19721	1.70917	0.93729	0.8349	0.77189	1.402	1.18146	1.87458	1.08694	1.57528	0.81914	0.92941	1.44925	1.2996	0.44895	1.44925	1.28385	0.8664	1.28385	0.88215	1.14208	0.98455	1.50439	1.47288	0.94517	2.01635	0.5671	0.75613	1.36261	0.81914	0.96879	2.37867	1.04756	1.1657	1.8667	1.45713	1.55165	0.68525	1.37049	1.74068	2.12662	1.02393	1.55165	1.67767	0.58285	1.52014	1.03181	1.42563	0.55922	1.11057	1.74856	0.92154	1.03968	1.77219	1.14995	1.39412	1.23659	1.03968	1.402	0.88215	1.03968	0.84277	1.78006	1.05544	1.84307	1.17358	1.66192	1.2681	1.39412	2.04786	0.78764	1.28385	1.33898	2.00848	0.92941	1.18933	1.14995	1.35474	1.37049	1.55165	1.00818	0.8349	1.78794	1.32323	0.98455	0.8664	1.1342	1.35474	0.85853	1.18933	1.05544	0.4332	1.27597	1.65404	1.27597	0.94517	0.701	1.30748	1.28385	0.93729	1.55952	1.402	1.48864	1.2996	0.74826	0.91366	1.2996	1.45713	0.70887	1.37837	0.66949	0.93729	1.08694	2.79612	0.97667	1.07906	1.22872	1.36261	2.08724	0.63799	0.8349	1.06331	1.07119	1.58315	1.0003	1.60678	1.77219	1.04756	0.81127	1.22084	1.03968	1.88246	1.03968	1.11845	1.4335	1.20509	1.46501	0.8664	1.07119	0.89791	0.64586	1.85095	1.36261	1.14995	0.95304	1.50439	1.24447	2.53619	0.54347	1.1657	0.96879	1.41775	1.00818	1.85883	1.31536	1.07119	0.76401	1.31536	1.10269	0.80339	1.18933	1.59103	2.41805	1.32323	1.15783	0.99242	1.08694	1.402	1.0003	1.03968	0.88215	0.88215	1.17358	1.11057	0.95304	1.03181	1.21296	1.28385	1.52802	1.14208	1.27597	0.40957	0.701	0.8349	0.74038	0.35444	0.60648	0.77189	0.95304	1.02393	1.47288	0.85065	0.69312	0.67737	1.11845	0.701	1.14995	0.72463	0.92154	0.68525	1.18933	0.77189	0.55922	1.00818	0.65374	0.71675	0.4017	1.22084	0.96879	1.01605	0.66949	0.85853	0.8664	0.77976	1.14995	0.85065	0.77976	0.38594	0.65374	0.61436	0.77976	0.35444	0.81914	0.69312	0.71675	1.12632	1.32323	0.71675	0.65374	1.22084	0.63011	1.2681	0.37019	0.80339	0.66162	1.17358	1.03968	0.74826	0.71675	0.62223	1.12632	0.51984	0.89791	0.82702	1.2996	0.44895	0.5671	0.70887	0.68525	1.10269	0.85853	0.82702	1.07906	1.01605	0.59861	0.4017	0.76401	0.5671	0.90578	0.80339	0.82702	0.69312	0.64586	0.80339	1.24447	0.93729	0.75613	1.06331	0.65374	1.15783	0.24417	0.53559	0.23629	1.11845	1.17358	0.5671	0.89003	0.59073	0.37807	0.85853	0.89791	1.38624	0.60648	0.45683	0.49621	1.00818	0.89003	0.96092	0.55135	0.68525	0.63011	0.60648	0.41745	0.57498	0.69312	0.79551	0.68525	0.70887	0.46471	0.50409	0.90578	0.93729	0.55922	0.55135	1.1657	0.34656	1.18146	1.14995	0.80339	0.8349	0.60648	1.29173	0.59073	0.69312	0.80339	0.66162	0.77189	0.91366	0.92154	0.66949	0.44895	0.8349	0.48046	0.92154	0.60648	0.70887	0.88215	0.46471	1.07906	1.09482	0.92154	1.28385	1.06331	0.44108	0.4332	0.81127	1.11845	0.51196	1.19721	1.03181	0.40957	0.92941	0.66949	0.74038	0.84277	1.7013	0.84277	0.35444	0.97667	0.89003	0.53559	1.14208	0.54347	0.70887	0.701	1.58315	0.74826	0.92941	0.74826	1.05544	0.7325	0.89003	0.59861	0.89791	0.66162	0.701	0.98455	0.75613	1.02393	1.40987	0.91366	0.96092	0.79551	0.96092	0.40957	0.55922	0.60648	0.90578	0.62223	0.68525	0.67737	0.81914	0.92941	0.8664	0.62223	0.59861	0.92154	0.5671	0.44895	1.23659	0.58285	0.63011	1.1342	0.61436	0.64586	0.94517	0.44895	0.78764	1.18933	0.80339	0.64586	1.2996	0.78764	0.65374	0.42532	1.1342	0.47258	0.70887	1.18933	0.67737	0.88215	0.53559	0.87428	0.72463	0.42532	0.92941	0.71675	0.93729	0.50409	0.58285	1.11845	0.33868	0.51196	0.66949	1.02393	0.68525	0.77189	0.96879	0.99242	0.51984	0.48834	0.62223	0.55922	0.64586
cell145	1.3251	0.89669	0.98636	1.17566	1.2454	1.34503	1.41477	0.91661	1.00628	0.5679	0.87676	0.50812	1.07602	0.85683	0.97639	1.04613	1.21551	1.34503	0.97639	0.98636	1.49448	0.66753	0.81698	0.97639	0.47823	0.65757	1.09595	1.02621	0.98636	0.68746	1.16569	0.97639	1.12584	1.2454	1.11588	0.72731	1.09595	0.92658	1.06606	1.28525	1.21551	0.82694	1.00628	1.00628	0.76717	1.40481	1.02621	0.89669	0.99632	1.08599	1.55426	0.89669	1.42474	0.84687	0.6775	1.26532	1.22547	0.62768	0.63764	0.77713	1.15573	1.44466	1.5144	0.41845	0.96643	0.4882	0.69742	0.83691	0.72731	1.27529	1.1358	0.80702	0.99632	0.9465	1.37492	1.16569	1.28525	0.90665	0.62768	1.14577	0.91661	0.96643	0.96643	1.22547	0.78709	0.89669	0.78709	1.07602	1.01625	1.20555	1.27529	0.7572	1.11588	0.81698	1.15573	0.87676	1.41477	0.91661	1.06606	1.88304	1.44466	1.41477	0.58783	0.90665	0.92658	1.28525	0.71735	1.63396	0.78709	1.08599	1.37492	1.27529	1.16569	0.74724	0.36864	1.23544	1.4347	0.76717	1.26532	1.69374	1.02621	1.25536	1.46459	1.50444	0.81698	0.87676	1.83323	1.04613	1.19558	1.21551	0.70739	1.00628	1.10591	0.90665	0.85683	0.89669	0.47823	1.04613	1.06606	0.88672	1.26532	1.10591	1.35499	0.76717	0.71735	1.30518	0.99632	0.84687	0.80702	0.62768	0.79706	0.65757	0.83691	0.93654	0.71735	0.77713	0.80702	0.40849	1.3251	0.6775	1.00628	1.30518	0.68746	1.0561	0.89669	1.67382	0.74724	1.22547	1.04613	1.70371	1.08599	1.9229	1.30518	0.85683	1.0561	2.02253	1.17566	1.30518	0.89669	0.93654	1.59411	1.15573	1.54429	1.01625	0.85683	1.20555	1.12584	0.84687	0.7572	0.82694	0.68746	1.03617	1.19558	1.03617	0.92658	0.64761	1.03617	1.07602	0.92658	0.85683	0.97639	1.18562	0.88672	0.82694	0.96643	0.78709	0.98636	0.88672	1.33507	0.71735	1.10591	1.2454	1.33507	0.79706	1.33507	1.20555	0.82694	1.67382	1.16569	1.0561	0.95647	1.10591	0.6775	0.54798	0.58783	0.85683	1.2454	1.39485	1.82326	0.50812	1.31514	0.85683	1.03617	0.95647	1.14577	1.02621	1.27529	0.82694	0.9465	0.84687	0.36864	1.3251	0.96643	1.3251	0.99632	1.00628	0.89669	1.4347	1.23544	0.38856	0.87676	1.19558	1.08599	0.88672	0.8668	0.47823	0.91661	1.01625	1.04613	0.46827	1.39485	0.4882	1.04613	1.07602	0.97639	0.62768	0.76717	0.65757	1.37492	0.7572	0.85683	0.69742	0.82694	0.80702	0.97639	0.68746	1.00628	0.45831	0.7572	1.15573	1.09595	1.21551	0.71735	1.34503	0.52805	0.98636	1.01625	0.7572	0.72731	0.52805	1.3251	0.66753	0.79706	0.82694	0.91661	0.96643	1.30518	1.01625	1.89301	0.78709	0.63764	1.04613	0.82694	0.72731	0.45831	0.97639	0.81698	1.45463	0.98636	1.54429	0.87676	1.08599	0.36864	1.35499	0.54798	0.84687	1.19558	0.7572	0.88672	1.01625	1.41477	1.04613	0.93654	0.53801	0.93654	1.49448	0.66753	1.04613	1.08599	0.99632	1.04613	1.27529	0.87676	0.96643	1.2454	0.62768	0.44834	0.54798	0.43838	0.81698	0.52805	0.57786	0.69742	0.78709	1.10591	1.44466	1.28525	0.71735	0.77713	1.06606	0.69742	0.78709	0.5679	0.81698	1.25536	1.11588	0.70739	1.23544	0.70739	1.1358	1.38488	0.73728	0.83691	2.28157	0.52805	1.34503	0.90665	0.84687	1.10591	1.47455	0.84687	0.4882	1.0561	0.89669	1.02621	0.96643	0.70739	0.78709	1.38488	1.33507	1.15573	0.96643	0.47823	1.40481	1.40481	1.71367	1.19558	0.64761	0.98636	1.70371	1.27529	1.25536	0.65757	0.7572	1.23544	0.93654	0.70739	1.08599	0.91661	0.70739	0.90665	0.85683	1.21551	1.59411	1.25536	1.17566	0.55794	1.10591	1.28525	1.71367	0.57786	1.18562	0.73728	1.03617	1.1358	0.26901	0.64761	0.70739	0.78709	0.71735	1.04613	0.88672	1.47455	0.97639	0.85683	1.04613	0.44834	0.47823	1.82326	1.14577	1.60407	0.88672	0.93654	0.70739	0.85683	1.39485	1.07602	0.89669	1.21551	1.0561	1.40481	0.92658	0.74724	0.92658	0.82694	1.39485	0.82694	1.52437	2.24172	1.33507	0.6775	1.12584	0.6775	1.18562	1.16569	1.5144	1.58415	1.00628	1.29521	0.76717	1.06606	1.17566	1.33507	1.45463	0.66753	0.91661	0.35867	1.1358	0.73728	0.4882	0.70739	1.31514	0.89669	0.8668	0.82694	0.54798	0.2989	1.48452	1.3251	0.59779	1.20555	0.61772	0.85683	1.14577	1.01625	0.64761	0.53801	0.77713	1.25536	0.82694	0.58783	0.76717	0.82694	1.06606	1.26532	0.57786	1.08599	0.57786
cell146	1.17201	1.45647	1.41096	1.25166	1.42234	1.19476	1.20614	1.03546	1.24028	1.49061	0.65996	1.00133	1.20614	0.92167	0.98995	1.37682	0.95581	1.05822	0.86478	0.92167	1.99127	1.28579	0.68272	1.47923	0.9103	0.97857	0.8534	2.04817	1.14925	1.09235	1.05822	1.34269	1.0127	1.49061	0.59169	0.79651	0.45515	2.2985	1.7637	1.30855	1.35406	1.43372	0.97857	1.04684	0.61445	0.75099	1.18338	1.02408	1.34269	1.25166	0.88754	0.92167	0.67134	1.2289	0.89892	1.86611	1.20614	1.72956	0.98995	1.30855	1.09235	0.94443	0.83064	0.79651	2.12782	1.14925	1.25166	0.34136	0.77375	2.02541	1.35406	1.87748	1.3882	1.85473	1.59302	0.67134	0.80789	0.9103	1.20614	1.24028	1.46785	1.43372	1.14925	1.02408	0.88754	0.98995	1.18338	0.95581	1.20614	1.0696	0.65996	1.7068	0.92167	1.24028	1.0127	0.95581	0.84202	1.68405	1.42234	1.33131	1.0127	0.94443	0.75099	1.33131	1.18338	1.10373	1.05822	0.67134	1.16063	1.04684	1.44509	0.64859	2.41228	1.26304	1.41096	1.97989	0.75099	1.2289	1.11511	1.11511	1.66129	1.26304	1.12649	1.51337	0.43239	1.5475	1.82059	1.37682	1.62715	0.81927	0.84202	0.76237	1.55888	0.78513	1.64991	1.20614	1.71818	1.04684	1.58164	1.12649	0.55756	1.09235	0.50066	1.21752	1.87748	1.16063	0.84202	1.29717	1.7637	0.76237	0.56893	1.51337	1.42234	1.30855	1.05822	1.04684	1.28579	0.86478	1.19476	1.05822	1.52475	0.92167	1.12649	0.79651	1.0127	1.50199	1.03546	1.18338	1.11511	1.2289	1.96851	0.95581	1.08098	0.94443	1.74094	1.00133	1.25166	1.11511	1.82059	0.72824	1.46785	0.73962	1.45647	0.87616	1.61577	1.02408	1.08098	1.03546	1.29717	1.99127	1.90024	1.13787	1.42234	1.30855	1.39958	1.02408	1.02408	1.53612	2.02541	1.2289	1.02408	1.36544	1.71818	1.09235	1.37682	0.76237	0.72824	0.6941	1.3882	1.7068	2.0823	1.91162	1.02408	1.64991	0.75099	1.68405	2.15057	0.55756	1.77508	1.2289	0.9103	1.97989	1.11511	0.89892	1.57026	1.16063	1.46785	1.71818	1.28579	1.21752	1.71818	0.9103	0.97857	1.18338	1.84335	1.04684	0.68272	1.08098	0.71686	1.2289	0.88754	0.94443	1.45647	0.75099	1.30855	1.17201	1.44509	0.44377	0.55756	0.52342	0.86478	1.10373	0.78513	1.11511	0.73962	0.63721	0.79651	0.72824	0.68272	0.52342	1.08098	0.60307	1.02408	0.60307	0.84202	0.5348	0.77375	0.6941	0.81927	0.48928	0.9103	0.73962	0.38688	0.54618	0.5348	0.59169	1.03546	1.31993	0.83064	0.29585	0.83064	0.63721	1.21752	1.21752	0.52342	0.72824	0.65996	0.89892	0.54618	0.92167	1.05822	1.00133	0.65996	0.58031	0.50066	0.77375	0.84202	0.77375	0.67134	0.62583	0.95581	0.81927	0.47791	1.6044	0.64859	0.77375	0.98995	0.78513	0.6941	0.70548	1.43372	1.35406	0.84202	1.12649	0.36412	0.81927	0.86478	0.77375	0.63721	0.97857	0.54618	0.22757	0.71686	0.77375	0.46653	0.84202	0.5348	0.78513	0.89892	0.46653	0.75099	0.75099	0.73962	0.81927	1.50199	1.37682	0.54618	1.12649	1.0696	1.39958	0.88754	0.61445	0.40963	0.54618	0.84202	0.39825	0.64859	0.25033	1.02408	0.63721	1.13787	0.75099	0.62583	1.16063	1.13787	0.45515	0.81927	0.5348	0.79651	0.76237	0.71686	0.72824	0.70548	0.92167	1.04684	0.88754	0.39825	0.63721	1.0696	0.65996	0.5348	0.80789	1.25166	0.97857	0.80789	1.11511	0.84202	0.88754	0.45515	0.72824	1.21752	0.8534	0.54618	0.78513	0.51204	0.39825	0.36412	1.28579	1.05822	0.77375	1.18338	1.29717	0.59169	1.16063	0.9103	0.9103	0.95581	0.38688	0.73962	0.71686	0.36412	0.75099	1.19476	0.38688	1.26304	1.49061	0.75099	0.20482	0.46653	0.68272	0.94443	0.9103	0.56893	0.97857	0.62583	0.89892	1.03546	1.18338	0.78513	0.76237	1.00133	0.58031	0.44377	0.83064	0.64859	0.54618	0.60307	0.98995	0.93305	0.56893	0.5348	0.20482	0.78513	0.58031	1.24028	1.03546	0.65996	0.51204	0.72824	0.97857	0.60307	0.64859	0.46653	0.93305	0.96719	0.9103	0.72824	1.50199	0.77375	0.50066	0.62583	0.95581	0.73962	0.72824	0.8534	1.51337	0.80789	1.39958	1.29717	1.26304	1.0127	0.5348	0.39825	0.59169	0.3755	1.00133	0.67134	0.73962	0.87616	0.63721	0.86478	0.84202	0.61445	0.86478	0.59169	0.79651	0.55756	0.97857	0.83064	0.83064	0.9103	0.94443	0.95581	0.87616	1.05822	0.72824	1.03546	0.38688	0.76237	0.76237	0.68272	1.34269	0.60307	0.87616	0.45515	0.80789	0.48928	0.77375
cell147	1.43679	1.14943	1.26917	0.98181	1.72415	1.22127	0.3113	1.04567	1.38092	1.23724	1.59644	0.84611	1.13347	1.68424	0.9419	1.6124	1.20531	1.46074	1.38092	1.31706	1.30109	0.6705	1.82792	1.73213	0.64656	0.51086	1.28513	2.35474	1.49267	0.59866	1.46872	0.76629	1.05365	1.3889	0.77427	1.12549	1.17338	1.45276	0.72638	1.14145	1.42881	1.43679	0.65454	0.71041	1.06961	1.58047	1.6124	1.27715	1.53258	1.04567	1.07759	0.85409	1.30109	1.37293	0.60665	0.61463	1.66029	0.894	1.78801	1.66029	0.87804	1.37293	0.82216	0.99777	1.50065	1.20531	1.30908	0.82216	0.63857	1.0297	1.35697	1.86783	0.67848	1.88379	0.55875	1.31706	0.84611	1.35697	2.70596	0.95786	0.88602	1.84388	1.68424	1.17338	1.51661	1.14943	0.71041	1.34101	1.13347	1.34899	1.18934	1.13347	1.36495	0.71041	1.67626	1.33302	0.6705	1.26917	0.85409	1.31706	0.84611	1.7481	1.60442	0.69445	1.26118	1.1175	1.13347	1.08558	1.74011	1.3889	0.97383	0.94988	1.40486	1.17338	1.29311	1.41285	1.26917	1.27715	0.97383	0.75831	1.60442	0.7184	1.03768	1.67626	0.52682	0.88602	1.67626	1.63635	1.26917	1.23724	1.02172	1.21329	1.57249	1.74011	2.02747	0.94988	1.22926	0.82216	1.04567	1.55652	1.04567	1.10952	1.50863	0.97383	2.10729	1.7481	0.19955	1.07759	0.98181	1.1654	1.62038	1.18136	1.46074	0.60665	1.97958	1.05365	1.09356	2.16317	0.83015	1.19733	0.55875	0.50288	1.30109	1.31706	1.54854	0.72638	1.14145	1.41285	0.83015	1.06163	1.04567	1.24522	0.63857	0.66252	1.27715	1.07759	1.14943	1.09356	1.48468	1.18934	1.56451	1.43679	1.55652	1.1175	1.22127	1.20531	0.83813	0.94988	1.1175	1.59644	1.76406	0.97383	0.73436	1.30908	0.84611	1.49267	0.85409	0.94988	0.84611	1.35697	1.93169	0.74234	1.08558	1.80397	0.93391	0.71041	0.98979	1.50065	1.14943	0.99777	1.35697	1.46872	0.78225	0.84611	1.31706	0.87804	0.74234	2.08335	1.19733	0.96584	1.09356	0.79822	0.97383	1.05365	1.42083	1.37293	1.43679	1.0297	0.9419	0.5827	0.98979	1.10952	1.00575	1.78003	1.29311	1.59644	0.90199	1.24522	0.93391	0.76629	0.37516	0.79822	1.86783	1.17338	0.87804	0.96584	0.43104	0.99777	0.95786	0.70243	0.41507	1.21329	0.72638	0.63857	0.43902	0.53481	1.33302	0.6705	0.76629	0.90997	1.01374	0.63059	0.77427	0.78225	0.83813	0.7184	0.93391	1.06163	0.37516	1.34899	1.6124	0.75831	0.6705	0.35122	0.65454	0.43104	0.98979	0.61463	0.49489	0.99777	1.28513	0.5827	0.83015	0.56673	0.55077	1.1175	1.26118	1.03768	0.56673	1.04567	1.07759	0.88602	0.69445	0.59866	0.64656	0.98979	1.29311	0.38314	1.10154	0.83813	1.19733	0.70243	0.95786	0.61463	0.57472	0.63857	1.01374	0.64656	0.91795	0.75831	0.93391	1.12549	0.55875	0.75831	0.55875	1.34101	1.38092	0.51086	0.9419	1.26917	0.8062	0.88602	0.99777	1.22127	0.53481	0.74234	0.894	1.07759	1.20531	0.55077	1.17338	0.49489	0.88602	1.01374	0.56673	0.50288	0.63059	0.7184	0.73436	0.97383	1.55652	0.64656	0.49489	0.59866	0.75032	0.52682	0.64656	0.894	0.82216	0.74234	0.75831	0.63059	0.48691	1.00575	0.79024	0.68647	0.98979	0.59068	1.15742	0.6705	0.70243	1.06961	0.82216	0.55077	1.10154	0.73436	0.59068	0.62261	0.8062	0.5827	1.06961	1.37293	0.68647	1.05365	0.45498	0.87006	0.73436	0.83813	1.12549	0.48691	0.78225	0.84611	0.894	0.94988	1.12549	1.06163	0.40709	0.75032	0.56673	1.03768	0.7184	0.57472	1.15742	0.75032	0.86208	1.66827	0.61463	0.84611	0.84611	1.00575	0.98979	0.90199	1.00575	0.67848	1.34101	0.71041	0.50288	0.67848	0.7184	0.70243	0.90199	1.20531	0.9419	0.29534	0.62261	0.48691	0.85409	0.86208	0.61463	0.41507	0.59068	1.32504	0.51884	0.43902	0.73436	0.67848	1.54854	0.52682	0.65454	1.01374	0.87804	0.61463	1.10154	1.07759	0.74234	0.60665	0.79822	0.75032	1.38092	0.87006	0.56673	0.65454	0.62261	0.98979	0.52682	0.98979	0.83015	0.52682	0.94988	1.26917	0.96584	0.98979	0.60665	0.55875	0.47095	0.894	0.55077	0.74234	0.894	0.69445	0.9419	0.73436	0.93391	0.96584	0.68647	0.87006	1.10952	0.76629	0.93391	1.24522	1.03768	0.75831	0.53481	0.57472	0.81418	0.77427	0.73436	1.02172	0.68647	0.47095	0.93391	0.84611	0.39911	0.55875	0.79822	0.72638	0.56673	0.68647	0.87804	1.04567	0.78225	0.70243	1.07759	0.447	0.62261	1.39688	0.98181	0.50288
cell148	1.4881	1.81264	1.03692	0.54617	0.64907	1.6939	1.26647	0.73614	0.8707	1.21898	1.21898	0.93402	1.32979	1.58309	1.13191	1.29022	0.94985	0.60949	1.16357	0.98943	0.89444	1.09233	1.83638	1.08442	0.8707	0.88653	1.06067	1.57517	1.40895	1.0765	2.20841	0.83904	1.17149	1.36937	1.82847	0.83112	0.91819	1.1794	1.0765	1.01318	1.88388	0.90236	0.83904	1.51976	1.30605	1.18732	1.20315	1.11608	0.53033	0.75197	1.98678	1.98678	1.62267	1.20315	1.36146	0.73614	1.29022	1.71765	1.22689	1.3852	1.10816	1.45644	2.14508	1.31396	0.98943	1.24272	1.42478	1.31396	1.11608	1.51976	0.89444	1.51976	0.94194	1.22689	1.06858	2.0501	0.58574	1.2823	0.4116	1.01318	1.13982	1.19523	0.83112	1.24272	1.12399	0.9736	0.9736	1.23481	0.6649	2.50919	2.12134	0.68073	1.2823	0.88653	0.46701	0.82321	0.69656	0.87861	1.0765	2.33506	0.86278	1.2823	0.7678	1.66224	0.86278	0.6174	0.95777	0.83904	1.02901	1.43269	0.83904	1.75723	0.49867	0.7678	1.2823	1.32979	1.11608	1.19523	0.80738	1.20315	1.17149	1.37729	0.92611	1.2823	1.29813	1.49602	1.06858	1.85221	0.52242	1.21898	1.67807	1.36937	1.31396	1.35354	1.3852	1.33771	0.88653	1.99469	0.96568	1.21898	0.83904	1.36146	0.94985	1.10025	1.27439	1.50393	0.94194	0.75197	1.06067	1.5356	1.52768	1.71765	0.62532	1.54351	0.78363	1.15565	1.25856	1.05275	0.96568	0.56991	1.02901	0.98943	1.12399	1.88388	0.79946	2.12925	1.0765	1.40895	1.19523	0.81529	1.49602	1.61475	1.51976	0.96568	1.32979	1.14774	1.48019	0.6649	1.29813	0.67281	1.0765	0.99735	1.32979	1.8443	2.06593	0.88653	1.48019	1.64641	1.36937	1.68599	0.69656	1.43269	0.72031	1.21898	1.12399	1.76514	1.25856	1.67016	0.45118	0.62532	1.65433	1.25064	0.58574	1.45644	0.91819	1.71765	1.49602	0.9736	2.09759	1.46436	0.84695	1.56726	1.45644	0.63324	1.27439	1.77306	1.25856	1.37729	1.40895	1.06858	1.31396	2.4617	1.11608	1.68599	1.32188	0.86278	0.91819	0.96568	1.49602	1.05275	1.10816	0.9736	0.78363	1.82847	1.57517	1.02109	1.43269	1.21898	0.47493	1.12399	1.19523	1.05275	0.67281	1.97094	0.47493	0.98943	1.08442	0.78363	0.8707	0.53033	1.3852	0.46701	0.74405	0.83904	0.67281	1.30605	0.57783	0.68073	0.53825	0.90236	0.80738	0.63324	0.4116	0.67281	0.80738	0.94985	0.91028	1.29813	0.72822	0.68864	0.79154	0.562	0.40369	0.5145	1.08442	0.9736	0.94194	0.562	0.84695	0.37203	1.2823	1.02109	1.22689	1.06067	0.93402	0.48284	0.50659	1.20315	0.87861	0.53033	0.93402	0.86278	0.8707	0.37994	0.91819	0.68864	0.69656	0.88653	0.64907	1.34563	0.37203	0.91819	0.4591	0.88653	0.93402	1.00526	0.81529	0.68864	0.57783	0.91028	1.26647	1.32979	1.05275	1.21898	0.74405	0.34036	0.44326	0.96568	0.58574	0.91819	0.96568	0.60157	0.72822	1.06067	0.8707	0.64907	0.85487	0.38786	0.82321	1.44061	1.29813	0.87861	0.74405	0.91819	0.64907	0.9736	0.63324	1.17149	0.77571	0.53033	1.16357	0.79946	1.52768	0.62532	0.78363	0.65698	0.96568	0.69656	0.89444	0.562	0.68864	1.16357	0.96568	0.6174	0.84695	0.54617	1.10025	0.65698	0.72031	0.69656	0.72031	0.72822	0.87861	1.54351	0.34036	0.77571	0.52242	1.11608	0.53825	0.89444	0.79154	0.89444	0.98943	0.57783	0.77571	0.39577	0.7678	0.68864	0.62532	0.53033	0.69656	0.91819	0.44326	0.58574	0.72031	0.6174	1.13982	0.89444	1.10816	0.73614	0.90236	0.53033	1.36937	0.6649	0.5145	0.75988	0.60949	0.65698	0.46701	0.68864	0.73614	0.67281	0.83904	0.65698	0.91819	1.05275	0.91028	1.37729	0.6649	0.84695	0.41952	0.64907	0.46701	1.27439	1.44853	0.80738	0.70447	0.99735	0.72031	0.65698	0.69656	0.88653	0.8707	0.83904	0.86278	0.88653	0.89444	0.73614	0.53033	1.41686	0.72031	0.87861	0.47493	0.73614	0.74405	0.92611	0.86278	0.75197	0.70447	0.85487	0.88653	1.06858	0.72031	0.7678	0.83904	0.38786	1.39312	0.71239	1.36146	0.78363	0.94985	1.18732	0.87861	0.6174	0.55408	0.37203	0.50659	1.08442	1.12399	0.98943	0.84695	0.69656	0.90236	0.8707	1.02109	0.74405	1.16357	0.5145	0.81529	0.93402	1.04484	0.84695	0.83112	0.67281	0.47493	0.82321	0.99735	0.29287	0.72031	0.72031	0.53033	0.64115	0.45118	0.54617	0.562	0.6174	1.00526	0.63324	0.41952	0.52242	0.33245	0.80738	0.58574	0.54617	0.87861	0.49076	0.64115	0.72822
cell149	0.9425	1.33805	0.65438	0.77158	0.9425	1.05482	0.96691	1.14272	1.18178	0.65438	0.78134	0.69833	1.45526	1.01575	0.8546	1.1769	0.95715	1.05482	0.70809	0.72763	1.26969	1.13295	0.75204	1.27457	1.43084	0.83995	1.02552	0.46881	0.67879	0.8253	1.02063	1.43572	0.73251	0.92785	0.54694	0.796	0.69833	1.13783	1.55292	0.76181	0.72763	0.81553	0.82041	0.93273	0.94738	1.2355	1.82151	2.20242	2.46124	2.13893	2.56867	3.18886	1.68966	1.36247	1.15248	0.80088	1.1769	0.74716	1.20132	1.80198	1.18178	0.66414	1.05482	1.30875	2.46124	1.60176	0.45416	0.69833	0.89855	1.40154	2.18777	1.73361	1.74338	1.67012	1.71408	0.63973	0.78623	1.19155	1.06947	1.06458	0.796	0.62996	0.51764	0.18069	0.22952	0.55671	0.35161	0.35649	0.28812	0.23929	1.25992	0.75204	1.03528	0.68368	0.78134	1.04993	0.46881	0.71298	0.78623	0.99133	0.62019	0.96203	1.06458	0.77646	0.73251	0.95715	1.52362	1.22085	0.99133	0.76669	0.72274	0.87413	0.69344	0.87901	0.86436	1.59687	1.06458	1.0304	2.20242	1.02063	1.09388	1.22573	0.70321	0.62508	1.56269	0.98156	0.84483	1.23062	0.89855	0.84971	0.68368	1.25504	0.81065	0.73739	1.2062	1.18178	0.84971	0.55182	0.92296	1.39665	0.45904	0.46881	0.80088	0.83506	0.91808	0.91808	0.86436	0.84971	0.88878	1.24527	0.55671	0.73251	0.73251	0.75204	1.18667	0.9425	0.44927	0.72763	0.75693	1.36247	0.86436	0.53229	0.87413	0.70321	0.89366	0.88878	0.33207	0.87413	0.51276	1.20132	0.81553	0.87413	1.48944	0.92296	1.1183	0.90831	0.90343	0.43462	1.0597	1.3527	0.8253	0.796	0.9718	1.61152	0.93761	1.16713	0.8253	1.16225	1.04505	1.89965	0.90343	1.47479	0.90831	0.98645	0.84483	1.11342	0.76181	1.089	0.99133	1.0304	1.12318	1.69454	0.8253	0.68368	0.8839	0.62508	0.77646	0.47369	0.8839	0.59578	1.34782	0.30765	0.79111	0.84971	1.70919	0.60066	0.96691	1.1183	1.2941	1.06947	1.06947	0.81065	1.65059	0.63484	0.86436	1.06947	0.76669	1.49432	0.70809	0.49811	1.04017	2.19753	0.91808	0.49811	1.38689	0.98156	1.35759	0.80088	1.12318	0.73251	0.98156	0.98156	0.91808	1.07923	0.95715	1.02552	1.04993	0.89366	1.07923	0.796	0.96203	1.1769	1.04017	1.00598	1.04505	1.28922	1.37224	1.24039	0.60066	0.8546	0.99133	1.61152	1.34782	0.54694	1.12807	0.80576	0.87901	1.04993	1.40642	0.8839	0.41509	1.53339	1.16713	1.3234	0.87413	1.0597	1.03528	1.29899	1.26969	0.65926	0.89366	1.40154	1.12318	1.07435	1.0597	0.98645	1.14272	0.57136	0.87901	0.91808	1.16713	0.99621	0.64949	0.95715	0.90343	1.21108	1.13295	1.42107	0.75204	1.05482	1.3527	0.87901	1.46502	1.67989	1.46502	1.089	0.63973	1.49432	0.50787	0.77158	0.9718	0.94738	1.05482	0.8839	1.46991	1.19155	1.1476	0.69833	1.37224	1.1769	1.43084	0.94738	1.63106	1.06458	0.65926	0.89366	0.83018	1.87034	0.90343	0.90343	0.40532	0.95715	0.9132	0.82041	1.65547	1.38689	0.71298	0.89366	0.82041	0.59089	0.59578	1.089	1.15248	1.11342	1.33805	1.24039	0.24905	0.75204	0.96203	0.58601	0.66903	1.15737	1.75314	1.33317	0.73739	0.95715	0.86925	1.06458	0.69344	0.94738	0.76669	1.51874	1.44549	1.37712	0.75693	0.98156	0.54694	0.89855	1.29899	0.58601	0.90343	0.60066	0.62508	1.34294	1.42595	0.8546	0.54206	1.31364	1.12318	0.78623	0.52252	0.99133	0.95715	1.08412	1.09877	1.46991	1.21108	0.69344	1.13783	1.12807	1.08412	0.73251	1.39177	0.58113	0.91808	0.90343	0.40044	0.78134	1.09877	1.0304	0.92785	1.22085	0.78134	1.50409	0.90831	1.40642	0.9425	0.69833	0.93273	0.66414	0.81065	0.9425	1.50897	1.36735	0.52741	1.07923	0.8253	0.66414	1.27945	0.55182	0.62019	0.91808	1.44549	1.49921	0.74716	1.3527	1.0011	0.89855	0.92296	0.67391	0.86925	1.73361	0.68368	0.82041	1.07435	1.46014	0.68368	0.41021	1.1476	0.59578	0.69344	0.95715	0.89855	0.70321	1.65059	0.8546	0.9718	0.78134	0.43462	1.25504	1.09388	0.76669	0.72763	0.9425	0.77646	0.89855	1.04993	1.23062	1.33317	0.8253	1.17202	0.86436	0.63484	0.9425	1.04505	0.67879	0.86925	0.58601	0.84971	0.93761	0.84971	0.67879	0.77158	1.43572	0.56648	1.1769	1.34782	1.14272	0.88878	1.1183	0.62508	0.83018	1.41619	0.92785	1.29899	0.78134	1.47967	0.63973	0.99621	0.73739	1.09388	0.53229	0.52252	0.56648	1.05482	1.16713	1.87034	1.18178
cell150	1.46533	0.53197	1.17517	0.74959	1.13648	0.65287	0.60935	1.19451	0.92853	1.02525	1.44599	1.43632	1.1123	0.98172	1.45082	1.32025	1.06877	0.97205	1.14131	0.94304	1.2332	1.15582	0.9914	0.92369	1.45082	0.80763	2.03599	1.14615	1.15099	1.41213	0.97689	0.99623	1.2332	1.43148	1.89574	0.84631	1.98763	1.29123	1.25254	1.98279	0.68189	1.99246	0.94304	1.5282	1.27189	1.29123	0.68189	0.95754	1.60558	0.63836	1.4073	0.75926	1.25738	1.36861	1.33476	1.27189	1.53304	1.29607	0.89467	1.10746	1.41697	1.38312	1.74099	1.23804	0.67221	0.9382	0.89467	0.81246	0.44008	0.96238	0.83664	1.47984	1.15099	1.72648	1.31058	1.07845	0.88984	0.89467	0.83181	2.05533	1.26705	0.77377	1.21386	1.35894	0.99623	1.22353	1.22353	0.87049	1.14131	0.63353	0.43525	1.83771	1.29607	0.80763	0.8173	1.43148	1.49918	1.08812	1.54271	1.69263	0.64803	2.27296	1.77968	1.32509	1.03008	1.48468	0.75926	2.39386	0.60935	1.4073	1.05427	0.55131	1.23804	0.59	1.48951	0.88984	1.27189	0.76894	1.26222	1.72164	1.26222	1.2332	1.66361	1.24287	1.32992	1.02525	0.76894	1.5814	1.2864	1.33959	1.44115	1.55722	0.84631	1.29607	0.74476	1.15099	1.7555	1.75066	1.18484	0.70607	1.05427	1.36377	1.31541	0.68189	1.07845	1.37828	1.13164	0.885	1.18968	0.89467	0.57066	0.94304	1.90058	1.72164	0.9382	1.25254	1.34443	1.09779	1.13164	1.37345	1.40246	2.01664	0.99623	1.32509	1.01074	1.31058	2.05533	1.15582	1.73615	1.19451	1.41697	2.03599	0.68672	1.09779	0.78828	1.44599	0.9382	1.16549	1.01074	1.10263	0.85115	1.69263	1.24771	1.18968	2.50509	0.6964	1.64427	1.24771	0.95754	1.10263	1.24287	0.65771	0.44976	0.79312	1.71197	1.06877	1.09295	1.44599	1.30574	2.18107	1.50886	1.70714	1.85705	1.45566	1.46533	2.21976	1.25738	1.45566	1.41697	1.19451	0.85115	0.97205	1.69263	0.96722	1.85222	0.92369	1.71197	0.88984	1.74582	1.08812	0.95754	1.44599	1.84255	1.2332	0.94787	1.17033	1.81837	1.13164	1.2332	0.75443	1.30091	1.10746	1.36861	1.42181	1.01558	1.43632	1.23804	1.20902	0.75443	0.70607	1.2864	1.36377	1.02041	0.90918	1.07361	0.67221	1.0059	0.91402	1.03008	0.82697	0.95754	0.67705	0.60935	0.77377	0.90918	0.53197	0.92853	0.63353	0.53197	0.83181	0.86082	0.49812	0.66254	0.70123	0.69156	0.70607	0.57549	0.53197	0.48361	0.55615	1.07361	0.27082	0.80279	0.50779	0.7641	0.54164	1.0059	0.54164	0.86082	0.81246	0.79795	1.34443	0.47394	0.57549	1.09295	0.98172	0.51746	0.82213	0.70607	1.03976	1.03008	0.54164	0.99623	0.75443	0.56582	0.79795	0.84148	0.80279	0.7109	0.52713	0.59484	0.58517	0.87533	0.83181	0.77377	0.56582	0.88984	0.72541	0.885	0.8173	0.89467	0.98656	0.4691	0.73992	0.78828	0.89467	0.77377	0.79795	0.70607	0.66738	1.33959	1.22836	0.83181	0.92853	0.70123	1.1123	0.43041	0.74959	0.73025	0.52713	0.84148	0.79795	0.92369	0.89467	1.26222	1.15099	1.12681	0.89467	0.87533	0.91885	1.06394	0.35303	0.77861	1.10746	0.83664	1.09295	0.75443	0.70123	0.83664	0.89467	0.85115	1.08328	0.74476	0.58033	0.5223	1.20418	1.06877	0.36271	1.1123	0.75443	0.67705	0.49812	0.78828	0.91885	0.73992	0.7641	1.05427	0.87533	1.04459	0.44492	0.66254	0.96722	0.61418	0.60451	0.59484	0.72541	0.9382	1.03976	0.81246	0.77377	0.7641	0.99623	1.46533	0.99623	0.62385	0.79795	1.16549	0.54164	0.63353	0.68189	1.03008	0.65287	0.81246	0.71574	0.42557	0.57066	0.6964	0.5368	0.59967	0.91885	0.44976	0.66254	0.96238	1.33476	1.2332	0.73992	0.40139	0.72541	1.04943	0.35303	1.27189	0.57549	1.03492	0.84148	1.18968	0.74476	1.3541	0.93336	0.86082	0.46426	0.68672	0.85599	1.06394	0.79795	0.79312	0.68672	0.55131	1.04943	0.37238	0.65771	1.31541	0.9382	0.9914	0.57549	0.62869	0.30951	1.03492	0.55615	0.49328	0.70123	0.88017	0.5368	0.60451	1.48468	1.08812	0.74476	0.86082	0.66254	0.82697	0.44008	1.1123	0.35787	0.78828	0.70123	0.70123	0.63353	0.66254	1.24287	0.47877	1.06394	0.86566	0.61418	0.6432	1.24287	0.42557	0.81246	0.38689	0.45943	0.95754	1.38795	0.41107	0.80763	0.73025	0.73508	0.47877	1.04459	0.56582	0.51746	1.32992	0.84631	0.78344	1.14131	0.44976	0.83664	0.45459	0.82213	0.28049	0.61902	0.6432	0.76894	0.90435	0.7109	0.87533	0.75443	0.94304	0.87533	0.52713	0.44492
cell151	1.94846	1.71987	0.99056	1.61102	1.76341	1.15384	1.16472	1.12118	2.19882	0.50072	1.74164	1.66544	1.31711	0.84905	0.85993	0.81639	0.83816	1.07764	1.74164	1.04498	1.71987	0.92525	0.65311	0.97967	1.39331	0.87082	1.19738	1.70898	1.23003	0.89259	0.78374	1.21915	1.65456	1.85049	0.82728	1.17561	1.9158	1.39331	0.65311	0.85993	1.95934	1.33889	1.85049	0.54426	1.5457	0.97967	1.66544	1.24092	1.56748	1.23003	2.26413	0.62046	1.26269	0.67489	0.46807	2.08997	1.42597	1.36066	1.06675	1.30623	1.85049	1.51305	1.13207	0.92525	0.42452	1.14295	0.92525	1.24092	1.0341	1.02321	1.30623	1.328	1.16472	1.08852	1.34977	1.30623	1.20826	0.85993	1.23003	1.07764	1.79607	0.91436	0.81639	1.38243	1.23003	0.92525	0.68577	0.68577	1.42597	0.93613	1.06675	0.93613	1.12118	1.49128	0.82728	1.48039	0.67489	1.56748	0.9579	1.6219	1.56748	1.70898	1.55659	0.57692	1.65456	1.05587	1.07764	0.94702	1.02321	1.328	1.68721	1.09941	1.88315	1.16472	0.7402	0.92525	1.09941	0.81639	0.80551	1.27357	0.62046	1.02321	0.7402	1.24092	1.58925	1.95934	1.53482	1.78518	1.23003	2.03554	0.85993	1.19738	1.1103	1.38243	0.85993	0.93613	1.04498	1.02321	0.96879	1.0341	0.93613	2.25325	1.31711	1.16472	1.19738	1.34977	0.76197	0.64223	0.75108	1.73075	1.2518	0.8817	1.21915	1.41508	0.81639	1.56748	1.31711	1.16472	0.5878	1.02321	0.63134	0.85993	1.328	1.63279	0.89259	1.74164	0.92525	0.78374	1.80695	1.27357	1.07764	0.80551	0.92525	0.67489	0.8817	0.84905	1.51305	1.00144	1.19738	1.0341	1.21915	1.94846	0.80551	0.93613	1.06675	1.01233	1.82872	1.67633	0.68577	0.59869	0.42452	1.24092	1.21915	1.46951	0.78374	1.18649	1.51305	0.78374	1.49128	0.80551	1.27357	1.02321	1.09941	1.16472	0.96879	1.1103	1.0341	1.24092	1.46951	1.58925	1.57836	1.19738	1.01233	1.31711	0.47895	1.02321	0.94702	0.94702	1.13207	1.00144	1.29534	1.02321	1.28446	1.48039	0.664	1.52393	1.01233	1.08852	0.69666	2.19882	1.30623	1.6219	1.0341	1.12118	1.07764	1.01233	1.12118	1.60013	0.57692	1.28446	0.99056	0.8817	1.60013	1.13207	0.72931	0.54426	0.84905	1.18649	0.63134	1.4042	0.68577	1.61102	0.69666	0.31567	1.08852	1.0341	0.78374	0.3701	0.90348	0.38098	1.56748	1.05587	0.70754	0.57692	0.81639	0.70754	0.45718	0.30479	0.79462	1.02321	1.20826	0.77285	1.4042	0.65311	0.93613	0.87082	0.75108	0.96879	1.2518	0.63134	1.45862	0.50072	0.82728	0.62046	0.57692	0.85993	0.41364	0.77285	0.92525	0.97967	0.68577	0.67489	0.33744	0.64223	0.50072	1.1103	0.80551	0.52249	0.4463	0.83816	1.00144	0.92525	0.54426	1.07764	1.1103	0.87082	0.71843	0.664	0.8817	0.99056	0.54426	0.46807	0.8817	1.09941	2.03554	0.97967	0.59869	0.78374	0.52249	0.87082	0.92525	1.42597	0.92525	0.9579	0.57692	1.13207	1.16472	0.63134	0.57692	1.44774	0.81639	0.5878	0.93613	0.7402	0.8817	0.90348	0.94702	0.64223	0.76197	1.23003	0.76197	1.19738	0.46807	0.87082	1.24092	0.33744	0.7402	0.42452	0.69666	0.57692	1.75252	0.97967	0.5878	1.00144	0.60957	1.33889	0.68577	0.79462	0.3701	1.39331	0.51161	0.27213	0.76197	0.77285	0.63134	0.78374	0.87082	1.17561	1.16472	0.80551	1.17561	0.57692	0.97967	0.42452	0.64223	0.83816	0.22859	1.24092	0.80551	0.8817	0.63134	0.3701	0.99056	0.77285	0.67489	0.8817	0.34833	0.67489	0.53338	0.72931	0.56603	0.59869	0.72931	0.50072	1.16472	1.06675	1.01233	1.14295	0.5878	0.50072	1.07764	0.75108	0.54426	1.08852	0.93613	0.57692	1.42597	0.56603	1.44774	1.2518	0.76197	0.8817	0.91436	0.72931	0.60957	0.59869	0.92525	0.41364	1.34977	0.67489	0.64223	1.328	0.65311	0.69666	0.68577	1.27357	0.85993	0.80551	0.80551	0.55515	0.85993	1.17561	0.39187	1.07764	1.18649	0.64223	0.68577	1.4042	0.81639	0.70754	0.80551	0.664	0.89259	0.47895	0.5878	0.8817	0.7402	0.59869	0.65311	0.9579	1.45862	0.93613	0.67489	0.93613	0.78374	0.85993	0.87082	0.71843	0.80551	0.76197	0.53338	0.76197	0.56603	0.63134	0.65311	1.43685	0.93613	1.36066	0.69666	1.50216	0.68577	0.79462	0.76197	0.89259	0.63134	0.19593	1.14295	0.42452	0.78374	0.45718	0.85993	0.42452	1.12118	0.81639	0.32656	1.2518	1.48039	0.25036	0.82728	0.7402	0.82728	0.67489	0.75108	0.80551	0.60957	0.60957	1.16472	0.51161
cell152	0.93613	1.69615	1.9742	0.63953	0.6488	1.64054	1.22345	1.18638	2.1225	1.89079	0.81563	1.27906	0.45416	1.1493	0.73222	1.24199	1.37175	0.81563	0.54685	0.95466	1.88152	0.92686	1.27906	1.89079	1.45516	1.39955	1.20491	1.28833	0.74149	0.69514	0.68587	1.2976	0.59319	1.10296	0.93613	1.09369	1.09369	0.76929	1.22345	0.71368	1.7703	0.85271	0.50977	1.41809	1.06588	1.58492	2.26153	0.8249	1.1493	1.50151	1.68688	1.21418	0.69514	0.77856	0.95466	0.99174	1.30687	1.63127	0.76002	2.49324	0.74149	1.41809	1.96494	0.69514	1.08442	0.43562	1.01954	0.84344	2.02055	0.99174	0.9732	1.53858	1.39028	0.92686	1.23272	0.94539	0.84344	1.30687	0.98247	0.9732	1.30687	1.18638	1.13076	0.98247	1.37175	1.1215	1.25126	0.80637	1.2976	0.80637	1.05662	1.49224	1.17711	1.42736	0.76929	0.55611	1.26052	0.78783	0.93613	1.26979	1.36248	1.15857	1.37175	0.9732	0.96393	1.05662	1.26979	1.11223	1.06588	1.02881	1.14003	1.07515	1.24199	1.9464	1.77956	1.39028	0.60246	1.38102	1.2976	1.01954	1.16784	1.49224	1.4459	1.48297	0.60246	0.61173	1.4737	0.56538	1.10296	1.15857	1.52931	2.66935	0.75075	1.17711	1.20491	1.04735	0.94539	0.48197	1.38102	1.07515	1.15857	0.91759	0.86198	1.93713	0.98247	0.9732	1.49224	1.00101	0.73222	1.30687	1.34394	0.73222	1.23272	1.57566	1.26979	1.75176	1.52004	2.11323	1.02881	1.37175	1.40882	0.96393	1.23272	0.80637	0.91759	1.52931	1.19564	1.13076	0.87125	1.61273	1.89079	1.26052	2.2708	1.16784	0.75075	1.73322	0.58392	1.35321	1.21418	1.83518	1.13076	1.06588	1.65907	0.66734	1.08442	1.02881	1.50151	0.63026	1.18638	1.67761	1.54785	2.93814	1.98347	0.83417	1.78883	0.93613	1.39028	0.86198	1.13076	0.76002	1.1493	1.34394	0.7971	0.88978	1.02881	1.05662	0.52831	1.08442	1.43663	1.43663	1.39028	0.77856	1.01027	1.39028	0.63953	1.04735	1.52931	0.80637	0.6488	1.00101	1.14003	0.90832	1.07515	1.17711	1.01954	1.20491	1.9464	1.51078	1.52931	1.15857	1.85371	1.21418	0.93613	1.07515	1.06588	0.98247	0.73222	0.88978	0.93613	1.30687	1.02881	1.23272	1.72395	0.90832	0.52831	0.66734	1.49224	0.89905	0.59319	0.65807	0.33367	0.62099	0.73222	0.48197	0.8249	0.92686	1.34394	0.52831	0.54685	0.63953	0.63026	0.76929	0.81563	1.23272	0.50977	0.66734	1.05662	0.55611	0.63026	1.24199	0.90832	0.94539	1.03808	0.7971	0.83417	0.52831	0.61173	0.61173	0.46343	0.61173	0.90832	0.90832	0.76929	0.52831	0.45416	0.68587	1.1493	0.81563	0.81563	1.00101	1.73322	1.02881	0.95466	0.65807	0.94539	1.02881	0.72295	0.66734	1.11223	0.72295	0.68587	0.4727	1.00101	0.93613	0.4727	0.74149	0.91759	0.54685	1.03808	0.93613	0.84344	1.09369	0.81563	0.66734	0.6488	0.88978	0.88051	0.54685	0.48197	1.26052	0.68587	0.5005	1.30687	0.99174	0.87125	0.88051	0.53758	0.7971	0.72295	0.6488	1.09369	0.7971	0.87125	0.71368	0.51904	0.76002	0.50977	0.77856	0.88978	0.72295	0.76002	1.04735	0.69514	0.4727	0.35221	0.36147	0.73222	1.80737	1.26979	0.3244	0.88978	0.88051	1.10296	0.99174	1.09369	0.62099	1.20491	0.91759	0.45416	0.7971	0.71368	1.09369	0.8249	0.65807	1.02881	0.81563	0.96393	0.76929	0.5005	1.00101	1.1493	0.6488	1.36248	0.94539	0.69514	0.45416	0.53758	0.73222	0.63026	0.77856	1.11223	0.9732	0.9732	0.5005	1.15857	0.8249	0.46343	0.7971	1.23272	0.91759	0.77856	0.63953	1.42736	0.94539	0.76002	0.98247	0.42635	0.99174	0.88051	0.52831	1.05662	0.70441	0.85271	1.19564	0.75075	0.58392	1.00101	0.55611	0.95466	0.49123	0.85271	1.21418	1.28833	0.63953	0.46343	0.52831	0.80637	0.43562	1.18638	0.77856	0.62099	0.72295	0.90832	0.76002	1.1493	0.31513	0.59319	0.80637	0.59319	1.19564	0.50977	0.92686	1.07515	0.61173	1.02881	1.01954	1.33467	0.3244	1.19564	0.61173	0.83417	1.18638	0.80637	0.75075	0.77856	1.08442	0.95466	0.63953	1.2976	0.60246	0.43562	0.76929	1.06588	0.61173	0.7971	0.81563	0.57465	1.02881	0.88978	0.49123	0.84344	0.8249	0.92686	1.26979	0.76929	0.60246	0.93613	0.52831	0.76002	0.52831	1.59419	1.04735	0.49123	0.88051	0.50977	0.92686	1.06588	0.6488	1.41809	1.27906	0.88051	0.99174	0.83417	0.4727	1.01954	0.46343	1.37175	0.78783	0.6488	0.57465	0.84344	0.70441	1.01954	0.78783	0.74149	1.13076	0.7971	0.90832
cell153	1.1071	1.45877	1.14617	1.35457	1.30247	1.30247	1.57599	1.14617	1.17222	1.38062	1.0029	1.60204	0.96383	1.43272	1.40667	1.25037	1.35457	1.01593	1.25037	1.40667	1.06803	1.25037	0.92475	0.97685	0.84661	1.12013	1.47179	1.0029	1.04198	0.63821	1.18525	1.13315	1.055	0.92475	1.19827	1.2113	0.97685	1.58902	1.08105	1.04198	1.53692	1.2113	1.66716	0.62519	0.67729	0.97685	0.53401	1.2634	1.70624	0.59914	1.64111	0.67729	2.22723	1.52389	1.02895	2.14908	0.58611	1.0029	1.69321	0.83358	1.78439	1.41969	0.88568	1.30247	0.96383	1.04198	1.04198	1.54994	1.01593	0.72938	1.40667	1.09408	1.34155	1.39364	1.75834	0.85963	1.68019	0.57309	0.80753	0.91173	0.75543	1.30247	1.53692	0.76846	1.62809	1.52389	1.70624	0.91173	1.14617	1.57599	0.79451	1.12013	1.41969	1.02895	1.54994	1.49784	1.90161	2.83939	1.38062	0.69031	1.2113	1.61506	1.04198	1.45877	2.12303	0.57309	0.63821	0.97685	0.85963	1.49784	1.04198	1.73229	0.59914	0.49494	1.39364	0.75543	1.19827	0.71636	0.78148	1.52389	1.3155	1.30247	1.32852	0.71636	1.39364	1.3155	0.70333	1.1592	0.78148	1.02895	1.71926	1.1071	1.1071	0.58611	1.69321	0.63821	1.1592	0.75543	1.09408	1.88858	1.52389	0.93778	0.61216	0.83358	0.56006	1.0029	1.79741	1.3676	1.3155	1.09408	1.38062	1.30247	0.65124	1.055	0.85963	1.39364	0.65124	0.98988	1.04198	0.87266	1.82346	1.66716	1.27642	1.18525	0.70333	1.09408	1.39364	1.22432	1.45877	1.30247	1.30247	1.78439	0.76846	1.61506	1.38062	1.39364	1.09408	1.3155	1.32852	1.35457	1.2634	1.38062	0.75543	0.80753	1.06803	1.1592	1.53692	1.3155	1.48482	1.06803	0.82056	1.71926	0.80753	1.51087	1.41969	1.1592	1.38062	1.23735	0.93778	1.45877	2.87846	1.71926	1.88858	1.04198	1.1592	1.56297	1.69321	1.0029	0.82056	1.28945	0.76846	1.23735	1.51087	1.01593	0.53401	1.90161	1.17222	0.89871	1.64111	0.93778	0.78148	2.29235	1.1071	0.98988	0.88568	0.87266	0.49494	1.2634	1.43272	0.96383	1.01593	0.9508	1.25037	1.43272	1.2113	0.63821	1.2113	1.82346	0.74241	1.64111	2.12303	1.62809	1.055	1.48482	1.14617	0.74241	0.88568	0.59914	0.69031	0.49494	0.71636	0.74241	0.63821	1.22432	0.62519	0.52099	0.49494	1.39364	0.63821	0.69031	1.1592	1.2634	0.74241	1.04198	0.70333	0.98988	0.89871	0.44284	0.37772	0.54704	0.62519	0.57309	1.41969	1.39364	0.61216	1.04198	0.80753	0.84661	0.85963	1.17222	0.85963	0.79451	1.1071	0.61216	0.74241	0.37772	0.66426	0.69031	0.63821	0.61216	1.02895	0.82056	0.92475	1.0029	0.91173	1.04198	0.53401	0.46889	1.47179	0.62519	0.61216	0.44284	1.01593	0.85963	0.82056	0.52099	0.91173	0.45587	1.22432	0.29957	0.76846	0.57309	1.2634	0.50796	1.1071	0.89871	1.81044	0.70333	0.92475	0.41679	0.85963	0.61216	0.87266	0.46889	0.44284	0.80753	0.92475	0.93778	0.78148	1.09408	1.055	0.69031	0.62519	0.78148	0.83358	1.0029	0.83358	0.41679	1.055	0.69031	0.70333	0.59914	0.9508	0.57309	0.79451	0.83358	1.055	0.76846	1.17222	0.69031	0.96383	0.49494	0.27352	0.66426	1.68019	0.44284	0.69031	0.66426	0.70333	0.53401	0.79451	0.61216	1.18525	1.06803	0.59914	0.32562	0.71636	0.85963	0.93778	0.79451	0.84661	0.53401	0.57309	1.1592	0.88568	0.56006	0.52099	0.57309	1.22432	0.57309	0.67729	0.72938	0.52099	1.06803	0.50796	0.93778	0.45587	0.88568	0.92475	1.28945	1.71926	0.76846	0.91173	0.88568	1.30247	0.52099	0.59914	1.0029	1.35457	0.42982	0.9508	0.65124	0.37772	1.23735	0.72938	0.63821	0.70333	0.85963	0.35167	0.50796	0.89871	0.54704	1.02895	0.54704	1.19827	0.78148	1.12013	0.58611	1.25037	0.75543	0.71636	0.91173	0.66426	0.61216	1.1592	0.93778	0.41679	0.71636	0.58611	0.36469	0.67729	0.71636	1.17222	1.19827	1.12013	1.41969	0.70333	0.87266	0.76846	0.74241	0.87266	0.82056	1.44574	0.76846	1.01593	0.65124	0.56006	1.09408	0.40377	0.78148	1.08105	0.66426	0.91173	0.92475	0.31259	0.59914	0.45587	0.85963	0.29957	1.23735	1.08105	0.87266	0.65124	0.85963	0.80753	0.23444	0.84661	1.14617	0.29957	0.57309	0.63821	1.1592	0.57309	1.2113	0.58611	0.69031	0.58611	0.61216	1.19827	0.98988	0.61216	0.71636	0.42982	0.70333	0.54704	0.40377	1.02895	0.72938	0.70333	0.75543	0.54704	0.92475	1.69321	0.48191	0.79451	0.97685	0.59914	0.91173
cell154	1.52644	0.41174	1.27538	0.62263	1.21512	1.24525	1.01428	1.07453	0.24102	2.17919	1.23521	1.12474	1.87792	1.21512	1.45614	1.1147	1.47623	1.16491	0.76322	0.79335	1.02432	2.30974	1.36576	1.14483	0.86364	0.70296	2.08881	1.31555	0.90381	0.9239	1.3758	1.36576	0.9239	1.43606	0.46195	0.96407	0.89377	0.9239	0.89377	1.59673	1.15487	1.33563	1.14483	1.13479	2.35995	1.49631	1.27538	1.03436	0.7833	2.07877	1.54652	1.1147	1.58669	2.07877	1.32559	1.185	0.77326	1.1147	0.9239	1.27538	1.20508	0.70296	0.57241	1.15487	2.0386	0.53224	1.19504	1.41597	1.14483	1.94822	1.91809	1.67707	1.46618	0.66279	1.61682	1.21512	1.48627	1.19504	1.26534	1.39589	1.46618	0.72305	0.54229	0.88373	1.185	0.75318	1.69716	1.40593	0.98415	0.55233	0.90381	0.96407	1.45614	0.98415	1.4461	1.60678	1.31555	0.90381	1.41597	1.50635	1.185	1.38584	0.87368	1.05445	1.51639	0.81343	0.84356	1.10466	1.50635	0.97411	1.52644	1.0444	1.4461	1.36576	0.71301	1.31555	1.19504	1.30551	0.72305	1.58669	1.185	1.33563	0.88373	1.19504	1.30551	1.08457	0.99419	1.14483	1.38584	0.81343	1.43606	1.27538	1.58669	1.74737	1.06449	0.87368	1.09462	0.68288	1.12474	1.72728	1.06449	1.4461	1.02432	1.54652	1.07453	1.898	1.09462	1.78754	0.58246	1.4461	0.88373	1.02432	1.78754	1.23521	1.1147	1.03436	1.43606	2.2997	1.1147	0.64271	1.47623	0.86364	0.86364	0.57241	1.12474	1.33563	1.26534	1.64694	1.60678	1.07453	1.00423	2.39008	0.81343	0.94398	1.07453	1.42601	0.90381	1.1147	1.01428	1.58669	0.63267	1.09462	0.64271	0.90381	0.58246	0.77326	1.53648	0.86364	0.55233	1.58669	2.09885	1.54652	0.72305	2.05868	1.26534	1.10466	0.96407	1.54652	1.01428	1.185	1.39589	0.67284	1.54652	1.07453	1.36576	1.23521	1.39589	0.90381	0.8536	1.7072	1.48627	1.17495	1.15487	2.0386	0.77326	1.41597	0.88373	1.33563	0.9239	1.86788	1.6369	1.26534	1.07453	0.84356	1.21512	0.9239	1.30551	1.1147	1.00423	0.79335	1.21512	1.41597	1.40593	0.99419	1.72728	1.67707	2.53067	0.9239	1.32559	1.40593	1.51639	1.6369	0.63267	1.23521	0.75318	0.80339	0.55233	0.95402	1.17495	0.5222	0.82347	0.40169	0.48203	0.66279	0.67284	0.91385	1.40593	0.42178	0.79335	1.0444	0.42178	0.71301	1.33563	0.7833	0.9239	0.90381	0.67284	1.1147	0.45191	0.77326	0.9239	0.80339	0.47199	0.51216	0.41174	0.84356	0.75318	1.25529	0.69292	0.38161	0.97411	1.17495	0.44186	0.80339	0.91385	0.58246	0.89377	1.28542	0.71301	0.77326	0.43182	1.08457	0.49208	0.87368	0.71301	0.54229	0.67284	0.97411	1.28542	0.82347	0.67284	0.70296	0.7833	0.58246	0.68288	0.93394	0.77326	0.37157	0.44186	1.06449	0.5222	0.93394	0.97411	0.76322	0.74313	0.58246	0.37157	0.5222	0.50212	0.5925	0.93394	1.10466	0.44186	1.07453	0.53224	1.01428	1.20508	0.56237	0.64271	1.01428	0.53224	0.68288	0.75318	1.185	1.00423	1.17495	0.48203	0.71301	0.67284	0.65275	0.60254	0.60254	0.58246	0.56237	0.53224	0.58246	0.58246	0.8536	1.12474	0.53224	0.44186	0.89377	0.90381	0.72305	0.96407	1.87792	0.47199	0.94398	0.84356	0.64271	1.12474	1.14483	0.50212	0.88373	0.80339	0.64271	0.58246	0.80339	0.82347	0.81343	1.28542	0.58246	0.54229	0.57241	1.32559	1.32559	0.91385	1.03436	1.30551	0.45191	1.31555	0.7833	0.73309	0.58246	0.31131	0.64271	0.50212	0.80339	0.68288	1.14483	0.98415	1.06449	0.65275	0.93394	0.70296	0.42178	0.67284	0.95402	0.74313	0.70296	0.55233	0.94398	0.68288	0.37157	0.61258	0.5925	0.81343	0.91385	0.77326	1.07453	0.47199	1.07453	1.16491	0.95402	0.81343	0.75318	0.89377	1.0444	0.84356	1.02432	0.53224	0.65275	1.185	0.60254	0.83351	0.45191	0.49208	0.66279	1.52644	0.53224	0.56237	1.10466	1.69716	0.53224	0.47199	0.69292	0.77326	0.55233	0.65275	1.13479	0.61258	0.51216	0.7833	0.99419	1.31555	0.61258	0.65275	0.83351	0.98415	0.51216	0.73309	0.83351	0.83351	0.83351	1.25529	1.06449	0.77326	0.76322	1.55656	0.65275	1.51639	0.8536	0.97411	0.90381	0.73309	1.01428	1.26534	0.43182	1.00423	0.45191	0.41174	0.39165	0.34144	0.55233	0.89377	0.91385	0.90381	0.77326	0.5222	0.55233	0.73309	0.71301	0.69292	0.88373	0.8536	0.70296	0.42178	0.54229	0.77326	0.9239	1.07453	1.1147	0.44186	0.88373	0.87368	0.51216	0.8536	1.0444
cell155	0.73186	1.05927	1.45408	0.49111	1.44446	0.75112	0.91482	1.10742	1.4252	0.93408	0.72223	0.54889	0.79927	0.88593	0.60667	0.77038	1.15556	0.96297	1.07853	0.93408	0.28889	1.17482	1.1363	0.77038	1.0689	0.91482	1.03038	0.70297	1.04964	1.39631	1.04001	0.83778	0.94371	1.46371	1.07853	0.72223	0.98223	0.80889	0.91482	0.82815	1.47334	0.8763	0.76075	0.59704	0.9726	1.11705	0.92445	1.30964	1.55038	1.53112	1.18445	1.34816	2.21483	0.54889	1.37705	1.12668	1.51186	1.96446	1.12668	1.18445	1.55038	1.33853	0.59704	1.8489	1.69483	2.49409	1.74298	0.78001	1.60816	1.51186	1.14593	2.27261	1.60816	1.25186	0.99186	0.89556	0.68371	0.88593	0.93408	1.1363	0.73186	0.67408	0.44297	0.36593	0.0	0.0	0.0	0.72223	0.47186	1.01112	0.59704	1.3289	1.82001	0.52963	0.91482	1.8489	0.46223	0.91482	0.57778	0.69334	1.03038	1.12668	1.04001	1.15556	1.44446	1.00149	0.77038	0.66445	0.99186	1.56964	0.8763	1.24223	0.52963	1.4926	1.14593	0.88593	1.28075	0.41408	1.4252	0.69334	0.58741	1.0689	0.94371	1.43483	1.54075	0.92445	1.16519	1.1363	1.48297	0.88593	1.18445	0.93408	0.60667	0.67408	0.96297	0.60667	0.72223	0.81852	1.04964	0.7126	1.65631	1.47334	0.54889	1.3289	0.78964	0.91482	0.99186	1.30964	1.45408	0.68371	0.95334	1.10742	1.04001	1.30001	1.92594	0.47186	1.31927	1.10742	0.93408	0.72223	1.05927	1.25186	1.14593	1.20371	0.98223	0.68371	0.48149	1.09779	0.73186	0.77038	1.30964	1.01112	1.41557	0.72223	0.62593	0.80889	1.31927	0.42371	0.92445	0.95334	1.56001	0.48149	0.73186	0.75112	0.77038	0.89556	1.30001	1.40594	1.17482	0.56815	1.20371	0.8763	0.7126	1.19408	1.0689	1.11705	0.8763	1.75261	1.15556	1.15556	0.59704	0.90519	0.52	1.16519	0.91482	0.51037	0.94371	1.04001	1.30964	0.95334	0.70297	1.04001	0.98223	0.68371	1.04001	1.36742	1.55038	1.26149	1.0689	0.94371	1.07853	0.81852	0.73186	1.03038	1.35779	1.30964	0.92445	0.47186	0.76075	0.7126	0.73186	2.0415	0.85704	0.55852	0.56815	1.28075	1.22297	1.15556	1.45408	0.64519	0.90519	0.76075	0.81852	1.26149	1.91631	1.0689	1.05927	0.48149	0.82815	0.55852	1.09779	1.30964	0.96297	0.36593	1.34816	0.81852	0.84741	0.68371	1.05927	0.65482	1.3289	1.07853	1.19408	0.66445	0.90519	0.99186	0.91482	0.70297	0.49111	0.90519	1.31927	0.74149	0.65482	0.78964	1.25186	0.94371	1.26149	0.74149	1.30964	0.90519	0.83778	0.73186	1.57927	0.90519	1.16519	0.73186	0.91482	0.73186	1.74298	0.96297	1.04001	1.2326	0.53926	1.40594	1.57927	0.70297	0.7126	1.19408	1.26149	0.63556	0.92445	0.86667	1.05927	0.92445	1.89705	1.6852	1.69483	0.95334	1.0689	1.56001	1.0689	0.78964	0.9726	0.77038	1.60816	1.04001	0.94371	0.84741	0.80889	1.55038	0.86667	1.20371	1.01112	1.18445	1.03038	0.94371	0.93408	1.50223	1.29038	0.94371	0.65482	0.59704	0.48149	1.14593	0.78964	1.27112	1.12668	1.02075	1.08816	0.52	1.26149	1.43483	1.09779	1.3289	1.08816	0.86667	0.72223	1.43483	0.88593	0.78001	0.50074	0.36593	0.72223	1.65631	1.16519	0.98223	0.56815	0.8763	0.83778	0.7126	0.51037	1.26149	1.35779	0.84741	0.36593	1.61779	0.70297	0.83778	0.99186	0.70297	0.88593	0.78001	1.05927	0.84741	1.25186	0.36593	1.03038	0.52963	1.18445	2.19557	1.05927	0.88593	1.21334	1.1363	0.65482	1.00149	0.52	1.37705	0.4526	0.62593	0.70297	0.93408	1.11705	1.35779	0.58741	2.00298	1.33853	1.26149	1.2326	1.6852	1.0689	1.34816	1.29038	1.03038	0.98223	1.12668	0.65482	1.27112	1.95483	1.03038	0.62593	0.60667	0.9726	0.96297	1.37705	0.64519	0.73186	0.30815	1.03038	0.54889	0.78964	0.64519	1.16519	0.90519	1.17482	0.7126	0.9726	1.07853	1.39631	0.9726	0.6163	0.63556	0.96297	1.01112	1.28075	0.64519	1.2326	0.7126	1.05927	1.80075	0.65482	0.52	0.8763	1.27112	1.02075	0.72223	0.65482	1.08816	0.95334	1.29038	1.33853	1.02075	1.86816	0.83778	0.95334	0.93408	0.88593	0.88593	0.74149	0.96297	0.48149	1.20371	0.88593	1.19408	1.04001	0.60667	1.20371	0.90519	0.74149	0.96297	0.78964	0.80889	0.75112	0.60667	1.03038	0.79927	0.90519	1.41557	0.63556	0.60667	1.16519	0.6163	1.30001	0.92445	0.33704	0.51037	0.62593	0.83778	1.0689	0.3563	1.50223	1.05927	0.96297	0.92445	0.60667	1.46371	0.64519	0.93408
cell156	1.2039	0.93317	0.88132	1.08869	1.12902	1.16934	1.01381	0.57603	0.7546	1.39399	1.87785	0.841	1.70505	0.91589	1.61864	2.11979	0.85252	1.00229	1.04261	1.05989	0.73732	1.34215	1.01957	1.50344	0.99077	0.83524	0.63363	1.33063	1.54376	1.16934	1.57256	2.26955	1.45735	0.97925	1.37095	0.44354	0.89861	1.52648	0.74308	1.2615	0.81796	1.23846	1.92394	1.10022	0.85252	1.18662	1.39399	1.42855	1.37095	1.27878	1.90666	0.59331	1.41127	1.2903	1.6532	0.69123	0.67395	1.12902	0.59907	1.47463	1.43431	0.65667	1.12326	1.42855	1.05989	1.05413	1.39975	1.42855	0.80644	1.5668	0.98501	0.8698	1.1751	1.52648	1.78569	1.10598	1.66472	1.71657	1.42279	1.07717	1.39399	1.76265	1.30759	0.74884	1.16934	1.63592	0.54723	0.66819	0.81796	1.52072	1.16358	0.81796	1.82025	0.82948	0.69123	1.18662	0.67395	1.04261	1.2615	1.71657	0.841	1.03109	0.90437	1.74537	1.12902	1.76265	0.74308	1.39399	0.95045	1.41127	1.16358	1.32487	1.1175	1.49191	1.91818	0.83524	0.73156	1.07717	1.37095	0.56451	1.20966	1.61288	0.55875	1.49191	1.52072	1.52072	1.64744	1.37671	1.05413	1.03685	1.1751	1.30183	0.91589	1.13478	1.61864	0.58755	1.1751	1.29606	1.04261	1.10022	2.17739	1.07717	0.73732	1.13478	0.77764	0.97349	0.90437	1.42855	1.30759	1.5092	0.90437	0.88132	0.74884	0.74308	1.28454	1.75689	0.96197	1.26726	1.88937	1.18662	1.682	1.13478	0.69699	0.90437	0.95045	1.14054	0.88132	1.31335	0.91589	2.24651	1.60712	0.93317	1.14054	0.86404	2.25803	0.7546	1.2903	0.83524	0.73732	1.29606	1.57256	1.58408	1.15206	1.15782	1.12902	1.52648	1.42279	0.63363	1.60136	1.5956	1.24422	1.1175	1.16358	0.80068	0.64515	1.06565	1.19238	0.57027	1.5956	0.69699	1.33639	1.58984	1.41127	1.06565	1.49191	1.79145	0.90437	1.11174	1.49768	0.85828	1.11174	0.90437	0.7258	0.67395	0.78916	1.6532	1.82025	1.98154	1.16358	1.40551	1.52072	1.87209	1.1751	2.05642	1.60712	1.2327	0.87556	1.13478	0.95621	1.89513	0.8698	0.96773	1.41703	0.92165	2.07946	1.86633	1.11174	1.2327	1.52072	1.1751	0.91013	1.46311	1.58984	1.04837	0.77764	0.67971	0.38018	1.12902	0.54723	0.95045	0.8122	0.77764	0.59331	0.70852	0.88708	0.91589	0.73156	0.59907	0.76036	0.85252	0.73156	1.01957	1.34791	0.68547	1.01381	0.64515	0.66243	1.04837	0.83524	0.40898	0.40898	1.35943	0.97349	0.78916	0.72004	1.18086	0.63939	0.59331	0.43778	0.88132	0.8122	0.61059	1.12902	0.55299	1.29606	0.83524	0.82372	1.14054	0.43202	1.09445	0.88132	0.85828	0.66243	0.87556	0.61059	0.40898	1.01957	0.85252	0.35714	0.91013	0.50691	0.39746	0.50691	0.52995	0.70852	0.76612	0.54723	0.62211	0.91589	0.71428	1.02533	0.98501	0.64515	0.73156	0.99653	0.85252	0.59331	0.56451	0.87556	0.63939	0.80644	0.62787	0.84676	0.69123	1.38823	1.03109	1.15206	0.63939	0.57027	0.70276	0.63363	0.4493	0.73156	0.89284	0.92165	0.59331	0.50691	0.92741	0.60483	0.55875	0.48962	1.00229	0.80068	1.00805	1.29606	0.87556	0.27073	0.7546	1.15206	0.59907	0.89284	0.86404	0.40898	0.64515	1.33063	0.8122	0.89284	1.20966	0.85828	0.48962	0.42626	0.66243	0.69123	0.99077	0.79492	0.76036	0.92165	0.68547	0.47234	1.05413	0.98501	0.59331	0.87556	0.53571	0.4781	0.74308	0.4205	0.57027	0.841	0.54723	0.84676	1.00229	0.82948	0.81796	0.98501	0.48962	0.44354	0.99653	0.841	1.02533	0.62211	1.18086	0.25921	1.01381	0.69699	1.08293	0.50691	0.73156	0.66243	0.97925	0.95621	1.03109	0.7834	0.32258	0.62787	0.97925	0.36866	0.78916	1.35367	0.96773	0.69123	0.96773	0.54147	0.66819	0.78916	1.03109	0.85252	0.61059	0.93893	0.46658	0.98501	1.00805	0.99653	0.76036	0.58755	1.20966	0.77188	0.73732	1.01957	0.65091	0.45506	0.841	1.16934	0.82948	0.63363	1.07141	1.00229	1.32487	0.57027	0.96197	1.18662	0.48386	0.99077	0.7546	0.70276	0.55299	0.85828	1.04837	0.89861	0.4205	0.99077	0.38594	1.25574	0.50115	1.04837	1.21542	1.04261	1.09445	1.19814	0.21889	0.4205	0.67971	0.93893	0.32258	1.07717	0.92741	0.47234	0.81796	0.55875	1.5668	0.68547	0.57027	0.59331	1.16934	0.57027	0.76036	1.04837	1.09445	1.00805	0.67971	0.69123	1.37095	0.79492	1.03109	0.73156	0.62787	0.82372	1.03685	0.68547	0.71428	1.35943	0.94469	0.37442	0.97925	0.54723	0.93893	1.1175	1.07141
cell157	0.54577	2.04921	1.04005	1.00916	1.39017	1.06065	1.09154	0.63845	1.246	1.60642	2.0904	0.99886	0.74142	1.53434	1.08124	1.06065	0.60756	0.86499	1.31809	1.79177	1.61672	0.80321	1.48285	0.77232	1.28719	2.18308	1.82267	1.34898	0.8238	0.65904	1.04005	0.58696	1.97713	0.81351	2.16249	1.20481	0.78261	1.02976	1.29749	1.53434	1.33868	0.75172	0.80321	1.84326	1.41076	0.8547	1.09154	1.39017	0.81351	1.39017	1.11214	0.8444	1.05035	0.8547	1.04005	1.35928	0.49428	0.90618	1.96683	1.44166	1.65791	1.31809	1.20481	1.53434	1.19452	0.92678	0.79291	1.12243	1.05035	1.34898	1.16362	1.19452	0.76202	1.04005	0.8444	0.96797	1.52404	1.11214	0.78261	1.04005	1.08124	1.12243	1.37987	1.05035	1.40047	0.8547	1.2769	1.21511	1.32838	1.35928	1.14303	1.75058	2.47141	1.09154	0.80321	0.89589	1.18422	1.12243	1.58582	1.49315	0.75172	1.83296	1.86386	1.12243	1.37987	1.11214	0.86499	1.94624	1.18422	0.57666	1.36957	0.64875	1.62701	0.52518	1.49315	1.14303	0.96797	1.76088	0.74142	1.15333	0.73113	1.79177	1.52404	1.30779	0.64875	1.42106	2.08011	0.59726	0.92678	1.22541	0.97827	1.75058	1.04005	0.57666	1.62701	1.6682	1.6785	1.28719	1.82267	0.4016	0.50458	1.13273	1.57553	1.37987	0.95767	0.50458	1.82267	0.8341	1.51374	1.46225	0.96797	2.65677	0.79291	1.58582	0.95767	1.17392	1.19452	1.29749	0.72083	2.14189	1.2769	1.39017	0.55607	0.86499	0.96797	0.89589	1.64761	1.20481	1.36957	1.246	0.92678	1.20481	1.22541	1.23571	0.79291	0.37071	1.2563	1.32838	0.73113	1.13273	1.19452	0.97827	1.08124	1.59612	0.95767	0.91648	1.16362	0.93708	1.43136	1.23571	1.85356	0.93708	0.90618	1.19452	0.8341	1.19452	1.30779	0.91648	2.30665	1.43136	1.50344	0.8238	0.70023	1.44166	0.73113	0.91648	1.45196	1.55493	0.62815	0.63845	2.32725	1.28719	0.89589	1.32838	0.92678	1.2769	1.39017	1.31809	1.43136	0.94737	0.64875	1.36957	1.61672	2.1213	0.94737	0.98857	0.91648	1.22541	1.45196	1.14303	1.88445	1.6888	1.36957	1.6785	1.30779	1.18422	0.55607	1.246	1.31809	0.95767	1.57553	0.70023	0.57666	1.84326	1.32838	0.49428	0.96797	0.65904	1.34898	1.22541	0.66934	0.44279	0.74142	1.246	0.65904	0.62815	0.98857	0.67964	0.65904	0.78261	0.8238	0.79291	1.01946	0.86499	0.89589	0.92678	0.66934	0.65904	1.06065	0.49428	0.52518	1.29749	0.60756	1.16362	0.81351	0.78261	0.58696	0.66934	0.99886	0.91648	0.79291	0.88559	1.01946	0.70023	1.14303	0.76202	0.58696	0.48399	0.72083	1.09154	1.04005	0.49428	1.30779	0.90618	0.59726	0.33982	0.57666	1.04005	0.61785	0.4325	0.64875	0.95767	0.94737	0.57666	0.62815	1.11214	1.49315	0.8547	1.64761	1.12243	0.94737	1.04005	0.4222	1.06065	1.246	0.77232	0.38101	1.30779	0.71053	0.52518	1.10184	0.91648	1.05035	0.52518	0.54577	1.2666	0.8444	0.36041	0.97827	0.70023	0.96797	0.64875	0.32952	0.88559	0.70023	0.99886	0.73113	0.39131	0.44279	0.66934	1.01946	0.4119	0.65904	0.76202	0.8341	1.45196	0.68994	0.86499	1.29749	1.35928	0.48399	0.53547	0.71053	0.72083	0.92678	0.8547	0.88559	0.54577	1.02976	0.67964	1.2769	0.8238	0.8238	0.76202	0.79291	0.63845	0.36041	0.74142	0.92678	0.79291	0.73113	0.60756	0.77232	0.54577	0.28833	0.70023	0.87529	0.39131	0.68994	0.71053	0.8341	0.89589	0.49428	0.53547	0.64875	0.8341	0.4222	0.76202	0.58696	0.36041	0.46339	0.79291	0.58696	0.46339	0.56637	0.66934	0.48399	1.10184	0.49428	1.2666	0.49428	0.75172	0.50458	0.75172	1.12243	0.75172	1.44166	0.66934	1.05035	0.67964	0.97827	0.4325	0.64875	0.8341	0.52518	0.62815	1.59612	0.8444	0.8341	0.44279	0.59726	0.73113	1.31809	0.44279	0.64875	0.55607	0.52518	0.80321	0.95767	0.73113	0.94737	0.62815	0.72083	0.33982	0.62815	0.65904	0.94737	0.75172	0.49428	0.65904	1.05035	1.12243	0.80321	1.00916	0.73113	0.79291	0.64875	0.4016	0.52518	0.59726	0.70023	0.77232	0.94737	1.22541	0.66934	0.94737	1.44166	0.87529	0.86499	1.07095	0.66934	1.08124	1.30779	0.80321	0.54577	1.36957	0.90618	0.78261	0.62815	0.46339	0.8238	0.50458	0.80321	1.19452	0.53547	0.90618	1.00916	1.2769	0.86499	0.87529	1.22541	0.79291	0.63845	1.23571	0.96797	0.90618	0.55607	0.95767	0.58696	0.64875	0.64875	0.88559	0.63845	1.11214	1.19452	0.8341	0.66934	1.45196
cell158	0.69366	0.94922	0.8397	1.77675	0.8762	0.42593	0.36508	1.13176	0.48678	1.38732	0.76668	0.90054	1.5942	0.73017	0.94922	0.52329	0.97356	0.8762	0.46244	0.79102	0.42593	1.39949	1.37515	0.91271	1.13176	0.94922	1.20478	1.13176	0.38942	1.65505	0.59631	1.28997	1.70373	1.78892	1.02224	1.09525	0.79102	1.1561	1.26563	1.04658	0.8397	0.93705	0.66932	0.8762	1.52119	0.718	0.85186	1.93495	1.5577	1.84976	1.33864	2.14183	1.5942	1.08308	1.1561	1.22912	1.72807	1.58203	2.75031	1.31431	1.04658	1.65505	0.68149	1.74024	0.70583	3.10322	2.17834	1.75241	1.49685	0.92488	1.76458	1.52119	2.78681	1.04658	2.06881	0.64498	1.01007	1.19261	0.8397	1.28997	0.74234	0.47461	0.45027	0.47461	0.35292	0.25556	0.4381	0.63281	0.36508	0.63281	0.82753	1.39949	0.62064	0.93705	0.49895	0.65715	1.47251	0.63281	1.436	1.30214	0.63281	0.70583	1.03441	0.80319	0.23122	1.77675	0.92488	0.82753	1.03441	0.80319	1.36298	0.63281	0.59631	1.07092	0.91271	0.76668	1.52119	1.13176	0.66932	1.04658	1.08308	0.91271	0.81536	1.20478	1.32647	0.98573	1.07092	1.56986	1.46034	1.52119	0.718	0.68149	1.07092	1.33864	1.36298	0.37725	1.14393	0.74234	1.26563	1.04658	0.97356	0.92488	1.98363	1.16827	0.85186	0.58414	0.90054	1.5577	0.91271	0.63281	1.03441	0.58414	1.49685	0.86403	1.04658	1.32647	0.79102	0.88837	0.8762	0.63281	1.02224	1.02224	1.08308	0.46244	0.46244	1.03441	1.20478	1.89844	1.63071	1.22912	1.03441	1.08308	1.436	0.54763	0.76668	0.4381	0.42593	1.28997	1.53336	0.8397	0.8397	0.73017	0.80319	1.07092	0.59631	1.31431	1.14393	0.79102	1.02224	1.07092	0.57197	0.98573	0.8397	1.04658	0.98573	0.8397	1.36298	0.77885	0.69366	0.8762	0.81536	1.50902	1.14393	0.54763	1.25346	1.22912	0.85186	1.36298	0.66932	0.47461	0.8397	0.46244	1.19261	1.1561	1.21695	0.96139	1.436	0.51112	1.33864	1.436	0.88837	0.38942	1.64288	0.45027	2.23919	1.04658	0.74234	0.54763	1.67939	0.52329	0.76668	0.91271	1.11959	0.76668	1.48468	0.42593	0.97356	0.80319	0.8397	0.79102	1.72807	1.49685	0.94922	0.75451	1.49685	0.81536	1.10742	1.21695	1.13176	0.9979	1.08308	0.98573	0.62064	1.20478	1.09525	1.24129	1.10742	1.07092	0.58414	0.8397	1.10742	1.09525	0.90054	0.75451	0.92488	0.49895	1.05875	1.19261	1.04658	0.73017	1.01007	0.88837	0.49895	0.62064	1.21695	0.48678	0.85186	0.82753	0.41376	0.54763	0.73017	0.51112	1.5577	0.66932	1.01007	0.75451	0.46244	0.59631	0.74234	1.33864	0.54763	1.48468	1.26563	0.81536	1.22912	1.09525	1.53336	0.63281	0.80319	1.03441	1.1561	0.85186	0.85186	0.81536	1.37515	0.98573	0.96139	0.75451	0.69366	0.64498	1.36298	0.74234	1.30214	0.80319	0.92488	1.86193	0.68149	1.31431	1.56986	0.82753	1.53336	1.436	0.98573	0.94922	1.14393	0.81536	0.65715	0.94922	1.11959	0.77885	0.85186	0.9979	0.73017	0.69366	0.53546	1.44817	1.2778	0.57197	1.61854	0.90054	1.64288	1.1561	0.86403	0.77885	0.85186	0.57197	0.90054	0.77885	1.93495	0.96139	0.80319	0.63281	0.74234	0.74234	0.73017	0.51112	0.79102	1.436	0.88837	1.42383	0.47461	0.82753	1.24129	0.69366	0.85186	1.04658	0.47461	0.47461	0.91271	1.41166	0.51112	0.75451	1.48468	1.42383	1.02224	0.92488	0.85186	0.96139	1.49685	0.63281	1.02224	1.30214	1.30214	1.39949	0.65715	0.98573	0.8762	1.11959	1.63071	1.31431	1.33864	0.49895	1.21695	0.86403	1.03441	0.70583	1.16827	0.8762	0.91271	1.14393	0.9979	0.48678	1.07092	0.69366	0.51112	0.88837	0.74234	1.10742	0.88837	0.80319	0.80319	0.75451	0.74234	0.37725	1.37515	1.08308	0.69366	1.05875	1.18044	0.74234	0.69366	0.97356	0.88837	1.28997	1.01007	1.05875	0.77885	1.31431	0.42593	0.69366	1.18044	0.54763	0.81536	1.02224	0.90054	0.79102	1.52119	1.58203	1.21695	0.59631	0.75451	0.9979	0.47461	0.9979	1.01007	1.33864	0.59631	1.44817	0.92488	1.19261	0.86403	1.10742	0.73017	1.30214	0.62064	1.20478	0.97356	0.8762	0.62064	0.91271	0.76668	0.92488	0.91271	0.66932	0.82753	0.97356	1.44817	0.94922	1.03441	1.19261	0.63281	1.48468	1.22912	1.18044	0.85186	0.98573	0.53546	1.60637	0.88837	1.41166	0.51112	1.04658	0.5598	0.75451	0.65715	0.94922	0.65715	0.77885	0.96139	0.60847	0.94922	1.16827	1.42383	1.16827	0.88837	0.97356	0.76668	0.92488
cell159	0.84073	1.09454	1.36421	1.52284	1.47525	1.45939	0.38071	0.9835	1.18972	1.42766	1.22144	1.74492	1.68147	1.68147	0.79315	1.06281	1.33248	1.18972	0.79315	2.17322	1.52284	1.44352	1.23731	1.90355	0.57106	1.47525	1.38007	0.8566	1.44352	1.20558	0.6821	1.30076	1.52284	1.31662	1.06281	1.01523	1.99873	0.99936	1.18972	1.87182	1.18972	1.33248	1.49111	1.58629	0.80901	0.82487	0.53934	0.87246	1.17385	0.99936	1.03109	0.96764	1.31662	1.03109	0.6821	1.30076	1.34835	0.77728	1.57043	0.88832	1.01523	0.60279	1.26903	1.04695	0.79315	0.84073	0.84073	1.57043	0.92005	1.4118	1.15799	1.49111	1.80837	1.07868	0.9835	0.96764	1.33248	0.52348	0.77728	0.96764	0.99936	1.09454	1.22144	1.69733	1.85596	1.44352	1.12627	0.52348	0.84073	0.66624	1.49111	0.87246	1.06281	1.49111	1.06281	0.99936	1.50698	1.18972	1.04695	1.34835	1.4118	1.45939	0.72969	1.95114	1.22144	1.5387	1.06281	1.36421	0.72969	1.01523	0.93591	2.33185	0.71383	0.50761	0.72969	0.96764	0.41244	0.95177	1.55456	1.80837	1.52284	1.4118	0.77728	0.92005	1.57043	0.66624	1.33248	1.30076	0.99936	1.06281	1.09454	1.61802	0.9835	1.23731	0.63452	1.967	1.17385	1.50698	1.72906	1.4118	0.87246	1.72906	0.8566	1.04695	1.72906	1.20558	0.84073	1.42766	0.77728	1.71319	1.52284	1.31662	1.34835	1.15799	2.28426	1.01523	1.20558	0.80901	2.03045	1.01523	1.06281	0.72969	0.82487	0.63452	1.25317	1.04695	1.58629	0.69797	0.87246	0.92005	1.18972	1.15799	1.23731	1.58629	0.74556	0.93591	1.63388	1.38007	0.69797	1.17385	1.20558	1.12627	1.55456	1.20558	1.50698	0.95177	0.6821	1.07868	0.58693	1.18972	1.30076	1.82423	1.17385	1.26903	1.20558	0.8566	1.20558	1.39594	1.09454	2.06218	0.8566	0.80901	1.04695	0.95177	0.92005	0.9835	0.6821	1.25317	1.49111	1.26903	2.58565	2.18908	0.5552	1.50698	1.06281	1.967	1.95114	1.61802	1.23731	0.61865	1.06281	0.76142	1.12627	0.77728	1.47525	1.17385	0.88832	2.12563	1.47525	1.01523	0.71383	1.61802	0.96764	1.4118	0.65038	1.03109	1.76078	1.79251	1.2849	0.96764	0.95177	1.18972	1.79251	1.25317	1.31662	0.6821	0.74556	0.57106	0.72969	0.87246	0.80901	0.87246	0.66624	0.65038	0.61865	0.63452	1.1104	0.76142	0.3014	0.71383	0.72969	0.66624	0.74556	1.04695	0.49175	0.71383	0.96764	0.46002	0.77728	0.92005	0.9835	0.96764	0.90419	1.09454	0.65038	1.18972	0.53934	0.77728	0.79315	1.22144	1.39594	0.88832	0.5552	0.88832	0.63452	0.4283	0.79315	0.66624	0.60279	0.6821	0.82487	0.44416	0.71383	0.46002	0.90419	1.18972	0.53934	0.6821	0.87246	0.3014	0.87246	0.69797	1.09454	0.6821	1.17385	0.77728	1.01523	0.82487	0.63452	0.49175	0.77728	0.39657	0.61865	0.80901	0.92005	0.79315	0.61865	0.82487	0.60279	0.93591	0.79315	0.79315	0.93591	0.44416	1.4118	0.72969	0.58693	1.1104	0.99936	0.61865	0.95177	0.63452	1.12627	0.84073	0.46002	0.76142	0.66624	1.03109	0.50761	0.38071	0.8566	1.18972	0.57106	0.79315	0.52348	0.8566	0.49175	1.17385	0.96764	0.87246	1.04695	1.07868	0.61865	0.63452	0.87246	0.58693	1.12627	0.87246	0.79315	0.50761	0.4283	0.79315	0.96764	0.88832	0.69797	0.79315	2.22081	1.2849	0.58693	1.15799	1.01523	0.69797	0.80901	0.69797	0.66624	1.22144	0.52348	0.50761	0.66624	0.9835	0.69797	0.80901	0.9835	0.71383	0.4283	0.76142	0.53934	0.44416	0.38071	0.61865	0.74556	0.76142	0.47589	0.53934	1.52284	0.6821	0.31726	1.09454	1.17385	0.74556	0.90419	0.99936	1.50698	1.31662	0.82487	0.84073	0.77728	0.53934	0.90419	0.9835	0.80901	0.76142	0.90419	1.04695	0.69797	0.47589	0.71383	0.61865	0.82487	1.60215	0.33312	1.30076	0.41244	0.88832	0.95177	1.07868	0.72969	1.03109	0.44416	1.06281	0.52348	1.42766	0.74556	1.68147	0.90419	0.44416	1.03109	0.39657	1.06281	0.87246	0.69797	0.72969	1.4118	1.2849	0.76142	0.87246	0.6821	0.69797	0.60279	0.92005	0.53934	0.92005	0.76142	0.44416	1.55456	0.96764	0.77728	0.53934	0.6821	1.17385	0.96764	0.77728	0.61865	0.53934	0.90419	0.82487	0.95177	0.46002	1.09454	0.47589	0.8566	0.9835	1.15799	1.07868	0.84073	0.52348	0.74556	0.63452	0.50761	0.69797	0.69797	1.31662	0.6821	0.8566	1.18972	0.72969	0.3014	0.76142	0.65038	0.80901	0.80901	0.65038	0.93591	0.41244	0.71383	0.63452	0.77728	1.07868
cell160	0.88083	1.04599	0.66062	0.85881	1.35428	1.75065	0.68264	0.72669	1.13407	1.68459	0.81477	1.27721	0.81477	0.96891	1.2662	1.17811	1.24417	0.75972	0.9579	0.51749	0.64961	1.10104	1.28822	1.15609	1.22215	1.4864	1.4864	1.01296	0.64961	0.59456	1.50842	0.39637	1.00195	1.09003	1.22215	1.56348	0.61658	1.27721	0.80376	0.92487	1.01296	0.3193	0.90285	1.31024	0.85881	0.96891	1.17811	0.93588	0.71568	0.56153	0.8478	1.22215	0.50648	0.68264	1.46438	0.74871	0.70467	0.8478	1.03498	1.057	1.25518	0.71568	1.25518	2.114	1.00195	0.94689	0.8478	0.72669	0.94689	0.88083	0.72669	1.34327	1.18912	0.93588	1.92682	0.78174	0.7377	1.27721	1.13407	1.02397	1.25518	1.10104	0.88083	1.28822	1.59651	1.65156	1.12306	1.13407	1.04599	0.66062	1.25518	1.02397	0.75972	1.01296	0.8478	1.34327	0.77073	1.01296	1.20013	1.23316	1.22215	0.92487	0.91386	1.27721	0.37435	0.80376	1.39832	1.68459	0.68264	0.80376	1.20013	0.88083	0.86982	1.06801	0.81477	1.03498	1.5855	1.03498	0.44042	1.65156	1.40933	1.03498	0.47345	1.92682	0.85881	0.38536	1.20013	0.82578	1.00195	0.58355	0.75972	0.96891	1.1671	1.14508	1.47539	0.89184	1.49741	0.66062	1.36529	0.77073	0.5285	1.07902	1.29923	1.13407	0.49547	0.79275	0.78174	0.91386	1.50842	0.70467	1.20013	0.80376	1.44236	1.55247	1.01296	0.80376	0.88083	1.02397	0.92487	1.2662	1.53044	0.8478	0.51749	0.88083	1.057	1.02397	0.72669	0.56153	1.09003	0.72669	1.057	0.47345	1.07902	0.85881	0.88083	1.20013	1.42034	0.61658	0.78174	0.96891	0.66062	0.75972	1.12306	1.12306	1.31024	1.47539	0.97992	0.75972	0.77073	0.97992	1.22215	0.97992	0.91386	0.90285	0.77073	0.92487	0.57254	0.64961	1.24417	1.51943	1.00195	1.28822	0.81477	1.24417	1.00195	0.90285	1.09003	0.93588	1.12306	1.59651	0.81477	0.71568	0.44042	0.83679	1.3763	0.80376	0.83679	0.36334	1.4864	0.57254	1.13407	0.89184	1.28822	1.46438	1.18912	1.14508	0.85881	0.92487	1.057	1.03498	1.02397	1.1671	0.82578	0.70467	0.94689	0.53951	0.86982	0.49547	1.00195	0.83679	1.13407	0.97992	0.85881	0.93588	0.58355	1.50842	0.83679	0.92487	1.79469	0.82578	0.39637	0.61658	0.99094	1.03498	0.75972	0.85881	0.62759	1.10104	1.14508	0.72669	1.02397	1.40933	0.39637	1.82772	0.64961	1.29923	1.44236	0.91386	0.71568	0.50648	1.1671	0.99094	0.91386	1.13407	0.99094	1.17811	0.93588	0.72669	0.70467	0.46244	0.77073	1.12306	1.15609	0.80376	1.1671	1.60752	1.15609	0.68264	0.89184	0.74871	0.51749	1.07902	0.46244	0.82578	0.75972	1.09003	1.60752	1.13407	0.59456	1.33226	0.80376	0.85881	0.85881	1.34327	1.62954	0.93588	1.54145	0.78174	0.92487	1.02397	0.6386	0.80376	1.33226	0.88083	1.01296	1.25518	1.00195	0.90285	1.21114	1.15609	1.03498	0.82578	0.99094	0.50648	1.3763	1.00195	0.7377	0.57254	1.03498	1.51943	0.64961	1.17811	1.20013	1.3763	0.97992	1.15609	1.02397	1.17811	1.02397	0.46244	0.6386	0.92487	1.00195	1.22215	1.67358	0.53951	1.00195	0.57254	1.31024	1.81671	1.3763	1.10104	1.32125	1.60752	1.33226	1.20013	1.11205	1.35428	1.06801	0.88083	1.07902	0.78174	1.1671	1.34327	0.57254	1.40933	1.18912	0.59456	0.79275	0.56153	0.96891	0.61658	0.83679	1.32125	0.78174	1.15609	1.02397	2.06995	0.6386	0.46244	0.68264	1.29923	0.56153	0.90285	1.24417	0.75972	0.88083	0.69365	1.18912	1.23316	1.13407	0.75972	1.40933	0.85881	1.31024	0.64961	0.86982	0.78174	1.4864	1.4864	1.1671	0.70467	0.96891	0.48446	0.8478	0.9579	0.6386	1.2662	0.66062	1.20013	0.82578	0.60557	0.6386	0.99094	1.5855	0.79275	0.58355	1.20013	1.22215	1.32125	0.93588	1.12306	0.59456	1.057	1.54145	0.92487	1.12306	0.96891	0.68264	0.80376	0.74871	0.97992	1.24417	1.53044	0.19819	1.04599	1.31024	1.09003	0.85881	1.44236	0.88083	1.00195	0.96891	1.38731	0.92487	0.91386	1.57449	0.66062	1.1671	0.79275	0.92487	0.66062	0.70467	1.2662	0.61658	0.62759	0.9579	0.59456	1.21114	1.09003	1.1671	1.17811	0.88083	0.91386	0.53951	0.62759	1.18912	0.58355	0.55052	1.14508	0.91386	1.10104	1.11205	1.13407	0.45143	1.92682	0.80376	0.75972	1.02397	1.56348	1.20013	1.10104	0.85881	1.42034	1.04599	1.01296	0.86982	0.66062	1.13407	1.2662	1.04599	0.92487	1.49741	0.8478	0.78174	1.31024	0.59456	0.90285
cell161	0.70029	1.13654	1.0447	1.19394	1.05618	1.85979	1.34318	1.11358	0.78065	1.1021	1.38911	0.37885	1.14802	0.71177	0.9873	0.76917	1.2169	1.49243	1.05618	0.82658	1.42355	2.54861	1.2169	0.97582	1.28578	1.61871	0.48217	1.29726	1.11358	1.26282	1.01026	1.0447	0.96434	1.13654	0.91842	1.41207	1.07914	1.36614	1.68759	2.51417	1.68759	1.3317	0.9299	1.1595	2.11236	1.22838	1.07914	1.17098	0.60845	1.46947	1.11358	1.11358	1.45799	1.14802	1.20542	0.60845	1.2169	1.18246	1.1595	1.43503	1.73351	1.0447	1.05618	0.90694	1.73351	2.28456	2.05496	1.59575	0.90694	0.90694	1.12506	1.14802	1.03322	0.88398	1.18246	0.60845	2.34196	0.91842	1.77943	1.32022	1.14802	1.2169	1.91719	1.88275	0.79213	0.59697	1.17098	0.9299	0.67733	1.1021	0.67733	0.79213	1.09062	1.3317	0.51661	1.72203	1.72203	1.14802	1.23986	1.12506	1.18246	1.12506	1.73351	1.12506	1.30874	0.88398	2.21568	1.22838	1.2169	1.74499	1.37763	1.09062	2.07792	2.06644	1.20542	0.75769	1.2743	0.86102	0.76917	1.63019	0.8725	1.68759	0.68881	2.23864	1.36614	0.96434	1.45799	1.35466	1.72203	1.09062	0.83806	0.73473	1.2743	1.37763	0.65437	1.13654	0.57401	1.25134	0.94138	1.20542	1.1021	0.71177	1.44651	1.25134	1.05618	1.22838	1.43503	1.17098	1.56131	1.01026	1.13654	2.10088	1.20542	0.67733	0.78065	0.61993	1.17098	1.12506	1.07914	1.06766	0.70029	1.07914	0.9299	1.59575	1.53835	1.34318	2.42232	0.78065	1.45799	1.0447	1.2169	1.68759	1.35466	1.89423	1.51539	1.18246	1.30874	0.84954	0.80361	0.95286	1.59575	1.0447	0.97582	0.72325	0.91842	0.9873	1.57279	0.96434	1.3317	1.41207	1.42355	0.95286	1.88275	1.91719	1.30874	0.96434	1.14802	0.90694	1.92868	1.69907	0.64289	1.82535	1.09062	1.63019	0.89546	0.86102	1.2169	1.17098	1.2743	1.75647	1.2169	0.83806	1.02174	0.73473	1.1021	0.57401	1.91719	0.96434	1.54983	1.18246	1.43503	0.52809	1.30874	0.9299	0.9873	0.81509	1.63019	1.40059	1.99756	1.30874	2.49121	1.37763	1.72203	1.11358	0.73473	1.72203	1.48095	1.09062	1.73351	1.49243	0.88398	0.99878	1.98608	1.2169	0.37885	0.64289	0.95286	0.45921	0.50513	0.88398	0.84954	0.52809	0.47069	1.23986	0.48217	0.65437	0.47069	0.76917	1.06766	0.57401	0.39033	0.97582	0.43625	1.05618	0.65437	1.20542	0.49365	0.81509	0.89546	0.43625	0.39033	0.75769	0.88398	0.61993	0.68881	0.73473	0.63141	0.51661	0.79213	0.74621	0.45921	1.49243	0.47069	0.82658	0.56253	1.25134	0.83806	0.76917	0.80361	0.61993	0.82658	0.47069	0.50513	0.91842	0.94138	0.88398	0.59697	0.67733	0.99878	0.88398	0.61993	0.60845	0.66585	0.58549	0.84954	0.9873	0.9299	0.79213	0.50513	0.74621	0.50513	1.13654	0.95286	0.97582	1.0447	1.1021	0.59697	0.76917	0.55105	0.67733	0.9873	0.56253	0.60845	0.67733	1.50391	0.70029	0.95286	0.90694	0.71177	1.06766	1.66463	0.61993	0.39033	0.96434	0.96434	0.42477	0.9873	0.8725	1.19394	0.50513	0.65437	0.82658	1.01026	0.56253	0.47069	1.01026	0.45921	0.78065	0.89546	1.14802	0.68881	0.86102	0.9873	0.80361	0.68881	0.67733	0.49365	0.43625	0.61993	0.61993	0.61993	1.06766	0.71177	0.99878	0.52809	1.64167	0.45921	0.67733	0.58549	0.91842	0.76917	0.49365	0.8725	0.89546	0.90694	0.68881	0.57401	0.64289	0.42477	0.76917	0.61993	0.55105	0.65437	0.72325	1.22838	0.63141	0.90694	1.11358	0.75769	0.91842	0.67733	0.83806	0.94138	0.37885	0.9299	0.52809	0.41329	1.37763	0.52809	1.45799	1.30874	0.67733	0.72325	0.59697	0.59697	0.9299	1.01026	0.80361	0.95286	1.01026	0.57401	1.1021	0.79213	0.68881	0.60845	0.51661	0.75769	0.81509	0.79213	0.71177	0.75769	0.48217	0.51661	0.50513	0.55105	0.81509	0.82658	1.46947	0.96434	0.82658	0.47069	1.0447	0.52809	0.80361	0.50513	0.72325	0.52809	1.34318	0.71177	0.43625	0.89546	0.50513	0.75769	0.68881	1.25134	0.27553	1.1021	0.95286	0.79213	1.42355	1.2169	0.86102	0.91842	0.65437	0.89546	0.74621	0.45921	0.95286	0.89546	0.33293	0.59697	0.61993	0.66585	0.94138	0.40181	0.52809	0.79213	0.86102	0.49365	1.14802	0.56253	0.51661	0.79213	1.30874	0.43625	0.43625	1.1021	0.57401	0.44773	0.61993	0.70029	1.02174	0.39033	0.79213	0.90694	1.2169	1.02174	0.49365	0.55105	1.11358	0.89546	0.68881	0.60845	1.1021	0.89546	0.8725	0.8725	0.96434
cell162	1.56337	0.82994	0.82029	1.02294	0.97469	0.53077	0.92644	0.82994	1.27385	0.89749	1.1291	1.01329	1.47651	0.99399	0.49217	0.58868	0.72378	1.34141	1.2063	1.0519	1.04224	0.75273	0.75273	1.21595	2.07484	1.38966	0.71413	1.45721	1.00364	1.42826	0.89749	2.18099	0.98434	1.13875	2.04589	1.13875	0.94574	1.43791	0.72378	1.25455	1.31246	1.61162	1.33176	1.61162	1.41861	1.37036	0.82029	1.25455	1.11945	1.1677	1.39931	1.17735	1.1484	1.34141	0.71413	1.39931	1.00364	0.82994	1.25455	1.2642	2.05554	0.80098	1.19665	0.79133	1.28351	0.84924	1.02294	1.42826	1.60197	0.94574	1.96868	0.38602	1.64057	1.2449	0.98434	1.27385	1.63092	1.61162	0.73343	1.78533	1.42826	1.51512	0.80098	1.40896	0.88784	1.45721	0.64658	1.71777	0.88784	1.38001	1.01329	0.85889	1.39931	1.17735	1.33176	0.92644	0.82029	1.76603	1.2449	1.58267	0.70448	1.60197	0.98434	0.79133	1.1291	1.58267	0.70448	1.39931	0.56937	0.95539	1.61162	1.21595	1.65022	1.73707	1.35106	1.2256	0.85889	0.61763	0.83959	1.57302	1.44756	1.13875	1.0905	0.71413	1.39931	2.2775	1.23525	2.06519	0.83959	1.80463	1.32211	0.70448	1.90113	1.00364	1.39931	1.29316	1.46686	1.51512	0.82994	0.95539	1.32211	2.3161	1.46686	0.99399	1.01329	1.73707	1.59232	0.88784	1.56337	0.91679	1.42826	1.74673	1.01329	1.1291	3.00128	1.0905	1.11945	1.66952	1.37036	0.62728	1.1098	0.96504	1.13875	1.42826	1.44756	1.69847	1.1677	1.187	1.59232	0.63693	1.11945	2.14239	1.29316	1.95903	0.79133	1.74673	1.45721	0.41497	0.72378	1.34141	0.91679	1.23525	1.19665	0.99399	2.2968	1.33176	0.84924	1.08085	0.92644	0.91679	0.64658	1.73707	1.17735	1.2642	1.1098	0.91679	0.98434	0.40532	1.85288	1.187	1.80463	1.55372	1.2256	1.73707	0.99399	1.19665	0.61763	0.59833	0.78168	1.61162	1.62127	0.74308	1.70812	1.33176	1.77568	1.11945	1.46686	1.2256	1.11945	0.63693	0.90714	0.41497	1.27385	1.25455	0.82029	0.62728	0.89749	0.81063	1.90113	1.06155	0.82029	1.1291	1.19665	1.32211	0.74308	1.41861	1.66952	0.94574	1.38001	1.00364	0.85889	1.57302	1.46686	0.87819	0.74308	0.66588	1.59232	0.58868	0.53077	1.2642	1.01329	0.62728	0.73343	0.77203	0.57902	0.55972	1.33176	0.51147	1.58267	0.82029	0.86854	0.80098	0.73343	0.97469	0.40532	1.06155	1.15805	0.82994	0.60798	0.89749	1.11945	0.59833	0.78168	0.30881	0.94574	1.23525	0.75273	0.55972	0.23161	0.45357	0.60798	0.65623	1.02294	0.47287	0.94574	0.99399	0.99399	0.68518	0.91679	0.84924	0.77203	0.69483	0.54042	0.55972	0.54042	0.79133	0.34741	0.41497	0.54042	0.51147	1.0905	0.32811	0.82029	0.58868	0.45357	0.58868	0.44392	0.80098	0.63693	0.51147	0.60798	0.46322	0.75273	0.50182	1.25455	0.71413	0.59833	0.84924	0.71413	0.77203	0.60798	0.42462	0.90714	0.37637	0.84924	0.89749	1.37036	1.0519	0.53077	0.69483	1.23525	0.77203	1.02294	0.53077	0.59833	1.17735	0.78168	1.1098	0.26056	0.78168	0.78168	0.78168	0.65623	1.25455	1.33176	0.86854	1.03259	0.78168	0.62728	0.85889	0.94574	0.44392	0.74308	0.86854	1.2642	0.96504	0.53077	0.65623	0.91679	1.00364	1.1098	1.13875	0.78168	0.42462	0.93609	0.61763	0.48252	0.48252	0.65623	1.2063	0.75273	0.78168	0.64658	0.81063	0.65623	0.52112	1.13875	0.58868	1.0712	0.63693	0.84924	1.04224	0.65623	0.68518	1.15805	0.36672	1.02294	1.00364	1.01329	0.68518	0.82029	1.1484	0.76238	0.91679	0.66588	0.52112	1.0905	0.77203	0.78168	0.69483	0.83959	0.95539	0.45357	0.61763	0.58868	0.94574	0.98434	0.97469	0.76238	0.73343	0.45357	0.95539	0.64658	0.75273	0.49217	1.31246	1.04224	1.1484	0.61763	0.45357	0.86854	0.68518	1.10015	0.77203	1.04224	0.88784	0.79133	0.55007	0.67553	0.61763	0.55007	0.92644	0.58868	0.94574	0.53077	0.71413	0.87819	0.92644	0.76238	0.78168	0.64658	0.56937	0.49217	0.87819	0.62728	1.01329	0.84924	0.99399	1.56337	0.71413	0.80098	0.47287	0.98434	0.82994	0.70448	0.62728	1.32211	0.95539	0.82029	0.56937	1.27385	1.00364	0.68518	0.55972	0.27986	1.2449	0.59833	0.39567	0.55007	1.55372	0.64658	0.94574	1.15805	0.93609	0.67553	0.98434	0.41497	0.59833	0.82029	0.94574	0.69483	0.80098	1.13875	0.86854	1.19665	0.98434	1.30281	0.74308	0.99399	0.59833	1.187	0.92644	0.31846	0.91679	1.71777	0.78168	0.44392	0.92644
cell163	0.94328	0.47694	1.49441	1.22945	1.33543	1.71699	0.87969	1.20825	1.79118	1.38843	1.26124	1.30364	1.20825	1.27184	1.07047	0.7843	2.19393	1.95016	1.30364	1.5686	1.17645	1.04927	0.71011	0.7737	1.03867	1.32483	1.50501	2.4165	1.97135	1.17645	1.35663	1.01747	0.84789	1.14466	1.35663	2.07734	1.38843	1.611	1.32483	1.31424	0.98568	1.35663	1.07047	1.48381	1.48381	1.82297	0.7631	1.78058	1.48381	0.7737	1.05987	1.73818	1.24005	1.04927	1.31424	1.51561	1.02807	0.8161	1.03867	1.45202	2.49069	1.24005	2.05614	0.67832	1.04927	2.13033	0.90089	1.03867	1.611	1.6216	1.85477	1.03867	1.13406	0.49814	1.30364	0.59353	1.46262	1.70639	0.8267	1.05987	0.93268	0.75251	1.15526	1.09166	0.98568	1.13406	0.94328	1.39903	1.29304	1.43082	2.00315	2.14093	0.72071	0.7949	0.89029	1.19765	1.18705	1.37783	1.22945	1.64279	1.32483	1.54741	0.96448	1.21885	0.90089	1.31424	0.95388	1.5686	1.5898	1.42022	1.53681	0.89029	1.14466	1.04927	1.42022	1.33543	0.99628	1.80177	1.52621	1.02807	0.93268	0.84789	1.54741	1.30364	0.65712	0.99628	1.24005	1.42022	1.02807	1.08106	0.98568	1.09166	1.21885	0.68891	1.29304	1.611	1.16585	1.18705	0.71011	0.99628	1.69579	0.89029	0.50874	1.36723	0.67832	1.50501	1.54741	0.55113	1.55801	1.39903	1.32483	1.15526	1.6004	2.22572	0.8267	1.18705	0.94328	0.61472	1.00687	0.7949	0.7631	1.6322	0.89029	1.07047	1.07047	1.67459	1.04927	1.16585	1.19765	0.55113	1.38843	0.61472	1.15526	1.53681	1.26124	0.84789	1.36723	0.8373	1.74878	0.59353	1.20825	0.7949	1.15526	0.59353	0.75251	1.31424	1.24005	1.04927	1.08106	1.20825	1.69579	1.72758	0.94328	0.43455	1.21885	1.04927	0.64652	1.21885	1.17645	0.8055	1.27184	0.91149	1.34603	0.92208	1.5792	1.80177	1.10226	0.85849	1.17645	0.93268	0.86909	1.09166	1.25064	0.84789	1.43082	1.00687	2.45889	1.6216	1.45202	1.15526	1.20825	0.69951	1.14466	0.7949	1.85477	1.07047	1.40962	0.87969	2.00315	1.51561	1.75938	1.13406	1.00687	1.02807	1.97135	0.7631	0.55113	1.19765	1.35663	0.64652	1.18705	0.8373	1.47322	0.98568	0.55113	1.21885	0.67832	1.11286	0.33916	0.67832	0.7949	0.7949	0.8055	1.42022	0.56173	0.7631	0.95388	0.41335	0.66772	1.25064	0.45574	0.69951	0.89029	0.74191	0.47694	0.52993	0.59353	0.54053	0.59353	0.8161	0.7631	0.96448	0.52993	0.44514	0.75251	0.66772	0.32856	1.31424	0.7737	1.18705	0.57233	1.00687	0.73131	0.8161	0.60412	0.66772	0.64652	1.21885	0.7737	1.01747	0.49814	0.87969	0.75251	0.63592	0.38155	1.20825	1.15526	0.85849	0.52993	1.13406	0.97508	0.65712	0.84789	0.89029	1.34603	0.56173	1.08106	1.16585	0.46634	0.45574	0.72071	0.51934	1.09166	0.66772	1.03867	1.29304	0.41335	0.66772	0.7737	0.85849	1.29304	0.62532	0.39215	0.8161	0.93268	0.58293	0.87969	0.74191	0.8267	0.72071	0.7949	0.8161	1.33543	0.7631	0.7949	0.69951	0.72071	1.04927	0.98568	0.7737	0.90089	0.60412	0.84789	0.52993	0.91149	0.66772	0.62532	0.65712	0.36035	0.67832	0.75251	0.67832	0.36035	1.08106	0.69951	0.68891	0.8055	0.68891	1.28244	0.55113	1.43082	0.68891	1.00687	0.52993	1.18705	0.51934	0.98568	0.60412	0.60412	0.59353	0.73131	1.02807	1.04927	0.54053	0.90089	1.20825	0.64652	0.7737	0.43455	0.7737	1.35663	0.86909	1.44142	0.49814	0.73131	1.01747	0.64652	0.94328	0.52993	0.51934	0.55113	0.52993	0.64652	0.45574	1.15526	0.71011	0.65712	0.7949	1.07047	0.68891	0.59353	0.33916	0.64652	1.07047	0.71011	0.99628	0.23317	0.46634	1.17645	0.8055	1.17645	1.02807	0.97508	1.31424	0.42395	1.09166	0.31796	0.75251	0.87969	1.09166	0.50874	0.69951	0.55113	0.8055	0.61472	0.56173	0.86909	0.56173	0.42395	1.04927	0.8055	0.74191	0.71011	0.97508	0.56173	0.64652	0.99628	1.25064	1.04927	0.60412	0.56173	1.08106	0.38155	0.52993	1.17645	0.94328	0.69951	1.12346	1.17645	0.74191	1.19765	1.18705	0.84789	0.71011	0.51934	0.71011	0.74191	0.87969	0.66772	1.40962	0.62532	0.66772	0.61472	0.34976	0.67832	1.11286	0.60412	0.74191	0.67832	0.87969	1.02807	1.05987	1.00687	0.63592	0.42395	0.85849	0.99628	0.71011	0.71011	0.45574	0.67832	1.55801	1.42022	0.90089	0.8161	0.94328	0.7737	0.90089	0.71011	0.93268	0.61472	0.61472	0.95388	0.7843	0.57233	0.75251	0.48754	0.74191
cell164	1.03077	1.05675	1.40323	1.01345	1.3426	0.83154	1.10873	1.14337	0.83154	0.91816	1.29063	0.74493	0.91816	1.11739	1.22133	1.05675	1.13471	0.9095	1.22999	1.10006	1.44654	1.08274	1.48119	0.75359	1.3426	0.9788	1.17802	0.93549	1.13471	1.6371	1.10873	1.46387	1.60246	1.10006	1.14337	2.26076	1.42922	0.58901	1.26464	1.46387	1.44654	1.15204	1.64577	2.20879	2.01823	1.26464	0.59767	1.16936	1.07408	1.58513	1.04809	1.06542	1.26464	0.9788	0.50239	0.99612	1.12605	1.15204	1.74105	1.42056	1.05675	0.90084	1.39457	0.84021	1.29929	1.12605	1.22999	0.77091	2.91907	1.65443	1.42922	1.83633	1.08274	1.26464	0.82288	0.85753	1.6371	1.17802	0.97014	0.55436	1.3426	1.40323	0.77091	0.76225	1.05675	0.83154	1.29929	1.10873	1.22133	1.02211	1.10873	0.74493	0.68429	0.58901	1.87098	1.1607	1.29929	0.77957	1.3426	0.91816	1.95759	1.50717	0.77091	1.06542	1.56781	1.819	1.12605	0.90084	0.89218	1.56781	1.32527	0.97014	0.99612	0.64098	1.35126	0.96147	0.77091	0.84887	1.11739	1.14337	0.89218	0.88352	1.05675	0.64964	1.18668	1.16936	1.44654	1.40323	1.91429	0.82288	1.6371	1.02211	0.615	1.55915	0.84021	2.08752	1.00478	1.42922	1.44654	1.54182	0.81422	1.66309	2.10485	1.05675	2.01823	0.77091	0.76225	1.57647	1.80168	0.64964	0.50239	0.93549	0.86619	1.55048	0.85753	0.77091	1.19535	0.60633	0.9095	1.05675	0.87485	0.9095	1.13471	2.10485	1.31661	1.67175	2.6852	1.04809	1.50717	0.78824	0.82288	0.85753	1.35126	1.53316	1.51584	1.40323	1.48985	1.02211	1.48985	0.7969	0.83154	1.50717	0.9788	1.04809	2.0009	1.08274	1.46387	0.93549	1.4552	0.83154	0.90084	1.49851	1.05675	1.57647	1.06542	0.73626	1.48985	1.26464	1.16936	1.4552	1.94893	1.16936	1.82767	0.50239	1.53316	1.22999	1.26464	1.10873	1.08274	1.04809	1.21267	1.05675	1.10006	1.22133	1.37725	1.3426	1.14337	1.06542	1.39457	1.43788	1.10006	0.93549	1.17802	1.46387	1.03943	1.61112	1.28196	1.60246	1.18668	0.69295	1.56781	1.57647	0.92683	1.80168	1.02211	0.59767	1.87964	0.86619	0.9788	1.29063	1.04809	0.73626	1.43788	0.58035	1.28196	0.5457	0.57169	1.01345	0.56303	0.77091	0.94415	0.41577	0.77957	0.58901	0.74493	0.63232	0.71894	0.77957	1.10006	0.67563	1.13471	0.71894	0.74493	0.52838	0.47641	0.30317	0.76225	0.66697	1.30795	0.39845	0.86619	0.75359	1.14337	0.5457	1.46387	1.29929	0.94415	0.41577	0.84021	1.4552	0.7969	0.83154	0.77091	0.56303	0.62366	0.58035	0.74493	0.7276	0.71894	0.615	0.78824	1.30795	0.34648	0.81422	0.65831	0.71028	0.83154	0.64964	0.86619	1.42922	0.38112	0.1819	0.58035	0.58035	0.21655	0.77957	0.77957	0.81422	0.57169	0.86619	0.56303	0.73626	1.22133	0.94415	0.65831	0.64098	0.7276	1.11739	0.95281	1.1607	0.55436	0.52838	0.74493	0.7969	0.50239	0.78824	0.88352	0.62366	0.52838	0.42443	0.90084	0.95281	0.87485	0.51105	0.57169	0.59767	1.02211	0.83154	0.55436	0.91816	0.9095	1.24732	0.90084	1.13471	1.19535	0.97014	0.75359	0.84021	0.64964	1.08274	0.68429	0.69295	1.01345	0.50239	1.55048	1.03077	0.94415	1.26464	0.60633	0.84887	0.76225	0.58901	0.70162	0.53704	1.05675	0.93549	0.59767	1.12605	1.82767	0.48507	0.7969	1.26464	0.76225	1.42056	0.86619	1.15204	1.21267	0.76225	0.53704	0.51105	0.56303	0.26852	0.76225	0.81422	0.77957	0.55436	1.15204	0.9095	0.615	1.51584	0.55436	0.90084	0.95281	0.45042	0.76225	0.77091	1.59379	0.7969	0.90084	1.29929	0.71028	0.87485	1.18668	0.80556	1.12605	0.81422	0.74493	0.71028	1.17802	1.0914	0.77957	0.45908	1.30795	0.77957	0.64964	1.11739	0.70162	0.84021	0.85753	0.87485	0.64098	0.88352	0.70162	1.19535	1.15204	0.86619	0.76225	0.71028	0.83154	0.95281	0.48507	0.55436	0.94415	0.50239	0.37246	0.27718	0.3638	0.73626	0.80556	0.91816	0.5457	0.71028	0.64098	0.58901	1.38591	0.76225	1.04809	0.87485	0.60633	0.62366	0.96147	0.9788	0.52838	0.89218	0.64098	1.28196	0.52838	0.57169	0.47641	0.58901	1.17802	0.31183	1.15204	1.33394	0.42443	1.35126	0.93549	0.64098	0.50239	1.29063	0.48507	0.71894	0.77957	0.56303	0.69295	0.76225	1.21267	1.07408	0.60633	0.56303	0.70162	0.96147	0.97014	0.64098	0.52838	0.77957	1.18668	0.78824	0.9788	0.88352	0.56303	0.90084	0.78824	1.15204	0.57169	0.64098	0.58901	0.87485
cell165	0.62084	1.33037	1.09977	0.76274	0.76274	0.81596	1.17072	1.36584	1.54322	0.79822	1.22394	0.95786	0.95786	0.65631	0.53215	1.13524	1.13524	1.09977	1.11751	0.67405	0.99334	1.33037	0.26607	0.90465	1.38358	1.08203	1.17072	1.22394	0.94012	0.67405	0.88691	0.26607	1.04655	0.72727	0.67405	0.88691	1.06429	1.01108	0.69179	0.81596	1.13524	1.2062	0.88691	1.04655	1.08203	0.56762	0.79822	1.43679	1.61418	1.45453	1.02882	2.00442	1.50775	0.9756	1.01108	1.15298	0.85143	1.75608	1.56096	2.85585	1.70287	0.90465	1.45453	1.70287	1.36584	1.40132	1.61418	2.25275	1.82703	1.38358	1.84477	1.33037	1.64965	0.70953	0.85143	1.09977	1.2062	0.72727	0.90465	0.72727	1.18846	0.51441	0.33703	0.51441	0.0	0.0	0.0	0.10643	0.28381	0.3725	0.90465	1.06429	1.61418	1.45453	0.78048	1.08203	1.15298	0.8337	1.2062	0.95786	0.44346	1.02882	1.08203	0.90465	1.04655	0.81596	1.33037	0.53215	0.47893	0.88691	1.66739	1.54322	1.50775	0.69179	0.9756	1.22394	0.745	1.01108	2.3237	0.88691	0.15964	0.94012	1.27715	1.11751	0.9756	0.53215	0.88691	0.79822	1.01108	0.79822	1.08203	1.09977	1.02882	0.76274	0.94012	0.51441	0.8337	0.88691	1.15298	0.8337	0.78048	1.02882	0.69179	0.40798	1.45453	1.33037	0.76274	1.91573	1.04655	1.22394	0.58536	1.06429	0.79822	0.79822	0.94012	0.88691	0.54988	1.06429	0.58536	1.91573	1.29489	1.06429	1.43679	1.61418	0.88691	0.62084	1.18846	0.85143	0.6031	1.18846	0.67405	1.08203	0.90465	0.92239	1.18846	1.2062	1.50775	0.8337	1.27715	1.49001	0.63858	0.78048	0.90465	1.17072	0.85143	0.8337	1.06429	0.79822	0.6031	0.95786	0.3725	0.56762	1.68513	0.31929	0.2306	1.18846	0.94012	0.92239	1.13524	0.67405	1.43679	1.02882	1.29489	2.02215	0.69179	1.09977	1.2062	0.63858	1.22394	0.6031	0.76274	0.745	1.01108	0.42572	0.9756	1.29489	1.38358	1.02882	0.6031	1.2062	0.92239	0.67405	0.70953	1.22394	1.45453	1.5787	1.11751	1.17072	1.24167	1.36584	0.95786	0.745	0.58536	1.2062	1.18846	1.08203	1.45453	0.9756	1.47227	0.44346	2.21728	2.30597	0.86917	1.11751	1.22394	1.13524	0.88691	1.40132	0.70953	0.86917	0.51441	0.51441	1.33037	0.51441	1.63191	0.58536	0.94012	1.5787	0.70953	1.06429	1.25941	1.43679	1.22394	1.06429	1.45453	0.72727	1.13524	1.15298	0.9756	1.22394	0.62084	0.76274	1.82703	1.17072	0.65631	0.95786	0.95786	1.2062	0.54988	1.31263	0.51441	1.36584	0.70953	0.67405	0.78048	1.04655	0.86917	1.2062	2.05763	0.65631	0.54988	0.8337	0.86917	1.77382	0.86917	0.44346	1.01108	1.02882	1.40132	0.46119	1.22394	0.42572	0.56762	0.67405	0.81596	0.88691	0.67405	0.85143	1.24167	0.51441	0.745	0.92239	1.06429	1.84477	1.24167	1.27715	0.76274	0.51441	0.85143	0.8337	0.92239	0.95786	1.04655	1.54322	0.94012	0.62084	0.9756	0.63858	1.54322	0.72727	0.78048	1.43679	0.79822	0.56762	1.08203	1.29489	1.18846	1.04655	1.11751	0.745	0.78048	1.36584	1.22394	1.3481	1.18846	1.09977	0.95786	1.2062	1.2062	0.70953	0.92239	1.79156	0.54988	1.11751	0.85143	0.63858	1.22394	0.90465	0.99334	0.9756	0.86917	1.40132	0.44346	0.745	0.78048	0.8337	0.58536	0.8337	0.90465	0.90465	1.3481	1.02882	1.36584	1.17072	0.92239	1.36584	0.76274	0.78048	1.04655	1.11751	0.81596	1.04655	0.8337	0.49667	1.33037	0.88691	1.06429	1.06429	0.85143	1.04655	1.01108	0.95786	1.22394	1.27715	1.15298	0.79822	0.72727	0.49667	0.90465	1.01108	0.63858	0.99334	1.3481	0.92239	0.49667	0.49667	0.6031	0.49667	1.31263	0.79822	0.95786	0.24833	1.31263	0.88691	0.81596	0.72727	1.59644	0.58536	0.69179	1.06429	0.88691	0.62084	0.9756	0.42572	0.9756	1.45453	0.78048	1.36584	1.38358	1.63191	0.69179	1.11751	0.72727	0.81596	1.63191	1.17072	0.94012	0.95786	0.6031	1.04655	0.81596	0.6031	0.81596	1.11751	0.745	1.41906	0.69179	0.76274	1.11751	0.81596	0.65631	0.94012	1.27715	1.06429	1.15298	1.27715	1.11751	0.79822	1.54322	1.13524	0.6031	0.62084	0.81596	0.70953	1.18846	0.88691	1.49001	1.04655	1.01108	1.27715	0.69179	1.5787	1.18846	0.58536	0.95786	1.59644	0.54988	0.28381	0.95786	1.36584	0.70953	0.78048	1.02882	1.13524	0.65631	0.9756	1.06429	1.31263	1.29489	0.95786	1.04655	1.11751	0.70953	0.56762	0.92239	0.92239	1.33037	0.8337
cell166	1.37782	1.66112	1.13316	1.40358	1.32632	0.69535	1.33919	0.97864	1.0044	0.8885	1.41646	1.44221	0.64384	1.28769	1.88002	0.60521	0.65672	1.64824	0.84987	1.01727	1.3907	0.87563	1.24906	1.24906	0.97864	1.15892	1.36495	1.2233	1.24906	0.86275	1.01727	0.60521	0.95289	0.86275	0.74686	1.93153	0.837	1.60961	1.28769	0.82412	1.2233	1.40358	1.51947	0.75974	0.97864	1.2233	1.32632	1.03015	0.60521	2.0603	0.69535	0.78549	1.21043	1.2233	1.21043	1.54522	0.78549	1.31344	0.47644	1.33919	0.43781	0.95289	0.95289	1.12029	2.25345	0.97864	0.64384	0.59234	1.13316	1.69975	0.6696	0.95289	1.26193	1.81564	0.87563	0.94001	1.59673	1.69975	0.91426	1.81564	1.09453	2.2277	1.04303	0.75974	1.63536	1.57098	0.18028	0.68247	1.01727	0.73398	1.18467	1.24906	1.21043	1.31344	1.0044	1.12029	2.80716	0.79837	1.86715	1.84139	1.2233	1.53235	2.07318	1.1718	1.08166	1.09453	1.58385	1.69975	1.35207	1.12029	1.41646	1.26193	1.24906	1.3907	1.10741	1.18467	1.21043	1.59673	1.28769	1.50659	0.86275	1.71262	0.6696	1.27481	1.81564	1.08166	1.19755	1.31344	1.94441	0.7211	1.45509	1.75125	1.49372	0.84987	1.86715	1.68687	0.92713	1.08166	0.81124	1.18467	1.0044	1.32632	0.69535	0.91426	0.47644	1.44221	1.30056	1.1718	0.68247	0.77261	1.0559	0.99152	2.13756	0.75974	0.73398	0.81124	1.45509	1.41646	1.64824	1.08166	1.13316	1.24906	1.42933	1.57098	1.19755	0.51507	1.01727	0.60521	0.52795	0.82412	1.41646	1.32632	0.87563	0.64384	2.25345	1.13316	1.42933	1.37782	1.12029	1.30056	1.40358	1.77701	1.1718	1.42933	1.36495	2.60113	1.10741	1.14604	0.61809	2.25345	1.21043	1.73838	1.93153	0.79837	1.49372	0.57946	1.41646	1.40358	0.81124	1.23618	1.50659	1.99591	0.59234	1.41646	1.82852	1.58385	1.59673	0.77261	1.45509	1.99591	1.51947	1.32632	1.31344	0.64384	1.24906	1.46796	2.16331	1.32632	1.09453	1.62249	0.84987	0.70823	0.94001	1.14604	1.45509	1.27481	1.80276	1.28769	1.14604	0.97864	1.14604	1.15892	1.60961	0.92713	1.75125	1.09453	0.90138	0.79837	0.94001	1.09453	1.03015	1.01727	0.87563	1.13316	1.35207	1.24906	0.61809	0.64384	0.60521	0.6696	1.0044	0.84987	1.01727	0.52795	0.59234	0.75974	1.04303	0.64384	0.56658	0.82412	0.99152	1.10741	0.81124	0.7211	0.65672	0.70823	0.55371	0.73398	0.36055	0.70823	0.65672	0.57946	0.77261	0.18028	0.73398	0.87563	1.3907	0.7211	1.0044	0.43781	0.95289	0.59234	0.48932	0.60521	0.68247	0.78549	0.60521	0.41206	0.7211	0.77261	1.15892	0.55371	1.19755	0.65672	0.59234	0.65672	0.69535	0.34768	0.56658	0.41206	0.43781	0.837	1.54522	0.77261	0.70823	0.8885	0.68247	1.27481	0.55371	0.55371	0.94001	0.79837	0.60521	0.28329	0.74686	0.37343	0.7211	0.95289	1.35207	1.12029	0.91426	1.63536	0.61809	0.97864	0.84987	0.55371	1.2233	1.33919	0.95289	0.7211	0.52795	0.75974	0.95289	1.14604	0.61809	0.96577	1.13316	0.99152	0.78549	1.06878	0.42494	1.12029	0.74686	0.8885	0.7211	0.46357	1.24906	0.69535	1.3907	0.59234	0.34768	0.61809	0.78549	0.99152	0.8885	0.64384	0.84987	0.60521	0.74686	0.51507	0.7211	0.73398	0.60521	0.95289	0.99152	1.0044	0.54083	0.69535	0.64384	0.84987	0.55371	0.39918	0.5022	0.837	0.81124	0.95289	0.6696	0.79837	0.96577	1.49372	0.90138	0.47644	0.32192	1.44221	0.94001	0.60521	1.10741	0.64384	0.55371	1.33919	0.75974	0.86275	0.7211	0.51507	0.94001	0.51507	1.19755	0.92713	0.60521	0.48932	0.86275	0.47644	0.8885	0.99152	1.01727	0.99152	0.81124	1.1718	0.87563	0.96577	0.51507	0.63097	1.78988	0.64384	0.73398	0.82412	0.28329	0.6696	0.75974	1.06878	1.04303	0.5022	1.13316	1.0559	0.7211	1.09453	0.84987	0.91426	0.42494	1.01727	1.27481	1.03015	0.87563	0.47644	0.837	0.92713	0.79837	0.54083	0.41206	0.82412	0.82412	0.37343	0.41206	0.77261	0.59234	0.65672	0.81124	0.42494	1.15892	0.61809	0.91426	0.91426	0.61809	0.82412	0.43781	0.55371	0.837	0.75974	0.8885	1.04303	1.14604	0.81124	0.63097	1.12029	0.42494	0.69535	0.5022	0.64384	0.6696	0.38631	1.13316	0.55371	1.10741	0.54083	0.90138	0.59234	0.43781	0.97864	0.59234	1.01727	0.75974	0.75974	0.78549	1.28769	0.74686	0.57946	0.74686	0.47644	1.10741	0.55371	0.96577	0.91426	0.837	0.21891	1.46796	0.7211	1.09453	0.45069
cell167	1.5397	1.67064	0.95723	1.23718	1.20106	1.29136	1.40876	1.38618	1.10624	1.50358	1.76546	1.55776	1.66613	2.09507	1.01142	1.25975	1.40876	1.08366	1.80158	0.58247	1.32748	0.88047	2.34793	1.5984	0.84887	1.23718	0.91208	1.14687	0.48765	1.25072	0.89402	1.41779	1.45842	0.78565	1.11527	0.77662	1.08817	0.99335	1.43585	1.46294	1.76998	0.92111	1.67967	2.38857	0.55086	1.02948	1.35909	0.67277	1.12881	0.85338	0.93917	1.2146	1.90092	1.39521	0.81274	0.69986	1.08817	0.96626	1.17848	1.41779	1.50809	1.25072	1.17396	1.32297	0.97078	1.332	2.36147	0.98432	1.55324	1.70225	1.45391	0.65923	1.39521	1.67064	1.13784	0.49216	1.00238	1.8648	0.57795	1.33651	1.0972	0.73599	0.99335	1.47197	1.78352	1.45842	1.23266	1.25975	1.55776	2.29374	1.44036	1.14236	0.55538	2.05444	1.07463	0.69535	0.80823	1.69322	0.86241	0.70889	1.01593	0.67277	1.61646	1.56679	1.37715	0.81274	1.69773	0.69986	0.7992	0.93466	1.05657	1.51712	1.07011	1.23266	1.21009	0.72695	0.5328	1.38167	1.15139	1.16493	1.0972	2.14926	0.80371	1.53067	1.72482	1.01142	1.16945	1.5397	1.1559	1.14687	1.37263	1.26427	1.19202	1.94156	0.67729	1.75192	2.06798	0.69986	1.40876	0.93917	0.63665	1.37715	1.66613	1.35457	0.90305	0.61407	1.09269	1.53067	1.20106	1.16945	1.75192	1.44488	0.62762	0.53731	1.79255	1.27781	0.7405	1.14236	1.28233	0.76759	0.96626	1.20557	0.93466	1.57582	1.75643	1.45842	1.35006	0.61859	1.49906	1.56679	1.25072	0.95723	1.11527	1.55324	0.56441	1.49455	1.36812	1.67967	0.6818	1.64806	0.65923	0.96626	1.30491	1.72031	1.10172	1.39521	1.02045	1.60291	1.10624	1.00238	1.17396	1.67516	1.1243	1.43133	1.21009	0.72695	0.84887	1.03399	0.95723	1.63	1.46745	1.16042	1.16042	1.06108	0.96175	0.93466	1.11527	0.67729	0.85338	1.1559	1.08817	1.51261	2.26214	1.1559	1.90995	1.42682	0.76759	0.73599	0.92111	0.46507	1.2146	0.89853	1.79707	1.29588	0.63665	0.72244	1.67967	0.97529	1.22815	0.80823	1.13784	0.92111	1.06108	0.70438	1.03399	1.5397	0.86693	1.37715	1.16493	1.24621	1.30942	0.94369	1.00238	0.84435	0.57795	0.54634	0.57344	0.90305	1.16493	0.41992	0.68632	0.77662	0.87144	1.05657	0.69986	0.55989	0.76759	0.64568	1.40876	0.97529	0.88499	0.63665	0.92111	1.19654	0.69986	0.74502	1.03399	0.66826	0.71792	1.64355	0.80371	0.67277	1.74288	1.27781	1.07011	0.87144	0.95723	0.50119	0.76308	0.97981	0.71341	0.85338	0.49668	1.18299	0.60053	0.7992	0.67277	0.81726	0.79017	0.60053	1.27781	0.78565	0.75856	1.09269	0.7405	0.75856	0.96175	0.93917	1.16493	0.60053	0.75405	0.56892	0.82177	1.01593	0.55086	0.7405	0.43798	0.76308	0.66826	1.16042	0.45604	0.97529	0.58247	1.60743	0.42895	1.32748	0.54183	1.07463	0.80823	0.60956	0.88047	0.89853	0.82629	0.63665	0.7405	0.56892	1.14687	0.59601	0.71792	1.11527	1.23266	0.50571	0.6502	0.8579	0.54183	0.67729	0.79468	1.04302	0.92111	0.8579	0.47862	0.60956	0.6231	1.22363	0.7992	0.41089	0.5328	0.4154	0.67729	0.69986	1.2733	0.47862	0.36573	0.88499	0.50571	1.11978	0.52377	0.35219	0.51925	1.29136	0.6818	1.11075	0.86693	0.98432	0.76308	0.62762	0.77662	0.45604	0.60956	0.64116	0.71341	0.69535	0.83984	0.49216	0.77211	0.49668	0.74953	0.46959	0.80371	0.44701	0.40186	0.83532	0.63213	0.48765	1.37263	0.75856	0.71792	0.81274	1.36812	0.91208	1.05205	0.71341	1.04754	0.73599	0.4154	0.99787	1.0972	1.19202	0.98884	0.65471	0.44249	0.79017	0.60504	0.50119	0.81726	0.57344	1.18299	1.14236	0.40186	1.19654	0.99787	0.75856	0.62762	0.89402	0.63213	0.66374	0.61407	0.53731	0.79468	1.03851	0.75405	0.5328	1.10172	0.84435	0.82177	0.67729	0.80371	0.64568	0.5328	1.07914	0.66374	0.93014	0.79468	0.75856	1.2146	0.65471	1.35909	0.60504	0.65471	1.14236	1.38167	0.75405	0.87144	0.8895	0.75405	0.71341	1.08366	0.78565	0.60053	0.67277	0.81274	1.28233	1.01593	0.90305	0.74502	0.8579	0.84887	0.74953	0.53731	0.71792	1.10172	0.86693	0.97078	0.77211	1.02496	0.31155	0.93014	0.63665	1.18299	0.96626	0.69083	0.54183	0.75405	0.52828	0.42443	0.52828	0.6231	0.71341	0.98884	0.78565	1.41779	0.3251	0.83532	0.34316	0.72695	0.60504	0.53731	1.0069	0.77211	0.98432	0.53731	0.69986	0.52828	0.98432	1.0656	0.89853	0.39734	0.55538
cell168	1.2024	1.04451	0.95949	1.05665	1.32385	1.48175	0.88662	1.21455	1.37244	2.004	0.32793	0.77731	0.98378	0.87447	1.10524	0.87447	1.61535	0.63156	1.62749	0.71658	2.04044	0.55869	0.69229	1.16596	0.87447	1.39673	1.16596	0.85018	1.7368	0.97164	0.99593	1.45745	1.2024	0.94735	0.75302	2.58698	1.27527	1.77324	0.97164	1.05665	0.89876	0.65585	1.57891	1.05665	1.6032	2.02829	1.336	1.62749	0.69229	0.63156	2.1376	1.23884	1.02022	1.17811	1.26313	1.39673	0.59513	1.6032	0.76516	2.25905	0.76516	1.28742	0.83804	1.93113	0.88662	1.27527	0.668	1.74895	0.97164	1.05665	0.61942	1.25098	1.94327	1.31171	1.97971	1.31171	0.82589	1.66393	0.5344	1.36029	0.65585	1.10524	1.50604	1.26313	1.02022	2.48982	1.37244	1.78538	1.7368	1.40887	0.55869	1.03236	1.02022	0.69229	1.22669	1.34815	1.43316	1.76109	0.9352	0.74087	1.29956	1.34815	1.02022	0.38865	1.15382	1.44531	1.336	2.04044	2.004	0.99593	0.9352	1.336	0.43724	1.84611	1.31171	2.01615	1.15382	1.05665	1.25098	0.76516	0.69229	1.45745	1.7368	1.43316	0.71658	1.16596	1.23884	1.29956	1.85825	1.78538	1.65178	1.62749	0.89876	0.99593	0.70444	0.89876	0.8016	1.97971	1.15382	1.22669	0.99593	1.84611	1.00807	0.94735	1.336	1.05665	1.63964	0.94735	0.63156	1.57891	1.6032	0.68015	1.53033	1.11738	0.83804	1.16596	1.16596	1.14167	1.44531	1.88255	2.10116	1.23884	1.51818	1.15382	1.336	1.88255	0.82589	0.8016	0.47367	1.76109	1.14167	1.05665	1.05665	1.50604	1.336	1.48175	1.14167	1.00807	1.37244	1.05665	1.16596	0.69229	0.9352	1.78538	1.97971	0.86233	1.05665	1.31171	1.0688	1.19025	0.60727	0.88662	1.54247	1.43316	2.39265	1.40887	1.05665	0.92305	1.25098	0.78945	1.31171	1.22669	1.05665	1.38458	1.72465	0.94735	0.85018	1.27527	0.86233	1.40887	1.31171	1.78538	1.02022	1.04451	0.48582	0.48582	1.17811	0.82589	1.70036	0.58298	0.85018	1.22669	0.68015	1.36029	1.12953	1.55462	1.08095	0.63156	0.77731	1.44531	1.23884	0.76516	1.23884	0.77731	1.65178	0.74087	1.37244	1.34815	0.57084	0.99593	1.8704	1.4696	1.336	1.12953	0.87447	0.44938	0.43724	0.54655	0.89876	0.47367	0.63156	0.46153	0.65585	0.95949	0.87447	1.09309	0.54655	0.89876	0.85018	1.21455	0.60727	0.89876	0.51011	1.28742	1.05665	0.8016	0.94735	0.46153	0.76516	0.72873	0.81375	0.29149	0.55869	1.17811	0.99593	0.65585	0.82589	0.75302	0.86233	0.60727	0.55869	0.72873	1.2024	0.41295	0.65585	1.0688	1.43316	1.54247	0.8016	0.74087	0.82589	0.75302	0.92305	0.49796	0.61942	0.46153	0.92305	0.70444	0.77731	0.8016	0.46153	0.4008	0.44938	0.77731	0.71658	0.54655	0.82589	0.81375	0.64371	0.82589	0.98378	0.63156	1.16596	0.98378	0.37651	1.09309	0.65585	1.28742	0.8016	0.47367	0.68015	0.49796	1.12953	0.52225	0.88662	0.63156	0.77731	0.55869	1.00807	0.69229	0.63156	0.57084	0.85018	1.02022	0.95949	0.8016	1.32385	0.91091	0.85018	1.05665	0.5344	0.47367	0.89876	0.86233	1.11738	0.65585	0.55869	1.11738	0.4008	0.88662	0.87447	1.14167	1.34815	0.92305	0.75302	1.09309	1.27527	1.50604	0.64371	0.69229	0.97164	0.49796	0.83804	0.72873	0.88662	0.48582	0.68015	1.14167	0.54655	0.74087	0.63156	0.74087	0.35222	0.60727	0.60727	0.69229	0.86233	0.63156	0.60727	0.94735	0.44938	0.55869	0.36436	1.03236	0.52225	0.70444	1.15382	0.75302	0.57084	0.82589	1.12953	0.51011	0.46153	0.8016	0.61942	0.63156	1.04451	1.08095	1.25098	0.41295	0.668	0.95949	0.65585	0.68015	0.65585	0.97164	1.10524	0.64371	0.60727	0.61942	1.37244	1.36029	0.76516	0.92305	0.55869	0.52225	0.42509	0.72873	0.81375	0.86233	1.23884	0.55869	1.09309	1.16596	0.61942	0.9352	0.46153	0.87447	0.92305	1.15382	0.89876	1.23884	0.48582	1.2024	0.69229	0.99593	1.6032	0.46153	0.75302	0.64371	0.74087	1.00807	0.42509	0.82589	0.81375	1.45745	0.44938	1.10524	0.52225	0.98378	0.74087	0.51011	0.54655	1.0688	0.49796	0.91091	0.8016	0.48582	0.27935	0.63156	0.78945	1.2024	0.83804	0.60727	1.25098	0.19433	0.68015	0.85018	0.36436	0.87447	1.2024	1.44531	0.30364	0.64371	1.00807	0.86233	0.82589	0.38865	1.04451	0.91091	2.01615	0.82589	0.71658	0.668	0.78945	1.10524	0.64371	0.76516	0.98378	0.41295	0.71658	0.89876	0.63156	1.0688	1.05665	0.5344	0.2672	1.12953
cell169	0.93652	1.38194	1.54183	0.62815	1.42762	0.75378	0.69668	1.94156	0.9822	1.11926	0.94794	1.16494	1.74741	1.07357	1.50757	1.38194	1.03931	1.98725	1.72457	1.40478	0.82231	1.08499	0.74236	0.86799	1.50757	1.34767	1.47331	1.50757	1.05073	0.81089	1.48473	1.38194	1.17636	1.46188	1.18778	1.55325	1.00505	0.90226	1.34767	0.89084	1.03931	2.03293	1.61036	0.82231	0.89084	1.88446	1.4162	1.21062	0.9822	1.00505	0.90226	1.50757	0.66242	1.46188	1.54183	0.93652	0.71952	1.50757	0.44542	0.53679	1.72457	0.59389	1.23346	1.33625	1.06215	1.22204	1.03931	1.6332	1.81593	1.45046	1.59894	1.54183	0.9822	0.76521	1.25631	1.91872	0.90226	1.47331	0.60531	1.29057	0.42258	1.50757	0.9251	0.95936	1.3591	1.95299	1.50757	0.81089	1.34767	0.91368	0.63957	1.57609	1.75883	0.78805	0.83373	0.52536	0.9251	2.15856	0.99362	1.13068	0.58247	2.10146	0.69668	0.79947	0.85657	0.55963	1.24489	1.38194	1.24489	0.55963	1.49615	1.51899	1.50757	1.05073	0.81089	0.89084	1.07357	1.6903	0.76521	0.99362	1.74741	1.70172	0.9251	0.84515	0.7081	1.73599	1.61036	0.85657	0.7081	1.17636	1.23346	1.34767	0.67384	1.27915	1.33625	0.66242	0.97078	1.75883	1.24489	0.71952	0.61673	0.78805	1.22204	1.40478	1.08499	1.07357	1.08499	1.21062	0.9822	1.75883	0.71952	1.09641	0.47968	1.39336	1.73599	1.16494	0.75378	1.1992	1.10783	1.4162	0.83373	1.18778	1.45046	1.23346	1.1421	1.02789	1.1421	0.69668	1.27915	0.84515	0.95936	1.27915	0.90226	1.15352	0.66242	2.15856	1.02789	1.31341	0.61673	1.46188	1.30199	1.43904	1.10783	1.08499	1.32483	1.56467	1.9073	0.79947	1.64462	0.86799	0.78805	1.24489	1.42762	1.45046	1.65604	1.16494	0.90226	0.91368	2.45551	1.77025	0.78805	1.21062	0.52536	1.17636	1.21062	0.61673	0.79947	0.90226	1.25631	1.45046	1.18778	0.75378	1.34767	1.4162	1.75883	1.80451	0.85657	1.40478	1.6903	1.65604	0.9251	1.48473	1.64462	1.06215	1.24489	1.23346	1.48473	1.09641	1.71315	1.22204	0.61673	1.18778	1.09641	2.30704	1.45046	1.31341	0.93652	1.10783	0.71952	0.99362	1.50757	0.78805	0.95936	0.76521	0.58247	0.4911	0.90226	1.17636	0.63957	1.48473	1.02789	0.86799	1.02789	0.85657	0.62815	0.63957	0.77663	0.87941	1.31341	0.34263	0.44542	0.60531	0.63957	1.59894	0.434	0.73094	0.71952	0.51394	1.13068	0.51394	0.54821	1.21062	0.83373	1.18778	0.86799	0.94794	0.85657	0.61673	0.651	1.10783	0.85657	0.58247	0.9251	0.33121	1.22204	0.62815	1.25631	0.31979	0.55963	0.85657	1.30199	0.94794	0.62815	1.46188	0.4911	1.42762	0.35405	0.76521	1.13068	1.22204	0.75378	1.22204	0.86799	0.45684	0.68526	0.84515	0.84515	0.60531	1.27915	0.76521	0.91368	0.9251	0.95936	1.53041	1.01647	0.79947	1.11926	0.4911	0.2741	0.25126	0.68526	0.91368	0.75378	0.82231	0.434	0.37689	0.74236	0.651	0.74236	0.75378	0.74236	0.77663	0.7081	1.15352	1.40478	0.78805	0.84515	0.84515	1.07357	0.71952	1.31341	1.46188	1.05073	0.58247	0.62815	0.33121	0.69668	0.71952	1.37052	0.99362	0.44542	0.7081	0.57105	0.651	0.59389	0.73094	0.651	0.91368	0.97078	0.99362	1.00505	0.9822	1.21062	0.81089	0.85657	0.84515	1.3591	1.17636	0.51394	0.91368	1.00505	0.47968	0.90226	0.4911	0.99362	0.30837	1.11926	1.01647	0.81089	0.60531	0.93652	1.29057	1.09641	0.25126	0.76521	0.71952	0.89084	0.90226	0.66242	0.34263	0.75378	0.75378	0.39973	0.91368	0.82231	0.89084	0.50252	1.11926	0.69668	0.71952	1.49615	0.77663	0.73094	0.76521	0.99362	0.78805	1.08499	0.55963	0.41115	0.94794	0.71952	1.1992	1.06215	0.45684	0.91368	0.82231	0.95936	0.9251	0.55963	0.4911	0.31979	0.9251	0.47968	0.91368	1.00505	0.51394	0.84515	0.76521	1.1421	0.9251	0.46826	0.61673	0.83373	0.9822	0.91368	0.651	0.60531	0.75378	0.83373	1.06215	1.1421	0.77663	0.86799	0.73094	1.02789	0.68526	0.71952	0.74236	0.67384	0.44542	0.51394	1.06215	0.61673	1.01647	0.75378	0.99362	0.77663	0.434	0.73094	0.91368	0.651	0.66242	0.73094	0.46826	0.79947	1.09641	0.63957	0.30837	0.47968	0.58247	0.89084	1.09641	0.68526	1.07357	0.41115	0.76521	0.87941	1.23346	0.73094	0.68526	0.93652	0.47968	0.99362	1.03931	0.41115	1.17636	0.45684	1.00505	0.4911	1.13068	0.47968	1.03931	1.46188	0.97078	0.77663	1.06215	1.72457	1.01647
cell170	0.6481	0.90972	1.24864	0.55892	1.0227	0.47567	0.79675	0.79675	1.25459	0.73135	1.07026	0.95729	1.27837	0.65405	1.0227	0.58865	1.00486	1.29621	0.63621	0.95729	0.42811	0.82648	1.97404	1.03459	1.14162	1.29621	1.20107	0.67783	1.49837	0.68378	0.80864	1.40324	0.49351	0.60648	1.77783	1.42702	1.15351	0.88594	1.33783	0.73135	1.14162	0.68973	1.06432	0.90378	1.04648	0.79675	1.31405	1.49837	1.39134	1.36161	1.14162	1.02864	1.84918	2.33674	1.01675	0.79675	1.7481	1.93242	1.72431	1.98594	1.59945	1.17729	1.29621	1.53405	2.34269	2.08702	0.98108	1.20702	1.66486	1.33783	1.76594	1.3081	2.07512	0.76108	1.39134	0.89783	1.06432	1.30216	0.89783	0.64216	0.83243	0.44594	0.48756	0.73135	0.25567	0.48162	0.51729	0.49351	0.63027	0.64216	0.75513	0.91567	0.8027	1.4508	0.92756	0.98702	0.71351	0.79081	0.80864	1.17134	0.79081	1.08216	1.30216	0.93351	0.99891	0.79675	1.43891	1.3081	1.26053	1.18918	0.8681	0.88	0.73729	1.04053	1.0881	1.01081	1.18324	0.2973	0.92756	1.18918	0.64216	0.52324	1.12378	1.04648	0.8681	1.15945	1.39729	0.8681	1.29621	0.9454	1.3854	0.9454	1.2308	1.10594	0.97513	1.01675	0.93351	0.56486	0.95135	0.62432	1.41513	0.95135	0.87405	0.48162	1.15945	0.69567	0.99891	1.18918	0.80864	0.68973	0.85027	1.26053	1.08216	1.05243	1.20702	1.27837	1.04053	0.6481	1.01081	0.79675	0.83243	0.71946	0.82648	0.66594	1.36161	0.83243	1.22486	0.82648	0.60648	1.18918	0.95135	0.62432	0.8681	1.27837	0.85621	0.70756	0.89783	0.79675	1.0881	1.89675	1.03459	1.2308	0.8681	0.67783	0.57675	1.27243	1.04648	1.35567	0.44594	0.89783	0.82054	0.61838	0.97513	0.85621	1.37945	1.93242	1.14162	0.90378	0.79675	0.58865	1.18324	0.91567	0.27946	0.83837	1.29621	0.71351	0.41027	0.99297	0.67783	0.6481	0.74919	1.21297	1.46864	1.01081	1.34378	0.91567	1.37945	1.00486	0.58865	0.92756	0.49946	1.0227	1.11783	1.06432	1.04053	0.90972	1.07621	0.88594	0.70756	0.48756	0.99297	1.40324	0.92756	1.11783	1.0881	1.33188	0.82054	1.00486	0.74919	0.74919	0.55892	1.27243	0.83837	0.55892	0.95729	0.67189	0.73135	0.91567	1.19513	1.21891	1.10594	0.76108	1.29621	0.74919	1.48053	0.7254	0.54702	0.80864	1.77783	0.56486	0.64216	1.21891	0.99891	1.00486	0.88	0.92756	0.37459	1.03459	0.92162	1.41513	1.05837	0.8681	0.65405	0.83837	0.60054	0.85621	0.8027	1.11189	1.04053	0.77297	1.26053	0.7254	0.98108	0.41027	0.89189	1.36756	0.96918	1.36756	1.18918	1.07621	1.15945	0.8681	1.01675	0.85027	0.99891	1.18324	1.01081	0.82054	0.81459	1.08216	0.75513	0.98108	1.97404	0.77297	1.14162	0.66	0.67189	1.14162	1.20702	0.63027	0.87405	0.49351	0.58865	0.79081	0.62432	1.43891	1.69459	0.70162	1.1654	1.53999	1.02864	0.79675	0.76108	0.59459	1.05243	1.23675	1.37351	1.46864	1.32594	0.88	0.97513	0.84432	1.39134	0.63621	0.99891	0.87405	0.89783	0.74919	1.21891	0.44	1.00486	1.01081	0.73729	1.17134	0.68973	0.7254	0.37459	0.57675	0.76702	1.63513	1.74215	1.35567	0.88	0.93945	0.93351	0.73135	1.07026	1.0227	1.40324	0.95729	0.38648	0.61243	0.59459	0.92756	0.73729	0.76108	1.55188	1.25459	1.26053	1.09405	1.01675	1.29026	1.43891	0.79081	0.53513	1.37351	1.04053	0.99891	1.53999	0.37459	0.88594	0.83837	0.63621	1.19513	0.68378	0.92756	0.87405	1.51026	0.8681	1.34378	0.66594	1.15351	1.13567	0.39243	0.80864	0.98108	0.57081	1.04648	1.87296	1.03459	1.4508	0.67783	0.99891	1.24864	1.07026	1.01675	1.50432	0.96918	0.66594	1.68269	1.33188	1.73621	0.92756	0.7254	1.26053	1.18918	0.74919	1.12378	1.31405	1.39134	0.76108	0.90972	0.89783	1.08216	1.25459	1.25459	1.51026	0.6481	1.01675	1.17134	1.0881	1.27243	0.60054	1.11783	1.07026	0.87405	0.75513	0.89783	1.33783	0.75513	0.96324	0.77891	1.02864	0.74324	1.36756	0.40432	0.79081	0.90378	1.14756	0.71351	1.6054	1.27837	0.52919	1.05243	1.40918	1.44486	0.53513	1.3081	0.69567	1.06432	0.79675	0.23189	1.36161	1.05243	1.17134	0.84432	0.88	1.0881	0.60648	0.80864	1.01675	0.88	0.62432	1.56972	1.71242	1.05837	1.51621	0.46973	1.18918	0.96918	0.99297	0.99297	0.57081	1.07621	1.13567	0.85621	0.5054	1.61729	1.05837	0.93351	0.75513	0.6481	0.90972	0.83837	0.85621	0.74324	0.86216	1.11783
cell171	0.73493	1.07819	1.18821	0.79214	1.00338	0.43568	1.21901	0.51489	0.44888	1.02538	0.87575	1.43025	0.75693	0.93736	0.5985	1.19701	1.76911	0.46648	1.46986	0.5545	1.1662	0.49729	1.18381	1.08699	0.75253	1.58428	1.22341	0.5765	0.99457	0.69972	1.17501	1.59748	0.99897	0.5897	0.5457	0.70412	1.22341	0.50169	1.27182	0.67332	1.04298	1.05618	0.90216	0.86695	1.10019	1.33343	1.1354	1.44785	1.7207	0.40047	1.54907	1.17501	1.46986	1.37744	1.99355	1.6899	1.85713	2.08156	1.27622	0.98577	1.27622	1.08259	1.6943	0.82294	1.26302	1.03858	1.38624	1.42585	1.44785	1.65029	1.55347	1.65029	1.10019	1.08259	1.57988	0.51489	0.76133	0.91536	0.96377	1.07379	0.69532	0.63371	0.13642	0.69092	0.0	0.0	0.0	0.47968	0.48849	0.31686	0.63371	1.1486	0.82294	1.25862	0.90656	0.28165	0.74373	1.28503	0.80974	0.87575	0.85375	1.01218	0.86695	1.01218	1.31583	0.53689	0.93736	1.37304	0.88455	1.131	1.25422	0.5721	0.68652	0.91096	1.21461	0.90216	1.17941	0.79654	0.77894	0.88455	0.88896	0.89336	1.10019	1.59308	0.74373	1.06939	1.27622	0.84935	1.06939	0.71733	1.28062	1.17501	0.84055	0.98577	1.1178	0.90216	1.57108	0.25524	0.5985	1.7163	0.83615	0.91536	1.66789	0.90656	1.02978	0.79214	1.56667	0.76133	0.83615	1.07379	1.09579	0.62931	0.96817	0.60731	0.82294	0.52369	1.06939	0.82294	0.74373	0.5589	0.62051	0.60731	1.31143	1.36864	0.87575	0.94176	0.89336	1.17501	0.67332	0.97697	0.95057	0.88455	0.73053	1.02098	0.80534	1.7031	1.02978	1.1222	1.17501	1.18381	1.05618	0.80094	1.131	0.84935	0.74373	1.23662	1.153	0.95937	1.1222	1.54027	0.76573	1.10019	0.63811	1.94514	1.53147	1.04738	1.28503	1.37744	0.81414	0.5545	0.99457	0.66012	1.04738	0.81854	0.68212	0.84055	0.51489	0.91536	0.97697	1.17941	0.90656	0.84495	0.75253	0.76573	1.42585	0.63371	1.26742	0.98137	0.5545	1.06499	0.73493	1.10459	1.22781	1.1442	1.11339	0.66012	0.67332	1.00338	1.54467	0.75693	1.26302	1.45225	0.76573	0.66012	1.09579	0.73933	1.30703	0.66452	1.01218	1.06499	1.01218	0.88015	1.03858	0.82294	0.5853	1.02538	1.24102	0.87135	1.22781	0.78774	1.17501	1.06059	1.24102	0.69532	1.79992	1.1266	0.97697	0.98137	1.96274	1.24102	0.85375	1.36424	0.5545	0.80974	1.65029	0.79654	0.36966	1.04298	1.19701	1.79992	0.82294	1.05618	1.51387	0.67332	1.35984	0.87135	2.17398	0.50169	1.19701	0.87575	0.80534	1.02978	0.62051	1.37744	0.88455	1.153	0.5809	0.5633	1.25862	1.1662	1.32903	0.84055	1.32023	1.06059	0.95057	0.82294	0.39167	0.31245	1.19701	1.24102	1.57988	0.79214	1.07379	0.66012	1.08699	1.1222	0.99457	0.5853	0.86695	0.80094	1.20581	1.21901	1.07379	0.90216	0.99457	1.33343	0.52809	1.6899	0.69972	1.1222	1.38184	0.91096	1.05618	1.06499	1.02098	1.02538	0.89336	0.60291	0.84935	0.5853	1.61508	1.131	0.88455	1.04738	1.53587	0.69532	1.61948	1.153	1.23222	1.35984	0.66892	1.57548	0.93296	0.66892	1.59748	0.89776	1.81312	1.25862	1.03418	0.63811	0.70852	1.97595	0.79214	1.09139	0.47088	1.03418	0.74373	0.69092	1.07819	0.99897	1.23222	0.88896	0.74373	0.5457	0.92416	0.44448	0.60291	1.47426	0.92416	1.23222	0.65571	0.62931	0.48408	0.62051	0.80094	0.84935	1.34664	1.06939	0.83175	1.18381	1.54907	0.91976	0.73493	1.29383	0.84495	2.02435	1.30263	0.78774	0.81854	0.5545	0.81854	0.74373	0.90216	1.24982	1.44345	0.61171	1.20581	1.20141	0.46648	1.81752	1.49626	0.65571	0.5765	1.1178	1.1486	0.98137	0.73493	1.08259	1.1574	1.02098	1.1618	1.33343	0.97697	0.62491	1.50506	1.86153	0.80534	1.1662	1.05618	0.67332	0.80974	0.46208	1.01218	0.67332	0.41807	1.24102	1.48306	0.74373	1.06499	0.70852	1.03418	1.38184	0.86695	1.1662	1.1178	0.74373	1.11339	1.09139	0.5809	0.99897	1.52267	0.82294	0.5809	0.84935	1.28943	0.73493	0.62491	0.85375	1.37304	1.65909	1.37304	0.95057	0.66012	0.88896	1.31583	1.26302	0.90656	1.7075	0.91976	1.98035	0.5501	0.88455	0.71733	0.99897	1.06059	1.20581	0.52809	0.84495	0.77013	1.45666	0.82734	1.06059	1.05178	0.86255	1.32023	1.00338	0.91976	0.75253	0.68652	0.45768	1.38184	1.00778	0.69532	0.87135	1.08699	0.52369	1.17941	0.69972	1.35104	0.67772	0.40487	0.67772	1.1706	1.18381	0.74373	1.153	0.46208	1.06939
cell172	1.09739	0.84415	1.13357	1.14563	1.18181	0.95268	0.88033	0.36178	1.0371	0.77179	1.07328	1.09739	2.05008	1.20593	0.45825	1.0371	1.07328	1.13357	1.10945	1.45917	1.98978	1.07328	0.82003	1.65212	1.01298	0.69944	0.86827	1.10945	1.43505	1.32652	1.24211	1.21799	1.6883	1.90537	0.9768	2.2792	1.35064	1.0371	0.9768	0.62708	1.25417	1.0371	0.98886	1.25417	1.35064	1.55565	1.3627	1.14563	0.91651	1.08534	1.42299	0.74768	0.95268	0.84415	1.54359	0.84415	1.18181	0.89239	1.82095	1.44711	1.41094	1.628	1.3024	0.75973	0.67532	1.45917	0.74768	1.72448	0.86827	0.63914	0.86827	1.78477	0.79591	0.86827	1.64006	1.18181	1.38682	1.39888	1.50741	0.57885	0.90445	1.82095	1.47123	0.9768	1.59182	1.57977	1.23005	0.72356	1.3627	1.49535	0.75973	1.55565	2.21891	1.49535	0.95268	1.55565	0.84415	1.32652	1.9536	0.82003	1.85713	0.85621	1.39888	1.90537	1.48329	0.51855	0.82003	1.01298	1.01298	1.56771	0.69944	1.55565	1.18181	0.95268	1.44711	1.37476	1.21799	0.5909	1.55565	1.13357	1.48329	1.01298	1.50741	1.92948	0.72356	0.55473	0.67532	1.41094	1.44711	1.19387	0.80797	1.32652	0.95268	1.20593	1.3024	1.02504	1.01298	1.16975	1.06122	0.82003	1.53153	1.66418	1.51947	0.80797	1.55565	0.98886	1.47123	1.84507	1.00092	1.85713	1.12151	0.91651	1.53153	1.44711	1.15769	1.3627	1.10945	1.57977	1.18181	1.00092	0.67532	1.94154	1.71242	1.38682	0.60296	1.37476	1.04916	0.98886	1.88125	1.02504	1.35064	0.54267	1.50741	1.18181	2.84599	1.32652	0.67532	1.41094	0.63914	0.54267	1.08534	0.80797	1.31446	1.08534	0.95268	1.64006	0.57885	0.75973	1.51947	0.98886	0.49443	0.96474	1.49535	1.57977	1.3627	1.35064	1.65212	0.77179	0.96474	0.56679	1.12151	1.27828	1.88125	1.66418	0.92856	0.77179	1.98978	1.49535	0.9768	1.07328	1.21799	0.88033	0.7115	1.64006	1.33858	0.80797	1.08534	2.0742	1.31446	1.55565	0.50649	1.08534	1.38682	1.43505	0.92856	1.47123	0.89239	1.32652	1.09739	1.6883	1.15769	1.14563	1.18181	1.09739	1.27828	1.67624	1.08534	1.70036	1.32652	1.16975	0.89239	0.78385	2.19479	1.35064	0.92856	0.72356	0.51855	1.00092	0.79591	0.24119	0.79591	0.96474	0.75973	0.67532	1.08534	0.3859	0.82003	0.60296	0.67532	0.69944	1.04916	0.83209	0.84415	0.88033	0.79591	0.94062	0.63914	0.77179	0.74768	0.7115	0.94062	0.82003	0.85621	0.69944	1.45917	0.61502	0.67532	1.0371	0.43413	0.98886	1.0371	0.63914	0.75973	0.53061	1.23005	0.98886	0.61502	0.42207	0.86827	0.78385	0.39796	0.77179	1.09739	0.53061	0.66326	1.24211	0.85621	1.14563	0.61502	1.27828	0.85621	0.68738	1.01298	0.61502	0.94062	1.01298	1.10945	0.45825	1.56771	0.5909	1.06122	1.23005	0.72356	0.9768	0.75973	0.88033	0.75973	0.45825	0.75973	0.56679	1.00092	0.5909	0.54267	0.86827	0.80797	0.94062	0.86827	1.27828	0.78385	0.96474	0.72356	0.60296	0.49443	0.85621	0.48237	0.86827	0.73562	0.78385	1.44711	0.88033	0.86827	0.69944	0.3859	0.80797	0.41002	0.86827	0.95268	1.08534	0.90445	0.34972	0.72356	1.07328	0.92856	0.69944	1.0371	0.68738	0.61502	0.67532	0.47031	0.31354	0.91651	0.49443	1.31446	1.07328	0.66326	0.63914	0.89239	1.47123	0.30148	0.61502	0.55473	0.56679	0.67532	0.50649	0.63914	0.68738	0.96474	0.74768	0.7115	0.88033	0.72356	0.3859	0.77179	1.09739	1.01298	0.73562	0.79591	1.01298	0.95268	0.75973	0.82003	0.62708	0.55473	0.77179	0.51855	1.41094	0.96474	1.09739	1.13357	0.57885	1.14563	1.16975	0.79591	0.83209	0.85621	0.3256	0.74768	0.5909	0.6512	0.9768	0.37384	0.54267	0.6512	0.50649	0.42207	1.27828	1.31446	0.78385	1.21799	0.85621	0.69944	0.66326	0.9768	0.21707	0.98886	0.44619	0.57885	0.73562	1.20593	0.91651	1.12151	0.74768	0.77179	0.80797	0.75973	0.78385	0.68738	0.79591	0.56679	1.33858	0.86827	0.6512	0.47031	0.85621	0.67532	1.08534	0.47031	0.78385	0.62708	0.55473	1.21799	0.75973	0.72356	0.24119	0.67532	0.54267	0.6512	0.89239	0.84415	0.72356	0.57885	0.86827	1.29034	0.82003	1.21799	0.6512	0.91651	0.83209	0.7115	0.78385	0.44619	0.82003	0.53061	0.69944	1.08534	0.83209	0.54267	0.75973	0.33766	0.67532	1.00092	0.91651	0.88033	0.50649	0.28942	0.98886	0.80797	0.85621	0.66326	0.98886	0.78385	1.0371	0.90445	0.92856	1.24211	1.09739	0.95268	0.9768
cell173	1.58752	1.04907	1.50397	0.65915	1.22546	1.11405	1.11405	1.16976	0.84482	0.67772	1.00265	1.74535	0.65915	1.25331	1.51325	1.42042	1.45755	0.87267	1.38328	0.95623	1.51325	1.12334	0.61273	1.40185	1.4854	1.06763	0.86339	1.00265	1.57824	1.20689	1.46684	1.02121	0.85411	1.01193	1.4854	1.64323	1.94959	0.98408	1.16047	0.91909	1.96816	1.00265	0.77055	1.06763	1.11405	1.93102	1.16047	0.58488	1.23474	1.67108	1.52254	1.58752	2.08885	0.57559	0.81697	0.92838	0.7984	0.76127	1.78248	1.34615	1.81034	1.16976	1.16047	1.46684	1.25331	2.1167	1.04907	0.82626	1.10477	1.54111	0.82626	1.15119	0.80769	0.80769	1.67108	1.42042	0.9748	0.82626	0.67772	1.23474	0.94694	1.57824	0.87267	0.6313	1.86604	1.69893	0.90981	0.58488	0.84482	1.60609	0.87267	0.92838	1.70821	1.10477	1.04907	1.11405	0.78912	0.6313	0.96551	1.01193	2.27452	1.94959	0.91909	1.0305	1.16047	1.0862	1.91246	0.94694	1.1419	0.89124	1.19761	1.90317	1.69893	0.73342	1.40185	1.55967	1.00265	1.45755	0.51061	1.50397	0.72413	1.22546	1.39257	1.16047	1.29973	0.7984	0.99336	1.29044	1.12334	1.23474	1.38328	0.94694	1.38328	1.68036	1.54111	0.77984	0.56631	0.95623	1.52254	1.05835	0.31565	1.79177	0.86339	1.0862	0.91909	1.04907	1.55039	1.88461	1.09548	1.11405	1.40185	0.73342	0.95623	1.91246	1.01193	0.77984	1.97744	1.42042	1.04907	1.22546	0.82626	1.29044	1.53182	0.60345	1.33686	1.0862	1.27188	2.02386	1.69893	1.07692	1.58752	1.32758	0.70557	0.89124	1.1419	1.22546	1.57824	1.28116	0.92838	1.75463	1.72678	1.02121	1.27188	0.75199	1.79177	1.26259	2.14455	0.67772	1.30901	1.91246	0.83554	1.16047	1.68965	1.59681	0.69628	0.89124	1.16047	1.09548	2.05171	1.43898	1.26259	1.24403	1.02121	1.36471	1.68036	1.1419	1.45755	2.19097	1.55967	1.65251	1.35543	1.02121	1.06763	1.44827	1.16976	1.02121	1.32758	0.85411	1.26259	1.18832	1.374	1.55967	0.6313	1.21617	1.35543	1.59681	1.63394	1.17904	1.21617	1.55967	0.84482	0.6313	0.55703	1.57824	0.65915	0.77055	1.81962	0.92838	1.23474	0.89124	1.84747	1.99601	1.01193	1.25331	0.90053	0.94694	0.78912	0.54774	0.66843	1.22546	0.64986	0.82626	0.54774	0.4549	0.99336	1.25331	0.71485	0.53846	0.72413	0.53846	0.7427	0.76127	0.53846	0.38992	1.23474	0.50132	0.93766	0.62201	0.7427	0.96551	0.51061	0.89124	0.7427	1.50397	0.88196	0.70557	1.11405	1.28116	0.75199	1.02121	0.82626	0.89124	0.53846	0.81697	0.78912	1.12334	0.85411	0.59416	0.42705	0.65915	0.84482	1.11405	0.40849	1.17904	0.81697	0.50132	1.06763	0.84482	0.57559	0.6313	0.90981	1.22546	0.80769	0.7427	0.71485	0.84482	0.42705	0.67772	0.51989	0.47347	0.98408	0.90981	0.55703	1.16047	1.70821	1.06763	0.99336	0.94694	0.52917	1.04907	0.70557	0.38992	0.36207	0.73342	0.71485	1.15119	0.89124	1.15119	0.7984	0.60345	0.52917	0.51061	1.06763	0.66843	1.0862	1.01193	0.91909	0.84482	0.7427	0.66843	1.01193	0.62201	0.89124	1.39257	0.50132	0.91909	1.06763	0.87267	0.76127	1.00265	1.17904	0.55703	0.76127	0.3992	0.56631	0.76127	0.90053	0.65915	0.77984	0.85411	0.89124	0.75199	0.64986	0.50132	0.64058	0.58488	0.95623	1.11405	0.82626	0.46419	0.84482	0.84482	0.95623	0.38063	0.85411	0.73342	0.77984	0.62201	0.64986	0.81697	0.84482	0.72413	0.49204	0.3435	0.51989	0.48276	0.64986	0.71485	0.72413	0.95623	0.57559	0.78912	0.98408	0.87267	0.87267	0.49204	0.67772	0.64058	0.7427	0.4549	0.85411	1.05835	0.57559	0.38992	0.7984	0.71485	0.43634	0.53846	1.17904	0.95623	0.35278	0.58488	0.90053	0.53846	0.91909	1.10477	1.13262	1.28116	0.50132	0.6313	0.37135	0.92838	0.7984	0.7427	0.51061	0.687	0.6313	0.70557	0.51989	1.40185	0.49204	0.91909	0.95623	0.78912	1.07692	0.44562	1.00265	0.64058	0.90053	1.00265	0.86339	0.60345	0.50132	1.16047	0.7427	0.35278	0.98408	0.88196	0.80769	1.03978	0.7427	1.18832	0.75199	0.91909	0.75199	0.59416	0.70557	0.21353	1.01193	0.60345	0.85411	0.87267	0.96551	0.60345	0.77984	1.4297	1.17904	0.3992	0.85411	0.81697	0.3992	0.75199	0.94694	0.66843	0.73342	0.687	0.66843	0.77055	1.07692	0.82626	0.86339	0.75199	1.0862	0.88196	0.48276	0.60345	1.09548	0.90981	0.77984	0.99336	0.69628	0.687	0.58488	1.50397	0.65915	0.7984	0.48276	0.46419
cell174	1.23528	1.05146	1.33086	0.96322	1.21322	0.78675	1.66909	1.11763	1.0441	1.77203	1.30145	1.19116	1.05881	2.04409	0.99999	1.22057	2.05879	1.45586	1.15439	1.24263	0.87499	0.76469	0.71322	1.8235	0.56617	0.53676	1.09557	0.61764	1.26469	0.77205	1.37498	1.72792	2.05144	1.05146	0.82352	0.74264	1.11763	1.15439	1.60292	0.81616	0.97057	2.63967	1.44116	1.52204	0.96322	1.33822	1.15439	0.49264	0.88969	1.45586	1.48527	1.45586	0.82352	1.41174	1.65439	0.53676	0.94116	1.75733	1.64703	1.46321	0.97793	1.5588	1.28675	1.36027	1.52204	1.32351	0.81616	1.54409	1.06616	1.1691	1.10292	1.49263	0.69852	1.93379	1.46321	0.9044	0.5147	2.11026	0.79411	1.33086	1.50733	1.0441	1.08087	1.49998	1.61027	0.88234	0.62499	1.22792	1.33086	0.78675	0.99263	1.58821	1.70586	1.57351	0.81616	1.14704	0.66911	1.19116	1.33086	0.88969	1.33822	0.86763	1.90438	1.17645	0.99999	1.23528	1.12498	1.08087	0.99263	1.67645	1.13969	0.87499	0.72058	1.97056	1.11028	1.34557	1.37498	1.88968	1.90438	1.30145	1.19116	1.0294	1.08822	0.92646	1.01469	0.72793	1.03675	0.82352	0.72058	1.36763	1.65439	0.99263	0.64705	0.47793	1.0294	0.9191	1.50733	1.33822	1.56615	1.07351	1.13969	1.11763	1.22057	1.50733	0.71322	0.49999	1.32351	0.99999	1.3088	0.89705	1.27939	1.01469	1.62498	0.41911	1.63233	1.01469	1.37498	0.76469	1.10292	1.81615	1.47792	2.02938	0.71322	0.61764	0.92646	0.9191	0.58087	0.88969	0.9044	0.86763	1.10292	1.24263	0.94116	1.30145	1.1691	1.0441	1.22792	1.09557	1.1691	1.17645	1.88968	1.41174	1.0441	1.77203	0.97793	0.96322	1.03675	1.61762	1.39704	1.47792	1.11028	1.08822	0.83087	0.94116	0.79411	0.99263	1.23528	2.06615	1.19851	1.02204	1.54409	0.93381	1.14704	1.47057	0.79411	1.86762	1.15439	1.45586	0.81616	1.5588	0.93381	1.06616	1.45586	1.4191	1.76468	0.96322	1.00734	0.92646	1.0441	1.20586	1.00734	1.30145	1.07351	1.26469	0.99263	0.92646	1.42645	2.20585	0.82352	1.83821	1.1691	1.39704	1.11028	1.56615	0.73528	0.99999	1.87497	1.15439	2.05144	2.34555	1.89703	0.47793	1.13969	0.95587	1.06616	0.84558	0.64705	0.45588	1.3088	0.61029	1.02204	0.54411	1.14704	1.02204	0.61764	0.47793	0.59558	1.08087	1.00734	0.39705	0.69852	0.72793	0.73528	0.87499	1.17645	1.03675	0.61029	1.25733	0.41176	0.74264	0.52205	0.58087	0.72793	1.15439	1.06616	0.82352	0.67646	0.99263	0.78675	1.13969	1.0294	0.28676	0.91175	0.97793	0.80881	0.69117	0.3897	0.9191	0.52205	0.63234	0.36764	0.49264	1.15439	0.71322	1.08822	0.96322	0.99999	0.77205	1.69115	0.9044	0.49264	0.96322	0.74999	0.64705	0.98528	0.88969	1.3088	1.00734	0.78675	0.61029	1.22792	0.76469	0.63234	0.98528	0.52205	1.06616	0.82352	0.70587	0.75734	0.86763	1.24998	1.46321	0.67646	0.64705	0.7794	1.0441	0.98528	0.50735	1.03675	0.60293	0.84558	1.01469	1.01469	0.72058	0.6544	1.0294	1.02204	0.78675	1.11028	0.43382	0.89705	1.00734	0.73528	0.74999	0.43382	0.77205	0.74264	0.63234	0.63234	1.05146	0.80881	0.7794	0.67646	0.97057	0.79411	1.09557	0.78675	0.91175	0.63234	0.61764	0.68381	0.78675	0.86763	0.69852	0.71322	0.83087	0.48529	1.27204	0.69117	0.38235	0.67646	0.5294	1.00734	0.98528	1.14704	0.33823	0.76469	0.87499	0.87499	0.6397	0.43382	0.45588	1.49263	0.78675	0.32352	0.73528	0.60293	0.6397	0.72058	0.22058	1.10292	0.79411	0.7794	0.91175	0.74264	0.55882	0.97793	0.47793	0.74999	0.60293	0.49999	0.83822	0.60293	0.6397	0.86028	1.22792	0.93381	0.45588	0.95587	0.45588	0.68381	1.02204	0.60293	0.88234	0.98528	1.05146	0.53676	0.69852	1.1691	0.95587	1.19851	0.9044	1.01469	0.83087	0.52205	1.40439	0.61764	0.55882	0.27941	0.40441	0.49264	0.88969	1.44116	0.58823	0.80881	0.6397	0.7794	0.95587	1.41174	0.47058	1.15439	0.69852	0.56617	0.58823	0.5294	0.58823	1.19116	0.63234	1.39704	1.05881	0.97793	0.49999	0.83822	1.22057	0.7794	0.53676	0.86763	0.74264	0.73528	0.7794	0.61764	1.15439	0.59558	0.66175	0.43382	0.71322	0.71322	0.62499	0.88234	0.55882	0.66911	1.19851	1.15439	0.6544	0.49264	0.43382	0.6397	0.76469	0.94116	0.45588	1.47792	1.08087	0.58087	0.47793	0.78675	0.67646	0.74999	0.97793	0.62499	1.0294	0.88234	0.87499	0.74264	1.01469	0.86763	0.9191	0.49999	0.93381
cell175	1.56661	1.64747	0.85406	2.18315	0.93997	1.25329	0.86922	1.83445	0.86416	1.10168	1.63231	1.16738	1.01577	0.54073	1.09157	0.72772	0.74288	0.58116	0.61654	1.65252	1.51102	0.84395	1.38973	1.3392	1.46048	1.04104	1.45038	1.66768	0.86922	1.01577	1.64241	0.95513	1.50091	1.29877	0.95007	0.96523	1.61715	1.28361	1.67274	0.86922	0.74793	0.76309	1.12189	1.10168	0.79341	0.82373	1.34425	0.7732	1.5565	0.88943	1.22802	2.12756	0.81868	1.30382	2.0467	1.00061	1.09663	0.7833	0.75298	1.93047	1.47059	1.65252	0.44977	1.22297	0.9905	1.29372	1.10673	1.24318	1.698	1.21286	1.8294	1.19264	1.132	1.00566	1.53629	0.52052	1.54134	0.98039	0.73277	0.76309	2.56217	1.19264	0.89448	1.15222	1.47059	1.23307	1.29877	1.32909	1.23307	0.98545	1.01072	1.47565	1.16738	1.22297	0.49525	1.72832	0.7075	0.66707	1.66263	1.15727	0.50536	0.67718	1.87993	0.81868	0.89954	1.19264	1.43016	0.80352	0.55589	1.29877	1.12695	1.75359	1.132	0.99556	1.15727	1.4049	1.5464	1.45038	0.89954	1.12695	1.1977	0.76814	1.34425	2.15283	1.18759	0.80857	0.96523	1.02588	0.94502	1.23307	0.61148	1.6879	1.58177	0.79847	1.32909	1.02082	1.16738	0.79847	1.95068	1.57166	1.16738	1.07641	1.27856	1.24823	0.849	1.57166	1.07641	1.11179	1.16232	1.08147	0.93997	1.20275	0.87427	1.63231	1.04609	0.83889	0.83889	1.16232	1.03093	1.16738	0.59632	0.95513	2.28422	1.96584	1.04104	0.73277	0.89954	1.70306	0.71761	0.72772	1.51102	1.67779	1.17243	1.00061	0.92481	1.12695	0.90459	0.74793	1.56661	1.10673	1.52113	0.9147	1.20275	1.26845	1.69295	0.88438	0.76814	1.34425	1.32909	1.01072	1.42006	1.78391	1.16232	1.54134	1.07136	0.9147	1.18254	1.06631	1.47565	1.16738	1.43522	1.34931	1.04609	1.10168	1.08652	1.28361	1.15222	1.08652	1.89509	2.15283	0.849	1.47565	1.58177	1.34425	0.86922	0.29311	1.01072	1.22802	1.00061	1.20275	1.2735	0.62664	0.849	1.21791	0.90459	1.27856	1.30382	0.9147	0.92986	1.06631	1.01072	1.61715	1.2634	0.88943	0.96523	0.93997	0.80352	0.89954	1.23813	1.63231	1.58177	1.94563	1.70306	1.16232	0.61654	0.96523	0.53568	0.63675	0.83384	0.54073	1.06631	0.53568	0.89954	1.20275	0.95513	1.10673	0.83889	0.62159	0.61148	0.93491	1.05114	0.849	0.4902	0.69234	0.41439	0.90459	0.64686	0.46493	0.85406	1.00061	0.5003	0.59127	0.9905	0.92986	0.67718	1.04609	0.79341	1.1977	0.52052	0.46998	0.566	0.67213	0.80352	0.51547	0.9905	0.79341	1.10168	0.7833	1.06125	0.51041	0.83889	1.24823	1.14716	0.7833	0.85911	0.75298	0.83889	0.98545	1.05114	1.10168	0.87932	0.78836	0.48009	1.47565	0.68729	1.12189	0.73782	0.79847	0.7075	0.83889	0.93491	0.75804	0.65191	0.42955	0.49525	0.73277	0.98545	0.45988	0.52557	0.72772	1.02588	1.15727	0.96523	1.16232	0.54073	0.93491	0.71255	0.52557	1.06631	0.69234	0.82373	1.18254	1.09157	0.66202	1.93047	0.44977	0.7732	1.33415	0.99556	0.58622	0.66707	0.51041	0.88438	0.36386	0.66202	1.698	0.97534	0.55084	0.86416	0.61654	0.58116	0.54579	0.68223	1.03598	1.06631	0.81868	1.36447	1.04609	0.9905	0.70245	0.75298	1.00061	0.7732	1.2634	0.77825	0.54073	1.56661	0.58116	0.59632	1.15222	0.79341	0.52052	1.30888	0.80352	0.67718	1.22297	0.78836	1.30382	0.69739	1.08147	0.97534	0.81868	1.16738	0.89448	0.68223	1.35436	1.11684	0.69234	0.70245	0.68223	1.01577	0.87427	0.78836	0.69234	0.86922	0.68223	1.04609	0.7075	0.6317	0.60138	0.59127	0.58622	0.69739	1.4049	0.51041	0.70245	0.97534	0.66202	0.98039	0.566	0.68223	0.92986	1.49081	0.47504	0.86922	1.08652	0.849	0.64686	0.71761	1.17243	1.35941	0.49525	0.38913	0.78836	0.66202	0.75804	0.85911	1.15222	1.02082	0.55589	0.95513	0.51041	0.90459	0.65191	1.25834	0.94502	0.53063	0.82373	0.82373	0.73277	0.42955	1.24318	0.76309	0.31838	0.85911	0.65191	0.81868	1.59693	0.73277	1.19264	0.52557	0.68223	0.849	0.90964	1.11684	0.90964	0.39923	0.55084	0.50536	0.83889	1.05114	1.29877	0.9905	0.39923	0.29816	0.78836	0.48009	0.62664	0.74288	0.40934	0.64686	0.45482	1.03598	0.36386	0.849	0.52052	0.45988	0.79847	0.33859	1.00061	0.90459	0.51547	0.68223	0.82373	0.3487	0.43461	0.88943	0.55084	0.93491	0.81868	1.21791	1.415	0.80857	1.01072	1.5464	0.90964	0.9905	0.77825
cell176	0.57168	1.84052	0.739	0.65534	1.10152	1.54771	0.86449	0.87843	1.38039	0.94815	0.90632	1.21307	1.6732	1.07364	0.76688	0.98998	1.03181	1.29673	0.59956	0.82266	0.76688	0.54379	1.36645	0.68322	1.14335	1.71503	0.58562	0.94815	0.64139	1.07364	0.75294	0.5159	0.98998	1.01786	1.9939	1.18518	0.39041	0.82266	1.04575	0.59956	0.79477	0.4183	0.54379	1.1573	0.68322	1.03181	1.38039	0.90632	1.7708	1.82658	1.68714	2.02178	1.75686	1.43616	1.18518	1.56165	1.19913	1.43616	1.29673	1.82658	1.03181	1.89629	1.86841	1.46405	2.20305	1.08758	1.1573	0.78083	1.7708	1.42222	1.00392	1.68714	1.63137	1.40828	2.5098	0.739	1.19913	0.78083	0.92026	0.36253	0.57168	0.78083	0.40436	0.50196	0.0	0.0	0.0	0.5159	0.65534	0.48802	1.21307	1.18518	0.72505	0.86449	1.07364	0.62745	1.05969	1.50588	0.78083	0.97603	0.96209	1.04575	0.80871	1.31067	0.85054	1.01786	0.94815	1.01786	1.22701	1.18518	0.87843	0.61351	1.01786	1.21307	0.54379	1.19913	1.14335	1.2549	1.03181	2.03573	0.85054	1.00392	1.08758	1.64531	0.72505	0.68322	1.63137	1.1573	0.54379	0.64139	0.98998	0.58562	0.75294	0.55773	1.75686	0.58562	1.40828	0.46013	0.9342	1.14335	1.24096	1.17124	0.43224	1.17124	1.17124	1.17124	1.74292	1.22701	1.01786	1.86841	1.12941	1.32462	0.98998	0.46013	1.00392	0.76688	1.24096	1.28279	0.61351	1.26884	0.50196	1.12941	1.2549	0.5159	0.64139	0.46013	0.82266	0.69717	0.98998	0.86449	0.98998	0.97603	1.22701	1.36645	0.69717	1.05969	0.59956	0.78083	0.8366	1.08758	1.18518	1.28279	1.43616	1.14335	0.85054	0.97603	0.59956	1.19913	0.64139	0.8366	1.08758	0.87843	1.43616	0.64139	1.14335	0.97603	0.8366	1.24096	1.61743	0.4183	0.62745	0.48802	0.90632	1.65926	1.07364	0.66928	0.69717	0.92026	1.14335	0.55773	0.98998	1.51982	0.75294	1.68714	0.52985	1.85446	0.86449	1.32462	0.89237	0.54379	0.85054	1.75686	0.80871	1.04575	1.00392	1.74292	0.71111	1.05969	0.94815	1.00392	0.75294	1.60348	0.85054	0.54379	1.60348	0.59956	0.79477	1.31067	0.82266	1.03181	1.03181	1.2549	0.90632	0.96209	1.19913	1.45011	1.08758	0.82266	1.00392	0.89237	1.38039	1.07364	0.92026	0.54379	1.10152	0.94815	0.97603	1.10152	0.92026	1.32462	0.92026	1.28279	0.90632	0.8366	0.40436	0.57168	0.94815	0.72505	0.54379	1.91024	0.62745	1.21307	1.26884	0.68322	0.89237	1.56165	1.40828	0.75294	0.40436	0.52985	0.78083	1.2549	0.62745	1.00392	1.21307	2.03573	0.79477	1.29673	1.2549	0.78083	0.69717	0.66928	1.21307	0.90632	1.24096	0.37647	1.22701	1.38039	0.5159	0.9342	0.48802	1.43616	1.03181	1.81263	0.85054	1.05969	0.71111	0.69717	0.89237	0.33464	1.19913	0.96209	0.98998	0.90632	1.00392	1.03181	1.19913	0.47407	1.29673	1.12941	0.78083	0.86449	0.8366	1.17124	1.19913	1.39433	1.07364	0.8366	0.79477	1.00392	1.58954	1.24096	0.58562	0.97603	0.75294	0.79477	0.82266	0.8366	1.40828	0.98998	1.18518	0.75294	0.69717	1.14335	0.4183	0.57168	0.66928	0.90632	0.87843	0.78083	0.62745	0.72505	1.18518	0.69717	0.92026	1.03181	1.07364	1.31067	0.52985	1.32462	0.76688	1.47799	1.1573	1.53377	1.38039	1.45011	0.97603	0.9342	1.31067	0.8366	0.86449	1.71503	1.00392	1.26884	1.32462	0.76688	0.90632	1.07364	0.87843	1.00392	0.68322	1.28279	0.5159	0.62745	0.55773	0.90632	0.92026	0.68322	0.96209	0.72505	0.79477	1.18518	1.19913	0.54379	0.8366	1.00392	0.87843	1.18518	0.82266	0.87843	0.61351	1.12941	0.92026	1.31067	0.87843	0.64139	1.17124	0.80871	0.82266	0.36253	1.21307	0.9342	0.44619	1.42222	0.64139	1.11547	1.33856	1.24096	1.1573	0.75294	0.59956	0.37647	0.76688	2.06361	0.86449	0.739	1.47799	0.85054	0.82266	0.90632	0.71111	0.79477	0.65534	1.1573	1.04575	1.29673	0.89237	0.69717	1.10152	0.89237	1.38039	1.05969	0.85054	0.65534	0.75294	0.54379	1.05969	0.48802	0.92026	1.50588	1.03181	0.44619	0.66928	1.33856	0.89237	1.18518	1.38039	0.57168	0.76688	0.55773	1.36645	1.00392	0.75294	0.97603	0.8366	0.94815	1.18518	0.90632	0.98998	1.81263	0.71111	1.04575	0.68322	0.66928	1.19913	0.71111	0.62745	0.48802	1.03181	1.03181	1.17124	1.38039	0.9342	1.47799	0.55773	1.5756	1.28279	1.12941	1.03181	0.72505	1.36645	1.21307	0.87843	1.03181	0.9342	1.1573	0.62745	0.97603
cell177	1.16798	0.68975	0.8369	1.56343	1.07601	1.0944	1.50825	1.6738	1.00244	0.99324	1.05762	1.62781	1.9497	1.24155	1.12199	1.25994	0.52421	1.49906	0.76332	1.25075	1.1128	1.15878	0.80011	1.28753	1.08521	0.68975	1.25994	0.91967	1.42548	1.68299	0.99324	1.14958	1.05762	1.05762	0.71734	0.89208	0.58859	0.44144	1.05762	1.16798	2.29917	0.86449	0.95645	1.07601	0.86449	0.86449	0.69895	1.42548	1.78416	1.25075	1.1036	0.99324	1.33352	1.25994	0.97485	2.2072	0.51501	1.57263	0.45983	1.52665	1.26914	1.21396	1.46227	1.61861	1.61861	1.36111	1.21396	1.77496	1.48066	0.97485	1.19557	1.82094	1.30593	1.43468	1.61861	1.27834	0.87368	1.03922	2.06006	0.86449	0.97485	1.34271	0.84609	1.85773	1.83934	1.36111	1.71058	1.00244	0.99324	1.32432	1.50825	1.25075	1.72898	1.04842	1.03003	1.05762	0.92886	1.23235	1.00244	1.17717	0.59778	1.51745	0.94726	1.84853	1.47147	0.92886	0.95645	1.54504	1.59102	1.36111	1.58183	1.56343	1.87612	0.57019	0.89208	0.92886	1.06681	0.77252	1.58183	0.8369	0.68055	1.33352	1.26914	1.18637	1.25075	1.29673	1.04842	0.69895	1.13119	0.93806	1.26914	1.05762	1.73817	1.3795	1.53584	1.28753	1.22316	0.94726	1.27834	1.06681	0.98404	1.1128	0.76332	0.93806	0.98404	1.26914	0.94726	0.8277	1.36111	0.5426	1.03922	1.14039	1.03922	1.03922	0.99324	1.73817	1.28753	0.8369	0.76332	0.85529	1.19557	1.61861	1.24155	2.34515	0.89208	1.41629	1.25994	1.25994	1.14039	0.70814	1.35191	0.52421	1.52665	1.29673	1.32432	0.561	0.93806	2.25319	0.84609	1.54504	0.90127	1.40709	1.34271	0.8277	1.48066	1.23235	2.18881	1.25994	0.94726	1.3703	0.62537	1.33352	0.89208	1.06681	1.0944	1.42548	1.27834	1.27834	1.6646	1.05762	1.31512	1.25075	1.3703	1.57263	1.00244	1.44388	0.71734	1.3703	1.3703	1.45307	1.58183	0.87368	1.6738	1.6646	0.99324	1.20476	0.96565	1.18637	0.74493	1.60022	0.95645	1.30593	1.78416	1.53584	0.51501	1.08521	1.21396	1.05762	1.14958	1.00244	1.9313	0.91047	0.66216	1.31512	0.96565	1.20476	1.3887	1.35191	1.19557	1.3795	1.44388	1.61861	1.51745	0.77252	0.99324	0.92886	0.65296	0.8277	0.76332	1.14958	1.52665	0.52421	0.91047	0.51501	1.14958	0.5518	0.49662	0.85529	0.8277	0.59778	0.73573	0.68975	0.57019	0.77252	0.92886	0.65296	0.45983	0.61618	0.74493	0.95645	0.94726	1.03922	1.43468	0.66216	1.63701	1.24155	0.67136	0.71734	0.77252	0.80011	0.93806	0.75413	0.80011	0.34028	0.94726	1.01163	0.32188	0.70814	1.40709	0.96565	0.70814	0.65296	0.73573	1.04842	0.5426	0.62537	0.71734	0.94726	0.47823	0.58859	0.71734	1.03922	0.58859	0.38626	0.74493	0.93806	0.75413	0.57019	0.80011	0.29429	1.28753	0.92886	1.39789	0.41385	0.59778	0.48742	0.85529	0.52421	0.78172	1.6646	1.02083	0.93806	0.79091	0.66216	0.93806	0.96565	0.51501	1.06681	0.87368	0.67136	0.95645	0.24831	0.84609	0.47823	0.84609	1.01163	1.34271	0.66216	1.04842	0.79091	0.58859	0.97485	0.58859	1.34271	0.72654	0.58859	0.72654	1.04842	1.0944	0.80931	1.22316	0.75413	1.15878	0.98404	0.49662	0.66216	0.68055	0.98404	0.62537	0.84609	0.65296	0.42305	0.97485	0.44144	0.90127	0.73573	0.95645	0.5518	1.13119	0.73573	0.73573	0.47823	1.07601	0.78172	1.1036	0.84609	0.61618	0.44144	0.53341	0.91967	1.82094	1.1036	0.62537	0.41385	0.47823	0.46903	1.35191	1.24155	0.68975	0.88288	1.12199	1.21396	0.61618	0.38626	0.65296	0.74493	0.561	0.80011	0.48742	0.85529	0.71734	0.95645	1.18637	0.78172	0.47823	0.8185	0.70814	1.19557	1.76576	0.41385	0.57939	0.67136	0.51501	0.39546	0.94726	0.78172	1.0944	0.85529	0.69895	0.87368	0.44144	0.89208	1.03922	1.42548	0.79091	1.21396	0.62537	0.57019	1.49906	0.98404	0.45064	0.59778	0.36787	0.44144	0.68055	0.58859	1.22316	0.61618	0.57939	0.94726	1.23235	0.68975	0.57019	0.48742	0.63457	1.17717	0.61618	1.08521	0.76332	0.92886	0.94726	0.61618	1.05762	0.77252	0.37706	0.68055	0.67136	0.67136	0.80011	0.60698	0.67136	1.07601	1.31512	1.34271	0.88288	0.5518	0.69895	0.64377	0.64377	0.62537	0.72654	0.8277	0.52421	0.94726	0.97485	0.45064	0.53341	0.8185	0.61618	1.16798	0.96565	0.53341	0.65296	0.45983	0.43224	0.68975	1.00244	0.44144	0.80931	0.71734	0.74493	0.95645	0.91047	1.31512	0.8277	1.04842	0.34947	0.61618
cell178	1.24206	1.71365	0.73727	0.94317	1.2952	0.99631	0.88339	1.12915	1.22878	1.2487	1.52103	1.64058	1.18228	1.25534	1.14907	1.41475	1.07601	1.169	1.4214	0.92989	1.58745	1.13579	1.72029	0.61107	1.07601	0.88339	1.58745	1.20221	1.13579	0.96974	1.18892	1.55424	1.35498	0.78376	1.2487	1.14907	1.44796	0.69741	0.81697	1.08929	1.78007	1.34833	1.04944	1.15571	0.57122	1.52767	0.61107	1.02952	1.49446	0.5845	1.06937	0.92989	1.65387	1.1225	1.42804	1.57416	1.09594	1.28191	1.52103	0.54465	1.31512	1.89298	1.3749	1.12915	1.18892	0.90332	1.28856	1.48117	2.29814	0.82361	1.60073	1.13579	0.8369	1.22878	1.44796	1.02287	1.30184	0.94981	0.86346	0.44502	1.08929	0.85682	1.01623	1.34833	1.24206	0.73727	0.68413	1.8797	1.44132	0.87675	1.01623	1.00295	1.85313	1.34169	1.10258	1.8332	0.84354	2.03911	1.31512	1.06273	0.84354	1.38154	1.07601	0.93653	1.40147	1.36826	0.98302	1.64058	1.98597	1.48117	1.40147	1.19557	0.55129	0.538	0.93653	0.73062	1.94612	0.538	1.54759	1.36162	1.20885	1.0428	1.05608	1.67379	0.87011	1.78007	0.83025	1.32177	0.90332	1.04944	1.10258	0.60443	1.02287	1.35498	0.82361	0.41181	1.89962	1.43468	1.14243	1.169	1.14907	0.67749	1.60073	1.14243	0.86346	0.65092	1.41475	1.22213	0.99631	1.03616	2.15202	1.62066	1.35498	0.73062	1.25534	0.98966	1.32177	1.86641	1.73357	0.26568	1.14907	1.03616	1.61401	0.98302	1.32177	1.45461	0.44502	0.92989	1.06273	1.44132	0.44502	0.98966	0.89667	0.7904	0.94317	1.34833	1.33505	0.8369	0.96974	2.7963	0.81697	0.69741	1.54095	1.60073	1.98597	1.5011	1.52767	1.06273	1.30848	1.27527	1.28856	2.45091	1.84649	1.07601	1.25534	1.38154	1.95276	1.18892	1.34833	0.95645	0.85682	1.32177	1.10922	1.70036	1.39483	1.77342	1.46789	0.69741	1.8332	1.56752	1.02952	1.49446	1.02952	1.67379	1.51438	1.68044	2.05903	1.14243	1.20885	1.82656	0.57786	0.85682	1.34169	1.41475	0.7904	1.33505	1.21549	1.78007	0.41845	1.20221	1.36162	1.707	0.82361	1.54095	1.47453	1.08265	0.51808	0.89003	1.08265	1.32177	1.20221	0.87675	1.79999	0.80369	0.40516	1.00295	0.73727	0.31882	0.73062	0.47823	0.50479	0.85018	0.67749	0.71734	0.74391	0.87675	0.94317	1.50774	0.90996	1.5011	0.538	0.80369	0.57786	0.71734	1.02287	0.62435	1.06937	0.68413	0.42509	0.50479	0.76383	0.31218	0.45166	1.06937	0.74391	1.02952	0.68413	0.65092	0.92324	0.98302	0.67749	0.85018	1.41475	0.62435	0.90996	0.73062	0.63764	0.41845	0.90996	1.11586	0.75055	0.33874	0.72398	0.49815	0.87011	0.67749	0.48487	1.10922	0.60443	0.39188	0.77712	1.50774	1.20885	0.69077	0.61771	1.50774	1.08265	0.79704	0.59114	0.5845	0.57786	1.15571	0.9631	1.11586	0.71734	0.72398	0.7107	0.73062	0.82361	0.59778	1.32177	0.78376	0.37195	1.08265	0.59114	0.46494	1.27527	0.57786	1.10922	0.83025	0.89667	1.05608	0.52472	0.46494	0.90332	0.70406	0.95645	0.77048	0.70406	0.48487	0.77712	0.77712	0.71734	1.00959	1.02287	1.03616	0.61771	0.65756	1.30184	0.69077	0.6642	0.76383	0.62435	0.35867	0.6642	1.00295	0.80369	0.55793	1.35498	0.89667	0.57122	1.06937	0.41181	1.66051	1.55424	0.70406	1.48117	0.46494	0.46494	0.44502	1.26863	0.89667	0.82361	0.39852	1.30184	0.6642	0.39188	0.53136	0.7904	0.85018	0.69077	0.96974	0.94317	1.09594	0.9631	0.64428	0.63764	0.78376	0.69077	0.55129	0.89667	0.82361	0.67085	0.56457	1.07601	0.69077	0.94981	0.46494	0.32546	0.31218	0.3786	1.04944	0.80369	0.73727	0.45166	0.61107	1.03616	1.01623	1.14243	0.61771	1.32841	0.39188	0.7107	1.20221	0.50479	0.9631	0.67085	0.95645	0.9631	0.31882	0.59114	1.01623	0.49151	0.6642	0.74391	1.17564	0.97638	1.0428	0.87675	0.79704	0.88339	1.14907	0.48487	0.9166	1.23542	0.59778	1.01623	0.9631	0.90332	1.78671	0.94317	0.27897	0.72398	0.83025	0.538	0.65092	0.70406	0.59114	0.80369	0.49815	0.98302	0.67085	0.69077	1.08929	1.03616	0.38524	0.56457	1.10258	0.65092	0.99631	1.28856	0.74391	0.43173	0.73727	0.79704	0.96974	0.63099	0.55793	0.76383	1.43468	0.46494	0.59114	1.02952	0.94317	0.56457	0.49151	0.80369	0.67085	0.39852	0.5845	0.47158	0.71734	0.57786	0.39852	0.77048	0.62435	0.49815	0.69077	1.18228	0.70406	0.82361	0.94317	0.62435	0.97638	1.16236	0.64428	1.00295	0.87675
cell179	1.3881	1.1951	2.21205	1.80378	1.5514	1.46233	1.35098	0.93529	1.71471	0.6458	0.66807	1.12829	1.69986	0.9056	1.5514	1.15798	1.35098	0.88333	1.41037	0.60868	1.47717	0.87591	1.32129	1.18025	0.94272	1.32129	1.0986	1.17283	2.04132	1.24706	0.78684	0.91303	1.20994	1.63305	1.52171	0.3563	0.74972	0.94272	0.7423	1.06149	1.14314	0.73487	1.01695	0.92787	1.58852	1.10602	0.51219	1.03922	0.67549	0.80168	1.43263	1.61079	1.16541	1.87059	1.70728	1.76667	0.8388	1.31387	0.70518	1.4549	0.92787	2.21947	1.18025	0.78684	1.43263	1.79636	0.8091	1.4846	1.44006	1.6479	0.79426	1.33614	1.73698	1.98193	2.04874	1.47717	1.17283	0.63838	0.79426	1.32129	0.80168	1.38067	0.97241	0.82395	1.26933	1.41779	1.17283	1.36583	1.4549	1.90028	1.28417	0.73487	1.27675	1.6479	0.92045	1.11345	1.3584	1.03922	0.60126	0.94272	0.79426	0.63095	0.59384	1.24706	1.35098	0.68291	0.65322	0.62353	0.75714	0.84622	1.3584	1.20252	0.92045	1.75925	1.22479	1.26191	0.89818	1.13572	1.23221	0.7423	1.4549	1.22479	0.93529	1.26191	1.32129	0.77199	1.26191	1.27675	1.03179	1.53656	1.11345	1.05406	1.04664	0.55672	1.1951	2.9395	1.21737	0.73487	1.83347	0.72003	1.39552	1.33614	1.15056	1.44006	0.9056	1.67017	0.89818	1.81121	1.41779	1.70728	2.01163	1.35098	1.08375	1.60336	0.74972	1.51429	1.0986	1.08375	1.7444	2.30855	1.30644	1.15056	1.12087	1.75182	0.43053	1.40294	0.58642	1.47717	0.94272	1.46975	1.04664	0.78684	1.58109	2.21947	1.10602	1.6479	1.41779	0.8388	1.35098	1.20252	1.36583	0.94272	1.53656	0.63095	1.08375	1.6479	0.97983	1.63305	1.64048	1.20994	1.88544	1.13572	1.26191	1.49944	1.2916	1.42521	0.83137	0.60868	1.78151	0.86849	1.01695	1.53656	1.78151	1.08375	1.15798	1.50686	1.35098	1.27675	1.36583	1.79636	0.58642	1.47717	1.02437	1.18768	0.91303	1.18768	1.00952	0.56415	1.09118	1.25448	1.3881	0.97983	1.92255	1.50686	0.85364	1.20252	1.06891	1.08375	1.6479	1.43263	0.96499	0.8388	0.89076	1.28417	1.23221	1.4846	0.95014	1.05406	1.3584	1.23221	1.89286	1.47717	0.76457	0.86107	0.92045	1.02437	0.95014	0.34146	0.80168	0.62353	0.87591	1.20252	1.26933	0.42311	1.03922	0.61611	0.68291	0.68291	1.23964	0.91303	0.93529	0.55672	0.89076	0.69034	0.91303	0.63838	0.58642	0.46022	1.04664	0.60126	0.89076	1.01695	0.63095	0.68291	0.71261	1.0986	0.51961	0.68291	1.0021	0.96499	0.85364	0.95014	0.56415	0.82395	0.75714	0.6458	0.50476	0.71261	0.69034	0.77199	0.81653	1.0986	1.06891	1.08375	0.8388	0.7423	0.72003	0.80168	0.73487	0.8388	1.06149	0.42311	1.02437	0.83137	0.92787	0.7423	0.77199	1.18025	1.33614	0.97983	0.49734	1.12829	0.60126	0.40826	0.57157	0.49734	1.18768	1.03179	0.63095	0.70518	0.65322	0.87591	0.40826	0.93529	1.12829	0.96499	0.87591	0.70518	0.42311	1.01695	0.8091	1.01695	0.52703	0.70518	0.73487	0.54188	1.16541	0.92045	0.49734	0.58642	0.61611	0.58642	0.77199	0.62353	0.4528	1.02437	0.66807	0.77199	0.63838	0.97241	0.86107	0.72745	0.95014	0.59384	0.66064	0.54188	0.66807	0.57899	1.18025	0.8091	0.69034	0.9056	0.6458	0.86107	0.61611	1.10602	0.79426	0.57899	0.62353	0.8388	0.37115	1.03922	1.05406	0.70518	0.74972	0.41569	0.72003	0.41569	0.63095	0.87591	0.36373	0.86107	0.92787	0.7423	0.29692	0.39342	0.97241	0.67549	0.8091	0.85364	0.8091	0.69776	0.92787	0.6458	0.8388	0.76457	0.72745	0.7423	1.01695	1.06149	0.69034	0.65322	0.67549	0.92787	1.0021	0.84622	0.32661	0.84622	0.92787	0.77941	0.49734	0.5493	0.84622	0.84622	0.37857	0.77941	0.67549	0.67549	0.94272	1.13572	1.22479	0.62353	0.36373	0.77941	1.0021	0.76457	1.00952	0.5493	1.00952	0.31919	0.97983	0.81653	0.55672	0.80168	0.73487	0.84622	1.11345	0.63838	0.69776	0.63095	0.95014	0.49734	0.3563	0.48992	0.6458	0.55672	0.7423	0.66807	0.60126	0.77199	0.71261	0.97983	1.13572	0.63838	1.15798	0.72003	1.10602	0.83137	0.57157	0.91303	0.40826	0.66807	1.03179	0.85364	0.49734	0.92045	0.68291	1.03179	0.73487	0.89076	0.67549	1.03922	1.18025	0.75714	0.6458	0.54188	0.77199	1.23964	0.79426	0.80168	0.97241	0.66064	1.15798	1.31387	1.17283	0.9056	0.74972	1.35098	1.18768	0.9056	0.81653	0.60868	0.70518	0.59384	0.76457	0.46765	1.0986	0.78684
cell180	0.85206	1.24891	0.95711	0.95711	1.21389	1.41232	1.75081	0.81704	0.77036	0.82872	0.64196	0.81704	1.13219	1.06216	0.54859	1.14386	1.24891	0.78203	1.0855	1.09717	0.7937	0.53691	0.33849	1.47068	1.73914	0.73534	1.21389	0.77036	0.73534	0.74701	1.64576	1.5874	1.24891	1.05049	1.24891	1.45901	0.94544	0.66531	0.65364	2.26438	1.23724	0.94544	0.73534	1.01547	0.77036	1.34229	1.5874	0.85206	0.98045	1.21389	2.10097	1.43566	1.68078	1.84419	1.51737	1.77415	1.7975	2.11264	1.34229	0.91042	2.22936	0.85206	1.34229	1.02714	1.05049	0.80537	1.54071	0.93376	1.6691	1.36563	0.65364	1.02714	0.64196	1.63409	1.13219	0.66531	1.03881	0.33849	1.43566	1.3773	0.66531	0.45521	0.61862	0.52524	0.0	0.0	0.0	0.56026	0.47855	0.31515	0.72367	1.75081	0.70032	0.47855	0.84039	0.7937	0.92209	1.24891	0.67698	0.94544	0.86373	1.5057	0.61862	1.17888	1.55238	0.65364	0.61862	1.65743	0.52524	0.64196	0.65364	0.37351	1.15553	0.84039	1.51737	1.26058	0.64196	1.5874	0.47855	1.16721	1.42399	0.84039	1.34229	0.99212	0.88708	1.23724	1.06216	0.89875	1.24891	1.19055	0.85206	1.06216	2.171	1.31894	0.77036	1.03881	0.712	1.07383	1.03881	0.54859	1.19055	0.47855	0.98045	0.82872	0.80537	1.13219	0.85206	0.80537	1.78582	0.81704	1.21389	1.31894	0.85206	0.78203	0.93376	1.36563	1.84419	0.53691	0.94544	1.0038	1.26058	0.94544	1.41232	1.54071	0.56026	1.10885	0.53691	1.13219	1.35396	0.80537	1.05049	0.5836	1.0038	0.712	1.64576	0.53691	0.7937	0.712	0.96878	0.81704	1.63409	1.71579	1.28393	1.22557	1.20222	1.99592	1.23724	1.09717	0.72367	1.05049	0.89875	1.01547	0.59527	1.10885	0.77036	0.94544	0.44354	1.30727	1.68078	0.64196	0.94544	0.92209	0.54859	1.13219	1.30727	0.75868	1.70412	0.40852	0.84039	0.77036	0.65364	0.99212	0.88708	0.61862	0.74701	0.64196	1.0855	1.20222	1.24891	1.09717	0.88708	0.91042	1.02714	0.65364	0.56026	0.56026	1.16721	1.28393	1.01547	0.49023	0.54859	0.8754	0.47855	1.16721	1.52904	1.13219	0.61862	1.72746	0.5836	0.93376	1.44734	1.09717	1.0855	1.21389	1.19055	1.12052	0.74701	0.52524	0.96878	1.14386	1.68078	0.93376	1.31894	0.65364	0.88708	1.0855	1.05049	0.91042	0.74701	1.30727	1.42399	0.92209	1.28393	0.78203	1.35396	1.02714	0.52524	0.60695	0.89875	1.30727	1.78582	1.0038	0.82872	1.15553	0.99212	1.02714	0.7937	0.88708	1.33061	0.70032	0.99212	0.84039	1.06216	0.47855	0.95711	1.09717	0.80537	0.88708	0.65364	1.0855	1.0855	1.40065	1.20222	0.73534	0.86373	0.70032	0.81704	0.84039	1.01547	1.02714	1.0855	2.28772	1.3773	0.95711	0.93376	1.34229	0.712	1.09717	0.70032	1.03881	0.99212	1.26058	0.96878	0.99212	1.76248	0.45521	0.74701	0.68865	1.17888	1.71579	1.55238	0.78203	1.23724	1.15553	0.88708	1.06216	0.2101	1.0855	0.66531	1.31894	0.36183	0.57193	0.75868	1.17888	0.77036	0.54859	1.45901	1.01547	1.21389	1.17888	1.33061	1.02714	0.95711	0.77036	0.75868	1.09717	1.07383	1.5057	0.8754	0.91042	1.22557	0.96878	1.31894	1.16721	1.45901	0.70032	0.78203	1.07383	0.74701	1.43566	1.36563	0.60695	1.20222	0.57193	1.20222	0.75868	0.38518	0.85206	1.45901	1.20222	1.06216	1.0038	0.66531	0.86373	0.67698	0.85206	1.26058	0.70032	0.88708	1.06216	1.23724	0.88708	0.8754	0.95711	1.5874	0.82872	0.45521	1.14386	0.712	0.74701	0.82872	1.2956	1.31894	0.95711	0.98045	0.56026	0.96878	0.8754	0.86373	1.05049	1.68078	0.92209	0.81704	0.92209	1.09717	1.0855	1.42399	1.06216	1.24891	0.86373	1.17888	0.89875	0.65364	0.94544	0.712	0.712	1.30727	0.39685	0.77036	0.46688	0.75868	1.52904	0.33849	0.84039	0.99212	1.03881	0.61862	0.72367	0.712	0.64196	0.77036	0.73534	0.91042	1.49402	1.27225	1.13219	0.93376	0.96878	1.02714	1.10885	0.89875	0.35016	1.06216	0.82872	1.26058	0.53691	0.712	0.51357	0.65364	0.54859	1.45901	0.77036	0.88708	0.78203	1.19055	0.45521	1.03881	1.55238	0.88708	0.63029	1.34229	0.65364	0.5019	0.73534	1.21389	1.03881	1.05049	1.30727	1.01547	0.712	0.84039	0.80537	0.99212	0.93376	0.78203	0.94544	0.81704	1.13219	1.28393	1.0855	1.0855	0.39685	1.17888	0.77036	1.45901	1.28393	0.80537	1.0855	0.85206	1.5874	0.95711	0.73534	0.7937	1.20222	0.70032	1.06216	1.20222	1.09717
cell181	1.3932	1.95946	1.04265	1.40218	0.93479	1.43814	0.83592	0.79098	1.13253	1.08759	2.01339	1.77071	1.57296	1.33927	1.19545	0.65615	1.38421	0.83592	0.98872	1.57296	0.88086	1.24938	1.63588	1.26736	1.25837	1.22242	1.12354	0.85389	0.51234	0.88985	1.16849	0.87187	0.96175	1.34825	1.1595	0.59323	0.88985	1.06961	1.04265	1.20444	1.05164	1.16849	1.33028	1.4651	1.22242	0.65615	1.10557	1.10557	0.78199	1.37522	0.83592	0.75502	2.10328	1.59993	1.36623	1.04265	0.97074	0.93479	0.71008	1.0786	1.10557	1.0067	1.41117	2.0853	1.74374	1.64487	1.57296	1.12354	1.49207	1.13253	1.21343	2.11226	1.42915	0.74603	0.84491	1.89654	0.89884	0.9258	1.84261	1.34825	0.75502	1.35724	1.80666	0.74603	0.74603	0.90782	1.35724	0.99771	1.01568	1.65386	0.44942	1.34825	1.03366	1.14152	1.72576	1.59094	1.09658	0.773	0.97973	0.84491	1.33028	0.74603	1.13253	0.96175	0.84491	0.56627	0.97973	0.91681	1.26736	0.6202	0.65615	1.14152	0.78199	0.82693	1.24938	1.50106	1.24938	1.06961	2.04036	0.76401	1.3123	1.10557	0.78199	1.22242	1.55499	1.74374	1.26736	0.79996	1.42915	1.37522	1.56397	0.96175	0.51234	1.33927	0.60222	1.22242	0.95277	2.55269	0.87187	1.64487	1.41117	1.20444	1.0786	0.96175	0.63817	1.45611	1.96845	1.47409	0.90782	1.06063	1.51004	1.70779	1.37522	1.13253	0.79098	1.0786	0.46739	0.82693	1.19545	1.3123	0.75502	1.14152	1.1595	0.91681	1.4651	0.62919	1.48308	1.48308	1.1595	1.36623	0.80895	1.59094	1.16849	2.30102	1.42915	1.9325	1.72576	1.8516	1.05164	0.58424	1.19545	1.53701	1.03366	0.86288	1.16849	1.18646	1.14152	1.16849	1.23141	1.05164	1.16849	0.9258	1.546	1.70779	0.62919	0.93479	0.82693	1.03366	1.4651	1.42016	0.87187	0.81794	0.66514	0.71008	1.79767	0.59323	1.44713	1.05164	1.15051	0.71907	1.22242	0.91681	1.10557	1.40218	1.30331	0.97074	0.72806	0.83592	0.97973	1.06961	0.67413	1.34825	1.32129	1.23141	0.96175	0.58424	1.28534	0.70109	0.99771	1.45611	1.11456	1.63588	1.06063	1.43814	0.94378	2.17518	1.02467	1.95047	1.38421	1.24039	0.98872	1.28534	1.06961	1.26736	1.08759	0.42245	0.72806	1.72576	0.65615	0.80895	0.35055	0.6921	0.94378	0.79098	0.46739	0.70109	1.05164	0.67413	0.55728	0.76401	0.35055	1.09658	0.78199	0.65615	1.02467	0.76401	1.06063	0.62919	1.74374	0.60222	1.32129	0.51234	0.773	0.86288	1.59993	1.06961	0.44043	0.65615	0.57525	1.37522	0.56627	0.73705	0.95277	1.05164	0.90782	0.58424	0.75502	1.02467	1.34825	0.95277	1.26736	0.76401	0.78199	0.95277	0.44043	0.57525	0.71008	1.30331	0.82693	1.24938	1.08759	0.6202	0.67413	0.51234	1.33028	0.87187	1.1595	0.79996	0.6921	1.20444	0.87187	0.9258	0.80895	1.30331	1.21343	0.63817	1.33028	0.62919	0.54829	1.0786	0.68312	0.58424	1.09658	0.74603	0.6202	0.87187	1.01568	0.95277	1.17747	0.9258	0.65615	1.06961	0.43144	0.61121	0.90782	1.01568	0.62919	0.72806	0.41346	1.10557	0.62919	0.97973	1.34825	0.84491	0.76401	0.87187	0.773	0.89884	0.76401	0.97973	0.75502	0.79996	0.99771	0.75502	0.86288	0.75502	0.80895	0.62919	0.83592	0.74603	0.70109	0.84491	1.35724	0.96175	0.74603	0.83592	1.01568	1.1595	0.79098	0.82693	0.70109	0.75502	0.47638	0.78199	0.33257	0.86288	0.52132	0.54829	0.80895	0.63817	0.41346	0.94378	1.1595	0.71907	0.72806	0.59323	1.32129	1.18646	1.27635	0.773	0.34156	0.50335	0.74603	0.98872	1.70779	0.90782	0.72806	0.89884	0.61121	0.59323	0.61121	0.59323	0.9258	0.71907	0.83592	0.74603	0.50335	0.59323	0.68312	0.54829	0.9258	0.6202	0.46739	0.73705	0.95277	0.6202	1.10557	0.95277	0.95277	0.44043	0.79996	1.24938	0.88985	0.56627	1.06063	0.48537	0.80895	0.75502	0.75502	0.96175	1.08759	0.6202	0.52132	0.72806	0.81794	0.88086	1.01568	1.06961	0.65615	0.41346	0.89884	0.36852	0.80895	1.18646	0.37751	0.78199	0.89884	1.28534	0.71008	0.94378	0.84491	0.46739	0.63817	1.18646	0.93479	0.71907	1.0786	0.68312	0.9258	1.30331	0.97074	0.72806	0.75502	0.61121	0.85389	0.89884	0.63817	0.56627	0.71907	0.79996	0.98872	0.55728	0.57525	0.81794	1.1595	0.82693	0.6921	0.65615	0.66514	0.71907	1.21343	1.26736	1.20444	0.67413	1.26736	0.89884	0.63817	0.51234	1.41117	0.35055	1.42915	0.39549	0.86288	0.46739	0.773	1.01568	1.0067	0.60222
cell182	0.84906	1.42797	0.96484	0.69469	0.70755	1.47942	1.31219	0.55318	0.48885	2.08406	1.08062	1.235	0.91338	1.27359	1.78817	1.13208	1.20927	1.22213	1.90395	0.88765	1.18354	0.78474	0.51458	1.28646	1.44083	1.17068	0.87479	1.06776	0.93911	0.66896	1.235	0.47599	1.24786	0.8362	0.54031	0.63036	1.235	0.99057	1.92968	0.55318	2.19984	1.17068	0.57891	1.35078	0.72042	1.54375	1.27359	1.40224	1.15781	1.27359	1.04203	1.59521	1.08062	2.16125	0.88765	1.33791	1.14495	0.8362	1.24786	1.67239	1.53088	1.28646	1.53088	1.08062	1.37651	1.18354	1.20927	1.46656	0.91338	2.19984	1.67239	1.05489	0.92625	0.99057	0.78474	1.32505	1.29932	0.96484	1.13208	1.91682	0.78474	1.31219	1.11922	0.52745	0.8362	2.08406	0.91338	1.37651	1.49229	1.05489	0.84906	1.13208	0.72042	0.86193	1.67239	0.82333	2.30276	0.78474	1.02916	1.6338	0.91338	0.99057	1.32505	0.68182	0.69469	0.86193	1.59521	0.96484	1.08062	1.44083	1.14495	0.81047	1.13208	1.51802	1.235	1.89109	1.80104	1.40224	1.4151	0.91338	1.26073	1.13208	1.15781	0.75901	1.06776	1.35078	1.51802	0.91338	0.78474	1.62093	1.24786	0.81047	1.13208	1.40224	1.05489	1.36364	1.26073	0.99057	1.02916	1.24786	1.0163	0.36021	1.37651	1.0163	0.65609	1.20927	1.54375	1.6338	0.90052	0.8362	1.47942	1.47942	1.00344	0.92625	1.44083	1.14495	0.84906	1.58234	1.76244	1.56948	0.45026	1.87823	0.96484	0.77187	0.91338	1.24786	1.11922	1.38937	1.31219	0.93911	1.91682	0.86193	0.90052	1.80104	1.26073	0.82333	0.81047	0.72042	1.4151	0.99057	1.08062	1.24786	1.28646	1.77531	0.60463	1.99401	1.42797	1.20927	0.86193	1.05489	1.17068	0.69469	1.73672	1.47942	1.35078	2.31562	1.32505	2.28989	2.01974	0.70755	0.92625	1.15781	1.10635	0.93911	1.00344	1.33791	0.56604	2.16125	0.69469	1.4151	1.22213	1.06776	1.58234	1.28646	0.96484	1.04203	0.72042	1.04203	1.17068	1.1964	1.59521	1.73672	1.1964	1.72385	1.08062	1.06776	0.99057	1.44083	0.91338	1.6338	1.76244	0.91338	0.56604	0.96484	0.87479	1.68526	1.62093	1.40224	1.0163	1.80104	1.98114	1.86536	1.49229	1.42797	1.02916	0.77187	0.97771	1.42797	0.47599	0.77187	0.74614	1.08062	0.72042	0.99057	0.69469	0.96484	0.54031	0.6175	0.45026	0.66896	0.78474	1.00344	1.6338	0.99057	1.24786	0.48885	0.93911	0.75901	0.8362	0.91338	1.40224	0.66896	0.64323	1.20927	1.29932	0.86193	1.15781	0.81047	0.32161	0.88765	0.57891	0.36021	0.50172	1.10635	0.51458	0.78474	1.17068	1.0163	0.4374	0.59177	1.0163	0.95198	0.78474	0.70755	0.93911	0.96484	0.84906	0.48885	0.65609	1.09349	0.81047	0.66896	0.63036	0.57891	0.72042	0.68182	0.70755	0.68182	0.81047	1.04203	0.84906	0.73328	1.17068	0.3988	0.64323	0.38594	0.46312	1.11922	1.08062	1.00344	0.86193	1.26073	0.60463	0.77187	0.70755	0.52745	0.4374	0.77187	0.93911	0.68182	0.46312	0.75901	1.22213	0.73328	0.95198	1.15781	0.57891	0.30875	0.51458	0.50172	0.73328	1.4151	0.57891	0.72042	0.51458	1.15781	0.32161	0.45026	0.56604	0.33448	0.73328	0.63036	0.8362	0.91338	0.7976	0.99057	1.06776	1.35078	0.87479	0.59177	0.8362	0.57891	0.51458	0.88765	1.14495	1.32505	0.86193	0.63036	0.64323	0.75901	1.06776	0.52745	0.4374	0.52745	1.20927	0.97771	0.69469	1.24786	0.81047	0.63036	0.63036	0.6175	0.86193	0.66896	0.64323	0.54031	1.04203	1.31219	0.48885	1.1964	1.32505	0.88765	0.6175	0.70755	0.57891	0.63036	0.78474	0.64323	0.78474	0.34734	0.6175	0.78474	0.65609	1.05489	1.00344	0.69469	0.56604	0.92625	0.88765	0.54031	0.97771	0.92625	0.93911	0.82333	0.75901	1.31219	0.55318	1.4151	0.75901	0.88765	0.70755	0.87479	0.75901	0.6175	0.75901	1.40224	1.18354	1.1964	0.42453	0.82333	0.65609	0.99057	0.75901	0.84906	1.18354	1.37651	0.33448	0.95198	0.74614	1.28646	0.66896	1.6338	0.78474	0.86193	0.70755	1.09349	0.52745	0.55318	0.93911	0.77187	0.87479	0.66896	0.52745	0.7976	0.78474	0.87479	0.73328	1.54375	0.70755	0.69469	0.41167	0.55318	0.4374	0.77187	0.37307	0.52745	1.05489	0.84906	0.81047	0.46312	0.59177	0.56604	0.48885	0.54031	0.7976	0.84906	0.90052	0.55318	0.69469	0.70755	0.56604	1.1964	1.51802	1.0163	1.04203	1.1964	0.87479	1.15781	0.42453	0.65609	0.37307	0.50172	0.97771	0.86193	0.45026	0.78474	0.95198	0.52745
cell183	1.8569	1.24377	0.60437	1.83062	1.26129	1.74304	1.41895	2.13719	1.07735	1.27881	1.28757	1.69048	1.30509	1.54158	1.25253	0.96349	0.67444	1.40144	0.84086	1.33136	1.06859	1.34888	1.54158	1.65545	0.99852	0.95473	1.23501	0.30656	1.24377	0.82334	0.79707	1.65545	0.97225	1.39268	0.65692	1.27005	0.90217	0.89341	0.65692	1.30509	0.85838	1.40144	1.34888	1.11239	0.58685	2.57514	0.8759	0.72699	1.60289	1.03356	0.94597	1.29633	1.12115	1.03356	1.41895	0.45547	1.81311	1.72552	1.28757	0.88466	1.76055	0.99852	1.05108	0.88466	1.00728	1.5153	1.09487	0.75327	1.2175	1.05984	0.981	1.13867	1.18246	1.43647	1.23501	1.69048	0.66568	1.77807	1.8569	1.38392	1.62041	1.31385	1.42771	1.33136	1.05108	1.10363	1.11239	2.23354	1.11239	1.09487	1.29633	1.78683	1.01604	1.12991	1.39268	0.74451	2.06712	0.77955	1.30509	1.04232	0.69196	1.0248	1.48902	1.3664	1.05984	1.23501	1.0248	1.28757	1.19122	0.99852	1.05108	1.75179	2.03208	0.8759	0.91093	0.85838	1.11239	0.79707	1.47151	1.48027	1.05984	0.61313	1.68172	2.47003	0.99852	1.00728	0.72699	1.42771	1.09487	1.22626	2.42623	1.20874	1.2175	1.74304	0.99852	1.61165	1.26129	0.85838	1.59413	1.13867	1.19998	1.14743	1.68172	0.77079	0.54306	0.95473	0.72699	1.25253	1.14743	0.76203	1.46275	1.27005	0.8759	1.50654	1.56786	0.981	1.12115	1.25253	2.23354	1.56786	0.90217	1.22626	1.83062	0.88466	0.71824	0.91969	1.38392	0.96349	0.76203	1.61165	1.09487	0.99852	1.5591	0.75327	1.14743	1.6642	1.27005	0.94597	1.16494	0.97225	1.3226	1.34888	0.71824	1.58537	0.67444	1.19122	1.48027	1.56786	0.84962	1.40144	1.71676	1.92697	1.3226	0.74451	1.1737	1.71676	1.3664	0.8321	0.74451	1.61165	1.10363	0.73575	0.91969	0.8321	1.01604	1.58537	1.07735	1.10363	1.11239	1.3226	0.78831	0.55182	0.8321	0.8321	1.0248	1.24377	1.56786	0.6832	1.27881	1.41895	0.91969	1.75179	1.05108	1.0248	0.96349	0.6394	1.41019	1.07735	1.27881	1.24377	1.3664	0.8321	1.55034	1.62917	0.69196	1.06859	2.07588	2.01456	1.12115	0.76203	0.74451	1.09487	2.49631	0.94597	0.91969	0.36788	0.79707	0.91093	0.90217	0.72699	0.8321	0.5343	0.41167	0.47298	1.03356	0.5343	0.70948	1.05108	1.23501	0.43795	0.28029	0.84086	0.89341	0.42043	0.66568	1.08611	0.66568	0.91969	1.05984	1.05108	0.67444	0.91093	1.27005	0.44671	0.8759	0.981	0.6832	1.00728	0.86714	0.47298	0.93721	0.80583	0.70948	0.99852	1.03356	0.47298	0.70072	0.61313	1.16494	1.12115	0.5343	0.64816	0.82334	0.80583	0.72699	0.28905	0.85838	0.42043	0.82334	0.24525	0.47298	0.58685	1.12115	0.97225	1.05108	0.75327	0.66568	0.62189	0.76203	0.85838	0.91969	1.01604	0.71824	0.981	0.6832	0.88466	0.6832	0.8321	1.03356	1.26129	0.63065	0.86714	0.35912	0.31532	0.59561	0.81458	0.36788	0.72699	0.77955	0.57809	0.70948	1.16494	1.18246	0.8759	0.61313	1.03356	0.91969	1.00728	0.98976	0.56933	1.12991	0.67444	1.27881	0.94597	0.75327	0.47298	0.38539	0.77955	0.84962	0.49926	0.49926	0.77079	0.69196	1.05984	0.91093	1.00728	0.84086	1.20874	0.72699	0.99852	0.77955	0.49926	0.52554	1.28757	0.93721	0.70948	1.03356	0.981	0.57809	0.66568	0.73575	0.94597	0.95473	0.86714	1.26129	0.94597	0.52554	0.72699	0.97225	0.72699	0.59561	0.8759	0.70072	0.75327	0.74451	0.70072	0.8321	1.16494	0.80583	0.58685	0.49926	1.29633	0.73575	0.98976	0.37664	0.59561	0.56057	0.4905	0.59561	1.16494	1.22626	0.81458	1.18246	1.05108	0.73575	0.39415	0.6394	0.92845	0.84962	0.78831	0.71824	0.48174	0.77955	1.12115	0.65692	0.63065	0.71824	0.77955	1.1737	1.09487	1.22626	0.93721	0.69196	0.47298	0.82334	0.77079	0.84086	0.70072	0.59561	0.56057	0.55182	0.5343	1.77807	0.58685	1.27005	0.48174	0.76203	0.97225	0.89341	0.64816	1.23501	0.93721	0.8321	0.49926	0.97225	0.56933	0.8759	0.65692	0.70072	0.81458	0.71824	1.29633	0.66568	0.73575	0.70948	0.73575	0.92845	0.46423	0.38539	1.40144	0.16642	0.80583	0.57809	0.56933	1.41895	0.56933	0.76203	0.56933	1.91821	0.73575	0.45547	1.11239	0.65692	0.77079	0.49926	0.6832	0.57809	0.62189	0.73575	0.92845	0.67444	0.86714	1.3226	0.82334	0.85838	0.56933	0.6832	1.2175	0.98976	0.77955	0.37664	0.58685	0.47298	0.62189	0.55182	1.38392	0.64816	1.43647
cell184	1.00411	1.27795	1.26882	1.25057	1.08626	1.11364	2.16339	1.73436	1.22318	1.71611	0.82154	0.79416	0.75764	1.47877	1.37836	1.24144	1.20493	0.87631	1.1319	0.75764	1.83478	1.2597	1.24144	1.94431	1.15016	0.88544	0.73939	0.94934	1.15929	0.94021	1.77088	1.36011	1.15016	1.43313	0.93108	1.74349	0.8398	1.31447	1.6796	0.94021	1.25057	1.22318	1.12277	0.65723	1.78001	2.05385	1.14103	0.73939	1.50616	1.05888	1.37836	1.04062	0.85805	0.63898	1.14103	0.89457	1.15016	0.4199	1.4879	2.10862	1.81652	1.31447	0.98585	0.8398	0.58421	1.54267	1.50616	1.40575	0.81241	1.22318	1.15929	0.94021	0.83067	0.81241	1.32359	0.91282	1.33272	0.41077	1.35098	1.03149	1.79826	1.21406	0.95846	1.08626	1.08626	1.34185	1.69785	0.8398	1.02236	1.39662	1.45139	0.95846	1.16841	1.38749	1.04062	1.27795	0.67549	1.81652	1.46965	1.50616	1.37836	2.09949	1.66134	1.43313	1.23231	1.05888	0.9037	1.50616	1.18667	0.88544	1.86216	2.08124	1.85303	1.15929	0.94021	1.00411	1.07713	0.91282	1.81652	1.56093	1.88042	0.93108	1.65221	0.91282	1.33272	1.17754	1.38749	0.93108	0.94934	0.57508	0.67549	1.20493	0.80328	1.00411	1.35098	0.80328	1.17754	0.73026	1.34185	0.83067	1.26882	1.22318	1.49703	1.46052	1.09539	1.03149	1.68872	0.94021	1.45139	1.14103	1.52442	0.70287	1.46965	1.25057	1.52442	1.10452	1.04975	0.81241	1.09539	0.87631	0.73939	0.80328	1.1319	0.56595	0.94934	0.92195	0.88544	1.73436	0.92195	0.52944	0.76677	1.14103	0.40164	1.15016	0.88544	1.88042	1.4879	1.09539	0.80328	0.79416	0.6481	0.74852	1.1319	0.86718	1.18667	1.22318	1.31447	1.08626	1.01323	1.32359	1.15016	0.88544	1.2597	1.068	1.44226	1.068	1.46965	1.16841	0.80328	0.57508	0.76677	1.51529	0.92195	1.87129	1.09539	1.4879	0.7759	1.66134	0.98585	0.7759	0.88544	0.97672	1.04062	1.45139	0.52944	1.00411	1.80739	0.67549	1.67047	2.04472	1.57918	1.28708	0.9037	0.94934	1.26882	1.05888	1.2597	1.24144	1.20493	1.60657	0.96759	1.15016	2.0356	0.97672	1.41488	0.9037	1.21406	1.1319	1.20493	0.93108	0.712	1.57918	0.99498	0.85805	0.62072	0.80328	1.10452	0.94934	0.69375	0.67549	0.8398	0.86718	1.00411	0.78503	0.80328	1.02236	0.94021	0.43816	1.15016	1.44226	0.78503	1.38749	0.33774	0.91282	1.02236	0.75764	1.03149	0.78503	0.55682	1.32359	0.81241	0.67549	1.01323	0.85805	0.356	0.56595	1.12277	1.28708	1.36924	0.40164	1.12277	0.92195	0.98585	0.40164	0.92195	0.86718	0.49292	0.39251	1.23231	0.43816	0.712	0.85805	0.50205	0.49292	1.12277	0.53857	0.62072	0.81241	0.96759	0.70287	0.7759	1.46965	0.8398	0.83067	0.8398	0.51118	1.14103	0.55682	0.73939	0.7759	1.068	0.34687	1.28708	0.712	1.23231	0.61159	0.356	0.89457	0.73939	0.52944	0.61159	0.95846	1.12277	1.01323	0.28298	0.61159	0.79416	0.85805	0.38339	1.2597	1.12277	0.56595	0.73939	0.4199	0.69375	0.67549	0.91282	0.53857	0.73026	0.59334	0.94021	0.45641	0.55682	1.41488	0.712	0.99498	0.54769	0.51118	0.51118	0.99498	0.79416	0.87631	0.50205	0.57508	0.93108	0.75764	0.4838	1.15929	0.94934	0.69375	1.03149	0.712	1.08626	0.99498	0.56595	0.42903	0.69375	0.88544	0.70287	1.12277	0.93108	0.46554	1.21406	0.85805	0.79416	0.83067	0.66636	0.84893	0.68462	1.01323	0.75764	0.44728	0.91282	0.93108	1.05888	0.51118	0.712	0.76677	0.78503	0.84893	0.81241	1.04062	1.15929	0.87631	1.05888	0.78503	0.712	0.94021	0.96759	1.15929	1.03149	0.56595	1.01323	0.91282	1.16841	0.712	0.79416	1.40575	0.74852	0.98585	0.97672	0.62072	0.94934	1.16841	1.25057	0.85805	1.52442	0.79416	1.00411	0.79416	0.8398	0.88544	1.04062	0.78503	0.67549	1.03149	0.73939	0.89457	1.068	1.50616	1.16841	0.62985	1.03149	0.75764	1.14103	1.6796	1.2597	0.4199	1.15929	0.58421	0.712	0.72113	0.56595	1.41488	0.4838	0.98585	0.76677	0.76677	0.91282	1.16841	0.55682	1.11364	0.62985	0.89457	0.58421	0.99498	0.88544	0.66636	1.16841	0.61159	0.70287	0.86718	0.44728	0.84893	0.67549	0.69375	0.9037	0.41077	0.73939	0.98585	0.712	0.47467	0.70287	1.10452	1.08626	0.47467	0.47467	0.73026	0.63898	0.52031	0.86718	0.40164	0.67549	0.52031	0.58421	0.87631	0.89457	0.8398	1.14103	0.9037	0.82154	1.65221	0.52944	1.05888	0.94021	0.356	0.32862	0.94021
cell185	1.7051	1.75986	0.82127	1.54085	0.84473	1.18106	1.47046	1.32967	0.78998	1.02463	0.86037	1.04027	1.00898	1.83807	1.50956	0.91512	1.0872	1.07156	1.0872	1.11849	1.55649	1.29838	0.80562	0.9073	1.68164	1.80678	1.14195	1.885	0.8682	1.11066	1.32185	1.04027	1.36878	1.01681	1.7755	1.78332	0.66483	0.84473	0.99334	0.60226	1.29838	1.20452	0.96205	0.59444	1.14195	0.70394	1.18888	1.68946	1.14195	1.82243	1.03245	0.99334	1.04027	0.58662	0.83691	1.5956	0.96205	0.78998	0.93859	1.46264	1.14195	1.74421	1.09502	1.14977	1.33749	0.80562	1.72857	0.9073	1.40006	0.83691	0.98552	1.86154	1.33749	0.71176	0.99334	0.75869	1.01681	0.9073	0.52405	1.03245	1.07156	1.11066	1.72075	0.96205	0.72741	1.80678	1.44699	1.51739	0.75087	1.74421	0.53969	1.53303	1.2671	1.13413	0.85255	1.23581	1.29056	0.81344	1.31403	0.7978	0.85255	1.80678	0.82127	1.78332	2.15876	1.67382	1.76768	1.27492	1.0872	1.11849	0.51622	2.24479	1.04809	1.71293	1.54085	1.3766	1.02463	1.22799	0.64137	1.2671	0.43019	0.9777	1.34531	1.18106	1.13413	1.04809	0.96988	0.88384	1.09502	0.94641	1.61907	1.40006	1.32185	1.05591	0.85255	1.39224	0.8682	0.85255	1.32185	1.31403	1.00898	0.89166	0.80562	1.39224	1.10284	1.43135	1.22017	1.21234	0.36761	1.11849	1.22799	2.08836	2.01015	0.92295	1.29838	1.23581	0.9073	1.34531	1.7755	0.75087	1.5956	1.10284	1.35313	1.00898	1.38442	1.60342	1.33749	1.22017	1.21234	1.90847	1.32185	1.18106	0.95423	1.02463	1.74421	1.18888	1.52521	0.69612	1.0872	1.09502	1.55649	0.70394	0.9777	1.12631	1.53303	0.82127	0.91512	0.71176	0.66483	1.09502	1.52521	0.99334	0.78216	0.69612	0.71176	1.24363	0.84473	0.75087	1.35313	1.36878	1.15759	1.93193	1.22017	0.94641	1.61125	0.64137	2.11965	1.45481	1.33749	1.81461	0.59444	1.29056	0.9777	1.44699	1.84589	1.49392	1.4861	0.99334	1.06373	1.04027	1.15759	1.01681	1.72075	1.17324	0.89948	1.73639	1.92411	1.10284	1.05591	1.11066	0.99334	1.1967	0.68048	1.32967	0.74305	1.56432	2.45598	1.04027	0.83691	1.32967	1.39224	1.04809	1.22799	0.63355	0.82127	0.63355	0.48494	1.32185	0.71176	0.82127	1.09502	0.84473	0.98552	0.58662	0.38326	1.03245	0.8682	0.84473	0.55533	1.01681	0.75869	0.88384	0.66483	0.50058	0.71959	0.7978	0.95423	0.47712	1.01681	0.64137	0.83691	0.67266	1.04809	0.81344	0.9073	0.6883	0.70394	0.80562	0.63355	0.85255	0.49276	0.93859	0.59444	0.8682	1.02463	1.07938	0.51622	0.82909	1.10284	0.56315	1.22799	1.29838	1.14195	0.98552	1.07938	0.67266	0.61008	0.74305	0.66483	0.99334	0.89166	0.66483	0.40672	0.48494	0.82127	0.9073	0.93859	0.24247	0.5084	0.61008	1.17324	0.71176	0.88384	0.64919	0.3989	0.62573	1.03245	1.01681	0.69612	1.00898	0.54751	0.82127	1.47828	0.57098	1.00898	0.64137	0.89948	0.53969	0.5084	1.04809	1.52521	0.77434	0.43019	0.65701	0.9073	0.51622	0.87602	1.13413	0.78998	1.3062	0.71176	0.75087	1.32185	0.75869	0.6179	0.78216	0.9073	0.62573	0.89166	1.79896	0.92295	1.22799	0.67266	0.93859	0.32851	0.78998	1.02463	0.64137	1.00898	0.62573	1.01681	0.7978	0.93077	0.75087	0.78998	0.75087	0.52405	0.78998	1.09502	0.93859	0.92295	1.29838	0.55533	1.00116	0.59444	0.49276	0.32851	1.11066	0.60226	0.60226	0.88384	0.71176	0.53187	0.76651	0.75869	0.88384	0.89166	0.33633	1.29838	0.64137	0.93077	0.91512	0.73523	0.78998	0.88384	0.8682	0.87602	0.51622	0.8682	1.74421	0.80562	0.83691	1.07156	1.24363	0.69612	0.80562	0.5788	1.32967	0.58662	0.76651	0.94641	0.68048	0.46147	0.57098	1.47046	1.15759	0.88384	1.07938	0.83691	0.8682	0.30504	0.91512	1.22799	0.48494	0.99334	0.81344	1.04027	0.70394	1.22017	0.59444	0.99334	1.10284	0.75087	0.59444	0.25029	0.62573	0.85255	1.06373	0.89948	1.01681	1.14195	0.85255	0.70394	1.54867	0.94641	0.66483	0.70394	0.63355	0.46929	0.61008	1.11066	0.82127	0.36761	0.69612	0.84473	0.76651	1.07938	0.53187	0.82127	1.13413	0.58662	0.53969	0.54751	0.78216	0.6883	0.88384	0.43019	0.60226	0.80562	0.65701	0.53969	0.60226	0.48494	0.75087	0.60226	0.65701	0.54751	1.67382	0.46929	1.29056	0.64137	0.82909	0.64137	0.75869	0.78998	0.58662	1.00116	1.45481	0.58662	0.82909	0.93859	0.80562	0.52405	0.5788	0.60226	0.61008	1.10284	1.25927
cell186	0.73651	0.89363	0.82489	1.93457	1.19806	1.01148	0.89363	0.73651	1.28644	0.9231	1.4141	2.13097	1.15878	1.5123	1.27662	1.38464	1.23734	1.58105	1.23734	0.76597	1.18824	1.50248	0.72669	0.94274	1.33554	1.24716	0.74633	1.62033	1.14896	1.37482	0.9722	1.66943	1.35518	0.94274	1.12932	1.13914	1.01148	0.98202	1.99349	1.37482	1.48284	0.79543	1.34536	1.39446	1.1195	1.65961	2.24882	0.86417	1.62033	1.54177	0.83471	0.99184	1.63015	1.13914	1.44356	1.63015	1.1195	0.88381	0.88381	1.4632	1.84619	0.95256	0.62849	0.79543	1.96403	1.0704	0.99184	1.69889	1.27662	1.48284	1.34536	1.2668	1.52212	0.88381	0.86417	2.10151	1.43374	0.85435	1.17842	1.63997	0.56957	1.72835	1.10968	1.04094	0.99184	2.20954	1.13914	1.14896	1.17842	0.95256	2.12115	0.94274	1.0704	1.13914	1.63015	0.9722	1.15878	0.70705	0.94274	1.17842	1.2177	1.48284	1.61051	0.93292	1.24716	0.95256	1.65961	1.85601	0.83471	1.09986	1.2668	1.52212	1.17842	0.98202	0.65795	0.65795	2.20954	1.37482	1.34536	1.28644	1.03112	1.0704	1.86583	0.69723	1.29626	1.65961	0.91327	0.73651	1.2668	0.98202	2.20954	0.70705	1.52212	1.45338	1.33554	1.53195	0.98202	1.1195	0.89363	0.88381	1.5123	1.64979	1.27662	1.22752	1.33554	1.56141	1.40428	0.91327	1.30608	1.25698	1.40428	1.92475	1.1195	1.44356	0.96238	0.54993	0.83471	0.91327	1.2668	1.30608	2.69072	1.73817	1.0213	0.99184	1.54177	1.365	1.40428	0.72669	1.10968	0.84453	1.19806	1.37482	0.47137	1.49266	1.22752	1.20788	1.29626	2.31756	1.27662	0.81507	1.19806	0.43209	1.81673	1.88547	0.9231	1.00166	0.64813	0.57939	1.04094	0.93292	1.54177	1.79709	1.64979	1.42392	1.92475	1.97385	0.69723	0.79543	1.47302	1.06058	0.75615	0.78561	1.17842	0.9231	0.54011	0.79543	1.4632	0.73651	1.03112	0.95256	0.87399	0.75615	1.04094	1.19806	1.32572	0.88381	0.93292	1.52212	0.53029	1.09986	1.04094	0.9722	0.83471	1.18824	1.0213	1.3159	1.63015	1.0213	1.15878	1.64979	1.06058	1.04094	1.29626	1.52212	1.06058	0.79543	0.79543	1.4141	1.1195	0.87399	1.24716	0.91327	0.60885	0.55975	1.06058	1.15878	0.90345	1.00166	0.64813	1.75781	0.32407	0.53029	1.0704	1.05076	0.9231	0.50083	0.86417	0.84453	0.72669	0.61867	0.68741	0.77579	0.91327	1.04094	0.89363	0.9231	0.68741	0.65795	0.54011	1.00166	0.44191	1.06058	0.90345	1.04094	0.62849	1.3159	0.96238	0.91327	0.57939	0.81507	0.9722	0.93292	0.61867	0.84453	0.62849	0.50083	0.30442	0.49101	0.80525	0.23568	0.74633	0.79543	0.62849	0.74633	0.77579	0.72669	1.1686	1.3159	0.96238	0.45173	1.38464	0.31425	0.75615	0.76597	0.54011	0.47137	0.49101	0.35353	1.10968	0.71687	1.0213	0.72669	0.86417	0.62849	0.86417	0.72669	1.09004	0.71687	1.08022	1.22752	0.74633	0.75615	0.98202	0.84453	0.63831	0.69723	0.66777	0.68741	0.9231	1.05076	0.62849	0.58921	0.48119	1.01148	0.68741	0.91327	1.13914	0.45173	1.14896	0.75615	0.49101	0.53029	0.69723	0.72669	0.51065	0.73651	0.74633	0.93292	0.64813	1.04094	0.78561	1.10968	0.54993	0.73651	0.39281	0.67759	0.54011	1.52212	0.39281	0.69723	0.61867	0.56957	0.44191	0.78561	0.82489	0.56957	0.70705	0.49101	0.77579	1.09004	0.44191	0.79543	0.90345	0.35353	1.03112	0.75615	0.82489	0.9722	0.95256	0.98202	1.49266	0.39281	0.55975	0.71687	0.82489	0.93292	0.57939	0.60885	0.90345	0.74633	0.77579	0.96238	0.60885	0.67759	0.88381	0.96238	0.80525	0.73651	0.84453	0.94274	1.30608	1.0704	0.67759	0.65795	0.55975	0.91327	0.94274	0.49101	0.60885	0.9231	0.51065	0.68741	1.3159	0.71687	0.64813	1.05076	1.1686	0.41245	0.90345	0.99184	0.67759	0.64813	0.65795	1.15878	1.48284	1.01148	0.89363	0.73651	0.71687	0.68741	0.88381	0.1964	1.03112	0.80525	0.78561	0.51065	0.57939	0.70705	0.56957	1.53195	0.60885	0.38299	0.50083	1.33554	1.10968	0.89363	1.08022	0.78561	1.03112	0.72669	0.62849	0.42227	1.13914	1.00166	1.38464	0.9722	0.67759	0.51065	1.0213	0.64813	0.82489	1.03112	1.30608	0.52047	0.89363	0.81507	0.63831	0.91327	0.54011	0.73651	0.37317	1.0213	0.57939	0.93292	0.54993	0.69723	0.69723	0.48119	0.39281	1.47302	1.0213	0.77579	0.83471	0.63831	0.51065	0.75615	0.98202	1.15878	0.55975	1.17842	1.19806	0.80525	0.52047	0.45173	1.29626	0.83471	0.77579	0.77579
cell187	0.99801	1.16679	1.17413	1.21816	1.18881	0.90995	0.91729	1.23284	0.84391	1.30622	0.89527	1.18881	1.85659	0.60908	1.70983	1.10075	0.89527	1.05672	1.1301	1.21816	1.00535	0.62376	1.25485	2.1061	1.33557	1.25485	1.16679	0.79254	0.88794	1.81256	1.04938	0.95398	1.05672	0.976	1.40896	1.43097	1.27687	1.21816	0.96132	2.82525	1.09341	0.55037	1.12276	1.14478	1.08607	1.38694	1.01269	1.475	0.79988	1.42363	1.18881	0.44764	1.73184	1.2255	1.02003	1.71717	0.65311	1.89329	0.86592	1.29888	1.39428	1.2255	2.81057	0.9393	0.90995	1.24751	1.63644	1.16679	0.976	1.44565	1.60709	1.45299	0.95398	0.73383	0.99801	1.24018	0.65311	0.96132	1.33557	1.19615	0.88794	0.46965	2.37028	1.43097	0.95398	1.65112	1.20348	0.70448	0.82923	1.30622	1.02003	1.23284	0.86592	2.78122	1.43831	1.63644	1.00535	2.04005	1.29154	1.46766	1.42363	1.11542	0.74117	1.17413	1.63644	1.05672	1.55572	2.0107	1.15945	1.07139	1.68781	1.67314	1.10075	1.21082	1.7245	1.07873	0.79254	1.51169	0.57239	1.11542	1.475	2.48769	0.55037	1.29154	1.69515	1.06406	1.09341	1.37226	0.76318	1.10075	1.05672	0.45498	0.976	1.15945	1.27687	1.50435	1.06406	1.06406	0.89527	0.99801	1.17413	1.29154	0.76318	1.18881	2.20883	1.32823	0.54304	0.85124	0.66045	0.6311	1.24751	1.24751	1.46766	0.60908	1.07873	1.92998	1.34291	0.64577	0.82189	1.68781	1.67314	1.14478	1.40162	0.72649	1.54105	0.86592	0.96132	1.26953	1.01269	1.27687	1.10075	0.5357	1.24751	0.74851	1.67314	0.85124	1.7245	1.29888	1.24018	2.00336	1.95933	1.14478	0.66779	0.96866	1.21082	1.12276	1.51169	0.92463	0.79988	1.44565	1.07139	1.43097	0.77052	0.55037	1.02736	1.49702	0.62376	1.18881	0.90261	1.05672	0.5944	1.00535	0.93197	0.98333	1.54105	0.96866	0.87326	1.80523	1.08607	0.66045	1.46032	1.31356	1.35759	1.02003	1.07873	0.85124	0.63843	1.33557	1.40162	1.17413	1.33557	1.37226	1.17413	1.71717	1.05672	1.24751	1.48234	1.25485	1.35759	0.70448	1.06406	1.26953	1.09341	0.94664	1.99602	1.21082	1.3796	0.57239	2.06207	1.17413	0.98333	1.55572	1.02003	1.7245	0.57973	1.05672	0.68246	0.90995	0.56505	1.12276	0.5357	0.94664	1.07139	0.86592	0.86592	1.14478	0.50634	0.71915	1.3209	0.47699	0.57973	1.04938	0.58707	0.65311	0.71182	0.52102	0.61642	1.13744	0.93197	0.47699	1.475	0.68246	1.59975	0.56505	0.60174	0.37425	0.976	0.57239	1.15945	0.63843	0.95398	0.48433	1.25485	0.49167	1.07139	0.99067	0.62376	0.45498	1.53371	0.85124	0.45498	1.33557	0.9393	0.55037	0.74851	0.57239	1.08607	0.49167	0.64577	0.64577	0.98333	1.01269	0.62376	0.52836	0.91729	0.60174	0.57239	1.08607	0.52102	1.17413	0.71915	0.5357	0.79988	0.64577	0.77052	0.64577	1.17413	0.57239	0.98333	0.36692	0.51368	0.49901	1.09341	1.00535	0.66045	0.87326	1.19615	0.976	0.82189	0.74851	0.33022	0.4403	0.85124	0.89527	0.95398	0.60908	0.50634	0.27886	1.15945	0.55037	0.81455	0.82923	0.65311	1.15945	0.5944	0.47699	0.90261	1.04938	1.02003	1.19615	0.65311	0.5944	0.66045	0.79254	0.73383	0.86592	0.4403	0.87326	0.31555	0.84391	0.57239	0.33756	1.15945	1.24751	1.29888	0.98333	0.99801	0.81455	1.20348	0.40361	0.67512	0.5357	0.79988	0.95398	0.74851	0.85124	1.39428	0.41095	1.26219	0.89527	0.89527	0.57239	0.82189	0.85124	0.72649	0.35224	0.67512	0.84391	1.2255	0.82923	0.88794	0.33022	0.62376	0.74851	1.0347	0.30821	0.9393	0.96132	0.80721	1.04204	1.10075	1.48234	0.82189	0.68246	1.36493	1.05672	0.67512	0.79254	0.87326	0.33022	0.63843	0.96132	1.10075	0.60174	0.39627	0.86592	1.40162	1.58508	0.98333	0.82189	1.29154	0.90995	0.95398	1.18881	0.52102	1.65112	1.73918	0.74851	1.29888	0.77052	0.85124	0.82189	0.82189	1.02003	0.79988	0.71915	0.80721	0.63843	1.02003	0.92463	0.62376	0.82923	0.6311	0.54304	0.72649	0.68246	0.66045	0.57239	0.85858	0.82923	0.41828	0.48433	0.66045	0.45498	0.90261	0.72649	0.5357	0.66779	0.9393	0.43296	0.93197	0.66779	0.54304	0.99067	0.79988	1.04204	0.58707	0.72649	0.46231	1.0347	0.45498	0.82189	0.61642	0.75585	0.81455	0.86592	0.79254	0.88794	0.72649	1.01269	1.13744	0.62376	0.76318	0.38159	0.6311	1.06406	0.38893	1.15945	1.02003	0.99801	0.68246	0.57239	0.90261	0.55037	1.06406	0.99067	0.61642	0.44764
cell188	1.3478	0.69211	1.18995	1.42065	0.88032	1.46922	1.3903	1.14745	1.3053	1.46315	1.85778	1.41458	1.7485	0.64962	1.13531	0.77711	0.72854	0.83782	1.21423	1.90028	0.83175	0.67997	0.9471	1.27495	1.63315	0.82568	1.12317	2.0642	0.79532	1.00781	1.29316	1.14138	1.23852	1.41458	1.31744	0.77711	1.01389	1.31744	0.97139	0.97746	0.60105	1.20209	1.31137	1.21423	1.09888	0.60105	1.14138	0.84389	0.85604	1.37816	1.17174	1.62707	0.66176	1.28709	1.36601	0.91068	1.31744	1.65136	1.32959	1.35994	0.9046	1.00781	0.46748	1.04424	1.48744	1.39637	1.15352	1.33566	0.57676	0.81961	0.85604	2.35561	2.10063	1.59065	2.00956	1.73636	1.32352	0.64354	1.76064	1.25066	1.12924	1.91849	0.60105	0.86211	0.92282	1.29923	1.29923	1.32959	1.03817	1.40851	0.80139	1.05031	1.33566	1.23852	0.84389	1.28709	1.64529	1.16566	0.84996	1.24459	0.79532	0.69211	1.46922	0.93496	1.38423	0.81354	0.88032	2.12491	1.13531	2.01563	1.25673	2.05206	1.72421	1.04424	1.09281	1.11102	1.1171	1.96706	0.9046	1.20816	1.18995	0.46748	1.52386	0.95317	0.91675	1.43887	1.04424	0.58283	1.3478	1.54208	1.08674	0.9896	0.75283	2.6531	1.65136	0.94103	0.64354	1.34173	0.86818	1.96706	0.97746	1.4328	1.40851	0.78318	1.15959	1.01996	1.0321	1.36601	1.54208	0.88639	0.89853	1.33566	1.61493	0.87425	1.08674	0.62533	1.01996	0.95317	0.88639	1.35387	1.22031	1.6635	0.93496	1.03817	2.27062	1.18388	0.9046	1.11102	1.78492	1.22638	1.24459	1.01996	1.47529	1.11102	1.65743	1.38423	1.43887	1.72421	0.97139	1.7485	1.18995	1.25066	0.67997	0.9471	1.14745	1.3903	1.94277	0.91675	1.80314	1.5785	0.89853	1.17781	1.32959	0.67997	1.68779	1.3053	0.89246	1.3903	0.86211	0.97139	1.35994	0.92889	1.55422	1.2628	1.32959	1.60886	1.22638	1.34173	0.6314	0.85604	1.35387	1.09888	1.12924	1.51779	0.71033	1.05031	1.57243	1.26887	1.64529	1.27495	1.14745	0.95317	1.20816	1.37816	0.74675	1.62707	1.36601	1.88206	0.66783	1.18995	1.17174	1.621	1.69993	0.95317	0.84389	1.03817	1.86385	1.21423	0.81354	0.93496	0.82568	0.86818	1.33566	1.20209	0.46141	0.26106	1.20816	0.72247	1.18995	0.53426	0.66176	0.99567	0.66176	0.70426	0.74068	0.59497	0.9896	0.44927	0.4432	0.86211	1.45101	0.97746	0.91675	0.55855	0.85604	0.86211	0.92282	0.6314	0.99567	0.49784	0.58283	1.03817	0.56462	0.55855	0.88032	0.88032	0.84996	0.97746	0.46141	0.80139	1.08674	1.04424	0.55248	0.29749	0.94103	1.01996	0.70426	0.5889	1.23852	0.66176	0.74068	0.51605	0.87425	0.9896	1.14138	0.36427	0.74068	0.60712	0.74675	0.82568	1.17174	0.56462	0.9896	0.87425	0.92282	0.9046	0.52819	0.58283	1.51779	0.55248	0.66176	1.12317	0.71033	0.75283	0.55855	0.83175	0.50998	0.91068	0.82568	1.08067	0.55248	0.41284	0.96532	0.47962	0.46748	0.47962	0.85604	0.66783	0.95925	0.87425	1.33566	0.85604	1.21423	0.81354	0.76497	1.37208	0.61926	0.50391	0.78318	1.14745	0.79532	0.91068	1.05031	0.80747	0.88032	0.52212	0.77104	0.84996	0.52212	1.12317	0.71033	0.52212	0.67997	0.38855	0.72854	0.69211	0.81354	0.4007	0.77711	0.89853	0.66176	0.4007	0.79532	0.4432	1.00174	1.42673	0.6739	0.72247	0.39463	0.78925	0.92282	0.61926	1.23852	0.47962	0.91675	0.54033	0.55248	1.04424	0.46141	0.55248	0.52819	1.65136	1.05638	0.67997	0.97139	0.69818	0.9471	1.03817	0.77711	0.54641	0.81961	0.71033	0.6739	0.7589	0.79532	0.96532	0.69211	0.42498	0.70426	1.3053	0.9471	1.01389	0.80747	0.73461	0.80747	0.55248	1.16566	0.94103	0.7164	0.6739	1.0321	0.47355	1.46922	0.52819	0.95317	0.41891	1.29923	0.64354	0.2732	0.84389	1.11102	0.65569	0.48569	0.86818	0.62533	0.81354	0.50998	0.89853	1.22638	0.49176	0.91068	1.22031	0.33999	1.01996	0.60105	0.65569	0.99567	0.42498	1.00174	0.61319	1.18995	0.78925	0.4432	0.82568	1.14745	0.88032	0.85604	0.37034	0.6314	0.56462	0.6739	1.28102	0.26713	0.37641	0.78318	0.77104	0.55855	1.21423	0.83175	0.43105	0.66783	0.6739	0.6314	0.80139	1.57243	1.27495	1.54208	0.59497	1.03817	0.91068	1.16566	0.43712	0.84389	1.06246	0.60105	0.6314	0.98353	1.25673	0.80139	0.49176	0.50998	0.81961	0.43712	0.52212	1.06853	0.74068	1.00174	0.74068	0.99567	0.37641	1.15352	1.85171	0.66176	0.63747	1.22031	1.08067	0.74675	0.89853
cell189	1.85104	1.55044	0.93343	2.10417	1.44761	1.05208	0.94134	1.15492	0.7594	0.71194	1.24985	1.63746	1.23402	1.3685	0.6803	0.95716	1.70865	0.90179	1.24985	1.14701	0.52209	1.55835	1.32104	1.67701	0.84641	1.18656	0.94134	1.17074	1.63746	1.41596	1.63746	1.55044	1.48716	1.58208	1.5979	1.35268	1.10746	0.90179	1.25776	1.20238	1.75611	1.32104	1.14701	1.19447	1.58208	1.68492	1.89059	1.53462	1.50298	0.95716	0.83059	1.58999	2.32566	1.3685	1.47134	0.85432	1.34477	0.74358	0.58537	1.28149	0.65656	1.82731	1.28149	1.43178	2.14372	0.50627	0.91761	1.35268	1.01253	1.02044	1.04417	2.01716	1.3685	2.06462	0.82268	0.59328	0.97298	1.49507	0.51418	1.17074	0.64865	0.69612	0.96507	1.63746	1.54253	1.15492	0.91761	1.06	1.90641	0.86223	0.70403	1.80357	0.90179	1.23402	1.23402	1.13119	1.14701	1.55835	0.61701	0.79104	1.18656	0.99671	0.94925	1.23402	1.80357	0.76731	1.47925	0.59328	1.29731	1.39223	1.06	1.02835	1.24985	0.51418	0.87806	1.09164	1.2182	1.85895	1.52671	1.19447	0.97298	1.17865	0.96507	1.43178	1.30522	1.13119	0.77522	1.29731	1.39223	2.04089	1.74029	2.02507	1.75611	0.89388	1.50298	0.92552	1.5979	1.42387	1.17074	1.29731	2.0488	1.10746	0.88597	1.38432	1.51089	0.98089	1.11537	0.58537	1.40014	0.90179	1.24193	0.71194	1.34477	1.19447	1.09164	0.60119	1.40014	1.17865	1.35268	1.22611	2.69745	0.64865	1.40805	1.32895	0.8385	0.43507	1.17074	0.73567	0.83059	0.34015	0.9888	0.69612	1.34477	1.11537	0.95716	1.27358	1.2894	0.99671	1.47134	0.65656	0.7594	1.40014	0.99671	0.9097	1.14701	1.17074	1.42387	0.70403	1.09164	1.24193	1.02044	0.95716	0.50627	1.15492	1.07582	0.84641	1.43178	1.84313	1.15492	1.17865	1.50298	1.24985	0.7594	1.61372	1.6691	1.90641	1.07582	0.72776	0.6091	1.02044	1.28149	1.13119	1.40014	2.21492	0.99671	0.75149	2.06462	1.06791	1.04417	1.18656	0.59328	1.50298	1.2894	1.02835	0.87806	1.52671	1.17865	1.41596	1.76402	1.90641	1.32104	1.42387	1.57417	1.11537	1.22611	1.90641	0.57746	1.93805	1.33686	1.22611	0.49045	0.53791	1.12328	1.32104	0.44298	0.61701	0.30851	0.60119	0.97298	0.48254	1.22611	0.49836	1.03626	0.60119	1.27358	1.02835	0.69612	0.78313	0.70403	0.86223	0.64074	0.78313	0.74358	0.79104	0.83059	0.32433	0.80686	0.94134	0.9097	0.63283	0.80686	0.64865	0.83059	0.83059	0.56955	1.20238	0.58537	0.58537	0.89388	0.64865	0.41925	1.07582	0.71985	0.45089	1.32104	0.69612	0.50627	0.85432	0.6091	0.83059	0.56164	1.29731	0.55373	0.80686	0.44298	0.77522	1.40014	0.6091	0.9888	0.55373	0.68821	0.91761	0.90179	1.13119	0.59328	1.09164	0.6091	0.36388	0.67239	0.52209	1.23402	1.01253	0.59328	1.06	0.6803	0.85432	1.25776	0.4588	1.04417	0.29269	1.16283	1.17865	0.57746	0.63283	1.02044	0.49836	1.13119	0.57746	0.60119	0.86223	0.41925	0.82268	0.41925	0.52209	1.12328	0.86223	1.20238	0.34015	0.4588	0.27686	0.57746	1.09164	0.64074	0.61701	1.58999	0.84641	0.61701	1.14701	1.03626	0.87806	0.29269	0.98089	0.71985	0.85432	0.56955	0.98089	0.82268	0.66447	1.04417	1.01253	0.29269	0.70403	0.79895	0.90179	0.87015	0.69612	0.58537	0.71194	1.32895	1.10746	0.68821	0.37179	0.79895	0.54582	0.93343	0.79895	0.83059	0.64074	0.43507	0.79104	0.92552	0.6803	1.30522	1.03626	0.41925	1.01253	1.1391	0.52209	0.57746	1.46343	0.68821	0.94134	0.87015	0.41134	0.61701	0.80686	0.6803	1.09164	1.00462	0.71194	0.77522	0.54582	0.92552	0.71194	0.69612	1.13119	1.09955	0.86223	0.54582	1.12328	0.97298	0.81477	0.87806	0.99671	1.04417	0.85432	0.50627	0.91761	1.02044	0.90179	1.03626	0.87806	1.42387	0.74358	0.27686	0.87015	0.56955	0.55373	1.02835	1.14701	1.27358	1.03626	0.80686	1.1391	0.79895	0.77522	0.68821	0.94134	0.92552	1.30522	0.95716	0.72776	0.93343	0.24522	0.75149	0.35597	0.97298	0.56164	0.8385	0.76731	0.57746	0.77522	0.80686	1.14701	0.69612	0.84641	0.49045	0.95716	0.74358	0.46671	1.19447	0.94134	0.54582	0.7594	1.17865	1.07582	0.7594	0.54582	0.81477	0.93343	0.7594	1.09164	0.38761	0.73567	1.01253	0.56164	0.70403	1.02835	0.6091	1.08373	0.73567	0.75149	0.52209	0.64074	0.87015	0.71194	0.65656	0.30851	0.49836	0.52209	0.80686	0.42716	0.51418	0.62492	0.94925	1.02835	1.10746	1.02835
cell190	1.20785	1.69099	1.76112	1.76112	1.16109	0.95069	1.48059	1.16109	0.91173	0.55327	1.58969	0.61561	1.63644	1.80788	0.79484	1.08317	1.0442	1.22343	0.97407	1.94035	0.67016	1.45721	1.44942	0.72471	1.5741	1.16109	1.24681	0.32729	1.03641	0.9429	1.51955	1.60527	1.17668	2.36894	1.63644	1.052	1.09875	0.95069	1.01303	2.70402	1.34032	0.57665	1.23902	1.43383	0.64678	2.29102	1.69878	1.55851	1.0442	1.1533	1.35591	0.8416	1.83125	1.63644	1.20785	1.00524	1.32474	2.29102	1.06758	1.66761	2.0962	1.59748	1.8858	0.92732	0.69354	0.67016	0.88056	1.0442	0.46755	1.81567	0.89615	1.2624	1.23902	1.34812	0.91173	1.65982	1.50397	0.75588	1.21564	0.35846	1.09096	1.55851	0.98186	1.00524	1.55851	1.27019	0.70912	0.67016	1.02862	0.96628	1.16109	1.23123	1.39487	0.9429	0.82601	0.89615	1.76112	1.44942	0.9429	1.052	0.68575	1.50397	0.88835	0.5221	1.11434	1.69099	1.27019	1.87022	1.34812	0.82601	0.85718	1.27019	0.69354	0.44418	0.99745	1.83125	1.75333	0.89615	1.01303	1.54293	2.0962	0.84939	0.95069	1.12213	1.17668	1.3637	1.16889	0.91952	1.07538	1.19226	1.75333	1.58969	1.4728	1.33253	1.53514	1.94814	1.27019	0.86498	0.70133	1.30136	1.82346	1.09096	0.96628	0.86498	0.95849	1.2546	1.28577	0.99745	1.44163	1.29357	0.93511	1.0442	1.34032	1.00524	0.80264	1.71437	1.48059	2.68844	0.85718	1.33253	1.12213	0.92732	0.98186	1.45721	1.07538	1.35591	1.6754	1.75333	1.09875	0.92732	1.14551	0.83381	1.69878	0.88835	1.29357	0.77926	1.41046	1.12213	1.1533	0.75588	0.49872	0.80264	1.45721	1.00524	0.75588	0.56107	1.69099	1.76891	1.48838	1.34032	1.48059	0.72471	0.74029	1.61306	0.78705	0.95849	1.24681	0.92732	0.82601	1.51955	1.30136	0.91173	1.08317	0.78705	0.70133	0.83381	0.82601	0.91952	0.56107	0.98186	1.22343	0.72471	1.0442	1.16109	1.3637	0.6312	1.1533	1.70657	1.2546	0.88056	1.16109	0.90394	1.35591	1.53514	0.85718	1.12213	0.80264	1.08317	1.35591	1.4728	1.33253	1.27798	0.88835	0.69354	1.61306	1.05979	1.65203	1.56631	1.06758	1.4728	0.74809	1.17668	1.4728	1.30136	0.57665	0.54548	0.5299	0.67795	0.80264	0.76367	0.5299	0.69354	0.56886	0.61561	0.86498	0.74029	0.78705	0.65458	0.49093	0.64678	1.02862	0.41301	0.88056	0.89615	0.79484	0.39742	0.85718	0.97407	0.95849	0.66237	0.7325	1.16889	0.88056	0.47535	0.67016	0.77926	0.49093	0.8416	0.33508	0.60782	0.85718	0.65458	1.19226	0.93511	0.66237	1.052	1.35591	0.67016	0.97407	0.59224	0.5299	1.16109	0.92732	0.77926	0.61561	0.63899	0.72471	0.9429	1.35591	1.00524	0.78705	0.91173	0.7325	0.48314	0.35846	0.98966	0.61561	0.91173	1.54293	1.19226	0.85718	0.67795	0.83381	0.46755	0.6312	0.91173	0.45197	1.09096	1.00524	0.88056	0.89615	0.74809	0.77926	0.7325	0.41301	0.77926	0.85718	0.99745	0.53769	0.79484	1.28577	0.64678	1.19226	0.77146	0.48314	1.00524	0.62341	1.18447	1.10655	1.0442	0.77926	0.82601	0.67795	0.39742	0.60003	0.3195	0.91173	0.74809	1.09096	0.76367	0.89615	0.92732	0.8416	0.77146	0.77146	1.21564	0.69354	0.74809	0.88835	1.17668	0.77146	1.03641	0.65458	0.85718	1.09096	0.89615	0.81822	0.9429	1.05979	0.80264	0.77926	0.95069	0.65458	0.76367	0.90394	1.13772	0.6312	0.84939	0.90394	0.60003	0.90394	0.45976	0.61561	0.59224	1.59748	0.63899	0.81043	0.71692	1.20785	1.03641	0.42859	0.76367	0.75588	1.48838	0.75588	0.58444	0.72471	1.18447	0.46755	1.56631	1.32474	0.44418	0.5221	0.90394	0.84939	0.74029	0.81043	0.98186	0.65458	1.01303	0.95849	0.76367	0.4208	0.76367	0.9429	0.89615	0.91173	0.67795	0.7325	0.93511	1.1533	0.96628	0.55327	0.80264	0.57665	1.12213	1.07538	0.83381	0.89615	0.53769	0.44418	0.98186	0.45197	0.40521	0.85718	0.74029	1.42604	1.10655	0.76367	0.69354	0.48314	0.5299	0.85718	0.69354	1.0442	0.42859	1.0442	0.78705	0.65458	0.56886	0.89615	0.87277	0.47535	0.74029	0.64678	0.84939	0.85718	0.50652	0.74809	0.46755	0.7325	1.58189	0.71692	0.58444	0.50652	1.55072	0.55327	1.00524	1.052	1.03641	0.55327	0.88056	1.02083	0.99745	1.0442	1.01303	0.89615	0.74029	0.99745	0.49093	0.62341	0.90394	0.95069	0.5299	0.81043	0.77926	0.64678	1.11434	0.87277	0.81822	0.4208	0.41301	0.62341	0.79484	0.70912	1.09096	0.35846	1.62086
cell191	1.37953	1.13786	0.80556	1.2889	0.64445	1.158	0.53369	0.76529	1.12779	1.23856	1.158	0.87605	0.57396	1.03716	0.96668	0.86598	0.67466	0.93647	0.80556	1.39967	0.84584	0.8257	1.20835	0.86598	0.97675	0.91633	0.8257	0.90626	1.46009	0.76529	1.86287	1.33925	0.47327	0.95661	0.85591	1.20835	0.53369	0.85591	0.93647	1.22849	1.37953	0.6948	1.48022	0.9264	0.6948	1.2889	1.16807	2.05419	1.86287	1.96356	1.66148	1.72189	2.82955	1.45002	1.54064	0.97675	0.91633	1.18821	1.89308	1.79238	1.10765	0.89619	1.13786	1.09758	1.55071	2.41669	1.82259	1.04723	1.74203	2.94031	1.56078	1.158	1.20835	1.39967	1.65141	0.5941	0.68473	0.58403	0.96668	0.22153	0.89619	0.52362	0.5639	0.47327	0.0	0.0	0.0	0.24167	0.5639	0.53369	1.25869	0.39271	0.9264	1.24863	1.158	1.00696	0.93647	0.72501	0.72501	0.96668	1.46009	0.97675	1.48022	1.24863	1.03716	1.25869	1.21842	0.70487	0.84584	0.65452	0.91633	0.62431	0.89619	1.39967	1.14793	0.84584	0.77536	1.23856	0.78543	1.01703	1.25869	0.99689	1.13786	0.66459	1.33925	1.07744	0.96668	0.50348	0.99689	0.6948	1.54064	1.5205	1.16807	0.93647	0.97675	0.87605	1.14793	0.5639	1.40974	1.29897	0.95661	1.17814	0.8257	1.31911	1.14793	1.22849	1.24863	0.93647	0.81563	0.62431	0.98682	0.85591	0.57396	0.50348	0.83577	0.72501	0.8257	0.96668	1.02709	0.34236	1.25869	1.01703	0.9264	1.42988	1.2889	1.01703	1.07744	1.22849	0.72501	0.70487	0.77536	0.60417	0.89619	1.11772	0.80556	0.97675	1.0573	1.25869	0.6948	1.14793	0.81563	0.97675	0.3323	0.84584	0.60417	0.9264	0.83577	1.00696	0.84584	1.48022	0.84584	0.96668	0.95661	0.62431	1.06737	1.0573	0.73508	1.30904	0.55383	1.10765	1.64134	1.03716	0.98682	1.42988	1.24863	0.89619	0.6948	0.63438	0.65452	1.49029	0.76529	0.90626	0.88612	0.99689	1.00696	1.11772	0.88612	1.19828	0.76529	0.38264	0.4632	1.01703	1.24863	1.40974	1.2889	1.45002	1.20835	0.93647	0.91633	1.02709	1.07744	0.75522	1.24863	0.84584	0.49341	0.80556	0.91633	0.29202	0.64445	0.93647	0.67466	0.90626	0.83577	1.46009	0.72501	0.76529	0.45313	0.80556	0.52362	0.73508	1.19828	0.80556	0.89619	1.48022	1.24863	0.76529	0.91633	0.32223	0.44306	1.13786	0.85591	0.97675	0.91633	0.64445	1.22849	0.66459	2.52746	0.77536	1.57085	1.02709	0.75522	0.43299	0.86598	0.72501	0.96668	1.54064	0.71494	0.62431	1.5205	0.55383	1.64134	1.35939	0.64445	0.61424	0.58403	0.70487	1.08751	0.66459	0.81563	1.06737	0.78543	1.46009	1.47016	1.71182	0.51355	0.67466	1.49029	1.01703	0.85591	1.26876	1.67155	0.88612	1.03716	1.00696	1.0573	0.53369	0.89619	0.66459	1.10765	0.72501	0.70487	0.90626	0.66459	0.66459	0.93647	1.01703	0.9264	1.26876	1.2889	0.5639	0.68473	0.72501	1.30904	0.77536	0.65452	0.40278	3.08128	1.5205	1.18821	0.78543	0.96668	1.02709	1.17814	1.19828	1.09758	0.53369	1.21842	1.24863	1.13786	2.23544	1.0573	1.54064	0.75522	0.61424	1.2889	1.19828	1.01703	0.88612	0.91633	0.73508	0.48334	0.94654	0.84584	0.29202	1.89308	0.96668	0.98682	1.2889	0.96668	0.84584	1.04723	0.99689	0.91633	1.08751	0.99689	0.81563	0.70487	0.98682	0.55383	0.38264	1.06737	1.12779	1.41981	1.34932	0.38264	1.27883	0.94654	1.00696	1.29897	1.25869	1.31911	1.11772	0.8257	1.2889	0.76529	0.95661	1.0573	1.26876	0.83577	0.87605	0.76529	0.99689	0.90626	0.55383	1.33925	1.37953	1.02709	0.43299	0.89619	1.01703	0.75522	0.40278	1.37953	1.06737	0.70487	1.23856	1.33925	0.96668	1.32918	0.85591	0.98682	0.90626	0.55383	0.5941	0.67466	1.29897	1.5205	0.87605	0.9264	0.81563	0.90626	0.88612	1.23856	0.62431	0.73508	0.5941	0.65452	0.87605	1.18821	1.04723	0.48334	0.34236	0.39271	1.22849	1.48022	1.32918	0.84584	0.51355	0.8257	1.14793	0.77536	1.66148	0.9264	0.87605	0.81563	0.87605	1.34932	1.19828	0.89619	0.85591	1.60106	1.27883	1.22849	0.44306	1.13786	0.78543	1.08751	1.11772	0.86598	0.72501	1.33925	1.33925	1.11772	0.90626	1.04723	1.33925	1.65141	1.13786	1.01703	1.63127	0.9264	1.06737	1.64134	0.54376	0.83577	1.11772	0.62431	0.83577	0.73508	1.23856	0.79549	1.45002	0.78543	1.08751	0.96668	0.85591	1.53057	0.79549	0.48334	0.72501	0.88612	1.04723	1.10765	1.20835	0.64445	1.158	1.17814	0.80556
cell192	0.6912	0.86821	1.66056	1.34025	0.98622	1.53412	1.21381	0.74177	0.81764	0.99465	2.50349	0.91036	1.07894	1.18852	1.01151	1.2981	1.84601	1.21381	1.10423	0.75863	2.08202	0.85135	1.02837	1.0958	0.98622	0.86821	1.50884	1.14638	1.41611	0.70806	0.32874	1.67742	1.47512	1.01151	1.06209	1.23067	1.12109	0.86821	0.90193	1.59313	1.32339	1.18852	1.0368	1.48355	1.08737	0.78392	2.42762	1.39083	1.57627	1.39083	1.04523	0.91036	1.59313	0.81764	1.74485	0.96936	1.16324	1.52569	0.75863	1.31496	1.9303	2.1916	1.31496	1.31496	1.45826	1.20538	0.74177	0.61534	1.21381	1.34868	1.21381	1.48355	1.83758	0.7502	1.56784	0.85135	1.77857	1.76171	1.20538	1.83758	0.63219	2.1326	0.92722	0.66591	0.91036	1.49198	0.88507	1.79543	0.67434	0.93565	0.91036	2.6805	0.69963	1.68585	1.11266	0.91879	0.96093	1.05366	1.36554	1.52569	1.57627	1.01994	1.40768	2.41077	1.56784	1.68585	1.2391	0.99465	1.10423	1.01151	0.68277	1.28968	1.00308	0.72492	1.84601	1.53412	0.60691	1.37397	1.35711	1.24753	0.86821	0.87664	1.2981	0.69963	0.52261	1.16324	1.22224	1.18852	1.48355	1.23067	1.50884	1.10423	0.91879	1.06209	0.96093	1.14638	0.77549	0.44675	1.71114	0.93565	0.66591	0.97779	1.53412	1.41611	0.86821	1.63527	1.16324	1.55098	1.47512	0.80078	1.81229	1.42454	0.69963	1.39083	0.84292	0.85135	1.0368	1.12952	1.16324	1.22224	0.92722	1.59313	1.52569	1.05366	0.96936	1.27282	1.12109	1.76171	1.18852	0.8935	1.3824	1.36554	1.04523	1.34025	0.68277	1.2981	0.6912	1.63527	0.7502	1.17167	1.0368	2.18318	1.54255	1.0958	1.88815	0.80078	0.80078	1.49198	1.18009	1.46669	0.91036	1.2391	1.15481	0.68277	1.12109	0.61534	1.0368	0.85978	0.96936	2.18318	1.04523	1.00308	1.22224	1.41611	1.62684	1.33182	1.39083	2.06517	0.60691	1.23067	1.50884	1.01994	0.94408	1.46669	0.74177	1.6437	0.79235	0.5479	1.63527	1.787	0.84292	1.12952	1.85443	1.35711	1.28968	0.70806	0.87664	0.90193	1.55941	1.10423	1.61842	1.55098	0.85135	1.28125	1.44983	1.50041	1.5847	1.49198	1.2391	0.96093	1.28125	0.64062	1.60156	1.07051	0.37932	0.81764	0.98622	0.56476	1.10423	0.32874	0.58162	0.4889	0.92722	0.63219	0.86821	1.2391	0.85135	0.8935	0.6912	0.82607	0.86821	0.90193	1.12109	0.6912	0.73334	0.91879	0.90193	0.8935	0.78392	1.19695	0.73334	0.96936	1.30653	1.07051	1.13795	0.65748	0.99465	0.69963	1.51726	0.92722	0.7502	0.63219	0.61534	0.80078	0.65748	0.64905	0.93565	0.81764	0.44675	1.2391	1.13795	0.79235	0.74177	0.52261	1.12109	0.5479	0.44675	1.06209	0.62376	0.96936	0.96093	0.68277	0.65748	1.41611	0.62376	0.86821	1.07894	0.97779	0.25288	1.23067	0.56476	1.01994	0.71649	0.91036	0.96936	0.43832	0.71649	0.39617	1.04523	1.17167	0.72492	0.86821	0.97779	0.69963	1.23067	0.76706	0.66591	1.07894	0.52261	0.47204	0.75863	0.77549	0.53947	0.42146	0.88507	0.51418	0.79235	1.62684	0.88507	0.65748	0.64062	0.43832	0.59848	0.8345	0.81764	0.16016	1.23067	0.63219	1.05366	0.85135	0.30345	0.77549	0.82607	0.45518	1.05366	0.84292	0.62376	0.74177	0.77549	0.75863	0.52261	0.49733	0.53947	0.6912	1.02837	0.64905	0.88507	0.86821	1.01151	0.90193	0.7502	0.6912	0.62376	0.47204	0.59848	0.81764	0.61534	1.52569	1.12109	0.88507	0.73334	0.93565	0.88507	0.94408	0.7502	0.41303	0.61534	0.70806	0.92722	1.51726	0.80921	1.12952	0.55633	0.60691	0.80078	0.96936	1.25596	0.92722	1.82915	0.80078	0.73334	0.72492	0.86821	0.70806	0.62376	0.70806	1.05366	0.6912	0.51418	1.15481	1.17167	0.69963	0.55633	0.38775	0.66591	0.76706	0.97779	0.42989	0.64905	1.33182	0.67434	0.37089	0.79235	0.77549	0.57319	0.84292	1.77857	0.66591	1.39083	0.53104	0.58162	0.69963	0.80078	0.51418	0.76706	0.5479	0.6912	0.55633	0.59848	0.99465	1.22224	1.01994	0.62376	0.93565	0.74177	0.70806	0.44675	0.62376	0.6912	0.45518	0.82607	0.66591	0.80078	0.61534	0.92722	0.53104	1.05366	0.79235	0.8935	0.84292	1.12952	0.50575	0.72492	1.0368	0.80078	0.97779	0.64905	0.57319	0.69963	0.74177	0.42146	0.98622	0.37932	0.96936	0.64905	0.7502	0.37089	0.46361	1.28968	0.5479	0.51418	0.59005	0.87664	0.50575	0.84292	0.27817	0.51418	0.87664	1.50884	0.58162	0.94408	0.87664	0.87664	0.64905	0.72492	0.37932	0.66591	0.63219
cell193	0.93416	1.33452	0.82124	1.03682	0.90336	1.70407	0.90336	1.21133	0.30797	1.31398	1.58089	1.29345	1.35505	1.03682	0.58513	1.03682	1.08814	0.96496	2.09416	1.65275	1.65275	1.69381	0.87257	1.4577	1.08814	0.78018	1.34478	0.93416	1.20106	1.64248	1.7246	0.99575	1.08814	1.20106	1.30372	2.0223	0.74938	1.39611	1.7554	1.24213	0.58513	1.07788	1.65275	1.1908	1.91965	1.11894	0.84177	1.23186	1.10867	1.06761	0.78018	1.01628	1.69381	0.85204	1.12921	1.30372	1.1908	1.07788	0.78018	0.65699	1.11894	1.43717	0.91363	1.11894	1.4577	1.08814	1.66301	0.96496	0.83151	1.33452	2.60744	1.57062	1.67328	1.23186	1.41664	1.30372	1.11894	1.24213	1.31398	1.22159	0.8623	0.9239	1.55009	0.82124	1.61168	1.06761	1.12921	0.85204	1.10867	1.51929	1.38584	0.87257	0.60566	1.38584	2.10443	0.57487	0.88283	1.28319	3.25416	0.67752	1.27292	0.71859	1.86832	1.04708	2.49452	0.80071	0.83151	2.49452	1.77593	1.38584	0.76991	1.04708	0.71859	1.57062	2.0839	0.51328	1.62195	0.63646	0.87257	2.0531	1.14974	1.16	1.20106	1.86832	0.72885	0.67752	1.23186	0.94443	1.14974	1.04708	1.05735	0.99575	0.44142	0.53381	1.04708	1.29345	1.04708	0.99575	0.73912	0.67752	1.28319	0.8623	1.57062	1.01628	1.44744	1.06761	1.11894	1.35505	1.04708	1.22159	1.4577	1.08814	1.37558	1.00602	1.7862	0.88283	1.17027	0.70832	0.40035	1.22159	1.10867	1.00602	1.50903	1.20106	1.40637	0.71859	0.76991	1.32425	0.52354	1.83752	1.12921	1.00602	0.70832	1.61168	1.82726	0.78018	0.85204	0.85204	1.66301	1.57062	0.93416	1.31398	1.40637	0.45168	1.25239	1.28319	1.96071	1.37558	1.62195	0.65699	1.05735	1.35505	1.40637	1.44744	1.02655	1.03682	1.26266	1.53983	1.62195	0.99575	1.28319	1.62195	1.82726	1.99151	1.44744	0.75965	1.46797	1.20106	1.69381	1.07788	0.71859	1.46797	0.85204	1.50903	0.79044	1.09841	1.41664	1.07788	1.04708	1.17027	1.62195	1.53983	0.83151	1.35505	1.65275	0.65699	0.95469	1.49876	1.18053	1.40637	1.11894	1.94018	0.80071	1.98124	0.47221	1.30372	1.09841	1.4269	1.27292	0.45168	1.49876	1.49876	1.21133	1.12921	0.63646	0.73912	0.52354	1.13947	0.8931	0.52354	0.53381	0.5646	0.36956	1.04708	1.04708	0.68779	1.02655	0.47221	0.52354	0.68779	0.98549	0.75965	1.43717	0.5954	0.61593	0.90336	0.95469	0.49274	0.70832	0.9239	1.07788	0.71859	0.81097	0.48248	1.08814	0.8623	0.31823	0.45168	0.95469	0.54407	1.16	1.11894	1.02655	0.48248	0.63646	0.64673	0.45168	0.57487	0.45168	0.84177	0.65699	0.45168	0.52354	0.61593	0.69805	0.70832	0.6262	0.46195	1.30372	1.13947	0.57487	0.90336	1.18053	0.85204	0.58513	0.88283	0.65699	0.48248	0.93416	0.5954	0.83151	1.01628	0.79044	0.88283	0.79044	0.81097	0.82124	0.65699	0.81097	0.98549	1.06761	0.96496	1.11894	0.81097	0.64673	0.74938	0.72885	0.64673	0.8623	1.09841	1.22159	0.9239	0.47221	0.60566	0.61593	0.40035	0.58513	0.8623	0.85204	0.73912	0.8623	0.44142	0.8931	0.63646	0.52354	0.6262	0.9239	0.72885	0.58513	0.69805	1.1908	0.45168	0.76991	1.05735	0.48248	0.88283	1.25239	1.13947	0.36956	0.68779	0.85204	0.80071	1.30372	0.95469	0.58513	0.76991	1.02655	0.68779	0.87257	1.25239	0.79044	0.67752	0.5646	0.85204	0.46195	0.72885	0.36956	1.32425	0.78018	0.65699	1.31398	0.67752	0.63646	0.63646	0.79044	0.49274	1.02655	0.76991	0.34903	0.57487	1.04708	0.25664	0.72885	1.11894	1.02655	1.50903	0.82124	0.52354	0.8931	0.44142	1.33452	0.47221	0.57487	0.58513	0.93416	1.04708	1.00602	0.55434	0.80071	0.45168	0.76991	0.81097	0.85204	1.02655	0.5646	0.83151	0.78018	0.91363	0.5646	1.18053	0.95469	0.44142	0.69805	0.72885	1.12921	0.57487	0.76991	1.7862	0.46195	0.91363	0.66726	1.40637	0.76991	0.64673	0.51328	1.04708	1.04708	0.68779	0.43115	0.79044	0.91363	0.97522	0.88283	0.67752	0.53381	0.94443	0.8931	0.87257	0.6262	0.76991	0.76991	0.63646	0.81097	0.67752	0.46195	1.04708	0.72885	1.09841	0.93416	1.28319	1.08814	0.46195	0.60566	0.57487	0.99575	0.67752	0.97522	1.29345	0.91363	0.39009	1.44744	0.75965	0.79044	0.55434	1.11894	0.54407	1.01628	0.57487	0.3285	0.70832	0.96496	0.87257	0.75965	0.48248	0.37982	0.80071	0.69805	0.8623	0.85204	1.18053	1.37558	1.43717	0.74938	1.01628	0.63646	1.29345	1.07788	0.66726
cell194	0.64054	1.55119	0.98782	0.34728	1.26564	0.69456	1.74412	1.48945	1.62836	1.04956	1.08815	2.29205	1.65151	1.28108	1.16532	1.09586	0.9801	1.5126	1.21162	1.24249	1.82129	1.45858	1.42771	0.87978	0.67913	0.94152	1.45858	1.37369	0.91836	1.07271	1.29651	0.5788	0.66369	0.88749	1.14988	0.79489	1.31195	1.13445	1.44314	0.78717	1.58977	1.5589	2.11455	0.97238	0.71	1.83673	1.12673	0.84891	2.43096	0.94152	0.78717	0.76402	1.12673	1.16532	0.55565	1.3351	0.90293	1.18847	1.85216	0.86434	1.21162	0.52478	1.3814	1.81358	1.94477	1.18847	1.30423	1.24249	1.19619	0.7563	1.31195	1.25021	0.81804	0.78717	0.60195	1.27336	1.50488	0.70228	1.26564	1.35825	1.42771	1.44314	1.00325	1.22706	0.98782	1.04956	1.30423	1.35825	1.42771	1.58977	0.79489	0.71	0.72543	1.29651	1.12673	0.72543	0.74858	2.09912	1.08815	1.19619	1.45086	1.44314	0.5788	1.56662	0.67913	1.35825	1.08043	1.52032	0.92608	1.7364	1.19619	0.98782	1.47401	1.22706	1.05728	0.99554	1.35053	0.74858	1.35053	1.28108	1.26564	1.40456	2.56216	1.21934	1.1113	1.66695	0.87978	0.92608	1.52803	0.84119	0.99554	0.87978	0.71	1.40456	1.52032	0.54021	0.67913	0.86434	1.09586	1.66695	1.12673	0.60967	1.07271	1.32738	0.59424	0.67913	1.76727	1.83673	1.37369	1.79814	1.83673	1.94477	0.95695	1.14217	0.83347	1.32738	0.45532	1.25793	0.47076	0.81032	1.61292	1.49716	1.29651	1.42771	0.84119	1.03412	1.99879	0.67141	1.48173	0.91065	0.59424	1.08043	0.94923	1.21162	1.44314	1.12673	1.32738	0.84891	0.94923	0.67913	1.3814	2.36151	1.72097	0.85662	0.73315	1.14217	1.23477	0.5325	1.16532	0.44761	1.58977	1.13445	1.11901	1.04956	1.67466	1.5126	0.98782	1.21934	1.45858	0.69456	1.09586	1.5126	1.58977	1.92934	1.07271	1.14217	0.87978	0.78717	1.70553	1.25021	1.21162	1.14988	1.9602	0.87206	1.43543	1.17304	1.00325	1.11901	0.79489	1.01097	0.67913	2.05281	1.21934	1.25021	1.21934	1.04184	0.61739	1.92162	1.82129	1.58205	0.60195	1.10358	0.78717	1.02641	1.87531	1.03412	1.23477	1.37369	1.41999	1.2888	1.95249	1.3351	1.03412	1.18075	0.8026	0.59424	0.84119	0.82576	0.47076	0.98782	0.70228	1.21934	0.97238	0.67141	0.60195	0.60195	0.69456	1.1113	0.51706	0.51706	1.08815	0.74858	0.84119	0.76402	0.66369	1.01869	0.64054	0.73315	0.79489	0.94152	0.56337	0.9801	0.28554	0.63282	0.39358	0.73315	1.21934	0.77173	1.28108	0.56337	0.73315	0.91065	0.72543	0.67913	0.55565	0.79489	1.12673	0.99554	0.74086	0.61739	0.88749	0.67913	0.47076	0.67141	0.87206	0.74086	0.54793	0.44761	0.55565	0.5325	0.50934	1.04956	0.91836	1.04956	0.73315	0.7563	0.5788	1.14988	0.48619	0.5325	0.77173	0.76402	1.19619	0.76402	0.71771	0.50163	0.76402	0.95695	0.82576	0.86434	0.87206	0.72543	0.5788	0.81032	1.1113	0.77173	0.73315	0.84119	0.85662	0.79489	0.71771	1.12673	0.49391	0.64054	0.96467	0.39358	0.94923	0.96467	0.61739	1.25793	0.42445	0.70228	0.47848	1.10358	1.23477	1.45086	0.91065	0.52478	1.14988	0.91836	0.68684	0.37043	0.63282	1.18075	0.81032	0.54021	0.61739	0.78717	0.6251	0.9801	0.77173	0.94923	0.55565	0.47076	0.70228	1.04956	1.01869	1.14217	0.98782	1.12673	0.85662	0.79489	0.47848	1.09586	0.94923	1.05728	0.87206	0.69456	0.9338	0.85662	0.66369	0.63282	0.78717	1.08815	0.64054	0.81032	0.94923	0.78717	0.69456	0.44761	1.36597	0.85662	0.60967	1.17304	0.74086	0.66369	0.99554	1.01097	0.50163	0.50163	1.19619	1.18075	0.43217	0.78717	0.8026	0.8026	0.47076	0.33185	1.10358	0.89521	0.81032	0.72543	1.10358	1.18075	0.71	1.05728	0.74858	0.81032	1.48945	0.91065	0.63282	1.01097	0.9338	0.71771	0.79489	0.32413	0.91836	1.05728	1.03412	0.37043	0.48619	0.64826	0.85662	0.92608	0.37043	0.5325	0.96467	0.50934	0.77945	1.07271	1.66695	1.54347	0.38587	0.72543	0.73315	1.21162	0.86434	0.50934	0.55565	0.79489	0.76402	0.87978	0.76402	0.65597	1.1576	0.87206	1.00325	0.74086	1.00325	0.77173	0.83347	0.74086	0.71	0.81804	0.96467	0.82576	0.89521	0.81032	0.99554	1.21934	0.82576	1.26564	0.95695	0.66369	0.96467	0.64054	1.13445	0.67913	0.64826	0.61739	0.41674	0.6251	0.87978	0.4013	0.81032	1.11901	0.7563	0.77173	0.87206	1.1113	0.64826	0.81032	1.25793	0.85662	1.06499	0.61739	1.31195	0.98782
cell195	1.08456	1.55563	0.66827	0.56967	1.11743	1.09552	0.52585	0.66827	1.18316	1.51181	2.08148	1.22698	0.4163	0.87641	1.16125	0.42725	1.41322	1.34749	0.82164	1.29271	0.82164	0.70113	1.21602	1.57754	1.69805	0.75591	1.11743	0.81068	1.43513	0.70113	1.39131	1.24889	0.87641	0.74495	0.98597	1.23793	1.91715	1.08456	0.50394	0.29579	0.96405	0.77782	0.76686	1.30366	1.01883	0.82164	0.42725	0.94214	2.1253	1.51181	1.15029	0.71209	1.5885	2.43205	1.84047	1.56659	1.15029	1.42417	1.00788	1.30366	1.07361	1.34749	2.42109	1.04074	1.56659	1.42417	2.16912	1.44608	2.07053	0.87641	1.73092	1.47895	1.52277	1.45704	1.76378	0.9531	0.56967	0.79973	0.82164	1.77474	1.22698	0.44916	0.29579	0.66827	0.0	0.0	0.0	0.52585	0.66827	0.62444	1.52277	1.2708	1.39131	1.0517	0.9531	1.32558	0.83259	0.99692	0.79973	0.94214	0.87641	0.82164	0.69018	1.32558	0.67922	0.99692	0.59158	0.89832	0.92023	0.9531	0.69018	0.97501	0.77782	0.96405	1.28175	1.39131	0.32866	0.734	0.93119	0.66827	0.81068	0.88737	1.30366	1.28175	1.51181	1.02979	1.19411	0.67922	1.74187	1.31462	0.69018	0.81068	0.64635	0.89832	0.89832	0.93119	1.3694	0.70113	0.77782	0.71209	1.29271	1.29271	0.78877	0.64635	1.15029	1.01883	0.75591	0.35057	0.77782	1.28175	0.61349	0.79973	1.43513	0.8545	0.65731	1.12838	0.42725	0.89832	1.34749	0.56967	1.15029	1.44608	1.61041	0.9531	0.75591	0.734	1.16125	0.93119	1.00788	1.28175	0.58062	0.67922	0.59158	0.79973	0.94214	0.78877	0.99692	0.87641	0.83259	1.0517	0.99692	1.21602	0.8545	0.70113	0.84355	0.90928	1.24889	1.47895	0.84355	0.734	1.44608	0.87641	0.65731	1.9062	0.99692	0.70113	0.82164	0.90928	1.07361	0.62444	1.39131	1.09552	0.96405	1.04074	0.65731	0.32866	0.87641	1.24889	0.72304	0.76686	0.93119	1.16125	0.81068	1.35844	0.93119	0.70113	1.13934	0.42725	1.38035	1.28175	0.99692	1.1722	1.45704	0.78877	1.15029	1.15029	1.3694	0.96405	1.12838	0.55871	1.38035	0.96405	1.39131	0.37248	1.10647	0.734	1.50086	0.47107	1.71996	1.13934	1.32558	1.62136	0.39439	0.8545	0.51489	0.54776	0.60253	0.64635	0.96405	0.66827	0.97501	0.79973	0.92023	0.72304	0.67922	1.09552	1.02979	1.10647	0.60253	1.08456	1.16125	0.59158	0.46012	1.13934	1.04074	1.53372	1.38035	0.49298	1.44608	1.56659	0.89832	0.70113	1.20507	0.5368	0.69018	1.44608	1.02979	1.12838	1.46799	1.44608	0.55871	0.82164	1.13934	0.49298	0.69018	1.02979	0.88737	0.9531	1.13934	1.5885	0.9531	0.48203	0.71209	0.72304	0.79973	1.15029	1.50086	1.19411	0.89832	1.12838	0.87641	1.22698	1.09552	0.90928	1.04074	0.52585	0.52585	1.09552	1.02979	1.30366	1.2708	0.96405	1.00788	1.40226	1.09552	0.94214	1.54468	1.4899	0.96405	1.28175	0.88737	1.22698	0.72304	0.89832	0.72304	1.40226	0.82164	1.32558	0.82164	1.18316	1.34749	0.90928	1.0517	1.18316	0.79973	0.59158	0.50394	0.59158	0.734	0.89832	1.02979	1.02979	0.96405	0.90928	0.98597	1.13934	1.07361	0.84355	1.02979	0.78877	0.92023	0.82164	0.99692	0.94214	0.734	0.78877	0.54776	0.79973	1.10647	0.48203	1.67614	0.94214	0.8545	0.90928	1.11743	1.07361	1.24889	0.97501	0.75591	0.734	0.92023	0.81068	1.20507	1.06265	0.66827	1.77474	1.0517	0.82164	1.46799	0.90928	0.61349	2.02671	1.13934	0.72304	0.50394	0.86546	0.49298	0.9531	0.72304	0.74495	1.33653	0.84355	1.07361	1.30366	0.86546	1.34749	1.11743	0.8545	0.33961	0.97501	1.25984	0.58062	1.25984	0.77782	0.52585	1.07361	0.64635	1.77474	0.81068	1.5885	0.69018	1.38035	1.19411	1.45704	1.15029	0.70113	1.04074	1.0517	0.94214	0.98597	1.01883	1.13934	1.06265	0.94214	0.86546	0.90928	1.46799	1.31462	0.72304	0.99692	0.6354	0.44916	1.34749	1.11743	1.08456	0.84355	0.81068	0.78877	0.87641	0.86546	0.6354	1.04074	0.8545	1.92811	0.38343	1.13934	0.92023	0.70113	1.3694	0.83259	1.07361	0.72304	0.83259	0.75591	0.65731	0.70113	0.87641	0.66827	1.25984	0.98597	0.69018	0.65731	0.99692	0.76686	1.21602	0.62444	0.78877	1.57754	1.30366	1.06265	1.1722	1.07361	1.19411	1.07361	0.93119	0.89832	1.07361	1.09552	0.94214	0.75591	0.99692	1.15029	1.07361	0.87641	1.09552	0.89832	1.22698	0.4163	0.99692	0.56967	1.64328	0.75591	1.15029	0.78877	1.04074	0.97501	1.11743	1.13934
cell196	2.01787	1.38419	1.05163	0.71007	1.19544	0.98871	1.84709	1.49205	1.85159	1.4561	1.65384	0.66064	0.97972	1.92799	0.97073	1.21342	0.9213	1.28532	0.94377	1.09657	1.58194	1.9145	1.56396	1.32128	1.08758	0.80894	1.24488	0.9213	1.25836	1.42464	1.42015	1.16848	0.95276	1.18196	1.04713	0.97523	1.63137	0.95276	0.71457	1.54598	1.0741	0.93478	1.87406	0.98422	1.8426	1.58194	1.23139	0.97972	0.75052	1.19994	1.05163	1.60441	1.72575	0.59772	1.17746	1.27184	1.56396	1.1505	1.78867	1.7662	1.6898	1.14601	1.28083	1.77518	0.66963	1.33925	1.03365	1.41565	0.57525	0.88535	1.68081	1.03815	1.67631	0.9932	0.96175	0.79097	0.85838	0.9168	1.57295	1.3797	1.71227	0.9932	1.50554	1.23139	0.8449	1.17297	0.65165	1.89653	1.57295	0.98422	0.79097	1.03815	1.36622	1.11904	0.5348	1.48307	1.03815	0.98871	1.44262	0.5393	0.75502	0.89433	1.06511	0.43593	1.90551	1.71676	0.88535	0.44492	1.55947	1.40667	1.11005	1.78867	1.40217	1.00219	0.79546	0.90782	2.04034	1.34824	1.10106	1.08309	1.23139	0.87186	1.23139	1.71227	1.78417	1.29881	1.4561	0.8449	1.20443	0.95725	1.03815	2.01337	2.12573	0.79097	1.38869	0.86737	1.51902	1.37521	0.70109	1.10106	0.79996	0.91231	0.53031	1.37521	1.27184	1.13252	0.87636	0.77749	0.83142	0.90782	1.27184	1.20892	1.33476	1.36622	1.21342	1.56396	1.9954	0.90782	0.65165	0.97972	0.94377	1.19544	1.85159	1.63587	0.93478	1.00669	0.79097	1.05612	1.17297	0.764	0.95276	0.80894	1.39318	0.79546	1.63137	1.35274	1.19994	0.62019	0.81793	1.02466	2.34145	1.59542	1.40217	0.80894	0.95276	1.12803	1.6898	0.83142	1.3797	0.8404	1.22241	2.05832	0.67861	0.53031	1.12803	1.11455	0.78198	0.9932	1.45161	1.11005	1.88304	1.23139	1.10556	0.51233	1.65834	1.97293	0.90782	1.38869	1.14151	1.59093	1.47857	1.87855	1.20892	1.41565	1.57295	1.6898	1.51003	1.67182	0.81344	0.62019	1.55048	1.03365	0.74153	0.79097	1.18645	1.71227	0.71007	1.11904	0.8404	1.59991	1.6089	1.02017	1.27184	1.54149	0.52581	1.37071	1.46958	0.97972	1.84709	0.97523	1.28532	1.00669	1.51003	1.47857	1.35723	0.90332	1.14601	0.87636	0.86737	0.90782	0.42694	0.85838	0.64266	0.93927	0.47188	1.56396	0.55727	1.00219	0.6921	0.56626	1.08309	0.54828	0.74603	0.50334	0.31908	0.62469	0.78198	0.82243	1.2269	0.54828	0.54828	0.56626	0.78647	0.97073	0.57525	0.9213	0.48986	1.07859	1.07859	0.29212	1.27184	0.89883	0.3056	0.85389	0.78647	0.87186	1.49655	1.6898	0.88984	0.9168	0.74603	1.00669	0.75052	0.66963	1.02916	0.83142	1.43812	1.38869	0.45391	0.64266	1.0741	1.11904	0.58424	0.73254	0.85838	0.78198	0.71457	1.02466	0.98871	0.48986	0.68311	0.92579	0.48087	0.69659	0.90332	0.67861	0.93927	0.96175	0.81793	0.66963	0.67861	0.9932	0.59772	0.9168	0.33706	0.74603	0.66963	0.62469	1.27634	0.27864	0.47188	0.42245	0.47638	0.79996	0.44492	0.31908	0.67861	0.51683	0.54379	1.06961	0.41346	0.70109	0.52581	1.1505	0.37301	1.25386	0.79996	0.63367	0.71007	0.8449	1.34375	1.46509	0.60221	0.45391	0.60221	1.04264	0.71457	1.44711	1.17746	0.89883	0.88535	0.60671	0.57525	0.66513	0.87636	0.6921	0.44941	0.64716	0.71007	0.89883	1.21342	0.78647	0.71906	0.41346	0.6876	0.62469	0.56626	0.65614	1.19095	0.86287	0.79097	0.95725	0.52132	0.41795	0.78647	1.07859	0.58424	0.90332	0.8449	0.9168	0.8404	0.98871	0.66963	1.19544	0.86737	0.8449	0.49885	1.03815	0.79996	0.62019	0.64716	0.67412	0.27414	0.71457	0.9932	0.59772	0.71457	1.00669	0.88535	0.39548	0.88984	0.66963	0.7685	0.74153	0.81344	0.79097	1.01118	0.56177	0.72805	0.77749	0.57525	1.21342	1.0741	0.60221	0.56177	0.71906	0.33257	1.11005	0.64716	0.48537	0.77299	0.58873	0.54828	0.63817	0.9168	0.95276	1.01118	0.47638	0.93478	0.5393	0.52132	0.382	0.79546	0.79097	0.4629	1.98641	0.59772	0.95725	0.83591	1.14601	1.17297	0.52132	0.6157	1.15499	0.9213	1.05163	1.08309	0.71007	1.00669	0.95725	0.78647	0.58873	0.52581	0.60671	0.41795	1.27634	0.63367	0.52581	0.49885	0.83142	1.17297	0.50784	1.10106	0.60671	0.83142	1.30779	0.47638	0.71457	0.62469	0.65614	0.72805	1.05163	1.02017	0.90332	0.73254	0.80894	0.36852	0.77299	0.49885	0.73254	1.33476	0.93478	1.28083	0.53031	1.9909	0.31908	0.40447	1.01568
cell197	0.78068	1.59828	1.12355	1.43476	0.8387	0.82815	1.71961	0.9864	1.21322	1.27124	1.54554	1.48224	1.08662	1.54554	1.28179	0.87035	0.93893	0.8598	1.29762	0.9864	1.33454	0.85453	1.79345	1.61411	2.34731	1.31872	1.61938	1.0919	0.76486	1.48751	0.45364	1.06552	1.54026	0.72266	0.71211	1.57191	1.40839	1.06025	0.62243	1.22377	1.36619	2.59523	1.13937	1.9095	0.91783	1.03387	1.21849	1.25542	1.03387	1.46641	1.57718	0.40089	0.69101	1.01805	1.67213	0.74376	1.63521	0.73848	1.0075	1.04442	1.14992	1.18157	0.78595	1.27124	1.23959	0.99695	1.24487	1.19739	1.54554	0.8387	1.23959	1.03387	1.31872	1.21849	1.76708	0.53804	1.79873	1.10772	0.97585	1.22904	1.33982	1.39784	0.73321	0.9442	1.8884	0.78595	0.54331	1.42421	1.0919	1.35564	0.91783	1.42949	0.73848	1.38729	0.66463	0.49056	1.47696	0.75958	0.93365	1.63521	1.18684	1.33982	0.92838	0.9864	1.06552	1.35564	1.51916	1.27652	1.73016	0.67518	0.83343	1.36619	1.00222	1.24487	1.72488	1.87785	1.51916	1.01277	0.70156	1.05497	1.16575	1.64576	2.48446	1.29234	1.44531	1.03915	0.91255	0.54331	0.56969	1.14992	1.05497	1.25014	1.0708	1.88313	1.37146	1.21849	0.65408	0.59606	1.89895	1.04442	2.0994	0.8809	1.19739	1.67213	0.66991	1.61411	1.88313	1.13937	0.84925	1.21849	1.95697	0.7965	0.84925	1.03915	1.98335	0.84925	1.1552	1.06552	1.56136	1.05497	1.65631	1.57191	0.73848	1.03387	2.27874	0.9442	1.04442	0.90728	1.21849	2.10467	1.46641	1.29234	1.65631	1.74598	1.41366	1.10772	1.08662	1.9728	1.33982	0.77541	1.87785	1.28179	2.16269	0.69101	1.63521	1.13937	1.56663	0.96003	1.27124	1.29762	1.46114	1.60356	1.13937	1.9095	0.68046	0.80705	0.94948	0.8387	1.18684	0.93893	1.30817	1.06552	1.40839	1.56663	1.22377	1.40311	1.61411	1.20794	0.93893	0.88618	1.18684	0.83343	1.39256	1.22904	1.01805	0.9231	1.40311	1.49279	1.65103	0.98112	1.17102	0.69628	2.18379	0.99695	1.57191	1.07607	0.98112	1.83038	1.22377	1.61938	1.55609	1.79345	0.68046	1.06552	1.07607	0.8809	0.77541	1.81455	0.73321	1.40311	1.41366	0.48529	0.64353	0.90728	0.902	0.76486	0.33759	1.13937	0.52749	0.74376	0.32704	0.55914	0.55914	0.70683	0.60661	0.59606	1.12355	0.59606	0.69628	0.89673	1.42421	0.53276	0.67518	1.00222	0.41144	1.33454	0.80178	0.91783	0.79123	0.62771	0.43781	0.58024	1.31872	0.39561	0.902	0.68046	1.23959	0.84398	0.93365	0.68573	1.78818	0.9231	0.72266	1.16047	0.49584	1.05497	0.53276	1.47169	0.39034	0.40616	0.51166	0.58024	1.20267	1.26597	1.22377	0.91783	0.90728	1.36092	0.82288	0.45891	0.56969	1.11827	1.50861	0.69628	0.55386	0.46946	0.47474	0.77541	1.08135	0.47474	0.84398	0.76486	1.0497	1.03387	0.74903	0.64353	0.59606	0.49584	0.71211	0.66991	0.59606	0.74376	0.68573	0.77541	0.55386	0.55914	0.82815	0.77013	0.83343	0.79123	0.56969	0.58024	0.78595	0.41671	0.91783	0.42726	1.10245	1.42949	0.36397	0.9442	0.65936	0.66991	0.91255	0.51694	0.84398	0.54331	1.10245	0.97585	0.98112	0.90728	0.87035	0.59606	0.79123	0.20572	1.19212	0.74903	0.95475	0.47474	0.95475	1.10245	0.60661	0.64353	0.63826	0.59078	0.83343	0.70156	0.67518	0.85453	0.49584	0.91255	0.9231	1.16047	0.60661	0.46946	1.01277	0.77541	1.53499	0.69101	0.27429	0.72266	1.22377	0.9864	0.72793	0.73848	0.95475	1.12882	0.36924	1.21849	0.97585	0.69101	0.82815	0.91255	0.52221	0.37452	0.8809	1.14992	0.65936	0.64881	0.40089	0.71738	0.48529	1.1341	1.30817	0.73321	0.77013	1.02332	0.91255	0.79123	0.96003	0.51166	0.63298	0.53804	0.84398	1.35037	0.9231	0.62771	0.64881	1.09717	0.45891	0.8598	1.113	0.99167	0.54859	0.53804	1.14992	0.36924	0.78595	0.9231	0.9231	0.70683	0.55386	1.46641	0.66991	0.52749	0.31122	1.77763	0.58024	0.64881	1.16047	1.25014	0.99167	0.48001	1.0286	0.64881	0.70156	0.97585	0.87563	0.902	0.65408	0.45891	1.30289	0.91783	0.85453	0.67518	0.56969	0.8387	0.78595	0.58024	0.8387	0.88618	1.27124	0.64881	1.03387	0.72793	0.50111	0.58024	0.90728	0.56441	0.59078	0.65408	0.79123	0.39034	0.41671	0.69628	0.30594	0.37979	0.55914	0.74903	0.50639	0.89145	0.82288	0.45891	0.78595	0.52221	0.9231	0.43254	0.92838	0.68573	0.58024	0.79123	0.30067	0.8387	0.54331	0.63826	0.73321	1.32927	0.8809	1.38201
cell198	1.04829	0.85686	0.72013	0.59251	1.01182	0.87509	1.44025	0.66543	1.14856	0.47401	0.76571	1.51318	0.92067	0.73836	1.18502	0.66543	0.9389	0.68367	0.58339	1.22148	0.60163	0.92067	0.73836	1.01182	1.57699	1.93249	1.74107	1.35821	0.87509	1.26706	0.97536	0.96625	1.44025	0.94802	1.61345	0.92067	0.86598	0.6472	0.88421	1.14856	0.49224	1.14856	0.80217	1.01182	0.82951	0.81128	0.6472	1.79576	1.23971	0.69278	2.66174	1.45849	1.65903	1.56787	3.03547	0.66543	1.10298	1.7593	1.8778	1.23971	1.59522	1.02094	1.33087	1.48583	2.17861	1.50406	0.94802	1.31264	0.57428	1.13944	1.26706	2.71643	1.14856	0.82951	0.68367	0.59251	1.03917	1.6408	0.85686	1.33087	0.68367	0.30081	0.91155	0.30993	0.0	0.0	0.0	0.237	0.28258	0.62897	0.59251	1.3491	0.51959	0.96625	0.90244	0.77482	1.75018	1.28529	1.03917	0.59251	0.61986	0.73836	0.75659	1.54053	0.80217	0.99359	1.27618	0.9389	0.72013	0.59251	1.1759	1.40379	1.09386	1.63168	0.90244	0.54693	0.92978	0.58339	0.60163	1.07563	0.62897	0.56516	0.84774	0.57428	1.21237	0.74747	0.36462	1.6408	1.1759	0.58339	1.01182	0.78394	1.1121	1.3491	0.81128	0.44666	1.32175	1.02094	1.27618	1.2306	0.66543	1.24883	0.85686	1.2306	0.71101	0.82951	1.3491	1.70461	0.78394	2.051	1.3491	1.18502	1.45849	0.69278	0.99359	1.48583	0.86598	1.0574	0.6472	1.01182	0.73836	1.1759	0.9389	1.01182	1.3491	2.06011	1.00271	0.96625	0.94802	0.50135	0.85686	1.22148	0.5287	0.6472	0.76571	1.2306	0.77482	1.32175	1.12121	0.47401	1.39468	0.74747	1.2306	1.08475	0.96625	1.25794	0.60163	0.57428	0.72013	0.95713	0.56516	1.20325	1.38556	1.19414	0.53782	1.90515	1.19414	1.31264	1.40379	1.14856	0.69278	0.66543	0.63809	1.69549	1.31264	0.67455	0.78394	0.86598	0.6472	0.94802	0.72013	0.63809	1.07563	1.09386	1.08475	1.57699	0.65632	1.1759	0.71101	0.76571	1.36733	0.76571	0.90244	0.61986	0.84774	0.41931	1.10298	1.92338	1.14856	0.99359	1.13944	1.41291	1.30352	0.99359	1.50406	1.3491	1.13033	1.13033	0.83863	1.10298	0.50135	0.71101	0.72924	1.3491	1.01182	0.60163	1.28529	2.18773	1.04829	0.65632	1.1121	0.51959	0.99359	0.8204	1.19414	0.95713	0.79305	0.9389	0.50135	0.57428	1.2306	1.08475	1.26706	0.62897	1.28529	1.03917	0.94802	1.7593	1.10298	0.88421	0.60163	0.83863	0.92978	0.51047	1.13944	0.73836	0.92978	0.76571	0.89332	1.04829	0.61074	0.54693	0.74747	0.53782	0.77482	1.40379	1.13033	1.2306	1.03006	0.84774	0.53782	1.2306	0.84774	1.23971	1.13944	0.71101	0.85686	0.9389	1.60433	1.23971	1.71372	0.98448	1.35821	0.86598	0.6472	1.00271	0.59251	1.21237	0.82951	0.9389	1.01182	0.92067	1.28529	1.3491	1.07563	0.90244	0.62897	1.39468	1.67726	0.61986	0.56516	1.54053	1.31264	1.18502	0.88421	1.30352	0.57428	0.71101	0.97536	0.36462	1.04829	1.3491	0.63809	0.63809	0.45578	0.73836	0.69278	0.76571	1.23971	0.73836	1.04829	0.67455	1.27618	0.75659	1.22148	0.67455	0.95713	0.85686	0.73836	1.06652	1.33087	0.5287	1.04829	1.15767	1.03917	0.51959	1.07563	0.98448	0.4102	0.58339	0.63809	1.33998	0.92067	1.23971	1.51318	0.71101	1.0574	0.61074	1.30352	1.10298	0.68367	0.95713	1.14856	1.16679	1.13033	0.79305	0.88421	1.06652	0.59251	0.83863	0.98448	1.15767	0.91155	1.26706	1.54053	0.81128	1.22148	1.26706	0.58339	0.86598	0.72924	1.08475	0.6472	1.56787	0.8204	1.00271	0.92067	1.1759	0.67455	0.71101	1.54964	1.38556	1.53141	1.13033	1.76841	0.99359	1.13033	1.1759	1.08475	0.75659	1.03006	0.51959	1.26706	0.58339	0.96625	1.2306	0.66543	0.78394	0.92978	1.24883	0.94802	0.34639	0.82951	0.43755	0.71101	1.19414	0.7019	1.57699	0.66543	0.67455	1.07563	1.38556	0.86598	1.13944	1.12121	1.01182	1.08475	0.79305	1.06652	0.61986	1.40379	1.03917	1.91426	1.22148	1.25794	0.62897	0.4102	1.61345	0.94802	1.1121	0.96625	0.73836	1.44937	0.57428	1.01182	0.96625	0.90244	1.01182	1.18502	1.18502	1.25794	0.94802	0.8204	1.54053	0.47401	0.66543	0.97536	1.03917	1.1121	0.77482	1.08475	0.77482	1.57699	0.85686	0.6472	0.38285	0.69278	1.03917	0.94802	0.38285	0.88421	0.98448	0.95713	0.92978	0.31904	0.8204	1.16679	0.95713	1.36733	1.55876	0.60163	1.13944	0.85686	1.09386	1.08475	1.44025	1.27618	0.85686
cell199	0.94796	1.05448	1.23555	1.05448	0.95861	0.70298	1.42727	0.74559	1.2249	0.90536	1.40597	1.37401	1.73616	0.8521	1.41662	1.07578	0.62842	1.05448	0.92666	0.77754	1.45922	0.95861	1.34206	1.20359	1.11838	0.88406	0.94796	2.02374	0.63908	1.08643	0.76689	2.75868	1.49118	1.38466	1.67225	0.74559	1.2675	1.58704	1.21424	2.31132	1.55509	1.51248	1.46987	1.07578	1.27815	0.59647	1.25685	0.84145	0.66038	1.45922	1.50183	1.2249	1.21424	1.34206	1.07578	1.09708	1.02252	0.8521	1.58704	1.27815	1.29945	0.74559	0.55387	1.39532	1.2675	0.4367	1.04382	0.61777	1.07578	1.65095	0.8734	1.21424	0.8308	1.83202	1.62964	1.55509	0.458	1.29945	0.8095	1.10773	0.96927	0.97992	0.86275	0.91601	0.73494	0.62842	2.69477	0.88406	1.46987	1.37401	1.03317	1.6403	1.2462	1.11838	1.46987	1.34206	1.2675	1.19294	1.31011	0.66038	1.05448	1.6829	1.34206	0.82015	0.68168	1.82137	1.11838	1.05448	0.95861	1.78941	1.67225	1.55509	1.15034	0.88406	1.33141	1.05448	0.84145	1.18229	0.96927	1.25685	1.76811	0.55387	2.47109	1.61899	1.23555	1.41662	1.42727	0.99057	0.59647	0.94796	0.44735	1.65095	0.62842	0.8734	0.88406	1.2675	1.25685	2.06635	0.8308	1.32076	1.32076	1.00122	0.97992	1.40597	0.57517	1.2462	1.00122	0.8308	1.38466	1.15034	1.31011	0.99057	1.33141	0.79885	1.85332	0.47931	1.33141	0.84145	0.69233	1.2675	0.60712	1.23555	1.23555	1.21424	0.97992	1.54443	1.32076	0.8521	1.23555	1.65095	0.96927	0.93731	1.08643	1.25685	1.00122	1.92788	1.2675	1.19294	1.77876	0.76689	2.40719	0.68168	1.2888	1.45922	1.33141	0.61777	1.35271	1.46987	1.18229	1.2249	1.04382	1.32076	0.89471	1.20359	0.8521	1.41662	1.42727	0.52191	1.19294	1.25685	1.6616	0.99057	1.37401	0.47931	0.91601	1.7042	0.50061	0.92666	2.15156	1.67225	1.67225	0.97992	1.72551	0.77754	1.2888	0.8734	1.6829	0.8308	1.85332	1.03317	1.97048	1.25685	0.8734	1.09708	0.4154	2.79063	0.84145	2.01309	1.29945	0.8308	1.60834	0.76689	2.15156	1.03317	1.25685	1.62964	1.32076	1.12903	1.85332	0.76689	1.20359	0.84145	0.89471	1.78941	0.55387	0.94796	0.88406	0.69233	0.34084	0.52191	0.51126	1.18229	1.07578	1.21424	0.36214	0.30889	0.93731	0.8734	1.02252	0.70298	0.48996	0.61777	1.12903	1.32076	1.02252	0.75624	0.8521	1.18229	1.05448	0.59647	0.47931	0.82015	0.66038	1.31011	0.8095	0.90536	1.11838	0.75624	0.38345	1.17164	0.84145	0.73494	0.34084	0.79885	0.72429	1.18229	0.99057	0.89471	1.08643	0.67103	1.38466	1.07578	1.18229	1.11838	0.61777	0.47931	0.8308	1.06513	0.70298	0.82015	0.68168	0.35149	1.13969	0.95861	0.79885	0.73494	0.95861	0.76689	0.8521	0.29824	0.69233	1.54443	0.92666	0.58582	0.61777	1.06513	1.12903	1.09708	0.94796	0.35149	0.73494	0.8095	1.2888	1.12903	0.93731	1.13969	0.69233	0.75624	1.19294	0.63908	1.21424	1.11838	0.35149	0.77754	0.4367	0.8734	1.59769	0.30889	0.54321	0.61777	0.92666	0.458	0.69233	1.54443	0.79885	0.59647	1.05448	0.88406	0.8308	1.02252	0.73494	1.15034	0.66038	0.91601	0.71363	1.25685	0.62842	0.99057	0.59647	0.74559	1.21424	0.60712	0.67103	0.79885	0.99057	0.53256	0.8095	0.75624	0.82015	0.71363	0.63908	0.72429	0.8095	0.40475	0.48996	1.01187	0.92666	1.25685	1.05448	0.22368	0.79885	1.02252	1.02252	0.93731	0.70298	0.95861	0.64973	0.75624	0.50061	0.42605	0.61777	0.17042	0.73494	0.82015	0.97992	0.64973	0.76689	0.56452	0.35149	0.94796	0.52191	1.05448	0.89471	0.50061	1.2888	0.58582	1.33141	0.72429	0.78819	1.07578	0.58582	1.46987	0.62842	1.01187	0.84145	0.93731	1.07578	0.71363	0.91601	0.74559	0.50061	1.20359	0.97992	0.86275	1.13969	0.64973	0.60712	0.8095	0.74559	0.75624	0.76689	0.90536	0.69233	0.77754	0.60712	0.91601	0.67103	0.8521	0.94796	0.37279	0.96927	0.58582	0.61777	1.08643	0.56452	0.48996	0.99057	0.8521	0.71363	0.70298	0.50061	0.4154	0.73494	0.36214	0.70298	0.63908	1.04382	0.96927	1.13969	0.8095	0.48996	0.66038	0.4367	0.46866	0.78819	0.59647	0.56452	0.76689	0.84145	1.25685	0.46866	0.71363	0.63908	0.94796	0.67103	0.4154	0.97992	1.34206	1.34206	0.8521	0.55387	1.25685	0.37279	0.57517	0.58582	1.25685	0.66038	0.35149	1.18229	0.47931	0.73494	0.93731	0.58582	0.79885	1.10773	0.46866	0.77754	0.95861
