	0	1	2	3	4	5	6	7	8	9	10	11	12	13	14	15	16	17	18	19	20	21	22	23	24	25	26	27	28	29	30	31	32	33	34	35	36	37	38	39	40	41	42	43	44	45	46	47	48	49	50	51	52	53	54	55	56	57	58	59	60	61	62	63	64	65	66	67	68	69	70	71	72	73	74	75	76	77	78	79	80	81	82	83	84	85	86	87	88	89	90	91	92	93	94	95	96	97	98	99	100	101	102	103	104	105	106	107	108	109	110	111	112	113	114	115	116	117	118	119	120	121	122	123	124	125	126	127	128	129	130	131	132	133	134	135	136	137	138	139	140	141	142	143	144	145	146	147	148	149	150	151	152	153	154	155	156	157	158	159	160	161	162	163	164	165	166	167	168	169	170	171	172	173	174	175	176	177	178	179	180	181	182	183	184	185	186	187	188	189	190	191	192	193	194	195	196	197	198	199	200	201	202	203	204	205	206	207	208	209	210	211	212	213	214	215	216	217	218	219	220	221	222	223	224	225	226	227	228	229	230	231	232	233	234	235	236	237	238	239	240	241	242	243	244	245	246	247	248	249	250	251	252	253	254	255	256	257	258	259	260	261	262	263	264	265	266	267	268	269	270	271	272	273	274	275	276	277	278	279	280	281	282	283	284	285	286	287	288	289	290	291	292	293	294	295	296	297	298	299	300	301	302	303	304	305	306	307	308	309	310	311	312	313	314	315	316	317	318	319	320	321	322	323	324	325	326	327	328	329	330	331	332	333	334	335	336	337	338	339	340	341	342	343	344	345	346	347	348	349	350	351	352	353	354	355	356	357	358	359	360	361	362	363	364	365	366	367	368	369	370	371	372	373	374	375	376	377	378	379	380	381	382	383	384	385	386	387	388	389	390	391	392	393	394	395	396	397	398	399	400	401	402	403	404	405	406	407	408	409	410	411	412	413	414	415	416	417	418	419	420	421	422	423	424	425	426	427	428	429	430	431	432	433	434	435	436	437	438	439	440	441	442	443	444	445	446	447	448	449	450	451	452	453	454	455	456	457	458	459	460	461	462	463	464	465	466	467	468	469	470	471	472	473	474	475	476	477	478	479	480	481	482	483	484	485	486	487	488	489	490	491	492	493	494	495	496	497
cell0	130	113	149	143	150	112	237	123	189	185	79	125	117	163	183	195	202	150	108	156	120	69	231	157	54	166	206	138	137	115	129	115	153	163	94	138	187	90	110	93	148	99	73	210	131	99	153	154	101	172	86	153	130	152	162	203	170	149	198	147	126	205	101	180	40	110	135	109	157	134	167	309	159	147	166	120	185	144	224	165	225	134	99	209	252	68	126	165	314	107	148	229	179	82	46	152	158	131	132	156	112	146	69	58	78	184	110	138	100	96	107	180	150	70	62	202	175	99	164	99	111	106	124	91	91	134	162	119	73	139	111	166	191	233	131	53	162	253	96	200	148	116	136	131	142	295	205	155	162	212	88	131	130	123	298	61	176	59	78	235	126	152	177	141	104	149	121	181	155	99	199	141	269	165	171	208	210	118	164	73	183	150	186	200	150	146	94	78	94	132	128	88	221	163	96	234	229	163	103	117	124	154	49	209	198	103	181	233	101	130	106	172	126	119	108	138	135	183	122	127	110	186	139	156	159	233	174	167	169	207	157	99	248	199	166	188	107	135	138	63	142	188	134	174	144	134	134	62	106	82	123	87	91	173	129	89	86	106	59	72	116	163	78	58	119	127	92	93	88	93	92	109	113	98	60	66	95	165	94	101	147	37	87	85	107	53	24	45	112	161	130	142	99	93	86	120	106	84	86	158	42	81	133	95	127	70	152	113	164	84	118	83	84	109	94	141	100	91	164	140	41	75	73	129	68	94	122	93	103	97	56	57	149	98	102	91	96	117	86	75	47	110	105	163	153	187	44	75	131	115	115	90	181	93	77	154	105	134	108	154	101	154	195	71	146	103	93	122	77	170	97	141	80	136	77	82	75	143	60	81	98	74	135	136	58	156	108	118	124	98	103	85	138	56	81	74	101	168	69	140	79	59	126	69	129	88	82	70	96	88	120	66	68	55	71	125	92	97	202	90	156	69	122	93	76	231	159	70	49	104	123	102	95	94	59	98	122	33	140	114	130	98	36	135	97	132	86	107	70	101	129	100	92	94	137	137	189	203	53	124	94	82	45	69	126	59	72	66	108	133	82	83	208	116	65	92	66	72	122	173	145	46	141	79	109	122	104	153	87	98	81	75	75	97	136	66	135	47
cell1	167	175	125	152	237	145	241	171	143	196	238	105	172	103	220	220	132	102	191	181	142	250	177	114	113	153	251	240	202	203	173	251	210	186	191	128	201	153	147	199	229	140	142	107	110	213	177	119	177	173	95	202	103	144	215	198	63	111	183	378	318	108	134	151	118	102	239	172	91	248	233	82	156	221	104	269	151	199	170	214	178	193	139	193	259	198	225	164	273	142	212	194	243	187	206	98	95	158	190	239	336	246	232	157	160	188	151	248	231	175	291	305	92	169	164	160	182	107	174	202	206	199	141	129	105	130	149	164	199	210	250	188	149	253	129	140	261	217	167	136	152	196	184	114	175	178	162	92	131	60	203	160	177	219	151	197	160	223	96	142	205	151	154	111	167	123	131	239	176	121	114	203	112	315	158	191	229	147	240	187	147	259	187	154	85	140	151	127	259	140	156	128	142	120	141	225	157	214	278	224	204	117	143	181	173	160	160	137	146	138	128	153	157	119	159	165	192	118	215	156	217	143	192	209	217	147	108	174	201	197	162	158	134	228	217	113	230	89	83	89	193	203	186	122	107	123	127	199	258	105	162	114	78	95	156	54	130	131	124	83	99	75	170	122	149	88	104	215	114	104	83	59	167	206	104	97	110	86	92	76	85	114	106	74	108	122	94	88	117	107	111	94	150	172	166	87	105	117	139	55	70	96	128	85	112	86	136	114	96	98	83	55	171	74	104	154	69	115	78	157	65	141	134	109	118	87	136	141	46	101	152	92	117	125	88	110	148	194	124	177	191	203	119	155	140	56	89	91	82	94	94	116	136	107	115	91	68	69	156	105	156	62	115	130	87	107	102	87	96	82	143	110	76	137	108	105	176	59	143	83	148	75	117	102	141	142	95	96	98	179	105	101	64	58	109	104	70	198	80	54	74	225	62	152	82	133	106	71	133	55	197	105	114	66	97	77	171	176	97	125	169	146	121	87	91	107	130	137	62	98	110	100	104	110	75	68	108	168	77	88	146	104	91	161	86	156	119	81	55	90	115	96	94	48	156	81	104	99	96	135	122	104	132	109	129	82	61	124	120	86	182	55	130	210	83	111	112	118	87	140	68	106	86	88	157	161	145	103	96	155	157	89	181	80	169	106	82	123
cell2	116	155	131	251	253	128	212	144	166	73	207	120	95	162	54	124	92	140	126	246	198	184	124	101	165	114	96	140	127	132	90	111	112	113	119	91	83	140	174	180	216	63	153	93	160	122	88	125	219	124	101	93	104	144	72	133	177	118	108	130	90	119	139	138	161	138	227	82	119	76	151	125	120	123	164	166	150	134	206	131	261	125	168	68	127	144	173	81	168	66	139	175	113	108	79	104	80	143	110	119	105	92	123	158	138	124	141	188	183	145	152	181	88	181	104	221	123	127	108	135	109	118	92	231	115	86	101	150	140	112	181	84	153	113	138	138	153	97	196	91	108	156	118	94	146	162	120	141	211	147	154	126	131	62	150	83	117	146	146	70	104	107	94	133	117	91	150	103	155	62	86	165	75	165	87	65	77	173	209	103	90	135	99	139	114	208	84	162	228	107	86	222	102	176	112	145	207	131	56	231	106	177	169	102	222	136	86	222	78	137	152	175	199	97	123	193	216	85	107	98	118	180	109	177	184	143	115	113	108	80	98	228	157	90	114	125	122	146	162	164	138	122	140	88	126	128	126	79	95	47	85	128	75	97	96	68	91	143	83	95	81	121	102	97	68	169	108	83	53	64	114	67	68	126	95	81	105	73	125	109	83	119	88	131	95	189	80	67	83	85	110	81	88	186	69	72	36	98	133	107	70	50	81	99	90	82	66	79	110	131	109	105	41	66	124	88	106	106	98	86	85	77	99	79	75	80	94	59	87	132	166	116	61	107	70	122	56	81	63	64	118	59	45	60	122	118	109	76	71	93	82	59	66	115	59	144	92	67	127	71	52	96	159	135	111	60	75	73	75	124	100	82	98	151	76	83	91	114	110	69	76	70	138	103	74	67	66	98	53	71	72	54	90	78	67	100	127	118	80	28	113	179	58	179	72	56	72	72	62	71	68	159	93	48	103	76	69	109	74	105	50	96	87	32	114	23	104	63	79	64	88	41	96	90	78	60	94	72	82	166	131	99	116	126	66	73	88	84	70	104	124	69	101	103	72	78	80	82	83	90	120	77	71	61	87	75	80	80	108	93	97	105	73	108	145	64	107	81	71	103	143	75	80	105	134	125	52	100	41	103	106	76	62	81	97	76	39	50
cell3	173	169	192	173	369	51	136	155	200	181	132	98	124	152	69	136	106	234	170	185	134	179	176	211	170	69	77	197	210	177	179	138	131	198	104	133	184	174	213	128	138	112	56	163	204	231	96	165	165	181	137	267	221	250	182	122	155	226	122	65	59	173	149	132	140	174	170	152	136	128	163	86	137	117	167	127	284	236	98	160	200	127	211	79	194	132	92	193	180	220	179	147	335	184	124	152	234	171	172	100	176	126	202	170	100	213	177	170	195	112	296	188	111	108	237	155	111	85	139	83	113	114	154	151	161	137	97	214	144	156	143	142	171	154	275	139	151	269	114	168	151	354	318	164	140	83	107	125	145	192	181	92	259	71	189	172	218	97	117	207	234	105	215	461	128	150	91	114	121	106	198	235	151	174	252	215	163	236	75	127	312	100	145	124	164	155	192	191	179	193	114	151	114	222	119	194	189	137	103	174	98	143	196	92	155	132	239	200	117	133	150	204	213	110	164	195	179	213	123	196	342	155	136	182	151	76	183	138	160	140	212	258	123	225	121	146	215	174	219	144	205	171	138	164	94	149	157	155	149	79	91	117	130	122	75	113	111	103	83	148	88	87	105	52	76	163	100	104	160	104	78	110	150	103	74	75	54	61	52	97	131	97	116	138	154	107	86	115	122	84	101	74	125	84	103	95	80	111	114	117	129	87	71	184	83	96	163	65	80	98	146	112	57	172	138	152	85	126	64	123	107	85	81	68	114	155	85	100	49	180	126	162	100	106	107	183	102	76	96	104	105	57	82	168	92	136	128	111	85	108	64	94	182	87	121	156	113	61	116	108	128	88	58	153	102	166	157	142	76	99	93	125	107	122	112	74	95	76	119	38	102	88	191	118	110	147	83	84	121	73	137	105	95	127	125	84	80	78	59	169	99	157	117	126	144	124	53	110	90	100	58	126	107	102	142	120	141	101	150	175	85	42	92	80	167	90	141	158	94	76	93	42	118	119	80	54	90	68	105	124	91	101	95	58	141	107	103	74	112	38	112	111	70	42	121	73	108	125	98	95	67	173	87	124	122	116	84	257	87	112	138	58	154	84	109	133	104	81	73	125	79	81	202	86	123	89	126	76	84	95	129	43	94	63	86	158	125	96
cell4	121	121	98	132	97	164	84	108	100	104	91	109	95	190	60	114	122	128	97	140	109	153	170	125	92	138	202	114	94	120	125	84	166	159	115	129	105	129	121	145	100	86	105	139	87	127	82	68	132	83	73	78	82	63	53	108	84	199	106	103	127	101	94	131	136	118	150	91	143	102	83	71	120	84	127	53	159	139	133	92	151	63	136	96	94	86	108	134	196	165	78	123	137	119	217	147	106	134	94	114	82	139	74	171	105	147	86	82	121	133	45	196	100	147	112	141	137	104	123	63	128	61	117	229	70	122	79	137	145	205	71	117	122	101	122	138	101	80	73	79	95	138	107	70	163	122	127	93	225	159	153	136	54	76	103	72	88	110	100	114	151	95	31	198	65	90	111	81	117	119	135	104	159	162	189	139	106	159	165	103	80	162	143	141	80	73	114	105	77	145	141	166	158	129	109	166	85	80	99	152	77	119	129	125	76	102	153	140	60	110	164	128	55	125	72	138	156	93	154	96	159	111	157	157	142	113	105	125	75	182	84	208	98	134	85	69	85	126	109	159	127	120	98	138	49	66	51	28	43	72	121	86	99	62	119	83	122	78	81	83	49	56	117	68	64	77	73	71	73	87	63	124	59	85	75	80	45	72	118	47	35	83	107	55	82	87	75	63	51	101	89	53	107	77	58	85	76	115	31	75	89	49	61	43	78	158	41	142	68	54	61	124	52	101	52	81	84	49	34	98	128	59	102	133	61	111	84	88	128	86	112	68	48	52	134	108	86	91	85	71	106	147	113	62	71	133	84	86	82	71	57	78	106	111	71	112	109	80	62	74	109	72	72	62	75	46	141	79	64	108	65	69	95	101	95	53	56	62	52	41	73	144	85	40	57	48	58	36	107	42	63	74	56	50	72	60	35	95	56	56	54	78	55	66	64	27	56	117	86	94	26	78	124	119	44	93	54	64	131	56	97	65	44	88	51	33	84	73	64	111	68	68	59	28	131	89	62	45	83	85	88	56	41	60	83	112	57	45	73	102	51	101	141	87	81	91	54	60	78	67	81	103	64	67	82	82	63	60	90	104	105	93	57	57	121	89	123	53	59	112	103	87	63	89	129	66	114	55	72	64	69	57	68	76	98	99	59	53
cell5	93	64	56	75	88	57	55	113	147	76	81	38	138	64	81	52	57	175	70	49	74	52	96	136	49	72	111	59	64	54	69	98	135	95	86	72	88	79	94	89	62	74	63	90	97	44	82	86	197	110	144	128	185	220	63	168	120	172	100	179	108	98	49	122	128	113	119	97	72	172	136	113	154	79	145	75	109	98	61	49	64	23	39	62	0	0	0	43	36	62	24	43	93	108	52	109	74	59	61	112	89	104	71	85	70	80	59	68	42	67	88	83	95	158	87	78	104	80	63	92	112	37	63	128	99	71	77	52	48	54	58	105	76	44	55	71	79	71	51	74	65	104	61	124	122	66	84	71	76	55	147	88	85	93	114	45	106	131	102	73	89	134	62	119	101	85	50	119	52	106	92	94	94	66	119	70	105	61	75	76	96	88	84	74	134	84	85	64	139	62	92	79	73	72	76	173	51	104	72	52	100	54	74	76	86	114	61	158	82	75	57	73	103	86	76	106	57	69	121	68	74	90	81	92	103	139	123	47	115	198	121	47	81	67	82	69	64	147	82	58	68	79	92	50	87	101	88	97	70	49	94	80	74	44	80	141	52	79	109	122	100	39	143	113	74	66	57	70	71	91	65	98	163	126	79	93	57	64	56	76	91	72	112	34	70	67	56	109	90	97	59	46	82	131	65	60	86	139	67	79	105	120	60	103	69	63	26	44	57	92	72	47	56	77	106	109	85	62	123	78	106	90	83	102	77	91	84	59	92	47	120	97	83	50	121	72	91	74	55	79	181	82	131	49	106	66	89	99	43	124	113	84	118	57	86	106	141	60	150	118	107	109	101	95	61	99	62	77	106	93	66	54	98	48	88	86	121	62	86	86	54	50	104	126	53	73	63	90	185	16	54	97	113	89	112	58	92	50	95	83	79	71	110	56	66	67	106	66	144	54	116	105	100	97	106	107	67	32	48	74	91	45	63	82	107	135	95	97	80	89	170	54	138	72	84	131	58	130	103	88	111	100	65	87	30	114	32	65	190	55	131	117	67	144	85	88	80	75	98	58	93	118	149	98	116	74	84	81	69	100	69	80	125	86	76	75	37	79	112	142	63	117	100	78	152	90	118	74	67	106	118	132	88	92	117	84	105	78
cell6	114	103	83	100	110	34	76	96	100	209	112	92	97	63	148	25	61	146	131	130	72	75	68	116	104	60	75	76	121	123	96	118	122	62	117	57	141	53	65	88	116	117	94	67	49	66	69	91	165	106	203	60	89	60	85	187	140	130	141	130	145	140	149	112	67	79	147	128	141	147	121	156	52	135	63	72	98	133	86	127	77	19	38	39	0	0	0	37	37	33	89	73	73	73	43	44	83	114	77	114	53	58	63	67	102	93	78	81	94	67	42	124	115	64	60	59	142	81	128	111	102	56	44	55	143	94	80	82	88	127	85	64	74	109	96	122	50	117	70	106	101	84	121	83	41	117	159	71	121	91	90	149	75	82	81	63	106	62	81	79	53	117	145	81	123	87	99	151	124	125	118	57	89	139	124	155	42	71	65	111	65	70	97	120	83	109	92	85	88	76	64	68	60	105	92	75	102	87	85	121	75	106	99	84	69	91	125	58	97	102	92	90	99	61	83	54	105	68	43	47	81	78	155	85	92	78	109	80	93	78	116	99	66	36	55	57	75	57	69	98	63	90	63	123	126	69	67	46	93	97	66	62	122	86	65	130	67	151	67	104	99	71	73	70	57	112	113	63	157	46	114	68	80	100	57	79	35	63	82	107	64	62	84	75	105	156	51	75	43	77	89	131	124	80	65	100	109	44	134	124	91	69	38	129	125	51	69	89	104	79	112	72	107	102	61	84	63	82	92	52	106	90	89	126	66	112	80	86	86	113	94	111	84	42	57	82	76	112	135	102	62	115	71	104	81	69	84	89	89	65	86	40	65	102	116	58	84	75	127	78	83	51	74	104	112	88	57	64	109	122	47	78	66	91	77	69	79	107	76	97	96	85	131	115	77	58	71	94	81	47	74	142	74	55	71	77	123	113	118	60	44	98	143	107	73	83	134	103	52	42	61	64	120	106	62	73	83	43	76	91	52	63	107	79	43	56	78	63	60	85	92	91	64	162	92	60	75	148	58	73	99	119	88	107	107	84	50	69	49	32	72	79	73	64	82	124	107	116	89	77	65	107	100	72	87	94	96	67	23	21	91	122	87	59	54	42	102	55	66	92	59	91	96	56	154	115	89	70	114	148	143	118	83	76	44	146	60	87
cell7	86	134	98	129	127	84	50	67	114	117	99	133	71	49	85	103	89	145	94	100	129	73	97	87	82	138	136	145	70	187	116	116	74	67	106	52	143	88	71	99	158	85	83	48	129	81	93	109	105	58	47	142	68	73	115	38	84	119	120	135	77	55	98	125	78	98	95	95	112	100	123	151	99	118	92	214	122	137	93	179	114	119	68	114	157	114	87	57	128	89	30	82	55	72	84	167	88	111	85	165	116	153	64	96	141	98	99	69	116	88	147	61	102	89	120	48	155	79	95	86	112	92	179	135	79	75	124	100	80	76	70	103	117	121	119	77	78	54	114	167	60	87	90	89	163	95	91	120	56	132	110	122	108	108	79	70	69	127	75	108	105	151	61	93	108	24	78	157	84	54	95	82	71	60	59	148	114	101	25	113	96	180	146	186	99	149	124	134	106	63	52	89	146	152	84	101	175	158	67	148	96	83	111	90	119	127	91	110	151	86	133	103	137	98	100	98	55	152	56	113	90	76	162	83	50	133	109	156	151	139	81	159	91	94	60	86	99	82	102	74	71	113	133	74	55	92	71	79	55	46	80	82	79	75	55	72	37	58	85	75	46	48	27	51	71	138	24	109	67	70	65	117	95	29	47	71	104	54	79	73	75	53	52	59	65	68	68	89	89	90	61	99	34	67	48	47	49	96	57	89	48	41	89	61	39	92	66	63	98	51	152	76	60	79	63	106	53	46	104	57	116	103	66	60	82	75	75	120	48	36	66	51	78	82	30	70	80	68	85	68	41	36	80	62	26	42	66	100	64	25	41	42	83	57	96	57	71	77	72	58	82	73	65	68	125	43	63	99	65	57	107	72	75	47	88	64	81	76	95	63	87	83	87	83	67	109	60	58	45	63	92	68	75	58	75	61	97	60	91	90	76	35	68	62	66	73	70	103	41	41	37	125	64	60	68	31	86	66	48	100	73	65	70	45	65	67	65	40	66	56	77	43	69	63	75	46	116	43	37	47	75	54	91	50	56	46	64	64	65	52	47	42	65	52	31	45	48	61	68	56	80	45	76	84	43	40	53	94	55	58	41	56	68	123	27	112	124	53	68	57	62	70	80	39	86	83	74	49	87	72	50	78	85	56	41	67	122	108
cell8	130	154	222	200	210	180	137	191	203	293	154	179	212	115	265	171	163	195	179	110	107	127	97	214	144	175	145	157	200	132	109	173	192	203	75	202	172	97	129	178	199	253	158	187	117	142	193	78	174	147	280	148	226	283	173	106	129	216	125	117	90	156	112	208	102	118	153	189	238	149	94	175	196	174	187	93	260	231	172	94	120	122	245	141	202	91	221	130	192	81	125	151	85	132	190	211	139	109	233	110	163	199	240	155	158	228	108	191	169	105	171	159	97	124	196	159	100	199	153	195	148	137	149	185	101	143	240	213	238	134	113	101	144	229	211	168	135	231	236	177	221	122	174	118	172	294	112	134	180	113	198	149	147	103	238	141	178	226	178	121	159	219	165	195	239	244	190	143	286	127	199	207	141	157	287	169	119	159	162	222	184	117	127	142	142	270	262	151	179	127	215	211	191	109	240	135	152	202	156	184	218	391	164	371	209	117	180	163	97	213	198	224	172	212	240	149	262	188	32	150	102	134	142	64	68	153	267	260	250	159	176	95	301	351	127	158	194	145	164	272	185	226	160	198	137	74	88	151	125	101	86	56	78	51	29	86	127	121	136	44	122	85	138	79	103	83	115	148	178	144	125	65	145	87	113	173	59	75	127	63	39	84	146	57	95	123	97	92	65	120	72	159	147	51	85	99	95	120	126	135	66	75	123	86	119	72	138	122	164	116	93	132	130	99	144	71	119	61	112	84	89	113	137	140	198	124	74	151	33	82	171	88	154	64	93	160	76	137	182	98	97	92	124	86	120	132	68	72	199	127	154	144	194	73	113	82	130	183	114	97	108	107	66	182	132	124	136	74	63	149	132	116	74	214	154	177	66	94	76	114	180	144	208	116	137	104	98	133	160	111	161	121	40	68	159	105	98	91	178	88	137	162	90	81	100	104	165	80	214	161	64	102	71	165	139	69	123	191	139	96	134	136	147	142	53	96	79	117	145	85	147	63	105	132	156	93	126	110	147	130	83	154	89	166	178	103	60	103	148	60	69	128	124	130	124	168	117	128	122	120	171	145	136	141	312	165	191	98	106	162	166	139	99	96	73	73	67	122	118	120	99	130	90	100	135	109	206	150	124	118	72	86	129	83	81	80	84	120
cell9	184	130	79	117	95	154	153	103	144	108	92	79	92	149	183	159	166	92	171	128	43	144	89	90	78	134	93	78	111	204	159	108	133	182	221	110	97	57	119	125	72	127	177	155	80	146	190	109	60	152	163	100	145	117	127	143	171	88	139	106	201	97	94	115	182	156	74	143	217	185	193	112	109	164	65	184	196	123	144	144	111	134	152	131	70	157	106	108	181	106	132	79	112	101	110	196	113	193	102	94	155	96	108	108	102	98	114	71	142	98	141	160	74	93	113	120	124	95	57	78	137	88	92	111	110	119	105	80	145	132	136	192	171	106	245	154	82	168	200	112	128	122	114	216	78	102	110	193	148	100	134	151	104	132	101	205	163	76	94	50	95	158	158	95	155	130	80	175	106	131	183	159	135	83	58	72	65	122	77	146	169	155	61	98	94	105	126	98	95	198	147	68	121	115	153	194	149	58	114	65	125	105	117	206	114	147	173	168	66	96	145	198	143	128	94	119	150	145	95	72	136	62	156	98	121	119	88	142	100	173	38	88	139	150	49	143	158	115	169	132	100	89	108	162	85	80	90	63	101	91	88	69	73	84	88	70	73	29	112	26	84	94	100	58	138	56	129	36	86	131	91	37	31	87	106	119	140	85	78	69	73	74	85	78	80	66	66	94	68	88	81	40	79	63	81	189	80	87	61	74	37	72	128	104	77	123	55	68	81	94	171	98	78	93	79	121	144	69	104	127	93	62	63	76	49	59	94	66	87	79	50	98	70	52	92	57	56	88	112	117	96	94	62	30	45	167	71	42	43	79	146	92	76	54	92	68	57	124	91	62	67	58	47	141	43	153	83	86	129	61	82	127	101	35	53	63	106	50	114	80	137	59	83	50	100	39	108	61	113	56	116	73	88	45	53	121	76	59	90	88	52	38	72	84	88	122	81	112	54	115	47	112	40	175	97	62	57	135	65	102	87	102	68	89	109	94	41	40	75	118	84	80	78	102	144	121	53	62	110	76	146	65	74	55	65	66	83	75	28	169	112	81	125	84	56	49	63	100	68	91	39	66	90	71	65	98	113	72	92	76	61	117	86	56	112	113	91	86	75	86	47	70	78	81	72	71	131	156	86	85	82	81	78	67	76	68	53	115
cell10	46	168	144	170	198	127	77	148	105	147	184	126	180	131	80	137	89	240	106	138	119	140	148	177	127	177	107	171	95	147	178	107	113	104	144	154	246	172	144	212	149	113	155	218	157	140	102	164	112	103	117	133	306	171	204	133	134	178	306	89	169	195	121	150	103	152	85	83	145	152	245	153	144	176	143	111	133	133	213	114	136	140	98	127	145	91	196	240	168	68	120	123	70	103	195	79	111	130	159	189	129	104	250	119	97	126	137	192	178	88	103	118	170	211	187	195	65	108	66	160	118	183	115	158	204	129	160	168	172	180	87	167	78	135	109	145	103	157	130	138	147	84	105	137	87	118	181	160	131	198	92	123	196	87	174	75	70	101	100	143	184	176	161	135	162	138	119	163	133	220	203	98	201	123	90	136	106	169	111	96	149	128	119	118	146	147	106	141	151	220	211	191	101	251	174	109	96	157	120	65	139	100	132	107	102	95	146	124	137	102	167	100	159	177	113	124	161	201	143	127	146	215	140	163	152	161	92	184	175	137	141	160	127	135	149	64	155	85	146	115	131	186	138	216	125	48	107	135	92	116	60	87	89	109	134	113	72	88	107	102	114	135	60	107	66	83	96	117	222	68	153	77	99	114	115	114	85	116	102	109	173	182	121	42	118	62	91	42	67	41	60	70	124	88	86	151	139	98	82	126	116	108	52	104	75	167	41	46	65	74	102	76	38	125	78	62	114	124	93	88	105	103	65	80	120	88	71	146	105	154	141	112	79	124	64	121	90	88	83	70	122	72	103	192	114	97	69	157	93	62	96	167	107	159	104	85	105	79	124	94	85	42	99	102	59	114	56	104	143	97	99	77	89	142	117	80	93	74	97	52	100	105	131	82	87	72	108	94	58	95	158	125	73	90	125	64	61	132	65	56	71	55	114	116	114	76	61	90	139	102	110	137	96	109	79	30	69	56	104	64	83	60	65	103	133	77	131	83	130	113	37	79	66	102	73	120	91	132	76	95	119	90	64	82	50	40	100	33	37	69	70	61	83	95	189	125	99	57	88	141	89	126	79	110	51	139	69	30	125	176	138	79	82	43	59	82	166	70	41	91	74	123	59	98	78	146	131	108	85	104	72	61	96	94	98	68	60	75
cell11	104	145	100	112	118	90	137	191	158	113	127	91	101	45	120	133	68	108	144	42	112	150	94	102	127	60	130	165	129	91	101	187	145	83	98	71	64	66	91	109	59	170	141	149	97	120	103	182	186	232	279	118	126	331	107	80	207	166	134	104	193	85	310	184	145	219	180	197	177	165	180	116	239	167	144	186	118	82	171	92	91	34	37	59	67	40	35	40	44	45	137	108	95	106	50	119	100	134	104	136	105	144	131	85	155	68	113	109	149	44	120	90	200	52	91	107	136	99	164	141	116	81	119	66	60	111	115	112	122	102	81	117	169	182	107	77	107	154	96	87	86	96	79	101	108	100	103	90	96	71	122	132	58	98	130	166	69	123	146	69	78	106	94	101	113	100	154	127	86	96	137	108	83	189	100	134	128	134	85	51	140	131	132	58	66	84	110	93	85	147	61	102	101	105	67	107	99	84	124	53	109	47	67	185	113	107	153	158	106	192	120	154	146	125	147	139	80	91	102	63	79	100	102	114	121	42	130	129	53	201	118	90	164	168	128	161	88	86	112	90	112	120	191	127	63	145	57	114	172	95	66	147	115	137	132	134	122	63	116	92	68	105	90	147	173	150	69	109	116	94	154	82	87	124	131	95	141	147	143	87	143	85	51	152	156	80	78	96	142	120	65	162	109	178	205	97	61	190	244	157	79	75	85	116	103	58	142	117	133	162	122	87	171	141	158	122	44	112	182	75	102	123	239	188	104	111	170	46	76	93	133	136	105	90	108	141	203	120	181	124	104	62	63	49	93	74	119	77	68	102	56	162	81	138	122	81	115	134	105	120	110	102	130	78	98	113	120	114	156	52	102	90	69	45	91	162	106	115	62	76	74	137	107	111	150	184	71	112	127	117	148	78	66	145	116	72	111	97	85	144	128	137	98	109	115	76	203	36	88	122	99	126	148	113	66	127	76	77	153	89	72	79	54	98	110	62	98	106	77	105	55	134	100	66	109	186	127	140	70	169	139	88	119	101	148	97	108	150	117	118	57	151	111	83	144	88	76	115	73	141	144	68	140	127	102	102	60	77	175	152	82	104	87	115	97	134	90	113	50	116	47	48	106	110	158	189	82	172	82	101	110	196	87	63	99	98	112	88
cell12	200	141	153	201	110	153	161	208	143	94	155	161	95	242	274	280	168	237	161	224	174	117	210	79	117	120	173	136	144	243	94	161	196	126	230	139	156	183	96	261	126	185	131	281	136	208	235	145	115	216	185	124	202	52	229	139	134	44	179	240	118	315	347	202	109	264	132	132	111	340	290	182	337	334	309	207	263	162	135	194	153	140	113	180	200	136	119	202	133	204	131	222	153	239	86	206	120	123	272	84	176	124	182	155	190	99	206	53	110	163	179	153	253	149	142	174	196	203	126	170	198	256	185	312	179	179	165	113	106	134	141	201	226	139	248	115	234	198	268	186	99	150	164	83	200	93	234	138	231	185	150	169	194	125	184	144	125	128	147	177	197	229	167	149	133	117	164	116	203	172	139	178	87	118	152	134	149	87	185	111	200	245	196	94	249	216	109	203	102	132	157	123	226	250	183	133	210	138	232	133	271	163	140	128	146	173	120	158	223	148	98	212	139	176	100	229	175	106	98	93	171	228	167	182	168	156	127	334	112	139	103	110	202	330	178	127	192	199	189	242	129	148	168	112	38	77	111	84	113	92	99	91	93	125	105	129	29	97	117	111	145	93	98	116	104	131	70	94	112	112	91	67	100	75	117	91	120	84	73	80	87	129	69	134	104	62	72	94	145	61	64	184	113	123	69	114	125	112	115	116	95	130	116	112	106	60	117	64	67	108	81	62	131	100	129	208	66	94	98	176	145	92	104	125	85	129	139	83	86	101	100	42	148	61	88	80	68	132	114	114	90	90	126	151	140	62	46	120	79	83	112	61	60	85	79	112	92	45	156	120	76	101	178	78	134	65	90	72	44	103	232	85	107	120	129	95	61	55	87	76	70	122	170	197	116	115	88	58	164	133	99	128	81	69	82	74	137	79	139	99	91	50	114	57	51	135	192	121	108	83	97	76	87	121	96	134	98	78	121	136	108	77	110	151	159	126	96	85	129	83	106	244	206	73	127	78	131	73	89	87	93	112	109	93	169	103	82	143	82	80	107	120	100	51	81	64	153	102	197	172	127	95	145	84	90	140	81	127	156	153	155	124	113	129	81	79	150	96	111	92	133	186	42	102	62	152	110	90	73	133	88	92	81	91	114	91	92	66
cell13	158	117	87	197	125	141	113	148	114	112	147	64	74	196	105	136	94	83	114	102	109	106	108	110	56	55	126	145	169	176	107	163	69	119	179	164	133	141	94	137	131	89	93	116	112	80	153	150	176	77	182	125	205	151	75	175	80	102	115	142	108	75	60	97	165	132	86	96	73	143	86	86	114	175	86	231	101	219	90	65	128	134	77	99	136	87	84	131	96	105	109	129	83	123	108	98	128	90	151	124	134	181	173	93	94	116	160	127	93	44	107	103	173	131	109	69	113	133	149	105	75	82	69	83	145	71	97	125	54	144	132	52	97	100	73	189	83	67	79	115	102	117	101	159	64	210	114	59	97	130	72	198	114	46	129	202	183	106	166	201	67	155	155	140	194	205	137	161	100	89	136	130	148	111	77	287	114	54	90	116	69	92	159	90	112	111	110	160	123	72	120	109	171	108	131	204	67	144	154	117	129	146	130	110	155	102	125	130	130	98	79	141	55	47	116	100	127	177	129	87	72	109	102	152	143	81	140	66	113	51	126	159	186	193	166	112	83	133	136	136	190	102	146	92	213	115	112	61	86	166	128	147	67	82	141	127	100	117	69	89	93	100	112	78	87	131	139	91	107	70	87	256	70	111	111	137	139	135	96	47	84	108	86	80	117	92	70	124	103	117	151	127	136	103	108	140	95	182	84	142	180	116	171	63	150	65	132	133	131	81	124	225	86	178	63	83	57	147	84	68	40	109	133	148	168	109	81	135	88	122	169	85	118	157	130	125	91	153	151	127	113	160	123	100	173	104	182	44	72	125	102	169	83	113	100	91	203	104	196	160	122	79	105	208	117	92	93	87	134	77	141	118	144	100	92	104	127	160	172	160	147	95	111	107	102	137	95	86	78	114	275	114	284	123	101	97	109	61	81	115	125	125	143	125	98	200	125	154	42	68	158	78	42	72	58	137	93	69	108	97	96	140	83	83	180	194	103	138	99	187	31	96	78	159	113	78	58	122	110	78	159	134	161	85	109	107	104	111	169	140	153	134	151	132	120	73	118	83	99	85	84	72	103	167	55	146	146	110	95	220	110	136	132	42	148	155	156	122	132	174	72	185	64	110	101	111	160	109	126	116	67	180	179	136	104	100	129	74
cell14	111	98	105	187	94	139	72	233	170	207	235	102	148	123	197	152	247	148	204	123	104	185	129	136	120	98	91	95	150	163	80	75	90	87	138	110	107	29	81	159	74	108	100	109	166	189	87	72	131	141	146	179	154	112	179	94	108	165	198	206	76	85	119	182	136	131	129	60	96	101	153	138	154	172	84	152	152	108	114	74	113	98	173	92	146	179	151	123	182	87	132	128	100	138	199	173	136	190	170	79	81	120	111	77	97	272	257	219	121	159	184	206	151	107	171	101	174	197	120	265	231	105	135	77	127	162	79	147	97	142	127	251	75	168	148	91	138	205	38	75	126	167	187	159	181	211	150	127	186	120	162	145	157	191	129	101	84	96	198	87	101	119	137	193	149	243	215	148	156	150	174	102	260	110	84	197	117	121	98	93	135	207	74	168	156	88	55	127	98	152	85	259	166	127	134	117	81	103	113	119	224	87	137	131	194	117	119	67	134	138	130	105	142	221	198	161	92	74	122	174	174	81	124	101	75	107	119	243	108	202	158	146	98	103	120	126	77	54	110	130	135	83	210	114	106	104	68	112	99	72	148	115	108	103	102	82	133	67	118	183	32	77	109	109	44	102	85	186	114	91	127	83	105	172	171	66	81	118	128	83	46	99	83	115	119	128	93	84	50	179	100	67	65	112	132	119	77	92	106	72	98	169	97	86	40	107	88	166	101	92	125	67	62	68	114	17	190	131	134	140	70	100	99	101	243	116	101	73	70	62	148	71	113	89	91	111	90	155	87	79	94	150	123	55	68	59	80	53	172	77	84	69	95	108	104	75	80	119	60	81	154	98	77	97	136	103	54	84	152	131	94	97	48	60	87	106	136	89	159	139	130	75	140	81	113	129	138	94	41	65	54	101	100	128	162	112	71	81	111	99	76	52	88	67	110	40	173	56	81	69	23	128	103	147	37	115	77	79	91	77	70	49	53	157	97	65	120	69	149	99	100	121	75	101	87	78	67	65	91	107	84	114	100	118	67	71	113	152	105	147	71	133	91	135	141	71	71	77	80	79	70	87	57	71	170	108	54	96	99	124	125	50	40	94	61	79	147	76	106	131	107	54	105	80	212	79	70	67	108	129	129	111	97	72	126	92	137	78
cell15	108	47	90	42	54	95	75	98	127	56	81	96	155	71	64	85	83	143	106	138	64	63	71	86	157	120	60	76	59	51	88	64	129	75	47	119	70	116	84	124	123	113	121	97	55	88	85	94	83	91	60	86	87	58	132	56	95	85	83	82	83	88	66	97	88	62	56	36	75	41	55	121	131	75	81	107	54	50	57	44	63	84	100	92	88	88	47	92	130	65	83	69	76	84	68	77	118	103	77	101	184	64	43	199	79	56	86	74	92	79	149	65	61	47	90	57	83	127	250	152	63	98	71	34	63	72	50	122	106	81	96	64	59	73	84	138	73	100	38	68	114	91	137	62	82	88	114	88	49	83	94	63	66	128	116	105	41	97	50	120	127	96	66	87	91	102	116	160	82	59	58	55	97	98	60	73	89	86	53	99	121	68	82	71	98	80	39	125	96	84	95	97	105	51	101	128	109	109	73	97	65	71	65	79	120	103	93	73	107	82	97	120	41	126	72	71	53	110	82	66	84	81	54	57	55	114	46	43	68	54	85	61	62	84	70	83	72	78	101	136	112	91	79	75	78	77	91	68	67	84	80	107	58	92	49	73	80	146	52	70	93	111	81	98	115	29	83	105	71	84	97	71	63	66	49	84	88	98	47	82	116	48	75	68	89	57	67	109	53	39	50	103	71	111	56	43	41	37	123	50	83	37	61	98	70	45	89	83	69	130	39	93	82	75	47	109	121	124	92	147	81	112	121	75	79	55	104	128	169	42	148	67	77	52	76	57	89	118	29	125	81	70	113	78	75	62	155	155	78	53	71	75	72	135	55	102	87	105	62	41	110	110	103	91	76	40	38	49	54	83	101	104	65	111	98	58	66	78	94	31	49	75	98	90	113	103	52	99	60	60	67	72	87	82	132	86	75	106	94	62	121	72	105	98	69	109	148	84	54	68	116	69	96	71	68	90	86	33	107	62	46	87	81	54	107	90	105	54	130	96	57	56	79	68	53	89	92	73	49	96	73	61	95	130	91	80	163	66	85	78	89	89	95	69	70	43	70	64	57	56	71	89	72	86	67	73	86	51	92	131	78	120	92	57	86	66	57	85	64	65	73	117	106	52	92	85	70	68	98	99	84	66	68	68	88	53	76	80
cell16	156	173	130	112	119	121	182	173	195	183	157	85	139	146	150	79	165	127	155	117	74	148	195	204	97	336	102	116	79	81	101	118	127	125	99	82	130	155	221	127	102	166	195	134	154	79	121	160	161	116	114	133	140	132	111	106	150	70	109	160	174	108	138	109	128	170	155	102	102	161	94	129	178	157	159	221	205	184	158	274	118	157	165	155	72	84	195	173	231	127	136	203	220	108	225	138	133	82	80	196	120	169	122	167	201	135	215	127	108	139	200	194	103	102	130	186	341	56	132	87	132	102	148	116	139	145	148	180	127	103	112	58	150	93	145	117	176	103	145	98	92	158	84	109	75	118	206	91	92	184	105	94	88	153	108	185	197	136	178	67	172	118	156	226	131	127	64	196	288	73	205	125	134	53	80	139	207	129	132	169	104	187	191	152	153	142	103	156	123	249	122	233	147	139	204	181	129	52	86	190	145	129	206	117	146	115	193	131	200	70	184	71	127	99	129	66	185	79	139	246	98	64	99	171	172	123	146	161	115	124	130	108	141	151	148	147	116	145	254	184	86	139	133	259	67	74	73	84	67	83	127	134	76	111	39	120	76	79	54	151	70	105	104	75	73	90	126	63	72	128	39	85	73	75	122	88	115	166	71	44	75	71	152	95	120	67	115	85	124	64	56	132	83	78	86	106	98	52	118	83	97	66	75	65	65	78	134	132	62	101	80	107	60	136	96	24	74	118	92	78	58	50	91	84	84	130	120	132	94	73	108	130	89	67	107	81	57	124	74	76	82	41	66	79	92	229	175	100	134	90	51	141	76	107	77	83	95	72	61	89	105	95	85	151	106	90	134	118	58	82	100	67	89	75	87	138	53	126	72	76	103	83	91	93	150	108	46	60	84	61	132	51	90	96	64	54	112	67	81	135	92	77	68	101	93	82	53	137	149	123	45	103	47	59	84	76	104	177	59	136	55	58	49	64	78	131	44	69	51	85	70	141	103	112	112	43	73	64	75	54	61	100	101	104	89	131	91	105	115	44	148	99	185	86	59	99	103	58	62	122	27	68	100	55	121	90	95	57	111	177	84	91	61	89	105	70	75	131	34	102	105	84	63	93	94	89	98	100	101	92	103	90	108	74	63	131	157	111
cell17	117	70	139	55	68	105	81	73	62	81	96	73	90	67	87	65	86	155	53	90	55	61	92	98	118	81	88	43	122	35	61	74	70	72	65	155	84	93	83	84	104	82	71	134	85	108	96	101	68	105	80	91	72	74	68	86	78	70	65	93	53	54	81	52	102	79	46	84	68	98	104	173	77	90	94	60	80	80	100	50	78	50	96	133	100	99	41	59	111	104	60	73	79	95	65	74	85	86	155	127	32	39	142	93	51	94	72	99	113	58	70	70	126	79	86	94	68	51	101	67	80	80	82	78	68	81	134	91	78	117	128	179	117	103	98	82	86	74	39	86	109	75	64	119	104	99	46	61	105	90	122	54	103	67	115	39	68	75	64	81	56	55	77	128	103	90	152	80	111	85	76	57	74	87	78	79	106	64	31	69	76	46	71	150	124	83	80	87	85	119	117	144	125	134	100	57	70	52	62	71	78	70	82	81	56	123	121	82	52	61	99	143	87	87	69	93	55	98	93	110	99	107	105	70	77	120	98	118	87	55	114	128	63	122	124	114	70	95	67	94	120	61	62	100	80	43	56	45	90	68	80	60	33	102	84	51	50	42	55	53	71	87	82	61	38	69	59	41	56	105	26	40	110	111	44	85	57	47	59	48	105	76	47	79	25	48	48	52	65	38	48	96	30	51	28	63	77	51	60	51	71	56	60	13	60	65	93	50	38	62	65	41	94	21	53	57	26	97	66	84	86	64	101	50	68	103	47	56	69	50	81	50	63	71	47	48	63	49	123	52	21	43	88	75	55	64	89	50	49	62	32	34	70	51	32	40	60	55	39	45	53	36	29	105	69	42	32	46	86	91	36	63	44	96	58	97	32	66	64	32	101	60	44	117	56	67	48	41	65	74	22	98	58	67	26	58	60	56	63	78	37	52	41	24	91	43	47	76	34	55	61	48	53	52	66	27	53	59	57	72	37	71	94	62	84	32	46	36	48	70	51	32	62	59	66	64	26	40	78	63	46	35	66	69	59	62	40	56	31	52	62	45	70	79	42	41	52	34	81	45	60	24	41	51	47	68	54	40	80	62	55	40	67	63	43	112	56	61	47	87	74	87	54	46	37	43	34	64	47	68	63	44	64	69	43	76	46	56
cell18	53	49	96	167	79	118	66	107	133	68	117	93	133	53	164	92	101	98	55	144	108	141	141	40	88	109	45	34	102	137	75	92	71	127	96	124	72	55	69	110	133	73	48	110	111	46	93	68	87	71	78	60	86	83	103	79	62	66	54	44	97	53	111	187	124	66	84	134	53	114	92	74	91	57	73	86	102	84	58	96	87	134	79	73	124	89	112	41	95	79	137	64	50	61	92	93	135	50	62	103	128	96	114	66	35	59	64	63	178	128	78	153	55	190	41	81	79	72	92	53	123	144	115	81	106	95	78	114	63	74	159	121	161	71	65	52	102	106	100	89	64	43	68	91	88	127	120	84	84	128	68	95	32	67	55	98	104	61	41	42	81	122	107	113	68	170	65	155	188	76	106	129	73	96	91	119	136	108	112	117	102	111	67	95	71	89	69	32	95	143	45	91	76	74	180	105	60	34	109	116	125	122	102	156	105	128	106	130	135	83	86	115	64	70	95	107	94	84	85	111	101	60	58	111	86	103	68	95	87	81	65	77	140	100	93	84	191	161	156	120	124	89	78	124	75	26	105	65	57	72	88	53	86	56	41	58	55	82	56	59	70	60	89	62	28	55	84	87	90	60	86	74	70	79	71	56	63	44	45	65	38	39	70	63	54	66	41	31	45	74	54	71	71	66	39	52	50	31	63	55	40	61	35	58	49	82	63	47	65	45	79	75	64	57	57	46	22	46	92	81	48	94	103	67	79	47	35	30	48	50	107	45	50	78	69	50	63	74	95	55	54	70	69	64	53	75	62	60	70	39	42	62	60	79	40	47	96	75	82	44	31	68	65	56	36	51	53	86	80	42	110	117	27	82	63	46	67	23	55	61	37	72	91	71	93	50	70	55	49	63	74	95	93	102	32	49	94	49	51	88	42	42	84	73	49	73	39	53	120	98	71	83	63	31	102	51	42	51	32	50	125	62	61	60	65	103	22	61	55	67	53	85	40	69	55	68	40	31	67	90	43	77	58	74	40	40	82	42	50	67	75	79	47	46	33	67	66	54	63	80	53	74	44	55	95	64	75	45	34	69	58	74	71	63	42	88	35	35	73	102	44	60	64	59	55	56	66	36	68	60	36	53	73	69	70	83	48	53
cell19	122	166	72	80	66	92	150	154	79	74	82	64	132	107	77	66	90	92	64	48	91	103	85	50	79	62	65	92	71	89	84	87	108	104	116	130	97	87	107	44	74	55	92	83	51	105	168	83	106	115	54	104	81	65	59	116	80	149	156	112	77	113	82	134	94	129	138	87	118	65	92	121	109	120	68	85	81	119	99	112	143	107	168	110	80	52	132	15	119	92	79	57	89	93	71	69	69	71	131	54	123	68	65	103	70	94	110	148	164	45	104	88	91	99	86	95	81	65	70	128	143	115	65	109	88	142	72	146	127	103	144	52	121	107	105	68	41	118	75	85	60	120	69	97	102	62	74	88	39	47	88	110	86	104	146	93	63	96	112	113	124	71	103	135	58	91	130	148	98	56	100	79	146	56	52	94	102	83	111	116	100	84	103	91	82	81	150	110	58	144	89	57	73	104	85	118	87	111	65	86	93	133	119	53	160	62	117	91	69	70	86	62	54	107	88	114	70	123	131	171	122	103	123	66	116	46	53	94	85	65	122	146	133	39	51	90	88	182	127	72	103	154	69	80	56	48	54	56	47	66	71	81	60	59	93	70	69	46	37	44	39	56	89	96	51	70	88	43	79	46	79	89	55	74	96	77	89	37	54	53	54	46	33	119	68	60	93	99	61	93	61	29	74	106	25	48	85	70	76	50	44	50	62	57	67	58	73	77	89	57	50	57	32	62	96	110	89	64	31	84	78	45	129	56	83	68	88	57	65	51	52	54	58	63	99	55	66	39	47	40	54	83	67	73	68	52	48	45	39	43	95	115	57	76	48	49	98	78	58	81	99	46	37	79	73	73	59	96	71	37	27	75	21	84	60	63	63	74	130	82	54	51	75	40	62	41	56	47	25	48	44	49	75	79	47	53	78	45	83	55	51	30	79	48	54	33	58	62	56	58	79	77	67	76	39	41	50	60	48	65	45	32	65	62	54	56	41	41	48	86	61	64	66	32	29	53	53	67	86	64	67	80	66	88	73	60	98	46	85	47	78	89	77	98	47	26	82	35	70	70	31	32	59	80	54	44	91	81	53	60	64	78	57	34	53	102	62	65	73	43	89	50	56	24	45	81	42	30	69	83	67	62	69	84	50	78	80	32
cell20	65	63	118	103	71	90	101	70	99	49	62	58	60	82	105	70	69	56	45	109	42	55	52	75	39	40	68	57	99	94	91	15	84	90	73	62	112	91	48	52	50	39	68	70	81	83	120	88	78	92	70	57	51	36	63	59	80	96	83	60	62	57	97	50	70	48	107	81	47	72	96	42	43	47	67	32	47	58	111	78	129	67	118	67	44	75	73	77	70	53	32	31	49	77	70	72	96	63	72	78	91	52	42	82	78	80	92	54	72	51	34	33	115	64	70	95	80	79	63	53	91	91	85	87	50	89	114	104	75	59	61	70	75	124	60	56	51	41	84	65	64	34	58	88	99	52	133	69	50	46	94	80	45	42	89	70	98	69	58	41	91	57	86	86	44	65	47	45	59	109	64	65	48	67	93	58	77	67	44	122	65	105	95	60	39	118	60	43	87	52	69	58	102	70	99	69	108	72	97	97	69	52	63	75	70	105	52	59	59	68	67	77	57	53	67	101	83	71	76	55	127	85	91	75	128	60	68	68	100	55	81	63	76	60	87	104	95	64	63	55	62	51	47	77	68	73	50	71	37	84	63	78	86	76	55	76	55	79	64	74	79	59	77	74	58	59	32	38	73	77	52	91	70	70	80	78	74	43	99	88	58	31	45	81	52	52	20	61	87	58	56	104	56	91	68	79	58	113	45	62	65	64	66	71	67	95	99	47	81	59	69	91	41	76	49	70	83	37	50	110	65	66	99	44	95	92	87	96	97	83	83	71	86	60	107	72	75	75	58	108	68	74	58	59	94	87	58	94	60	76	105	54	56	53	63	88	76	47	106	61	45	102	74	56	49	51	43	48	72	75	41	88	88	57	67	82	111	64	83	35	67	55	85	47	77	60	49	66	49	62	36	104	99	66	66	60	47	82	68	78	79	76	122	136	87	62	85	49	139	56	52	111	27	109	79	126	94	65	41	51	68	69	84	49	55	74	50	60	61	100	107	89	34	38	84	59	51	58	49	55	76	84	76	63	69	49	54	82	68	53	85	40	42	67	58	74	49	35	79	60	73	70	125	92	50	56	103	79	73	101	33	62	65	40	61	88	83	88	34	63	72	77	55	45	161	126	126	58	65	73	57	36	40	71	70	78	71	59
cell21	170	145	129	66	229	124	177	112	160	108	160	231	188	248	121	131	189	145	157	260	188	119	308	67	151	222	157	175	122	114	187	202	156	92	279	70	126	243	166	165	102	177	215	65	162	154	142	200	147	192	214	166	112	130	207	202	141	225	103	148	153	173	175	93	182	27	154	222	142	168	111	139	214	105	121	169	88	185	171	87	208	172	143	216	192	166	214	131	294	174	152	220	234	170	156	86	129	146	480	147	131	176	189	245	108	175	101	129	159	105	265	202	201	125	168	145	129	141	130	228	123	210	209	208	139	123	223	198	131	150	114	347	148	162	98	145	82	278	206	216	158	191	142	109	205	214	193	250	148	112	122	170	50	136	134	91	162	153	155	129	156	237	149	202	111	216	138	156	256	134	64	156	196	179	150	187	143	118	138	250	102	226	303	232	135	155	127	230	109	293	96	37	133	173	133	216	132	106	172	190	171	164	193	196	115	160	171	156	158	186	109	185	164	83	167	177	170	139	140	247	180	159	148	154	277	214	122	134	200	187	134	116	87	167	224	124	103	228	142	117	205	184	133	228	81	84	97	92	86	143	155	74	53	102	130	69	83	148	125	95	140	76	123	82	179	89	114	62	158	218	214	79	64	134	108	146	46	82	90	53	65	92	91	55	109	176	105	109	103	139	99	67	101	71	66	112	133	159	59	82	115	107	78	116	69	111	100	181	85	116	113	128	137	104	143	153	126	104	109	81	67	94	129	79	82	91	109	82	91	145	91	183	143	57	99	135	134	127	158	192	89	68	100	105	50	98	124	176	92	113	49	66	122	68	88	81	93	142	118	63	133	139	93	87	138	112	141	87	102	90	148	96	141	152	156	69	115	153	77	89	99	103	139	57	100	111	118	88	77	95	93	166	93	110	118	96	153	84	97	96	66	153	96	179	167	97	81	113	151	54	143	113	130	82	111	105	93	132	94	103	109	119	77	179	138	167	73	95	113	88	92	93	146	78	99	91	92	131	148	112	88	172	79	90	78	65	101	97	76	46	130	92	148	182	143	110	83	136	125	155	82	91	93	88	87	124	98	108	183	80	135	71	141	74	76	103	144	67	124	137	84	91	69	98	104	79	118	109	82	80	114	89	122	123	159	104	124	83
cell22	108	123	176	135	191	41	104	140	120	133	80	79	182	82	84	53	58	182	118	178	165	93	110	110	166	165	100	37	83	76	102	106	76	77	64	78	57	83	73	89	52	115	84	88	101	51	44	75	232	76	177	63	76	94	127	62	74	130	121	88	187	101	167	136	105	150	98	86	38	56	107	152	133	94	47	86	128	128	96	75	79	132	136	148	117	121	177	67	72	123	124	98	169	126	75	94	144	88	96	68	179	227	104	164	210	101	78	110	50	89	136	115	150	102	79	56	95	75	74	181	58	92	96	88	92	145	95	128	172	117	103	223	52	136	81	104	78	51	67	115	138	151	76	103	143	105	140	67	84	168	92	151	98	78	69	77	150	92	123	94	78	82	154	129	171	109	43	109	110	104	135	116	110	91	111	126	123	55	81	135	76	105	120	67	49	117	149	80	89	90	181	164	66	141	74	107	143	128	131	105	133	98	109	120	113	94	108	107	120	149	120	71	118	96	136	118	140	103	114	72	166	86	79	61	97	92	140	76	167	143	174	70	135	108	89	138	137	140	81	84	113	81	149	81	71	44	80	72	75	66	42	64	54	74	79	25	42	37	68	61	104	133	87	123	52	53	73	59	61	106	74	58	98	66	64	81	62	42	60	87	29	70	112	84	78	54	58	101	69	51	83	49	70	43	64	82	43	72	45	82	67	78	72	45	91	88	92	113	61	61	34	66	66	53	48	114	31	89	45	49	68	89	101	52	45	29	81	51	55	61	67	112	76	56	121	93	68	59	50	67	114	65	51	68	104	60	81	57	92	89	34	78	69	34	29	84	70	56	104	51	45	44	55	84	48	104	61	49	90	64	70	33	46	81	47	71	101	124	95	69	88	86	53	91	39	83	74	50	23	114	49	74	80	54	124	48	118	29	46	77	53	79	66	78	66	39	23	90	59	105	98	73	39	83	81	127	74	84	87	23	62	65	40	58	92	64	94	58	105	125	56	44	75	70	73	72	113	76	24	85	50	51	96	68	76	91	92	109	90	64	86	90	101	50	65	80	112	76	83	101	34	69	70	36	84	92	76	58	79	45	57	23	62	48	54	83	69	56	69	51	36	88	114	70	64	120	35	66	59	74	69	91	72	63	116	64	65	94
cell23	79	45	63	83	137	64	58	62	103	49	126	43	81	110	65	81	153	109	107	101	76	57	80	95	71	124	57	104	97	99	75	104	40	113	88	97	82	59	121	75	137	106	79	78	44	126	154	127	81	118	101	149	163	91	91	195	104	117	160	103	100	88	171	172	108	147	94	117	169	180	115	127	78	158	156	106	99	157	73	85	97	39	42	30	25	64	38	49	50	54	103	59	132	69	114	120	84	124	47	123	129	86	126	54	119	66	103	124	73	66	75	106	81	60	36	139	95	74	49	72	148	97	82	67	93	48	63	152	71	58	67	78	78	78	74	122	113	67	84	109	156	121	56	46	67	102	52	73	47	109	98	116	197	73	65	125	56	69	111	88	166	68	81	72	81	71	94	49	54	111	127	111	105	58	67	74	82	133	95	65	78	68	95	86	129	120	84	111	115	47	57	35	62	136	97	47	138	28	71	92	66	86	72	106	83	76	105	121	96	73	84	95	88	96	72	101	104	75	85	105	97	76	79	57	73	91	106	56	81	89	130	69	83	182	101	90	89	114	78	88	68	66	97	71	78	78	51	114	98	69	166	58	58	58	56	76	77	56	80	88	76	99	73	100	44	84	77	66	110	74	113	68	67	75	70	105	91	79	123	89	83	77	149	98	87	137	138	89	86	78	23	113	126	90	78	57	94	81	73	52	63	39	59	73	66	108	60	66	95	52	80	115	106	77	70	99	121	62	84	92	105	58	91	75	53	41	41	82	70	102	42	146	234	54	48	64	76	79	135	47	87	92	97	138	140	91	60	102	225	32	82	89	122	83	60	37	120	146	63	76	91	84	62	95	96	95	86	66	82	127	26	89	107	65	76	64	40	102	88	152	67	84	78	52	37	114	126	86	129	61	82	50	124	58	106	50	85	74	141	100	101	94	86	69	101	90	100	125	37	87	60	111	36	91	59	99	74	111	79	79	118	103	47	84	50	72	73	72	86	60	79	106	80	89	124	77	74	139	56	113	69	75	102	63	72	157	110	71	63	48	63	117	35	79	108	140	67	44	65	44	66	107	115	96	93	140	69	121	86	136	132	106	146	143	58	132	62	78	85	89	57	119	114	100	72	56	103	68	89	142	35	98	86	86	77	58	39	32
cell24	195	190	195	190	157	150	175	184	103	92	163	221	228	178	161	206	91	87	186	109	220	120	159	120	160	130	128	93	152	64	144	62	137	129	169	131	107	196	74	86	225	111	105	187	100	146	102	259	147	302	200	280	107	203	282	201	266	272	122	291	297	247	170	345	134	182	183	226	273	110	225	159	270	226	262	90	125	127	146	88	140	51	78	55	122	117	83	65	95	79	135	142	117	115	171	151	143	110	101	163	129	99	176	156	167	174	134	156	225	111	167	72	133	92	129	221	69	209	116	141	97	143	155	134	72	168	105	105	118	180	121	133	128	120	168	212	98	200	136	121	225	260	150	71	68	55	232	102	92	106	183	152	138	78	94	138	166	119	157	144	158	121	253	174	178	195	183	158	71	103	140	145	139	90	101	160	105	115	177	308	130	131	188	218	105	113	117	175	115	110	86	114	152	110	142	78	133	224	176	115	67	118	151	67	134	101	133	104	160	130	139	148	92	148	110	100	293	182	189	197	204	201	123	80	125	130	120	152	76	150	150	248	195	73	204	123	130	109	154	103	136	111	107	78	111	117	103	151	102	181	116	69	78	127	165	104	183	121	92	113	313	231	177	191	105	191	209	203	214	133	159	139	105	152	128	142	173	113	44	168	72	158	159	142	135	134	130	90	110	122	170	174	146	136	174	112	159	141	162	90	151	168	88	83	246	53	129	188	138	165	126	179	119	203	163	133	154	105	151	178	104	224	135	163	109	194	86	101	168	146	129	165	69	224	98	158	140	145	123	272	97	71	158	105	167	155	143	164	97	118	161	104	149	148	129	164	98	98	137	176	139	73	291	201	108	182	73	192	75	198	107	125	207	145	111	92	130	214	132	163	127	130	177	177	94	189	139	146	104	96	160	178	129	148	161	143	57	206	126	158	114	146	99	156	167	99	94	120	116	115	166	121	82	124	60	104	113	196	70	102	98	115	139	57	79	97	151	110	153	141	137	122	73	168	131	156	248	153	89	185	132	170	67	83	115	140	84	181	127	81	61	145	95	68	150	140	235	158	94	154	126	257	79	186	44	155	115	208	203	81	161	164	137	125	67	121	143	82	199	237	181	175	229	133	48	113	204	127	123	105	96	171	139	184	57	198	99	155
cell25	79	57	58	80	81	36	62	130	69	72	64	55	79	131	75	126	90	110	61	143	30	65	99	51	79	62	42	88	105	72	86	105	134	105	109	122	103	42	42	82	74	101	86	70	72	60	115	78	96	165	46	47	58	180	113	68	88	85	54	86	74	68	56	91	59	92	58	103	118	81	115	95	95	63	82	76	56	85	67	104	24	47	82	99	76	69	105	67	76	116	102	129	100	113	36	133	103	61	66	88	114	66	59	59	59	48	56	57	71	72	54	158	69	132	76	53	48	147	96	80	99	120	108	93	60	164	57	99	102	59	60	76	16	89	67	136	62	74	37	52	84	127	69	82	72	86	59	127	57	116	68	81	103	107	118	66	65	105	132	126	78	103	46	116	111	52	131	119	54	100	106	90	98	90	67	105	76	75	76	54	111	80	81	36	42	104	44	79	42	84	67	133	55	41	23	117	52	55	124	94	92	128	83	73	92	24	107	85	117	60	88	46	39	65	74	145	113	91	108	83	79	56	118	89	103	52	89	75	94	47	185	104	74	58	75	84	74	55	85	61	81	69	47	83	55	113	83	95	42	63	111	96	43	216	77	129	66	75	52	122	72	90	72	95	37	99	71	133	142	77	94	50	70	94	106	75	67	118	57	47	129	71	59	71	46	66	133	113	101	79	92	98	53	87	114	49	128	44	135	72	133	136	80	65	119	116	67	67	92	129	73	128	69	101	83	93	73	72	105	61	73	83	108	101	53	141	81	71	105	32	82	115	65	64	129	81	126	85	117	96	100	66	139	82	81	66	72	52	80	54	104	53	59	91	107	112	92	67	89	76	63	124	79	74	63	55	45	80	145	108	137	59	45	125	79	60	76	103	80	90	51	126	108	85	99	126	90	82	75	116	87	71	64	85	104	58	79	55	67	64	107	85	76	66	67	45	75	59	120	95	113	62	132	88	57	74	90	103	69	70	96	76	36	94	104	78	92	107	50	46	127	85	93	95	78	68	117	154	14	79	87	73	86	91	53	87	83	79	93	70	75	82	69	147	85	157	85	105	70	56	44	94	94	95	97	77	73	134	46	80	64	79	77	110	106	84	66	40	33	93	105	97	53	71	77	116	95	44	127	56	46	42	67	95	91	82	86	71
cell26	106	140	196	166	97	244	143	186	148	179	183	80	190	273	232	273	166	198	350	149	148	205	147	121	132	202	89	390	132	97	192	175	127	232	196	150	153	216	202	158	114	162	194	333	131	178	150	245	269	227	120	208	154	182	185	198	146	201	164	298	286	299	157	104	122	125	110	119	179	268	196	169	213	104	217	184	83	141	180	210	266	149	122	268	152	198	120	117	130	161	294	264	161	225	87	209	158	214	256	250	161	149	171	150	262	158	249	77	171	114	238	111	160	170	158	98	120	107	184	158	251	283	180	310	143	166	142	156	162	271	184	237	207	190	164	175	104	187	217	97	163	223	102	192	80	209	125	246	179	286	199	302	206	156	154	173	231	249	139	262	175	149	146	99	157	169	140	118	127	225	163	160	190	186	189	174	250	259	174	184	121	197	179	145	205	255	216	273	176	255	116	167	217	108	119	144	124	118	85	191	199	152	170	120	144	171	304	212	151	79	222	135	232	187	342	153	137	292	143	202	310	121	152	209	234	232	215	140	187	199	49	162	113	128	126	273	255	80	209	206	152	115	238	211	85	164	65	93	143	170	78	110	169	152	157	65	91	70	127	105	89	158	100	106	109	151	179	160	58	40	190	162	158	133	120	78	184	159	125	124	136	61	117	136	101	118	185	209	83	190	37	86	119	177	138	97	67	71	136	136	115	130	106	148	107	133	148	96	64	71	78	87	88	137	68	60	112	98	121	135	118	156	113	113	66	188	127	103	184	281	107	153	110	86	113	157	99	84	130	88	57	122	146	152	104	149	170	88	131	120	71	117	63	151	128	177	99	134	69	147	72	52	141	151	82	110	230	146	87	66	72	107	123	149	165	133	137	136	163	56	105	115	140	184	102	76	74	51	96	67	93	178	142	104	98	124	35	143	130	184	74	109	95	125	97	117	61	147	98	138	127	140	117	102	213	157	137	153	122	131	98	133	250	121	176	72	116	200	57	121	158	128	86	101	101	44	93	183	42	135	132	67	169	84	124	67	110	173	163	79	158	135	233	174	170	120	151	129	129	176	129	114	103	153	201	104	128	90	67	46	192	151	131	87	110	138	79	87	73	113	176	126	153	206	110	73	73	63	122	98	112	81	78	126	93	96	64	250
cell27	96	66	130	69	124	89	102	145	51	92	176	117	109	80	176	65	89	147	180	107	145	111	163	197	79	76	79	142	46	62	210	75	166	283	78	91	131	125	89	137	84	138	109	72	89	223	113	116	121	126	89	47	121	133	44	101	104	193	43	84	73	106	139	141	114	120	124	50	167	97	153	66	184	114	195	85	83	146	92	138	54	92	108	103	177	85	125	109	145	184	82	89	137	49	99	60	138	113	77	137	106	119	99	68	84	119	94	102	61	155	113	118	71	122	131	108	126	85	61	138	130	114	85	134	117	132	106	96	121	74	77	64	66	168	91	47	172	149	43	114	104	142	129	51	103	146	117	163	138	71	83	154	92	72	141	138	103	128	171	131	51	107	120	159	135	103	150	110	176	92	148	159	106	100	150	246	84	105	78	117	99	160	103	190	78	105	87	109	69	103	122	110	98	157	59	138	111	64	55	173	167	53	98	80	76	164	159	133	112	60	149	50	98	126	51	130	84	160	122	175	90	166	159	137	65	109	76	71	103	75	93	158	116	85	125	90	110	109	100	76	113	73	52	85	127	66	41	87	116	79	54	62	72	55	97	58	88	55	134	66	31	100	46	57	83	85	107	38	78	86	95	61	84	89	64	60	53	49	67	53	61	74	95	79	79	43	78	35	52	77	79	68	84	80	69	65	64	43	73	59	62	52	75	76	50	45	96	103	55	38	133	51	54	77	83	81	54	42	85	56	87	65	65	100	89	69	67	81	83	67	118	94	84	70	40	85	46	71	172	67	63	28	37	39	97	96	62	50	74	85	114	101	66	46	69	80	39	60	74	51	122	49	72	113	71	35	40	67	112	103	55	67	88	78	81	91	129	85	49	59	51	77	56	73	49	86	73	67	52	104	62	61	85	53	70	87	59	76	109	89	32	70	44	82	95	68	67	86	43	88	44	147	140	89	62	104	62	50	72	82	62	49	55	91	84	70	38	125	37	64	80	107	58	70	82	64	94	169	39	67	86	124	86	82	60	42	117	53	73	63	96	98	37	60	61	80	118	116	73	46	56	81	125	51	61	55	46	57	54	76	119	88	101	40	72	84	62	43	60	113	56	63	102	137	47	81	46	101	73	69	75	74	99	45	62	66	22	80
cell28	80	130	154	254	181	118	181	141	164	76	160	179	111	93	117	133	107	77	162	169	189	118	117	121	57	83	123	81	136	166	82	99	120	157	168	149	162	222	124	131	134	61	158	174	122	139	137	111	126	211	162	76	150	159	216	101	74	107	153	142	164	107	73	111	120	140	116	172	157	141	63	111	156	138	83	215	100	156	111	151	74	174	135	142	64	166	146	100	209	66	162	165	126	100	115	92	78	112	183	131	365	148	103	92	97	91	212	162	83	215	88	92	65	96	210	140	67	140	196	239	141	134	81	111	106	149	108	136	103	56	126	110	109	124	126	107	103	109	200	201	99	84	224	200	99	90	78	115	184	177	86	92	101	203	87	191	122	100	210	153	168	162	151	123	86	83	104	147	148	146	114	92	143	61	60	113	183	182	97	95	187	93	141	74	122	120	114	114	125	138	118	78	160	161	103	49	127	117	155	94	78	106	156	162	125	104	144	123	167	102	203	133	114	106	96	178	225	266	77	66	173	227	128	148	103	94	203	142	111	207	124	120	184	177	160	137	65	167	205	119	168	88	82	197	96	63	105	97	129	164	109	140	78	71	86	92	93	52	85	136	95	76	68	155	112	137	59	122	150	110	78	120	124	87	72	115	74	70	71	52	72	79	71	78	174	40	148	60	41	98	71	108	107	95	107	84	105	108	79	146	115	73	40	64	86	67	70	124	74	92	41	91	87	68	82	45	65	96	113	80	109	62	155	65	47	89	68	82	77	80	60	79	127	63	63	86	92	62	77	70	66	74	121	101	32	54	118	97	133	63	109	79	110	52	114	108	111	167	117	99	51	87	143	118	64	78	147	61	31	73	38	110	59	164	95	76	168	52	113	50	119	83	137	116	54	127	102	149	91	82	110	185	103	115	108	77	113	69	111	109	104	66	54	84	60	125	79	33	105	93	75	80	108	64	115	87	73	74	93	53	159	67	66	80	79	39	74	56	73	142	88	107	44	60	41	88	43	63	79	130	103	145	100	77	104	89	104	107	90	88	89	79	100	96	76	55	47	163	88	60	78	73	89	38	126	92	60	131	69	72	100	53	163	60	75	139	122	154	84	133	55	86	58	120	88	161	110	107	115	120	78	107	68	128	71	86	88	131
cell29	107	138	122	95	103	102	128	98	100	79	105	86	116	131	176	124	120	76	105	104	105	71	109	122	100	167	92	180	55	171	152	138	111	104	58	90	77	102	98	110	132	96	109	128	104	98	96	289	115	113	67	88	143	60	141	69	131	126	95	154	75	27	152	108	75	71	133	119	89	145	109	84	117	100	172	118	64	78	37	77	145	114	159	201	62	134	108	105	129	138	102	112	111	109	135	144	157	107	169	169	137	112	87	67	56	88	113	101	153	108	120	54	104	86	35	130	150	158	119	161	82	118	170	228	78	91	130	109	177	121	121	73	92	256	66	122	86	96	127	64	160	125	94	131	67	66	82	82	112	99	102	146	126	92	127	68	179	165	91	67	97	72	96	52	48	128	97	147	108	95	134	99	85	174	200	104	67	128	142	100	82	81	79	120	129	136	116	65	76	42	134	95	127	83	93	67	97	129	114	144	101	89	81	175	83	150	213	106	80	85	103	121	155	115	60	80	105	131	114	118	59	69	154	77	78	151	68	103	93	123	62	74	108	169	71	67	99	190	55	117	129	54	85	58	100	37	36	42	63	59	44	50	78	70	67	80	95	81	68	84	60	36	100	70	29	96	61	74	82	63	87	60	45	106	80	53	58	96	112	106	78	60	96	82	97	108	76	122	34	62	110	63	63	60	81	44	65	75	93	41	62	67	42	42	59	61	81	49	78	48	95	70	66	94	64	119	59	89	53	90	87	34	47	120	91	114	36	39	36	181	56	64	71	111	52	102	66	102	66	50	51	98	83	59	82	65	93	75	96	68	52	69	93	35	77	79	55	123	136	102	87	53	101	43	81	113	90	93	97	59	47	47	32	59	69	61	46	50	112	49	46	53	89	88	93	82	33	47	121	51	59	60	48	36	71	36	79	26	78	98	75	71	86	71	88	93	88	93	81	109	52	91	36	84	81	81	93	115	73	73	28	57	41	59	98	99	49	78	55	91	48	51	114	55	80	51	72	74	61	53	83	73	79	112	94	70	34	84	82	97	40	54	105	96	80	13	35	106	60	58	78	95	89	84	75	99	83	78	78	54	82	86	59	69	99	59	45	117	39	59	97	72	96	124	55	65	87	98	40	65	95	112	75	47	96	89	76	52
cell30	87	56	86	58	32	44	105	79	110	94	66	72	102	102	92	125	112	116	166	77	80	101	52	101	81	124	43	70	104	64	66	77	36	92	98	78	46	92	63	86	56	61	66	39	88	128	104	90	69	153	125	125	123	107	79	108	150	146	90	94	163	90	129	116	192	89	111	184	70	147	136	84	107	144	172	63	77	34	77	46	68	23	56	51	0	0	0	35	39	64	137	88	137	129	81	52	94	68	128	75	99	76	76	112	66	99	80	77	91	48	100	57	80	87	78	79	115	78	104	67	39	69	96	114	87	129	82	93	82	92	103	66	137	152	102	171	94	84	97	101	56	83	81	47	103	81	126	80	88	75	105	80	100	99	100	83	122	65	49	76	63	117	89	50	61	70	46	94	112	97	60	71	77	79	89	48	117	67	105	71	58	91	100	130	56	88	110	121	159	56	63	89	115	80	145	65	143	90	69	105	62	114	58	66	91	81	102	61	58	113	83	107	94	67	90	39	54	172	65	106	144	113	101	125	134	44	117	62	55	70	98	112	35	78	112	50	57	20	80	58	91	39	134	156	76	91	48	111	65	96	108	95	71	114	60	188	71	118	80	54	64	52	41	85	65	76	85	105	87	113	82	46	38	68	83	109	111	125	88	61	45	97	93	81	125	81	68	54	93	74	90	82	72	103	134	101	95	96	53	70	123	101	75	88	65	89	61	66	48	78	98	80	89	127	102	97	81	139	129	62	73	74	50	48	69	68	70	74	109	95	56	118	102	91	62	62	57	82	62	82	89	58	64	44	81	54	123	86	83	101	49	90	78	113	101	56	74	65	162	65	88	150	156	86	169	87	94	108	102	78	81	82	56	45	90	44	64	76	99	57	108	38	68	97	96	106	99	103	67	94	153	58	66	109	89	151	81	76	31	92	92	43	38	50	69	79	84	81	122	114	94	91	66	134	69	94	92	62	102	106	72	88	109	109	106	77	96	101	109	76	82	84	62	107	81	112	64	84	137	121	97	86	66	64	91	126	146	62	82	128	86	89	84	143	55	75	47	94	76	104	51	135	96	114	81	114	125	117	60	89	117	156	84	76	81	66	152	65	113	108	66	54	71	89	134	32	72	133	77	48	118	43	54	89	68	77	79	77
cell31	130	47	76	159	72	87	87	75	101	93	145	195	132	136	128	63	120	150	98	85	152	202	108	145	107	89	159	92	85	137	64	127	145	103	132	143	127	78	79	81	96	70	90	132	126	112	101	174	164	244	115	233	195	248	102	148	186	150	195	165	170	128	166	121	121	180	165	152	107	279	159	163	168	143	272	160	64	147	168	168	74	45	58	66	0	0	0	65	33	68	60	104	84	77	79	119	99	111	234	85	106	104	88	155	118	110	153	181	141	150	124	126	188	157	226	63	139	89	108	106	128	117	137	170	124	126	126	135	103	86	69	97	149	119	150	84	86	122	129	93	171	109	77	115	183	105	151	86	83	176	145	99	94	94	124	119	70	101	143	135	225	159	77	120	121	210	103	65	171	196	96	203	119	156	198	80	118	105	142	160	140	112	196	80	172	90	92	117	92	266	83	162	151	83	154	160	134	181	95	121	214	77	147	101	123	133	119	105	139	141	120	85	119	127	101	124	114	127	166	161	233	184	107	70	226	140	63	106	129	170	79	129	118	121	77	164	134	151	124	157	137	99	133	131	103	78	81	83	131	156	89	166	72	112	86	169	126	107	122	85	44	104	150	50	122	168	163	184	118	110	123	110	79	135	179	126	120	119	146	129	185	108	121	117	148	82	172	104	106	172	117	101	178	94	183	129	146	204	79	133	163	109	163	189	133	150	110	120	139	127	104	88	154	189	123	67	129	142	97	101	73	106	62	94	182	74	148	83	126	61	149	133	77	152	158	111	129	197	112	112	206	71	179	101	120	136	99	100	57	116	135	97	152	101	176	147	135	89	127	162	198	164	66	116	96	127	133	77	164	89	55	107	73	154	123	133	89	132	248	145	97	179	185	87	56	78	160	77	118	191	101	160	89	108	89	96	148	120	103	142	96	98	142	91	79	98	77	143	120	68	153	140	113	84	81	143	146	112	126	92	103	66	128	135	162	188	60	154	65	115	150	155	74	119	87	149	49	240	102	68	46	116	198	82	139	93	95	92	236	96	250	96	184	94	132	85	157	161	175	167	148	89	143	120	104	180	78	95	109	128	119	107	94	81	100	59	83	100	110	120	118	59	98	87	95	167	103	141	99	234	136	134	123	92	165	227	118	53
cell32	93	103	82	67	116	75	134	105	164	105	89	81	84	85	94	55	55	73	100	67	98	61	119	61	121	119	137	100	65	42	101	71	72	72	151	119	62	54	79	104	68	134	68	74	104	75	36	126	48	131	63	99	83	56	80	86	109	85	60	88	76	92	68	83	56	31	107	84	101	53	81	81	29	81	85	90	37	58	71	86	75	69	101	68	89	165	60	106	108	56	68	56	62	78	94	74	52	79	85	87	48	129	102	85	44	58	33	157	66	72	96	77	144	74	54	108	120	75	106	55	87	123	64	134	64	71	77	111	109	76	113	109	76	115	102	59	81	87	117	105	96	102	82	145	104	116	90	134	50	64	95	104	101	119	54	127	70	25	54	122	82	94	142	85	66	73	59	61	78	139	74	76	100	39	69	62	86	54	90	107	93	62	75	157	92	72	120	61	89	120	56	51	56	86	50	130	94	82	151	89	98	84	87	97	70	89	98	105	55	106	81	130	101	91	77	54	94	127	83	90	119	80	74	83	93	88	78	72	74	74	115	82	50	60	41	61	122	54	97	92	96	65	98	91	74	40	55	50	44	69	99	43	57	51	63	59	63	52	63	46	69	69	44	51	53	58	54	33	63	70	31	49	26	110	75	61	46	32	28	54	91	87	84	58	78	59	80	78	29	59	44	59	72	41	62	62	35	68	54	67	50	51	47	23	67	77	26	39	53	42	107	95	61	37	61	60	66	78	57	37	76	68	39	50	54	61	32	56	112	50	30	85	54	54	60	57	52	89	59	70	29	76	79	64	36	52	87	50	55	45	62	49	49	65	91	32	40	61	39	45	66	58	29	46	57	59	107	64	50	31	39	39	51	78	67	79	56	98	61	75	77	64	80	42	57	93	38	71	62	67	45	81	71	34	40	66	47	59	113	41	66	28	45	63	33	72	39	27	40	71	74	55	103	46	56	73	47	62	43	32	67	68	46	51	84	39	32	73	40	67	48	38	35	53	57	39	31	36	59	113	66	99	58	32	66	77	69	36	67	76	63	56	79	82	58	32	53	36	58	50	69	36	88	80	48	45	48	61	46	56	40	52	74	57	59	112	47	45	50	24	88	71	47	33	41	41	71	81	39	50	36	46	32	35	123	40	62	79
cell33	65	74	81	133	159	78	141	126	54	119	91	111	129	97	87	52	65	178	115	129	104	167	135	80	85	51	97	92	197	54	97	88	132	53	109	90	102	126	39	95	114	138	119	116	89	111	72	106	130	108	114	129	166	111	63	146	63	128	105	188	123	114	105	68	77	175	74	103	169	145	176	64	125	160	66	102	118	105	61	98	68	99	123	86	63	111	157	116	42	65	91	129	78	97	62	101	155	85	74	108	72	91	138	160	114	113	152	66	153	127	160	109	130	160	84	80	202	43	84	117	56	73	78	125	150	123	100	111	114	124	89	103	144	92	146	98	48	83	79	88	83	77	135	144	91	95	50	106	77	142	84	137	84	60	117	135	133	117	77	84	102	94	65	71	142	70	81	89	125	50	72	170	82	103	66	77	123	117	103	75	98	50	162	91	125	113	104	164	134	121	120	83	164	44	183	110	111	130	187	61	101	114	93	187	126	48	82	78	150	112	111	150	135	138	63	112	77	91	44	85	140	75	133	93	105	82	109	121	197	92	143	65	73	68	141	171	98	44	118	84	82	53	86	153	85	77	115	139	104	68	140	62	79	153	88	136	76	129	179	113	130	84	96	91	85	131	97	92	125	165	108	52	76	152	56	127	43	96	81	71	91	157	53	96	131	61	85	81	98	62	117	117	77	108	72	109	103	177	125	129	113	150	123	115	69	117	92	128	151	145	91	141	130	91	154	159	66	81	139	85	146	97	122	122	136	90	98	64	88	57	123	60	160	66	63	133	133	167	124	96	99	97	66	106	106	75	129	90	69	92	70	104	101	129	166	57	94	53	111	140	68	74	146	90	98	173	93	92	119	83	69	91	75	86	68	94	137	53	127	124	118	114	94	125	85	152	90	129	131	89	147	59	116	119	82	76	127	110	158	46	186	108	133	146	147	96	97	120	58	119	42	107	54	51	195	74	46	159	105	150	161	111	131	126	71	157	97	99	84	190	101	138	113	121	113	134	108	174	60	122	107	174	87	159	86	205	76	100	125	60	88	124	69	93	81	85	54	136	40	158	145	87	51	112	102	146	62	70	178	64	49	140	164	200	141	95	94	44	155	140	77	118	148	80	94	84	177	141	83	113	69	84	247	157	99	99	63	105
cell34	206	248	175	226	147	215	121	142	186	95	142	198	131	102	97	171	211	170	141	91	96	170	140	165	119	75	134	186	154	112	166	226	87	92	146	128	101	262	313	187	110	180	151	131	119	199	169	118	171	128	117	160	224	203	101	100	138	150	160	200	268	105	90	265	161	131	156	122	236	152	143	158	87	160	91	173	165	149	126	142	110	81	131	136	64	207	127	233	108	71	145	182	113	197	136	207	164	125	155	172	185	138	104	89	85	105	78	246	139	152	210	161	163	128	130	114	93	99	113	142	197	144	130	244	156	81	192	211	308	134	253	304	119	136	179	106	147	171	85	165	159	116	259	172	89	125	130	178	122	159	166	303	145	184	153	178	124	126	130	151	125	184	115	102	316	115	224	126	137	139	139	99	185	187	189	170	91	220	161	132	153	126	137	130	211	113	150	221	161	158	235	94	292	111	160	197	152	186	148	237	130	176	184	118	229	163	140	192	79	158	99	120	176	183	103	198	144	81	151	172	106	110	160	136	64	145	67	124	177	201	122	229	136	79	145	120	197	152	92	223	164	132	100	106	71	53	74	128	130	115	91	68	84	85	155	97	133	107	40	133	113	63	115	115	111	124	123	83	142	67	191	132	65	152	122	73	86	91	78	121	77	123	76	141	167	71	144	57	95	170	77	57	64	94	109	100	137	108	129	99	107	53	48	117	112	98	151	115	92	113	110	87	100	118	60	143	121	98	83	71	101	221	83	77	91	112	152	72	95	73	110	70	170	90	144	127	152	92	90	122	106	143	166	140	193	240	114	80	118	93	55	140	90	113	106	40	103	80	70	96	66	122	95	68	113	96	84	142	89	181	125	108	69	105	97	102	93	114	103	124	116	95	102	87	100	93	103	76	130	115	145	81	102	57	133	147	153	99	94	160	69	192	72	72	146	99	130	127	94	92	108	109	112	228	100	78	75	140	88	99	106	154	118	214	81	124	61	159	94	96	69	83	146	90	50	75	198	80	105	105	55	145	118	124	120	81	70	150	80	107	122	68	118	75	103	82	166	97	84	66	62	133	59	96	107	80	71	105	100	47	83	57	103	69	96	81	45	106	96	109	114	39	101	142	186	81	88	76	64	78	101	97	91	50	83	131	171	86
cell35	77	82	142	69	252	160	126	210	72	61	119	137	122	92	181	72	102	54	128	75	129	122	185	146	129	103	132	212	130	151	116	138	116	110	61	91	82	152	121	215	113	135	98	80	73	178	127	105	92	131	161	84	76	70	148	95	102	146	56	75	72	125	113	139	135	59	157	102	91	118	123	151	106	124	163	99	82	118	99	82	132	107	61	57	123	82	93	159	137	143	113	130	125	145	139	52	154	101	54	126	127	162	79	141	58	155	104	149	105	99	107	42	68	84	102	136	118	113	58	138	210	99	116	142	53	124	96	102	130	122	96	131	110	128	98	134	72	73	147	108	162	77	111	103	57	104	118	126	175	144	101	98	158	141	55	101	154	125	96	245	118	104	94	155	140	54	96	79	72	62	113	154	94	99	130	127	113	79	203	53	122	126	94	148	113	239	138	118	126	107	138	148	101	131	95	139	114	137	50	134	122	144	117	168	114	100	48	99	106	99	153	101	160	98	83	139	217	152	110	119	124	74	141	80	120	143	132	171	133	84	131	158	153	75	99	164	72	106	162	134	113	84	194	97	59	76	65	129	82	95	36	122	68	73	53	54	41	99	101	72	67	86	84	87	106	124	90	48	83	51	82	107	38	62	87	144	49	73	58	82	112	94	73	68	58	58	54	87	23	121	117	88	99	82	90	68	71	61	67	49	59	54	149	79	55	57	66	65	137	93	42	91	87	72	53	183	72	86	76	70	65	67	135	99	53	86	66	85	91	133	142	75	60	83	70	64	87	69	98	46	93	73	124	110	65	46	39	102	25	140	82	117	95	108	89	57	63	80	115	78	85	101	124	74	99	64	37	93	82	101	45	87	62	81	68	73	104	94	117	105	84	109	70	72	107	61	67	85	83	75	75	73	27	83	114	115	79	82	80	47	72	57	80	72	74	56	97	115	55	57	124	42	73	43	62	53	51	86	93	67	113	42	109	66	83	85	109	35	51	71	74	144	108	96	70	58	58	103	68	37	99	87	97	43	113	108	113	47	45	52	70	92	88	61	95	78	110	49	76	84	82	100	74	53	70	84	168	97	93	111	53	76	56	126	70	79	89	107	92	85	100	82	99	78	85	60	65	37	91	53	54	111	72	61	109	59	62	59
cell36	118	123	54	82	53	109	200	97	88	59	97	57	116	84	77	137	107	169	144	73	119	109	84	62	99	56	101	115	83	84	146	134	135	96	96	36	42	94	95	48	100	54	114	61	82	88	49	96	71	140	51	94	195	118	50	63	154	81	79	53	38	62	87	126	80	217	97	110	95	117	80	93	96	112	59	84	83	47	62	173	90	81	44	149	93	88	162	76	76	100	65	81	56	93	147	92	65	145	85	76	109	77	78	90	80	60	74	71	95	115	91	63	75	38	104	142	60	73	64	77	109	100	65	69	39	104	127	82	84	72	110	46	134	56	53	94	90	82	37	146	46	98	120	95	104	64	151	67	94	90	128	93	53	113	70	77	66	44	61	47	102	158	52	63	91	69	56	88	95	65	68	106	92	119	75	154	134	105	121	43	105	141	86	104	56	47	70	71	103	92	137	64	71	52	80	91	72	105	63	88	87	126	155	129	143	76	97	114	72	127	125	82	162	25	55	83	120	114	70	64	114	79	189	81	76	133	86	66	88	69	66	74	73	87	100	158	132	67	97	85	37	165	93	91	144	35	112	55	44	42	51	45	38	47	39	98	47	53	88	27	65	52	57	39	31	53	123	46	60	43	79	44	43	128	133	72	101	51	73	75	61	32	70	63	76	38	51	93	65	48	70	44	93	123	35	73	45	56	62	87	46	83	60	65	17	56	42	55	111	25	72	41	58	42	40	49	48	70	96	75	67	46	33	87	53	65	62	55	80	94	64	104	72	47	39	60	54	53	51	112	48	63	145	27	49	28	56	53	76	61	81	69	42	49	80	42	78	61	33	89	52	41	105	43	79	47	72	58	57	78	53	60	92	70	90	96	117	66	59	45	84	34	78	51	81	71	68	45	25	73	81	107	40	34	37	97	34	55	48	59	54	93	62	62	38	45	27	165	65	78	90	36	65	90	57	24	63	47	56	68	47	47	51	43	61	58	34	40	47	71	43	92	57	70	58	48	50	54	49	60	115	70	44	58	58	32	51	114	39	65	79	51	63	53	50	83	77	75	58	102	56	60	52	92	65	74	68	47	77	70	52	44	42	44	71	37	52	65	47	58	61	71	90	75	53	98	58	38	58	40	70	40	50	83	79	57	54	66
cell37	120	100	106	120	126	219	62	175	131	87	73	177	95	66	160	66	70	68	134	75	85	69	68	112	104	51	66	95	62	59	62	67	100	145	138	147	75	102	139	132	101	113	104	124	73	74	91	90	120	62	88	100	108	86	92	111	80	49	67	60	115	110	85	127	102	161	51	83	197	109	108	120	82	81	125	165	80	132	134	168	156	100	96	73	108	122	47	125	139	143	140	70	68	142	96	59	133	101	116	83	108	40	139	78	101	151	49	138	105	103	92	150	72	110	89	117	140	95	71	89	67	51	147	142	94	126	76	103	70	83	110	107	64	68	118	130	85	60	100	61	61	45	103	86	87	118	132	145	74	119	105	105	58	135	118	51	95	105	103	56	127	146	128	90	89	115	74	110	72	86	81	70	82	59	77	138	147	87	63	127	69	132	153	137	64	58	103	82	114	73	96	57	149	67	106	172	77	58	63	75	92	68	88	73	73	62	91	149	69	101	125	85	98	148	52	121	58	159	136	142	133	97	153	117	149	129	61	141	88	53	90	136	73	124	62	74	120	103	51	118	65	127	91	54	74	112	69	107	130	57	137	93	105	95	99	61	78	185	123	61	67	121	43	149	65	120	63	119	128	70	51	75	138	82	172	120	102	71	107	92	45	110	101	135	75	148	66	79	60	126	88	72	98	89	96	102	82	114	40	189	70	118	76	112	113	54	80	76	85	81	132	54	92	57	146	81	135	96	100	120	91	79	62	89	105	57	81	87	148	108	61	50	111	119	104	138	119	79	135	134	96	119	121	63	73	43	151	144	96	109	71	76	72	68	56	104	37	35	82	145	121	57	71	63	34	103	96	76	125	112	101	119	65	169	47	87	79	94	54	81	147	62	181	140	98	112	105	71	69	79	66	83	174	107	182	127	101	61	116	100	140	140	98	120	53	80	95	105	124	101	99	72	72	166	91	99	98	71	71	119	121	190	102	60	96	138	122	91	90	114	90	121	111	90	88	155	117	53	92	99	137	112	141	203	83	117	58	38	145	82	123	155	100	108	89	87	78	80	83	66	60	94	95	138	91	110	105	93	92	119	95	110	80	63	164	61	125	49	70	105	109	84	92	115	109	63	65	67	109	84	110	98	124	130	59	59	65	76
cell38	202	82	90	132	157	107	74	129	138	97	101	93	87	138	96	81	124	110	122	177	118	160	151	86	109	124	112	114	144	74	73	80	138	190	133	186	54	76	193	95	63	95	99	118	93	121	44	157	221	123	79	168	74	79	102	138	76	198	143	124	112	90	99	99	108	71	278	95	81	120	113	109	145	96	189	103	173	31	137	123	98	135	103	82	132	95	151	106	113	66	174	108	100	131	178	123	93	68	186	158	99	54	179	121	143	87	133	113	70	193	121	84	88	124	142	65	110	131	114	88	133	87	112	92	98	127	86	137	120	95	112	75	127	181	144	77	102	99	108	145	144	131	125	88	101	114	114	82	93	249	92	167	127	142	105	111	94	55	77	54	68	111	122	117	97	254	130	99	59	139	108	115	131	137	112	132	91	141	110	102	73	122	126	74	61	79	184	94	105	86	179	50	90	103	101	92	101	140	77	82	132	154	113	113	124	154	119	104	196	238	96	61	163	154	90	90	126	112	159	118	179	97	85	90	158	61	118	120	101	128	107	107	115	83	100	108	149	90	67	68	124	211	114	93	82	64	74	94	68	36	70	78	47	143	121	71	76	98	65	83	74	140	66	107	112	77	22	98	57	78	122	63	124	88	56	127	49	102	163	117	106	96	54	112	90	77	74	66	87	64	70	76	98	59	53	104	119	114	93	154	99	80	33	93	65	73	142	79	35	92	110	64	66	89	56	72	116	73	97	105	92	61	73	70	80	135	49	101	72	107	118	94	68	43	99	92	126	113	113	86	42	84	62	115	42	74	77	77	147	82	85	67	76	67	99	100	84	114	91	130	121	64	80	102	60	174	115	79	36	104	103	70	51	63	82	96	116	84	55	84	78	127	83	34	86	61	71	63	85	160	156	95	52	72	115	131	69	170	99	33	44	86	42	115	61	133	95	56	76	60	69	75	124	65	112	56	79	53	73	31	83	139	77	75	124	72	78	64	62	71	98	85	145	54	99	138	103	53	98	100	73	135	92	166	86	34	85	34	65	62	57	44	94	66	141	59	96	116	53	118	62	79	92	55	85	43	56	136	86	109	56	43	71	63	86	107	73	78	78	74	125	79	76	70	58	91	57	101	110	64	59	75	70	61	74	91	94	60
cell39	147	269	103	111	211	151	100	145	170	203	121	213	113	175	294	92	110	70	167	175	244	80	130	169	159	158	219	142	77	94	65	146	200	215	178	239	133	186	195	197	71	318	177	131	226	193	256	187	152	91	131	146	235	182	133	123	136	172	231	101	121	83	154	111	119	146	183	174	279	168	91	225	132	110	185	235	236	224	178	162	173	127	80	223	261	170	228	109	85	116	127	144	111	112	57	207	199	156	152	165	215	167	202	126	154	139	159	204	71	110	149	83	164	201	135	211	127	218	99	181	212	138	109	216	126	227	207	176	191	136	83	139	162	172	172	123	82	244	102	184	119	154	160	120	116	169	121	186	195	158	145	125	153	121	115	157	99	281	110	281	120	102	169	201	178	109	162	137	166	292	206	164	136	137	124	110	139	227	83	137	109	120	194	160	79	97	307	186	107	173	127	151	138	120	87	82	83	123	175	119	179	176	150	110	76	204	130	67	208	195	131	112	180	162	175	270	163	97	170	217	150	176	193	149	220	158	92	253	117	73	136	133	138	121	154	141	112	97	147	104	173	129	146	137	135	179	99	88	124	48	108	128	81	95	89	110	120	124	157	115	70	45	130	127	66	102	161	122	45	89	144	93	144	60	103	89	53	89	74	96	124	108	155	77	150	112	129	72	64	95	93	115	85	94	82	115	134	94	61	98	82	80	78	133	170	97	130	116	62	126	67	105	69	99	121	77	65	84	66	82	46	104	68	93	117	84	123	110	107	191	101	120	164	92	86	136	89	84	87	166	86	114	84	123	44	46	76	165	142	70	85	124	51	119	82	72	92	127	70	85	112	117	84	113	116	79	148	99	88	44	38	51	65	145	96	119	105	155	95	200	139	141	56	138	98	89	87	148	104	126	72	207	154	145	71	136	127	107	57	92	62	88	67	103	91	123	91	63	64	52	111	115	115	83	70	96	116	95	91	114	68	108	104	142	78	69	129	100	92	100	98	91	134	70	151	125	135	187	85	128	109	115	201	79	117	99	149	61	116	136	94	77	113	144	98	123	125	53	199	145	119	131	87	107	93	117	110	90	91	102	166	123	136	87	109	173	115	71	92	113	115	93	128	103	123	94	77	86	56	146	130	115	128	65	136	66	49	94
cell40	126	104	187	125	46	130	87	186	115	211	136	175	117	95	159	91	253	231	207	208	166	86	149	93	148	124	180	77	93	64	170	114	186	130	87	115	147	247	170	284	101	191	177	44	73	147	70	223	183	91	124	122	130	148	209	76	144	130	143	146	105	197	101	121	84	150	142	92	127	200	186	116	138	103	231	133	189	159	219	130	121	122	68	99	113	172	114	83	153	169	201	124	150	147	115	112	151	141	73	113	78	179	161	111	162	170	136	132	257	213	160	183	154	117	157	42	181	232	80	110	142	78	95	152	181	178	129	52	99	171	278	165	127	161	127	97	87	114	116	193	160	151	173	157	162	165	140	164	165	90	141	239	128	97	86	180	91	139	110	136	130	100	200	214	211	111	130	144	74	168	131	107	159	92	133	173	99	88	203	174	147	196	95	139	185	109	95	81	71	251	92	116	135	60	114	183	200	112	67	203	141	151	111	121	188	170	173	171	77	126	149	131	159	116	183	223	196	166	139	133	99	60	115	97	106	87	160	289	112	246	156	82	98	149	92	123	266	134	173	121	190	125	308	185	99	113	81	115	71	44	85	104	96	81	90	62	117	148	100	75	82	66	202	81	98	108	161	135	92	91	105	84	39	69	49	65	133	90	133	72	90	68	85	135	144	68	141	83	158	52	90	86	123	112	139	90	68	88	135	39	175	132	72	150	113	74	46	90	79	92	83	72	96	73	48	102	76	125	129	150	62	87	89	95	112	121	140	82	100	74	81	149	117	102	64	60	130	101	64	79	119	173	106	86	112	82	85	92	123	55	92	132	141	27	60	64	68	78	39	115	109	82	60	73	81	106	62	92	91	93	73	112	63	59	138	67	83	96	87	132	144	127	130	104	114	77	74	83	47	75	41	75	80	73	60	144	98	122	72	88	126	85	74	136	120	104	92	115	118	67	175	108	68	63	77	76	42	67	128	153	99	56	84	55	115	80	155	87	100	81	103	70	115	147	96	95	117	89	95	64	41	123	110	85	73	97	65	85	95	89	64	146	142	67	86	72	76	117	66	94	43	71	85	99	147	122	90	46	72	83	57	62	66	49	108	125	95	165	221	79	98	37	131	73	68	127	66	88	106	112	148	80	70	75	82	141	134	133
cell41	197	167	258	143	211	320	245	267	256	355	354	288	134	111	150	234	410	326	190	337	150	443	349	182	199	266	365	221	134	166	235	332	134	189	277	186	186	157	97	288	308	194	235	286	173	345	150	251	367	202	390	314	165	260	202	231	215	196	335	228	167	170	236	255	132	407	253	189	183	272	248	271	198	151	178	184	382	355	291	219	245	232	189	341	236	197	296	213	220	163	129	213	206	307	208	244	212	268	196	224	182	191	203	237	204	355	271	293	203	152	225	177	278	192	226	266	108	171	265	349	259	225	291	276	294	172	192	157	278	203	265	212	199	222	397	393	208	293	242	255	300	246	256	124	263	185	276	200	121	167	178	213	218	292	304	265	234	223	211	186	180	342	216	281	258	262	146	188	143	289	252	212	215	237	168	212	306	218	202	311	199	394	274	171	166	384	251	252	260	393	172	162	177	195	202	237	294	171	142	201	309	207	189	342	383	162	279	148	131	327	273	148	197	235	416	289	252	200	354	253	385	214	98	254	252	239	120	258	303	212	321	237	273	216	177	284	201	242	337	179	178	270	138	268	120	217	168	151	249	143	96	94	102	209	151	152	122	163	117	158	46	129	233	150	168	94	129	139	161	71	100	185	161	283	136	136	128	143	119	207	130	201	224	49	285	122	188	195	212	173	124	178	175	240	99	190	178	118	368	166	139	92	203	110	219	255	226	160	147	104	164	312	105	112	143	171	215	70	143	219	232	105	214	76	227	106	202	231	100	108	121	134	182	212	172	133	104	262	108	88	258	200	154	188	71	114	141	165	160	126	136	119	118	122	87	185	291	144	150	204	282	239	149	77	249	110	150	164	143	179	145	178	101	269	178	170	129	68	93	135	96	241	144	99	151	138	164	93	190	160	145	156	145	224	101	130	181	96	146	67	160	181	154	171	211	83	95	175	139	153	132	145	132	211	131	130	73	88	154	129	95	140	145	114	204	135	140	178	118	127	89	185	110	233	147	154	125	146	163	198	201	139	102	171	109	104	151	277	157	126	127	160	124	167	172	108	145	190	169	110	90	145	136	251	215	145	167	133	68	147	90	145	206	243	163	116	197	132	172	133	76	122	104	114	110	104	99	101	106	188	171	228	137	224	189	206	174	175
cell42	100	41	151	85	57	99	60	111	70	88	78	50	111	59	86	124	71	67	84	34	68	123	63	68	56	75	93	141	69	80	74	91	114	28	78	54	57	81	59	122	84	95	91	110	63	44	90	81	63	124	59	155	74	72	75	81	72	92	59	86	105	95	105	76	80	88	60	77	93	163	80	81	57	76	105	76	81	87	88	103	67	90	81	52	84	67	98	101	92	101	92	73	75	168	97	116	144	135	104	89	69	35	143	74	75	61	54	87	77	158	45	135	90	73	82	75	94	88	99	102	111	70	85	59	104	130	65	109	97	71	60	85	111	78	104	103	74	124	92	98	110	96	102	102	42	89	49	142	108	118	69	129	93	115	121	123	83	82	50	88	80	135	76	96	77	124	61	129	50	81	64	127	126	84	66	126	62	108	85	117	76	92	56	77	43	83	40	113	51	128	68	108	141	74	64	113	104	46	38	116	130	77	90	64	89	98	57	110	105	78	101	32	105	45	105	117	116	71	52	66	65	100	109	42	129	66	58	49	107	86	136	76	77	99	66	91	98	77	80	86	98	134	67	46	123	77	76	47	58	94	59	80	160	126	50	112	84	91	110	94	56	108	87	129	153	94	116	78	110	74	93	101	75	86	89	83	63	100	132	98	65	103	96	123	91	85	62	163	97	97	85	139	88	62	124	77	70	70	105	99	84	78	73	148	122	57	27	51	63	75	144	50	100	79	61	125	76	81	72	109	111	83	172	95	58	86	107	68	96	147	65	38	88	97	68	80	55	50	60	67	123	67	73	122	89	60	110	105	60	91	95	127	188	64	86	96	131	54	86	57	53	48	101	78	38	83	78	115	68	77	108	111	80	67	62	147	63	67	60	102	168	123	164	111	158	63	87	41	69	184	71	82	70	89	96	55	146	149	56	69	59	112	59	63	163	64	65	60	69	150	86	103	123	76	56	74	108	88	99	57	65	64	95	79	99	44	80	80	118	55	141	87	111	55	179	60	74	58	81	53	74	100	113	108	69	70	140	77	146	95	73	126	58	86	55	51	107	58	83	101	165	167	61	99	43	146	96	69	50	52	42	76	89	63	95	112	71	159	85	85	74	67	102	97	70	99	112	85	96	134	88	77	45	110	93	65	44	95
cell43	78	82	106	57	98	131	35	65	39	60	90	45	110	70	105	54	41	72	72	93	44	61	132	51	47	48	72	86	67	46	56	44	66	34	73	79	40	91	60	54	60	127	62	47	49	98	78	97	125	79	123	131	71	143	45	88	98	127	52	91	80	62	108	83	39	78	163	104	125	120	94	189	118	133	121	47	64	56	111	83	76	13	35	26	47	37	29	24	41	47	60	41	50	81	88	79	57	73	62	56	78	120	73	76	70	74	80	39	92	59	131	88	81	61	45	66	38	80	64	93	72	55	47	52	65	52	90	24	43	76	72	102	86	34	71	42	41	61	88	66	75	64	40	55	60	65	56	59	128	119	82	104	50	104	78	41	34	83	51	44	78	29	83	75	80	81	47	54	47	64	72	78	81	95	107	75	44	47	49	77	68	78	154	42	76	60	67	52	65	72	114	46	97	50	54	61	100	34	51	103	86	70	65	66	51	58	55	84	56	59	41	75	62	87	109	77	83	78	154	69	48	96	41	72	102	67	40	43	75	115	30	60	120	64	63	90	76	90	46	58	101	75	48	66	82	58	72	104	57	52	62	82	84	71	49	32	90	48	70	39	42	72	71	37	56	62	124	75	111	83	87	67	62	56	104	46	66	30	81	71	71	74	75	102	65	31	46	43	64	109	56	89	57	99	48	95	75	79	85	71	106	79	63	75	33	78	71	64	111	71	92	64	77	60	63	68	86	54	64	69	42	46	52	79	54	94	78	49	86	67	75	46	76	108	72	99	53	64	80	82	126	116	61	59	71	62	58	45	98	56	53	59	46	69	71	65	57	71	87	48	90	107	81	93	66	51	60	55	63	102	64	71	113	50	80	92	49	75	110	51	91	64	70	72	97	65	74	50	79	62	45	74	64	22	32	54	42	65	59	96	53	90	71	76	104	70	48	85	47	75	43	58	55	83	61	80	71	65	93	41	46	42	72	88	84	18	70	58	46	80	51	73	93	87	97	97	79	51	90	52	54	89	63	40	77	65	93	95	74	89	81	60	54	61	41	51	88	75	39	50	103	97	104	45	46	82	56	70	88	93	91	90	69	60	51	85	79	54	53	45	79	69	30	52	86	78	39	84	35	118	126	84	87	87	50	67	118	90
cell44	102	104	60	48	73	83	115	153	87	85	58	64	60	75	145	96	91	65	97	104	72	34	73	31	69	63	101	63	98	129	117	92	117	128	110	144	101	127	149	73	142	133	50	112	199	139	144	85	173	91	212	100	120	207	180	187	155	144	67	250	132	156	134	196	102	85	145	231	139	260	153	225	117	77	179	124	96	102	98	103	124	49	33	63	0	0	0	47	73	62	91	186	37	120	110	100	92	80	69	83	55	104	130	152	161	37	75	89	133	72	55	61	81	122	62	44	134	90	88	111	63	84	109	98	110	117	114	116	144	90	66	222	79	99	107	67	107	81	89	115	182	73	82	94	105	90	83	79	125	128	88	73	121	113	52	47	66	89	95	119	88	80	179	84	86	75	97	89	67	98	91	144	61	103	94	102	89	88	118	77	201	179	83	99	89	75	66	136	100	96	124	56	37	109	131	106	125	63	163	161	166	78	166	50	166	156	123	141	48	105	76	163	161	86	46	99	133	117	106	65	69	80	93	86	91	102	72	125	130	81	86	65	87	65	80	138	81	83	145	73	93	83	60	72	81	139	85	96	48	81	132	154	107	128	127	182	91	73	74	180	69	112	122	117	97	75	121	139	100	95	164	171	75	103	83	73	100	56	62	63	150	28	68	172	142	141	125	110	81	66	93	115	69	52	60	111	131	113	94	112	106	79	86	67	97	186	139	108	88	120	64	149	98	89	75	112	120	127	131	117	73	79	91	63	127	87	91	135	106	91	73	138	153	54	139	64	110	126	136	115	57	66	74	115	123	92	126	86	93	60	101	104	75	190	130	86	57	84	128	104	125	105	115	129	92	71	140	112	84	118	117	71	72	51	107	111	68	78	101	122	65	43	95	137	88	146	85	119	84	123	67	88	102	145	176	120	124	143	92	49	92	40	80	80	73	99	98	162	50	111	148	67	227	89	88	103	124	126	55	56	82	152	59	119	76	87	122	167	74	108	138	84	162	124	109	54	48	50	66	57	100	72	79	92	102	38	135	97	122	83	87	128	94	80	127	76	85	130	107	77	85	123	71	88	103	249	110	115	117	98	146	135	69	110	114	55	99	125	123	134	95	128	92	80	64	199	53	68	58	71	152	66	91	65	53	88	123	64
cell45	193	84	107	88	104	87	136	173	285	215	230	74	150	142	253	138	112	132	79	229	173	139	130	190	238	98	162	146	85	150	132	241	129	229	129	152	88	227	159	94	157	120	111	126	109	192	121	199	152	114	80	118	253	108	161	158	185	161	138	92	150	203	84	137	103	172	125	138	111	114	162	220	116	210	90	164	103	33	243	128	150	71	149	179	86	194	161	173	188	171	196	201	137	67	144	122	191	195	179	124	176	108	87	72	172	104	161	197	154	151	178	97	99	84	123	65	103	128	189	90	195	238	169	248	164	159	171	119	105	115	115	248	126	81	314	177	168	192	133	153	282	229	169	143	132	116	176	134	114	159	185	167	114	244	200	96	134	159	163	97	172	173	187	170	65	117	98	182	170	101	116	140	122	111	201	159	153	220	104	121	138	203	134	147	117	205	61	217	36	202	151	130	198	133	168	165	104	79	254	105	315	175	130	149	163	122	164	155	86	155	102	179	98	247	135	173	134	213	219	130	78	133	140	155	139	138	157	124	124	180	126	295	115	207	165	115	81	97	140	138	151	244	233	115	85	113	74	42	121	143	85	80	126	115	116	110	64	76	90	129	109	149	99	91	109	112	76	115	73	97	59	102	164	79	88	101	96	209	93	109	141	142	151	62	91	111	115	132	164	122	112	63	155	91	111	61	111	172	57	119	47	79	52	129	83	90	173	107	132	121	95	70	119	154	63	133	74	99	111	57	81	134	117	100	115	109	87	92	126	87	131	66	122	145	185	122	97	107	152	117	84	76	113	158	124	101	98	139	158	88	70	107	182	125	80	125	118	89	113	97	47	96	91	51	76	195	97	62	58	144	130	58	37	129	139	114	81	133	77	87	61	67	121	129	99	87	74	143	176	61	114	118	75	93	114	121	59	107	111	107	101	135	129	97	51	81	32	108	211	82	126	111	132	65	98	150	88	38	77	114	137	105	128	87	160	118	68	126	97	56	120	87	95	107	59	50	180	88	133	107	104	95	102	95	156	70	82	56	88	67	114	88	101	62	118	37	78	98	85	130	81	121	86	45	69	97	111	106	151	53	168	58	130	103	56	57	86	61	144	77	105	153	70	103	55	98	96	117	79	67	102	84	81	85	123	91	106	97
cell46	232	218	79	134	111	185	88	178	56	162	94	171	191	197	160	115	135	207	83	161	161	151	73	93	83	143	148	229	176	137	212	101	132	108	175	135	61	69	253	159	100	209	177	128	216	169	103	152	247	173	282	204	275	109	255	215	102	249	185	317	274	199	229	156	243	172	227	261	237	170	169	142	170	118	110	170	149	150	188	174	84	68	66	76	54	105	34	67	65	78	85	199	91	128	132	134	134	157	84	114	109	164	96	159	82	171	116	169	145	240	42	164	256	93	194	148	183	59	105	163	151	189	155	129	94	120	132	156	91	164	143	98	210	202	102	107	126	127	169	55	99	66	131	295	211	134	135	125	93	121	187	106	124	103	164	102	103	163	135	96	115	144	152	150	116	105	227	90	204	203	161	194	181	95	166	99	91	181	70	103	131	119	126	194	134	158	180	144	156	287	141	140	83	100	179	121	159	145	127	210	131	110	107	83	116	155	120	106	93	82	155	84	87	243	99	169	93	67	44	162	184	141	139	125	159	96	64	75	152	108	206	192	128	127	111	104	109	169	98	207	245	229	151	104	104	133	206	176	84	145	68	103	149	85	113	200	164	91	119	115	158	142	129	133	118	220	183	183	155	179	168	104	155	164	200	127	126	150	109	74	118	156	160	143	149	76	153	145	178	117	153	172	166	145	72	180	151	242	119	148	132	118	160	315	107	188	77	89	130	206	155	106	77	124	93	110	58	102	87	125	232	164	180	88	230	161	169	85	132	140	135	118	166	208	155	155	216	145	121	153	145	91	103	203	113	118	249	149	168	89	81	94	124	154	119	163	101	248	165	178	95	250	57	200	83	212	134	111	74	121	142	107	200	140	105	107	121	149	149	117	136	91	63	197	138	127	169	146	144	114	126	139	132	165	140	187	93	121	209	80	96	212	159	107	116	123	114	159	162	92	74	73	123	157	58	157	129	160	187	97	104	133	127	254	134	256	150	99	92	107	85	149	213	74	138	208	212	61	141	272	206	91	239	119	215	166	143	196	186	132	81	94	162	194	197	73	183	167	174	177	165	107	205	275	138	105	162	73	162	117	174	186	180	77	134	112	204	253	120	157	156	82	149	149	99	137	117	131	138	113	216	134	74	122	75	151	185	159
cell47	68	89	130	139	69	90	128	134	104	152	66	128	203	142	102	144	146	83	89	116	147	128	139	80	122	140	107	92	133	193	146	109	205	146	109	76	108	128	83	73	189	145	136	193	165	110	105	90	214	193	176	232	130	167	168	157	98	201	205	267	161	208	99	164	245	119	80	148	215	295	267	110	238	201	103	173	193	69	107	98	99	83	99	71	0	0	0	65	85	99	74	122	64	84	83	86	77	83	83	82	115	127	49	93	127	178	96	65	122	74	145	97	114	127	129	116	144	51	109	72	45	79	85	245	136	167	109	144	124	108	154	123	142	55	112	113	131	143	206	148	143	115	166	111	81	91	92	108	114	108	75	153	148	120	101	93	144	146	135	96	116	89	87	140	127	110	64	145	57	117	132	148	158	107	104	148	153	112	175	120	150	156	58	161	116	137	180	95	128	141	148	213	119	89	153	220	103	162	230	156	118	149	76	114	122	134	81	95	54	85	161	116	98	126	98	172	84	99	127	163	170	117	106	84	139	140	92	60	80	99	99	66	103	138	270	53	83	195	56	81	92	136	118	137	103	104	198	103	114	100	69	104	90	102	68	117	129	78	94	74	200	196	125	57	88	158	118	162	126	224	117	198	72	78	174	148	84	65	98	47	50	173	146	98	78	196	169	138	63	108	162	109	147	77	74	133	71	141	69	188	71	109	110	192	139	99	101	70	167	127	86	140	199	104	109	127	81	78	53	148	84	113	141	121	121	137	164	108	111	145	66	77	83	64	160	157	105	114	72	50	186	96	90	89	110	77	100	76	105	47	183	196	93	65	126	186	115	201	125	113	174	194	73	87	160	98	103	150	60	91	78	102	127	79	116	44	143	137	107	111	68	114	228	116	105	72	157	109	74	137	101	169	78	108	190	61	146	158	78	127	74	108	66	131	153	146	125	132	120	147	91	118	118	109	107	110	93	159	84	106	143	121	128	81	107	150	158	140	117	106	127	135	91	94	79	120	100	153	66	64	111	100	96	181	58	164	127	130	104	188	90	166	174	149	102	149	147	156	91	118	115	138	130	65	72	135	157	139	91	96	185	97	107	131	120	71	111	158	118	172	103	98	170	98	123	115	61	161	115	129	114	102	110	156	99	149	157	154
cell48	182	161	136	87	90	85	206	127	196	165	257	137	311	147	216	311	115	120	146	110	92	143	168	243	234	313	211	172	109	111	143	168	146	160	113	105	147	187	102	85	113	195	112	164	104	204	278	123	284	76	202	178	128	295	170	117	109	105	100	139	167	195	209	162	136	122	134	205	181	123	164	182	190	123	146	124	138	176	126	179	238	254	179	95	89	178	180	210	171	101	201	107	75	178	127	153	161	147	89	93	186	98	103	215	154	132	151	121	177	205	142	111	279	198	162	135	138	152	144	134	96	147	211	204	196	193	102	158	128	124	148	141	126	197	156	144	181	99	134	160	131	169	100	135	239	222	141	152	167	221	219	112	106	152	143	207	194	189	157	150	226	183	191	204	210	111	98	148	147	147	96	251	173	248	174	108	103	171	118	158	112	171	156	120	212	138	139	142	299	163	142	142	182	121	226	130	165	130	139	183	171	120	218	184	98	251	143	196	84	138	198	114	214	178	148	156	138	167	253	167	97	184	142	94	161	86	147	211	279	80	210	131	183	175	142	99	109	231	69	135	200	148	115	150	136	80	148	115	83	78	81	148	67	119	158	132	96	90	113	153	81	169	89	183	117	106	141	145	164	70	91	133	71	136	72	64	162	88	59	133	90	167	101	105	119	93	89	145	66	143	160	55	101	134	90	213	93	86	120	98	48	103	139	171	192	109	128	104	138	91	104	75	122	140	104	145	117	113	87	112	126	83	107	46	119	79	194	140	73	86	92	64	64	146	96	86	83	104	82	93	56	87	136	86	101	149	100	157	135	145	118	125	82	124	94	126	115	78	114	68	56	109	83	129	86	153	61	80	93	101	192	72	112	76	79	96	112	101	110	76	141	39	121	36	54	147	131	142	56	97	87	135	115	100	130	122	86	109	92	116	100	74	69	43	98	76	68	92	206	121	69	107	72	78	122	192	106	126	118	167	164	104	45	149	81	106	124	165	170	61	113	179	112	111	182	35	117	61	92	81	197	69	132	102	118	126	92	98	50	86	98	122	90	156	120	85	120	135	89	142	107	97	79	54	87	103	71	168	93	73	84	85	76	178	151	70	97	73	71	96	77	128	110	222	100	150	121	118	78	94	110	87	95	118	132	103	106	148
cell49	164	322	319	204	132	292	256	87	136	335	235	200	157	300	175	191	295	270	292	231	308	217	206	177	279	428	238	178	226	254	166	276	247	162	209	215	203	166	243	196	308	195	206	288	179	128	231	456	217	254	243	285	183	160	134	311	124	317	184	180	224	160	151	378	188	259	272	268	294	281	298	268	214	184	211	199	269	172	285	256	252	282	232	183	213	208	208	248	166	206	165	228	238	334	234	143	142	347	164	189	142	267	232	120	147	113	258	268	151	213	269	332	218	306	59	253	291	207	232	184	222	306	156	195	230	223	188	257	259	242	166	342	284	245	234	171	112	195	139	257	358	177	316	264	187	187	282	143	247	160	200	151	157	301	168	121	262	238	241	143	215	218	248	245	192	154	178	292	189	238	242	111	188	410	201	152	248	227	324	251	264	200	134	238	294	181	129	205	169	137	163	193	188	212	286	294	201	220	425	257	290	272	262	283	101	277	271	283	176	253	168	177	155	226	183	461	352	215	153	312	259	237	359	175	222	179	130	328	118	210	242	124	226	240	177	288	222	254	258	326	89	270	157	269	151	161	88	147	167	139	118	121	125	165	87	180	183	227	95	52	58	167	117	123	115	43	148	182	153	164	165	91	161	75	134	201	232	158	168	203	123	139	170	106	101	165	153	137	217	122	184	76	264	156	176	137	156	200	89	136	150	167	189	109	187	144	128	172	188	119	172	84	68	119	238	118	180	98	130	160	123	158	124	94	132	181	212	155	139	71	132	149	89	101	90	165	94	154	154	150	232	148	129	102	94	171	165	210	224	142	156	150	106	64	69	161	121	166	290	199	164	77	94	156	178	113	83	76	94	241	102	137	74	77	114	123	218	152	179	179	124	127	122	135	136	80	218	201	198	173	115	114	222	71	204	87	128	213	183	77	262	153	99	158	159	150	271	112	166	205	174	117	127	95	158	130	89	148	101	153	196	211	108	154	224	129	129	215	111	201	92	130	124	174	128	142	207	154	96	158	89	239	137	161	195	148	101	188	148	100	307	170	100	131	196	112	172	129	157	78	165	113	159	139	98	160	117	126	183	153	167	120	226	236	95	81	254	145	106	97	209	87	52	158	277	185	114	103	135	203	153	71	128	142	132	177	155	194
cell50	76	106	109	104	89	129	126	71	104	108	95	73	59	128	100	64	56	166	155	77	114	98	60	138	93	80	59	99	133	68	86	73	95	112	94	117	84	90	144	137	50	60	89	84	162	170	78	81	84	51	112	84	69	101	123	100	128	70	136	73	77	71	92	93	64	81	55	112	110	75	158	117	99	94	98	94	136	146	73	104	59	97	117	117	152	91	135	103	153	73	100	110	119	115	105	63	68	167	76	112	72	126	75	62	87	166	81	158	58	67	62	103	133	120	72	120	110	86	134	109	137	51	103	78	101	95	119	71	134	165	129	91	101	104	136	112	53	87	73	95	137	75	95	63	71	270	157	96	140	120	113	111	77	65	81	118	75	104	148	114	57	91	119	151	101	87	116	98	94	218	111	53	102	66	81	115	47	181	53	81	79	86	74	124	113	75	75	75	96	70	97	158	155	83	88	131	106	159	122	128	159	73	103	64	142	139	107	86	143	68	92	113	125	98	97	135	91	91	97	96	96	189	160	87	24	101	76	91	27	165	100	171	108	134	152	49	97	63	85	54	166	136	166	146	36	46	49	70	78	107	72	52	38	85	50	110	86	89	39	73	38	84	38	39	57	47	144	54	47	50	73	68	51	78	81	34	133	23	53	62	56	59	88	69	73	45	46	46	91	45	44	72	48	47	60	117	78	58	41	61	106	62	97	32	97	75	55	43	121	65	60	64	58	53	88	43	79	53	128	86	60	69	70	69	57	64	23	40	69	71	53	31	34	30	79	124	53	30	57	85	75	37	75	153	89	82	63	67	62	48	49	68	69	82	56	79	50	79	39	71	58	62	53	54	48	85	52	72	52	80	53	65	87	105	69	156	35	17	63	47	37	46	144	68	50	78	74	42	97	130	81	53	52	86	50	83	60	84	82	61	62	60	122	61	63	27	63	79	52	60	69	37	29	56	69	82	48	55	77	89	105	52	73	48	60	81	115	127	54	102	51	65	71	53	75	66	59	52	66	77	59	54	64	67	91	68	49	116	70	76	41	38	82	42	74	97	75	85	73	80	99	43	43	72	76	55	47	121	50	70	87	70	61	53	63	48	44	92	60	77	70	101	91	78	44	43	89	106	75	43	57	72	80	87	54	72	58	65
cell51	142	116	73	73	119	112	141	103	152	69	89	150	205	69	90	218	49	233	126	77	196	125	200	102	81	138	148	127	121	90	163	132	126	95	75	92	127	156	146	106	117	126	101	166	126	173	90	115	99	88	146	93	108	130	41	106	74	130	106	96	78	174	31	110	126	174	185	76	108	109	116	148	256	70	141	136	152	98	108	162	202	149	62	123	123	223	121	144	92	97	138	116	86	129	57	192	158	119	112	96	83	144	92	81	141	192	107	216	151	124	78	73	75	103	146	43	95	167	90	97	85	168	67	179	97	72	53	74	130	112	104	111	66	93	99	160	151	202	83	155	116	48	120	133	105	80	135	54	95	114	128	165	134	117	149	113	80	130	185	73	123	108	142	134	201	143	110	119	121	142	113	154	141	102	100	91	98	131	85	83	167	106	141	95	125	178	106	114	84	109	244	99	105	112	77	141	135	95	185	127	83	53	91	114	82	91	111	58	165	80	141	127	189	146	141	98	60	82	176	109	81	144	170	106	112	145	108	194	59	91	72	98	134	159	154	76	158	148	164	116	128	128	99	98	51	89	97	81	37	65	82	108	116	94	68	54	49	134	59	65	78	85	85	60	86	79	63	100	57	86	42	65	79	110	92	73	104	68	14	100	90	53	92	75	150	86	73	83	52	109	117	115	45	113	98	93	87	76	67	75	23	81	70	74	73	142	31	69	54	57	45	90	93	68	65	90	80	76	82	77	207	99	95	100	50	92	38	106	39	74	46	121	115	118	87	86	97	94	96	51	85	53	65	132	90	52	70	89	78	48	44	101	101	66	78	41	44	44	41	120	87	76	89	101	87	110	56	96	71	37	70	111	63	90	47	126	112	156	35	71	70	68	103	99	77	81	63	78	131	66	57	139	74	149	16	71	87	87	81	54	61	100	88	85	72	74	23	68	86	80	73	79	62	92	25	70	62	109	116	147	66	59	38	47	74	71	66	206	80	83	117	63	70	99	101	125	148	125	90	94	89	76	84	128	62	70	108	86	78	67	75	129	79	42	61	67	46	61	67	76	104	45	69	74	93	89	94	158	64	66	48	79	71	58	67	142	118	126	56	105	68	113	70	108	101	32	111	67	64	90	73	85	139	96	50	64	108	64
cell52	65	119	62	41	72	61	74	82	86	94	106	69	56	59	71	43	105	96	71	55	96	103	69	65	87	79	79	112	22	49	133	44	85	32	45	64	98	111	117	37	41	82	60	63	85	49	101	61	53	68	96	84	93	63	59	36	132	103	104	89	115	30	107	48	45	100	91	110	60	122	26	52	32	39	56	53	109	24	63	59	127	99	184	63	111	83	69	52	57	48	65	89	46	26	58	55	66	88	32	111	78	92	68	89	92	39	61	120	45	81	81	69	77	87	58	60	98	62	99	61	38	48	35	41	154	85	67	68	63	60	63	97	84	53	57	108	70	61	85	104	59	34	59	95	77	118	59	86	112	39	75	42	69	53	81	68	55	108	97	46	49	59	135	53	54	82	91	62	74	68	56	85	83	74	69	77	71	102	62	79	103	72	66	44	55	56	150	73	79	76	129	41	54	42	51	88	65	71	91	53	77	43	61	122	115	75	101	82	102	64	81	86	108	71	94	74	60	55	64	38	61	76	42	82	73	77	63	80	79	80	51	23	37	61	44	47	35	121	48	94	81	51	33	98	82	91	53	82	36	72	84	44	93	73	94	63	59	56	77	51	89	48	80	79	94	42	32	87	76	76	84	61	62	72	63	114	88	59	51	48	62	117	74	23	88	93	44	53	54	92	116	37	98	54	54	35	45	109	72	51	32	74	61	63	96	106	90	38	108	43	89	27	91	64	102	40	69	66	55	56	57	45	88	80	72	50	90	67	72	126	77	53	54	66	65	95	54	45	77	64	76	52	82	91	86	78	117	40	60	55	78	96	55	61	69	91	72	30	37	56	89	59	51	77	39	63	51	63	41	92	128	85	107	133	29	112	102	114	38	99	51	36	92	89	64	81	56	49	37	105	70	53	101	150	75	45	75	58	114	118	130	86	54	102	79	36	54	75	83	38	68	111	80	78	102	71	114	93	86	123	60	71	48	58	56	124	102	59	35	74	82	29	93	54	71	62	51	99	44	77	68	41	83	64	137	46	46	96	68	74	98	105	83	113	40	76	41	74	144	49	98	51	79	56	90	86	50	58	82	81	67	52	71	89	80	83	72	133	51	50	35	60	60	128	45	64	81	78	83	85	84	85	65	37	61	88	67	62
cell53	83	45	110	66	42	65	61	87	96	125	72	96	57	43	112	87	113	91	72	113	26	35	44	59	150	65	137	91	60	109	88	108	69	172	110	63	102	75	80	87	130	130	73	83	96	106	75	80	95	52	119	97	87	117	108	67	65	107	95	88	45	136	57	83	76	58	106	114	140	104	184	103	51	56	120	93	40	79	65	97	89	82	99	121	62	86	98	100	67	69	118	57	88	81	102	98	137	71	64	83	200	41	63	101	35	77	84	49	104	105	82	57	143	101	79	54	91	74	121	106	130	81	64	87	113	107	83	88	96	60	57	128	82	62	49	144	87	23	76	79	63	90	130	76	54	61	119	91	110	92	46	110	41	102	84	130	95	151	40	81	113	51	73	70	131	48	63	83	59	98	98	91	119	107	108	119	77	104	80	51	132	91	75	69	175	105	92	109	80	74	101	77	42	67	57	77	60	37	92	51	105	110	50	69	52	77	71	57	81	184	172	91	122	118	122	92	62	82	131	29	66	83	114	75	79	85	83	65	59	116	93	124	54	57	93	78	126	138	70	115	122	68	50	172	46	55	62	37	105	63	86	122	42	87	74	80	94	38	99	105	105	95	92	69	89	75	108	118	125	105	64	39	81	124	66	107	122	67	51	69	69	42	73	104	88	159	64	56	116	91	73	106	98	65	103	104	105	58	80	48	105	73	50	76	106	83	105	99	70	76	132	102	56	87	123	44	106	93	100	91	74	99	74	74	51	58	120	77	57	55	84	54	106	84	94	55	26	52	92	117	36	58	98	63	106	55	91	88	112	153	127	120	85	47	79	113	63	54	48	65	134	142	117	61	42	91	117	96	103	78	101	37	88	79	104	55	59	128	103	59	62	74	76	72	86	104	128	112	86	120	84	62	130	66	78	103	75	50	100	77	50	64	79	48	50	68	129	84	83	115	51	66	68	92	90	130	67	135	155	83	71	112	161	84	56	55	58	87	53	58	121	108	117	46	67	52	64	127	166	77	97	141	94	93	102	118	128	71	69	60	56	56	64	106	66	67	97	73	64	100	130	157	53	72	67	62	48	112	52	76	106	64	60	147	74	60	86	49	68	91	104	80	75	90	76	60	95	69	61	55	64	62	60	53	93	78	87	117
cell54	102	146	121	99	88	106	96	75	137	46	90	94	66	114	87	57	129	84	90	122	128	58	155	92	59	85	181	129	87	118	141	118	111	125	51	91	55	91	103	140	65	50	101	102	153	62	68	109	139	84	104	95	88	103	103	82	138	102	89	114	48	79	123	125	55	103	92	56	100	105	92	92	78	125	119	132	98	147	114	84	91	51	65	66	77	86	95	90	132	108	57	116	104	92	109	93	119	31	60	92	66	85	226	99	136	69	85	86	64	71	122	92	82	199	43	72	104	68	89	62	92	148	93	92	178	193	65	88	90	157	80	72	114	74	112	69	156	53	63	59	135	104	39	75	80	110	174	159	56	82	73	98	86	115	79	70	55	80	110	95	103	185	105	103	70	156	106	103	103	100	121	98	66	64	60	85	100	178	125	77	138	104	98	89	46	168	55	111	64	113	94	79	79	23	138	99	99	78	122	104	89	50	90	67	105	79	150	85	66	77	72	85	80	57	100	77	78	96	96	103	139	104	70	97	67	120	158	126	69	46	46	127	79	81	133	148	108	47	110	181	138	89	110	42	84	66	104	68	38	44	55	41	79	87	47	60	63	35	108	71	80	77	70	74	92	70	110	59	34	59	44	71	47	78	52	58	75	77	103	33	90	79	49	73	65	56	34	82	38	107	48	54	66	125	71	93	75	88	70	69	63	49	48	47	42	54	33	59	101	44	63	48	54	65	61	96	70	51	50	66	45	49	113	78	103	62	66	28	57	70	53	44	64	64	81	54	66	29	104	79	55	63	75	102	59	58	67	56	78	66	71	65	66	89	44	29	40	59	37	41	97	66	75	54	112	127	48	51	64	32	90	57	65	68	46	40	123	60	62	57	63	52	91	91	61	81	86	54	123	107	37	63	85	47	89	97	54	60	102	21	52	138	57	55	65	58	122	58	31	65	65	74	54	102	80	49	67	78	80	42	92	79	63	54	64	45	40	39	110	30	74	95	76	69	55	61	25	76	65	40	54	39	70	67	128	55	50	83	110	83	42	28	77	98	52	71	63	66	45	67	21	62	83	37	86	29	25	54	75	131	54	113	53	88	52	108	80	91	97	65	38	33	74	53	78	67	61	72	97	48	120	70	63	105	69	65	68	36
cell55	106	242	155	183	148	363	235	144	136	195	269	203	78	168	168	59	265	105	289	110	309	252	189	120	226	147	178	220	226	126	243	192	187	160	131	130	69	217	139	234	120	207	195	192	113	139	103	227	268	145	184	158	258	371	136	141	119	65	191	135	131	101	171	220	157	147	257	78	149	181	258	125	153	189	142	267	117	186	134	206	88	135	213	254	111	102	112	107	134	169	257	143	76	216	132	117	118	184	260	119	121	158	188	128	240	203	195	213	252	159	167	344	83	271	316	252	77	123	155	193	264	279	206	236	183	141	186	152	260	189	170	174	251	164	169	123	143	175	170	208	131	125	195	221	233	158	115	162	163	250	101	121	98	201	189	101	202	92	138	200	216	151	81	142	168	120	305	98	174	248	205	145	190	187	82	72	166	181	188	157	147	143	180	123	164	229	155	147	69	320	150	155	71	147	159	109	225	224	125	245	246	180	123	220	143	226	275	166	156	140	110	180	178	204	161	247	212	103	109	171	170	134	154	253	93	254	149	233	219	298	198	206	197	184	169	112	173	160	141	135	183	187	126	181	157	119	88	39	185	99	155	103	91	152	128	109	102	121	136	59	79	38	98	127	143	64	146	105	56	161	102	61	85	121	218	142	125	74	136	138	84	94	84	118	94	79	77	57	119	126	109	121	54	98	126	63	72	147	114	137	118	61	172	99	46	120	131	141	97	90	94	116	109	93	140	141	97	81	107	75	166	57	195	134	127	103	67	116	87	146	95	153	64	76	66	154	93	61	90	134	122	114	193	61	99	78	151	77	131	64	164	152	96	160	110	75	48	126	77	126	100	113	178	226	73	99	119	62	117	108	118	92	116	166	168	157	142	108	77	182	182	143	82	186	95	90	102	117	104	107	58	115	103	79	157	47	69	168	143	73	116	141	76	64	128	142	85	80	105	75	90	77	183	167	138	95	82	191	97	170	93	101	103	113	49	114	136	123	108	153	59	90	189	145	118	183	113	173	94	99	95	122	94	93	104	149	170	98	75	113	122	178	144	121	114	154	171	119	189	144	133	45	116	154	101	68	130	84	114	114	148	101	91	113	188	132	156	192	69	79	145	190	62	142	128	45	83	114	70	99	101	134	108	137	102	98	163	107
cell56	109	148	186	107	151	203	105	191	160	144	119	162	137	153	88	210	100	65	110	216	234	256	91	173	82	162	60	115	117	119	170	132	105	169	211	163	222	128	120	158	81	145	103	189	135	86	159	88	103	99	135	154	70	97	119	73	188	112	92	120	144	214	163	102	137	147	146	78	129	178	153	201	127	83	141	171	156	139	153	115	160	89	142	117	124	161	156	139	150	103	209	239	110	172	230	180	145	138	109	168	122	139	153	88	177	128	126	85	85	75	85	99	151	160	101	166	147	78	234	39	97	116	109	84	94	135	150	91	149	150	166	90	259	149	89	134	131	159	127	168	103	154	79	81	168	78	97	79	200	140	199	158	56	103	144	138	108	56	127	161	72	197	89	190	150	131	176	122	128	137	83	105	57	191	128	266	163	105	82	275	232	123	185	258	145	147	125	153	109	143	145	173	70	79	80	157	162	137	91	183	116	178	146	158	117	68	160	160	112	70	85	124	89	85	134	94	124	142	88	160	88	88	106	84	125	69	120	185	177	173	145	135	108	189	121	160	95	105	112	109	124	153	119	128	35	75	32	142	70	53	123	124	70	54	59	94	102	165	48	103	74	93	129	108	74	75	89	75	51	130	123	95	102	102	126	67	74	100	92	116	90	67	97	81	89	139	55	38	130	47	51	104	66	126	131	76	64	46	122	60	39	38	68	99	54	85	85	95	113	89	79	98	91	99	90	84	86	120	89	73	47	51	99	77	98	71	146	77	147	148	91	55	111	90	71	70	118	69	96	53	98	130	66	41	130	84	92	96	86	84	101	91	83	65	71	123	91	101	81	131	110	140	101	142	122	87	79	157	156	75	98	153	61	102	62	56	109	154	163	82	65	43	39	79	150	84	69	85	114	60	114	46	64	84	79	148	97	117	160	124	92	100	49	83	78	131	84	94	54	129	43	84	133	127	69	95	78	127	116	114	105	149	83	102	81	99	84	67	82	82	67	134	127	113	61	127	45	106	128	127	120	136	96	46	86	103	125	58	125	66	86	92	80	85	76	43	75	144	71	47	135	51	74	70	129	118	116	99	105	78	67	204	83	55	117	92	104	103	81	97	53	54	111	143	76	86	119	121	136	102	39	57	86	82	69	77	91	77
cell57	78	59	76	26	35	56	37	80	74	69	80	43	64	81	95	57	53	26	71	50	60	47	34	32	67	73	69	55	72	47	70	63	85	59	35	47	83	34	55	46	70	68	86	79	71	65	105	36	130	111	96	88	55	91	114	176	81	95	67	154	94	124	128	150	146	84	44	88	70	100	73	93	87	103	101	57	35	57	40	72	46	19	35	22	0	0	0	37	16	42	117	50	69	37	42	58	97	42	44	82	37	37	61	46	53	36	43	102	103	74	63	74	93	52	36	88	72	90	68	78	73	33	70	84	69	46	51	60	26	79	37	90	85	96	54	89	84	58	56	53	34	58	77	66	38	56	70	72	36	49	61	62	99	53	105	87	55	72	28	37	52	74	58	34	50	59	67	62	107	78	51	57	53	39	58	69	42	99	32	82	47	96	83	79	49	52	70	52	55	45	56	80	54	80	43	53	70	54	75	59	69	57	63	32	50	74	38	52	57	58	41	32	54	127	61	33	66	66	54	26	66	64	76	62	79	27	44	54	39	45	73	53	57	54	110	50	62	46	60	117	54	78	36	59	47	76	37	51	57	56	52	17	64	87	35	41	43	49	68	55	89	63	60	45	97	86	78	117	50	45	60	32	35	43	65	53	92	82	77	21	88	69	104	59	85	128	54	58	79	40	71	50	43	59	59	52	62	57	101	50	51	64	107	138	43	72	83	36	42	50	64	59	103	42	55	45	56	82	35	75	93	88	68	80	59	75	43	67	71	72	68	58	84	54	77	89	43	40	48	58	44	60	84	47	36	42	36	41	95	80	49	30	47	75	75	43	61	51	68	40	55	27	59	88	48	104	29	51	58	57	108	84	76	87	63	58	48	75	49	31	39	86	73	71	52	75	55	60	62	61	71	63	83	58	94	84	55	55	13	35	37	35	52	56	59	50	29	33	53	30	70	60	74	57	63	103	46	99	37	56	44	38	47	70	62	69	61	106	50	45	46	73	39	70	104	102	39	55	31	39	43	74	72	87	54	78	66	72	85	48	58	127	59	75	26	66	66	70	49	43	65	80	18	58	44	69	34	57	96	62	65	50	86	56	54	60	39	29	76	56	50	42	32	92	70	99	62	48	67	65	45	70	87	38	59	111	73	82
cell58	161	112	67	113	85	121	102	111	127	150	93	118	64	67	115	126	123	119	109	157	71	96	122	125	86	110	71	102	102	91	85	94	91	100	63	83	187	161	112	84	169	128	109	160	97	68	120	114	125	70	102	95	77	165	72	113	59	68	84	81	181	126	123	89	162	91	122	104	96	107	72	132	91	119	178	68	114	79	164	166	107	77	87	121	143	99	109	116	142	174	97	134	85	80	77	76	80	79	107	74	82	97	90	81	194	116	86	152	147	115	33	62	112	74	126	109	100	87	84	175	73	106	89	68	101	45	90	79	95	139	100	132	161	154	136	154	79	93	115	125	106	124	127	83	81	111	91	69	118	88	110	83	80	114	152	80	122	46	71	88	100	139	146	82	104	110	69	139	76	108	162	109	57	122	79	103	114	94	185	87	174	94	220	85	52	112	129	141	136	175	107	159	85	161	131	90	39	88	152	118	93	122	137	114	113	143	89	217	124	77	151	81	170	68	155	91	80	151	75	108	85	85	23	93	96	73	93	113	110	78	119	85	73	82	126	145	83	114	151	153	85	68	86	128	60	74	60	117	65	89	111	40	31	72	118	64	66	79	62	120	54	49	76	82	88	52	78	101	92	93	47	63	84	64	58	39	56	78	44	129	58	104	110	93	25	78	71	63	62	88	50	54	93	51	77	72	63	58	70	73	40	56	51	35	61	28	103	61	60	93	64	135	66	57	86	85	64	81	73	138	68	83	116	122	84	42	84	99	66	48	73	72	96	67	63	75	50	54	75	59	60	65	52	62	45	89	80	44	79	59	77	49	56	119	82	78	74	68	113	80	56	24	58	36	64	72	94	50	111	73	101	71	34	79	79	82	59	89	42	41	68	103	63	93	49	80	82	54	85	50	58	117	78	81	37	77	79	49	64	41	85	62	65	50	71	91	66	76	64	25	97	66	66	40	78	88	77	108	86	74	65	35	86	52	67	56	100	64	74	68	87	107	68	50	40	79	59	125	81	27	59	73	64	67	45	91	124	66	78	66	41	50	145	38	108	75	51	50	66	84	21	91	44	40	60	83	72	54	68	78	72	76	74	50	33	51	79	83	97	79	64	62	48	88	57	41	43	60	57	68	97	56	79	69	55	90	67	50
cell59	125	208	195	148	156	159	228	66	147	272	164	140	84	179	231	139	128	138	198	130	202	176	180	111	70	172	188	147	226	91	236	155	229	205	127	176	104	135	120	205	136	215	114	132	112	141	116	178	238	89	216	116	194	78	138	132	112	118	254	34	198	191	140	155	185	88	358	127	161	236	174	98	140	238	244	301	168	218	180	148	74	162	153	104	177	103	161	94	153	150	190	146	152	273	139	154	214	175	136	100	140	70	134	123	137	91	106	161	224	143	191	109	146	121	143	174	177	154	179	277	175	75	161	134	180	159	240	184	110	239	218	130	145	184	176	97	247	166	154	282	182	208	182	143	218	142	154	237	190	209	117	257	147	134	129	171	340	101	125	77	236	83	138	226	115	159	163	206	259	153	209	180	130	105	232	213	192	120	145	157	134	151	137	103	93	171	174	113	105	284	256	132	109	195	74	103	156	151	105	81	122	243	233	153	194	267	198	177	170	155	221	133	150	178	78	162	170	129	185	229	92	163	281	190	126	112	118	104	124	97	136	127	88	120	167	215	165	195	140	97	266	220	192	56	65	97	91	47	164	75	132	81	85	127	78	116	124	93	156	86	83	61	56	80	115	110	119	85	87	104	64	99	50	128	104	127	76	136	71	103	73	82	103	63	75	56	141	111	111	150	133	236	92	81	66	111	75	102	103	81	162	177	130	153	119	113	128	103	130	165	66	126	139	117	72	59	22	67	74	99	134	85	156	78	104	36	161	57	113	91	83	94	118	141	103	91	101	96	126	100	105	85	129	124	148	114	151	103	93	106	92	107	123	141	113	50	94	95	82	99	69	79	91	112	86	98	131	211	91	74	143	113	129	127	121	72	50	122	54	91	135	113	146	117	91	136	42	117	111	128	181	167	89	95	94	107	123	136	68	67	142	143	116	145	67	73	128	97	148	148	149	143	74	80	94	138	67	138	95	135	131	115	138	74	130	43	138	129	97	50	48	130	138	129	97	146	113	97	55	160	143	87	116	85	60	197	138	117	101	156	114	111	150	132	61	72	96	111	64	113	93	97	102	93	97	66	84	33	104	94	120	52	79	91	85	104	90	118	160	74	95	184	108	130	85	98	81	182	67	94	123	92	73	118	117	121	66	59
cell60	385	93	156	168	121	318	184	257	152	129	131	161	177	140	148	225	183	182	292	229	98	257	124	107	195	154	124	213	206	239	138	220	154	109	183	165	208	154	123	197	120	142	240	146	129	271	111	95	228	133	234	128	206	174	242	346	185	217	217	249	113	118	151	154	119	189	220	140	101	122	151	223	186	214	138	213	198	184	206	236	128	152	176	148	243	135	187	189	196	209	197	105	224	184	149	213	237	174	169	140	169	170	154	144	198	115	226	165	209	274	181	299	208	185	225	220	121	152	95	139	151	167	110	257	134	182	156	317	217	113	277	138	264	228	145	136	205	116	200	42	213	171	219	180	124	184	148	246	103	166	188	165	232	205	147	105	35	152	108	207	171	205	141	230	105	167	194	111	270	144	222	207	240	114	149	269	126	87	193	291	217	187	93	231	127	189	166	166	195	142	170	220	165	192	188	156	188	149	225	143	211	124	188	303	228	176	203	196	182	244	306	147	187	234	95	91	89	288	167	175	271	166	73	157	198	249	168	138	189	255	145	122	252	184	206	281	272	110	218	235	273	224	230	100	173	83	64	169	111	93	64	72	101	109	115	148	125	97	103	137	139	114	104	100	76	117	140	113	156	124	144	142	177	171	123	65	104	117	120	192	120	176	172	164	88	82	142	124	116	101	97	120	123	106	133	154	82	108	171	127	119	141	115	77	167	103	132	137	73	100	88	138	142	112	92	122	79	102	176	72	79	174	86	170	190	105	95	45	119	85	179	203	67	124	76	97	108	93	196	168	201	112	115	112	235	134	90	177	143	72	108	184	90	71	155	175	172	110	198	100	131	133	159	156	39	137	173	83	127	181	81	168	154	151	88	166	84	160	115	101	131	132	110	152	101	157	57	171	121	109	95	101	84	77	110	124	101	106	89	106	142	147	71	105	28	165	95	125	111	128	107	165	91	78	77	92	90	135	116	109	159	107	180	129	82	101	132	89	120	139	115	71	198	96	146	126	86	80	136	124	121	81	134	94	134	198	128	157	43	90	115	100	143	85	129	156	97	156	65	82	116	144	98	172	116	96	92	116	201	104	113	136	105	170	149	81	198	104	43	131	121	91	71	86	114	105	109	217	98	69	142	157	119	113	84	131	156	81
cell61	302	220	199	138	233	237	169	249	221	361	353	258	149	317	127	319	641	137	287	325	289	220	310	381	244	341	284	283	439	219	213	132	250	479	392	127	335	131	281	157	175	208	272	176	280	241	284	279	249	174	322	152	183	201	247	186	206	246	300	260	255	120	390	143	272	283	377	346	240	260	173	272	317	334	222	201	291	356	190	373	239	369	252	267	205	307	405	155	310	224	120	236	179	248	297	129	219	112	220	267	285	275	416	219	229	246	253	201	303	166	249	119	378	248	246	307	227	176	301	233	180	158	215	280	321	181	207	148	270	363	250	241	237	197	153	307	190	327	221	174	299	353	160	332	331	227	246	281	266	236	460	285	232	269	444	379	150	125	266	174	294	339	202	278	334	216	212	509	248	275	292	246	258	265	255	339	220	250	347	266	191	435	190	356	326	394	177	344	260	452	280	215	389	414	414	353	307	471	314	238	245	231	226	322	257	204	316	259	206	183	149	352	137	255	108	363	158	377	256	277	151	215	194	150	124	226	113	283	514	189	175	256	261	217	197	201	237	266	220	290	172	290	167	383	202	270	139	209	286	192	244	189	117	198	216	133	121	125	179	217	107	99	105	208	153	146	178	332	229	188	136	195	148	197	105	98	187	178	122	112	116	170	213	158	216	194	202	97	284	176	180	150	150	148	110	120	164	176	116	212	161	174	150	122	323	62	178	150	96	151	193	136	128	121	136	125	84	99	242	173	183	244	147	206	215	242	175	166	282	198	161	155	203	175	275	149	174	219	185	144	131	188	266	154	173	144	127	179	234	207	210	176	182	262	138	193	185	134	100	316	311	236	229	182	214	175	91	148	162	157	156	145	183	161	151	209	199	91	195	284	85	79	134	158	126	153	153	183	88	205	309	190	190	144	161	136	230	201	139	171	226	179	221	178	230	294	193	209	201	227	146	218	200	106	161	222	170	189	222	177	201	184	138	146	235	163	294	211	174	202	246	256	207	190	165	206	116	147	117	245	130	175	130	189	207	128	91	209	84	87	258	207	173	170	194	195	172	132	144	117	240	182	320	92	212	139	116	290	115	243	132	274	199	277	251	136	90	111	91	236	240	141	166	88	137	133	114	156	189	207	311	156	196	144	155	215	196	215
cell62	375	344	164	195	181	168	197	180	284	271	302	168	165	169	204	460	123	240	156	251	446	185	200	304	393	329	169	200	181	182	224	376	237	173	209	242	116	316	178	383	127	227	363	185	131	398	314	209	184	122	189	201	230	268	263	160	214	247	245	230	409	363	170	301	173	207	338	159	182	173	299	225	305	259	295	224	234	174	389	239	183	329	209	145	316	325	109	248	235	202	207	312	289	237	228	245	265	366	147	163	228	240	238	172	199	180	227	120	283	150	264	118	150	335	372	132	254	69	230	170	278	269	361	248	220	384	235	289	256	244	175	271	265	314	182	128	245	79	247	206	146	200	258	110	202	210	345	256	217	140	175	94	156	232	251	287	118	180	141	187	148	253	170	250	176	273	180	107	161	152	300	258	153	214	170	211	247	151	142	229	166	151	147	196	168	185	221	176	323	310	222	158	229	237	199	288	176	434	266	169	224	274	206	131	80	332	153	158	358	146	310	174	163	140	246	181	198	244	190	237	321	220	229	315	139	142	300	209	232	292	144	455	249	212	211	175	99	226	269	63	321	284	188	146	115	233	297	117	351	123	374	300	131	145	224	267	247	237	174	333	216	334	168	193	180	232	275	199	215	98	200	195	235	171	113	231	274	208	234	283	156	163	236	218	228	183	186	303	292	413	307	289	250	264	215	240	268	237	81	196	205	188	321	204	179	262	299	306	254	191	193	136	203	145	220	277	178	314	134	279	180	192	315	153	160	244	252	160	325	223	270	282	334	195	276	210	244	213	338	279	170	266	176	154	216	309	167	436	332	122	152	264	183	344	219	245	224	260	247	108	233	221	228	392	390	158	130	243	255	138	225	200	113	165	378	175	139	383	134	140	257	244	189	334	230	151	245	340	394	320	170	141	126	269	137	171	227	232	168	293	187	313	182	280	255	304	199	284	196	186	285	357	84	415	352	254	180	183	240	544	285	211	300	378	357	310	266	113	160	135	190	168	134	153	250	323	253	276	163	225	78	263	187	201	288	107	272	132	264	246	122	194	242	345	210	133	274	236	391	252	316	246	234	236	341	320	162	247	258	147	297	297	184	309	303	84	143	262	224	226	111	257	188	172	167	215	207	127	304	209	192	326	210	312	204	224	393	153
cell63	56	154	260	230	227	215	151	179	186	166	82	142	157	279	169	151	222	180	207	102	162	175	206	183	76	97	213	150	108	165	155	169	88	249	70	132	140	244	164	195	269	126	144	95	171	207	210	137	129	123	100	129	162	155	127	77	118	160	107	160	244	173	101	162	119	134	159	195	103	220	248	206	340	220	86	155	317	169	96	88	102	208	158	189	180	199	181	195	104	112	155	185	149	156	206	169	172	216	232	219	194	115	216	101	206	91	108	97	200	292	282	86	106	166	74	150	180	141	193	148	250	103	167	172	108	162	184	198	126	183	165	192	122	204	205	211	248	214	122	114	161	162	187	105	114	193	162	174	214	174	160	134	132	159	173	138	193	68	125	103	117	191	268	146	114	121	150	147	123	109	132	100	100	102	135	214	276	150	192	179	345	138	195	211	65	149	176	134	128	128	102	178	200	142	123	222	151	203	97	165	323	99	151	212	137	167	161	113	138	95	264	191	161	261	155	175	150	283	143	194	186	165	142	117	146	100	132	134	220	215	133	184	184	295	67	225	136	146	240	191	147	100	116	198	81	84	72	121	79	94	41	159	71	60	105	72	59	101	63	77	140	113	99	67	82	86	104	155	97	91	140	106	101	88	103	166	178	130	113	91	129	102	43	91	105	99	70	98	100	106	69	224	74	38	94	112	131	97	46	143	69	155	83	96	137	152	86	120	59	95	102	151	48	87	113	124	57	116	94	43	131	102	87	80	102	69	82	203	127	97	115	83	88	89	125	106	93	84	139	151	58	89	85	105	72	73	62	221	195	131	143	83	101	115	84	60	105	131	30	64	122	104	128	67	189	87	167	101	135	171	139	89	89	156	71	154	90	98	124	131	91	96	146	75	123	33	139	86	87	61	90	134	121	67	129	97	104	70	113	127	87	60	86	153	80	96	100	151	66	169	76	77	61	170	95	185	104	104	124	107	97	130	94	120	132	98	117	85	65	85	166	157	104	144	113	139	55	141	105	81	119	109	76	86	125	95	93	119	101	113	105	154	146	91	135	104	77	88	129	62	105	127	116	117	98	101	124	87	43	55	122	48	169	59	133	109	54	91	167	132	118	117	80	112	76	83	42	134	152	80	90	74	90	162	121	165	98	105
cell64	41	74	90	66	72	102	129	58	125	76	132	130	75	97	72	118	119	79	200	73	95	121	100	88	108	86	140	107	99	114	166	89	198	116	110	106	63	40	96	73	140	112	131	143	91	145	77	94	95	73	80	113	131	89	76	113	97	129	130	75	169	111	62	101	82	78	128	159	134	102	70	64	89	73	119	168	110	268	73	108	102	88	57	93	44	74	145	165	138	77	106	118	69	73	144	70	78	27	62	64	138	109	143	212	98	83	126	62	92	128	76	97	195	199	141	92	48	133	94	177	92	224	100	111	116	134	138	69	108	56	95	90	102	77	81	102	89	88	141	106	88	74	82	151	94	63	94	90	146	123	186	105	84	112	91	107	90	109	111	64	101	133	78	77	102	120	155	118	104	143	89	128	77	136	133	107	62	84	172	190	127	119	121	123	112	69	88	131	81	79	111	106	66	102	160	86	70	128	78	96	89	150	84	49	53	93	99	116	210	70	131	93	132	107	150	183	94	152	104	65	113	77	150	106	104	104	72	126	109	253	102	62	48	96	117	52	110	107	98	100	109	77	91	103	39	73	94	63	76	38	51	65	62	53	80	59	100	92	61	25	90	73	76	71	46	110	68	49	114	91	79	73	84	68	95	56	55	69	95	42	35	41	67	32	66	25	73	83	71	59	41	47	53	61	73	27	96	87	58	26	66	82	102	89	75	34	92	75	40	102	74	49	99	31	127	47	54	38	44	29	71	77	44	55	68	45	64	71	101	55	81	74	104	86	53	76	75	139	49	77	93	56	47	67	98	99	69	21	108	144	67	78	58	84	67	77	70	70	111	59	35	64	53	57	105	57	63	71	77	79	83	47	102	64	67	65	71	68	63	95	26	78	52	63	111	40	80	34	93	87	41	46	56	121	50	64	76	67	103	56	68	53	100	52	34	47	54	84	103	53	58	108	74	78	87	88	97	110	92	120	124	49	71	59	58	96	37	70	66	55	98	40	113	94	88	64	99	112	60	62	102	73	52	148	53	81	89	49	32	103	87	27	118	130	77	88	62	91	74	63	46	83	73	65	44	68	97	58	93	72	83	84	52	53	79	108	46	73	98	50	163	62	40	74	106	72	40	111	52	70	45	69	109	48	74	57	143	69
cell65	37	50	55	70	60	89	23	126	78	100	62	58	122	98	103	71	71	84	69	57	65	46	102	90	64	34	54	85	44	63	112	88	72	95	87	68	57	98	23	49	91	85	69	33	37	50	41	75	88	109	102	109	126	60	85	72	41	78	97	144	92	56	43	50	131	41	62	79	67	70	47	130	74	82	39	51	162	91	61	99	63	52	191	118	105	81	58	134	31	92	76	79	94	74	78	67	67	74	118	64	80	76	50	81	93	103	83	74	37	29	68	111	80	81	140	69	56	51	80	40	49	55	57	73	40	74	94	74	55	65	91	61	53	90	80	92	113	74	95	33	96	81	115	72	124	82	76	58	72	53	62	70	77	67	68	73	71	63	70	67	93	97	107	247	76	120	77	37	65	66	152	68	81	106	97	84	75	52	98	155	82	43	94	121	32	103	83	52	75	81	129	62	62	100	55	103	87	90	75	45	109	76	41	101	93	95	60	71	53	59	87	105	80	95	75	58	75	34	68	119	35	63	48	65	94	61	55	82	46	49	132	162	64	57	131	36	60	108	49	97	29	53	112	88	68	30	24	44	61	29	61	47	55	41	36	82	30	51	44	60	50	39	70	84	51	41	47	73	40	42	33	47	28	40	80	49	33	90	28	73	30	47	38	59	96	43	89	56	74	48	55	59	45	44	43	33	36	55	49	102	92	32	54	44	28	74	29	54	27	50	68	58	87	40	25	31	32	35	36	69	64	30	34	84	80	37	53	29	34	49	93	85	48	34	63	23	62	31	61	32	41	41	77	40	24	58	48	68	57	54	53	68	38	41	66	57	35	57	65	30	52	67	27	59	47	59	69	81	42	42	70	44	60	52	33	59	56	56	45	68	44	58	25	35	52	60	54	43	40	58	63	28	87	55	97	33	44	38	25	39	71	44	57	49	57	71	81	45	32	41	48	43	57	41	28	46	58	57	32	55	49	30	33	36	54	58	42	53	45	41	33	18	51	36	90	38	41	95	38	24	67	76	32	48	38	35	48	52	66	47	59	69	37	25	46	82	59	14	53	39	38	52	56	48	64	44	36	49	41	38	57	78	105	28	42	55	38	65	32	56	57	46	56	70	42	43	69	72	68	54	31	53	68	34	66	48	65	24
cell66	109	122	63	120	114	104	173	62	119	93	119	184	152	103	89	75	113	66	88	132	123	108	53	126	165	73	61	108	93	104	89	96	222	102	133	60	131	83	112	88	59	107	137	84	66	142	96	178	84	104	99	183	164	190	266	157	274	253	109	215	93	202	145	134	142	234	121	148	197	93	80	173	138	78	178	99	104	125	122	53	154	64	37	88	63	47	47	29	83	72	60	93	87	57	84	117	105	58	86	73	103	154	136	57	107	61	60	107	86	180	168	78	118	96	86	130	82	105	110	101	130	142	88	107	78	50	114	77	81	74	213	153	94	101	140	113	80	155	84	109	105	99	84	131	75	110	232	138	178	96	98	116	147	99	111	120	80	98	70	145	89	80	115	92	81	101	77	107	130	103	139	115	74	101	120	64	62	159	62	136	92	41	98	95	136	105	83	141	98	186	132	122	110	131	129	113	129	64	95	91	115	97	111	103	136	90	110	79	113	118	76	96	122	163	141	143	126	98	64	37	99	208	76	203	129	63	130	78	82	87	164	104	137	87	138	130	129	131	62	81	134	39	128	42	75	74	153	111	96	72	154	70	54	104	184	109	83	89	109	135	68	131	65	116	91	146	68	155	98	102	107	79	93	118	91	78	57	104	166	71	144	50	126	130	84	128	95	110	130	105	136	53	105	102	79	96	82	114	62	75	109	78	124	73	112	81	101	119	203	135	113	138	90	100	105	99	125	172	96	58	109	53	149	154	42	67	179	71	96	145	94	97	139	97	78	102	187	71	117	85	61	109	100	60	87	72	65	113	155	142	147	143	88	203	82	134	66	96	133	80	78	50	50	62	66	131	71	175	136	137	104	62	136	162	121	128	58	59	140	114	142	108	36	63	137	95	191	62	119	70	97	86	145	92	97	115	172	88	148	81	82	117	79	50	104	207	114	174	98	82	93	130	114	53	79	130	68	124	115	57	121	153	72	134	49	104	128	148	36	106	76	59	67	101	111	191	74	95	82	116	144	96	89	77	112	88	140	91	125	122	93	119	89	46	61	96	141	74	96	64	62	63	80	148	154	141	76	106	148	97	64	55	121	94	115	174	141	144	49	175	119	89	106	134	101	177	112	155	119	108	73	97	79	83	131	89	80	95
cell67	86	73	38	80	127	69	67	73	105	53	83	46	64	104	114	69	65	103	83	66	65	35	58	61	84	64	103	78	75	65	66	44	70	96	96	41	61	61	62	69	47	93	82	58	73	28	112	58	39	49	96	91	80	108	98	79	131	74	68	69	64	91	78	45	79	59	60	85	73	75	58	107	83	42	155	58	68	53	55	40	66	80	71	106	48	67	46	67	52	90	138	69	88	47	46	52	75	106	96	40	91	85	93	55	82	66	86	51	87	57	36	93	50	97	24	186	81	124	61	57	94	66	56	82	116	59	56	73	79	127	115	74	30	47	37	67	97	74	61	52	66	97	48	112	60	39	46	55	95	51	45	110	77	86	37	78	110	68	96	69	66	73	61	106	71	75	41	66	103	81	102	63	110	88	67	72	63	75	68	73	63	94	112	71	65	98	69	44	49	73	139	91	56	68	46	68	57	60	78	82	77	61	73	67	53	57	81	70	110	74	62	46	43	74	88	92	114	101	61	78	102	83	47	96	95	68	76	74	93	59	71	56	95	84	128	39	66	61	75	79	99	68	108	89	40	63	88	119	89	33	59	58	96	65	43	55	70	82	90	76	67	93	93	64	60	105	64	70	149	92	68	70	74	84	90	84	72	43	38	86	61	64	79	53	81	78	71	47	73	70	46	42	103	77	91	68	92	90	64	51	76	77	44	68	77	133	70	78	81	53	40	53	62	77	87	47	67	160	64	84	60	62	117	71	73	96	49	49	93	70	51	67	84	76	62	93	123	58	59	72	65	114	59	111	81	61	72	142	106	63	102	105	79	77	85	88	107	45	131	93	71	94	45	104	62	55	39	92	119	76	47	66	80	92	79	80	70	58	60	82	76	48	109	91	123	56	95	119	77	95	113	82	99	66	100	102	62	35	70	105	67	81	79	107	92	84	51	54	114	95	61	66	87	64	53	118	94	114	88	62	58	50	57	36	82	39	91	112	64	47	40	54	78	82	75	61	46	51	57	72	128	49	80	90	104	36	129	35	89	78	76	75	80	84	48	100	42	71	79	45	61	45	77	40	115	69	73	105	62	82	116	92	116	70	31	61	114	78	86	77	39	83	20	100	69	73	71	99	54	73	109	80	57	74	64	48	50	97
cell68	108	104	149	116	135	148	126	137	46	163	77	97	134	164	162	126	163	235	162	137	232	67	141	121	97	123	93	109	101	135	94	65	119	87	202	113	125	124	97	145	186	262	127	120	69	172	115	141	80	231	78	106	111	111	55	136	89	132	53	136	110	81	160	118	72	86	118	82	142	117	80	105	42	103	142	151	178	154	66	145	100	112	145	93	92	83	124	91	104	90	147	159	187	152	61	144	131	116	163	123	142	55	100	117	82	76	166	101	55	105	92	116	126	114	123	101	111	54	51	178	128	124	181	51	80	146	129	221	197	109	99	120	120	149	117	180	140	124	103	121	131	121	93	112	147	124	122	95	161	174	107	84	180	71	95	119	69	154	140	121	196	148	78	111	51	94	54	180	133	85	105	156	180	188	129	170	125	116	101	186	199	141	101	169	120	84	88	90	105	120	66	187	124	111	107	76	53	96	95	54	134	96	186	84	94	136	115	147	195	126	170	178	129	43	82	80	94	175	68	94	84	99	100	90	142	49	87	130	121	161	83	101	79	196	92	126	45	115	110	76	142	60	113	78	42	61	87	68	156	71	65	133	19	75	80	52	76	96	120	105	40	124	122	25	72	79	116	107	62	102	76	82	71	83	90	60	78	93	70	31	115	98	72	77	63	49	105	57	30	58	57	121	52	133	107	77	68	38	57	73	110	83	79	97	88	97	109	77	84	60	94	80	87	69	77	58	81	57	114	53	85	53	34	62	72	74	96	56	107	78	117	86	78	94	74	67	72	76	55	139	50	73	96	75	59	111	88	78	122	112	74	134	98	72	36	55	30	90	133	70	82	83	87	60	98	106	160	75	69	78	63	60	76	108	80	79	56	127	51	110	84	99	187	62	68	128	80	113	83	63	88	97	131	76	66	86	144	83	98	50	46	70	59	89	113	110	82	111	92	49	63	58	114	74	60	86	87	75	119	66	186	156	85	84	141	110	118	99	81	54	131	74	89	92	80	72	104	101	73	31	57	86	71	48	54	81	58	86	104	85	85	71	101	122	65	58	56	106	62	66	67	80	92	86	94	103	71	102	98	74	78	143	84	151	67	78	77	58	129	108	47	81	71	110	115	68	86	102	40	64	99	73	109	73	98	85	74	91
cell69	77	102	112	135	112	75	183	73	171	143	124	59	143	101	161	196	91	174	136	168	176	120	64	196	111	154	208	232	67	250	115	138	92	177	146	117	151	141	180	171	89	117	109	89	63	122	103	135	66	95	163	116	94	117	123	150	206	101	72	87	111	117	91	224	107	171	137	153	137	109	145	144	97	93	127	234	91	138	107	133	145	154	91	135	96	140	67	88	81	118	81	87	88	76	121	138	186	82	63	161	168	103	42	121	149	129	112	134	60	275	80	128	129	99	90	128	140	147	133	69	149	65	169	58	65	85	79	195	189	170	141	82	81	89	117	159	84	99	157	115	120	64	94	128	99	143	82	94	69	134	102	99	189	158	174	83	99	116	73	66	216	78	137	231	93	90	136	141	85	190	126	118	65	162	193	152	132	102	166	138	165	107	71	70	124	119	137	141	192	127	171	122	171	116	197	68	81	104	128	140	100	66	149	154	104	75	44	145	48	141	119	102	91	107	126	125	130	75	92	81	135	125	62	124	107	229	115	86	181	42	128	114	104	122	93	126	69	143	156	68	89	127	66	55	52	34	58	97	65	98	66	116	56	48	72	62	108	76	79	78	77	77	73	40	75	90	82	99	86	38	63	41	96	82	72	73	85	82	74	94	71	126	82	34	48	62	83	72	156	74	97	93	94	57	96	122	54	82	34	33	86	137	79	101	55	88	49	106	65	83	104	77	60	86	101	74	94	58	55	92	85	58	61	35	137	71	100	44	121	71	100	109	90	51	51	86	90	69	89	102	85	75	132	115	68	93	67	85	123	89	115	49	118	108	67	90	93	166	68	108	126	86	31	138	38	72	49	129	78	127	80	89	93	74	100	74	55	66	70	51	75	78	71	55	102	93	61	59	140	58	120	73	95	93	68	71	90	136	80	62	113	50	59	55	80	54	73	37	52	96	80	45	117	85	65	41	61	74	98	60	51	91	109	86	81	59	57	63	86	78	63	88	93	67	57	112	51	81	72	68	56	57	62	137	100	51	59	108	47	122	83	110	88	53	73	82	122	102	116	81	72	92	107	51	44	76	96	73	73	54	73	82	92	63	51	72	62	125	80	66	126	32	72	64	56	49	88	55	48	51	78	45	41	110	81	68	98	45
cell70	104	112	88	98	52	90	90	86	123	119	63	141	38	39	72	126	82	70	160	87	75	103	72	74	76	100	81	77	129	105	95	81	71	99	75	77	92	113	63	126	91	76	63	52	102	88	76	93	151	108	94	150	108	71	74	73	63	76	84	79	58	57	162	102	71	110	129	128	73	129	145	106	154	79	60	75	101	92	41	52	39	101	99	101	67	97	81	60	99	91	126	48	109	89	71	71	52	71	82	94	101	59	174	105	87	132	100	83	124	90	135	110	40	89	138	105	131	97	106	82	51	119	33	111	115	56	126	96	95	114	40	136	42	98	46	89	84	129	47	70	40	72	89	96	133	72	44	91	149	69	108	104	37	68	94	124	126	92	68	87	102	43	123	80	57	81	65	47	80	121	125	71	67	156	85	80	95	67	58	63	79	95	76	137	70	87	99	128	120	119	48	129	88	90	120	99	109	137	99	75	111	78	62	73	74	131	56	147	92	75	133	69	125	91	78	40	96	57	126	135	110	60	70	102	85	82	88	81	106	64	85	97	61	111	95	106	65	51	62	160	34	77	87	73	148	65	77	85	42	56	86	122	152	106	58	159	76	85	91	146	75	120	107	94	154	71	118	63	157	105	81	111	154	113	123	66	148	53	99	78	74	95	88	66	77	55	91	132	84	84	64	97	100	160	92	79	94	107	88	109	40	129	35	62	88	53	148	49	64	45	91	49	95	101	79	142	92	109	103	96	62	65	93	91	85	52	84	111	161	121	46	65	59	46	93	87	98	108	101	115	139	85	111	64	53	50	80	106	83	125	91	101	93	88	98	173	97	86	78	117	119	64	74	83	91	76	106	26	90	66	89	95	48	105	82	110	88	168	115	88	74	94	144	79	140	97	75	51	50	124	139	133	63	116	76	72	108	114	137	92	102	81	111	89	54	79	140	144	77	98	99	145	120	126	93	157	115	81	79	126	66	101	86	42	69	71	115	109	111	88	67	86	105	138	96	61	67	105	111	88	85	117	78	107	168	99	115	103	107	84	73	66	114	69	155	85	89	89	106	80	102	104	114	26	116	53	119	79	43	53	95	133	48	74	85	61	64	42	91	139	138	89	152	72	101	88	55	62	52	77	95	58	107	47	109	54	76	89
cell71	308	326	195	147	139	131	258	170	161	196	195	217	158	219	153	223	236	237	213	127	278	438	184	187	254	214	245	263	269	210	215	170	389	199	202	204	147	165	169	142	210	166	72	167	146	148	120	279	124	211	107	316	258	151	308	235	369	255	183	182	219	121	135	148	142	185	286	306	103	241	224	296	223	129	216	229	164	135	98	173	193	210	209	138	157	160	319	230	332	140	176	208	124	160	146	219	98	161	68	117	425	170	170	256	130	154	99	140	351	226	163	228	245	153	224	398	230	141	208	129	232	310	349	138	233	127	126	234	168	175	139	163	217	202	188	300	135	184	215	161	67	253	220	161	214	289	138	386	166	103	188	319	133	207	126	140	139	138	152	195	238	292	300	269	205	125	228	212	113	166	161	200	247	205	227	178	191	210	102	71	156	134	244	182	77	118	271	248	263	348	184	253	210	241	118	182	181	237	233	187	147	228	239	427	269	229	230	176	156	187	164	214	185	167	227	140	130	174	169	201	104	149	290	243	147	181	233	178	121	229	170	244	214	195	214	173	423	107	489	168	312	110	281	213	94	90	69	142	156	148	89	139	143	126	176	133	79	161	98	139	119	82	88	130	129	62	129	132	232	162	69	168	143	82	139	111	85	167	66	149	214	146	99	153	62	134	53	105	234	95	208	57	125	103	131	120	123	112	187	212	100	144	162	101	124	124	114	199	109	141	71	159	186	139	206	178	61	199	101	176	168	127	78	93	137	94	116	194	94	178	101	59	105	56	159	108	111	101	77	80	157	209	78	162	111	99	154	101	77	108	107	163	124	243	172	139	122	166	168	192	102	86	165	104	84	144	71	168	102	124	163	174	224	94	105	122	157	94	109	110	130	152	218	149	94	134	146	112	100	146	91	79	81	106	168	132	77	191	109	126	116	100	116	130	153	122	98	182	126	206	177	140	164	161	163	133	200	148	105	179	193	185	203	154	158	113	74	136	92	66	152	115	162	130	97	133	154	167	119	146	93	105	95	149	122	49	184	212	152	169	97	143	128	144	79	37	159	115	116	65	149	168	130	127	140	113	105	78	105	241	197	68	156	166	112	123	276	256	150	187	91	84	147	145	102	143	211	118	191	178	112	251	81	90	128	91	92	111
cell72	86	112	91	144	160	235	109	196	229	227	119	88	112	101	131	101	133	150	153	81	100	151	168	153	124	65	203	199	313	168	172	99	89	255	144	119	156	126	127	162	218	136	144	114	164	144	108	151	156	218	201	235	279	216	145	120	105	129	238	134	260	158	170	51	169	163	182	247	137	141	148	156	148	134	189	174	137	200	104	154	88	116	160	161	162	129	251	133	188	118	104	181	122	158	118	120	74	167	135	89	146	110	163	178	169	96	123	215	123	183	140	125	179	139	188	115	67	169	210	172	94	151	214	102	84	132	197	249	151	237	99	50	136	214	134	189	107	93	158	99	103	192	140	128	91	160	161	165	95	168	219	213	99	145	220	140	218	106	213	194	101	134	108	302	113	72	133	98	159	108	192	176	205	117	186	276	166	110	98	124	109	156	140	106	219	130	94	94	182	103	114	116	190	156	138	83	155	159	125	354	178	188	246	168	130	158	255	113	129	112	129	203	173	142	188	84	138	105	143	136	141	121	119	127	97	163	144	164	112	105	125	167	119	107	103	80	213	225	113	132	87	126	157	149	126	101	69	84	103	107	109	99	70	121	115	127	89	47	120	120	153	90	52	115	70	69	109	78	123	66	63	138	60	64	73	126	40	124	69	66	117	132	74	110	62	84	122	69	81	85	95	72	73	163	99	179	73	58	127	152	85	115	101	50	120	109	77	83	70	116	45	58	95	117	125	86	158	155	119	117	50	103	87	82	120	149	88	69	92	73	123	151	45	102	158	120	37	122	89	54	160	65	112	54	80	123	86	101	75	83	75	137	90	140	69	59	101	66	90	110	98	88	113	97	98	122	62	59	147	187	70	109	55	105	94	96	62	87	188	101	86	65	67	136	86	91	72	127	100	68	110	87	86	85	109	88	86	64	41	69	50	59	109	74	120	122	75	79	80	54	120	69	71	114	42	92	105	96	108	88	107	77	78	42	79	94	135	56	108	86	70	137	158	121	77	74	114	68	147	109	77	93	107	123	129	98	103	88	78	54	105	97	74	153	91	104	89	71	93	54	101	173	85	91	85	139	101	110	58	69	107	78	70	75	80	140	31	102	86	81	151	118	123	61	205	79	102	44	93	108	78	45	87	46	107	54	92	83
cell73	121	154	180	86	110	102	100	93	199	192	58	74	124	184	135	93	153	116	84	145	77	135	143	110	71	188	247	171	145	183	89	264	133	165	181	142	70	181	101	141	101	117	141	118	78	124	112	33	115	139	159	215	165	119	162	151	77	51	172	197	68	158	146	83	136	112	226	173	106	152	118	113	147	93	224	133	125	117	160	177	133	129	120	179	129	179	94	156	119	166	187	150	117	131	128	152	194	98	138	131	125	110	85	144	135	143	165	94	157	103	102	133	117	113	218	163	84	81	116	124	96	144	85	90	143	198	154	140	200	181	96	83	154	211	219	132	139	132	99	74	124	146	161	117	148	93	88	138	185	98	95	116	169	80	124	80	80	120	118	153	152	159	165	128	98	100	90	221	109	219	326	148	105	142	172	126	78	169	103	144	163	129	155	106	187	217	125	129	114	219	162	106	63	74	84	148	195	221	132	180	136	109	44	111	127	118	85	120	152	110	113	95	132	92	115	122	157	116	69	135	210	218	120	138	113	141	84	169	131	111	240	111	45	164	109	95	172	216	130	127	104	126	105	102	138	42	83	99	87	50	96	44	58	39	63	62	90	60	52	79	104	41	118	97	67	61	154	77	48	68	49	51	84	83	111	60	103	85	115	70	64	68	47	76	55	97	92	155	76	66	65	80	75	94	145	66	85	121	54	82	136	68	74	64	94	119	84	63	112	64	75	89	79	76	150	90	105	64	54	96	61	53	88	77	52	46	79	90	100	159	68	94	89	136	155	61	80	59	65	135	83	124	92	104	117	98	67	105	93	113	50	80	150	163	95	66	75	53	104	83	64	71	61	54	117	59	68	37	101	192	127	79	85	123	115	49	70	54	75	98	90	52	105	152	141	88	75	96	55	94	65	86	94	84	72	87	77	117	66	63	80	83	40	27	78	79	97	56	77	115	58	109	107	68	121	87	78	124	114	91	53	73	164	102	67	73	68	124	80	87	104	100	57	113	124	84	77	93	61	115	149	101	98	83	30	125	138	61	79	112	104	81	48	93	112	57	73	68	88	101	120	112	136	61	75	121	136	145	124	136	77	120	105	95	140	136	171	69	115	82	72	71	85	72	61	58	79	74	87	74	66	78	145	110	66	88	86	133
cell74	73	70	88	58	121	106	78	101	197	121	71	103	86	162	149	42	154	63	72	61	112	99	110	49	73	87	117	72	53	97	107	120	125	74	70	107	141	96	118	108	169	67	73	95	135	104	85	140	124	84	154	90	148	184	79	86	88	107	69	134	236	150	134	122	104	75	117	123	136	85	130	42	88	143	83	94	120	133	43	66	98	87	99	121	54	62	135	97	117	57	120	77	106	96	161	77	82	100	109	103	108	92	167	94	100	76	95	74	140	129	107	88	96	80	110	135	65	100	55	150	109	79	116	81	75	47	111	60	83	148	134	142	100	96	130	65	105	76	44	153	160	170	107	125	92	84	64	129	82	75	189	71	96	61	125	82	56	118	132	70	79	52	130	127	96	96	128	197	126	53	132	165	86	123	113	118	71	150	115	43	88	80	68	65	144	123	97	76	115	93	151	118	143	100	110	106	104	71	58	98	135	61	85	147	177	37	120	144	149	136	102	129	79	121	50	87	63	84	191	75	124	99	87	100	85	56	169	48	138	91	165	105	102	100	126	93	80	103	96	107	148	114	178	96	65	78	65	48	64	67	59	108	23	36	92	74	82	100	25	82	39	80	81	69	65	64	48	70	74	59	85	63	63	60	52	27	42	76	52	68	61	93	105	91	46	49	33	48	77	95	95	56	89	110	66	79	64	84	80	72	55	49	131	63	70	57	63	77	73	43	67	73	50	53	38	51	74	57	86	59	44	26	92	95	56	88	68	70	73	65	88	46	96	84	61	35	55	64	85	98	107	76	79	54	77	57	100	93	57	63	87	72	77	57	42	41	59	58	61	56	35	47	21	75	78	75	32	84	72	104	47	86	64	38	90	62	66	66	37	55	85	57	82	92	75	43	89	77	129	43	116	61	83	126	96	63	131	86	34	55	58	62	56	63	70	113	69	57	65	67	106	93	72	94	35	73	68	39	63	82	58	61	112	108	68	36	47	73	80	72	53	96	39	79	64	87	126	66	85	53	55	52	48	135	56	49	75	62	47	36	69	41	70	64	86	94	90	53	74	51	38	80	94	45	82	41	82	84	47	106	60	58	50	68	78	72	71	106	108	107	84	101	98	49	62	90	79	86	60	88	56	80	88	85	80	72	68	47
cell75	40	44	78	36	58	38	81	61	36	84	49	69	40	46	99	71	75	84	122	69	57	47	57	70	54	22	119	48	70	89	63	97	74	101	63	40	49	91	35	60	45	54	30	64	39	52	60	78	116	76	80	91	68	79	74	79	124	59	73	108	119	109	36	80	56	53	50	185	41	39	96	64	73	52	92	62	63	39	50	31	62	53	38	36	18	13	19	15	25	29	38	44	99	64	32	38	53	28	57	29	65	26	83	64	86	50	66	63	43	65	56	97	54	51	70	34	45	45	45	55	75	24	58	72	47	28	51	65	53	41	37	99	29	62	40	43	74	48	74	68	48	86	42	50	49	50	48	59	58	44	63	25	117	106	53	52	77	80	80	39	46	88	49	58	59	32	38	63	36	57	61	73	63	32	39	62	67	62	51	60	37	70	27	45	69	65	42	54	78	48	62	71	33	50	62	52	27	27	49	56	104	50	42	101	73	59	67	37	40	61	33	80	52	59	67	29	51	28	71	31	35	65	48	85	48	58	36	61	56	71	49	54	55	51	77	50	61	44	74	35	51	42	59	32	73	51	61	25	56	23	91	40	75	59	61	77	20	28	57	82	100	100	37	90	88	48	62	68	75	69	42	45	94	47	47	77	29	37	78	52	51	79	103	60	66	37	56	71	54	58	38	98	50	47	52	49	59	16	53	30	43	49	31	78	39	42	58	65	44	88	44	35	79	92	56	59	62	26	76	38	53	59	54	92	75	33	103	47	62	54	41	82	93	80	60	68	28	16	68	58	64	82	69	47	53	72	67	57	99	64	44	35	59	55	44	68	40	97	106	94	72	46	69	77	46	28	50	104	65	33	73	42	63	33	69	39	82	56	37	63	61	40	57	97	41	61	39	55	58	41	79	59	56	53	30	80	56	42	58	65	54	49	32	32	56	94	52	80	35	47	44	36	42	95	30	33	31	57	67	80	49	36	59	75	70	51	21	82	47	60	49	47	62	50	84	15	57	54	61	67	97	35	65	81	67	72	76	59	64	36	65	34	61	71	78	55	29	58	49	60	51	44	66	89	62	35	67	48	55	51	102	64	77	60	76	74	61	77	47	28	33	114	64	60	60	54	61	33	38	66	80	53	42	48	48	73	56	53
cell76	76	172	190	59	143	127	170	38	160	144	130	113	93	149	40	225	134	128	152	78	154	112	129	198	77	125	191	152	203	110	126	162	140	120	66	209	93	102	104	103	167	79	188	86	64	152	62	250	149	160	107	111	125	87	154	100	123	199	124	69	63	163	288	121	102	170	214	77	149	262	90	137	58	130	90	102	155	124	124	132	109	139	90	69	144	133	66	82	162	160	123	154	142	66	108	153	202	124	98	122	87	146	94	191	94	35	103	106	91	108	99	167	184	161	72	161	90	110	159	127	119	112	63	121	97	69	72	82	90	136	145	111	163	199	92	50	140	222	51	181	104	58	106	117	135	125	89	148	145	98	136	157	134	90	146	143	219	57	136	213	64	96	84	107	132	93	81	109	144	106	155	94	127	115	123	95	103	141	75	140	145	113	182	170	174	50	127	78	100	67	102	80	114	109	81	172	141	97	216	205	128	112	160	61	145	71	49	173	146	110	48	106	127	100	105	135	108	133	94	55	108	190	163	85	151	153	87	77	165	215	99	111	89	74	98	80	119	47	105	194	100	127	173	107	33	101	96	42	80	54	112	67	31	93	92	71	72	106	57	54	41	91	46	40	65	110	58	47	58	69	75	98	86	35	77	89	76	41	46	107	71	120	96	88	96	107	77	72	73	88	62	128	104	113	59	105	76	64	81	87	102	86	57	123	122	60	109	81	70	67	92	41	189	115	79	57	67	62	71	46	67	68	57	64	87	32	94	74	66	82	127	122	69	66	106	43	35	91	83	38	80	131	103	50	106	184	174	79	106	119	150	50	66	92	86	110	87	90	101	51	48	101	85	84	89	74	45	74	106	64	87	85	80	113	96	78	47	114	53	50	55	76	87	36	111	98	134	84	50	76	87	107	70	102	55	43	80	98	65	83	73	68	30	126	87	92	85	85	43	94	104	78	112	83	72	59	78	55	34	49	47	43	74	79	133	92	197	76	65	95	79	95	144	79	47	26	135	96	76	126	79	79	107	75	76	104	110	139	81	98	87	81	62	99	119	89	80	61	59	99	43	110	57	88	111	101	101	72	43	95	56	116	89	69	64	59	99	58	106	68	56	74	69	51	81	97	53	84	86	91	107	96	84	88	109	59	96	97
cell77	85	152	164	126	138	195	62	159	104	137	213	116	163	111	114	154	244	68	135	135	235	201	84	110	110	154	168	104	113	143	145	122	266	188	84	97	107	188	222	137	160	204	78	130	177	229	82	183	222	176	120	95	161	139	173	89	163	114	75	278	126	102	141	82	192	127	99	117	114	128	183	121	181	171	83	73	210	89	80	123	127	108	158	72	149	101	72	163	122	137	86	141	192	190	254	154	144	173	66	166	177	71	162	119	140	190	88	63	121	162	94	130	165	159	92	49	88	209	179	127	161	225	107	89	141	173	96	87	125	200	134	159	97	114	173	98	160	120	216	125	99	176	64	167	174	80	214	137	122	118	138	117	100	94	137	143	141	138	87	129	86	148	174	159	149	172	169	155	139	135	205	133	82	162	87	184	115	97	146	167	133	117	142	173	136	137	96	108	107	108	169	140	129	177	133	115	109	154	101	82	157	213	139	182	160	129	81	84	103	189	115	121	73	102	180	162	182	212	148	103	179	99	92	94	128	63	146	122	103	120	166	203	97	136	111	140	143	103	173	91	127	123	150	129	96	77	72	90	91	85	53	88	171	112	124	57	93	81	127	92	89	87	93	147	56	98	204	106	101	89	60	68	68	60	94	72	105	114	89	122	120	64	75	162	154	147	53	56	61	115	28	85	67	91	70	125	72	94	126	77	71	111	79	132	44	49	93	81	84	201	187	101	87	87	109	55	82	109	77	65	82	92	62	152	88	60	89	138	96	47	107	78	115	136	106	91	86	114	64	104	91	55	81	62	56	90	78	81	81	142	61	90	49	68	83	120	55	68	82	91	51	77	94	71	109	75	74	46	57	127	110	100	157	101	118	59	71	112	92	53	94	81	94	110	91	84	122	76	91	150	126	84	217	67	80	130	60	77	133	154	51	87	95	105	138	59	84	133	129	157	158	110	131	104	82	122	64	131	98	94	128	31	107	76	124	45	76	78	96	69	119	69	72	86	83	88	99	143	98	111	58	154	177	107	94	70	99	170	104	98	74	89	69	79	63	82	91	116	117	125	47	74	106	88	86	68	54	70	81	89	97	117	71	110	119	66	129	75	33	110	134	103	57	107	84	78	83	69	79	111	72	95	100	109	124	77	105	127
cell78	96	142	218	91	148	95	126	231	161	178	133	112	126	161	151	115	226	128	185	129	252	189	219	208	207	211	120	167	139	199	185	184	112	215	212	135	238	199	190	230	166	216	223	237	169	154	121	105	192	210	317	120	264	119	181	96	170	73	177	242	141	231	248	259	121	221	72	154	188	169	179	97	388	152	126	112	88	141	168	145	154	203	180	194	149	211	109	204	104	332	96	197	157	143	169	169	148	177	142	121	255	111	102	174	133	153	110	158	232	189	172	113	85	191	119	235	210	232	72	203	106	163	150	127	196	198	234	262	139	138	252	217	132	168	206	125	155	101	160	134	70	117	139	151	89	202	116	142	149	121	151	193	100	116	180	150	226	125	169	154	118	169	193	116	147	184	178	208	218	133	242	110	121	153	141	64	110	125	172	205	114	224	158	213	135	149	120	141	187	80	142	163	147	137	237	96	112	257	223	166	187	352	196	202	153	135	206	228	221	231	102	163	105	106	203	176	167	106	138	167	147	80	112	152	121	155	187	159	251	225	207	96	81	162	132	179	177	116	128	128	319	222	285	136	147	72	185	162	159	168	156	132	128	116	148	246	218	130	310	227	52	110	130	232	196	162	175	292	238	164	254	134	132	90	172	170	192	161	159	163	269	180	150	136	118	68	182	178	209	170	55	240	205	158	256	176	236	234	320	212	173	99	187	170	154	268	208	92	91	127	176	118	276	163	222	125	136	180	79	90	211	192	165	183	94	65	217	188	210	163	126	167	94	226	283	165	118	206	224	147	85	106	207	122	82	117	229	159	145	224	212	174	204	97	120	140	77	95	206	269	134	180	147	135	123	226	325	148	158	170	188	146	164	186	251	178	114	155	129	182	181	137	76	95	149	91	128	288	204	187	173	152	189	108	101	184	135	191	118	92	173	105	155	203	212	161	236	90	87	228	218	113	149	202	235	150	182	159	192	157	163	90	171	169	178	112	89	64	169	269	112	142	234	124	222	130	151	98	184	127	105	71	126	122	257	235	172	117	130	151	143	185	88	135	240	186	259	76	206	63	119	192	111	184	128	172	134	192	98	107	209	145	163	219	139	271	100	123	95	189	88	165	76	128	66	201	202	175	146	133	96	204	172	137	236	113	362	155
cell79	248	148	132	66	126	225	85	162	209	100	239	87	161	149	153	125	150	159	110	183	169	123	112	200	185	242	211	113	142	129	105	75	73	128	76	216	113	153	114	180	311	171	136	311	144	162	106	179	159	158	99	118	168	144	186	217	239	85	133	186	135	134	369	163	183	233	103	70	191	106	150	67	125	80	138	206	167	190	96	230	138	137	227	178	102	158	220	245	144	251	112	182	124	156	95	123	84	225	124	175	170	141	118	147	124	157	235	172	161	147	134	95	190	104	190	135	92	165	182	101	187	104	284	165	222	174	176	113	204	195	244	184	127	112	64	126	186	98	208	112	177	134	141	151	169	216	123	162	158	177	190	165	167	222	154	180	108	148	176	128	106	134	185	149	144	144	135	131	130	149	132	130	106	141	101	150	104	179	135	205	102	99	176	231	126	156	236	205	119	164	109	120	141	89	194	117	96	194	159	229	166	143	153	148	244	137	86	129	59	178	37	201	67	225	151	174	140	220	114	221	122	206	104	121	169	121	216	126	82	63	179	149	120	123	337	148	192	40	146	152	353	120	261	278	106	85	72	110	110	126	67	116	128	59	92	103	145	163	117	107	76	127	62	77	79	80	118	94	84	113	86	135	77	56	88	120	126	63	44	74	102	74	134	98	109	97	140	152	86	68	84	31	82	81	80	152	88	121	100	91	111	85	74	56	124	114	119	97	79	78	81	159	145	57	74	168	119	122	82	63	116	103	93	121	79	137	91	54	49	69	106	79	64	84	138	72	113	145	78	122	101	56	97	105	85	81	104	81	48	53	99	81	66	69	68	167	149	108	149	78	132	74	58	105	139	67	76	73	152	72	80	38	142	98	133	126	74	78	57	59	97	63	69	130	103	129	181	124	181	143	180	71	82	97	100	158	95	135	82	66	106	58	111	87	92	92	69	108	59	48	113	79	63	105	87	62	113	137	169	88	174	115	33	68	100	118	94	80	86	106	134	84	100	85	99	47	76	96	107	104	96	93	146	55	57	116	119	162	102	120	166	163	108	87	74	48	115	163	116	185	45	87	112	34	59	107	99	58	135	68	116	240	127	47	89	120	110	74	96	162	52	91	59	91	115	59	96	71	164	127	80	60	67	118	112	91	107	156
cell80	115	143	97	89	90	67	100	61	163	170	75	133	161	137	165	213	153	136	144	125	101	134	120	138	115	136	161	126	176	119	161	211	145	137	162	176	75	72	123	138	109	94	103	129	156	105	192	118	277	174	144	148	230	199	228	215	153	152	334	214	206	153	244	130	274	204	90	160	226	175	223	263	165	316	231	95	183	204	207	95	92	41	94	67	0	0	0	43	62	69	129	143	144	232	159	85	56	132	153	207	163	94	115	143	167	146	169	148	145	238	116	236	170	171	88	121	245	104	147	119	167	61	123	80	139	209	79	105	137	118	64	66	149	85	178	147	221	97	128	209	140	153	120	106	157	132	124	96	158	154	95	156	168	173	111	144	168	223	138	96	91	99	113	109	90	123	131	138	104	225	213	136	149	199	96	96	134	126	157	105	150	174	95	133	91	163	59	106	73	79	95	74	110	241	210	182	97	115	101	159	127	223	107	138	112	105	130	176	162	145	123	73	221	109	159	138	101	144	90	106	95	79	128	105	138	106	88	267	93	129	152	120	156	140	198	65	167	124	92	181	89	143	75	135	89	67	138	165	155	121	82	185	158	90	118	123	183	120	157	199	119	142	106	138	53	116	188	67	98	106	133	96	142	119	156	252	112	176	117	92	86	82	103	170	202	107	183	75	110	83	205	85	51	146	112	138	237	103	110	99	186	111	103	110	180	104	94	140	70	201	140	208	73	107	181	222	176	151	123	112	215	196	184	74	122	120	108	119	68	89	168	131	66	115	72	147	60	102	130	168	112	235	117	150	126	101	157	108	120	137	381	167	138	152	156	157	140	91	121	55	134	100	139	83	107	157	203	98	182	122	121	107	112	181	132	166	86	131	187	87	163	158	181	200	199	180	150	116	93	201	131	162	109	78	118	72	133	142	94	112	113	157	107	113	149	96	156	91	140	125	233	70	139	159	70	171	135	76	166	180	104	125	83	78	160	79	105	109	146	181	97	109	105	99	81	234	101	48	114	119	171	85	124	104	121	178	83	170	117	101	211	156	119	131	168	123	77	221	104	122	64	121	136	185	164	137	159	83	105	149	135	124	59	84	77	136	161	86	86	121	40	66	178	114	122	110	77	102	148	110	131	140	127	75	202	94	89	101
cell81	167	65	196	89	109	141	99	112	75	116	60	105	78	97	68	141	125	196	128	161	99	202	208	74	137	145	81	133	138	131	175	117	193	109	196	199	80	160	190	87	132	151	80	149	94	86	117	87	138	154	242	155	156	188	80	86	155	128	164	163	96	91	89	47	153	103	94	102	138	52	187	164	126	96	125	163	170	87	114	166	101	168	85	125	97	131	138	81	134	131	118	140	136	100	127	115	102	132	116	200	109	111	189	106	124	173	126	84	98	130	109	89	123	78	233	70	90	105	58	119	255	94	117	124	155	119	99	144	162	84	131	219	194	139	119	168	128	179	131	128	101	65	101	112	150	57	118	102	143	86	208	76	71	154	201	84	151	73	115	96	139	119	70	153	104	68	211	106	183	88	183	135	146	186	110	150	154	141	169	90	68	117	132	104	157	225	109	120	59	135	142	146	139	169	148	189	72	154	155	82	98	116	133	192	174	35	147	107	86	206	153	119	126	159	121	121	147	93	80	119	64	42	104	63	188	110	152	98	140	215	112	196	115	124	160	106	190	108	158	188	97	128	150	112	60	81	61	68	125	39	72	74	91	76	54	94	49	111	56	89	118	117	98	71	137	48	88	45	111	128	78	89	81	57	98	98	51	62	100	50	96	106	57	45	65	159	149	83	65	101	19	82	125	68	80	105	135	150	83	48	52	85	64	106	78	78	80	57	116	79	89	100	64	223	76	67	124	64	74	82	60	70	60	67	63	47	79	49	68	39	70	65	72	46	63	94	82	77	74	86	126	73	89	53	85	82	105	86	85	124	70	125	65	32	75	145	62	82	71	79	74	76	79	57	45	63	115	85	86	93	88	85	80	69	85	79	114	104	60	99	61	60	82	73	121	94	89	67	105	87	95	72	80	76	46	94	55	111	78	104	74	53	130	99	138	79	85	108	101	67	78	96	85	183	94	88	92	64	56	47	135	56	84	89	58	48	81	141	64	64	87	118	61	146	67	113	64	84	31	106	74	123	118	85	104	85	35	85	77	69	71	96	82	44	60	76	89	84	89	103	79	89	70	51	67	89	148	54	96	107	58	68	60	54	109	102	98	105	80	48	84	106	54	75	58	73	92	121	110	96	85	75	120	99	128	52	78	78
cell82	58	36	78	43	66	23	92	59	35	35	53	48	66	63	41	77	53	59	78	137	79	42	48	57	75	58	47	59	60	57	36	89	118	78	96	62	57	60	56	56	112	69	88	79	49	62	62	88	98	125	71	131	66	95	83	91	98	93	148	99	84	180	56	63	97	95	109	90	119	141	79	40	185	155	58	76	63	42	55	34	44	40	31	31	35	94	38	22	38	35	89	119	51	80	53	24	25	66	80	96	83	66	53	79	49	61	52	71	53	56	89	67	75	40	41	77	68	52	76	49	94	116	156	108	69	81	47	73	65	47	71	43	44	79	34	49	95	61	81	48	57	82	48	29	64	90	39	137	78	81	79	98	74	62	60	105	32	83	58	52	80	62	135	92	56	54	30	82	85	80	102	58	47	59	83	61	92	66	56	73	77	46	70	107	76	67	73	68	86	57	74	60	42	96	116	48	71	93	70	90	49	62	85	79	50	59	87	109	27	81	33	45	62	79	124	138	17	49	88	47	62	67	71	44	78	58	78	62	50	100	63	52	74	70	65	97	62	46	92	55	62	81	86	87	58	117	21	78	48	71	84	53	36	32	98	83	55	38	73	42	66	59	53	63	67	42	73	94	54	71	71	31	53	73	92	50	113	51	62	55	38	84	51	68	32	33	93	71	52	70	66	101	62	38	36	69	57	81	36	71	33	48	63	164	76	59	52	92	57	34	72	57	87	52	18	90	35	54	38	128	91	96	58	54	70	55	64	103	56	50	59	54	73	56	54	87	46	71	72	111	84	104	64	98	65	85	86	108	70	71	92	86	69	130	130	29	69	74	63	85	59	60	32	113	118	50	50	64	60	55	65	45	112	119	47	83	36	80	84	71	51	36	75	63	62	34	55	67	69	65	54	88	57	106	65	69	45	81	50	26	67	51	75	72	94	79	49	77	91	90	64	92	82	61	73	35	115	57	70	57	53	43	31	78	65	49	67	65	47	40	46	57	113	103	83	56	91	78	123	72	91	59	46	94	61	25	42	57	89	97	43	71	75	114	110	39	82	78	74	113	98	68	87	62	55	51	50	36	68	91	92	89	48	73	86	45	79	59	55	70	40	81	37	52	64	102	54	69	54	48	91	79	32	63	47	87	70	98
cell83	110	96	132	114	74	167	81	120	87	125	91	90	81	79	84	71	99	87	77	116	69	166	112	152	110	165	59	127	73	34	45	116	119	84	77	94	59	135	127	110	142	188	48	22	121	149	77	95	84	148	85	84	108	128	113	105	51	60	77	94	123	159	122	175	111	81	103	126	89	88	68	79	144	64	145	154	138	87	109	92	111	118	161	103	110	104	135	89	177	166	105	143	82	91	80	134	85	77	24	110	127	86	63	85	183	109	123	51	145	93	127	90	104	92	131	87	77	97	88	71	88	154	101	127	145	100	105	108	78	185	85	168	98	119	142	90	76	133	38	119	136	88	88	91	132	107	118	188	178	194	187	93	176	89	76	83	177	90	139	104	80	203	186	125	179	166	127	93	114	54	84	105	87	62	120	91	134	55	125	167	65	88	101	67	76	99	128	115	164	73	151	92	84	71	116	101	140	104	99	79	77	72	58	129	85	95	121	120	130	174	166	96	46	158	166	102	55	101	94	94	119	83	105	114	114	137	101	67	87	73	117	109	114	99	93	126	150	102	120	119	96	98	152	117	18	78	110	58	37	53	73	52	63	129	63	61	46	53	90	45	66	91	98	112	69	75	83	107	83	49	107	51	60	35	90	80	67	68	70	81	84	74	35	60	63	94	59	71	115	35	55	68	88	56	81	69	73	96	87	38	173	108	87	89	34	58	57	105	33	52	67	104	71	88	59	50	75	69	49	127	44	86	60	44	77	92	126	42	76	89	83	92	65	93	76	95	54	44	84	47	93	99	73	77	69	75	83	44	78	62	76	72	100	62	84	53	94	71	109	44	51	103	99	72	42	128	69	43	37	84	59	95	60	63	54	83	63	77	67	51	70	94	96	71	90	78	43	126	77	51	77	51	79	50	35	59	43	47	46	64	31	85	67	45	89	62	79	50	63	67	67	34	45	76	83	96	67	99	28	57	91	42	73	97	61	92	53	102	34	76	62	62	74	98	56	123	42	30	85	63	74	69	54	114	92	61	61	70	77	45	43	68	135	55	94	58	62	71	64	78	79	45	70	125	72	101	75	77	46	128	85	82	109	57	53	47	129	99	78	86	41	93	71	102	82	49	94	72	71	84	67	56	84	79	45	76	51	60
cell84	115	78	192	185	105	66	88	98	128	128	208	77	121	74	114	90	52	87	140	146	106	157	80	106	88	114	125	193	117	90	67	105	127	115	82	106	93	97	66	57	162	128	152	52	107	141	146	205	133	187	110	94	89	63	119	70	82	108	123	57	146	80	103	55	163	92	74	84	259	74	200	163	141	124	129	81	86	143	176	190	106	152	106	68	55	79	150	93	130	182	170	108	109	118	136	187	175	140	108	82	108	155	193	107	105	199	131	46	95	150	113	140	92	204	129	70	100	169	83	102	90	89	123	84	97	181	140	88	113	126	105	176	111	95	137	86	80	174	161	135	87	166	90	112	52	84	61	181	104	117	142	117	112	164	94	85	141	193	75	70	119	96	190	58	186	110	128	117	87	228	111	69	123	143	164	173	96	128	135	156	127	100	106	99	129	146	98	135	184	158	75	156	98	97	68	100	138	97	99	294	117	176	163	32	181	102	94	58	72	149	118	140	90	102	67	79	156	116	147	65	94	123	126	64	74	65	134	99	101	149	172	89	106	138	161	65	88	128	95	136	74	116	141	123	72	46	67	76	91	58	48	100	59	87	93	36	39	80	64	92	77	100	93	74	53	38	41	89	88	127	85	75	77	80	59	72	68	73	37	80	132	74	70	92	72	79	110	88	60	62	112	80	117	113	73	82	103	61	74	60	60	118	34	111	73	57	48	67	67	87	57	60	82	49	86	93	133	83	105	147	84	35	77	118	67	75	30	128	50	66	155	76	52	80	55	96	83	54	45	57	67	70	30	53	60	38	61	72	67	51	87	70	33	91	49	67	139	86	70	90	61	95	91	57	117	74	62	71	102	142	68	75	122	75	48	83	35	87	68	59	68	75	75	75	78	41	55	100	80	57	48	115	93	101	92	126	62	33	88	73	122	66	40	52	135	103	78	86	142	122	89	85	124	27	71	96	111	127	113	152	109	77	72	64	138	52	68	76	27	62	41	65	73	85	18	96	106	31	79	66	79	60	46	78	85	49	93	90	56	80	56	52	37	39	69	52	83	104	72	45	88	104	78	35	74	57	144	105	110	88	61	112	38	56	77	59	35	93	50	85	118	95	62	67	69	42	137	41	54	124	99	106	34	50	62	46	97	76
cell85	439	114	296	247	321	366	189	360	106	326	378	256	262	336	249	237	192	243	213	369	279	210	375	284	178	155	235	175	174	278	256	280	172	290	120	255	143	336	256	308	294	400	216	227	322	288	312	265	262	252	187	206	376	302	174	205	263	270	226	396	144	239	245	240	277	197	313	565	267	249	483	266	239	312	325	226	210	432	155	334	204	388	401	218	242	338	167	367	319	238	394	193	425	257	369	279	98	161	254	254	262	251	297	438	233	177	237	377	261	136	243	288	193	297	224	253	272	368	342	281	251	305	240	164	372	182	398	408	343	292	205	305	214	363	382	326	152	175	154	368	352	180	255	199	276	240	163	393	270	320	121	472	302	344	193	211	252	333	405	284	207	390	568	165	244	275	267	328	112	264	153	247	311	188	109	145	400	244	137	327	301	240	207	231	170	419	294	176	379	194	309	491	331	192	279	295	233	627	147	302	206	217	375	280	242	292	438	218	441	333	298	216	382	205	314	386	427	494	365	165	334	108	328	294	298	313	286	231	249	314	237	164	136	412	269	392	268	182	294	225	771	189	241	164	191	232	175	270	229	140	149	121	142	182	195	172	118	141	177	178	240	137	221	98	168	106	172	194	210	92	160	166	176	176	300	199	124	315	209	106	281	137	100	156	208	195	185	112	225	115	152	169	156	120	168	182	215	226	194	107	137	103	319	113	92	128	205	163	336	110	139	186	118	117	118	191	202	143	324	341	139	116	162	122	153	195	338	150	175	186	156	290	214	232	225	66	106	241	144	157	132	218	185	216	90	139	161	177	108	225	176	77	118	152	252	162	147	87	318	210	153	262	124	213	103	298	76	147	214	131	186	107	140	139	219	155	154	177	172	243	178	335	166	135	298	287	170	248	247	146	297	191	144	150	261	230	159	166	320	136	192	103	246	216	116	154	226	131	87	363	296	114	168	191	193	276	100	160	288	180	120	185	101	92	168	167	159	75	207	129	165	169	161	83	157	68	104	68	120	181	156	178	123	148	178	93	170	173	290	106	87	236	124	235	254	160	134	158	92	323	328	249	166	209	169	169	161	251	110	168	100	194	128	129	142	214	186	173	284	153	109	233	116	247	401	101	172	149	200	122	199	110	180	149	171	208	79	214
cell86	96	109	121	85	192	141	91	88	141	113	163	85	105	165	195	153	79	91	71	96	129	80	60	111	121	115	88	117	148	121	81	98	159	109	145	91	90	119	107	60	115	113	108	27	78	117	113	89	91	76	166	119	84	130	105	180	113	70	229	108	112	81	65	91	82	109	121	111	151	186	107	138	119	57	116	146	112	95	78	105	124	131	101	113	76	132	103	146	71	92	86	57	96	98	109	70	89	94	97	66	85	153	100	73	82	148	97	51	140	158	52	105	118	150	83	99	114	84	78	101	229	115	125	128	112	150	154	155	136	114	97	140	60	127	107	145	125	132	151	102	98	210	73	101	126	151	137	242	99	124	121	55	187	116	193	73	112	87	131	94	153	114	157	98	116	84	74	73	133	103	118	75	71	91	88	169	82	146	64	87	144	89	69	157	152	98	129	142	187	84	176	187	183	129	93	81	127	67	41	142	112	85	133	107	130	128	106	125	102	93	78	108	158	142	75	114	73	178	180	128	82	169	140	68	87	76	107	58	145	137	92	176	69	281	101	213	58	118	120	125	129	142	118	161	57	56	60	85	103	107	40	67	98	83	60	112	22	67	102	85	78	106	50	79	102	77	89	65	76	104	55	59	84	56	86	57	62	80	79	58	67	58	54	56	53	85	68	54	104	88	52	86	62	114	72	75	42	54	66	96	55	97	87	57	104	100	87	34	84	36	66	97	94	144	83	71	90	97	88	88	83	114	54	85	67	52	107	102	49	52	43	114	60	46	87	104	102	103	73	45	88	85	68	58	49	60	56	83	110	76	118	83	59	72	61	83	79	40	97	74	53	54	102	75	63	53	97	104	55	126	40	55	32	80	24	45	77	47	58	91	88	54	76	79	81	104	81	77	51	77	93	62	128	94	69	37	77	99	71	101	90	67	93	57	68	71	94	129	56	56	46	46	111	134	95	75	61	70	41	55	93	84	70	76	43	45	106	134	65	86	50	79	51	78	115	41	49	72	92	45	81	145	57	103	63	53	53	82	98	110	101	79	74	54	77	117	86	78	85	55	60	47	85	75	67	107	57	85	48	63	78	52	75	147	59	82	51	37	86	61	31	44	82	78	83	23	64	51	47	108	122	48	92	99	61	54	66	74
cell87	299	200	144	228	108	185	132	184	132	195	85	151	117	118	167	224	177	184	143	120	235	254	199	166	135	294	269	201	206	194	129	187	95	188	116	225	132	166	345	130	178	136	133	255	156	205	241	181	172	203	137	152	132	197	160	144	159	215	279	108	166	174	237	131	179	187	237	161	211	195	293	161	241	109	413	155	198	209	200	158	180	226	113	60	190	241	230	122	193	204	229	264	128	137	144	242	230	116	212	142	127	72	126	154	115	71	191	190	311	190	233	150	210	91	140	174	165	167	160	325	148	92	83	156	174	120	250	204	236	150	142	216	203	162	126	223	147	176	187	288	285	139	182	97	233	194	141	109	144	118	306	229	192	90	232	192	92	244	276	107	132	127	161	280	153	170	160	83	209	364	169	328	209	253	173	214	90	235	132	130	192	190	249	286	91	252	103	242	67	125	250	232	158	243	268	125	195	191	140	162	172	214	172	166	207	152	241	155	263	111	277	145	241	264	298	377	333	267	183	185	199	152	207	268	192	121	168	191	160	372	166	442	274	213	192	204	139	211	227	85	116	234	127	230	185	111	78	58	104	76	140	91	74	143	107	126	158	120	97	114	153	48	125	84	202	110	176	227	111	158	116	105	62	43	104	114	108	119	128	80	154	129	94	205	69	214	82	136	132	126	140	153	176	252	119	124	63	78	111	96	165	177	117	163	144	99	142	83	167	126	118	137	191	89	158	135	79	73	147	105	101	106	110	180	114	121	183	58	182	122	95	157	100	77	120	90	115	119	148	126	85	69	102	149	71	144	102	89	48	120	182	122	97	125	156	112	149	98	128	104	138	79	138	127	109	115	94	129	76	102	139	190	142	134	189	98	80	159	212	63	164	126	165	86	133	155	130	98	91	123	73	132	139	135	67	139	204	166	106	189	153	95	126	150	112	150	89	133	103	109	116	147	108	81	132	118	87	92	148	91	153	189	74	70	150	81	149	120	67	133	168	109	156	116	137	161	69	166	112	83	154	139	67	89	124	135	191	127	127	113	149	90	108	153	139	138	95	97	78	94	123	157	109	102	89	207	176	202	83	106	150	124	63	159	139	140	75	90	140	171	132	140	181	139	122	85	173	145	26	57	119	152	129	135	97	91	157	157
cell88	59	48	62	141	46	51	53	150	118	41	48	63	86	100	52	61	50	77	75	53	79	67	61	67	71	107	80	64	89	60	87	58	84	69	52	69	63	71	52	54	51	58	50	85	74	74	111	63	116	86	125	230	147	69	224	132	83	127	105	220	95	208	88	107	143	66	115	56	65	129	104	176	95	92	129	62	121	78	54	99	52	37	49	55	0	0	0	29	37	25	64	59	68	78	101	62	63	83	86	67	62	37	107	28	44	73	103	62	76	53	58	96	72	56	59	33	58	66	54	158	51	59	38	56	57	34	62	159	54	61	53	109	72	79	50	77	107	73	46	91	60	72	21	25	80	78	69	77	50	103	44	48	97	62	48	96	76	64	75	84	69	99	77	66	82	78	71	71	85	72	76	54	101	122	98	114	90	36	58	83	42	65	52	66	41	72	121	76	82	62	58	71	84	82	135	51	84	69	82	90	51	64	59	51	57	82	66	79	79	84	56	138	47	92	69	60	135	99	87	75	76	96	30	40	85	57	88	52	50	64	73	74	69	93	68	82	108	60	132	73	58	54	64	96	97	76	46	100	49	84	47	87	98	97	110	47	52	72	66	78	19	97	41	91	80	46	74	90	79	79	35	33	77	98	63	30	62	56	124	55	67	53	82	76	71	38	72	75	89	99	108	93	56	94	82	132	55	59	51	82	71	77	66	91	100	103	64	78	68	94	50	112	62	74	75	101	30	82	110	65	62	77	54	125	95	72	67	89	106	94	72	81	70	106	97	118	116	80	46	100	61	87	81	77	49	74	53	70	135	88	68	81	67	46	95	63	57	47	94	110	74	134	110	75	54	91	49	63	72	63	41	48	91	115	99	74	91	119	56	69	60	36	66	79	108	94	54	63	77	77	62	33	68	99	45	88	40	38	81	78	49	81	134	97	68	46	98	124	33	108	39	26	50	81	83	65	59	78	100	143	143	39	105	99	34	76	105	117	106	62	63	88	37	72	60	100	151	132	56	90	49	115	73	90	117	83	56	60	40	76	68	83	67	91	59	50	70	44	67	48	49	45	62	81	68	98	49	67	35	59	73	94	62	101	90	36	72	80	73	76	79	29	46	82	51	67	53	109	39	87	111	89	50	42	86	60	71	115
cell89	124	131	198	300	239	98	250	187	163	168	133	169	113	151	230	213	178	174	248	155	153	218	168	171	159	264	262	237	172	298	221	140	181	308	170	98	191	295	237	266	175	314	238	132	253	320	125	134	120	268	200	241	177	321	357	221	137	275	119	232	219	263	207	122	254	220	240	169	216	196	182	267	145	217	80	352	122	256	175	132	190	142	87	130	286	239	123	248	219	287	160	122	220	137	209	248	217	209	214	164	232	225	196	116	141	185	187	165	158	202	233	63	222	94	189	134	107	101	223	222	141	159	92	159	133	254	129	362	152	148	293	235	103	241	234	97	159	319	180	230	232	213	262	157	121	227	160	197	115	203	274	166	202	230	157	313	133	203	175	317	145	210	162	152	315	215	332	92	167	101	193	220	201	141	231	207	147	227	200	120	122	276	153	248	177	234	193	163	194	162	159	122	285	206	116	110	256	103	135	226	179	143	127	173	144	190	164	113	125	123	202	105	112	243	208	175	254	256	104	94	275	263	215	215	267	174	156	170	274	182	244	120	136	205	155	219	124	220	266	261	203	146	240	190	126	100	120	169	98	56	128	141	111	150	120	129	317	110	74	102	146	168	138	134	123	42	104	145	70	148	42	131	113	104	73	93	79	156	148	39	155	155	109	80	157	141	114	62	82	177	96	149	162	100	106	117	137	109	136	131	198	162	144	103	89	145	95	185	153	152	109	162	163	87	98	151	161	201	120	144	198	115	189	180	134	97	150	143	214	109	115	99	152	82	107	67	155	90	137	139	193	143	111	171	59	99	161	55	147	44	116	153	128	149	108	151	136	175	71	48	136	157	158	78	266	93	110	81	136	84	180	181	180	114	133	119	130	103	121	173	157	183	151	149	100	179	110	104	89	131	118	172	162	133	180	113	133	152	130	110	148	98	156	166	236	152	150	138	160	103	80	131	165	131	159	129	132	124	89	107	72	101	196	130	80	140	180	106	221	230	151	165	66	91	149	134	126	208	123	158	103	139	170	135	106	134	93	90	114	97	159	142	80	170	113	113	34	114	117	213	97	146	92	196	106	80	116	110	186	80	123	178	124	54	70	101	95	85	103	135	172	53	166	134	64	116	96	154	155	92	213	245	152	126	159	116	45	116
cell90	189	135	194	138	135	164	261	146	158	183	251	207	168	172	150	115	127	167	208	183	157	157	130	77	212	203	132	138	320	104	155	189	85	162	115	159	133	147	163	150	254	149	172	136	213	164	124	111	103	173	169	146	136	157	99	231	99	173	120	222	191	204	133	124	167	106	150	151	129	111	110	56	183	129	158	172	133	221	224	113	159	200	137	114	184	189	193	171	155	197	112	111	162	225	197	94	94	167	152	88	151	99	135	119	131	304	149	255	145	95	108	96	169	139	182	345	187	245	114	162	291	120	155	106	126	181	89	216	192	194	249	160	149	192	65	126	172	199	197	174	130	128	247	161	161	223	240	83	89	212	148	282	169	95	173	68	161	137	237	138	161	186	153	178	104	159	97	124	117	159	245	122	144	134	157	197	196	191	134	102	177	173	94	114	233	196	238	168	202	75	127	130	135	147	162	109	135	145	248	146	96	162	147	241	71	74	172	100	228	135	230	104	240	190	186	177	210	135	97	175	153	114	145	88	150	202	162	255	251	114	157	201	164	103	178	148	139	187	112	230	186	136	132	268	66	125	136	85	109	59	94	127	109	206	97	97	59	90	124	84	65	149	85	61	137	83	80	186	107	50	81	97	103	51	79	105	58	124	126	135	89	94	84	119	175	118	72	171	153	95	112	85	113	76	43	52	74	123	57	94	130	156	134	106	147	69	143	95	105	126	101	84	134	83	71	151	104	145	129	125	106	58	101	91	59	64	100	66	95	87	128	109	172	78	68	79	148	123	97	130	62	133	123	111	77	170	75	154	126	181	164	125	146	90	82	94	80	142	157	151	83	128	121	56	79	127	91	68	95	120	111	124	67	69	112	107	130	180	108	119	145	73	62	83	107	195	87	152	120	98	113	102	63	98	103	110	68	114	96	149	105	85	146	111	108	141	154	83	72	122	126	160	68	146	75	90	80	72	132	130	70	62	80	143	75	99	97	74	123	98	64	103	113	198	102	94	144	112	127	124	150	71	57	97	149	46	74	92	104	105	148	109	101	92	119	129	106	175	154	70	84	144	62	101	84	133	129	93	142	121	113	127	80	80	121	102	141	59	155	64	125	101	156	78	100	78	63	103	118	70	100	88	162	57	84	109	92	61
cell91	136	138	187	65	156	189	76	155	148	91	188	203	111	137	140	255	168	112	94	81	160	69	149	89	103	107	190	135	77	95	140	227	140	157	174	172	197	103	69	180	133	168	103	176	112	120	166	123	116	186	92	178	137	89	176	139	151	129	99	90	142	116	167	77	111	110	177	107	126	163	91	103	235	159	149	146	174	105	139	108	87	157	75	191	66	143	134	120	128	138	138	134	210	142	153	74	211	125	90	95	138	90	96	159	256	124	167	92	115	111	81	112	91	87	121	114	231	174	144	83	116	132	155	159	71	149	132	120	134	163	130	84	134	93	59	255	98	95	144	157	97	131	56	160	107	180	122	52	171	186	88	78	108	163	107	184	200	261	201	133	113	209	63	167	63	117	119	112	167	98	110	134	142	77	122	102	188	200	105	121	88	115	65	132	126	139	97	102	166	114	133	133	116	139	135	197	199	137	154	149	161	120	177	83	108	178	139	83	116	254	119	69	115	177	115	135	115	107	169	124	117	62	168	140	118	131	143	111	135	97	136	172	135	80	119	89	139	122	73	139	87	178	91	108	137	147	79	51	70	35	99	80	68	77	83	106	106	100	104	117	85	103	92	52	48	58	97	47	68	191	111	84	149	92	162	94	103	62	70	92	40	82	66	67	95	144	87	130	61	72	104	114	30	119	39	61	50	138	56	99	88	82	107	105	68	69	111	105	78	78	129	90	83	175	137	82	66	108	76	70	96	76	176	107	95	148	92	61	78	148	84	95	63	115	103	84	119	119	216	85	101	155	92	115	67	57	33	65	79	62	119	169	101	71	81	107	58	101	87	60	111	69	98	37	104	114	62	66	79	118	121	168	75	110	124	98	31	64	97	104	126	79	102	128	95	90	34	117	138	52	132	97	83	64	99	120	44	104	90	142	105	57	102	137	94	148	119	72	131	42	99	71	123	187	59	81	78	91	119	77	60	99	83	90	72	129	119	165	72	79	101	109	61	80	115	108	176	95	92	116	38	70	180	166	64	67	64	108	90	84	86	124	122	78	105	54	107	167	72	83	74	111	101	54	74	104	66	75	144	62	219	81	90	31	65	72	163	147	87	63	67	97	47	83	54	73	103	71	71	161	81	83	164	73	67	77	90	57
cell92	172	195	142	129	220	108	215	168	131	170	215	123	211	100	97	154	200	100	137	129	143	178	158	133	158	147	208	152	105	147	186	149	176	139	104	92	197	177	113	175	162	143	173	141	190	86	202	126	90	104	98	223	91	152	126	168	90	146	117	219	92	104	179	110	221	94	257	153	77	97	114	111	145	154	88	149	219	84	185	99	154	162	95	174	192	185	109	107	89	170	185	168	182	105	84	175	130	94	105	96	177	102	198	132	251	93	116	128	163	115	133	168	119	162	156	156	163	106	145	155	164	97	70	115	227	166	155	89	111	124	149	57	179	116	178	163	94	165	172	113	192	224	115	142	94	109	39	193	116	106	96	183	161	133	85	181	113	131	149	217	326	174	160	173	149	91	151	209	154	99	172	193	96	156	102	139	107	162	161	123	124	204	90	140	101	204	128	123	172	164	111	104	105	144	155	69	146	258	140	86	138	136	82	187	149	88	180	224	180	110	178	118	155	198	101	43	138	140	150	193	101	185	163	147	145	190	164	136	171	113	173	190	192	160	62	115	89	110	173	61	111	113	126	221	66	66	111	37	60	55	148	56	72	88	40	111	80	112	83	159	81	104	50	121	46	92	62	86	91	94	137	97	74	83	116	102	136	81	153	31	77	121	69	85	125	100	54	55	91	85	66	101	67	60	44	146	76	122	100	58	70	112	132	98	88	80	70	81	82	80	108	126	104	101	103	120	65	80	126	61	77	77	110	114	48	79	123	70	76	93	59	92	99	155	95	138	108	89	88	88	106	80	45	145	100	38	105	92	74	90	147	74	68	125	117	63	67	113	151	69	75	35	77	130	129	130	98	105	77	134	189	128	103	125	154	85	96	62	124	80	124	77	86	119	69	121	90	117	54	86	89	42	77	65	48	74	100	95	46	106	100	104	89	40	102	103	108	176	91	72	70	93	46	77	122	141	85	96	144	89	109	30	30	122	61	88	94	134	89	49	123	192	100	86	92	52	98	166	50	72	81	46	53	40	68	89	147	118	83	73	75	71	131	91	107	120	91	87	96	100	79	132	79	127	83	60	110	60	57	115	95	107	74	101	100	89	101	97	109	134	75	65	97	78	101	98	59	157	121	129	142	175	62	39	78	82	76	98
cell93	110	111	64	100	72	224	85	84	116	123	118	70	176	155	169	101	122	103	144	106	189	143	106	177	72	59	103	119	165	84	111	112	82	120	112	145	105	131	62	93	102	102	46	94	112	99	155	100	174	102	72	87	134	161	133	183	180	123	129	134	70	115	108	98	126	58	142	78	104	153	58	133	93	82	92	166	83	151	51	65	116	163	121	102	110	152	134	125	135	95	81	51	114	144	106	74	143	162	54	147	122	143	149	155	119	76	116	165	116	173	157	136	67	214	77	176	54	162	99	130	119	58	255	96	166	103	57	83	236	170	87	86	97	87	171	133	133	88	139	152	186	112	139	195	125	75	133	141	142	160	118	85	112	215	121	105	97	116	137	193	84	129	115	126	99	196	63	129	82	112	98	95	142	151	117	120	160	174	90	135	70	89	121	96	249	111	86	114	127	101	118	107	115	90	56	98	133	156	191	99	139	45	128	103	92	166	106	137	373	120	166	130	183	97	87	35	139	170	171	97	85	116	83	159	48	109	75	121	159	137	142	129	122	56	136	102	114	77	114	222	184	80	145	129	66	62	59	74	70	95	36	76	40	75	45	45	125	47	83	77	77	75	51	48	70	81	50	126	148	106	83	67	103	63	108	65	58	58	61	76	105	96	76	85	42	51	87	142	61	119	112	76	54	38	60	41	86	52	100	87	64	77	64	103	76	37	86	112	113	45	85	69	73	75	104	93	90	87	80	99	136	96	51	79	93	74	131	69	104	67	72	83	63	31	92	59	25	86	62	81	93	30	67	85	62	96	53	50	63	103	63	62	62	59	50	147	74	98	83	64	101	81	98	65	41	55	84	41	71	166	67	24	103	56	43	75	69	58	90	97	71	87	84	90	91	70	72	90	77	93	53	85	79	76	73	77	62	116	79	146	35	133	81	70	38	51	52	70	66	81	76	83	88	65	94	64	44	84	70	38	52	74	27	106	117	47	63	49	52	53	70	67	70	84	70	91	51	101	34	66	98	80	64	103	57	104	77	57	66	75	90	143	100	139	144	116	70	79	64	71	129	66	135	69	79	67	30	55	128	70	115	109	128	57	149	77	59	80	77	84	49	69	133	43	100	80	67	95	96	75	83	53	45	131	49	96	122	57
cell94	111	130	118	97	190	113	166	111	122	200	96	64	67	92	48	86	86	80	105	126	93	58	155	80	87	121	144	123	145	97	66	92	94	99	120	95	124	88	127	118	141	87	165	93	96	103	128	86	71	92	79	192	55	95	103	181	181	96	121	91	77	130	122	77	106	152	117	85	120	83	129	90	223	146	112	149	176	62	130	105	124	132	107	101	113	50	92	154	204	71	156	120	101	176	57	93	111	108	90	164	78	78	132	139	139	84	148	97	96	96	150	103	148	134	135	187	82	75	76	171	83	56	108	156	206	113	70	160	68	84	142	115	125	86	124	115	95	137	140	195	104	151	92	83	184	118	128	96	52	99	138	115	99	159	95	66	112	127	109	141	106	29	188	156	139	103	65	101	69	101	203	65	110	81	113	82	102	108	80	110	87	123	76	115	208	95	50	174	82	76	55	98	62	128	51	177	87	207	100	80	107	110	97	123	99	91	94	72	92	67	72	90	65	108	119	96	128	120	183	65	61	115	54	149	154	99	70	138	75	106	155	78	158	105	61	115	42	56	71	100	117	29	68	82	125	74	62	93	108	100	69	98	211	86	91	96	104	89	90	89	79	95	109	90	180	144	82	105	153	137	121	131	119	89	69	108	56	63	142	78	126	168	80	133	147	165	137	118	120	72	97	93	82	73	67	58	56	99	103	80	115	56	189	98	107	164	91	96	141	198	106	99	149	102	118	96	108	117	111	126	84	68	135	173	113	193	113	78	135	111	106	73	93	153	82	193	102	139	111	68	91	76	115	118	150	123	164	42	124	188	113	83	107	110	174	141	118	109	111	127	70	114	82	75	104	87	79	93	183	94	149	121	190	74	137	60	106	124	85	129	80	86	72	52	129	182	64	132	108	131	96	110	123	99	163	72	48	100	118	147	123	71	77	121	68	114	99	149	86	121	90	102	144	86	95	111	156	90	180	98	131	101	109	114	131	110	108	99	151	104	120	112	49	82	80	179	122	118	76	134	84	167	95	145	78	88	81	73	98	152	79	137	100	88	136	94	94	110	100	97	91	164	115	78	113	73	92	165	116	135	133	94	78	78	104	61	114	112	114	93	88	141	127	86	175	87	130	94	74	118	84	204	70	125	90	98	81	59
cell95	99	156	71	101	100	131	92	123	149	104	174	179	63	90	91	84	158	130	142	263	204	113	120	121	110	209	137	57	137	84	160	122	134	128	122	73	125	215	119	232	82	70	117	90	89	94	92	144	109	147	185	79	124	222	115	189	76	159	104	94	63	86	167	100	93	181	123	93	50	133	197	118	109	153	145	87	128	133	177	81	137	172	173	77	204	75	96	140	135	151	109	164	156	77	148	79	136	127	184	159	152	112	123	130	138	111	104	140	104	114	76	206	69	116	132	125	53	150	157	100	104	63	67	125	147	159	193	136	45	223	235	116	190	117	52	129	112	94	133	167	94	91	149	133	209	117	114	73	156	180	114	215	133	109	93	113	144	36	130	64	125	122	100	159	102	135	112	107	202	107	61	221	227	146	112	44	97	139	139	201	58	126	120	123	121	176	213	124	126	159	86	138	96	190	122	159	181	231	114	89	82	130	140	98	118	153	124	111	114	103	108	108	164	122	47	149	124	94	153	156	136	137	131	68	182	129	135	103	159	167	143	145	127	92	80	176	224	161	96	81	212	139	95	62	112	61	74	61	91	75	132	65	57	77	84	154	61	86	81	29	120	108	75	69	67	52	99	100	55	74	57	52	68	56	113	40	134	67	99	63	105	64	74	124	73	70	67	162	85	146	72	50	141	61	34	83	112	78	88	54	158	79	79	115	57	51	137	61	115	50	86	103	39	47	91	70	118	93	76	45	140	114	95	88	73	105	63	69	91	45	123	76	54	82	103	41	86	64	114	90	109	72	107	58	95	81	31	86	73	55	90	67	111	133	44	47	85	94	106	48	139	111	111	88	103	83	54	62	129	126	98	26	126	127	73	129	104	77	86	72	59	62	57	80	60	60	50	80	82	97	85	82	60	78	66	53	21	119	92	62	72	92	115	91	83	78	101	62	67	58	36	68	57	60	71	61	92	116	76	108	86	62	166	67	68	101	53	57	76	69	61	114	109	90	113	42	84	75	90	107	78	183	140	46	24	79	83	87	70	85	103	38	65	96	93	93	154	80	80	71	44	96	88	46	109	75	55	74	78	77	114	54	59	78	204	98	75	108	75	55	74	143	107	57	62	107	82	164	79	58	42	70	45	97	62	106	99	128
cell96	88	107	77	91	172	205	109	95	102	107	95	143	74	146	77	130	102	68	79	77	144	144	62	130	71	90	120	122	73	81	83	115	120	169	82	156	110	79	184	109	78	68	115	72	102	85	143	117	115	78	77	67	39	135	127	94	104	102	61	159	90	113	141	101	81	72	116	121	62	78	81	111	63	103	74	109	120	83	126	105	78	53	49	72	98	108	130	101	58	105	89	80	69	166	143	68	92	97	89	147	169	92	58	55	82	52	78	70	72	99	105	94	93	87	123	71	154	50	52	71	81	44	65	66	112	100	112	68	131	99	83	88	60	83	93	63	82	112	85	78	81	86	120	55	114	127	62	47	147	66	65	61	81	82	92	86	132	92	87	79	88	89	61	97	145	152	83	123	64	84	64	79	102	116	113	81	81	79	65	76	101	85	110	53	93	64	103	174	137	105	107	186	123	59	118	131	135	108	141	74	67	81	124	112	90	110	76	96	123	116	98	144	68	94	68	61	131	106	101	154	97	139	64	84	146	82	162	121	85	53	130	115	117	45	109	93	101	119	111	113	95	170	80	138	99	59	75	105	106	81	52	24	88	81	136	62	35	91	48	54	86	61	50	51	78	68	58	66	86	90	91	79	77	69	125	56	57	90	76	66	46	57	31	72	51	56	48	49	59	83	80	79	87	23	60	66	29	63	38	52	33	52	128	40	82	38	42	96	51	46	67	75	37	36	56	65	122	50	61	60	75	37	105	80	55	45	82	78	52	57	124	54	104	57	56	41	82	78	77	59	111	67	76	63	64	42	80	55	70	92	62	61	46	46	102	86	72	64	57	70	55	65	89	29	72	95	85	62	51	48	71	49	40	40	63	64	31	41	70	87	58	107	43	64	44	81	44	66	71	71	34	79	82	33	32	51	40	52	73	49	65	28	120	42	133	56	61	17	51	72	57	123	53	66	88	76	68	50	65	99	70	57	34	59	78	88	40	51	50	139	48	65	56	104	55	86	78	54	48	38	50	38	87	51	42	48	39	70	88	79	50	81	71	53	64	77	88	47	71	92	65	50	90	79	71	65	50	80	67	34	60	39	69	79	54	82	40	47	73	70	70	88	60	34	68	95	69	49	52	53	27	98	65	38	90	108	65	97
cell97	144	109	155	123	126	72	82	89	47	50	40	79	130	70	111	87	115	59	88	130	86	71	82	83	82	121	156	111	73	53	82	121	82	105	115	87	189	91	60	77	94	135	78	87	115	101	106	92	93	45	90	141	75	118	198	117	132	121	110	123	91	118	136	105	144	89	110	98	120	100	104	145	146	90	54	101	83	68	93	74	85	107	61	44	89	141	95	120	99	77	90	123	117	81	115	50	45	66	47	84	47	147	122	41	86	79	76	115	104	89	93	141	156	162	107	93	128	148	127	90	125	86	98	100	95	103	78	59	94	85	148	121	71	95	71	78	100	139	79	61	107	37	188	74	85	167	134	88	167	162	97	108	121	75	69	137	148	130	63	161	88	70	73	106	127	103	101	121	99	87	162	79	96	128	65	98	106	111	88	109	104	95	91	153	108	128	37	97	92	89	106	47	78	163	126	96	191	95	68	80	107	146	75	67	94	88	76	137	133	65	119	46	100	113	104	55	135	79	140	87	127	82	64	182	129	92	158	135	90	65	126	78	102	161	148	186	122	80	117	88	68	111	61	49	44	87	30	70	46	52	44	60	53	59	48	63	62	83	73	81	51	101	88	46	39	41	27	39	58	90	77	65	70	65	78	83	97	86	41	84	68	94	70	77	80	94	73	38	37	89	73	80	57	116	99	42	59	65	48	51	62	39	112	53	70	107	44	36	76	70	56	134	68	92	106	123	85	61	58	69	43	77	63	77	55	31	41	93	96	46	111	62	67	67	41	84	67	68	30	50	44	81	14	49	64	24	57	54	28	62	59	64	86	36	51	68	70	77	33	57	59	138	73	63	71	74	57	51	39	46	94	89	60	84	44	49	76	35	100	81	66	43	67	70	37	54	53	69	58	66	63	52	58	53	94	75	43	67	59	59	70	57	46	55	110	59	49	51	75	47	67	47	63	87	57	65	65	52	67	30	61	125	89	58	63	72	30	85	85	72	54	44	43	146	38	59	62	55	66	55	53	70	83	61	54	73	130	91	84	62	77	58	68	73	67	52	81	119	29	131	52	44	92	60	75	63	48	69	75	31	79	74	79	68	33	45	49	75	25	69	38	79	51	64	81	64	86	46	50	61	48	71	68	89	38	69	65	94
cell98	122	143	209	161	149	160	164	145	207	126	141	165	57	112	116	259	83	205	183	87	211	177	120	91	84	241	206	186	149	230	167	163	117	165	139	182	100	183	196	125	131	98	208	126	106	115	136	118	208	167	140	146	124	234	189	125	66	292	177	159	189	80	186	156	180	143	147	129	130	256	142	88	204	111	269	49	157	156	114	142	122	172	116	127	115	123	134	84	164	145	139	84	193	166	140	152	182	183	244	123	130	104	98	95	186	152	161	264	198	171	111	163	159	248	205	117	151	208	207	124	158	196	162	81	191	178	88	105	245	41	193	149	85	126	157	171	95	140	168	154	132	71	102	97	138	159	120	73	145	109	158	190	166	162	239	120	129	115	96	151	141	143	150	120	155	115	139	253	152	134	156	147	63	168	173	173	140	111	165	172	142	139	151	128	155	132	121	84	206	135	130	173	172	113	152	206	167	74	105	254	103	155	118	156	97	210	228	236	151	224	124	92	212	150	86	122	239	169	148	105	100	128	108	126	119	101	184	122	279	180	129	132	117	72	136	202	128	176	113	137	53	151	127	132	53	88	105	78	101	103	80	146	135	58	78	78	95	115	114	169	108	72	134	126	78	83	131	64	124	105	92	52	67	107	105	85	67	97	103	55	70	117	94	60	152	97	150	125	101	57	112	88	134	35	114	101	152	149	67	67	122	101	121	89	64	73	93	109	158	83	122	51	56	136	148	102	117	71	80	119	129	90	136	80	83	63	151	113	93	127	61	106	79	72	159	111	88	89	84	145	146	119	130	56	63	79	84	78	82	123	104	103	125	102	71	109	133	66	100	143	104	104	111	98	117	107	107	141	143	73	167	86	107	131	88	65	53	110	202	159	66	111	127	183	124	89	146	127	96	99	60	168	83	152	125	108	102	100	95	57	86	144	138	65	111	96	48	79	165	62	106	68	107	133	86	150	54	161	73	116	92	107	42	147	138	144	63	83	117	111	136	121	150	154	165	41	134	85	118	107	158	65	69	112	84	88	144	143	67	155	32	50	124	81	55	82	167	76	143	96	114	66	183	84	50	103	87	70	71	90	163	66	199	86	82	101	90	181	125	127	72	67	38	106	176	80	106	78	107	156	133	149	182	94	95	77	114	105
cell99	290	209	288	307	150	321	126	224	231	283	142	176	269	346	232	326	207	281	146	249	232	213	141	264	257	218	139	302	153	214	132	262	457	114	249	172	181	241	167	351	359	304	304	244	263	430	97	224	318	177	93	232	322	254	222	224	180	218	198	193	213	142	169	102	247	140	209	229	388	247	171	198	278	254	246	134	217	234	217	152	216	227	312	211	249	287	276	222	128	185	153	226	244	105	191	237	289	223	129	270	230	318	185	103	303	224	245	159	192	166	235	234	298	426	160	259	287	240	212	128	215	73	202	184	236	128	192	430	174	223	309	254	195	171	221	220	197	195	303	193	306	180	223	268	260	431	235	270	138	118	264	222	266	309	203	182	163	212	291	157	315	183	150	185	213	322	253	185	186	123	211	233	162	284	193	237	138	187	139	151	193	298	194	148	242	175	237	215	145	237	204	125	250	297	162	175	258	184	122	237	234	359	161	189	225	176	241	138	131	210	233	204	245	279	320	129	238	289	313	185	225	246	186	205	304	308	218	186	187	309	354	256	216	245	169	276	424	140	258	310	237	173	260	207	170	142	192	94	139	250	150	190	195	150	130	163	128	92	158	163	118	126	88	157	179	71	104	139	184	190	199	92	130	94	206	120	210	130	262	93	231	100	130	168	204	244	145	137	143	78	97	118	122	142	109	122	304	312	189	146	241	135	100	176	184	285	184	222	97	193	226	133	176	106	105	76	235	157	205	222	166	101	127	156	198	107	114	117	112	109	155	157	124	180	125	169	178	158	166	131	183	157	146	145	204	251	118	119	154	100	196	124	202	99	77	222	137	153	66	190	103	156	224	104	196	202	237	158	66	101	198	179	74	147	214	321	142	157	218	160	251	100	256	117	160	138	151	133	118	119	145	232	131	256	124	142	285	191	117	118	151	124	131	246	142	97	76	181	119	195	204	89	210	161	120	128	93	201	130	121	181	234	176	94	143	230	134	100	162	94	219	89	155	100	227	228	133	186	140	151	84	143	162	271	108	126	119	82	76	110	200	140	199	221	98	193	132	166	259	170	187	190	174	121	220	145	350	276	118	145	207	156	156	165	143	112	102	192	179	171	200	278	131	127	97	176	103	122	139	118	203	189	192	168	69	196	100	77
cell100	152	144	117	196	86	161	139	49	153	228	123	89	127	141	96	122	186	84	98	219	180	172	187	106	201	150	182	170	195	186	117	212	212	144	73	160	101	185	83	143	87	261	122	135	221	115	138	211	237	224	200	69	111	100	115	175	207	205	186	239	91	81	76	153	170	116	211	164	119	209	92	57	209	118	134	114	169	202	117	151	145	91	72	203	143	122	139	85	118	140	174	80	140	154	163	160	173	104	64	237	164	265	99	115	151	148	111	138	104	169	155	204	124	284	144	87	194	188	94	127	200	98	98	97	117	138	166	174	128	102	139	117	191	92	194	123	73	141	105	90	194	102	197	98	155	118	257	221	187	184	73	171	231	183	133	142	140	112	108	138	182	91	273	83	91	201	129	87	325	222	98	128	113	278	140	131	197	243	90	177	73	203	161	122	100	114	229	164	186	101	138	135	185	164	92	191	179	149	114	125	133	162	137	171	170	227	128	227	144	120	121	236	158	253	164	183	128	145	171	278	173	186	93	141	92	110	162	138	159	239	141	156	85	118	185	103	180	72	121	60	101	127	165	78	106	72	131	119	128	61	149	89	121	125	248	63	115	126	109	36	71	89	58	92	94	124	106	73	117	45	111	80	65	102	161	105	64	96	26	132	79	65	56	99	80	99	119	66	117	127	91	94	91	153	104	144	77	80	52	79	64	177	125	107	67	136	124	67	99	32	76	109	93	142	73	105	128	132	130	71	100	89	125	76	112	85	151	73	128	125	110	87	79	65	75	104	118	85	127	131	117	52	76	113	119	79	176	124	110	96	112	55	72	117	107	106	130	36	78	70	70	128	125	105	35	70	92	124	89	63	86	106	81	83	73	88	86	97	71	79	93	111	69	62	117	128	116	102	199	63	127	103	89	55	69	82	58	118	159	65	64	55	133	101	131	98	60	106	77	40	100	45	98	88	129	65	83	137	173	114	96	87	83	98	66	251	100	143	98	141	118	156	101	126	82	98	151	80	62	110	91	119	220	184	97	86	176	91	121	75	129	124	70	132	88	192	87	135	129	66	73	73	97	132	94	100	52	138	27	141	81	68	92	142	74	148	120	108	109	109	115	98	102	76	63	132	90	134	157	80	100	114	135	175	105	158	94	91
cell101	137	108	115	102	125	192	135	193	182	156	257	120	341	94	97	123	275	199	127	145	238	87	93	108	146	144	186	127	158	64	106	139	149	82	175	171	111	79	175	113	174	159	210	138	94	264	105	117	66	220	56	142	158	187	216	160	94	118	67	156	96	94	205	139	80	111	157	198	137	69	146	174	132	130	149	143	103	75	93	130	124	169	113	152	163	91	163	240	129	83	100	126	98	107	184	175	82	153	146	195	77	126	219	104	101	70	269	39	66	144	158	124	136	162	210	89	105	88	174	117	123	100	110	133	188	170	123	239	47	138	118	90	165	217	73	101	83	77	139	99	69	162	103	107	159	120	100	109	176	91	174	145	96	152	124	92	126	116	233	203	110	213	183	191	166	117	132	113	142	126	147	227	249	120	77	99	98	130	111	154	175	162	192	140	127	175	117	92	209	87	95	131	77	221	189	143	171	177	140	144	170	138	171	117	172	73	108	87	92	88	90	294	81	128	61	241	109	161	110	132	125	123	164	218	107	99	126	111	132	175	91	168	144	218	98	112	96	163	106	95	92	167	119	141	56	95	137	93	24	51	94	115	76	54	30	84	119	81	88	67	143	102	135	47	113	61	101	98	50	139	72	80	107	81	60	95	48	97	73	95	104	65	67	115	112	136	89	76	86	63	116	76	122	47	96	99	91	116	93	103	59	119	93	74	51	107	126	121	68	77	122	70	63	55	105	67	115	148	79	180	65	74	108	66	69	56	114	83	46	62	82	98	43	160	57	119	97	104	99	109	55	75	82	63	58	63	93	61	69	69	48	122	71	110	103	129	61	78	85	86	137	101	128	64	108	72	74	115	168	89	99	133	162	116	64	74	105	63	71	53	54	40	71	95	48	105	71	80	83	94	86	56	87	60	89	111	75	100	134	60	78	152	135	100	138	83	97	54	113	96	52	160	119	101	90	95	71	113	59	83	75	71	94	75	85	92	55	176	87	93	104	81	86	41	62	54	42	126	116	122	81	104	139	107	111	174	125	90	127	99	121	95	66	144	83	82	28	110	123	82	127	60	92	122	130	125	100	64	52	101	56	85	117	71	99	131	120	136	131	50	98	82	53	76	73	64	138	45	114	84	82	97	91	101	98	44	64	106
cell102	143	90	96	54	95	71	85	83	81	62	100	115	94	90	133	134	61	175	82	102	89	58	92	112	80	128	150	80	69	164	104	74	40	56	97	135	172	58	123	86	94	105	86	110	77	109	144	223	129	233	157	214	131	123	104	82	99	156	135	138	310	181	164	180	141	152	163	245	178	147	212	170	178	111	188	91	152	88	74	71	160	41	68	45	0	0	0	39	55	31	118	90	101	80	103	165	90	117	158	37	151	128	178	134	99	131	134	99	141	116	111	103	124	81	116	58	183	130	103	38	191	92	81	98	90	105	81	127	83	73	113	77	213	94	115	116	141	86	50	104	82	88	132	83	40	102	118	108	175	76	84	103	139	52	120	68	100	154	162	89	138	133	116	98	74	104	46	105	102	131	158	98	77	152	98	94	79	85	117	113	118	210	127	91	43	108	115	148	99	79	97	82	128	188	83	136	152	39	79	215	70	61	60	143	92	147	127	132	90	128	116	90	154	95	93	115	124	124	95	75	103	69	86	159	160	93	105	117	51	152	116	89	87	104	106	94	85	183	52	122	121	86	93	113	99	58	100	74	134	99	177	87	77	78	155	127	133	65	107	102	136	66	164	109	84	88	115	124	132	98	81	196	92	105	144	108	102	144	149	34	140	91	96	98	62	156	71	133	82	82	88	103	137	95	149	85	156	173	53	84	104	87	102	136	93	64	108	56	57	71	118	87	122	101	111	71	158	93	190	64	41	148	57	102	67	114	130	119	116	106	153	156	58	121	110	111	110	130	77	75	110	123	103	78	63	129	121	70	79	58	87	71	99	121	109	93	126	144	43	131	145	146	98	89	135	65	149	133	110	138	59	52	184	100	72	142	94	116	109	125	101	68	69	83	114	66	169	152	92	96	62	98	122	111	121	62	119	56	141	183	156	62	137	82	63	70	118	217	115	60	97	130	71	93	79	121	106	132	92	114	97	108	82	64	98	90	88	143	54	91	141	149	116	115	98	119	113	143	103	81	94	138	190	130	39	166	86	142	141	93	185	132	86	68	61	80	90	120	178	116	114	116	90	152	114	135	68	105	57	61	165	60	81	157	176	71	114	27	69	82	115	69	97	195	99	87	83	88	73	112	105	97	100	87	95	77	92	119
cell103	174	149	185	144	142	308	320	194	179	169	176	296	270	146	159	294	128	211	238	166	96	170	240	148	285	342	247	339	350	338	173	177	169	187	84	320	234	148	174	155	165	233	155	206	373	154	242	148	272	222	141	229	299	140	163	222	135	203	312	179	333	200	255	314	288	227	237	182	164	249	143	162	173	224	241	226	290	406	210	149	214	194	387	189	212	156	144	180	184	241	218	84	180	195	170	244	148	101	185	227	148	274	170	104	229	131	208	233	296	154	302	142	193	92	268	169	250	256	230	217	146	132	209	245	238	203	172	358	200	130	130	98	181	198	181	149	108	157	252	106	328	255	270	145	177	245	114	336	157	197	225	180	243	238	149	279	208	182	233	342	186	202	241	321	151	209	280	321	262	190	208	142	372	170	155	248	366	293	188	255	145	158	91	137	168	155	184	295	261	188	175	164	273	199	269	185	171	335	156	241	315	226	187	167	377	467	281	186	268	208	271	131	241	162	211	120	246	75	101	233	93	141	209	185	327	224	183	346	165	185	225	320	156	115	235	160	206	280	181	192	147	250	163	166	144	120	169	126	97	72	118	116	117	132	133	200	174	102	91	104	75	153	166	138	124	159	212	90	98	126	216	114	106	151	136	104	106	126	93	201	143	130	133	151	99	66	184	147	77	146	98	226	159	187	201	97	80	77	162	164	106	198	153	170	241	94	138	59	98	128	106	116	270	152	221	243	213	216	91	154	291	178	219	127	118	178	233	122	157	128	151	126	149	128	95	172	116	139	158	237	97	121	166	65	158	100	155	195	139	87	255	159	90	162	170	148	116	94	220	212	116	132	141	94	67	132	174	120	163	61	111	205	130	180	113	155	142	72	91	133	136	64	78	127	129	102	144	136	107	127	93	121	239	130	150	72	170	150	178	93	211	113	116	118	148	126	117	122	156	291	117	124	175	185	109	160	111	141	194	78	150	211	151	55	136	187	134	134	131	128	149	73	178	127	114	163	204	173	194	148	165	72	180	59	111	138	153	113	88	133	136	169	63	94	169	102	81	164	87	116	225	105	172	159	215	129	111	132	95	218	128	123	87	181	138	171	147	131	71	169	120	211	179	112	137	122	221	143	133	198	169	62	207	118	104	184	161	105
cell104	204	197	294	131	150	131	155	191	162	158	80	94	179	125	126	115	201	186	102	110	188	143	195	112	159	90	119	181	177	303	60	302	179	145	260	166	118	231	213	139	134	120	190	97	189	210	209	70	244	130	157	174	154	181	166	100	184	184	131	138	137	162	165	101	243	137	143	70	123	108	135	149	64	167	186	145	108	139	125	142	94	168	143	117	167	238	105	211	47	87	141	124	273	175	144	116	122	267	237	67	139	199	103	186	170	219	95	148	140	150	148	108	114	121	122	85	144	239	242	187	153	84	222	112	157	146	252	259	112	154	89	261	137	113	152	168	86	225	125	212	92	153	115	169	100	140	131	302	212	187	140	235	188	158	166	136	224	105	154	160	112	199	102	94	227	116	230	185	198	185	113	131	177	211	163	124	166	118	219	250	217	180	113	168	118	178	131	104	133	190	100	218	98	142	220	186	135	226	271	155	137	109	117	114	180	102	181	138	140	130	218	85	126	132	181	220	152	177	160	137	160	105	260	163	89	264	159	107	125	114	113	75	119	191	105	118	146	187	90	165	142	185	100	118	89	90	175	69	89	80	128	107	90	151	125	138	54	99	151	102	113	86	102	111	50	149	101	118	39	112	148	95	140	71	102	128	56	113	114	58	85	130	153	88	64	58	80	88	73	128	115	70	111	78	131	110	110	120	189	108	76	114	183	124	72	126	73	142	79	77	68	112	62	137	64	111	122	111	139	133	162	107	71	79	170	130	92	221	153	103	56	70	238	52	117	106	39	144	114	135	73	79	105	148	109	98	69	139	109	118	120	117	82	55	60	124	59	96	118	65	128	108	62	167	137	129	83	124	106	73	85	73	77	94	91	166	88	129	92	133	137	139	89	79	99	79	139	127	78	89	116	101	80	82	114	75	68	117	46	99	85	170	95	161	92	102	190	138	108	71	96	89	60	154	113	157	80	74	125	115	122	82	97	105	177	176	78	168	82	98	162	72	118	120	177	84	83	160	96	169	67	43	145	170	89	118	68	50	202	78	108	86	124	100	74	150	71	120	209	102	134	71	140	83	98	116	121	79	120	79	83	91	167	111	65	111	108	103	68	107	91	84	126	67	76	87	96	129	131	106	84	76	98	141	144	123	71	97
cell105	152	201	74	70	202	126	95	115	109	157	151	135	107	160	114	139	152	143	158	157	127	110	109	145	137	132	109	80	183	176	246	94	173	114	134	73	96	118	212	181	87	51	168	105	62	106	112	242	106	123	107	169	161	87	277	94	99	70	133	217	155	130	68	184	186	118	119	129	47	82	132	152	92	95	194	78	94	113	135	159	114	70	101	216	138	116	141	112	89	104	127	104	109	131	154	155	162	88	159	104	72	193	209	167	163	192	107	134	108	98	87	130	150	111	103	135	207	103	174	112	104	155	110	106	112	124	115	78	150	102	46	159	112	149	126	87	230	129	161	77	86	168	134	103	155	147	150	88	81	77	129	111	91	87	105	141	198	121	155	152	33	127	135	147	110	141	93	89	101	156	117	68	136	86	97	176	156	105	117	152	81	128	104	124	122	183	152	135	164	82	171	119	86	70	169	215	103	112	152	114	91	52	127	118	181	36	124	45	179	209	151	172	144	127	134	99	181	148	121	159	80	108	132	99	174	85	142	174	105	99	87	121	98	107	152	75	145	88	160	196	126	104	169	108	99	67	66	78	79	81	91	49	204	88	132	88	104	163	86	80	60	49	89	99	94	110	47	70	47	121	75	124	110	73	128	73	100	81	62	68	100	73	112	95	114	121	68	42	43	96	85	83	89	52	100	91	85	25	134	76	74	36	121	116	111	69	50	50	58	112	53	64	120	114	92	76	88	87	55	77	48	103	87	83	110	57	99	78	90	79	71	130	87	55	90	88	89	89	84	70	74	122	96	91	71	73	95	93	92	86	130	52	62	88	58	100	84	111	95	109	80	49	95	125	133	54	79	108	94	73	75	43	57	68	131	87	42	118	89	62	73	102	67	85	73	75	33	63	107	115	89	76	82	74	88	69	65	50	69	105	70	49	59	79	81	107	91	82	54	73	81	97	132	54	65	86	96	72	90	76	62	88	56	56	72	108	99	49	75	95	100	64	54	51	54	53	88	92	68	114	44	78	116	69	80	120	94	60	106	61	148	112	55	78	131	82	80	84	161	85	90	78	108	40	45	50	68	102	74	100	104	105	63	43	55	52	98	145	72	75	89	74	146	111	69	88	127	123	120	58	117	114	116	64	64	99	68	94
cell106	120	109	144	66	132	111	136	52	143	93	143	94	98	149	79	125	132	158	179	85	151	197	183	162	127	206	181	121	99	145	107	214	132	137	169	185	113	108	217	92	135	113	211	115	121	101	186	157	224	126	142	153	234	105	107	119	167	132	108	167	234	144	172	157	228	191	234	303	184	251	170	136	197	165	156	116	286	152	117	140	126	115	56	97	0	0	0	42	52	47	45	86	157	248	208	165	92	25	129	87	182	88	132	133	138	110	90	151	179	259	82	95	67	207	108	80	66	192	141	83	133	85	159	166	208	197	88	138	125	190	109	77	177	74	94	119	127	145	171	98	149	115	131	93	151	144	113	123	61	158	202	147	107	117	145	125	94	126	103	180	125	107	184	66	102	105	58	219	127	104	139	136	121	87	121	193	65	124	147	189	210	135	226	145	226	69	105	190	78	101	99	181	134	117	111	180	147	127	147	151	135	78	197	138	155	221	86	107	82	114	110	102	106	205	70	114	112	82	108	100	162	90	128	84	132	141	172	163	217	143	97	157	120	175	149	100	171	83	164	130	94	159	154	63	186	209	150	88	90	106	95	142	112	128	102	161	232	100	285	114	113	151	100	128	154	139	93	77	94	127	166	141	118	124	176	183	97	173	234	194	67	200	167	212	144	163	207	109	205	162	75	127	186	151	71	119	70	157	122	127	165	144	183	105	211	80	96	104	164	135	122	120	175	126	300	189	170	171	171	116	113	86	146	159	151	70	124	131	132	118	107	112	126	151	112	199	67	120	112	62	111	119	88	135	107	110	94	175	92	116	135	108	68	219	82	116	151	74	135	155	125	184	149	104	89	113	106	148	117	92	179	219	158	176	113	172	61	162	170	257	113	235	83	148	150	146	184	137	91	129	108	132	248	151	99	271	144	84	118	144	105	132	110	205	150	143	120	128	122	126	139	69	110	98	178	84	182	198	137	128	28	97	106	68	88	69	124	115	161	57	96	114	129	100	185	82	168	74	181	66	81	210	153	199	74	142	102	110	100	158	229	115	113	113	91	214	156	118	133	192	188	70	114	162	132	103	261	87	105	118	33	131	148	86	169	139	130	124	90	127	124	99	142	198	132	157	127	117	195	114	163	110	66	96	186	173	159	111
cell107	162	152	186	140	163	115	177	136	97	132	269	131	171	104	192	240	186	167	154	207	130	183	138	192	147	155	191	149	82	187	113	234	208	169	277	115	164	90	134	167	112	135	164	162	182	116	194	217	123	121	182	189	157	168	267	168	181	112	157	175	222	183	96	137	208	154	128	179	311	188	101	133	160	152	219	136	159	116	107	74	82	174	204	151	312	203	268	225	190	176	181	134	215	175	140	127	148	162	153	123	126	244	144	195	107	151	200	235	154	145	203	145	113	193	164	152	178	110	202	173	175	168	185	112	134	54	100	155	281	120	200	169	216	229	165	256	94	225	194	106	192	97	44	161	128	173	104	153	172	229	185	179	236	193	99	193	110	109	121	147	113	204	203	155	173	212	135	108	191	125	256	232	66	197	280	102	123	181	191	293	233	152	162	119	153	217	180	188	218	137	173	158	117	58	58	121	230	166	116	158	136	172	165	97	129	104	92	192	259	165	171	231	166	115	195	192	211	91	140	158	145	211	101	194	254	147	239	124	212	142	149	176	147	205	258	144	142	118	97	114	168	215	184	159	92	87	124	110	107	132	133	82	139	83	142	57	76	121	102	132	88	155	111	104	133	60	97	119	110	101	155	72	140	141	66	103	161	126	134	79	192	158	99	104	93	114	147	109	125	68	105	72	91	111	157	104	84	130	88	53	120	113	81	90	110	63	113	119	125	113	58	46	113	62	74	44	179	133	144	82	117	176	108	84	73	103	165	100	68	114	128	179	161	164	113	99	118	138	113	111	73	171	161	63	90	218	197	162	156	78	196	135	43	68	72	136	68	84	185	126	97	97	204	109	137	67	126	84	139	111	75	125	176	108	83	175	164	82	69	201	106	68	102	122	62	102	158	49	86	140	227	139	99	115	136	73	204	128	132	159	138	121	77	161	72	163	54	106	184	97	134	78	61	94	91	133	146	154	157	68	105	104	74	79	153	103	94	149	65	113	117	79	89	89	115	138	118	97	94	91	114	99	136	74	87	95	76	81	181	111	94	97	178	99	87	162	97	96	118	77	102	154	74	135	76	87	153	73	90	79	90	72	71	94	91	82	159	110	62	71	106	167	164	97	139	107	158	84	112	127	204	120	93	128	87	90	180	96
cell108	78	125	103	133	173	149	137	234	145	179	67	153	96	177	127	195	101	88	176	151	173	89	125	96	125	212	127	174	157	206	108	212	98	211	89	112	155	146	166	111	200	177	100	159	116	138	189	171	327	242	289	271	176	398	208	307	325	220	208	308	255	288	101	143	406	317	261	73	97	274	317	201	414	202	397	144	119	118	134	81	92	131	52	57	0	0	0	75	45	77	164	102	252	287	203	75	122	176	80	92	113	197	186	145	103	206	154	172	144	190	184	138	253	77	163	196	86	101	170	125	139	123	211	82	119	95	114	179	153	109	99	95	130	199	162	58	85	139	89	154	161	123	149	125	193	108	92	71	132	236	96	188	192	286	151	105	106	188	202	145	181	132	190	103	91	176	130	56	143	84	174	175	204	133	109	294	158	194	208	157	119	85	131	114	153	126	175	81	137	95	132	197	113	89	156	219	127	167	101	194	108	177	170	118	120	155	163	119	134	158	204	101	155	38	112	198	85	230	120	84	192	108	128	144	111	99	162	100	164	62	139	128	123	142	169	179	91	147	189	132	205	134	192	86	194	212	97	163	173	150	91	109	218	164	110	192	115	99	123	144	169	121	137	150	126	150	180	102	77	171	249	160	192	130	155	176	174	173	106	174	176	202	152	206	133	196	134	160	155	184	185	187	148	172	88	178	159	161	135	182	92	193	112	139	121	194	166	200	82	164	149	68	160	93	219	137	171	126	166	224	191	163	143	151	129	126	159	115	161	213	99	107	181	119	141	148	111	151	232	130	155	89	180	58	133	249	107	123	102	160	242	177	64	198	141	206	218	106	221	148	255	230	166	114	185	114	165	122	175	64	175	183	118	107	125	144	319	146	141	66	139	184	187	135	61	148	97	151	160	79	173	152	157	113	65	148	151	159	146	179	178	143	124	127	146	124	159	144	189	193	114	149	45	128	110	107	117	76	257	128	149	111	139	170	214	229	98	79	101	176	141	215	130	150	109	154	166	65	162	126	82	121	218	145	221	147	221	180	142	127	84	169	165	157	199	177	141	157	182	209	224	96	132	141	191	154	135	101	169	153	170	165	149	301	209	169	167	169	201	136	148	114	234	106	122	191	141	100	121	139	127	221	163	113	93	209	102	317
cell109	62	125	180	175	156	140	75	134	116	117	135	151	97	65	156	128	183	128	132	104	310	149	113	196	182	173	102	142	101	235	202	205	282	179	82	95	75	218	188	143	135	179	115	103	210	194	150	87	177	169	120	178	88	198	170	102	82	233	180	214	129	73	168	195	198	158	123	147	156	175	194	94	215	135	144	117	225	132	110	107	80	122	181	151	117	48	138	105	144	136	245	163	122	133	181	157	206	148	67	110	127	122	142	84	128	272	152	168	92	150	151	169	105	76	172	120	101	83	136	192	133	167	223	107	175	83	172	210	198	107	198	108	89	223	184	105	147	93	190	227	104	153	103	85	165	165	74	229	151	227	176	171	261	102	221	162	149	149	170	178	165	231	179	107	237	235	99	178	115	168	142	122	229	109	211	82	193	157	160	158	216	106	114	146	112	144	173	136	127	95	198	138	190	73	174	161	171	125	169	131	165	266	224	186	223	241	249	81	184	132	126	216	161	280	179	164	178	183	142	169	183	129	209	95	190	103	227	187	225	104	143	146	139	168	152	146	95	167	115	123	70	80	136	121	104	72	74	165	116	124	69	72	101	137	76	89	94	123	136	109	174	221	141	183	142	117	59	71	53	138	38	174	60	81	139	57	187	79	155	59	43	117	105	145	77	94	176	116	95	150	65	152	59	82	99	95	93	66	65	133	143	86	120	76	78	52	43	90	48	125	61	147	68	122	90	146	68	128	74	168	122	88	63	104	94	92	95	111	101	165	104	154	112	22	140	111	71	125	59	144	94	124	45	63	48	104	67	72	131	91	67	108	107	110	139	61	79	129	114	141	58	143	48	66	169	70	60	70	91	110	96	153	108	103	118	61	125	83	117	109	83	82	107	73	96	102	91	102	31	124	53	41	52	72	135	102	121	114	125	125	36	73	115	128	62	53	94	66	91	71	129	142	97	130	87	102	80	101	78	113	96	98	101	147	128	101	116	103	122	103	81	76	71	128	100	103	95	128	153	83	137	129	94	123	16	82	50	51	95	46	177	111	66	74	97	79	90	73	185	113	67	141	62	163	82	92	42	85	168	131	113	95	80	84	112	69	144	50	139	165	105	101	79	78	90	67	147	148	123	190	78	106	114	46	77	91	55	93
cell110	49	45	82	38	39	46	89	29	58	68	46	86	88	48	78	54	44	121	58	65	86	64	73	67	87	49	89	81	51	56	59	71	46	77	82	40	39	49	95	71	88	72	48	48	138	123	90	58	72	50	48	55	58	29	66	71	72	52	76	52	92	80	59	100	57	43	45	63	73	66	85	46	103	47	34	52	45	87	57	82	99	54	33	98	69	69	58	45	97	52	52	90	38	56	34	41	55	41	52	71	139	24	37	70	48	51	54	54	63	47	54	113	74	108	59	53	79	98	34	57	122	56	62	68	68	94	54	72	86	80	137	91	61	41	85	109	61	73	46	61	64	76	59	64	57	34	98	69	85	74	53	71	49	68	82	38	28	62	54	124	79	67	83	95	60	96	28	59	71	59	79	51	66	58	39	52	65	62	43	72	47	121	59	81	83	51	52	61	64	52	42	74	91	63	119	75	75	58	86	53	67	21	59	39	60	62	51	39	42	66	56	62	62	51	35	59	102	60	114	42	40	39	42	88	72	64	104	39	70	57	66	138	35	66	116	68	102	52	54	89	69	86	85	76	73	85	40	116	105	43	65	83	61	41	68	63	47	47	77	70	50	119	80	64	104	56	71	82	99	130	62	75	76	76	122	48	47	58	57	66	103	104	63	94	104	67	84	86	85	75	39	69	67	57	46	92	81	65	78	106	76	51	71	89	87	116	105	117	84	46	47	68	57	32	57	73	90	111	50	125	69	71	53	38	42	52	65	61	45	49	66	71	78	118	80	31	66	77	32	64	53	98	77	27	107	86	80	54	70	52	115	59	61	93	67	66	74	75	49	44	82	70	53	54	57	102	35	80	19	79	79	89	97	61	71	40	72	80	100	73	70	62	91	33	43	45	40	52	80	76	78	58	26	59	87	113	75	89	61	97	72	55	41	84	46	70	60	64	60	77	89	67	112	88	66	89	75	43	48	46	96	29	66	77	51	75	106	65	47	91	104	49	68	57	32	82	38	59	39	46	72	78	66	30	70	40	50	99	77	71	49	46	66	67	101	67	66	61	79	83	61	69	73	95	41	27	48	87	71	90	51	107	67	72	81	48	61	77	60	47	59	120	41	89	92	35	73	95	80	56	45	76	67	103	35	59	71	71
cell111	92	153	156	60	64	116	129	60	27	120	74	72	91	63	113	74	58	110	126	71	113	65	74	80	108	80	83	119	57	50	58	74	56	98	66	83	101	120	125	37	94	97	82	125	122	81	143	88	120	120	84	128	123	89	129	69	83	83	126	108	93	92	96	76	70	69	89	112	116	85	71	131	132	137	96	87	108	127	139	57	89	95	141	80	48	139	40	82	137	113	100	86	141	63	98	85	103	84	158	106	235	186	107	106	59	142	89	70	129	83	72	86	64	99	119	106	51	108	105	99	94	107	104	79	99	138	78	87	114	49	57	89	116	111	73	96	78	143	80	127	57	130	45	60	80	103	153	107	71	109	117	156	108	104	110	123	166	88	75	52	122	96	162	51	95	57	120	42	151	102	83	52	70	82	99	99	125	78	100	62	110	71	60	124	79	121	86	99	40	161	50	111	72	100	90	118	147	95	271	58	88	86	166	91	57	111	97	170	124	147	168	120	83	68	63	64	147	76	85	87	73	77	95	161	123	89	62	109	71	102	81	110	64	71	59	141	150	78	117	120	95	100	146	66	79	45	86	54	124	65	34	87	75	82	49	118	85	36	63	56	67	70	44	111	72	67	75	50	57	49	62	47	71	86	131	36	60	78	52	44	93	64	77	57	34	60	72	48	74	32	61	71	64	44	100	52	40	59	38	45	98	146	73	98	80	79	57	53	78	64	78	94	46	77	53	62	81	64	103	54	82	35	66	72	51	52	71	48	76	58	55	66	41	56	40	90	42	74	40	58	80	43	65	83	44	63	62	88	82	75	48	77	88	55	62	80	30	18	77	96	67	87	93	42	60	42	54	111	73	66	67	88	35	41	119	61	66	46	93	73	84	95	81	52	65	83	53	74	62	46	28	67	55	87	72	64	58	55	62	118	67	103	66	36	88	66	70	84	78	37	75	83	69	47	38	56	93	103	51	57	27	81	109	52	82	65	42	145	56	96	73	89	62	60	62	51	76	54	63	73	21	43	74	68	55	48	59	105	61	29	59	66	89	25	27	57	51	98	30	48	59	53	95	83	24	49	76	61	47	70	32	66	74	45	65	69	79	69	50	44	39	47	69	148	40	128	51	25	47	117	74	90	44	95	37	35	53	49
cell112	309	202	82	181	235	108	234	326	147	181	110	234	115	167	166	245	283	193	314	214	207	249	252	292	210	278	172	103	346	207	263	407	201	214	248	279	278	358	170	218	305	155	226	311	149	228	231	379	183	198	242	183	216	182	218	208	259	215	109	225	381	282	178	370	280	204	371	303	250	132	174	265	322	237	216	200	279	305	296	209	367	316	128	196	167	136	275	250	287	323	153	85	156	257	249	135	266	178	174	241	135	166	196	177	137	271	192	131	141	200	279	246	371	157	230	255	296	266	130	289	322	405	165	184	474	238	341	162	175	201	190	92	231	184	180	318	227	241	193	246	190	157	343	298	179	339	140	277	183	305	232	280	313	517	241	267	212	215	351	299	164	207	205	242	173	241	159	229	223	307	254	237	172	275	233	262	122	202	307	299	257	191	183	180	325	319	229	270	177	334	233	173	334	374	162	199	368	104	185	106	330	250	322	322	267	260	241	257	196	247	136	147	217	233	201	151	211	353	163	258	322	197	252	242	325	402	184	142	215	210	231	206	89	266	225	255	280	179	299	334	262	208	197	400	185	141	138	229	119	143	167	162	158	142	218	134	154	113	155	206	225	330	185	178	105	172	102	99	90	214	124	157	186	208	125	182	207	120	84	146	230	154	104	138	109	154	73	98	143	172	173	206	127	102	233	173	102	128	152	183	78	129	173	130	226	181	174	248	97	106	170	86	121	106	159	87	214	158	273	136	141	127	169	226	76	153	149	107	129	109	123	247	181	190	142	106	68	111	68	185	92	167	179	145	90	137	118	158	149	115	90	285	136	135	92	186	161	179	107	95	68	107	183	139	134	132	125	215	106	204	80	200	190	89	226	134	131	197	108	162	178	142	250	186	145	162	174	160	146	176	147	183	109	156	262	141	102	151	137	144	98	94	202	92	249	152	135	140	161	181	178	86	166	211	116	151	140	157	206	308	108	86	112	106	152	92	185	184	156	159	127	124	133	320	165	184	154	126	174	131	142	212	132	140	156	242	233	230	81	150	135	159	251	191	104	173	206	145	132	200	168	128	146	60	134	155	115	164	179	110	104	144	159	236	134	162	191	162	181	159	333	229	195	132	92	197	80	207	118	166	54	117	116	166	224	174	159	86
cell113	324	183	210	225	279	196	229	216	186	121	167	271	321	126	129	336	300	385	417	292	405	121	177	176	188	260	233	182	169	268	243	267	156	192	178	284	257	151	209	295	213	239	129	278	272	250	133	291	272	235	286	327	248	291	239	265	277	329	448	214	200	162	264	347	248	197	192	246	145	254	121	278	299	200	266	198	201	197	169	278	167	264	229	202	235	317	141	172	200	254	283	283	238	281	231	212	185	115	178	129	298	141	185	123	167	204	117	248	208	215	410	247	114	216	311	213	258	103	190	401	293	216	269	333	263	255	223	298	205	326	321	258	152	361	195	182	270	262	281	328	295	182	107	257	238	275	190	315	170	188	152	165	173	129	282	344	150	235	257	137	311	379	385	205	154	243	245	225	431	472	182	365	207	289	128	296	93	196	242	321	150	249	339	189	213	177	153	282	171	367	214	111	338	296	183	250	271	249	125	191	201	152	242	150	246	209	199	364	333	345	211	155	308	142	156	136	239	205	254	324	340	545	278	137	357	109	300	261	201	322	183	251	253	290	279	223	242	279	249	199	179	239	186	276	134	111	245	176	138	53	169	131	123	151	182	153	236	189	96	238	182	87	120	218	238	120	151	132	145	160	182	176	274	188	178	195	159	174	131	118	178	242	131	275	268	149	251	303	105	101	198	136	84	119	103	124	142	230	210	146	201	182	163	234	215	146	125	63	206	105	184	117	91	144	171	245	142	157	160	151	205	147	196	136	107	157	145	125	156	213	194	135	118	177	132	115	155	127	392	159	96	181	138	115	117	263	218	222	222	161	152	196	208	224	91	107	101	181	77	78	132	331	125	114	241	224	140	92	106	154	130	225	146	172	243	97	105	137	195	118	170	164	119	250	112	104	163	102	134	163	138	158	178	97	262	115	163	234	104	120	159	116	218	112	293	248	156	235	134	186	117	131	160	166	205	111	160	166	102	166	118	155	73	203	153	229	152	204	224	272	250	134	196	146	148	114	117	161	115	110	233	157	204	84	155	172	116	142	148	168	128	224	222	121	123	270	164	305	214	187	175	177	288	138	183	104	79	151	133	84	173	231	198	292	180	183	131	81	117	166	117	168	152	151	240	146	253	192	203	168	136	128	188	160	148	116	205	160
cell114	75	100	60	120	149	68	190	128	179	77	135	187	156	181	151	121	80	185	135	122	68	136	81	182	130	122	187	148	210	157	134	128	160	109	94	138	118	188	230	68	149	159	224	154	138	78	94	156	153	212	74	101	122	113	105	121	129	186	136	111	182	200	121	134	175	237	133	190	130	111	143	92	113	125	109	165	153	173	79	107	130	134	194	102	146	75	125	164	127	137	109	214	115	167	133	85	125	199	177	123	195	66	156	162	148	134	124	120	79	126	61	137	173	99	201	142	112	111	142	155	122	148	62	280	146	140	118	104	119	127	238	104	103	172	103	194	99	142	239	120	214	126	120	103	206	184	218	170	151	69	103	86	193	178	105	138	170	167	129	133	190	95	107	133	163	118	138	93	133	142	89	273	158	83	134	176	47	91	145	174	132	85	110	66	150	162	201	145	86	122	92	71	215	135	119	150	213	112	208	98	110	285	132	132	130	105	85	45	150	182	102	100	154	201	106	154	133	74	94	107	176	137	160	113	142	133	133	127	89	112	164	155	127	174	84	134	198	90	173	166	162	117	170	212	83	72	50	99	90	71	84	80	103	112	81	121	97	86	92	115	100	95	156	103	37	113	66	81	82	92	95	74	39	85	100	111	144	74	66	62	59	144	81	99	82	76	56	103	155	114	83	53	98	79	123	50	77	84	74	80	75	47	82	105	86	99	78	89	61	52	73	39	104	165	99	185	41	103	110	125	146	55	115	126	42	53	93	136	88	68	73	156	52	56	64	63	55	104	51	116	122	54	82	49	56	137	54	50	81	86	107	87	98	83	66	115	115	104	50	71	87	133	109	84	100	83	74	99	162	112	110	55	63	88	80	66	127	87	121	77	169	83	88	59	107	85	76	89	81	55	127	133	48	113	135	49	87	116	147	114	140	94	53	128	92	59	44	103	82	73	84	113	126	97	88	84	37	71	74	103	80	65	95	102	48	131	104	74	198	77	109	123	90	74	80	59	136	67	79	62	83	108	43	65	62	74	74	99	47	71	99	37	74	88	111	83	81	62	97	43	107	85	99	142	90	94	153	203	67	56	137	127	97	89	150	45	64	96	102	109	112	74	113	133	31	59	109	144	81	67	111	50	91	57	61	135	84	72
cell115	72	45	128	172	136	136	73	116	116	58	119	150	102	116	104	101	147	88	113	57	155	114	169	137	112	144	107	90	166	85	206	98	112	160	113	118	182	66	41	157	110	171	178	111	193	169	140	205	152	114	151	188	74	66	209	145	112	150	121	98	119	113	116	225	65	70	88	104	209	125	150	126	55	145	117	151	90	85	187	70	140	80	88	128	207	162	187	185	120	170	88	129	221	123	80	122	61	150	119	161	98	173	157	80	80	168	162	156	57	129	139	139	119	167	165	146	108	85	211	89	130	107	195	58	180	96	109	145	117	89	184	125	188	139	66	86	180	149	93	118	97	141	85	83	138	117	97	172	85	122	152	149	100	102	72	99	178	139	77	138	137	109	92	134	104	112	88	139	170	43	183	90	166	97	148	199	126	90	127	134	166	107	204	45	118	118	203	141	185	152	90	107	111	186	84	84	78	80	95	181	106	155	69	160	189	135	137	174	114	85	110	155	97	164	139	185	85	194	143	127	61	121	184	137	96	132	131	207	98	134	82	137	189	109	79	116	129	219	72	170	235	167	170	118	59	153	70	46	73	68	67	129	154	83	117	37	64	102	71	68	133	75	112	81	90	176	59	94	110	127	138	136	86	51	78	89	65	68	108	74	73	147	97	44	41	51	79	67	72	82	94	52	46	141	91	91	56	58	97	127	92	83	85	97	60	65	61	76	75	150	162	65	92	81	48	99	122	75	95	87	43	60	59	92	75	76	88	77	120	116	92	42	141	58	103	64	78	70	130	137	86	104	46	34	28	39	52	69	52	69	112	63	81	100	94	70	90	137	121	74	171	73	43	88	84	78	97	95	121	124	90	84	111	118	64	71	87	80	83	95	73	80	80	117	101	121	105	73	78	102	122	72	54	66	105	118	167	104	92	73	72	100	93	74	85	75	40	114	121	97	65	71	92	58	50	62	58	72	108	72	73	51	97	67	53	80	77	67	50	102	117	75	73	53	107	50	75	106	103	88	43	49	56	86	56	92	118	75	45	73	117	76	111	101	76	105	61	87	74	138	27	113	70	41	114	48	123	53	102	130	29	70	104	78	103	145	83	66	119	119	77	66	99	88	134	142	99	58	95	70	61	104	83	130	113	65	147	66
cell116	116	143	160	135	64	113	124	210	139	211	151	143	73	224	183	159	97	112	189	178	133	108	101	93	175	176	111	105	183	107	115	172	113	110	79	201	103	151	167	178	92	161	146	187	178	201	176	151	172	179	178	244	311	161	172	104	312	234	144	146	279	156	136	222	250	219	253	222	203	271	236	194	159	201	189	123	147	115	128	189	135	72	76	72	0	0	0	64	77	77	121	161	111	105	136	122	182	164	166	251	160	129	126	145	89	188	175	174	190	243	97	169	100	206	139	151	236	157	121	168	187	73	162	166	185	84	150	133	135	152	210	107	223	81	184	164	126	143	110	91	124	151	277	132	93	105	182	144	180	85	152	148	197	207	232	153	97	84	183	74	193	112	145	170	72	84	169	199	159	143	111	109	84	147	149	139	113	210	131	162	125	112	189	210	132	89	166	193	143	73	129	162	139	130	224	173	174	148	125	162	115	171	177	179	184	134	182	166	92	165	134	118	69	91	147	224	103	108	93	183	262	173	169	199	132	158	68	114	132	315	178	140	141	165	182	109	90	176	172	155	223	151	64	155	228	163	202	113	220	128	260	106	287	128	164	150	79	149	140	88	165	121	111	149	202	135	96	92	90	103	91	120	187	229	218	113	88	100	180	165	118	146	140	189	151	141	209	94	109	162	148	213	48	124	163	178	119	91	99	80	202	109	67	126	146	99	189	171	208	98	147	190	227	174	145	136	110	101	147	167	127	141	244	166	156	126	92	166	186	134	100	225	119	103	160	97	82	188	102	100	104	160	163	154	121	144	161	166	194	153	154	113	119	186	159	112	163	135	100	259	127	99	140	143	153	143	96	79	145	105	169	111	116	180	139	174	167	153	219	81	141	113	217	143	206	207	140	180	135	103	247	82	177	138	102	136	209	90	271	74	200	195	86	118	120	213	168	91	187	163	138	154	195	80	172	158	143	122	92	173	106	90	142	139	146	144	193	90	121	148	173	124	121	137	107	164	88	141	158	169	187	152	185	140	169	108	135	174	115	124	136	44	56	158	149	180	104	125	82	158	138	145	175	104	130	143	189	127	128	118	179	168	236	167	184	98	147	166	102	138	84	136	80	103	107	65	203	73	98	149	81	164	105	119	149	90	215	85
cell117	85	53	74	77	52	69	32	86	83	84	58	64	63	84	62	78	55	73	91	47	42	42	56	93	95	74	47	62	127	61	82	93	44	31	40	86	69	69	83	85	81	78	65	30	61	96	101	82	123	110	91	88	87	60	126	158	127	102	96	51	57	86	162	81	115	126	60	87	93	157	49	72	125	89	86	107	56	76	72	29	75	39	20	21	0	0	0	17	31	36	85	63	43	47	62	42	85	76	107	59	77	44	71	78	42	101	81	61	77	55	146	44	76	27	81	44	74	59	121	64	120	124	49	75	70	52	61	87	40	49	70	49	61	19	65	95	61	69	59	63	107	42	69	99	59	70	105	81	60	58	74	69	88	60	36	65	104	61	57	69	58	76	45	70	79	53	56	106	40	86	26	58	58	64	52	66	104	37	82	70	63	59	87	37	105	32	74	34	63	35	32	61	69	83	87	35	106	47	36	83	44	66	70	51	74	110	78	60	52	66	56	72	44	116	52	71	98	41	62	91	74	84	78	47	110	86	32	106	97	72	38	53	96	41	39	44	63	57	50	57	74	100	48	95	59	136	70	32	62	66	44	69	82	62	74	75	112	88	112	48	67	87	50	72	62	67	87	90	77	75	85	68	47	161	28	55	24	72	119	108	46	74	35	75	93	137	59	79	81	60	58	110	98	70	84	66	34	37	96	44	95	82	99	67	68	29	78	86	67	57	51	59	91	104	80	88	64	38	62	94	138	58	62	54	60	59	118	53	82	97	80	96	64	55	55	87	50	46	94	32	65	95	62	46	71	61	51	95	84	70	52	143	56	70	61	96	64	52	57	65	121	63	54	72	82	139	84	77	93	39	68	81	70	83	108	97	65	38	68	109	45	51	58	72	103	53	94	65	77	32	32	71	72	68	77	78	33	67	117	39	90	75	55	63	76	68	163	45	22	41	113	57	85	59	26	47	100	52	47	69	77	56	59	86	67	72	75	42	46	113	106	68	43	47	64	68	67	95	83	82	76	51	59	46	101	76	47	105	85	58	123	63	36	61	35	41	85	95	80	110	48	46	78	47	59	81	50	64	63	29	68	37	69	75	71	38	85	46	53	84	66	37	74	67	44	61	72	92	65	99	79	59	67	99	52	64	64	52
cell118	150	135	141	113	77	120	75	186	128	148	136	48	73	106	74	127	127	165	96	160	64	77	106	96	138	100	68	155	191	122	168	65	58	53	108	141	75	182	116	159	94	129	80	83	138	198	206	99	172	62	78	136	172	78	114	70	100	136	97	66	140	74	111	52	164	112	84	87	128	52	86	129	117	182	89	142	99	69	113	162	60	182	61	85	127	77	200	112	71	92	121	119	142	119	107	66	83	119	122	150	180	97	171	95	110	134	119	94	72	141	98	72	118	121	82	96	137	89	197	96	130	124	65	153	135	183	125	173	122	56	102	168	100	197	144	108	118	134	79	62	179	64	90	114	61	121	85	84	121	96	81	118	155	93	151	130	175	130	113	100	148	108	82	75	135	150	74	97	170	109	111	138	74	185	88	144	179	123	191	93	104	119	183	205	116	135	167	136	99	94	83	124	137	83	79	87	187	96	72	78	96	100	95	70	97	42	76	115	104	128	102	132	112	117	185	27	124	95	82	80	141	76	200	118	76	135	117	134	76	102	89	89	187	120	106	154	52	93	123	110	69	133	118	144	79	71	59	70	90	44	56	93	34	65	99	73	109	66	93	59	44	67	84	42	54	52	64	66	106	104	113	104	58	48	68	99	90	67	49	96	41	91	99	91	65	61	48	95	81	85	68	63	103	75	54	98	58	82	91	57	83	72	59	82	116	85	63	84	83	69	92	63	64	24	47	35	80	50	45	116	98	55	109	100	74	79	141	30	57	77	126	85	57	54	69	27	74	99	89	53	89	36	67	69	62	65	98	94	122	76	40	62	94	87	71	49	61	34	79	65	113	65	64	48	80	44	123	64	78	44	42	63	56	101	98	71	105	93	67	48	63	46	44	58	24	67	55	71	100	47	87	104	44	68	24	99	94	51	61	77	75	68	130	101	65	67	61	69	72	84	105	74	83	39	63	56	63	70	83	84	33	59	119	45	39	83	49	87	82	74	59	94	84	70	80	151	68	68	80	101	109	57	89	45	74	53	49	71	81	51	31	39	78	55	35	67	49	90	145	117	94	70	62	52	107	99	60	56	120	86	70	77	56	114	61	56	58	74	62	41	99	133	37	55	130	94	65	102	74	38	65	71	41	73	44	58	81	63
cell119	245	201	95	150	137	140	114	163	171	121	121	173	207	191	102	98	63	159	142	142	356	86	230	288	45	128	157	177	117	179	204	143	423	171	184	161	321	185	154	279	109	217	195	91	160	305	205	172	142	238	152	95	183	122	163	384	170	445	246	102	117	242	226	167	243	236	132	256	193	162	135	127	200	113	118	209	193	236	158	159	109	157	206	223	218	152	121	150	134	126	178	118	246	103	145	220	222	81	99	193	155	202	211	339	198	200	106	239	117	156	197	102	185	186	75	117	171	389	233	142	141	189	204	157	157	90	100	146	295	170	169	172	236	213	162	122	160	118	106	163	178	229	105	254	157	123	218	100	97	213	196	144	128	328	193	131	180	121	140	104	227	164	218	193	115	104	123	164	137	182	196	152	216	199	215	149	224	287	129	162	176	131	198	215	188	173	215	183	152	180	134	137	201	137	110	131	105	101	189	220	100	190	180	191	214	130	153	250	171	120	149	122	191	139	319	205	158	72	170	186	195	183	323	119	277	168	152	168	86	230	202	108	158	90	148	235	138	196	179	159	129	107	249	98	79	124	89	99	90	174	149	133	119	131	83	148	96	99	66	70	136	167	94	121	93	59	139	146	75	123	118	134	117	130	110	58	111	110	169	165	251	74	68	141	84	194	121	115	106	132	181	141	78	112	62	79	127	48	105	131	41	117	77	133	86	81	81	114	66	84	132	142	83	99	142	133	91	137	143	102	112	130	103	77	95	129	122	108	108	161	138	97	100	100	186	142	110	93	112	107	173	109	139	130	71	211	97	161	88	223	110	72	155	141	88	129	117	155	85	167	69	99	121	153	110	110	171	123	96	83	139	92	181	151	84	101	72	144	159	163	122	120	85	169	128	181	77	148	127	122	89	53	136	145	109	136	110	104	156	74	153	107	121	92	106	187	103	83	71	96	147	73	31	145	159	86	179	104	86	138	88	117	63	161	101	105	81	119	159	157	124	102	181	50	105	126	83	73	77	111	109	93	75	81	292	109	113	159	86	96	166	121	98	137	168	137	157	57	143	64	186	127	167	86	130	108	121	86	109	71	77	85	94	86	98	187	85	77	102	114	83	153	88	114	125	168	184	280	53	218	84	124	67	51	105	182	86	81
cell120	114	117	78	81	163	105	251	89	138	131	115	195	84	210	133	150	135	98	119	105	98	110	115	146	63	218	218	99	166	103	136	166	139	95	148	163	163	168	183	129	114	88	104	77	117	81	92	58	146	96	148	120	93	128	187	128	62	172	140	120	101	96	69	128	78	132	239	102	173	173	216	147	144	157	81	104	115	98	181	212	188	60	105	252	119	200	131	106	140	96	103	149	166	140	143	134	104	101	91	130	158	84	170	78	172	187	77	131	135	157	160	131	132	199	81	189	177	104	76	137	256	130	110	58	91	156	81	113	220	64	98	130	130	165	145	68	106	86	198	178	113	129	108	100	136	172	117	98	124	82	113	106	176	108	107	80	115	111	131	177	155	94	116	153	125	139	123	201	177	94	144	147	68	65	130	125	58	232	106	166	103	154	114	111	114	144	156	165	92	107	121	103	184	100	133	92	101	172	63	123	137	100	104	152	100	197	87	128	105	152	148	188	115	153	95	144	173	227	89	81	171	109	91	123	142	162	112	133	247	162	138	77	133	144	66	107	114	125	140	135	74	192	179	136	76	58	61	138	68	61	38	78	73	40	89	86	51	83	58	48	57	63	123	74	96	131	88	61	75	84	69	64	95	66	56	75	126	81	69	50	65	109	68	84	73	95	93	103	50	59	74	46	50	93	75	98	70	111	87	106	59	73	62	153	71	67	80	86	112	68	71	58	82	65	97	155	88	41	70	82	55	66	122	51	90	97	83	134	92	83	81	49	143	113	127	64	70	139	66	55	72	79	112	114	70	121	85	59	72	90	72	119	110	92	39	134	61	35	68	51	80	104	62	84	165	56	74	91	79	63	108	75	109	125	26	76	66	111	133	62	118	87	29	112	106	57	105	127	86	69	95	104	123	93	132	111	101	112	45	36	68	88	84	89	63	88	67	82	63	100	65	76	88	109	100	92	100	107	64	121	64	75	101	103	99	81	112	83	59	127	87	53	94	106	49	118	104	85	120	84	97	73	84	51	80	108	70	104	42	99	82	143	106	68	93	115	91	106	72	110	59	93	78	53	71	47	82	72	121	114	79	104	70	83	93	59	66	99	51	108	76	89	68	79	89	78	73	57	118	74	124	58	54	166	90	43	98	70
cell121	101	148	91	201	164	230	94	124	249	148	80	228	84	171	80	128	118	142	127	132	128	174	69	93	94	161	116	222	108	137	102	145	126	82	112	128	155	161	116	226	145	156	127	107	118	227	65	99	118	79	153	173	208	104	185	159	126	170	155	144	105	190	133	112	97	116	88	92	133	76	196	149	157	119	134	102	93	85	101	118	81	131	194	58	196	202	97	189	111	140	120	99	124	132	164	130	109	139	125	73	154	64	123	105	126	118	86	117	92	97	168	96	138	199	105	63	219	243	120	192	196	263	144	154	117	172	106	114	57	120	118	125	56	69	80	123	154	128	181	155	125	71	183	98	220	166	120	87	135	150	139	124	176	152	192	136	52	88	218	125	114	105	124	165	122	103	108	293	116	215	170	248	146	219	188	107	133	148	191	155	74	102	134	134	127	177	140	150	130	171	116	85	134	125	147	130	149	196	150	144	178	129	142	128	181	118	180	150	83	243	252	177	103	113	232	108	175	145	97	200	192	233	162	150	184	118	151	106	167	116	164	225	162	155	124	150	181	172	158	197	99	153	81	100	122	88	94	133	78	100	132	123	83	95	80	138	91	96	36	67	81	94	100	76	132	171	162	86	121	70	94	120	142	61	46	63	92	115	105	52	81	45	84	71	157	136	122	131	91	63	117	84	99	92	73	61	128	124	88	103	150	64	179	78	62	104	45	139	140	43	100	100	97	158	77	112	100	82	75	102	95	100	78	179	147	90	65	92	50	95	91	83	107	100	82	151	96	87	99	64	86	139	77	113	82	63	70	126	103	94	91	101	82	90	79	48	127	162	74	103	56	182	92	75	137	42	106	98	47	40	46	126	205	93	96	181	237	113	57	42	121	87	94	100	139	87	127	136	43	161	105	35	62	54	45	95	40	99	133	111	52	100	114	155	82	123	81	58	107	85	113	95	99	130	127	118	91	152	84	110	197	82	54	72	184	96	106	65	98	77	100	111	38	103	93	102	52	59	116	44	128	92	69	111	145	64	94	79	52	110	80	62	64	101	134	92	98	81	142	53	88	92	100	96	85	57	122	133	65	77	130	98	88	121	71	129	80	127	69	85	111	91	45	115	59	62	76	144	21	122	150	75	39	62	102	71	138	84
cell122	114	227	144	172	208	149	114	154	70	147	113	145	214	134	223	118	163	186	71	159	114	114	88	89	245	229	176	152	79	169	166	146	98	93	188	166	124	130	178	162	145	204	142	231	78	145	169	63	148	213	139	86	91	100	150	115	119	75	94	180	111	121	121	162	89	154	112	81	162	139	77	107	183	150	105	79	239	153	76	140	119	234	129	108	182	109	123	119	171	76	174	106	114	116	134	124	132	97	83	98	61	165	164	125	114	135	145	262	140	173	186	213	141	133	147	121	140	204	200	148	96	149	160	108	126	148	127	150	147	84	154	91	80	133	99	138	199	131	133	193	203	116	114	142	135	106	107	106	127	55	99	73	151	216	220	188	197	94	151	105	75	123	141	138	113	142	135	154	170	216	173	117	111	144	181	124	94	91	89	184	153	191	101	224	163	118	198	109	100	163	152	156	163	192	98	90	208	91	117	82	107	178	90	125	128	120	113	96	134	126	141	85	68	160	223	86	108	143	157	159	165	161	142	180	214	163	194	185	107	108	194	173	94	102	150	158	178	171	149	151	165	120	185	126	135	241	73	129	57	131	100	103	42	100	150	106	156	75	79	96	97	107	86	106	90	33	121	111	107	104	136	86	94	40	75	59	63	58	111	124	51	127	42	95	63	47	41	89	102	80	64	159	72	62	104	81	100	62	60	84	79	133	95	69	137	118	118	85	70	115	139	37	90	111	99	101	36	62	56	111	74	104	95	79	104	65	122	67	69	140	71	74	81	85	76	93	124	97	84	67	140	58	154	57	51	100	56	89	56	113	88	95	61	65	93	123	82	65	101	32	124	68	135	62	55	105	142	86	52	48	81	87	62	119	84	61	77	84	114	79	70	86	85	169	101	116	92	63	69	109	129	70	97	54	117	84	91	100	53	129	84	108	107	100	60	65	88	83	75	80	99	145	95	51	91	111	136	91	72	79	76	123	57	134	118	76	134	60	103	91	76	90	83	59	58	80	74	106	123	61	35	78	38	51	46	57	91	40	40	161	61	90	70	59	58	132	115	129	53	142	99	126	126	54	98	72	57	137	99	102	79	127	107	72	89	67	107	88	92	121	68	134	82	94	29	56	96	137	59	79	120	65	146	133	79	104	76	115
cell123	123	71	162	101	208	241	139	135	157	149	171	242	112	169	233	159	147	250	186	68	138	272	174	279	129	112	78	161	219	176	153	244	47	123	166	201	236	66	145	88	174	144	106	112	139	137	165	156	115	61	122	110	167	97	220	151	86	177	144	142	91	102	109	108	182	92	111	80	143	103	182	184	150	145	124	163	200	202	169	93	192	145	129	97	188	175	141	180	88	134	116	232	188	204	179	163	224	125	147	123	212	161	145	85	172	125	300	151	159	97	120	183	179	121	155	141	140	223	180	157	142	147	162	221	205	103	237	185	142	252	179	247	156	123	151	106	193	210	245	176	143	150	258	221	186	164	220	128	68	96	74	167	126	135	261	196	214	90	155	178	147	161	172	262	154	186	326	94	100	136	110	152	179	115	193	157	227	119	181	232	216	211	166	120	152	119	109	139	284	163	325	222	277	135	126	156	209	140	154	195	86	126	155	205	129	98	91	211	108	77	89	139	94	112	123	154	121	95	119	123	53	188	237	128	181	222	196	141	181	102	138	174	141	167	107	263	64	206	177	181	142	178	118	153	77	99	84	66	55	61	52	164	88	116	119	129	96	92	142	100	134	83	164	76	149	104	77	54	136	97	84	84	72	138	87	79	94	71	133	85	55	117	98	83	176	131	59	100	86	105	149	52	79	174	89	174	54	124	186	43	129	131	91	141	126	98	145	80	90	87	62	100	91	75	103	62	133	81	128	98	62	114	119	149	90	93	110	94	68	177	53	114	109	81	76	79	139	104	119	114	76	116	122	115	113	209	145	83	57	102	168	166	55	94	169	159	85	150	97	56	111	93	91	86	81	81	133	86	81	113	107	131	79	80	67	76	178	135	107	97	79	118	81	89	103	121	97	134	86	161	99	151	91	82	104	191	69	83	84	76	96	224	72	143	75	85	131	95	92	140	101	64	134	117	165	132	101	160	92	91	142	126	81	104	149	99	95	106	156	85	126	168	143	80	74	106	111	98	53	132	49	75	121	58	87	74	74	76	94	123	161	102	76	60	81	72	91	180	135	100	145	189	151	105	79	128	70	82	138	105	58	146	252	128	182	84	138	113	47	147	175	88	129	60	177	65	91	184	124	60	122	90	120	119	60	95	152	228
cell124	244	212	205	110	290	325	271	200	160	211	123	112	219	173	211	350	174	182	141	130	212	130	258	228	259	214	182	226	269	214	147	445	209	270	223	191	197	309	87	202	158	291	218	265	230	383	219	243	230	332	230	208	108	208	195	175	177	219	201	176	172	183	102	131	226	288	265	117	181	180	245	200	231	111	261	177	212	304	128	319	135	152	164	154	472	243	141	344	90	186	154	172	208	185	318	131	189	162	171	265	201	173	104	156	150	254	226	234	97	251	143	190	172	136	210	164	234	273	125	156	156	369	222	85	105	163	232	124	213	163	191	124	373	184	175	179	295	323	165	116	239	193	154	216	202	236	172	262	215	86	237	272	231	132	258	130	237	208	152	285	218	263	172	188	181	176	281	171	159	189	326	271	161	273	323	256	171	118	214	354	152	226	262	257	184	303	279	175	204	180	136	196	132	236	175	181	209	254	260	240	142	469	246	218	249	201	133	318	286	127	261	232	153	202	195	238	330	210	197	213	315	327	218	111	252	183	158	337	150	250	235	256	182	205	203	223	142	280	171	264	295	173	299	198	131	157	195	277	64	147	139	167	107	108	106	195	214	209	169	229	96	132	171	74	155	86	133	180	172	168	131	98	177	170	121	152	177	91	169	110	131	194	66	110	78	84	137	170	88	116	202	162	228	146	74	221	226	95	223	109	92	124	90	112	58	116	95	116	130	123	152	114	147	191	197	137	165	221	93	170	122	111	95	85	235	138	88	163	93	152	148	150	92	240	150	86	204	105	182	97	235	85	111	50	123	88	213	142	168	170	60	90	147	62	91	197	135	199	173	87	117	153	215	151	73	149	121	135	129	178	198	160	70	228	128	122	149	103	169	82	242	111	172	144	181	132	139	191	160	191	131	194	182	96	142	146	150	142	188	114	109	114	139	160	128	118	188	125	139	129	171	158	125	87	169	123	118	146	98	87	269	49	140	71	85	147	122	127	104	163	115	118	259	171	171	198	246	119	190	159	228	80	94	149	99	106	165	102	185	103	128	109	178	121	90	174	96	173	67	98	106	116	101	85	201	128	204	137	222	235	141	131	124	92	121	145	116	203	106	188	138	158	109	127	137	194	129	81	84	153	154	98	129	69	154	117	201	315
cell125	105	153	101	152	103	200	206	150	211	132	222	108	152	200	114	103	146	287	108	155	141	136	181	182	136	160	195	69	167	115	193	161	72	216	236	153	111	256	115	190	122	121	209	224	157	107	303	106	78	82	202	124	184	96	111	94	78	106	132	126	138	142	226	201	67	116	119	140	83	175	118	142	61	131	115	132	154	207	105	124	39	123	163	132	154	60	212	121	100	188	231	102	79	76	105	181	90	171	148	147	109	101	171	108	155	100	114	260	74	81	117	139	149	124	114	156	168	216	96	156	149	159	141	162	134	156	197	115	202	138	81	89	120	116	156	142	107	105	122	179	119	118	219	174	116	224	170	124	78	166	234	152	179	129	118	122	224	107	139	207	128	146	99	107	147	115	139	202	205	148	163	103	155	76	135	202	115	137	150	169	124	189	97	144	233	110	159	176	135	115	191	48	91	140	171	144	192	129	185	186	170	61	165	154	137	82	179	136	155	96	95	174	216	173	226	165	108	125	179	155	122	118	111	103	133	102	185	157	134	88	101	108	132	124	141	154	138	145	190	186	134	250	85	110	123	162	159	117	77	45	76	99	133	89	66	118	65	140	90	63	123	110	78	75	107	178	69	59	121	71	87	71	120	128	106	154	121	37	75	86	98	52	121	92	90	94	91	112	97	203	111	46	115	84	63	94	112	89	138	199	86	59	58	111	74	139	99	75	172	142	108	133	94	55	111	78	96	109	95	109	61	175	127	88	107	166	103	87	143	107	118	202	63	80	49	111	163	79	127	81	181	138	174	71	81	109	102	99	114	96	100	69	106	48	167	136	76	162	118	33	77	118	101	33	138	46	118	74	113	89	116	94	108	123	167	71	118	63	45	93	126	75	115	168	142	144	149	51	78	85	125	75	61	123	66	58	131	86	139	99	89	155	138	80	75	79	103	199	95	106	101	142	108	158	94	147	135	119	170	110	87	79	148	61	101	62	91	89	51	117	148	76	119	92	96	127	98	67	161	176	62	95	91	35	66	72	81	61	111	54	91	45	109	201	103	99	43	71	153	77	79	118	134	161	43	90	75	95	128	119	139	129	126	151	134	39	54	79	100	107	125	124	59	83	80	151	64	95	112	84	53	123	95	65	137	111	116	60
cell126	84	86	183	162	122	68	113	98	101	82	135	131	93	105	129	143	116	224	77	152	78	63	101	83	171	115	41	91	61	114	48	98	91	92	112	81	119	147	97	147	138	104	134	131	159	85	105	179	171	251	141	123	109	363	204	193	217	156	204	228	268	181	292	160	186	96	249	269	145	228	185	96	174	211	110	69	137	99	152	88	140	48	47	33	0	0	0	64	48	48	214	149	136	87	85	118	88	125	135	57	137	80	123	131	113	57	88	103	89	95	143	115	198	105	147	52	90	89	92	166	173	141	88	134	161	128	86	117	129	128	123	124	68	103	205	139	101	152	95	133	33	145	69	63	104	98	126	142	146	109	84	119	116	65	38	93	92	128	65	226	103	181	106	145	252	123	71	170	84	148	81	92	112	119	101	218	53	82	99	111	95	164	146	128	109	150	91	87	55	55	186	125	87	107	103	91	153	91	99	148	83	166	83	94	164	133	117	94	71	114	135	149	130	73	87	77	103	116	105	81	118	194	129	65	97	103	204	123	105	96	81	103	148	74	95	94	175	83	104	60	79	176	127	107	48	178	117	175	84	67	95	100	109	192	76	149	129	141	169	136	128	117	68	120	117	222	93	101	90	66	228	85	68	166	101	82	123	119	150	159	125	142	96	181	188	118	89	80	85	86	131	121	80	87	125	79	203	146	76	138	130	72	93	57	108	61	102	135	124	94	94	149	107	190	93	158	160	84	81	113	120	109	75	137	161	82	93	119	139	121	151	144	70	71	98	80	113	99	129	121	132	126	190	78	62	166	105	192	94	75	143	66	89	162	158	81	138	96	112	142	122	99	99	211	193	136	95	105	101	166	71	94	77	125	133	126	64	98	88	92	97	117	133	107	66	123	99	106	99	146	88	77	104	130	118	93	70	99	33	92	78	112	128	104	126	143	105	154	120	64	116	91	146	108	95	73	80	82	168	134	120	158	160	146	123	73	69	134	183	79	44	69	91	49	81	163	67	192	131	64	121	131	143	87	129	169	109	91	151	125	121	57	69	146	89	196	123	94	170	155	70	165	105	62	119	56	153	252	115	119	149	165	70	115	142	73	73	162	101	126	111	98	120	101	129	177	131	92	128	152	146	108	139	145	165	68	109	110
cell127	73	71	68	86	41	77	67	80	54	77	62	114	71	66	115	125	75	43	57	56	87	70	52	131	70	71	91	65	74	71	115	41	38	88	58	93	57	75	78	39	58	42	109	108	46	59	87	79	28	89	88	52	75	96	122	66	29	101	100	75	66	48	60	100	36	74	118	40	56	85	89	94	116	61	106	61	120	74	62	70	95	103	103	91	55	49	64	103	50	53	114	83	118	32	41	50	47	161	48	92	53	110	38	44	101	26	122	95	111	64	131	69	45	99	66	42	40	43	67	58	83	82	96	104	98	102	72	42	66	47	107	41	59	90	80	64	70	82	79	111	103	69	64	182	39	89	72	77	73	52	106	63	69	83	54	67	63	49	120	127	68	107	81	125	68	63	70	67	95	104	104	71	90	126	124	87	58	95	50	125	73	88	68	48	75	91	84	55	79	62	71	69	71	45	61	78	53	110	107	77	27	31	67	123	62	93	49	27	74	177	97	66	81	112	85	63	100	59	34	80	64	119	65	125	61	58	130	82	52	92	69	59	60	103	72	138	130	84	56	99	65	103	86	123	63	38	29	59	58	39	31	29	37	49	60	36	50	40	55	57	34	66	52	49	37	49	61	39	33	22	39	39	51	36	60	73	71	69	52	48	74	38	47	48	93	48	29	52	36	29	86	34	44	63	18	58	61	47	55	58	32	32	50	54	30	58	47	42	44	41	60	44	37	61	73	57	79	65	51	64	44	51	73	45	56	48	79	60	46	46	41	53	49	97	54	30	77	55	67	46	44	34	71	50	41	59	66	73	26	37	38	93	64	84	83	47	36	55	57	69	50	44	50	34	73	72	38	23	41	47	52	33	38	57	53	72	58	56	37	72	40	62	54	50	32	46	42	81	78	37	64	63	81	63	91	56	61	43	56	51	64	62	40	50	80	50	38	14	19	59	53	58	82	46	62	65	45	74	42	38	36	36	35	67	54	45	54	63	40	52	94	41	73	27	57	40	75	46	63	59	40	37	63	44	54	52	51	78	37	75	36	73	31	30	39	47	47	58	44	42	52	48	24	40	45	58	41	49	43	91	78	67	33	37	38	51	67	69	44	40	38	70	56	35	94	30	60	72	28	62	68	65	53	30	39	58	20	60
cell128	59	87	81	50	116	59	99	100	74	55	106	35	45	88	104	54	108	109	82	77	161	66	105	88	150	113	97	91	61	164	86	71	60	83	97	56	120	89	68	117	84	100	95	101	101	91	77	139	152	140	124	103	96	120	127	203	106	84	175	203	63	181	210	60	81	164	130	132	111	184	84	115	143	101	134	124	111	105	92	148	32	34	36	52	0	0	0	37	46	62	89	62	106	63	232	149	136	87	50	121	122	39	103	82	82	131	121	159	33	104	50	64	132	139	59	157	111	97	88	75	119	69	151	103	67	120	85	103	81	94	64	116	122	89	95	72	100	72	100	95	86	62	68	139	132	185	52	131	88	85	89	127	75	106	135	78	97	142	61	57	52	38	62	101	93	50	72	125	118	101	144	75	96	48	61	62	39	114	182	77	122	67	145	76	157	84	50	91	196	103	103	127	195	67	79	121	56	62	94	107	117	77	56	113	95	63	126	106	98	66	118	122	137	73	56	160	71	58	56	124	118	138	88	157	256	78	52	96	112	104	93	76	62	76	135	139	93	174	73	84	84	83	85	89	91	133	159	74	77	78	142	57	81	47	93	69	116	78	175	115	87	155	97	127	93	98	195	80	88	91	70	110	124	68	75	88	95	121	78	80	133	106	82	94	67	164	119	51	90	78	51	108	82	62	148	74	97	106	93	74	40	34	112	127	110	85	56	46	85	54	110	90	65	68	102	97	113	80	82	123	70	112	103	152	112	57	142	117	93	116	134	88	71	68	65	52	69	48	72	162	107	90	100	102	143	74	110	60	49	70	117	170	97	98	80	73	87	93	125	95	129	94	121	71	64	140	48	97	53	80	140	61	84	98	121	124	54	40	54	182	68	116	83	58	146	64	82	67	113	75	83	99	76	72	66	128	107	59	131	134	58	135	61	75	103	63	114	58	33	202	73	93	183	41	89	109	52	82	67	146	75	76	134	94	93	122	84	97	90	137	84	72	47	128	61	154	113	51	74	134	88	43	102	89	93	156	122	85	133	81	97	101	84	96	70	66	66	59	65	117	158	86	82	103	89	101	117	75	97	113	103	107	121	54	132	75	123	143	99	78	112	112	77	106	50	85	120	71	56	64	124	65	64	146	97	87	74	95
cell129	146	101	96	185	129	93	93	84	113	132	96	110	124	124	170	191	159	139	206	70	154	85	171	141	181	159	102	136	108	143	113	143	137	64	91	61	141	143	139	132	134	154	85	163	177	79	67	42	124	107	178	160	119	170	91	174	95	179	104	121	132	109	110	141	68	96	136	121	143	71	77	123	104	79	60	94	69	123	68	144	106	46	105	164	67	86	49	127	106	138	99	70	97	109	143	141	67	82	183	201	138	184	130	50	73	147	98	113	91	184	86	126	62	142	81	73	103	85	90	72	163	145	144	82	69	93	132	77	172	111	118	75	109	119	109	95	117	50	94	134	124	87	111	111	84	83	125	171	68	90	114	82	141	146	87	75	166	68	179	79	165	100	138	108	151	124	149	111	162	124	82	139	86	101	102	118	127	177	160	130	126	67	59	82	71	67	91	99	107	113	177	104	106	49	231	137	86	147	202	117	132	47	41	122	184	94	115	86	148	168	120	107	102	126	110	155	87	105	126	187	125	104	92	186	60	116	100	85	112	89	100	83	137	139	111	69	213	83	88	69	162	80	125	141	82	95	62	52	66	101	126	94	67	100	56	93	72	69	70	113	58	76	73	48	92	89	70	85	42	70	78	99	54	65	128	81	132	57	138	84	42	63	66	77	127	58	75	56	67	119	51	84	80	63	65	90	47	89	47	114	115	137	97	62	70	101	44	62	77	79	78	80	35	69	75	89	47	63	33	58	90	41	112	82	49	130	71	90	103	76	68	81	90	44	81	34	87	76	69	85	82	138	40	68	81	67	64	30	88	92	132	58	82	70	89	94	74	97	69	44	55	113	69	80	45	109	69	68	34	110	106	79	120	86	64	78	106	36	38	52	70	59	85	59	54	79	106	100	91	41	112	77	83	59	100	89	48	67	45	50	66	84	60	75	54	40	49	81	62	83	106	66	70	46	71	86	43	40	60	75	66	74	37	47	67	59	75	40	37	66	157	90	63	90	99	45	70	83	113	55	85	60	62	94	73	92	70	57	96	100	63	104	36	70	86	82	64	62	65	104	65	106	92	49	86	50	90	87	78	62	55	50	68	78	74	61	106	54	59	74	54	91	25	99	77	62	76	47	58	59	85	74	58	129	79	80	80	119
cell130	149	93	54	123	99	87	91	93	107	114	172	128	88	130	57	143	87	126	62	63	101	90	73	89	117	83	77	157	118	57	212	62	56	100	123	62	130	84	123	88	111	96	108	158	104	90	56	83	57	101	101	88	99	74	74	93	81	109	133	108	95	70	100	95	79	83	133	192	109	101	127	129	151	83	168	69	69	134	97	123	96	94	160	98	47	92	156	55	94	141	105	164	97	82	104	74	88	172	70	78	74	89	76	162	36	134	164	174	145	107	144	111	84	87	127	103	104	78	102	63	79	56	109	111	116	125	110	99	134	136	82	170	104	122	68	170	88	148	122	121	117	110	66	93	82	134	182	167	60	118	113	100	98	131	104	122	94	100	114	155	67	57	70	163	110	85	124	103	134	165	58	84	229	137	78	104	140	98	75	72	88	120	75	149	60	119	90	56	86	109	197	117	63	166	79	61	121	51	60	57	77	103	125	144	105	83	104	79	69	75	76	132	52	87	82	105	78	51	117	77	113	93	141	84	115	85	79	75	61	109	118	32	61	143	135	51	103	100	100	122	67	85	33	157	92	73	115	93	56	43	59	95	53	52	53	31	77	63	51	50	67	60	79	66	71	32	68	36	57	85	73	66	68	113	84	42	13	55	61	67	88	65	58	133	35	74	42	41	50	70	59	73	32	93	87	42	35	67	60	60	30	34	58	45	63	81	55	49	34	69	106	46	50	70	35	47	56	34	56	60	35	58	49	33	33	103	42	57	56	76	80	60	87	63	42	41	50	48	77	60	61	89	93	97	45	91	46	51	71	108	121	61	44	41	75	109	60	98	64	36	46	34	63	62	41	57	100	108	30	53	51	63	113	49	69	56	24	50	63	62	57	79	73	69	101	93	73	73	89	55	52	42	41	39	18	148	33	53	87	65	73	83	40	35	73	86	74	72	82	78	91	62	57	83	79	123	42	79	84	70	61	72	27	54	80	85	87	73	44	59	60	75	80	86	83	29	93	77	75	82	34	46	61	104	51	48	96	75	92	81	61	65	86	66	52	99	61	60	58	53	62	57	65	135	73	103	50	62	89	55	46	72	73	72	32	26	59	74	116	49	56	27	98	59	85	41	40	64	27	88	62	41	56	41	64	97	153	88
cell131	76	141	114	106	126	76	141	140	126	64	117	113	144	118	75	152	104	79	55	90	70	75	111	109	100	132	105	60	189	99	79	120	204	150	108	123	93	99	137	91	127	98	108	69	159	138	108	100	104	92	157	182	106	71	153	147	125	154	54	53	42	79	160	163	61	86	144	101	84	145	126	127	191	135	165	57	182	108	43	96	103	96	108	78	104	135	122	154	127	107	140	147	122	105	92	131	101	103	68	86	152	130	122	70	100	104	75	95	159	128	98	112	185	146	105	65	111	100	115	154	68	166	110	132	63	76	128	51	72	168	113	91	94	147	126	201	80	92	103	172	154	79	119	138	112	206	143	120	92	119	83	155	94	88	145	113	163	170	123	170	125	77	84	84	124	204	108	102	166	150	136	116	94	89	103	130	114	70	66	63	91	134	39	115	93	106	174	46	57	114	63	149	161	179	71	154	95	85	119	105	73	62	114	146	99	82	149	179	82	145	173	82	66	89	93	120	103	50	37	140	166	187	167	64	88	162	78	138	131	124	39	158	96	54	109	102	83	157	212	120	142	85	110	64	99	49	39	76	107	81	49	56	51	74	72	83	112	108	69	111	104	111	40	66	88	119	101	42	80	67	55	81	55	55	88	58	56	53	82	108	63	34	60	76	118	65	32	78	75	136	66	77	46	93	96	82	124	91	43	59	38	56	75	60	83	37	72	58	69	33	58	75	71	66	166	56	58	115	75	39	50	84	76	91	74	51	46	48	53	78	45	97	84	79	65	32	94	68	119	105	51	63	66	95	47	56	89	35	72	62	80	82	52	99	85	98	45	94	43	113	71	53	55	53	63	61	53	85	70	88	68	103	55	82	96	95	94	56	71	76	63	82	52	101	42	77	67	55	46	51	59	40	93	78	53	48	106	69	68	51	69	93	48	84	45	57	113	96	35	75	108	89	66	80	55	97	76	54	41	64	48	66	106	40	178	54	75	71	84	36	78	91	77	42	85	61	43	76	39	65	83	97	31	48	81	48	66	59	71	75	77	122	87	165	57	104	74	69	96	40	72	95	80	73	96	79	50	97	63	58	79	96	55	38	76	132	79	71	100	64	118	42	71	79	81	82	88	57	62	105	96	54	62	53	93	45	57	76
cell132	113	196	126	89	74	192	149	36	86	123	88	110	160	139	77	176	89	153	146	107	156	148	94	125	97	122	140	166	177	128	206	83	99	125	111	120	145	101	87	116	192	122	107	164	156	86	120	169	144	134	117	295	165	215	67	114	157	95	151	103	114	153	99	155	118	121	139	174	147	65	85	155	123	131	124	179	128	144	145	158	87	105	214	163	84	160	159	164	103	121	45	94	176	80	130	170	129	192	98	84	119	247	89	134	294	116	137	124	139	134	153	111	136	105	90	167	179	60	207	91	101	80	195	92	97	99	209	85	156	163	86	109	109	68	90	168	156	66	108	59	107	119	133	104	86	174	124	127	93	116	84	103	146	212	161	197	152	91	104	126	127	71	179	109	102	167	167	105	118	195	197	175	140	124	107	250	102	107	194	117	75	254	116	117	136	89	237	154	96	189	88	109	163	109	85	156	71	131	73	223	158	144	98	163	45	206	142	102	110	98	118	133	273	64	89	89	231	138	119	78	128	66	113	247	171	87	96	75	163	120	130	243	91	256	99	115	59	210	144	99	169	60	125	208	84	84	61	81	75	112	118	48	75	96	93	68	54	102	67	80	52	50	64	124	114	92	40	99	77	78	128	149	61	96	102	81	134	57	83	159	55	28	50	60	49	47	100	98	108	65	119	68	60	62	33	80	76	81	78	113	93	72	98	79	113	96	120	57	61	86	105	79	41	89	81	60	97	64	81	95	106	63	84	77	91	95	73	114	68	68	56	118	73	88	90	41	119	73	57	81	88	52	75	54	86	133	143	166	110	48	110	48	67	100	72	86	100	93	48	116	150	39	83	50	47	94	117	58	66	132	117	81	89	99	110	98	71	61	123	122	139	64	97	94	71	94	115	77	103	97	64	72	89	51	49	83	63	133	85	77	89	53	55	154	113	119	107	81	81	62	68	105	97	118	87	48	97	63	61	90	88	84	92	85	77	166	141	101	75	55	99	75	77	45	101	84	75	86	92	32	77	69	93	58	88	90	113	94	124	132	140	77	103	89	102	94	88	52	50	132	102	147	84	94	74	62	64	72	49	58	69	59	68	15	68	62	115	76	92	77	81	37	73	130	50	121	112	121	114	58	51	110	89	100	89	109	59	61
cell133	237	107	130	251	155	219	97	239	180	139	189	243	147	257	206	238	166	126	148	154	238	172	234	111	178	169	219	134	168	221	195	203	222	184	126	181	226	222	180	225	139	259	232	209	93	139	253	232	271	217	112	196	215	169	120	123	184	197	216	215	156	140	177	266	233	192	82	190	43	106	200	173	156	198	278	186	119	157	103	198	223	162	109	135	73	147	177	178	405	287	212	161	312	230	76	221	218	225	219	172	201	101	213	167	183	165	206	175	176	189	91	294	168	228	283	144	259	119	127	149	248	283	195	257	158	130	118	108	225	158	183	262	223	170	200	256	169	85	155	211	287	203	160	140	79	148	390	202	267	288	147	157	217	94	195	270	273	196	185	133	177	236	141	236	145	304	140	167	153	316	182	91	177	223	199	176	185	260	135	180	209	128	140	297	153	230	257	144	137	202	188	225	292	220	256	193	226	252	175	192	165	208	112	109	114	142	200	289	217	153	238	86	336	160	83	228	174	149	172	238	218	227	138	200	138	168	333	117	242	247	214	190	212	346	157	188	149	206	163	153	194	150	177	136	56	190	279	118	98	115	86	103	75	189	126	147	163	130	143	62	103	166	112	93	96	133	108	145	173	113	109	94	174	146	163	134	136	80	164	172	115	180	77	109	101	134	122	107	189	103	128	195	88	126	122	160	200	130	148	130	141	63	89	43	89	199	124	158	115	146	165	126	102	110	198	97	147	146	213	165	115	117	136	159	162	110	100	174	126	96	81	80	161	178	69	78	124	109	85	94	115	75	138	88	85	83	154	74	118	93	111	108	87	106	110	118	120	78	141	79	129	100	124	195	129	93	50	69	146	144	94	117	89	196	194	96	160	106	55	95	66	123	119	120	117	169	78	72	125	154	100	246	121	59	240	133	99	164	124	157	56	98	61	191	109	164	79	94	107	99	125	179	111	119	165	275	83	92	106	90	134	109	125	158	128	130	128	150	113	120	96	81	56	137	133	97	92	116	85	183	183	109	148	66	68	127	112	134	59	149	211	96	96	131	161	194	70	94	88	83	115	189	83	107	174	137	155	70	185	119	44	138	86	157	107	144	127	101	121	114	99	129	75	68	193	74	101	142	151	79	89	123	90	46	115	130	161	84
cell134	24	86	103	95	90	47	56	88	76	58	82	46	30	102	54	100	65	114	36	77	85	46	71	51	55	60	72	49	49	67	52	37	113	67	72	67	78	100	72	60	87	61	30	72	69	82	44	71	61	84	114	145	115	66	62	65	106	83	58	116	66	140	60	87	62	101	68	90	104	51	115	105	96	107	83	64	91	48	59	58	66	32	22	28	0	0	0	25	34	29	71	42	91	64	53	103	50	32	67	46	33	45	67	57	45	73	38	70	59	35	75	46	48	53	50	48	41	118	51	66	55	41	57	68	49	92	54	64	100	54	102	52	102	66	41	76	37	49	64	80	100	44	60	54	59	109	68	57	69	52	66	37	74	70	113	88	54	48	59	43	30	72	54	60	39	89	61	43	68	85	75	31	58	77	79	45	52	42	46	64	46	52	63	100	87	59	39	54	54	79	102	70	52	103	27	32	91	63	96	50	40	119	92	52	75	48	31	43	113	98	83	41	58	113	65	81	96	43	77	88	38	66	59	67	72	91	93	141	28	82	56	95	82	137	75	92	49	68	57	108	56	37	60	74	43	92	106	103	49	65	101	79	51	72	72	57	29	96	62	81	73	57	61	59	75	108	62	99	51	51	97	90	73	70	46	46	95	98	52	52	65	91	50	65	82	50	23	111	22	108	74	62	75	45	32	61	83	76	76	96	62	45	57	114	24	63	68	40	75	77	54	89	56	104	107	127	67	74	75	49	86	55	51	66	58	81	56	68	50	53	64	68	81	48	74	45	40	80	35	95	60	48	24	120	58	53	87	78	54	77	91	64	71	79	25	57	69	36	88	62	38	35	77	97	38	20	83	68	45	52	39	77	55	74	101	49	93	53	58	50	48	64	54	72	57	74	45	56	48	108	47	68	52	58	65	32	59	122	106	59	55	72	50	57	72	46	84	81	62	83	92	33	65	34	104	69	45	78	108	64	29	97	52	72	56	54	66	96	83	71	63	71	93	75	42	65	43	88	71	48	105	64	34	61	77	36	84	71	42	57	67	82	72	74	70	72	55	48	52	55	33	75	36	63	29	49	122	87	71	58	70	43	46	117	43	57	75	41	57	58	76	75	107	32	77	42	74	31	61	56	125	42	58	37	38	66	30	48
cell135	57	97	57	109	65	162	74	81	109	127	32	117	100	57	129	83	87	58	104	88	108	49	41	64	37	127	120	108	155	91	153	71	101	89	35	78	92	98	66	139	124	91	152	61	142	157	88	95	136	148	98	108	183	169	140	123	187	228	120	131	189	149	66	131	143	132	223	111	163	141	126	216	294	116	124	61	124	79	79	185	101	28	51	77	41	43	40	49	36	37	107	78	89	60	112	98	101	107	64	105	73	129	123	115	75	107	103	58	94	120	114	63	157	104	53	110	88	63	86	85	101	99	60	168	106	80	105	118	96	55	72	120	98	69	63	54	77	118	123	142	90	126	69	64	122	71	105	121	71	76	106	189	98	58	78	73	96	69	129	52	90	108	82	50	84	54	40	128	106	63	113	61	83	95	125	130	95	100	131	151	116	97	68	73	41	148	125	108	88	89	60	69	50	144	209	51	80	96	89	83	114	168	98	159	138	113	80	134	48	107	67	94	117	91	88	172	95	137	37	91	83	149	53	58	59	64	66	107	82	72	146	137	79	59	96	58	79	134	113	121	48	62	97	86	119	112	43	101	74	129	69	91	125	60	62	52	106	154	146	93	71	151	143	95	106	105	90	119	116	56	134	114	86	68	69	59	113	96	91	136	82	166	83	54	86	67	150	98	46	109	98	79	104	89	63	66	126	62	97	101	75	104	112	87	139	96	129	74	73	125	95	75	119	97	103	103	138	90	124	111	157	61	93	57	133	107	68	65	75	73	99	107	115	77	85	60	132	73	114	192	83	78	93	123	101	123	18	35	170	80	76	147	62	112	56	73	62	106	79	121	52	105	228	71	78	73	60	173	104	66	41	48	72	44	45	139	131	124	145	120	107	109	101	123	55	107	36	93	45	53	66	61	78	63	119	87	85	52	159	129	89	158	160	61	43	99	106	73	66	70	142	115	88	115	62	97	128	96	59	84	145	95	63	127	63	103	115	74	86	80	98	77	70	99	104	72	57	135	122	153	108	70	74	123	129	46	75	97	88	117	128	112	69	135	108	91	75	93	67	125	98	136	121	65	49	68	106	97	149	102	130	108	100	140	105	91	95	86	58	102	144	89	86	46	91	83	88	45	78	98	93	74	88	124	81	86	36	109
cell136	142	188	107	83	133	103	98	194	119	207	80	93	70	55	96	136	122	81	144	167	121	186	127	117	95	121	164	151	114	136	65	62	187	132	234	107	84	119	187	190	157	133	148	89	160	108	65	78	155	93	133	97	105	125	57	148	80	102	108	112	89	88	89	125	111	90	176	112	139	152	96	124	84	94	133	107	156	159	113	96	63	97	54	90	79	151	84	106	136	121	101	100	77	175	99	82	157	183	125	130	128	126	139	143	196	192	180	189	102	88	92	97	130	170	117	186	123	118	89	190	62	122	104	60	94	161	92	106	88	130	96	110	131	113	169	84	68	86	148	108	128	127	119	82	188	76	72	123	179	167	149	127	106	88	151	115	77	89	99	152	48	191	142	69	87	129	96	104	112	167	70	192	88	143	94	75	102	51	142	159	102	119	170	75	144	147	135	113	116	126	120	84	164	122	109	133	143	98	103	161	87	139	135	100	91	188	156	144	217	128	182	159	213	179	137	110	89	206	90	164	128	168	149	135	131	120	100	194	141	190	88	98	142	172	122	140	187	158	84	124	98	186	148	148	63	87	78	49	109	72	24	91	54	107	51	66	97	131	74	64	52	56	128	84	95	143	132	85	131	74	80	44	81	59	99	140	79	72	99	36	42	66	42	66	97	56	98	43	140	55	70	83	89	124	61	89	113	47	67	60	39	98	97	66	71	79	64	81	47	64	121	81	146	89	37	65	101	85	80	81	96	86	97	117	87	54	102	117	92	39	65	82	61	83	60	113	51	77	86	119	69	63	61	90	71	116	68	82	141	92	54	115	90	81	112	175	94	58	95	95	57	86	55	87	70	111	74	102	77	143	77	51	74	148	46	50	61	55	76	48	150	70	66	77	110	46	85	91	117	51	126	73	60	60	55	93	145	52	106	111	59	51	59	86	71	60	52	175	99	121	133	105	57	86	50	59	85	61	63	71	81	84	86	144	34	70	64	20	101	112	57	101	65	111	51	75	54	145	121	66	57	71	110	116	94	109	134	106	77	152	81	114	117	133	81	51	62	75	135	93	91	107	82	89	70	107	85	58	78	80	85	53	87	110	98	127	111	69	87	139	91	108	83	86	90	116	72	53	79	95	42	66	76	112	62	85	95	65
cell137	107	194	145	156	121	102	74	165	131	90	97	128	99	84	103	164	156	114	146	142	101	133	201	102	147	62	212	223	159	165	92	144	100	85	72	127	147	128	138	165	117	244	86	159	173	135	170	119	150	136	150	130	177	184	131	139	126	92	78	67	99	113	196	85	212	105	90	106	174	223	105	198	196	95	57	113	80	185	71	103	95	110	161	168	132	133	116	165	120	154	121	145	226	152	117	133	94	74	96	115	82	123	155	149	161	146	136	103	103	160	111	153	234	194	145	179	181	148	105	141	80	236	70	112	105	215	116	148	151	118	181	144	120	67	140	84	151	70	75	97	173	87	137	142	184	101	165	112	85	86	147	104	111	151	148	131	187	155	162	137	73	126	189	96	85	169	107	104	196	143	81	162	100	197	203	117	97	159	108	171	87	153	138	168	115	126	105	109	104	116	142	110	146	212	117	154	242	126	77	131	69	136	134	144	110	148	55	70	178	96	101	120	115	180	128	166	92	117	70	125	112	91	74	124	146	135	169	145	148	239	124	127	188	92	229	87	77	138	183	77	78	149	103	86	54	56	43	42	112	53	81	70	75	67	124	122	75	101	109	84	86	76	57	61	71	50	103	85	65	103	87	116	137	123	46	73	66	84	91	48	131	94	95	41	89	60	71	66	88	68	95	52	101	136	87	49	53	72	118	86	116	85	51	70	112	68	94	55	35	64	115	72	46	171	97	82	70	85	42	84	43	76	139	66	93	40	124	45	86	52	116	179	96	103	134	86	102	67	85	81	107	95	117	48	78	128	92	91	77	60	78	79	99	93	88	66	64	106	53	122	66	70	82	101	112	71	61	93	148	25	125	104	103	62	69	30	75	78	183	38	100	100	61	99	91	189	112	38	113	111	62	94	51	124	80	67	65	83	57	132	81	38	59	73	99	76	63	48	105	72	49	88	62	105	40	143	115	109	54	81	53	91	38	106	73	70	97	100	49	60	86	63	72	136	101	78	61	149	55	84	85	118	34	83	121	129	122	110	121	126	115	82	99	88	131	57	85	71	82	156	120	101	125	87	87	123	57	47	111	85	45	125	64	81	49	144	117	76	108	98	100	62	63	149	70	41	120	109	35	125	44	115	81	121	87	73	60	145
cell138	253	131	328	266	155	199	116	127	213	154	185	199	108	136	183	217	308	175	175	163	125	174	234	234	224	212	187	228	145	145	216	244	97	174	246	174	265	198	163	138	168	144	262	307	124	225	265	238	250	211	172	212	135	257	189	220	143	302	154	234	170	238	170	232	172	126	133	210	298	379	200	109	198	171	218	197	206	231	179	247	193	74	189	162	183	214	180	203	121	224	219	222	212	267	118	163	169	180	77	193	125	274	320	140	206	133	243	193	151	114	248	304	409	201	134	169	171	217	172	138	146	180	249	247	85	184	168	291	176	262	197	191	132	147	94	146	156	114	238	218	275	145	173	195	252	298	141	184	251	116	109	176	149	128	253	168	618	194	370	217	251	131	142	204	150	235	174	213	205	199	140	289	203	188	224	142	78	199	181	184	232	143	213	109	83	194	152	259	160	197	279	139	220	168	184	151	225	262	254	288	112	198	287	279	174	216	146	199	286	231	194	200	192	167	272	147	230	100	129	163	262	318	197	186	121	173	151	151	251	219	303	205	179	213	206	102	233	271	214	156	193	124	262	199	99	164	123	179	109	156	122	92	128	146	76	48	88	165	125	114	78	162	124	54	133	180	146	142	175	113	63	195	90	106	115	100	97	104	283	101	139	59	128	138	165	98	131	125	130	165	80	163	77	282	94	192	146	131	275	120	220	144	147	68	122	83	187	146	95	128	165	176	132	75	165	84	112	154	107	192	83	135	94	169	196	89	143	174	174	160	140	108	180	142	140	68	126	53	116	99	108	134	263	134	77	118	111	96	175	152	95	194	94	69	104	174	164	115	119	158	146	70	131	96	89	145	162	101	157	96	194	96	118	78	146	74	169	128	82	47	110	141	105	117	116	133	84	91	187	64	147	116	184	120	127	160	114	97	120	122	92	128	85	150	90	156	225	112	103	105	252	116	121	106	69	97	114	117	122	142	91	152	101	67	81	128	102	82	133	132	120	128	69	176	77	190	257	142	43	71	89	63	101	171	177	90	136	115	162	113	98	139	117	122	125	71	87	97	78	57	196	140	74	122	133	181	80	111	137	118	56	144	135	116	105	91	151	139	114	210	114	164	134	118	140	95	82	91	145	100	159	99	59	102	51	149	168	153
cell139	115	109	196	174	171	190	187	217	139	127	205	215	139	216	125	182	112	134	151	244	128	74	135	98	73	121	189	116	121	108	131	172	175	76	160	161	129	233	115	82	261	242	87	206	103	112	137	230	209	97	188	131	80	263	129	116	130	230	216	79	54	153	156	384	136	267	92	207	132	129	154	80	266	101	220	202	192	121	251	146	145	131	141	199	268	272	79	144	216	165	153	205	174	128	200	114	108	192	90	173	164	141	181	154	130	139	176	211	90	223	173	121	116	143	260	179	216	164	196	203	142	296	195	93	252	180	128	239	183	82	206	112	195	95	171	173	255	250	144	161	184	155	185	97	137	147	135	185	210	173	161	118	181	287	152	134	110	269	107	274	177	191	119	135	275	130	122	221	162	107	152	129	120	144	160	151	114	94	170	215	207	146	125	205	261	197	194	133	85	125	165	206	216	79	170	166	206	211	141	379	354	248	231	264	144	102	87	120	96	177	254	169	183	164	122	107	153	185	243	121	190	171	124	123	260	214	171	101	318	90	165	163	102	228	183	161	165	127	88	239	146	147	251	190	125	56	117	151	127	129	139	60	99	55	104	61	92	164	91	100	149	88	127	123	96	101	84	115	86	80	87	197	93	111	94	94	81	195	123	92	163	88	101	127	71	94	101	87	72	91	95	43	162	61	128	106	70	123	149	70	93	128	122	77	138	85	96	155	49	72	178	143	167	87	88	130	97	152	66	120	161	95	86	105	132	96	88	178	103	123	74	107	104	101	93	89	85	106	134	113	88	78	128	101	90	51	151	169	88	165	116	102	92	82	132	78	93	60	108	74	86	82	70	110	53	170	121	167	122	58	38	86	138	60	136	137	182	100	72	95	37	159	164	161	66	82	82	114	161	114	147	56	94	89	151	67	140	118	190	70	151	243	97	77	126	43	83	146	97	100	138	77	59	116	119	75	46	128	134	95	116	66	140	94	81	109	107	95	64	66	93	76	96	106	142	154	146	150	154	109	135	135	157	64	97	98	96	123	114	79	77	134	176	65	111	106	103	104	146	84	95	148	78	104	111	117	86	65	63	204	124	111	116	82	126	75	155	80	51	112	113	80	133	123	155	91	90	115	114	50	186	102	101	108	83	123	174	106
cell140	179	301	290	224	99	129	219	234	163	243	187	138	229	305	225	282	171	108	276	227	306	176	152	152	209	217	187	164	170	143	144	179	135	228	225	256	186	228	189	330	261	135	142	194	267	216	158	222	180	84	183	113	215	268	179	67	131	306	232	172	302	188	101	290	276	199	191	234	131	227	157	163	248	356	156	128	207	82	257	184	163	178	269	140	162	217	212	208	290	254	359	152	242	234	281	368	119	166	242	159	133	217	208	218	242	178	126	204	268	219	155	240	317	193	117	253	248	178	105	153	104	226	139	265	255	269	156	299	262	124	145	271	170	174	206	218	106	132	250	270	148	256	170	259	268	229	204	152	208	171	235	189	152	204	179	318	247	214	277	256	228	162	182	316	206	294	235	115	242	155	180	220	189	226	250	153	158	219	184	141	232	224	258	122	193	212	216	119	118	112	369	269	175	336	211	272	203	156	308	203	222	190	173	285	126	120	189	188	372	272	240	193	267	74	352	127	228	106	193	272	221	198	200	224	223	168	310	308	256	174	216	166	174	109	249	106	265	105	194	287	160	164	321	218	205	180	137	154	178	144	276	167	178	129	88	95	118	140	207	158	89	103	106	238	195	69	238	188	241	93	147	158	196	180	142	93	138	163	138	113	143	100	167	149	157	211	125	101	138	89	243	110	161	222	171	129	125	209	126	148	173	156	149	108	250	121	140	68	65	161	117	216	109	135	257	146	134	143	144	134	184	89	217	119	226	217	65	143	141	102	171	124	130	54	189	110	100	233	205	108	184	263	121	141	121	174	110	89	162	213	108	150	216	123	159	141	64	83	161	220	103	124	78	69	66	125	262	86	174	250	169	157	94	79	95	181	181	180	245	241	186	70	191	164	120	203	128	211	121	119	163	130	153	214	198	132	190	157	98	183	148	104	211	73	140	112	90	39	152	80	258	86	160	118	96	240	71	90	131	156	121	188	130	129	137	156	276	119	144	98	87	150	170	136	133	129	115	132	140	25	114	159	103	128	127	194	237	145	188	144	111	91	76	192	122	144	186	114	100	162	102	117	124	182	117	151	215	177	77	109	136	184	82	305	154	103	212	143	189	92	61	113	124	117	80	179	136	115	148	176	138	188	164	197	102	126	171	155
cell141	120	126	113	156	148	100	230	87	173	121	65	100	96	176	126	154	145	148	107	141	148	119	182	209	92	210	165	126	135	69	187	77	106	147	142	240	165	109	164	122	180	78	204	163	165	171	182	257	132	142	196	22	130	116	67	178	91	145	108	174	145	115	122	111	89	145	134	200	141	157	89	114	176	125	103	135	104	79	127	171	142	141	139	264	163	156	106	160	108	137	110	53	132	88	170	76	93	154	81	136	117	173	116	74	135	181	145	204	154	68	104	126	171	173	281	145	98	105	48	221	208	172	70	193	173	125	144	142	193	79	106	167	111	151	105	116	104	63	145	210	144	91	146	155	115	119	255	127	197	201	141	174	176	144	148	79	153	114	225	120	192	161	283	85	98	205	211	250	203	184	122	53	178	146	75	106	97	140	136	153	142	108	138	105	187	82	128	206	89	184	102	96	161	220	135	79	117	137	147	103	133	130	147	236	153	141	149	89	155	109	147	160	86	128	203	119	117	180	148	109	285	162	115	193	56	191	100	216	53	246	118	168	106	161	159	127	159	171	129	137	93	152	147	205	155	68	82	110	95	68	158	36	105	62	94	120	94	135	106	80	125	100	60	83	111	91	133	54	112	77	96	82	81	44	62	95	77	87	79	56	76	76	146	80	91	102	113	60	92	90	81	73	64	128	67	99	79	123	78	110	118	66	63	87	62	61	100	95	50	124	109	101	115	111	50	134	50	74	108	52	100	77	86	76	50	108	62	115	74	93	62	62	111	95	73	55	125	77	103	55	143	104	75	57	92	131	48	86	111	31	58	86	66	86	63	134	110	137	86	122	47	114	100	65	86	95	63	45	95	72	100	46	106	127	97	137	113	114	47	88	99	93	130	108	60	84	119	106	87	113	38	111	63	127	120	114	106	69	112	106	121	104	117	92	93	102	131	74	85	78	33	46	83	50	98	36	103	70	170	101	76	84	89	40	96	108	43	79	61	201	34	90	90	126	116	50	76	107	84	102	74	69	98	62	83	93	80	71	111	99	74	83	81	84	69	85	120	73	84	106	122	117	102	117	88	84	110	104	90	56	74	58	60	104	77	121	81	104	57	123	65	84	76	63	54	125	174	80	49	111	65	70	132	95	72	124	90	53
cell142	105	121	111	121	154	106	76	73	127	97	197	219	89	149	123	143	128	70	129	191	104	147	115	190	89	128	114	74	73	63	84	127	116	63	128	118	111	128	105	165	74	180	102	113	88	193	147	201	102	62	158	85	118	132	108	103	140	145	116	184	101	71	150	118	104	142	96	67	179	128	119	145	72	153	205	140	88	75	74	177	252	52	129	55	181	89	142	119	142	30	75	138	84	62	108	91	147	156	67	61	171	116	96	136	175	81	36	194	55	126	122	166	106	84	102	126	90	129	128	106	96	142	104	136	143	133	203	146	155	157	185	244	103	84	125	106	67	175	97	206	135	83	178	146	126	63	162	111	144	127	148	66	68	119	84	96	130	103	147	227	118	139	206	64	123	81	139	128	104	78	112	110	102	119	165	48	105	137	145	119	83	105	116	118	42	132	68	97	109	98	159	158	133	58	125	58	76	83	137	82	100	51	75	102	100	104	146	107	196	135	95	108	117	93	193	168	116	140	176	70	139	98	95	109	128	217	124	48	131	212	169	116	212	125	43	115	133	155	75	74	121	107	156	223	105	74	52	87	121	49	45	75	76	57	64	43	97	88	71	79	72	83	114	41	63	21	95	44	28	87	82	168	157	102	83	74	75	71	124	95	97	104	81	79	83	28	137	50	103	124	62	67	86	111	118	73	62	101	81	41	113	52	67	124	69	13	92	70	59	53	60	52	65	85	87	99	31	139	66	61	120	75	77	74	70	134	53	106	50	71	44	67	45	82	75	54	82	84	68	115	101	52	112	88	67	42	134	99	70	66	116	71	123	56	54	59	81	50	84	80	66	64	47	80	41	76	104	55	44	79	71	59	69	77	93	32	120	97	94	51	98	162	41	69	45	79	72	54	50	132	36	86	106	68	74	35	64	64	73	119	67	62	65	111	83	114	82	53	68	52	103	82	57	62	53	51	97	92	44	76	54	62	57	120	43	54	82	96	69	60	41	139	67	99	66	65	71	94	109	96	42	97	82	86	121	75	65	77	63	61	77	105	37	74	83	59	93	59	77	69	91	31	52	81	56	69	74	37	31	82	31	78	74	60	86	80	61	134	123	41	94	56	61	95	59	85	61	86	63	44	80	70	71	58	68	102	82	86
cell143	82	138	58	63	109	55	83	71	143	50	117	56	109	91	83	102	61	103	82	132	69	92	55	67	61	135	101	60	136	76	88	98	88	99	111	87	79	95	88	138	133	137	111	117	97	92	105	185	79	88	132	126	144	133	173	76	106	166	158	229	141	74	109	112	63	187	112	117	142	168	150	138	180	125	149	136	92	101	78	64	112	31	58	46	65	34	58	74	61	20	67	141	55	61	105	110	79	88	83	74	102	113	84	54	91	69	114	160	99	133	76	80	80	94	67	67	107	48	52	87	95	134	96	86	70	133	41	121	111	48	131	69	92	99	57	71	91	82	92	106	59	97	79	95	88	83	59	112	97	90	138	69	71	65	74	98	66	92	102	52	81	65	110	58	157	103	109	55	154	66	63	114	83	111	82	78	64	89	85	81	71	69	98	107	83	114	105	116	79	94	69	100	98	72	70	97	66	119	165	35	70	37	95	107	71	116	115	85	129	86	79	58	44	107	61	119	73	63	82	125	44	99	102	124	85	55	57	137	102	71	95	72	87	95	86	85	66	65	129	33	102	93	81	84	141	121	110	74	39	120	39	49	141	78	95	79	113	118	144	108	57	79	65	99	72	111	41	86	89	54	74	75	133	169	61	98	108	63	90	80	96	120	64	118	64	163	121	73	86	95	90	58	87	77	65	91	69	80	94	54	64	138	122	89	111	68	41	53	91	36	97	55	111	80	84	95	88	133	129	64	87	178	127	103	58	77	89	102	47	53	66	63	51	88	70	120	102	82	89	101	67	41	105	81	115	94	77	91	84	35	85	103	80	128	104	71	92	146	57	88	67	78	37	68	101	135	66	118	115	147	47	105	91	84	73	193	82	93	90	41	120	114	58	122	146	105	81	50	104	110	35	135	79	66	188	102	76	114	48	115	71	151	107	65	107	115	139	97	91	94	48	106	58	76	98	124	73	106	55	87	113	96	100	77	73	114	49	84	51	77	52	65	127	122	63	98	108	120	52	72	101	70	93	119	86	136	134	96	47	87	31	90	70	83	76	91	109	110	91	74	54	87	107	92	95	133	62	105	67	70	105	89	74	156	109	55	80	53	66	72	146	45	85	80	111	94	33	101	103	84	89	88	78	100	74	100	73	57
cell144	154	164	109	122	107	126	292	155	177	135	131	29	128	78	192	171	102	189	200	188	154	150	155	142	235	180	125	140	205	49	170	115	108	100	155	109	121	96	159	185	122	108	149	147	201	153	153	191	120	97	184	287	243	140	109	196	132	86	137	162	250	148	86	166	152	217	119	106	98	178	150	238	138	200	104	118	184	165	57	184	163	110	163	112	145	125	191	187	120	256	72	96	173	104	123	302	133	148	237	185	197	87	174	221	270	130	197	213	74	193	131	181	71	141	222	117	132	225	146	177	157	132	178	112	132	107	226	134	234	149	211	161	177	260	100	163	170	255	118	151	146	172	174	197	128	106	227	168	125	110	144	172	109	151	134	55	162	210	162	120	89	166	163	119	198	178	189	165	95	116	165	185	90	175	85	119	138	355	124	137	156	173	265	81	106	135	136	201	127	204	225	133	103	155	132	239	132	142	182	153	186	110	136	114	82	235	173	146	121	191	158	322	69	148	123	180	128	236	167	136	97	167	140	102	151	202	307	168	147	126	138	178	127	132	112	112	149	141	121	131	154	163	194	145	162	52	89	106	94	45	77	98	121	130	187	108	88	86	142	89	146	92	117	87	151	98	71	128	83	91	51	155	123	129	85	109	110	99	146	108	99	49	83	78	99	45	104	88	91	143	168	91	83	155	80	161	47	102	84	149	132	95	91	79	143	66	114	105	165	57	72	90	87	140	109	105	137	129	76	51	97	72	115	102	105	88	82	102	158	119	96	135	83	147	31	68	30	142	149	72	113	75	48	109	114	176	77	58	63	128	113	122	70	87	80	77	53	73	88	101	87	90	59	64	115	119	71	70	148	44	150	146	102	106	77	164	75	88	102	84	98	116	117	85	57	106	61	117	77	90	112	59	137	139	117	163	135	56	55	103	142	65	152	131	52	118	85	94	107	216	107	45	124	113	68	145	69	90	89	201	95	118	95	134	93	113	76	114	84	89	125	96	130	179	116	122	101	122	52	71	77	115	79	87	86	104	118	110	79	76	117	72	57	157	74	80	144	78	82	120	57	100	151	102	82	165	100	83	54	144	60	90	151	86	112	68	111	92	54	118	91	119	64	74	142	43	65	85	130	87	98	123	126	66	62	79	71	82
cell145	133	90	99	118	125	135	142	92	101	57	88	51	108	86	98	105	122	135	98	99	150	67	82	98	48	66	110	103	99	69	117	98	113	125	112	73	110	93	107	129	122	83	101	101	77	141	103	90	100	109	156	90	143	85	68	127	123	63	64	78	116	145	152	42	97	49	70	84	73	128	114	81	100	95	138	117	129	91	63	115	92	97	97	123	79	90	79	108	102	121	128	76	112	82	116	88	142	92	107	189	145	142	59	91	93	129	72	164	79	109	138	128	117	75	37	124	144	77	127	170	103	126	147	151	82	88	184	105	120	122	71	101	111	91	86	90	48	105	107	89	127	111	136	77	72	131	100	85	81	63	80	66	84	94	72	78	81	41	133	68	101	131	69	106	90	168	75	123	105	171	109	193	131	86	106	203	118	131	90	94	160	116	155	102	86	121	113	85	76	83	69	104	120	104	93	65	104	108	93	86	98	119	89	83	97	79	99	89	134	72	111	125	134	80	134	121	83	168	117	106	96	111	68	55	59	86	125	140	183	51	132	86	104	96	115	103	128	83	95	85	37	133	97	133	100	101	90	144	124	39	88	120	109	89	87	48	92	102	105	47	140	49	105	108	98	63	77	66	138	76	86	70	83	81	98	69	101	46	76	116	110	122	72	135	53	99	102	76	73	53	133	67	80	83	92	97	131	102	190	79	64	105	83	73	46	98	82	146	99	155	88	109	37	136	55	85	120	76	89	102	142	105	94	54	94	150	67	105	109	100	105	128	88	97	125	63	45	55	44	82	53	58	70	79	111	145	129	72	78	107	70	79	57	82	126	112	71	124	71	114	139	74	84	229	53	135	91	85	111	148	85	49	106	90	103	97	71	79	139	134	116	97	48	141	141	172	120	65	99	171	128	126	66	76	124	94	71	109	92	71	91	86	122	160	126	118	56	111	129	172	58	119	74	104	114	27	65	71	79	72	105	89	148	98	86	105	45	48	183	115	161	89	94	71	86	140	108	90	122	106	141	93	75	93	83	140	83	153	225	134	68	113	68	119	117	152	159	101	130	77	107	118	134	146	67	92	36	114	74	49	71	132	90	87	83	55	30	149	133	60	121	62	86	115	102	65	54	78	126	83	59	77	83	107	127	58	109	58
cell146	103	128	124	110	125	105	106	91	109	131	58	88	106	81	87	121	84	93	76	81	175	113	60	130	80	86	75	180	101	96	93	118	89	131	52	70	40	202	155	115	119	126	86	92	54	66	104	90	118	110	78	81	59	108	79	164	106	152	87	115	96	83	73	70	187	101	110	30	68	178	119	165	122	163	140	59	71	80	106	109	129	126	101	90	78	87	104	84	106	94	58	150	81	109	89	84	74	148	125	117	89	83	66	117	104	97	93	59	102	92	127	57	212	111	124	174	66	108	98	98	146	111	99	133	38	136	160	121	143	72	74	67	137	69	145	106	151	92	139	99	49	96	44	107	165	102	74	114	155	67	50	133	125	115	93	92	113	76	105	93	134	81	99	70	89	132	91	104	98	108	173	84	95	83	153	88	110	98	160	64	129	65	128	77	142	90	95	91	114	175	167	100	125	115	123	90	90	135	178	108	90	120	151	96	121	67	64	61	122	150	183	168	90	145	66	148	189	49	156	108	80	174	98	79	138	102	129	151	113	107	151	80	86	104	162	92	60	95	63	108	78	83	128	66	115	103	127	39	49	46	76	97	69	98	65	56	70	64	60	46	95	53	90	53	74	47	68	61	72	43	80	65	34	48	47	52	91	116	73	26	73	56	107	107	46	64	58	79	48	81	93	88	58	51	44	68	74	68	59	55	84	72	42	141	57	68	87	69	61	62	126	119	74	99	32	72	76	68	56	86	48	20	63	68	41	74	47	69	79	41	66	66	65	72	132	121	48	99	94	123	78	54	36	48	74	35	57	22	90	56	100	66	55	102	100	40	72	47	70	67	63	64	62	81	92	78	35	56	94	58	47	71	110	86	71	98	74	78	40	64	107	75	48	69	45	35	32	113	93	68	104	114	52	102	80	80	84	34	65	63	32	66	105	34	111	131	66	18	41	60	83	80	50	86	55	79	91	104	69	67	88	51	39	73	57	48	53	87	82	50	47	18	69	51	109	91	58	45	64	86	53	57	41	82	85	80	64	132	68	44	55	84	65	64	75	133	71	123	114	111	89	47	35	52	33	88	59	65	77	56	76	74	54	76	52	70	49	86	73	73	80	83	84	77	93	64	91	34	67	67	60	118	53	77	40	71	43	68
cell147	180	144	159	123	216	153	39	131	173	155	200	106	142	211	118	202	151	183	173	165	163	84	229	217	81	64	161	295	187	75	184	96	132	174	97	141	147	182	91	143	179	180	82	89	134	198	202	160	192	131	135	107	163	172	76	77	208	112	224	208	110	172	103	125	188	151	164	103	80	129	170	234	85	236	70	165	106	170	339	120	111	231	211	147	190	144	89	168	142	169	149	142	171	89	210	167	84	159	107	165	106	219	201	87	158	140	142	136	218	174	122	119	176	147	162	177	159	160	122	95	201	90	130	210	66	111	210	205	159	155	128	152	197	218	254	119	154	103	131	195	131	139	189	122	264	219	25	135	123	146	203	148	183	76	248	132	137	271	104	150	70	63	163	165	194	91	143	177	104	133	131	156	80	83	160	135	144	137	186	149	196	180	195	140	153	151	105	119	140	200	221	122	92	164	106	187	107	119	106	170	242	93	136	226	117	89	124	188	144	125	170	184	98	106	165	110	93	261	150	121	137	100	122	132	178	172	180	129	118	73	124	139	126	223	162	200	113	156	117	96	47	100	234	147	110	121	54	125	120	88	52	152	91	80	55	67	167	84	96	114	127	79	97	98	105	90	117	133	47	169	202	95	84	44	82	54	124	77	62	125	161	73	104	71	69	140	158	130	71	131	135	111	87	75	81	124	162	48	138	105	150	88	120	77	72	80	127	81	115	95	117	141	70	95	70	168	173	64	118	159	101	111	125	153	67	93	112	135	151	69	147	62	111	127	71	63	79	90	92	122	195	81	62	75	94	66	81	112	103	93	95	79	61	126	99	86	124	74	145	84	88	134	103	69	138	92	74	78	101	73	134	172	86	132	57	109	92	105	141	61	98	106	112	119	141	133	51	94	71	130	90	72	145	94	108	209	77	106	106	126	124	113	126	85	168	89	63	85	90	88	113	151	118	37	78	61	107	108	77	52	74	166	65	55	92	85	194	66	82	127	110	77	138	135	93	76	100	94	173	109	71	82	78	124	66	124	104	66	119	159	121	124	76	70	59	112	69	93	112	87	118	92	117	121	86	109	139	96	117	156	130	95	67	72	102	97	92	128	86	59	117	106	50	70	100	91	71	86	110	131	98	88	135	56	78	175	123	63
cell148	188	229	131	69	82	214	160	93	110	154	154	118	168	200	143	163	120	77	147	125	113	138	232	137	110	112	134	199	178	136	279	106	148	173	231	105	116	149	136	128	238	114	106	192	165	150	152	141	67	95	251	251	205	152	172	93	163	217	155	175	140	184	271	166	125	157	180	166	141	192	113	192	119	155	135	259	74	162	52	128	144	151	105	157	142	123	123	156	84	317	268	86	162	112	59	104	88	111	136	295	109	162	97	210	109	78	121	106	130	181	106	222	63	97	162	168	141	151	102	152	148	174	117	162	164	189	135	234	66	154	212	173	166	171	175	169	112	252	122	154	106	172	120	139	161	190	119	95	134	194	193	217	79	195	99	146	159	133	122	72	130	125	142	238	101	269	136	178	151	103	189	204	192	122	168	145	187	84	164	85	136	126	168	233	261	112	187	208	173	213	88	181	91	154	142	223	159	211	57	79	209	158	74	184	116	217	189	123	265	185	107	198	184	80	161	224	159	174	178	135	166	311	141	213	167	109	116	122	189	133	140	123	99	231	199	129	181	154	60	142	151	133	85	249	60	125	137	99	110	67	175	59	94	106	85	165	73	86	68	114	102	80	52	85	102	120	115	164	92	87	100	71	51	65	137	123	119	71	107	47	162	129	155	134	118	61	64	152	111	67	118	109	110	48	116	87	88	112	82	170	47	116	58	112	118	127	103	87	73	115	160	168	133	154	94	43	56	122	74	116	122	76	92	134	110	82	108	49	104	182	164	111	94	116	82	123	80	148	98	67	147	101	193	79	99	83	122	88	113	71	87	147	122	78	107	69	139	83	91	88	91	92	111	195	43	98	66	141	68	113	100	113	125	73	98	50	97	87	79	67	88	116	56	74	91	78	144	113	140	93	114	67	173	84	65	96	77	83	59	87	93	85	106	83	116	133	115	174	84	107	53	82	59	161	183	102	89	126	91	83	88	112	110	106	109	112	113	93	67	179	91	111	60	93	94	117	109	95	89	108	112	135	91	97	106	49	176	90	172	99	120	150	111	78	70	47	64	137	142	125	107	88	114	110	129	94	147	65	103	118	132	107	105	85	60	104	126	37	91	91	67	81	57	69	71	78	127	80	53	66	42	102	74	69	111	62	81	92
cell149	193	274	134	158	193	216	198	234	242	134	160	143	298	208	175	241	196	216	145	149	260	232	154	261	293	172	210	96	139	169	209	294	150	190	112	163	143	233	318	156	149	167	168	191	194	253	373	451	504	438	526	653	346	279	236	164	241	153	246	369	242	136	216	268	504	328	93	143	184	287	448	355	357	342	351	131	161	244	219	218	163	129	106	37	47	114	72	73	59	49	258	154	212	140	160	215	96	146	161	203	127	197	218	159	150	196	312	250	203	157	148	179	142	180	177	327	218	211	451	209	224	251	144	128	320	201	173	252	184	174	140	257	166	151	247	242	174	113	189	286	94	96	164	171	188	188	177	174	182	255	114	150	150	154	243	193	92	149	155	279	177	109	179	144	183	182	68	179	105	246	167	179	305	189	229	186	185	89	217	277	169	163	199	330	192	239	169	238	214	389	185	302	186	202	173	228	156	223	203	211	230	347	169	140	181	128	159	97	181	122	276	63	162	174	350	123	198	229	265	219	219	166	338	130	177	219	157	306	145	102	213	450	188	102	284	201	278	164	230	150	201	201	188	221	196	210	215	183	221	163	197	241	213	206	214	264	281	254	123	175	203	330	276	112	231	165	180	215	288	181	85	314	239	271	179	217	212	266	260	135	183	287	230	220	217	202	234	117	180	188	239	204	133	196	185	248	232	291	154	216	277	180	300	344	300	223	131	306	104	158	199	194	216	181	301	244	235	143	281	241	293	194	334	218	135	183	170	383	185	185	83	196	187	168	339	284	146	183	168	121	122	223	236	228	274	254	51	154	197	120	137	237	359	273	151	196	178	218	142	194	157	311	296	282	155	201	112	184	266	120	185	123	128	275	292	175	111	269	230	161	107	203	196	222	225	301	248	142	233	231	222	150	285	119	188	185	82	160	225	211	190	250	160	308	186	288	193	143	191	136	166	193	309	280	108	221	169	136	262	113	127	188	296	307	153	277	205	184	189	138	178	355	140	168	220	299	140	84	235	122	142	196	184	144	338	175	199	160	89	257	224	157	149	193	159	184	215	252	273	169	240	177	130	193	214	139	178	120	174	192	174	139	158	294	116	241	276	234	182	229	128	170	290	190	266	160	303	131	204	151	224	109	107	116	216	239	383	242
cell150	303	110	243	155	235	135	126	247	192	212	299	297	230	203	300	273	221	201	236	195	255	239	205	191	300	167	421	237	238	292	202	206	255	296	392	175	411	267	259	410	141	412	195	316	263	267	141	198	332	132	291	157	260	283	276	263	317	268	185	229	293	286	360	256	139	194	185	168	91	199	173	306	238	357	271	223	184	185	172	425	262	160	251	281	206	253	253	180	236	131	90	380	268	167	169	296	310	225	319	350	134	470	368	274	213	307	157	495	126	291	218	114	256	122	308	184	263	159	261	356	261	255	344	257	275	212	159	327	266	277	298	322	175	268	154	238	363	362	245	146	218	282	272	141	223	285	234	183	246	185	118	195	393	356	194	259	278	227	234	284	290	417	206	274	209	271	425	239	359	247	293	421	142	227	163	299	194	241	209	228	176	350	258	246	518	144	340	258	198	228	257	136	93	164	354	221	226	299	270	451	312	353	384	301	303	459	260	301	293	247	176	201	350	200	383	191	354	184	361	225	198	299	381	255	196	242	376	234	255	156	269	229	283	294	210	297	256	250	156	146	266	282	211	188	222	139	208	189	213	171	198	140	126	160	188	110	192	131	110	172	178	103	137	145	143	146	119	110	100	115	222	56	166	105	158	112	208	112	178	168	165	278	98	119	226	203	107	170	146	215	213	112	206	156	117	165	174	166	147	109	123	121	181	172	160	117	184	150	183	169	185	204	97	153	163	185	160	165	146	138	277	254	172	192	145	230	89	155	151	109	174	165	191	185	261	238	233	185	181	190	220	73	161	229	173	226	156	145	173	185	176	224	154	120	108	249	221	75	230	156	140	103	163	190	153	158	218	181	216	92	137	200	127	125	123	150	194	215	168	160	158	206	303	206	129	165	241	112	131	141	213	135	168	148	88	118	144	111	124	190	93	137	199	276	255	153	83	150	217	73	263	119	214	174	246	154	280	193	178	96	142	177	220	165	164	142	114	217	77	136	272	194	205	119	130	64	214	115	102	145	182	111	125	307	225	154	178	137	171	91	230	74	163	145	145	131	137	257	99	220	179	127	133	257	88	168	80	95	198	287	85	167	151	152	99	216	117	107	275	175	162	236	93	173	94	170	58	128	133	159	187	147	181	156	195	181	109	92
cell151	179	158	91	148	162	106	107	103	202	46	160	153	121	78	79	75	77	99	160	96	158	85	60	90	128	80	110	157	113	82	72	112	152	170	76	108	176	128	60	79	180	123	170	50	142	90	153	114	144	113	208	57	116	62	43	192	131	125	98	120	170	139	104	85	39	105	85	114	95	94	120	122	107	100	124	120	111	79	113	99	165	84	75	127	113	85	63	63	131	86	98	86	103	137	76	136	62	144	88	149	144	157	143	53	152	97	99	87	94	122	155	101	173	107	68	85	101	75	74	117	57	94	68	114	146	180	141	164	113	187	79	110	102	127	79	86	96	94	89	95	86	207	121	107	110	124	70	59	69	159	115	81	112	130	75	144	121	107	54	94	58	79	122	150	82	160	85	72	166	117	99	74	85	62	81	78	139	92	110	95	112	179	74	86	98	93	168	154	63	55	39	114	112	135	72	109	139	72	137	74	117	94	101	107	89	102	95	114	135	146	145	110	93	121	44	94	87	87	104	92	119	94	118	136	61	140	93	100	64	202	120	149	95	103	99	93	103	147	53	118	91	81	147	104	67	50	78	109	58	129	63	148	64	29	100	95	72	34	83	35	144	97	65	53	75	65	42	28	73	94	111	71	129	60	86	80	69	89	115	58	134	46	76	57	53	79	38	71	85	90	63	62	31	59	46	102	74	48	41	77	92	85	50	99	102	80	66	61	81	91	50	43	81	101	187	90	55	72	48	80	85	131	85	88	53	104	107	58	53	133	75	54	86	68	81	83	87	59	70	113	70	110	43	80	114	31	68	39	64	53	161	90	54	92	56	123	63	73	34	128	47	25	70	71	58	72	80	108	107	74	108	53	90	39	59	77	21	114	74	81	58	34	91	71	62	81	32	62	49	67	52	55	67	46	107	98	93	105	54	46	99	69	50	100	86	53	131	52	133	115	70	81	84	67	56	55	85	38	124	62	59	122	60	64	63	117	79	74	74	51	79	108	36	99	109	59	63	129	75	65	74	61	82	44	54	81	68	55	60	88	134	86	62	86	72	79	80	66	74	70	49	70	52	58	60	132	86	125	64	138	63	73	70	82	58	18	105	39	72	42	79	39	103	75	30	115	136	23	76	68	76	62	69	74	56	56	107	47
cell152	101	183	213	69	70	177	132	128	229	204	88	138	49	124	79	134	148	88	59	103	203	100	138	204	157	151	130	139	80	75	74	140	64	119	101	118	118	83	132	77	191	92	55	153	115	171	244	89	124	162	182	131	75	84	103	107	141	176	82	269	80	153	212	75	117	47	110	91	218	107	105	166	150	100	133	102	91	141	106	105	141	128	122	106	148	121	135	87	140	87	114	161	127	154	83	60	136	85	101	137	147	125	148	105	104	114	137	120	115	111	123	116	134	210	192	150	65	149	140	110	126	161	156	160	65	66	159	61	119	125	165	288	81	127	130	113	102	52	149	116	125	99	93	209	106	105	161	108	79	141	145	79	133	170	137	189	164	228	111	148	152	104	133	87	99	165	129	122	94	174	204	136	245	126	81	187	63	146	131	198	122	115	179	72	117	111	162	68	128	181	167	317	214	90	193	101	150	93	122	82	124	145	86	96	111	114	57	117	155	155	150	84	109	150	69	113	165	87	70	108	123	98	116	127	110	130	210	163	165	125	200	131	101	116	115	106	79	96	101	141	111	133	186	98	57	72	161	97	64	71	36	67	79	52	89	100	145	57	59	69	68	83	88	133	55	72	114	60	68	134	98	102	112	86	90	57	66	66	50	66	98	98	83	57	49	74	124	88	88	108	187	111	103	71	102	111	78	72	120	78	74	51	108	101	51	80	99	59	112	101	91	118	88	72	70	96	95	59	52	136	74	54	141	107	94	95	58	86	78	70	118	86	94	77	56	82	55	84	96	78	82	113	75	51	38	39	79	195	137	35	96	95	119	107	118	67	130	99	49	86	77	118	89	71	111	88	104	83	54	108	124	70	147	102	75	49	58	79	68	84	120	105	105	54	125	89	50	86	133	99	84	69	154	102	82	106	46	107	95	57	114	76	92	129	81	63	108	60	103	53	92	131	139	69	50	57	87	47	128	84	67	78	98	82	124	34	64	87	64	129	55	100	116	66	111	110	144	35	129	66	90	128	87	81	84	117	103	69	140	65	47	83	115	66	86	88	62	111	96	53	91	89	100	137	83	65	101	57	82	57	172	113	53	95	55	100	115	70	153	138	95	107	90	51	110	50	148	85	70	62	91	76	110	85	80	122	86	98
cell153	85	112	88	104	100	100	121	88	90	106	77	123	74	110	108	96	104	78	96	108	82	96	71	75	65	86	113	77	80	49	91	87	81	71	92	93	75	122	83	80	118	93	128	48	52	75	41	97	131	46	126	52	171	117	79	165	45	77	130	64	137	109	68	100	74	80	80	119	78	56	108	84	103	107	135	66	129	44	62	70	58	100	118	59	125	117	131	70	88	121	61	86	109	79	119	115	146	218	106	53	93	124	80	112	163	44	49	75	66	115	80	133	46	38	107	58	92	55	60	117	101	100	102	55	107	101	54	89	60	79	132	85	85	45	130	49	89	58	84	145	117	72	47	64	43	77	138	105	101	84	106	100	50	81	66	107	50	76	80	67	140	128	98	91	54	84	107	94	112	100	100	137	59	124	106	107	84	101	102	104	97	106	58	62	82	89	118	101	114	82	63	132	62	116	109	89	106	95	72	112	221	132	145	80	89	120	130	77	63	99	59	95	116	78	41	146	90	69	126	72	60	176	85	76	68	67	38	97	110	74	78	73	96	110	93	49	93	140	57	126	163	125	81	114	88	57	68	46	53	38	55	57	49	94	48	40	38	107	49	53	89	97	57	80	54	76	69	34	29	42	48	44	109	107	47	80	62	65	66	90	66	61	85	47	57	29	51	53	49	47	79	63	71	77	70	80	41	36	113	48	47	34	78	66	63	40	70	35	94	23	59	44	97	39	85	69	139	54	71	32	66	47	67	36	34	62	71	72	60	84	81	53	48	60	64	77	64	32	81	53	54	46	73	44	61	64	81	59	90	53	74	38	21	51	129	34	53	51	54	41	61	47	91	82	46	25	55	66	72	61	65	41	44	89	68	43	40	44	94	44	52	56	40	82	39	72	35	68	71	99	132	59	70	68	100	40	46	77	104	33	73	50	29	95	56	49	54	66	27	39	69	42	79	42	92	60	86	45	96	58	55	70	51	47	89	72	32	55	45	28	52	55	90	92	86	109	54	67	59	57	67	63	111	59	78	50	43	84	31	60	83	51	70	71	24	46	35	66	23	95	83	67	50	66	62	18	65	88	23	44	49	89	44	93	45	53	45	47	92	76	47	55	33	54	42	31	79	56	54	58	42	71	130	37	61	75	46	70
cell154	152	41	127	62	121	124	101	107	24	217	123	112	187	121	145	111	147	116	76	79	102	230	136	114	86	70	208	131	90	92	137	136	92	143	46	96	89	92	89	159	115	133	114	113	235	149	127	103	78	207	154	111	158	207	132	118	77	111	92	127	120	70	57	115	203	53	119	141	114	194	191	167	146	66	161	121	148	119	126	139	146	72	54	88	118	75	169	140	98	55	90	96	145	98	144	160	131	90	141	150	118	138	87	105	151	81	84	110	150	97	152	104	144	136	71	131	119	130	72	158	118	133	88	119	130	108	99	114	138	81	143	127	158	174	106	87	109	68	112	172	106	144	102	154	107	189	109	178	58	144	88	102	178	123	111	103	143	229	111	64	147	86	86	57	112	133	126	164	160	107	100	238	81	94	107	142	90	111	101	158	63	109	64	90	58	77	153	86	55	158	209	154	72	205	126	110	96	154	101	118	139	67	154	107	136	123	139	90	85	170	148	117	115	203	77	141	88	133	92	186	163	126	107	84	121	92	130	111	100	79	121	141	140	99	172	167	252	92	132	140	151	163	63	123	75	80	55	95	117	52	82	40	48	66	67	91	140	42	79	104	42	71	133	78	92	90	67	111	45	77	92	80	47	51	41	84	75	125	69	38	97	117	44	80	91	58	89	128	71	77	43	108	49	87	71	54	67	97	128	82	67	70	78	58	68	93	77	37	44	106	52	93	97	76	74	58	37	52	50	59	93	110	44	107	53	101	120	56	64	101	53	68	75	118	100	117	48	71	67	65	60	60	58	56	53	58	58	85	112	53	44	89	90	72	96	187	47	94	84	64	112	114	50	88	80	64	58	80	82	81	128	58	54	57	132	132	91	103	130	45	131	78	73	58	31	64	50	80	68	114	98	106	65	93	70	42	67	95	74	70	55	94	68	37	61	59	81	91	77	107	47	107	116	95	81	75	89	104	84	102	53	65	118	60	83	45	49	66	152	53	56	110	169	53	47	69	77	55	65	113	61	51	78	99	131	61	65	83	98	51	73	83	83	83	125	106	77	76	155	65	151	85	97	90	73	101	126	43	100	45	41	39	34	55	89	91	90	77	52	55	73	71	69	88	85	70	42	54	77	92	107	111	44	88	87	51	85	104
cell155	76	110	151	51	150	78	95	115	148	97	75	57	83	92	63	80	120	100	112	97	30	122	118	80	111	95	107	73	109	145	108	87	98	152	112	75	102	84	95	86	153	91	79	62	101	116	96	136	161	159	123	140	230	57	143	117	157	204	117	123	161	139	62	192	176	259	181	81	167	157	119	236	167	130	103	93	71	92	97	118	76	70	46	38	0	0	0	75	49	105	62	138	189	55	95	192	48	95	60	72	107	117	108	120	150	104	80	69	103	163	91	129	55	155	119	92	133	43	148	72	61	111	98	149	160	96	121	118	154	92	123	97	63	70	100	63	75	85	109	74	172	153	57	138	82	95	103	136	151	71	99	115	108	135	200	49	137	115	97	75	110	130	119	125	102	71	50	114	76	80	136	105	147	75	65	84	137	44	96	99	162	50	76	78	80	93	135	146	122	59	125	91	74	124	111	116	91	182	120	120	62	94	54	121	95	53	98	108	136	99	73	108	102	71	108	142	161	131	111	98	112	85	76	107	141	136	96	49	79	74	76	212	89	58	59	133	127	120	151	67	94	79	85	131	199	111	110	50	86	58	114	136	100	38	140	85	88	71	110	68	138	112	124	69	94	103	95	73	51	94	137	77	68	82	130	98	131	77	136	94	87	76	164	94	121	76	95	76	181	100	108	128	56	146	164	73	74	124	131	66	96	90	110	96	197	175	176	99	111	162	111	82	101	80	167	108	98	88	84	161	90	125	105	123	107	98	97	156	134	98	68	62	50	119	82	132	117	106	113	54	131	149	114	138	113	90	75	149	92	81	52	38	75	172	121	102	59	91	87	74	53	131	141	88	38	168	73	87	103	73	92	81	110	88	130	38	107	55	123	228	110	92	126	118	68	104	54	143	47	65	73	97	116	141	61	208	139	131	128	175	111	140	134	107	102	117	68	132	203	107	65	63	101	100	143	67	76	32	107	57	82	67	121	94	122	74	101	112	145	101	64	66	100	105	133	67	128	74	110	187	68	54	91	132	106	75	68	113	99	134	139	106	194	87	99	97	92	92	77	100	50	125	92	124	108	63	125	94	77	100	82	84	78	63	107	83	94	147	66	63	121	64	135	96	35	53	65	87	111	37	156	110	100	96	63	152	67	97
cell156	209	162	153	189	196	203	176	100	131	242	326	146	296	159	281	368	148	174	181	184	128	233	177	261	172	145	110	231	268	203	273	394	253	170	238	77	156	265	129	219	142	215	334	191	148	206	242	248	238	222	331	103	245	224	287	120	117	196	104	256	249	114	195	248	184	183	243	248	140	272	171	151	204	265	310	192	289	298	247	187	242	306	227	130	203	284	95	116	142	264	202	142	316	144	120	206	117	181	219	298	146	179	157	303	196	306	129	242	165	245	202	230	194	259	333	145	127	187	238	98	210	280	97	259	264	264	286	239	183	180	204	226	159	197	281	102	204	225	181	191	378	187	128	197	135	169	157	248	227	262	157	153	130	129	223	305	167	220	328	206	292	197	121	157	165	198	153	228	159	390	279	162	198	150	392	131	224	145	128	225	273	275	200	201	196	265	247	110	278	277	216	194	202	139	112	185	207	99	277	121	232	276	245	185	259	311	157	193	260	149	193	157	126	117	137	287	316	344	202	244	264	325	204	357	279	214	152	197	166	329	151	168	246	160	361	324	193	214	264	204	158	254	276	182	135	118	66	196	95	165	141	135	103	123	154	159	127	104	132	148	127	177	234	119	176	112	115	182	145	71	71	236	169	137	125	205	111	103	76	153	141	106	196	96	225	145	143	198	75	190	153	149	115	152	106	71	177	148	62	158	88	69	88	92	123	133	95	108	159	124	178	171	112	127	173	148	103	98	152	111	140	109	147	120	241	179	200	111	99	122	110	78	127	155	160	103	88	161	105	97	85	174	139	175	225	152	47	131	200	104	155	150	71	112	231	141	155	210	149	85	74	115	120	172	138	132	160	119	82	183	171	103	152	93	83	129	73	99	146	95	147	174	144	142	171	85	77	173	146	178	108	205	45	176	121	188	88	127	115	170	166	179	136	56	109	170	64	137	235	168	120	168	94	116	137	179	148	106	163	81	171	175	173	132	102	210	134	128	177	113	79	146	203	144	110	186	174	230	99	167	206	84	172	131	122	96	149	182	156	73	172	67	218	87	182	211	181	190	208	38	73	118	163	56	187	161	82	142	97	272	119	99	103	203	99	132	182	190	175	118	120	238	138	179	127	109	143	180	119	124	236	164	65	170	95	163	194	186
cell157	53	199	101	98	135	103	106	62	121	156	203	97	72	149	105	103	59	84	128	174	157	78	144	75	125	212	177	131	80	64	101	57	192	79	210	117	76	100	126	149	130	73	78	179	137	83	106	135	79	135	108	82	102	83	101	132	48	88	191	140	161	128	117	149	116	90	77	109	102	131	113	116	74	101	82	94	148	108	76	101	105	109	134	102	136	83	124	118	129	132	111	170	240	106	78	87	115	109	154	145	73	178	181	109	134	108	84	189	115	56	133	63	158	51	145	111	94	171	72	112	71	174	148	127	63	138	202	58	90	119	95	170	101	56	158	162	163	125	177	39	49	110	153	134	93	49	177	81	147	142	94	258	77	154	93	114	116	126	70	208	124	135	54	84	94	87	160	117	133	121	90	117	119	120	77	36	122	129	71	110	116	95	105	155	93	89	113	91	139	120	180	91	88	116	81	116	127	89	224	139	146	80	68	140	71	89	141	151	61	62	226	125	87	129	90	124	135	128	139	92	63	133	157	206	92	96	89	119	141	111	183	164	133	163	127	115	54	121	128	93	153	68	56	179	129	48	94	64	131	119	65	43	72	121	64	61	96	66	64	76	80	77	99	84	87	90	65	64	103	48	51	126	59	113	79	76	57	65	97	89	77	86	99	68	111	74	57	47	70	106	101	48	127	88	58	33	56	101	60	42	63	93	92	56	61	108	145	83	160	109	92	101	41	103	121	75	37	127	69	51	107	89	102	51	53	123	82	35	95	68	94	63	32	86	68	97	71	38	43	65	99	40	64	74	81	141	67	84	126	132	47	52	69	70	90	83	86	53	100	66	124	80	80	74	77	62	35	72	90	77	71	59	75	53	28	68	85	38	67	69	81	87	48	52	63	81	41	74	57	35	45	77	57	45	55	65	47	107	48	123	48	73	49	73	109	73	140	65	102	66	95	42	63	81	51	61	155	82	81	43	58	71	128	43	63	54	51	78	93	71	92	61	70	33	61	64	92	73	48	64	102	109	78	98	71	77	63	39	51	58	68	75	92	119	65	92	140	85	84	104	65	105	127	78	53	133	88	76	61	45	80	49	78	116	52	88	98	124	84	85	119	77	62	120	94	88	54	93	57	63	63	86	62	108	116	81	65	141
cell158	57	78	69	146	72	35	30	93	40	114	63	74	131	60	78	43	80	72	38	65	35	115	113	75	93	78	99	93	32	136	49	106	140	147	84	90	65	95	104	86	69	77	55	72	125	59	70	159	128	152	110	176	131	89	95	101	142	130	226	108	86	136	56	143	58	255	179	144	123	76	145	125	229	86	170	53	83	98	69	106	61	39	37	39	29	21	36	52	30	52	68	115	51	77	41	54	121	52	118	107	52	58	85	66	19	146	76	68	85	66	112	52	49	88	75	63	125	93	55	86	89	75	67	99	109	81	88	129	120	125	59	56	88	110	112	31	94	61	104	86	80	76	163	96	70	48	74	128	75	52	85	48	123	71	86	109	65	73	72	52	84	84	89	38	38	85	99	156	134	101	85	89	118	45	63	36	35	106	126	69	69	60	66	88	49	108	94	65	84	88	47	81	69	86	81	69	112	64	57	72	67	124	94	45	103	101	70	112	55	39	69	38	98	95	100	79	118	42	110	118	73	32	135	37	184	86	61	45	138	43	63	75	92	63	122	35	80	66	69	65	142	123	78	62	123	67	91	100	93	82	89	81	51	99	90	102	91	88	48	69	91	90	74	62	76	41	87	98	86	60	83	73	41	51	100	40	70	68	34	45	60	42	128	55	83	62	38	49	61	110	45	122	104	67	101	90	126	52	66	85	95	70	70	67	113	81	79	62	57	53	112	61	107	66	76	153	56	108	129	68	126	118	81	78	94	67	54	78	92	64	70	82	60	57	44	119	105	47	133	74	135	95	71	64	70	47	74	64	159	79	66	52	61	61	60	42	65	118	73	117	39	68	102	57	70	86	39	39	75	116	42	62	122	117	84	76	70	79	123	52	84	107	107	115	54	81	72	92	134	108	110	41	100	71	85	58	96	72	75	94	82	40	88	57	42	73	61	91	73	66	66	62	61	31	113	89	57	87	97	61	57	80	73	106	83	87	64	108	35	57	97	45	67	84	74	65	125	130	100	49	62	82	39	82	83	110	49	119	76	98	71	91	60	107	51	99	80	72	51	75	63	76	75	55	68	80	119	78	85	98	52	122	101	97	70	81	44	132	73	116	42	86	46	62	54	78	54	64	79	50	78	96	117	96	73	80	63	76
cell159	53	69	86	96	93	92	24	62	75	90	77	110	106	106	50	67	84	75	50	137	96	91	78	120	36	93	87	54	91	76	43	82	96	83	67	64	126	63	75	118	75	84	94	100	51	52	34	55	74	63	65	61	83	65	43	82	85	49	99	56	64	38	80	66	50	53	53	99	58	89	73	94	114	68	62	61	84	33	49	61	63	69	77	107	117	91	71	33	53	42	94	55	67	94	67	63	95	75	66	85	89	92	46	123	77	97	67	86	46	64	59	147	45	32	46	61	26	60	98	114	96	89	49	58	99	42	84	82	63	67	69	102	62	78	40	124	74	95	109	89	55	109	54	66	109	76	53	90	49	108	96	83	85	73	144	64	76	51	128	64	67	46	52	40	79	66	100	44	55	58	75	73	78	100	47	59	103	87	44	74	76	71	98	76	95	60	43	68	37	75	82	115	74	80	76	54	76	88	69	130	54	51	66	60	58	62	43	79	94	80	163	138	35	95	67	124	123	102	78	39	67	48	71	49	93	74	56	134	93	64	45	102	61	89	41	65	111	113	81	61	60	75	113	79	83	43	47	36	46	55	51	55	42	41	39	40	70	48	19	45	46	42	47	66	31	45	61	29	49	58	62	61	57	69	41	75	34	49	50	77	88	56	35	56	40	27	50	42	38	43	52	28	45	29	57	75	34	43	55	19	55	44	69	43	74	49	64	52	40	31	49	25	39	51	58	50	39	52	38	59	50	50	59	28	89	46	37	70	63	39	60	40	71	53	29	48	42	65	32	24	54	75	36	50	33	54	31	74	61	55	66	68	39	40	55	37	71	55	50	32	27	50	61	56	44	50	140	81	37	73	64	44	51	44	42	77	33	32	42	62	44	51	62	45	27	48	34	28	24	39	47	48	30	34	96	43	20	69	74	47	57	63	95	83	52	53	49	34	57	62	51	48	57	66	44	30	45	39	52	101	21	82	26	56	60	68	46	65	28	67	33	90	47	106	57	28	65	25	67	55	44	46	89	81	48	55	43	44	38	58	34	58	48	28	98	61	49	34	43	74	61	49	39	34	57	52	60	29	69	30	54	62	73	68	53	33	47	40	32	44	44	83	43	54	75	46	19	48	41	51	51	41	59	26	45	40	49	68
cell160	80	95	60	78	123	159	62	66	103	153	74	116	74	88	115	107	113	69	87	47	59	100	117	105	111	135	135	92	59	54	137	36	91	99	111	142	56	116	73	84	92	29	82	119	78	88	107	85	65	51	77	111	46	62	133	68	64	77	94	96	114	65	114	192	91	86	77	66	86	80	66	122	108	85	175	71	67	116	103	93	114	100	80	117	145	150	102	103	95	60	114	93	69	92	77	122	70	92	109	112	111	84	83	116	34	73	127	153	62	73	109	80	79	97	74	94	144	94	40	150	128	94	43	175	78	35	109	75	91	53	69	88	106	104	134	81	136	60	124	70	48	98	118	103	45	72	71	83	137	64	109	73	131	141	92	73	80	93	84	115	139	77	47	80	96	93	66	51	99	66	96	43	98	78	80	109	129	56	71	88	60	69	102	102	119	134	89	69	70	89	111	89	83	82	70	84	52	59	113	138	91	117	74	113	91	82	99	85	102	145	74	65	40	76	125	73	76	33	135	52	103	81	117	133	108	104	78	84	96	94	93	106	75	64	86	49	79	45	91	76	103	89	78	85	53	137	76	84	163	75	36	56	90	94	69	78	57	100	104	66	93	128	36	166	59	118	131	83	65	46	106	90	83	103	90	107	85	66	64	42	70	102	105	73	106	146	105	62	81	68	47	98	42	75	69	99	146	103	54	121	73	78	78	122	148	85	140	71	84	93	58	73	121	80	92	114	91	82	110	105	94	75	90	46	125	91	67	52	94	138	59	107	109	125	89	105	93	107	93	42	58	84	91	111	152	49	91	52	119	165	125	100	120	146	121	109	101	123	97	80	98	71	106	122	52	128	108	54	72	51	88	56	76	120	71	105	93	188	58	42	62	118	51	82	113	69	80	63	108	112	103	69	128	78	119	59	79	71	135	135	106	64	88	44	77	87	58	115	60	109	75	55	58	90	144	72	53	109	111	120	85	102	54	96	140	84	102	88	62	73	68	89	113	139	18	95	119	99	78	131	80	91	88	126	84	83	143	60	106	72	84	60	64	115	56	57	87	54	110	99	106	107	80	83	49	57	108	53	50	104	83	100	101	103	41	175	73	69	93	142	109	100	78	129	95	92	79	60	103	115	95	84	136	77	71	119	54	82
cell161	61	99	91	104	92	162	117	97	68	96	121	33	100	62	86	67	106	130	92	72	124	222	106	85	112	141	42	113	97	110	88	91	84	99	80	123	94	119	147	219	147	116	81	101	184	107	94	102	53	128	97	97	127	100	105	53	106	103	101	125	151	91	92	79	151	199	179	139	79	79	98	100	90	77	103	53	204	80	155	115	100	106	167	164	69	52	102	81	59	96	59	69	95	116	45	150	150	100	108	98	103	98	151	98	114	77	193	107	106	152	120	95	181	180	105	66	111	75	67	142	76	147	60	195	119	84	127	118	150	95	73	64	111	120	57	99	50	109	82	105	96	62	126	109	92	107	125	102	136	88	99	183	105	59	68	54	102	98	94	93	61	94	81	139	134	117	211	68	127	91	106	147	118	165	132	103	114	74	70	83	139	91	85	63	80	86	137	84	116	123	124	83	164	167	114	84	100	79	168	148	56	159	95	142	78	75	106	102	111	153	106	73	89	64	96	50	167	84	135	103	125	46	114	81	86	71	142	122	174	114	217	120	150	97	64	150	129	95	151	130	77	87	173	106	33	56	83	40	44	77	74	46	41	108	42	57	41	67	93	50	34	85	38	92	57	105	43	71	78	38	34	66	77	54	60	64	55	45	69	65	40	130	41	72	49	109	73	67	70	54	72	41	44	80	82	77	52	59	87	77	54	53	58	51	74	86	81	69	44	65	44	99	83	85	91	96	52	67	48	59	86	49	53	59	131	61	83	79	62	93	145	54	34	84	84	37	86	76	104	44	57	72	88	49	41	88	40	68	78	100	60	75	86	70	60	59	43	38	54	54	54	93	62	87	46	143	40	59	51	80	67	43	76	78	79	60	50	56	37	67	54	48	57	63	107	55	79	97	66	80	59	73	82	33	81	46	36	120	46	127	114	59	63	52	52	81	88	70	83	88	50	96	69	60	53	45	66	71	69	62	66	42	45	44	48	71	72	128	84	72	41	91	46	70	44	63	46	117	62	38	78	44	66	60	109	24	96	83	69	124	106	75	80	57	78	65	40	83	78	29	52	54	58	82	35	46	69	75	43	100	49	45	69	114	38	38	96	50	39	54	61	89	34	69	79	106	89	43	48	97	78	60	53	96	78	76	76	84
cell162	162	86	85	106	101	55	96	86	132	93	117	105	153	103	51	61	75	139	125	109	108	78	78	126	215	144	74	151	104	148	93	226	102	118	212	118	98	149	75	130	136	167	138	167	147	142	85	130	116	121	145	122	119	139	74	145	104	86	130	131	213	83	124	82	133	88	106	148	166	98	204	40	170	129	102	132	169	167	76	185	148	157	83	146	92	151	67	178	92	143	105	89	145	122	138	96	85	183	129	164	73	166	102	82	117	164	73	145	59	99	167	126	171	180	140	127	89	64	87	163	150	118	113	74	145	236	128	214	87	187	137	73	197	104	145	134	152	157	86	99	137	240	152	103	105	180	165	92	162	95	148	181	105	117	311	113	116	173	142	65	115	100	118	148	150	176	121	123	165	66	116	222	134	203	82	181	151	43	75	139	95	128	124	103	238	138	88	112	96	95	67	180	122	131	115	95	102	42	192	123	187	161	127	180	103	124	64	62	81	167	168	77	177	138	184	116	152	127	116	66	94	43	132	130	85	65	93	84	197	110	85	117	124	137	77	147	173	98	143	104	89	163	152	91	77	69	165	61	55	131	105	65	76	80	60	58	138	53	164	85	90	83	76	101	42	110	120	86	63	93	116	62	81	32	98	128	78	58	24	47	63	68	106	49	98	103	103	71	95	88	80	72	56	58	56	82	36	43	56	53	113	34	85	61	47	61	46	83	66	53	63	48	78	52	130	74	62	88	74	80	63	44	94	39	88	93	142	109	55	72	128	80	106	55	62	122	81	115	27	81	81	81	68	130	138	90	107	81	65	89	98	46	77	90	131	100	55	68	95	104	115	118	81	44	97	64	50	50	68	125	78	81	67	84	68	54	118	61	111	66	88	108	68	71	120	38	106	104	105	71	85	119	79	95	69	54	113	80	81	72	87	99	47	64	61	98	102	101	79	76	47	99	67	78	51	136	108	119	64	47	90	71	114	80	108	92	82	57	70	64	57	96	61	98	55	74	91	96	79	81	67	59	51	91	65	105	88	103	162	74	83	49	102	86	73	65	137	99	85	59	132	104	71	58	29	129	62	41	57	161	67	98	120	97	70	102	43	62	85	98	72	83	118	90	124	102	135	77	103	62	123	96	33	95	178	81	46	96
cell163	89	45	141	116	126	162	83	114	169	131	119	123	114	120	101	74	207	184	123	148	111	99	67	73	98	125	142	228	186	111	128	96	80	108	128	196	131	152	125	124	93	128	101	140	140	172	72	168	140	73	100	164	117	99	124	143	97	77	98	137	235	117	194	64	99	201	85	98	152	153	175	98	107	47	123	56	138	161	78	100	88	71	109	103	93	107	89	132	122	135	189	202	68	75	84	113	112	130	116	155	125	146	91	115	85	124	90	148	150	134	145	84	108	99	134	126	94	170	144	97	88	80	146	123	62	94	117	134	97	102	93	103	115	65	122	152	110	112	67	94	160	84	48	129	64	142	146	52	147	132	125	109	151	210	78	112	89	58	95	75	72	154	84	101	101	158	99	110	113	52	131	58	109	145	119	80	129	79	165	56	114	75	109	56	71	124	117	99	102	114	160	163	89	41	115	99	61	115	111	76	120	86	127	87	149	170	104	81	111	88	82	103	118	80	135	95	232	153	137	109	114	66	108	75	175	101	133	83	189	143	166	107	95	97	186	72	52	113	128	61	112	79	139	93	52	115	64	105	32	64	75	75	76	134	53	72	90	39	63	118	43	66	84	70	45	50	56	51	56	77	72	91	50	42	71	63	31	124	73	112	54	95	69	77	57	63	61	115	73	96	47	83	71	60	36	114	109	81	50	107	92	62	80	84	127	53	102	110	44	43	68	49	103	63	98	122	39	63	73	81	122	59	37	77	88	55	83	70	78	68	75	77	126	72	75	66	68	99	93	73	85	57	80	50	86	63	59	62	34	64	71	64	34	102	66	65	76	65	121	52	135	65	95	50	112	49	93	57	57	56	69	97	99	51	85	114	61	73	41	73	128	82	136	47	69	96	61	89	50	49	52	50	61	43	109	67	62	75	101	65	56	32	61	101	67	94	22	44	111	76	111	97	92	124	40	103	30	71	83	103	48	66	52	76	58	53	82	53	40	99	76	70	67	92	53	61	94	118	99	57	53	102	36	50	111	89	66	106	111	70	113	112	80	67	49	67	70	83	63	133	59	63	58	33	64	105	57	70	64	83	97	100	95	60	40	81	94	67	67	43	64	147	134	85	77	89	73	85	67	88	58	58	90	74	54	71	46	70
cell164	119	122	162	117	155	96	128	132	96	106	149	86	106	129	141	122	131	105	142	127	167	125	171	87	155	113	136	108	131	189	128	169	185	127	132	261	165	68	146	169	167	133	190	255	233	146	69	135	124	183	121	123	146	113	58	115	130	133	201	164	122	104	161	97	150	130	142	89	337	191	165	212	125	146	95	99	189	136	112	64	155	162	89	88	122	96	150	128	141	118	128	86	79	68	216	134	150	90	155	106	226	174	89	123	181	210	130	104	103	181	153	112	115	74	156	111	89	98	129	132	103	102	122	75	137	135	167	162	221	95	189	118	71	180	97	241	116	165	167	178	94	192	243	122	233	89	88	182	208	75	58	108	100	179	99	89	138	70	105	122	101	105	131	243	152	193	310	121	174	91	95	99	156	177	175	162	172	118	172	92	96	174	113	121	231	125	169	108	168	96	104	173	122	182	123	85	172	146	135	168	225	135	211	58	177	142	146	128	125	121	140	122	127	141	159	155	132	123	161	166	127	108	136	169	120	186	148	185	137	80	181	182	107	208	118	69	217	100	113	149	121	85	166	67	148	63	66	117	65	89	109	48	90	68	86	73	83	90	127	78	131	83	86	61	55	35	88	77	151	46	100	87	132	63	169	150	109	48	97	168	92	96	89	65	72	67	86	84	83	71	91	151	40	94	76	82	96	75	100	165	44	21	67	67	25	90	90	94	66	100	65	85	141	109	76	74	84	129	110	134	64	61	86	92	58	91	102	72	61	49	104	110	101	59	66	69	118	96	64	106	105	144	104	131	138	112	87	97	75	125	79	80	117	58	179	119	109	146	70	98	88	68	81	62	122	108	69	130	211	56	92	146	88	164	100	133	140	88	62	59	65	31	88	94	90	64	133	105	71	175	64	104	110	52	88	89	184	92	104	150	82	101	137	93	130	94	86	82	136	126	90	53	151	90	75	129	81	97	99	101	74	102	81	138	133	100	88	82	96	110	56	64	109	58	43	32	42	85	93	106	63	82	74	68	160	88	121	101	70	72	111	113	61	103	74	148	61	66	55	68	136	36	133	154	49	156	108	74	58	149	56	83	90	65	80	88	140	124	70	65	81	111	112	74	61	90	137	91	113	102	65	104	91	133	66	74	68	101
cell165	35	75	62	43	43	46	66	77	87	45	69	54	54	37	30	64	64	62	63	38	56	75	15	51	78	61	66	69	53	38	50	15	59	41	38	50	60	57	39	46	64	68	50	59	61	32	45	81	91	82	58	113	85	55	57	65	48	99	88	161	96	51	82	96	77	79	91	127	103	78	104	75	93	40	48	62	68	41	51	41	67	29	19	29	0	0	0	6	16	21	51	60	91	82	44	61	65	47	68	54	25	58	61	51	59	46	75	30	27	50	94	87	85	39	55	69	42	57	131	50	9	53	72	63	55	30	50	45	57	45	61	62	58	43	53	29	47	50	65	47	44	58	39	23	82	75	43	108	59	69	33	60	45	45	53	50	31	60	33	108	73	60	81	91	50	35	67	48	34	67	38	61	51	52	67	68	85	47	72	84	36	44	51	66	48	47	60	45	34	54	21	32	95	18	13	67	53	52	64	38	81	58	73	114	39	62	68	36	69	34	43	42	57	24	55	73	78	58	34	68	52	38	40	69	82	89	63	66	70	77	54	42	33	68	67	61	82	55	83	25	125	130	49	63	69	64	50	79	40	49	29	29	75	29	92	33	53	89	40	60	71	81	69	60	82	41	64	65	55	69	35	43	103	66	37	54	54	68	31	74	29	77	40	38	44	59	49	68	116	37	31	47	49	100	49	25	57	58	79	26	69	24	32	38	46	50	38	48	70	29	42	52	60	104	70	72	43	29	48	47	52	54	59	87	53	35	55	36	87	41	44	81	45	32	61	73	67	59	63	42	44	77	69	76	67	62	54	68	68	40	52	101	31	63	48	36	69	51	56	55	49	79	25	42	44	47	33	47	51	51	76	58	77	66	52	77	43	44	59	63	46	59	47	28	75	50	60	60	48	59	57	54	69	72	65	45	41	28	51	57	36	56	76	52	28	28	34	28	74	45	54	14	74	50	46	41	90	33	39	60	50	35	55	24	55	82	44	77	78	92	39	63	41	46	92	66	53	54	34	59	46	34	46	63	42	80	39	43	63	46	37	53	72	60	65	72	63	45	87	64	34	35	46	40	67	50	84	59	57	72	39	89	67	33	54	90	31	16	54	77	40	44	58	64	37	55	60	74	73	54	59	63	40	32	52	52	75	47
cell166	107	129	88	109	103	54	104	76	78	69	110	112	50	100	146	47	51	128	66	79	108	68	97	97	76	90	106	95	97	67	79	47	74	67	58	150	65	125	100	64	95	109	118	59	76	95	103	80	47	160	54	61	94	95	94	120	61	102	37	104	34	74	74	87	175	76	50	46	88	132	52	74	98	141	68	73	124	132	71	141	85	173	81	59	127	122	14	53	79	57	92	97	94	102	78	87	218	62	145	143	95	119	161	91	84	85	123	132	105	87	110	98	97	108	86	92	94	124	100	117	67	133	52	99	141	84	93	102	151	56	113	136	116	66	145	131	72	84	63	92	78	103	54	71	37	112	101	91	53	60	82	77	166	59	57	63	113	110	128	84	88	97	111	122	93	40	79	47	41	64	110	103	68	50	175	88	111	107	87	101	109	138	91	111	106	202	86	89	48	175	94	135	150	62	116	45	110	109	63	96	117	155	46	110	142	123	124	60	113	155	118	103	102	50	97	114	168	103	85	126	66	55	73	89	113	99	140	100	89	76	89	90	125	72	136	85	70	62	73	85	80	79	68	88	105	97	48	50	47	52	78	66	79	41	46	59	81	50	44	64	77	86	63	56	51	55	43	57	28	55	51	45	60	14	57	68	108	56	78	34	74	46	38	47	53	61	47	32	56	60	90	43	93	51	46	51	54	27	44	32	34	65	120	60	55	69	53	99	43	43	73	62	47	22	58	29	56	74	105	87	71	127	48	76	66	43	95	104	74	56	41	59	74	89	48	75	88	77	61	83	33	87	58	69	56	36	97	54	108	46	27	48	61	77	69	50	66	47	58	40	56	57	47	74	77	78	42	54	50	66	43	31	39	65	63	74	52	62	75	116	70	37	25	112	73	47	86	50	43	104	59	67	56	40	73	40	93	72	47	38	67	37	69	77	79	77	63	91	68	75	40	49	139	50	57	64	22	52	59	83	81	39	88	82	56	85	66	71	33	79	99	80	68	37	65	72	62	42	32	64	64	29	32	60	46	51	63	33	90	48	71	71	48	64	34	43	65	59	69	81	89	63	49	87	33	54	39	50	52	30	88	43	86	42	70	46	34	76	46	79	59	59	61	100	58	45	58	37	86	43	75	71	65	17	114	56	85	35
cell167	341	370	212	274	266	286	312	307	245	333	391	345	369	464	224	279	312	240	399	129	294	195	520	354	188	274	202	254	108	277	198	314	323	174	247	172	241	220	318	324	392	204	372	529	122	228	301	149	250	189	208	269	421	309	180	155	241	214	261	314	334	277	260	293	215	295	523	218	344	377	322	146	309	370	252	109	222	413	128	296	243	163	220	326	395	323	273	279	345	508	319	253	123	455	238	154	179	375	191	157	225	149	358	347	305	180	376	155	177	207	234	336	237	273	268	161	118	306	255	258	243	476	178	339	382	224	259	341	256	254	304	280	264	430	150	388	458	155	312	208	141	305	369	300	200	136	242	339	266	259	388	320	139	119	397	283	164	253	284	170	214	267	207	349	389	323	299	137	332	347	277	212	247	344	125	331	303	372	151	365	146	214	289	381	244	309	226	355	245	222	260	371	249	317	268	161	188	229	212	361	325	257	257	235	213	207	247	150	189	256	241	335	501	256	423	316	170	163	204	103	269	199	398	287	141	160	372	216	272	179	252	204	235	156	229	341	192	305	258	276	290	209	222	187	128	121	127	200	258	93	152	172	193	234	155	124	170	143	312	216	196	141	204	265	155	165	229	148	159	364	178	149	386	283	237	193	212	111	169	217	158	189	110	262	133	177	149	181	175	133	283	174	168	242	164	168	213	208	258	133	167	126	182	225	122	164	97	169	148	257	101	216	129	356	95	294	120	238	179	135	195	199	183	141	164	126	254	132	159	247	273	112	144	190	120	150	176	231	204	190	106	135	138	271	177	91	118	92	150	155	282	106	81	196	112	248	116	78	115	286	151	246	192	218	169	139	172	101	135	142	158	154	186	109	171	110	166	104	178	99	89	185	140	108	304	168	159	180	303	202	233	158	232	163	92	221	243	264	219	145	98	175	134	111	181	127	262	253	89	265	221	168	139	198	140	147	136	119	176	230	167	118	244	187	182	150	178	143	118	239	147	206	176	168	269	145	301	134	145	253	306	167	193	197	167	158	240	174	133	149	180	284	225	200	165	190	188	166	119	159	244	192	215	171	227	69	206	141	262	214	153	120	167	117	94	117	138	158	219	174	314	72	185	76	161	134	119	223	171	218	119	155	117	218	236	199	88	123
cell168	99	86	79	87	109	122	73	100	113	165	27	64	81	72	91	72	133	52	134	59	168	46	57	96	72	115	96	70	143	80	82	120	99	78	62	213	105	146	80	87	74	54	130	87	132	167	110	134	57	52	176	102	84	97	104	115	49	132	63	186	63	106	69	159	73	105	55	144	80	87	51	103	160	108	163	108	68	137	44	112	54	91	124	104	84	205	113	147	143	116	46	85	84	57	101	111	118	145	77	61	107	111	84	32	95	119	110	168	165	82	77	110	36	152	108	166	95	87	103	63	57	120	143	118	59	96	102	107	153	147	136	134	74	82	58	74	66	163	95	101	82	152	83	78	110	87	135	78	52	130	132	56	126	92	69	96	96	94	119	155	173	102	125	95	110	155	68	66	39	145	94	87	87	124	110	122	94	83	113	87	96	57	77	147	163	71	87	108	88	98	50	73	127	118	197	116	87	76	103	65	108	101	87	114	142	78	70	105	71	116	108	147	84	86	40	40	97	68	140	48	70	101	56	112	93	128	89	52	64	119	102	63	102	64	136	61	113	111	47	82	154	121	110	93	72	37	36	45	74	39	52	38	54	79	72	90	45	74	70	100	50	74	42	106	87	66	78	38	63	60	67	24	46	97	82	54	68	62	71	50	46	60	99	34	54	88	118	127	66	61	68	62	76	41	51	38	76	58	64	66	38	33	37	64	59	45	68	67	53	68	81	52	96	81	31	90	54	106	66	39	56	41	93	43	73	52	64	46	83	57	52	47	70	84	79	66	109	75	70	87	44	39	74	71	92	54	46	92	33	73	72	94	111	76	62	90	105	124	53	57	80	41	69	60	73	40	56	94	45	61	52	61	29	50	50	57	71	52	50	78	37	46	30	85	43	58	95	62	47	68	93	42	38	66	51	52	86	89	103	34	55	79	54	56	54	80	91	53	50	51	113	112	63	76	46	43	35	60	67	71	102	46	90	96	51	77	38	72	76	95	74	102	40	99	57	82	132	38	62	53	61	83	35	68	67	120	37	91	43	81	61	42	45	88	41	75	66	40	23	52	65	99	69	50	103	16	56	70	30	72	99	119	25	53	83	71	68	32	86	75	166	68	59	55	65	91	53	63	81	34	59	74	52	88	87	44	22	93
cell169	82	121	135	55	125	66	61	170	86	98	83	102	153	94	132	121	91	174	151	123	72	95	65	76	132	118	129	132	92	71	130	121	103	128	104	136	88	79	118	78	91	178	141	72	78	165	124	106	86	88	79	132	58	128	135	82	63	132	39	47	151	52	108	117	93	107	91	143	159	127	140	135	86	67	110	168	79	129	53	113	37	132	81	84	119	171	132	71	118	80	56	138	154	69	73	46	81	189	87	99	51	184	61	70	75	49	109	121	109	49	131	133	132	92	71	78	94	148	67	87	153	149	81	74	62	152	141	75	62	103	108	118	59	112	117	58	85	154	109	63	54	69	107	123	95	94	95	106	86	154	63	96	42	122	152	102	66	105	97	124	73	104	127	108	100	90	100	61	112	74	84	112	79	101	58	189	90	115	54	128	114	126	97	95	116	137	167	70	144	76	69	109	125	127	145	102	79	80	215	155	69	106	46	103	106	54	70	79	110	127	104	66	118	124	154	158	75	123	148	145	81	130	144	93	109	108	130	96	150	107	54	104	96	202	127	115	82	97	63	87	132	69	84	67	51	43	79	103	56	130	90	76	90	75	55	56	68	77	115	30	39	53	56	140	38	64	63	45	99	45	48	106	73	104	76	83	75	54	57	97	75	51	81	29	107	55	110	28	49	75	114	83	55	128	43	125	31	67	99	107	66	107	76	40	60	74	74	53	112	67	80	81	84	134	89	70	98	43	24	22	60	80	66	72	38	33	65	57	65	66	65	68	62	101	123	69	74	74	94	63	115	128	92	51	55	29	61	63	120	87	39	62	50	57	52	64	57	80	85	87	88	86	106	71	75	74	119	103	45	80	88	42	79	43	87	27	98	89	71	53	82	113	96	22	67	63	78	79	58	30	66	66	35	80	72	78	44	98	61	63	131	68	64	67	87	69	95	49	36	83	63	105	93	40	80	72	84	81	49	43	28	81	42	80	88	45	74	67	100	81	41	54	73	86	80	57	53	66	73	93	100	68	76	64	90	60	63	65	59	39	45	93	54	89	66	87	68	38	64	80	57	58	64	41	70	96	56	27	42	51	78	96	60	94	36	67	77	108	64	60	82	42	87	91	36	103	40	88	43	99	42	91	128	85	68	93	151	89
cell170	109	153	210	94	172	80	134	134	211	123	180	161	215	110	172	99	169	218	107	161	72	139	332	174	192	218	202	114	252	115	136	236	83	102	299	240	194	149	225	123	192	116	179	152	176	134	221	252	234	229	192	173	311	393	171	134	294	325	290	334	269	198	218	258	394	351	165	203	280	225	297	220	349	128	234	151	179	219	151	108	140	75	82	123	43	81	87	83	106	108	127	154	135	244	156	166	120	133	136	197	133	182	219	157	168	134	242	220	212	200	146	148	124	175	183	170	199	50	156	200	108	88	189	176	146	195	235	146	218	159	233	159	207	186	164	171	157	95	160	105	238	160	147	81	195	117	168	200	136	116	143	212	182	177	203	215	175	109	170	134	140	121	139	112	229	140	206	139	102	200	160	105	146	215	144	119	151	134	183	319	174	207	146	114	97	214	176	228	75	151	138	104	164	144	232	325	192	152	134	99	199	154	47	141	218	120	69	167	114	109	126	204	247	170	226	154	232	169	99	156	84	172	188	179	175	153	181	149	119	82	167	236	156	188	183	224	138	169	126	126	94	214	141	94	161	113	123	154	201	205	186	128	218	126	249	122	92	136	299	95	108	205	168	169	148	156	63	174	155	238	178	146	110	141	101	144	135	187	175	130	212	122	165	69	150	230	163	230	200	181	195	146	171	143	168	199	170	138	137	182	127	165	332	130	192	111	113	192	203	106	147	83	99	133	105	242	285	118	196	259	173	134	128	100	177	208	231	247	223	148	164	142	234	107	168	147	151	126	205	74	169	170	124	197	116	122	63	97	129	275	293	228	148	158	157	123	180	172	236	161	65	103	100	156	124	128	261	211	212	184	171	217	242	133	90	231	175	168	259	63	149	141	107	201	115	156	147	254	146	226	112	194	191	66	136	165	96	176	315	174	244	114	168	210	180	171	253	163	112	283	224	292	156	122	212	200	126	189	221	234	128	153	151	182	211	211	254	109	171	197	183	214	101	188	180	147	127	151	225	127	162	131	173	125	230	68	133	152	193	120	270	215	89	177	237	243	90	220	117	179	134	39	229	177	197	142	148	183	102	136	171	148	105	264	288	178	255	79	200	163	167	167	96	181	191	144	85	272	178	157	127	109	153	141	144	125	145	188
cell171	167	245	270	180	228	99	277	117	102	233	199	325	172	213	136	272	402	106	334	126	265	113	269	247	171	360	278	131	226	159	267	363	227	134	124	160	278	114	289	153	237	240	205	197	250	303	258	329	391	91	352	267	334	313	453	384	422	473	290	224	290	246	385	187	287	236	315	324	329	375	353	375	250	246	359	117	173	208	219	244	158	144	31	157	0	0	0	109	111	72	144	261	187	286	206	64	169	292	184	199	194	230	197	230	299	122	213	312	201	257	285	130	156	207	276	205	268	181	177	201	202	203	250	362	169	243	290	193	243	163	291	267	191	224	254	205	357	58	136	390	190	208	379	206	234	180	356	173	190	244	249	143	220	138	187	119	243	187	169	127	141	138	298	311	199	214	203	267	153	222	216	201	166	232	183	387	234	255	267	269	240	182	257	193	169	281	262	218	255	350	174	250	145	442	348	238	292	313	185	126	226	150	238	186	155	191	117	208	222	268	206	192	171	174	324	144	288	223	126	242	167	251	279	260	253	150	153	228	351	172	287	330	174	150	249	168	297	151	230	242	230	200	236	187	133	233	282	198	279	179	267	241	282	158	409	256	222	223	446	282	194	310	126	184	375	181	84	237	272	409	187	240	344	153	309	198	494	114	272	199	183	234	141	313	201	262	132	128	286	265	302	191	300	241	216	187	89	71	272	282	359	180	244	150	247	255	226	133	197	182	274	277	244	205	226	303	120	384	159	255	314	207	240	242	232	233	203	137	193	133	367	257	201	238	349	158	368	262	280	309	152	358	212	152	363	204	412	286	235	145	161	449	180	248	107	235	169	157	245	227	280	202	169	124	210	101	137	335	210	280	149	143	110	141	182	193	306	243	189	269	352	209	167	294	192	460	296	179	186	126	186	169	205	284	328	139	274	273	106	413	340	149	131	254	261	223	167	246	263	232	264	303	222	142	342	423	183	265	240	153	184	105	230	153	95	282	337	169	242	161	235	314	197	265	254	169	253	248	132	227	346	187	132	193	293	167	142	194	312	377	312	216	150	202	299	287	206	388	209	450	125	201	163	227	241	274	120	192	175	331	188	241	239	196	300	228	209	171	156	104	314	229	158	198	247	119	268	159	307	154	92	154	266	269	169	262	105	243
cell172	91	70	94	95	98	79	73	30	86	64	89	91	170	100	38	86	89	94	92	121	165	89	68	137	84	58	72	92	119	110	103	101	140	158	81	189	112	86	81	52	104	86	82	104	112	129	113	95	76	90	118	62	79	70	128	70	98	74	151	120	117	135	108	63	56	121	62	143	72	53	72	148	66	72	136	98	115	116	125	48	75	151	122	81	132	131	102	60	113	124	63	129	184	124	79	129	70	110	162	68	154	71	116	158	123	43	68	84	84	130	58	129	98	79	120	114	101	49	129	94	123	84	125	160	60	46	56	117	120	99	67	110	79	100	108	85	84	97	88	68	127	138	126	67	129	82	122	153	83	154	93	76	127	120	96	113	92	131	98	83	56	161	142	115	50	114	87	82	156	85	112	45	125	98	236	110	56	117	53	45	90	67	109	90	79	136	48	63	126	82	41	80	124	131	113	112	137	64	80	47	93	106	156	138	77	64	165	124	81	89	101	73	59	136	111	67	90	172	109	129	42	90	115	119	77	122	74	110	91	140	96	95	98	91	106	139	90	141	110	97	74	65	182	112	77	60	43	83	66	20	66	80	63	56	90	32	68	50	56	58	87	69	70	73	66	78	53	64	62	59	78	68	71	58	121	51	56	86	36	82	86	53	63	44	102	82	51	35	72	65	33	64	91	44	55	103	71	95	51	106	71	57	84	51	78	84	92	38	130	49	88	102	60	81	63	73	63	38	63	47	83	49	45	72	67	78	72	106	65	80	60	50	41	71	40	72	61	65	120	73	72	58	32	67	34	72	79	90	75	29	60	89	77	58	86	57	51	56	39	26	76	41	109	89	55	53	74	122	25	51	46	47	56	42	53	57	80	62	59	73	60	32	64	91	84	61	66	84	79	63	68	52	46	64	43	117	80	91	94	48	95	97	66	69	71	27	62	49	54	81	31	45	54	42	35	106	109	65	101	71	58	55	81	18	82	37	48	61	100	76	93	62	64	67	63	65	57	66	47	111	72	54	39	71	56	90	39	65	52	46	101	63	60	20	56	45	54	74	70	60	48	72	107	68	101	54	76	69	59	65	37	68	44	58	90	69	45	63	28	56	83	76	73	42	24	82	67	71	55	82	65	86	75	77	103	91	79	81
cell173	171	113	162	71	132	120	120	126	91	73	108	188	71	135	163	153	157	94	149	103	163	121	66	151	160	115	93	108	170	130	158	110	92	109	160	177	210	106	125	99	212	108	83	115	120	208	125	63	133	180	164	171	225	62	88	100	86	82	192	145	195	126	125	158	135	228	113	89	119	166	89	124	87	87	180	153	105	89	73	133	102	170	94	68	201	183	98	63	91	173	94	100	184	119	113	120	85	68	104	109	245	210	99	111	125	117	206	102	123	96	129	205	183	79	151	168	108	157	55	162	78	132	150	125	140	86	107	139	121	133	149	102	149	181	166	84	61	103	164	114	34	193	93	117	99	113	167	203	118	120	151	79	103	206	109	84	213	153	113	132	89	139	165	65	144	117	137	218	183	116	171	143	76	96	123	132	170	138	100	189	186	110	137	81	193	136	231	73	141	206	90	125	182	172	75	96	125	118	221	155	136	134	110	147	181	123	157	236	168	178	146	110	115	156	126	110	143	92	136	128	148	168	68	131	146	172	176	127	131	168	91	68	60	170	71	83	196	100	133	96	199	215	109	135	97	102	85	59	72	132	70	89	59	49	107	135	77	58	78	58	80	82	58	42	133	54	101	67	80	104	55	96	80	162	95	76	120	138	81	110	89	96	58	88	85	121	92	64	46	71	91	120	44	127	88	54	115	91	62	68	98	132	87	80	77	91	46	73	56	51	106	98	60	125	184	115	107	102	57	113	76	42	39	79	77	124	96	124	86	65	57	55	115	72	117	109	99	91	80	72	109	67	96	150	54	99	115	94	82	108	127	60	82	43	61	82	97	71	84	92	96	81	70	54	69	63	103	120	89	50	91	91	103	41	92	79	84	67	70	88	91	78	53	37	56	52	70	77	78	103	62	85	106	94	94	53	73	69	80	49	92	114	62	42	86	77	47	58	127	103	38	63	97	58	99	119	122	138	54	68	40	100	86	80	55	74	68	76	56	151	53	99	103	85	116	48	108	69	97	108	93	65	54	125	80	38	106	95	87	112	80	128	81	99	81	64	76	23	109	65	92	94	104	65	84	154	127	43	92	88	43	81	102	72	79	74	72	83	116	89	93	81	117	95	52	65	118	98	84	107	75	74	63	162	71	86	52	50
cell174	168	143	181	131	165	107	227	152	142	241	177	162	144	278	136	166	280	198	157	169	119	104	97	248	77	73	149	84	172	105	187	235	279	143	112	101	152	157	218	111	132	359	196	207	131	182	157	67	121	198	202	198	112	192	225	73	128	239	224	199	133	212	175	185	207	180	111	210	145	159	150	203	95	263	199	123	70	287	108	181	205	142	147	204	219	120	85	167	181	107	135	216	232	214	111	156	91	162	181	121	182	118	259	160	136	168	153	147	135	228	155	119	98	268	151	183	187	257	259	177	162	140	148	126	138	99	141	112	98	186	225	135	88	65	140	125	205	182	213	146	155	152	166	205	97	68	180	136	178	122	174	138	221	57	222	138	187	104	150	247	201	276	97	84	126	125	79	121	123	118	150	169	128	177	159	142	167	149	159	160	257	192	142	241	133	131	141	220	190	201	151	148	113	128	108	135	168	281	163	139	210	127	156	200	108	254	157	198	111	212	127	145	198	193	240	131	137	126	142	164	137	177	146	172	135	126	194	300	112	250	159	190	151	213	100	136	255	157	279	319	258	65	155	130	145	115	88	62	178	83	139	74	156	139	84	65	81	147	137	54	95	99	100	119	160	141	83	171	56	101	71	79	99	157	145	112	92	135	107	155	140	39	124	133	110	94	53	125	71	86	50	67	157	97	148	131	136	105	230	123	67	131	102	88	134	121	178	137	107	83	167	104	86	134	71	145	112	96	103	118	170	199	92	88	106	142	134	69	141	82	115	138	138	98	89	140	139	107	151	59	122	137	100	102	59	105	101	86	86	143	110	106	92	132	108	149	107	124	86	84	93	107	118	95	97	113	66	173	94	52	92	72	137	134	156	46	104	119	119	87	59	62	203	107	44	100	82	87	98	30	150	108	106	124	101	76	133	65	102	82	68	114	82	87	117	167	127	62	130	62	93	139	82	120	134	143	73	95	159	130	163	123	138	113	71	191	84	76	38	55	67	121	196	80	110	87	106	130	192	64	157	95	77	80	72	80	162	86	190	144	133	68	114	166	106	73	118	101	100	106	84	157	81	90	59	97	97	85	120	76	91	163	157	89	67	59	87	104	128	62	201	147	79	65	107	92	102	133	85	140	120	119	101	138	118	125	68	127
cell175	310	326	169	432	186	248	172	363	171	218	323	231	201	107	216	144	147	115	122	327	299	167	275	265	289	206	287	330	172	201	325	189	297	257	188	191	320	254	331	172	148	151	222	218	157	163	266	153	308	176	243	421	162	258	405	198	217	155	149	382	291	327	89	242	196	256	219	246	336	240	362	236	224	199	304	103	305	194	145	151	507	236	177	228	291	244	257	263	244	195	200	292	231	242	98	342	140	132	329	229	100	134	372	162	178	236	283	159	110	257	223	347	224	197	229	278	306	287	178	223	237	152	266	426	235	160	191	203	187	244	121	334	313	158	263	202	231	158	386	311	231	213	253	247	168	311	213	220	230	214	186	238	173	323	207	166	166	230	204	231	118	189	452	389	206	145	178	337	142	144	299	332	232	198	183	223	179	148	310	219	301	181	238	251	335	175	152	266	263	200	281	353	230	305	212	181	234	211	292	231	284	267	207	218	215	254	228	215	375	426	168	292	313	266	172	58	200	243	198	238	252	124	168	241	179	253	258	181	184	211	200	320	250	176	191	186	159	178	245	323	313	385	337	230	122	191	106	126	165	107	211	106	178	238	189	219	166	123	121	185	208	168	97	137	82	179	128	92	169	198	99	117	196	184	134	207	157	237	103	93	112	133	159	102	196	157	218	155	210	101	166	247	227	155	170	149	166	195	208	218	174	156	95	292	136	222	146	158	140	166	185	150	129	85	98	145	195	91	104	144	203	229	191	230	107	185	141	104	211	137	163	234	216	131	382	89	153	264	197	116	132	101	175	72	131	336	193	109	171	122	115	108	135	205	211	162	270	207	196	139	149	198	153	250	154	107	310	115	118	228	157	103	259	159	134	242	156	258	138	214	193	162	231	177	135	268	221	137	139	135	201	173	156	137	172	135	207	140	125	119	117	116	138	278	101	139	193	131	194	112	135	184	295	94	172	215	168	128	142	232	269	98	77	156	131	150	170	228	202	110	189	101	179	129	249	187	105	163	163	145	85	246	151	63	170	129	162	316	145	236	104	135	168	180	221	180	79	109	100	166	208	257	196	79	59	156	95	124	147	81	128	90	205	72	168	103	91	158	67	198	179	102	135	163	69	86	176	109	185	162	241	280	160	200	306	180	196	154
cell176	41	132	53	47	79	111	62	63	99	68	65	87	120	77	55	71	74	93	43	59	55	39	98	49	82	123	42	68	46	77	54	37	71	73	143	85	28	59	75	43	57	30	39	83	49	74	99	65	127	131	121	145	126	103	85	112	86	103	93	131	74	136	134	105	158	78	83	56	127	102	72	121	117	101	180	53	86	56	66	26	41	56	29	36	0	0	0	37	47	35	87	85	52	62	77	45	76	108	56	70	69	75	58	94	61	73	68	73	88	85	63	44	73	87	39	86	82	90	74	146	61	72	78	118	52	49	117	83	39	46	71	42	54	40	126	42	101	33	67	82	89	84	31	84	84	84	125	88	73	134	81	95	71	33	72	55	89	92	44	91	36	81	90	37	46	33	59	50	71	62	71	70	88	98	50	76	43	56	60	78	85	92	103	82	61	70	43	86	46	60	78	63	103	46	82	70	60	89	116	30	45	35	65	119	77	48	50	66	82	40	71	109	54	121	38	133	62	95	64	39	61	126	58	75	72	125	51	76	68	72	54	115	61	39	115	43	57	94	59	74	74	90	65	69	86	104	78	59	72	64	99	77	66	39	79	68	70	79	66	95	66	92	65	60	29	41	68	52	39	137	45	87	91	49	64	112	101	54	29	38	56	90	45	72	87	146	57	93	90	56	50	48	87	65	89	27	88	99	37	67	35	103	74	130	61	76	51	50	64	24	86	69	71	65	72	74	86	34	93	81	56	62	60	84	86	100	77	60	57	72	114	89	42	70	54	57	59	60	101	71	85	54	50	82	30	41	48	65	63	56	45	52	85	50	66	74	77	94	38	95	55	106	83	110	99	104	70	67	94	60	62	123	72	91	95	55	65	77	63	72	49	92	37	45	40	65	66	49	69	52	57	85	86	39	60	72	63	85	59	63	44	81	66	94	63	46	84	58	59	26	87	67	32	102	46	80	96	89	83	54	43	27	55	148	62	53	106	61	59	65	51	57	47	83	75	93	64	50	79	64	99	76	61	47	54	39	76	35	66	108	74	32	48	96	64	85	99	41	55	40	98	72	54	70	60	68	85	65	71	130	51	75	49	48	86	51	45	35	74	74	84	99	67	106	40	113	92	81	74	52	98	87	63	74	67	83	45	70
cell177	127	75	91	170	117	119	164	182	109	108	115	177	212	135	122	137	57	163	83	136	121	126	87	140	118	75	137	100	155	183	108	125	115	115	78	97	64	48	115	127	250	94	104	117	94	94	76	155	194	136	120	108	145	137	106	240	56	171	50	166	138	132	159	176	176	148	132	193	161	106	130	198	142	156	176	139	95	113	224	94	106	146	92	202	200	148	186	109	108	144	164	136	188	114	112	115	101	134	109	128	65	165	103	201	160	101	104	168	173	148	172	170	204	62	97	101	116	84	172	91	74	145	138	129	136	141	114	76	123	102	138	115	189	150	167	140	133	103	139	116	107	121	83	102	107	138	103	90	148	59	113	124	113	113	108	189	140	91	83	93	130	176	135	255	97	154	137	137	124	77	147	57	166	141	144	61	102	245	92	168	98	153	146	90	161	134	238	137	103	149	68	145	97	116	119	155	139	139	181	115	143	136	149	171	109	157	78	149	149	158	172	95	182	181	108	131	105	129	81	174	104	142	194	167	56	118	132	115	125	109	210	99	72	143	105	131	151	147	130	150	157	176	165	84	108	101	71	90	83	125	166	57	99	56	125	60	54	93	90	65	80	75	62	84	101	71	50	67	81	104	103	113	156	72	178	135	73	78	84	87	102	82	87	37	103	110	35	77	153	105	77	71	80	114	59	68	78	103	52	64	78	113	64	42	81	102	82	62	87	32	140	101	152	45	65	53	93	57	85	181	111	102	86	72	102	105	56	116	95	73	104	27	92	52	92	110	146	72	114	86	64	106	64	146	79	64	79	114	119	88	133	82	126	107	54	72	74	107	68	92	71	46	106	48	98	80	104	60	123	80	80	52	117	85	120	92	67	48	58	100	198	120	68	45	52	51	147	135	75	96	122	132	67	42	71	81	61	87	53	93	78	104	129	85	52	89	77	130	192	45	63	73	56	43	103	85	119	93	76	95	48	97	113	155	86	132	68	62	163	107	49	65	40	48	74	64	133	67	63	103	134	75	62	53	69	128	67	118	83	101	103	67	115	84	41	74	73	73	87	66	73	117	143	146	96	60	76	70	70	68	79	90	57	103	106	49	58	89	67	127	105	58	71	50	47	75	109	48	88	78	81	104	99	143	90	114	38	67
cell178	187	258	111	142	195	150	133	170	185	188	229	247	178	189	173	213	162	176	214	140	239	171	259	92	162	133	239	181	171	146	179	234	204	118	188	173	218	105	123	164	268	203	158	174	86	230	92	155	225	88	161	140	249	169	215	237	165	193	229	82	198	285	207	170	179	136	194	223	346	124	241	171	126	185	218	154	196	143	130	67	164	129	153	203	187	111	103	283	217	132	153	151	279	202	166	276	127	307	198	160	127	208	162	141	211	206	148	247	299	223	211	180	83	81	141	110	293	81	233	205	182	157	159	252	131	268	125	199	136	158	166	91	154	204	124	62	286	216	172	176	173	102	241	172	130	98	213	184	150	156	324	244	204	110	189	149	199	281	261	40	173	156	243	148	199	219	67	140	160	217	67	149	135	119	142	203	201	126	146	421	123	105	232	241	299	226	230	160	197	192	194	369	278	162	189	208	294	179	203	144	129	199	167	256	210	267	221	105	276	236	155	225	155	252	228	253	310	172	182	275	87	129	202	213	119	201	183	268	63	181	205	257	124	232	222	163	78	134	163	199	181	132	271	121	61	151	111	48	110	72	76	128	102	108	112	132	142	227	137	226	81	121	87	108	154	94	161	103	64	76	115	47	68	161	112	155	103	98	139	148	102	128	213	94	137	110	96	63	137	168	113	51	109	75	131	102	73	167	91	59	117	227	182	104	93	227	163	120	89	88	87	174	145	168	108	109	107	110	124	90	199	118	56	163	89	70	192	87	167	125	135	159	79	70	136	106	144	116	106	73	117	117	108	152	154	156	93	99	196	104	100	115	94	54	100	151	121	84	204	135	86	161	62	250	234	106	223	70	70	67	191	135	124	60	196	100	59	80	119	128	104	146	142	165	145	97	96	118	104	83	135	124	101	85	162	104	143	70	49	47	57	158	121	111	68	92	156	153	172	93	200	59	107	181	76	145	101	144	145	48	89	153	74	100	112	177	147	157	132	120	133	173	73	138	186	90	153	145	136	269	142	42	109	125	81	98	106	89	121	75	148	101	104	164	156	58	85	166	98	150	194	112	65	111	120	146	95	84	115	216	70	89	155	142	85	74	121	101	60	88	71	108	87	60	116	94	75	104	178	106	124	142	94	147	175	97	151	132
cell179	187	161	298	243	209	197	182	126	231	87	90	152	229	122	209	156	182	119	190	82	199	118	178	159	127	178	148	158	275	168	106	123	163	220	205	48	101	127	100	143	154	99	137	125	214	149	69	140	91	108	193	217	157	252	230	238	113	177	95	196	125	299	159	106	193	242	109	200	194	222	107	180	234	267	276	199	158	86	107	178	108	186	131	111	171	191	158	184	196	256	173	99	172	222	124	150	183	140	81	127	107	85	80	168	182	92	88	84	102	114	183	162	124	237	165	170	121	153	166	100	196	165	126	170	178	104	170	172	139	207	150	142	141	75	161	396	164	99	247	97	188	180	155	194	122	225	121	244	191	230	271	182	146	216	101	204	148	146	235	311	176	155	151	236	58	189	79	199	127	198	141	106	213	299	149	222	191	113	182	162	184	127	207	85	146	222	132	220	221	163	254	153	170	202	174	192	112	82	240	117	137	207	240	146	156	203	182	172	184	242	79	199	138	160	123	160	136	76	147	169	187	132	259	203	115	162	144	146	222	193	130	113	120	173	166	200	128	142	183	166	255	199	103	116	124	138	128	46	108	84	118	162	171	57	140	83	92	92	167	123	126	75	120	93	123	86	79	62	141	81	120	137	85	92	96	148	70	92	135	130	115	128	76	111	102	87	68	96	93	104	110	148	144	146	113	100	97	108	99	113	143	57	138	112	125	100	104	159	180	132	67	152	81	55	77	67	160	139	85	95	88	118	55	126	152	130	118	95	57	137	109	137	71	95	99	73	157	124	67	79	83	79	104	84	61	138	90	104	86	131	116	98	128	80	89	73	90	78	159	109	93	122	87	116	83	149	107	78	84	113	50	140	142	95	101	56	97	56	85	118	49	116	125	100	40	53	131	91	109	115	109	94	125	87	113	103	98	100	137	143	93	88	91	125	135	114	44	114	125	105	67	74	114	114	51	105	91	91	127	153	165	84	49	105	135	103	136	74	136	43	132	110	75	108	99	114	150	86	94	85	128	67	48	66	87	75	100	90	81	104	96	132	153	86	156	97	149	112	77	123	55	90	139	115	67	124	92	139	99	120	91	140	159	102	87	73	104	167	107	108	131	89	156	177	158	122	101	182	160	122	110	82	95	80	103	63	148	106
cell180	73	107	82	82	104	121	150	70	66	71	55	70	97	91	47	98	107	67	93	94	68	46	29	126	149	63	104	66	63	64	141	136	107	90	107	125	81	57	56	194	106	81	63	87	66	115	136	73	84	104	180	123	144	158	130	152	154	181	115	78	191	73	115	88	90	69	132	80	143	117	56	88	55	140	97	57	89	29	123	118	57	39	53	45	0	0	0	48	41	27	62	150	60	41	72	68	79	107	58	81	74	129	53	101	133	56	53	142	45	55	56	32	99	72	130	108	55	136	41	100	122	72	115	85	76	106	91	77	107	102	73	91	186	113	66	89	61	92	89	47	102	41	84	71	69	97	73	69	153	70	104	113	73	67	80	117	158	46	81	86	108	81	121	132	48	95	46	97	116	69	90	50	86	61	141	46	68	61	83	70	140	147	110	105	103	171	106	94	62	90	77	87	51	95	66	81	38	112	144	55	81	79	47	97	112	65	146	35	72	66	56	85	76	53	64	55	93	103	107	94	76	78	88	56	48	48	100	110	87	42	47	75	41	100	131	97	53	148	50	80	124	94	93	104	102	96	64	45	83	98	144	80	113	56	76	93	90	78	64	112	122	79	110	67	116	88	45	52	77	112	153	86	71	99	85	88	68	76	114	60	85	72	91	41	82	94	69	76	56	93	93	120	103	63	74	60	70	72	87	88	93	196	118	82	80	115	61	94	60	89	85	108	83	85	151	39	64	59	101	147	133	67	106	99	76	91	18	93	57	113	31	49	65	101	66	47	125	87	104	101	114	88	82	66	65	94	92	129	75	78	105	83	113	100	125	60	67	92	64	123	117	52	103	49	103	65	33	73	125	103	91	86	57	74	58	73	108	60	76	91	106	76	75	82	136	71	39	98	61	64	71	111	113	82	84	48	83	75	74	90	144	79	70	79	94	93	122	91	107	74	101	77	56	81	61	61	112	34	66	40	65	131	29	72	85	89	53	62	61	55	66	63	78	128	109	97	80	83	88	95	77	30	91	71	108	46	61	44	56	47	125	66	76	67	102	39	89	133	76	54	115	56	43	63	104	89	90	112	87	61	72	69	85	80	67	81	70	97	110	93	93	34	101	66	125	110	69	93	73	136	82	63	68	103	60	91	103	94
cell181	155	218	116	156	104	160	93	88	126	121	224	197	175	149	133	73	154	93	110	175	98	139	182	141	140	136	125	95	57	99	130	97	107	150	129	66	99	119	116	134	117	130	148	163	136	73	123	123	87	153	93	84	234	178	152	116	108	104	79	120	123	112	157	232	194	183	175	125	166	126	135	235	159	83	94	211	100	103	205	150	84	151	201	83	83	101	151	111	113	184	50	150	115	127	192	177	122	86	109	94	148	83	126	107	94	63	109	102	141	69	73	127	87	92	139	167	139	119	227	85	146	123	87	136	173	194	141	89	159	153	174	107	57	149	67	136	106	284	97	183	157	134	120	107	71	162	219	164	101	118	168	190	153	126	88	120	52	92	133	146	84	127	129	102	163	70	165	165	129	152	90	177	130	256	159	215	192	206	117	65	133	171	115	96	130	132	127	130	137	117	130	103	172	190	70	104	92	115	163	158	97	91	74	79	200	66	161	117	128	80	136	102	123	156	145	108	81	93	109	119	75	150	147	137	107	65	143	78	111	162	124	182	118	160	105	242	114	217	154	138	110	143	119	141	121	47	81	192	73	90	39	77	105	88	52	78	117	75	62	85	39	122	87	73	114	85	118	70	194	67	147	57	86	96	178	119	49	73	64	153	63	82	106	117	101	65	84	114	150	106	141	85	87	106	49	64	79	145	92	139	121	69	75	57	148	97	129	89	77	134	97	103	90	145	135	71	148	70	61	120	76	65	122	83	69	97	113	106	131	103	73	119	48	68	101	113	70	81	46	123	70	109	150	94	85	97	86	100	85	109	84	89	111	84	96	84	90	70	93	83	78	94	151	107	83	93	113	129	88	92	78	84	53	87	37	96	58	61	90	71	46	105	129	80	81	66	147	132	142	86	38	56	83	110	190	101	81	100	68	66	68	66	103	80	93	83	56	66	76	61	103	69	52	82	106	69	123	106	106	49	89	139	99	63	118	54	90	84	84	107	121	69	58	81	91	98	113	119	73	46	100	41	90	132	42	87	100	143	79	105	94	52	71	132	104	80	120	76	103	145	108	81	84	68	95	100	71	63	80	89	110	62	64	91	129	92	77	73	74	80	135	141	134	75	141	100	71	57	157	39	159	44	96	52	86	113	112	67
cell182	66	111	75	54	55	115	102	43	38	162	84	96	71	99	139	88	94	95	148	69	92	61	40	100	112	91	68	83	73	52	96	37	97	65	42	49	96	77	150	43	171	91	45	105	56	120	99	109	90	99	81	124	84	168	69	104	89	65	97	130	119	100	119	84	107	92	94	114	71	171	130	82	72	77	61	103	101	75	88	149	61	102	87	41	65	162	71	107	116	82	66	88	56	67	130	64	179	61	80	127	71	77	103	53	54	67	124	75	84	112	89	63	88	118	96	147	140	109	110	71	98	88	90	59	83	105	118	71	61	126	97	63	88	109	82	106	98	77	80	97	79	28	107	79	51	94	120	127	70	65	115	115	78	72	112	89	66	123	137	122	35	146	75	60	71	97	87	108	102	73	149	67	70	140	98	64	63	56	110	77	84	97	100	138	47	155	111	94	67	82	91	54	135	115	105	180	103	178	157	55	72	90	86	73	78	104	44	168	54	110	95	83	123	100	75	81	56	81	91	93	124	135	93	134	84	83	77	112	71	127	137	71	44	75	68	131	126	109	79	140	154	145	116	111	80	60	76	111	37	60	58	84	56	77	54	75	42	48	35	52	61	78	127	77	97	38	73	59	65	71	109	52	50	94	101	67	90	63	25	69	45	28	39	86	40	61	91	79	34	46	79	74	61	55	73	75	66	38	51	85	63	52	49	45	56	53	55	53	63	81	66	57	91	31	50	30	36	87	84	78	67	98	47	60	55	41	34	60	73	53	36	59	95	57	74	90	45	24	40	39	57	110	45	56	40	90	25	35	44	26	57	49	65	71	62	77	83	105	68	46	65	45	40	69	89	103	67	49	50	59	83	41	34	41	94	76	54	97	63	49	49	48	67	52	50	42	81	102	38	93	103	69	48	55	45	49	61	50	61	27	48	61	51	82	78	54	44	72	69	42	76	72	73	64	59	102	43	110	59	69	55	68	59	48	59	109	92	93	33	64	51	77	59	66	92	107	26	74	58	100	52	127	61	67	55	85	41	43	73	60	68	52	41	62	61	68	57	120	55	54	32	43	34	60	29	41	82	66	63	36	46	44	38	42	62	66	70	43	54	55	44	93	118	79	81	93	68	90	33	51	29	39	76	67	35	61	74	41
cell183	212	142	69	209	144	199	162	244	123	146	147	193	149	176	143	110	77	160	96	152	122	154	176	189	114	109	141	35	142	94	91	189	111	159	75	145	103	102	75	149	98	160	154	127	67	294	100	83	183	118	108	148	128	118	162	52	207	197	147	101	201	114	120	101	115	173	125	86	139	121	112	130	135	164	141	193	76	203	212	158	185	150	163	152	120	126	127	255	127	125	148	204	116	129	159	85	236	89	149	119	79	117	170	156	121	141	117	147	136	114	120	200	232	100	104	98	127	91	168	169	121	70	192	282	114	115	83	163	125	140	277	138	139	199	114	184	144	98	182	130	137	131	192	88	62	109	83	143	131	87	167	145	100	172	179	112	128	143	255	179	103	140	209	101	82	105	158	110	87	184	125	114	178	86	131	190	145	108	133	111	151	154	82	181	77	136	169	179	97	160	196	220	151	85	134	196	156	95	85	184	126	84	105	95	116	181	123	126	127	151	90	63	95	95	117	142	179	78	146	162	105	200	120	117	110	73	161	123	146	142	156	95	177	186	79	122	237	230	128	87	85	125	285	108	105	42	91	104	103	83	95	61	47	54	118	61	81	120	141	50	32	96	102	48	76	124	76	105	121	120	77	104	145	51	100	112	78	115	99	54	107	92	81	114	118	54	80	70	133	128	61	74	94	92	83	33	98	48	94	28	54	67	128	111	120	86	76	71	87	98	105	116	82	112	78	101	78	95	118	144	72	99	41	36	68	93	42	83	89	66	81	133	135	100	70	118	105	115	113	65	129	77	146	108	86	54	44	89	97	57	57	88	79	121	104	115	96	138	83	114	89	57	60	147	107	81	118	112	66	76	84	108	109	99	144	108	60	83	111	83	68	100	80	86	85	80	95	133	92	67	57	148	84	113	43	68	64	56	68	133	140	93	135	120	84	45	73	106	97	90	82	55	89	128	75	72	82	89	134	125	140	107	79	54	94	88	96	80	68	64	63	61	203	67	145	55	87	111	102	74	141	107	95	57	111	65	100	75	80	93	82	148	76	84	81	84	106	53	44	160	19	92	66	65	162	65	87	65	219	84	52	127	75	88	57	78	66	71	84	106	77	99	151	94	98	65	78	139	113	89	43	67	54	71	63	158	74	164
cell184	110	140	139	137	119	122	237	190	134	188	90	87	83	162	151	136	132	96	124	83	201	138	136	213	126	97	81	104	127	103	194	149	126	157	102	191	92	144	184	103	137	134	123	72	195	225	125	81	165	116	151	114	94	70	125	98	126	46	163	231	199	144	108	92	64	169	165	154	89	134	127	103	91	89	145	100	146	45	148	113	197	133	105	119	119	147	186	92	112	153	159	105	128	152	114	140	74	199	161	165	151	230	182	157	135	116	99	165	130	97	204	228	203	127	103	110	118	100	199	171	206	102	181	100	146	129	152	102	104	63	74	132	88	110	148	88	129	80	147	91	139	134	164	160	120	113	185	103	159	125	167	77	161	137	167	121	115	89	120	96	81	88	124	62	104	101	97	190	101	58	84	125	44	126	97	206	163	120	88	87	71	82	124	95	130	134	144	119	111	145	126	97	138	117	158	117	161	128	88	63	84	166	101	205	120	163	85	182	108	85	97	107	114	159	58	110	198	74	183	224	173	141	99	104	139	116	138	136	132	176	106	126	223	107	155	99	133	124	132	102	78	173	109	94	68	88	121	104	76	74	92	95	110	86	88	112	103	48	126	158	86	152	37	100	112	83	113	86	61	145	89	74	111	94	39	62	123	141	150	44	123	101	108	44	101	95	54	43	135	48	78	94	55	54	123	59	68	89	106	77	85	161	92	91	92	56	125	61	81	85	117	38	141	78	135	67	39	98	81	58	67	105	123	111	31	67	87	94	42	138	123	62	81	46	76	74	100	59	80	65	103	50	61	155	78	109	60	56	56	109	87	96	55	63	102	83	53	127	104	76	113	78	119	109	62	47	76	97	77	123	102	51	133	94	87	91	73	93	75	111	83	49	100	102	116	56	78	84	86	93	89	114	127	96	116	86	78	103	106	127	113	62	111	100	128	78	87	154	82	108	107	68	104	128	137	94	167	87	110	87	92	97	114	86	74	113	81	98	117	165	128	69	113	83	125	184	138	46	127	64	78	79	62	155	53	108	84	84	100	128	61	122	69	98	64	109	97	73	128	67	77	95	49	93	74	76	99	45	81	108	78	52	77	121	119	52	52	80	70	57	95	44	74	57	64	96	98	92	125	99	90	181	58	116	103	39	36	103
cell185	218	225	105	197	108	151	188	170	101	131	110	133	129	235	193	117	139	137	139	143	199	166	103	116	215	231	146	241	111	142	169	133	175	130	227	228	85	108	127	77	166	154	123	76	146	90	152	216	146	233	132	127	133	75	107	204	123	101	120	187	146	223	140	147	171	103	221	116	179	107	126	238	171	91	127	97	130	116	67	132	137	142	220	123	93	231	185	194	96	223	69	196	162	145	109	158	165	104	168	102	109	231	105	228	276	214	226	163	139	143	66	287	134	219	197	176	131	157	82	162	55	125	172	151	145	134	124	113	140	121	207	179	169	135	109	178	111	109	169	168	129	114	103	178	141	183	156	155	47	143	157	267	257	118	166	158	116	172	227	96	204	141	173	129	177	205	171	156	155	244	169	151	122	131	223	152	195	89	139	140	199	90	125	144	196	105	117	91	85	140	195	127	100	89	91	159	108	96	173	175	148	247	156	121	206	82	271	186	171	232	76	165	125	185	236	191	190	127	136	133	148	130	220	150	115	222	246	141	135	142	127	153	87	170	95	200	314	133	107	170	178	134	157	81	105	81	62	169	91	105	140	108	126	75	49	132	111	108	71	130	97	113	85	64	92	102	122	61	130	82	107	86	134	104	116	88	90	103	81	109	63	120	76	111	131	138	66	106	141	72	157	166	146	126	138	86	78	95	85	127	114	85	52	62	105	116	120	31	65	78	150	91	113	83	51	80	132	130	89	129	70	105	189	73	129	82	115	69	65	134	195	99	55	84	116	66	112	145	101	167	91	96	169	97	79	100	116	80	114	230	118	157	86	120	42	101	131	82	129	80	130	102	119	96	101	96	67	101	140	120	118	166	71	128	76	63	42	142	77	77	113	91	68	98	97	113	114	43	166	82	119	117	94	101	113	111	112	66	111	223	103	107	137	159	89	103	74	170	75	98	121	87	59	73	188	148	113	138	107	111	39	117	157	62	127	104	133	90	156	76	127	141	96	76	32	80	109	136	115	130	146	109	90	198	121	85	90	81	60	78	142	105	47	89	108	98	138	68	105	145	75	69	70	100	88	113	55	77	103	84	69	77	62	96	77	84	70	214	60	165	82	106	82	97	101	75	128	186	75	106	120	103	67	74	77	78	141	161
cell186	75	91	84	197	122	103	91	75	131	94	144	217	118	154	130	141	126	161	126	78	121	153	74	96	136	127	76	165	117	140	99	170	138	96	115	116	103	100	203	140	151	81	137	142	114	169	229	88	165	157	85	101	166	116	147	166	114	90	90	149	188	97	64	81	200	109	101	173	130	151	137	129	155	90	88	214	146	87	120	167	58	176	113	106	101	225	116	117	120	97	216	96	109	116	166	99	118	72	96	120	124	151	164	95	127	97	169	189	85	112	129	155	120	100	67	67	225	140	137	131	105	109	190	71	132	169	93	75	129	100	225	72	155	148	136	156	100	114	91	90	154	168	130	125	136	159	143	93	133	128	143	196	114	147	98	56	85	93	129	133	274	177	104	101	157	139	143	74	113	86	122	140	48	152	125	123	132	236	130	83	122	44	185	192	94	102	66	59	106	95	157	183	168	145	196	201	71	81	150	108	77	80	120	94	55	81	149	75	105	97	89	77	106	122	135	90	95	155	54	112	106	99	85	121	104	134	166	104	118	168	108	106	132	155	108	81	81	144	114	89	127	93	62	57	108	118	92	102	66	179	33	54	109	107	94	51	88	86	74	63	70	79	93	106	91	94	70	67	55	102	45	108	92	106	64	134	98	93	59	83	99	95	63	86	64	51	31	50	82	24	76	81	64	76	79	74	119	134	98	46	141	32	77	78	55	48	50	36	113	73	104	74	88	64	88	74	111	73	110	125	76	77	100	86	65	71	68	70	94	107	64	60	49	103	70	93	116	46	117	77	50	54	71	74	52	75	76	95	66	106	80	113	56	75	40	69	55	155	40	71	63	58	45	80	84	58	72	50	79	111	45	81	92	36	105	77	84	99	97	100	152	40	57	73	84	95	59	62	92	76	79	98	62	69	90	98	82	75	86	96	133	109	69	67	57	93	96	50	62	94	52	70	134	73	66	107	119	42	92	101	69	66	67	118	151	103	91	75	73	70	90	20	105	82	80	52	59	72	58	156	62	39	51	136	113	91	110	80	105	74	64	43	116	102	141	99	69	52	104	66	84	105	133	53	91	83	65	93	55	75	38	104	59	95	56	71	71	49	40	150	104	79	85	65	52	77	100	118	57	120	122	82	53	46	132	85	79	79
cell187	136	159	160	166	162	124	125	168	115	178	122	162	253	83	233	150	122	144	154	166	137	85	171	287	182	171	159	108	121	247	143	130	144	133	192	195	174	166	131	385	149	75	153	156	148	189	138	201	109	194	162	61	236	167	139	234	89	258	118	177	190	167	383	128	124	170	223	159	133	197	219	198	130	100	136	169	89	131	182	163	121	64	323	195	130	225	164	96	113	178	139	168	118	379	196	223	137	278	176	200	194	152	101	160	223	144	212	274	158	146	230	228	150	165	235	147	108	206	78	152	201	339	75	176	231	145	149	187	104	150	144	62	133	158	174	205	145	145	122	136	160	176	104	162	301	181	74	116	90	86	170	170	200	83	147	263	183	88	112	230	228	156	191	99	210	118	131	173	138	174	150	73	170	102	228	116	235	177	169	273	267	156	91	132	165	153	206	126	109	197	146	195	105	75	140	204	85	162	123	144	81	137	127	134	210	132	119	246	148	90	199	179	185	139	147	116	87	182	191	160	182	187	160	234	144	170	202	171	185	96	145	173	149	129	272	165	188	78	281	160	134	212	139	235	79	144	93	124	77	153	73	129	146	118	118	156	69	98	180	65	79	143	80	89	97	71	84	155	127	65	201	93	218	77	82	51	133	78	158	87	130	66	171	67	146	135	85	62	209	116	62	182	128	75	102	78	148	67	88	88	134	138	85	72	125	82	78	148	71	160	98	73	109	88	105	88	160	78	134	50	70	68	149	137	90	119	163	133	112	102	45	60	116	122	130	83	69	38	158	75	111	113	89	158	81	65	123	143	139	163	89	81	90	108	100	118	60	119	43	115	78	46	158	170	177	134	136	111	164	55	92	73	109	130	102	116	190	56	172	122	122	78	112	116	99	48	92	115	167	113	121	45	85	102	141	42	128	131	110	142	150	202	112	93	186	144	92	108	119	45	87	131	150	82	54	118	191	216	134	112	176	124	130	162	71	225	237	102	177	105	116	112	112	139	109	98	110	87	139	126	85	113	86	74	99	93	90	78	117	113	57	66	90	62	123	99	73	91	128	59	127	91	74	135	109	142	80	99	63	141	62	112	84	103	111	118	108	121	99	138	155	85	104	52	86	145	53	158	139	136	93	78	123	75	145	135	84	61
cell188	222	114	196	234	145	242	229	189	215	241	306	233	288	107	187	128	120	138	200	313	137	112	156	210	269	136	185	340	131	166	213	188	204	233	217	128	167	217	160	161	99	198	216	200	181	99	188	139	141	227	193	268	109	212	225	150	217	272	219	224	149	166	77	172	245	230	190	220	95	135	141	388	346	262	331	286	218	106	290	206	186	316	99	142	152	214	214	219	171	232	132	173	220	204	139	212	271	192	140	205	131	114	242	154	228	134	145	350	187	332	207	338	284	172	180	183	184	324	149	199	196	77	251	157	151	237	172	96	222	254	179	163	124	437	272	155	106	221	143	324	161	236	232	129	191	168	170	225	254	146	148	220	266	144	179	103	168	157	146	223	201	274	154	171	374	195	149	183	294	202	205	168	243	183	273	228	237	284	160	288	196	206	112	156	189	229	320	151	297	260	148	194	219	112	278	215	147	229	142	160	224	153	256	208	219	265	202	221	104	141	223	181	186	250	117	173	259	209	271	210	189	157	199	227	123	268	225	310	110	196	193	267	280	157	139	171	307	200	134	154	136	143	220	198	76	43	199	119	196	88	109	164	109	116	122	98	163	74	73	142	239	161	151	92	141	142	152	104	164	82	96	171	93	92	145	145	140	161	76	132	179	172	91	49	155	168	116	97	204	109	122	85	144	163	188	60	122	100	123	136	193	93	163	144	152	149	87	96	250	91	109	185	117	124	92	137	84	150	136	178	91	68	159	79	77	79	141	110	158	144	220	141	200	134	126	226	102	83	129	189	131	150	173	133	145	86	127	140	86	185	117	86	112	64	120	114	134	66	128	148	109	66	131	73	165	235	111	119	65	130	152	102	204	79	151	89	91	172	76	91	87	272	174	112	160	115	156	171	128	90	135	117	111	125	131	159	114	70	116	215	156	167	133	121	133	91	192	155	118	111	170	78	242	87	157	69	214	106	45	139	183	108	80	143	103	134	84	148	202	81	150	201	56	168	99	108	164	70	165	101	196	130	73	136	189	145	141	61	104	93	111	211	44	62	129	127	92	200	137	71	110	111	104	132	259	210	254	98	171	150	192	72	139	175	99	104	162	207	132	81	84	135	72	86	176	122	165	122	164	62	190	305	109	105	201	178	123	148
cell189	234	196	118	266	183	133	119	146	96	90	158	207	156	173	86	121	216	114	158	145	66	197	167	212	107	150	119	148	207	179	207	196	188	200	202	171	140	114	159	152	222	167	145	151	200	213	239	194	190	121	105	201	294	173	186	108	170	94	74	162	83	231	162	181	271	64	116	171	128	129	132	255	173	261	104	75	123	189	65	148	82	88	122	207	195	146	116	134	241	109	89	228	114	156	156	143	145	197	78	100	150	126	120	156	228	97	187	75	164	176	134	130	158	65	111	138	154	235	193	151	123	149	122	181	165	143	98	164	176	258	220	256	222	113	190	117	202	180	148	164	259	140	112	175	191	124	141	74	177	114	157	90	170	151	138	76	177	149	171	155	341	82	178	168	106	55	148	93	105	43	125	88	170	141	121	161	163	126	186	83	96	177	126	115	145	148	180	89	138	157	129	121	64	146	136	107	181	233	146	149	190	158	96	204	211	241	136	92	77	129	162	143	177	280	126	95	261	135	132	150	75	190	163	130	111	193	149	179	223	241	167	180	199	141	155	241	73	245	169	155	62	68	142	167	56	78	39	76	123	61	155	63	131	76	161	130	88	99	89	109	81	99	94	100	105	41	102	119	115	80	102	82	105	105	72	152	74	74	113	82	53	136	91	57	167	88	64	108	77	105	71	164	70	102	56	98	177	77	125	70	87	116	114	143	75	138	77	46	85	66	156	128	75	134	86	108	159	58	132	37	147	149	73	80	129	63	143	73	76	109	53	104	53	66	142	109	152	43	58	35	73	138	81	78	201	107	78	145	131	111	37	124	91	108	72	124	104	84	132	128	37	89	101	114	110	88	74	90	168	140	87	47	101	69	118	101	105	81	55	100	117	86	165	131	53	128	144	66	73	185	87	119	110	52	78	102	86	138	127	90	98	69	117	90	88	143	139	109	69	142	123	103	111	126	132	108	64	116	129	114	131	111	180	94	35	110	72	70	130	145	161	131	102	144	101	98	87	119	117	165	121	92	118	31	95	45	123	71	106	97	73	98	102	145	88	107	62	121	94	59	151	119	69	96	149	136	96	69	103	118	96	138	49	93	128	71	89	130	77	137	93	95	66	81	110	90	83	39	63	66	102	54	65	79	120	130	140	130
cell190	155	217	226	226	149	122	190	149	117	71	204	79	210	232	102	139	134	157	125	249	86	187	186	93	202	149	160	42	133	121	195	206	151	304	210	135	141	122	130	347	172	74	159	184	83	294	218	200	134	148	174	108	235	210	155	129	170	294	137	214	269	205	242	119	89	86	113	134	60	233	115	162	159	173	117	213	193	97	156	46	140	200	126	129	200	163	91	86	132	124	149	158	179	121	106	115	226	186	121	135	88	193	114	67	143	217	163	240	173	106	110	163	89	57	128	235	225	115	130	198	269	109	122	144	151	175	150	118	138	153	225	204	189	171	197	250	163	111	90	167	234	140	124	111	123	161	165	128	185	166	120	134	172	129	103	220	190	345	110	171	144	119	126	187	138	174	215	225	141	119	147	107	218	114	166	100	181	144	148	97	64	103	187	129	97	72	217	227	191	172	190	93	95	207	101	123	160	119	106	195	167	117	139	101	90	107	106	118	72	126	157	93	134	149	175	81	148	219	161	113	149	116	174	197	110	144	103	139	174	189	171	164	114	89	207	136	212	201	137	189	96	151	189	167	74	70	68	87	103	98	68	89	73	79	111	95	101	84	63	83	132	53	113	115	102	51	110	125	123	85	94	150	113	61	86	100	63	108	43	78	110	84	153	120	85	135	174	86	125	76	68	149	119	100	79	82	93	121	174	129	101	117	94	62	46	127	79	117	198	153	110	87	107	60	81	117	58	140	129	113	115	96	100	94	53	100	110	128	69	102	165	83	153	99	62	129	80	152	142	134	100	106	87	51	77	41	117	96	140	98	115	119	108	99	99	156	89	96	114	151	99	133	84	110	140	115	105	121	136	103	100	122	84	98	116	146	81	109	116	77	116	59	79	76	205	82	104	92	155	133	55	98	97	191	97	75	93	152	60	201	170	57	67	116	109	95	104	126	84	130	123	98	54	98	121	115	117	87	94	120	148	124	71	103	74	144	138	107	115	69	57	126	58	52	110	95	183	142	98	89	62	68	110	89	134	55	134	101	84	73	115	112	61	95	83	109	110	65	96	60	94	203	92	75	65	199	71	129	135	133	71	113	131	128	134	130	115	95	128	63	80	116	122	68	104	100	83	143	112	105	54	53	80	102	91	140	46	208
cell191	137	113	80	128	64	115	53	76	112	123	115	87	57	103	96	86	67	93	80	139	84	82	120	86	97	91	82	90	145	76	185	133	47	95	85	120	53	85	93	122	137	69	147	92	69	128	116	204	185	195	165	171	281	144	153	97	91	118	188	178	110	89	113	109	154	240	181	104	173	292	155	115	120	139	164	59	68	58	96	22	89	52	56	47	0	0	0	24	56	53	125	39	92	124	115	100	93	72	72	96	145	97	147	124	103	125	121	70	84	65	91	62	89	139	114	84	77	123	78	101	125	99	113	66	133	107	96	50	99	69	153	151	116	93	97	87	114	56	140	129	95	117	82	131	114	122	124	93	81	62	98	85	57	50	83	72	82	96	102	34	125	101	92	142	128	101	107	122	72	70	77	60	89	111	80	97	105	125	69	114	81	97	33	84	60	92	83	100	84	147	84	96	95	62	106	105	73	130	55	110	163	103	98	142	124	89	69	63	65	148	76	90	88	99	100	111	88	119	76	38	46	101	124	140	128	144	120	93	91	102	107	75	124	84	49	80	91	29	64	93	67	90	83	145	72	76	45	80	52	73	119	80	89	147	124	76	91	32	44	113	85	97	91	64	122	66	251	77	156	102	75	43	86	72	96	153	71	62	151	55	163	135	64	61	58	70	108	66	81	106	78	145	146	170	51	67	148	101	85	126	166	88	103	100	105	53	89	66	110	72	70	90	66	66	93	101	92	126	128	56	68	72	130	77	65	40	306	151	118	78	96	102	117	119	109	53	121	124	113	222	105	153	75	61	128	119	101	88	91	73	48	94	84	29	188	96	98	128	96	84	104	99	91	108	99	81	70	98	55	38	106	112	141	134	38	127	94	100	129	125	131	111	82	128	76	95	105	126	83	87	76	99	90	55	133	137	102	43	89	101	75	40	137	106	70	123	133	96	132	85	98	90	55	59	67	129	151	87	92	81	90	88	123	62	73	59	65	87	118	104	48	34	39	122	147	132	84	51	82	114	77	165	92	87	81	87	134	119	89	85	159	127	122	44	113	78	108	111	86	72	133	133	111	90	104	133	164	113	101	162	92	106	163	54	83	111	62	83	73	123	79	144	78	108	96	85	152	79	48	72	88	104	110	120	64	115	117	80
cell192	82	103	197	159	117	182	144	88	97	118	297	108	128	141	120	154	219	144	131	90	247	101	122	130	117	103	179	136	168	84	39	199	175	120	126	146	133	103	107	189	157	141	123	176	129	93	288	165	187	165	124	108	189	97	207	115	138	181	90	156	229	260	156	156	173	143	88	73	144	160	144	176	218	89	186	101	211	209	143	218	75	253	110	79	108	177	105	213	80	111	108	318	83	200	132	109	114	125	162	181	187	121	167	286	186	200	147	118	131	120	81	153	119	86	219	182	72	163	161	148	103	104	154	83	62	138	145	141	176	146	179	131	109	126	114	136	92	53	203	111	79	116	182	168	103	194	138	184	175	95	215	169	83	165	100	101	123	134	138	145	110	189	181	125	115	151	133	209	141	106	164	162	124	159	81	154	82	194	89	139	123	259	183	130	224	95	95	177	140	174	108	147	137	81	133	73	123	102	115	259	124	119	145	168	193	158	165	245	72	146	179	121	112	174	88	195	94	65	194	212	100	134	220	161	153	84	104	107	185	131	192	184	101	152	172	178	188	177	147	114	152	76	190	127	45	97	117	67	131	39	69	58	110	75	103	147	101	106	82	98	103	107	133	82	87	109	107	106	93	142	87	115	155	127	135	78	118	83	180	110	89	75	73	95	78	77	111	97	53	147	135	94	88	62	133	65	53	126	74	115	114	81	78	168	74	103	128	116	30	146	67	121	85	108	115	52	85	47	124	139	86	103	116	83	146	91	79	128	62	56	90	92	64	50	105	61	94	193	105	78	76	52	71	99	97	19	146	75	125	101	36	92	98	54	125	100	74	88	92	90	62	59	64	82	122	77	105	103	120	107	89	82	74	56	71	97	73	181	133	105	87	111	105	112	89	49	73	84	110	180	96	134	66	72	95	115	149	110	217	95	87	86	103	84	74	84	125	82	61	137	139	83	66	46	79	91	116	51	77	158	80	44	94	92	68	100	211	79	165	63	69	83	95	61	91	65	82	66	71	118	145	121	74	111	88	84	53	74	82	54	98	79	95	73	110	63	125	94	106	100	134	60	86	123	95	116	77	68	83	88	50	117	45	115	77	89	44	55	153	65	61	70	104	60	100	33	61	104	179	69	112	104	104	77	86	45	79	75
cell193	91	130	80	101	88	166	88	118	30	128	154	126	132	101	57	101	106	94	204	161	161	165	85	142	106	76	131	91	117	160	168	97	106	117	127	197	73	136	171	121	57	105	161	116	187	109	82	120	108	104	76	99	165	83	110	127	116	105	76	64	109	140	89	109	142	106	162	94	81	130	254	153	163	120	138	127	109	121	128	119	84	90	151	80	157	104	110	83	108	148	135	85	59	135	205	56	86	125	317	66	124	70	182	102	243	78	81	243	173	135	75	102	70	153	203	50	158	62	85	200	112	113	117	182	71	66	120	92	112	102	103	97	43	52	102	126	102	97	72	66	125	84	153	99	141	104	109	132	102	119	142	106	134	98	174	86	114	69	39	119	108	98	147	117	137	70	75	129	51	179	110	98	69	157	178	76	83	83	162	153	91	128	137	44	122	125	191	134	158	64	103	132	137	141	100	101	123	150	158	97	125	158	178	194	141	74	143	117	165	105	70	143	83	147	77	107	138	105	102	114	158	150	81	132	161	64	93	146	115	137	109	189	78	193	46	127	107	139	124	44	146	146	118	110	62	72	51	111	87	51	52	55	36	102	102	67	100	46	51	67	96	74	140	58	60	88	93	48	69	90	105	70	79	47	106	84	31	44	93	53	113	109	100	47	62	63	44	56	44	82	64	44	51	60	68	69	61	45	127	111	56	88	115	83	57	86	64	47	91	58	81	99	77	86	77	79	80	64	79	96	104	94	109	79	63	73	71	63	84	107	119	90	46	59	60	39	57	84	83	72	84	43	87	62	51	61	90	71	57	68	116	44	75	103	47	86	122	111	36	67	83	78	127	93	57	75	100	67	85	122	77	66	55	83	45	71	36	129	76	64	128	66	62	62	77	48	100	75	34	56	102	25	71	109	100	147	80	51	87	43	130	46	56	57	91	102	98	54	78	44	75	79	83	100	55	81	76	89	55	115	93	43	68	71	110	56	75	174	45	89	65	137	75	63	50	102	102	67	42	77	89	95	86	66	52	92	87	85	61	75	75	62	79	66	45	102	71	107	91	125	106	45	59	56	97	66	95	126	89	38	141	74	77	54	109	53	99	56	32	69	94	85	74	47	37	78	68	84	83	115	134	140	73	99	62	126	105	65
cell194	83	201	128	45	164	90	226	193	211	136	141	297	214	166	151	142	127	196	157	161	236	189	185	114	88	122	189	178	119	139	168	75	86	115	149	103	170	147	187	102	206	202	274	126	92	238	146	110	315	122	102	99	146	151	72	173	117	154	240	112	157	68	179	235	252	154	169	161	155	98	170	162	106	102	78	165	195	91	164	176	185	187	130	159	128	136	169	176	185	206	103	92	94	168	146	94	97	272	141	155	188	187	75	203	88	176	140	197	120	225	155	128	191	159	137	129	175	97	175	166	164	182	332	158	144	216	114	120	198	109	129	114	92	182	197	70	88	112	142	216	146	79	139	172	77	88	229	238	178	233	238	252	124	148	108	172	59	163	61	105	209	194	168	185	109	134	259	87	192	118	77	140	123	157	187	146	172	110	123	88	179	306	223	111	95	148	160	69	151	58	206	147	145	136	217	196	128	158	189	90	142	196	206	250	139	148	114	102	221	162	157	149	254	113	186	152	130	145	103	131	88	266	158	162	158	135	80	249	236	205	78	143	102	133	243	134	160	178	184	167	253	173	134	153	104	77	109	107	61	128	91	158	126	87	78	78	90	144	67	67	141	97	109	99	86	132	83	95	103	122	73	127	37	82	51	95	158	100	166	73	95	118	94	88	72	103	146	129	96	80	115	88	61	87	113	96	71	58	72	69	66	136	119	136	95	98	75	149	63	69	100	99	155	99	93	65	99	124	107	112	113	94	75	105	144	100	95	109	111	103	93	146	64	83	125	51	123	125	80	163	55	91	62	143	160	188	118	68	149	119	89	48	82	153	105	70	80	102	81	127	100	123	72	61	91	136	132	148	128	146	111	103	62	142	123	137	113	90	121	111	86	82	102	141	83	105	123	102	90	58	177	111	79	152	96	86	129	131	65	65	155	153	56	102	104	104	61	43	143	116	105	94	143	153	92	137	97	105	193	118	82	131	121	93	103	42	119	137	134	48	63	84	111	120	48	69	125	66	101	139	216	200	50	94	95	157	112	66	72	103	99	114	99	85	150	113	130	96	130	100	108	96	92	106	125	107	116	105	129	158	107	164	124	86	125	83	147	88	84	80	54	81	114	52	105	145	98	100	113	144	84	105	163	111	138	80	170	128
cell195	99	142	61	52	102	100	48	61	108	138	190	112	38	80	106	39	129	123	75	118	75	64	111	144	155	69	102	74	131	64	127	114	80	68	90	113	175	99	46	27	88	71	70	119	93	75	39	86	194	138	105	65	145	222	168	143	105	130	92	119	98	123	221	95	143	130	198	132	189	80	158	135	139	133	161	87	52	73	75	162	112	41	27	61	0	0	0	48	61	57	139	116	127	96	87	121	76	91	73	86	80	75	63	121	62	91	54	82	84	87	63	89	71	88	117	127	30	67	85	61	74	81	119	117	138	94	109	62	159	120	63	74	59	82	82	85	125	64	71	65	118	118	72	59	105	93	69	32	71	117	56	73	131	78	60	103	39	82	123	52	105	132	147	87	69	67	106	85	92	117	53	62	54	73	86	72	91	80	76	96	91	111	78	64	77	83	114	135	77	67	132	80	60	174	91	64	75	83	98	57	127	100	88	95	60	30	80	114	66	70	85	106	74	124	85	64	104	39	126	117	91	107	133	72	105	105	125	88	103	51	126	88	127	34	101	67	137	43	157	104	121	148	36	78	47	50	55	59	88	61	89	73	84	66	62	100	94	101	55	99	106	54	42	104	95	140	126	45	132	143	82	64	110	49	63	132	94	103	134	132	51	75	104	45	63	94	81	87	104	145	87	44	65	66	73	105	137	109	82	103	80	112	100	83	95	48	48	100	94	119	116	88	92	128	100	86	141	136	88	117	81	112	66	82	66	128	75	121	75	108	123	83	96	108	73	54	46	54	67	82	94	94	88	83	90	104	98	77	94	72	84	75	91	86	67	72	50	73	101	44	153	86	78	83	102	98	114	89	69	67	84	74	110	97	61	162	96	75	134	83	56	185	104	66	46	79	45	87	66	68	122	77	98	119	79	123	102	78	31	89	115	53	115	71	48	98	59	162	74	145	63	126	109	133	105	64	95	96	86	90	93	104	97	86	79	83	134	120	66	91	58	41	123	102	99	77	74	72	80	79	58	95	78	176	35	104	84	64	125	76	98	66	76	69	60	64	80	61	115	90	63	60	91	70	111	57	72	144	119	97	107	98	109	98	85	82	98	100	86	69	91	105	98	80	100	82	112	38	91	52	150	69	105	72	95	89	102	104
cell196	449	308	234	158	266	220	411	332	412	324	368	147	218	429	216	270	205	286	210	244	352	426	348	294	242	180	277	205	280	317	316	260	212	263	233	217	363	212	159	344	239	208	417	219	410	352	274	218	167	267	234	357	384	133	262	283	348	256	398	393	376	255	285	395	149	298	230	315	128	197	374	231	373	221	214	176	191	204	350	307	381	221	335	274	188	261	145	422	350	219	176	231	304	249	119	330	231	220	321	120	168	199	237	97	424	382	197	99	347	313	247	398	312	223	177	202	454	300	245	241	274	194	274	381	397	289	324	188	268	213	231	448	473	176	309	193	338	306	156	245	178	203	118	306	283	252	195	173	185	202	283	269	297	304	270	348	444	202	145	218	210	266	412	364	208	224	176	235	261	170	212	180	310	177	363	301	267	138	182	228	521	355	312	180	212	251	376	185	307	187	272	458	151	118	251	248	174	221	323	247	419	274	246	114	369	439	202	309	254	354	329	418	269	315	350	376	336	372	181	138	345	230	165	176	264	381	158	249	187	356	358	227	283	343	117	305	327	218	411	217	286	224	336	329	302	201	255	195	193	202	95	191	143	209	105	348	124	223	154	126	241	122	166	112	71	139	174	183	273	122	122	126	175	216	128	205	109	240	240	65	283	200	68	190	175	194	333	376	198	204	166	224	167	149	229	185	320	309	101	143	239	249	130	163	191	174	159	228	220	109	152	206	107	155	201	151	209	214	182	149	151	221	133	204	75	166	149	139	284	62	105	94	106	178	99	71	151	115	121	238	92	156	117	256	83	279	178	141	158	188	299	326	134	101	134	232	159	322	262	200	197	135	128	148	195	154	100	144	158	200	270	175	160	92	153	139	126	146	265	192	176	213	116	93	175	240	130	201	188	204	187	220	149	266	193	188	111	231	178	138	144	150	61	159	221	133	159	224	197	88	198	149	171	165	181	176	225	125	162	173	128	270	239	134	125	160	74	247	144	108	172	131	122	142	204	212	225	106	208	120	116	85	177	176	103	442	133	213	186	255	261	116	137	257	205	234	241	158	224	213	175	131	117	135	93	284	141	117	111	185	261	113	245	135	185	291	106	159	139	146	162	234	227	201	163	180	82	172	111	163	297	208	285	118	443	71	90	226
cell197	148	303	213	272	159	157	326	187	230	241	293	281	206	293	243	165	178	163	246	187	253	162	340	306	445	250	307	207	145	282	86	202	292	137	135	298	267	201	118	232	259	492	216	362	174	196	231	238	196	278	299	76	131	193	317	141	310	140	191	198	218	224	149	241	235	189	236	227	293	159	235	196	250	231	335	102	341	210	185	233	254	265	139	179	358	149	103	270	207	257	174	271	140	263	126	93	280	144	177	310	225	254	176	187	202	257	288	242	328	128	158	259	190	236	327	356	288	192	133	200	221	312	471	245	274	197	173	103	108	218	200	237	203	357	260	231	124	113	360	198	398	167	227	317	127	306	357	216	161	231	371	151	161	197	376	161	219	202	296	200	314	298	140	196	432	179	198	172	231	399	278	245	314	331	268	210	206	374	254	147	356	243	410	131	310	216	297	182	241	246	277	304	216	362	129	153	180	159	225	178	248	202	267	297	232	266	306	229	178	168	225	158	264	233	193	175	266	283	313	186	222	132	414	189	298	204	186	347	232	307	295	340	129	202	204	167	147	344	139	266	268	92	122	172	171	145	64	216	100	141	62	106	106	134	115	113	213	113	132	170	270	101	128	190	78	253	152	174	150	119	83	110	250	75	171	129	235	160	177	130	339	175	137	220	94	200	101	279	74	77	97	110	228	240	232	174	172	258	156	87	108	212	286	132	105	89	90	147	205	90	160	145	199	196	142	122	113	94	135	127	113	141	130	147	105	106	157	146	158	150	108	110	149	79	174	81	209	271	69	179	125	127	173	98	160	103	209	185	186	172	165	113	150	39	226	142	181	90	181	209	115	122	121	112	158	133	128	162	94	173	175	220	115	89	192	147	291	131	52	137	232	187	138	140	181	214	70	231	185	131	157	173	99	71	167	218	125	123	76	136	92	215	248	139	146	194	173	150	182	97	120	102	160	256	175	119	123	208	87	163	211	188	104	102	218	70	149	175	175	134	105	278	127	100	59	337	110	123	220	237	188	91	195	123	133	185	166	171	124	87	247	174	162	128	108	159	149	110	159	168	241	123	196	138	95	110	172	107	112	124	150	74	79	132	58	72	106	142	96	169	156	87	149	99	175	82	176	130	110	150	57	159	103	121	139	252	167	262
cell198	115	94	79	65	111	96	158	73	126	52	84	166	101	81	130	73	103	75	64	134	66	101	81	111	173	212	191	149	96	139	107	106	158	104	177	101	95	71	97	126	54	126	88	111	91	89	71	197	136	76	292	160	182	172	333	73	121	193	206	136	175	112	146	163	239	165	104	144	63	125	139	298	126	91	75	65	114	180	94	146	75	33	100	34	0	0	0	26	31	69	65	148	57	106	99	85	192	141	114	65	68	81	83	169	88	109	140	103	79	65	129	154	120	179	99	60	102	64	66	118	69	62	93	63	133	82	40	180	129	64	111	86	122	148	89	49	145	112	140	135	73	137	94	135	78	91	148	187	86	225	148	130	160	76	109	163	95	116	71	111	81	129	103	111	148	226	110	106	104	55	94	134	58	71	84	135	85	145	123	52	153	82	135	119	106	138	66	63	79	105	62	132	152	131	59	209	131	144	154	126	76	73	70	186	144	74	86	95	71	104	79	70	118	120	119	173	72	129	78	84	150	84	99	68	93	46	121	211	126	109	125	155	143	109	165	148	124	124	92	121	55	78	80	148	111	66	141	240	115	72	122	57	109	90	131	105	87	103	55	63	135	119	139	69	141	114	104	193	121	97	66	92	102	56	125	81	102	84	98	115	67	60	82	59	85	154	124	135	113	93	59	135	93	136	125	78	94	103	176	136	188	108	149	95	71	110	65	133	91	103	111	101	141	148	118	99	69	153	184	68	62	169	144	130	97	143	63	78	107	40	115	148	70	70	50	81	76	84	136	81	115	74	140	83	134	74	105	94	81	117	146	58	115	127	114	57	118	108	45	64	70	147	101	136	166	78	116	67	143	121	75	105	126	128	124	87	97	117	65	92	108	127	100	139	169	89	134	139	64	95	80	119	71	172	90	110	101	129	74	78	170	152	168	124	194	109	124	129	119	83	113	57	139	64	106	135	73	86	102	137	104	38	91	48	78	131	77	173	73	74	118	152	95	125	123	111	119	87	117	68	154	114	210	134	138	69	45	177	104	122	106	81	159	63	111	106	99	111	130	130	138	104	90	169	52	73	107	114	122	85	119	85	173	94	71	42	76	114	104	42	97	108	105	102	35	90	128	105	150	171	66	125	94	120	119	158	140	94
cell199	89	99	116	99	90	66	134	70	115	85	132	129	163	80	133	101	59	99	87	73	137	90	126	113	105	83	89	190	60	102	72	259	140	130	157	70	119	149	114	217	146	142	138	101	120	56	118	79	62	137	141	115	114	126	101	103	96	80	149	120	122	70	52	131	119	41	98	58	101	155	82	114	78	172	153	146	43	122	76	104	91	92	81	86	69	59	253	83	138	129	97	154	117	105	138	126	119	112	123	62	99	158	126	77	64	171	105	99	90	168	157	146	108	83	125	99	79	111	91	118	166	52	232	152	116	133	134	93	56	89	42	155	59	82	83	119	118	194	78	124	124	94	92	132	54	117	94	78	130	108	123	93	125	75	174	45	125	79	65	119	57	116	116	114	92	145	124	80	116	155	91	88	102	118	94	181	119	112	167	72	226	64	121	137	125	58	127	138	111	115	98	124	84	113	80	133	134	49	112	118	156	93	129	45	86	160	47	87	202	157	157	92	162	73	121	82	158	78	174	97	185	118	82	103	39	262	79	189	122	78	151	72	202	97	118	153	124	106	174	72	113	79	84	168	52	89	83	65	32	49	48	111	101	114	34	29	88	82	96	66	46	58	106	124	96	71	80	111	99	56	45	77	62	123	76	85	105	71	36	110	79	69	32	75	68	111	93	84	102	63	130	101	111	105	58	45	78	100	66	77	64	33	107	90	75	69	90	72	80	28	65	145	87	55	58	100	106	103	89	33	69	76	121	106	88	107	65	71	112	60	114	105	33	73	41	82	150	29	51	58	87	43	65	145	75	56	99	83	78	96	69	108	62	86	67	118	59	93	56	70	114	57	63	75	93	50	76	71	77	67	60	68	76	38	46	95	87	118	99	21	75	96	96	88	66	90	61	71	47	40	58	16	69	77	92	61	72	53	33	89	49	99	84	47	121	55	125	68	74	101	55	138	59	95	79	88	101	67	86	70	47	113	92	81	107	61	57	76	70	71	72	85	65	73	57	86	63	80	89	35	91	55	58	102	53	46	93	80	67	66	47	39	69	34	66	60	98	91	107	76	46	62	41	44	74	56	53	72	79	118	44	67	60	89	63	39	92	126	126	80	52	118	35	54	55	118	62	33	111	45	69	88	55	75	104	44	73	90
