132,41,138,121,143,106,78,117,175,58,149,131,96,142,54,104,110,103,50,82,123,68,186,95,107,117,107,124,97,120,104,73,100,138,133,92,109,71,140,108,94,73,80,111,64,134,193,164,66,148,103,97,124,50,171,94,51,48,69,125,105,81,76,103,87,132,108,112,118,167,141,101,44,132,135,112,95,88,50,92,97,105,54,78,87,84,120,142,197,113,95,112,77,58,150,126,100,100,84,105,68,165,83,103,195,114,102,137,113,70,66,116,87,136,70,99,121,122,92,81,160,117,87,186,133,176,90,139,102,118,165,141,83,112,137,92,66,146,134,175,119,132,112,85,63,91,119,87,143,139,100,148,87,203,124,181,114,90,52,216,114,60,91,142,124,65,166,94,95,93,109,82,109,165,90,142,115,120,65,86,96,111,76,72,121,128,89,62,59,82,210,85,46,80,136,89,44,97,151,168,99,83,117,134,108,164,88,153,103,181,95,53,93,132,104,136,126,92,132,131,190,97,113,98,111,188,92,50,83,52,134,92,166,59,48,118,90,120,88,233,89,111,153,80,92,88,117,100,353,353,301,115,234,369,267,264,228,149,252,171,188,356,267,173,154,162,95,263,292,235,106,147,121,301,151,141,227,118,248,80,136,236,355,294,209,165,118,162,226,62,176,170,58,150,144,153,225,193,152,115,109,130,40,45,112,22,69,30,38,34,57,30,45,78,46,84,45,89,29,45,129,54,59,83,38,25,59,40,59,27,64,56,68,149,110,107,67,56,68,94,95,64,164,120,70,170,169,120,75,85,93,113,37,155,145,77,132,173,74,93,78,128,95,87,76,101,100,134,89,92,83,135,102,114,115,171,128,124,124,151,116,72,181,148,119,141,77,100,97,45,103,141,100,127,157,148,146,69,116,91,135,97,100,191,141,97,94,116,65,80,127,178,86,64,130,139,102,104,98,102,103,106,77,107,66,73,105,150,110,113,162,40,97,94,116,59,27,49,122,178,143,155,108,101,95,132,117,92,95,173,47,90,145,105,139,77,167,125,180,92,130,91,93,120,103,155,110,100,180,154,45,83,80,142,74,103,134,102,112,107,62,63,163,107,112,100,106,129,95,82,52,121,116,179,168,204,49,83,143,127
125,100,197,102,84,154,78,103,112,85,144,151,140,77,159,112,101,133,83,185,106,154,87,148,84,89,82,156,65,89,106,81,148,148,63,170,117,128,136,107,112,93,150,61,88,80,110,184,75,152,86,64,137,76,140,96,89,77,105,96,131,73,74,60,78,136,100,105,220,98,169,75,133,102,83,251,173,77,53,114,135,111,112,71,103,64,107,132,36,154,123,141,106,27,66,104,145,130,45,115,108,165,140,108,99,102,150,150,205,221,57,135,102,89,49,75,137,64,78,72,117,144,89,90,226,126,70,101,73,79,134,188,157,50,154,86,119,132,113,166,95,107,89,81,82,105,147,73,146,51,102,106,78,100,151,91,154,106,87,125,153,70,110,66,139,141,85,64,125,113,88,155,114,66,71,98,159,153,131,128,109,163,133,115,117,77,130,97,93,127,148,86,93,65,68,138,111,62,111,57,82,94,93,137,126,38,70,117,241,206,69,82,93,70,65,148,112,77,56,70,168,157,142,65,172,95,125,109,138,111,126,86,123,163,126,143,105,174,92,132,121,152,117,133,64,59,99,122,150,212,155,143,98,104,114,95,160,150,113,191,198,57,105,100,100,115,66,106,128,132,127,86,82,65,83,94,102,127,133,157,120,94,158,81,42,86,70,55,41,45,120,115,71,108,117,106,57,83,37,131,102,114,138,96,127,101,145,59,86,130,92,99,74,102,74,81,149,112,75,72,128,70,196,101,121,147,96,153,118,92,166,122,96,81,133,97,82,161,87,99,79,93,74,87,143,100,131,176,142,132,66,145,105,113,101,100,86,92,84,79,95,99,74,103,104,118,76,136,96,138,86,120,130,139,91,66,112,130,127,101,102,85,144,141,72,145,52,53,54,123,129,118,76,101,117,121,189,245,99,153,109,74,90,148,51,124,124,118,79,93,71,161,116,141,84,99,204,108,99,79,56,158,196,98,92,104,82,87,72,81,109,101,70,102,115,89,84,111,101,105,89,142,164,158,82,99,111,132,53,66,91,121,80,107,82,130,108,92,93,79,52,162,70,98,146,66,109,74,148,62,134,127,104,112,83,129,134,44,95,144,87,111,118,83,105,140,184,118,168,181,194,112,147,133,53,85,86,78,89,89
117,137,109,117,92,69,70,158,106,158,63,117,132,88,108,103,89,97,83,145,111,77,139,109,106,178,59,145,84,150,76,119,104,143,143,96,97,99,181,106,103,64,59,111,105,71,200,60,133,69,71,78,138,90,118,142,84,128,200,107,115,67,98,78,173,178,99,113,102,107,101,123,88,92,108,132,139,63,99,111,101,105,109,69,109,170,78,90,148,106,92,163,88,158,121,82,56,92,116,97,95,59,68,144,101,97,137,124,105,133,111,131,83,62,126,121,87,184,56,131,213,84,113,113,119,88,141,69,107,87,89,159,163,147,104,97,157,159,90,183,81,171,108,82,124,103,139,115,225,225,114,188,127,147,64,183,105,85,143,47,110,81,125,111,219,175,164,111,89,146,101,85,124,113,117,80,99,99,100,107,82,73,125,155,159,192,56,136,83,143,107,78,111,194,111,90,82,91,129,64,118,158,104,95,116,79,105,124,123,136,100,247,109,137,146,82,114,123,120,92,134,122,97,116,61,191,140,167,57,97,77,115,124,132,112,128,96,141,90,177,105,215,57,106,152,34,147,125,60,99,142,152,147,120,160,91,147,116,111,159,129,65,192,188,151,95,102,75,90,133,124,99,162,74,137,99,124,121,135,87,175,81,96,139,49,39,62,71,52,62,187,130,137,112,117,54,134,74,103,129,129,62,93,94,84,118,104,80,132,91,137,54,77,147,67,147,78,58,68,154,186,92,80,118,88,122,101,184,74,144,203,95,76,294,138,157,99,129,185,116,49,205,93,157,150,91,197,122,75,198,69,122,134,154,176,86,109,173,192,76,95,87,104,159,97,158,165,128,101,99,95,71,87,203,139,81,102,111,108,129,144,146,122,108,124,79,170,168,167,107,124,63,115,168,100,129,125,89,123,192,115,126,107,163,133,130,89,222,142,111,71,84,151,89,89,168,125,109,143,98,164,144,111,156,116,173,125,249,108,92,110,113,147,109,118,248,92,95,50,130,174,143,94,67,107,132,119,109,88,105,144,172,149,139,54,88,163,115,142,141,132,114,114,104,132,105,100,107,127,79,121,79,108,222,153,82,141,95,164,74,107,85,84,158,78,59,81,161,156,144,100,82,110,134,102,153,81,191,121,89
135,76,56,102,168,144,118,64,80,79,81,138,36,106,87,104,160,81,89,97,120,118,74,81,75,146,110,78,71,70,104,57,76,77,58,96,83,72,106,135,126,85,30,121,190,62,190,76,59,77,76,66,76,73,168,99,51,109,81,74,116,80,112,53,102,92,34,121,25,111,67,85,68,93,44,101,97,83,64,100,76,88,169,97,139,105,123,133,70,79,94,90,75,111,131,73,107,109,76,83,85,87,88,95,127,81,76,65,92,80,85,79,82,103,112,78,145,81,154,68,114,86,76,109,152,80,85,113,142,134,55,107,44,109,112,81,66,86,104,80,42,54,102,94,109,99,213,28,77,90,115,102,76,53,70,82,39,76,56,135,94,101,62,78,38,119,96,39,43,108,118,99,101,78,72,115,59,74,106,98,123,71,81,61,31,93,109,132,52,93,95,104,79,150,124,144,100,69,89,131,66,35,35,94,82,75,77,99,98,86,75,74,91,45,79,63,95,71,168,134,55,94,115,75,118,45,107,76,55,111,105,123,117,72,89,99,88,134,93,94,57,102,74,116,98,55,119,101,96,107,67,168,111,63,62,139,87,61,46,78,44,62,66,88,90,92,77,58,122,69,122,102,49,79,125,134,65,74,153,65,93,85,204,185,43,40,22,31,36,44,105,104,53,147,40,102,94,121,81,54,119,131,60,126,260,71,84,52,64,69,60,141,54,75,69,118,119,75,124,136,40,71,179,57,83,70,91,89,108,108,104,112,65,128,98,129,67,110,108,75,58,100,52,84,112,52,87,73,138,114,62,79,85,118,119,65,98,107,102,50,59,108,137,87,78,105,87,45,107,79,95,80,120,142,70,122,68,83,119,99,125,86,115,96,75,93,78,127,133,131,126,66,78,98,111,88,84,95,87,70,125,75,73,90,44,64,138,85,88,136,89,66,93,127,88,63,63,46,52,44,82,111,82,99,118,131,92,73,68,72,85,62,107,71,87,80,69,93,97,100,111,73,61,155,70,81,140,55,67,83,123,97,48,148,118,130,73,107,54,104,91,72,69,57,97,132,74,84,34,104,138,85,91,92,156,87,66,81,86,89,48,70,138,113,57,56,50,113,128,72,70,66,86,64,114,63,135,110,128,90
114,71,113,130,118,133,34,184,128,175,137,95,80,124,117,180,80,185,67,79,94,136,123,109,142,183,70,135,124,154,102,122,112,148,145,97,93,91,69,194,114,183,136,146,167,144,61,128,104,116,67,146,124,120,166,139,163,116,173,202,99,50,107,92,195,104,164,183,110,89,108,49,137,138,93,64,104,78,121,144,106,118,111,67,163,124,119,86,130,44,127,129,80,95,86,125,144,113,109,79,200,102,144,141,133,97,295,103,129,159,67,175,97,124,221,87,85,144,90,94,233,100,142,104,146,89,98,110,149,61,73,100,184,145,111,129,130,106,142,104,175,90,116,108,112,98,116,102,204,65,123,131,137,104,150,117,165,183,134,100,149,217,123,101,128,134,90,179,170,122,138,112,139,129,155,108,93,112,149,93,137,89,73,141,90,78,84,99,71,126,89,214,113,111,137,108,106,227,158,55,156,143,161,97,154,109,89,76,128,91,136,58,171,149,143,99,161,68,146,102,100,93,116,144,209,177,83,132,147,128,233,157,114,144,100,122,89,150,79,183,112,158,93,88,129,142,49,210,107,158,120,151,148,112,131,68,137,66,209,402,121,215,138,243,258,376,122,210,217,186,212,237,178,135,130,141,168,243,188,126,295,223,226,169,409,282,275,250,100,139,183,136,162,197,178,204,261,170,62,349,115,164,200,142,209,198,246,190,276,173,203,149,114,170,176,110,86,174,153,150,86,78,121,113,83,156,152,179,169,138,117,179,91,86,106,163,83,127,139,134,81,110,164,150,64,118,176,138,59,135,78,148,167,99,165,102,170,119,168,168,152,122,112,134,81,195,90,223,104,143,92,74,90,135,116,171,136,128,105,194,91,126,158,86,46,73,114,191,141,164,102,189,133,190,124,133,144,79,93,146,147,110,99,126,121,116,115,141,102,201,92,134,118,128,73,117,182,78,57,133,167,88,134,138,119,99,82,160,144,84,171,125,96,137,122,177,50,122,140,81,99,71,126,249,70,226,108,86,101,198,81,164,82,131,134,80,56,158,204,99,169,218,102,175,133,141,200,138,174,113,76,88,220,172,135,152,134,115,168,232,179,104,114,214,138,140,128,119,95,129,176,177,109,182,171,128,96,116,175,78
87,72,88,57,169,95,78,128,78,83,113,119,113,63,68,75,63,49,87,170,101,48,68,56,70,40,98,95,87,75,88,66,59,85,70,42,112,66,67,63,93,65,78,77,32,67,138,101,111,32,94,146,140,53,110,65,75,154,67,114,78,63,76,42,40,99,88,77,131,81,81,72,34,155,106,73,54,98,101,104,65,49,70,98,134,68,53,87,120,61,120,167,105,97,78,110,57,94,80,97,122,77,80,97,97,75,71,107,123,125,109,67,68,142,106,145,64,71,131,121,104,76,104,153,77,134,65,85,75,80,69,82,91,115,118,69,62,102,69,61,81,96,62,59,123,160,83,89,42,150,70,89,57,72,84,103,42,67,80,57,104,148,53,79,120,65,70,59,75,107,146,102,94,79,95,86,103,97,67,80,69,98,106,48,89,62,145,81,106,93,136,161,45,120,86,125,71,130,76,68,35,90,93,81,87,70,53,121,100,80,112,57,107,81,119,107,67,53,71,53,78,123,93,75,133,26,47,100,118,56,118,81,64,66,122,97,112,77,92,76,87,64,75,46,73,95,90,104,172,94,85,113,109,87,69,101,122,40,69,138,107,77,85,38,84,110,88,63,113,83,48,59,77,85,77,55,80,71,113,67,135,133,71,109,48,46,46,43,58,32,93,101,124,48,115,143,110,79,96,146,68,129,110,92,54,129,56,114,100,102,102,72,129,75,114,67,82,82,105,96,91,81,145,92,93,70,152,68,100,69,67,158,112,95,143,110,118,70,99,48,65,115,78,134,128,57,129,106,138,91,112,94,89,28,62,75,131,74,81,98,89,100,112,151,134,51,125,215,131,52,88,73,88,76,70,160,89,63,75,86,101,55,95,111,59,67,132,98,90,94,98,103,82,91,154,56,85,118,133,108,43,155,124,81,72,62,77,77,98,71,107,178,137,86,101,61,70,75,66,117,53,94,130,75,73,61,119,98,105,64,49,89,142,70,66,94,151,73,86,114,130,65,112,76,68,29,48,40,133,85,127,74,61,84,114,111,67,79,100,146,112,96,132,71,62,91,156,49,64,189,186,70,80,87,116,85,80,91,148,83,147,38,94,109,72,39,145,139,146,54,79,124,89,115,96,115,58,78,69,121
50,44,46,46,45,47,48,49,30,33,59,37,75,68,79,74,71,57,46,50,46,82,41,52,65,48,50,40,52,66,54,76,39,60,33,65,58,53,48,75,38,44,40,37,35,43,96,36,77,71,67,67,70,72,45,21,33,50,63,31,43,55,73,91,65,66,54,58,82,51,94,49,56,91,39,89,72,62,76,41,42,38,71,63,43,80,54,62,30,32,52,74,61,75,59,56,46,73,18,49,47,54,45,64,98,38,59,53,70,55,46,45,55,55,37,53,29,87,60,54,48,49,29,42,48,68,43,66,42,65,36,41,64,49,69,55,14,56,77,52,79,79,43,47,72,123,56,53,77,65,68,99,88,41,100,89,89,51,52,42,56,69,38,49,54,82,84,67,82,86,40,79,40,114,55,35,49,68,52,80,81,64,47,33,43,47,41,78,49,93,27,45,24,38,86,62,60,60,57,59,38,72,44,67,37,69,55,68,65,54,66,23,61,26,48,65,89,59,87,50,26,51,52,51,51,48,62,48,51,49,29,30,57,79,53,77,35,40,47,70,63,54,53,65,45,29,86,80,44,39,40,97,54,87,75,70,39,29,36,97,65,54,56,58,86,59,42,51,74,67,83,36,81,48,73,68,55,83,58,26,83,106,49,83,35,28,56,25,26,26,42,73,42,55,54,37,78,99,58,81,59,67,105,84,87,80,38,59,95,87,104,28,48,45,75,42,45,66,80,53,76,62,57,61,53,43,44,41,73,63,51,71,60,87,124,50,72,69,55,49,64,87,41,71,63,81,90,41,42,60,36,74,48,29,30,53,61,63,73,64,52,75,54,63,52,77,69,46,24,37,39,49,40,48,67,44,58,54,85,45,46,30,63,65,45,41,82,61,42,90,46,102,44,71,65,48,50,48,40,77,78,42,105,30,78,48,53,70,40,52,23,42,56,72,44,43,59,52,70,109,35,51,28,50,61,90,86,56,45,67,76,29,91,86,61,47,25,90,85,35,47,62,69,56,77,49,72,72,41,53,43,56,62,34,73,61,60,89,46,76,55,59,60,80,62,78,58,28,38,56,54,78,92,73,56,78,51,52,47,56,61,61,43,59,27,45,72,79,38,55,51,88,53,58,34,50,72,78,59,37
70,74,81,34,58,47,67,57,50,58,79,56,70,70,62,96,85,56,42,54,69,60,33,53,105,54,41,54,55,90,85,85,44,32,72,104,76,54,60,101,75,50,33,66,47,87,79,44,54,61,31,56,65,37,46,79,59,31,50,45,40,63,65,69,46,120,67,44,53,109,41,52,75,89,66,78,79,62,38,67,34,22,54,58,52,46,61,91,79,87,65,56,47,80,73,53,63,68,70,48,15,15,66,90,65,43,39,31,73,40,50,68,44,67,70,42,48,114,85,65,50,82,109,108,87,59,56,32,106,43,63,52,83,61,81,80,53,29,40,73,70,61,83,43,32,51,63,54,92,56,64,78,42,61,54,50,87,85,91,41,117,70,71,44,41,67,30,91,52,43,61,100,53,51,30,81,52,57,68,64,36,31,88,39,44,70,23,51,72,76,82,45,33,61,80,48,62,58,58,68,62,75,93,62,74,56,133,73,85,58,110,67,75,41,72,94,72,52,35,79,55,17,50,33,45,52,104,53,71,35,65,64,98,51,38,43,79,67,72,54,91,39,63,56,74,38,65,97,55,67,52,71,56,53,63,53,86,23,93,62,96,51,87,59,26,68,81,65,57,95,79,57,61,71,31,65,48,46,75,49,132,67,125,70,16,21,20,16,39,39,55,59,23,72,72,50,35,61,50,42,45,50,39,71,61,15,71,57,112,91,115,62,94,78,87,63,38,29,58,84,39,52,43,67,57,57,63,92,57,51,67,53,72,85,103,92,52,84,65,85,61,61,62,34,95,35,69,55,46,107,52,32,86,67,100,97,89,48,95,56,57,38,53,60,51,63,42,43,70,84,45,51,85,66,73,51,36,66,81,57,77,51,67,34,54,79,70,42,45,25,48,66,129,23,101,62,64,60,110,88,27,44,67,97,50,73,68,70,49,49,54,60,63,63,83,83,84,57,92,32,62,45,44,46,90,52,82,45,38,83,57,40,84,86,26,57,70,75,77,37,46,99,49,43,97,53,107,96,61,55,76,70,70,112,45,34,61,47,72,77,28,65,74,63,79,63,38,33,74,58,24,39,62,93,59,23,39,38,76,77,53,89,53,66,71,67,54,76,68,61,63,117,40,58,92,60,52,99,67,69
46,85,62,78,74,91,60,84,80,84,80,65,105,58,56,43,60,89,66,73,55,72,58,93,58,88,87,73,34,65,59,63,70,68,99,39,40,35,121,61,58,65,30,83,63,46,96,70,63,67,43,62,65,63,38,63,54,75,41,67,61,72,44,111,41,35,45,72,52,88,48,54,44,62,62,63,50,45,40,62,50,30,43,46,58,66,54,77,43,73,81,42,39,51,91,53,56,40,31,95,42,35,114,123,66,47,106,63,84,46,35,75,85,51,64,47,66,95,19,93,35,74,80,60,34,66,61,77,54,84,102,66,100,66,74,52,106,98,65,123,47,86,99,66,17,41,64,62,92,50,76,37,45,85,33,72,48,71,25,45,54,50,50,72,60,25,41,77,49,46,57,60,88,35,43,75,102,47,44,61,61,63,111,44,52,31,85,43,22,76,67,48,37,52,74,54,51,37,56,39,57,104,45,93,67,74,60,119,40,72,22,73,72,35,66,62,57,86,47,66,21,59,80,62,62,41,52,72,26,59,39,36,81,60,74,59,55,58,69,39,53,97,85,96,52,42,37,57,88,85,66,55,87,91,69,89,48,67,43,64,115,42,55,72,44,81,64,61,37,98,55,65,88,72,45,59,86,67,77,93,94,76,59,112,23,40,39,30,28,61,62,43,61,64,88,71,41,49,55,59,101,93,60,75,48,86,84,71,42,96,49,62,83,64,73,82,160,79,49,76,98,58,63,85,75,85,78,72,69,87,102,60,108,112,18,59,42,75,89,112,96,54,104,106,100,65,69,33,118,139,53,61,76,59,67,111,73,89,63,70,79,38,52,86,26,56,58,42,110,29,17,53,77,70,81,24,75,48,84,46,61,48,69,86,102,86,76,39,86,51,67,104,32,45,76,36,21,53,85,34,56,73,56,51,39,69,40,95,86,31,50,57,58,67,75,83,40,44,68,48,71,41,84,70,96,69,57,82,78,58,86,38,72,38,68,53,50,65,79,85,118,72,44,83,28,60,49,90,35,55,96,41,82,105,58,59,55,70,51,71,79,40,38,118,74,90,103,97,41,87,25,69,45,29,60,105,62,38,105,79,78,81,42,35,86,77,71,45,123,92,105,40,54,45,69,105,84,125,70,82
65,63,88,105,73,104,78,23,60,61,69,57,60,73,56,89,105,59,52,67,65,110,53,140,105,40,67,43,109,90,43,80,124,88,61,87,91,97,94,33,60,50,60,100,65,93,40,67,87,102,60,82,69,89,84,53,103,58,108,109,66,38,66,93,40,43,84,31,116,134,113,73,83,78,80,116,95,90,92,207,107,118,43,97,50,58,48,62,63,49,45,32,39,56,86,85,56,59,65,88,70,136,98,79,75,45,56,85,52,52,49,54,77,105,75,45,71,58,89,92,59,83,64,54,44,53,87,103,93,92,50,98,71,34,102,94,52,45,78,50,44,67,87,49,50,77,106,125,59,55,32,65,72,37,72,98,87,46,85,111,62,35,87,94,54,81,67,75,83,99,50,79,61,118,52,57,62,104,90,41,82,120,109,112,62,61,96,38,77,115,70,79,84,80,35,76,70,72,40,131,61,34,78,45,63,59,63,118,61,112,58,53,88,55,63,64,59,56,67,41,84,56,31,78,93,39,65,69,71,53,31,42,82,51,51,61,59,70,57,46,82,73,76,112,95,57,143,87,46,96,121,65,76,71,66,124,46,61,65,111,86,58,78,86,62,77,57,118,96,42,55,29,54,90,88,55,91,72,42,100,68,72,86,78,20,15,18,19,38,22,83,93,92,32,55,50,59,72,56,53,113,86,39,69,66,98,38,83,32,64,37,68,57,63,119,66,86,100,92,39,55,83,116,82,67,53,69,61,82,61,70,106,66,174,61,53,68,48,79,55,101,21,52,76,86,29,82,92,67,98,75,55,52,64,85,73,68,77,55,87,77,76,59,63,72,75,60,62,24,96,22,72,80,85,48,119,48,111,31,73,114,78,32,27,74,91,103,120,73,67,41,77,62,64,72,67,68,57,57,81,56,76,68,34,68,54,68,47,49,59,54,31,62,110,88,66,106,47,58,68,80,147,84,67,80,68,104,125,59,89,136,58,103,59,65,43,51,80,57,101,87,111,100,37,82,48,47,80,97,99,83,80,53,24,38,143,60,37,36,66,127,79,65,46,78,59,48,107,78,52,57,50,41,122,36,132,70,73,111,53,70,109,86,31,44,54,92,43,98,67,118,50,71,43,87,34,93,52,97,47
147,96,113,59,68,153,100,77,116,112,63,35,93,106,112,157,106,142,71,147,60,146,51,224,125,82,73,175,86,130,111,133,87,113,137,123,54,52,97,152,108,102,100,131,184,153,69,83,143,99,186,82,95,70,85,85,107,95,38,217,144,105,160,109,73,64,82,128,86,118,49,85,117,90,86,124,144,93,116,98,80,146,110,72,145,143,116,111,97,110,61,90,99,103,92,91,169,201,110,109,106,104,100,87,99,88,68,145,33,127,106,129,149,95,57,112,99,111,110,139,94,133,95,58,102,67,181,79,102,88,103,110,132,95,129,80,128,72,110,135,78,84,78,108,116,187,128,107,160,109,84,117,164,117,104,90,121,77,89,99,231,127,153,100,100,132,233,66,126,144,90,111,78,113,61,61,107,113,182,113,108,129,107,81,99,101,159,85,100,106,73,94,107,67,150,179,124,52,90,94,52,76,147,58,82,100,110,166,63,158,173,201,114,101,150,80,172,91,77,83,92,85,159,140,146,49,80,48,122,87,139,87,122,150,97,122,125,128,134,65,124,57,101,81,111,76,117,95,104,110,61,79,101,64,88,133,118,99,149,70,94,145,64,131,55,50,76,74,106,138,132,120,101,122,102,90,121,99,163,153,73,152,93,67,51,40,64,39,36,54,95,88,89,110,110,77,104,113,164,156,143,75,189,130,81,72,116,89,49,104,74,98,95,145,146,160,82,75,89,89,76,119,141,34,108,109,117,62,103,110,157,106,121,171,180,70,136,130,103,102,94,66,103,101,110,47,116,63,110,86,96,140,101,162,139,53,120,120,95,112,68,98,100,121,150,126,80,99,122,114,127,151,68,118,74,94,108,131,249,76,171,87,112,126,128,126,95,131,114,121,194,202,136,48,133,69,102,48,75,45,68,66,161,106,96,169,155,110,92,141,130,120,51,112,85,187,46,52,74,83,114,86,43,139,87,69,127,137,105,98,118,115,73,89,135,97,81,163,118,172,157,125,89,139,72,136,102,98,94,78,137,57,132,79,67,104,98,201,158,95,98,93,114,115,45,87,78,100,89,111,133,83,93,113,66,129,63,116,160,109,112,86,100,160,131,89,104,83,108,59,112,117,145,92,96,80,121,105,65,106
122,96,57,68,95,49,46,101,47,42,54,43,86,91,86,59,46,68,108,78,85,106,72,83,60,22,53,43,79,49,62,45,51,78,102,59,99,64,99,88,27,60,51,78,56,93,70,100,58,71,92,69,48,62,38,30,78,24,27,51,53,46,62,73,142,95,74,43,67,106,68,98,60,85,39,106,51,22,95,133,106,59,64,32,44,60,129,55,30,71,54,95,43,72,60,111,100,82,63,77,56,46,73,73,74,52,45,57,69,98,67,75,81,59,59,78,105,73,85,62,66,29,83,86,44,70,96,35,76,105,61,67,84,41,86,111,86,63,67,128,97,56,66,73,64,58,75,63,72,39,113,96,102,63,79,66,83,87,102,125,53,55,153,45,42,74,94,51,41,85,39,141,91,51,102,70,64,113,44,76,107,79,65,123,81,56,117,61,61,44,49,78,90,63,43,49,81,60,92,71,63,70,33,81,66,89,70,90,68,96,89,53,105,44,73,71,98,29,81,61,114,48,61,73,89,65,110,97,76,53,79,43,39,74,78,74,80,66,59,76,122,71,51,72,104,63,59,58,62,52,65,73,66,68,60,63,46,82,89,37,66,87,110,45,83,99,41,51,70,62,68,66,127,82,56,64,92,73,56,126,68,90,87,89,27,15,33,40,43,20,43,58,72,62,57,100,39,68,66,70,45,75,65,56,84,54,47,44,123,77,70,104,105,68,127,80,103,98,81,99,93,52,67,67,40,54,73,76,85,61,50,90,87,52,201,75,59,110,111,83,107,59,58,76,60,74,79,129,84,42,94,58,83,101,43,97,74,92,91,89,83,41,76,59,44,70,59,87,72,28,46,73,78,62,104,56,59,82,88,64,95,99,93,57,94,58,33,101,106,53,53,64,95,82,41,110,70,121,136,63,40,125,165,104,50,50,58,76,68,37,94,79,87,107,81,59,114,95,105,85,30,75,121,49,67,83,159,126,70,76,115,30,50,64,88,91,68,61,72,93,133,78,122,82,70,42,44,33,58,50,78,53,45,67,37,106,56,91,88,39,90,67,80,73,68,87,50,64,75,81,78,102,33,66,61,44,29,60,110,70,75,39,53,47,95,70,73,101,120,44,74,83,78,101,52,44,96,78,48,75
73,66,96,81,74,95,77,61,90,97,53,28,68,97,77,97,116,87,51,97,56,60,118,69,55,61,41,78,86,47,77,82,61,82,42,105,78,74,111,98,108,53,131,106,68,91,78,117,75,85,116,91,93,43,117,85,63,112,80,99,79,82,127,135,119,97,80,79,46,59,136,118,63,82,67,90,75,103,70,88,38,90,36,37,82,86,124,148,64,132,62,79,88,151,67,50,75,76,88,66,106,75,78,103,62,79,81,106,78,51,82,82,45,125,144,146,86,124,82,119,92,65,110,39,59,61,93,69,77,127,46,82,103,68,117,72,84,96,50,142,67,99,66,153,65,123,74,62,115,95,65,103,26,125,72,68,23,95,130,61,166,187,107,55,142,66,64,55,178,153,99,183,174,163,108,140,89,70,106,80,75,60,94,105,71,62,103,68,108,71,117,81,125,43,110,62,62,144,41,88,66,94,78,100,51,108,27,58,84,95,83,131,79,74,89,106,109,64,90,107,135,98,167,99,96,89,61,54,71,73,108,121,74,130,63,120,104,139,95,48,79,82,45,102,49,124,73,121,102,105,77,65,65,101,75,66,69,75,98,102,118,92,80,67,61,86,62,105,89,76,96,44,62,79,68,75,47,98,57,103,123,101,47,127,59,29,55,35,44,30,120,132,92,61,88,70,121,70,142,82,71,66,73,88,62,67,83,79,49,116,72,91,52,120,89,56,50,47,86,122,88,99,87,83,67,175,58,72,47,41,90,92,94,99,152,106,105,128,66,78,87,60,31,60,89,65,89,71,78,70,71,98,83,101,22,74,92,89,114,75,76,93,81,103,82,126,89,86,71,52,79,58,93,72,94,65,57,61,69,102,54,106,83,49,57,73,114,47,49,146,87,97,53,91,98,88,90,90,76,102,91,88,81,45,92,49,52,85,65,48,102,78,101,163,51,73,78,139,104,81,98,66,102,109,65,67,79,78,32,150,80,57,67,74,94,90,88,70,70,100,121,110,48,36,97,63,66,88,47,46,66,61,88,71,36,120,95,58,79,140,61,106,51,72,57,34,81,185,66,84,94,101,74,48,43,66,59,55,96,135,155,88,91,66,45,129,105,78,104,65,54,64,57,108,59,109,79,72,39,89
77,68,175,247,155,142,107,124,97,113,153,125,171,124,100,153,175,138,99,144,193,205,161,123,108,165,109,137,311,262,94,164,102,167,97,118,113,117,143,141,122,217,134,108,182,104,101,136,152,129,65,104,83,196,131,248,221,161,121,187,108,117,179,105,162,200,195,196,162,148,166,103,100,195,126,141,116,171,241,56,132,81,196,142,115,92,169,119,117,103,115,148,99,192,149,120,140,105,237,149,170,136,178,138,135,177,77,89,234,125,164,112,99,136,124,129,126,129,133,68,68,152,175,204,210,129,193,84,145,214,198,160,170,114,164,158,109,112,140,135,95,184,180,211,92,217,149,247,179,101,167,87,122,138,170,131,91,73,117,197,157,103,114,89,173,104,104,137,211,102,279,124,261,108,78,154,161,80,141,163,104,101,157,117,129,134,155,98,148,130,116,155,111,182,151,163,216,208,111,115,140,192,153,112,54,131,125,207,156,129,83,137,158,180,127,79,189,105,112,174,87,119,152,65,173,159,64,117,121,88,225,100,80,95,137,122,141,120,193,78,254,139,72,117,156,87,236,134,57,155,242,222,127,199,240,81,190,188,168,231,247,164,196,122,107,163,158,177,134,94,345,137,65,107,139,84,111,192,107,136,136,132,194,147,44,74,65,101,66,80,245,81,172,185,141,155,175,157,135,187,123,150,154,155,119,96,169,67,56,138,122,154,210,155,105,85,132,124,183,173,98,169,79,135,61,153,190,225,234,199,133,101,160,251,237,231,124,178,111,256,142,135,73,105,198,154,177,81,99,168,152,120,142,83,107,113,121,136,94,104,157,169,110,129,85,106,306,83,134,133,165,168,161,117,56,101,132,104,96,141,108,84,152,122,142,180,151,164,126,130,169,112,218,100,169,217,140,205,110,95,128,60,98,158,149,269,105,215,75,102,69,177,102,81,50,132,160,180,201,166,222,138,158,201,102,142,188,156,150,110,184,181,152,137,192,150,119,209,125,219,53,86,152,123,202,100,136,122,110,243,126,236,191,145,95,127,251,140,113,113,105,158,123,106,141,117,146,120,207,155,192,208,193,177,113,134,130,124,164,115,104,96,139,330,138,340,149,123,116,131,74,99,138,150,150,173,151,150,150,187
32,51,120,56,31,53,41,100,66,43,63,70,73,104,61,62,134,145,75,103,75,141,23,67,59,117,84,58,42,90,81,58,117,102,119,63,82,80,79,82,126,102,114,101,112,97,90,56,87,62,74,62,60,53,75,124,39,109,108,83,71,163,82,102,98,31,110,115,116,91,100,128,53,137,46,81,72,83,118,87,87,51,134,99,96,80,70,90,77,124,76,103,59,55,84,41,140,122,86,70,28,92,77,118,93,149,92,125,75,64,113,75,79,75,61,56,59,95,101,48,48,51,53,87,67,65,16,51,98,44,65,61,64,105,118,50,44,81,87,88,110,99,68,112,57,67,97,120,129,47,53,75,114,85,80,81,38,57,62,94,86,96,109,49,92,96,68,70,46,68,62,108,58,93,110,93,76,110,53,83,95,49,86,122,108,86,114,105,48,46,75,67,45,58,166,161,134,73,99,114,131,94,66,108,64,107,122,73,167,143,65,78,47,77,101,47,93,63,88,77,152,44,104,90,55,87,132,24,44,78,103,114,101,108,128,93,78,121,73,101,93,98,121,78,62,49,59,124,54,60,74,78,124,94,151,133,94,95,96,109,65,160,66,49,118,73,72,63,44,110,92,46,105,97,54,32,81,59,102,163,101,75,81,72,24,31,38,41,78,29,89,80,118,69,74,47,55,89,84,137,122,100,58,47,73,110,105,51,78,65,45,65,74,154,63,125,94,92,61,64,74,77,46,36,66,78,81,75,69,81,70,99,96,94,158,92,67,137,107,101,96,94,76,124,62,110,170,30,71,100,101,41,95,78,173,106,84,103,120,75,75,114,82,54,105,62,168,55,106,51,55,98,78,46,167,93,62,60,103,123,110,71,85,98,67,91,157,89,80,37,100,82,154,93,77,132,97,163,47,51,67,122,124,130,64,93,91,94,225,107,94,67,65,57,137,65,105,82,85,101,84,144,81,74,87,139,80,75,91,69,52,49,160,71,78,64,88,101,97,70,74,110,56,75,143,90,71,90,126,96,50,78,141,121,87,90,44,56,81,99,126,82,147,129,120,69,130,75,105,120,129,87,38,60,49,94,93,119,151,104,66,75,103,92,71,48,82,62,102,37,160,63,112,63,21,119,96,137,34,106
102,100,114,99,90,66,68,201,123,83,150,88,189,126,127,153,96,129,111,99,87,84,119,136,107,150,127,149,86,91,143,196,133,185,91,169,116,174,181,90,91,98,103,102,88,110,73,91,215,135,70,122,127,158,159,64,52,120,78,102,184,96,136,166,138,71,133,101,271,101,89,89,139,163,167,141,127,90,161,116,176,102,154,66,127,52,60,90,130,103,141,180,77,114,135,215,109,112,84,77,198,150,195,91,89,102,124,212,166,84,107,83,73,130,93,182,108,66,171,98,162,119,175,173,159,169,135,84,98,134,117,126,84,120,121,82,187,77,132,125,120,115,117,123,96,135,121,86,79,53,103,58,78,170,177,107,117,146,76,71,80,64,73,85,157,91,116,82,72,65,130,182,75,87,38,120,97,108,165,145,109,140,261,88,62,272,109,79,118,105,128,111,210,91,86,68,129,82,117,177,345,213,87,139,101,47,89,102,71,177,147,113,135,90,83,103,121,192,104,137,56,95,157,127,194,88,113,123,157,125,72,120,132,87,91,177,163,149,61,140,74,168,177,138,91,119,126,146,164,227,114,84,85,77,135,138,86,106,110,166,77,137,171,97,117,98,143,115,56,177,134,120,131,136,143,70,142,176,151,155,104,135,93,101,47,56,83,71,64,51,148,119,136,169,58,173,103,100,75,150,116,96,118,117,77,84,79,157,66,61,94,75,119,86,84,120,97,118,99,110,142,191,117,91,156,96,108,108,127,96,97,115,112,218,119,128,72,103,112,205,75,98,126,157,114,139,154,45,118,146,98,120,135,102,96,140,143,165,52,148,95,81,99,155,105,193,93,82,92,153,76,56,72,145,97,155,78,62,60,52,172,72,114,55,88,137,96,64,129,119,97,178,57,131,117,107,66,153,171,175,131,205,112,156,169,110,112,77,146,184,233,59,205,93,111,72,105,80,125,160,43,175,114,98,162,108,107,88,216,216,111,78,100,107,102,184,82,144,124,146,88,59,152,153,147,132,109,58,57,70,91,151,142,148,92,158,140,82,94,108,134,46,68,107,133,124,159,150,74,139,86,85,94,102,122,116,182,119,102,156,132,88,170,101,136,95,151,206,117,76,95,163,95,134,98,95,124,121,50,150
53,30,82,74,70,47,93,58,104,59,87,75,49,49,69,48,95,85,106,88,65,62,53,80,113,79,69,142,56,72,67,76,77,83,60,60,36,61,55,49,48,62,78,61,73,58,64,74,43,79,111,67,104,79,48,74,57,48,73,56,55,63,100,92,44,79,74,61,59,84,85,72,57,57,59,75,45,65,68,78,94,68,57,62,43,34,69,80,61,92,85,40,71,80,79,42,91,64,85,49,99,105,110,51,181,52,60,39,44,52,60,66,60,50,42,66,81,115,70,53,85,102,71,78,40,61,86,85,58,58,68,72,67,56,56,77,38,59,85,91,56,70,58,66,74,67,56,51,86,43,63,97,79,81,114,107,98,80,143,61,81,86,84,36,44,101,93,116,66,71,108,117,56,120,67,69,38,41,99,59,84,67,90,103,66,113,69,54,73,108,101,51,45,62,92,184,25,69,42,68,48,79,73,76,112,110,97,51,50,57,30,81,47,77,59,89,57,50,47,83,42,53,39,61,105,46,49,95,52,49,43,78,56,96,108,67,95,33,89,60,80,115,66,64,32,104,157,34,106,67,70,23,39,76,110,66,69,86,55,100,97,79,82,72,54,86,60,136,63,123,82,75,112,104,84,57,42,72,72,67,107,60,73,57,50,28,54,16,51,17,61,74,53,67,33,97,41,73,130,73,49,47,81,56,72,52,81,56,63,66,51,76,80,78,78,55,74,132,95,44,70,72,141,53,57,57,59,91,79,84,65,116,80,53,195,77,27,60,40,119,55,80,81,57,56,62,48,55,99,29,66,57,60,95,69,91,130,56,23,84,89,66,48,69,80,76,47,98,49,41,105,66,62,67,82,73,40,93,64,75,50,59,49,50,60,105,103,46,79,62,85,49,107,75,17,56,93,73,59,44,38,70,66,66,82,149,108,60,63,68,114,90,53,84,63,43,96,57,59,64,32,52,62,72,182,138,77,106,70,39,111,59,81,60,64,74,55,48,68,80,74,66,117,83,70,104,92,45,76,31,88,75,94,60,69,74,71,103,82,100,62,50,85,97,118,39,76,133,106,54,58,111,57,50,63,76,59,88,68,51,79,106,105,109,115,56,71,37,103,61,66,67,120,75,72,42,66,101,39,70
77,96,65,87,104,47,126,45,132,91,69,73,57,124,37,120,146,89,44,55,96,97,100,85,126,87,101,111,42,143,95,178,83,57,96,100,56,60,118,26,65,97,53,117,87,91,55,106,171,81,88,58,86,101,67,73,127,33,98,101,81,61,90,91,86,95,96,97,89,99,87,104,72,60,126,151,107,120,72,143,57,70,108,84,75,64,83,99,75,93,69,90,67,89,160,41,82,82,62,95,101,121,83,91,45,125,36,63,76,72,74,67,159,87,96,86,87,107,85,73,137,87,112,99,104,70,109,82,94,74,76,69,88,80,72,67,96,55,56,83,54,105,81,48,86,70,101,107,178,80,93,75,177,125,174,84,57,72,92,141,114,137,118,91,60,63,107,62,75,81,98,67,76,87,89,159,131,33,56,122,226,112,74,60,101,116,60,72,72,130,81,89,97,70,53,104,70,82,82,84,80,71,84,138,94,80,120,132,184,120,106,101,85,89,77,40,89,113,77,66,123,107,102,48,62,108,93,125,56,106,68,118,40,70,78,66,84,58,56,80,133,106,92,156,82,118,67,78,59,76,90,80,81,109,66,32,72,78,48,73,155,128,86,82,90,88,122,121,148,129,138,103,59,72,54,64,73,81,72,84,83,58,127,125,46,25,32,51,74,42,90,71,96,57,101,96,114,102,110,108,72,79,124,101,121,90,57,118,132,65,125,128,117,73,97,69,97,124,62,64,103,123,67,86,71,141,104,122,95,51,153,126,77,120,103,86,81,108,134,123,95,57,105,93,63,86,167,40,63,167,166,69,131,91,73,90,77,161,122,69,77,40,77,75,79,100,57,74,144,49,84,41,96,121,78,93,80,113,87,90,23,93,102,140,78,61,95,100,66,144,33,78,88,42,148,112,142,101,116,84,158,77,107,154,72,91,106,79,125,78,99,107,75,76,95,74,187,77,33,67,134,117,83,97,140,80,75,99,49,54,107,80,52,60,91,88,60,72,84,57,46,160,106,64,54,74,128,143,56,95,72,147,90,145,51,101,101,50,153,96,66,175,89,101,81,79,63,99,115,38,144,82,118,83,81,92,86,97,121,60,83,62,39,140,67,70,116,54,85,97,77,84,84,83,114,124,143,54,87,107
81,117,77,105,40,58,45,59,86,65,40,78,74,81,80,32,49,97,79,58,43,80,76,51,50,69,39,64,78,58,88,98,53,50,66,43,101,56,73,30,51,63,59,85,66,51,99,77,70,49,83,78,54,137,68,76,59,108,92,107,67,57,47,54,43,78,33,84,79,54,80,86,53,96,57,69,41,37,73,130,61,92,51,69,97,78,82,73,103,40,127,69,79,74,43,112,84,110,107,31,69,85,34,27,80,106,58,70,55,100,75,96,54,41,52,85,102,56,37,86,85,36,71,45,41,56,60,45,67,64,78,61,46,50,41,35,73,40,87,144,94,50,65,104,42,88,72,56,71,44,57,66,78,64,44,74,67,103,60,57,96,67,87,33,59,104,48,39,48,70,72,103,38,46,79,100,74,89,51,27,45,51,48,138,101,60,118,43,147,32,63,62,57,71,41,96,112,89,63,83,72,60,90,49,57,124,95,125,55,50,40,79,82,78,68,50,34,53,70,69,99,92,64,66,100,53,72,25,52,42,76,80,43,72,31,33,62,94,43,87,53,134,51,121,147,58,82,100,56,78,65,68,88,89,68,85,90,77,87,52,73,56,68,52,24,73,82,70,81,73,59,57,141,81,46,26,84,91,95,93,79,121,79,97,43,55,55,34,35,47,48,54,74,82,71,63,67,85,77,45,43,87,66,80,51,72,69,51,43,55,111,109,79,73,64,149,125,122,95,94,70,88,75,68,55,68,83,86,68,48,79,60,57,140,100,96,36,56,88,95,62,119,53,41,54,80,65,74,38,113,104,95,29,78,93,132,49,108,137,105,73,80,97,101,74,100,53,68,36,55,79,111,60,76,62,49,88,42,73,47,115,82,128,62,91,76,33,114,90,102,58,77,80,103,89,78,84,84,115,127,116,63,55,81,68,58,124,52,58,90,79,58,72,85,109,64,62,81,80,75,61,87,72,69,80,82,67,107,110,78,65,64,61,64,35,65,50,100,85,69,76,98,55,47,56,63,109,55,61,47,99,73,96,50,62,102,49,28,66,96,87,77,59,97,78,51,56,74,75,69,106,119,38,56,107,57,59,103,49,48,96,85,56,83,70,53,27,89,138,113,81,96,73,36,118,60,49,60,34,85
77,89,88,81,89,139,31,127,120,136,110,174,84,148,118,141,87,67,134,183,92,163,120,156,81,87,166,82,112,133,150,140,216,111,139,131,111,124,157,102,152,86,119,205,129,155,98,78,135,123,154,141,129,82,184,81,67,150,222,90,129,138,119,122,127,147,76,146,123,75,111,153,138,148,170,91,111,161,222,97,110,92,122,202,202,104,101,110,85,173,139,101,91,122,124,86,66,83,160,121,177,117,122,71,101,96,173,110,79,226,124,174,85,92,124,126,103,133,100,119,49,118,113,36,109,139,163,142,87,173,67,149,241,97,130,149,104,151,108,177,125,173,184,115,159,87,122,160,146,160,92,118,109,154,131,150,188,140,220,147,104,111,151,118,160,123,105,76,118,123,94,93,93,96,171,76,163,89,86,135,94,126,149,197,216,61,136,114,122,132,113,126,111,89,94,170,195,154,89,148,117,189,98,193,166,137,190,70,161,144,139,91,56,158,100,111,79,160,95,132,136,83,99,118,52,63,118,145,116,140,195,124,83,131,149,147,165,95,139,180,78,123,173,195,127,74,104,193,73,72,126,136,113,147,158,133,111,136,120,107,105,199,146,77,191,120,75,99,137,114,156,118,148,84,118,122,177,159,72,213,84,155,123,94,94,112,85,72,141,115,153,94,162,175,228,159,138,163,87,155,63,72,125,114,87,164,192,174,54,70,123,116,240,170,96,137,207,92,105,114,98,105,74,63,88,95,105,81,76,122,95,92,64,51,59,51,74,117,131,69,94,117,57,104,63,106,119,76,100,125,102,118,49,70,70,73,63,44,161,93,124,199,198,118,182,121,61,147,208,53,95,174,150,162,99,94,105,125,115,134,113,146,158,182,114,103,114,65,123,182,212,175,128,63,167,164,89,250,114,174,142,176,113,130,98,109,129,89,77,131,108,129,80,89,81,108,163,126,144,136,114,96,97,79,86,180,225,114,152,99,92,190,156,116,159,201,86,74,158,135,141,116,172,163,138,80,53,157,48,169,120,119,129,153,324,225,150,137,203,116,165,104,158,125,67,124,127,144,212,204,119,145,194,120,219,151,133,83,208,138,143,87,146,165,163,159,203,221,179,210,112,114,128,154,133,185,120,65,134,82
102,107,81,76,89,154,112,180,176,105,93,148,153,206,222,187,187,229,190,236,200,175,266,148,220,124,204,235,213,278,146,93,239,108,203,215,91,84,303,148,168,136,267,226,139,173,174,214,151,100,150,274,170,187,201,121,272,273,151,198,74,148,226,134,84,178,238,183,171,187,247,143,231,210,110,158,203,241,257,185,224,260,182,250,129,163,144,144,214,271,182,173,133,116,260,113,156,133,206,112,113,171,132,197,243,92,227,46,203,232,185,148,285,228,123,144,135,102,172,175,219,201,300,210,201,252,174,150,125,94,170,144,209,246,215,154,170,150,243,130,185,114,277,156,151,260,239,118,115,125,176,95,167,213,220,257,175,307,176,120,191,190,192,174,132,90,78,133,191,179,187,236,157,192,193,229,135,108,206,193,199,233,238,194,154,280,138,142,301,172,178,230,199,194,168,147,240,237,226,218,121,228,291,265,190,144,154,182,187,323,154,151,132,116,224,176,164,89,157,223,253,137,361,169,119,121,161,113,116,79,88,170,134,110,98,111,152,145,127,95,122,188,99,88,111,85,106,127,107,132,150,113,71,118,110,119,136,75,97,67,147,105,128,179,139,217,105,114,190,119,165,166,122,93,111,131,118,180,101,154,220,264,215,235,215,252,259,213,188,189,163,312,225,255,195,315,152,173,175,255,134,204,169,198,158,221,264,247,143,181,254,198,184,150,118,201,164,173,125,192,96,208,157,200,211,212,138,201,137,207,166,210,205,147,192,182,141,238,122,123,155,211,111,225,166,173,216,203,213,105,259,245,156,77,110,212,145,135,61,160,222,137,141,270,154,225,176,210,152,281,112,163,165,165,159,185,171,226,259,131,221,159,183,237,151,156,103,186,300,216,105,140,277,187,180,179,165,167,214,179,161,185,209,208,135,179,267,186,185,191,149,277,182,184,144,156,231,233,147,231,157,185,260,133,144,138,156,228,191,125,263,162,129,245,200,133,203,255,187,102,195,198,101,224,224,144,161,216,267,164,201,86,215,289,313,297,166,270,203,156,198,171,209,126,351,331,236,229,179,172,263,233,263,263,244,414,469,276,224,301,188,476,167,178,390,102,267,280,420,316,210,151,171,232,243,298,175,139,186,86
48,51,80,86,73,27,30,68,47,42,46,40,45,62,67,61,50,56,40,43,66,55,42,69,32,34,54,46,60,40,28,66,48,59,56,102,75,40,46,84,64,60,83,26,50,51,32,49,72,68,70,27,51,59,62,43,37,130,102,102,71,75,57,71,46,34,59,77,60,70,36,34,41,22,82,44,61,36,56,43,59,88,64,96,45,45,69,49,58,92,73,45,110,24,56,77,56,55,39,66,78,54,32,100,25,43,93,56,57,35,66,75,22,53,53,53,76,51,72,78,57,41,42,73,70,50,86,35,56,56,64,61,36,67,8,50,86,51,59,33,47,71,53,65,29,72,64,30,68,62,49,80,66,58,74,48,107,64,59,82,91,59,52,29,43,48,175,52,49,62,69,93,38,60,37,49,57,39,94,69,70,42,55,49,43,51,54,89,60,83,74,49,46,79,70,42,51,63,53,29,49,59,71,76,74,39,53,82,38,82,53,51,82,72,84,54,38,42,66,17,52,45,33,60,57,54,47,56,83,50,70,38,36,46,47,91,47,24,51,67,67,56,68,51,39,48,95,65,89,37,84,81,31,34,110,32,13,48,56,25,54,34,62,64,66,61,71,73,39,64,59,49,53,56,56,50,49,60,63,69,59,49,51,87,33,32,25,30,50,40,44,49,77,69,48,40,31,56,81,45,33,84,43,41,76,72,45,78,46,46,51,49,28,50,57,34,45,65,56,52,42,49,32,32,61,41,66,43,97,49,62,33,87,177,172,34,60,75,36,46,37,72,59,64,90,63,46,49,58,52,31,84,70,76,50,39,42,43,93,46,84,42,51,19,49,50,46,49,49,37,79,82,54,46,46,79,33,73,50,63,24,30,69,59,37,25,37,77,60,71,45,23,76,44,88,72,27,96,69,83,83,39,36,75,57,75,47,98,115,48,80,73,42,61,42,61,34,57,40,72,46,94,56,32,73,74,48,47,76,61,77,48,52,48,79,46,80,82,85,34,61,87,41,47,53,56,77,30,53,58,67,41,87,48,92,49,59,68,54,85,44,51,51,36,78,49,94,89,53,45,65,83,29,79,61,71,43,62,58,49,71,52,57,58,66,39,99,78,88,35,49,59,88,47,79,43,53,50,49,71
149,113,88,174,79,91,78,66,102,98,77,47,131,93,149,184,144,111,84,137,126,157,83,92,94,88,87,125,99,109,185,81,136,72,142,75,77,104,145,68,125,139,85,92,69,99,105,80,120,110,83,81,116,90,123,124,160,105,126,84,107,121,174,134,189,41,103,138,119,131,79,78,179,81,83,52,57,180,117,176,164,91,109,109,164,163,99,36,82,75,101,104,75,76,64,78,56,82,72,88,51,113,83,87,100,50,43,74,229,75,175,62,75,93,125,61,73,128,121,176,117,99,165,134,104,148,97,85,38,55,105,151,132,93,46,85,126,126,95,74,78,131,134,147,116,120,175,66,71,122,123,97,167,124,74,93,143,87,95,51,219,46,167,82,115,195,116,82,131,88,134,114,148,100,78,55,93,74,73,178,57,91,95,86,91,144,92,94,170,116,101,220,52,134,80,103,77,51,76,79,92,147,110,75,102,141,103,139,67,83,166,91,149,97,77,68,76,148,91,122,93,77,81,152,127,169,108,43,108,108,103,133,114,109,90,110,124,121,54,80,133,75,104,118,66,49,116,147,79,88,89,179,162,65,140,73,106,141,126,130,104,132,96,107,137,66,93,107,105,119,147,118,70,116,95,134,117,138,102,113,71,164,85,77,31,51,43,70,34,83,141,172,69,133,89,57,157,119,90,67,125,133,110,77,161,89,75,102,140,139,68,113,100,118,217,96,97,116,163,95,83,93,92,125,84,207,166,77,90,104,83,101,144,137,142,83,175,50,119,141,173,58,91,174,91,69,126,83,104,137,102,95,79,104,83,125,113,71,114,164,64,107,70,124,97,115,139,107,144,129,134,165,88,90,52,94,100,81,72,165,48,133,69,74,97,132,148,80,70,43,119,79,82,88,102,165,114,84,178,134,100,88,76,98,168,101,74,99,154,87,135,66,141,84,127,54,116,96,46,122,95,116,89,151,78,67,64,86,122,74,156,93,73,130,92,102,48,69,119,70,106,147,186,141,100,132,127,82,138,80,41,129,85,86,91,112,116,81,195,163,72,178,45,70,115,82,117,99,112,100,56,35,133,88,157,141,114,61,123,119,187,111,125,128,35,93,96,57,86,136,97,132,84,154,185,85,67,107,104,118
119,132,77,33,118,74,74,133,93,107,126,149,119,116,119,117,84,143,71,93,113,156,106,119,138,49,95,101,52,115,129,107,82,108,62,79,33,84,68,74,118,94,81,94,72,54,126,159,98,90,171,49,91,84,105,98,125,102,88,163,90,90,129,95,55,77,99,165,78,69,75,122,59,151,52,95,132,79,96,181,130,127,120,83,71,81,54,86,64,120,35,111,117,89,124,52,105,74,134,105,115,99,70,144,89,165,126,94,93,54,158,86,184,102,65,94,82,118,130,72,73,157,83,95,127,82,78,59,143,116,76,119,136,82,95,135,144,92,87,53,128,57,125,117,187,88,103,116,91,100,70,66,144,92,116,123,123,123,71,158,83,135,143,100,147,56,148,153,103,150,65,145,79,124,150,88,79,89,126,97,72,44,167,113,87,59,86,176,115,99,80,111,59,75,182,87,70,79,95,94,93,89,147,136,80,100,131,185,144,67,55,80,121,62,88,83,99,117,140,234,88,78,148,68,84,131,105,198,82,98,86,97,86,112,59,66,133,150,143,107,73,80,90,98,158,114,77,94,81,113,102,152,144,100,135,137,55,69,42,76,162,116,56,163,34,85,109,78,103,87,127,98,90,125,143,114,88,102,115,106,116,87,121,125,39,34,75,34,60,44,95,70,86,109,125,69,97,107,155,84,98,220,120,109,107,137,94,105,81,80,116,85,102,84,60,85,94,70,37,197,70,71,69,95,77,118,111,96,104,92,117,88,121,78,150,92,79,134,89,134,82,82,90,84,127,109,94,148,107,100,93,178,117,104,164,166,106,103,94,28,138,149,107,94,69,115,97,88,64,75,47,70,88,80,167,101,120,62,96,139,125,93,84,120,145,73,99,111,126,68,108,91,63,49,50,98,84,121,51,174,278,65,58,77,90,97,160,57,102,109,118,164,166,108,71,124,269,38,123,145,67,129,69,68,143,172,75,92,109,100,74,113,115,113,103,79,98,150,31,108,128,79,96,50,122,105,180,80,101,94,62,46,136,151,104,153,73,99,60,147,70,128,61,101,90,169,120,121,114,103,83,120,107,120,148,44,104,74,131,44,110,69,120,89,133,96,94,142,123,57,103,61,85,89,87,104,73,95,127,98
84,117,73,69,131,53,107,99,107,143,90,100,218,153,101,90,68,91,165,51,112,153,199,98,82,125,142,93,152,162,135,131,197,97,172,118,190,184,147,203,206,84,185,85,109,120,129,79,163,158,141,97,81,146,98,121,202,49,137,123,121,110,78,53,114,154,93,130,167,164,134,129,152,160,88,79,141,191,196,154,138,178,79,74,161,93,189,103,136,103,137,113,110,80,131,54,124,52,119,112,146,113,90,169,64,73,193,95,90,161,87,125,88,147,83,174,115,163,61,117,160,110,154,154,69,172,172,139,96,204,76,105,108,126,158,61,133,90,155,129,149,78,109,109,126,75,120,86,133,96,207,197,141,111,164,136,116,122,101,99,147,130,123,94,87,140,110,85,151,133,144,149,116,135,194,93,144,61,115,79,111,191,59,179,125,53,110,96,122,132,116,62,144,90,91,103,127,114,110,103,143,183,84,172,118,104,194,226,129,61,58,47,201,87,79,92,158,131,118,67,82,118,142,103,136,125,138,104,217,150,151,167,147,108,151,106,88,124,126,64,158,115,120,112,98,153,266,112,113,162,186,88,96,101,150,98,95,74,169,219,159,203,113,187,326,248,167,96,166,220,97,192,150,189,152,232,186,197,216,134,214,156,144,419,259,269,280,296,291,178,114,181,185,171,222,110,213,217,352,277,138,163,179,176,132,217,167,297,243,64,116,129,94,100,89,130,87,155,99,59,67,110,142,89,159,103,80,97,269,198,154,165,89,165,159,169,109,115,135,120,91,131,111,112,66,81,99,38,146,62,136,136,122,115,116,113,78,94,105,146,149,126,116,148,96,138,121,138,77,130,145,75,73,213,46,111,162,118,143,109,155,102,175,139,114,134,89,129,154,90,195,116,142,95,168,75,86,145,127,110,143,59,192,85,136,120,124,105,236,83,61,136,109,104,82,105,139,83,101,138,88,130,127,112,141,84,84,118,152,120,62,252,173,92,157,62,166,64,171,92,108,204,67,194,146,145,184,113,140,109,112,153,152,81,162,119,126,88,82,139,153,111,128,139,123,49,179,108,136,99,125,84,133,144,85,81,103,100,99,142,104,70,105,51,89,98,170,60,88,86,100,120,38,152,84,129,95,132,121,79
53,34,77,57,68,113,70,38,84,56,75,27,35,50,62,41,78,57,35,25,68,47,65,59,110,71,43,69,51,123,35,82,19,70,50,97,95,35,71,72,66,54,27,56,67,38,91,112,83,81,106,55,21,53,92,54,51,44,38,74,65,82,25,89,45,73,57,43,42,58,60,25,46,93,49,52,44,41,57,93,56,93,66,82,44,110,54,33,79,73,36,59,44,30,63,77,52,63,76,97,77,79,87,76,29,31,61,53,73,61,51,54,43,85,56,68,122,31,33,41,133,83,49,64,62,38,63,53,49,40,65,42,67,41,73,83,59,83,71,69,42,58,56,40,62,47,76,15,79,74,60,53,51,77,47,57,72,36,93,73,83,26,97,75,43,49,64,84,47,42,44,41,35,40,41,53,50,39,117,48,99,54,39,34,107,70,57,72,85,79,66,44,116,42,73,76,43,43,55,10,62,49,95,45,53,24,29,25,89,72,60,50,62,44,94,40,84,48,58,76,79,86,47,48,78,96,93,57,77,31,84,82,37,95,88,38,72,61,70,57,40,67,59,53,55,39,82,58,59,26,29,75,31,57,31,62,48,97,37,30,15,85,37,39,89,68,68,93,61,53,66,16,78,64,86,44,64,34,28,46,53,105,83,67,38,31,27,20,41,29,76,38,65,55,67,33,137,75,53,41,54,62,53,39,62,44,59,50,32,60,40,83,77,62,50,38,53,82,69,30,160,56,92,48,54,37,90,53,67,51,69,25,71,78,145,102,57,68,36,51,66,78,54,50,87,41,33,95,50,44,52,32,48,95,83,74,59,65,73,39,64,81,35,93,31,98,50,99,100,59,45,86,86,48,47,61,54,94,48,74,59,67,54,54,76,45,51,60,78,75,38,105,59,52,78,22,60,84,46,46,94,59,93,62,86,69,73,46,102,60,60,37,52,56,39,76,39,36,80,42,68,49,64,56,48,92,78,80,49,44,58,109,81,101,43,33,90,57,44,56,74,57,67,37,94,79,66,70,70,49,58,55,84,63,51,46,61,76,42,58,40,48,46,76,63,54,47,53,108,85,45,55,52,65,47,67,58,52,66,76,49,50,70,56,27,69,76,58,67,79,59,53,52,38,68,69,56,50,86,113
16,91,99,83,98,104,61,99,96,65,95,151,86,93,79,165,96,177,96,118,80,63,50,90,38,107,107,111,86,83,151,54,92,72,90,87,125,121,94,76,45,37,104,85,111,60,80,66,33,109,51,143,64,53,49,76,108,103,93,98,80,57,78,105,92,46,104,116,101,82,93,98,42,107,141,126,149,90,109,198,80,79,113,81,64,71,110,48,223,73,53,102,97,73,124,110,78,76,121,112,85,62,87,106,184,69,97,80,140,152,130,66,116,84,104,103,106,85,102,96,164,155,164,87,58,66,68,60,64,98,146,109,91,118,55,112,99,48,78,96,117,147,85,67,152,86,110,63,65,70,94,161,145,90,124,54,88,119,141,135,86,82,92,82,144,83,141,39,93,59,135,60,86,92,89,52,69,59,98,86,142,157,99,174,74,92,76,87,91,150,102,139,116,105,92,97,56,111,53,93,126,53,107,44,116,69,134,100,150,111,163,115,85,84,96,129,139,78,145,96,84,80,53,84,85,74,65,68,120,90,85,106,98,105,95,144,96,105,62,106,98,76,115,139,118,152,98,142,127,183,239,119,132,158,136,130,94,210,217,168,188,132,158,187,334,233,166,86,243,148,255,205,375,167,151,321,158,222,337,133,167,229,256,253,180,115,153,166,40,132,93,105,103,225,212,65,171,170,123,93,195,175,35,65,37,95,62,68,56,56,61,38,72,52,50,38,28,19,21,22,39,39,36,57,63,44,46,23,11,38,61,47,24,73,129,66,48,92,48,79,93,95,73,61,87,122,118,83,96,60,151,89,64,74,187,71,123,120,100,91,52,91,119,65,101,111,73,102,50,44,80,125,93,83,84,120,76,165,69,66,88,45,102,114,80,76,117,79,102,124,84,83,161,98,87,96,60,184,105,69,80,135,68,102,82,116,81,85,130,68,144,84,107,88,195,65,189,74,79,82,83,79,107,61,90,124,111,45,174,118,53,68,71,53,85,80,105,168,101,107,101,155,60,137,150,60,66,100,56,31,116,88,113,98,96,71,161,69,135,101,78,112,93,145,53,78,111,53,90,91,128,104,42,50,94,84,52,53,113,54,74,100,70,130,49,77,72,110,65,144,108,139,48,119,180,89,55,80,78,93
52,82,61,48,81,67,105,67,47,83,86,51,80,108,80,86,51,93,65,63,87,78,95,78,47,64,60,77,104,83,64,73,120,108,65,87,99,147,32,109,93,107,83,77,62,141,172,57,78,74,106,129,85,52,61,42,39,66,96,88,87,78,79,95,128,109,183,75,54,81,64,35,74,55,73,152,39,52,137,105,76,80,100,134,113,119,130,97,118,60,74,48,59,69,96,93,66,102,64,106,84,53,68,170,85,87,93,97,58,109,142,32,77,77,147,32,82,88,79,103,107,84,92,92,37,127,73,116,49,139,83,148,65,63,110,70,103,39,70,81,78,132,63,95,82,108,137,60,67,104,37,75,44,102,85,58,101,78,88,74,50,61,90,70,76,45,116,85,88,53,90,98,81,96,63,46,104,99,86,63,100,87,98,79,73,92,56,57,48,51,128,67,33,131,112,30,84,77,106,97,39,76,111,89,124,103,52,61,118,70,55,106,104,78,94,128,100,39,81,92,121,103,76,113,82,132,67,112,121,80,75,112,185,64,79,58,88,75,122,77,142,57,77,65,83,52,75,93,83,73,118,36,77,83,47,42,131,126,40,74,59,57,124,118,101,85,44,112,37,72,96,38,97,62,120,91,131,69,123,120,104,49,80,58,27,39,26,36,58,45,63,92,67,82,82,75,56,84,54,40,64,143,73,46,98,130,89,62,70,82,62,109,66,99,61,150,74,35,112,51,64,94,95,120,43,87,117,81,137,57,79,49,158,149,140,100,71,74,66,52,89,89,49,88,40,59,86,88,76,94,90,77,73,72,49,82,68,71,59,84,85,56,52,107,116,61,43,150,57,62,86,93,91,61,48,96,63,98,73,73,111,100,77,75,90,95,75,132,105,94,79,45,95,52,80,193,75,71,32,41,44,108,108,58,93,86,95,101,43,109,83,52,103,106,68,83,58,137,55,82,127,80,40,46,77,127,115,62,75,98,88,91,102,131,109,67,98,42,63,82,56,97,83,76,59,116,70,69,97,61,79,98,66,85,122,100,36,79,49,92,107,77,75,96,48,99,50,165,157,91,164,66,60,73,55,92,69,56,62,102,95,79,43,141,41,72,90,120,66,79,91,72,106,189,45,75,97,140,97,93
85,60,162,77,102,90,135,141,55,84,84,113,167,163,102,64,79,116,174,72,89,76,67,78,78,107,166,124,140,58,105,119,88,62,89,159,83,87,142,191,67,116,66,138,103,96,105,103,136,64,87,93,31,114,63,73,104,168,140,38,148,113,120,127,58,121,133,86,72,89,101,81,56,124,127,141,89,89,94,42,63,93,58,103,125,63,74,91,120,128,112,123,170,96,99,101,46,122,131,94,106,104,84,94,161,118,71,120,114,45,149,119,52,119,106,126,79,56,84,92,107,88,130,120,105,46,83,117,104,62,165,74,120,85,112,57,130,103,105,50,125,112,76,158,50,123,126,96,76,87,70,59,85,140,99,281,114,77,88,199,111,52,79,102,138,144,136,117,120,90,108,50,107,150,183,107,101,61,84,80,112,83,104,77,42,97,84,83,94,95,79,78,81,151,153,74,64,168,152,75,69,59,86,138,134,65,70,76,156,65,145,91,74,162,116,126,122,117,96,65,62,79,111,114,111,86,68,109,44,44,85,140,137,74,72,142,70,109,56,92,92,88,87,95,105,89,57,123,121,77,34,96,89,119,71,59,81,118,123,94,79,109,93,126,76,153,99,86,80,72,135,172,201,59,50,131,171,98,114,78,69,153,106,85,72,46,46,70,72,58,106,48,129,156,90,128,67,62,149,109,73,119,110,146,187,126,159,88,82,98,106,105,60,97,153,107,86,78,178,127,154,67,139,171,123,89,137,141,99,83,129,84,80,121,86,82,91,81,89,196,46,169,69,47,110,80,123,122,107,122,96,120,124,89,167,130,84,46,72,97,77,80,141,84,104,46,104,99,77,93,52,74,109,129,90,124,70,175,74,54,101,78,93,88,91,68,90,143,72,71,98,105,72,87,80,74,84,138,115,37,62,133,111,151,73,124,90,126,59,129,123,126,189,133,113,59,100,162,133,74,89,165,70,35,83,44,124,67,186,107,87,192,59,129,57,135,95,156,143,61,144,116,169,103,93,125,210,118,130,123,87,127,79,125,123,119,76,58,68,141,90,38,120,105,84,92,123,72,130,99,82,84,105,60,180,75,77,90,90,45,83,63,83,160,101,123,51,69,48,100,49,73,90,147,116,165,113,87,119,101
111,114,97,93,95,85,107,102,81,59,50,175,94,64,83,79,96,40,134,98,64,140,74,78,107,57,175,64,81,148,130,165,89,142,59,91,62,129,94,172,117,114,124,128,83,114,73,137,77,92,95,140,95,123,108,84,91,89,113,87,89,71,93,76,102,116,156,108,107,67,93,92,92,63,96,107,89,149,81,158,75,103,74,109,73,67,57,99,80,69,90,87,98,118,86,97,113,93,87,86,257,102,100,60,78,127,53,141,69,117,113,85,137,66,24,135,96,112,118,106,78,129,98,74,105,95,119,106,105,127,90,68,130,101,142,177,55,118,96,93,114,121,90,100,98,97,119,128,140,95,150,150,121,99,77,59,50,78,100,90,136,96,106,48,92,77,30,117,133,140,105,143,73,104,151,204,69,80,117,97,156,108,107,65,81,229,59,109,77,85,113,57,142,111,83,117,60,59,72,68,87,91,128,111,82,113,61,160,146,81,59,87,64,85,45,42,113,85,130,96,85,119,88,76,156,179,92,58,112,126,88,72,71,70,106,114,121,118,108,53,99,118,84,112,74,82,59,87,113,102,128,89,79,73,155,74,133,189,94,71,75,91,108,137,101,53,71,94,117,101,105,52,61,136,69,68,134,60,91,83,109,54,65,96,80,34,30,43,87,23,104,116,47,76,52,133,49,50,57,82,78,59,67,102,95,89,108,125,107,92,112,80,47,134,90,40,128,82,100,108,86,116,77,60,141,106,74,77,129,150,139,104,79,190,173,70,122,95,65,161,47,83,143,86,82,78,109,59,88,101,122,53,84,108,90,111,91,110,65,107,64,126,92,86,125,88,157,80,120,70,122,115,45,62,158,123,152,49,52,48,238,77,85,94,148,70,134,88,135,88,67,68,134,109,78,111,86,126,99,125,90,70,92,122,48,103,104,74,162,177,136,115,71,133,58,107,151,120,123,127,45,77,62,43,81,91,85,62,65,147,159,77,73,115,118,124,110,43,63,161,68,79,80,67,49,95,47,104,35,103,130,100,97,117,84,122,118,122,107,146,68,124,49,111,107,109,145,68,98,97,39,75,57,79,129,131,66,105,75,121,65,70,148,72,106,69,95,99,82,70,111,98,105,146,123,94,47,111,123,43
200,85,105,225,199,179,31,79,226,130,130,167,191,185,193,157,204,174,162,171,108,167,213,148,96,170,160,133,109,238,91,132,199,154,211,264,127,137,191,201,90,140,192,232,154,105,199,186,153,121,160,101,157,105,60,78,183,185,107,111,211,185,179,158,226,192,194,285,134,141,179,94,174,136,212,78,126,186,111,116,136,68,166,161,147,88,162,108,153,100,103,123,74,159,224,181,105,83,180,146,148,149,126,93,127,176,173,105,113,192,105,152,138,226,105,131,215,83,173,159,101,127,171,202,115,136,61,138,80,122,86,189,172,140,140,235,239,150,249,225,137,90,164,124,221,135,168,139,129,196,116,117,125,201,99,96,175,99,139,150,144,138,198,139,186,125,71,122,167,195,152,224,140,157,148,159,188,120,240,274,178,305,167,150,174,178,104,149,144,89,179,137,229,143,156,134,185,141,175,176,176,183,123,126,161,146,117,213,155,92,111,123,83,164,203,178,108,121,135,137,158,91,199,118,199,130,102,162,177,230,106,154,197,213,272,105,113,156,207,144,254,114,245,158,118,188,109,196,223,226,324,285,345,219,196,385,287,394,317,234,320,144,197,627,239,368,495,386,353,453,444,179,395,213,200,235,334,381,132,293,391,171,211,84,223,151,237,79,215,225,197,235,126,291,171,253,281,266,196,300,162,489,63,105,70,48,57,45,36,75,57,68,75,93,77,101,71,40,33,61,74,96,99,112,78,85,69,94,105,82,71,112,72,119,91,165,136,159,144,128,178,234,180,167,177,100,124,217,177,132,152,114,154,105,146,89,165,145,155,218,181,171,145,241,226,109,126,131,93,93,123,120,126,126,180,165,101,216,186,153,118,113,104,146,106,143,159,102,118,76,136,97,216,156,158,182,92,156,142,195,187,107,138,121,286,118,156,264,276,154,290,165,162,194,205,133,180,88,163,122,156,188,136,102,117,176,96,191,72,121,213,144,125,209,150,190,192,176,98,107,116,187,159,256,147,135,59,164,167,81,67,89,129,138,147,138,216,202,162,162,121,230,125,164,164,107,178,190,131,153,194,189,186,132,175,183,194,137,154,153,114,178,138,197,119,141,235,210,174,145,118,115,163,223,257,108,143,218,126,191
115,87,147,57,77,49,97,78,107,53,139,99,117,84,117,129,121,61,91,113,85,86,78,84,68,157,67,117,111,68,56,73,91,138,33,74,136,76,106,121,44,56,92,70,79,68,62,80,94,34,56,116,50,59,71,102,74,67,108,143,95,99,91,44,86,107,70,60,111,151,79,106,79,65,116,66,62,103,46,93,107,74,96,103,92,58,57,59,70,51,67,97,93,82,83,97,97,85,80,66,83,85,135,79,71,81,89,81,81,62,82,61,60,85,76,73,53,130,76,75,75,73,128,116,47,108,124,123,54,66,84,92,97,48,99,42,76,62,55,56,86,74,80,68,84,135,93,47,81,52,102,135,140,87,96,83,73,96,120,80,50,65,129,86,90,89,104,110,63,125,124,87,81,82,107,139,61,80,77,60,88,152,56,96,85,84,45,121,138,58,111,91,143,87,57,50,82,58,132,123,81,92,36,96,51,141,67,81,144,108,108,140,73,63,100,66,93,85,78,104,118,103,81,144,57,124,63,66,87,65,191,60,117,108,59,113,117,97,131,68,87,157,57,109,73,89,98,87,77,100,102,88,61,86,93,74,92,82,94,121,118,171,138,76,50,168,102,46,76,94,124,57,95,85,88,56,117,99,112,92,113,98,73,97,48,39,25,32,32,52,121,74,105,93,100,56,65,75,83,41,31,74,129,39,87,123,122,135,85,83,90,81,58,100,131,92,87,86,106,93,133,80,85,86,107,56,125,105,74,84,67,103,105,126,118,107,146,58,97,117,81,120,138,97,111,80,88,102,94,74,63,113,138,87,48,95,104,70,75,52,78,45,68,134,52,106,59,91,45,111,99,57,111,115,82,82,60,90,84,111,51,133,74,85,99,73,74,42,85,99,73,111,74,129,108,101,65,93,117,145,121,47,83,71,90,96,57,121,65,40,78,51,111,88,88,139,111,179,103,68,132,136,58,141,99,83,74,74,138,74,116,64,78,66,70,108,86,75,104,69,71,101,65,57,73,56,106,87,50,110,101,82,62,58,104,107,81,90,48,69,87,69,118,139,44,111,44,83,108,112,54,87,62,110,35,175,75,51,33,85,146,59,98,69,68,65,172,69,183,67,133,68,94,61,114,118,127,120,109,64
85,68,59,106,45,52,64,74,71,59,54,41,59,33,49,53,62,67,65,37,53,49,57,98,59,82,54,138,78,76,70,54,93,131,69,31,76,86,67,54,96,61,109,85,133,87,74,67,69,69,77,51,73,81,81,56,81,48,97,50,99,98,114,82,52,35,95,43,55,53,40,85,25,88,64,86,56,111,55,60,84,61,30,103,37,105,52,81,68,46,65,70,90,70,48,72,63,75,56,68,45,26,88,72,47,83,43,64,67,24,66,70,73,30,46,58,70,61,56,82,56,72,135,49,87,90,45,55,45,50,63,77,61,43,65,69,72,39,106,86,68,36,47,27,130,54,59,79,64,118,60,45,89,98,60,88,45,71,102,53,111,51,57,64,91,96,109,61,63,79,74,96,85,47,67,77,88,79,84,66,119,85,95,75,110,41,51,78,84,85,96,43,105,58,20,44,100,68,76,116,69,55,61,48,49,85,84,60,61,81,32,56,51,71,44,73,88,76,51,61,129,76,60,98,50,77,98,45,46,40,47,70,41,107,77,67,125,74,80,69,71,82,57,73,81,85,45,87,67,108,89,67,54,55,105,66,73,97,65,60,68,75,72,63,59,61,60,96,66,39,49,33,50,99,44,81,75,79,54,80,75,91,49,69,31,26,43,62,25,36,63,82,105,54,41,65,76,58,85,83,54,63,80,86,42,77,85,39,59,33,136,92,73,55,39,35,66,110,107,103,74,96,73,98,96,36,71,55,73,88,51,75,76,68,124,67,83,62,62,58,29,83,94,33,48,65,53,132,115,74,45,75,72,81,96,69,45,95,83,48,62,67,75,41,69,136,62,38,105,66,66,76,69,63,110,71,86,36,94,96,77,45,64,107,62,66,56,77,61,60,79,111,40,49,77,47,55,81,70,36,56,70,74,131,77,61,38,48,50,62,94,83,96,69,119,88,55,64,63,60,52,69,113,48,87,82,56,99,88,41,48,70,93,72,137,50,81,35,56,78,41,88,47,33,49,86,92,68,125,56,68,89,57,78,54,39,82,84,56,64,101,47,52,40,89,50,82,58,48,43,65,72,49,40,44,73,103,87,82,125,103,112,71,81,95,84,46,82,93,78,69,98,100,71,40,65,44,71,61,85
65,151,138,85,84,85,106,126,137,102,136,193,151,154,286,121,118,131,68,240,188,125,94,104,108,181,208,98,141,103,122,74,98,314,104,158,201,91,100,113,188,223,109,194,173,73,168,126,157,177,133,121,76,90,249,125,98,192,184,112,118,72,134,128,270,74,138,125,181,73,153,130,143,174,53,129,160,193,166,163,121,155,102,145,180,150,159,181,227,153,88,204,86,180,147,259,172,156,144,94,106,243,103,143,234,203,240,88,174,221,93,140,163,147,88,137,93,136,196,169,90,153,216,163,61,90,126,187,112,135,87,142,217,119,103,151,99,128,189,222,157,157,214,95,212,175,224,151,179,223,116,112,279,62,117,160,77,102,110,172,207,173,138,154,157,169,125,139,202,128,207,139,68,116,109,122,119,107,183,198,126,135,68,151,110,197,119,187,118,85,166,187,186,162,108,116,142,128,91,98,194,123,124,99,146,155,81,145,195,110,144,92,109,176,162,144,104,140,71,226,126,176,157,149,230,187,171,163,121,226,64,259,150,157,182,262,83,142,160,131,253,127,149,110,135,172,139,177,156,206,188,194,91,154,106,126,64,115,322,185,313,214,242,181,268,279,458,210,322,157,170,171,328,383,225,110,266,209,196,131,201,344,195,177,257,322,241,160,324,141,196,390,175,206,296,293,422,255,253,175,277,175,133,386,272,255,236,90,270,213,115,165,115,129,106,129,204,118,139,133,172,116,135,131,219,248,100,197,160,146,217,192,138,261,115,119,157,162,139,142,110,117,200,150,97,144,116,137,61,133,119,106,138,198,178,107,199,125,157,190,74,182,128,86,208,123,201,202,158,170,134,174,153,224,106,142,196,167,222,150,130,201,234,135,77,124,193,142,155,104,228,102,76,121,78,223,134,125,116,125,214,81,276,168,238,213,194,119,232,139,44,145,264,162,209,211,115,195,92,146,130,84,114,155,111,98,142,131,141,82,147,162,191,212,138,144,112,126,132,157,99,75,175,153,130,123,210,156,133,114,69,94,148,82,75,144,166,111,215,127,166,181,178,98,221,132,137,116,263,139,193,156,172,158,182,149,240,87,166,152,239,123,222,120,276,110,135,174,85,122,175,97,129,113,119,74,187,57,221,134
82,48,106,95,138,57,66,167,60,46,132,154,188,132,89,88,37,94,111,91,111,139,75,89,79,166,133,78,106,65,78,232,147,93,93,59,98,135,167,115,149,98,142,79,93,126,62,97,131,85,65,63,112,144,113,94,59,63,118,94,106,78,42,90,114,98,132,69,59,59,96,84,67,173,213,124,74,120,99,89,80,129,112,78,114,85,76,105,145,132,67,66,92,102,106,128,178,72,60,176,108,85,103,81,155,102,96,102,55,109,62,114,110,97,81,96,70,52,84,90,39,138,84,153,73,46,96,122,73,129,91,140,110,79,95,60,104,87,82,93,130,111,52,167,94,102,141,110,107,86,87,78,59,65,76,93,132,96,86,156,100,53,128,145,201,87,172,204,98,78,99,102,98,114,57,108,106,76,178,114,57,83,89,120,79,105,107,205,100,121,103,119,82,81,88,100,87,70,69,214,74,147,83,91,93,91,66,123,126,126,112,61,148,104,85,102,83,91,85,142,76,100,150,108,105,158,60,197,74,108,101,127,99,162,89,119,122,76,154,109,93,127,52,107,64,79,114,117,69,134,95,54,101,116,70,75,106,88,43,97,45,80,118,132,83,150,88,53,95,82,132,101,59,151,111,88,65,70,70,52,73,127,129,115,47,32,42,43,78,45,133,106,40,132,112,63,114,114,110,123,122,83,141,67,191,132,65,152,121,73,85,91,77,121,76,123,75,141,166,70,143,56,94,169,77,56,64,93,109,100,136,108,128,148,160,53,48,117,95,189,107,84,49,109,113,110,87,100,118,59,142,121,98,82,71,100,219,83,77,90,111,151,72,64,86,60,86,169,90,143,126,152,92,90,121,106,142,165,140,192,239,113,80,117,92,54,140,90,112,106,40,103,80,70,96,66,121,94,68,113,95,83,141,89,180,75,109,129,115,89,75,69,90,112,156,113,135,125,94,69,125,163,109,175,130,114,145,81,102,57,133,146,153,98,93,159,69,191,72,72,145,98,130,126,93,91,108,108,111,226,99,77,45,112,98,105,153,117,213,80,124,60,158,93,95,69,83,145,89,50,74,197,80,104,104,55,145,117,123,120,80,70,149,80,106,130,67,118,75,102,82,165,96,83,66,62,132,58,95,107
111,100,144,139,64,116,79,144,99,137,113,63,146,135,151,156,54,141,197,258,113,117,105,89,109,138,138,126,70,118,184,231,122,92,98,166,83,297,190,147,249,85,73,141,164,145,109,212,85,121,64,152,88,153,147,218,172,151,123,146,155,75,133,141,137,166,137,129,73,107,97,178,143,254,134,158,117,95,86,211,150,125,110,155,191,98,90,84,176,112,119,170,66,89,85,148,135,163,158,69,186,121,109,139,146,220,143,149,194,117,96,161,178,133,320,180,147,68,147,96,112,190,163,169,132,156,148,176,164,116,221,181,119,65,149,148,190,94,165,68,181,122,176,122,118,126,50,82,100,120,161,139,134,68,163,247,118,138,168,63,147,113,121,152,144,112,155,129,151,115,159,84,88,174,129,191,94,131,121,67,122,140,150,208,172,119,114,187,167,65,119,182,148,113,289,138,123,111,182,165,64,113,94,86,75,133,181,112,117,153,150,134,94,238,62,143,149,99,191,176,134,282,163,138,149,127,165,173,120,156,111,165,136,161,60,158,143,172,141,197,134,119,58,117,125,116,182,121,189,116,99,163,254,178,131,139,149,89,167,95,141,170,156,202,155,102,158,186,180,89,117,193,85,125,194,157,135,98,230,117,103,132,115,227,73,86,32,109,75,58,175,114,79,172,176,129,118,149,150,152,178,212,152,87,144,97,139,188,70,107,155,255,85,130,108,145,194,167,127,123,104,101,101,151,41,217,208,156,180,153,150,116,129,164,193,88,103,92,263,136,99,101,114,116,244,164,75,163,150,126,92,316,131,149,139,119,121,115,235,180,96,155,113,144,160,236,252,134,112,149,118,114,149,121,180,83,160,126,216,205,116,84,72,179,46,248,138,205,167,192,164,82,160,111,71,208,152,148,175,228,136,171,116,69,163,147,182,82,152,110,146,120,131,184,174,214,189,149,190,127,135,186,116,120,143,152,132,129,132,50,152,198,202,147,145,149,88,133,97,143,129,130,99,181,202,100,102,230,75,131,76,112,97,90,155,178,106,145,75,192,119,147,148,189,90,150,69,104,213,114,174,135,75,108,191,115,69,175,172,180,112,154,198,245,119,127,91,127,162,152,106,172,135,194,84,136,148,144,173,129
81,105,128,249,150,103,82,118,89,186,106,122,137,165,137,130,158,122,148,117,128,91,101,57,138,82,80,166,110,90,162,90,92,88,156,160,71,105,69,143,259,126,115,76,125,75,151,109,101,176,138,221,188,96,155,141,109,83,131,74,133,149,107,108,188,173,177,123,123,47,53,125,124,79,138,147,79,108,117,65,122,91,180,65,125,249,152,67,82,199,105,105,70,52,84,144,104,100,69,130,112,170,147,181,108,127,53,84,78,108,106,64,82,223,118,106,59,190,120,113,164,128,176,115,123,127,63,74,119,188,121,84,218,139,108,141,103,102,118,105,77,96,93,126,149,121,81,98,51,134,186,76,95,83,99,142,130,85,91,52,131,166,105,109,92,142,59,173,71,70,122,140,138,118,145,176,88,156,126,138,84,199,90,122,117,168,122,68,147,91,100,87,57,82,64,132,206,69,84,119,92,72,115,121,85,89,137,119,156,100,199,173,137,160,57,135,186,113,135,74,62,90,92,133,117,177,107,113,247,98,120,95,136,81,116,112,164,197,166,191,97,126,149,94,166,162,106,208,33,71,109,156,147,91,83,157,125,124,106,101,174,112,87,114,90,87,98,96,114,131,209,171,89,128,111,50,214,121,121,289,68,211,111,87,41,50,44,37,46,38,192,93,100,130,88,110,100,113,136,61,105,237,91,121,86,151,92,157,96,131,214,92,150,134,141,113,63,137,122,151,78,101,182,125,99,135,92,184,241,71,147,93,111,185,264,140,162,110,128,42,107,80,112,216,48,138,84,119,82,76,99,89,139,182,145,138,95,68,171,101,131,123,114,152,182,124,201,135,96,81,140,79,101,102,225,93,125,277,56,105,57,107,109,153,127,155,139,83,92,154,95,145,112,64,174,100,86,200,88,160,96,141,113,111,143,102,121,188,137,171,192,226,131,110,87,160,69,163,101,150,140,133,90,59,144,159,213,78,67,72,188,73,125,79,92,94,96,57,64,84,53,309,126,149,179,75,130,177,107,49,127,95,108,130,75,90,80,125,150,96,104,74,75,93,73,146,118,117,140,181,177,101,105,93,115,231,131,93,112,111,63,97,208,71,151,132,101,122,96,98,160,151,143,107,196,107,121,103,179,128
125,117,81,126,122,88,75,77,77,114,62,92,112,78,96,103,115,153,120,87,164,95,65,101,66,121,68,83,139,135,92,96,88,63,103,120,131,136,237,68,190,142,94,80,192,103,71,175,72,76,74,132,103,82,92,75,74,121,113,55,72,104,68,64,68,74,108,157,150,161,82,111,151,143,109,122,114,135,79,80,99,98,131,68,96,109,118,93,99,121,87,53,72,65,125,119,93,138,111,175,56,91,214,119,117,131,89,88,135,178,86,143,144,183,169,110,104,79,117,133,51,135,151,155,152,76,74,154,104,64,145,111,126,90,118,44,151,86,109,165,53,150,114,113,99,163,79,119,97,127,152,103,77,98,84,163,154,102,137,82,112,77,91,104,76,70,74,129,141,92,66,109,48,96,69,55,94,94,128,143,157,81,129,114,114,63,148,128,55,104,117,128,61,139,158,139,98,97,125,80,119,79,94,88,76,89,65,84,151,160,94,69,138,76,143,166,149,70,63,112,90,124,79,104,62,162,73,116,186,84,63,68,82,101,74,96,80,79,67,99,162,75,109,136,92,106,160,57,256,122,356,299,306,288,221,332,246,318,276,139,315,185,121,184,287,164,255,136,155,265,219,102,266,137,260,197,121,161,253,151,232,281,117,150,153,173,155,157,98,132,301,199,100,111,200,74,239,108,192,103,193,206,38,26,39,74,47,99,68,53,34,59,50,22,59,55,76,36,77,32,40,32,70,49,38,53,45,51,55,44,63,21,102,76,128,83,122,123,58,87,82,92,88,144,60,100,63,159,88,146,104,109,131,99,87,68,74,104,62,88,94,161,117,67,55,120,129,113,150,129,86,146,146,105,128,132,68,80,48,164,157,104,118,77,83,78,74,60,112,40,39,89,157,132,62,77,68,37,112,104,82,136,122,110,129,71,183,50,95,86,102,59,89,161,67,196,153,107,122,114,78,75,85,72,90,189,116,198,138,110,67,126,108,152,152,106,132,59,87,103,114,136,109,108,77,78,180,98,107,107,78,78,129,132,205,112,65,104,151,132,99,97,123,98,131,120,97,96,168,127,58,99,108,149,122,154,221,91,127,81,142,158,89,134,189,78,102,63,98,95,85,87,90,72,66,102,104,150,99,119
160,141,139,177,145,163,121,94,250,90,182,76,107,159,161,122,137,178,165,94,100,102,166,126,168,147,185,196,91,91,131,195,161,180,108,159,189,130,91,156,164,118,119,112,104,165,116,97,149,130,146,211,140,191,181,102,131,149,137,136,173,83,133,88,96,165,228,158,222,65,91,232,113,76,112,120,142,111,144,54,188,263,148,96,202,89,94,121,165,92,237,169,149,136,109,118,118,129,84,334,115,85,151,197,158,130,173,114,226,124,208,38,164,149,117,163,125,100,169,147,114,181,128,135,79,209,132,119,157,213,147,113,81,224,190,120,66,211,144,172,102,158,135,83,232,145,100,105,149,170,79,131,156,136,105,159,104,134,109,119,151,102,162,144,114,133,89,152,216,174,92,122,118,130,173,173,158,149,105,121,136,137,99,109,294,110,199,151,168,122,134,113,67,92,66,78,152,146,139,116,307,156,118,71,166,131,137,157,164,134,158,111,168,132,124,88,146,151,89,74,94,221,112,126,102,214,60,108,122,120,109,121,165,91,99,157,184,135,136,150,184,145,124,235,284,118,73,194,184,107,109,151,132,190,141,216,117,102,108,186,75,141,143,121,155,128,128,137,100,118,130,177,108,80,82,151,252,138,119,126,172,238,173,72,60,54,70,42,127,109,128,138,178,118,146,130,245,125,191,201,130,43,183,97,140,217,117,222,156,99,226,86,189,147,120,151,98,185,158,138,137,125,158,112,131,134,171,105,98,185,215,207,169,402,276,143,61,167,124,126,253,138,65,161,195,113,113,166,101,131,204,128,170,188,159,113,126,127,140,242,87,186,129,193,211,170,126,79,180,166,228,199,202,156,73,158,113,199,72,137,134,136,259,149,151,125,132,121,182,180,152,200,166,230,223,109,150,181,114,304,205,135,69,188,187,128,94,119,151,170,209,146,100,152,141,228,147,63,156,111,131,121,155,285,281,174,101,132,206,236,124,300,173,65,84,152,73,203,110,234,172,103,136,112,118,140,216,116,198,98,147,100,133,58,150,251,136,135,218,127,140,112,113,122,172,151,258,94,182,238,181,92,175,177,129,242,165,288,153,63,145,63,116,112,105,83,168,118,251,116,185,101,210,110,138,162,102,158,76,107
113,71,91,45,61,52,72,131,89,97,95,92,168,152,93,115,71,127,99,52,66,72,132,76,91,112,116,75,95,183,66,74,141,102,65,94,114,137,81,140,74,114,196,61,70,46,109,118,165,62,66,113,103,101,148,94,52,60,40,96,130,143,117,163,87,126,130,129,47,212,114,82,145,128,175,124,98,62,86,95,157,122,86,83,90,115,151,67,79,56,99,73,78,96,120,114,185,111,59,147,89,73,122,153,155,146,117,109,112,86,53,146,170,112,152,73,54,56,41,97,72,74,38,138,127,102,102,110,144,142,70,121,113,116,71,134,45,72,98,55,108,132,91,139,85,132,87,92,78,94,74,141,83,150,139,117,125,89,55,90,109,112,116,81,53,161,68,121,76,89,97,78,111,80,125,79,79,121,41,101,75,102,65,185,73,186,81,66,113,131,118,72,106,85,109,192,136,109,90,91,83,70,91,156,54,89,72,77,124,106,52,62,206,121,72,109,86,97,91,79,59,54,55,82,118,79,119,116,97,72,47,133,86,44,136,132,89,74,122,109,117,172,110,65,115,142,97,118,131,100,147,106,63,166,77,47,88,89,93,79,100,93,72,62,97,66,111,86,98,90,133,176,97,87,122,55,121,80,94,88,109,153,94,73,120,69,44,128,125,66,101,159,121,61,56,111,74,138,60,102,88,52,88,73,95,122,106,153,76,148,110,127,71,64,94,92,113,84,93,81,114,133,63,40,65,53,54,50,87,118,64,83,76,40,83,43,69,48,65,80,52,41,56,43,53,28,71,43,61,77,54,81,74,70,129,67,80,110,62,58,134,88,83,86,164,85,112,83,122,43,46,75,163,140,69,84,122,51,117,81,71,91,126,69,84,111,115,83,112,115,78,124,66,140,76,173,105,104,168,115,129,86,73,79,95,124,57,104,78,110,96,169,109,124,159,76,101,46,132,127,104,107,79,111,62,32,115,45,89,60,109,117,60,70,126,29,172,76,186,95,40,65,145,76,79,74,126,167,90,60,121,41,113,182,44,151,109,77,114,161,119,33,138,136,231,208,98,126,110,104,112,103,113,174,71,69,144,123,122,118,102,111,138,180,136,182,152,59,193,178,136,71,127,144,96,129,105,75,73,51
63,84,57,43,43,118,107,110,89,72,77,111,96,86,173,56,28,78,103,86,120,58,67,84,52,71,94,42,80,28,62,76,89,90,38,65,70,59,38,29,82,40,90,91,71,148,96,56,121,53,91,88,147,96,90,54,75,42,52,58,55,70,54,69,49,108,53,36,132,66,115,42,95,69,77,58,71,96,109,107,73,92,61,100,126,68,77,87,71,66,51,63,107,54,102,48,41,75,78,61,83,91,87,74,62,46,76,50,88,103,48,51,59,144,81,93,45,69,82,78,47,94,79,38,90,72,73,111,103,36,112,67,128,57,77,70,64,80,48,68,68,80,85,56,73,87,89,75,54,50,133,87,52,56,94,153,88,69,82,72,51,46,61,65,107,88,79,93,83,107,68,128,89,87,50,76,132,68,56,48,98,48,75,59,72,70,54,109,118,117,59,71,81,40,93,72,55,87,52,74,98,54,43,113,97,77,109,52,76,105,58,52,43,39,137,49,65,76,33,65,101,109,58,34,114,76,79,56,63,104,95,94,95,42,71,83,75,82,63,99,128,107,91,75,72,53,33,62,48,56,49,89,164,60,133,87,43,53,84,49,70,150,75,96,67,103,66,172,103,81,92,67,80,80,141,104,36,44,70,34,96,90,152,106,20,36,24,88,33,41,89,134,112,76,75,87,68,30,57,40,53,111,75,110,59,74,56,70,110,119,56,116,69,132,44,74,70,101,88,117,78,72,110,64,165,60,123,93,61,37,75,64,77,102,90,79,59,40,85,62,103,108,139,80,91,46,72,132,108,116,66,82,60,67,124,98,85,52,49,105,83,53,64,98,141,87,71,91,67,70,76,102,45,76,109,123,76,101,120,73,53,105,65,57,70,66,89,71,63,59,72,80,55,58,92,52,48,114,53,67,77,70,108,119,104,107,87,91,62,60,68,39,61,34,61,66,59,50,121,81,101,59,72,102,70,60,112,98,86,75,96,97,55,158,56,52,63,63,34,54,104,126,80,46,70,45,96,67,129,59,53,71,59,95,123,80,78,95,72,77,53,34,101,90,70,60,80,53,71,78,95,64,80,97,117,54,70,60,62,97,54,77,35,59,79,86,121,102,73,37,59,68,47,51,55,42,90,103,78,112
75,28,101,55,50,95,51,98,120,127,167,90,81,86,93,161,152,151,91,74,121,76,93,115,140,124,169,135,58,71,71,88,59,130,132,97,73,220,171,85,92,127,179,107,67,81,113,159,61,89,138,92,86,68,46,143,146,91,114,137,83,170,70,123,174,98,187,148,76,125,95,107,104,93,156,110,79,84,128,114,128,67,96,95,89,123,117,129,96,74,82,86,178,171,142,99,117,115,86,165,113,93,143,102,104,76,61,96,103,153,99,116,93,130,98,107,90,89,95,110,99,172,123,134,96,72,106,83,135,97,112,131,49,87,133,168,129,108,135,133,139,89,91,72,120,94,123,97,94,109,194,198,92,102,141,40,87,66,204,169,74,101,134,94,58,80,86,99,105,141,150,125,111,111,100,87,87,169,100,131,125,126,70,86,70,136,123,103,101,119,81,102,145,106,92,149,97,193,135,81,75,190,120,115,125,191,78,72,81,95,94,109,140,83,71,95,147,99,90,161,184,75,137,72,61,152,128,69,89,113,204,137,115,94,175,122,186,102,44,120,118,114,55,121,146,103,155,114,127,105,85,138,96,115,156,82,82,127,64,130,98,120,109,180,101,66,67,72,147,107,109,87,116,83,111,32,91,169,106,121,66,92,99,116,49,70,132,116,204,98,95,91,102,83,146,91,144,160,34,206,87,136,139,150,121,89,126,125,173,71,138,128,84,264,118,101,65,144,80,159,182,160,74,74,49,80,150,49,53,69,83,103,31,71,108,109,50,106,37,108,49,101,108,45,50,62,64,86,109,94,78,48,132,48,44,127,91,66,88,32,82,101,116,113,88,98,86,83,88,63,134,211,102,109,146,203,170,108,55,179,77,105,118,100,128,103,129,69,194,129,121,93,48,67,94,71,175,103,69,107,99,117,68,133,117,101,109,105,161,73,93,130,68,102,47,114,128,110,122,153,58,67,127,98,112,96,104,95,151,93,93,52,62,111,90,67,100,103,81,146,97,99,126,84,90,64,133,79,168,103,110,89,102,116,188,191,132,97,163,104,99,144,264,149,120,121,152,118,159,164,102,138,181,161,105,85,138,129,238,205,138,159,127,64,140,85,137,134,208,155,110,187,126,164,127,72,116,74,82,50
58,57,53,61,81,56,129,74,126,106,113,98,98,96,39,145,82,54,95,58,106,67,84,74,48,106,56,83,118,68,64,80,31,38,101,65,54,72,89,135,66,77,71,87,109,27,75,51,54,78,57,117,80,92,70,35,94,111,69,101,102,50,62,61,74,59,98,98,107,109,156,66,56,80,74,108,150,107,70,66,24,65,78,91,76,69,106,57,80,96,41,84,104,113,97,125,90,96,119,119,97,57,114,77,108,155,76,48,36,72,61,79,103,51,38,55,92,72,58,51,83,74,151,43,130,86,70,78,72,91,85,95,97,107,67,81,56,100,125,62,105,93,68,57,81,107,74,100,99,71,119,88,94,105,92,97,97,40,86,47,123,106,23,68,44,45,121,116,37,102,44,59,165,84,94,107,72,118,64,77,119,60,54,87,92,92,57,70,141,72,86,39,145,59,84,61,52,86,83,158,86,99,67,74,86,72,98,73,74,101,114,149,81,85,50,64,80,86,98,53,62,30,101,42,101,112,110,68,49,63,62,96,105,40,124,63,56,46,102,82,130,73,74,95,64,87,93,74,159,160,191,217,98,170,108,205,233,147,149,91,110,182,125,154,298,241,94,210,161,171,213,174,109,200,161,240,295,182,220,156,205,140,184,186,111,124,128,119,92,144,188,142,93,145,139,177,131,124,90,247,148,104,48,38,67,44,30,61,38,31,32,49,50,41,39,36,69,59,28,16,24,30,35,70,23,46,39,29,61,34,38,35,50,106,80,164,91,56,83,103,65,92,141,62,36,84,93,65,77,53,48,57,64,118,64,70,117,85,57,106,101,57,87,91,122,180,61,83,92,126,52,82,54,51,45,96,75,36,79,74,110,65,73,103,107,77,65,59,141,61,64,58,97,161,118,157,106,151,60,83,39,66,176,68,79,67,85,92,53,140,143,54,66,57,107,56,60,157,68,62,58,66,143,82,98,118,73,54,71,103,84,94,55,62,61,91,76,95,42,76,76,113,52,135,83,107,53,172,57,71,55,78,51,71,96,109,103,66,67,135,74,140,91,70,121,56,83,52,49,103,56,80,97,158,160,62,86,41,140,91,66,48,50,40,72,86,60,92,107,68,152,81,81,71,65,98,92,67,95,107
59,67,97,61,54,33,80,66,46,31,68,71,74,97,51,88,118,32,58,35,54,81,40,99,63,95,48,37,65,65,84,39,54,120,46,42,43,65,77,60,42,51,40,59,31,65,71,36,82,54,49,45,55,42,44,88,70,60,74,47,74,80,44,85,23,52,56,75,30,57,50,39,67,50,22,47,99,62,76,70,58,116,70,84,72,42,58,51,100,76,68,26,61,49,86,62,52,44,70,81,54,37,45,73,79,71,51,66,56,51,70,109,66,68,63,66,71,35,84,53,119,80,74,55,40,59,35,72,58,84,65,49,42,47,59,46,82,22,38,69,65,92,78,31,63,38,36,55,79,59,52,35,50,55,58,51,53,116,108,73,95,45,94,70,38,30,66,33,66,71,26,75,67,72,73,43,49,43,58,65,70,73,86,96,68,40,42,44,70,60,71,139,37,68,53,60,47,58,65,104,42,87,44,50,56,90,31,46,94,77,63,58,60,45,52,49,75,51,53,37,68,56,79,98,69,74,70,141,62,43,86,37,64,92,60,36,39,57,27,54,108,58,57,81,68,81,41,52,91,68,43,60,73,52,64,94,64,51,46,56,73,76,64,44,29,82,44,64,36,38,65,64,27,35,53,57,100,75,79,61,56,51,93,42,30,11,39,28,33,33,67,92,58,28,41,39,57,98,50,80,51,89,43,77,62,88,77,65,95,72,57,67,29,69,65,57,101,65,83,57,70,53,56,61,78,49,58,62,37,42,46,72,50,126,104,44,78,61,67,41,68,98,65,89,48,58,71,74,114,104,55,52,64,56,52,40,89,51,48,53,41,62,64,59,51,64,79,42,81,97,72,83,59,46,54,50,57,92,58,64,45,72,83,44,69,99,46,82,58,63,65,87,58,66,45,71,55,40,67,58,19,29,49,37,59,53,87,48,81,55,37,36,95,63,43,77,43,67,39,53,49,75,61,24,73,65,59,84,37,42,38,65,79,76,16,64,51,42,79,74,54,66,84,78,88,88,71,46,81,47,49,81,56,35,69,59,83,85,66,79,74,54,49,54,37,45,39,69,80,45,93,87,95,41,42,74,50,63,80,84,82,81,62,54,47,76,72,49,48,40,71,63,27,47,77,70,47,65,60,79
125,71,151,133,99,82,109,192,143,115,119,68,55,84,96,133,173,100,98,65,74,68,86,166,109,106,74,110,118,82,39,83,36,79,87,56,123,112,148,133,106,134,147,125,164,116,145,172,83,163,154,57,128,227,159,165,65,134,68,162,77,93,157,138,144,117,110,51,190,101,117,101,150,76,65,111,178,105,201,116,172,88,58,134,141,110,117,111,118,142,120,82,141,107,166,140,71,155,82,164,114,155,105,92,79,97,64,119,149,174,186,43,86,100,151,81,64,71,93,139,72,51,154,103,101,127,72,96,124,113,125,133,129,132,164,104,76,254,92,114,123,77,123,93,102,131,206,113,108,119,102,95,90,143,145,100,82,138,129,61,54,75,103,109,135,100,108,85,132,135,91,148,124,74,159,71,98,70,119,107,117,103,101,134,88,229,202,95,114,101,87,77,155,113,110,143,64,43,124,149,121,143,72,187,184,189,89,192,57,190,177,141,160,55,120,88,186,182,99,53,114,151,134,122,74,79,92,106,99,106,117,81,142,149,92,98,75,100,74,91,158,93,94,166,84,106,95,69,175,185,324,189,226,114,179,294,358,245,293,273,424,206,157,168,402,152,249,282,253,237,177,288,305,225,229,372,408,170,214,183,165,226,127,130,113,252,55,124,295,255,233,220,188,136,112,160,200,125,92,100,191,222,68,56,66,63,45,47,37,55,104,79,63,52,72,38,86,55,53,43,67,68,70,77,66,43,46,50,33,71,49,54,78,120,95,113,72,146,61,168,152,102,105,143,156,131,64,76,85,132,140,106,144,98,107,68,115,122,86,216,129,102,192,118,100,160,70,144,122,133,147,106,82,161,127,97,134,133,81,83,58,122,127,78,90,115,138,74,50,107,157,101,166,97,136,96,142,77,101,116,165,201,137,140,162,105,56,105,46,91,91,84,114,111,184,58,127,169,78,258,103,100,118,141,144,64,65,93,173,67,136,74,97,79,190,84,122,158,95,184,142,125,62,55,56,76,65,114,82,83,136,95,50,89,78,176,92,157,145,122,180,173,53,277,192,128,96,138,113,129,125,157,104,137,85,138,87,82,155,225,119,62,130,64,113,143,142,153,110,146,107,91,73,227,61,77,66,82,175,76
80,58,58,86,114,84,82,113,145,102,61,50,80,100,64,134,42,90,80,152,81,65,79,43,136,99,79,78,112,142,56,93,84,52,89,78,143,78,135,59,54,90,122,99,125,90,67,63,74,63,114,70,115,89,65,46,70,150,67,91,91,107,91,80,52,89,116,51,80,58,103,71,80,63,65,96,128,67,121,64,106,62,56,148,75,54,96,98,81,93,114,58,66,108,103,117,119,80,40,85,69,115,114,102,103,64,52,43,103,61,93,117,93,87,104,59,62,52,72,36,56,75,108,76,100,99,140,101,146,98,92,101,69,63,67,68,148,71,48,188,101,98,82,78,87,128,136,94,84,77,65,104,81,69,95,107,101,65,142,118,55,78,89,97,52,101,101,110,101,36,66,57,108,104,59,67,81,70,67,121,96,88,129,61,74,84,120,78,85,71,119,36,130,21,119,88,75,114,81,99,102,65,44,151,62,188,102,76,89,97,76,100,87,51,88,60,108,54,149,79,102,80,122,128,75,45,82,91,84,79,92,73,72,91,100,99,122,95,119,142,79,83,86,145,137,68,85,147,199,130,73,207,250,147,147,215,212,207,190,121,134,155,229,189,260,180,161,197,198,143,197,132,164,105,187,281,146,150,177,162,367,159,192,248,184,199,82,123,145,151,172,217,157,148,83,201,117,144,80,149,226,65,28,65,32,24,55,35,41,76,48,58,49,40,31,55,69,53,58,35,41,49,23,32,55,54,43,54,50,36,40,57,38,115,58,107,128,163,105,84,94,133,103,74,67,100,140,110,89,86,122,140,78,62,94,159,110,70,110,103,79,99,85,41,83,80,45,67,172,85,54,51,127,114,51,32,114,122,100,71,117,67,77,52,59,107,114,88,77,64,125,155,53,100,104,66,82,100,106,52,94,98,94,88,120,113,85,44,70,28,95,185,73,110,98,116,57,86,132,78,34,70,121,92,112,76,141,103,60,110,86,50,105,77,83,93,51,43,159,78,116,94,91,84,89,84,137,62,73,48,76,58,101,77,90,54,103,32,69,76,50,97,96,107,84,94,83,60,85,99,93,133,46,148,50,114,90,48,50,76,54,128,67,93,134,60,91,48,86,85,102,70,58,91,74,71,74,109,82,93
44,47,81,35,58,47,81,55,117,34,107,60,111,124,129,108,74,90,136,55,106,105,99,45,62,53,94,99,148,116,89,137,63,86,71,112,92,39,44,166,102,62,137,116,85,144,110,68,63,104,76,115,86,123,43,111,99,45,116,79,135,118,84,100,68,106,77,100,116,106,76,69,60,72,54,44,115,98,101,121,112,55,89,56,174,124,101,57,113,136,47,71,129,57,82,85,89,90,83,39,70,106,63,104,54,112,77,111,94,160,28,107,169,60,130,96,117,37,84,110,168,81,85,62,78,83,103,57,105,94,65,137,133,66,71,81,84,109,35,64,44,86,191,136,89,88,81,46,79,54,72,81,68,108,65,66,105,89,61,75,94,100,100,76,68,151,58,132,134,106,126,120,63,110,63,59,122,46,67,103,81,134,125,86,106,119,91,100,189,91,93,53,67,117,82,108,95,80,139,88,72,71,55,78,103,80,74,60,53,105,56,55,157,65,107,61,44,28,106,122,91,94,85,107,64,39,50,100,67,134,126,39,131,106,105,67,67,109,63,139,161,148,101,69,67,87,135,116,54,94,47,70,98,56,71,132,106,58,80,72,105,93,84,90,76,140,116,119,104,117,111,69,102,108,83,83,101,72,123,123,50,71,93,98,49,102,95,117,76,80,137,110,107,97,43,100,160,78,100,85,77,106,208,71,123,50,58,84,136,105,68,52,80,61,70,35,66,54,81,152,109,119,41,95,72,77,34,56,61,55,50,72,95,64,68,95,65,50,68,63,41,46,90,49,51,110,63,79,35,38,38,52,65,53,70,45,111,73,77,45,162,37,130,55,139,88,70,45,92,120,157,89,106,94,58,101,107,109,116,64,86,130,129,92,86,112,95,97,72,82,91,88,110,91,120,61,78,135,53,63,138,104,71,74,81,72,103,103,59,49,46,80,104,38,107,83,106,122,63,66,87,83,165,88,162,99,60,66,71,55,96,140,46,88,138,140,40,93,178,138,59,160,75,140,109,97,127,122,85,53,62,56,124,129,64,159,146,151,155,144,93,181,239,120,91,140,62,168,104,152,163,156,67,116,98,178,222,105,136,136,72,130,131,85,120,103,115,120,98,188,115,64,106,65,131,161,140,51,67,65
79,41,53,92,72,79,61,87,38,75,122,78,58,84,87,46,51,67,87,75,82,44,71,84,61,56,79,115,84,63,117,83,66,43,65,73,49,39,112,85,81,113,94,61,59,33,85,75,72,93,48,70,66,61,41,73,81,110,68,53,46,89,45,28,53,80,118,101,43,95,83,44,101,113,38,64,56,57,97,114,83,75,98,115,44,70,37,47,48,52,42,48,47,46,66,67,40,27,75,63,66,106,30,33,42,87,58,63,75,77,70,82,29,63,42,25,46,50,140,77,97,61,83,71,65,92,72,82,30,66,65,76,83,119,90,83,67,100,66,48,55,53,63,68,62,44,89,89,72,55,55,80,83,79,56,71,50,49,78,62,60,85,57,57,67,37,61,55,56,77,80,118,58,73,87,93,33,95,69,82,107,55,75,81,89,127,67,50,89,131,59,93,137,93,70,87,43,66,71,85,91,76,72,50,95,104,47,49,54,97,49,57,74,98,103,70,63,47,80,82,51,33,45,59,55,37,74,90,75,95,64,36,102,53,79,80,67,79,57,62,115,60,63,56,40,60,49,59,40,65,75,43,52,44,119,116,75,34,50,90,68,93,75,134,67,116,42,43,104,85,48,43,54,24,27,101,84,56,44,116,102,82,37,60,41,35,41,23,21,37,39,83,43,109,39,63,67,115,80,58,59,42,97,74,51,82,116,60,64,73,47,46,29,88,49,65,85,86,80,96,60,64,82,38,44,47,37,96,89,64,66,41,28,164,83,53,49,65,45,58,44,58,27,110,109,95,104,83,57,78,73,118,99,112,43,49,92,56,63,86,35,51,46,57,74,47,72,24,87,79,60,66,39,68,133,68,63,42,89,60,42,81,56,101,45,60,117,33,84,93,46,76,41,60,37,77,87,85,73,76,72,86,50,68,69,60,61,62,53,93,48,62,84,72,75,48,64,90,96,80,66,61,71,80,54,55,42,69,56,88,37,36,66,57,55,106,33,96,77,73,61,110,53,97,101,85,61,86,88,88,64,43,80,41,51,48,45,61,52,36,56,107,57,66,78,72,40,62,91,65,100,61,59,99,57,71,70,36,95,67,77,66,69,90,56,91,93,89,81,76,60,37,42,29,51,73,76,119,59,139
99,141,209,75,76,98,72,60,92,111,161,157,212,141,113,73,71,93,110,96,119,130,123,95,118,57,74,132,72,107,65,135,186,80,187,48,130,169,128,46,74,73,72,66,90,112,125,137,106,90,80,88,136,118,79,110,119,123,80,98,86,91,114,85,120,155,167,117,63,57,120,118,142,112,67,127,73,51,118,82,99,105,97,59,61,121,63,67,143,100,90,99,80,118,137,92,71,188,133,110,91,91,98,96,85,62,96,137,136,129,127,68,105,84,83,96,90,83,126,102,97,115,68,88,106,85,112,65,90,158,146,90,99,110,140,41,70,99,81,169,167,138,126,126,104,100,150,123,122,134,141,69,65,98,98,98,65,169,115,161,112,47,67,110,74,104,75,159,117,132,137,91,94,93,191,104,92,92,121,81,148,85,109,86,89,119,114,77,146,118,62,142,81,103,129,55,90,130,76,139,118,96,103,89,111,171,119,114,120,94,90,42,97,138,185,53,142,86,122,119,93,64,73,151,45,90,133,100,75,99,134,79,146,113,82,77,80,146,67,117,156,130,94,88,111,151,79,167,88,181,116,105,140,143,162,69,90,131,70,134,71,64,160,87,59,132,89,165,99,134,118,92,88,139,95,110,112,135,100,132,89,210,81,110,42,57,49,25,52,65,169,190,107,113,119,71,229,85,122,98,97,129,132,82,152,80,53,69,125,82,105,45,118,78,192,139,72,85,73,54,145,94,97,51,100,143,117,75,85,134,84,97,136,96,258,99,140,50,104,113,80,107,145,184,100,187,82,68,117,50,106,68,165,61,64,142,250,113,51,97,121,126,149,181,133,60,131,112,109,99,79,167,59,128,134,100,139,132,133,156,97,237,110,119,89,68,89,102,85,104,106,154,102,149,48,111,106,36,112,81,75,71,104,155,161,118,77,92,79,172,58,76,79,61,85,108,104,94,138,176,109,124,93,92,65,75,51,73,80,93,165,92,117,124,91,97,49,85,97,120,89,154,118,84,119,133,88,140,109,122,78,53,86,102,70,166,92,55,111,84,75,176,149,70,96,72,70,94,76,127,109,220,99,148,120,116,78,93,108,86,94,117,130,102,105,146,76,148,154,94,63,140,123,39,62,156,112,92,74,147
92,107,164,149,161,128,173,120,112,100,153,235,131,100,120,142,88,152,135,88,118,121,109,96,136,108,169,107,117,155,100,67,128,251,121,141,136,164,100,89,72,174,65,176,96,97,127,85,84,210,103,148,149,148,162,154,166,147,116,104,116,105,150,96,151,138,144,160,132,107,117,115,110,143,86,114,91,127,127,179,126,81,78,194,91,104,80,149,131,66,85,64,143,150,85,120,148,182,118,177,31,140,158,113,128,103,120,169,84,108,132,124,110,145,142,137,91,188,161,140,130,95,61,109,74,142,198,98,174,145,106,104,163,84,142,90,114,86,87,166,92,67,144,133,136,79,122,118,134,132,102,85,100,167,103,130,133,57,103,229,117,90,141,127,184,136,150,112,73,131,162,101,68,115,91,75,92,107,100,119,161,157,118,122,236,144,160,151,141,156,53,155,152,160,97,133,89,98,85,122,103,259,197,120,86,174,148,132,198,99,122,100,71,182,70,116,132,69,122,132,100,161,124,144,142,180,51,150,87,154,124,134,73,122,153,116,98,100,105,137,73,149,152,190,79,43,49,140,96,101,95,36,142,127,137,138,75,136,61,112,167,195,132,140,170,103,114,140,88,84,138,129,114,179,101,154,62,221,131,149,114,128,169,73,59,58,68,79,44,80,121,106,142,157,100,141,69,56,88,132,108,74,82,109,132,104,131,103,78,109,150,177,129,117,58,108,124,73,84,76,139,78,127,128,124,194,121,107,84,78,142,137,176,281,178,130,125,89,85,169,117,146,105,237,136,63,78,130,147,94,68,63,78,201,84,115,60,63,95,101,182,126,149,149,105,105,102,112,112,67,181,167,164,145,96,96,186,58,169,72,107,178,150,65,219,128,82,132,131,122,225,92,138,170,144,98,105,78,132,109,73,125,83,128,162,174,90,124,153,108,178,93,167,77,109,104,144,106,120,173,128,81,133,74,198,114,135,162,122,85,155,123,81,256,141,83,109,164,93,142,108,131,65,137,95,133,116,81,132,97,106,153,128,140,99,189,197,79,68,212,120,88,80,176,74,43,134,230,154,95,86,112,171,129,58,106,118,109,147,129,162,93,129,134,127,109,158,153,86,127,130,112,82,174,72,123,182,78,188,92
200,163,100,241,159,140,97,170,228,122,143,100,224,74,213,163,204,142,150,251,230,117,131,294,90,145,270,289,137,135,137,83,185,145,118,174,206,168,220,124,229,121,138,123,156,162,111,142,92,185,194,126,266,199,167,166,166,162,228,246,129,172,98,168,200,200,252,152,230,173,259,124,168,183,203,195,181,110,115,284,125,190,123,215,127,105,142,281,141,274,97,115,110,176,226,201,120,203,185,145,224,191,234,86,171,137,172,160,208,126,220,277,218,158,175,173,235,194,90,151,123,159,228,128,163,106,129,453,265,165,233,210,198,186,133,111,142,200,129,176,245,201,98,158,209,263,171,151,197,164,154,366,187,92,179,112,139,190,81,304,89,142,133,146,133,211,192,132,127,124,168,117,167,264,256,143,149,219,174,268,206,219,273,126,179,114,247,237,184,154,222,118,155,187,204,164,164,234,153,152,168,162,163,320,267,146,43,175,131,152,48,276,172,283,179,230,270,86,166,106,148,95,282,221,281,245,96,110,129,181,200,275,186,132,109,240,122,268,217,175,180,103,215,99,102,142,126,352,135,110,136,182,168,131,194,214,100,352,66,132,155,133,155,234,177,221,74,115,122,224,119,119,183,132,123,148,290,203,151,102,159,259,160,235,59,65,122,96,71,56,296,160,160,156,148,141,230,110,205,133,323,221,154,177,174,189,163,174,67,110,178,174,137,80,67,185,81,189,324,139,74,159,221,192,91,196,388,238,204,161,194,222,114,444,160,154,145,205,127,197,103,179,158,166,141,149,127,227,135,180,128,202,145,160,232,268,181,380,87,50,161,129,89,131,355,190,127,203,183,118,268,307,201,137,138,207,128,217,168,225,201,175,176,153,290,168,153,75,155,203,135,164,170,101,74,154,171,203,121,140,209,232,251,143,182,133,149,210,273,319,138,255,136,162,175,127,191,172,143,132,163,200,151,145,165,174,234,182,129,275,188,196,116,105,214,118,176,246,199,222,184,211,225,184,108,185,185,159,135,305,132,130,166,248,266,126,141,174,129,122,238,152,209,187,254,224,201,120,114,221,275,190,104,138,188,206,207,136,182,143,164,202,168,110,109,171,163,203,150,220,98,134,215,288,99,131,314,70,337,186
148,365,236,382,195,149,260,284,239,232,171,303,241,232,178,148,170,240,294,272,202,223,237,200,262,261,237,236,190,181,163,273,176,204,251,77,201,145,244,200,178,147,328,59,215,238,326,343,146,202,210,229,280,468,126,263,227,213,192,207,304,373,277,121,232,229,409,224,266,173,187,268,217,170,248,107,357,293,221,212,181,155,270,178,153,267,365,193,398,283,235,147,147,140,193,285,87,174,318,166,186,158,312,122,334,197,146,103,150,251,207,190,217,126,178,185,304,283,396,112,331,223,93,226,253,206,148,252,108,216,248,311,183,199,300,115,347,287,227,261,102,319,297,245,276,263,377,304,334,249,259,312,260,291,285,254,227,185,173,184,244,157,161,312,202,262,183,226,351,199,210,164,201,460,188,194,208,150,262,262,178,282,158,103,175,219,149,173,212,112,302,153,267,240,356,269,264,193,117,157,321,204,160,268,322,199,210,270,223,369,108,177,138,192,250,308,295,145,301,275,311,212,241,233,185,186,159,236,291,219,106,176,239,301,334,275,254,224,153,216,368,159,178,223,229,320,251,227,191,274,160,261,131,209,223,288,265,215,286,202,54,291,241,161,266,210,245,267,238,188,250,150,303,313,324,141,325,214,325,142,177,203,65,232,103,107,103,196,46,97,163,154,134,267,260,182,199,266,218,217,242,224,580,274,259,263,155,251,117,303,105,207,140,328,322,316,249,257,294,262,247,159,236,151,179,365,254,162,206,255,223,135,138,412,424,182,221,124,120,135,122,343,234,221,259,288,237,305,158,259,205,109,203,308,201,264,142,340,315,434,97,196,191,198,294,276,221,226,194,221,215,203,159,107,346,243,268,233,130,427,252,238,138,176,279,254,232,205,220,64,175,225,241,202,217,176,269,79,205,182,297,327,403,191,172,113,141,225,205,176,577,224,254,320,174,206,271,276,328,413,364,238,258,255,233,233,383,167,200,315,246,218,198,211,352,215,125,179,202,134,170,208,210,271,128,183,202,259,263,279,411,182,195,133,222,162,188,104,229,406,320,349,181,283,198,307,197,285,278,96,299,229,217,330,187,219,419,236,267,141,182,296,183,197,380,188,96,209,265,294,140,152,297,321,200,181,180,213,143,316
143,105,82,145,154,100,97,128,117,117,164,34,71,192,69,130,49,71,94,145,165,172,56,62,123,90,93,124,73,148,92,77,98,143,123,140,93,90,54,193,149,156,134,169,47,158,74,71,151,132,163,90,179,40,79,49,57,83,80,117,117,99,65,119,144,156,73,127,98,116,131,88,59,98,99,129,71,43,87,81,97,129,96,111,189,95,134,100,133,134,58,90,174,71,121,122,100,116,131,84,90,145,94,145,90,58,71,55,61,226,169,124,102,92,86,96,147,123,82,82,155,106,93,127,155,88,51,88,141,113,174,92,130,168,60,110,63,101,77,116,99,83,158,143,69,72,90,195,79,77,122,134,94,111,102,83,125,122,111,104,115,104,149,91,114,148,107,99,64,78,81,219,109,116,112,195,63,81,63,79,127,96,135,80,134,111,62,88,181,171,110,153,123,147,94,124,130,159,109,134,107,88,81,97,57,87,115,65,125,106,110,93,118,116,122,75,34,59,95,66,69,51,177,76,139,119,77,51,142,119,131,82,124,53,104,123,66,138,106,139,103,159,130,100,116,76,134,74,118,116,141,68,52,131,111,112,122,92,93,111,96,168,129,91,77,72,92,175,108,36,125,137,65,82,83,141,170,57,141,82,80,54,70,156,53,37,24,56,45,46,142,157,130,58,161,63,133,42,137,94,149,59,102,98,85,82,86,67,132,119,111,75,130,100,107,183,113,78,78,100,96,137,81,67,113,95,113,79,120,133,126,118,175,126,167,82,154,143,116,88,135,127,102,60,149,103,83,111,103,83,60,141,158,96,60,134,190,125,157,197,43,163,153,168,60,147,75,53,138,129,97,120,86,71,53,156,107,79,147,220,112,66,103,86,168,179,194,125,82,150,118,55,81,109,124,54,101,166,118,113,149,102,166,138,126,179,47,76,108,88,132,180,149,85,54,106,124,45,137,79,104,91,75,144,70,113,103,64,122,95,204,71,71,146,104,94,112,178,120,169,59,111,59,110,209,72,141,77,117,80,133,127,72,85,118,116,100,79,107,129,118,125,108,193,82,76,55,91,88,183,70,91,121,116,124,127,126,127,101,54,88,126,99,95,102,57,139,83,52,84,78,110,124,155,93,123,73,55,103,110
72,94,77,60,96,21,30,37,50,127,55,115,77,50,92,74,91,58,145,91,52,86,63,67,73,110,109,61,71,80,90,62,66,81,43,100,81,74,98,91,56,55,90,80,73,37,114,47,69,63,48,88,96,117,88,156,88,43,47,101,78,32,67,54,81,75,68,83,102,52,73,82,83,57,58,99,48,74,66,85,80,115,59,55,70,169,34,53,84,28,64,70,40,87,89,68,49,121,83,66,45,77,62,101,89,108,67,54,73,95,90,70,74,81,49,47,108,69,52,40,121,72,18,63,65,52,76,109,63,45,51,100,77,93,77,38,92,34,86,70,111,81,127,33,68,95,42,61,58,108,41,54,70,50,82,82,77,102,89,91,99,64,88,66,42,114,76,64,58,147,87,77,93,66,62,86,66,36,55,47,70,38,31,78,43,88,93,59,43,60,49,36,101,103,94,105,58,50,87,48,42,67,58,71,58,52,48,48,60,56,80,35,76,54,36,46,103,75,93,73,59,97,104,57,42,144,37,46,51,31,89,53,72,101,37,82,63,93,82,78,108,32,83,89,88,79,76,48,105,80,64,60,156,89,53,33,68,104,55,106,55,123,79,82,90,48,54,66,87,73,133,53,47,97,76,62,90,82,54,87,87,88,48,68,31,33,34,18,33,42,68,89,82,59,62,111,86,46,72,103,36,89,78,83,77,62,84,62,62,43,47,101,65,48,45,71,44,89,70,80,45,21,42,78,98,29,49,82,52,89,45,77,73,139,192,108,101,72,57,59,53,45,40,54,112,119,97,51,34,75,98,81,86,66,84,32,72,68,87,46,49,108,86,49,51,61,64,60,72,86,108,94,72,100,71,51,107,56,66,87,64,49,82,70,75,67,40,42,56,107,70,69,97,43,54,58,77,77,110,56,114,130,53,126,136,70,47,46,48,74,44,48,104,91,99,39,55,44,55,106,139,63,82,119,79,78,86,99,107,60,58,51,47,47,54,92,76,59,90,113,41,70,52,131,44,61,56,50,39,93,44,62,89,54,49,125,63,37,112,40,57,78,88,68,63,76,64,50,79,58,50,47,54,51,51,44,78,66,73,99,76,110,90,75,65,81,71,56,103,32,67,68,48,87,65,41,96,64,67,92
66,31,88,49,23,44,99,70,49,60,77,63,59,71,27,47,28,48,56,73,36,26,50,55,83,33,38,59,73,45,58,51,47,52,55,44,75,57,48,55,27,65,41,44,47,68,28,56,55,49,51,39,68,67,71,52,82,60,46,51,27,32,35,37,47,52,48,73,60,27,63,59,50,59,50,53,31,48,36,47,124,54,71,34,45,43,32,35,65,48,44,108,22,38,53,51,37,66,55,81,51,49,94,118,51,67,47,51,84,42,38,63,39,61,38,84,28,35,30,73,58,18,41,42,55,91,84,31,43,39,52,46,58,45,38,27,42,59,50,58,99,58,54,34,86,55,53,55,53,63,52,35,34,33,46,54,96,69,42,102,48,38,24,25,91,30,60,35,60,50,41,42,13,72,57,52,40,67,56,47,26,48,38,58,28,48,66,83,61,84,47,35,30,52,29,39,52,55,76,42,78,56,39,54,35,64,85,71,36,24,25,72,42,47,69,78,57,24,57,94,75,45,60,20,67,66,35,55,30,35,44,32,64,70,38,48,50,28,89,56,65,61,56,59,74,56,89,47,28,43,41,26,60,37,63,41,46,49,53,26,74,64,40,59,53,46,27,65,29,85,37,43,52,102,58,75,61,71,56,57,50,39,38,38,15,22,12,23,39,15,50,38,43,52,48,79,55,40,39,53,34,51,47,60,53,35,53,22,46,56,42,35,52,51,65,43,54,23,85,64,47,51,34,31,47,46,54,45,63,53,57,52,53,108,56,21,33,46,30,33,79,53,60,44,90,102,39,41,51,25,73,47,51,54,37,32,98,49,49,45,49,42,74,74,50,63,68,44,99,86,29,51,69,37,71,78,42,48,82,16,34,54,34,55,29,59,26,70,34,50,35,52,26,26,33,76,53,57,42,64,78,59,41,75,106,53,94,29,62,50,44,43,60,45,48,43,46,38,58,48,39,57,35,77,104,63,54,86,42,34,25,40,28,55,35,35,70,33,51,52,35,54,16,49,65,30,69,23,20,43,60,105,46,43,47,35,57,40,50,33,57,44,34,49,28,67,54,59,74,37,40,56,38,63,66,61,45,74,64,32,38,66,34,18,65,50,31,66,24,53,86,34,20,63,42,34,46,41,30,46
77,96,95,52,159,91,146,133,76,146,113,108,91,76,74,39,131,83,132,73,121,114,117,69,76,63,138,167,86,108,96,151,228,82,83,69,36,115,81,76,58,101,135,95,88,158,45,92,109,158,76,92,111,88,162,66,116,79,125,51,82,122,156,63,62,70,64,81,102,153,86,44,132,82,70,69,109,156,73,71,94,107,72,126,157,119,124,150,94,100,206,48,164,192,155,45,74,96,114,156,167,123,138,111,84,111,89,155,112,104,106,149,99,116,43,75,84,101,102,128,78,75,137,114,141,94,66,95,94,150,58,73,57,119,115,59,120,54,84,121,129,94,48,81,96,70,182,57,105,151,120,86,109,110,48,40,102,106,115,91,85,88,107,74,95,132,95,88,40,195,91,90,42,88,98,66,140,135,72,145,147,112,75,136,87,138,163,100,93,83,66,108,107,121,100,149,128,61,62,99,104,83,93,153,54,153,90,143,134,179,115,122,120,112,103,69,101,94,84,76,110,112,74,108,142,108,79,34,166,89,139,92,82,137,115,99,92,109,123,52,71,33,88,113,128,90,131,100,124,65,82,112,77,109,195,129,114,66,122,125,76,84,76,106,84,71,69,51,107,114,97,109,49,88,113,56,64,132,102,123,106,40,80,89,20,58,61,68,43,39,85,104,98,84,126,126,87,72,95,67,150,51,176,120,115,93,60,104,78,132,85,137,58,68,59,138,84,55,80,120,111,102,174,55,89,69,136,68,117,57,147,137,86,214,148,68,43,114,69,113,89,102,160,203,64,89,106,55,105,97,106,82,104,149,150,141,128,97,69,162,163,128,74,167,85,81,93,105,93,96,51,103,92,71,140,42,61,151,128,65,83,73,61,108,115,128,76,72,94,67,81,69,165,149,123,86,74,171,87,152,84,91,93,101,43,102,123,109,97,137,53,80,170,131,106,164,102,155,83,89,85,109,64,85,84,95,134,152,88,67,102,110,159,142,64,110,123,119,97,92,67,130,120,40,104,138,91,61,117,75,102,104,133,91,82,101,169,119,140,172,61,71,130,171,55,127,115,39,75,102,63,89,91,120,97,123,92,87,147,97,85,113,146,83,117,156,82,148,122,110,89,125,106,117,67,160,60,91,86,169
132,147,52,100,45,91,34,63,67,64,92,74,61,97,119,85,126,49,83,69,126,69,104,73,47,87,46,58,52,78,96,115,57,56,46,95,76,62,61,77,71,45,104,57,78,85,80,43,75,102,87,115,70,48,79,90,64,111,35,29,91,50,75,64,71,90,89,77,84,57,117,133,58,96,132,100,79,74,61,93,67,78,86,49,101,66,68,49,47,42,45,55,86,90,54,93,85,46,132,22,53,62,62,44,50,71,80,50,85,86,93,50,141,83,51,77,74,86,70,95,57,85,42,43,94,44,54,42,110,80,113,86,30,56,83,77,57,31,71,72,66,28,112,50,105,79,71,98,68,72,79,45,58,31,107,73,147,91,59,46,158,135,72,101,148,78,84,67,86,60,77,71,70,97,78,46,89,92,94,119,73,50,101,88,84,67,39,85,91,62,40,47,70,71,85,45,74,52,67,78,52,90,46,48,61,45,67,37,69,104,97,100,80,75,61,107,66,97,83,58,62,61,66,84,69,72,29,63,27,119,58,44,104,105,59,45,49,79,86,137,41,87,62,79,108,91,63,62,148,136,101,90,218,204,161,179,172,213,112,120,171,160,189,148,113,160,132,147,226,92,66,217,79,85,176,110,211,220,122,112,74,200,102,69,50,86,123,68,108,108,123,143,115,99,122,116,125,111,107,106,150,110,32,17,22,43,33,43,32,62,33,69,26,37,42,22,48,37,31,30,48,29,42,19,62,36,36,29,33,34,18,27,41,86,77,69,56,59,104,75,84,68,109,92,119,84,120,103,73,67,133,131,63,82,128,51,87,53,46,92,131,137,70,55,36,33,67,125,71,58,72,95,49,95,37,53,69,67,124,82,99,136,104,77,84,41,70,66,128,42,147,51,51,124,36,72,112,107,58,79,63,108,96,96,89,126,68,85,69,84,71,56,70,69,56,113,126,72,64,37,90,108,107,102,113,81,38,72,86,105,49,104,55,72,77,67,71,64,36,63,121,59,39,116,43,42,109,148,108,65,87,65,56,174,70,47,99,77,88,87,68,69,89,94,121,64,72,101,103,115,86,33,48,71,68,59,65,77,64,96,71,91,32,42,70,45,97,91,82,98,52,79,98,115,69,65,32,87,60,71
66,47,44,90,100,93,84,103,74,75,82,117,82,50,65,117,46,76,62,96,91,117,108,97,89,140,47,89,100,87,81,50,83,104,160,73,86,61,141,85,112,116,137,133,76,39,66,75,66,66,85,79,94,92,77,49,77,53,98,62,58,92,58,100,51,111,159,69,92,53,59,78,131,58,59,102,84,89,61,60,66,73,60,135,140,100,88,100,127,71,48,120,99,121,91,107,100,47,94,113,93,62,70,82,93,78,59,61,81,105,116,70,120,114,80,78,73,47,77,103,89,53,78,93,94,49,66,82,85,131,73,143,119,73,96,37,51,70,102,79,47,68,83,90,84,144,107,72,76,73,47,36,82,79,62,135,45,111,66,129,114,108,67,70,95,70,77,62,72,110,77,112,59,71,94,73,103,82,94,77,85,46,69,103,53,72,77,79,56,44,76,170,83,45,91,91,75,37,89,87,101,85,107,39,60,73,53,62,98,73,79,74,148,70,83,62,84,159,71,108,52,80,64,105,54,69,77,76,70,26,86,120,49,57,61,67,90,73,123,87,82,63,131,116,103,161,83,64,158,92,97,127,180,152,245,221,219,72,236,188,279,150,247,343,148,155,200,112,201,139,118,165,154,150,171,149,263,135,129,172,214,154,198,219,74,85,108,128,125,208,94,118,91,131,167,75,143,83,196,178,134,166,40,52,29,47,48,49,46,41,55,37,54,60,29,26,34,38,29,40,58,32,24,29,24,27,66,55,34,21,33,52,51,58,84,70,95,53,72,38,80,122,65,140,42,72,78,77,145,114,104,117,85,81,65,100,66,43,53,115,96,98,72,105,86,127,74,87,57,100,84,95,101,78,123,114,73,74,18,47,51,49,71,77,81,69,40,45,82,73,61,95,54,101,78,86,137,62,136,50,77,61,54,66,93,85,92,84,127,74,66,60,73,61,82,77,124,60,67,34,88,95,94,72,74,71,70,41,51,89,67,82,81,63,82,72,65,172,71,41,28,54,67,49,121,98,63,84,37,36,118,57,42,87,161,28,74,83,66,40,52,89,108,68,63,98,78,103,63,90,80,60,110,93,111,140,86,167,73,113,74,84,72,141,81,69,50,126,87,95,64,135,54,65,109,77,75,95,118,102
120,120,64,66,93,104,95,68,57,84,66,86,108,69,44,136,67,101,90,73,53,65,96,91,135,85,35,72,78,110,120,84,115,49,91,74,57,67,60,111,81,60,57,47,57,49,102,67,47,91,63,54,103,68,85,74,108,84,98,71,93,89,41,56,57,60,84,47,64,143,99,108,68,70,139,108,74,58,105,77,70,122,117,85,71,84,97,46,89,66,28,99,74,49,63,46,75,28,89,85,87,93,100,72,65,58,102,58,50,87,75,113,107,73,108,103,54,77,50,114,80,70,83,61,60,86,67,51,87,67,81,62,61,88,115,59,92,33,53,66,75,105,112,62,77,81,52,107,56,81,121,82,42,90,59,78,83,70,140,64,129,70,171,64,39,83,96,120,63,91,83,121,64,118,97,68,27,67,116,87,69,75,66,86,86,110,67,167,93,55,112,62,127,50,116,67,61,114,55,82,63,64,16,71,73,54,71,86,83,57,89,63,53,61,94,111,62,85,115,116,63,47,114,90,114,61,186,27,78,100,124,45,35,81,131,72,75,88,71,135,61,55,86,93,97,59,88,114,104,105,53,72,95,72,65,44,63,88,50,144,65,116,122,105,28,87,81,71,70,98,56,99,53,86,82,71,65,78,82,46,63,57,40,69,14,60,25,62,64,73,74,64,97,95,72,90,82,155,76,93,130,138,95,48,95,111,74,54,81,80,108,75,71,63,104,109,111,72,61,69,186,48,99,78,100,90,49,89,66,86,56,64,134,141,132,85,76,127,90,62,27,65,41,72,81,105,56,125,81,113,80,39,90,89,92,66,99,47,46,77,116,70,103,55,90,92,61,96,56,65,131,87,91,42,88,89,39,64,47,96,69,84,108,71,82,81,86,73,28,110,74,74,45,88,98,87,121,97,84,74,40,97,58,76,63,113,72,84,76,98,120,77,57,46,89,66,140,90,31,66,82,72,75,50,102,139,75,88,74,47,57,163,43,122,86,57,56,74,94,24,102,49,45,68,93,81,61,76,89,80,85,101,72,38,57,89,105,41,108,91,72,70,54,100,64,46,48,68,64,76,109,63,89,77,63,102,76,56,63,107,102,70,84,78,118,34,75,152,81,71,42,95,120,68,66,64,95,68,103,90
108,47,84,57,114,87,135,52,137,90,130,122,73,101,60,78,72,125,80,134,67,75,65,81,64,101,136,53,125,66,115,73,98,81,73,64,67,148,19,119,109,79,90,106,49,213,71,96,135,104,57,80,141,144,178,99,125,105,90,42,96,91,61,106,60,96,53,87,88,112,88,90,162,80,90,122,102,74,128,92,116,88,92,56,63,95,136,82,112,77,118,94,87,101,104,89,97,169,104,43,96,77,107,92,138,105,64,133,129,74,84,105,106,56,146,102,92,167,107,126,107,84,127,83,90,136,110,124,67,153,83,78,74,99,202,56,69,44,137,48,78,126,65,95,95,117,150,89,121,106,77,63,134,125,110,124,66,75,87,81,58,56,95,101,65,64,171,153,77,62,112,42,58,89,88,59,45,71,142,134,87,115,156,118,104,101,91,128,76,87,106,42,97,102,75,109,133,51,99,160,114,74,87,48,67,72,53,78,75,50,71,99,124,94,115,85,93,153,131,113,30,57,86,79,41,143,66,115,72,74,111,54,113,108,81,135,75,72,52,49,70,101,96,102,74,76,91,55,87,44,113,90,111,66,121,62,90,65,72,90,56,65,49,123,97,98,131,117,208,81,69,57,96,65,89,90,71,142,155,114,134,104,99,112,41,55,39,28,54,59,102,63,51,19,58,65,73,76,118,75,137,68,91,31,139,65,82,148,72,82,103,124,90,79,88,84,109,87,91,75,112,110,129,99,147,105,62,120,74,71,79,92,76,157,201,63,107,140,107,48,95,62,133,74,86,73,66,80,114,115,69,70,119,118,168,56,53,80,101,115,76,35,95,127,79,119,35,103,96,112,159,146,78,83,81,93,109,119,96,68,85,40,61,127,58,64,112,86,129,130,130,125,65,70,82,122,59,122,83,118,115,101,121,64,114,37,121,113,84,43,56,71,138,72,72,125,113,85,48,140,126,75,102,76,53,174,120,102,88,137,99,98,131,114,54,63,84,98,57,100,81,86,89,82,85,57,72,28,90,82,105,43,68,74,82,90,78,102,141,65,83,117,78,135,87,109,86,70,160,59,83,109,81,63,104,103,106,57,51,200,57,88,70,151,90,137,96,77,62,61,85,88,69,70,113,93,91,148,115,53
187,86,75,139,110,89,154,221,255,148,235,164,117,196,176,221,165,132,212,129,151,255,157,139,289,119,102,245,142,251,137,220,186,260,369,198,232,232,266,122,126,161,164,128,203,235,150,107,130,162,239,199,229,148,227,212,196,219,252,136,162,188,158,260,145,200,201,209,223,211,113,240,197,159,228,253,187,180,150,180,181,165,154,212,123,225,153,223,293,194,320,222,198,241,234,130,163,102,149,161,179,118,275,143,195,167,339,232,121,296,148,282,243,156,146,218,118,113,106,312,175,183,172,285,207,225,159,262,110,177,201,177,248,219,157,112,38,163,116,221,182,219,151,245,112,178,208,129,129,236,162,176,219,258,122,159,288,135,93,206,312,232,200,100,247,136,201,178,177,208,152,182,234,176,205,202,168,200,159,241,153,226,133,200,324,243,188,234,232,267,261,261,326,158,200,250,101,97,95,308,178,186,290,178,78,168,212,266,180,147,201,272,156,130,269,196,220,301,291,117,232,251,291,240,245,107,281,137,102,282,241,170,150,107,117,164,176,183,234,199,155,164,219,218,179,170,157,121,186,227,178,257,199,226,225,282,272,198,107,167,186,187,304,191,283,272,258,146,129,227,201,183,164,153,197,199,168,213,257,132,175,281,204,187,224,178,125,262,168,212,217,117,161,140,218,226,183,142,193,126,174,283,115,128,284,139,271,300,169,152,72,197,135,345,255,178,108,200,124,161,174,147,208,180,215,119,123,120,250,144,97,190,154,78,116,197,97,76,165,186,184,117,212,108,140,142,170,167,42,147,184,89,136,193,87,180,164,161,95,178,144,258,180,162,187,120,245,166,246,92,269,186,179,166,214,199,277,93,202,163,164,146,168,226,229,117,172,73,244,182,196,201,183,205,171,265,147,121,126,146,148,209,184,175,257,172,285,202,134,165,209,151,183,199,149,122,199,114,153,229,199,142,125,222,202,195,137,218,156,214,312,204,242,74,146,185,162,231,137,206,251,155,252,101,133,189,222,155,271,190,152,149,186,330,226,237,300,224,357,329,166,421,223,94,270,257,193,157,180,246,235,231,463,219,157,297,336,242,245,180,291,323,166,306,223,202,140,237,240,171,253,224,366,358,262,152,321,98,243,323
54,110,132,113,82,118,148,92,133,114,111,176,89,84,51,93,197,154,51,132,51,105,60,60,83,102,68,109,94,108,107,96,65,45,63,72,77,98,73,80,99,115,100,99,43,158,57,102,108,150,137,94,101,67,104,132,129,80,78,114,143,79,149,97,145,99,102,79,120,154,61,119,82,46,92,68,94,118,49,78,45,82,106,108,115,165,90,93,98,97,79,107,65,95,43,142,91,98,119,114,71,87,66,59,86,109,128,71,78,59,105,131,94,96,81,74,86,108,54,74,128,102,101,116,134,66,128,122,86,94,108,102,86,182,111,92,106,177,151,59,52,151,75,122,107,68,164,108,83,113,75,100,114,93,101,103,107,133,88,93,135,103,60,113,145,126,146,71,126,104,177,105,82,151,163,156,144,98,118,94,92,90,82,122,101,81,105,107,107,76,67,54,136,51,100,43,136,62,148,99,109,54,83,71,63,49,86,43,111,201,76,71,97,94,84,75,75,92,100,89,111,71,109,65,156,121,131,89,90,133,114,114,142,111,66,114,127,77,70,71,107,125,61,60,62,120,91,88,103,189,138,113,75,114,84,116,64,60,111,107,70,65,67,100,126,89,124,115,118,57,169,100,104,83,88,82,66,65,99,101,71,122,96,102,45,32,117,30,37,44,149,84,114,127,135,68,81,72,48,56,145,101,107,145,83,121,124,145,103,97,168,117,95,85,119,100,159,85,100,129,107,85,76,111,157,91,101,81,73,104,143,122,121,153,159,150,79,108,112,77,58,189,185,142,136,106,122,103,52,85,92,94,89,83,103,93,91,121,120,54,111,166,48,55,107,71,89,93,104,50,117,237,81,48,158,115,79,138,118,78,97,132,106,132,99,135,169,111,117,119,139,85,128,119,74,104,130,100,109,133,103,111,106,78,83,139,92,172,119,100,120,145,149,120,109,99,121,68,87,66,144,74,102,71,103,122,73,51,125,48,50,149,121,101,105,114,109,99,76,83,66,149,107,182,55,128,79,69,173,65,139,79,159,110,137,148,78,51,63,55,141,141,87,93,49,77,77,63,91,111,126,178,93,115,84,89,125,115,149,139,59,77,58,105,74,87,126,110,131,75,92,84,77,92,213,55,107,68,112,208
75,77,117,155,140,70,84,69,79,95,159,94,66,83,93,41,124,71,163,55,93,147,75,54,162,130,87,70,50,78,81,96,115,102,63,83,103,103,96,168,147,71,125,65,84,140,64,77,69,120,97,129,104,128,91,88,73,162,96,71,132,84,60,127,129,44,101,94,76,81,133,120,99,91,97,109,154,58,65,95,97,96,70,83,80,96,46,112,62,103,47,63,130,147,53,99,26,98,67,108,105,148,102,90,155,99,107,96,72,107,111,129,71,51,99,31,99,84,50,79,110,47,85,83,136,108,91,58,73,37,61,92,99,116,46,70,56,78,56,99,72,95,75,114,72,42,70,62,122,103,63,87,73,84,89,59,52,93,66,57,72,82,95,129,76,74,62,94,69,97,97,82,119,72,181,105,69,93,114,89,51,31,133,61,62,146,63,123,66,62,62,99,70,80,98,71,99,133,90,92,131,57,61,118,85,100,124,57,187,106,82,83,69,38,94,108,26,138,116,75,56,45,100,123,46,139,48,148,129,51,59,72,68,94,72,134,105,107,81,118,75,73,77,98,90,99,65,84,90,80,78,95,113,80,96,108,61,63,102,89,95,79,71,123,127,170,131,118,103,102,88,101,114,90,31,80,85,74,134,82,68,109,124,126,58,37,36,26,42,31,95,108,59,100,52,116,68,76,131,60,60,101,98,140,90,101,114,130,77,110,85,101,83,135,117,67,112,68,56,91,130,67,173,134,49,59,101,76,136,88,90,83,97,65,145,91,95,158,160,60,52,102,107,60,91,84,44,62,161,64,61,160,51,59,102,98,71,138,95,62,88,80,52,101,73,109,92,97,60,90,104,152,89,62,116,73,124,72,114,130,106,68,74,93,116,95,124,146,31,171,145,100,71,73,101,221,115,87,125,154,147,124,105,47,66,53,79,64,52,63,105,129,109,115,64,91,31,102,73,80,123,42,111,51,107,102,47,78,94,145,84,50,115,96,156,108,128,100,91,103,138,121,67,101,100,59,124,121,74,124,122,33,57,105,94,95,43,106,78,66,67,83,81,50,118,88,79,136,84,126,83,84,155,59,31,87,143,126,129,122,82,104,107,94,44,113,112,87,87,125,120,78,114,58,93,98,115,105,41,54
90,61,47,73,66,68,40,113,30,57,60,101,71,85,114,57,63,42,74,92,89,59,53,55,40,59,66,58,34,56,64,44,73,104,79,40,69,51,59,67,84,43,92,107,87,161,35,65,142,77,43,41,46,95,89,66,75,85,80,85,46,46,65,81,63,68,90,74,77,86,104,92,86,51,97,43,89,39,51,38,87,126,124,37,45,75,34,64,83,63,86,63,110,43,69,74,49,71,82,83,56,79,73,82,55,88,89,93,111,95,56,52,66,72,85,45,49,83,69,80,94,87,83,57,56,66,76,60,85,29,55,40,51,84,119,63,52,48,63,66,53,44,55,40,43,47,56,91,121,69,76,65,34,89,99,30,63,77,58,59,51,48,74,82,62,54,103,65,89,48,26,40,75,47,76,81,79,49,62,96,39,45,80,85,63,127,77,88,92,52,64,49,35,48,63,59,70,59,69,59,77,62,76,65,130,52,41,74,81,85,63,76,44,64,155,61,62,56,62,40,118,91,68,64,75,66,53,39,48,56,69,91,36,88,63,50,89,60,62,47,71,65,132,58,89,76,72,57,65,76,92,104,40,52,29,73,57,67,42,58,79,58,38,93,43,99,53,63,92,100,57,79,37,62,66,99,31,56,73,81,35,79,61,27,43,34,31,23,30,24,53,135,82,61,75,52,56,59,81,72,61,54,88,96,37,59,56,66,45,48,39,145,130,87,93,54,65,75,53,40,69,87,20,42,80,66,81,43,123,58,111,68,91,168,136,57,59,103,44,103,61,62,82,88,60,64,96,49,81,22,88,58,77,76,58,87,79,44,85,63,72,55,41,132,43,87,80,48,59,80,76,77,75,103,30,61,71,64,41,59,60,69,70,80,71,64,83,61,80,88,61,79,55,43,55,110,104,70,95,75,91,33,92,69,51,78,70,51,54,82,62,59,77,65,75,70,101,97,59,89,69,48,58,86,41,71,75,75,65,69,84,58,27,34,79,31,109,39,85,70,34,60,107,86,75,77,51,71,49,54,27,88,99,50,58,48,58,106,77,108,66,69,26,50,58,43,48,68,85,37,83,51,89,86,50,65,45,77,78,49,132,49,62,78,66,59,69,55,90,72,65,73,112,58,129,76,73,68,44,27
52,38,77,59,71,79,52,77,46,50,53,39,43,57,71,49,40,77,45,43,36,70,41,94,62,31,54,42,43,73,88,72,58,37,35,49,39,69,89,59,147,40,60,53,47,31,51,21,40,79,92,72,43,58,64,37,40,75,37,42,12,35,35,73,60,77,118,56,48,68,32,49,71,37,50,102,111,76,49,24,77,53,94,51,122,54,61,63,75,79,39,60,29,48,45,66,58,83,39,40,15,47,37,48,48,98,48,48,78,67,105,56,48,62,50,35,41,64,62,59,56,75,42,45,55,67,90,62,57,77,50,67,42,69,38,53,96,111,112,56,85,71,80,51,60,35,49,73,46,39,61,59,35,56,85,45,41,70,42,51,47,81,47,24,28,51,52,62,113,37,72,52,75,60,84,102,51,82,59,37,40,82,56,57,54,37,71,64,142,64,23,53,62,27,60,60,54,53,59,44,48,57,31,58,77,52,62,31,40,54,50,43,66,49,59,34,49,20,73,60,63,58,36,92,56,39,94,74,65,59,68,55,78,46,45,56,77,35,29,32,55,27,54,19,61,68,59,48,33,38,44,50,60,22,79,71,43,79,34,84,74,61,27,76,60,33,84,60,39,82,25,38,44,31,35,23,60,65,37,43,55,36,65,84,20,35,31,44,36,19,63,62,115,39,63,75,46,39,56,81,80,56,16,90,119,67,46,69,56,64,57,57,91,47,29,51,44,47,86,46,52,59,64,64,77,66,78,18,52,55,51,59,57,79,117,21,63,42,50,91,32,66,27,77,53,36,80,38,40,53,63,54,84,45,56,43,81,43,27,39,44,71,84,43,48,97,24,42,63,71,71,80,90,75,101,103,38,53,58,62,80,30,58,55,44,80,33,94,76,73,53,81,92,49,52,84,26,70,55,56,98,71,54,89,40,93,61,43,98,106,63,73,51,75,62,52,38,67,59,54,34,56,79,47,75,58,67,69,42,42,64,87,37,61,79,42,135,50,33,61,88,59,32,90,69,37,57,89,39,60,47,119,57,27,36,43,53,45,68,16,97,61,75,47,43,96,74,79,76,66,64,53,45,75,69,81,61,64,37,55,64,32,50,88,66,55,74,66,51,42,76,17,38,69,64,54,24,28,37,30
81,95,117,111,118,137,65,93,77,45,84,104,155,99,60,46,54,141,44,67,86,72,75,37,71,61,61,64,55,176,98,66,107,68,56,206,127,114,87,63,144,34,99,82,85,101,81,85,72,72,81,127,69,86,82,54,88,100,112,90,80,40,31,73,121,71,64,124,95,89,101,63,51,32,33,88,124,82,73,71,99,59,70,99,66,48,90,140,99,122,80,103,36,104,87,125,77,133,88,82,62,51,78,56,67,75,83,73,74,79,77,68,75,72,101,104,116,265,83,130,83,41,70,71,141,100,91,58,104,92,81,57,105,168,82,45,120,102,130,35,111,90,56,80,88,138,67,67,107,59,111,93,97,82,49,116,82,44,109,101,103,64,76,57,64,94,113,86,103,81,63,81,37,73,127,38,68,52,71,101,65,60,89,50,54,143,175,69,61,142,38,66,117,53,105,31,57,121,95,110,48,42,69,97,47,96,75,87,67,60,129,51,84,72,96,82,65,115,135,83,64,74,112,65,67,59,76,47,67,132,80,56,147,47,113,57,77,63,97,150,70,143,90,117,78,89,92,72,73,69,50,57,89,84,163,144,52,88,73,47,118,48,84,46,80,109,92,137,68,41,51,53,57,62,107,102,49,57,133,128,62,87,46,55,40,76,70,40,26,52,40,100,50,103,57,66,66,120,71,43,96,77,104,91,85,80,115,62,67,103,98,87,106,50,84,105,47,95,78,97,106,67,67,70,112,71,97,82,55,92,90,91,72,166,107,97,44,54,85,96,84,89,55,146,103,49,138,85,153,57,69,60,39,64,117,71,91,111,51,118,122,75,52,68,76,70,91,66,46,76,98,89,53,87,77,51,55,60,89,97,66,82,73,69,56,29,81,59,146,65,67,151,63,40,106,124,51,75,63,55,78,86,106,75,94,107,58,41,76,129,95,27,91,68,63,84,94,75,103,71,61,80,66,63,93,125,163,46,68,88,65,102,52,88,105,63,113,67,72,111,116,111,86,49,85,109,60,109,81,105,40,89,98,49,98,92,84,138,49,96,73,96,147,122,83,71,60,90,52,71,106,100,84,42,101,131,59,49,87,74,83,70,77,179,82,107,47,107,67,90,70,46,85,110,68,53,114,77,93,45
62,58,113,101,117,156,94,170,156,66,129,55,125,88,80,87,145,76,90,125,53,49,104,85,43,105,90,95,105,104,125,101,95,136,105,98,87,51,57,48,54,94,132,87,42,89,75,181,59,77,66,59,155,113,133,111,104,158,113,70,137,64,122,80,72,78,117,119,137,89,74,171,68,70,45,103,70,74,68,195,139,86,91,128,103,73,141,76,99,96,90,77,119,68,101,212,126,162,86,90,105,133,91,100,109,72,90,63,132,81,73,105,84,74,92,70,98,119,93,127,105,68,91,110,58,56,145,56,124,84,38,88,86,125,96,76,128,89,170,121,110,100,119,118,103,117,59,88,83,105,87,101,94,124,82,100,71,103,107,69,88,111,149,130,131,136,65,112,61,42,104,53,55,82,135,91,71,75,78,150,94,125,79,125,118,118,146,53,123,35,117,39,109,68,67,139,113,60,154,139,64,49,95,168,99,75,81,99,123,62,120,59,105,84,133,62,142,89,93,97,72,84,108,83,71,52,94,152,65,131,46,115,119,77,117,87,99,119,95,125,48,95,93,72,87,75,103,56,138,207,143,221,137,203,153,189,213,366,242,204,246,176,187,192,183,224,309,169,104,195,102,273,278,78,124,313,135,178,262,165,178,257,173,146,138,253,96,160,116,84,153,140,80,118,97,90,155,212,192,206,213,135,96,36,59,28,43,61,38,22,25,27,30,53,36,66,62,47,27,65,76,56,55,23,26,60,49,65,50,15,26,64,42,174,56,109,63,92,52,92,79,106,158,80,134,74,75,107,71,46,95,188,104,158,90,75,84,118,104,49,72,119,61,113,105,51,111,140,65,121,44,94,117,135,32,97,69,53,62,92,101,174,67,86,75,106,131,87,82,69,102,80,129,82,114,111,85,108,82,42,56,88,128,67,87,58,56,57,73,136,140,128,69,98,135,89,58,50,109,86,105,157,128,131,34,84,68,82,97,122,92,161,102,140,109,99,67,88,72,76,119,80,73,95,106,65,48,99,156,87,85,91,132,76,88,72,95,106,94,50,69,128,104,81,84,44,73,75,105,81,126,98,95,83,82,55,87,119,120,50,74,78,76,86,59,117,104,74,92,37,139,72,49,61,120,115,100,136,123,98
270,147,135,147,130,185,167,100,174,121,132,182,152,154,126,239,172,92,337,126,146,105,111,92,153,171,144,219,114,144,103,144,118,185,300,142,190,94,99,118,158,211,204,95,190,177,192,119,168,141,164,241,98,156,195,120,71,199,108,216,54,371,164,261,80,136,212,151,177,183,239,139,93,167,266,247,158,66,106,83,142,197,153,113,111,125,193,183,166,291,180,211,251,41,154,285,293,180,236,91,182,116,150,183,60,206,162,135,205,210,116,118,179,174,122,134,87,141,223,115,165,105,220,175,187,150,162,68,225,172,197,253,225,176,183,219,151,165,166,171,89,123,129,103,209,131,209,132,181,88,239,101,216,255,180,145,154,115,187,163,74,178,181,77,189,129,170,98,161,93,224,127,231,174,151,157,129,145,313,70,95,172,79,110,166,161,159,102,117,164,140,253,250,176,73,127,126,216,142,94,127,145,193,189,158,144,200,191,135,128,218,134,157,311,188,144,154,159,183,183,185,152,94,93,136,106,141,101,71,140,168,164,141,102,145,150,106,88,223,167,189,145,189,190,135,112,163,168,98,143,160,275,148,165,173,112,84,118,128,170,184,105,142,343,139,190,125,135,247,157,162,208,111,105,201,150,110,142,172,154,129,191,260,124,63,76,69,121,63,118,174,135,159,315,226,134,212,224,164,153,179,185,225,93,270,188,149,199,102,225,137,115,91,190,243,160,111,135,173,183,172,164,155,126,129,183,157,105,238,195,255,115,194,373,246,208,242,163,208,146,220,219,125,77,160,232,147,177,175,214,175,118,208,162,165,176,201,158,156,185,171,246,199,236,194,132,127,105,120,75,169,87,192,242,138,104,86,123,167,175,157,126,106,115,142,181,161,267,131,135,80,214,87,270,77,188,165,161,168,172,169,112,206,91,162,168,97,123,100,169,87,241,153,149,222,130,169,242,200,247,170,158,130,229,164,188,163,83,172,44,221,162,208,84,156,205,116,66,185,191,159,116,165,95,104,197,135,131,190,147,171,189,159,174,58,207,100,124,170,208,205,211,153,80,189,135,192,172,180,176,152,125,156,117,138,128,171,122,116,110,163,178,153,242,194,143,145,150,181,234,332,159,151,90,215,143,179,102,290,98
83,87,87,42,107,70,103,41,107,86,62,125,93,68,83,75,66,111,92,62,80,32,80,111,118,140,122,51,141,215,70,117,156,91,57,62,124,93,61,98,82,84,71,96,45,100,76,60,120,149,105,81,112,161,82,120,112,149,82,90,70,33,84,75,102,61,87,92,74,82,115,40,63,115,100,173,157,87,77,94,96,118,90,143,107,97,80,92,103,95,72,90,115,96,94,74,126,134,83,65,142,56,75,93,54,118,110,94,152,116,61,87,40,73,42,142,104,84,91,84,103,94,224,81,106,91,78,144,157,109,78,133,95,65,67,70,83,95,52,148,97,87,85,60,41,73,74,48,152,74,146,66,73,108,90,115,152,95,134,139,100,33,64,62,74,138,52,75,65,79,75,72,113,47,82,108,93,127,64,79,61,155,71,100,35,89,87,60,111,47,88,61,50,71,103,80,182,84,75,156,22,90,94,61,89,101,51,123,47,145,142,29,83,62,123,81,85,112,97,80,57,82,99,104,70,92,108,81,37,135,115,84,90,74,58,123,66,36,69,67,141,61,156,126,91,82,45,69,86,129,97,93,115,104,115,127,90,99,70,111,93,102,81,89,69,94,66,135,62,101,62,41,73,85,87,112,67,126,92,137,100,91,110,88,39,43,44,32,83,29,85,82,116,87,69,130,104,92,142,130,88,155,116,84,42,64,35,104,155,81,96,97,103,70,114,124,186,88,82,92,73,70,90,125,94,93,65,149,59,129,98,115,220,113,122,148,94,132,96,75,103,113,154,90,79,101,169,98,116,60,55,82,70,105,133,131,95,131,107,58,74,68,133,87,71,99,114,108,140,76,215,181,98,98,164,128,138,116,94,64,153,87,105,107,93,84,122,119,86,37,68,101,83,57,63,96,68,102,123,99,102,83,89,111,143,76,59,90,66,123,73,76,79,93,108,101,111,122,85,119,115,87,93,169,89,114,64,77,112,104,151,126,57,96,83,130,132,79,102,119,47,76,115,85,128,86,114,100,86,106,64,84,92,113,93,63,152,59,141,120,104,49,119,84,134,163,75,144,114,140,147,99,52,149,72,88,30,75,118,74,96,115,75,146,120,97,125,117,150,143,73,96,90,75,52,102,85,112,55,80
174,124,101,125,132,159,192,125,142,177,198,307,190,153,350,175,268,212,242,220,173,237,229,155,151,205,366,149,222,172,209,227,245,143,216,153,222,106,142,131,190,127,139,141,123,194,222,292,129,101,258,258,165,68,194,238,200,175,219,97,431,129,208,203,155,131,305,265,221,235,212,106,243,105,253,222,217,109,135,128,306,305,268,224,131,129,140,182,254,136,156,258,180,198,101,151,207,160,227,132,151,116,212,164,157,304,258,291,131,162,184,113,108,343,128,222,373,151,144,215,226,136,303,199,189,104,260,305,241,216,160,257,221,259,172,113,115,201,185,220,220,303,206,269,192,279,186,316,107,131,169,198,219,157,107,245,243,174,121,75,230,79,223,191,166,150,172,200,197,206,123,146,130,222,197,102,198,175,365,184,140,284,69,221,129,257,177,168,148,200,115,225,246,117,143,206,103,86,121,82,140,222,168,234,164,275,134,108,176,148,254,190,196,182,187,186,178,99,204,209,193,235,196,90,164,97,153,136,121,114,135,134,119,151,113,202,129,62,77,99,136,119,244,119,152,142,152,92,150,199,84,126,56,73,182,209,138,124,100,63,88,104,126,89,198,187,115,103,73,207,46,152,92,85,143,133,95,96,59,327,177,248,118,189,143,236,209,270,132,200,231,158,227,254,208,190,321,267,160,221,172,199,284,210,269,115,287,258,164,222,226,390,163,268,302,194,241,234,281,101,182,115,189,295,191,212,216,172,238,171,130,159,159,114,185,170,166,131,254,226,150,143,319,160,296,175,233,228,159,172,200,326,188,159,261,133,142,128,184,130,163,85,129,216,202,103,276,209,151,106,154,171,237,144,128,212,257,212,216,136,135,167,197,182,153,203,215,178,132,248,125,194,162,156,148,137,159,325,242,117,148,245,106,293,205,250,210,130,181,191,284,249,320,208,306,169,219,256,126,118,181,236,169,178,131,169,199,211,152,133,165,136,173,131,288,137,317,98,149,143,128,208,136,114,134,191,101,103,267,187,148,240,113,217,297,238,278,152,239,260,323,196,294,286,340,278,232,162,357,233,192,431,237,215,289,210,204,217,271,228,225,346,265,249,220,196,285,196,220,250,330,191,346,258,226,185,162,216,172,108
84,137,98,84,136,97,63,67,66,57,68,75,71,52,51,146,92,63,100,115,115,66,116,131,96,139,71,54,67,92,101,102,62,52,65,107,51,50,88,73,53,88,81,99,57,55,93,73,48,43,65,111,76,97,125,78,65,82,78,119,90,75,112,81,122,99,36,80,124,95,118,88,95,73,45,107,29,100,103,50,113,87,86,102,35,123,38,88,41,81,76,117,43,64,36,65,80,86,120,66,54,77,104,133,62,97,92,34,62,85,113,113,83,62,78,91,38,111,72,50,73,58,42,72,109,113,63,61,140,77,72,67,119,140,53,37,144,77,123,63,79,90,116,109,107,43,116,79,80,108,89,98,123,89,68,101,71,55,66,67,119,50,134,83,68,121,61,113,82,71,36,86,51,114,121,99,54,63,92,76,73,80,73,95,57,76,87,55,100,85,96,58,40,85,30,69,79,66,134,58,69,76,38,50,77,111,137,95,52,144,67,76,82,131,67,107,96,86,139,64,106,57,142,94,72,100,140,101,111,59,133,48,83,65,84,79,59,69,49,81,119,77,76,59,88,91,145,83,146,179,189,153,195,78,228,62,116,156,95,259,91,115,85,167,98,172,180,137,261,166,197,185,174,108,112,168,157,151,95,155,205,290,216,83,90,79,63,126,115,132,147,139,152,186,114,148,87,72,64,156,143,114,61,80,21,47,42,43,76,46,40,35,53,50,28,34,35,39,32,34,37,39,26,39,44,23,49,37,51,40,77,52,40,67,85,130,71,126,86,60,130,61,78,125,121,56,105,69,65,97,103,123,83,92,72,101,81,49,71,126,131,69,89,89,130,108,114,84,142,103,73,72,113,59,91,77,38,63,63,104,98,100,80,60,78,95,124,87,85,59,40,63,80,77,105,70,96,151,88,104,28,109,65,80,59,103,62,140,76,80,80,96,72,92,94,103,24,105,48,108,70,38,48,85,119,43,67,75,55,59,38,82,126,124,80,138,65,92,79,49,55,45,119,135,98,53,96,41,98,49,68,80,132,139,83,63,57,54,111,75,64,83,87,76,64,68,98,99,101,88,53,122,182,76,75,105,93,104,112,117,86,92,70,157,81,86,85,66,70,74,58,89,72,29,68,64,56,47,115,50
77,35,113,92,50,109,82,122,88,63,64,78,37,47,45,55,61,97,113,33,81,76,108,74,42,78,75,60,44,36,62,80,126,84,65,33,56,109,76,115,45,62,73,40,51,43,77,35,54,20,38,154,59,59,87,42,54,34,48,120,73,54,77,82,54,31,145,75,44,76,79,102,120,46,78,40,44,79,53,65,42,58,77,70,86,59,73,47,71,75,54,18,93,76,54,73,106,44,122,57,38,65,114,47,70,48,46,47,41,49,68,77,96,105,89,68,36,77,70,37,55,56,70,74,102,65,87,74,31,23,54,47,88,64,24,35,92,79,88,121,61,91,69,79,42,96,85,71,67,30,81,82,151,88,85,72,64,53,68,58,76,68,52,75,47,43,53,60,64,30,48,97,82,46,65,85,63,34,79,62,83,70,65,76,58,161,36,171,59,110,33,101,74,49,44,35,72,80,77,44,74,74,65,93,66,42,83,52,72,59,45,46,59,81,69,50,61,42,34,84,73,40,73,60,43,85,34,78,113,76,49,76,29,67,27,54,126,50,119,91,72,38,41,38,64,58,55,95,110,52,75,86,53,64,66,58,102,53,72,36,83,97,73,99,108,93,57,40,94,84,68,42,46,69,49,59,101,48,98,56,30,22,89,52,39,22,25,14,19,39,110,41,83,57,50,80,51,39,53,54,88,61,132,89,70,62,86,86,96,50,46,83,47,105,31,91,95,34,48,58,92,118,47,48,62,84,45,59,57,66,77,116,73,72,103,72,57,49,74,45,39,40,55,86,64,37,96,53,65,63,50,60,71,80,62,54,99,66,106,90,66,86,83,90,67,104,78,56,95,103,98,102,78,82,56,39,73,49,34,78,60,82,70,51,65,81,91,57,98,64,38,70,80,62,24,93,110,77,91,51,74,71,77,38,15,85,58,62,32,78,87,63,69,71,54,53,40,51,123,105,37,81,89,58,64,147,138,79,100,44,43,77,76,52,74,107,61,97,89,54,131,42,48,62,46,45,57,39,47,39,64,73,112,49,93,107,105,53,39,53,42,57,41,55,66,69,37,42,67,77,71,52,32,95,91,144,76,72,45,39,119,61,55,65,56,62,72,98,61,65,48,76,63,46,67,70,99,84,104,129
101,67,62,50,60,118,67,124,79,83,23,84,79,82,115,69,69,70,69,71,63,94,83,64,98,49,69,41,56,75,80,76,59,123,65,88,59,50,93,58,79,54,56,35,86,61,43,68,54,79,88,81,43,60,101,59,91,70,57,81,67,88,51,34,75,104,86,47,76,105,47,40,61,95,119,72,111,46,22,64,101,65,92,48,44,79,48,45,87,69,59,43,76,78,77,48,82,105,103,46,74,106,71,104,48,105,95,52,65,51,150,52,30,61,50,76,54,88,79,96,54,91,132,84,51,45,60,48,72,73,53,106,60,46,46,89,47,56,57,91,75,65,38,77,79,59,174,83,92,120,80,60,77,126,47,57,61,98,83,67,91,41,65,49,69,62,68,59,55,61,43,79,70,82,53,38,73,59,53,49,35,104,107,54,64,46,62,74,68,90,72,50,60,74,74,60,32,48,89,83,91,66,34,86,89,109,66,38,83,51,41,73,70,44,108,44,58,100,41,47,53,92,29,90,50,46,84,96,54,79,44,60,91,50,58,61,69,50,53,117,73,127,53,42,95,110,63,82,70,37,89,79,54,61,49,84,31,41,68,83,89,61,112,111,87,84,36,73,62,58,86,91,29,44,49,68,54,91,111,31,74,112,88,26,46,32,18,59,22,36,58,90,60,72,52,61,52,98,65,100,49,43,73,47,66,81,71,65,82,70,71,87,44,42,108,138,51,77,39,76,65,71,45,63,137,73,61,45,48,98,62,67,47,137,108,49,80,63,63,61,78,65,64,46,30,36,40,78,53,82,88,54,57,58,39,84,50,50,83,30,66,59,63,109,84,66,56,56,29,57,70,99,41,77,62,49,101,115,88,54,55,83,48,105,76,54,67,78,89,92,69,75,62,56,39,77,69,54,110,58,129,83,57,83,75,73,123,61,64,62,100,72,80,41,47,75,53,52,53,57,100,21,73,60,57,108,86,91,44,151,56,75,31,68,80,56,32,64,32,79,38,66,59,61,76,91,43,56,52,46,46,104,99,30,39,66,103,68,49,81,60,43,72,38,71,75,60,37,100,133,89,77,98,46,146,68,86,98,74,35,98,55,76,55,61,74,56,41,63,55,17,74,55,61,90,59,86,80,40,28
98,110,35,92,84,41,77,60,132,98,59,84,67,66,82,53,130,80,73,61,89,101,75,72,68,95,76,104,54,90,65,95,104,88,67,76,72,85,112,53,79,76,73,60,45,77,78,84,90,51,90,57,58,78,63,65,125,91,44,47,64,71,52,85,48,52,78,110,87,78,111,101,53,46,86,120,126,75,78,65,116,87,38,66,98,66,86,50,50,80,105,55,53,66,97,46,69,43,44,67,62,91,86,89,96,73,53,53,51,125,59,125,184,84,62,81,100,69,53,88,82,94,73,88,51,87,91,64,37,139,64,123,89,60,34,42,46,85,111,119,76,98,76,62,24,62,75,65,49,67,84,61,63,53,78,53,64,64,90,63,38,76,124,125,68,79,63,81,47,98,67,65,79,63,25,93,59,53,93,126,74,68,57,72,56,56,118,35,70,84,74,41,82,37,49,33,53,53,76,51,44,66,88,35,101,82,56,53,130,65,40,57,42,42,71,82,68,68,75,86,73,98,59,54,57,39,64,46,82,78,132,63,73,68,100,98,122,56,73,104,45,76,47,104,81,54,80,102,71,53,95,55,63,77,66,65,127,77,89,55,45,82,51,45,75,66,44,38,65,76,85,135,58,79,76,116,132,51,68,50,55,115,72,105,41,47,47,43,30,40,79,95,43,67,128,137,80,56,64,45,87,70,53,60,55,68,69,46,57,30,86,163,107,67,71,104,98,41,59,45,64,83,77,44,89,129,118,75,63,82,46,79,54,111,120,70,61,74,64,99,54,53,68,70,33,22,66,66,81,44,156,122,79,122,101,102,74,66,106,124,44,62,139,88,56,63,58,106,69,74,88,84,48,96,103,72,64,79,52,97,126,85,82,70,25,105,117,51,66,95,87,68,40,78,95,48,62,57,75,85,103,94,116,52,64,104,116,123,106,115,66,102,90,80,118,116,146,58,97,69,61,59,72,60,52,57,192,27,56,94,120,56,67,124,93,56,74,72,113,52,52,64,42,86,77,56,74,146,88,52,75,61,120,110,31,113,64,104,51,43,82,62,109,80,36,53,64,85,51,38,70,79,72,107,45,50,91,78,84,77,125,48,52,70,96,76,61,102,93,62,113,66,110,136,58,63,64,79,49,99
393,249,226,205,173,123,198,218,227,143,219,67,176,146,242,144,163,198,225,73,113,172,144,174,200,91,107,233,162,193,93,205,138,179,168,271,131,135,170,184,176,187,157,283,158,169,116,171,157,177,225,174,149,159,135,182,216,115,167,96,260,178,138,192,138,130,83,179,107,141,247,227,237,170,170,223,159,243,137,74,258,267,284,180,217,156,139,111,220,140,127,317,143,130,166,331,148,95,196,221,116,136,218,251,211,162,167,212,323,222,92,220,280,143,215,193,204,126,249,200,77,150,137,115,118,152,242,217,159,129,192,152,255,199,243,167,185,174,174,124,94,166,256,268,263,298,61,201,234,247,227,167,219,142,209,92,148,105,144,318,125,209,173,150,171,128,161,160,225,141,160,208,261,295,251,211,160,134,173,164,181,199,121,163,165,208,166,126,160,168,142,262,60,90,227,175,195,249,71,205,101,210,208,179,166,172,117,193,189,158,203,164,161,164,129,63,110,210,132,171,158,218,258,242,119,119,83,122,183,231,244,151,221,277,166,198,154,211,200,182,137,127,205,205,186,258,153,197,169,266,164,183,161,127,122,129,194,141,212,161,111,70,229,227,133,221,162,168,181,161,232,110,232,211,164,87,142,165,210,222,181,137,138,142,48,95,114,119,71,80,219,175,194,160,97,100,142,151,141,148,88,116,65,191,204,176,83,214,174,271,130,217,169,100,240,156,167,181,88,267,147,104,158,223,204,122,221,156,180,117,293,151,209,468,387,154,311,221,93,129,157,159,136,158,172,276,179,150,164,181,249,230,174,255,89,192,162,112,160,204,155,155,284,269,186,207,272,142,183,200,181,162,243,117,202,166,211,306,176,211,134,140,124,225,121,335,151,123,193,152,124,93,172,112,176,161,213,244,214,138,189,124,95,207,223,116,207,111,259,194,212,133,264,140,150,127,177,200,192,187,238,225,312,156,160,242,279,192,157,227,206,215,154,226,150,193,229,208,183,170,159,125,127,142,235,119,181,117,264,194,116,246,146,217,139,159,281,203,233,262,361,185,159,154,188,202,159,88,292,181,158,154,191,246,165,286,74,133,163,280,107,136,142,170,280,137,195,270,109,379,299,194,178,160,154,197,114,233,178,204
75,111,88,56,63,58,67,92,107,88,107,89,121,46,109,143,76,61,80,113,75,66,83,105,61,75,79,58,96,48,57,67,78,106,112,97,111,73,84,96,67,58,66,90,83,49,100,100,91,98,43,55,74,122,48,69,75,77,82,57,81,82,82,47,88,82,75,61,76,92,56,44,71,128,67,70,96,82,59,104,125,70,75,94,87,61,110,57,63,64,64,62,75,76,58,81,33,148,133,69,66,98,104,102,50,59,113,68,74,74,78,57,103,45,55,54,78,94,79,41,51,80,87,81,65,77,48,91,35,57,89,84,54,68,114,109,57,64,49,54,66,80,66,34,36,64,71,133,64,54,128,94,75,84,49,51,79,45,102,57,94,103,57,37,66,37,91,40,46,83,62,107,62,73,46,79,73,91,63,69,71,66,97,65,80,57,93,56,106,58,60,80,66,78,32,72,32,105,53,98,75,77,98,27,32,66,61,105,125,129,49,114,114,62,78,86,96,89,54,57,120,61,60,100,38,49,101,67,65,102,129,76,85,48,71,91,69,74,49,127,67,85,77,68,75,21,68,39,55,63,54,78,55,100,48,107,104,70,34,46,102,116,72,77,80,34,97,49,70,74,68,117,95,43,131,61,79,69,53,104,118,83,81,37,10,42,29,36,49,17,41,52,46,105,132,127,52,104,33,134,47,95,101,76,40,72,105,63,69,61,83,80,64,54,117,41,55,61,77,117,78,93,64,82,89,85,102,114,90,97,60,48,69,98,83,75,97,79,90,126,94,56,56,73,78,103,114,86,46,65,108,78,83,65,96,36,86,47,51,70,74,85,72,60,53,37,88,115,36,91,80,106,81,105,88,60,77,63,41,138,66,68,61,61,103,38,91,100,52,92,89,51,38,52,86,43,79,89,99,73,39,75,65,77,65,67,93,118,45,85,63,73,64,129,84,99,79,98,93,79,97,61,38,43,144,82,77,74,66,64,71,48,56,80,94,66,116,56,99,46,55,48,106,117,35,86,81,105,22,98,87,78,70,54,91,21,132,82,77,93,47,94,69,80,120,46,77,112,91,126,65,71,97,84,72,38,128,57,60,64,60,104,48,114,50,39,94,31,151,89,98,64,67,75,50,93,61,75,124,75
68,62,161,284,119,100,167,314,115,222,385,133,199,85,193,134,154,224,188,185,192,163,206,130,104,214,191,168,216,228,233,186,224,209,98,161,236,293,183,149,178,127,215,137,287,138,52,154,161,134,159,150,244,264,232,107,236,134,162,234,188,176,164,91,176,141,103,106,125,134,227,168,236,291,135,77,206,330,79,268,159,88,155,171,193,186,127,218,210,148,205,229,195,137,216,215,324,90,198,311,92,138,126,158,191,138,118,157,216,157,226,136,189,171,180,138,145,211,85,195,160,203,170,270,246,252,125,166,271,140,182,197,113,145,123,250,207,143,321,299,188,161,232,89,208,104,72,254,218,164,73,159,186,147,154,202,159,195,139,84,159,278,238,141,291,152,163,222,122,193,164,136,112,144,118,178,70,157,286,149,186,252,157,77,223,204,95,179,119,252,154,66,196,203,160,165,228,132,119,90,204,115,96,138,245,131,113,128,165,165,209,193,89,168,200,175,90,107,230,162,274,209,185,212,239,168,166,162,196,140,294,234,242,130,232,172,142,180,201,229,195,144,270,268,130,247,183,155,151,202,92,410,251,176,129,150,133,161,102,154,155,128,145,191,77,207,162,150,173,271,265,158,136,153,233,88,89,117,170,243,132,165,284,223,116,224,392,389,172,238,260,319,113,140,193,191,237,190,203,227,123,106,225,196,184,202,164,104,163,237,148,190,188,184,252,213,157,103,246,114,117,122,106,95,43,131,144,104,109,76,113,132,156,104,149,84,65,116,145,97,121,107,98,46,184,128,135,127,122,64,140,154,116,159,122,103,86,117,81,54,113,102,98,164,173,283,217,437,175,146,211,167,209,304,184,111,58,297,186,151,189,185,177,145,128,157,169,234,248,300,186,209,192,175,140,231,261,205,171,126,132,227,77,213,332,135,147,157,210,193,101,194,138,257,195,163,142,134,216,131,228,146,126,139,259,110,78,169,215,124,179,192,200,239,207,175,195,239,122,210,210,111,196,213,166,178,255,81,207,135,175,273,153,201,259,333,196,304,105,112,190,352,145,187,187,278,291,181,197,254,248,215,455,327,150,174,185,326,382,232,260,206,258,224,313,406,140,324,387,309,210,169,278,250,305,162,280,144,97,242
67,50,71,42,96,68,51,62,55,62,96,62,97,87,46,52,120,121,67,54,45,54,77,34,78,53,36,86,65,68,41,75,100,102,134,79,75,90,28,68,67,60,26,125,99,57,38,31,62,83,47,67,87,84,48,26,45,92,90,57,107,48,30,44,72,89,52,44,68,106,60,80,49,59,90,50,83,75,76,66,51,90,28,40,70,52,109,73,59,75,64,50,49,73,77,76,71,44,63,42,76,92,74,86,87,88,84,74,70,84,74,65,43,97,59,52,77,85,72,61,76,93,70,75,48,47,75,55,90,71,68,96,69,69,69,75,52,41,110,111,73,96,84,70,44,40,48,64,63,34,49,91,91,99,111,71,55,87,53,47,45,105,46,73,61,49,62,83,106,49,70,59,72,75,51,85,44,67,64,78,66,77,67,71,71,65,41,69,134,86,97,44,72,60,93,73,69,73,115,32,102,76,159,84,77,70,45,53,52,47,73,57,83,88,69,97,92,48,58,127,120,114,43,44,46,88,20,66,50,73,53,98,57,73,98,59,55,88,60,105,35,36,71,77,73,69,101,89,35,61,48,54,76,90,63,50,66,73,47,117,68,45,68,109,75,35,84,61,91,106,82,70,68,88,50,83,71,42,53,55,78,67,68,63,13,21,32,19,31,47,43,53,63,71,39,61,54,86,32,59,57,35,45,98,83,77,122,79,93,45,54,88,72,42,73,62,73,86,70,64,95,59,73,119,98,64,171,52,61,100,46,60,107,178,61,69,74,81,108,45,64,105,100,122,125,87,104,81,63,94,51,101,77,74,100,23,84,60,98,34,59,61,74,53,95,53,57,67,64,70,77,113,76,86,44,122,139,84,74,55,77,129,76,57,68,54,62,50,64,72,92,92,98,36,84,68,68,52,43,55,63,71,76,92,56,86,92,52,103,59,26,88,105,81,48,66,60,65,53,61,86,55,75,78,85,98,59,83,100,45,66,100,41,71,40,58,105,75,81,62,53,55,90,40,37,71,88,66,114,85,89,44,33,106,49,78,98,187,79,57,74,29,85,65,108,86,86,102,74,101,100,109,77,68,85,71,60,74,80,56,32,64,87,71,83,55,134,57,93,49,75,67,77,27,55,86,81,81,45,180
120,98,89,68,111,132,114,120,161,143,149,117,167,84,162,81,263,75,155,124,113,131,125,153,138,114,95,203,87,80,137,103,119,84,126,183,147,134,87,66,149,94,183,164,183,56,160,83,147,99,153,154,185,204,109,107,199,168,103,131,162,96,122,79,127,106,54,90,109,119,68,158,90,112,114,93,118,152,78,89,142,116,179,97,134,120,92,133,149,91,116,143,137,164,173,103,188,86,93,120,109,50,87,98,134,160,88,173,124,164,104,115,93,113,147,62,111,126,116,113,124,68,123,120,75,106,129,86,49,128,135,117,160,176,172,180,77,128,82,83,156,135,132,83,109,131,115,62,87,119,94,121,149,121,194,179,162,76,64,127,102,142,137,93,99,100,252,172,225,104,115,56,144,128,126,135,123,102,98,100,192,171,102,246,176,40,87,101,181,152,127,138,230,187,128,201,105,104,71,135,134,151,123,123,127,210,142,121,106,93,52,143,140,164,132,43,190,163,122,201,138,186,184,248,166,136,76,147,134,121,211,164,71,71,98,137,92,215,126,172,99,105,139,62,71,164,149,128,145,72,50,170,148,163,126,71,73,175,222,130,92,162,174,116,65,81,160,94,65,92,178,126,113,175,163,135,158,74,93,110,60,76,162,208,56,61,45,41,56,86,148,246,245,121,131,99,204,73,75,115,139,104,86,157,172,156,140,78,137,54,133,136,130,121,113,136,117,150,85,78,147,106,152,92,73,136,82,122,160,165,125,185,68,101,264,168,88,115,160,183,114,141,125,152,122,129,70,134,133,141,87,69,50,133,211,89,112,181,98,171,101,115,76,120,81,99,83,56,97,77,217,124,169,260,158,94,141,127,78,123,108,190,145,205,59,159,49,92,150,87,144,100,134,104,152,78,82,164,114,125,172,109,211,76,95,74,149,69,130,58,100,52,158,159,137,112,105,74,160,132,105,184,89,283,121,210,125,110,55,107,192,72,136,177,85,201,72,134,126,130,105,124,135,93,155,141,104,95,168,156,203,178,95,121,110,88,63,62,109,64,182,83,107,114,109,91,128,107,117,152,136,89,153,132,134,84,100,141,122,159,183,201,71,112,157,114,112,313,137,155,198,87,60,161,88,126,56,105,67,116
150,121,136,67,166,98,98,161,128,74,114,160,175,100,184,80,130,91,110,68,89,59,158,88,126,122,101,84,105,89,112,171,120,115,108,98,68,134,73,137,98,65,119,130,71,133,74,205,121,161,121,130,80,147,139,175,134,90,81,44,90,132,71,152,80,129,98,101,107,124,155,87,112,114,126,139,119,121,160,110,132,79,109,128,93,75,105,77,68,137,200,130,79,92,89,115,137,100,61,71,128,125,96,149,72,71,127,168,91,113,172,148,86,119,80,84,101,63,140,82,68,138,117,163,121,103,109,101,177,99,63,92,42,128,25,146,66,86,121,45,109,69,96,88,155,94,74,87,119,88,159,89,56,45,127,109,87,89,243,104,135,29,102,108,257,86,187,198,114,92,77,119,118,135,72,124,139,64,98,111,156,176,126,116,82,137,67,83,107,78,73,139,179,122,93,146,82,60,95,129,136,68,48,81,109,80,144,106,117,104,150,164,92,74,91,33,88,87,87,164,95,131,108,97,120,91,80,61,134,123,128,104,85,84,88,171,156,61,80,181,128,132,89,68,126,110,100,131,176,287,191,114,108,144,229,172,144,182,284,154,259,320,167,238,289,248,314,93,233,189,166,229,180,110,120,212,164,146,152,141,353,324,227,317,133,217,123,98,173,220,108,121,116,238,121,128,62,233,163,216,210,120,39,30,27,73,52,39,72,58,69,98,68,97,79,101,37,42,54,62,97,78,47,84,54,33,57,46,60,51,76,60,31,51,121,86,68,113,94,67,122,148,181,95,187,124,36,74,109,128,101,86,93,137,91,107,91,107,51,82,103,114,111,104,101,158,60,62,125,128,173,110,129,178,175,117,94,80,52,124,175,124,200,48,94,120,37,64,115,107,62,145,73,124,258,136,51,96,129,97,88,215,111,56,98,64,98,124,64,104,76,176,136,86,65,72,127,97,111,144,168,98,119,81,75,75,56,85,51,137,143,63,112,135,116,139,179,130,113,122,103,83,112,102,114,97,113,135,104,148,99,135,176,122,115,134,150,62,60,104,115,90,79,87,107,132,88,162,62,123,130,104,77,108,130,121,87,85,191,118,120,85,134,74,156,116,47,86,120,96,128,149,97,180,124,80,154,173,174,79
66,59,133,92,64,89,100,92,104,104,168,116,60,41,95,107,150,116,66,79,104,121,105,121,104,102,195,146,111,69,78,66,81,142,116,63,75,124,156,146,65,75,106,50,51,91,95,80,48,74,92,135,96,106,55,92,149,100,110,86,74,113,94,104,102,68,114,113,67,114,119,124,78,140,167,153,169,64,72,81,78,65,86,93,100,72,164,155,96,105,141,67,70,95,89,111,75,108,124,67,72,118,40,76,50,57,69,52,79,174,148,130,71,79,71,117,91,160,75,100,81,75,90,128,119,104,89,53,159,77,113,101,72,102,64,77,68,57,89,74,100,74,85,67,94,105,86,111,99,144,44,123,89,69,46,143,64,103,54,97,65,49,99,119,113,88,57,135,113,64,85,87,130,87,115,146,84,100,76,101,37,82,134,49,69,76,95,68,103,84,111,178,82,128,67,61,58,74,124,144,72,130,53,79,58,145,60,36,106,79,96,170,74,79,71,132,78,70,75,128,75,65,99,48,145,100,148,52,78,129,159,128,108,87,82,159,144,134,52,88,85,75,76,87,95,64,123,94,47,80,49,110,43,72,95,120,81,165,84,108,91,76,112,77,88,99,275,119,98,110,114,111,100,66,89,39,95,70,99,60,79,111,149,66,69,44,41,41,43,61,94,119,59,94,133,61,115,118,130,141,143,128,108,83,64,142,93,118,80,56,84,51,94,103,69,78,81,113,78,82,106,69,114,63,100,89,165,51,98,113,49,119,98,81,179,129,74,92,60,55,114,57,77,79,106,131,69,78,76,70,56,170,72,33,81,84,124,61,89,73,86,126,59,118,83,72,154,98,81,103,57,103,131,51,90,44,85,95,136,117,97,112,57,75,107,95,91,42,60,54,98,116,64,54,93,28,45,129,81,85,79,55,72,86,120,81,95,97,26,145,64,66,141,72,122,49,145,63,81,102,74,81,56,84,44,76,58,72,50,104,92,144,94,84,90,77,153,55,104,105,59,96,101,95,127,89,142,81,145,146,58,118,140,62,98,111,57,108,70,63,87,64,102,114,177,115,115,139,59,63,113,94,121,121,71,66,65,45,59,81,70,76,102,38,137,122,93,70,92,122,124,64,84,122,74,127,63,90,70,97
104,63,103,100,88,110,104,114,145,132,117,150,132,229,124,128,215,121,144,197,146,96,111,148,125,102,142,89,265,81,103,121,67,136,290,108,133,142,176,136,114,165,186,96,151,249,245,111,158,136,191,148,203,149,146,115,75,116,130,172,66,135,117,162,98,236,86,82,176,229,96,171,84,132,109,159,135,79,177,120,77,241,93,158,203,109,117,155,194,174,76,172,177,160,194,102,78,134,151,119,180,257,124,137,68,155,162,167,159,195,168,217,83,177,177,94,114,132,153,217,199,40,168,122,99,237,175,135,143,183,137,139,167,107,90,137,74,48,117,71,215,126,174,112,159,248,128,225,133,141,184,120,219,125,160,139,137,165,172,129,105,138,109,119,209,72,125,128,152,133,99,165,84,189,97,152,206,200,163,124,230,88,154,80,185,220,131,144,137,97,164,165,86,107,173,89,163,176,97,81,112,270,252,142,112,172,36,137,215,118,140,177,225,258,145,88,86,149,109,177,127,133,138,109,252,176,177,212,215,188,380,131,115,215,113,128,139,105,124,105,114,105,81,136,85,119,80,189,195,111,126,78,108,164,143,128,126,148,214,128,152,89,151,144,182,150,147,207,115,216,111,54,128,245,112,136,127,137,127,127,127,102,82,112,196,152,154,151,88,138,248,111,119,146,132,196,180,105,171,108,105,151,132,203,159,150,112,75,118,117,178,207,129,125,82,154,98,194,136,179,133,88,148,113,158,90,98,123,117,76,90,110,98,211,108,99,106,74,64,54,155,65,94,59,68,55,92,144,141,84,75,70,167,77,128,73,97,36,121,85,206,202,142,182,142,62,148,130,117,125,166,138,83,105,124,151,141,155,144,178,223,138,124,96,151,156,250,100,166,184,104,114,103,95,184,157,191,72,113,83,149,181,87,125,100,129,162,209,196,169,120,168,192,110,165,214,87,131,137,127,80,155,93,138,55,179,118,73,75,119,102,136,134,85,167,110,123,156,281,171,95,100,129,163,103,107,122,125,74,191,248,161,207,137,163,180,157,160,303,191,235,213,151,181,136,189,135,232,131,243,121,120,140,158,170,182,177,271,186,159,329,99,119,181,171,208,172,222,268,155,74,343,295,109,217,171,120,107,76,62
94,69,73,76,211,93,57,83,81,103,138,61,93,61,28,30,77,94,113,97,78,62,93,58,70,61,82,63,65,104,78,89,47,47,86,43,45,44,30,53,43,85,41,89,76,96,56,88,57,109,125,114,61,91,93,66,40,93,88,161,83,80,63,85,85,54,77,129,75,51,93,24,46,42,60,83,53,81,55,112,42,52,66,106,90,42,86,65,113,97,95,73,73,69,55,84,71,97,80,85,82,125,89,78,84,80,100,67,87,70,51,113,136,56,82,109,82,104,57,72,99,93,58,69,102,127,31,94,39,53,73,92,146,159,21,58,103,56,72,78,83,50,92,69,91,74,58,116,75,62,87,81,81,80,50,86,90,54,101,71,104,83,80,135,25,90,57,83,99,63,78,42,56,121,87,64,45,86,50,77,70,62,73,78,48,85,109,63,83,83,36,62,85,107,59,130,59,71,65,45,97,60,80,37,38,107,82,61,86,74,42,70,72,45,43,81,66,95,44,83,38,56,73,191,89,69,60,107,68,40,84,67,102,60,23,105,41,51,76,64,130,102,85,127,104,82,64,76,255,194,119,137,131,171,135,130,201,116,158,163,262,186,243,156,221,143,200,196,238,172,164,209,211,165,283,299,68,157,176,143,197,138,132,78,197,205,87,87,115,103,186,70,77,69,141,84,104,63,138,145,124,90,22,43,36,34,18,33,40,40,38,31,50,32,62,38,42,24,49,28,13,37,30,45,39,55,47,28,45,51,52,38,53,95,70,85,42,134,66,81,66,62,50,36,90,77,59,77,75,57,48,54,66,131,120,97,66,105,91,141,83,106,68,54,109,71,29,49,66,104,112,50,82,90,132,128,47,96,116,87,132,113,80,101,73,65,60,43,79,105,108,104,56,86,100,53,92,70,64,82,46,95,44,61,75,118,64,82,64,64,107,92,39,74,56,102,83,71,69,95,85,54,124,57,88,55,119,81,76,56,57,62,54,73,63,57,73,70,121,80,114,80,123,43,93,53,25,32,87,88,62,55,69,44,99,92,78,103,142,33,20,73,72,63,66,63,110,62,60,81,96,81,76,37,43,58,70,90,115,91,128,80,66,38,108,65,49,59,107,46,106,113,99,62,82,68,80,86,116,74
111,104,136,90,178,167,106,144,82,92,81,135,85,77,25,111,128,87,64,85,185,110,124,52,147,94,128,91,105,93,133,87,77,97,89,71,89,155,101,128,147,101,106,109,79,186,85,170,99,120,143,91,76,135,38,120,137,89,88,92,133,108,119,189,180,195,189,94,178,90,77,83,178,91,140,104,81,205,188,126,180,168,128,93,115,54,85,106,88,63,121,92,135,55,126,169,65,89,101,68,77,100,129,116,165,74,153,93,85,71,117,102,141,105,100,79,78,72,58,131,86,96,122,121,131,175,181,47,160,168,103,55,102,95,95,120,84,106,115,115,138,102,67,88,73,118,107,100,80,92,163,41,152,102,121,127,104,99,153,118,32,114,162,86,55,87,106,141,96,85,208,133,126,104,121,90,119,44,82,104,82,89,96,100,108,79,35,130,100,49,99,73,64,79,95,138,136,164,99,94,89,71,139,170,136,104,166,79,132,63,101,200,189,78,136,78,121,87,61,108,60,96,167,112,121,137,64,152,158,168,117,149,124,107,153,80,65,82,88,41,82,91,151,99,69,69,101,166,64,82,138,75,171,91,104,51,119,131,100,137,88,61,142,147,69,111,138,106,53,120,61,143,100,101,140,198,83,121,37,108,123,223,81,137,67,50,35,59,42,44,104,100,111,124,100,119,99,76,105,141,142,112,135,120,64,191,116,80,120,76,117,75,55,87,69,70,70,99,51,126,101,70,135,92,120,76,96,103,99,54,69,113,128,235,217,145,46,87,136,62,109,145,95,139,81,153,53,192,96,95,115,149,81,187,67,46,133,96,111,106,82,132,94,165,79,203,155,70,71,108,204,86,139,90,95,92,116,77,120,119,69,110,182,110,149,112,116,72,197,128,125,166,89,80,71,193,149,118,134,66,137,110,151,125,71,140,106,107,128,99,84,122,117,67,115,77,95,108,74,181,173,98,63,82,92,120,121,196,72,113,70,108,84,49,82,132,137,100,147,75,100,82,107,118,182,110,85,63,98,119,108,77,100,87,92,62,54,153,121,143,49,101,133,137,193,125,176,103,88,84,60,112,66,78,102,116,53,137,75,97,51,154,86,69,79,245,70,188,153,132,116,122,76,81,135,165,178,100,143,100
48,39,57,109,66,95,132,122,77,79,83,105,126,100,78,58,76,114,140,77,78,144,95,33,69,109,83,102,68,149,94,51,72,123,61,72,65,66,90,70,111,79,124,67,91,75,125,81,67,98,62,57,126,117,97,63,122,64,83,37,61,45,135,77,85,103,84,82,119,68,60,103,142,52,52,84,69,138,41,136,79,92,86,64,164,79,49,88,105,120,120,97,107,83,105,77,47,75,77,71,94,105,72,95,136,115,53,114,70,72,50,72,101,70,71,215,84,127,117,23,132,73,69,43,51,109,84,101,64,73,49,57,110,86,104,46,68,89,92,46,53,47,94,72,74,107,97,64,79,100,114,47,62,93,70,99,55,83,103,89,89,114,73,82,99,63,52,108,64,93,101,39,43,86,76,48,55,111,71,97,99,42,44,97,96,138,92,82,84,86,64,78,74,79,41,87,143,80,76,99,77,85,119,95,66,66,121,87,127,122,78,89,111,66,81,65,64,127,37,119,79,62,51,72,72,94,63,72,107,53,93,100,144,77,80,91,38,83,128,73,81,33,139,54,72,167,82,56,87,60,103,90,59,50,61,73,76,33,58,64,41,67,77,73,55,94,76,36,98,62,88,140,79,76,97,66,103,99,62,126,79,67,77,110,80,36,40,67,40,25,90,37,94,73,64,73,82,82,81,84,45,60,108,87,62,51,126,101,109,100,136,67,36,95,79,132,72,43,56,145,112,84,93,154,131,96,92,134,29,77,104,120,137,183,248,118,84,77,69,149,57,74,83,29,67,44,71,79,92,20,104,114,33,86,72,85,64,49,85,92,54,100,98,61,86,61,57,40,42,75,56,90,112,78,49,95,114,84,38,81,61,156,114,120,94,67,121,41,61,83,64,38,102,55,92,127,103,67,72,75,45,147,44,58,134,107,115,37,55,67,50,105,82,136,32,95,78,97,118,58,111,32,104,117,74,106,77,74,60,68,64,112,86,70,121,94,54,50,69,55,54,89,82,84,51,95,35,79,43,107,86,99,94,131,66,75,96,95,98,88,77,80,57,64,119,93,54,63,79,84,63,129,46,73,75,69,81,62,102,190,82,83,148,90,71,101,98,63,66,135,49,104,65,106,67,69,76,105,52,107
79,59,97,48,114,59,96,104,35,60,92,92,103,90,111,159,85,63,87,144,105,48,86,108,69,108,87,89,99,139,122,106,91,119,87,60,140,70,146,158,123,110,74,116,77,138,148,126,55,68,58,140,126,69,95,75,101,86,63,150,106,123,49,178,113,120,73,74,97,128,153,101,80,154,219,60,91,104,100,120,40,97,57,90,117,65,39,53,149,97,51,127,116,95,82,83,61,154,108,69,148,73,116,186,122,74,105,114,89,233,56,113,78,85,140,95,45,85,142,139,120,111,86,149,69,105,113,105,176,91,98,124,42,117,112,107,116,104,90,99,117,84,57,47,155,105,97,67,111,84,311,74,91,56,107,126,93,151,129,79,85,68,82,100,112,97,68,58,83,64,49,74,115,90,95,136,98,101,118,52,91,96,98,100,168,113,68,154,133,139,120,123,42,119,109,97,60,129,65,84,99,89,67,98,102,119,130,73,105,85,91,89,62,50,68,112,109,127,75,122,73,63,66,66,105,113,83,187,192,74,63,93,71,86,109,213,81,96,104,87,162,141,110,36,57,137,81,94,79,125,105,124,53,80,100,148,62,142,47,67,81,142,90,85,45,182,119,92,149,67,119,56,168,40,82,124,52,80,97,61,79,76,126,90,86,103,92,134,103,190,92,75,170,162,97,150,104,170,108,82,85,147,130,91,90,181,76,102,55,136,121,61,82,129,73,48,203,170,66,94,111,105,103,32,64,113,66,47,72,38,35,73,64,60,57,27,72,47,65,68,61,31,56,23,49,47,146,80,58,59,54,65,33,65,67,115,39,33,88,49,129,140,90,79,87,50,185,182,141,90,118,94,93,91,143,61,91,54,109,67,71,80,122,101,94,161,91,63,128,67,139,228,57,93,81,112,64,61,98,82,97,111,42,122,86,97,107,76,171,125,81,77,126,101,145,76,94,146,174,136,70,82,63,85,115,71,53,98,107,102,79,103,131,108,72,88,142,97,129,81,79,105,95,53,102,100,95,20,107,125,80,55,78,55,139,138,143,63,143,133,84,268,128,133,98,78,106,96,127,144,133,180,220,128,163,139,67,138,174,133,111,92,124,147,156,118,133,90,156,123,172,85,109,103,68,114,117,97,61,53
55,56,37,49,86,59,42,48,86,56,30,82,92,28,63,69,89,48,55,64,50,47,59,132,69,71,77,64,86,94,88,82,68,59,86,36,76,61,88,70,77,88,59,57,118,45,59,74,92,79,145,55,73,71,32,112,67,113,39,65,48,77,58,92,67,91,56,67,51,42,42,77,60,70,42,40,53,52,104,48,85,37,50,84,51,39,92,88,58,74,94,69,30,89,43,75,58,43,106,39,29,85,68,48,78,62,78,77,60,73,59,54,45,64,90,81,45,68,40,106,107,75,46,97,82,39,50,44,63,33,83,78,56,103,40,168,56,129,32,68,73,71,74,80,66,95,49,48,54,75,89,93,35,58,86,72,52,98,19,59,89,75,69,93,44,69,89,67,78,57,67,91,48,51,73,48,76,50,54,70,69,51,59,51,48,48,47,75,61,47,91,77,45,75,54,99,62,65,36,48,58,84,48,85,76,50,92,88,76,30,73,31,58,85,83,125,72,62,79,85,78,76,73,99,47,75,58,46,95,90,43,45,37,101,53,40,76,92,90,90,64,40,77,74,59,51,43,52,50,73,96,67,104,73,51,63,54,73,69,35,86,64,45,47,89,66,55,47,85,92,48,111,35,48,28,70,20,40,68,41,51,79,77,47,37,38,34,48,36,33,44,67,82,54,113,82,59,32,67,88,62,88,79,58,81,50,53,90,61,61,48,40,40,97,119,84,66,54,62,35,48,81,73,61,66,37,39,94,117,57,75,44,68,65,102,101,35,42,64,80,40,70,127,50,90,54,47,46,72,86,95,88,70,64,47,67,103,76,69,75,47,53,40,74,77,71,54,80,46,38,55,69,46,66,130,52,71,45,32,52,98,53,26,39,72,68,72,27,48,55,73,83,107,41,82,87,53,47,58,66,111,74,49,82,40,66,50,66,45,70,30,59,41,46,62,80,60,66,47,46,85,94,74,56,43,103,101,69,60,39,73,17,47,60,73,40,74,57,41,66,47,47,94,58,79,83,59,55,72,48,55,47,69,53,68,107,57,55,58,40,99,69,86,46,63,67,82,58,75,68,109,56,82,36,144,53,71,73,70,61,68,77,37,21,73,88,84,41,68,76,83,96,42,45,51,90,80,39,74,47
72,37,73,83,65,39,103,157,257,157,191,124,173,75,115,140,137,138,129,269,121,75,68,128,144,98,207,167,193,122,117,175,166,134,103,183,125,164,188,133,234,114,148,80,192,158,115,90,118,97,253,189,158,73,194,157,74,200,227,88,106,104,133,231,126,141,132,68,171,301,139,270,171,208,143,175,73,194,107,105,157,156,206,236,76,208,84,200,55,103,205,191,130,201,220,101,161,155,115,132,143,177,142,136,171,125,197,127,217,91,227,120,197,218,243,310,277,220,150,152,163,125,170,222,156,97,140,157,130,307,137,326,111,83,112,125,104,97,114,154,186,194,104,187,228,136,95,73,130,94,177,112,91,176,131,156,195,145,122,140,188,60,157,103,248,134,217,276,139,193,143,130,78,54,131,141,132,148,157,99,188,160,114,252,84,261,104,167,162,153,174,187,216,308,149,156,79,98,137,116,201,220,144,202,176,124,176,105,205,153,181,107,101,187,128,134,131,98,91,181,130,124,129,136,222,142,147,226,72,224,150,116,192,122,97,145,111,141,144,181,156,104,87,126,186,126,205,69,111,60,151,223,150,122,152,191,140,183,119,158,127,171,99,172,158,133,142,117,160,95,127,171,232,175,163,234,123,101,198,262,78,203,155,204,103,166,193,153,131,121,113,150,92,164,172,166,84,170,248,203,134,233,190,118,153,182,140,188,109,162,126,135,142,181,134,101,161,144,109,114,181,114,127,156,61,57,123,67,124,97,54,110,139,88,129,96,112,132,57,137,90,69,127,114,54,74,102,111,156,105,106,93,124,74,89,126,115,113,81,87,98,169,219,111,100,154,127,137,151,136,250,102,131,186,153,78,195,171,172,94,111,171,207,164,173,222,170,150,104,212,179,34,71,147,187,158,166,121,112,194,195,115,100,131,285,99,102,115,302,247,89,101,131,174,200,113,129,105,156,154,108,157,133,128,141,154,220,170,139,182,120,187,117,176,149,106,145,257,165,128,217,167,117,96,189,154,162,230,90,162,119,171,309,202,123,401,237,152,225,189,392,175,370,164,188,250,121,223,106,123,241,186,317,178,173,229,177,324,216,152,278,145,213,270,288,141,199,183,176,158,198,232,269,173,169,243,242,135,128,51
222,61,105,145,210,123,155,114,107,256,149,74,125,66,131,142,106,318,106,99,124,120,70,130,334,114,125,115,219,190,219,159,207,149,95,193,119,145,47,52,161,158,147,161,117,208,100,102,197,130,98,189,159,136,154,174,154,214,161,138,167,166,149,144,169,154,153,113,198,243,198,229,179,77,132,177,86,139,112,141,87,147,258,162,167,126,125,149,165,151,105,115,112,64,159,178,88,138,56,166,164,121,124,153,96,115,185,143,173,107,137,140,146,122,278,211,181,157,154,195,67,83,175,123,183,104,101,133,152,149,136,240,56,138,170,226,120,265,158,132,112,135,197,197,156,97,201,102,170,103,179,197,195,218,104,109,146,133,151,40,197,85,193,162,96,158,189,164,167,72,69,168,206,133,70,131,114,258,109,142,120,169,154,155,79,146,153,184,196,218,186,115,190,164,252,124,139,231,145,143,151,135,183,202,202,134,166,144,196,106,226,124,144,160,202,71,172,221,141,129,157,114,127,128,127,147,143,183,212,189,155,168,140,214,204,237,235,171,94,208,129,185,164,162,108,159,118,140,296,177,146,165,143,95,191,130,116,103,193,220,146,280,217,123,123,124,187,140,154,129,83,112,186,236,205,149,193,245,114,156,124,77,140,159,112,98,56,65,80,79,129,65,148,211,93,185,84,79,166,161,110,195,176,107,202,137,98,203,264,65,222,80,58,114,175,165,134,125,161,208,291,293,77,215,201,75,155,232,234,206,128,139,187,119,221,131,199,296,259,119,184,106,235,151,191,240,164,122,121,83,161,164,171,139,216,217,146,193,250,121,178,111,248,141,92,136,169,146,203,101,136,74,128,147,199,124,200,182,70,152,162,145,150,173,71,108,172,107,143,113,224,84,177,229,187,106,89,179,120,147,223,98,104,158,241,192,79,200,149,128,134,107,136,92,121,186,175,143,140,201,125,124,177,137,136,128,212,212,193,137,242,178,112,146,247,136,79,153,238,192,215,140,254,192,107,204,258,101,119,233,126,103,128,90,156,94,183,197,94,188,178,213,166,99,205,178,193,137,173,158,147,213,115,175,63,286,99,206,141,107,152,114,68,104,233,194,100,199,176,229,127,124,139,138,213,177,168,171,131,188
123,105,59,76,95,91,86,163,186,50,178,74,152,107,84,78,182,178,112,126,73,128,105,202,102,290,122,118,232,189,81,192,187,75,126,252,144,204,84,249,111,112,165,120,121,169,108,127,133,162,183,126,253,106,163,141,255,115,166,130,120,251,170,264,73,134,78,156,175,162,109,185,162,113,83,180,156,97,97,221,122,196,143,188,153,132,154,130,127,96,226,161,92,88,207,81,108,181,140,111,102,139,115,152,129,90,98,97,161,84,89,196,167,139,201,206,82,74,220,212,172,174,210,140,123,136,220,142,195,94,83,185,87,105,108,170,177,214,207,159,116,190,151,150,121,142,202,118,67,155,168,132,178,144,146,75,375,131,89,122,175,200,165,162,147,50,125,174,84,175,52,158,134,124,88,111,93,186,176,48,185,187,132,96,189,167,138,74,97,210,114,178,192,121,127,140,165,131,162,157,236,193,172,125,108,172,115,221,180,183,128,192,194,107,119,183,190,240,145,172,235,138,225,215,160,116,178,169,257,129,137,120,180,101,129,80,183,107,164,166,231,171,133,203,73,119,191,66,177,53,141,182,154,180,129,181,163,211,140,102,273,303,315,155,525,191,219,157,270,173,363,370,362,229,253,236,248,211,253,347,311,354,302,298,202,357,222,205,173,258,234,346,313,263,350,224,257,306,264,211,292,199,314,330,484,300,301,272,318,123,94,158,196,170,95,293,206,96,128,87,123,234,155,94,166,216,127,263,277,181,198,78,109,178,161,151,248,148,187,123,166,203,161,125,159,113,108,138,116,190,171,96,204,136,134,40,136,139,253,117,173,109,234,128,96,138,130,223,97,147,212,149,66,83,121,115,101,123,161,207,64,199,161,79,138,116,185,184,109,251,293,181,151,188,139,55,140,177,126,183,128,127,154,244,137,148,171,235,195,156,162,140,108,119,156,195,171,147,147,122,72,199,190,123,129,299,97,145,177,79,151,108,149,125,138,152,140,239,140,162,127,200,153,116,105,96,162,158,137,127,147,93,216,92,162,112,208,179,191,124,116,157,99,141,142,121,104,102,53,171,120,148,161,125,207,210,107,148,187,128,107,172,177,181,160,145,185,104,104,153,211,183,88,87,156,142,82,141,148,142
127,89,74,174,85,148,85,55,59,54,98,81,90,71,58,116,92,169,65,89,63,75,104,52,123,110,111,144,94,85,111,36,92,47,76,101,75,76,143,97,93,126,141,47,53,123,88,165,95,50,103,37,89,76,136,81,96,111,86,102,61,57,97,99,90,86,131,167,73,90,114,118,114,69,57,103,101,53,69,134,115,137,97,120,44,73,74,78,80,96,62,77,83,143,83,58,69,59,97,39,40,101,56,127,76,131,59,136,109,108,103,119,79,54,105,87,66,85,50,86,118,89,146,141,65,89,114,86,56,102,87,80,106,64,130,111,82,75,156,58,108,118,74,93,50,80,109,94,179,85,83,51,78,106,72,55,129,73,62,153,118,72,68,161,93,43,70,84,88,44,69,90,49,107,109,117,77,81,73,102,151,102,62,130,103,85,57,64,68,135,67,36,44,64,106,49,81,112,136,117,91,127,59,123,81,91,110,87,72,115,72,61,131,90,125,113,108,91,50,87,78,50,55,87,57,82,74,109,94,149,66,58,68,128,107,84,112,54,115,105,95,66,149,64,132,108,156,141,109,125,77,71,87,123,134,130,72,111,104,49,68,109,79,59,82,103,95,108,57,59,97,92,113,157,93,103,125,63,54,72,92,169,75,149,64,38,29,68,25,42,89,95,59,98,83,128,91,74,126,96,93,122,135,71,62,106,108,139,58,125,64,78,68,62,114,118,76,132,81,125,64,86,83,63,105,85,54,89,98,172,87,81,124,142,167,87,113,61,49,83,129,39,64,79,89,91,128,94,88,79,103,112,91,152,133,60,73,126,53,86,72,115,111,80,124,104,98,110,70,68,105,89,121,50,135,55,108,87,134,68,86,67,55,89,102,60,87,76,140,50,72,94,80,52,91,93,124,43,106,128,51,104,102,61,122,134,77,94,95,170,111,77,64,54,107,46,103,60,70,73,127,92,51,62,94,153,95,104,117,114,134,69,45,122,91,114,70,118,76,71,86,95,120,84,106,92,60,121,89,99,90,67,59,95,79,110,51,76,74,120,73,84,109,58,69,157,111,99,97,120,71,93,70,56,103,49,131,43,97,92,82,84,95,96,89,142,97,101,47,143,83,62,62,93,59,65,107,176,84,113
69,86,86,62,86,68,64,91,85,178,133,110,63,89,100,118,122,53,114,77,110,88,60,71,173,118,143,102,149,71,110,120,74,100,42,121,80,137,94,40,132,142,66,57,82,125,81,140,150,202,154,100,86,161,48,117,90,90,87,127,74,84,100,110,58,93,77,145,154,78,93,66,86,49,99,95,106,73,76,124,87,101,100,88,106,105,151,154,104,116,112,122,92,135,62,82,136,104,63,89,197,91,51,89,134,89,101,85,83,105,90,86,103,78,201,99,110,87,103,73,103,133,102,62,91,66,105,93,55,106,66,134,72,81,138,52,161,124,65,40,100,89,78,88,95,119,121,114,118,132,118,88,60,55,65,111,53,77,217,127,96,168,103,167,171,64,84,63,126,117,94,75,78,108,165,100,147,70,82,119,130,35,132,107,70,60,134,68,123,107,82,142,99,78,77,126,119,88,88,147,103,94,200,156,94,75,123,86,80,108,86,200,122,108,168,104,69,116,63,139,54,129,151,98,119,96,135,134,244,97,115,175,105,131,78,65,37,74,55,152,70,135,194,114,81,92,121,66,115,99,68,126,79,112,42,118,130,72,74,91,134,137,191,86,126,140,111,36,73,111,119,143,91,115,144,89,87,102,40,134,157,60,148,110,45,33,74,46,67,24,118,103,160,121,65,116,156,107,168,136,82,148,48,113,81,139,213,68,92,89,105,125,68,93,53,71,82,147,135,187,83,90,115,124,70,92,131,123,201,109,104,131,45,123,302,188,72,76,73,122,102,95,98,139,140,89,121,61,121,190,84,94,85,126,115,62,86,119,75,86,165,71,247,91,120,113,75,82,186,168,98,72,77,111,54,93,62,83,116,80,81,184,93,94,185,83,77,57,89,90,66,51,103,96,165,79,160,125,97,126,156,91,156,72,71,115,147,92,51,101,126,113,96,114,109,150,112,78,108,138,108,131,100,74,67,148,127,82,129,119,107,129,104,140,64,148,91,66,76,70,167,61,85,96,122,65,107,84,159,70,77,132,79,163,70,189,109,55,70,82,80,106,113,62,108,158,61,134,72,114,118,67,127,141,135,79,78,66,126,134,125,131,75,66,109,77,72,67,128,76,147,96,183,68,86,95,121,83,85,88
166,117,160,155,154,161,105,143,153,163,96,69,114,225,164,154,88,109,123,147,57,178,115,176,161,94,164,171,112,190,240,150,164,111,86,172,198,65,105,95,181,159,131,84,179,112,130,148,215,322,172,158,171,147,90,150,207,153,98,170,191,95,154,100,138,106,161,159,122,123,202,89,138,100,203,127,122,170,162,110,103,104,142,153,68,144,255,138,85,136,135,82,185,148,87,178,221,178,109,176,116,153,196,100,43,137,139,149,191,100,184,161,145,144,188,162,135,169,112,171,188,190,158,62,114,88,109,172,60,110,111,125,219,99,98,164,73,178,126,181,85,108,133,61,165,118,205,177,152,135,93,70,179,71,135,94,128,133,140,201,144,112,130,171,152,202,118,224,47,115,185,101,129,183,152,81,97,186,237,161,146,99,88,70,210,119,184,147,85,106,170,199,142,134,121,104,121,123,116,160,183,152,146,158,182,97,119,189,92,115,112,166,174,72,119,184,109,117,139,90,133,152,227,139,200,159,135,128,135,156,119,71,215,147,60,151,134,106,135,215,108,103,186,170,99,101,162,230,104,110,55,113,193,188,193,143,157,116,197,274,190,154,184,229,126,140,94,180,122,184,119,130,171,103,177,131,177,82,132,133,62,115,100,70,57,75,71,33,80,75,155,132,62,156,150,156,257,133,109,106,136,69,113,183,205,127,147,209,134,166,49,47,178,91,130,137,199,129,72,182,285,152,132,137,78,143,247,73,105,120,69,81,62,154,214,217,174,125,108,112,106,196,132,156,178,136,125,141,149,115,193,121,190,121,89,164,86,87,168,141,190,128,138,171,148,131,150,143,159,197,110,99,143,121,151,144,86,232,178,191,206,257,92,61,117,120,115,143,129,130,76,119,85,265,100,99,137,148,139,83,207,184,199,119,145,121,171,126,226,167,127,208,87,70,124,140,194,101,131,132,97,144,132,172,124,156,74,112,122,119,55,112,134,119,154,133,136,112,67,112,124,137,182,53,124,83,166,129,109,135,180,215,259,117,111,153,145,106,73,89,109,188,170,142,100,178,61,77,136,194,143,122,130,179,158,148,132,155,76,115,60,137,169,125,88,170,191,64,177,146,169,178,182,142,92,139,196,137,205,187
117,57,183,67,153,46,137,85,112,103,50,221,83,107,101,142,94,56,145,138,101,106,70,97,116,63,82,61,62,117,92,97,74,74,164,120,108,181,61,46,88,96,70,102,102,81,74,75,69,94,217,101,124,77,170,54,111,70,96,84,82,123,130,102,105,137,150,78,117,60,76,103,83,216,96,74,98,109,86,103,93,100,77,49,85,113,135,166,85,120,38,110,89,78,143,91,118,325,104,142,112,158,83,75,30,120,145,147,84,74,99,72,136,41,93,65,105,137,118,124,112,104,47,118,88,98,65,104,99,99,160,69,125,111,86,79,77,95,92,122,48,97,52,98,60,86,155,82,103,108,98,99,98,68,50,99,88,66,164,192,137,107,87,136,84,141,84,76,76,77,97,135,125,98,110,55,76,107,87,142,111,99,71,50,79,53,110,66,131,110,81,99,82,135,98,48,109,143,146,59,107,94,49,90,69,94,77,97,81,127,175,126,67,103,119,98,168,88,133,87,94,106,81,42,118,75,33,112,80,103,120,39,87,109,81,124,68,65,83,133,83,80,81,78,64,188,96,125,107,84,131,102,128,84,54,74,108,54,93,215,86,33,134,75,55,96,90,76,117,128,90,113,109,115,119,91,94,117,100,121,68,111,101,99,48,51,40,74,52,96,74,94,80,188,85,50,65,68,91,85,104,98,109,113,85,120,85,59,112,91,51,66,93,36,138,151,61,72,89,118,153,86,90,111,93,117,66,133,47,83,126,107,82,197,119,132,101,74,85,98,117,186,178,92,152,89,100,85,92,167,85,177,90,101,87,39,71,165,93,147,141,163,73,190,101,76,103,99,110,63,108,63,145,57,130,93,70,124,123,95,105,69,60,172,65,124,155,77,104,122,111,91,178,106,156,103,115,188,89,60,64,86,45,80,81,75,98,118,87,55,144,74,81,114,135,115,135,91,61,87,88,93,113,89,115,83,119,110,131,81,155,87,90,96,119,81,66,86,74,133,163,96,169,169,89,112,84,72,121,114,71,99,142,109,79,112,77,120,85,210,136,104,139,149,128,122,99,100,81,58,102,102,67,74,152,66,146,112,95,165,54,87,103,102,84,155,73,73,124,130,131,79,139,91,90,90,140,96,139,125
105,146,63,57,57,132,61,85,122,161,88,53,125,54,65,113,89,97,66,96,90,75,107,109,152,82,117,72,64,145,90,100,73,40,77,108,90,77,124,73,51,87,100,84,110,82,22,146,123,108,79,51,78,55,79,157,49,69,63,87,64,80,84,62,83,67,97,59,91,163,72,39,136,65,58,43,76,48,100,39,139,69,160,76,61,83,85,75,95,78,71,73,56,72,51,55,52,135,93,34,78,70,49,142,50,46,88,42,116,120,77,54,110,57,81,120,62,123,81,47,89,32,43,55,78,90,21,52,65,97,57,48,72,85,78,52,75,161,66,70,74,81,69,70,70,62,75,82,70,141,112,63,80,119,106,94,102,93,69,53,83,43,50,113,59,97,132,63,103,114,130,107,90,94,57,77,73,63,56,52,46,44,76,82,62,89,43,148,78,81,127,71,75,109,156,82,65,118,78,93,74,84,92,88,99,65,52,105,135,89,151,89,59,105,86,82,58,71,120,64,152,80,110,86,53,69,58,88,92,116,77,129,32,97,149,89,62,84,85,135,109,88,99,64,54,90,62,58,81,66,62,72,144,70,116,95,146,58,104,46,82,98,67,78,69,56,40,101,142,49,105,84,100,75,87,95,76,128,56,37,77,94,115,96,26,26,51,25,46,38,117,67,94,70,79,112,67,75,85,121,71,141,76,102,79,85,90,102,85,82,76,118,80,94,88,38,64,61,140,94,92,59,104,65,130,75,112,62,68,62,58,75,120,92,160,78,69,105,74,72,85,76,69,48,88,71,66,38,101,46,132,73,72,92,105,110,78,80,47,88,86,90,70,67,111,98,66,131,61,67,102,72,56,90,66,159,54,97,68,75,62,46,67,103,46,67,68,90,62,83,101,70,118,123,41,59,60,54,106,90,98,181,137,76,78,83,74,146,91,38,93,58,108,84,91,86,83,49,66,73,113,55,47,80,60,58,62,62,100,73,101,127,55,82,149,78,128,52,108,68,63,41,59,113,68,59,122,81,62,33,91,135,78,72,104,99,57,88,90,123,56,94,119,114,57,64,106,104,95,79,125,130,50,50,118,76,137,164,57,71,60,82,116,94,51,57,61,107,46,84,105,89,69,94,28,92,83,77,71,49
130,94,177,198,167,117,157,123,149,111,125,135,202,68,130,94,162,135,92,131,147,112,163,150,99,162,143,183,140,182,139,87,115,249,171,187,102,114,178,171,157,187,98,200,147,105,193,97,110,97,116,145,141,91,96,73,204,83,139,95,91,126,105,156,135,239,104,212,125,164,114,115,74,152,183,108,134,159,142,141,173,175,132,119,115,134,53,160,168,74,141,124,115,114,118,147,87,90,167,117,88,96,112,132,129,138,89,66,129,142,105,154,77,109,107,102,92,120,122,127,168,154,114,140,202,146,148,231,203,138,127,120,248,146,84,220,81,143,83,202,108,168,125,118,148,106,155,205,144,146,164,130,198,199,164,207,109,155,98,165,99,118,201,119,116,103,250,131,231,113,83,217,95,58,136,171,123,136,86,252,121,128,181,87,81,211,98,180,79,132,159,98,69,170,125,185,144,120,76,222,178,145,139,115,163,103,110,142,74,197,119,83,129,163,70,135,103,181,145,154,179,120,88,97,123,53,133,111,87,141,108,183,210,69,79,134,148,167,76,221,148,140,98,154,130,82,99,207,201,157,44,203,197,114,197,159,124,134,114,101,98,91,123,99,95,78,125,126,151,136,135,96,124,104,88,36,191,145,97,117,151,179,143,131,61,80,49,52,46,27,96,144,77,118,125,121,111,181,121,177,136,96,273,90,242,121,112,131,176,162,144,80,130,161,76,158,121,117,142,166,126,285,226,73,39,124,110,147,133,80,64,108,150,179,328,152,237,126,128,122,68,153,138,75,171,121,91,115,126,120,175,89,92,126,335,155,106,214,80,87,116,224,171,88,102,144,133,259,133,90,78,237,188,128,107,89,98,201,115,140,102,123,226,270,143,128,135,141,128,191,94,194,103,172,134,78,95,101,188,186,83,169,96,116,158,161,96,108,110,152,157,220,108,207,145,104,243,147,103,92,149,91,64,194,156,149,103,101,111,160,167,123,137,133,89,140,141,150,185,138,114,94,153,163,82,104,107,147,83,137,99,142,161,110,163,137,103,71,66,93,129,141,172,136,79,140,116,105,93,220,190,92,122,128,119,192,224,124,75,75,109,71,104,92,98,135,135,123,126,114,162,93,199,68,68,95,99,159,156,163
55,109,122,73,142,107,91,141,96,132,152,117,139,183,138,129,135,140,195,94,186,203,107,74,237,111,111,102,129,130,149,140,207,149,144,128,141,144,99,148,238,246,143,194,98,253,106,126,139,173,146,125,137,129,125,104,121,161,140,185,85,149,99,168,280,221,169,167,309,178,146,193,103,194,168,182,228,121,112,134,202,179,145,182,119,152,197,188,161,231,110,154,119,102,211,169,158,244,154,219,107,135,236,139,259,194,138,86,210,185,192,73,174,153,162,189,177,188,152,276,127,222,221,146,133,128,87,124,59,211,188,332,151,94,211,119,128,210,142,115,136,181,177,143,161,211,201,190,95,150,192,165,290,129,151,206,180,166,116,136,80,165,123,147,123,129,145,213,187,185,207,53,143,173,81,154,83,128,86,125,312,100,196,99,113,227,130,120,193,288,83,87,132,197,151,151,94,147,291,92,257,195,134,113,204,186,130,143,294,144,237,143,134,106,87,212,163,104,205,165,192,164,154,109,190,145,167,231,160,144,97,270,118,258,220,162,156,131,159,149,167,216,74,169,229,210,151,130,119,183,116,102,100,155,169,157,138,131,288,326,261,409,201,259,194,322,158,271,305,290,147,334,335,138,136,201,172,221,300,185,266,124,456,183,527,205,236,76,246,270,317,427,210,206,275,344,307,274,206,233,403,303,227,157,226,325,299,180,302,130,348,118,159,134,252,133,221,191,129,115,95,129,90,212,121,103,126,101,168,214,180,125,184,175,132,153,186,200,118,178,226,162,117,208,194,166,154,121,181,165,85,139,99,162,204,148,208,101,117,180,164,172,212,141,79,166,224,161,128,167,144,112,194,233,166,90,216,254,168,223,239,180,251,205,203,120,132,146,78,83,68,133,216,116,178,141,188,90,182,193,168,148,116,119,132,138,131,199,255,179,120,93,130,194,140,175,195,138,314,154,99,135,154,224,129,146,185,168,175,157,150,75,147,230,124,202,328,192,219,197,184,199,146,190,220,175,238,152,180,157,153,66,150,144,179,238,146,88,167,132,111,159,123,140,178,103,76,150,234,159,197,182,120,155,202,196,136,187,85,71,112,79,140,78,239,196,71,151,143,161,128,191,170,150,154,227,252,259,172,103
190,230,191,145,189,135,148,151,145,155,119,90,142,135,229,148,145,104,117,149,210,121,94,162,57,289,115,130,252,201,135,249,245,152,164,181,114,104,211,224,195,102,245,137,108,122,112,182,191,158,157,185,153,131,248,120,151,198,102,154,164,165,129,164,162,142,141,231,161,195,59,149,144,138,161,73,120,249,192,142,285,149,103,121,164,218,120,105,137,136,97,173,163,151,133,103,107,126,158,86,205,117,213,134,190,126,97,272,198,140,242,204,138,100,188,120,154,247,223,281,188,121,174,137,103,166,96,81,92,189,64,158,111,114,101,139,126,129,118,143,140,187,168,178,144,177,226,201,105,84,95,64,98,136,200,163,149,160,149,172,182,219,205,86,199,161,201,156,165,183,210,165,96,80,200,172,180,125,274,220,107,160,117,186,103,167,99,247,128,120,133,149,92,131,91,289,152,211,235,275,253,98,155,79,101,188,154,168,121,77,98,223,215,108,249,145,154,151,95,188,151,152,80,116,104,178,33,119,146,53,126,122,64,158,135,133,151,187,78,114,161,156,179,85,131,132,308,168,154,159,167,140,120,91,104,212,198,135,194,110,105,170,84,237,150,107,108,153,146,81,109,122,160,132,145,142,113,134,120,210,178,102,148,128,68,81,65,53,62,124,130,114,116,188,191,161,225,101,200,122,153,154,119,158,75,146,267,201,133,141,166,75,180,193,166,116,108,100,321,96,138,142,131,157,118,123,170,200,146,121,171,283,200,289,196,183,124,155,164,154,122,190,269,69,294,117,98,202,131,169,143,111,154,163,69,182,158,177,158,79,110,114,174,66,153,96,177,116,148,183,156,195,117,110,137,114,166,151,210,95,160,159,214,121,142,208,161,148,159,163,144,206,126,140,164,57,112,116,257,83,204,182,87,210,176,119,91,83,240,204,185,149,228,166,162,116,164,138,181,100,182,195,124,131,97,207,125,105,115,136,118,207,166,139,145,123,233,188,125,66,290,176,158,188,80,185,155,179,142,146,120,102,129,254,141,101,62,137,214,100,157,155,113,141,121,171,115,126,114,123,133,84,163,172,104,89,144,148,116,82,101,106,55,121,101,95,193,148,168,82,85,86,145,177,137,119,146,61,100,166
54,128,193,89,83,140,84,66,72,86,204,95,52,131,99,56,85,104,112,63,91,114,101,91,48,67,65,93,106,80,49,94,72,106,128,113,107,161,80,86,108,136,50,41,86,121,125,100,94,171,104,91,101,99,43,111,115,119,95,73,109,116,97,95,99,83,102,89,84,57,136,91,89,116,111,76,100,136,110,49,69,172,70,103,81,108,63,139,153,170,74,122,81,60,143,100,56,125,67,114,96,72,66,83,74,85,82,67,124,81,189,122,87,87,80,76,115,86,114,78,67,163,164,129,62,145,124,167,115,95,178,95,139,118,109,90,126,176,132,115,73,123,133,122,120,61,46,88,141,112,72,65,104,59,127,33,104,117,106,95,131,99,108,60,81,160,137,90,76,156,173,135,77,143,76,61,64,79,95,145,58,104,138,159,90,59,101,110,119,157,108,104,85,142,123,130,99,83,130,94,85,45,69,106,102,128,81,107,177,106,104,103,75,66,61,140,125,117,144,15,83,174,90,117,126,105,94,119,105,134,42,77,81,77,125,75,39,75,157,51,105,92,65,144,117,74,87,62,94,94,118,98,38,134,93,123,85,108,121,105,74,109,131,107,113,69,93,74,101,189,136,123,115,119,123,137,162,26,111,139,105,92,88,121,46,47,33,70,41,50,81,143,89,60,114,102,111,85,92,115,100,109,35,86,89,111,149,110,44,127,97,109,109,93,73,174,153,165,125,105,124,103,60,119,110,113,80,57,98,133,119,121,108,216,133,204,130,107,53,134,103,64,68,118,176,98,151,55,84,93,82,49,144,103,91,102,74,109,95,126,121,98,111,127,64,65,67,38,106,177,80,106,78,107,157,133,149,182,94,95,77,114,106,128,94,132,139,62,149,53,96,106,125,64,76,115,157,103,140,95,124,64,108,99,90,62,110,113,98,64,131,66,97,58,115,198,49,106,76,78,108,78,165,165,133,140,109,122,191,42,107,138,77,39,98,150,110,98,99,82,100,90,84,98,65,74,43,106,62,96,103,170,108,80,90,122,114,105,58,94,99,97,67,96,98,141,91,109,122,125,98,52,75,67,98,106,43,82,106,126,99,54,121,103,144,77,44,127,90,89,95,74,106,110,127,190,69,114,127,101
62,41,78,55,78,65,64,59,60,130,51,62,88,80,53,45,62,73,55,59,86,52,42,72,77,76,128,73,80,37,75,34,69,85,80,70,104,75,24,66,148,38,71,68,92,60,33,79,49,32,63,68,49,87,55,66,84,78,29,52,44,56,38,73,51,68,66,41,65,57,36,71,89,45,50,76,57,36,76,70,111,48,58,60,56,68,36,39,66,66,69,71,56,95,108,91,94,62,68,68,47,53,93,84,67,55,55,98,104,76,63,76,52,87,134,38,75,92,68,55,83,70,75,61,82,38,60,112,67,85,85,68,58,72,53,37,70,75,51,57,37,70,79,29,45,62,87,79,87,41,58,38,93,53,93,55,113,41,105,44,57,71,89,110,68,57,66,37,42,48,52,58,46,56,126,138,85,64,107,57,42,80,83,78,96,47,84,94,58,77,48,48,33,107,74,95,99,71,44,56,73,88,48,50,54,46,51,71,69,57,80,57,70,76,70,76,58,78,71,65,61,92,116,50,50,69,42,85,51,81,66,103,58,64,29,81,41,71,102,45,85,88,86,71,53,83,74,82,32,65,77,103,51,70,61,111,67,67,44,110,48,66,59,70,60,49,53,64,102,55,114,54,63,128,82,47,53,63,57,56,112,65,44,29,42,24,43,46,16,48,70,54,56,40,89,55,54,83,107,80,37,60,106,59,43,70,40,99,41,68,43,98,106,57,84,59,62,16,78,46,73,45,80,39,58,59,78,86,68,62,68,109,73,95,122,82,67,69,82,64,49,55,129,55,63,91,70,71,72,69,33,63,53,77,91,124,61,58,41,80,43,55,59,51,92,89,90,77,28,89,44,33,67,66,52,89,39,73,64,21,69,104,56,36,51,63,43,51,79,34,44,100,80,74,76,46,92,65,83,68,60,54,58,67,31,78,34,65,67,35,31,59,121,56,50,50,97,82,38,65,32,47,70,37,61,66,97,72,79,58,70,93,58,81,54,56,62,93,84,43,72,87,65,81,65,27,49,53,93,87,39,49,68,62,50,62,28,55,77,93,33,74,70,74,76,81,51,26,102,62,97,55,66,62,66,50,62,50,77,67,91,54,127,63,54,42,65,69,60,39,46,46,43,51,49,70,63,74,83,47
