method,dataset,rep,clones,beta,lambdaE,N,pNormal,lambdaDelta,focal,mean_library_size,mean_allelic_coverage,phase_switch,wgd,doublet,hscn_error,tcn_mse,clone_ari,clone_nmi,loh_f1,loh_precision,loh_recall,msr,breakpoint_f1,breakpoint_precision,breakpoint_recall,nrf_distance,tree_coverage,cell_node_match_accuracy,retention_rate
SEACON,amplitude_1_0_rep42,42,4,0.5,40.0,200,0.1,1.0,0.7,100.0,0.2,0.01,0.0,0.0,0.7020394736842105,NA,0.32517378380827444,0.474271156547812,0.8046218487394958,0.9980456026058632,0.6739991201055874,1.0,0.14492753623188404,0.07936507936507936,0.8333333333333334,NA,NA,NA,NA
SEACON,amplitude_1_0_rep43,43,4,0.5,40.0,200,0.1,1.0,0.7,100.0,0.2,0.01,0.0,0.0,0.47858823529411765,NA,0.41792268281322775,0.5747289452525411,0.9139987445072192,0.9817936614969656,0.8549618320610687,0.0,0.6433566433566433,0.575,0.7301587301587301,NA,NA,NA,NA
SEACON,amplitude_1_0_rep44,44,4,0.5,40.0,200,0.1,1.0,0.7,100.0,0.2,0.01,0.0,0.0,1.5478461538461539,NA,0.2731147432388421,0.48387270211919403,0.9215740999162711,0.9892150988615938,0.8625914315569488,1.0,0.08735632183908046,0.045949214026602174,0.8837209302325582,NA,NA,NA,NA
SEACON,amplitude_1_0_rep45,45,4,0.5,40.0,200,0.1,1.0,0.7,100.0,0.2,0.01,0.0,0.0,0.13423076923076924,NA,0.715815869220918,0.8003922781268904,0.8942440521872601,0.9904794287657259,0.815053161723559,0.5,0.6760563380281691,0.549618320610687,0.8780487804878049,NA,NA,NA,NA
SEACON,amplitude_1_0_rep46,46,4,0.5,40.0,200,0.1,1.0,0.7,100.0,0.2,0.01,0.0,0.0,1.0996428571428571,NA,0.38168938966425014,0.5725147634026361,0.889896373056995,0.9942112879884226,0.8053927315357562,1.0,0.0910344827586207,0.04874446085672083,0.6875,NA,NA,NA,NA
SEACON,amplitude_4_0_rep42,42,4,0.5,40.0,200,0.1,4.0,0.7,100.0,0.2,0.01,0.0,0.0,0.6810752688172043,NA,0.6278907939756867,0.7304776281994833,0.902506963788301,0.9242053789731052,0.8818040435458787,0.5,0.19076005961251868,0.10666666666666667,0.9014084507042254,NA,NA,NA,NA
SEACON,amplitude_4_0_rep43,43,4,0.5,40.0,200,0.1,4.0,0.7,100.0,0.2,0.01,0.0,0.0,0.461968085106383,NA,0.5654378278038505,0.7203935496195533,0.8837494883340156,0.934227607096495,0.8384466019417476,0.0,0.7294117647058823,0.6326530612244898,0.8611111111111112,NA,NA,NA,NA
SEACON,amplitude_4_0_rep44,44,4,0.5,40.0,200,0.1,4.0,0.7,100.0,0.2,0.01,0.0,0.0,1.7975609756097561,NA,0.3137845419699715,0.46516013366537495,0.8387978142076503,0.9258142340168878,0.7667332667332667,NA,0.20190476190476192,0.11397849462365592,0.8833333333333333,NA,NA,NA,NA
SEACON,amplitude_4_0_rep45,45,4,0.5,40.0,200,0.1,4.0,0.7,100.0,0.2,0.01,0.0,0.0,0.7029347826086957,NA,0.4953634735450178,0.6262037006862124,0.8176758306628437,0.9391708640061992,0.7240143369175627,0.6666666666666666,0.631578947368421,0.6666666666666666,0.6,NA,NA,NA,NA
SEACON,amplitude_4_0_rep46,46,4,0.5,40.0,200,0.1,4.0,0.7,100.0,0.2,0.01,0.0,0.0,0.7733552631578947,NA,0.5938250941675657,0.7413819614668704,0.7448539971278123,0.8790960451977401,0.6461794019933554,NA,0.6153846153846153,0.4943820224719101,0.8148148148148148,NA,NA,NA,NA
SEACON,beta_0_1_rep42,42,4,0.1,40.0,200,0.1,2.0,0.7,100.0,0.2,0.01,0.0,0.0,0.50125,NA,0.3286628851195717,0.570475020801565,0.9341242585076491,0.988110964332893,0.8857312018946122,0.8,0.2753623188405797,0.1623931623931624,0.9047619047619048,NA,NA,NA,NA
SEACON,beta_0_1_rep43,43,4,0.1,40.0,200,0.1,2.0,0.7,100.0,0.2,0.01,0.0,0.0,0.4027272727272727,NA,0.259170565919162,0.5103237951784451,0.8449559918754233,0.9369369369369369,0.7694204685573366,NA,0.6417910447761194,0.5443037974683544,0.7818181818181819,NA,NA,NA,NA
SEACON,beta_0_1_rep44,44,4,0.1,40.0,200,0.1,2.0,0.7,100.0,0.2,0.01,0.0,0.0,1.455774647887324,NA,0.3007217308465112,0.43452484371256683,0.9070772555375474,0.9970308788598575,0.83201189296333,0.6666666666666666,0.38333333333333336,0.24083769633507854,0.9387755102040817,NA,NA,NA,NA
SEACON,beta_0_1_rep45,45,4,0.1,40.0,200,0.1,2.0,0.7,100.0,0.2,0.01,0.0,0.0,0.4166470588235294,NA,0.6096791165372819,0.6794134468197656,0.8628055494384497,0.9350835322195704,0.8008994276369583,1.0,0.7543859649122807,0.8431372549019608,0.6825396825396826,NA,NA,NA,NA
SEACON,beta_0_1_rep46,46,4,0.1,40.0,200,0.1,2.0,0.7,100.0,0.2,0.01,0.0,0.0,1.0298360655737704,NA,0.5975257012609451,0.7316448907944021,0.6353944562899786,0.9933333333333333,0.4670846394984326,NA,0.7294117647058824,0.6739130434782609,0.7948717948717948,NA,NA,NA,NA
SEACON,beta_0_3_rep42,42,4,0.3,40.0,200,0.1,2.0,0.7,100.0,0.2,0.01,0.0,0.0,0.568671875,NA,0.5451336458700994,0.6658592118032395,0.9227311042427648,0.9826451226810293,0.8697033898305084,0.42857142857142855,0.28571428571428575,0.16964285714285715,0.9047619047619048,NA,NA,NA,NA
SEACON,beta_0_3_rep43,43,4,0.3,40.0,200,0.1,2.0,0.7,100.0,0.2,0.01,0.0,0.0,0.7139610389610389,NA,0.18327199255315008,0.39659403136368054,0.8719948018193632,0.9696531791907514,0.7922077922077922,NA,0.6478873239436619,0.5287356321839081,0.8363636363636363,NA,NA,NA,NA
SEACON,beta_0_3_rep44,44,4,0.3,40.0,200,0.1,2.0,0.7,100.0,0.2,0.01,0.0,0.0,1.0633098591549295,NA,0.30516737000610805,0.5030618828044233,0.9075810340208947,0.9912229373902867,0.8369565217391305,0.6666666666666666,0.13202247191011238,0.07088989441930618,0.9591836734693877,NA,NA,NA,NA
SEACON,beta_0_3_rep45,45,4,0.3,40.0,200,0.1,2.0,0.7,100.0,0.2,0.01,0.0,0.0,0.34511764705882353,NA,0.7414747361125948,0.7659632928209704,0.8741949334478316,0.9356617647058824,0.8203062046736502,1.0,0.7478260869565218,0.8269230769230769,0.6825396825396826,NA,NA,NA,NA
SEACON,beta_0_3_rep46,46,4,0.3,40.0,200,0.1,2.0,0.7,100.0,0.2,0.01,0.0,0.0,1.0077868852459015,NA,0.3885731529513356,0.57090561434837,0.5972369819341127,1.0,0.4257575757575758,NA,0.7654320987654322,0.7380952380952381,0.7948717948717948,NA,NA,NA,NA
SEACON,beta_0_5_rep42,42,4,0.5,40.0,200,0.1,2.0,0.7,100.0,0.2,0.01,0.0,0.0,1.30140625,NA,0.2549951276161692,0.4680416561384613,0.903869407496977,0.9881031064111038,0.8328690807799443,1.0,0.2611683848797251,0.15261044176706828,0.9047619047619048,NA,NA,NA,NA
SEACON,beta_0_5_rep43,43,4,0.5,40.0,200,0.1,2.0,0.7,100.0,0.2,0.01,0.0,0.0,0.4755844155844156,NA,0.2285837129592718,0.5012069624574648,0.8493827160493828,0.9476584022038568,0.7695749440715883,NA,0.8333333333333334,0.8490566037735849,0.8181818181818182,NA,NA,NA,NA
SEACON,beta_0_5_rep44,44,4,0.5,40.0,200,0.1,2.0,0.7,100.0,0.2,0.01,0.0,0.0,1.4487323943661972,NA,0.2999358107406793,0.5006239478489328,0.9186449719925313,0.9959514170040485,0.8524752475247525,0.6666666666666666,0.1116751269035533,0.05953991880920163,0.8979591836734694,NA,NA,NA,NA
SEACON,beta_0_5_rep45,45,4,0.5,40.0,200,0.1,2.0,0.7,100.0,0.2,0.01,0.0,0.0,0.3029411764705882,NA,0.7670499092364237,0.8135519848145821,0.8823900694298338,0.9374161823871257,0.8334658187599364,1.0,0.7478260869565218,0.8269230769230769,0.6825396825396826,NA,NA,NA,NA
SEACON,beta_0_5_rep46,46,4,0.5,40.0,200,0.1,2.0,0.7,100.0,0.2,0.01,0.0,0.0,1.4864754098360655,NA,0.3502384188218995,0.4957793372397623,0.6788813886210222,0.9915492957746479,0.5161290322580645,NA,0.4689655172413793,0.32075471698113206,0.8717948717948718,NA,NA,NA,NA
SEACON,cells_500_rep42,42,4,0.5,40.0,500,0.1,2.0,0.7,100.0,0.2,0.01,0.0,0.0,1.410126582278481,NA,0.706218392209868,0.7785527399011098,0.9200893624334078,0.9972061836468616,0.8540437071303238,0.9411764705882353,0.05004389815627743,0.025664115263394866,1.0,NA,NA,NA,NA
SEACON,cells_500_rep43,43,4,0.5,40.0,500,0.1,2.0,0.7,100.0,0.2,0.01,0.0,0.0,0.6941627906976744,NA,0.5195103841929363,0.7021040717670345,0.9459661354581673,0.9751026694045175,0.9185203094777563,0.6,0.08076923076923079,0.042112299465240643,0.984375,NA,NA,NA,NA
SEACON,cells_500_rep44,44,4,0.5,40.0,500,0.1,2.0,0.7,100.0,0.2,0.01,0.0,0.0,1.738186046511628,NA,0.9535764178571388,0.9430937159960824,0.9397022598264967,0.9943336355394379,0.890761421319797,0.3333333333333333,0.034688346883468835,0.01765030336458908,1.0,NA,NA,NA,NA
SEACON,cells_500_rep45,45,4,0.5,40.0,500,0.1,2.0,0.7,100.0,0.2,0.01,0.0,0.0,0.6731940298507463,NA,0.5662050125021396,0.7041393274700957,0.9530868356775879,0.9921094160967912,0.9170178282009724,NA,0.05462445685909373,0.0280970625798212,0.9777777777777777,NA,NA,NA,NA
SEACON,cells_500_rep46,46,4,0.5,40.0,500,0.1,2.0,0.7,100.0,0.2,0.01,0.0,0.0,0.8308955223880597,NA,0.41548831096617883,0.5662741321810534,0.8720412884854957,0.9967453213995118,0.7750711800063271,1.0,0.12371134020618557,0.06624605678233439,0.9333333333333333,NA,NA,NA,NA
SEACON,cells_50_rep42,42,4,0.5,40.0,50,0.1,2.0,0.7,100.0,0.2,0.01,0.0,0.0,0.8617721518987341,NA,0.4611945916455557,0.6330695991078016,0.8729184925503944,0.9861386138613861,0.7830188679245284,1.0,0.7580645161290324,0.7014925373134329,0.8245614035087719,NA,NA,NA,NA
SEACON,cells_50_rep43,43,4,0.5,40.0,50,0.1,2.0,0.7,100.0,0.2,0.01,0.0,0.0,0.35953488372093023,NA,0.6192759702690221,0.7201937179149147,0.8501362397820164,0.9397590361445783,0.7761194029850746,0.2,0.8503937007874015,0.8571428571428571,0.84375,NA,NA,NA,NA
SEACON,cells_50_rep44,44,4,0.5,40.0,50,0.1,2.0,0.7,100.0,0.2,0.01,0.0,0.0,0.6551162790697674,NA,0.41887116289730236,0.6219171508077344,0.8525714285714285,0.9815789473684211,0.7535353535353535,0.6666666666666666,0.7737226277372263,0.726027397260274,0.828125,NA,NA,NA,NA
SEACON,cells_50_rep45,45,4,0.5,40.0,50,0.1,2.0,0.7,100.0,0.2,0.01,0.0,0.0,0.5408955223880597,NA,0.4213147628477664,0.6062497587067336,0.9059288537549408,0.9424342105263158,0.8721461187214612,NA,0.7526881720430108,0.7291666666666666,0.7777777777777778,NA,NA,NA,NA
SEACON,cells_50_rep46,46,4,0.5,40.0,50,0.1,2.0,0.7,100.0,0.2,0.01,0.0,0.0,1.1346268656716418,NA,0.37089871611982883,0.6236541227053504,0.7709677419354838,0.9958333333333333,0.6289473684210526,1.0,0.7252747252747253,0.717391304347826,0.7333333333333333,NA,NA,NA,NA
SEACON,clone_2_rep42,42,2,0.5,40.0,200,0.1,2.0,0.7,100.0,0.2,0.01,0.0,0.0,2.795714285714286,NA,0.7537379728254165,0.638542931733188,0.850020104543627,0.9787037037037037,0.7512437810945274,NA,0.1837837837837838,0.1033434650455927,0.8292682926829268,NA,NA,NA,NA
SEACON,clone_2_rep43,43,2,0.5,40.0,200,0.1,2.0,0.7,100.0,0.2,0.01,0.0,0.0,1.5505172413793102,NA,-0.03891107018446872,0.1516584984442374,0.9657210401891254,0.9600470035252644,0.9714625445897741,NA,0.15816326530612243,0.08707865168539326,0.8611111111111112,NA,NA,NA,NA
SEACON,clone_2_rep44,44,2,0.5,40.0,200,0.1,2.0,0.7,100.0,0.2,0.01,0.0,0.0,1.0455555555555556,NA,0.17850427884919134,0.37791739276064684,0.9476405946994183,0.984553391537945,0.9133956386292835,1.0,0.07094918504314476,0.036926147704590816,0.9024390243902439,NA,NA,NA,NA
SEACON,clone_2_rep45,45,2,0.5,40.0,200,0.1,2.0,0.7,100.0,0.2,0.01,0.0,0.0,2.728466666666667,NA,0.6526150707924304,0.6222611913014837,0.8830424589736912,0.9929701230228472,0.7950281425891182,0.75,0.0966702470461869,0.05125284738041002,0.8490566037735849,NA,NA,NA,NA
SEACON,clone_2_rep46,46,2,0.5,40.0,200,0.1,2.0,0.7,100.0,0.2,0.01,0.0,0.0,0.9164893617021277,NA,-0.08950021894997054,0.08656897768613042,0.9201451905626135,0.9863813229571985,0.8622448979591837,NA,0.5660377358490566,0.5357142857142857,0.6,NA,NA,NA,NA
SEACON,clone_4_rep42,42,4,0.5,40.0,200,0.1,2.0,0.7,100.0,0.2,0.01,0.0,0.0,1.816171875,NA,0.2618614076859113,0.43150118987310004,0.9052950075642966,0.990728476821192,0.8334261838440111,1.0,0.25,0.1450381679389313,0.9047619047619048,NA,NA,NA,NA
SEACON,clone_4_rep43,43,4,0.5,40.0,200,0.1,2.0,0.7,100.0,0.2,0.01,0.0,0.0,0.7201298701298702,NA,0.26230992275968396,0.47006948972708107,0.8806783767413687,0.9603698811096433,0.8131991051454138,NA,0.5974025974025974,0.46464646464646464,0.8363636363636363,NA,NA,NA,NA
SEACON,clone_4_rep44,44,4,0.5,40.0,200,0.1,2.0,0.7,100.0,0.2,0.01,0.0,0.0,0.8883098591549295,NA,0.35639301056380457,0.49371846211440606,0.9077669902912622,0.9970379146919431,0.8331683168316831,0.6666666666666666,0.3111111111111111,0.19004524886877827,0.8571428571428571,NA,NA,NA,NA
SEACON,clone_4_rep45,45,4,0.5,40.0,200,0.1,2.0,0.7,100.0,0.2,0.01,0.0,0.0,0.367,NA,0.5583189053483076,0.6386125688919171,0.8806913996627318,0.9376122082585279,0.8302861685214626,1.0,0.7226890756302521,0.7678571428571429,0.6825396825396826,NA,NA,NA,NA
SEACON,clone_4_rep46,46,4,0.5,40.0,200,0.1,2.0,0.7,100.0,0.2,0.01,0.0,0.0,1.5268852459016393,NA,0.3686736554698481,0.4963207736366979,0.6408730158730159,0.99079754601227,0.4736070381231672,NA,0.32323232323232326,0.20125786163522014,0.8205128205128205,NA,NA,NA,NA
SEACON,clone_8_rep42,42,8,0.5,40.0,200,0.1,2.0,0.7,100.0,0.2,0.01,0.0,0.0,0.839873417721519,NA,0.28806330797283414,0.590476179433952,0.799073537927041,0.9504132231404959,0.6893106893106893,0.75,0.5833333333333334,0.717948717948718,0.49122807017543857,NA,NA,NA,NA
SEACON,clone_8_rep43,43,8,0.5,40.0,200,0.1,2.0,0.7,100.0,0.2,0.01,0.0,0.0,0.22859756097560976,NA,0.7058694653737644,0.8142310764222205,0.9135654261704682,0.9895968790637191,0.8483835005574136,1.0,0.6373626373626374,0.9354838709677419,0.48333333333333334,NA,NA,NA,NA
SEACON,clone_8_rep44,44,8,0.5,40.0,200,0.1,2.0,0.7,100.0,0.2,0.01,0.0,0.0,1.2491911764705883,NA,0.23093551066436496,0.5334521069944754,0.8456425406203841,0.979469632164243,0.7439896036387265,0.5,0.11428571428571427,0.06306306306306306,0.6086956521739131,NA,NA,NA,NA
SEACON,clone_8_rep45,45,8,0.5,40.0,200,0.1,2.0,0.7,100.0,0.2,0.01,0.0,0.0,0.7028472222222222,NA,0.561690280135918,0.7164709762435596,0.9152542372881356,0.9901477832512315,0.8508936970837253,0.0,0.09126984126984128,0.05066079295154185,0.46,NA,NA,NA,NA
SEACON,clone_8_rep46,46,8,0.5,40.0,200,0.1,2.0,0.7,100.0,0.2,0.01,0.0,0.0,2.8120394736842105,NA,0.18904420283685885,0.426496062726864,0.882734236888627,0.9973368841544608,0.7917547568710359,NA,0.1181818181818182,0.06735751295336788,0.48148148148148145,NA,NA,NA,NA
SEACON,coverage_0_005_rep42,42,4,0.5,40.0,200,0.1,2.0,0.7,16.67,0.005,0.01,0.0,0.0,2.0815822784810125,NA,0.5986685393842106,0.7368774685351671,0.5946594659465947,0.4781664656212304,0.7861959539865133,0.9411764705882353,0.6518518518518518,0.5641025641025641,0.7719298245614035,NA,NA,NA,NA
SEACON,coverage_0_005_rep43,43,4,0.5,40.0,200,0.1,2.0,0.7,16.67,0.005,0.01,0.0,0.0,1.2611046511627908,NA,0.5576032289224674,0.7204615016930975,0.5887978142076503,0.47172564757387814,0.7831617201695942,0.8,0.28205128205128205,0.1774193548387097,0.6875,NA,NA,NA,NA
SEACON,coverage_0_005_rep44,44,4,0.5,40.0,200,0.1,2.0,0.7,16.67,0.005,0.01,0.0,0.0,1.8866279069767442,NA,0.7795456658967177,0.7957587267570895,0.5312104215668536,0.42773892773892774,0.7007159904534607,0.3333333333333333,0.23129251700680273,0.13527851458885942,0.796875,NA,NA,NA,NA
SEACON,coverage_0_005_rep45,45,4,0.5,40.0,200,0.1,2.0,0.7,16.67,0.005,0.01,0.0,0.0,1.681044776119403,NA,0.7008970891747146,0.776233033167815,0.7480757229040983,0.6883614088820827,0.8191343963553531,NA,0.3319148936170213,0.20526315789473684,0.8666666666666667,NA,NA,NA,NA
SEACON,coverage_0_005_rep46,46,4,0.5,40.0,200,0.1,2.0,0.7,16.67,0.005,0.01,0.0,0.0,1.9215671641791046,NA,0.5481371427647205,0.697313117607467,0.25096068578185043,0.15555148406009528,0.6490825688073395,1.0,0.6122448979591837,0.5660377358490566,0.6666666666666666,NA,NA,NA,NA
SEACON,coverage_0_02_rep42,42,4,0.5,40.0,200,0.1,2.0,0.7,66.67,0.02,0.01,0.0,0.0,1.434493670886076,NA,0.5465581643858122,0.6791337680432594,0.829557950296899,0.930898321816387,0.7481158270527568,1.0,0.6216216216216216,0.5054945054945055,0.8070175438596491,NA,NA,NA,NA
SEACON,coverage_0_02_rep43,43,4,0.5,40.0,200,0.1,2.0,0.7,66.67,0.02,0.01,0.0,0.0,0.8726162790697675,NA,0.5297735108747053,0.6997039284797127,0.8616915422885573,0.9523460410557185,0.7867958812840703,1.0,0.8260869565217391,0.7702702702702703,0.890625,NA,NA,NA,NA
SEACON,coverage_0_02_rep44,44,4,0.5,40.0,200,0.1,2.0,0.7,66.67,0.02,0.01,0.0,0.0,1.1147674418604652,NA,0.6135046936092553,0.7044679596784412,0.8614474038202851,0.9870530209617756,0.7642004773269689,0.6666666666666666,0.14006888633754305,0.07558859975216853,0.953125,NA,NA,NA,NA
SEACON,coverage_0_02_rep45,45,4,0.5,40.0,200,0.1,2.0,0.7,66.67,0.02,0.01,0.0,0.0,1.3905223880597015,NA,0.5156034755936898,0.6265648883930162,0.8590792241177846,0.8819577735124761,0.8373576309794989,NA,0.11181702668360864,0.05929919137466307,0.9777777777777777,NA,NA,NA,NA
SEACON,coverage_0_02_rep46,46,4,0.5,40.0,200,0.1,2.0,0.7,66.67,0.02,0.01,0.0,0.0,0.9487313432835821,NA,0.49220964126838396,0.6713040769908833,0.7823255813953489,0.998812351543943,0.6429663608562691,1.0,0.6415094339622641,0.5573770491803278,0.7555555555555555,NA,NA,NA,NA
SEACON,coverage_0_05_rep42,42,4,0.5,40.0,200,0.1,2.0,0.7,166.67,0.05,0.01,0.0,0.0,0.7070886075949367,NA,0.498931757516324,0.6365135337749859,0.888157894736842,0.9931338891613536,0.803252677508925,1.0,0.3722627737226277,0.2350230414746544,0.8947368421052632,NA,NA,NA,NA
SEACON,coverage_0_05_rep43,43,4,0.5,40.0,200,0.1,2.0,0.7,166.67,0.05,0.01,0.0,0.0,1.0354651162790698,NA,0.46768097269893694,0.6143629321224917,0.8583863408101774,0.9595808383233533,0.7764990914597214,0.8,0.842857142857143,0.7763157894736842,0.921875,NA,NA,NA,NA
SEACON,coverage_0_05_rep44,44,4,0.5,40.0,200,0.1,2.0,0.7,166.67,0.05,0.01,0.0,0.0,1.2622093023255814,NA,0.505156287936998,0.6583928711151276,0.86496644295302,0.9883435582822085,0.7689737470167064,0.6666666666666666,0.14139110604332952,0.07626076260762607,0.96875,NA,NA,NA,NA
SEACON,coverage_0_05_rep45,45,4,0.5,40.0,200,0.1,2.0,0.7,166.67,0.05,0.01,0.0,0.0,0.9244029850746268,NA,0.5213349823383362,0.6428964018701309,0.8812074001947419,0.9461578672242551,0.8246013667425968,NA,0.7959183673469387,0.7358490566037735,0.8666666666666667,NA,NA,NA,NA
SEACON,coverage_0_05_rep46,46,4,0.5,40.0,200,0.1,2.0,0.7,166.67,0.05,0.01,0.0,0.0,1.4167910447761194,NA,0.5014639058345316,0.6570918216542153,0.7809611829944547,0.9871495327102804,0.6460244648318043,1.0,0.6190476190476191,0.48148148148148145,0.8666666666666667,NA,NA,NA,NA
SEACON,coverage_0_1_rep42,42,4,0.5,40.0,200,0.1,2.0,0.7,333.33,0.1,0.01,0.0,0.0,1.6431645569620252,NA,0.40035033174074114,0.600127009260694,0.8924355050284215,0.9941548952752071,0.8095993653312178,1.0,0.13896457765667575,0.07533234859675036,0.8947368421052632,NA,NA,NA,NA
SEACON,coverage_0_1_rep43,43,4,0.5,40.0,200,0.1,2.0,0.7,333.33,0.1,0.01,0.0,0.0,0.6661046511627907,NA,0.6034794645618987,0.7377634683455347,0.886208020867297,0.9597457627118644,0.823137492428831,1.0,0.8484848484848485,0.8235294117647058,0.875,NA,NA,NA,NA
SEACON,coverage_0_1_rep44,44,4,0.5,40.0,200,0.1,2.0,0.7,333.33,0.1,0.01,0.0,0.0,1.5157558139534884,NA,0.3312925047603664,0.47800835114890455,0.8509835623821073,0.9771039603960396,0.7536992840095466,1.0,0.21366024518388793,0.1203155818540434,0.953125,NA,NA,NA,NA
SEACON,coverage_0_1_rep45,45,4,0.5,40.0,200,0.1,2.0,0.7,333.33,0.1,0.01,0.0,0.0,0.8415671641791045,NA,0.49642560732857005,0.6635398277286843,0.9011042944785277,0.9765957446808511,0.8364464692482916,NA,0.2907801418439716,0.1729957805907173,0.9111111111111111,NA,NA,NA,NA
SEACON,coverage_0_1_rep46,46,4,0.5,40.0,200,0.1,2.0,0.7,333.33,0.1,0.01,0.0,0.0,0.6771641791044776,NA,0.5611106068612466,0.730479804406771,0.8371060807811807,0.9978835978835979,0.7209480122324159,0.5,0.2131979695431472,0.12034383954154727,0.9333333333333333,NA,NA,NA,NA
SEACON,doublet_0_02_rep42,42,4,0.5,40.0,200,0.1,2.0,0.7,100.0,0.2,0.01,0.0,0.02,0.8521518987341772,NA,0.22587902811361163,0.4377589562464523,0.872840053167922,0.9899497487437185,0.7805071315372425,1.0,0.1755593803786575,0.09732824427480916,0.8947368421052632,NA,NA,NA,NA
SEACON,doublet_0_02_rep43,43,4,0.5,40.0,200,0.1,2.0,0.7,100.0,0.2,0.01,0.0,0.02,0.8945930232558139,NA,0.37627935030414866,0.49487546394070714,0.8450704225352111,0.9559939301972686,0.7572115384615384,0.6,0.8208955223880597,0.7857142857142857,0.859375,NA,NA,NA,NA
SEACON,doublet_0_02_rep44,44,4,0.5,40.0,200,0.1,2.0,0.7,100.0,0.2,0.01,0.0,0.02,1.3025581395348838,NA,0.6157168413476026,0.6319570227174444,0.8585157501334756,0.9901477832512315,0.7577756833176249,0.75,0.12896405919661733,0.0691609977324263,0.953125,NA,NA,NA,NA
SEACON,doublet_0_02_rep45,45,4,0.5,40.0,200,0.1,2.0,0.7,100.0,0.2,0.01,0.0,0.02,0.7005970149253732,NA,0.3774605733051142,0.5776711378596512,0.8848514608396758,0.9677765843179377,0.815015829941203,NA,0.7307692307692307,0.6440677966101694,0.8444444444444444,NA,NA,NA,NA
SEACON,doublet_0_02_rep46,46,4,0.5,40.0,200,0.1,2.0,0.7,100.0,0.2,0.01,0.0,0.02,1.7427611940298506,NA,0.43956199326964707,0.5803354847869822,0.8214765100671141,0.996742671009772,0.6986301369863014,1.0,0.1995249406175772,0.11170212765957446,0.9333333333333333,NA,NA,NA,NA
SEACON,doublet_0_05_rep42,42,4,0.5,40.0,200,0.1,2.0,0.7,100.0,0.2,0.01,0.0,0.05,1.3890506329113923,NA,0.1907238699213016,0.3891926123144187,0.869334512491709,0.983983983983984,0.7786138613861386,1.0,0.1361815754339119,0.07369942196531792,0.8947368421052632,NA,NA,NA,NA
SEACON,doublet_0_05_rep43,43,4,0.5,40.0,200,0.1,2.0,0.7,100.0,0.2,0.01,0.0,0.05,0.4149418604651163,NA,0.6032544231205835,0.6936960454880071,0.8642297650130548,0.953203743700504,0.7904477611940298,0.6,0.859375,0.859375,0.859375,NA,NA,NA,NA
SEACON,doublet_0_05_rep44,44,4,0.5,40.0,200,0.1,2.0,0.7,100.0,0.2,0.01,0.0,0.05,2.5099418604651165,NA,0.33567190373681927,0.5126753212385472,0.8443473511742218,0.9878594249201278,0.73724368144969,1.0,0.21897810218978103,0.12396694214876033,0.9375,NA,NA,NA,NA
SEACON,doublet_0_05_rep45,45,4,0.5,40.0,200,0.1,2.0,0.7,100.0,0.2,0.01,0.0,0.05,0.6848507462686567,NA,0.38329185351951855,0.549600596152584,0.8495528669121516,0.9590261282660333,0.7625118035882908,NA,0.7956989247311829,0.7708333333333334,0.8222222222222222,NA,NA,NA,NA
SEACON,doublet_0_05_rep46,46,4,0.5,40.0,200,0.1,2.0,0.7,100.0,0.2,0.01,0.0,0.05,0.6725373134328358,NA,0.540531980249255,0.6879014697282899,0.8294607628233233,0.9947423764458465,0.7112781954887218,1.0,0.27986348122866894,0.16532258064516128,0.9111111111111111,NA,NA,NA,NA
SEACON,events_10_rep42,42,4,0.5,10.0,200,0.1,2.0,0.7,100.0,0.2,0.01,0.0,0.0,0.08833333333333333,NA,0.5154194036449591,0.6553822403014543,0.8816666666666667,1.0,0.7883755588673621,0.0,0.03636363636363636,0.01871657754010695,0.6363636363636364,NA,NA,NA,NA
SEACON,events_10_rep43,43,4,0.5,10.0,200,0.1,2.0,0.7,100.0,0.2,0.01,0.0,0.0,0.895375,NA,0.08918273117713055,0.34685747013159224,0.9540229885057471,0.9803149606299213,0.9291044776119403,NA,0.923076923076923,0.8571428571428571,1.0,NA,NA,NA,NA
SEACON,events_10_rep44,44,4,0.5,10.0,200,0.1,2.0,0.7,100.0,0.2,0.01,0.0,0.0,1.0125641025641026,NA,0.4180514701571172,0.6467690064433599,0.8754285714285714,0.9033018867924528,0.8492239467849224,NA,0.5909090909090909,0.48148148148148145,0.7647058823529411,NA,NA,NA,NA
SEACON,events_10_rep45,45,4,0.5,10.0,200,0.1,2.0,0.7,100.0,0.2,0.01,0.0,0.0,0.23652777777777778,NA,0.5889878069435072,0.6901894159651356,0.6666666666666667,0.9764705882352941,0.5060975609756098,NA,0.8148148148148148,0.8461538461538461,0.7857142857142857,NA,NA,NA,NA
SEACON,events_10_rep46,46,4,0.5,10.0,200,0.1,2.0,0.7,100.0,0.2,0.01,0.0,0.0,0.663625,NA,0.17982393308831884,0.42721638800422645,0.6878727634194831,0.9719101123595506,0.5323076923076923,NA,0.12903225806451613,0.07035175879396985,0.7777777777777778,NA,NA,NA,NA
SEACON,events_80_rep42,42,4,0.5,80.0,200,0.1,2.0,0.7,100.0,0.2,0.01,0.0,0.0,1.2225912408759123,NA,0.3119148931840147,0.47105828172209707,0.8285435419151935,0.9337570276216084,0.7446393762183235,0.8,0.6690647482014388,0.5705521472392638,0.808695652173913,NA,NA,NA,NA
SEACON,events_80_rep43,43,4,0.5,80.0,200,0.1,2.0,0.7,100.0,0.2,0.01,0.0,0.0,0.645531914893617,NA,0.48516281373872505,0.6466850354164078,0.8989696239796601,0.9727772951057052,0.8355721393034826,0.16666666666666666,0.2369337979094077,0.13746630727762804,0.8571428571428571,NA,NA,NA,NA
SEACON,events_80_rep44,44,4,0.5,80.0,200,0.1,2.0,0.7,100.0,0.2,0.01,0.0,0.0,0.7014615384615385,NA,0.6993768984022606,0.7518510316448621,0.9174518639901679,0.9920265780730897,0.8533053915031434,0.6521739130434783,0.2291407222914072,0.13237410071942446,0.8518518518518519,NA,NA,NA,NA
SEACON,events_80_rep45,45,4,0.5,80.0,200,0.1,2.0,0.7,100.0,0.2,0.01,0.0,0.0,0.6511811023622047,NA,0.6738708004816465,0.7350922631331092,0.9257717655220258,0.979090242112986,0.8779605263157895,0.918918918918919,0.1418867924528302,0.07704918032786885,0.8952380952380953,NA,NA,NA,NA
SEACON,events_80_rep46,46,4,0.5,80.0,200,0.1,2.0,0.7,100.0,0.2,0.01,0.0,0.0,1.2390291262135922,NA,0.6061336682862013,0.7238028591915407,0.7867036011080332,0.8792569659442725,0.7117794486215538,1.0,0.7631578947368421,0.8169014084507042,0.7160493827160493,NA,NA,NA,NA
SEACON,focal_0_3_rep42,42,4,0.5,40.0,200,0.1,2.0,0.3,100.0,0.2,0.01,0.0,0.0,2.1144166666666666,NA,0.5565919462324191,0.6792340388061933,0.9321141590468274,0.9911608721272834,0.8797071129707112,0.6666666666666666,0.08117249154453214,0.04240282685512368,0.9473684210526315,NA,NA,NA,NA
SEACON,focal_0_3_rep43,43,4,0.5,40.0,200,0.1,2.0,0.3,100.0,0.2,0.01,0.0,0.0,0.4736206896551724,NA,0.6455205152038241,0.7397565903356201,0.9380315917375457,0.9763912310286678,0.9025720966484801,0.0,0.9090909090909091,0.8536585365853658,0.9722222222222222,NA,NA,NA,NA
SEACON,focal_0_3_rep44,44,4,0.5,40.0,200,0.1,2.0,0.3,100.0,0.2,0.01,0.0,0.0,0.49446969696969695,NA,0.7615265199476515,0.746531655530004,0.9590429845904298,0.9987331081081081,0.922386895475819,0.6,0.1033112582781457,0.05485232067510549,0.8863636363636364,NA,NA,NA,NA
SEACON,focal_0_3_rep45,45,4,0.5,40.0,200,0.1,2.0,0.3,100.0,0.2,0.01,0.0,0.0,0.9452459016393443,NA,0.6840798638492211,0.7826808180587888,0.9498029809833818,0.9946178686759957,0.9088524590163934,0.9545454545454546,0.12687813021702835,0.06785714285714285,0.9743589743589743,NA,NA,NA,NA
SEACON,focal_0_3_rep46,46,4,0.5,40.0,200,0.1,2.0,0.3,100.0,0.2,0.01,0.0,0.0,0.3334375,NA,0.6204786037182435,0.7541561566881323,0.9475758770201025,0.9662379421221865,0.9296210363495746,1.0,0.09843400447427293,0.052256532066508314,0.8461538461538461,NA,NA,NA,NA
SEACON,focal_1_0_rep42,42,4,0.5,40.0,200,0.1,2.0,1.0,100.0,0.2,0.01,0.0,0.0,1.297659574468085,NA,0.20907943667411996,0.3905379124013467,0.8892850069320657,0.962280325760823,0.8265832106038291,1.0,0.3462532299741602,0.2126984126984127,0.9305555555555556,NA,NA,NA,NA
SEACON,focal_1_0_rep43,43,4,0.5,40.0,200,0.1,2.0,1.0,100.0,0.2,0.01,0.0,0.0,0.7338823529411764,NA,0.5991181234585214,0.7338941903792993,0.717891194615816,0.9495548961424333,0.5770964833183048,NA,0.7591240875912408,0.7027027027027027,0.8253968253968254,NA,NA,NA,NA
SEACON,focal_1_0_rep44,44,4,0.5,40.0,200,0.1,2.0,1.0,100.0,0.2,0.01,0.0,0.0,1.0225824175824176,NA,0.4369655870905097,0.6223623293423316,0.8132530120481928,0.9183673469387755,0.7297297297297297,NA,0.5507246376811594,0.41304347826086957,0.8260869565217391,NA,NA,NA,NA
SEACON,focal_1_0_rep45,45,4,0.5,40.0,200,0.1,2.0,1.0,100.0,0.2,0.01,0.0,0.0,0.5292460317460318,NA,0.4534386212403279,0.5756964299828145,0.8060641858633588,0.9660217083529967,0.691554054054054,0.0,0.5745454545454545,0.4619883040935672,0.7596153846153846,NA,NA,NA,NA
SEACON,focal_1_0_rep46,46,4,0.5,40.0,200,0.1,2.0,1.0,100.0,0.2,0.01,0.0,0.0,0.6356547619047619,NA,0.2968557685544341,0.5109525128609597,0.4960806270996641,0.9465811965811965,0.33611532625189683,NA,0.7222222222222221,0.8478260869565217,0.6290322580645161,NA,NA,NA,NA
SEACON,normal_0_0_rep42,42,4,0.5,40.0,200,0.0,2.0,0.7,100.0,0.2,0.01,0.0,0.0,1.114367088607595,NA,0.268162317752068,0.461268890538493,0.8848651840188938,0.9876977152899824,0.8014260249554367,0.9,0.1366120218579235,0.07407407407407407,0.8771929824561403,NA,NA,NA,NA
SEACON,normal_0_0_rep43,43,4,0.5,40.0,200,0.0,2.0,0.7,100.0,0.2,0.01,0.0,0.0,0.6808720930232558,NA,0.15835086580307273,0.3578732673348101,0.8589435774309724,0.9527296937416777,0.7819672131147541,0.75,0.8148148148148148,0.7746478873239436,0.859375,NA,NA,NA,NA
SEACON,normal_0_0_rep44,44,4,0.5,40.0,200,0.0,2.0,0.7,100.0,0.2,0.01,0.0,0.0,0.9219767441860465,NA,0.4398535421121687,0.541211441606219,0.8838444820091765,0.9945652173913043,0.7953063885267275,0.5833333333333334,0.1265560165975104,0.06777777777777778,0.953125,NA,NA,NA,NA
SEACON,normal_0_0_rep45,45,4,0.5,40.0,200,0.0,2.0,0.7,100.0,0.2,0.01,0.0,0.0,0.7047014925373134,NA,0.4660206603468867,0.667484684664786,0.9049250535331905,0.9750807568066451,0.8441869756292449,NA,0.2679127725856698,0.15579710144927536,0.9555555555555556,NA,NA,NA,NA
SEACON,normal_0_0_rep46,46,4,0.5,40.0,200,0.0,2.0,0.7,100.0,0.2,0.01,0.0,0.0,0.6577611940298508,NA,0.4948225095373085,0.6458136749127308,0.8773800456968774,0.9991326973113617,0.7820773930753564,1.0,0.20192307692307693,0.11320754716981132,0.9333333333333333,NA,NA,NA,NA
SEACON,normal_0_3_rep42,42,4,0.5,40.0,200,0.3,2.0,0.7,100.0,0.2,0.01,0.0,0.0,0.4175949367088608,NA,0.546446071977037,0.6812240793918289,0.8830359671481167,0.9917302798982188,0.7958141909137315,1.0,0.27450980392156865,0.16333333333333333,0.8596491228070176,NA,NA,NA,NA
SEACON,normal_0_3_rep43,43,4,0.5,40.0,200,0.3,2.0,0.7,100.0,0.2,0.01,0.0,0.0,1.2599418604651162,NA,0.34458028946326125,0.4502279437497583,0.8494921514312096,0.9359104781281791,0.7776838546069316,1.0,0.847457627118644,0.9259259259259259,0.78125,NA,NA,NA,NA
SEACON,normal_0_3_rep44,44,4,0.5,40.0,200,0.3,2.0,0.7,100.0,0.2,0.01,0.0,0.0,1.225813953488372,NA,0.5191152253914223,0.620584718716601,0.8550084889643462,0.9913385826771653,0.7516417910447761,0.6666666666666666,0.12949640287769784,0.07012987012987013,0.84375,NA,NA,NA,NA
SEACON,normal_0_3_rep45,45,4,0.5,40.0,200,0.3,2.0,0.7,100.0,0.2,0.01,0.0,0.0,0.9667164179104477,NA,0.46654498336695727,0.6153663359200807,0.8760012816404998,0.9653954802259888,0.8017595307917889,NA,0.7777777777777778,0.7777777777777778,0.7777777777777778,NA,NA,NA,NA
SEACON,normal_0_3_rep46,46,4,0.5,40.0,200,0.3,2.0,0.7,100.0,0.2,0.01,0.0,0.0,0.4698507462686567,NA,0.5370923293341425,0.7208384058568605,0.8060220034742328,0.9830508474576272,0.6830225711481845,1.0,0.489795918367347,0.35294117647058826,0.8,NA,NA,NA,NA
SEACON,phaseswitch_0_05_rep42,42,4,0.5,40.0,200,0.1,2.0,0.7,100.0,0.2,0.05,0.0,0.0,1.3189240506329114,NA,0.1798320259403464,0.3915383689229794,0.8804395604395605,0.9871858058156727,0.7945259817532725,1.0,0.1571648690292758,0.08614864864864864,0.8947368421052632,NA,NA,NA,NA
SEACON,phaseswitch_0_05_rep43,43,4,0.5,40.0,200,0.1,2.0,0.7,100.0,0.2,0.05,0.0,0.0,1.3667441860465117,NA,0.39117843897498844,0.5411832625323353,0.8681757656458056,0.9637841832963784,0.789824348879467,1.0,0.8421052631578948,0.8115942028985508,0.875,NA,NA,NA,NA
SEACON,phaseswitch_0_05_rep44,44,4,0.5,40.0,200,0.1,2.0,0.7,100.0,0.2,0.05,0.0,0.0,2.8109302325581393,NA,0.7788333138783947,0.7300262581445895,0.8813111287338091,0.9875592417061612,0.7957040572792363,0.9166666666666666,0.11904761904761903,0.0635593220338983,0.9375,NA,NA,NA,NA
SEACON,phaseswitch_0_05_rep45,45,4,0.5,40.0,200,0.1,2.0,0.7,100.0,0.2,0.05,0.0,0.0,1.6334328358208956,NA,0.4196284228566008,0.5667406004713516,0.896788428536406,0.9708067940552016,0.833257403189066,NA,0.8163265306122449,0.7547169811320755,0.8888888888888888,NA,NA,NA,NA
SEACON,phaseswitch_0_05_rep46,46,4,0.5,40.0,200,0.1,2.0,0.7,100.0,0.2,0.05,0.0,0.0,1.4266417910447762,NA,0.2828070830909221,0.5069807829391781,0.7795823665893272,0.9917355371900827,0.6422018348623854,1.0,0.7599999999999999,0.6909090909090909,0.8444444444444444,NA,NA,NA,NA
SEACON,phaseswitch_0_rep42,42,4,0.5,40.0,200,0.1,2.0,0.7,100.0,0.2,0.0,0.0,0.0,1.2481012658227848,NA,0.2347940995521486,0.413745737185336,0.8845649322256232,0.9853872381880175,0.8024593415311384,1.0,0.15022091310751107,0.0819935691318328,0.8947368421052632,NA,NA,NA,NA
SEACON,phaseswitch_0_rep43,43,4,0.5,40.0,200,0.1,2.0,0.7,100.0,0.2,0.0,0.0,0.0,0.5405813953488372,NA,0.3192394845145593,0.5250920172767785,0.8540290620871863,0.9389978213507625,0.7831617201695942,0.8,0.8333333333333333,0.8088235294117647,0.859375,NA,NA,NA,NA
SEACON,phaseswitch_0_rep44,44,4,0.5,40.0,200,0.1,2.0,0.7,100.0,0.2,0.0,0.0,0.0,1.118720930232558,NA,0.2834594002983638,0.4579833810078723,0.8673988748995445,0.9884004884004884,0.7727923627684964,0.9166666666666666,0.12108980827447023,0.06472491909385113,0.9375,NA,NA,NA,NA
SEACON,phaseswitch_0_rep45,45,4,0.5,40.0,200,0.1,2.0,0.7,100.0,0.2,0.0,0.0,0.0,1.1502238805970149,NA,0.3656121971593829,0.5281246284233816,0.889600788565796,0.9688674181427804,0.8223234624145785,NA,0.7346938775510203,0.6792452830188679,0.8,NA,NA,NA,NA
SEACON,phaseswitch_0_rep46,46,4,0.5,40.0,200,0.1,2.0,0.7,100.0,0.2,0.0,0.0,0.0,1.2166417910447762,NA,0.22981946110941975,0.47496059544020974,0.804524886877828,0.9855875831485588,0.6796636085626911,1.0,0.5135135135135135,0.36893203883495146,0.8444444444444444,NA,NA,NA,NA
SEACON,wgd_0_rep42,42,4,0.5,40.0,200,0.1,2.0,0.7,100.0,0.2,0.01,0.0,0.0,0.8742405063291139,NA,0.31659077691959003,0.5708541280907857,0.88937377263801,0.988360814742968,0.8084093613645379,1.0,0.14825581395348839,0.08082408874801902,0.8947368421052632,NA,NA,NA,NA
SEACON,wgd_0_rep43,43,4,0.5,40.0,200,0.1,2.0,0.7,100.0,0.2,0.01,0.0,0.0,1.2378488372093024,NA,0.5372661361448687,0.6789750331345236,0.8822185970636216,0.9561527581329562,0.8188976377952756,0.8,0.8115942028985507,0.7567567567567568,0.875,NA,NA,NA,NA
SEACON,wgd_0_rep44,44,4,0.5,40.0,200,0.1,2.0,0.7,100.0,0.2,0.01,0.0,0.0,0.7046511627906977,NA,0.6417120982088783,0.683649882513055,0.840865516296905,0.9865038560411311,0.7326968973747017,1.0,0.23376623376623376,0.135678391959799,0.84375,NA,NA,NA,NA
SEACON,wgd_0_rep45,45,4,0.5,40.0,200,0.1,2.0,0.7,100.0,0.2,0.01,0.0,0.0,0.4976865671641791,NA,0.42125309874727307,0.6184839452973793,0.8984088127294982,0.9708994708994709,0.835990888382688,NA,0.8631578947368421,0.82,0.9111111111111111,NA,NA,NA,NA
SEACON,wgd_0_rep46,46,4,0.5,40.0,200,0.1,2.0,0.7,100.0,0.2,0.01,0.0,0.0,0.9047761194029851,NA,0.4553878317381702,0.6140705099822283,0.7899313501144165,0.984036488027366,0.6597859327217125,1.0,0.3738317757009346,0.23668639053254437,0.8888888888888888,NA,NA,NA,NA
SEACON,wgd_1_rep42,42,4,0.5,40.0,200,0.1,2.0,0.7,100.0,0.2,0.01,1.0,0.0,1.2074358974358974,NA,0.21621197326161934,0.4448989444118025,0.9158916295996765,0.9877889228085478,0.8537504711647191,0.7272727272727273,0.6758620689655173,0.550561797752809,0.875,NA,NA,NA,NA
SEACON,wgd_1_rep43,43,4,0.5,40.0,200,0.1,2.0,0.7,100.0,0.2,0.01,1.0,0.0,1.0117261904761905,NA,0.4648178713018693,0.6097597370200514,0.9049330284220843,0.9658298465829847,0.851259987707437,0.9154929577464789,0.6716417910447761,0.625,0.7258064516129032,NA,NA,NA,NA
SEACON,wgd_1_rep44,44,4,0.5,40.0,200,0.1,2.0,0.7,100.0,0.2,0.01,1.0,0.0,1.2301408450704225,NA,0.3559351517926854,0.5175501819197463,0.8427995602784902,0.9965337954939342,0.7301587301587301,0.84,0.07888040712468193,0.04206241519674356,0.6326530612244898,NA,NA,NA,NA
SEACON,wgd_1_rep45,45,4,0.5,40.0,200,0.1,2.0,0.7,100.0,0.2,0.01,1.0,0.0,1.0249358974358975,NA,0.5025887269782731,0.6055194503149384,0.9020866773675762,0.9548543689320388,0.8548457192524989,0.631578947368421,0.7424242424242424,0.6447368421052632,0.875,NA,NA,NA,NA
SEACON,wgd_1_rep46,46,4,0.5,40.0,200,0.1,2.0,0.7,100.0,0.2,0.01,1.0,0.0,1.1597857142857142,NA,0.7169659278671151,0.8007434963592251,0.88008800880088,0.9518143961927424,0.8184143222506394,0.7708333333333334,0.43478260869565216,0.3333333333333333,0.625,NA,NA,NA,NA
Alleloscope,amplitude_1_0_rep42,42,4,0.5,40.0,200,0.1,1.0,0.7,100.0,0.2,0.01,0.0,0.0,0.2484,NA,0.8694,NA,0.5212,0.6465,0.4366,NA,NA,NA,NA,NA,NA,NA,0.565
Alleloscope,amplitude_1_0_rep43,43,4,0.5,40.0,200,0.1,1.0,0.7,100.0,0.2,0.01,0.0,0.0,0.1389,NA,0.8322,NA,0.4615,0.6803,0.3492,NA,NA,NA,NA,NA,NA,NA,0.65
Alleloscope,amplitude_1_0_rep44,44,4,0.5,40.0,200,0.1,1.0,0.7,100.0,0.2,0.01,0.0,0.0,0.2976,NA,1,NA,0.6133,0.8994,0.4653,NA,NA,NA,NA,NA,NA,NA,0.615
Alleloscope,amplitude_1_0_rep45,45,4,0.5,40.0,200,0.1,1.0,0.7,100.0,0.2,0.01,0.0,0.0,0.2504,NA,0.8655,NA,0.5185,0.7188,0.4055,NA,NA,NA,NA,NA,NA,NA,0.63
Alleloscope,amplitude_1_0_rep46,46,4,0.5,40.0,200,0.1,1.0,0.7,100.0,0.2,0.01,0.0,0.0,0.2696,NA,0.6202,NA,0.0217,0.5,0.0111,NA,NA,NA,NA,NA,NA,NA,0.675
Alleloscope,amplitude_4_0_rep42,42,4,0.5,40.0,200,0.1,4.0,0.7,100.0,0.2,0.01,0.0,0.0,0.5858,NA,0.8368,NA,0.2871,0.4009,0.2236,NA,NA,NA,NA,NA,NA,NA,0.57
Alleloscope,amplitude_4_0_rep43,43,4,0.5,40.0,200,0.1,4.0,0.7,100.0,0.2,0.01,0.0,0.0,0.1834,NA,0.8095,NA,0.4718,0.6854,0.3597,NA,NA,NA,NA,NA,NA,NA,0.635
Alleloscope,amplitude_4_0_rep44,44,4,0.5,40.0,200,0.1,4.0,0.7,100.0,0.2,0.01,0.0,0.0,0.4708,NA,0.6743,NA,0.2464,0.3123,0.2035,NA,NA,NA,NA,NA,NA,NA,0.55
Alleloscope,amplitude_4_0_rep45,45,4,0.5,40.0,200,0.1,4.0,0.7,100.0,0.2,0.01,0.0,0.0,0.4419,NA,0.5894,NA,0.3581,0.7267,0.2376,NA,NA,NA,NA,NA,NA,NA,0.555
Alleloscope,amplitude_4_0_rep46,46,4,0.5,40.0,200,0.1,4.0,0.7,100.0,0.2,0.01,0.0,0.0,0.5893,NA,0.8495,NA,0.0755,1,0.0392,NA,NA,NA,NA,NA,NA,NA,0.585
Alleloscope,beta_0_1_rep42,42,4,0.1,40.0,200,0.1,2.0,0.7,100.0,0.2,0.01,0.0,0.0,0.2593,NA,0.7387,NA,0.4443,0.7687,0.3124,NA,NA,NA,NA,NA,NA,NA,0.64
Alleloscope,beta_0_1_rep43,43,4,0.1,40.0,200,0.1,2.0,0.7,100.0,0.2,0.01,0.0,0.0,0.1155,NA,0.7695,NA,0.2091,0.48,0.1336,NA,NA,NA,NA,NA,NA,NA,0.62
Alleloscope,beta_0_1_rep44,44,4,0.1,40.0,200,0.1,2.0,0.7,100.0,0.2,0.01,0.0,0.0,0.3889,NA,1,NA,0.5659,0.5988,0.5364,NA,NA,NA,NA,NA,NA,NA,0.515
Alleloscope,beta_0_1_rep45,45,4,0.1,40.0,200,0.1,2.0,0.7,100.0,0.2,0.01,0.0,0.0,0.2361,NA,1,NA,0.5966,0.6846,0.5286,NA,NA,NA,NA,NA,NA,NA,0.62
Alleloscope,beta_0_1_rep46,46,4,0.1,40.0,200,0.1,2.0,0.7,100.0,0.2,0.01,0.0,0.0,0.3273,NA,0.8104,NA,0,0,0,NA,NA,NA,NA,NA,NA,NA,0.63
Alleloscope,beta_0_3_rep42,42,4,0.3,40.0,200,0.1,2.0,0.7,100.0,0.2,0.01,0.0,0.0,0.3253,NA,0.9512,NA,0.5263,0.8368,0.3838,NA,NA,NA,NA,NA,NA,NA,0.61
Alleloscope,beta_0_3_rep43,43,4,0.3,40.0,200,0.1,2.0,0.7,100.0,0.2,0.01,0.0,0.0,0.1473,NA,0.8419,NA,0.2276,0.4808,0.1491,NA,NA,NA,NA,NA,NA,NA,0.64
Alleloscope,beta_0_3_rep44,44,4,0.3,40.0,200,0.1,2.0,0.7,100.0,0.2,0.01,0.0,0.0,0.4027,NA,1,NA,0.558,0.5955,0.525,NA,NA,NA,NA,NA,NA,NA,0.565
Alleloscope,beta_0_3_rep45,45,4,0.3,40.0,200,0.1,2.0,0.7,100.0,0.2,0.01,0.0,0.0,0.221,NA,1,NA,0.6191,0.696,0.5574,NA,NA,NA,NA,NA,NA,NA,0.64
Alleloscope,beta_0_3_rep46,46,4,0.3,40.0,200,0.1,2.0,0.7,100.0,0.2,0.01,0.0,0.0,0.3304,NA,0.7767,NA,0.0134,0.1154,0.0071,NA,NA,NA,NA,NA,NA,NA,0.625
Alleloscope,beta_0_5_rep42,42,4,0.5,40.0,200,0.1,2.0,0.7,100.0,0.2,0.01,0.0,0.0,0.3359,NA,0.9125,NA,0.512,0.8308,0.37,NA,NA,NA,NA,NA,NA,NA,0.6
Alleloscope,beta_0_5_rep43,43,4,0.5,40.0,200,0.1,2.0,0.7,100.0,0.2,0.01,0.0,0.0,0.1807,NA,0.807,NA,0.2086,0.4861,0.1328,NA,NA,NA,NA,NA,NA,NA,0.62
Alleloscope,beta_0_5_rep44,44,4,0.5,40.0,200,0.1,2.0,0.7,100.0,0.2,0.01,0.0,0.0,0.4234,NA,1,NA,0.5511,0.5986,0.5106,NA,NA,NA,NA,NA,NA,NA,0.555
Alleloscope,beta_0_5_rep45,45,4,0.5,40.0,200,0.1,2.0,0.7,100.0,0.2,0.01,0.0,0.0,0.2266,NA,0.6748,NA,0.6212,0.6951,0.5614,NA,NA,NA,NA,NA,NA,NA,0.645
Alleloscope,beta_0_5_rep46,46,4,0.5,40.0,200,0.1,2.0,0.7,100.0,0.2,0.01,0.0,0.0,0.3276,NA,0.7749,NA,0.0135,0.1071,0.0072,NA,NA,NA,NA,NA,NA,NA,0.625
Alleloscope,cells_500_rep42,42,4,0.5,40.0,500,0.1,2.0,0.7,100.0,0.2,0.01,0.0,0.0,0.4148,NA,0.7443,NA,0.5342,0.8092,0.3987,NA,NA,NA,NA,NA,NA,NA,0.57
Alleloscope,cells_500_rep43,43,4,0.5,40.0,500,0.1,2.0,0.7,100.0,0.2,0.01,0.0,0.0,0.1497,NA,0.6943,NA,0.4589,0.5874,0.3766,NA,NA,NA,NA,NA,NA,NA,0.624
Alleloscope,cells_500_rep44,44,4,0.5,40.0,500,0.1,2.0,0.7,100.0,0.2,0.01,0.0,0.0,0.603,NA,0.8847,NA,0.4061,0.5918,0.3092,NA,NA,NA,NA,NA,NA,NA,0.62
Alleloscope,cells_500_rep45,45,4,0.5,40.0,500,0.1,2.0,0.7,100.0,0.2,0.01,0.0,0.0,0.3238,NA,0.7918,NA,0.6751,0.7168,0.6381,NA,NA,NA,NA,NA,NA,NA,0.608
Alleloscope,cells_500_rep46,46,4,0.5,40.0,500,0.1,2.0,0.7,100.0,0.2,0.01,0.0,0.0,0.2256,NA,0.8893,NA,0.4151,0.6923,0.2964,NA,NA,NA,NA,NA,NA,NA,0.662
Alleloscope,cells_50_rep42,42,4,0.5,40.0,50,0.1,2.0,0.7,100.0,0.2,0.01,0.0,0.0,0.3902,NA,0.9334,NA,0.511,0.7431,0.3894,NA,NA,NA,NA,NA,NA,NA,0.34
Alleloscope,cells_50_rep43,43,4,0.5,40.0,50,0.1,2.0,0.7,100.0,0.2,0.01,0.0,0.0,0.0919,NA,0.5263,NA,0.4962,0.6111,0.4177,NA,NA,NA,NA,NA,NA,NA,0.4
Alleloscope,cells_50_rep44,44,4,0.5,40.0,50,0.1,2.0,0.7,100.0,0.2,0.01,0.0,0.0,0.5877,NA,1,NA,0.4297,0.6183,0.3293,NA,NA,NA,NA,NA,NA,NA,0.44
Alleloscope,cells_50_rep45,45,4,0.5,40.0,50,0.1,2.0,0.7,100.0,0.2,0.01,0.0,0.0,0.3758,NA,0.72,NA,0.5156,0.7021,0.4074,NA,NA,NA,NA,NA,NA,NA,0.34
Alleloscope,cells_50_rep46,46,4,0.5,40.0,50,0.1,2.0,0.7,100.0,0.2,0.01,0.0,0.0,0.2944,NA,-0.043,NA,0,0,0,NA,NA,NA,NA,NA,NA,NA,0.44
Alleloscope,clone_2_rep42,42,2,0.5,40.0,200,0.1,2.0,0.7,100.0,0.2,0.01,0.0,0.0,0.4088,NA,1,NA,0.5385,0.5067,0.5745,NA,NA,NA,NA,NA,NA,NA,0.695
Alleloscope,clone_2_rep43,43,2,0.5,40.0,200,0.1,2.0,0.7,100.0,0.2,0.01,0.0,0.0,0.2001,NA,0.4896,NA,0.056,0.381,0.0302,NA,NA,NA,NA,NA,NA,NA,0.675
Alleloscope,clone_2_rep44,44,2,0.5,40.0,200,0.1,2.0,0.7,100.0,0.2,0.01,0.0,0.0,0.6035,NA,1,NA,0.5093,0.6853,0.4053,NA,NA,NA,NA,NA,NA,NA,0.5
Alleloscope,clone_2_rep45,45,2,0.5,40.0,200,0.1,2.0,0.7,100.0,0.2,0.01,0.0,0.0,0.3345,NA,1,NA,0.7198,0.9126,0.5943,NA,NA,NA,NA,NA,NA,NA,0.595
Alleloscope,clone_2_rep46,46,2,0.5,40.0,200,0.1,2.0,0.7,100.0,0.2,0.01,0.0,0.0,0.1401,NA,0.2719,NA,0.0584,0.6667,0.0305,NA,NA,NA,NA,NA,NA,NA,0.71
Alleloscope,clone_4_rep42,42,4,0.5,40.0,200,0.1,2.0,0.7,100.0,0.2,0.01,0.0,0.0,0.3359,NA,0.9125,NA,0.512,0.8308,0.37,NA,NA,NA,NA,NA,NA,NA,0.6
Alleloscope,clone_4_rep43,43,4,0.5,40.0,200,0.1,2.0,0.7,100.0,0.2,0.01,0.0,0.0,0.1807,NA,0.807,NA,0.2086,0.4861,0.1328,NA,NA,NA,NA,NA,NA,NA,0.62
Alleloscope,clone_4_rep44,44,4,0.5,40.0,200,0.1,2.0,0.7,100.0,0.2,0.01,0.0,0.0,0.4234,NA,1,NA,0.5511,0.5986,0.5106,NA,NA,NA,NA,NA,NA,NA,0.555
Alleloscope,clone_4_rep45,45,4,0.5,40.0,200,0.1,2.0,0.7,100.0,0.2,0.01,0.0,0.0,0.2266,NA,0.6748,NA,0.6212,0.6951,0.5614,NA,NA,NA,NA,NA,NA,NA,0.645
Alleloscope,clone_4_rep46,46,4,0.5,40.0,200,0.1,2.0,0.7,100.0,0.2,0.01,0.0,0.0,0.3276,NA,0.7749,NA,0.0135,0.1071,0.0072,NA,NA,NA,NA,NA,NA,NA,0.625
Alleloscope,clone_8_rep42,42,8,0.5,40.0,200,0.1,2.0,0.7,100.0,0.2,0.01,0.0,0.0,0.1854,NA,0.4759,NA,0.2102,0.5065,0.1327,NA,NA,NA,NA,NA,NA,NA,0.65
Alleloscope,clone_8_rep43,43,8,0.5,40.0,200,0.1,2.0,0.7,100.0,0.2,0.01,0.0,0.0,0.088,NA,0.7249,NA,0.591,0.5985,0.5836,NA,NA,NA,NA,NA,NA,NA,0.705
Alleloscope,clone_8_rep44,44,8,0.5,40.0,200,0.1,2.0,0.7,100.0,0.2,0.01,0.0,0.0,0.1699,NA,0.5922,NA,0.4338,0.5765,0.3477,NA,NA,NA,NA,NA,NA,NA,0.625
Alleloscope,clone_8_rep45,45,8,0.5,40.0,200,0.1,2.0,0.7,100.0,0.2,0.01,0.0,0.0,0.181,NA,0.8866,NA,0.7632,0.9156,0.6543,NA,NA,NA,NA,NA,NA,NA,0.58
Alleloscope,clone_8_rep46,46,8,0.5,40.0,200,0.1,2.0,0.7,100.0,0.2,0.01,0.0,0.0,0.3316,NA,0.3126,NA,0.5996,0.595,0.6043,NA,NA,NA,NA,NA,NA,NA,0.645
Alleloscope,coverage_0_02_rep42,42,4,0.5,40.0,200,0.1,2.0,0.7,66.67,0.02,0.01,0.0,0.0,0.4291,NA,0.6806,NA,0.5256,0.709,0.4175,NA,NA,NA,NA,NA,NA,NA,0.59
Alleloscope,coverage_0_02_rep43,43,4,0.5,40.0,200,0.1,2.0,0.7,66.67,0.02,0.01,0.0,0.0,0.1655,NA,0.6695,NA,0.4234,0.4934,0.3708,NA,NA,NA,NA,NA,NA,NA,0.655
Alleloscope,coverage_0_02_rep44,44,4,0.5,40.0,200,0.1,2.0,0.7,66.67,0.02,0.01,0.0,0.0,0.6215,NA,0.4951,NA,0.2933,0.3578,0.2485,NA,NA,NA,NA,NA,NA,NA,0.565
Alleloscope,coverage_0_02_rep45,45,4,0.5,40.0,200,0.1,2.0,0.7,66.67,0.02,0.01,0.0,0.0,0.3294,NA,0.7323,NA,0.6572,0.6878,0.6291,NA,NA,NA,NA,NA,NA,NA,0.625
Alleloscope,coverage_0_02_rep46,46,4,0.5,40.0,200,0.1,2.0,0.7,66.67,0.02,0.01,0.0,0.0,0.2405,NA,0.8872,NA,0.3916,0.5647,0.2998,NA,NA,NA,NA,NA,NA,NA,0.645
Alleloscope,coverage_0_05_rep42,42,4,0.5,40.0,200,0.1,2.0,0.7,166.67,0.05,0.01,0.0,0.0,0.4254,NA,0.7783,NA,0.5157,0.7368,0.3967,NA,NA,NA,NA,NA,NA,NA,0.545
Alleloscope,coverage_0_05_rep43,43,4,0.5,40.0,200,0.1,2.0,0.7,166.67,0.05,0.01,0.0,0.0,0.1641,NA,0.7021,NA,0.423,0.5711,0.3358,NA,NA,NA,NA,NA,NA,NA,0.615
Alleloscope,coverage_0_05_rep44,44,4,0.5,40.0,200,0.1,2.0,0.7,166.67,0.05,0.01,0.0,0.0,0.6138,NA,0.9843,NA,0.3191,0.3864,0.2718,NA,NA,NA,NA,NA,NA,NA,0.6
Alleloscope,coverage_0_05_rep45,45,4,0.5,40.0,200,0.1,2.0,0.7,166.67,0.05,0.01,0.0,0.0,0.3165,NA,0.8599,NA,0.6649,0.7011,0.6321,NA,NA,NA,NA,NA,NA,NA,0.625
Alleloscope,coverage_0_05_rep46,46,4,0.5,40.0,200,0.1,2.0,0.7,166.67,0.05,0.01,0.0,0.0,0.2272,NA,0.9092,NA,0.4129,0.6763,0.2971,NA,NA,NA,NA,NA,NA,NA,0.645
Alleloscope,coverage_0_1_rep42,42,4,0.5,40.0,200,0.1,2.0,0.7,333.33,0.1,0.01,0.0,0.0,0.4142,NA,0.7173,NA,0.5341,0.7676,0.4096,NA,NA,NA,NA,NA,NA,NA,0.6
Alleloscope,coverage_0_1_rep43,43,4,0.5,40.0,200,0.1,2.0,0.7,333.33,0.1,0.01,0.0,0.0,0.1566,NA,0.7242,NA,0.4429,0.5872,0.3556,NA,NA,NA,NA,NA,NA,NA,0.635
Alleloscope,coverage_0_1_rep44,44,4,0.5,40.0,200,0.1,2.0,0.7,333.33,0.1,0.01,0.0,0.0,0.6256,NA,0.9817,NA,0.3215,0.3865,0.2752,NA,NA,NA,NA,NA,NA,NA,0.595
Alleloscope,coverage_0_1_rep45,45,4,0.5,40.0,200,0.1,2.0,0.7,333.33,0.1,0.01,0.0,0.0,0.3149,NA,0.9213,NA,0.6649,0.7014,0.632,NA,NA,NA,NA,NA,NA,NA,0.64
Alleloscope,coverage_0_1_rep46,46,4,0.5,40.0,200,0.1,2.0,0.7,333.33,0.1,0.01,0.0,0.0,0.2299,NA,0.8334,NA,0.4013,0.6184,0.297,NA,NA,NA,NA,NA,NA,NA,0.645
Alleloscope,doublet_0_02_rep42,42,4,0.5,40.0,200,0.1,2.0,0.7,100.0,0.2,0.01,0.0,0.02,0.4182,NA,0.6994,NA,0.5237,0.7602,0.3995,NA,NA,NA,NA,NA,NA,NA,0.57
Alleloscope,doublet_0_02_rep43,43,4,0.5,40.0,200,0.1,2.0,0.7,100.0,0.2,0.01,0.0,0.02,0.1521,NA,0.7217,NA,0.4062,0.5732,0.3146,NA,NA,NA,NA,NA,NA,NA,0.61
Alleloscope,doublet_0_02_rep44,44,4,0.5,40.0,200,0.1,2.0,0.7,100.0,0.2,0.01,0.0,0.02,0.6187,NA,0.9905,NA,0.3114,0.3772,0.2652,NA,NA,NA,NA,NA,NA,NA,0.565
Alleloscope,doublet_0_02_rep45,45,4,0.5,40.0,200,0.1,2.0,0.7,100.0,0.2,0.01,0.0,0.02,0.302,NA,0.7724,NA,0.6703,0.738,0.614,NA,NA,NA,NA,NA,NA,NA,0.605
Alleloscope,doublet_0_02_rep46,46,4,0.5,40.0,200,0.1,2.0,0.7,100.0,0.2,0.01,0.0,0.02,0.2379,NA,0.9131,NA,0.4035,0.6343,0.2958,NA,NA,NA,NA,NA,NA,NA,0.605
Alleloscope,doublet_0_05_rep42,42,4,0.5,40.0,200,0.1,2.0,0.7,100.0,0.2,0.01,0.0,0.05,0.4257,NA,0.7321,NA,0.5108,0.7673,0.3829,NA,NA,NA,NA,NA,NA,NA,0.565
Alleloscope,doublet_0_05_rep43,43,4,0.5,40.0,200,0.1,2.0,0.7,100.0,0.2,0.01,0.0,0.05,0.1612,NA,0.6685,NA,0.4284,0.5808,0.3393,NA,NA,NA,NA,NA,NA,NA,0.65
Alleloscope,doublet_0_05_rep44,44,4,0.5,40.0,200,0.1,2.0,0.7,100.0,0.2,0.01,0.0,0.05,0.625,NA,0.9842,NA,0.3384,0.3919,0.2977,NA,NA,NA,NA,NA,NA,NA,0.58
Alleloscope,doublet_0_05_rep45,45,4,0.5,40.0,200,0.1,2.0,0.7,100.0,0.2,0.01,0.0,0.05,0.3181,NA,0.6275,NA,0.6408,0.7087,0.5848,NA,NA,NA,NA,NA,NA,NA,0.63
Alleloscope,doublet_0_05_rep46,46,4,0.5,40.0,200,0.1,2.0,0.7,100.0,0.2,0.01,0.0,0.05,0.2423,NA,0.8701,NA,0.3793,0.5911,0.2792,NA,NA,NA,NA,NA,NA,NA,0.66
Alleloscope,events_10_rep42,42,4,0.5,10.0,200,0.1,2.0,0.7,100.0,0.2,0.01,0.0,0.0,0.1,NA,0.4508,NA,0.5329,1,0.3632,NA,NA,NA,NA,NA,NA,NA,0.63
Alleloscope,events_10_rep43,43,4,0.5,10.0,200,0.1,2.0,0.7,100.0,0.2,0.01,0.0,0.0,0.1214,NA,0.6899,NA,0.4922,0.75,0.3663,NA,NA,NA,NA,NA,NA,NA,0.63
Alleloscope,events_10_rep44,44,4,0.5,10.0,200,0.1,2.0,0.7,100.0,0.2,0.01,0.0,0.0,0.261,NA,0.5902,NA,0.584,0.5,0.702,NA,NA,NA,NA,NA,NA,NA,0.615
Alleloscope,events_10_rep45,45,4,0.5,10.0,200,0.1,2.0,0.7,100.0,0.2,0.01,0.0,0.0,0.1135,NA,0.3447,NA,0.1513,0.5,0.0891,NA,NA,NA,NA,NA,NA,NA,0.635
Alleloscope,events_10_rep46,46,4,0.5,10.0,200,0.1,2.0,0.7,100.0,0.2,0.01,0.0,0.0,0.1374,NA,0.5325,NA,0.0048,0.5,0.0024,NA,NA,NA,NA,NA,NA,NA,0.605
Alleloscope,events_80_rep42,42,4,0.5,80.0,200,0.1,2.0,0.7,100.0,0.2,0.01,0.0,0.0,0.5575,NA,0.5479,NA,0.3845,0.6778,0.2684,NA,NA,NA,NA,NA,NA,NA,0.535
Alleloscope,events_80_rep43,43,4,0.5,80.0,200,0.1,2.0,0.7,100.0,0.2,0.01,0.0,0.0,0.3414,NA,0.6456,NA,0.5665,0.6104,0.5286,NA,NA,NA,NA,NA,NA,NA,0.56
Alleloscope,events_80_rep44,44,4,0.5,80.0,200,0.1,2.0,0.7,100.0,0.2,0.01,0.0,0.0,0.8019,NA,0.838,NA,0.4397,0.5807,0.3538,NA,NA,NA,NA,NA,NA,NA,0.54
Alleloscope,events_80_rep45,45,4,0.5,80.0,200,0.1,2.0,0.7,100.0,0.2,0.01,0.0,0.0,0.4813,NA,0.8699,NA,0.6857,0.7441,0.6358,NA,NA,NA,NA,NA,NA,NA,0.545
Alleloscope,events_80_rep46,46,4,0.5,80.0,200,0.1,2.0,0.7,100.0,0.2,0.01,0.0,0.0,0.2973,NA,0.6736,NA,0.4787,0.6167,0.3911,NA,NA,NA,NA,NA,NA,NA,0.685
Alleloscope,focal_0_3_rep42,42,4,0.5,40.0,200,0.1,2.0,0.3,100.0,0.2,0.01,0.0,0.0,0.4809,NA,1,NA,0.5419,0.5755,0.512,NA,NA,NA,NA,NA,NA,NA,0.61
Alleloscope,focal_0_3_rep43,43,4,0.5,40.0,200,0.1,2.0,0.3,100.0,0.2,0.01,0.0,0.0,0.3052,NA,0.8025,NA,0.6995,0.6462,0.7624,NA,NA,NA,NA,NA,NA,NA,0.605
Alleloscope,focal_0_3_rep44,44,4,0.5,40.0,200,0.1,2.0,0.3,100.0,0.2,0.01,0.0,0.0,0.6463,NA,0.642,NA,0.7125,0.6273,0.8244,NA,NA,NA,NA,NA,NA,NA,0.535
Alleloscope,focal_0_3_rep45,45,4,0.5,40.0,200,0.1,2.0,0.3,100.0,0.2,0.01,0.0,0.0,0.5473,NA,1,NA,0.6849,0.6858,0.6839,NA,NA,NA,NA,NA,NA,NA,0.675
Alleloscope,focal_0_3_rep46,46,4,0.5,40.0,200,0.1,2.0,0.3,100.0,0.2,0.01,0.0,0.0,0.6104,NA,0.8297,NA,0.6661,0.5949,0.7566,NA,NA,NA,NA,NA,NA,NA,0.64
Alleloscope,focal_1_0_rep42,42,4,0.5,40.0,200,0.1,2.0,1.0,100.0,0.2,0.01,0.0,0.0,0.3877,NA,0.3488,NA,0,0,0,NA,NA,NA,NA,NA,NA,NA,0.595
Alleloscope,focal_1_0_rep43,43,4,0.5,40.0,200,0.1,2.0,1.0,100.0,0.2,0.01,0.0,0.0,0.2373,NA,0.0132,NA,0,0,0,NA,NA,NA,NA,NA,NA,NA,0.625
Alleloscope,focal_1_0_rep44,44,4,0.5,40.0,200,0.1,2.0,1.0,100.0,0.2,0.01,0.0,0.0,0.5018,NA,0.5511,NA,0,0,0,NA,NA,NA,NA,NA,NA,NA,0.635
Alleloscope,focal_1_0_rep45,45,4,0.5,40.0,200,0.1,2.0,1.0,100.0,0.2,0.01,0.0,0.0,0.2943,NA,0.6275,NA,0.0056,0.3846,0.0028,NA,NA,NA,NA,NA,NA,NA,0.585
Alleloscope,focal_1_0_rep46,46,4,0.5,40.0,200,0.1,2.0,1.0,100.0,0.2,0.01,0.0,0.0,0.196,NA,0,NA,0,0,0,NA,NA,NA,NA,NA,NA,NA,0.655
Alleloscope,normal_0_0_rep42,42,4,0.5,40.0,200,0.0,2.0,0.7,100.0,0.2,0.01,0.0,0.0,0.6023,NA,0.781,NA,0.4728,0.5765,0.4008,NA,NA,NA,NA,NA,NA,NA,0.63
Alleloscope,normal_0_0_rep43,43,4,0.5,40.0,200,0.0,2.0,0.7,100.0,0.2,0.01,0.0,0.0,0.1844,NA,1,NA,0.4367,0.5788,0.3506,NA,NA,NA,NA,NA,NA,NA,0.64
Alleloscope,normal_0_0_rep44,44,4,0.5,40.0,200,0.0,2.0,0.7,100.0,0.2,0.01,0.0,0.0,0.6156,NA,1,NA,0.3228,0.5554,0.2275,NA,NA,NA,NA,NA,NA,NA,0.65
Alleloscope,normal_0_0_rep45,45,4,0.5,40.0,200,0.0,2.0,0.7,100.0,0.2,0.01,0.0,0.0,0.4416,NA,1,NA,0.6462,0.6775,0.6177,NA,NA,NA,NA,NA,NA,NA,0.655
Alleloscope,normal_0_0_rep46,46,4,0.5,40.0,200,0.0,2.0,0.7,100.0,0.2,0.01,0.0,0.0,0.2628,NA,0.7212,NA,0.4191,0.7106,0.2972,NA,NA,NA,NA,NA,NA,NA,0.655
Alleloscope,normal_0_3_rep42,42,4,0.5,40.0,200,0.3,2.0,0.7,100.0,0.2,0.01,0.0,0.0,0.2842,NA,0.6944,NA,0.5289,0.7619,0.4051,NA,NA,NA,NA,NA,NA,NA,0.66
Alleloscope,normal_0_3_rep43,43,4,0.5,40.0,200,0.3,2.0,0.7,100.0,0.2,0.01,0.0,0.0,0.0755,NA,0.4678,NA,0.4149,0.5654,0.3276,NA,NA,NA,NA,NA,NA,NA,0.675
Alleloscope,normal_0_3_rep44,44,4,0.5,40.0,200,0.3,2.0,0.7,100.0,0.2,0.01,0.0,0.0,0.4991,NA,0.9154,NA,0.2884,0.649,0.1854,NA,NA,NA,NA,NA,NA,NA,0.605
Alleloscope,normal_0_3_rep45,45,4,0.5,40.0,200,0.3,2.0,0.7,100.0,0.2,0.01,0.0,0.0,0.2124,NA,0.9693,NA,0.6756,0.7539,0.612,NA,NA,NA,NA,NA,NA,NA,0.585
Alleloscope,normal_0_3_rep46,46,4,0.5,40.0,200,0.3,2.0,0.7,100.0,0.2,0.01,0.0,0.0,0.1696,NA,0.513,NA,0.4176,0.7037,0.2969,NA,NA,NA,NA,NA,NA,NA,0.635
Alleloscope,phaseswitch_0_05_rep42,42,4,0.5,40.0,200,0.1,2.0,0.7,100.0,0.2,0.05,0.0,0.0,0.4183,NA,0.6477,NA,0.5302,0.7805,0.4014,NA,NA,NA,NA,NA,NA,NA,0.585
Alleloscope,phaseswitch_0_05_rep43,43,4,0.5,40.0,200,0.1,2.0,0.7,100.0,0.2,0.05,0.0,0.0,0.1512,NA,0.6541,NA,0.4247,0.5619,0.3414,NA,NA,NA,NA,NA,NA,NA,0.615
Alleloscope,phaseswitch_0_05_rep44,44,4,0.5,40.0,200,0.1,2.0,0.7,100.0,0.2,0.05,0.0,0.0,0.6021,NA,0.9766,NA,0.3051,0.3744,0.2574,NA,NA,NA,NA,NA,NA,NA,0.565
Alleloscope,phaseswitch_0_05_rep45,45,4,0.5,40.0,200,0.1,2.0,0.7,100.0,0.2,0.05,0.0,0.0,0.3007,NA,0.9551,NA,0.6778,0.743,0.6232,NA,NA,NA,NA,NA,NA,NA,0.625
Alleloscope,phaseswitch_0_05_rep46,46,4,0.5,40.0,200,0.1,2.0,0.7,100.0,0.2,0.05,0.0,0.0,0.2323,NA,0.914,NA,0.4015,0.619,0.2971,NA,NA,NA,NA,NA,NA,NA,0.65
Alleloscope,phaseswitch_0_rep42,42,4,0.5,40.0,200,0.1,2.0,0.7,100.0,0.2,0.0,0.0,0.0,0.4183,NA,0.6477,NA,0.5302,0.7805,0.4014,NA,NA,NA,NA,NA,NA,NA,0.585
Alleloscope,phaseswitch_0_rep43,43,4,0.5,40.0,200,0.1,2.0,0.7,100.0,0.2,0.0,0.0,0.0,0.1503,NA,0.6959,NA,0.4192,0.5765,0.3293,NA,NA,NA,NA,NA,NA,NA,0.615
Alleloscope,phaseswitch_0_rep44,44,4,0.5,40.0,200,0.1,2.0,0.7,100.0,0.2,0.0,0.0,0.0,0.6025,NA,0.9766,NA,0.3049,0.374,0.2574,NA,NA,NA,NA,NA,NA,NA,0.565
Alleloscope,phaseswitch_0_rep45,45,4,0.5,40.0,200,0.1,2.0,0.7,100.0,0.2,0.0,0.0,0.0,0.3007,NA,0.9551,NA,0.6778,0.743,0.6232,NA,NA,NA,NA,NA,NA,NA,0.625
Alleloscope,phaseswitch_0_rep46,46,4,0.5,40.0,200,0.1,2.0,0.7,100.0,0.2,0.0,0.0,0.0,0.2311,NA,0.914,NA,0.404,0.6311,0.2971,NA,NA,NA,NA,NA,NA,NA,0.65
Alleloscope,wgd_0_rep42,42,4,0.5,40.0,200,0.1,2.0,0.7,100.0,0.2,0.01,0.0,0.0,0.4183,NA,0.6477,NA,0.5302,0.7805,0.4014,NA,NA,NA,NA,NA,NA,NA,0.585
Alleloscope,wgd_0_rep43,43,4,0.5,40.0,200,0.1,2.0,0.7,100.0,0.2,0.01,0.0,0.0,0.1503,NA,0.6959,NA,0.4192,0.5765,0.3293,NA,NA,NA,NA,NA,NA,NA,0.615
Alleloscope,wgd_0_rep44,44,4,0.5,40.0,200,0.1,2.0,0.7,100.0,0.2,0.01,0.0,0.0,0.6025,NA,0.9766,NA,0.3049,0.374,0.2574,NA,NA,NA,NA,NA,NA,NA,0.565
Alleloscope,wgd_0_rep45,45,4,0.5,40.0,200,0.1,2.0,0.7,100.0,0.2,0.01,0.0,0.0,0.3007,NA,0.9551,NA,0.6778,0.743,0.6232,NA,NA,NA,NA,NA,NA,NA,0.625
Alleloscope,wgd_0_rep46,46,4,0.5,40.0,200,0.1,2.0,0.7,100.0,0.2,0.01,0.0,0.0,0.2311,NA,0.914,NA,0.404,0.6311,0.2971,NA,NA,NA,NA,NA,NA,NA,0.65
Alleloscope,wgd_1_rep42,42,4,0.5,40.0,200,0.1,2.0,0.7,100.0,0.2,0.01,1.0,0.0,0.8022,NA,0.8402,NA,0.5689,0.7006,0.4789,NA,NA,NA,NA,NA,NA,NA,0.605
Alleloscope,wgd_1_rep43,43,4,0.5,40.0,200,0.1,2.0,0.7,100.0,0.2,0.01,1.0,0.0,1.143,NA,0.6651,NA,0.1641,0.5,0.0982,NA,NA,NA,NA,NA,NA,NA,0.62
Alleloscope,wgd_1_rep44,44,4,0.5,40.0,200,0.1,2.0,0.7,100.0,0.2,0.01,1.0,0.0,1.5281,NA,0.7684,NA,0.4196,0.453,0.3908,NA,NA,NA,NA,NA,NA,NA,0.6
Alleloscope,wgd_1_rep45,45,4,0.5,40.0,200,0.1,2.0,0.7,100.0,0.2,0.01,1.0,0.0,1.2843,NA,0.9398,NA,0.6037,0.7672,0.4976,NA,NA,NA,NA,NA,NA,NA,0.6
Alleloscope,wgd_1_rep46,46,4,0.5,40.0,200,0.1,2.0,0.7,100.0,0.2,0.01,1.0,0.0,1.3011,NA,0.7693,NA,0.1482,0.5625,0.0854,NA,NA,NA,NA,NA,NA,NA,0.625
SCICoNE,amplitude_1_0_rep42,42,4,0.5,40.0,200,0.1,1.0,0.7,100.0,0.2,0.01,0.0,0.0,NA,0.07263157894736842,0.8560425234597995,0.9194647984636939,NA,NA,NA,NA,0.4873096446700507,0.39344262295081966,0.64,NA,NA,NA,NA
SCICoNE,amplitude_1_0_rep43,43,4,0.5,40.0,200,0.1,1.0,0.7,100.0,0.2,0.01,0.0,0.0,NA,0.05747058823529412,0.7514114718569395,0.864471436424403,NA,NA,NA,NA,0.4918032786885245,0.375,0.7142857142857143,NA,NA,NA,NA
SCICoNE,amplitude_1_0_rep44,44,4,0.5,40.0,200,0.1,1.0,0.7,100.0,0.2,0.01,0.0,0.0,NA,0.33092307692307693,1.0,1.0,NA,NA,NA,NA,0.3745019920318725,0.25133689839572193,0.734375,NA,NA,NA,NA
SCICoNE,amplitude_1_0_rep45,45,4,0.5,40.0,200,0.1,1.0,0.7,100.0,0.2,0.01,0.0,0.0,NA,0.12875,0.9958452683195511,0.9911230434693401,NA,NA,NA,NA,0.62882096069869,0.5714285714285714,0.6990291262135923,NA,NA,NA,NA
SCICoNE,amplitude_1_0_rep46,46,4,0.5,40.0,200,0.1,1.0,0.7,100.0,0.2,0.01,0.0,0.0,NA,0.07471428571428572,0.8781010989989542,0.914749812155844,NA,NA,NA,NA,0.39357429718875503,0.2722222222222222,0.7101449275362319,NA,NA,NA,NA
SCICoNE,amplitude_4_0_rep42,42,4,0.5,40.0,200,0.1,4.0,0.7,100.0,0.2,0.01,0.0,0.0,NA,0.9666666666666667,1.0,1.0,NA,NA,NA,NA,0.543859649122807,0.45588235294117646,0.6739130434782609,NA,NA,NA,NA
SCICoNE,amplitude_4_0_rep43,43,4,0.5,40.0,200,0.1,4.0,0.7,100.0,0.2,0.01,0.0,0.0,NA,0.2730851063829787,0.8754349537508398,0.9291208310414164,NA,NA,NA,NA,0.6605504587155964,0.576,0.7741935483870968,NA,NA,NA,NA
SCICoNE,amplitude_4_0_rep44,44,4,0.5,40.0,200,0.1,4.0,0.7,100.0,0.2,0.01,0.0,0.0,NA,0.9088414634146341,1.0,1.0,NA,NA,NA,NA,0.5253456221198156,0.41911764705882354,0.7037037037037037,NA,NA,NA,NA
SCICoNE,amplitude_4_0_rep45,45,4,0.5,40.0,200,0.1,4.0,0.7,100.0,0.2,0.01,0.0,0.0,NA,0.6054347826086957,1.0,1.0,NA,NA,NA,NA,0.45643153526970953,0.36666666666666664,0.6043956043956044,NA,NA,NA,NA
SCICoNE,amplitude_4_0_rep46,46,4,0.5,40.0,200,0.1,4.0,0.7,100.0,0.2,0.01,0.0,0.0,NA,1.8473684210526315,0.8217455741763163,0.8675662277074182,NA,NA,NA,NA,0.2642857142857143,0.18048780487804877,0.49333333333333335,NA,NA,NA,NA
SCICoNE,beta_0_1_rep42,42,4,0.1,40.0,200,0.1,2.0,0.7,100.0,0.2,0.01,0.0,0.0,NA,0.28578125,0.7176862653797377,0.8701116447719073,NA,NA,NA,NA,0.37914691943127965,0.2702702702702703,0.6349206349206349,NA,NA,NA,NA
SCICoNE,beta_0_1_rep43,43,4,0.1,40.0,200,0.1,2.0,0.7,100.0,0.2,0.01,0.0,0.0,NA,0.2405844155844156,0.9899502728810694,0.9837660735954208,NA,NA,NA,NA,0.497737556561086,0.3793103448275862,0.7236842105263158,NA,NA,NA,NA
SCICoNE,beta_0_1_rep44,44,4,0.1,40.0,200,0.1,2.0,0.7,100.0,0.2,0.01,0.0,0.0,NA,0.47330985915492957,1.0,1.0,NA,NA,NA,NA,0.4311926605504587,0.31756756756756754,0.6714285714285714,NA,NA,NA,NA
SCICoNE,beta_0_1_rep45,45,4,0.1,40.0,200,0.1,2.0,0.7,100.0,0.2,0.01,0.0,0.0,NA,0.13976470588235293,1.0,1.0000000000000002,NA,NA,NA,NA,0.47257383966244726,0.3660130718954248,0.6666666666666666,NA,NA,NA,NA
SCICoNE,beta_0_1_rep46,46,4,0.1,40.0,200,0.1,2.0,0.7,100.0,0.2,0.01,0.0,0.0,NA,0.3087704918032787,0.79941738361949,0.8458283759670017,NA,NA,NA,NA,0.2972972972972973,0.2037037037037037,0.55,NA,NA,NA,NA
SCICoNE,beta_0_3_rep42,42,4,0.3,40.0,200,0.1,2.0,0.7,100.0,0.2,0.01,0.0,0.0,NA,0.3709375,0.806031717252732,0.8753644776642253,NA,NA,NA,NA,0.31970260223048325,0.2087378640776699,0.6825396825396826,NA,NA,NA,NA
SCICoNE,beta_0_3_rep43,43,4,0.3,40.0,200,0.1,2.0,0.7,100.0,0.2,0.01,0.0,0.0,NA,0.20844155844155843,0.8822309236294911,0.9243320434616301,NA,NA,NA,NA,0.453781512605042,0.3333333333333333,0.7105263157894737,NA,NA,NA,NA
SCICoNE,beta_0_3_rep44,44,4,0.3,40.0,200,0.1,2.0,0.7,100.0,0.2,0.01,0.0,0.0,NA,0.48795774647887324,1.0,1.0,NA,NA,NA,NA,0.43404255319148927,0.3090909090909091,0.7285714285714285,NA,NA,NA,NA
SCICoNE,beta_0_3_rep45,45,4,0.3,40.0,200,0.1,2.0,0.7,100.0,0.2,0.01,0.0,0.0,NA,0.13294117647058823,0.9884252947291834,0.9845309037990692,NA,NA,NA,NA,0.4786324786324786,0.37333333333333335,0.6666666666666666,NA,NA,NA,NA
SCICoNE,beta_0_3_rep46,46,4,0.3,40.0,200,0.1,2.0,0.7,100.0,0.2,0.01,0.0,0.0,NA,0.35008196721311474,0.8026243552959972,0.850400999676749,NA,NA,NA,NA,0.3349282296650718,0.2348993288590604,0.5833333333333334,NA,NA,NA,NA
SCICoNE,beta_0_5_rep42,42,4,0.5,40.0,200,0.1,2.0,0.7,100.0,0.2,0.01,0.0,0.0,NA,0.284765625,0.7316969501157877,0.8601180417439833,NA,NA,NA,NA,0.4059405940594059,0.2949640287769784,0.6507936507936508,NA,NA,NA,NA
SCICoNE,beta_0_5_rep43,43,4,0.5,40.0,200,0.1,2.0,0.7,100.0,0.2,0.01,0.0,0.0,NA,0.4122077922077922,0.8079292875507751,0.8830339171854604,NA,NA,NA,NA,0.15767634854771784,0.11515151515151516,0.25,NA,NA,NA,NA
SCICoNE,beta_0_5_rep44,44,4,0.5,40.0,200,0.1,2.0,0.7,100.0,0.2,0.01,0.0,0.0,NA,0.39936619718309857,1.0,1.0,NA,NA,NA,NA,0.4607843137254903,0.35074626865671643,0.6714285714285714,NA,NA,NA,NA
SCICoNE,beta_0_5_rep45,45,4,0.5,40.0,200,0.1,2.0,0.7,100.0,0.2,0.01,0.0,0.0,NA,0.13841176470588235,1.0,1.0,NA,NA,NA,NA,0.3969465648854962,0.29213483146067415,0.6190476190476191,NA,NA,NA,NA
SCICoNE,beta_0_5_rep46,46,4,0.5,40.0,200,0.1,2.0,0.7,100.0,0.2,0.01,0.0,0.0,NA,0.3592622950819672,0.5742265545651886,0.7181530493682023,NA,NA,NA,NA,0.29310344827586204,0.19767441860465115,0.5666666666666667,NA,NA,NA,NA
SCICoNE,cells_500_rep42,42,4,0.5,40.0,500,0.1,2.0,0.7,100.0,0.2,0.01,0.0,0.0,NA,0.40572151898734177,0.8827500657480334,0.9288704838766464,NA,NA,NA,NA,0.5728643216080401,0.47107438016528924,0.7307692307692307,NA,NA,NA,NA
SCICoNE,cells_500_rep43,43,4,0.5,40.0,500,0.1,2.0,0.7,100.0,0.2,0.01,0.0,0.0,NA,0.18606976744186046,0.8504188304378456,0.9177165698764995,NA,NA,NA,NA,0.6938775510204082,0.6126126126126126,0.8,NA,NA,NA,NA
SCICoNE,cells_500_rep44,44,4,0.5,40.0,500,0.1,2.0,0.7,100.0,0.2,0.01,0.0,0.0,NA,0.818906976744186,1.0,1.0,NA,NA,NA,NA,0.5887850467289719,0.4883720930232558,0.7411764705882353,NA,NA,NA,NA
SCICoNE,cells_500_rep45,45,4,0.5,40.0,500,0.1,2.0,0.7,100.0,0.2,0.01,0.0,0.0,NA,0.42140298507462687,1.0,1.0,NA,NA,NA,NA,0.4299065420560748,0.3108108108108108,0.696969696969697,NA,NA,NA,NA
SCICoNE,cells_500_rep46,46,4,0.5,40.0,500,0.1,2.0,0.7,100.0,0.2,0.01,0.0,0.0,NA,0.19922388059701493,0.8493863508092013,0.9051841424603927,NA,NA,NA,NA,0.3733333333333333,0.2641509433962264,0.6363636363636364,NA,NA,NA,NA
SCICoNE,cells_50_rep42,42,4,0.5,40.0,50,0.1,2.0,0.7,100.0,0.2,0.01,0.0,0.0,NA,0.5156962025316456,0.799151792057888,0.9080782107793115,NA,NA,NA,NA,0.5352112676056338,0.4222222222222222,0.7307692307692307,NA,NA,NA,NA
SCICoNE,cells_50_rep43,43,4,0.5,40.0,50,0.1,2.0,0.7,100.0,0.2,0.01,0.0,0.0,NA,0.18930232558139534,0.8289440612170804,0.9176182122343982,NA,NA,NA,NA,0.5411764705882353,0.40588235294117647,0.8117647058823529,NA,NA,NA,NA
SCICoNE,cells_50_rep44,44,4,0.5,40.0,50,0.1,2.0,0.7,100.0,0.2,0.01,0.0,0.0,NA,0.8841860465116279,0.8519770344310912,0.9208162176415097,NA,NA,NA,NA,0.5080645161290323,0.38650306748466257,0.7411764705882353,NA,NA,NA,NA
SCICoNE,cells_50_rep45,45,4,0.5,40.0,50,0.1,2.0,0.7,100.0,0.2,0.01,0.0,0.0,NA,0.3582089552238806,1.0,1.0,NA,NA,NA,NA,0.4761904761904762,0.3472222222222222,0.7575757575757576,NA,NA,NA,NA
SCICoNE,cells_50_rep46,46,4,0.5,40.0,50,0.1,2.0,0.7,100.0,0.2,0.01,0.0,0.0,NA,0.17044776119402985,0.9488339714584059,0.9372750016015752,NA,NA,NA,NA,0.31578947368421056,0.21,0.6363636363636364,NA,NA,NA,NA
SCICoNE,clone_2_rep42,42,2,0.5,40.0,200,0.1,2.0,0.7,100.0,0.2,0.01,0.0,0.0,NA,0.4042063492063492,1.0,1.0,NA,NA,NA,NA,0.3944954128440367,0.27564102564102566,0.6935483870967742,NA,NA,NA,NA
SCICoNE,clone_2_rep43,43,2,0.5,40.0,200,0.1,2.0,0.7,100.0,0.2,0.01,0.0,0.0,NA,0.5775862068965517,1.0,1.0,NA,NA,NA,NA,0.36607142857142855,0.24550898203592814,0.7192982456140351,NA,NA,NA,NA
SCICoNE,clone_2_rep44,44,2,0.5,40.0,200,0.1,2.0,0.7,100.0,0.2,0.01,0.0,0.0,NA,0.4928571428571429,1.0,1.0,NA,NA,NA,NA,0.47567567567567576,0.35772357723577236,0.7096774193548387,NA,NA,NA,NA
SCICoNE,clone_2_rep45,45,2,0.5,40.0,200,0.1,2.0,0.7,100.0,0.2,0.01,0.0,0.0,NA,0.5084,1.0,1.0,NA,NA,NA,NA,0.39525691699604737,0.27932960893854747,0.6756756756756757,NA,NA,NA,NA
SCICoNE,clone_2_rep46,46,2,0.5,40.0,200,0.1,2.0,0.7,100.0,0.2,0.01,0.0,0.0,NA,0.21840425531914895,0.9981752436195909,0.9848205501471994,NA,NA,NA,NA,0.22764227642276424,0.14,0.6086956521739131,NA,NA,NA,NA
SCICoNE,clone_4_rep42,42,4,0.5,40.0,200,0.1,2.0,0.7,100.0,0.2,0.01,0.0,0.0,NA,0.284765625,0.7316969501157877,0.8601180417439833,NA,NA,NA,NA,0.4059405940594059,0.2949640287769784,0.6507936507936508,NA,NA,NA,NA
SCICoNE,clone_4_rep43,43,4,0.5,40.0,200,0.1,2.0,0.7,100.0,0.2,0.01,0.0,0.0,NA,0.27603896103896103,0.8883962214549852,0.9285022589358504,NA,NA,NA,NA,0.4578313253012048,0.32947976878612717,0.75,NA,NA,NA,NA
SCICoNE,clone_4_rep44,44,4,0.5,40.0,200,0.1,2.0,0.7,100.0,0.2,0.01,0.0,0.0,NA,0.39936619718309857,1.0,1.0,NA,NA,NA,NA,0.4607843137254903,0.35074626865671643,0.6714285714285714,NA,NA,NA,NA
SCICoNE,clone_4_rep45,45,4,0.5,40.0,200,0.1,2.0,0.7,100.0,0.2,0.01,0.0,0.0,NA,0.13841176470588235,1.0,1.0,NA,NA,NA,NA,0.3969465648854962,0.29213483146067415,0.6190476190476191,NA,NA,NA,NA
SCICoNE,clone_4_rep46,46,4,0.5,40.0,200,0.1,2.0,0.7,100.0,0.2,0.01,0.0,0.0,NA,0.3592622950819672,0.5742265545651886,0.7181530493682023,NA,NA,NA,NA,0.29310344827586204,0.19767441860465115,0.5666666666666667,NA,NA,NA,NA
SCICoNE,clone_8_rep42,42,8,0.5,40.0,200,0.1,2.0,0.7,100.0,0.2,0.01,0.0,0.0,NA,0.18018987341772152,0.8666574000546023,0.9333436062614966,NA,NA,NA,NA,0.4014598540145985,0.28061224489795916,0.7051282051282052,NA,NA,NA,NA
SCICoNE,clone_8_rep43,43,8,0.5,40.0,200,0.1,2.0,0.7,100.0,0.2,0.01,0.0,0.0,NA,0.08652439024390243,0.9264343254199732,0.9569964077737458,NA,NA,NA,NA,0.4166666666666667,0.3005464480874317,0.6790123456790124,NA,NA,NA,NA
SCICoNE,clone_8_rep44,44,8,0.5,40.0,200,0.1,2.0,0.7,100.0,0.2,0.01,0.0,0.0,NA,0.1563235294117647,0.7063817518504364,0.855759380094822,NA,NA,NA,NA,0.3565891472868217,0.24083769633507854,0.6865671641791045,NA,NA,NA,NA
SCICoNE,clone_8_rep45,45,8,0.5,40.0,200,0.1,2.0,0.7,100.0,0.2,0.01,0.0,0.0,NA,0.15034722222222222,0.9014386243309539,0.8987302135810823,NA,NA,NA,NA,0.3967611336032389,0.2784090909090909,0.6901408450704225,NA,NA,NA,NA
SCICoNE,clone_8_rep46,46,8,0.5,40.0,200,0.1,2.0,0.7,100.0,0.2,0.01,0.0,0.0,NA,0.3555921052631579,0.3635829024471939,0.6501315624806457,NA,NA,NA,NA,0.41295546558704455,0.29651162790697677,0.68,NA,NA,NA,NA
SCICoNE,coverage_0_005_rep42,42,4,0.5,40.0,200,0.1,2.0,0.7,16.67,0.005,0.01,0.0,0.0,NA,0.4299367088607595,0.8759952967902219,0.9256954376500208,NA,NA,NA,NA,0.4789915966386555,0.35625,0.7307692307692307,NA,NA,NA,NA
SCICoNE,coverage_0_005_rep43,43,4,0.5,40.0,200,0.1,2.0,0.7,16.67,0.005,0.01,0.0,0.0,NA,0.20180232558139535,0.8888169482020695,0.9299337651805284,NA,NA,NA,NA,0.5809128630705395,0.44871794871794873,0.8235294117647058,NA,NA,NA,NA
SCICoNE,coverage_0_005_rep44,44,4,0.5,40.0,200,0.1,2.0,0.7,16.67,0.005,0.01,0.0,0.0,NA,0.8336046511627907,1.0,1.0,NA,NA,NA,NA,0.5982142857142857,0.48201438848920863,0.788235294117647,NA,NA,NA,NA
SCICoNE,coverage_0_005_rep45,45,4,0.5,40.0,200,0.1,2.0,0.7,16.67,0.005,0.01,0.0,0.0,NA,0.3780597014925373,1.0,1.0,NA,NA,NA,NA,0.40579710144927533,0.2978723404255319,0.6363636363636364,NA,NA,NA,NA
SCICoNE,coverage_0_005_rep46,46,4,0.5,40.0,200,0.1,2.0,0.7,16.67,0.005,0.01,0.0,0.0,NA,0.15313432835820895,0.8711747562617106,0.9124511103720219,NA,NA,NA,NA,0.28767123287671237,0.18584070796460178,0.6363636363636364,NA,NA,NA,NA
SCICoNE,coverage_0_02_rep42,42,4,0.5,40.0,200,0.1,2.0,0.7,66.67,0.02,0.01,0.0,0.0,NA,0.3822784810126582,0.8759952967902219,0.9256954376500208,NA,NA,NA,NA,0.5507246376811594,0.4418604651162791,0.7307692307692307,NA,NA,NA,NA
SCICoNE,coverage_0_02_rep43,43,4,0.5,40.0,200,0.1,2.0,0.7,66.67,0.02,0.01,0.0,0.0,NA,0.21389534883720931,0.8888169482020695,0.9299337651805282,NA,NA,NA,NA,0.6934673366834171,0.6052631578947368,0.8117647058823529,NA,NA,NA,NA
SCICoNE,coverage_0_02_rep44,44,4,0.5,40.0,200,0.1,2.0,0.7,66.67,0.02,0.01,0.0,0.0,NA,0.8946511627906977,0.9443404142024151,0.9464265446959685,NA,NA,NA,NA,0.5638766519823789,0.4507042253521127,0.7529411764705882,NA,NA,NA,NA
SCICoNE,coverage_0_02_rep45,45,4,0.5,40.0,200,0.1,2.0,0.7,66.67,0.02,0.01,0.0,0.0,NA,0.4005223880597015,1.0,1.0,NA,NA,NA,NA,0.4017094017094017,0.27976190476190477,0.7121212121212122,NA,NA,NA,NA
SCICoNE,coverage_0_02_rep46,46,4,0.5,40.0,200,0.1,2.0,0.7,66.67,0.02,0.01,0.0,0.0,NA,0.18037313432835822,0.8711747562617106,0.9124511103720219,NA,NA,NA,NA,0.32411067193675885,0.2192513368983957,0.6212121212121212,NA,NA,NA,NA
SCICoNE,coverage_0_05_rep42,42,4,0.5,40.0,200,0.1,2.0,0.7,166.67,0.05,0.01,0.0,0.0,NA,0.40949367088607597,0.8759952967902219,0.9256954376500208,NA,NA,NA,NA,0.5480769230769231,0.43846153846153846,0.7307692307692307,NA,NA,NA,NA
SCICoNE,coverage_0_05_rep43,43,4,0.5,40.0,200,0.1,2.0,0.7,166.67,0.05,0.01,0.0,0.0,NA,0.2,0.8888169482020695,0.9299337651805284,NA,NA,NA,NA,0.5974025974025974,0.4726027397260274,0.8117647058823529,NA,NA,NA,NA
SCICoNE,coverage_0_05_rep44,44,4,0.5,40.0,200,0.1,2.0,0.7,166.67,0.05,0.01,0.0,0.0,NA,0.7073837209302326,1.0,1.0,NA,NA,NA,NA,0.5610859728506787,0.45588235294117646,0.7294117647058823,NA,NA,NA,NA
SCICoNE,coverage_0_05_rep45,45,4,0.5,40.0,200,0.1,2.0,0.7,166.67,0.05,0.01,0.0,0.0,NA,0.3921641791044776,1.0,1.0,NA,NA,NA,NA,0.4352331606217617,0.33070866141732286,0.6363636363636364,NA,NA,NA,NA
SCICoNE,coverage_0_05_rep46,46,4,0.5,40.0,200,0.1,2.0,0.7,166.67,0.05,0.01,0.0,0.0,NA,0.1325373134328358,0.8711747562617106,0.9124511103720219,NA,NA,NA,NA,0.35964912280701755,0.25308641975308643,0.6212121212121212,NA,NA,NA,NA
SCICoNE,coverage_0_1_rep42,42,4,0.5,40.0,200,0.1,2.0,0.7,333.33,0.1,0.01,0.0,0.0,NA,0.4141139240506329,0.8759952967902219,0.9256954376500208,NA,NA,NA,NA,0.5,0.39552238805970147,0.6794871794871795,NA,NA,NA,NA
SCICoNE,coverage_0_1_rep43,43,4,0.5,40.0,200,0.1,2.0,0.7,333.33,0.1,0.01,0.0,0.0,NA,0.18767441860465117,0.8888169482020695,0.9299337651805282,NA,NA,NA,NA,0.6763285024154589,0.5737704918032787,0.8235294117647058,NA,NA,NA,NA
SCICoNE,coverage_0_1_rep44,44,4,0.5,40.0,200,0.1,2.0,0.7,333.33,0.1,0.01,0.0,0.0,NA,0.7984302325581395,1.0,1.0,NA,NA,NA,NA,0.6055045871559632,0.49624060150375937,0.7764705882352941,NA,NA,NA,NA
SCICoNE,coverage_0_1_rep45,45,4,0.5,40.0,200,0.1,2.0,0.7,333.33,0.1,0.01,0.0,0.0,NA,0.35276119402985073,1.0,1.0,NA,NA,NA,NA,0.4072398190045249,0.2903225806451613,0.6818181818181818,NA,NA,NA,NA
SCICoNE,coverage_0_1_rep46,46,4,0.5,40.0,200,0.1,2.0,0.7,333.33,0.1,0.01,0.0,0.0,NA,0.14649253731343284,0.8711747562617106,0.9124511103720219,NA,NA,NA,NA,0.3555555555555555,0.25157232704402516,0.6060606060606061,NA,NA,NA,NA
SCICoNE,doublet_0_02_rep42,42,4,0.5,40.0,200,0.1,2.0,0.7,100.0,0.2,0.01,0.0,0.02,NA,0.39689873417721516,0.8759952967902219,0.9261852690368865,NA,NA,NA,NA,0.6041666666666666,0.5087719298245614,0.7435897435897436,NA,NA,NA,NA
SCICoNE,doublet_0_02_rep43,43,4,0.5,40.0,200,0.1,2.0,0.7,100.0,0.2,0.01,0.0,0.02,NA,0.19488372093023257,0.8910762799305272,0.9302345871079026,NA,NA,NA,NA,0.6698564593301435,0.5645161290322581,0.8235294117647058,NA,NA,NA,NA
SCICoNE,doublet_0_02_rep44,44,4,0.5,40.0,200,0.1,2.0,0.7,100.0,0.2,0.01,0.0,0.02,NA,0.8381976744186046,0.9686773194951835,0.9608503994735709,NA,NA,NA,NA,0.5714285714285713,0.48,0.7058823529411765,NA,NA,NA,NA
SCICoNE,doublet_0_02_rep45,45,4,0.5,40.0,200,0.1,2.0,0.7,100.0,0.2,0.01,0.0,0.02,NA,0.4759701492537313,0.9797166089633235,0.9667566188492726,NA,NA,NA,NA,0.5402298850574713,0.4351851851851852,0.7121212121212122,NA,NA,NA,NA
SCICoNE,doublet_0_02_rep46,46,4,0.5,40.0,200,0.1,2.0,0.7,100.0,0.2,0.01,0.0,0.02,NA,0.1526865671641791,0.6353519235813103,0.8141385433491924,NA,NA,NA,NA,0.3492063492063492,0.23655913978494625,0.6666666666666666,NA,NA,NA,NA
SCICoNE,doublet_0_05_rep42,42,4,0.5,40.0,200,0.1,2.0,0.7,100.0,0.2,0.01,0.0,0.05,NA,0.38924050632911394,0.8278632201724163,0.8766594188067578,NA,NA,NA,NA,0.632768361581921,0.5656565656565656,0.717948717948718,NA,NA,NA,NA
SCICoNE,doublet_0_05_rep43,43,4,0.5,40.0,200,0.1,2.0,0.7,100.0,0.2,0.01,0.0,0.05,NA,0.2022674418604651,0.848029511332317,0.8817580657359136,NA,NA,NA,NA,0.5913043478260869,0.4689655172413793,0.8,NA,NA,NA,NA
SCICoNE,doublet_0_05_rep44,44,4,0.5,40.0,200,0.1,2.0,0.7,100.0,0.2,0.01,0.0,0.05,NA,0.9237209302325582,0.9910526860370138,0.9829265580686725,NA,NA,NA,NA,0.5076923076923078,0.37714285714285717,0.7764705882352941,NA,NA,NA,NA
SCICoNE,doublet_0_05_rep45,45,4,0.5,40.0,200,0.1,2.0,0.7,100.0,0.2,0.01,0.0,0.05,NA,0.2996268656716418,0.913000131387931,0.8886332381394427,NA,NA,NA,NA,0.4946236559139786,0.38333333333333336,0.696969696969697,NA,NA,NA,NA
SCICoNE,doublet_0_05_rep46,46,4,0.5,40.0,200,0.1,2.0,0.7,100.0,0.2,0.01,0.0,0.05,NA,0.1761194029850746,0.863185660750628,0.8804411430711504,NA,NA,NA,NA,0.40579710144927533,0.2978723404255319,0.6363636363636364,NA,NA,NA,NA
SCICoNE,events_10_rep42,42,4,0.5,10.0,200,0.1,2.0,0.7,100.0,0.2,0.01,0.0,0.0,NA,0.08424242424242424,0.4840533871371376,0.677062580085003,NA,NA,NA,NA,0.12269938650306751,0.06802721088435375,0.625,NA,NA,NA,NA
SCICoNE,events_10_rep43,43,4,0.5,10.0,200,0.1,2.0,0.7,100.0,0.2,0.01,0.0,0.0,NA,0.157,0.8708296838181956,0.9224248187911073,NA,NA,NA,NA,0.2336448598130841,0.14285714285714285,0.6410256410256411,NA,NA,NA,NA
SCICoNE,events_10_rep44,44,4,0.5,10.0,200,0.1,2.0,0.7,100.0,0.2,0.01,0.0,0.0,NA,0.03782051282051282,0.9517963210971743,0.952594823357828,NA,NA,NA,NA,0.17316017316017313,0.10362694300518134,0.5263157894736842,NA,NA,NA,NA
SCICoNE,events_10_rep45,45,4,0.5,10.0,200,0.1,2.0,0.7,100.0,0.2,0.01,0.0,0.0,NA,0.10388888888888889,0.737684010795144,0.8449218256216074,NA,NA,NA,NA,0.11235955056179776,0.06465517241379311,0.42857142857142855,NA,NA,NA,NA
SCICoNE,events_10_rep46,46,4,0.5,10.0,200,0.1,2.0,0.7,100.0,0.2,0.01,0.0,0.0,NA,0.06275,0.7319573207153232,0.8023003120067449,NA,NA,NA,NA,0.15319148936170215,0.09183673469387756,0.46153846153846156,NA,NA,NA,NA
SCICoNE,events_80_rep42,42,4,0.5,80.0,200,0.1,2.0,0.7,100.0,0.2,0.01,0.0,0.0,NA,0.7881386861313868,0.870917368930569,0.9207976699864105,NA,NA,NA,NA,0.6909090909090909,0.6834532374100719,0.6985294117647058,NA,NA,NA,NA
SCICoNE,events_80_rep43,43,4,0.5,80.0,200,0.1,2.0,0.7,100.0,0.2,0.01,0.0,0.0,NA,0.5229432624113475,0.854435966990095,0.9230136055061453,NA,NA,NA,NA,0.6713780918727915,0.6643356643356644,0.6785714285714286,NA,NA,NA,NA
SCICoNE,events_80_rep44,44,4,0.5,80.0,200,0.1,2.0,0.7,100.0,0.2,0.01,0.0,0.0,NA,0.9758461538461538,1.0,1.0,NA,NA,NA,NA,0.746031746031746,0.7642276422764228,0.7286821705426356,NA,NA,NA,NA
SCICoNE,events_80_rep45,45,4,0.5,80.0,200,0.1,2.0,0.7,100.0,0.2,0.01,0.0,0.0,NA,0.5150393700787401,1.0,1.0,NA,NA,NA,NA,0.6992481203007519,0.6642857142857143,0.7380952380952381,NA,NA,NA,NA
SCICoNE,events_80_rep46,46,4,0.5,80.0,200,0.1,2.0,0.7,100.0,0.2,0.01,0.0,0.0,NA,0.2987378640776699,0.8416567406758045,0.9080811631714426,NA,NA,NA,NA,0.5577689243027888,0.4697986577181208,0.6862745098039216,NA,NA,NA,NA
SCICoNE,focal_0_3_rep42,42,4,0.5,40.0,200,0.1,2.0,0.3,100.0,0.2,0.01,0.0,0.0,NA,0.429,1.0,1.0,NA,NA,NA,NA,0.4454976303317536,0.3092105263157895,0.7966101694915254,NA,NA,NA,NA
SCICoNE,focal_0_3_rep43,43,4,0.5,40.0,200,0.1,2.0,0.3,100.0,0.2,0.01,0.0,0.0,NA,0.3325862068965517,0.8796194238043535,0.92652905606122,NA,NA,NA,NA,0.4800000000000001,0.3356643356643357,0.8421052631578947,NA,NA,NA,NA
SCICoNE,focal_0_3_rep44,44,4,0.5,40.0,200,0.1,2.0,0.3,100.0,0.2,0.01,0.0,0.0,NA,1.156060606060606,1.0,1.0,NA,NA,NA,NA,0.4976958525345622,0.35526315789473684,0.8307692307692308,NA,NA,NA,NA
SCICoNE,focal_0_3_rep45,45,4,0.5,40.0,200,0.1,2.0,0.3,100.0,0.2,0.01,0.0,0.0,NA,0.7223770491803279,1.0,1.0,NA,NA,NA,NA,0.5608465608465608,0.4108527131782946,0.8833333333333333,NA,NA,NA,NA
SCICoNE,focal_0_3_rep46,46,4,0.5,40.0,200,0.1,2.0,0.3,100.0,0.2,0.01,0.0,0.0,NA,0.8808333333333334,0.7993767013994725,0.8542791164529855,NA,NA,NA,NA,0.37433155080213903,0.25,0.7446808510638298,NA,NA,NA,NA
SCICoNE,focal_1_0_rep42,42,4,0.5,40.0,200,0.1,2.0,1.0,100.0,0.2,0.01,0.0,0.0,NA,0.31542553191489364,0.8818741234301776,0.9221094805604576,NA,NA,NA,NA,0.48962655601659755,0.39864864864864863,0.6344086021505376,NA,NA,NA,NA
SCICoNE,focal_1_0_rep43,43,4,0.5,40.0,200,0.1,2.0,1.0,100.0,0.2,0.01,0.0,0.0,NA,0.2985294117647059,0.8883962214549852,0.9285022589358504,NA,NA,NA,NA,0.3610108303249097,0.25906735751295334,0.5952380952380952,NA,NA,NA,NA
SCICoNE,focal_1_0_rep44,44,4,0.5,40.0,200,0.1,2.0,1.0,100.0,0.2,0.01,0.0,0.0,NA,0.5595604395604395,1.0,1.0,NA,NA,NA,NA,0.3984962406015038,0.30113636363636365,0.5888888888888889,NA,NA,NA,NA
SCICoNE,focal_1_0_rep45,45,4,0.5,40.0,200,0.1,2.0,1.0,100.0,0.2,0.01,0.0,0.0,NA,0.18615079365079365,1.0,1.0,NA,NA,NA,NA,0.5984251968503937,0.5891472868217055,0.608,NA,NA,NA,NA
SCICoNE,focal_1_0_rep46,46,4,0.5,40.0,200,0.1,2.0,1.0,100.0,0.2,0.01,0.0,0.0,NA,0.1413095238095238,0.6252042960067086,0.7960459306683908,NA,NA,NA,NA,0.3821138211382114,0.2883435582822086,0.5662650602409639,NA,NA,NA,NA
SCICoNE,normal_0_0_rep42,42,4,0.5,40.0,200,0.0,2.0,0.7,100.0,0.2,0.01,0.0,0.0,NA,0.46360759493670883,0.8619731520368965,0.9039347210724212,NA,NA,NA,NA,0.5572139303482587,0.45528455284552843,0.717948717948718,NA,NA,NA,NA
SCICoNE,normal_0_0_rep43,43,4,0.5,40.0,200,0.0,2.0,0.7,100.0,0.2,0.01,0.0,0.0,NA,0.22273255813953488,1.0,0.9999999999999998,NA,NA,NA,NA,0.6442307692307692,0.5447154471544715,0.788235294117647,NA,NA,NA,NA
SCICoNE,normal_0_0_rep44,44,4,0.5,40.0,200,0.0,2.0,0.7,100.0,0.2,0.01,0.0,0.0,NA,0.8302325581395349,1.0,1.0,NA,NA,NA,NA,0.6095238095238096,0.512,0.7529411764705882,NA,NA,NA,NA
SCICoNE,normal_0_0_rep45,45,4,0.5,40.0,200,0.0,2.0,0.7,100.0,0.2,0.01,0.0,0.0,NA,0.40432835820895524,1.0,1.0,NA,NA,NA,NA,0.36290322580645157,0.24725274725274726,0.6818181818181818,NA,NA,NA,NA
SCICoNE,normal_0_0_rep46,46,4,0.5,40.0,200,0.0,2.0,0.7,100.0,0.2,0.01,0.0,0.0,NA,0.10835820895522388,1.0,1.0,NA,NA,NA,NA,0.3870967741935483,0.2781456953642384,0.6363636363636364,NA,NA,NA,NA
SCICoNE,normal_0_3_rep42,42,4,0.5,40.0,200,0.3,2.0,0.7,100.0,0.2,0.01,0.0,0.0,NA,0.3881012658227848,0.857272071626947,0.9007793961049012,NA,NA,NA,NA,0.5263157894736842,0.4198473282442748,0.7051282051282052,NA,NA,NA,NA
SCICoNE,normal_0_3_rep43,43,4,0.5,40.0,200,0.3,2.0,0.7,100.0,0.2,0.01,0.0,0.0,NA,0.14348837209302326,0.6667535194095704,0.8323024523851664,NA,NA,NA,NA,0.6388888888888888,0.5267175572519084,0.8117647058823529,NA,NA,NA,NA
SCICoNE,normal_0_3_rep44,44,4,0.5,40.0,200,0.3,2.0,0.7,100.0,0.2,0.01,0.0,0.0,NA,0.7476744186046511,1.0,1.0,NA,NA,NA,NA,0.5526315789473685,0.4405594405594406,0.7411764705882353,NA,NA,NA,NA
SCICoNE,normal_0_3_rep45,45,4,0.5,40.0,200,0.3,2.0,0.7,100.0,0.2,0.01,0.0,0.0,NA,0.2506716417910448,1.0,1.0,NA,NA,NA,NA,0.4577114427860696,0.34074074074074073,0.696969696969697,NA,NA,NA,NA
SCICoNE,normal_0_3_rep46,46,4,0.5,40.0,200,0.3,2.0,0.7,100.0,0.2,0.01,0.0,0.0,NA,0.1355223880597015,0.7158637238348329,0.8632053228406291,NA,NA,NA,NA,0.33699633699633696,0.2222222222222222,0.696969696969697,NA,NA,NA,NA
SCICoNE,phaseswitch_0_05_rep42,42,4,0.5,40.0,200,0.1,2.0,0.7,100.0,0.2,0.05,0.0,0.0,NA,0.40974683544303797,0.8759952967902219,0.9256954376500208,NA,NA,NA,NA,0.6010362694300517,0.5043478260869565,0.7435897435897436,NA,NA,NA,NA
SCICoNE,phaseswitch_0_05_rep43,43,4,0.5,40.0,200,0.1,2.0,0.7,100.0,0.2,0.05,0.0,0.0,NA,0.1938372093023256,0.8888169482020695,0.9299337651805282,NA,NA,NA,NA,0.6272727272727272,0.5111111111111111,0.8117647058823529,NA,NA,NA,NA
SCICoNE,phaseswitch_0_05_rep44,44,4,0.5,40.0,200,0.1,2.0,0.7,100.0,0.2,0.05,0.0,0.0,NA,0.8476744186046512,0.9443404142024151,0.9464265446959685,NA,NA,NA,NA,0.5535714285714285,0.4460431654676259,0.7294117647058823,NA,NA,NA,NA
SCICoNE,phaseswitch_0_05_rep45,45,4,0.5,40.0,200,0.1,2.0,0.7,100.0,0.2,0.05,0.0,0.0,NA,0.39238805970149254,1.0,1.0,NA,NA,NA,NA,0.38524590163934425,0.2640449438202247,0.7121212121212122,NA,NA,NA,NA
SCICoNE,phaseswitch_0_05_rep46,46,4,0.5,40.0,200,0.1,2.0,0.7,100.0,0.2,0.05,0.0,0.0,NA,0.13716417910447762,0.6098272415129332,0.78926039440028,NA,NA,NA,NA,0.40625000000000006,0.30952380952380953,0.5909090909090909,NA,NA,NA,NA
SCICoNE,phaseswitch_0_rep42,42,4,0.5,40.0,200,0.1,2.0,0.7,100.0,0.2,0.0,0.0,0.0,NA,0.374746835443038,0.8759952967902219,0.9256954376500208,NA,NA,NA,NA,0.6010362694300517,0.5043478260869565,0.7435897435897436,NA,NA,NA,NA
SCICoNE,phaseswitch_0_rep43,43,4,0.5,40.0,200,0.1,2.0,0.7,100.0,0.2,0.0,0.0,0.0,NA,0.1938372093023256,0.8888169482020695,0.9299337651805282,NA,NA,NA,NA,0.6272727272727272,0.5111111111111111,0.8117647058823529,NA,NA,NA,NA
SCICoNE,phaseswitch_0_rep44,44,4,0.5,40.0,200,0.1,2.0,0.7,100.0,0.2,0.0,0.0,0.0,NA,0.8476744186046512,0.9443404142024151,0.9464265446959685,NA,NA,NA,NA,0.5535714285714285,0.4460431654676259,0.7294117647058823,NA,NA,NA,NA
SCICoNE,phaseswitch_0_rep45,45,4,0.5,40.0,200,0.1,2.0,0.7,100.0,0.2,0.0,0.0,0.0,NA,0.39238805970149254,1.0,1.0,NA,NA,NA,NA,0.38524590163934425,0.2640449438202247,0.7121212121212122,NA,NA,NA,NA
SCICoNE,phaseswitch_0_rep46,46,4,0.5,40.0,200,0.1,2.0,0.7,100.0,0.2,0.0,0.0,0.0,NA,0.13716417910447762,0.6098272415129332,0.78926039440028,NA,NA,NA,NA,0.40625000000000006,0.30952380952380953,0.5909090909090909,NA,NA,NA,NA
SCICoNE,wgd_0_rep42,42,4,0.5,40.0,200,0.1,2.0,0.7,100.0,0.2,0.01,0.0,0.0,NA,0.374746835443038,0.8759952967902219,0.9256954376500208,NA,NA,NA,NA,0.6010362694300517,0.5043478260869565,0.7435897435897436,NA,NA,NA,NA
SCICoNE,wgd_0_rep43,43,4,0.5,40.0,200,0.1,2.0,0.7,100.0,0.2,0.01,0.0,0.0,NA,0.1938372093023256,0.8888169482020695,0.9299337651805282,NA,NA,NA,NA,0.6272727272727272,0.5111111111111111,0.8117647058823529,NA,NA,NA,NA
SCICoNE,wgd_0_rep44,44,4,0.5,40.0,200,0.1,2.0,0.7,100.0,0.2,0.01,0.0,0.0,NA,0.8476744186046512,0.9443404142024151,0.9464265446959685,NA,NA,NA,NA,0.5535714285714285,0.4460431654676259,0.7294117647058823,NA,NA,NA,NA
SCICoNE,wgd_0_rep45,45,4,0.5,40.0,200,0.1,2.0,0.7,100.0,0.2,0.01,0.0,0.0,NA,0.39238805970149254,1.0,1.0,NA,NA,NA,NA,0.38524590163934425,0.2640449438202247,0.7121212121212122,NA,NA,NA,NA
SCICoNE,wgd_0_rep46,46,4,0.5,40.0,200,0.1,2.0,0.7,100.0,0.2,0.01,0.0,0.0,NA,0.13716417910447762,0.6098272415129332,0.78926039440028,NA,NA,NA,NA,0.40625000000000006,0.30952380952380953,0.5909090909090909,NA,NA,NA,NA
SCICoNE,wgd_1_rep42,42,4,0.5,40.0,200,0.1,2.0,0.7,100.0,0.2,0.01,1.0,0.0,NA,1.5788461538461538,0.8815399708544674,0.9268719180602067,NA,NA,NA,NA,0.5759162303664921,0.4824561403508772,0.7142857142857143,NA,NA,NA,NA
SCICoNE,wgd_1_rep43,43,4,0.5,40.0,200,0.1,2.0,0.7,100.0,0.2,0.01,1.0,0.0,NA,2.9507142857142856,0.8992998644874421,0.933610294978386,NA,NA,NA,NA,0.4851063829787233,0.375,0.6867469879518072,NA,NA,NA,NA
SCICoNE,wgd_1_rep44,44,4,0.5,40.0,200,0.1,2.0,0.7,100.0,0.2,0.01,1.0,0.0,NA,2.8243661971830987,1.0,1.0,NA,NA,NA,NA,0.39148936170212767,0.2787878787878788,0.6571428571428571,NA,NA,NA,NA
SCICoNE,wgd_1_rep45,45,4,0.5,40.0,200,0.1,2.0,0.7,100.0,0.2,0.01,1.0,0.0,NA,2.2075641025641026,0.7372849563004135,0.8911054166721019,NA,NA,NA,NA,0.48571428571428565,0.38345864661654133,0.6623376623376623,NA,NA,NA,NA
SCICoNE,wgd_1_rep46,46,4,0.5,40.0,200,0.1,2.0,0.7,100.0,0.2,0.01,1.0,0.0,NA,2.3207142857142857,0.43112924660781615,0.6575460952136346,NA,NA,NA,NA,0.44651162790697674,0.3287671232876712,0.6956521739130435,NA,NA,NA,NA
CONET,amplitude_1_0_rep42,42,4,0.5,40.0,200,0.1,1.0,0.7,100.0,0.2,0.01,0.0,0.0,NA,1.2936842105263158,0.011975168045758208,0.041600947426014334,NA,NA,NA,NA,0.43298969072164956,0.9545454545454546,0.28,0.375,1.0,0.305,NA
CONET,amplitude_1_0_rep43,43,4,0.5,40.0,200,0.1,1.0,0.7,100.0,0.2,0.01,0.0,0.0,NA,1.144,-0.014348198015836365,0.02968870130992683,NA,NA,NA,NA,0.39622641509433965,0.9545454545454546,0.25,0.375,1.0,0.37,NA
CONET,amplitude_1_0_rep44,44,4,0.5,40.0,200,0.1,1.0,0.7,100.0,0.2,0.01,0.0,0.0,NA,1.9673846153846153,-0.002158295818344484,0.011928237005402156,NA,NA,NA,NA,0.48837209302325585,0.9545454545454546,0.328125,0.25,0.6,0.47,NA
CONET,amplitude_1_0_rep45,45,4,0.5,40.0,200,0.1,1.0,0.7,100.0,0.2,0.01,0.0,0.0,NA,1.3651442307692307,-0.03216813595526936,0.043113166507427816,NA,NA,NA,NA,0.336,0.9545454545454546,0.20388349514563106,0.375,1.0,0.38,NA
CONET,amplitude_1_0_rep46,46,4,0.5,40.0,200,0.1,1.0,0.7,100.0,0.2,0.01,0.0,0.0,NA,1.3216428571428571,-0.02932334613127678,0.016058101710378254,NA,NA,NA,NA,0.46153846153846156,0.9545454545454546,0.30434782608695654,0.25,1.0,0.345,NA
CONET,amplitude_4_0_rep42,42,4,0.5,40.0,200,0.1,4.0,0.7,100.0,0.2,0.01,0.0,0.0,NA,3.177795698924731,-0.01283725741672238,0.022239903873483426,NA,NA,NA,NA,0.3684210526315789,0.9545454545454546,0.22826086956521738,0.25,1.0,0.29,NA
CONET,amplitude_4_0_rep43,43,4,0.5,40.0,200,0.1,4.0,0.7,100.0,0.2,0.01,0.0,0.0,NA,1.673936170212766,-0.001026231675493759,0.03442939305019214,NA,NA,NA,NA,0.3652173913043478,0.9545454545454546,0.22580645161290322,0.375,1.0,0.315,NA
CONET,amplitude_4_0_rep44,44,4,0.5,40.0,200,0.1,4.0,0.7,100.0,0.2,0.01,0.0,0.0,NA,2.801951219512195,-0.03516603845251583,0.04626299117524618,NA,NA,NA,NA,0.40776699029126207,0.9545454545454546,0.25925925925925924,0.375,1.0,0.36,NA
CONET,amplitude_4_0_rep45,45,4,0.5,40.0,200,0.1,4.0,0.7,100.0,0.2,0.01,0.0,0.0,NA,1.9440760869565217,-0.014145139900513571,0.03338137157532455,NA,NA,NA,NA,0.37168141592920356,0.9545454545454546,0.23076923076923078,0.625,1.0,0.33,NA
CONET,amplitude_4_0_rep46,46,4,0.5,40.0,200,0.1,4.0,0.7,100.0,0.2,0.01,0.0,0.0,NA,4.642236842105263,-0.025105854580805564,0.042460008711817994,NA,NA,NA,NA,0.43298969072164956,0.9545454545454546,0.28,0.25,1.0,0.33,NA
CONET,beta_0_1_rep42,42,4,0.1,40.0,200,0.1,2.0,0.7,100.0,0.2,0.01,0.0,0.0,NA,1.802734375,-0.004845538747387326,0.02390152016955003,NA,NA,NA,NA,0.49411764705882355,0.9545454545454546,0.3333333333333333,0.375,1.0,0.325,NA
CONET,beta_0_1_rep43,43,4,0.1,40.0,200,0.1,2.0,0.7,100.0,0.2,0.01,0.0,0.0,NA,1.4731818181818181,0.0017816423692778817,0.033414962661526326,NA,NA,NA,NA,0.4285714285714286,0.9545454545454546,0.27631578947368424,0.375,1.0,0.385,NA
CONET,beta_0_1_rep44,44,4,0.1,40.0,200,0.1,2.0,0.7,100.0,0.2,0.01,0.0,0.0,NA,1.9870422535211267,0.0005242135769817381,0.023984749509355675,NA,NA,NA,NA,0.45652173913043476,0.9545454545454546,0.3,0.375,1.0,0.295,NA
CONET,beta_0_1_rep45,45,4,0.1,40.0,200,0.1,2.0,0.7,100.0,0.2,0.01,0.0,0.0,NA,1.2613529411764706,-0.0067407395805906,0.021844758287173895,NA,NA,NA,NA,0.39622641509433965,0.9545454545454546,0.25,0.375,1.0,0.295,NA
CONET,beta_0_1_rep46,46,4,0.1,40.0,200,0.1,2.0,0.7,100.0,0.2,0.01,0.0,0.0,NA,2.2725409836065573,-0.00785603758601952,0.030933447979349066,NA,NA,NA,NA,0.5121951219512195,0.9545454545454546,0.35,0.375,0.6,0.43,NA
CONET,beta_0_3_rep42,42,4,0.3,40.0,200,0.1,2.0,0.7,100.0,0.2,0.01,0.0,0.0,NA,2.139921875,0.01021705694454608,0.018517783884664542,NA,NA,NA,NA,0.49411764705882355,0.9545454545454546,0.3333333333333333,0.25,1.0,0.355,NA
CONET,beta_0_3_rep43,43,4,0.3,40.0,200,0.1,2.0,0.7,100.0,0.2,0.01,0.0,0.0,NA,1.7031818181818181,0.03575111609444756,0.06551732697970619,NA,NA,NA,NA,0.4285714285714286,0.9545454545454546,0.27631578947368424,0.375,1.0,0.425,NA
CONET,beta_0_3_rep44,44,4,0.3,40.0,200,0.1,2.0,0.7,100.0,0.2,0.01,0.0,0.0,NA,2.2390845070422536,0.00020866731392216935,0.0483544893473833,NA,NA,NA,NA,0.45652173913043476,0.9545454545454546,0.3,0.375,1.0,0.41,NA
CONET,beta_0_3_rep45,45,4,0.3,40.0,200,0.1,2.0,0.7,100.0,0.2,0.01,0.0,0.0,NA,1.2361764705882352,-0.002226638499503104,0.03720175146687086,NA,NA,NA,NA,0.39622641509433965,0.9545454545454546,0.25,0.375,0.8,0.385,NA
CONET,beta_0_3_rep46,46,4,0.3,40.0,200,0.1,2.0,0.7,100.0,0.2,0.01,0.0,0.0,NA,2.2700819672131147,-0.0115285920080651,0.0173743481510432,NA,NA,NA,NA,0.5121951219512195,0.9545454545454546,0.35,0.375,0.6,0.425,NA
CONET,beta_0_5_rep42,42,4,0.5,40.0,200,0.1,2.0,0.7,100.0,0.2,0.01,0.0,0.0,NA,2.290390625,0.0023708042929846203,0.05566845318162954,NA,NA,NA,NA,0.49411764705882355,0.9545454545454546,0.3333333333333333,0.25,1.0,0.305,NA
CONET,beta_0_5_rep43,43,4,0.5,40.0,200,0.1,2.0,0.7,100.0,0.2,0.01,0.0,0.0,NA,1.8348701298701298,-0.0023067567165909525,0.03216535425380992,NA,NA,NA,NA,0.4285714285714286,0.9545454545454546,0.27631578947368424,0.25,0.8,0.365,NA
CONET,beta_0_5_rep44,44,4,0.5,40.0,200,0.1,2.0,0.7,100.0,0.2,0.01,0.0,0.0,NA,2.3661267605633802,0.004003733061470848,0.031205246156369472,NA,NA,NA,NA,0.45652173913043476,0.9545454545454546,0.3,0.25,0.6,0.485,NA
CONET,beta_0_5_rep45,45,4,0.5,40.0,200,0.1,2.0,0.7,100.0,0.2,0.01,0.0,0.0,NA,1.255764705882353,-0.00361034912165933,0.028362086324984076,NA,NA,NA,NA,0.39622641509433965,0.9545454545454546,0.25,0.3333333333333333,1.0,0.405,NA
CONET,beta_0_5_rep46,46,4,0.5,40.0,200,0.1,2.0,0.7,100.0,0.2,0.01,0.0,0.0,NA,2.3600819672131146,-0.00373149617313238,0.006138970278315784,NA,NA,NA,NA,0.5121951219512195,0.9545454545454546,0.35,0.25,0.4,0.415,NA
CONET,cells_500_rep42,42,4,0.5,40.0,500,0.1,2.0,0.7,100.0,0.2,0.01,0.0,0.0,NA,2.3127088607594937,0.0010446511995193095,0.005382154247724217,NA,NA,NA,NA,0.42,0.9545454545454546,0.2692307692307692,0.25,1.0,0.29,NA
CONET,cells_500_rep43,43,4,0.5,40.0,500,0.1,2.0,0.7,100.0,0.2,0.01,0.0,0.0,NA,1.6636511627906976,0.00654478820810427,0.017427700405178402,NA,NA,NA,NA,0.3925233644859813,0.9545454545454546,0.24705882352941178,0.25,1.0,0.322,NA
CONET,cells_500_rep44,44,4,0.5,40.0,500,0.1,2.0,0.7,100.0,0.2,0.01,0.0,0.0,NA,3.2415348837209303,-0.01490777591693311,0.014248609462612017,NA,NA,NA,NA,0.3925233644859813,0.9545454545454546,0.24705882352941178,0.375,1.0,0.302,NA
CONET,cells_500_rep45,45,4,0.5,40.0,500,0.1,2.0,0.7,100.0,0.2,0.01,0.0,0.0,NA,2.0338805970149254,-0.005424465016749748,0.006846868878135206,NA,NA,NA,NA,0.47727272727272724,0.9545454545454546,0.3181818181818182,0.375,1.0,0.304,NA
CONET,cells_500_rep46,46,4,0.5,40.0,500,0.1,2.0,0.7,100.0,0.2,0.01,0.0,0.0,NA,1.5230746268656716,-0.016982062652320346,0.011460043002425431,NA,NA,NA,NA,0.47727272727272724,0.9545454545454546,0.3181818181818182,0.25,1.0,0.302,NA
CONET,cells_50_rep42,42,4,0.5,40.0,50,0.1,2.0,0.7,100.0,0.2,0.01,0.0,0.0,NA,2.2941772151898734,-0.004468991104178085,0.03318197396214927,NA,NA,NA,NA,0.42,0.9545454545454546,0.2692307692307692,0.375,0.4,0.28,NA
CONET,cells_50_rep43,43,4,0.5,40.0,50,0.1,2.0,0.7,100.0,0.2,0.01,0.0,0.0,NA,1.5493023255813954,0.000339660713488992,0.10485857517120978,NA,NA,NA,NA,0.3925233644859813,0.9545454545454546,0.24705882352941178,0.375,1.0,0.36,NA
CONET,cells_50_rep44,44,4,0.5,40.0,50,0.1,2.0,0.7,100.0,0.2,0.01,0.0,0.0,NA,3.091860465116279,8.304135176222241e-05,0.07624727771378594,NA,NA,NA,NA,0.3925233644859813,0.9545454545454546,0.24705882352941178,0.5,0.6,0.36,NA
CONET,cells_50_rep45,45,4,0.5,40.0,50,0.1,2.0,0.7,100.0,0.2,0.01,0.0,0.0,NA,2.0194029850746267,0.010807975228694477,0.09793605785523661,NA,NA,NA,NA,0.47727272727272724,0.9545454545454546,0.3181818181818182,0.5,0.75,0.34,NA
CONET,cells_50_rep46,46,4,0.5,40.0,50,0.1,2.0,0.7,100.0,0.2,0.01,0.0,0.0,NA,1.495820895522388,-0.012154233025984913,0.09164831745919776,NA,NA,NA,NA,0.47727272727272724,0.9545454545454546,0.3181818181818182,0.5,0.8,0.54,NA
CONET,clone_2_rep42,42,2,0.5,40.0,200,0.1,2.0,0.7,100.0,0.2,0.01,0.0,0.0,NA,2.3057142857142856,-0.03178050617865403,0.01051228795641447,NA,NA,NA,NA,0.5,0.9545454545454546,0.3387096774193548,0.25,1.0,0.825,NA
CONET,clone_2_rep43,43,2,0.5,40.0,200,0.1,2.0,0.7,100.0,0.2,0.01,0.0,0.0,NA,2.255086206896552,-0.05621253802907913,0.0160970284380358,NA,NA,NA,NA,0.5316455696202531,0.9545454545454546,0.3684210526315789,0.25,1.0,0.66,NA
CONET,clone_2_rep44,44,2,0.5,40.0,200,0.1,2.0,0.7,100.0,0.2,0.01,0.0,0.0,NA,1.8177777777777777,-0.014581524907313941,0.005820170374177317,NA,NA,NA,NA,0.031746031746031744,1.0,0.016129032258064516,0.0,0.6666666666666666,0.545,NA
CONET,clone_2_rep45,45,2,0.5,40.0,200,0.1,2.0,0.7,100.0,0.2,0.01,0.0,0.0,NA,2.4616666666666664,0.0007008692349209631,0.009039348143533792,NA,NA,NA,NA,0.43749999999999994,0.9545454545454546,0.28378378378378377,0.25,1.0,0.5,NA
CONET,clone_2_rep46,46,2,0.5,40.0,200,0.1,2.0,0.7,100.0,0.2,0.01,0.0,0.0,NA,1.548936170212766,-0.00824402057814499,0.0032592140050912545,NA,NA,NA,NA,0.6176470588235293,0.9545454545454546,0.45652173913043476,0.25,0.6666666666666666,0.805,NA
CONET,clone_4_rep42,42,4,0.5,40.0,200,0.1,2.0,0.7,100.0,0.2,0.01,0.0,0.0,NA,2.2859375,-0.0014590493038081488,0.018180683734013207,NA,NA,NA,NA,0.49411764705882355,0.9545454545454546,0.3333333333333333,0.25,0.8,0.31,NA
CONET,clone_4_rep43,43,4,0.5,40.0,200,0.1,2.0,0.7,100.0,0.2,0.01,0.0,0.0,NA,1.794155844155844,-0.01010598068855997,0.04315854151253971,NA,NA,NA,NA,0.4285714285714286,0.9545454545454546,0.27631578947368424,0.375,1.0,0.34,NA
CONET,clone_4_rep44,44,4,0.5,40.0,200,0.1,2.0,0.7,100.0,0.2,0.01,0.0,0.0,NA,2.3661267605633802,0.004003733061470848,0.031205246156369472,NA,NA,NA,NA,0.45652173913043476,0.9545454545454546,0.3,0.25,0.6,0.485,NA
CONET,clone_4_rep45,45,4,0.5,40.0,200,0.1,2.0,0.7,100.0,0.2,0.01,0.0,0.0,NA,1.2444117647058823,-0.0065106202637574655,0.013268356963893443,NA,NA,NA,NA,0.39622641509433965,0.9545454545454546,0.25,0.5,0.75,0.395,NA
CONET,clone_4_rep46,46,4,0.5,40.0,200,0.1,2.0,0.7,100.0,0.2,0.01,0.0,0.0,NA,2.3600819672131146,-0.00373149617313238,0.006138970278315784,NA,NA,NA,NA,0.5121951219512195,0.9545454545454546,0.35,0.25,0.4,0.415,NA
CONET,clone_8_rep42,42,8,0.5,40.0,200,0.1,2.0,0.7,100.0,0.2,0.01,0.0,0.0,NA,1.6681645569620254,0.0075622636106378,0.06219099111955978,NA,NA,NA,NA,0.42,0.9545454545454546,0.2692307692307692,0.375,0.6666666666666666,0.25,NA
CONET,clone_8_rep43,43,8,0.5,40.0,200,0.1,2.0,0.7,100.0,0.2,0.01,0.0,0.0,NA,1.193780487804878,0.013230635948758012,0.07125808260341793,NA,NA,NA,NA,0.40776699029126207,0.9545454545454546,0.25925925925925924,0.375,0.7777777777777778,0.28,NA
CONET,clone_8_rep44,44,8,0.5,40.0,200,0.1,2.0,0.7,100.0,0.2,0.01,0.0,0.0,NA,1.4029411764705881,-0.0003439671467157188,0.0466793165276819,NA,NA,NA,NA,0.4719101123595506,0.9545454545454546,0.31343283582089554,0.375,0.6666666666666666,0.25,NA
CONET,clone_8_rep45,45,8,0.5,40.0,200,0.1,2.0,0.7,100.0,0.2,0.01,0.0,0.0,NA,1.2174305555555556,0.0024641247644945053,0.04243332743852869,NA,NA,NA,NA,0.45161290322580644,0.9545454545454546,0.29577464788732394,0.5,0.875,0.47,NA
CONET,clone_8_rep46,46,8,0.5,40.0,200,0.1,2.0,0.7,100.0,0.2,0.01,0.0,0.0,NA,2.440592105263158,-0.0074890928969694815,0.08898553609173218,NA,NA,NA,NA,0.43298969072164956,0.9545454545454546,0.28,0.4375,0.8888888888888888,0.325,NA
CONET,coverage_0_005_rep42,42,4,0.5,40.0,200,0.1,2.0,0.7,16.67,0.005,0.01,0.0,0.0,NA,2.3072151898734177,-0.0006381475465404172,0.019302302741123867,NA,NA,NA,NA,0.42,0.9545454545454546,0.2692307692307692,0.375,0.6,0.305,NA
CONET,coverage_0_005_rep43,43,4,0.5,40.0,200,0.1,2.0,0.7,16.67,0.005,0.01,0.0,0.0,NA,1.6284883720930232,-0.030749581349776182,0.03666160142996453,NA,NA,NA,NA,0.3925233644859813,0.9545454545454546,0.24705882352941178,0.375,1.0,0.33,NA
CONET,coverage_0_005_rep44,44,4,0.5,40.0,200,0.1,2.0,0.7,16.67,0.005,0.01,0.0,0.0,NA,3.5672674418604653,-0.004651753690486946,0.029639711848172604,NA,NA,NA,NA,0.3925233644859813,0.9545454545454546,0.24705882352941178,0.25,1.0,0.38,NA
CONET,coverage_0_005_rep45,45,4,0.5,40.0,200,0.1,2.0,0.7,16.67,0.005,0.01,0.0,0.0,NA,2.015149253731343,0.00911108175554546,0.01732898418335262,NA,NA,NA,NA,0.47727272727272724,0.9545454545454546,0.3181818181818182,0.5,1.0,0.365,NA
CONET,coverage_0_005_rep46,46,4,0.5,40.0,200,0.1,2.0,0.7,16.67,0.005,0.01,0.0,0.0,NA,1.5426119402985075,0.005197222908646059,0.033457421414425155,NA,NA,NA,NA,0.47727272727272724,0.9545454545454546,0.3181818181818182,0.25,1.0,0.36,NA
CONET,coverage_0_02_rep42,42,4,0.5,40.0,200,0.1,2.0,0.7,66.67,0.02,0.01,0.0,0.0,NA,2.304873417721519,-0.009436814029140862,0.01723878237595998,NA,NA,NA,NA,0.42,0.9545454545454546,0.2692307692307692,0.25,1.0,0.3,NA
CONET,coverage_0_02_rep43,43,4,0.5,40.0,200,0.1,2.0,0.7,66.67,0.02,0.01,0.0,0.0,NA,1.5987209302325582,-0.0020129952542497606,0.03890808116840152,NA,NA,NA,NA,0.3925233644859813,0.9545454545454546,0.24705882352941178,0.375,1.0,0.37,NA
CONET,coverage_0_02_rep44,44,4,0.5,40.0,200,0.1,2.0,0.7,66.67,0.02,0.01,0.0,0.0,NA,2.9636627906976742,-0.0024145936512464704,0.026240201595901413,NA,NA,NA,NA,0.3925233644859813,0.9545454545454546,0.24705882352941178,0.625,1.0,0.295,NA
CONET,coverage_0_02_rep45,45,4,0.5,40.0,200,0.1,2.0,0.7,66.67,0.02,0.01,0.0,0.0,NA,2.053731343283582,-0.0006435378447699546,0.01795925343220584,NA,NA,NA,NA,0.47727272727272724,0.9545454545454546,0.3181818181818182,0.5,1.0,0.365,NA
CONET,coverage_0_02_rep46,46,4,0.5,40.0,200,0.1,2.0,0.7,66.67,0.02,0.01,0.0,0.0,NA,1.52,-0.011180161753343507,0.0463148513072418,NA,NA,NA,NA,0.47727272727272724,0.9545454545454546,0.3181818181818182,0.375,1.0,0.395,NA
CONET,coverage_0_05_rep42,42,4,0.5,40.0,200,0.1,2.0,0.7,166.67,0.05,0.01,0.0,0.0,NA,2.1175949367088607,-0.005644001123514971,0.02819049392484615,NA,NA,NA,NA,0.42,0.9545454545454546,0.2692307692307692,0.375,1.0,0.285,NA
CONET,coverage_0_05_rep43,43,4,0.5,40.0,200,0.1,2.0,0.7,166.67,0.05,0.01,0.0,0.0,NA,1.6555813953488372,0.007306492316478616,0.04354541728833385,NA,NA,NA,NA,0.3925233644859813,0.9545454545454546,0.24705882352941178,0.25,0.8,0.36,NA
CONET,coverage_0_05_rep44,44,4,0.5,40.0,200,0.1,2.0,0.7,166.67,0.05,0.01,0.0,0.0,NA,3.354418604651163,-0.013026681057341834,0.02385460360249662,NA,NA,NA,NA,0.3925233644859813,0.9545454545454546,0.24705882352941178,0.375,1.0,0.32,NA
CONET,coverage_0_05_rep45,45,4,0.5,40.0,200,0.1,2.0,0.7,166.67,0.05,0.01,0.0,0.0,NA,2.0502985074626867,-0.011795241960392824,0.024980243981820173,NA,NA,NA,NA,0.47727272727272724,0.9545454545454546,0.3181818181818182,0.5,1.0,0.38,NA
CONET,coverage_0_05_rep46,46,4,0.5,40.0,200,0.1,2.0,0.7,166.67,0.05,0.01,0.0,0.0,NA,1.2472388059701494,-0.0031966324165398014,0.050611531768523,NA,NA,NA,NA,0.47727272727272724,0.9545454545454546,0.3181818181818182,0.5,1.0,0.35,NA
CONET,coverage_0_1_rep42,42,4,0.5,40.0,200,0.1,2.0,0.7,333.33,0.1,0.01,0.0,0.0,NA,2.286518987341772,0.009972395781641958,0.032526217324830395,NA,NA,NA,NA,0.42,0.9545454545454546,0.2692307692307692,0.375,1.0,0.315,NA
CONET,coverage_0_1_rep43,43,4,0.5,40.0,200,0.1,2.0,0.7,333.33,0.1,0.01,0.0,0.0,NA,1.6221511627906977,0.0045798863685310755,0.012052806408650285,NA,NA,NA,NA,0.3925233644859813,0.9545454545454546,0.24705882352941178,0.25,0.6,0.38,NA
CONET,coverage_0_1_rep44,44,4,0.5,40.0,200,0.1,2.0,0.7,333.33,0.1,0.01,0.0,0.0,NA,3.4765116279069765,-0.01509496447440032,0.043897788204083514,NA,NA,NA,NA,0.3925233644859813,0.9545454545454546,0.24705882352941178,0.375,1.0,0.44,NA
CONET,coverage_0_1_rep45,45,4,0.5,40.0,200,0.1,2.0,0.7,333.33,0.1,0.01,0.0,0.0,NA,1.8554477611940299,0.009365553220668987,0.020520055005108152,NA,NA,NA,NA,0.47727272727272724,0.9545454545454546,0.3181818181818182,1.0,1.0,0.375,NA
CONET,coverage_0_1_rep46,46,4,0.5,40.0,200,0.1,2.0,0.7,333.33,0.1,0.01,0.0,0.0,NA,1.46,-0.022978334305899503,0.030262626326309255,NA,NA,NA,NA,0.47727272727272724,0.9545454545454546,0.3181818181818182,0.25,1.0,0.32,NA
CONET,doublet_0_02_rep42,42,4,0.5,40.0,200,0.1,2.0,0.7,100.0,0.2,0.01,0.0,0.02,NA,2.327151898734177,0.00980214341974043,0.034261224328200744,NA,NA,NA,NA,0.42,0.9545454545454546,0.2692307692307692,0.25,1.0,0.305,NA
CONET,doublet_0_02_rep43,43,4,0.5,40.0,200,0.1,2.0,0.7,100.0,0.2,0.01,0.0,0.02,NA,1.5076162790697674,0.029824216217461896,0.05103047607064198,NA,NA,NA,NA,0.3925233644859813,0.9545454545454546,0.24705882352941178,0.5,1.0,0.35,NA
CONET,doublet_0_02_rep44,44,4,0.5,40.0,200,0.1,2.0,0.7,100.0,0.2,0.01,0.0,0.02,NA,3.5056976744186046,0.02241816360513771,0.047930696515044974,NA,NA,NA,NA,0.3925233644859813,0.9545454545454546,0.24705882352941178,0.375,1.0,0.45,NA
CONET,doublet_0_02_rep45,45,4,0.5,40.0,200,0.1,2.0,0.7,100.0,0.2,0.01,0.0,0.02,NA,2.054179104477612,-0.0013566457407571265,0.020189706374430683,NA,NA,NA,NA,0.47727272727272724,0.9545454545454546,0.3181818181818182,0.5,1.0,0.335,NA
CONET,doublet_0_02_rep46,46,4,0.5,40.0,200,0.1,2.0,0.7,100.0,0.2,0.01,0.0,0.02,NA,1.4349253731343283,0.007417952310930132,0.039200487082248395,NA,NA,NA,NA,0.47727272727272724,0.9545454545454546,0.3181818181818182,0.375,1.0,0.395,NA
CONET,doublet_0_05_rep42,42,4,0.5,40.0,200,0.1,2.0,0.7,100.0,0.2,0.01,0.0,0.05,NA,2.3219620253164557,0.014214072361682682,0.05984600423312448,NA,NA,NA,NA,0.42,0.9545454545454546,0.2692307692307692,0.25,1.0,0.305,NA
CONET,doublet_0_05_rep43,43,4,0.5,40.0,200,0.1,2.0,0.7,100.0,0.2,0.01,0.0,0.05,NA,1.3555813953488371,0.005716228415980562,0.030090815182363114,NA,NA,NA,NA,0.3925233644859813,0.9545454545454546,0.24705882352941178,0.375,1.0,0.29,NA
CONET,doublet_0_05_rep44,44,4,0.5,40.0,200,0.1,2.0,0.7,100.0,0.2,0.01,0.0,0.05,NA,3.4894767441860464,0.022265908663591173,0.04112404580991692,NA,NA,NA,NA,0.3925233644859813,0.9545454545454546,0.24705882352941178,0.375,0.8,0.4,NA
CONET,doublet_0_05_rep45,45,4,0.5,40.0,200,0.1,2.0,0.7,100.0,0.2,0.01,0.0,0.05,NA,1.9805223880597016,0.037228124632634176,0.040205838380160654,NA,NA,NA,NA,0.47727272727272724,0.9545454545454546,0.3181818181818182,0.6666666666666666,1.0,0.47,NA
CONET,doublet_0_05_rep46,46,4,0.5,40.0,200,0.1,2.0,0.7,100.0,0.2,0.01,0.0,0.05,NA,1.4268656716417911,-0.006324358957359797,0.042503496763614146,NA,NA,NA,NA,0.47727272727272724,0.9545454545454546,0.3181818181818182,0.375,1.0,0.345,NA
CONET,events_10_rep42,42,4,0.5,10.0,200,0.1,2.0,0.7,100.0,0.2,0.01,0.0,0.0,NA,1.0007575757575757,-0.004370727078576604,0.02655356798105222,NA,NA,NA,NA,0.7777777777777778,0.9545454545454546,0.65625,0.375,0.8,0.32,NA
CONET,events_10_rep43,43,4,0.5,10.0,200,0.1,2.0,0.7,100.0,0.2,0.01,0.0,0.0,NA,1.52975,0.0009130167369621299,0.02107384252801252,NA,NA,NA,NA,0.6885245901639344,0.9545454545454546,0.5384615384615384,0.25,1.0,0.34,NA
CONET,events_10_rep44,44,4,0.5,10.0,200,0.1,2.0,0.7,100.0,0.2,0.01,0.0,0.0,NA,1.4657692307692307,-0.025010916005271916,0.044799939962734854,NA,NA,NA,NA,0.7000000000000001,0.9545454545454546,0.5526315789473685,0.25,1.0,0.33,NA
CONET,events_10_rep45,45,4,0.5,10.0,200,0.1,2.0,0.7,100.0,0.2,0.01,0.0,0.0,NA,1.061388888888889,-0.029178252973001747,0.05444145830576828,NA,NA,NA,NA,0.7368421052631579,0.9545454545454546,0.6,0.375,1.0,0.335,NA
CONET,events_10_rep46,46,4,0.5,10.0,200,0.1,2.0,0.7,100.0,0.2,0.01,0.0,0.0,NA,1.116875,-0.0157281633702017,0.021496837706858916,NA,NA,NA,NA,0.6885245901639344,0.9545454545454546,0.5384615384615384,0.25,1.0,0.34,NA
CONET,events_80_rep42,42,4,0.5,80.0,200,0.1,2.0,0.7,100.0,0.2,0.01,0.0,0.0,NA,2.6184306569343065,0.04320343040221628,0.04232032833530194,NA,NA,NA,NA,0.2658227848101266,0.9545454545454546,0.15441176470588236,0.375,1.0,0.375,NA
CONET,events_80_rep43,43,4,0.5,80.0,200,0.1,2.0,0.7,100.0,0.2,0.01,0.0,0.0,NA,2.410496453900709,0.017703705047462374,0.03766681349384974,NA,NA,NA,NA,0.2592592592592593,0.9545454545454546,0.15,0.375,1.0,0.32,NA
CONET,events_80_rep44,44,4,0.5,80.0,200,0.1,2.0,0.7,100.0,0.2,0.01,0.0,0.0,NA,4.0315,-0.013372473055010778,0.02948530117507502,NA,NA,NA,NA,0.2781456953642384,0.9545454545454546,0.16279069767441862,0.375,1.0,0.305,NA
CONET,events_80_rep45,45,4,0.5,80.0,200,0.1,2.0,0.7,100.0,0.2,0.01,0.0,0.0,NA,2.5213779527559055,0.0041172834485061404,0.02267166655679946,NA,NA,NA,NA,0.28378378378378377,0.9545454545454546,0.16666666666666666,0.375,1.0,0.35,NA
CONET,events_80_rep46,46,4,0.5,80.0,200,0.1,2.0,0.7,100.0,0.2,0.01,0.0,0.0,NA,2.0615533980582526,0.01451913376605549,0.04011879269240437,NA,NA,NA,NA,0.33870967741935487,0.9545454545454546,0.20588235294117646,0.375,1.0,0.355,NA
CONET,focal_0_3_rep42,42,4,0.5,40.0,200,0.1,2.0,0.3,100.0,0.2,0.01,0.0,0.0,NA,2.4704166666666665,-0.006885809305180318,0.03689873578028939,NA,NA,NA,NA,0.5185185185185185,0.9545454545454546,0.3559322033898305,0.375,1.0,0.32,NA
CONET,focal_0_3_rep43,43,4,0.5,40.0,200,0.1,2.0,0.3,100.0,0.2,0.01,0.0,0.0,NA,2.335948275862069,-0.0018120106850548145,0.0329221258118201,NA,NA,NA,NA,0.5316455696202531,0.9545454545454546,0.3684210526315789,0.375,1.0,0.345,NA
CONET,focal_0_3_rep44,44,4,0.5,40.0,200,0.1,2.0,0.3,100.0,0.2,0.01,0.0,0.0,NA,3.888712121212121,0.020908880565166165,0.02448363134530177,NA,NA,NA,NA,0.4827586206896552,0.9545454545454546,0.3230769230769231,0.375,0.8,0.415,NA
CONET,focal_0_3_rep45,45,4,0.5,40.0,200,0.1,2.0,0.3,100.0,0.2,0.01,0.0,0.0,NA,3.3848360655737704,-0.004112491283725261,0.019249492787231183,NA,NA,NA,NA,0.5121951219512195,0.9545454545454546,0.35,0.375,1.0,0.34,NA
CONET,focal_0_3_rep46,46,4,0.5,40.0,200,0.1,2.0,0.3,100.0,0.2,0.01,0.0,0.0,NA,3.5035416666666666,-0.01526332623108444,0.018628074003050814,NA,NA,NA,NA,0.6086956521739131,0.9545454545454546,0.44680851063829785,0.375,1.0,0.325,NA
CONET,focal_1_0_rep42,42,4,0.5,40.0,200,0.1,2.0,1.0,100.0,0.2,0.01,0.0,0.0,NA,2.0271808510638296,-0.01168756818463743,0.02344503832392809,NA,NA,NA,NA,0.3652173913043478,0.9545454545454546,0.22580645161290322,0.375,1.0,0.29,NA
CONET,focal_1_0_rep43,43,4,0.5,40.0,200,0.1,2.0,1.0,100.0,0.2,0.01,0.0,0.0,NA,1.8951176470588236,-0.0037761538870608275,0.04748659212329275,NA,NA,NA,NA,0.39622641509433965,0.9545454545454546,0.25,0.375,1.0,0.33,NA
CONET,focal_1_0_rep44,44,4,0.5,40.0,200,0.1,2.0,1.0,100.0,0.2,0.01,0.0,0.0,NA,2.927197802197802,0.008226474474939358,0.029620335790422007,NA,NA,NA,NA,0.375,0.9545454545454546,0.23333333333333334,0.375,1.0,0.415,NA
CONET,focal_1_0_rep45,45,4,0.5,40.0,200,0.1,2.0,1.0,100.0,0.2,0.01,0.0,0.0,NA,1.5180555555555555,0.002388531324698481,0.023584827672198046,NA,NA,NA,NA,0.28571428571428575,0.9545454545454546,0.168,0.3333333333333333,1.0,0.415,NA
CONET,focal_1_0_rep46,46,4,0.5,40.0,200,0.1,2.0,1.0,100.0,0.2,0.01,0.0,0.0,NA,1.51875,-0.006371046085928245,0.0218943003936966,NA,NA,NA,NA,0.39999999999999997,0.9545454545454546,0.25301204819277107,0.375,0.8,0.39,NA
CONET,normal_0_0_rep42,42,4,0.5,40.0,200,0.0,2.0,0.7,100.0,0.2,0.01,0.0,0.0,NA,2.4314556962025318,0.014606690588609788,0.02031988417813035,NA,NA,NA,NA,0.42,0.9545454545454546,0.2692307692307692,0.5,1.0,0.35,NA
CONET,normal_0_0_rep43,43,4,0.5,40.0,200,0.0,2.0,0.7,100.0,0.2,0.01,0.0,0.0,NA,1.6004651162790697,0.011351257800808331,0.015910782954485787,NA,NA,NA,NA,0.3925233644859813,0.9545454545454546,0.24705882352941178,0.6666666666666666,1.0,0.355,NA
CONET,normal_0_0_rep44,44,4,0.5,40.0,200,0.0,2.0,0.7,100.0,0.2,0.01,0.0,0.0,NA,3.7405232558139536,0.013743759261971477,0.016602355195817278,NA,NA,NA,NA,0.3925233644859813,0.9545454545454546,0.24705882352941178,0.3333333333333333,1.0,0.465,NA
CONET,normal_0_0_rep45,45,4,0.5,40.0,200,0.0,2.0,0.7,100.0,0.2,0.01,0.0,0.0,NA,2.208955223880597,-0.011360434807934057,0.016559471947952334,NA,NA,NA,NA,0.47727272727272724,0.9545454545454546,0.3181818181818182,0.75,1.0,0.43,NA
CONET,normal_0_0_rep46,46,4,0.5,40.0,200,0.0,2.0,0.7,100.0,0.2,0.01,0.0,0.0,NA,1.6114925373134328,0.0027903833351225543,0.025899214719672364,NA,NA,NA,NA,0.47727272727272724,0.9545454545454546,0.3181818181818182,0.3333333333333333,1.0,0.4,NA
CONET,normal_0_3_rep42,42,4,0.5,40.0,200,0.3,2.0,0.7,100.0,0.2,0.01,0.0,0.0,NA,2.0044303797468355,-0.0041024748801064366,0.021479492703427753,NA,NA,NA,NA,0.42,0.9545454545454546,0.2692307692307692,0.375,0.8,0.28,NA
CONET,normal_0_3_rep43,43,4,0.5,40.0,200,0.3,2.0,0.7,100.0,0.2,0.01,0.0,0.0,NA,1.4436046511627907,0.00028929152470994287,0.02605741541403608,NA,NA,NA,NA,0.3925233644859813,0.9545454545454546,0.24705882352941178,0.375,0.8,0.315,NA
CONET,normal_0_3_rep44,44,4,0.5,40.0,200,0.3,2.0,0.7,100.0,0.2,0.01,0.0,0.0,NA,2.8351162790697675,-0.0038569789429894336,0.02242064917688747,NA,NA,NA,NA,0.3925233644859813,0.9545454545454546,0.24705882352941178,0.375,1.0,0.35,NA
CONET,normal_0_3_rep45,45,4,0.5,40.0,200,0.3,2.0,0.7,100.0,0.2,0.01,0.0,0.0,NA,1.8705970149253732,0.0076064689878883734,0.033529154636493516,NA,NA,NA,NA,0.47727272727272724,0.9545454545454546,0.3181818181818182,0.5,1.0,0.36,NA
CONET,normal_0_3_rep46,46,4,0.5,40.0,200,0.3,2.0,0.7,100.0,0.2,0.01,0.0,0.0,NA,1.457910447761194,-0.0005922442396599267,0.043884994513506095,NA,NA,NA,NA,0.47727272727272724,0.9545454545454546,0.3181818181818182,0.25,1.0,0.325,NA
CONET,phaseswitch_0_05_rep42,42,4,0.5,40.0,200,0.1,2.0,0.7,100.0,0.2,0.05,0.0,0.0,NA,2.2731012658227847,-0.008846736851084764,0.02580302441824625,NA,NA,NA,NA,0.42,0.9545454545454546,0.2692307692307692,0.375,1.0,0.3,NA
CONET,phaseswitch_0_05_rep43,43,4,0.5,40.0,200,0.1,2.0,0.7,100.0,0.2,0.05,0.0,0.0,NA,1.6266279069767442,-0.0037922208673262727,0.03152914511522646,NA,NA,NA,NA,0.3925233644859813,0.9545454545454546,0.24705882352941178,0.375,1.0,0.35,NA
CONET,phaseswitch_0_05_rep44,44,4,0.5,40.0,200,0.1,2.0,0.7,100.0,0.2,0.05,0.0,0.0,NA,3.5413372093023257,-0.01395600304801756,0.01757603963040531,NA,NA,NA,NA,0.3925233644859813,0.9545454545454546,0.24705882352941178,0.375,0.6,0.47,NA
CONET,phaseswitch_0_05_rep45,45,4,0.5,40.0,200,0.1,2.0,0.7,100.0,0.2,0.05,0.0,0.0,NA,2.042089552238806,-0.006851616838414133,0.022149546362206767,NA,NA,NA,NA,0.47727272727272724,0.9545454545454546,0.3181818181818182,0.5,1.0,0.345,NA
CONET,phaseswitch_0_05_rep46,46,4,0.5,40.0,200,0.1,2.0,0.7,100.0,0.2,0.05,0.0,0.0,NA,1.3730597014925374,-0.002125195793820198,0.03275097616564528,NA,NA,NA,NA,0.47727272727272724,0.9545454545454546,0.3181818181818182,0.5,1.0,0.33,NA
CONET,phaseswitch_0_rep42,42,4,0.5,40.0,200,0.1,2.0,0.7,100.0,0.2,0.0,0.0,0.0,NA,2.2608227848101268,-0.010209424117261846,0.022356680298634694,NA,NA,NA,NA,0.42,0.9545454545454546,0.2692307692307692,0.375,1.0,0.3,NA
CONET,phaseswitch_0_rep43,43,4,0.5,40.0,200,0.1,2.0,0.7,100.0,0.2,0.0,0.0,0.0,NA,1.6266279069767442,-0.0037922208673262727,0.03152914511522646,NA,NA,NA,NA,0.3925233644859813,0.9545454545454546,0.24705882352941178,0.375,1.0,0.35,NA
CONET,phaseswitch_0_rep44,44,4,0.5,40.0,200,0.1,2.0,0.7,100.0,0.2,0.0,0.0,0.0,NA,3.5413372093023257,-0.01395600304801756,0.01757603963040531,NA,NA,NA,NA,0.3925233644859813,0.9545454545454546,0.24705882352941178,0.375,0.6,0.47,NA
CONET,phaseswitch_0_rep45,45,4,0.5,40.0,200,0.1,2.0,0.7,100.0,0.2,0.0,0.0,0.0,NA,2.042089552238806,-0.006851616838414133,0.022149546362206767,NA,NA,NA,NA,0.47727272727272724,0.9545454545454546,0.3181818181818182,0.5,1.0,0.345,NA
CONET,phaseswitch_0_rep46,46,4,0.5,40.0,200,0.1,2.0,0.7,100.0,0.2,0.0,0.0,0.0,NA,1.3730597014925374,-0.002125195793820198,0.03275097616564528,NA,NA,NA,NA,0.47727272727272724,0.9545454545454546,0.3181818181818182,0.5,1.0,0.33,NA
CONET,wgd_0_rep42,42,4,0.5,40.0,200,0.1,2.0,0.7,100.0,0.2,0.01,0.0,0.0,NA,2.2608227848101268,-0.010209424117261846,0.022356680298634694,NA,NA,NA,NA,0.42,0.9545454545454546,0.2692307692307692,0.375,1.0,0.3,NA
CONET,wgd_0_rep43,43,4,0.5,40.0,200,0.1,2.0,0.7,100.0,0.2,0.01,0.0,0.0,NA,1.5442441860465117,0.007124128462993761,0.02971262769285269,NA,NA,NA,NA,0.3925233644859813,0.9545454545454546,0.24705882352941178,0.375,1.0,0.295,NA
CONET,wgd_0_rep44,44,4,0.5,40.0,200,0.1,2.0,0.7,100.0,0.2,0.01,0.0,0.0,NA,3.430058139534884,0.01254917843311714,0.021032759972482738,NA,NA,NA,NA,0.3925233644859813,0.9545454545454546,0.24705882352941178,0.375,1.0,0.415,NA
CONET,wgd_0_rep45,45,4,0.5,40.0,200,0.1,2.0,0.7,100.0,0.2,0.01,0.0,0.0,NA,2.042089552238806,-0.006851616838414133,0.022149546362206767,NA,NA,NA,NA,0.47727272727272724,0.9545454545454546,0.3181818181818182,0.5,1.0,0.345,NA
CONET,wgd_0_rep46,46,4,0.5,40.0,200,0.1,2.0,0.7,100.0,0.2,0.01,0.0,0.0,NA,1.3730597014925374,-0.002125195793820198,0.03275097616564528,NA,NA,NA,NA,0.47727272727272724,0.9545454545454546,0.3181818181818182,0.5,1.0,0.33,NA
CONET,wgd_1_rep42,42,4,0.5,40.0,200,0.1,2.0,0.7,100.0,0.2,0.01,1.0,0.0,NA,4.5081410256410255,0.007602133620596268,0.02419626972477765,NA,NA,NA,NA,0.4242424242424242,0.9545454545454546,0.2727272727272727,0.25,0.6,0.31,NA
CONET,wgd_1_rep43,43,4,0.5,40.0,200,0.1,2.0,0.7,100.0,0.2,0.01,1.0,0.0,NA,6.890297619047619,0.007416544872084051,0.03108339763568112,NA,NA,NA,NA,0.39999999999999997,0.9545454545454546,0.25301204819277107,0.25,1.0,0.335,NA
CONET,wgd_1_rep44,44,4,0.5,40.0,200,0.1,2.0,0.7,100.0,0.2,0.01,1.0,0.0,NA,7.00830985915493,-0.006179740495082437,0.06295259038493374,NA,NA,NA,NA,0.45652173913043476,0.9545454545454546,0.3,0.25,1.0,0.45,NA
CONET,wgd_1_rep45,45,4,0.5,40.0,200,0.1,2.0,0.7,100.0,0.2,0.01,1.0,0.0,NA,5.420961538461539,0.011398965410734856,0.03782936504847129,NA,NA,NA,NA,0.4242424242424242,0.9545454545454546,0.2727272727272727,0.8333333333333334,1.0,0.395,NA
CONET,wgd_1_rep46,46,4,0.5,40.0,200,0.1,2.0,0.7,100.0,0.2,0.01,1.0,0.0,NA,5.635142857142857,-0.0009304567784682498,0.03529843813938249,NA,NA,NA,NA,0.46153846153846156,0.9545454545454546,0.30434782608695654,0.25,1.0,0.41,NA
CNRein,amplitude_1_0_rep42,42,4,0.5,40.0,200,0.1,1.0,0.7,100.0,0.2,0.01,0.0,0.0,0.28269736842105264,0.4119078947368421,-0.0016727292732862384,0.00787020920176111,0.0,NA,NA,NA,0.0,0.0,0.0,NA,NA,NA,NA
CNRein,amplitude_1_0_rep43,43,4,0.5,40.0,200,0.1,1.0,0.7,100.0,0.2,0.01,0.0,0.0,0.2615294117647059,0.3672941176470588,0.8753848691104021,0.9089151643485788,0.0,NA,NA,NA,0.028844420407427438,0.014643968515467691,0.9523809523809523,NA,NA,NA,NA
CNRein,amplitude_1_0_rep44,44,4,0.5,40.0,200,0.1,1.0,0.7,100.0,0.2,0.01,0.0,0.0,0.36630769230769233,0.8387692307692308,0.004503111814019806,0.039846514867821196,0.0,NA,NA,NA,0.0,0.0,0.0,NA,NA,NA,NA
CNRein,amplitude_1_0_rep45,45,4,0.5,40.0,200,0.1,1.0,0.7,100.0,0.2,0.01,0.0,0.0,0.36788461538461537,0.6334615384615384,0.3164854127425397,0.5342566037426131,0.0,NA,NA,NA,0.0,0.0,0.0,NA,NA,NA,NA
CNRein,amplitude_1_0_rep46,46,4,0.5,40.0,200,0.1,1.0,0.7,100.0,0.2,0.01,0.0,0.0,0.4074285714285714,0.5462857142857143,0.7543582296024299,0.840981581524928,0.10556464811783961,NA,NA,NA,0.023876404494382022,0.012084592145015106,0.9855072463768116,NA,NA,NA,NA
CNRein,amplitude_4_0_rep42,42,4,0.5,40.0,200,0.1,4.0,0.7,100.0,0.2,0.01,0.0,0.0,0.5062365591397849,1.9501075268817205,-0.001730590689001281,0.007793964749310461,0.0,NA,NA,NA,0.0,0.0,0.0,NA,NA,NA,NA
CNRein,amplitude_4_0_rep43,43,4,0.5,40.0,200,0.1,4.0,0.7,100.0,0.2,0.01,0.0,0.0,0.2911170212765957,0.7994148936170212,0.009698359062531657,0.024749649361330565,0.0,NA,NA,NA,0.0,0.0,0.0,NA,NA,NA,NA
CNRein,amplitude_4_0_rep44,44,4,0.5,40.0,200,0.1,4.0,0.7,100.0,0.2,0.01,0.0,0.0,0.4395121951219512,1.7302439024390244,-0.0022386473457085476,0.023632468120978602,0.0,NA,NA,NA,0.0,0.0,0.0,NA,NA,NA,NA
CNRein,amplitude_4_0_rep45,45,4,0.5,40.0,200,0.1,4.0,0.7,100.0,0.2,0.01,0.0,0.0,0.43923913043478263,1.3457608695652175,-0.0031209158495390044,0.006690375259620675,0.0,NA,NA,NA,0.0,0.0,0.0,NA,NA,NA,NA
CNRein,amplitude_4_0_rep46,46,4,0.5,40.0,200,0.1,4.0,0.7,100.0,0.2,0.01,0.0,0.0,0.5431578947368421,2.909473684210526,NA,NA,0.0,NA,NA,NA,0.0,0.0,0.0,NA,NA,NA,NA
CNRein,beta_0_1_rep42,42,4,0.1,40.0,200,0.1,2.0,0.7,100.0,0.2,0.01,0.0,0.0,0.426015625,0.952578125,0.8283321344674254,0.9017996153035547,0.04390471742176553,NA,NA,NA,0.021819461551997186,0.01103202846975089,0.9841269841269841,NA,NA,NA,NA
CNRein,beta_0_1_rep43,43,4,0.1,40.0,200,0.1,2.0,0.7,100.0,0.2,0.01,0.0,0.0,0.25,0.6863636363636364,0.7179435277524852,0.8451239890294631,0.0,NA,NA,NA,0.024025133986324155,0.01218369259606373,0.8552631578947368,NA,NA,NA,NA
CNRein,beta_0_1_rep44,44,4,0.1,40.0,200,0.1,2.0,0.7,100.0,0.2,0.01,0.0,0.0,0.4064084507042254,1.0711971830985916,-0.0036467526045780136,0.006200898281436658,0.0,NA,NA,NA,0.0,0.0,0.0,NA,NA,NA,NA
CNRein,beta_0_1_rep45,45,4,0.1,40.0,200,0.1,2.0,0.7,100.0,0.2,0.01,0.0,0.0,0.28341176470588236,0.4875294117647059,0.010786043568454915,0.08989478016702865,0.0,NA,NA,NA,0.0,0.0,0.0,NA,NA,NA,NA
CNRein,beta_0_1_rep46,46,4,0.1,40.0,200,0.1,2.0,0.7,100.0,0.2,0.01,0.0,0.0,0.6528688524590164,2.445655737704918,0.7398926539496972,0.756379035018964,0.0,NA,NA,NA,0.020610687022900767,0.010424710424710425,0.9,NA,NA,NA,NA
CNRein,beta_0_3_rep42,42,4,0.3,40.0,200,0.1,2.0,0.7,100.0,0.2,0.01,0.0,0.0,0.394296875,0.968359375,-0.000625643302589356,0.008568516736897368,0.0,NA,NA,NA,0.0,0.0,0.0,NA,NA,NA,NA
CNRein,beta_0_3_rep43,43,4,0.3,40.0,200,0.1,2.0,0.7,100.0,0.2,0.01,0.0,0.0,0.31344155844155847,0.9730519480519481,0.8767209091716345,0.9092116868261322,0.05114638447971781,NA,NA,NA,0.024189114898295765,0.01226537818249396,0.868421052631579,NA,NA,NA,NA
CNRein,beta_0_3_rep44,44,4,0.3,40.0,200,0.1,2.0,0.7,100.0,0.2,0.01,0.0,0.0,0.41098591549295777,1.0914084507042254,NA,NA,0.0,NA,NA,NA,0.0,0.0,0.0,NA,NA,NA,NA
CNRein,beta_0_3_rep45,45,4,0.3,40.0,200,0.1,2.0,0.7,100.0,0.2,0.01,0.0,0.0,0.284,0.4783529411764706,0.031173849455110196,0.11125822473362552,0.0,NA,NA,NA,0.0,0.0,0.0,NA,NA,NA,NA
CNRein,beta_0_3_rep46,46,4,0.3,40.0,200,0.1,2.0,0.7,100.0,0.2,0.01,0.0,0.0,0.45377049180327866,1.2824590163934426,0.7141046428484581,0.7542298754749681,0.0,NA,NA,NA,0.020634314100114636,0.010436799381522999,0.9,NA,NA,NA,NA
CNRein,beta_0_5_rep42,42,4,0.5,40.0,200,0.1,2.0,0.7,100.0,0.2,0.01,0.0,0.0,0.408671875,1.057421875,-0.0009339171296081094,0.017848089280535825,0.0,NA,NA,NA,0.0,0.0,0.0,NA,NA,NA,NA
CNRein,beta_0_5_rep43,43,4,0.5,40.0,200,0.1,2.0,0.7,100.0,0.2,0.01,0.0,0.0,0.2729220779220779,0.8303246753246754,0.8830157893239892,0.9203740303371715,0.0,NA,NA,NA,0.024029574861367836,0.012185976752905886,0.8552631578947368,NA,NA,NA,NA
CNRein,beta_0_5_rep44,44,4,0.5,40.0,200,0.1,2.0,0.7,100.0,0.2,0.01,0.0,0.0,0.4199295774647887,1.1361267605633802,NA,NA,0.0,NA,NA,NA,0.0,0.0,0.0,NA,NA,NA,NA
CNRein,beta_0_5_rep45,45,4,0.5,40.0,200,0.1,2.0,0.7,100.0,0.2,0.01,0.0,0.0,0.2858823529411765,0.48294117647058826,0.048031952917500856,0.14256916512173,0.0,NA,NA,NA,0.0,0.0,0.0,NA,NA,NA,NA
CNRein,beta_0_5_rep46,46,4,0.5,40.0,200,0.1,2.0,0.7,100.0,0.2,0.01,0.0,0.0,0.5550819672131148,1.4944262295081967,0.7113127171978006,0.7598051447407883,0.0,NA,NA,NA,0.02049335863377609,0.01036468330134357,0.9,NA,NA,NA,NA
CNRein,cells_500_rep42,42,4,0.5,40.0,500,0.1,2.0,0.7,100.0,0.2,0.01,0.0,0.0,0.431873417721519,1.1011392405063292,-0.00028734399124632956,0.007298228050366622,0.0,NA,NA,NA,0.0,0.0,0.0,NA,NA,NA,NA
CNRein,cells_500_rep43,43,4,0.5,40.0,500,0.1,2.0,0.7,100.0,0.2,0.01,0.0,0.0,0.24911627906976744,0.5983255813953489,0.00029393296059990144,0.00850675477001483,0.0,NA,NA,NA,0.0,0.0,0.0,NA,NA,NA,NA
CNRein,cells_500_rep44,44,4,0.5,40.0,500,0.1,2.0,0.7,100.0,0.2,0.01,0.0,0.0,0.5621162790697675,1.965093023255814,0.010249541985355578,0.017076577876297683,0.0,NA,NA,NA,0.0,0.0,0.0,NA,NA,NA,NA
CNRein,cells_500_rep45,45,4,0.5,40.0,500,0.1,2.0,0.7,100.0,0.2,0.01,0.0,0.0,0.45844776119402986,1.072955223880597,-0.0032515360547032022,0.008265954422469078,0.0,NA,NA,NA,0.0,0.0,0.0,NA,NA,NA,NA
CNRein,cells_500_rep46,46,4,0.5,40.0,500,0.1,2.0,0.7,100.0,0.2,0.01,0.0,0.0,0.25149253731343285,0.5220597014925373,-0.002723560796424215,0.006242171845504292,0.0,NA,NA,NA,0.0,0.0,0.0,NA,NA,NA,NA
CNRein,cells_50_rep42,42,4,0.5,40.0,50,0.1,2.0,0.7,100.0,0.2,0.01,0.0,0.0,0.7129113924050633,1.8956962025316455,0.7352516119817556,0.8548221279184075,0.15172413793103448,NA,NA,NA,0.06848520023215322,0.035866261398176294,0.7564102564102564,NA,NA,NA,NA
CNRein,cells_50_rep43,43,4,0.5,40.0,50,0.1,2.0,0.7,100.0,0.2,0.01,0.0,0.0,0.42023255813953486,1.3109302325581396,0.802875778663024,0.8958735268477609,0.08191126279863481,NA,NA,NA,0.06138107416879795,0.032454361054766734,0.5647058823529412,NA,NA,NA,NA
CNRein,cells_50_rep44,44,4,0.5,40.0,50,0.1,2.0,0.7,100.0,0.2,0.01,0.0,0.0,0.9532558139534884,3.3109302325581393,1.0,1.0000000000000002,0.10238907849829353,NA,NA,NA,0.07542857142857143,0.03963963963963964,0.7764705882352941,NA,NA,NA,NA
CNRein,cells_50_rep45,45,4,0.5,40.0,50,0.1,2.0,0.7,100.0,0.2,0.01,0.0,0.0,0.6570149253731343,1.3913432835820896,0.6143004932755596,0.809467743772104,0.3690036900369003,NA,NA,NA,0.054859868813357186,0.028553693358162633,0.696969696969697,NA,NA,NA,NA
CNRein,cells_50_rep46,46,4,0.5,40.0,50,0.1,2.0,0.7,100.0,0.2,0.01,0.0,0.0,0.5588059701492537,1.2734328358208955,0.508651989472978,0.7215606742415819,0.00690846286701209,NA,NA,NA,0.07133058984910838,0.03735632183908046,0.7878787878787878,NA,NA,NA,NA
CNRein,clone_2_rep42,42,2,0.5,40.0,200,0.1,2.0,0.7,100.0,0.2,0.01,0.0,0.0,0.41873015873015873,1.13,NA,NA,0.0,NA,NA,NA,0.0,0.0,0.0,NA,NA,NA,NA
CNRein,clone_2_rep43,43,2,0.5,40.0,200,0.1,2.0,0.7,100.0,0.2,0.01,0.0,0.0,0.38862068965517244,1.315,0.6291173733908039,0.6750606559674706,0.0,NA,NA,NA,0.019904034121201352,0.010053859964093357,0.9824561403508771,NA,NA,NA,NA
CNRein,clone_2_rep44,44,2,0.5,40.0,200,0.1,2.0,0.7,100.0,0.2,0.01,0.0,0.0,0.5781746031746032,1.805,-0.009647027342887887,0.00861647701431297,0.0,NA,NA,NA,0.0,0.0,0.0,NA,NA,NA,NA
CNRein,clone_2_rep45,45,2,0.5,40.0,200,0.1,2.0,0.7,100.0,0.2,0.01,0.0,0.0,0.4921333333333333,1.3737333333333333,0.6401083577480929,0.72765430638761,0.0,NA,NA,NA,0.0,0.0,0.0,NA,NA,NA,NA
CNRein,clone_2_rep46,46,2,0.5,40.0,200,0.1,2.0,0.7,100.0,0.2,0.01,0.0,0.0,0.18648936170212765,0.5179787234042553,0.543644994850505,0.6018191676418831,0.10104011887072809,NA,NA,NA,0.014368389543005388,0.0072507552870090634,0.782608695652174,NA,NA,NA,NA
CNRein,clone_4_rep42,42,4,0.5,40.0,200,0.1,2.0,0.7,100.0,0.2,0.01,0.0,0.0,0.408671875,1.057421875,-0.0009339171296081094,0.017848089280535825,0.0,NA,NA,NA,0.0,0.0,0.0,NA,NA,NA,NA
CNRein,clone_4_rep43,43,4,0.5,40.0,200,0.1,2.0,0.7,100.0,0.2,0.01,0.0,0.0,0.2729220779220779,0.8303246753246754,0.8830157893239892,0.9203740303371715,0.0,NA,NA,NA,0.024029574861367836,0.012185976752905886,0.8552631578947368,NA,NA,NA,NA
CNRein,clone_4_rep44,44,4,0.5,40.0,200,0.1,2.0,0.7,100.0,0.2,0.01,0.0,0.0,0.4199295774647887,1.1361267605633802,NA,NA,0.0,NA,NA,NA,0.0,0.0,0.0,NA,NA,NA,NA
CNRein,clone_4_rep45,45,4,0.5,40.0,200,0.1,2.0,0.7,100.0,0.2,0.01,0.0,0.0,0.2858823529411765,0.48294117647058826,0.048031952917500856,0.14256916512173,0.0,NA,NA,NA,0.0,0.0,0.0,NA,NA,NA,NA
CNRein,clone_4_rep46,46,4,0.5,40.0,200,0.1,2.0,0.7,100.0,0.2,0.01,0.0,0.0,0.5550819672131148,1.4944262295081967,0.7113127171978006,0.7598051447407883,0.0,NA,NA,NA,0.02049335863377609,0.01036468330134357,0.9,NA,NA,NA,NA
CNRein,clone_8_rep42,42,8,0.5,40.0,200,0.1,2.0,0.7,100.0,0.2,0.01,0.0,0.0,0.2830379746835443,0.680253164556962,0.39958423206666915,0.6671732842800844,0.018656716417910446,NA,NA,NA,0.026661862727436498,0.013520920884341312,0.9487179487179487,NA,NA,NA,NA
CNRein,clone_8_rep43,43,8,0.5,40.0,200,0.1,2.0,0.7,100.0,0.2,0.01,0.0,0.0,0.18396341463414634,0.30810975609756097,0.7384688757647007,0.8459779074076441,0.08995502248875561,NA,NA,NA,0.027896596615212946,0.014161631419939577,0.9259259259259259,NA,NA,NA,NA
CNRein,clone_8_rep44,44,8,0.5,40.0,200,0.1,2.0,0.7,100.0,0.2,0.01,0.0,0.0,0.43433823529411764,1.0816911764705883,0.7597968823421697,0.8683466558311113,0.1256931608133087,NA,NA,NA,0.02185205086870858,0.011058738216098622,0.9104477611940298,NA,NA,NA,NA
CNRein,clone_8_rep45,45,8,0.5,40.0,200,0.1,2.0,0.7,100.0,0.2,0.01,0.0,0.0,0.376875,0.5703472222222222,0.5057173717863995,0.7653633411189278,0.05067064083457526,NA,NA,NA,0.023140495867768594,0.011723111276516561,0.8873239436619719,NA,NA,NA,NA
CNRein,clone_8_rep46,46,8,0.5,40.0,200,0.1,2.0,0.7,100.0,0.2,0.01,0.0,0.0,0.47789473684210526,1.2515789473684211,0.0039627961891842665,0.017153929103199524,0.0,NA,NA,NA,0.0,0.0,0.0,NA,NA,NA,NA
CNRein,coverage_0_005_rep42,42,4,0.5,40.0,200,0.1,2.0,0.7,16.67,0.005,0.01,0.0,0.0,0.43531645569620253,1.1168354430379748,-0.0012331527351858165,0.030925478568937653,0.0,NA,NA,NA,0.0,0.0,0.0,NA,NA,NA,NA
CNRein,coverage_0_005_rep43,43,4,0.5,40.0,200,0.1,2.0,0.7,16.67,0.005,0.01,0.0,0.0,0.5915697674418605,1.643313953488372,0.8560345157148886,0.8944169661837718,0.14887282007656316,NA,NA,NA,0.028386192395304013,0.0144076840981857,0.9529411764705882,NA,NA,NA,NA
CNRein,coverage_0_005_rep44,44,4,0.5,40.0,200,0.1,2.0,0.7,16.67,0.005,0.01,0.0,0.0,0.5716279069767441,1.985813953488372,0.03928699243244923,0.06932735618373155,0.0,NA,NA,NA,0.0,0.0,0.0,NA,NA,NA,NA
CNRein,coverage_0_005_rep45,45,4,0.5,40.0,200,0.1,2.0,0.7,16.67,0.005,0.01,0.0,0.0,0.4314179104477612,1.0273880597014926,0.015677664292807068,0.0452195851892798,0.0,NA,NA,NA,0.0,0.0,0.0,NA,NA,NA,NA
CNRein,coverage_0_005_rep46,46,4,0.5,40.0,200,0.1,2.0,0.7,16.67,0.005,0.01,0.0,0.0,0.475,1.1457462686567164,0.7478712777839869,0.7673517399207203,0.10579628587507034,NA,NA,NA,0.020389586746768617,0.010318776487930717,0.8484848484848485,NA,NA,NA,NA
CNRein,coverage_0_02_rep42,42,4,0.5,40.0,200,0.1,2.0,0.7,66.67,0.02,0.01,0.0,0.0,0.4350632911392405,1.1168354430379748,0.004921181024132583,0.025499583265950275,0.0,NA,NA,NA,0.0,0.0,0.0,NA,NA,NA,NA
CNRein,coverage_0_02_rep43,43,4,0.5,40.0,200,0.1,2.0,0.7,66.67,0.02,0.01,0.0,0.0,0.2506395348837209,0.6092441860465116,0.004434951793573304,0.0161574601709192,0.0,NA,NA,NA,0.0,0.0,0.0,NA,NA,NA,NA
CNRein,coverage_0_02_rep44,44,4,0.5,40.0,200,0.1,2.0,0.7,66.67,0.02,0.01,0.0,0.0,0.5711046511627907,1.9847093023255813,0.018770315611013513,0.040491777931206945,0.0,NA,NA,NA,0.0,0.0,0.0,NA,NA,NA,NA
CNRein,coverage_0_05_rep44,44,4,0.5,40.0,200,0.1,2.0,0.7,166.67,0.05,0.01,0.0,0.0,0.5709302325581396,1.9844186046511627,-0.004880891886707075,0.0053206011124922025,0.0,NA,NA,NA,0.0,0.0,0.0,NA,NA,NA,NA
CNRein,coverage_0_05_rep45,45,4,0.5,40.0,200,0.1,2.0,0.7,166.67,0.05,0.01,0.0,0.0,0.4305970149253731,1.0249253731343284,0.000780481810228104,0.010791852736608546,0.0,NA,NA,NA,0.0,0.0,0.0,NA,NA,NA,NA
CNRein,coverage_0_05_rep46,46,4,0.5,40.0,200,0.1,2.0,0.7,166.67,0.05,0.01,0.0,0.0,0.4998507462686567,1.1676119402985075,0.8014049887307436,0.8429352307032896,0.030181086519114695,NA,NA,NA,0.02235807860262009,0.011309418625198799,0.9696969696969697,NA,NA,NA,NA
CNRein,coverage_0_1_rep42,42,4,0.5,40.0,200,0.1,2.0,0.7,333.33,0.1,0.01,0.0,0.0,0.43493670886075947,1.1163291139240505,0.003509528020381804,0.014949739118142362,0.0,NA,NA,NA,0.0,0.0,0.0,NA,NA,NA,NA
CNRein,coverage_0_1_rep43,43,4,0.5,40.0,200,0.1,2.0,0.7,333.33,0.1,0.01,0.0,0.0,0.2505232558139535,0.6090116279069767,0.004966302525707879,0.01717583740110661,0.0,NA,NA,NA,0.0,0.0,0.0,NA,NA,NA,NA
CNRein,coverage_0_1_rep44,44,4,0.5,40.0,200,0.1,2.0,0.7,333.33,0.1,0.01,0.0,0.0,0.5711627906976744,1.9848837209302326,0.013791608818064056,0.017482613919013432,0.0,NA,NA,NA,0.0,0.0,0.0,NA,NA,NA,NA
CNRein,coverage_0_1_rep45,45,4,0.5,40.0,200,0.1,2.0,0.7,333.33,0.1,0.01,0.0,0.0,0.4305970149253731,1.0249253731343284,-0.0018297716296406855,0.006937928722018307,0.0,NA,NA,NA,0.0,0.0,0.0,NA,NA,NA,NA
CNRein,coverage_0_1_rep46,46,4,0.5,40.0,200,0.1,2.0,0.7,333.33,0.1,0.01,0.0,0.0,0.4396268656716418,0.9672388059701492,0.5930967193098062,0.7441868315542798,0.14116318464144553,NA,NA,NA,0.02280186560718604,0.011532413070068146,1.0,NA,NA,NA,NA
CNRein,doublet_0_02_rep42,42,4,0.5,40.0,200,0.1,2.0,0.7,100.0,0.2,0.01,0.0,0.02,0.43493670886075947,1.109367088607595,0.0006331733768329199,0.01647074251711794,0.0,NA,NA,NA,0.0,0.0,0.0,NA,NA,NA,NA
CNRein,doublet_0_02_rep43,43,4,0.5,40.0,200,0.1,2.0,0.7,100.0,0.2,0.01,0.0,0.02,0.25296511627906976,0.6138953488372093,-0.0031808172253486667,0.006548657266968944,0.0,NA,NA,NA,0.0,0.0,0.0,NA,NA,NA,NA
CNRein,doublet_0_02_rep44,44,4,0.5,40.0,200,0.1,2.0,0.7,100.0,0.2,0.01,0.0,0.02,0.5746511627906977,1.9959302325581396,0.00494893904709943,0.013691555513871094,0.0,NA,NA,NA,0.0,0.0,0.0,NA,NA,NA,NA
CNRein,doublet_0_02_rep45,45,4,0.5,40.0,200,0.1,2.0,0.7,100.0,0.2,0.01,0.0,0.02,0.4323880597014925,1.0317910447761194,0.0035401758318652273,0.02349439438679512,0.0,NA,NA,NA,0.0,0.0,0.0,NA,NA,NA,NA
CNRein,doublet_0_02_rep46,46,4,0.5,40.0,200,0.1,2.0,0.7,100.0,0.2,0.01,0.0,0.02,0.3997014925373134,0.8895522388059701,0.8249087048088005,0.8511918831987414,0.0716921454928835,NA,NA,NA,0.021558579254285212,0.010906490255676738,0.9242424242424242,NA,NA,NA,NA
CNRein,doublet_0_05_rep42,42,4,0.5,40.0,200,0.1,2.0,0.7,100.0,0.2,0.01,0.0,0.05,0.43493670886075947,1.1062025316455697,0.0022477373978803876,0.026025152877968378,0.0,NA,NA,NA,0.0,0.0,0.0,NA,NA,NA,NA
CNRein,doublet_0_05_rep43,43,4,0.5,40.0,200,0.1,2.0,0.7,100.0,0.2,0.01,0.0,0.05,0.25313953488372093,0.6088372093023255,0.007200732620448766,0.020307512617752675,0.0,NA,NA,NA,0.0,0.0,0.0,NA,NA,NA,NA
CNRein,doublet_0_05_rep44,44,4,0.5,40.0,200,0.1,2.0,0.7,100.0,0.2,0.01,0.0,0.05,0.5768604651162791,2.0090697674418605,0.004240042357505976,0.024989945878248897,0.0,NA,NA,NA,0.0,0.0,0.0,NA,NA,NA,NA
CNRein,doublet_0_05_rep45,45,4,0.5,40.0,200,0.1,2.0,0.7,100.0,0.2,0.01,0.0,0.05,0.42388059701492536,1.012089552238806,-0.0006800382329345532,0.028676269428243785,0.0,NA,NA,NA,0.0,0.0,0.0,NA,NA,NA,NA
CNRein,doublet_0_05_rep46,46,4,0.5,40.0,200,0.1,2.0,0.7,100.0,0.2,0.01,0.0,0.05,0.5242537313432836,1.5009701492537313,0.7903467133320983,0.8228455021487119,0.053699284009546544,NA,NA,NA,0.021673476638834604,0.010965306489304332,0.9242424242424242,NA,NA,NA,NA
CNRein,events_10_rep42,42,4,0.5,10.0,200,0.1,2.0,0.7,100.0,0.2,0.01,0.0,0.0,0.1481818181818182,0.263030303030303,0.07513890762098872,0.2232254281194208,0.2780373831775701,NA,NA,NA,0.010607915136678909,0.0053388090349075976,0.8125,NA,NA,NA,NA
CNRein,events_10_rep43,43,4,0.5,10.0,200,0.1,2.0,0.7,100.0,0.2,0.01,0.0,0.0,0.185125,0.496625,0.6862665111585705,0.796569065844857,0.19277108433734938,NA,NA,NA,0.01081081081081081,0.005447941888619854,0.6923076923076923,NA,NA,NA,NA
CNRein,events_10_rep44,44,4,0.5,10.0,200,0.1,2.0,0.7,100.0,0.2,0.01,0.0,0.0,0.3232051282051282,0.6298717948717949,0.8063712776682872,0.8289567692093396,0.3383947939262473,NA,NA,NA,0.012153437143942271,0.00612088752869166,0.8421052631578947,NA,NA,NA,NA
CNRein,events_10_rep45,45,4,0.5,10.0,200,0.1,2.0,0.7,100.0,0.2,0.01,0.0,0.0,0.18958333333333333,0.35986111111111113,0.7110181030317504,0.8023287032165805,0.0,NA,NA,NA,0.01185241827566431,0.00596612779060816,0.8857142857142857,NA,NA,NA,NA
CNRein,events_10_rep46,46,4,0.5,10.0,200,0.1,2.0,0.7,100.0,0.2,0.01,0.0,0.0,0.269875,0.453875,0.48867286284608713,0.5970193730228103,0.07307692307692308,NA,NA,NA,0.013341181086913872,0.006722024515618822,0.8717948717948718,NA,NA,NA,NA
CNRein,events_80_rep42,42,4,0.5,80.0,200,0.1,2.0,0.7,100.0,0.2,0.01,0.0,0.0,0.5423722627737226,1.5714233576642336,0.3024282530389987,0.46569586604230373,0.0,NA,NA,NA,0.0,0.0,0.0,NA,NA,NA,NA
CNRein,events_80_rep43,43,4,0.5,80.0,200,0.1,2.0,0.7,100.0,0.2,0.01,0.0,0.0,0.46386524822695036,1.322517730496454,-0.004700214423991404,0.01433430729202653,0.0,NA,NA,NA,0.0,0.0,0.0,NA,NA,NA,NA
CNRein,events_80_rep44,44,4,0.5,80.0,200,0.1,2.0,0.7,100.0,0.2,0.01,0.0,0.0,0.9327692307692308,2.605384615384615,-0.0015253390972454976,0.007718362772043039,0.0,NA,NA,NA,0.0,0.0,0.0,NA,NA,NA,NA
CNRein,events_80_rep45,45,4,0.5,80.0,200,0.1,2.0,0.7,100.0,0.2,0.01,0.0,0.0,0.6826771653543308,1.5363779527559056,-0.0033151875506245983,0.031184823853662873,0.0,NA,NA,NA,0.0,0.0,0.0,NA,NA,NA,NA
CNRein,events_80_rep46,46,4,0.5,80.0,200,0.1,2.0,0.7,100.0,0.2,0.01,0.0,0.0,0.4040776699029126,0.9169902912621359,0.0015490602047942659,0.010845826305872537,0.0,NA,NA,NA,0.0,0.0,0.0,NA,NA,NA,NA
CNRein,focal_0_3_rep42,42,4,0.5,40.0,200,0.1,2.0,0.3,100.0,0.2,0.01,0.0,0.0,0.5801666666666667,1.3223333333333334,0.3640597660106018,0.5695556273757547,0.05951307484220018,NA,NA,NA,0.0,0.0,0.0,NA,NA,NA,NA
CNRein,focal_0_3_rep43,43,4,0.5,40.0,200,0.1,2.0,0.3,100.0,0.2,0.01,0.0,0.0,0.4354310344827586,1.2257758620689656,0.011579718348948647,0.028153379966315662,0.0,NA,NA,NA,0.0,0.0,0.0,NA,NA,NA,NA
CNRein,focal_0_3_rep44,44,4,0.5,40.0,200,0.1,2.0,0.3,100.0,0.2,0.01,0.0,0.0,0.8154545454545454,2.4724242424242426,0.6385057862763039,0.6712505556920787,0.0,NA,NA,NA,0.0,0.0,0.0,NA,NA,NA,NA
CNRein,focal_0_3_rep45,45,4,0.5,40.0,200,0.1,2.0,0.3,100.0,0.2,0.01,0.0,0.0,0.8128688524590164,2.1771311475409836,-0.003898903587193991,0.006187682330072318,0.0,NA,NA,NA,0.0,0.0,0.0,NA,NA,NA,NA
CNRein,focal_0_3_rep46,46,4,0.5,40.0,200,0.1,2.0,0.3,100.0,0.2,0.01,0.0,0.0,0.6561458333333333,2.2546875,0.10074245888782485,0.2011657905068923,0.0,NA,NA,NA,0.0,0.0,0.0,NA,NA,NA,NA
CNRein,focal_1_0_rep42,42,4,0.5,40.0,200,0.1,2.0,1.0,100.0,0.2,0.01,0.0,0.0,0.38148936170212766,0.9531914893617022,0.0005499699713358108,0.0296933920829832,0.0,NA,NA,NA,0.0,0.0,0.0,NA,NA,NA,NA
CNRein,focal_1_0_rep43,43,4,0.5,40.0,200,0.1,2.0,1.0,100.0,0.2,0.01,0.0,0.0,0.3025294117647059,0.9384117647058824,0.29706036283035775,0.5521676242463969,0.11737451737451737,NA,NA,NA,0.028642149929278642,0.01453697056712132,0.9642857142857143,NA,NA,NA,NA
CNRein,focal_1_0_rep44,44,4,0.5,40.0,200,0.1,2.0,1.0,100.0,0.2,0.01,0.0,0.0,0.425989010989011,1.3557692307692308,-0.0029687993854256513,0.005545094924537368,0.0,NA,NA,NA,0.0,0.0,0.0,NA,NA,NA,NA
CNRein,focal_1_0_rep45,45,4,0.5,40.0,200,0.1,2.0,1.0,100.0,0.2,0.01,0.0,0.0,0.25043650793650796,0.5244047619047619,NA,NA,0.0,NA,NA,NA,0.0,0.0,0.0,NA,NA,NA,NA
CNRein,focal_1_0_rep46,46,4,0.5,40.0,200,0.1,2.0,1.0,100.0,0.2,0.01,0.0,0.0,0.2550595238095238,0.5675595238095238,0.7301215282022563,0.7631288161529417,0.0,NA,NA,NA,0.0275049115913556,0.013959390862944163,0.927710843373494,NA,NA,NA,NA
CNRein,normal_0_0_rep42,42,4,0.5,40.0,200,0.0,2.0,0.7,100.0,0.2,0.01,0.0,0.0,0.48348101265822785,1.2322151898734177,-0.001725056198234032,0.021979821556819185,0.0,NA,NA,NA,0.0,0.0,0.0,NA,NA,NA,NA
CNRein,normal_0_0_rep43,43,4,0.5,40.0,200,0.0,2.0,0.7,100.0,0.2,0.01,0.0,0.0,0.2778488372093023,0.6723837209302326,-0.003043360759353934,0.0054665939181860876,0.0,NA,NA,NA,0.0,0.0,0.0,NA,NA,NA,NA
CNRein,normal_0_0_rep44,44,4,0.5,40.0,200,0.0,2.0,0.7,100.0,0.2,0.01,0.0,0.0,0.6323255813953489,2.201279069767442,0.009632421756011684,0.014978232183910745,0.0,NA,NA,NA,0.0,0.0,0.0,NA,NA,NA,NA
CNRein,normal_0_0_rep45,45,4,0.5,40.0,200,0.0,2.0,0.7,100.0,0.2,0.01,0.0,0.0,0.49417910447761193,1.175820895522388,-0.01649467486171222,0.023645188401491775,0.0,NA,NA,NA,0.0,0.0,0.0,NA,NA,NA,NA
CNRein,normal_0_0_rep46,46,4,0.5,40.0,200,0.0,2.0,0.7,100.0,0.2,0.01,0.0,0.0,0.37850746268656715,0.8404477611940299,0.9068582957986935,0.9228408066361864,0.007020623080298377,NA,NA,NA,0.021701085054252712,0.010977337110481586,0.9393939393939394,NA,NA,NA,NA
CNRein,normal_0_3_rep42,42,4,0.5,40.0,200,0.3,2.0,0.7,100.0,0.2,0.01,0.0,0.0,0.33772151898734176,0.8688607594936709,-0.001810145722747561,0.016978564686021883,0.0,NA,NA,NA,0.0,0.0,0.0,NA,NA,NA,NA
CNRein,normal_0_3_rep43,43,4,0.5,40.0,200,0.3,2.0,0.7,100.0,0.2,0.01,0.0,0.0,0.2958720930232558,0.7101744186046511,0.664067429947173,0.8349362842175572,0.17076326002587322,NA,NA,NA,0.028465998945703744,0.014448804851944346,0.9529411764705882,NA,NA,NA,NA
CNRein,normal_0_3_rep44,44,4,0.5,40.0,200,0.3,2.0,0.7,100.0,0.2,0.01,0.0,0.0,0.4530232558139535,1.5866279069767442,0.005384413126879907,0.015665380937655474,0.0,NA,NA,NA,0.0,0.0,0.0,NA,NA,NA,NA
CNRein,normal_0_3_rep45,45,4,0.5,40.0,200,0.3,2.0,0.7,100.0,0.2,0.01,0.0,0.0,0.3402985074626866,0.8114925373134328,-0.005541751238205105,0.009148122003303547,0.0,NA,NA,NA,0.0,0.0,0.0,NA,NA,NA,NA
CNRein,normal_0_3_rep46,46,4,0.5,40.0,200,0.3,2.0,0.7,100.0,0.2,0.01,0.0,0.0,0.27873134328358207,0.621268656716418,0.7124955951548659,0.8559188163004002,0.0,NA,NA,NA,0.020076656324146742,0.010160724182523555,0.8333333333333334,NA,NA,NA,NA
CNRein,phaseswitch_0_05_rep42,42,4,0.5,40.0,200,0.1,2.0,0.7,100.0,0.2,0.05,0.0,0.0,0.434873417721519,1.116012658227848,-0.0013520420565229787,0.008110216365548185,0.0,NA,NA,NA,0.0,0.0,0.0,NA,NA,NA,NA
CNRein,phaseswitch_0_05_rep43,43,4,0.5,40.0,200,0.1,2.0,0.7,100.0,0.2,0.05,0.0,0.0,0.2505232558139535,0.6090116279069767,-0.0030812626766201865,0.006621369597197387,0.0,NA,NA,NA,0.0,0.0,0.0,NA,NA,NA,NA
CNRein,phaseswitch_0_05_rep44,44,4,0.5,40.0,200,0.1,2.0,0.7,100.0,0.2,0.05,0.0,0.0,0.5711046511627907,1.9849418604651163,-0.0022043635907871644,0.01592268018860669,0.0,NA,NA,NA,0.0,0.0,0.0,NA,NA,NA,NA
CNRein,phaseswitch_0_05_rep45,45,4,0.5,40.0,200,0.1,2.0,0.7,100.0,0.2,0.05,0.0,0.0,0.43044776119402983,1.0246268656716417,-0.003966554634207533,0.006241161081513875,0.0,NA,NA,NA,0.0,0.0,0.0,NA,NA,NA,NA
CNRein,phaseswitch_0_05_rep46,46,4,0.5,40.0,200,0.1,2.0,0.7,100.0,0.2,0.05,0.0,0.0,0.35253731343283584,0.8214925373134329,0.554781223580577,0.7252614521584643,0.08066429418742586,NA,NA,NA,0.021573828470380196,0.010914295938450528,0.9242424242424242,NA,NA,NA,NA
CNRein,phaseswitch_0_rep42,42,4,0.5,40.0,200,0.1,2.0,0.7,100.0,0.2,0.0,0.0,0.0,0.434873417721519,1.116012658227848,-0.0013520420565229787,0.008110216365548185,0.0,NA,NA,NA,0.0,0.0,0.0,NA,NA,NA,NA
CNRein,phaseswitch_0_rep43,43,4,0.5,40.0,200,0.1,2.0,0.7,100.0,0.2,0.0,0.0,0.0,0.2505232558139535,0.6090116279069767,-0.0030812626766201865,0.006621369597197387,0.0,NA,NA,NA,0.0,0.0,0.0,NA,NA,NA,NA
CNRein,phaseswitch_0_rep44,44,4,0.5,40.0,200,0.1,2.0,0.7,100.0,0.2,0.0,0.0,0.0,0.571046511627907,1.9846511627906978,-0.0022499342596362334,0.006163020194332158,0.0,NA,NA,NA,0.0,0.0,0.0,NA,NA,NA,NA
CNRein,phaseswitch_0_rep45,45,4,0.5,40.0,200,0.1,2.0,0.7,100.0,0.2,0.0,0.0,0.0,0.43044776119402983,1.0246268656716417,-0.003966554634207533,0.006241161081513875,0.0,NA,NA,NA,0.0,0.0,0.0,NA,NA,NA,NA
CNRein,phaseswitch_0_rep46,46,4,0.5,40.0,200,0.1,2.0,0.7,100.0,0.2,0.0,0.0,0.0,0.4102985074626866,0.9650746268656717,0.554781223580577,0.7252614521584643,0.05581395348837209,NA,NA,NA,0.021581461171059614,0.010918202971183103,0.9242424242424242,NA,NA,NA,NA
CNRein,wgd_0_rep42,42,4,0.5,40.0,200,0.1,2.0,0.7,100.0,0.2,0.01,0.0,0.0,0.434873417721519,1.116012658227848,-0.0013520420565229787,0.008110216365548185,0.0,NA,NA,NA,0.0,0.0,0.0,NA,NA,NA,NA
CNRein,wgd_0_rep43,43,4,0.5,40.0,200,0.1,2.0,0.7,100.0,0.2,0.01,0.0,0.0,0.2505232558139535,0.6090116279069767,-0.0030812626766201865,0.006621369597197387,0.0,NA,NA,NA,0.0,0.0,0.0,NA,NA,NA,NA
CNRein,wgd_0_rep44,44,4,0.5,40.0,200,0.1,2.0,0.7,100.0,0.2,0.01,0.0,0.0,0.571046511627907,1.9846511627906978,-0.0022499342596362334,0.006163020194332158,0.0,NA,NA,NA,0.0,0.0,0.0,NA,NA,NA,NA
CNRein,wgd_0_rep45,45,4,0.5,40.0,200,0.1,2.0,0.7,100.0,0.2,0.01,0.0,0.0,0.43044776119402983,1.0246268656716417,-0.003966554634207533,0.006241161081513875,0.0,NA,NA,NA,0.0,0.0,0.0,NA,NA,NA,NA
CNRein,wgd_0_rep46,46,4,0.5,40.0,200,0.1,2.0,0.7,100.0,0.2,0.01,0.0,0.0,0.4102985074626866,0.9650746268656717,0.554781223580577,0.7252614521584643,0.05581395348837209,NA,NA,NA,0.021581461171059614,0.010918202971183103,0.9242424242424242,NA,NA,NA,NA
CNRein,wgd_1_rep42,42,4,0.5,40.0,200,0.1,2.0,0.7,100.0,0.2,0.01,1.0,0.0,0.9893589743589744,2.325128205128205,0.09436300585621152,0.1760885909558803,0.0,NA,NA,NA,0.0,0.0,0.0,NA,NA,NA,NA
CNRein,wgd_1_rep43,43,4,0.5,40.0,200,0.1,2.0,0.7,100.0,0.2,0.01,1.0,0.0,1.4085119047619048,3.3417261904761904,0.8649684813364727,0.8469676081850349,0.06524102935846322,NA,NA,NA,0.027812444285968976,0.014115092290988056,0.9397590361445783,NA,NA,NA,NA
CNRein,wgd_1_rep44,44,4,0.5,40.0,200,0.1,2.0,0.7,100.0,0.2,0.01,1.0,0.0,1.54,3.936619718309859,0.4893319890250359,0.6067832963542059,0.19212218649517684,NA,NA,NA,0.02392344497607655,0.012117822520507084,0.9285714285714286,NA,NA,NA,NA
CNRein,wgd_1_rep45,45,4,0.5,40.0,200,0.1,2.0,0.7,100.0,0.2,0.01,1.0,0.0,1.1940384615384616,2.7037820512820514,0.6439453686224537,0.7943663501406901,0.2652970075926753,NA,NA,NA,0.02651058702014116,0.013433356594556873,1.0,NA,NA,NA,NA
CNRein,wgd_1_rep46,46,4,0.5,40.0,200,0.1,2.0,0.7,100.0,0.2,0.01,1.0,0.0,1.3029285714285714,2.6220714285714286,0.7805753210420038,0.8357096105386418,0.11897356143079317,NA,NA,NA,0.021517343721016505,0.010898158586997369,0.8405797101449275,NA,NA,NA,NA
